ISO-10303-21;
HEADER;
FILE_DESCRIPTION (( 'STEP AP214' ),
    '1' );
FILE_NAME ('WS2812C-2020.STEP',
    '2025-02-25T19:45:08',
    ( '' ),
    ( '' ),
    'SwSTEP 2.0',
    'SolidWorks 2021',
    '' );
FILE_SCHEMA (( 'AUTOMOTIVE_DESIGN' ));
ENDSEC;

DATA;
#1 = CARTESIAN_POINT ( 'NONE',  ( 0.7250000000000010880, 0.2800000000000000266, -1.694137590231911097E-15 ) ) ;
#2 = ORIENTED_EDGE ( 'NONE', *, *, #1233, .T. ) ;
#3 = DIRECTION ( 'NONE',  ( -1.000000000000000000, 0.000000000000000000, -0.000000000000000000 ) ) ;
#4 = ORIENTED_EDGE ( 'NONE', *, *, #1181, .F. ) ;
#5 = DIRECTION ( 'NONE',  ( 1.000000000000000000, 0.000000000000000000, 0.000000000000000000 ) ) ;
#6 = ORIENTED_EDGE ( 'NONE', *, *, #2053, .F. ) ;
#7 = CARTESIAN_POINT ( 'NONE',  ( -0.09999999999999982514, 0.005000000000000000104, -1.000000000000000000 ) ) ;
#8 = ORIENTED_EDGE ( 'NONE', *, *, #1983, .T. ) ;
#9 = PLANE ( 'NONE',  #3336 ) ;
#10 = VECTOR ( 'NONE', #2586, 1000.000000000000000 ) ;
#11 = EDGE_CURVE ( 'NONE', #711, #1713, #3318, .T. ) ;
#12 = DIRECTION ( 'NONE',  ( 1.084202172485504434E-16, 0.000000000000000000, -1.000000000000000000 ) ) ;
#13 = ORIENTED_EDGE ( 'NONE', *, *, #1897, .T. ) ;
#14 = EDGE_CURVE ( 'NONE', #1239, #2102, #1482, .T. ) ;
#15 = FACE_OUTER_BOUND ( 'NONE', #2062, .T. ) ;
#16 = EDGE_CURVE ( 'NONE', #583, #2444, #1027, .T. ) ;
#17 = CARTESIAN_POINT ( 'NONE',  ( -0.5149999999999997913, 0.005000000000000000104, 1.000000000000000222 ) ) ;
#18 = ORIENTED_EDGE ( 'NONE', *, *, #1277, .T. ) ;
#19 = DIRECTION ( 'NONE',  ( 0.000000000000000000, 0.000000000000000000, 1.000000000000000000 ) ) ;
#20 = PRODUCT_CONTEXT ( 'NONE', #2373, 'mechanical' ) ;
#21 = DIRECTION ( 'NONE',  ( 0.000000000000000000, -1.000000000000000000, 0.000000000000000000 ) ) ;
#22 = AXIS2_PLACEMENT_3D ( 'NONE', #1510, #2218, #3052 ) ;
#23 = ORIENTED_EDGE ( 'NONE', *, *, #2642, .T. ) ;
#24 = DIRECTION ( 'NONE',  ( 0.000000000000000000, 0.000000000000000000, 1.000000000000000000 ) ) ;
#25 = ORIENTED_EDGE ( 'NONE', *, *, #851, .F. ) ;
#26 = ADVANCED_FACE ( 'NONE', ( #1760 ), #975, .T. ) ;
#27 = VECTOR ( 'NONE', #2266, 1000.000000000000000 ) ;
#28 = CARTESIAN_POINT ( 'NONE',  ( 1.099999999999999867, 0.000000000000000000, -1.000000000000000000 ) ) ;
#29 = ADVANCED_FACE ( 'NONE', ( #3330 ), #1013, .F. ) ;
#30 = DIRECTION ( 'NONE',  ( 3.614007241618347785E-16, 0.000000000000000000, 1.000000000000000000 ) ) ;
#31 = VERTEX_POINT ( 'NONE', #995 ) ;
#32 = DIRECTION ( 'NONE',  ( 0.000000000000000000, 0.000000000000000000, 1.000000000000000000 ) ) ;
#33 = DIRECTION ( 'NONE',  ( 9.293161478447181990E-16, -0.000000000000000000, -1.000000000000000000 ) ) ;
#34 = ORIENTED_EDGE ( 'NONE', *, *, #1114, .T. ) ;
#35 = DIRECTION ( 'NONE',  ( 1.519909587596503135E-16, -0.000000000000000000, 1.000000000000000000 ) ) ;
#36 = VECTOR ( 'NONE', #2054, 1000.000000000000000 ) ;
#37 = CARTESIAN_POINT ( 'NONE',  ( -0.7250000000000005329, 0.04999999999999999584, 0.000000000000000000 ) ) ;
#38 = DIRECTION ( 'NONE',  ( 0.000000000000000000, 0.000000000000000000, 1.000000000000000000 ) ) ;
#39 = ORIENTED_EDGE ( 'NONE', *, *, #2332, .T. ) ;
#40 = LINE ( 'NONE', #852, #351 ) ;
#41 = UNCERTAINTY_MEASURE_WITH_UNIT (LENGTH_MEASURE( 1.000000000000000082E-05 ), #2344, 'distance_accuracy_value', 'NONE');
#42 = ORIENTED_EDGE ( 'NONE', *, *, #2682, .F. ) ;
#43 = LINE ( 'NONE', #3171, #1543 ) ;
#44 = ORIENTED_EDGE ( 'NONE', *, *, #165, .T. ) ;
#45 = LINE ( 'NONE', #839, #1731 ) ;
#46 = MANIFOLD_SOLID_BREP ( 'Boss-Extrude4[1]', #2710 ) ;
#47 = VECTOR ( 'NONE', #1474, 1000.000000000000000 ) ;
#48 = EDGE_LOOP ( 'NONE', ( #2711, #1768, #359, #1813 ) ) ;
#49 = CYLINDRICAL_SURFACE ( 'NONE', #1437, 0.3000000000000005440 ) ;
#50 = ORIENTED_EDGE ( 'NONE', *, *, #660, .F. ) ;
#51 = DIRECTION ( 'NONE',  ( -1.000000000000000000, 0.000000000000000000, 1.519909587596503135E-16 ) ) ;
#52 = CARTESIAN_POINT ( 'NONE',  ( -0.7250000000000005329, 0.2800000000000000266, -0.000000000000000000 ) ) ;
#53 = DIRECTION ( 'NONE',  ( -1.000000000000000000, 0.000000000000000000, -4.053092233590671740E-16 ) ) ;
#54 = ORIENTED_EDGE ( 'NONE', *, *, #436, .F. ) ;
#55 = ADVANCED_FACE ( 'NONE', ( #1303 ), #1254, .T. ) ;
#56 = EDGE_CURVE ( 'NONE', #1293, #1135, #1632, .T. ) ;
#57 = EDGE_CURVE ( 'NONE', #2444, #2471, #3347, .T. ) ;
#58 = DIRECTION ( 'NONE',  ( -0.000000000000000000, -1.000000000000000000, -0.000000000000000000 ) ) ;
#59 = DIRECTION ( 'NONE',  ( 0.000000000000000000, 0.000000000000000000, 1.000000000000000000 ) ) ;
#60 = VERTEX_POINT ( 'NONE', #511 ) ;
#61 = CARTESIAN_POINT ( 'NONE',  ( -0.5650000000000008349, 0.000000000000000000, -0.9000000000000004663 ) ) ;
#62 = AXIS2_PLACEMENT_3D ( 'NONE', #1757, #2783, #472 ) ;
#63 = DIRECTION ( 'NONE',  ( 0.000000000000000000, -1.000000000000000000, 0.000000000000000000 ) ) ;
#64 = EDGE_LOOP ( 'NONE', ( #3160, #2041, #816, #3341 ) ) ;
#65 = PLANE ( 'NONE',  #2811 ) ;
#66 = AXIS2_PLACEMENT_3D ( 'NONE', #2191, #382, #2174 ) ;
#67 = PLANE ( 'NONE',  #2669 ) ;
#68 = ADVANCED_FACE ( 'NONE', ( #2260 ), #1540, .T. ) ;
#69 = DIRECTION ( 'NONE',  ( 0.000000000000000000, 1.000000000000000000, -0.000000000000000000 ) ) ;
#70 = AXIS2_PLACEMENT_3D ( 'NONE', #910, #1942, #653 ) ;
#71 = AXIS2_PLACEMENT_3D ( 'NONE', #3104, #229, #2307 ) ;
#72 = ORIENTED_EDGE ( 'NONE', *, *, #2386, .F. ) ;
#73 = ADVANCED_FACE ( 'NONE', ( #198 ), #3299, .T. ) ;
#74 = AXIS2_PLACEMENT_3D ( 'NONE', #2286, #2224, #142 ) ;
#75 = CARTESIAN_POINT ( 'NONE',  ( -0.7250000000000004219, 0.2800000000000000266, -1.434091688094081277E-16 ) ) ;
#76 = AXIS2_PLACEMENT_3D ( 'NONE', #2657, #340, #2413 ) ;
#77 = ADVANCED_FACE ( 'NONE', ( #325 ), #2854, .F. ) ;
#78 = VECTOR ( 'NONE', #1997, 1000.000000000000000 ) ;
#79 = VECTOR ( 'NONE', #596, 1000.000000000000000 ) ;
#80 = CARTESIAN_POINT ( 'NONE',  ( -0.7250000000000000888, 4.150323865407125723, -1.000000000000000000 ) ) ;
#81 = ORIENTED_EDGE ( 'NONE', *, *, #2232, .T. ) ;
#82 = LINE ( 'NONE', #2955, #1026 ) ;
#83 = ORIENTED_EDGE ( 'NONE', *, *, #811, .F. ) ;
#84 = CARTESIAN_POINT ( 'NONE',  ( 0.5650000000000000577, 0.05000000000000000278, 0.2000000000000002609 ) ) ;
#85 = ORIENTED_EDGE ( 'NONE', *, *, #3359, .F. ) ;
#86 = DIRECTION ( 'NONE',  ( 0.000000000000000000, 1.000000000000000000, -0.000000000000000000 ) ) ;
#87 = EDGE_CURVE ( 'NONE', #461, #1592, #2136, .T. ) ;
#88 = CARTESIAN_POINT ( 'NONE',  ( -1.100000000000000089, 0.2800000000000000266, 0.8999999999999995781 ) ) ;
#89 = CARTESIAN_POINT ( 'NONE',  ( 0.7249999999999993117, 0.04999999999999999584, 0.4156249999999997446 ) ) ;
#90 = VERTEX_POINT ( 'NONE', #599 ) ;
#91 = EDGE_CURVE ( 'NONE', #2679, #1390, #585, .T. ) ;
#92 = VECTOR ( 'NONE', #1432, 1000.000000000000000 ) ;
#93 = CARTESIAN_POINT ( 'NONE',  ( -1.100000000000000311, 0.000000000000000000, -0.2999999999999999334 ) ) ;
#94 = ORIENTED_EDGE ( 'NONE', *, *, #1310, .F. ) ;
#95 = CIRCLE ( 'NONE', #370, 0.3000000000000005440 ) ;
#96 = EDGE_LOOP ( 'NONE', ( #3139, #866, #42, #2268 ) ) ;
#97 = DIRECTION ( 'NONE',  ( 0.000000000000000000, 0.000000000000000000, 1.000000000000000000 ) ) ;
#98 = DIRECTION ( 'NONE',  ( 0.000000000000000000, 0.000000000000000000, 1.000000000000000000 ) ) ;
#99 = EDGE_LOOP ( 'NONE', ( #1481, #2154, #2084, #2541 ) ) ;
#100 = DIRECTION ( 'NONE',  ( -0.000000000000000000, -1.000000000000000000, 0.000000000000000000 ) ) ;
#101 = VERTEX_POINT ( 'NONE', #3128 ) ;
#102 = CARTESIAN_POINT ( 'NONE',  ( -0.5649999999999998357, 0.05000000000000000278, 0.2000000000000001221 ) ) ;
#103 = ORIENTED_EDGE ( 'NONE', *, *, #621, .F. ) ;
#104 = CARTESIAN_POINT ( 'NONE',  ( 0.5650000000000012790, 0.04999999999999999584, -0.9000000000000003553 ) ) ;
#105 = PLANE ( 'NONE',  #469 ) ;
#106 = DIRECTION ( 'NONE',  ( -1.000000000000000000, -0.000000000000000000, -4.053092233590673219E-16 ) ) ;
#107 = ORIENTED_EDGE ( 'NONE', *, *, #146, .T. ) ;
#108 = DIRECTION ( 'NONE',  ( 0.000000000000000000, 0.000000000000000000, 1.000000000000000000 ) ) ;
#109 = DIRECTION ( 'NONE',  ( -0.000000000000000000, -1.000000000000000000, -0.000000000000000000 ) ) ;
#110 = DIRECTION ( 'NONE',  ( -0.000000000000000000, -1.000000000000000000, 0.000000000000000000 ) ) ;
#111 = EDGE_CURVE ( 'NONE', #2248, #675, #2882, .T. ) ;
#112 = EDGE_LOOP ( 'NONE', ( #4, #1459, #706, #1327, #1351 ) ) ;
#113 = DIRECTION ( 'NONE',  ( -0.000000000000000000, 1.000000000000000000, -0.000000000000000000 ) ) ;
#114 = EDGE_CURVE ( 'NONE', #138, #2545, #336, .T. ) ;
#115 = ORIENTED_EDGE ( 'NONE', *, *, #2111, .T. ) ;
#116 = PLANE ( 'NONE',  #3085 ) ;
#117 = CARTESIAN_POINT ( 'NONE',  ( -1.100000000000000089, 0.2800000000000000266, 0.8999999999999995781 ) ) ;
#118 = CARTESIAN_POINT ( 'NONE',  ( 0.5650000000000012790, 0.000000000000000000, -0.9000000000000003553 ) ) ;
#119 = VERTEX_POINT ( 'NONE', #1868 ) ;
#120 = DIRECTION ( 'NONE',  ( 0.000000000000000000, 0.000000000000000000, -1.000000000000000000 ) ) ;
#121 = FACE_OUTER_BOUND ( 'NONE', #152, .T. ) ;
#122 = ORIENTED_EDGE ( 'NONE', *, *, #3361, .T. ) ;
#123 = AXIS2_PLACEMENT_3D ( 'NONE', #2888, #1638, #3162 ) ;
#124 = EDGE_CURVE ( 'NONE', #3070, #536, #2868, .T. ) ;
#125 = VECTOR ( 'NONE', #643, 1000.000000000000000 ) ;
#126 = LINE ( 'NONE', #449, #2852 ) ;
#127 = AXIS2_PLACEMENT_3D ( 'NONE', #1524, #2890, #3152 ) ;
#128 = DIRECTION ( 'NONE',  ( 0.000000000000000000, 1.000000000000000000, 0.000000000000000000 ) ) ;
#129 = LINE ( 'NONE', #3235, #2352 ) ;
#130 = VECTOR ( 'NONE', #232, 1000.000000000000000 ) ;
#131 = ORIENTED_EDGE ( 'NONE', *, *, #2591, .T. ) ;
#132 = PLANE ( 'NONE',  #2482 ) ;
#133 = EDGE_CURVE ( 'NONE', #2741, #589, #1611, .T. ) ;
#134 = ORIENTED_EDGE ( 'NONE', *, *, #2012, .F. ) ;
#135 = CARTESIAN_POINT ( 'NONE',  ( -0.7250000000000004219, 0.04999999999999999584, 0.4156249999999997446 ) ) ;
#136 = VERTEX_POINT ( 'NONE', #1585 ) ;
#137 = ORIENTED_EDGE ( 'NONE', *, *, #56, .T. ) ;
#138 = VERTEX_POINT ( 'NONE', #2347 ) ;
#139 = PLANE ( 'NONE',  #641 ) ;
#140 = MANIFOLD_SOLID_BREP ( 'Boss-Extrude4[2]', #775 ) ;
#141 = CARTESIAN_POINT ( 'NONE',  ( -1.100000000000000089, 0.000000000000000000, 1.000000000000000222 ) ) ;
#142 = DIRECTION ( 'NONE',  ( 0.000000000000000000, 0.000000000000000000, 1.000000000000000000 ) ) ;
#143 = EDGE_LOOP ( 'NONE', ( #2446, #542, #1908, #1191 ) ) ;
#144 = LINE ( 'NONE', #386, #2947 ) ;
#145 = DIRECTION ( 'NONE',  ( -2.168404344970996641E-15, 0.000000000000000000, -1.000000000000000000 ) ) ;
#146 = EDGE_CURVE ( 'NONE', #1608, #589, #1641, .T. ) ;
#147 = VECTOR ( 'NONE', #1087, 1000.000000000000000 ) ;
#148 = CARTESIAN_POINT ( 'NONE',  ( -1.099999999999999645, 0.05000000000000000278, -0.9000000000000003553 ) ) ;
#149 = AXIS2_PLACEMENT_3D ( 'NONE', #3097, #2099, #1808 ) ;
#150 = PRESENTATION_STYLE_ASSIGNMENT (( #2475 ) ) ;
#151 = DIRECTION ( 'NONE',  ( 0.000000000000000000, 0.000000000000000000, 1.000000000000000000 ) ) ;
#152 = EDGE_LOOP ( 'NONE', ( #902, #717, #1921, #2391, #1566, #222 ) ) ;
#153 = CARTESIAN_POINT ( 'NONE',  ( 0.000000000000000000, 0.2800000000000000266, 0.000000000000000000 ) ) ;
#154 = VERTEX_POINT ( 'NONE', #1598 ) ;
#155 = CARTESIAN_POINT ( 'NONE',  ( 0.8000000000000002665, 0.2800000000000000266, 0.8999999999999999112 ) ) ;
#156 = ORIENTED_EDGE ( 'NONE', *, *, #2790, .T. ) ;
#157 = CARTESIAN_POINT ( 'NONE',  ( 0.5650000000000006128, 0.05000000000000000278, -0.2000000000000004274 ) ) ;
#158 = DIRECTION ( 'NONE',  ( 0.000000000000000000, -1.000000000000000000, 0.000000000000000000 ) ) ;
#159 = CARTESIAN_POINT ( 'NONE',  ( 0.8073170731707310921, 0.04999999999999999584, -0.4341463414634152418 ) ) ;
#160 = UNCERTAINTY_MEASURE_WITH_UNIT (LENGTH_MEASURE( 1.000000000000000082E-05 ), #407, 'distance_accuracy_value', 'NONE');
#161 = ORIENTED_EDGE ( 'NONE', *, *, #1331, .T. ) ;
#162 = CARTESIAN_POINT ( 'NONE',  ( -0.09999999999999982514, 0.005000000000000000104, -1.000000000000000000 ) ) ;
#163 = CARTESIAN_POINT ( 'NONE',  ( -1.100000000000000533, 0.2800000000000000266, -0.2999999999999999334 ) ) ;
#164 = VERTEX_POINT ( 'NONE', #1374 ) ;
#165 = EDGE_CURVE ( 'NONE', #3101, #3155, #2629, .T. ) ;
#166 = ORIENTED_EDGE ( 'NONE', *, *, #2984, .F. ) ;
#167 = EDGE_CURVE ( 'NONE', #929, #899, #43, .T. ) ;
#168 = LINE ( 'NONE', #1299, #1558 ) ;
#169 = DIRECTION ( 'NONE',  ( 1.000000000000000000, 0.000000000000000000, -2.026546116795336116E-16 ) ) ;
#170 = CARTESIAN_POINT ( 'NONE',  ( 1.099999999999999867, 0.000000000000000000, 0.9000000000000003553 ) ) ;
#171 = ORIENTED_EDGE ( 'NONE', *, *, #836, .T. ) ;
#172 = CARTESIAN_POINT ( 'NONE',  ( -0.5650000000000003908, 0.04999999999999999584, -0.2000000000000005385 ) ) ;
#173 = CLOSED_SHELL ( 'NONE', ( #1723, #1498, #982, #619, #2799, #1275 ) ) ;
#174 = EDGE_LOOP ( 'NONE', ( #1615, #1256, #1890, #414, #1244, #392, #804 ) ) ;
#175 = DIRECTION ( 'NONE',  ( 0.000000000000000000, -1.000000000000000000, 0.000000000000000000 ) ) ;
#176 = ORIENTED_EDGE ( 'NONE', *, *, #2836, .F. ) ;
#177 = CARTESIAN_POINT ( 'NONE',  ( 1.099999999999999867, 0.04999999999999999584, 0.4999999999999993339 ) ) ;
#178 = PLANE ( 'NONE',  #1155 ) ;
#179 = DIRECTION ( 'NONE',  ( 0.000000000000000000, 1.000000000000000000, -0.000000000000000000 ) ) ;
#180 = AXIS2_PLACEMENT_3D ( 'NONE', #80, #2150, #2476 ) ;
#181 = EDGE_LOOP ( 'NONE', ( #2797, #1675, #3311, #968, #1880, #2389, #274 ) ) ;
#182 = CARTESIAN_POINT ( 'NONE',  ( 0.7249999999999999778, 0.04999999999999999584, -0.4156250000000005218 ) ) ;
#183 = LINE ( 'NONE', #2001, #1970 ) ;
#184 = VECTOR ( 'NONE', #1680, 1000.000000000000000 ) ;
#185 = EDGE_CURVE ( 'NONE', #31, #1550, #1085, .T. ) ;
#186 = CARTESIAN_POINT ( 'NONE',  ( 1.100000000000000311, 0.05000000000000000278, -0.2000000000000002054 ) ) ;
#187 = ORIENTED_EDGE ( 'NONE', *, *, #2183, .T. ) ;
#188 = EDGE_LOOP ( 'NONE', ( #1859, #1314, #81, #784 ) ) ;
#189 = LINE ( 'NONE', #2454, #1602 ) ;
#190 = VECTOR ( 'NONE', #458, 1000.000000000000000 ) ;
#191 = ADVANCED_FACE ( 'NONE', ( #1116 ), #2408, .F. ) ;
#192 = FACE_OUTER_BOUND ( 'NONE', #2694, .T. ) ;
#193 = CYLINDRICAL_SURFACE ( 'NONE', #2400, 0.5000000000000000000 ) ;
#194 = VECTOR ( 'NONE', #2918, 1000.000000000000000 ) ;
#195 = DIRECTION ( 'NONE',  ( 1.000000000000000000, -0.000000000000000000, 4.053092233590680614E-16 ) ) ;
#196 = VECTOR ( 'NONE', #3294, 1000.000000000000000 ) ;
#197 = VECTOR ( 'NONE', #3025, 1000.000000000000000 ) ;
#198 = FACE_OUTER_BOUND ( 'NONE', #2842, .T. ) ;
#199 = CARTESIAN_POINT ( 'NONE',  ( 1.099999999999999867, 0.04999999999999999584, 0.4999999999999993339 ) ) ;
#200 = VECTOR ( 'NONE', #1846, 1000.000000000000000 ) ;
#201 = ORIENTED_EDGE ( 'NONE', *, *, #284, .T. ) ;
#202 = CARTESIAN_POINT ( 'NONE',  ( -1.100000000000000089, 0.04999999999999999584, -0.2999999999999999334 ) ) ;
#203 = AXIS2_PLACEMENT_3D ( 'NONE', #446, #967, #2209 ) ;
#204 = DIRECTION ( 'NONE',  ( 0.000000000000000000, 0.000000000000000000, 1.000000000000000000 ) ) ;
#205 = LINE ( 'NONE', #159, #3013 ) ;
#206 = UNCERTAINTY_MEASURE_WITH_UNIT (LENGTH_MEASURE( 1.000000000000000082E-05 ), #762, 'distance_accuracy_value', 'NONE');
#207 = VERTEX_POINT ( 'NONE', #901 ) ;
#208 = CARTESIAN_POINT ( 'NONE',  ( -0.7250000000000004219, 0.04999999999999999584, -1.434091688094081277E-16 ) ) ;
#209 =( NAMED_UNIT ( * ) PLANE_ANGLE_UNIT ( ) SI_UNIT ( $, .RADIAN. ) );
#210 = CARTESIAN_POINT ( 'NONE',  ( 1.099999999999999867, 0.2800000000000000266, 0.7000000000000002887 ) ) ;
#211 = ORIENTED_EDGE ( 'NONE', *, *, #1084, .T. ) ;
#212 = VECTOR ( 'NONE', #3060, 1000.000000000000000 ) ;
#213 = ADVANCED_FACE ( 'NONE', ( #2673 ), #1168, .F. ) ;
#214 = ORIENTED_EDGE ( 'NONE', *, *, #773, .T. ) ;
#215 = CARTESIAN_POINT ( 'NONE',  ( 1.099999999999999867, 0.000000000000000000, -1.000000000000000000 ) ) ;
#216 = DIRECTION ( 'NONE',  ( -0.000000000000000000, 1.000000000000000000, -0.000000000000000000 ) ) ;
#217 = CARTESIAN_POINT ( 'NONE',  ( -0.5650000000000008349, 0.000000000000000000, -0.9000000000000004663 ) ) ;
#218 = AXIS2_PLACEMENT_3D ( 'NONE', #3192, #2660, #1106 ) ;
#219 = CARTESIAN_POINT ( 'NONE',  ( 0.5650000000000006128, 0.04999999999999999584, -0.2000000000000004274 ) ) ;
#220 = ORIENTED_EDGE ( 'NONE', *, *, #1928, .F. ) ;
#221 = EDGE_CURVE ( 'NONE', #1993, #541, #335, .T. ) ;
#222 = ORIENTED_EDGE ( 'NONE', *, *, #2227, .T. ) ;
#223 = FACE_OUTER_BOUND ( 'NONE', #2750, .T. ) ;
#224 = CARTESIAN_POINT ( 'NONE',  ( 1.100000000000000311, 0.000000000000000000, -0.2000000000000002054 ) ) ;
#225 = EDGE_LOOP ( 'NONE', ( #958, #2018, #2831, #3091, #3191 ) ) ;
#226 = CARTESIAN_POINT ( 'NONE',  ( -1.100000000000000311, 0.04999999999999999584, -0.5000000000000013323 ) ) ;
#227 = FILL_AREA_STYLE ('',( #2575 ) ) ;
#228 = EDGE_CURVE ( 'NONE', #1547, #1941, #2424, .T. ) ;
#229 = DIRECTION ( 'NONE',  ( 0.000000000000000000, 1.000000000000000000, 0.000000000000000000 ) ) ;
#230 = ORIENTED_EDGE ( 'NONE', *, *, #2631, .F. ) ;
#231 = ORIENTED_EDGE ( 'NONE', *, *, #2369, .F. ) ;
#232 = DIRECTION ( 'NONE',  ( -0.000000000000000000, 1.000000000000000000, -0.000000000000000000 ) ) ;
#233 = CARTESIAN_POINT ( 'NONE',  ( -0.7250000000000005329, 0.2800000000000000266, 0.8307189138830743946 ) ) ;
#234 = CARTESIAN_POINT ( 'NONE',  ( 1.099999999999999867, 0.2800000000000000266, -0.2999999999999997113 ) ) ;
#235 = CARTESIAN_POINT ( 'NONE',  ( -0.1000000000000001582, 0.000000000000000000, 1.000000000000000222 ) ) ;
#236 = VECTOR ( 'NONE', #1347, 1000.000000000000000 ) ;
#237 = ORIENTED_EDGE ( 'NONE', *, *, #185, .F. ) ;
#238 = CARTESIAN_POINT ( 'NONE',  ( -1.100000000000000311, 0.000000000000000000, -0.4999999999999998890 ) ) ;
#239 = CLOSED_SHELL ( 'NONE', ( #29, #2435, #2607, #2921, #470, #3184, #1346, #77, #2097, #286, #2920, #2779, #789, #1986, #3317, #540, #809, #1847, #433, #1619, #2993, #3042, #869, #632, #567, #2335, #2538, #1297, #531, #2855, #1874, #255, #1408, #3198, #3301, #1694, #2728, #383, #358, #1992, #1678, #2940, #455, #2345, #1242, #55 ) ) ;
#240 = ADVANCED_FACE ( 'NONE', ( #3200 ), #916, .T. ) ;
#241 = DIRECTION ( 'NONE',  ( -0.000000000000000000, 1.000000000000000000, -0.000000000000000000 ) ) ;
#242 = ORIENTED_EDGE ( 'NONE', *, *, #1419, .T. ) ;
#243 = PLANE ( 'NONE',  #2175 ) ;
#244 = CARTESIAN_POINT ( 'NONE',  ( 0.7249999999999993117, 0.04999999999999999584, 0.4156249999999997446 ) ) ;
#245 = ORIENTED_EDGE ( 'NONE', *, *, #1745, .F. ) ;
#246 = ORIENTED_EDGE ( 'NONE', *, *, #2396, .T. ) ;
#247 = ORIENTED_EDGE ( 'NONE', *, *, #3096, .F. ) ;
#248 = DIRECTION ( 'NONE',  ( 0.000000000000000000, 1.000000000000000000, -0.000000000000000000 ) ) ;
#249 = EDGE_CURVE ( 'NONE', #1020, #3177, #1546, .T. ) ;
#250 = FACE_OUTER_BOUND ( 'NONE', #3189, .T. ) ;
#251 = EDGE_CURVE ( 'NONE', #755, #3265, #1424, .T. ) ;
#252 = DIRECTION ( 'NONE',  ( 1.000000000000000000, 0.000000000000000000, 1.548860246407863583E-16 ) ) ;
#253 = MECHANICAL_DESIGN_GEOMETRIC_PRESENTATION_REPRESENTATION (  '', ( #2670 ), #2891 ) ;
#254 = AXIS2_PLACEMENT_3D ( 'NONE', #37, #1622, #2941 ) ;
#255 = ADVANCED_FACE ( 'NONE', ( #1206 ), #2703, .F. ) ;
#256 = LINE ( 'NONE', #2614, #2479 ) ;
#257 = CIRCLE ( 'NONE', #2247, 0.7000000000000011768 ) ;
#258 = VECTOR ( 'NONE', #856, 1000.000000000000000 ) ;
#259 = CARTESIAN_POINT ( 'NONE',  ( 1.099999999999999867, 0.04999999999999999584, 0.1999999999999999556 ) ) ;
#260 = AXIS2_PLACEMENT_3D ( 'NONE', #102, #1138, #378 ) ;
#261 = VECTOR ( 'NONE', #738, 1000.000000000000000 ) ;
#262 = ORIENTED_EDGE ( 'NONE', *, *, #1688, .T. ) ;
#263 = PLANE ( 'NONE',  #937 ) ;
#264 =( NAMED_UNIT ( * ) SI_UNIT ( $, .STERADIAN. ) SOLID_ANGLE_UNIT ( ) );
#265 = CARTESIAN_POINT ( 'NONE',  ( -1.099999999999999867, 0.05000000000000000278, 0.9000000000000002442 ) ) ;
#266 = VERTEX_POINT ( 'NONE', #882 ) ;
#267 = ORIENTED_EDGE ( 'NONE', *, *, #2212, .T. ) ;
#268 = ORIENTED_EDGE ( 'NONE', *, *, #2601, .F. ) ;
#269 = DIRECTION ( 'NONE',  ( -1.000000000000000000, 0.000000000000000000, 2.168404344971010051E-15 ) ) ;
#270 = ORIENTED_EDGE ( 'NONE', *, *, #133, .F. ) ;
#271 = CARTESIAN_POINT ( 'NONE',  ( -0.7250000000000000888, 0.2800000000000000266, -1.000000000000000000 ) ) ;
#272 = CIRCLE ( 'NONE', #2149, 0.08437499999999992228 ) ;
#273 = VECTOR ( 'NONE', #2675, 1000.000000000000000 ) ;
#274 = ORIENTED_EDGE ( 'NONE', *, *, #1480, .T. ) ;
#275 = CARTESIAN_POINT ( 'NONE',  ( -0.5649999999999999467, 0.05000000000000000278, 0.9000000000000001332 ) ) ;
#276 = VERTEX_POINT ( 'NONE', #2180 ) ;
#277 = LINE ( 'NONE', #2593, #2110 ) ;
#278 = PLANE ( 'NONE',  #71 ) ;
#279 = ORIENTED_EDGE ( 'NONE', *, *, #2079, .T. ) ;
#280 = ORIENTED_EDGE ( 'NONE', *, *, #3099, .T. ) ;
#281 = DIRECTION ( 'NONE',  ( 0.000000000000000000, 1.000000000000000000, -0.000000000000000000 ) ) ;
#282 = ORIENTED_EDGE ( 'NONE', *, *, #1233, .F. ) ;
#283 = EDGE_CURVE ( 'NONE', #615, #3079, #2986, .T. ) ;
#284 = EDGE_CURVE ( 'NONE', #2188, #3155, #658, .T. ) ;
#285 = CARTESIAN_POINT ( 'NONE',  ( 0.7249999999999999778, 0.04999999999999999584, -0.5000000000000008882 ) ) ;
#286 = ADVANCED_FACE ( 'NONE', ( #1394 ), #2952, .F. ) ;
#287 = EDGE_CURVE ( 'NONE', #602, #1416, #3252, .T. ) ;
#288 = CARTESIAN_POINT ( 'NONE',  ( 1.099999999999999867, 0.04999999999999999584, 0.9000000000000003553 ) ) ;
#289 = DIRECTION ( 'NONE',  ( 0.000000000000000000, 1.000000000000000000, -0.000000000000000000 ) ) ;
#290 = CARTESIAN_POINT ( 'NONE',  ( -0.5649999999999999467, 0.04999999999999999584, 0.9000000000000001332 ) ) ;
#291 = ORIENTED_EDGE ( 'NONE', *, *, #2774, .F. ) ;
#292 = DIRECTION ( 'NONE',  ( -1.548860246407863829E-16, 0.000000000000000000, 1.000000000000000000 ) ) ;
#293 = DIRECTION ( 'NONE',  ( 1.548860246407863829E-16, 0.000000000000000000, -1.000000000000000000 ) ) ;
#294 = ORIENTED_EDGE ( 'NONE', *, *, #2244, .F. ) ;
#295 = LINE ( 'NONE', #7, #308 ) ;
#296 = ORIENTED_EDGE ( 'NONE', *, *, #1765, .T. ) ;
#297 = EDGE_CURVE ( 'NONE', #1390, #2665, #1445, .T. ) ;
#298 = DIRECTION ( 'NONE',  ( -0.000000000000000000, -1.000000000000000000, -0.000000000000000000 ) ) ;
#299 = UNCERTAINTY_MEASURE_WITH_UNIT (LENGTH_MEASURE( 1.000000000000000082E-05 ), #2494, 'distance_accuracy_value', 'NONE');
#300 = LINE ( 'NONE', #3131, #1404 ) ;
#301 = VECTOR ( 'NONE', #402, 1000.000000000000000 ) ;
#302 = EDGE_CURVE ( 'NONE', #2240, #755, #3217, .T. ) ;
#303 = CARTESIAN_POINT ( 'NONE',  ( -1.100000000000000311, 0.04999999999999999584, 0.1999999999999994005 ) ) ;
#304 = ORIENTED_EDGE ( 'NONE', *, *, #3359, .T. ) ;
#305 = CARTESIAN_POINT ( 'NONE',  ( -1.099999999999999867, 0.000000000000000000, 0.9000000000000002442 ) ) ;
#306 = VECTOR ( 'NONE', #2238, 1000.000000000000000 ) ;
#307 = DIRECTION ( 'NONE',  ( 0.000000000000000000, 0.000000000000000000, -1.000000000000000000 ) ) ;
#308 = VECTOR ( 'NONE', #3141, 1000.000000000000000 ) ;
#309 = CARTESIAN_POINT ( 'NONE',  ( -1.100000000000000089, 0.000000000000000000, -0.6999999999999998446 ) ) ;
#310 = VECTOR ( 'NONE', #1695, 1000.000000000000000 ) ;
#311 = EDGE_LOOP ( 'NONE', ( #2225, #2393, #1624, #2172 ) ) ;
#312 = DIRECTION ( 'NONE',  ( -0.000000000000000000, 1.000000000000000000, 0.000000000000000000 ) ) ;
#313 = EDGE_CURVE ( 'NONE', #921, #2500, #129, .T. ) ;
#314 = SURFACE_STYLE_USAGE ( .BOTH. , #2643 ) ;
#315 = DIRECTION ( 'NONE',  ( 0.000000000000000000, 0.000000000000000000, 1.000000000000000000 ) ) ;
#316 = DIRECTION ( 'NONE',  ( 0.000000000000000000, 0.000000000000000000, 1.000000000000000000 ) ) ;
#317 = EDGE_LOOP ( 'NONE', ( #176, #1035, #874, #394 ) ) ;
#318 = PLANE ( 'NONE',  #1122 ) ;
#319 = VECTOR ( 'NONE', #1860, 1000.000000000000000 ) ;
#320 = DIRECTION ( 'NONE',  ( -9.293161478447181990E-16, 0.000000000000000000, 1.000000000000000000 ) ) ;
#321 = CARTESIAN_POINT ( 'NONE',  ( 0.7249999999999999778, 0.04999999999999999584, -0.4156250000000005218 ) ) ;
#322 = ORIENTED_EDGE ( 'NONE', *, *, #2562, .F. ) ;
#323 = EDGE_CURVE ( 'NONE', #101, #2907, #1960, .T. ) ;
#324 = LINE ( 'NONE', #2390, #1980 ) ;
#325 = FACE_OUTER_BOUND ( 'NONE', #670, .T. ) ;
#326 = DIRECTION ( 'NONE',  ( -1.284980352575413882E-15, 0.000000000000000000, 1.000000000000000000 ) ) ;
#327 = DIRECTION ( 'NONE',  ( 0.000000000000000000, 1.000000000000000000, -0.000000000000000000 ) ) ;
#328 = EDGE_LOOP ( 'NONE', ( #1373, #1830, #2131, #2727 ) ) ;
#329 = FACE_OUTER_BOUND ( 'NONE', #2056, .T. ) ;
#330 = EDGE_CURVE ( 'NONE', #519, #1251, #1715, .T. ) ;
#331 = DIRECTION ( 'NONE',  ( 1.548860246407863829E-16, 0.000000000000000000, -1.000000000000000000 ) ) ;
#332 = CYLINDRICAL_SURFACE ( 'NONE', #1011, 0.08437499999999992228 ) ;
#333 = ORIENTED_EDGE ( 'NONE', *, *, #2039, .T. ) ;
#334 = CARTESIAN_POINT ( 'NONE',  ( 0.5650000000000000577, 0.04999999999999999584, 0.2000000000000002609 ) ) ;
#335 = CIRCLE ( 'NONE', #2658, 0.08437499999999992228 ) ;
#336 = LINE ( 'NONE', #2123, #655 ) ;
#337 = LINE ( 'NONE', #1916, #273 ) ;
#338 = AXIS2_PLACEMENT_3D ( 'NONE', #450, #523, #3271 ) ;
#339 = VERTEX_POINT ( 'NONE', #2495 ) ;
#340 = DIRECTION ( 'NONE',  ( 0.000000000000000000, 1.000000000000000000, -0.000000000000000000 ) ) ;
#341 = EDGE_CURVE ( 'NONE', #2088, #207, #1898, .T. ) ;
#342 = ORIENTED_EDGE ( 'NONE', *, *, #1571, .F. ) ;
#343 = CARTESIAN_POINT ( 'NONE',  ( -1.099999999999999645, 0.04999999999999999584, -0.9000000000000003553 ) ) ;
#344 = VECTOR ( 'NONE', #1092, 1000.000000000000000 ) ;
#345 = CARTESIAN_POINT ( 'NONE',  ( -1.100000000000000311, 0.2800000000000000266, -0.5000000000000013323 ) ) ;
#346 = DIRECTION ( 'NONE',  ( 4.053092233590679628E-16, 0.000000000000000000, -1.000000000000000000 ) ) ;
#347 = VECTOR ( 'NONE', #1428, 1000.000000000000000 ) ;
#348 = ORIENTED_EDGE ( 'NONE', *, *, #1205, .F. ) ;
#349 = VECTOR ( 'NONE', #556, 1000.000000000000000 ) ;
#350 = CARTESIAN_POINT ( 'NONE',  ( 1.099999999999999867, 0.2800000000000000266, 0.5000000000000001110 ) ) ;
#351 = VECTOR ( 'NONE', #1357, 1000.000000000000000 ) ;
#352 = ORIENTED_EDGE ( 'NONE', *, *, #2028, .T. ) ;
#353 = VECTOR ( 'NONE', #3114, 1000.000000000000000 ) ;
#354 = VECTOR ( 'NONE', #2490, 1000.000000000000000 ) ;
#355 = DIRECTION ( 'NONE',  ( 1.000000000000000000, 0.000000000000000000, 0.000000000000000000 ) ) ;
#356 = ORIENTED_EDGE ( 'NONE', *, *, #2700, .T. ) ;
#357 = LINE ( 'NONE', #2394, #2600 ) ;
#358 = ADVANCED_FACE ( 'NONE', ( #1509 ), #1737, .T. ) ;
#359 = ORIENTED_EDGE ( 'NONE', *, *, #1145, .F. ) ;
#360 = DIRECTION ( 'NONE',  ( -0.000000000000000000, 1.000000000000000000, -0.000000000000000000 ) ) ;
#361 = ORIENTED_EDGE ( 'NONE', *, *, #2553, .F. ) ;
#362 = VERTEX_POINT ( 'NONE', #1807 ) ;
#363 = DIRECTION ( 'NONE',  ( 0.000000000000000000, 0.000000000000000000, 1.000000000000000000 ) ) ;
#364 = DIRECTION ( 'NONE',  ( 0.000000000000000000, 0.000000000000000000, 1.000000000000000000 ) ) ;
#365 = CARTESIAN_POINT ( 'NONE',  ( -0.5650000000000003908, 0.000000000000000000, -0.2000000000000005385 ) ) ;
#366 = ORIENTED_EDGE ( 'NONE', *, *, #1230, .T. ) ;
#367 = AXIS2_PLACEMENT_3D ( 'NONE', #2570, #2902, #2124 ) ;
#368 = DIRECTION ( 'NONE',  ( 0.000000000000000000, 1.000000000000000000, 0.000000000000000000 ) ) ;
#369 = ORIENTED_EDGE ( 'NONE', *, *, #2328, .F. ) ;
#370 = AXIS2_PLACEMENT_3D ( 'NONE', #3236, #2460, #854 ) ;
#371 = ADVANCED_FACE ( 'NONE', ( #1266 ), #759, .T. ) ;
#372 = EDGE_CURVE ( 'NONE', #2557, #1293, #2833, .T. ) ;
#373 =( NAMED_UNIT ( * ) SI_UNIT ( $, .STERADIAN. ) SOLID_ANGLE_UNIT ( ) );
#374 = DIRECTION ( 'NONE',  ( 0.000000000000000000, 0.000000000000000000, -1.000000000000000000 ) ) ;
#375 = EDGE_LOOP ( 'NONE', ( #1033, #425, #2913, #1203, #420, #437, #1998 ) ) ;
#376 = CARTESIAN_POINT ( 'NONE',  ( -0.5650000000000003908, 0.000000000000000000, -0.2000000000000005385 ) ) ;
#377 = ORIENTED_EDGE ( 'NONE', *, *, #2667, .F. ) ;
#378 = DIRECTION ( 'NONE',  ( -1.000000000000000000, 0.000000000000000000, 1.519909587596500423E-16 ) ) ;
#379 = VERTEX_POINT ( 'NONE', #1009 ) ;
#380 = LINE ( 'NONE', #1937, #92 ) ;
#381 = AXIS2_PLACEMENT_3D ( 'NONE', #182, #2887, #19 ) ;
#382 = DIRECTION ( 'NONE',  ( -0.000000000000000000, 1.000000000000000000, -0.000000000000000000 ) ) ;
#383 = ADVANCED_FACE ( 'NONE', ( #2258 ), #973, .F. ) ;
#384 = CARTESIAN_POINT ( 'NONE',  ( 0.000000000000000000, 0.2800000000000000266, 0.8999999999999999112 ) ) ;
#385 = ORIENTED_EDGE ( 'NONE', *, *, #2499, .F. ) ;
#386 = CARTESIAN_POINT ( 'NONE',  ( 0.7249999999999994227, 0.04999999999999999584, 0.8307189138830728403 ) ) ;
#387 = DIRECTION ( 'NONE',  ( -1.000000000000000000, 0.000000000000000000, -0.000000000000000000 ) ) ;
#388 = EDGE_CURVE ( 'NONE', #3265, #1239, #993, .T. ) ;
#389 = VECTOR ( 'NONE', #2901, 1000.000000000000000 ) ;
#390 = CARTESIAN_POINT ( 'NONE',  ( 1.099999999999999867, 0.000000000000000000, 0.9000000000000003553 ) ) ;
#391 = DIRECTION ( 'NONE',  ( 9.293161478447181990E-16, -0.000000000000000000, -1.000000000000000000 ) ) ;
#392 = ORIENTED_EDGE ( 'NONE', *, *, #2328, .T. ) ;
#393 = CARTESIAN_POINT ( 'NONE',  ( -0.1000000000000001582, 0.005000000000000000104, 1.000000000000000222 ) ) ;
#394 = ORIENTED_EDGE ( 'NONE', *, *, #997, .T. ) ;
#395 = CARTESIAN_POINT ( 'NONE',  ( -0.1000000000000001582, 0.000000000000000000, 1.000000000000000222 ) ) ;
#396 =( GEOMETRIC_REPRESENTATION_CONTEXT ( 3 ) GLOBAL_UNCERTAINTY_ASSIGNED_CONTEXT ( ( #984 ) ) GLOBAL_UNIT_ASSIGNED_CONTEXT ( ( #1572, #2602, #1332 ) ) REPRESENTATION_CONTEXT ( 'NONE', 'WORKASPACE' ) );
#397 = ORIENTED_EDGE ( 'NONE', *, *, #2745, .T. ) ;
#398 = PLANE ( 'NONE',  #2423 ) ;
#399 = DIRECTION ( 'NONE',  ( 2.336741503768149429E-15, 0.000000000000000000, 1.000000000000000000 ) ) ;
#400 = CARTESIAN_POINT ( 'NONE',  ( -0.5650000000000003908, 0.05000000000000000278, -0.2000000000000005385 ) ) ;
#401 = ORIENTED_EDGE ( 'NONE', *, *, #980, .F. ) ;
#402 = DIRECTION ( 'NONE',  ( 2.336741503768149429E-15, 0.000000000000000000, 1.000000000000000000 ) ) ;
#403 = CARTESIAN_POINT ( 'NONE',  ( 1.099999999999999867, 0.2800000000000000266, 0.000000000000000000 ) ) ;
#404 = VECTOR ( 'NONE', #1771, 1000.000000000000000 ) ;
#405 = AXIS2_PLACEMENT_3D ( 'NONE', #89, #1388, #877 ) ;
#406 = VECTOR ( 'NONE', #2517, 1000.000000000000000 ) ;
#407 =( LENGTH_UNIT ( ) NAMED_UNIT ( * ) SI_UNIT ( .MILLI., .METRE. ) );
#408 = VECTOR ( 'NONE', #53, 1000.000000000000000 ) ;
#409 = DIRECTION ( 'NONE',  ( 0.000000000000000000, 1.000000000000000000, 0.000000000000000000 ) ) ;
#410 = CIRCLE ( 'NONE', #1923, 0.08437499999999992228 ) ;
#411 = DIRECTION ( 'NONE',  ( -0.000000000000000000, -1.000000000000000000, 0.000000000000000000 ) ) ;
#412 = ORIENTED_EDGE ( 'NONE', *, *, #297, .T. ) ;
#413 = DIRECTION ( 'NONE',  ( 0.000000000000000000, 1.000000000000000000, 0.000000000000000000 ) ) ;
#414 = ORIENTED_EDGE ( 'NONE', *, *, #661, .F. ) ;
#415 = CARTESIAN_POINT ( 'NONE',  ( 1.099999999999999645, 0.04999999999999999584, 0.7000000000000005107 ) ) ;
#416 = FACE_OUTER_BOUND ( 'NONE', #727, .T. ) ;
#417 = EDGE_CURVE ( 'NONE', #3279, #1188, #2315, .T. ) ;
#418 = DIRECTION ( 'NONE',  ( 0.000000000000000000, 0.000000000000000000, -1.000000000000000000 ) ) ;
#419 = EDGE_CURVE ( 'NONE', #541, #1118, #521, .T. ) ;
#420 = ORIENTED_EDGE ( 'NONE', *, *, #251, .F. ) ;
#421 = DIRECTION ( 'NONE',  ( -1.000000000000000000, -0.000000000000000000, -0.000000000000000000 ) ) ;
#422 = DIRECTION ( 'NONE',  ( -0.000000000000000000, 1.000000000000000000, -0.000000000000000000 ) ) ;
#423 = ORIENTED_EDGE ( 'NONE', *, *, #1397, .F. ) ;
#424 = ORIENTED_EDGE ( 'NONE', *, *, #1909, .T. ) ;
#425 = ORIENTED_EDGE ( 'NONE', *, *, #604, .F. ) ;
#426 = VECTOR ( 'NONE', #2085, 1000.000000000000000 ) ;
#427 = DIRECTION ( 'NONE',  ( -0.000000000000000000, -0.000000000000000000, -1.000000000000000000 ) ) ;
#428 = AXIS2_PLACEMENT_3D ( 'NONE', #1396, #2915, #326 ) ;
#429 = CARTESIAN_POINT ( 'NONE',  ( -0.5149999999999995692, 0.005000000000000000104, -1.000000000000000000 ) ) ;
#430 = CARTESIAN_POINT ( 'NONE',  ( 0.5650000000000012790, 0.000000000000000000, -0.9000000000000003553 ) ) ;
#431 = PLANE ( 'NONE',  #1163 ) ;
#432 = ORIENTED_EDGE ( 'NONE', *, *, #114, .F. ) ;
#433 = ADVANCED_FACE ( 'NONE', ( #2027 ), #1539, .F. ) ;
#434 = FACE_OUTER_BOUND ( 'NONE', #328, .T. ) ;
#435 = ORIENTED_EDGE ( 'NONE', *, *, #538, .F. ) ;
#436 = EDGE_CURVE ( 'NONE', #929, #2611, #3094, .T. ) ;
#437 = ORIENTED_EDGE ( 'NONE', *, *, #302, .F. ) ;
#438 = PLANE ( 'NONE',  #1569 ) ;
#439 = CARTESIAN_POINT ( 'NONE',  ( -0.5649999999999999467, 0.000000000000000000, 0.9000000000000001332 ) ) ;
#440 = DIRECTION ( 'NONE',  ( -1.084202172485504557E-16, 0.000000000000000000, 1.000000000000000000 ) ) ;
#441 = VERTEX_POINT ( 'NONE', #2533 ) ;
#442 = ORIENTED_EDGE ( 'NONE', *, *, #1727, .T. ) ;
#443 = CARTESIAN_POINT ( 'NONE',  ( -0.5149999999999995692, 0.005000000000000000104, -1.000000000000000000 ) ) ;
#444 = FACE_OUTER_BOUND ( 'NONE', #1262, .T. ) ;
#445 = ADVANCED_FACE ( 'NONE', ( #2296 ), #702, .T. ) ;
#446 = CARTESIAN_POINT ( 'NONE',  ( -1.099999999999999867, 0.04999999999999999584, 0.9000000000000002442 ) ) ;
#447 = ORIENTED_EDGE ( 'NONE', *, *, #2353, .T. ) ;
#448 = ORIENTED_EDGE ( 'NONE', *, *, #2155, .F. ) ;
#449 = CARTESIAN_POINT ( 'NONE',  ( 1.099999999999999867, 0.2800000000000000266, 1.000000000000000000 ) ) ;
#450 = CARTESIAN_POINT ( 'NONE',  ( 0.7249999999999994227, 0.04999999999999999584, 0.000000000000000000 ) ) ;
#451 = AXIS2_PLACEMENT_3D ( 'NONE', #2066, #2837, #1559 ) ;
#452 = DIRECTION ( 'NONE',  ( 0.000000000000000000, 1.000000000000000000, -0.000000000000000000 ) ) ;
#453 = SURFACE_STYLE_USAGE ( .BOTH. , #3053 ) ;
#454 = DIRECTION ( 'NONE',  ( 0.000000000000000000, 0.000000000000000000, 1.000000000000000000 ) ) ;
#455 = ADVANCED_FACE ( 'NONE', ( #2763 ), #193, .F. ) ;
#456 = ORIENTED_EDGE ( 'NONE', *, *, #2386, .T. ) ;
#457 = DIRECTION ( 'NONE',  ( 0.000000000000000000, -1.000000000000000000, 0.000000000000000000 ) ) ;
#458 = DIRECTION ( 'NONE',  ( 1.000000000000000000, 0.000000000000000000, 4.053092233590668782E-16 ) ) ;
#459 = ADVANCED_FACE ( 'NONE', ( #741 ), #3051, .F. ) ;
#460 = CARTESIAN_POINT ( 'NONE',  ( -0.5149999999999997913, 0.005000000000000000104, 1.000000000000000222 ) ) ;
#461 = VERTEX_POINT ( 'NONE', #1250 ) ;
#462 = CARTESIAN_POINT ( 'NONE',  ( 0.5650000000000000577, 0.05000000000000000278, 0.2000000000000002609 ) ) ;
#463 = CARTESIAN_POINT ( 'NONE',  ( -0.7250000000000004219, 0.04999999999999999584, -0.2000000000000004829 ) ) ;
#464 = VECTOR ( 'NONE', #1022, 1000.000000000000000 ) ;
#465 = DIRECTION ( 'NONE',  ( 1.000000000000000000, 0.000000000000000000, -2.168404344970996641E-15 ) ) ;
#466 = ORIENTED_EDGE ( 'NONE', *, *, #3133, .T. ) ;
#467 = VERTEX_POINT ( 'NONE', #2805 ) ;
#468 = PLANE ( 'NONE',  #1777 ) ;
#469 = AXIS2_PLACEMENT_3D ( 'NONE', #892, #688, #399 ) ;
#470 = ADVANCED_FACE ( 'NONE', ( #250 ), #491, .F. ) ;
#471 = FACE_OUTER_BOUND ( 'NONE', #2838, .T. ) ;
#472 = DIRECTION ( 'NONE',  ( 0.000000000000000000, -0.000000000000000000, -1.000000000000000000 ) ) ;
#473 = AXIS2_PLACEMENT_3D ( 'NONE', #135, #2975, #936 ) ;
#474 = VECTOR ( 'NONE', #106, 1000.000000000000000 ) ;
#475 = AXIS2_PLACEMENT_3D ( 'NONE', #1838, #1072, #2818 ) ;
#476 = FILL_AREA_STYLE_COLOUR ( '', #1804 ) ;
#477 = DIRECTION ( 'NONE',  ( -0.000000000000000000, 1.000000000000000000, -0.000000000000000000 ) ) ;
#478 = VERTEX_POINT ( 'NONE', #233 ) ;
#479 = DIRECTION ( 'NONE',  ( 1.626303258728256898E-16, 0.000000000000000000, -1.000000000000000000 ) ) ;
#480 = EDGE_CURVE ( 'NONE', #2042, #1990, #2819, .T. ) ;
#481 = LINE ( 'NONE', #2034, #2096 ) ;
#482 = ORIENTED_EDGE ( 'NONE', *, *, #1430, .T. ) ;
#483 = ORIENTED_EDGE ( 'NONE', *, *, #2841, .F. ) ;
#484 = CARTESIAN_POINT ( 'NONE',  ( -1.100000000000000311, 0.2800000000000000266, 0.1999999999999994005 ) ) ;
#485 =( NAMED_UNIT ( * ) PLANE_ANGLE_UNIT ( ) SI_UNIT ( $, .RADIAN. ) );
#486 = DIRECTION ( 'NONE',  ( 0.000000000000000000, 1.000000000000000000, 0.000000000000000000 ) ) ;
#487 = ORIENTED_EDGE ( 'NONE', *, *, #1827, .T. ) ;
#488 = ORIENTED_EDGE ( 'NONE', *, *, #2212, .F. ) ;
#489 = DIRECTION ( 'NONE',  ( 0.000000000000000000, 0.000000000000000000, -1.000000000000000000 ) ) ;
#490 = DIRECTION ( 'NONE',  ( -1.000000000000000000, 0.000000000000000000, 1.519909587596503135E-16 ) ) ;
#491 = PLANE ( 'NONE',  #938 ) ;
#492 = EDGE_CURVE ( 'NONE', #3153, #1536, #1038, .T. ) ;
#493 =( NAMED_UNIT ( * ) SI_UNIT ( $, .STERADIAN. ) SOLID_ANGLE_UNIT ( ) );
#494 = EDGE_CURVE ( 'NONE', #2996, #3204, #3109, .T. ) ;
#495 = CIRCLE ( 'NONE', #1075, 0.7000000000000011768 ) ;
#496 = CARTESIAN_POINT ( 'NONE',  ( 1.099999999999999867, 0.2800000000000000266, -0.5000000000000007772 ) ) ;
#497 = ORIENTED_EDGE ( 'NONE', *, *, #1117, .F. ) ;
#498 = DIRECTION ( 'NONE',  ( 0.000000000000000000, 1.000000000000000000, -0.000000000000000000 ) ) ;
#499 = DIRECTION ( 'NONE',  ( -1.000000000000000000, -0.000000000000000000, 2.026546116795335870E-16 ) ) ;
#500 = VERTEX_POINT ( 'NONE', #3288 ) ;
#501 = LINE ( 'NONE', #1274, #1271 ) ;
#502 = EDGE_CURVE ( 'NONE', #1120, #2042, #691, .T. ) ;
#503 = EDGE_CURVE ( 'NONE', #1754, #2088, #731, .T. ) ;
#504 = LINE ( 'NONE', #1311, #2574 ) ;
#505 = ORIENTED_EDGE ( 'NONE', *, *, #753, .F. ) ;
#506 = ORIENTED_EDGE ( 'NONE', *, *, #1832, .F. ) ;
#507 = PLANE ( 'NONE',  #3278 ) ;
#508 = EDGE_CURVE ( 'NONE', #1581, #379, #3352, .T. ) ;
#509 = CARTESIAN_POINT ( 'NONE',  ( -0.7250000000000000888, 4.150323865407125723, 1.000000000000000000 ) ) ;
#510 = CARTESIAN_POINT ( 'NONE',  ( 1.099999999999999867, 0.000000000000000000, 0.9000000000000003553 ) ) ;
#511 = CARTESIAN_POINT ( 'NONE',  ( 0.5649999999999999467, 0.04999999999999999584, 0.9000000000000002442 ) ) ;
#512 = CARTESIAN_POINT ( 'NONE',  ( 0.7249999999999998668, 0.2800000000000000266, 1.000000000000000000 ) ) ;
#513 = ORIENTED_EDGE ( 'NONE', *, *, #2346, .F. ) ;
#514 = LINE ( 'NONE', #1785, #2312 ) ;
#515 = ORIENTED_EDGE ( 'NONE', *, *, #2628, .T. ) ;
#516 = DIRECTION ( 'NONE',  ( -0.000000000000000000, 0.000000000000000000, 1.000000000000000000 ) ) ;
#517 = FACE_OUTER_BOUND ( 'NONE', #1174, .T. ) ;
#518 = VECTOR ( 'NONE', #2380, 1000.000000000000000 ) ;
#519 = VERTEX_POINT ( 'NONE', #2269 ) ;
#520 = EDGE_LOOP ( 'NONE', ( #2592, #1473, #1802, #1414, #214 ) ) ;
#521 = CIRCLE ( 'NONE', #2835, 0.3000000000000005440 ) ;
#522 = DIRECTION ( 'NONE',  ( 1.000000000000000000, 0.000000000000000000, -3.614007241618347785E-16 ) ) ;
#523 = DIRECTION ( 'NONE',  ( 1.000000000000000000, 0.000000000000000000, 0.000000000000000000 ) ) ;
#524 = AXIS2_PLACEMENT_3D ( 'NONE', #244, #486, #1518 ) ;
#525 = ORIENTED_EDGE ( 'NONE', *, *, #1310, .T. ) ;
#526 = VECTOR ( 'NONE', #360, 1000.000000000000000 ) ;
#527 = VERTEX_POINT ( 'NONE', #1729 ) ;
#528 = DIRECTION ( 'NONE',  ( 0.000000000000000000, 0.000000000000000000, 1.000000000000000000 ) ) ;
#529 = VECTOR ( 'NONE', #418, 1000.000000000000000 ) ;
#530 = MECHANICAL_DESIGN_GEOMETRIC_PRESENTATION_REPRESENTATION (  '', ( #579 ), #3273 ) ;
#531 = ADVANCED_FACE ( 'NONE', ( #2000 ), #714, .T. ) ;
#532 = DIRECTION ( 'NONE',  ( -4.053092233590671740E-16, 0.000000000000000000, 1.000000000000000000 ) ) ;
#533 = CIRCLE ( 'NONE', #1659, 0.3000000000000005440 ) ;
#534 = CIRCLE ( 'NONE', #952, 0.5000000000000000000 ) ;
#535 = EDGE_CURVE ( 'NONE', #500, #583, #3309, .T. ) ;
#536 = VERTEX_POINT ( 'NONE', #3076 ) ;
#537 = DIRECTION ( 'NONE',  ( 1.000000000000000000, 0.000000000000000000, -1.519909587596503135E-16 ) ) ;
#538 = EDGE_CURVE ( 'NONE', #2988, #478, #2965, .T. ) ;
#539 = CARTESIAN_POINT ( 'NONE',  ( -0.5650000000000003908, 0.05000000000000000278, -0.2000000000000005385 ) ) ;
#540 = ADVANCED_FACE ( 'NONE', ( #2249 ), #1769, .F. ) ;
#541 = VERTEX_POINT ( 'NONE', #2526 ) ;
#542 = ORIENTED_EDGE ( 'NONE', *, *, #1648, .F. ) ;
#543 = CARTESIAN_POINT ( 'NONE',  ( -1.100000000000000311, 0.2800000000000000266, 0.5000000000000000000 ) ) ;
#544 = EDGE_CURVE ( 'NONE', #136, #750, #3157, .T. ) ;
#545 = DIRECTION ( 'NONE',  ( 0.000000000000000000, -1.000000000000000000, 0.000000000000000000 ) ) ;
#546 = LINE ( 'NONE', #3362, #147 ) ;
#547 = AXIS2_PLACEMENT_3D ( 'NONE', #1124, #875, #616 ) ;
#548 = VECTOR ( 'NONE', #2884, 1000.000000000000000 ) ;
#549 = LINE ( 'NONE', #2571, #1557 ) ;
#550 = EDGE_CURVE ( 'NONE', #3048, #1006, #2773, .T. ) ;
#551 = VERTEX_POINT ( 'NONE', #484 ) ;
#552 = CARTESIAN_POINT ( 'NONE',  ( 1.100000000000000089, 0.000000000000000000, -0.3000000000000007661 ) ) ;
#553 = PRESENTATION_STYLE_ASSIGNMENT (( #1067 ) ) ;
#554 = DIRECTION ( 'NONE',  ( 0.000000000000000000, 0.000000000000000000, 1.000000000000000000 ) ) ;
#555 = VERTEX_POINT ( 'NONE', #1976 ) ;
#556 = DIRECTION ( 'NONE',  ( 0.000000000000000000, 1.000000000000000000, 0.000000000000000000 ) ) ;
#557 = ADVANCED_FACE ( 'NONE', ( #2019 ), #1517, .T. ) ;
#558 = VERTEX_POINT ( 'NONE', #2288 ) ;
#559 = CARTESIAN_POINT ( 'NONE',  ( 1.099999999999999867, 0.04999999999999999584, 0.9000000000000003553 ) ) ;
#560 = ORIENTED_EDGE ( 'NONE', *, *, #638, .T. ) ;
#561 = CARTESIAN_POINT ( 'NONE',  ( -1.100000000000000311, 0.2800000000000000266, 3.975407965780183746E-16 ) ) ;
#562 = DIRECTION ( 'NONE',  ( 0.000000000000000000, 1.000000000000000000, -0.000000000000000000 ) ) ;
#563 = CARTESIAN_POINT ( 'NONE',  ( -0.7250000000000005329, 0.04999999999999999584, 0.8307189138830743946 ) ) ;
#564 = AXIS2_PLACEMENT_3D ( 'NONE', #2765, #1796, #2333 ) ;
#565 = ORIENTED_EDGE ( 'NONE', *, *, #2331, .T. ) ;
#566 = CARTESIAN_POINT ( 'NONE',  ( -1.100000000000000311, 0.000000000000000000, -1.000000000000000000 ) ) ;
#567 = ADVANCED_FACE ( 'NONE', ( #1787 ), #243, .F. ) ;
#568 = CARTESIAN_POINT ( 'NONE',  ( 0.5650000000000012790, 0.05000000000000000278, -0.9000000000000003553 ) ) ;
#569 = ORIENTED_EDGE ( 'NONE', *, *, #1644, .F. ) ;
#570 = DIRECTION ( 'NONE',  ( 1.000000000000000000, 0.000000000000000000, 0.000000000000000000 ) ) ;
#571 = ORIENTED_EDGE ( 'NONE', *, *, #114, .T. ) ;
#572 = DIRECTION ( 'NONE',  ( 0.000000000000000000, 0.000000000000000000, -1.000000000000000000 ) ) ;
#573 = ORIENTED_EDGE ( 'NONE', *, *, #2396, .F. ) ;
#574 = CARTESIAN_POINT ( 'NONE',  ( 0.7249999999999993117, 0.2800000000000000266, 0.4156249999999997446 ) ) ;
#575 = VECTOR ( 'NONE', #120, 1000.000000000000000 ) ;
#576 = CARTESIAN_POINT ( 'NONE',  ( 0.5650000000000012790, 0.04999999999999999584, -0.9000000000000003553 ) ) ;
#577 = ORIENTED_EDGE ( 'NONE', *, *, #2285, .T. ) ;
#578 = CARTESIAN_POINT ( 'NONE',  ( -0.5649999999999999467, 0.04999999999999999584, 0.9000000000000001332 ) ) ;
#579 = STYLED_ITEM ( 'NONE', ( #150 ), #2327 ) ;
#580 = PLANE ( 'NONE',  #123 ) ;
#581 = CARTESIAN_POINT ( 'NONE',  ( 1.099999999999999867, 0.04999999999999999584, -0.2000000000000002054 ) ) ;
#582 = AXIS2_PLACEMENT_3D ( 'NONE', #148, #719, #1204 ) ;
#583 = VERTEX_POINT ( 'NONE', #2814 ) ;
#584 = CARTESIAN_POINT ( 'NONE',  ( 0.8073170731707310921, 0.04999999999999999584, -0.4341463414634152418 ) ) ;
#585 = LINE ( 'NONE', #288, #236 ) ;
#586 = EDGE_CURVE ( 'NONE', #1416, #2816, #501, .T. ) ;
#587 = CARTESIAN_POINT ( 'NONE',  ( 1.099999999999999867, 0.2800000000000000266, -1.000000000000000000 ) ) ;
#588 = DIRECTION ( 'NONE',  ( -0.000000000000000000, -1.000000000000000000, -0.000000000000000000 ) ) ;
#589 = VERTEX_POINT ( 'NONE', #766 ) ;
#590 = DIRECTION ( 'NONE',  ( 2.168404344971003346E-15, -0.000000000000000000, -1.000000000000000000 ) ) ;
#591 =( GEOMETRIC_REPRESENTATION_CONTEXT ( 3 ) GLOBAL_UNCERTAINTY_ASSIGNED_CONTEXT ( ( #669 ) ) GLOBAL_UNIT_ASSIGNED_CONTEXT ( ( #631, #2182, #493 ) ) REPRESENTATION_CONTEXT ( 'NONE', 'WORKASPACE' ) );
#592 = DIRECTION ( 'NONE',  ( -1.000000000000000000, 0.000000000000000000, -9.293161478447181990E-16 ) ) ;
#593 = CARTESIAN_POINT ( 'NONE',  ( -0.5649999999999999467, 0.04999999999999999584, 0.9000000000000001332 ) ) ;
#594 = EDGE_LOOP ( 'NONE', ( #1567, #1318, #1933, #1683 ) ) ;
#595 = ADVANCED_FACE ( 'NONE', ( #1800 ), #263, .T. ) ;
#596 = DIRECTION ( 'NONE',  ( -0.000000000000000000, -1.000000000000000000, -0.000000000000000000 ) ) ;
#597 = ORIENTED_EDGE ( 'NONE', *, *, #1634, .T. ) ;
#598 = EDGE_CURVE ( 'NONE', #207, #2778, #2756, .T. ) ;
#599 = CARTESIAN_POINT ( 'NONE',  ( -0.7999999999999998224, 0.2800000000000000266, 0.8999999999999998002 ) ) ;
#600 = DIRECTION ( 'NONE',  ( 0.000000000000000000, 1.000000000000000000, -0.000000000000000000 ) ) ;
#601 = LINE ( 'NONE', #3190, #2093 ) ;
#602 = VERTEX_POINT ( 'NONE', #2507 ) ;
#603 = CARTESIAN_POINT ( 'NONE',  ( -0.5649999999999998357, 0.000000000000000000, 0.2000000000000001221 ) ) ;
#604 = EDGE_CURVE ( 'NONE', #1685, #136, #2291, .T. ) ;
#605 = DIRECTION ( 'NONE',  ( -0.000000000000000000, 1.000000000000000000, -0.000000000000000000 ) ) ;
#606 = DIRECTION ( 'NONE',  ( 0.000000000000000000, 0.000000000000000000, 1.000000000000000000 ) ) ;
#607 = EDGE_LOOP ( 'NONE', ( #245, #3238, #609, #2202 ) ) ;
#608 = CARTESIAN_POINT ( 'NONE',  ( 0.5650000000000000577, 0.04999999999999999584, 0.2000000000000002609 ) ) ;
#609 = ORIENTED_EDGE ( 'NONE', *, *, #2167, .T. ) ;
#610 = CARTESIAN_POINT ( 'NONE',  ( -0.5149999999999997913, 0.005000000000000000104, 1.000000000000000222 ) ) ;
#611 = PRESENTATION_STYLE_ASSIGNMENT (( #2933 ) ) ;
#612 = VECTOR ( 'NONE', #1554, 1000.000000000000000 ) ;
#613 = ORIENTED_EDGE ( 'NONE', *, *, #3033, .F. ) ;
#614 = LINE ( 'NONE', #2647, #2729 ) ;
#615 = VERTEX_POINT ( 'NONE', #305 ) ;
#616 = DIRECTION ( 'NONE',  ( 0.000000000000000000, 0.000000000000000000, -1.000000000000000000 ) ) ;
#617 = CIRCLE ( 'NONE', #3268, 0.5000000000000002220 ) ;
#618 = CARTESIAN_POINT ( 'NONE',  ( 0.5649999999999999467, 0.000000000000000000, 0.9000000000000002442 ) ) ;
#619 = ADVANCED_FACE ( 'NONE', ( #329 ), #1309, .T. ) ;
#620 = CARTESIAN_POINT ( 'NONE',  ( 1.099999999999999867, 0.04999999999999999584, -0.5000000000000007772 ) ) ;
#621 = EDGE_CURVE ( 'NONE', #3202, #711, #1253, .T. ) ;
#622 = EDGE_LOOP ( 'NONE', ( #1398, #2540, #2622, #2157 ) ) ;
#623 = ADVANCED_FACE ( 'NONE', ( #2338 ), #831, .T. ) ;
#624 = AXIS2_PLACEMENT_3D ( 'NONE', #862, #69, #2637 ) ;
#625 = EDGE_CURVE ( 'NONE', #2922, #1251, #1352, .T. ) ;
#626 = CYLINDRICAL_SURFACE ( 'NONE', #2190, 0.1999999999999999833 ) ;
#627 = VECTOR ( 'NONE', #2470, 1000.000000000000000 ) ;
#628 =( NAMED_UNIT ( * ) PLANE_ANGLE_UNIT ( ) SI_UNIT ( $, .RADIAN. ) );
#629 = DIRECTION ( 'NONE',  ( -1.000000000000000000, 0.000000000000000000, 0.000000000000000000 ) ) ;
#630 = ORIENTED_EDGE ( 'NONE', *, *, #3237, .F. ) ;
#631 =( LENGTH_UNIT ( ) NAMED_UNIT ( * ) SI_UNIT ( .MILLI., .METRE. ) );
#632 = ADVANCED_FACE ( 'NONE', ( #2905 ), #318, .F. ) ;
#633 = ORIENTED_EDGE ( 'NONE', *, *, #1391, .F. ) ;
#634 = DIRECTION ( 'NONE',  ( 0.000000000000000000, 0.000000000000000000, 1.000000000000000000 ) ) ;
#635 = ORIENTED_EDGE ( 'NONE', *, *, #1909, .F. ) ;
#636 = DIRECTION ( 'NONE',  ( 2.336741503768149429E-15, 0.000000000000000000, 1.000000000000000000 ) ) ;
#637 = DIRECTION ( 'NONE',  ( 0.000000000000000000, 1.000000000000000000, -0.000000000000000000 ) ) ;
#638 = EDGE_CURVE ( 'NONE', #1407, #837, #1078, .T. ) ;
#639 = CARTESIAN_POINT ( 'NONE',  ( 1.100000000000000089, 0.04999999999999999584, -0.9000000000000002442 ) ) ;
#640 = ORIENTED_EDGE ( 'NONE', *, *, #3361, .F. ) ;
#641 = AXIS2_PLACEMENT_3D ( 'NONE', #2939, #3178, #636 ) ;
#642 = FACE_OUTER_BOUND ( 'NONE', #2275, .T. ) ;
#643 = DIRECTION ( 'NONE',  ( 1.000000000000000000, 0.000000000000000000, 0.000000000000000000 ) ) ;
#644 = CARTESIAN_POINT ( 'NONE',  ( 0.7249999999999993117, 0.2800000000000000266, 0.4156249999999997446 ) ) ;
#645 = LINE ( 'NONE', #587, #700 ) ;
#646 = VERTEX_POINT ( 'NONE', #566 ) ;
#647 = CYLINDRICAL_SURFACE ( 'NONE', #1917, 0.5000000000000002220 ) ;
#648 = EDGE_LOOP ( 'NONE', ( #448, #2107, #487, #54, #2496 ) ) ;
#649 = DIRECTION ( 'NONE',  ( 0.000000000000000000, 1.000000000000000000, -0.000000000000000000 ) ) ;
#650 = LINE ( 'NONE', #1689, #3164 ) ;
#651 = CARTESIAN_POINT ( 'NONE',  ( -1.099999999999999867, 0.05000000000000000278, -0.2000000000000004829 ) ) ;
#652 = ORIENTED_EDGE ( 'NONE', *, *, #1560, .F. ) ;
#653 = DIRECTION ( 'NONE',  ( 1.084202172485504434E-15, 0.000000000000000000, 1.000000000000000000 ) ) ;
#654 = LINE ( 'NONE', #2272, #3284 ) ;
#655 = VECTOR ( 'NONE', #1843, 1000.000000000000000 ) ;
#656 = ORIENTED_EDGE ( 'NONE', *, *, #2433, .T. ) ;
#657 = FILL_AREA_STYLE ('',( #2179 ) ) ;
#658 = LINE ( 'NONE', #2689, #1097 ) ;
#659 = DIRECTION ( 'NONE',  ( 0.000000000000000000, -1.000000000000000000, 0.000000000000000000 ) ) ;
#660 = EDGE_CURVE ( 'NONE', #1129, #1990, #1621, .T. ) ;
#661 = EDGE_CURVE ( 'NONE', #276, #60, #277, .T. ) ;
#662 = EDGE_CURVE ( 'NONE', #3048, #101, #3116, .T. ) ;
#663 = VERTEX_POINT ( 'NONE', #3150 ) ;
#664 = CARTESIAN_POINT ( 'NONE',  ( -0.5649999999999999467, 0.05000000000000000278, 0.9000000000000001332 ) ) ;
#665 = VERTEX_POINT ( 'NONE', #1590 ) ;
#666 = CARTESIAN_POINT ( 'NONE',  ( -0.7250000000000004219, 0.04999999999999999584, -1.434091688094081277E-16 ) ) ;
#667 = CARTESIAN_POINT ( 'NONE',  ( -0.5650000000000008349, 0.04999999999999999584, -0.9000000000000004663 ) ) ;
#668 = CARTESIAN_POINT ( 'NONE',  ( -0.1000000000000001582, 0.005000000000000000104, 1.000000000000000222 ) ) ;
#669 = UNCERTAINTY_MEASURE_WITH_UNIT (LENGTH_MEASURE( 1.000000000000000082E-05 ), #631, 'distance_accuracy_value', 'NONE');
#670 = EDGE_LOOP ( 'NONE', ( #573, #2699, #1551, #3351, #2754 ) ) ;
#671 = CARTESIAN_POINT ( 'NONE',  ( -1.100000000000000311, 0.05000000000000000278, 0.5000000000000001110 ) ) ;
#672 = DIRECTION ( 'NONE',  ( 0.000000000000000000, 0.000000000000000000, 1.000000000000000000 ) ) ;
#673 = EDGE_LOOP ( 'NONE', ( #889, #2630, #1783, #366 ) ) ;
#674 = VECTOR ( 'NONE', #1295, 1000.000000000000000 ) ;
#675 = VERTEX_POINT ( 'NONE', #800 ) ;
#676 = AXIS2_PLACEMENT_3D ( 'NONE', #1406, #1470, #2734 ) ;
#677 = AXIS2_PLACEMENT_3D ( 'NONE', #199, #1450, #2539 ) ;
#678 = VECTOR ( 'NONE', #2714, 1000.000000000000000 ) ;
#679 = ADVANCED_FACE ( 'NONE', ( #2635 ), #2070, .F. ) ;
#680 = DIRECTION ( 'NONE',  ( -0.000000000000000000, 1.000000000000000000, -0.000000000000000000 ) ) ;
#681 = COLOUR_RGB ( '',0.7921568627450980005, 0.8196078431372548767, 0.9333333333333333481 ) ;
#682 = DIRECTION ( 'NONE',  ( -0.000000000000000000, -1.000000000000000000, -0.000000000000000000 ) ) ;
#683 = EDGE_LOOP ( 'NONE', ( #2169, #2551, #2904, #2725 ) ) ;
#684 = DIRECTION ( 'NONE',  ( 0.000000000000000000, -0.000000000000000000, 1.000000000000000000 ) ) ;
#685 = EDGE_CURVE ( 'NONE', #723, #2091, #2873, .T. ) ;
#686 = ORIENTED_EDGE ( 'NONE', *, *, #1277, .F. ) ;
#687 = CARTESIAN_POINT ( 'NONE',  ( 1.099999999999999867, 0.000000000000000000, -1.000000000000000000 ) ) ;
#688 = DIRECTION ( 'NONE',  ( -1.000000000000000000, 0.000000000000000000, 2.336741503768149429E-15 ) ) ;
#689 = DIRECTION ( 'NONE',  ( 0.000000000000000000, 0.000000000000000000, 1.000000000000000000 ) ) ;
#690 = VERTEX_POINT ( 'NONE', #2372 ) ;
#691 = LINE ( 'NONE', #1217, #3130 ) ;
#692 = DIRECTION ( 'NONE',  ( 0.000000000000000000, 0.000000000000000000, 1.000000000000000000 ) ) ;
#693 = LINE ( 'NONE', #186, #2098 ) ;
#694 = EDGE_CURVE ( 'NONE', #858, #1685, #1831, .T. ) ;
#695 = ORIENTED_EDGE ( 'NONE', *, *, #330, .F. ) ;
#696 = ORIENTED_EDGE ( 'NONE', *, *, #980, .T. ) ;
#697 = CIRCLE ( 'NONE', #1610, 0.5000000000000002220 ) ;
#698 = DIRECTION ( 'NONE',  ( -1.000000000000000000, -0.000000000000000000, -4.053092233590673219E-16 ) ) ;
#699 = EDGE_CURVE ( 'NONE', #2292, #1651, #3102, .T. ) ;
#700 = VECTOR ( 'NONE', #1682, 1000.000000000000000 ) ;
#701 = CARTESIAN_POINT ( 'NONE',  ( 1.099999999999999867, 0.000000000000000000, -0.2999999999999997113 ) ) ;
#702 = PLANE ( 'NONE',  #885 ) ;
#703 = ORIENTED_EDGE ( 'NONE', *, *, #3038, .F. ) ;
#704 = DIRECTION ( 'NONE',  ( -1.548860246407863583E-16, -0.000000000000000000, 1.000000000000000000 ) ) ;
#705 = ADVANCED_FACE ( 'NONE', ( #1605 ), #779, .T. ) ;
#706 = ORIENTED_EDGE ( 'NONE', *, *, #1306, .T. ) ;
#707 = CARTESIAN_POINT ( 'NONE',  ( 1.099999999999999867, 0.04999999999999999584, -0.5000000000000007772 ) ) ;
#708 = ORIENTED_EDGE ( 'NONE', *, *, #2894, .T. ) ;
#709 = CYLINDRICAL_SURFACE ( 'NONE', #2641, 0.1999999999999999833 ) ;
#710 = DIRECTION ( 'NONE',  ( 0.000000000000000000, 1.000000000000000000, -0.000000000000000000 ) ) ;
#711 = VERTEX_POINT ( 'NONE', #552 ) ;
#712 = CARTESIAN_POINT ( 'NONE',  ( -1.100000000000000311, 0.2800000000000000266, 0.5000000000000001110 ) ) ;
#713 = ORIENTED_EDGE ( 'NONE', *, *, #1132, .F. ) ;
#714 = CYLINDRICAL_SURFACE ( 'NONE', #1171, 0.7000000000000011768 ) ;
#715 =( LENGTH_UNIT ( ) NAMED_UNIT ( * ) SI_UNIT ( .MILLI., .METRE. ) );
#716 = CARTESIAN_POINT ( 'NONE',  ( -1.100000000000000311, 0.04999999999999999584, -0.4999999999999998890 ) ) ;
#717 = ORIENTED_EDGE ( 'NONE', *, *, #2642, .F. ) ;
#718 = ORIENTED_EDGE ( 'NONE', *, *, #2155, .T. ) ;
#719 = DIRECTION ( 'NONE',  ( -2.026546116795340307E-16, 0.000000000000000000, -1.000000000000000000 ) ) ;
#720 = CARTESIAN_POINT ( 'NONE',  ( 1.100000000000000311, 0.04999999999999999584, -0.2000000000000002054 ) ) ;
#721 = CARTESIAN_POINT ( 'NONE',  ( 1.099999999999999867, 0.2800000000000000266, 0.000000000000000000 ) ) ;
#722 = EDGE_CURVE ( 'NONE', #1425, #2471, #1576, .T. ) ;
#723 = VERTEX_POINT ( 'NONE', #2977 ) ;
#724 = LINE ( 'NONE', #2744, #913 ) ;
#725 = DIRECTION ( 'NONE',  ( 0.000000000000000000, 1.000000000000000000, 0.000000000000000000 ) ) ;
#726 = DIRECTION ( 'NONE',  ( -1.000000000000000000, -0.000000000000000000, -0.000000000000000000 ) ) ;
#727 = EDGE_LOOP ( 'NONE', ( #3228, #3249, #412, #1448, #2063, #718 ) ) ;
#728 = LINE ( 'NONE', #202, #36 ) ;
#729 = FACE_OUTER_BOUND ( 'NONE', #1863, .T. ) ;
#730 = ORIENTED_EDGE ( 'NONE', *, *, #2077, .T. ) ;
#731 = LINE ( 'NONE', #965, #2537 ) ;
#732 = CARTESIAN_POINT ( 'NONE',  ( -0.5149999999999995692, 0.005000000000000000104, -1.000000000000000000 ) ) ;
#733 = ADVANCED_FACE ( 'NONE', ( #1702 ), #139, .T. ) ;
#734 = CARTESIAN_POINT ( 'NONE',  ( 1.099999999999999867, 0.2800000000000000266, -1.000000000000000000 ) ) ;
#735 = ORIENTED_EDGE ( 'NONE', *, *, #3195, .F. ) ;
#736 = ADVANCED_FACE ( 'NONE', ( #2447 ), #116, .T. ) ;
#737 = EDGE_LOOP ( 'NONE', ( #3090, #3106, #2076, #2465, #3023 ) ) ;
#738 = DIRECTION ( 'NONE',  ( -0.000000000000000000, 1.000000000000000000, -0.000000000000000000 ) ) ;
#739 = VECTOR ( 'NONE', #331, 1000.000000000000000 ) ;
#740 = LINE ( 'NONE', #1313, #3166 ) ;
#741 = FACE_OUTER_BOUND ( 'NONE', #375, .T. ) ;
#742 = COLOUR_RGB ( '',0.000000000000000000, 1.000000000000000000, 0.000000000000000000 ) ;
#743 = DIRECTION ( 'NONE',  ( 0.000000000000000000, -0.000000000000000000, -1.000000000000000000 ) ) ;
#744 = VECTOR ( 'NONE', #195, 1000.000000000000000 ) ;
#745 = VECTOR ( 'NONE', #1345, 1000.000000000000000 ) ;
#746 = DIRECTION ( 'NONE',  ( 0.000000000000000000, -1.000000000000000000, 0.000000000000000000 ) ) ;
#747 = ORIENTED_EDGE ( 'NONE', *, *, #165, .F. ) ;
#748 = LINE ( 'NONE', #3071, #2379 ) ;
#749 = DIRECTION ( 'NONE',  ( 0.000000000000000000, 1.000000000000000000, 0.000000000000000000 ) ) ;
#750 = VERTEX_POINT ( 'NONE', #1672 ) ;
#751 = EDGE_LOOP ( 'NONE', ( #1721, #2337, #2525, #3092, #262, #772 ) ) ;
#752 = DIRECTION ( 'NONE',  ( 0.000000000000000000, 1.000000000000000000, 0.000000000000000000 ) ) ;
#753 = EDGE_CURVE ( 'NONE', #527, #2644, #2543, .T. ) ;
#754 = DIRECTION ( 'NONE',  ( 1.000000000000000000, -0.000000000000000000, 0.000000000000000000 ) ) ;
#755 = VERTEX_POINT ( 'NONE', #104 ) ;
#756 = EDGE_LOOP ( 'NONE', ( #1851, #2619, #2928, #696 ) ) ;
#757 = ORIENTED_EDGE ( 'NONE', *, *, #1391, .T. ) ;
#758 = FACE_OUTER_BOUND ( 'NONE', #520, .T. ) ;
#759 = PLANE ( 'NONE',  #1490 ) ;
#760 = LINE ( 'NONE', #1794, #2625 ) ;
#761 = VECTOR ( 'NONE', #1870, 1000.000000000000000 ) ;
#762 =( LENGTH_UNIT ( ) NAMED_UNIT ( * ) SI_UNIT ( .MILLI., .METRE. ) );
#763 = DIRECTION ( 'NONE',  ( -0.000000000000000000, -1.000000000000000000, -0.000000000000000000 ) ) ;
#764 = DIRECTION ( 'NONE',  ( 1.000000000000000000, -0.000000000000000000, 0.000000000000000000 ) ) ;
#765 = ORIENTED_EDGE ( 'NONE', *, *, #11, .F. ) ;
#766 = CARTESIAN_POINT ( 'NONE',  ( -1.100000000000000311, 0.2800000000000000266, -0.2000000000000012601 ) ) ;
#767 = DIRECTION ( 'NONE',  ( 1.000000000000000000, 0.000000000000000000, -2.026546116795335870E-16 ) ) ;
#768 = ORIENTED_EDGE ( 'NONE', *, *, #1806, .F. ) ;
#769 = VERTEX_POINT ( 'NONE', #603 ) ;
#770 = DIRECTION ( 'NONE',  ( 1.978057500819421423E-16, 0.000000000000000000, -1.000000000000000000 ) ) ;
#771 = DIRECTION ( 'NONE',  ( 0.000000000000000000, 1.000000000000000000, -0.000000000000000000 ) ) ;
#772 = ORIENTED_EDGE ( 'NONE', *, *, #2562, .T. ) ;
#773 = EDGE_CURVE ( 'NONE', #2457, #837, #2173, .T. ) ;
#774 = CARTESIAN_POINT ( 'NONE',  ( 0.7249999999999994227, 0.2800000000000000266, 0.5000000000000001110 ) ) ;
#775 = CLOSED_SHELL ( 'NONE', ( #994, #1476, #371, #705, #1089, #2422, #2421, #3108, #2917, #2006, #2133, #824, #73 ) ) ;
#776 = ADVANCED_FACE ( 'NONE', ( #3241 ), #1175, .F. ) ;
#777 = DIRECTION ( 'NONE',  ( 0.000000000000000000, -1.000000000000000000, 0.000000000000000000 ) ) ;
#778 = EDGE_LOOP ( 'NONE', ( #708, #2185, #2684, #2909 ) ) ;
#779 = PLANE ( 'NONE',  #1670 ) ;
#780 = SHAPE_DEFINITION_REPRESENTATION ( #1149, #2510 ) ;
#781 = PRODUCT ( 'WS2812C-2020', 'WS2812C-2020', '', ( #20 ) ) ;
#782 = FACE_OUTER_BOUND ( 'NONE', #2862, .T. ) ;
#783 = ORIENTED_EDGE ( 'NONE', *, *, #11, .T. ) ;
#784 = ORIENTED_EDGE ( 'NONE', *, *, #1126, .T. ) ;
#785 = VECTOR ( 'NONE', #1300, 1000.000000000000000 ) ;
#786 = CARTESIAN_POINT ( 'NONE',  ( -1.099999999999999645, 0.04999999999999999584, -0.9000000000000003553 ) ) ;
#787 = EDGE_CURVE ( 'NONE', #1754, #2444, #1140, .T. ) ;
#788 = VECTOR ( 'NONE', #3061, 1000.000000000000000 ) ;
#789 = ADVANCED_FACE ( 'NONE', ( #2204 ), #1686, .F. ) ;
#790 = CIRCLE ( 'NONE', #1501, 0.1999999999999999833 ) ;
#791 = ADVANCED_FACE ( 'NONE', ( #2143 ), #65, .T. ) ;
#792 = PLANE ( 'NONE',  #149 ) ;
#793 = AXIS2_PLACEMENT_3D ( 'NONE', #3316, #2236, #1962 ) ;
#794 = VECTOR ( 'NONE', #770, 1000.000000000000000 ) ;
#795 = EDGE_CURVE ( 'NONE', #3204, #379, #495, .T. ) ;
#796 = LINE ( 'NONE', #1588, #1226 ) ;
#797 = VECTOR ( 'NONE', #1574, 1000.000000000000000 ) ;
#798 = AXIS2_PLACEMENT_3D ( 'NONE', #912, #2775, #672 ) ;
#799 = ORIENTED_EDGE ( 'NONE', *, *, #3354, .F. ) ;
#800 = CARTESIAN_POINT ( 'NONE',  ( -0.5149999999999995692, 0.000000000000000000, -1.000000000000000000 ) ) ;
#801 = DIRECTION ( 'NONE',  ( 0.000000000000000000, -0.000000000000000000, -1.000000000000000000 ) ) ;
#802 = VERTEX_POINT ( 'NONE', #2961 ) ;
#803 = DIRECTION ( 'NONE',  ( 0.000000000000000000, 1.000000000000000000, -0.000000000000000000 ) ) ;
#804 = ORIENTED_EDGE ( 'NONE', *, *, #811, .T. ) ;
#805 = EDGE_CURVE ( 'NONE', #1536, #90, #380, .T. ) ;
#806 = EDGE_CURVE ( 'NONE', #2142, #1502, #2158, .T. ) ;
#807 =( NAMED_UNIT ( * ) SI_UNIT ( $, .STERADIAN. ) SOLID_ANGLE_UNIT ( ) );
#808 = ORIENTED_EDGE ( 'NONE', *, *, #87, .T. ) ;
#809 = ADVANCED_FACE ( 'NONE', ( #1417 ), #398, .F. ) ;
#810 = CARTESIAN_POINT ( 'NONE',  ( -0.5149999999999997913, 0.000000000000000000, 1.000000000000000222 ) ) ;
#811 = EDGE_CURVE ( 'NONE', #3266, #3357, #272, .T. ) ;
#812 = LINE ( 'NONE', #1845, #1457 ) ;
#813 = CIRCLE ( 'NONE', #1246, 0.3000000000000005440 ) ;
#814 = COLOUR_RGB ( '',0.7529411764705882248, 0.7529411764705882248, 0.7529411764705882248 ) ;
#815 = CARTESIAN_POINT ( 'NONE',  ( 1.099999999999999867, 0.05000000000000000278, 0.9000000000000003553 ) ) ;
#816 = ORIENTED_EDGE ( 'NONE', *, *, #2489, .F. ) ;
#817 = CARTESIAN_POINT ( 'NONE',  ( 1.099999999999999867, 0.04999999999999999584, -0.5000000000000007772 ) ) ;
#818 = APPLICATION_PROTOCOL_DEFINITION ( 'draft international standard', 'automotive_design', 1998, #2656 ) ;
#819 = DIRECTION ( 'NONE',  ( 0.000000000000000000, 1.000000000000000000, -0.000000000000000000 ) ) ;
#820 = ORIENTED_EDGE ( 'NONE', *, *, #685, .T. ) ;
#821 = ORIENTED_EDGE ( 'NONE', *, *, #419, .F. ) ;
#822 = CARTESIAN_POINT ( 'NONE',  ( -0.5650000000000003908, 0.04999999999999999584, -0.2000000000000005385 ) ) ;
#823 = ORIENTED_EDGE ( 'NONE', *, *, #3354, .T. ) ;
#824 = ADVANCED_FACE ( 'NONE', ( #2923 ), #1636, .F. ) ;
#825 = CARTESIAN_POINT ( 'NONE',  ( 0.7249999999999999778, 0.2800000000000000266, -0.5000000000000008882 ) ) ;
#826 = DIRECTION ( 'NONE',  ( -1.000000000000000000, 0.000000000000000000, 0.000000000000000000 ) ) ;
#827 = EDGE_LOOP ( 'NONE', ( #1150, #2704, #3320, #1005, #1209, #695, #1646, #1655, #1467, #2582, #294, #2898 ) ) ;
#828 = CARTESIAN_POINT ( 'NONE',  ( -0.7250000000000000888, 0.8400000000000000799, -1.000000000000000000 ) ) ;
#829 = CARTESIAN_POINT ( 'NONE',  ( -1.100000000000000311, 0.04999999999999999584, -0.9000000000000011324 ) ) ;
#830 = EDGE_LOOP ( 'NONE', ( #1957, #1340, #1112, #928 ) ) ;
#831 = CYLINDRICAL_SURFACE ( 'NONE', #1349, 0.3000000000000005440 ) ;
#832 = FACE_OUTER_BOUND ( 'NONE', #1472, .T. ) ;
#833 = CARTESIAN_POINT ( 'NONE',  ( -1.100000000000000311, 0.04999999999999999584, 0.5000000000000001110 ) ) ;
#834 = EDGE_LOOP ( 'NONE', ( #1030, #843, #83, #2230 ) ) ;
#835 = CARTESIAN_POINT ( 'NONE',  ( -0.5650000000000008349, 0.04999999999999999584, -0.9000000000000004663 ) ) ;
#836 = EDGE_CURVE ( 'NONE', #536, #2545, #1905, .T. ) ;
#837 = VERTEX_POINT ( 'NONE', #1236 ) ;
#838 = SURFACE_STYLE_FILL_AREA ( #2613 ) ;
#839 = CARTESIAN_POINT ( 'NONE',  ( 1.100000000000000089, 0.05000000000000000278, -0.9000000000000002442 ) ) ;
#840 = VECTOR ( 'NONE', #1405, 1000.000000000000000 ) ;
#841 = DIRECTION ( 'NONE',  ( -0.000000000000000000, 1.000000000000000000, -0.000000000000000000 ) ) ;
#842 = VECTOR ( 'NONE', #2401, 1000.000000000000000 ) ;
#843 = ORIENTED_EDGE ( 'NONE', *, *, #1126, .F. ) ;
#844 = DIRECTION ( 'NONE',  ( 0.000000000000000000, 0.000000000000000000, -1.000000000000000000 ) ) ;
#845 = AXIS2_PLACEMENT_3D ( 'NONE', #1858, #2114, #634 ) ;
#846 = DIRECTION ( 'NONE',  ( -0.000000000000000000, -0.000000000000000000, -1.000000000000000000 ) ) ;
#847 = VECTOR ( 'NONE', #1379, 1000.000000000000000 ) ;
#848 = LINE ( 'NONE', #1907, #2308 ) ;
#849 = VECTOR ( 'NONE', #1538, 1000.000000000000000 ) ;
#850 = ORIENTED_EDGE ( 'NONE', *, *, #1115, .F. ) ;
#851 = EDGE_CURVE ( 'NONE', #1747, #164, #697, .T. ) ;
#852 = CARTESIAN_POINT ( 'NONE',  ( 1.099999999999999867, 0.2800000000000000266, 0.000000000000000000 ) ) ;
#853 = CARTESIAN_POINT ( 'NONE',  ( 0.5650000000000012790, 0.000000000000000000, -0.9000000000000003553 ) ) ;
#854 = DIRECTION ( 'NONE',  ( 0.000000000000000000, 0.000000000000000000, 1.000000000000000000 ) ) ;
#855 = EDGE_CURVE ( 'NONE', #1416, #1358, #2222, .T. ) ;
#856 = DIRECTION ( 'NONE',  ( 0.000000000000000000, -1.000000000000000000, 0.000000000000000000 ) ) ;
#857 = VECTOR ( 'NONE', #1564, 1000.000000000000000 ) ;
#858 = VERTEX_POINT ( 'NONE', #1194 ) ;
#859 = DIRECTION ( 'NONE',  ( 0.000000000000000000, 1.000000000000000000, -0.000000000000000000 ) ) ;
#860 = AXIS2_PLACEMENT_3D ( 'NONE', #1947, #100, #2972 ) ;
#861 = CARTESIAN_POINT ( 'NONE',  ( -0.7250000000000004219, 0.04999999999999999584, -0.2000000000000005107 ) ) ;
#862 = CARTESIAN_POINT ( 'NONE',  ( -1.100000000000000311, 0.04999999999999999584, -0.5000000000000013323 ) ) ;
#863 = ORIENTED_EDGE ( 'NONE', *, *, #2521, .T. ) ;
#864 = PLANE ( 'NONE',  #1657 ) ;
#865 = DIRECTION ( 'NONE',  ( -0.000000000000000000, 1.000000000000000000, -0.000000000000000000 ) ) ;
#866 = ORIENTED_EDGE ( 'NONE', *, *, #806, .F. ) ;
#867 = DIRECTION ( 'NONE',  ( 0.000000000000000000, 0.000000000000000000, 1.000000000000000000 ) ) ;
#868 = EDGE_CURVE ( 'NONE', #2557, #1584, #748, .T. ) ;
#869 = ADVANCED_FACE ( 'NONE', ( #223 ), #1257, .T. ) ;
#870 = ORIENTED_EDGE ( 'NONE', *, *, #1912, .T. ) ;
#871 = CARTESIAN_POINT ( 'NONE',  ( -0.5149999999999997913, 0.005000000000000000104, 1.000000000000000222 ) ) ;
#872 = EDGE_CURVE ( 'NONE', #2741, #3063, #728, .T. ) ;
#873 = EDGE_CURVE ( 'NONE', #2739, #2188, #2810, .T. ) ;
#874 = ORIENTED_EDGE ( 'NONE', *, *, #3001, .T. ) ;
#875 = DIRECTION ( 'NONE',  ( 1.000000000000000000, -0.000000000000000000, 0.000000000000000000 ) ) ;
#876 = DIRECTION ( 'NONE',  ( -9.293161478447183962E-16, 0.000000000000000000, 1.000000000000000000 ) ) ;
#877 = DIRECTION ( 'NONE',  ( 0.000000000000000000, 0.000000000000000000, 1.000000000000000000 ) ) ;
#878 = VERTEX_POINT ( 'NONE', #157 ) ;
#879 = CARTESIAN_POINT ( 'NONE',  ( 0.7249999999999998668, 4.150323865407125723, 1.000000000000000000 ) ) ;
#880 = PRESENTATION_LAYER_ASSIGNMENT (  '', '', ( #1049 ) ) ;
#881 =( NAMED_UNIT ( * ) SI_UNIT ( $, .STERADIAN. ) SOLID_ANGLE_UNIT ( ) );
#882 = CARTESIAN_POINT ( 'NONE',  ( -0.09999999999999982514, 0.000000000000000000, -1.000000000000000000 ) ) ;
#883 = ORIENTED_EDGE ( 'NONE', *, *, #1056, .F. ) ;
#884 = DIRECTION ( 'NONE',  ( 1.000000000000000000, -0.000000000000000000, 1.626303258728256898E-16 ) ) ;
#885 = AXIS2_PLACEMENT_3D ( 'NONE', #1282, #269, #3296 ) ;
#886 = EDGE_CURVE ( 'NONE', #527, #2988, #1530, .T. ) ;
#887 = ORIENTED_EDGE ( 'NONE', *, *, #3295, .T. ) ;
#888 = CARTESIAN_POINT ( 'NONE',  ( -0.7250000000000003109, 0.05000000000000000278, -0.4999999999999997780 ) ) ;
#889 = ORIENTED_EDGE ( 'NONE', *, *, #1177, .F. ) ;
#890 = DIRECTION ( 'NONE',  ( -0.000000000000000000, -1.000000000000000000, -0.000000000000000000 ) ) ;
#891 = VECTOR ( 'NONE', #1955, 1000.000000000000000 ) ;
#892 = CARTESIAN_POINT ( 'NONE',  ( 0.7250000000000010880, 0.04999999999999999584, -1.694137590231911097E-15 ) ) ;
#893 = CARTESIAN_POINT ( 'NONE',  ( -1.100000000000000089, 0.2800000000000000266, 0.3000000000000001554 ) ) ;
#894 = CIRCLE ( 'NONE', #677, 0.3000000000000002665 ) ;
#895 = ORIENTED_EDGE ( 'NONE', *, *, #2469, .F. ) ;
#896 = AXIS2_PLACEMENT_3D ( 'NONE', #2516, #452, #1464 ) ;
#897 = CARTESIAN_POINT ( 'NONE',  ( -1.099999999999999645, 0.04999999999999999584, -0.9000000000000003553 ) ) ;
#898 = STYLED_ITEM ( 'NONE', ( #1735 ), #2383 ) ;
#899 = VERTEX_POINT ( 'NONE', #3257 ) ;
#900 = ADVANCED_FACE ( 'NONE', ( #2263 ), #1014, .T. ) ;
#901 = CARTESIAN_POINT ( 'NONE',  ( -0.5149999999999995692, 0.005000000000000000104, -1.000000000000000000 ) ) ;
#902 = ORIENTED_EDGE ( 'NONE', *, *, #1928, .T. ) ;
#903 = DIRECTION ( 'NONE',  ( 0.000000000000000000, 1.000000000000000000, 0.000000000000000000 ) ) ;
#904 = ADVANCED_FACE ( 'NONE', ( #1764 ), #438, .F. ) ;
#905 = ORIENTED_EDGE ( 'NONE', *, *, #550, .T. ) ;
#906 = DIRECTION ( 'NONE',  ( 0.000000000000000000, -1.000000000000000000, 0.000000000000000000 ) ) ;
#907 = DIRECTION ( 'NONE',  ( 0.000000000000000000, 1.000000000000000000, 0.000000000000000000 ) ) ;
#908 = CARTESIAN_POINT ( 'NONE',  ( 1.100000000000000089, 0.05000000000000000278, -0.9000000000000002442 ) ) ;
#909 = EDGE_LOOP ( 'NONE', ( #3030, #1105, #1222, #156 ) ) ;
#910 = CARTESIAN_POINT ( 'NONE',  ( -1.100000000000000311, 0.2800000000000000266, -0.4999999999999998890 ) ) ;
#911 = VECTOR ( 'NONE', #1797, 1000.000000000000000 ) ;
#912 = CARTESIAN_POINT ( 'NONE',  ( -1.100000000000000311, 0.04999999999999999584, 0.5000000000000000000 ) ) ;
#913 = VECTOR ( 'NONE', #3274, 1000.000000000000000 ) ;
#914 = FILL_AREA_STYLE ('',( #2718 ) ) ;
#915 = CARTESIAN_POINT ( 'NONE',  ( 1.099999999999999867, 0.2800000000000000266, 0.4999999999999993339 ) ) ;
#916 = CYLINDRICAL_SURFACE ( 'NONE', #1211, 0.5000000000000000000 ) ;
#917 = CARTESIAN_POINT ( 'NONE',  ( -0.7250000000000003109, 0.05000000000000000278, -0.6391941090707520257 ) ) ;
#918 = EDGE_CURVE ( 'NONE', #1848, #2091, #979, .T. ) ;
#919 = EDGE_LOOP ( 'NONE', ( #2875, #1643, #1902, #863 ) ) ;
#920 = DIRECTION ( 'NONE',  ( 0.000000000000000000, 0.000000000000000000, 1.000000000000000000 ) ) ;
#921 = VERTEX_POINT ( 'NONE', #2768 ) ;
#922 = DIRECTION ( 'NONE',  ( 1.548860246407863583E-16, 0.000000000000000000, -1.000000000000000000 ) ) ;
#923 = CARTESIAN_POINT ( 'NONE',  ( -1.100000000000000311, 0.000000000000000000, -1.000000000000000000 ) ) ;
#924 = CARTESIAN_POINT ( 'NONE',  ( 1.099999999999999867, 0.04999999999999999584, 0.1999999999999999556 ) ) ;
#925 = EDGE_LOOP ( 'NONE', ( #171, #3248, #1438, #3129, #1308, #482 ) ) ;
#926 = CARTESIAN_POINT ( 'NONE',  ( -0.5650000000000008349, 0.000000000000000000, -0.9000000000000004663 ) ) ;
#927 = CARTESIAN_POINT ( 'NONE',  ( 0.5649999999999999467, 0.000000000000000000, 0.9000000000000002442 ) ) ;
#928 = ORIENTED_EDGE ( 'NONE', *, *, #2012, .T. ) ;
#929 = VERTEX_POINT ( 'NONE', #940 ) ;
#930 = LINE ( 'NONE', #1166, #2095 ) ;
#931 = EDGE_CURVE ( 'NONE', #2457, #3124, #2501, .T. ) ;
#932 = CARTESIAN_POINT ( 'NONE',  ( -1.099999999999999867, 0.04999999999999999584, 0.9000000000000002442 ) ) ;
#933 = CARTESIAN_POINT ( 'NONE',  ( 0.5650000000000012790, 0.04999999999999999584, -0.9000000000000003553 ) ) ;
#934 = CARTESIAN_POINT ( 'NONE',  ( -0.5649999999999999467, 0.000000000000000000, 0.9000000000000001332 ) ) ;
#935 = EDGE_LOOP ( 'NONE', ( #2692, #2045, #2863, #2217 ) ) ;
#936 = DIRECTION ( 'NONE',  ( -1.284980352575413882E-15, 0.000000000000000000, 1.000000000000000000 ) ) ;
#937 = AXIS2_PLACEMENT_3D ( 'NONE', #2826, #1294, #2320 ) ;
#938 = AXIS2_PLACEMENT_3D ( 'NONE', #1793, #1525, #2554 ) ;
#939 = ORIENTED_EDGE ( 'NONE', *, *, #1520, .T. ) ;
#940 = CARTESIAN_POINT ( 'NONE',  ( 1.099999999999999867, 0.2800000000000000266, 0.2999999999999999334 ) ) ;
#941 = FACE_OUTER_BOUND ( 'NONE', #1894, .T. ) ;
#942 = DIRECTION ( 'NONE',  ( -0.000000000000000000, -1.000000000000000000, -0.000000000000000000 ) ) ;
#943 = ORIENTED_EDGE ( 'NONE', *, *, #2044, .F. ) ;
#944 = VECTOR ( 'NONE', #158, 1000.000000000000000 ) ;
#945 = LINE ( 'NONE', #1439, #575 ) ;
#946 = CYLINDRICAL_SURFACE ( 'NONE', #798, 0.7000000000000011768 ) ;
#947 = CIRCLE ( 'NONE', #70, 0.1999999999999999833 ) ;
#948 = ORIENTED_EDGE ( 'NONE', *, *, #1741, .T. ) ;
#949 = ADVANCED_FACE ( 'NONE', ( #2822 ), #1969, .T. ) ;
#950 = ORIENTED_EDGE ( 'NONE', *, *, #685, .F. ) ;
#951 = AXIS2_PLACEMENT_3D ( 'NONE', #833, #2106, #972 ) ;
#952 = AXIS2_PLACEMENT_3D ( 'NONE', #543, #1007, #1568 ) ;
#953 = SURFACE_STYLE_USAGE ( .BOTH. , #3267 ) ;
#954 = VECTOR ( 'NONE', #2318, 1000.000000000000000 ) ;
#955 = DIRECTION ( 'NONE',  ( -1.000000000000000000, 0.000000000000000000, -4.053092233590669768E-16 ) ) ;
#956 = ORIENTED_EDGE ( 'NONE', *, *, #2682, .T. ) ;
#957 = FACE_OUTER_BOUND ( 'NONE', #1904, .T. ) ;
#958 = ORIENTED_EDGE ( 'NONE', *, *, #1084, .F. ) ;
#959 = CARTESIAN_POINT ( 'NONE',  ( -0.5649999999999998357, 0.000000000000000000, 0.2000000000000001221 ) ) ;
#960 = EDGE_LOOP ( 'NONE', ( #635, #1451, #2477, #361 ) ) ;
#961 = DIRECTION ( 'NONE',  ( 0.000000000000000000, 1.000000000000000000, 0.000000000000000000 ) ) ;
#962 = CARTESIAN_POINT ( 'NONE',  ( -0.5650000000000003908, 0.04999999999999999584, -0.2000000000000005385 ) ) ;
#963 = CARTESIAN_POINT ( 'NONE',  ( -0.1000000000000001582, 0.005000000000000000104, 1.000000000000000222 ) ) ;
#964 = ORIENTED_EDGE ( 'NONE', *, *, #3099, .F. ) ;
#965 = CARTESIAN_POINT ( 'NONE',  ( -0.5149999999999997913, 0.005000000000000000104, 1.000000000000000222 ) ) ;
#966 = CARTESIAN_POINT ( 'NONE',  ( 0.7250000000000010880, 0.2800000000000000266, -1.694137590231911097E-15 ) ) ;
#967 = DIRECTION ( 'NONE',  ( -1.000000000000000000, 0.000000000000000000, 1.084202172485504237E-15 ) ) ;
#968 = ORIENTED_EDGE ( 'NONE', *, *, #2406, .T. ) ;
#969 = EDGE_LOOP ( 'NONE', ( #613, #2065, #850, #2497, #2609 ) ) ;
#970 = VECTOR ( 'NONE', #763, 1000.000000000000000 ) ;
#971 = CIRCLE ( 'NONE', #860, 0.2000000000000002054 ) ;
#972 = DIRECTION ( 'NONE',  ( 0.000000000000000000, -0.000000000000000000, -1.000000000000000000 ) ) ;
#973 = CYLINDRICAL_SURFACE ( 'NONE', #2998, 0.5000000000000002220 ) ;
#974 = LINE ( 'NONE', #934, #1223 ) ;
#975 = PLANE ( 'NONE',  #2290 ) ;
#976 = CARTESIAN_POINT ( 'NONE',  ( -0.5149999999999997913, 0.005000000000000000104, 1.000000000000000222 ) ) ;
#977 = VERTEX_POINT ( 'NONE', #687 ) ;
#978 = ORIENTED_EDGE ( 'NONE', *, *, #1963, .F. ) ;
#979 = LINE ( 'NONE', #512, #2687 ) ;
#980 = EDGE_CURVE ( 'NONE', #878, #519, #2792, .T. ) ;
#981 = CARTESIAN_POINT ( 'NONE',  ( -0.5149999999999997913, 0.000000000000000000, 1.000000000000000222 ) ) ;
#982 = ADVANCED_FACE ( 'NONE', ( #2751 ), #1513, .T. ) ;
#983 = CARTESIAN_POINT ( 'NONE',  ( -0.7250000000000004219, 0.04999999999999999584, -0.09107952087684585696 ) ) ;
#984 = UNCERTAINTY_MEASURE_WITH_UNIT (LENGTH_MEASURE( 1.000000000000000082E-05 ), #1572, 'distance_accuracy_value', 'NONE');
#985 = EDGE_LOOP ( 'NONE', ( #1988, #2126, #2294, #2024 ) ) ;
#986 = DIRECTION ( 'NONE',  ( 4.053092233590668782E-16, 0.000000000000000000, -1.000000000000000000 ) ) ;
#987 = DIRECTION ( 'NONE',  ( 0.000000000000000000, 1.000000000000000000, 0.000000000000000000 ) ) ;
#988 = DIRECTION ( 'NONE',  ( -0.000000000000000000, -0.000000000000000000, -1.000000000000000000 ) ) ;
#989 = EDGE_LOOP ( 'NONE', ( #2377, #3340, #447, #3014, #342, #2519, #887, #1526, #2974, #39, #1537, #231, #1844, #1082, #246, #1278, #352, #2105, #2375, #1429, #2354, #1279, #3245, #747, #895 ) ) ;
#990 = EDGE_LOOP ( 'NONE', ( #2761, #2776, #2954, #3287, #1312 ) ) ;
#991 = SURFACE_STYLE_FILL_AREA ( #3002 ) ;
#992 = CARTESIAN_POINT ( 'NONE',  ( 0.7250000000000010880, 0.04999999999999999584, -1.694137590231911097E-15 ) ) ;
#993 = LINE ( 'NONE', #1987, #612 ) ;
#994 = ADVANCED_FACE ( 'NONE', ( #1994 ), #709, .F. ) ;
#995 = CARTESIAN_POINT ( 'NONE',  ( 0.5650000000000006128, 0.000000000000000000, -0.2000000000000004274 ) ) ;
#996 = DIRECTION ( 'NONE',  ( 1.548860246407863829E-16, 0.000000000000000000, -1.000000000000000000 ) ) ;
#997 = EDGE_CURVE ( 'NONE', #2550, #119, #1573, .T. ) ;
#998 = EDGE_LOOP ( 'NONE', ( #2237, #2309, #2919, #571 ) ) ;
#999 = DIRECTION ( 'NONE',  ( 0.000000000000000000, 0.000000000000000000, -1.000000000000000000 ) ) ;
#1000 = CARTESIAN_POINT ( 'NONE',  ( 0.7249999999999998668, 0.8400000000000000799, 1.000000000000000000 ) ) ;
#1001 = ORIENTED_EDGE ( 'NONE', *, *, #660, .T. ) ;
#1002 = CARTESIAN_POINT ( 'NONE',  ( 1.099999999999999867, 0.04999999999999999584, -0.5000000000000007772 ) ) ;
#1003 = DIRECTION ( 'NONE',  ( 2.026546116795335870E-16, -0.000000000000000000, 1.000000000000000000 ) ) ;
#1004 = EDGE_LOOP ( 'NONE', ( #3181, #1221, #2931, #565 ) ) ;
#1005 = ORIENTED_EDGE ( 'NONE', *, *, #2100, .F. ) ;
#1006 = VERTEX_POINT ( 'NONE', #3113 ) ;
#1007 = DIRECTION ( 'NONE',  ( 0.000000000000000000, 1.000000000000000000, -0.000000000000000000 ) ) ;
#1008 = AXIS2_PLACEMENT_3D ( 'NONE', #2701, #1183, #387 ) ;
#1009 = CARTESIAN_POINT ( 'NONE',  ( -1.100000000000000311, 0.2800000000000000266, -0.2000000000000012601 ) ) ;
#1010 = DIRECTION ( 'NONE',  ( 0.000000000000000000, 1.000000000000000000, 0.000000000000000000 ) ) ;
#1011 = AXIS2_PLACEMENT_3D ( 'NONE', #321, #1607, #1158 ) ;
#1012 = AXIS2_PLACEMENT_3D ( 'NONE', #1021, #248, #2362 ) ;
#1013 = PLANE ( 'NONE',  #1360 ) ;
#1014 = PLANE ( 'NONE',  #2265 ) ;
#1015 = CARTESIAN_POINT ( 'NONE',  ( -1.100000000000000089, 0.000000000000000000, 0.3000000000000001554 ) ) ;
#1016 = ORIENTED_EDGE ( 'NONE', *, *, #2111, .F. ) ;
#1017 = DIRECTION ( 'NONE',  ( 0.000000000000000000, 0.000000000000000000, 1.000000000000000000 ) ) ;
#1018 = CARTESIAN_POINT ( 'NONE',  ( 1.100000000000000089, 0.000000000000000000, -0.9000000000000002442 ) ) ;
#1019 = EDGE_LOOP ( 'NONE', ( #2210, #2409, #2991, #161 ) ) ;
#1020 = VERTEX_POINT ( 'NONE', #774 ) ;
#1021 = CARTESIAN_POINT ( 'NONE',  ( 1.099999999999999867, 0.04999999999999999584, 0.4999999999999993339 ) ) ;
#1022 = DIRECTION ( 'NONE',  ( 0.000000000000000000, -0.000000000000000000, -1.000000000000000000 ) ) ;
#1023 = EDGE_CURVE ( 'NONE', #1358, #1212, #1074, .T. ) ;
#1024 = VECTOR ( 'NONE', #906, 1000.000000000000000 ) ;
#1025 = EDGE_CURVE ( 'NONE', #1536, #2739, #1182, .T. ) ;
#1026 = VECTOR ( 'NONE', #1666, 1000.000000000000000 ) ;
#1027 = LINE ( 'NONE', #235, #3201 ) ;
#1028 = DIRECTION ( 'NONE',  ( 6.195440985631454331E-16, 0.000000000000000000, 1.000000000000000000 ) ) ;
#1029 = DIRECTION ( 'NONE',  ( 1.000000000000000000, 0.000000000000000000, 4.053092233590671740E-16 ) ) ;
#1030 = ORIENTED_EDGE ( 'NONE', *, *, #249, .T. ) ;
#1031 = CARTESIAN_POINT ( 'NONE',  ( 0.7250000000000010880, 0.04999999999999999584, -1.694137590231911097E-15 ) ) ;
#1032 = FACE_OUTER_BOUND ( 'NONE', #834, .T. ) ;
#1033 = ORIENTED_EDGE ( 'NONE', *, *, #544, .F. ) ;
#1034 = EDGE_CURVE ( 'NONE', #1334, #2087, #2080, .T. ) ;
#1035 = ORIENTED_EDGE ( 'NONE', *, *, #1156, .F. ) ;
#1036 = EDGE_CURVE ( 'NONE', #164, #2119, #546, .T. ) ;
#1037 = CARTESIAN_POINT ( 'NONE',  ( -0.7250000000000004219, 0.04999999999999999584, -1.434091688094081277E-16 ) ) ;
#1038 = LINE ( 'NONE', #2075, #2233 ) ;
#1039 = EDGE_CURVE ( 'NONE', #2274, #2850, #813, .T. ) ;
#1040 = CARTESIAN_POINT ( 'NONE',  ( 0.000000000000000000, 0.2800000000000000266, 0.000000000000000000 ) ) ;
#1041 = VECTOR ( 'NONE', #2808, 1000.000000000000000 ) ;
#1042 = CARTESIAN_POINT ( 'NONE',  ( -1.100000000000000311, 0.04999999999999999584, -0.2000000000000012601 ) ) ;
#1043 = AXIS2_PLACEMENT_3D ( 'NONE', #496, #2300, #3360 ) ;
#1044 = CARTESIAN_POINT ( 'NONE',  ( 0.7249999999999998668, 0.2800000000000000266, 1.000000000000000000 ) ) ;
#1045 = ORIENTED_EDGE ( 'NONE', *, *, #872, .F. ) ;
#1046 = DIRECTION ( 'NONE',  ( 0.000000000000000000, 0.000000000000000000, 1.000000000000000000 ) ) ;
#1047 = EDGE_CURVE ( 'NONE', #690, #769, #1586, .T. ) ;
#1048 = DIRECTION ( 'NONE',  ( 0.000000000000000000, 0.000000000000000000, -1.000000000000000000 ) ) ;
#1049 = STYLED_ITEM ( 'NONE', ( #1058 ), #140 ) ;
#1050 = ORIENTED_EDGE ( 'NONE', *, *, #1047, .F. ) ;
#1051 = ORIENTED_EDGE ( 'NONE', *, *, #1036, .F. ) ;
#1052 = CARTESIAN_POINT ( 'NONE',  ( -0.5650000000000003908, 0.000000000000000000, -0.2000000000000005385 ) ) ;
#1053 = ORIENTED_EDGE ( 'NONE', *, *, #787, .T. ) ;
#1054 = VECTOR ( 'NONE', #1134, 1000.000000000000000 ) ;
#1055 = DIRECTION ( 'NONE',  ( -0.000000000000000000, 1.000000000000000000, 0.000000000000000000 ) ) ;
#1056 = EDGE_CURVE ( 'NONE', #2557, #1131, #3137, .T. ) ;
#1057 = VECTOR ( 'NONE', #2488, 1000.000000000000000 ) ;
#1058 = PRESENTATION_STYLE_ASSIGNMENT (( #314 ) ) ;
#1059 = CIRCLE ( 'NONE', #473, 0.08437499999999992228 ) ;
#1060 = DIRECTION ( 'NONE',  ( 0.000000000000000000, 0.000000000000000000, 1.000000000000000000 ) ) ;
#1061 = CIRCLE ( 'NONE', #2950, 0.2000000000000002054 ) ;
#1062 = VECTOR ( 'NONE', #2585, 1000.000000000000000 ) ;
#1063 = LINE ( 'NONE', #1562, #3281 ) ;
#1064 = VECTOR ( 'NONE', #33, 1000.000000000000000 ) ;
#1065 = EDGE_LOOP ( 'NONE', ( #385, #2229, #2282, #3186, #220, #1304, #1071, #322, #2960, #1263, #2870, #1620 ) ) ;
#1066 = CARTESIAN_POINT ( 'NONE',  ( 1.099999999999999867, 0.2800000000000000266, 1.000000000000000000 ) ) ;
#1067 = SURFACE_STYLE_USAGE ( .BOTH. , #2827 ) ;
#1068 = FACE_OUTER_BOUND ( 'NONE', #1875, .T. ) ;
#1069 = ORIENTED_EDGE ( 'NONE', *, *, #2959, .F. ) ;
#1070 = PLANE ( 'NONE',  #951 ) ;
#1071 = ORIENTED_EDGE ( 'NONE', *, *, #2171, .F. ) ;
#1072 = DIRECTION ( 'NONE',  ( -0.000000000000000000, -1.000000000000000000, 0.000000000000000000 ) ) ;
#1073 = ORIENTED_EDGE ( 'NONE', *, *, #2686, .T. ) ;
#1074 = LINE ( 'NONE', #2869, #3298 ) ;
#1075 = AXIS2_PLACEMENT_3D ( 'NONE', #2189, #86, #363 ) ;
#1076 = LINE ( 'NONE', #3072, #2956 ) ;
#1077 = ORIENTED_EDGE ( 'NONE', *, *, #855, .F. ) ;
#1078 = LINE ( 'NONE', #2116, #3349 ) ;
#1079 = ADVANCED_FACE ( 'NONE', ( #1319 ), #1561, .F. ) ;
#1080 = CARTESIAN_POINT ( 'NONE',  ( 0.5650000000000012790, 0.04999999999999999584, -0.9000000000000003553 ) ) ;
#1081 = CARTESIAN_POINT ( 'NONE',  ( -1.100000000000000311, 0.2800000000000000266, -0.5000000000000013323 ) ) ;
#1082 = ORIENTED_EDGE ( 'NONE', *, *, #56, .F. ) ;
#1083 = CARTESIAN_POINT ( 'NONE',  ( -1.099999999999999867, 0.000000000000000000, -0.2000000000000004829 ) ) ;
#1084 = EDGE_CURVE ( 'NONE', #2834, #3202, #256, .T. ) ;
#1085 = LINE ( 'NONE', #853, #2299 ) ;
#1086 = ORIENTED_EDGE ( 'NONE', *, *, #1190, .T. ) ;
#1087 = DIRECTION ( 'NONE',  ( -0.000000000000000000, 1.000000000000000000, -0.000000000000000000 ) ) ;
#1088 = FACE_OUTER_BOUND ( 'NONE', #3075, .T. ) ;
#1089 = ADVANCED_FACE ( 'NONE', ( #15 ), #792, .T. ) ;
#1090 = ORIENTED_EDGE ( 'NONE', *, *, #3144, .F. ) ;
#1091 = DIRECTION ( 'NONE',  ( 0.000000000000000000, -1.000000000000000000, 0.000000000000000000 ) ) ;
#1092 = DIRECTION ( 'NONE',  ( 0.000000000000000000, 0.000000000000000000, 1.000000000000000000 ) ) ;
#1093 = DIRECTION ( 'NONE',  ( 0.000000000000000000, 1.000000000000000000, -0.000000000000000000 ) ) ;
#1094 = ORIENTED_EDGE ( 'NONE', *, *, #2028, .F. ) ;
#1095 = CARTESIAN_POINT ( 'NONE',  ( -1.100000000000000311, 0.05000000000000000278, -0.4999999999999998890 ) ) ;
#1096 = VECTOR ( 'NONE', #1240, 1000.000000000000000 ) ;
#1097 = VECTOR ( 'NONE', #680, 1000.000000000000000 ) ;
#1098 = ORIENTED_EDGE ( 'NONE', *, *, #1866, .F. ) ;
#1099 = CARTESIAN_POINT ( 'NONE',  ( -0.7250000000000005329, 0.2800000000000000266, -0.000000000000000000 ) ) ;
#1100 = EDGE_LOOP ( 'NONE', ( #1579, #2429, #369, #1701 ) ) ;
#1101 = FACE_OUTER_BOUND ( 'NONE', #2599, .T. ) ;
#1102 = CIRCLE ( 'NONE', #2404, 0.5000000000000002220 ) ;
#1103 = CARTESIAN_POINT ( 'NONE',  ( -1.100000000000000311, 0.2800000000000000266, -1.000000000000000000 ) ) ;
#1104 = VECTOR ( 'NONE', #942, 1000.000000000000000 ) ;
#1105 = ORIENTED_EDGE ( 'NONE', *, *, #1583, .F. ) ;
#1106 = DIRECTION ( 'NONE',  ( 0.000000000000000000, 0.000000000000000000, 1.000000000000000000 ) ) ;
#1107 = VECTOR ( 'NONE', #726, 1000.000000000000000 ) ;
#1108 = DIRECTION ( 'NONE',  ( 0.000000000000000000, -0.000000000000000000, -1.000000000000000000 ) ) ;
#1109 = VECTOR ( 'NONE', #2351, 1000.000000000000000 ) ;
#1110 = CARTESIAN_POINT ( 'NONE',  ( -1.100000000000000311, 0.04999999999999999584, -0.2000000000000012601 ) ) ;
#1111 = PRESENTATION_LAYER_ASSIGNMENT (  '', '', ( #1872 ) ) ;
#1112 = ORIENTED_EDGE ( 'NONE', *, *, #1544, .T. ) ;
#1113 = LINE ( 'NONE', #584, #2047 ) ;
#1114 = EDGE_CURVE ( 'NONE', #1719, #663, #2866, .T. ) ;
#1115 = EDGE_CURVE ( 'NONE', #3115, #1547, #300, .T. ) ;
#1116 = FACE_OUTER_BOUND ( 'NONE', #2231, .T. ) ;
#1117 = EDGE_CURVE ( 'NONE', #1131, #1135, #812, .T. ) ;
#1118 = VERTEX_POINT ( 'NONE', #3158 ) ;
#1119 = FILL_AREA_STYLE ('',( #1169 ) ) ;
#1120 = VERTEX_POINT ( 'NONE', #828 ) ;
#1121 = LINE ( 'NONE', #1617, #194 ) ;
#1122 = AXIS2_PLACEMENT_3D ( 'NONE', #2606, #35, #537 ) ;
#1123 = ORIENTED_EDGE ( 'NONE', *, *, #1413, .T. ) ;
#1124 = CARTESIAN_POINT ( 'NONE',  ( 0.7249999999999994227, 0.04999999999999999584, 0.000000000000000000 ) ) ;
#1125 = CIRCLE ( 'NONE', #428, 0.08437499999999992228 ) ;
#1126 = EDGE_CURVE ( 'NONE', #3357, #3177, #2588, .T. ) ;
#1127 = LINE ( 'NONE', #1606, #1553 ) ;
#1128 = CARTESIAN_POINT ( 'NONE',  ( 1.099999999999999867, 0.05000000000000000278, 0.9000000000000003553 ) ) ;
#1129 = VERTEX_POINT ( 'NONE', #271 ) ;
#1130 = CARTESIAN_POINT ( 'NONE',  ( -0.5149999999999995692, 0.000000000000000000, -1.000000000000000000 ) ) ;
#1131 = VERTEX_POINT ( 'NONE', #1305 ) ;
#1132 = EDGE_CURVE ( 'NONE', #1592, #665, #1888, .T. ) ;
#1133 = CARTESIAN_POINT ( 'NONE',  ( 0.8000000000000002665, 0.04999999999999999584, 0.8999999999999999112 ) ) ;
#1134 = DIRECTION ( 'NONE',  ( 0.000000000000000000, -1.000000000000000000, 0.000000000000000000 ) ) ;
#1135 = VERTEX_POINT ( 'NONE', #1348 ) ;
#1136 = EDGE_CURVE ( 'NONE', #101, #589, #2334, .T. ) ;
#1137 = ORIENTED_EDGE ( 'NONE', *, *, #1393, .T. ) ;
#1138 = DIRECTION ( 'NONE',  ( -1.519909587596500423E-16, 0.000000000000000000, -1.000000000000000000 ) ) ;
#1139 = ORIENTED_EDGE ( 'NONE', *, *, #621, .T. ) ;
#1140 = LINE ( 'NONE', #3206, #2060 ) ;
#1141 = DIRECTION ( 'NONE',  ( 0.000000000000000000, 0.000000000000000000, 1.000000000000000000 ) ) ;
#1142 = LINE ( 'NONE', #1128, #408 ) ;
#1143 = EDGE_LOOP ( 'NONE', ( #3024, #1775, #1098, #1367 ) ) ;
#1144 = DIRECTION ( 'NONE',  ( 1.000000000000000000, 0.000000000000000000, 0.000000000000000000 ) ) ;
#1145 = EDGE_CURVE ( 'NONE', #2922, #2557, #45, .T. ) ;
#1146 = DIRECTION ( 'NONE',  ( 0.000000000000000000, -1.000000000000000000, 0.000000000000000000 ) ) ;
#1147 = CARTESIAN_POINT ( 'NONE',  ( 1.099999999999999867, 0.04999999999999999584, -0.5000000000000007772 ) ) ;
#1148 = ORIENTED_EDGE ( 'NONE', *, *, #2059, .F. ) ;
#1149 = PRODUCT_DEFINITION_SHAPE ( 'NONE', 'NONE',  #2639 ) ;
#1150 = ORIENTED_EDGE ( 'NONE', *, *, #57, .F. ) ;
#1151 = CARTESIAN_POINT ( 'NONE',  ( 0.7249999999999998668, 0.2800000000000000266, -1.000000000000000000 ) ) ;
#1152 = EDGE_LOOP ( 'NONE', ( #1090, #2964, #3327, #2015 ) ) ;
#1153 = CARTESIAN_POINT ( 'NONE',  ( 0.000000000000000000, 0.2800000000000000266, 0.000000000000000000 ) ) ;
#1154 = AXIS2_PLACEMENT_3D ( 'NONE', #1709, #1750, #1497 ) ;
#1155 = AXIS2_PLACEMENT_3D ( 'NONE', #2962, #637, #204 ) ;
#1156 = EDGE_CURVE ( 'NONE', #60, #2665, #337, .T. ) ;
#1157 = CARTESIAN_POINT ( 'NONE',  ( -1.099999999999999645, 0.000000000000000000, -0.9000000000000003553 ) ) ;
#1158 = DIRECTION ( 'NONE',  ( 0.000000000000000000, 0.000000000000000000, 1.000000000000000000 ) ) ;
#1159 = AXIS2_PLACEMENT_3D ( 'NONE', #671, #3229, #3021 ) ;
#1160 = PRESENTATION_LAYER_ASSIGNMENT (  '', '', ( #2624 ) ) ;
#1161 = VERTEX_POINT ( 'NONE', #917 ) ;
#1162 = DIRECTION ( 'NONE',  ( -0.000000000000000000, 1.000000000000000000, -0.000000000000000000 ) ) ;
#1163 = AXIS2_PLACEMENT_3D ( 'NONE', #234, #2987, #1189 ) ;
#1164 = PLANE ( 'NONE',  #2239 ) ;
#1165 = AXIS2_PLACEMENT_3D ( 'NONE', #350, #368, #2640 ) ;
#1166 = CARTESIAN_POINT ( 'NONE',  ( 0.5650000000000006128, 0.000000000000000000, -0.2000000000000004274 ) ) ;
#1167 = FILL_AREA_STYLE_COLOUR ( '', #1556 ) ;
#1168 = PLANE ( 'NONE',  #1809 ) ;
#1169 = FILL_AREA_STYLE_COLOUR ( '', #814 ) ;
#1170 = EDGE_LOOP ( 'NONE', ( #280, #560, #2426, #1965, #2512, #2511 ) ) ;
#1171 = AXIS2_PLACEMENT_3D ( 'NONE', #3088, #1496, #1017 ) ;
#1172 = DIRECTION ( 'NONE',  ( 0.000000000000000000, 0.000000000000000000, 1.000000000000000000 ) ) ;
#1173 = ORIENTED_EDGE ( 'NONE', *, *, #436, .T. ) ;
#1174 = EDGE_LOOP ( 'NONE', ( #1575, #2146, #2151, #2772 ) ) ;
#1175 = CYLINDRICAL_SURFACE ( 'NONE', #1996, 0.1999999999999999833 ) ;
#1176 = CARTESIAN_POINT ( 'NONE',  ( -0.7250000000000004219, 0.2800000000000000266, -0.09107952087684585696 ) ) ;
#1177 = EDGE_CURVE ( 'NONE', #2462, #2564, #1125, .T. ) ;
#1178 = LINE ( 'NONE', #3306, #2527 ) ;
#1179 = ORIENTED_EDGE ( 'NONE', *, *, #313, .F. ) ;
#1180 = CARTESIAN_POINT ( 'NONE',  ( 0.7249999999999994227, 0.2800000000000000266, 0.8307189138830728403 ) ) ;
#1181 = EDGE_CURVE ( 'NONE', #1668, #2907, #3220, .T. ) ;
#1182 = CIRCLE ( 'NONE', #367, 0.5000000000000000000 ) ;
#1183 = DIRECTION ( 'NONE',  ( 0.000000000000000000, 0.000000000000000000, -1.000000000000000000 ) ) ;
#1184 = ORIENTED_EDGE ( 'NONE', *, *, #2448, .T. ) ;
#1185 = LINE ( 'NONE', #2803, #197 ) ;
#1186 = CARTESIAN_POINT ( 'NONE',  ( -0.5149999999999997913, 0.000000000000000000, 1.000000000000000222 ) ) ;
#1187 = DIRECTION ( 'NONE',  ( -0.000000000000000000, 1.000000000000000000, -0.000000000000000000 ) ) ;
#1188 = VERTEX_POINT ( 'NONE', #3188 ) ;
#1189 = DIRECTION ( 'NONE',  ( 0.000000000000000000, 0.000000000000000000, 1.000000000000000000 ) ) ;
#1190 = EDGE_CURVE ( 'NONE', #3291, #2278, #2138, .T. ) ;
#1191 = ORIENTED_EDGE ( 'NONE', *, *, #3269, .T. ) ;
#1192 = CYLINDRICAL_SURFACE ( 'NONE', #1974, 0.3999999999999999667 ) ;
#1193 = ORIENTED_EDGE ( 'NONE', *, *, #249, .F. ) ;
#1194 = CARTESIAN_POINT ( 'NONE',  ( 0.7249999999999996447, 0.04999999999999999584, -0.6391941090707504713 ) ) ;
#1195 = CARTESIAN_POINT ( 'NONE',  ( 1.099999999999999867, 0.000000000000000000, 1.000000000000000000 ) ) ;
#1196 = EDGE_CURVE ( 'NONE', #2142, #929, #971, .T. ) ;
#1197 = DIRECTION ( 'NONE',  ( -0.000000000000000000, 1.000000000000000000, -0.000000000000000000 ) ) ;
#1198 = ORIENTED_EDGE ( 'NONE', *, *, #1725, .T. ) ;
#1199 = LINE ( 'NONE', #966, #301 ) ;
#1200 = CYLINDRICAL_SURFACE ( 'NONE', #1824, 0.3000000000000002665 ) ;
#1201 = EDGE_LOOP ( 'NONE', ( #44, #1290, #3142, #1355 ) ) ;
#1202 = VERTEX_POINT ( 'NONE', #2410 ) ;
#1203 = ORIENTED_EDGE ( 'NONE', *, *, #2081, .F. ) ;
#1204 = DIRECTION ( 'NONE',  ( -1.000000000000000000, 0.000000000000000000, 2.026546116795340307E-16 ) ) ;
#1205 = EDGE_CURVE ( 'NONE', #2886, #1631, #645, .T. ) ;
#1206 = FACE_OUTER_BOUND ( 'NONE', #1742, .T. ) ;
#1207 = LINE ( 'NONE', #1989, #2187 ) ;
#1208 = EDGE_CURVE ( 'NONE', #555, #1020, #357, .T. ) ;
#1209 = ORIENTED_EDGE ( 'NONE', *, *, #2929, .F. ) ;
#1210 = CARTESIAN_POINT ( 'NONE',  ( 1.099999999999999867, 0.2800000000000000266, -1.000000000000000000 ) ) ;
#1211 = AXIS2_PLACEMENT_3D ( 'NONE', #2971, #409, #2216 ) ;
#1212 = VERTEX_POINT ( 'NONE', #376 ) ;
#1213 = CARTESIAN_POINT ( 'NONE',  ( -0.7250000000000005329, 0.04999999999999999584, 0.000000000000000000 ) ) ;
#1214 = DIRECTION ( 'NONE',  ( 1.000000000000000000, 0.000000000000000000, -2.026546116795340307E-16 ) ) ;
#1215 = DIRECTION ( 'NONE',  ( 0.000000000000000000, 0.000000000000000000, 1.000000000000000000 ) ) ;
#1216 = ORIENTED_EDGE ( 'NONE', *, *, #91, .F. ) ;
#1217 = CARTESIAN_POINT ( 'NONE',  ( -0.7250000000000000888, 0.8400000000000000799, 1.000000000000000000 ) ) ;
#1218 = VECTOR ( 'NONE', #2205, 1000.000000000000000 ) ;
#1219 = CARTESIAN_POINT ( 'NONE',  ( -1.100000000000000311, 0.04999999999999999584, 0.2000000000000002054 ) ) ;
#1220 = DIRECTION ( 'NONE',  ( -1.519909587596500177E-16, 0.000000000000000000, -1.000000000000000000 ) ) ;
#1221 = ORIENTED_EDGE ( 'NONE', *, *, #2004, .F. ) ;
#1222 = ORIENTED_EDGE ( 'NONE', *, *, #694, .T. ) ;
#1223 = VECTOR ( 'NONE', #704, 1000.000000000000000 ) ;
#1224 = AXIS2_PLACEMENT_3D ( 'NONE', #1095, #312, #1609 ) ;
#1225 = DIRECTION ( 'NONE',  ( -1.000000000000000000, 0.000000000000000000, -1.084202172485504557E-16 ) ) ;
#1226 = VECTOR ( 'NONE', #2604, 1000.000000000000000 ) ;
#1227 = CARTESIAN_POINT ( 'NONE',  ( 1.099999999999999645, 0.000000000000000000, 0.7000000000000005107 ) ) ;
#1228 = DIRECTION ( 'NONE',  ( 0.000000000000000000, 0.000000000000000000, 1.000000000000000000 ) ) ;
#1229 = AXIS2_PLACEMENT_3D ( 'NONE', #3264, #465, #145 ) ;
#1230 = EDGE_CURVE ( 'NONE', #541, #2564, #82, .T. ) ;
#1231 = LINE ( 'NONE', #3008, #3121 ) ;
#1232 = EDGE_CURVE ( 'NONE', #3155, #2500, #3032, .T. ) ;
#1233 = EDGE_CURVE ( 'NONE', #1853, #101, #3302, .T. ) ;
#1234 = LINE ( 'NONE', #1761, #1869 ) ;
#1235 = ORIENTED_EDGE ( 'NONE', *, *, #1403, .F. ) ;
#1236 = CARTESIAN_POINT ( 'NONE',  ( -1.099999999999999645, 0.000000000000000000, -0.9000000000000003553 ) ) ;
#1237 = LINE ( 'NONE', #981, #1817 ) ;
#1238 = LINE ( 'NONE', #1436, #627 ) ;
#1239 = VERTEX_POINT ( 'NONE', #1649 ) ;
#1240 = DIRECTION ( 'NONE',  ( 1.978057500819421423E-16, 0.000000000000000000, -1.000000000000000000 ) ) ;
#1241 = EDGE_CURVE ( 'NONE', #3240, #1668, #2705, .T. ) ;
#1242 = ADVANCED_FACE ( 'NONE', ( #1101 ), #3175, .F. ) ;
#1243 = CARTESIAN_POINT ( 'NONE',  ( 1.099999999999999867, 0.2800000000000000266, 0.8999999999999999112 ) ) ;
#1244 = ORIENTED_EDGE ( 'NONE', *, *, #3187, .F. ) ;
#1245 = VERTEX_POINT ( 'NONE', #1887 ) ;
#1246 = AXIS2_PLACEMENT_3D ( 'NONE', #2839, #289, #2067 ) ;
#1247 = CARTESIAN_POINT ( 'NONE',  ( 0.7249999999999999778, 0.2800000000000000266, -0.4156250000000005218 ) ) ;
#1248 = CARTESIAN_POINT ( 'NONE',  ( 0.7250000000000000888, 0.8400000000000000799, 1.000000000000000000 ) ) ;
#1249 = EDGE_CURVE ( 'NONE', #921, #3291, #95, .T. ) ;
#1250 = CARTESIAN_POINT ( 'NONE',  ( 0.7249999999999994227, 0.04999999999999999584, 0.5000000000000001110 ) ) ;
#1251 = VERTEX_POINT ( 'NONE', #2166 ) ;
#1252 = PLANE ( 'NONE',  #896 ) ;
#1253 = CIRCLE ( 'NONE', #2113, 0.1999999999999999833 ) ;
#1254 = PLANE ( 'NONE',  #1687 ) ;
#1255 = CARTESIAN_POINT ( 'NONE',  ( 0.5649999999999999467, 0.000000000000000000, 0.9000000000000002442 ) ) ;
#1256 = ORIENTED_EDGE ( 'NONE', *, *, #2579, .F. ) ;
#1257 = PLANE ( 'NONE',  #2594 ) ;
#1258 = LINE ( 'NONE', #983, #2139 ) ;
#1259 = VERTEX_POINT ( 'NONE', #1376 ) ;
#1260 = DIRECTION ( 'NONE',  ( 0.000000000000000000, 0.000000000000000000, 1.000000000000000000 ) ) ;
#1261 = PLANE ( 'NONE',  #1434 ) ;
#1262 = EDGE_LOOP ( 'NONE', ( #137, #497, #883, #2311 ) ) ;
#1263 = ORIENTED_EDGE ( 'NONE', *, *, #1023, .F. ) ;
#1264 = PLANE ( 'NONE',  #3074 ) ;
#1265 = MANIFOLD_SOLID_BREP ( 'Cut-Extrude3', #239 ) ;
#1266 = FACE_OUTER_BOUND ( 'NONE', #3122, .T. ) ;
#1267 = FACE_OUTER_BOUND ( 'NONE', #2596, .T. ) ;
#1268 = CARTESIAN_POINT ( 'NONE',  ( 1.099999999999999867, 0.000000000000000000, 0.5000000000000001110 ) ) ;
#1269 = ORIENTED_EDGE ( 'NONE', *, *, #661, .T. ) ;
#1270 = CARTESIAN_POINT ( 'NONE',  ( -1.099999999999999645, 0.04999999999999999584, -0.9000000000000003553 ) ) ;
#1271 = VECTOR ( 'NONE', #2057, 1000.000000000000000 ) ;
#1272 = LINE ( 'NONE', #563, #353 ) ;
#1273 = ORIENTED_EDGE ( 'NONE', *, *, #873, .T. ) ;
#1274 = CARTESIAN_POINT ( 'NONE',  ( -0.5650000000000008349, 0.05000000000000000278, -0.9000000000000004663 ) ) ;
#1275 = ADVANCED_FACE ( 'NONE', ( #1267 ), #132, .T. ) ;
#1276 = CARTESIAN_POINT ( 'NONE',  ( -1.100000000000000311, 0.2800000000000000266, 0.5000000000000000000 ) ) ;
#1277 = EDGE_CURVE ( 'NONE', #2087, #2659, #724, .T. ) ;
#1278 = ORIENTED_EDGE ( 'NONE', *, *, #1205, .T. ) ;
#1279 = ORIENTED_EDGE ( 'NONE', *, *, #2894, .F. ) ;
#1280 = CARTESIAN_POINT ( 'NONE',  ( -1.099999999999999645, 0.04999999999999999584, -0.9000000000000003553 ) ) ;
#1281 = VECTOR ( 'NONE', #2828, 1000.000000000000000 ) ;
#1282 = CARTESIAN_POINT ( 'NONE',  ( -1.100000000000000311, 0.04999999999999999584, 0.2000000000000002054 ) ) ;
#1283 = CIRCLE ( 'NONE', #676, 0.3999999999999999667 ) ;
#1284 = VECTOR ( 'NONE', #3255, 1000.000000000000000 ) ;
#1285 = CIRCLE ( 'NONE', #3168, 0.5000000000000002220 ) ;
#1286 = VECTOR ( 'NONE', #1144, 1000.000000000000000 ) ;
#1287 = DIRECTION ( 'NONE',  ( 0.000000000000000000, -0.000000000000000000, -1.000000000000000000 ) ) ;
#1288 = VERTEX_POINT ( 'NONE', #1758 ) ;
#1289 = CARTESIAN_POINT ( 'NONE',  ( 0.5649999999999999467, 0.05000000000000000278, 0.9000000000000002442 ) ) ;
#1290 = ORIENTED_EDGE ( 'NONE', *, *, #284, .F. ) ;
#1291 = DIRECTION ( 'NONE',  ( 0.000000000000000000, 1.000000000000000000, 0.000000000000000000 ) ) ;
#1292 = ADVANCED_FACE ( 'NONE', ( #1781 ), #2279, .T. ) ;
#1293 = VERTEX_POINT ( 'NONE', #2785 ) ;
#1294 = DIRECTION ( 'NONE',  ( 0.000000000000000000, -1.000000000000000000, 0.000000000000000000 ) ) ;
#1295 = DIRECTION ( 'NONE',  ( 0.000000000000000000, -1.000000000000000000, 0.000000000000000000 ) ) ;
#1296 = ORIENTED_EDGE ( 'NONE', *, *, #2343, .F. ) ;
#1297 = ADVANCED_FACE ( 'NONE', ( #957 ), #2555, .T. ) ;
#1298 = ORIENTED_EDGE ( 'NONE', *, *, #1795, .F. ) ;
#1299 = CARTESIAN_POINT ( 'NONE',  ( 1.099999999999999867, 0.2800000000000000266, -1.000000000000000000 ) ) ;
#1300 = DIRECTION ( 'NONE',  ( -0.000000000000000000, 1.000000000000000000, -0.000000000000000000 ) ) ;
#1301 = AXIS2_PLACEMENT_3D ( 'NONE', #817, #1091, #844 ) ;
#1302 = AXIS2_PLACEMENT_3D ( 'NONE', #1826, #562, #528 ) ;
#1303 = FACE_OUTER_BOUND ( 'NONE', #1753, .T. ) ;
#1304 = ORIENTED_EDGE ( 'NONE', *, *, #1321, .F. ) ;
#1305 = CARTESIAN_POINT ( 'NONE',  ( 0.7249999999999996447, 0.05000000000000000278, -0.6391941090707504713 ) ) ;
#1306 = EDGE_CURVE ( 'NONE', #1486, #3048, #3028, .T. ) ;
#1307 = CARTESIAN_POINT ( 'NONE',  ( -0.7250000000000004219, 0.04999999999999999584, -1.434091688094081277E-16 ) ) ;
#1308 = ORIENTED_EDGE ( 'NONE', *, *, #3144, .T. ) ;
#1309 = PLANE ( 'NONE',  #2646 ) ;
#1310 = EDGE_CURVE ( 'NONE', #3256, #675, #1207, .T. ) ;
#1311 = CARTESIAN_POINT ( 'NONE',  ( -0.7250000000000000888, 4.150323865407125723, -1.000000000000000000 ) ) ;
#1312 = ORIENTED_EDGE ( 'NONE', *, *, #2984, .T. ) ;
#1313 = CARTESIAN_POINT ( 'NONE',  ( 0.7249999999999994227, 0.04999999999999999584, 0.000000000000000000 ) ) ;
#1314 = ORIENTED_EDGE ( 'NONE', *, *, #1827, .F. ) ;
#1315 = DIRECTION ( 'NONE',  ( -1.000000000000000000, 0.000000000000000000, 0.000000000000000000 ) ) ;
#1316 = CARTESIAN_POINT ( 'NONE',  ( -1.099999999999999867, 0.04999999999999999584, 0.9000000000000002442 ) ) ;
#1317 = STYLED_ITEM ( 'NONE', ( #2052 ), #46 ) ;
#1318 = ORIENTED_EDGE ( 'NONE', *, *, #1478, .F. ) ;
#1319 = FACE_OUTER_BOUND ( 'NONE', #673, .T. ) ;
#1320 = CARTESIAN_POINT ( 'NONE',  ( -0.7250000000000004219, 0.04999999999999999584, -0.09107952087684585696 ) ) ;
#1321 = EDGE_CURVE ( 'NONE', #3196, #1816, #974, .T. ) ;
#1322 = ORIENTED_EDGE ( 'NONE', *, *, #1806, .T. ) ;
#1323 = CARTESIAN_POINT ( 'NONE',  ( 1.099999999999999867, 0.000000000000000000, -0.5000000000000007772 ) ) ;
#1324 = CARTESIAN_POINT ( 'NONE',  ( 0.000000000000000000, 0.2800000000000000266, 0.8999999999999999112 ) ) ;
#1325 = VERTEX_POINT ( 'NONE', #2297 ) ;
#1326 = DIRECTION ( 'NONE',  ( 0.000000000000000000, -1.000000000000000000, 0.000000000000000000 ) ) ;
#1327 = ORIENTED_EDGE ( 'NONE', *, *, #662, .T. ) ;
#1328 = VECTOR ( 'NONE', #1913, 1000.000000000000000 ) ;
#1329 = EDGE_LOOP ( 'NONE', ( #2535, #1766, #1821, #1635, #1954, #2050 ) ) ;
#1330 = AXIS2_PLACEMENT_3D ( 'NONE', #1080, #1877, #876 ) ;
#1331 = EDGE_CURVE ( 'NONE', #2088, #2677, #1231, .T. ) ;
#1332 =( NAMED_UNIT ( * ) SI_UNIT ( $, .STERADIAN. ) SOLID_ANGLE_UNIT ( ) );
#1333 = AXIS2_PLACEMENT_3D ( 'NONE', #932, #2951, #169 ) ;
#1334 = VERTEX_POINT ( 'NONE', #1738 ) ;
#1335 = ADVANCED_FACE ( 'NONE', ( #2011 ), #3329, .T. ) ;
#1336 = CARTESIAN_POINT ( 'NONE',  ( -0.5649999999999998357, 0.000000000000000000, 0.2000000000000001221 ) ) ;
#1337 = CIRCLE ( 'NONE', #405, 0.08437499999999992228 ) ;
#1338 = CIRCLE ( 'NONE', #475, 0.08437499999999992228 ) ;
#1339 = CARTESIAN_POINT ( 'NONE',  ( 0.5650000000000012790, 0.05000000000000000278, -0.9000000000000003553 ) ) ;
#1340 = ORIENTED_EDGE ( 'NONE', *, *, #1520, .F. ) ;
#1341 = DIRECTION ( 'NONE',  ( 0.000000000000000000, 1.000000000000000000, 0.000000000000000000 ) ) ;
#1342 = LINE ( 'NONE', #2374, #344 ) ;
#1343 = DIRECTION ( 'NONE',  ( -1.000000000000000000, -0.000000000000000000, 2.026546116795335870E-16 ) ) ;
#1344 = ORIENTED_EDGE ( 'NONE', *, *, #2489, .T. ) ;
#1345 = DIRECTION ( 'NONE',  ( 1.000000000000000000, 0.000000000000000000, 4.053092233590668782E-16 ) ) ;
#1346 = ADVANCED_FACE ( 'NONE', ( #2259 ), #431, .F. ) ;
#1347 = DIRECTION ( 'NONE',  ( 0.000000000000000000, -1.000000000000000000, 0.000000000000000000 ) ) ;
#1348 = CARTESIAN_POINT ( 'NONE',  ( 0.7249999999999996447, 0.2800000000000000266, -0.6391941090707504713 ) ) ;
#1349 = AXIS2_PLACEMENT_3D ( 'NONE', #2398, #1341, #1046 ) ;
#1350 = DIRECTION ( 'NONE',  ( 0.000000000000000000, 0.000000000000000000, 1.000000000000000000 ) ) ;
#1351 = ORIENTED_EDGE ( 'NONE', *, *, #323, .T. ) ;
#1352 = LINE ( 'NONE', #3161, #426 ) ;
#1353 = CARTESIAN_POINT ( 'NONE',  ( -1.100000000000000311, 0.000000000000000000, 0.2000000000000002054 ) ) ;
#1354 = CARTESIAN_POINT ( 'NONE',  ( 1.100000000000000089, 0.000000000000000000, -0.9000000000000002442 ) ) ;
#1355 = ORIENTED_EDGE ( 'NONE', *, *, #1895, .T. ) ;
#1356 = EDGE_CURVE ( 'NONE', #2457, #3173, #2764, .T. ) ;
#1357 = DIRECTION ( 'NONE',  ( 0.000000000000000000, -0.000000000000000000, -1.000000000000000000 ) ) ;
#1358 = VERTEX_POINT ( 'NONE', #217 ) ;
#1359 = CARTESIAN_POINT ( 'NONE',  ( -1.100000000000000311, 0.05000000000000000278, 0.2000000000000002054 ) ) ;
#1360 = AXIS2_PLACEMENT_3D ( 'NONE', #1268, #725, #1488 ) ;
#1361 = CARTESIAN_POINT ( 'NONE',  ( -0.7250000000000005329, 0.04999999999999999584, 0.5000000000000001110 ) ) ;
#1362 = ORIENTED_EDGE ( 'NONE', *, *, #1778, .F. ) ;
#1363 = DIRECTION ( 'NONE',  ( -0.000000000000000000, 1.000000000000000000, -0.000000000000000000 ) ) ;
#1364 = DIRECTION ( 'NONE',  ( 0.000000000000000000, 1.000000000000000000, -0.000000000000000000 ) ) ;
#1365 = LINE ( 'NONE', #1879, #2135 ) ;
#1366 = ADVANCED_FACE ( 'NONE', ( #1698 ), #1252, .T. ) ;
#1367 = ORIENTED_EDGE ( 'NONE', *, *, #2425, .T. ) ;
#1368 = EDGE_CURVE ( 'NONE', #2073, #3261, #3073, .T. ) ;
#1369 = VECTOR ( 'NONE', #545, 1000.000000000000000 ) ;
#1370 = EDGE_CURVE ( 'NONE', #1550, #2834, #3253, .T. ) ;
#1371 = LINE ( 'NONE', #334, #745 ) ;
#1372 = VECTOR ( 'NONE', #2567, 1000.000000000000000 ) ;
#1373 = ORIENTED_EDGE ( 'NONE', *, *, #14, .F. ) ;
#1374 = CARTESIAN_POINT ( 'NONE',  ( 0.8000000000000002665, 0.04999999999999999584, 0.8999999999999999112 ) ) ;
#1375 = VECTOR ( 'NONE', #293, 1000.000000000000000 ) ;
#1376 = CARTESIAN_POINT ( 'NONE',  ( 0.7249999999999994227, 0.04999999999999999584, 0.8307189138830728403 ) ) ;
#1377 = VECTOR ( 'NONE', #2766, 1000.000000000000000 ) ;
#1378 = ORIENTED_EDGE ( 'NONE', *, *, #1025, .T. ) ;
#1379 = DIRECTION ( 'NONE',  ( 1.978057500819421423E-16, 0.000000000000000000, -1.000000000000000000 ) ) ;
#1380 = VECTOR ( 'NONE', #1326, 1000.000000000000000 ) ;
#1381 = ORIENTED_EDGE ( 'NONE', *, *, #1628, .F. ) ;
#1382 = DIRECTION ( 'NONE',  ( -1.000000000000000000, 0.000000000000000000, -1.548860246407864076E-16 ) ) ;
#1383 = VECTOR ( 'NONE', #489, 1000.000000000000000 ) ;
#1384 = EDGE_CURVE ( 'NONE', #2545, #1941, #1601, .T. ) ;
#1385 = DIRECTION ( 'NONE',  ( 0.000000000000000000, 0.000000000000000000, 1.000000000000000000 ) ) ;
#1386 = AXIS2_PLACEMENT_3D ( 'NONE', #712, #2544, #2206 ) ;
#1387 = EDGE_CURVE ( 'NONE', #3256, #3279, #760, .T. ) ;
#1388 = DIRECTION ( 'NONE',  ( 0.000000000000000000, 1.000000000000000000, -0.000000000000000000 ) ) ;
#1389 = VECTOR ( 'NONE', #3310, 1000.000000000000000 ) ;
#1390 = VERTEX_POINT ( 'NONE', #510 ) ;
#1391 = EDGE_CURVE ( 'NONE', #750, #2850, #1593, .T. ) ;
#1392 = LINE ( 'NONE', #75, #2626 ) ;
#1393 = EDGE_CURVE ( 'NONE', #3279, #266, #295, .T. ) ;
#1394 = FACE_OUTER_BOUND ( 'NONE', #3005, .T. ) ;
#1395 = ORIENTED_EDGE ( 'NONE', *, *, #1964, .F. ) ;
#1396 = CARTESIAN_POINT ( 'NONE',  ( -0.7250000000000004219, 0.2800000000000000266, 0.4156249999999997446 ) ) ;
#1397 = EDGE_CURVE ( 'NONE', #1747, #461, #740, .T. ) ;
#1398 = ORIENTED_EDGE ( 'NONE', *, *, #1886, .T. ) ;
#1399 = CARTESIAN_POINT ( 'NONE',  ( 1.099999999999999867, 0.2800000000000000266, 0.4999999999999993339 ) ) ;
#1400 = VECTOR ( 'NONE', #2033, 1000.000000000000000 ) ;
#1401 = EDGE_LOOP ( 'NONE', ( #2926, #3064, #3343, #2530, #948, #2560, #1322, #3254 ) ) ;
#1402 = CARTESIAN_POINT ( 'NONE',  ( 0.7249999999999993117, 0.04999999999999999584, 0.4156249999999997446 ) ) ;
#1403 = EDGE_CURVE ( 'NONE', #2996, #1581, #257, .T. ) ;
#1404 = VECTOR ( 'NONE', #3348, 1000.000000000000000 ) ;
#1405 = DIRECTION ( 'NONE',  ( -2.168404344971010446E-15, -0.000000000000000000, -1.000000000000000000 ) ) ;
#1406 = CARTESIAN_POINT ( 'NONE',  ( -1.100000000000000311, 0.04999999999999999584, -0.5000000000000013323 ) ) ;
#1407 = VERTEX_POINT ( 'NONE', #309 ) ;
#1408 = ADVANCED_FACE ( 'NONE', ( #471 ), #2620, .T. ) ;
#1409 = DIRECTION ( 'NONE',  ( 0.000000000000000000, 1.000000000000000000, -0.000000000000000000 ) ) ;
#1410 = CARTESIAN_POINT ( 'NONE',  ( 1.099999999999999867, 0.000000000000000000, 0.9000000000000003553 ) ) ;
#1411 = DIRECTION ( 'NONE',  ( 1.000000000000000000, 0.000000000000000000, -2.026546116795340307E-16 ) ) ;
#1412 = DIRECTION ( 'NONE',  ( 1.000000000000000000, -0.000000000000000000, 4.053092233590680614E-16 ) ) ;
#1413 = EDGE_CURVE ( 'NONE', #1728, #3173, #2578, .T. ) ;
#1414 = ORIENTED_EDGE ( 'NONE', *, *, #1356, .F. ) ;
#1415 = CARTESIAN_POINT ( 'NONE',  ( 0.7249999999999994227, 0.04999999999999999584, 0.8307189138830728403 ) ) ;
#1416 = VERTEX_POINT ( 'NONE', #1836 ) ;
#1417 = FACE_OUTER_BOUND ( 'NONE', #143, .T. ) ;
#1418 = DIRECTION ( 'NONE',  ( -1.548860246407863583E-16, -0.000000000000000000, 1.000000000000000000 ) ) ;
#1419 = EDGE_CURVE ( 'NONE', #977, #583, #2026, .T. ) ;
#1420 = FACE_OUTER_BOUND ( 'NONE', #919, .T. ) ;
#1421 = ORIENTED_EDGE ( 'NONE', *, *, #494, .T. ) ;
#1422 = CARTESIAN_POINT ( 'NONE',  ( -1.100000000000000311, 0.04999999999999999584, 0.1999999999999994005 ) ) ;
#1423 = CARTESIAN_POINT ( 'NONE',  ( -0.5149999999999995692, 0.000000000000000000, -1.000000000000000000 ) ) ;
#1424 = LINE ( 'NONE', #2456, #184 ) ;
#1425 = VERTEX_POINT ( 'NONE', #2532 ) ;
#1426 = CARTESIAN_POINT ( 'NONE',  ( -0.5650000000000003908, 0.000000000000000000, -0.2000000000000005385 ) ) ;
#1427 = ORIENTED_EDGE ( 'NONE', *, *, #341, .T. ) ;
#1428 = DIRECTION ( 'NONE',  ( -1.000000000000000000, -0.000000000000000000, -4.053092233590673219E-16 ) ) ;
#1429 = ORIENTED_EDGE ( 'NONE', *, *, #795, .T. ) ;
#1430 = EDGE_CURVE ( 'NONE', #2893, #536, #2118, .T. ) ;
#1431 = VERTEX_POINT ( 'NONE', #1248 ) ;
#1432 = DIRECTION ( 'NONE',  ( -0.000000000000000000, 1.000000000000000000, -0.000000000000000000 ) ) ;
#1433 = VECTOR ( 'NONE', #2981, 1000.000000000000000 ) ;
#1434 = AXIS2_PLACEMENT_3D ( 'NONE', #2563, #21, #801 ) ;
#1435 = LINE ( 'NONE', #1195, #2840 ) ;
#1436 = CARTESIAN_POINT ( 'NONE',  ( 1.100000000000000311, 0.04999999999999999584, 0.2000000000000004829 ) ) ;
#1437 = AXIS2_PLACEMENT_3D ( 'NONE', #2170, #2445, #3203 ) ;
#1438 = ORIENTED_EDGE ( 'NONE', *, *, #3033, .T. ) ;
#1439 = CARTESIAN_POINT ( 'NONE',  ( 0.7249999999999994227, 0.2800000000000000266, 0.000000000000000000 ) ) ;
#1440 = AXIS2_PLACEMENT_3D ( 'NONE', #2722, #411, #1446 ) ;
#1441 = CARTESIAN_POINT ( 'NONE',  ( 1.099999999999999867, 0.04999999999999999584, 0.4999999999999993339 ) ) ;
#1442 = AXIS2_PLACEMENT_3D ( 'NONE', #2911, #1409, #108 ) ;
#1443 = CARTESIAN_POINT ( 'NONE',  ( -0.7250000000000005329, 0.04999999999999999584, 0.8307189138830743946 ) ) ;
#1444 = SURFACE_SIDE_STYLE ('',( #1696 ) ) ;
#1445 = LINE ( 'NONE', #170, #2781 ) ;
#1446 = DIRECTION ( 'NONE',  ( 0.000000000000000000, 0.000000000000000000, 1.000000000000000000 ) ) ;
#1447 = EDGE_CURVE ( 'NONE', #1212, #3059, #2804, .T. ) ;
#1448 = ORIENTED_EDGE ( 'NONE', *, *, #2836, .T. ) ;
#1449 = VECTOR ( 'NONE', #2561, 1000.000000000000000 ) ;
#1450 = DIRECTION ( 'NONE',  ( 0.000000000000000000, 1.000000000000000000, -0.000000000000000000 ) ) ;
#1451 = ORIENTED_EDGE ( 'NONE', *, *, #480, .T. ) ;
#1452 = DIRECTION ( 'NONE',  ( -1.548860246407864076E-16, 0.000000000000000000, 1.000000000000000000 ) ) ;
#1453 = LINE ( 'NONE', #1157, #3331 ) ;
#1454 = VECTOR ( 'NONE', #3135, 1000.000000000000000 ) ;
#1455 = DIRECTION ( 'NONE',  ( 0.000000000000000000, 1.000000000000000000, 0.000000000000000000 ) ) ;
#1456 = EDGE_LOOP ( 'NONE', ( #3174, #1981, #1999, #757 ) ) ;
#1457 = VECTOR ( 'NONE', #3146, 1000.000000000000000 ) ;
#1458 = DIRECTION ( 'NONE',  ( 0.000000000000000000, 0.000000000000000000, 1.000000000000000000 ) ) ;
#1459 = ORIENTED_EDGE ( 'NONE', *, *, #3170, .F. ) ;
#1460 = EDGE_LOOP ( 'NONE', ( #1691, #1521, #2253, #270, #1671 ) ) ;
#1461 = DIRECTION ( 'NONE',  ( -0.000000000000000000, -1.000000000000000000, 0.000000000000000000 ) ) ;
#1462 = FILL_AREA_STYLE ('',( #1167 ) ) ;
#1463 = DIRECTION ( 'NONE',  ( 9.293161478447181990E-16, -0.000000000000000000, -1.000000000000000000 ) ) ;
#1464 = DIRECTION ( 'NONE',  ( 0.000000000000000000, 0.000000000000000000, 1.000000000000000000 ) ) ;
#1465 = EDGE_LOOP ( 'NONE', ( #2801, #13, #1123, #2708, #304, #3039 ) ) ;
#1466 = LINE ( 'NONE', #395, #306 ) ;
#1467 = ORIENTED_EDGE ( 'NONE', *, *, #3136, .F. ) ;
#1468 = CARTESIAN_POINT ( 'NONE',  ( -0.1000000000000001582, 0.005000000000000000104, 1.000000000000000222 ) ) ;
#1469 = CARTESIAN_POINT ( 'NONE',  ( -0.7250000000000005329, 0.2800000000000000266, 0.8307189138830743946 ) ) ;
#1470 = DIRECTION ( 'NONE',  ( 0.000000000000000000, 1.000000000000000000, -0.000000000000000000 ) ) ;
#1471 = ORIENTED_EDGE ( 'NONE', *, *, #2284, .F. ) ;
#1472 = EDGE_LOOP ( 'NONE', ( #703, #72, #115, #1198 ) ) ;
#1473 = ORIENTED_EDGE ( 'NONE', *, *, #2168, .F. ) ;
#1474 = DIRECTION ( 'NONE',  ( -0.000000000000000000, -1.000000000000000000, -0.000000000000000000 ) ) ;
#1475 = CARTESIAN_POINT ( 'NONE',  ( -0.5649999999999998357, 0.04999999999999999584, 0.2000000000000001221 ) ) ;
#1476 = ADVANCED_FACE ( 'NONE', ( #2514 ), #2597, .T. ) ;
#1477 = LINE ( 'NONE', #2251, #354 ) ;
#1478 = EDGE_CURVE ( 'NONE', #3124, #3240, #1580, .T. ) ;
#1479 = ORIENTED_EDGE ( 'NONE', *, *, #16, .T. ) ;
#1480 = EDGE_CURVE ( 'NONE', #362, #2844, #1061, .T. ) ;
#1481 = ORIENTED_EDGE ( 'NONE', *, *, #2932, .F. ) ;
#1482 = CIRCLE ( 'NONE', #1043, 0.3999999999999999667 ) ;
#1483 = ADVANCED_FACE ( 'NONE', ( #192 ), #1070, .F. ) ;
#1484 = CARTESIAN_POINT ( 'NONE',  ( -1.100000000000000311, 0.2800000000000000266, -1.000000000000000000 ) ) ;
#1485 = DIRECTION ( 'NONE',  ( 4.053092233590669768E-16, 0.000000000000000000, -1.000000000000000000 ) ) ;
#1486 = VERTEX_POINT ( 'NONE', #822 ) ;
#1487 = CARTESIAN_POINT ( 'NONE',  ( 1.100000000000000089, 0.000000000000000000, -0.9000000000000002442 ) ) ;
#1488 = DIRECTION ( 'NONE',  ( 0.000000000000000000, -0.000000000000000000, 1.000000000000000000 ) ) ;
#1489 = DIRECTION ( 'NONE',  ( 0.000000000000000000, 1.000000000000000000, 0.000000000000000000 ) ) ;
#1490 = AXIS2_PLACEMENT_3D ( 'NONE', #2010, #1485, #955 ) ;
#1491 = EDGE_LOOP ( 'NONE', ( #1541, #2293, #2162, #905, #279 ) ) ;
#1492 = CARTESIAN_POINT ( 'NONE',  ( -0.7999999999999998224, 0.04999999999999999584, 0.8999999999999998002 ) ) ;
#1493 = LINE ( 'NONE', #962, #944 ) ;
#1494 = CARTESIAN_POINT ( 'NONE',  ( 0.7249999999999999778, 0.04999999999999999584, -0.5000000000000008882 ) ) ;
#1495 = ORIENTED_EDGE ( 'NONE', *, *, #1368, .F. ) ;
#1496 = DIRECTION ( 'NONE',  ( -0.000000000000000000, 1.000000000000000000, -0.000000000000000000 ) ) ;
#1497 = DIRECTION ( 'NONE',  ( 0.000000000000000000, -0.000000000000000000, -1.000000000000000000 ) ) ;
#1498 = ADVANCED_FACE ( 'NONE', ( #1852 ), #1862, .T. ) ;
#1499 = DIRECTION ( 'NONE',  ( -0.000000000000000000, 1.000000000000000000, 0.000000000000000000 ) ) ;
#1500 = ORIENTED_EDGE ( 'NONE', *, *, #1637, .F. ) ;
#1501 = AXIS2_PLACEMENT_3D ( 'NONE', #2709, #477, #1934 ) ;
#1502 = VERTEX_POINT ( 'NONE', #1227 ) ;
#1503 = VECTOR ( 'NONE', #1010, 1000.000000000000000 ) ;
#1504 = MECHANICAL_DESIGN_GEOMETRIC_PRESENTATION_REPRESENTATION (  '', ( #1872 ), #1712 ) ;
#1505 = DIRECTION ( 'NONE',  ( 0.000000000000000000, 0.000000000000000000, 1.000000000000000000 ) ) ;
#1506 = EDGE_CURVE ( 'NONE', #1131, #2073, #2257, .T. ) ;
#1507 = VECTOR ( 'NONE', #241, 1000.000000000000000 ) ;
#1508 = DIRECTION ( 'NONE',  ( -0.000000000000000000, 1.000000000000000000, -0.000000000000000000 ) ) ;
#1509 = FACE_OUTER_BOUND ( 'NONE', #2267, .T. ) ;
#1510 = CARTESIAN_POINT ( 'NONE',  ( 0.5650000000000006128, 0.04999999999999999584, -0.2000000000000004274 ) ) ;
#1511 = CARTESIAN_POINT ( 'NONE',  ( -0.7250000000000005329, 0.04999999999999999584, 0.5000000000000001110 ) ) ;
#1512 = ORIENTED_EDGE ( 'NONE', *, *, #1745, .T. ) ;
#1513 = PLANE ( 'NONE',  #1791 ) ;
#1514 = DIRECTION ( 'NONE',  ( 1.000000000000000000, 0.000000000000000000, 0.000000000000000000 ) ) ;
#1515 = ORIENTED_EDGE ( 'NONE', *, *, #419, .T. ) ;
#1516 = VERTEX_POINT ( 'NONE', #2009 ) ;
#1517 = CYLINDRICAL_SURFACE ( 'NONE', #3258, 0.3999999999999999667 ) ;
#1518 = DIRECTION ( 'NONE',  ( 0.000000000000000000, 0.000000000000000000, 1.000000000000000000 ) ) ;
#1519 = EDGE_LOOP ( 'NONE', ( #247, #2221, #3307, #2715 ) ) ;
#1520 = EDGE_CURVE ( 'NONE', #750, #1713, #3050, .T. ) ;
#1521 = ORIENTED_EDGE ( 'NONE', *, *, #323, .F. ) ;
#1522 = VECTOR ( 'NONE', #2432, 1000.000000000000000 ) ;
#1523 =( NAMED_UNIT ( * ) PLANE_ANGLE_UNIT ( ) SI_UNIT ( $, .RADIAN. ) );
#1524 = CARTESIAN_POINT ( 'NONE',  ( 1.100000000000000311, 0.04999999999999999584, 0.2000000000000004829 ) ) ;
#1525 = DIRECTION ( 'NONE',  ( -9.856383386231860060E-17, 0.000000000000000000, -1.000000000000000000 ) ) ;
#1526 = ORIENTED_EDGE ( 'NONE', *, *, #1132, .T. ) ;
#1527 = DIRECTION ( 'NONE',  ( 0.000000000000000000, 0.000000000000000000, 1.000000000000000000 ) ) ;
#1528 = FILL_AREA_STYLE ('',( #476 ) ) ;
#1529 = ORIENTED_EDGE ( 'NONE', *, *, #2364, .T. ) ;
#1530 = LINE ( 'NONE', #1492, #2860 ) ;
#1531 = LINE ( 'NONE', #2559, #1507 ) ;
#1532 = ORIENTED_EDGE ( 'NONE', *, *, #2213, .T. ) ;
#1533 = DIRECTION ( 'NONE',  ( 0.000000000000000000, 1.000000000000000000, -0.000000000000000000 ) ) ;
#1534 = ORIENTED_EDGE ( 'NONE', *, *, #185, .T. ) ;
#1535 = DIRECTION ( 'NONE',  ( 0.000000000000000000, 0.000000000000000000, 1.000000000000000000 ) ) ;
#1536 = VERTEX_POINT ( 'NONE', #2782 ) ;
#1537 = ORIENTED_EDGE ( 'NONE', *, *, #1114, .F. ) ;
#1538 = DIRECTION ( 'NONE',  ( 1.084202172485504434E-16, 0.000000000000000000, -1.000000000000000000 ) ) ;
#1539 = PLANE ( 'NONE',  #1911 ) ;
#1540 = PLANE ( 'NONE',  #451 ) ;
#1541 = ORIENTED_EDGE ( 'NONE', *, *, #1897, .F. ) ;
#1542 = DIRECTION ( 'NONE',  ( 0.000000000000000000, 1.000000000000000000, -0.000000000000000000 ) ) ;
#1543 = VECTOR ( 'NONE', #1884, 1000.000000000000000 ) ;
#1544 = EDGE_CURVE ( 'NONE', #750, #2240, #2943, .T. ) ;
#1545 = DIRECTION ( 'NONE',  ( -0.000000000000000000, 1.000000000000000000, -0.000000000000000000 ) ) ;
#1546 = CIRCLE ( 'NONE', #1812, 0.08437499999999992228 ) ;
#1547 = VERTEX_POINT ( 'NONE', #893 ) ;
#1548 = CARTESIAN_POINT ( 'NONE',  ( -1.100000000000000311, 0.04999999999999999584, -0.2000000000000012601 ) ) ;
#1549 = CARTESIAN_POINT ( 'NONE',  ( -1.100000000000000311, 0.2800000000000000266, -0.2999999999999999334 ) ) ;
#1550 = VERTEX_POINT ( 'NONE', #118 ) ;
#1551 = ORIENTED_EDGE ( 'NONE', *, *, #868, .T. ) ;
#1552 = CARTESIAN_POINT ( 'NONE',  ( 1.099999999999999867, 0.04999999999999999584, 0.5000000000000005551 ) ) ;
#1553 = VECTOR ( 'NONE', #2681, 1000.000000000000000 ) ;
#1554 = DIRECTION ( 'NONE',  ( 0.000000000000000000, 1.000000000000000000, 0.000000000000000000 ) ) ;
#1555 = AXIS2_PLACEMENT_3D ( 'NONE', #639, #346, #3180 ) ;
#1556 = COLOUR_RGB ( '',0.7921568627450980005, 0.8196078431372548767, 0.9333333333333333481 ) ;
#1557 = VECTOR ( 'NONE', #2082, 1000.000000000000000 ) ;
#1558 = VECTOR ( 'NONE', #2329, 1000.000000000000000 ) ;
#1559 = DIRECTION ( 'NONE',  ( 2.168404344971015179E-15, 0.000000000000000000, -1.000000000000000000 ) ) ;
#1560 = EDGE_CURVE ( 'NONE', #2844, #3202, #2651, .T. ) ;
#1561 = CYLINDRICAL_SURFACE ( 'NONE', #2910, 0.08437499999999992228 ) ;
#1562 = CARTESIAN_POINT ( 'NONE',  ( 1.099999999999999867, 0.04999999999999999584, 0.1999999999999999556 ) ) ;
#1563 = ORIENTED_EDGE ( 'NONE', *, *, #480, .F. ) ;
#1564 = DIRECTION ( 'NONE',  ( -0.000000000000000000, -0.000000000000000000, 1.000000000000000000 ) ) ;
#1565 = CARTESIAN_POINT ( 'NONE',  ( 1.099999999999999867, 0.04999999999999999584, -0.2000000000000002054 ) ) ;
#1566 = ORIENTED_EDGE ( 'NONE', *, *, #492, .F. ) ;
#1567 = ORIENTED_EDGE ( 'NONE', *, *, #1241, .F. ) ;
#1568 = DIRECTION ( 'NONE',  ( 0.000000000000000000, 0.000000000000000000, 1.000000000000000000 ) ) ;
#1569 = AXIS2_PLACEMENT_3D ( 'NONE', #238, #3015, #3035 ) ;
#1570 = AXIS2_PLACEMENT_3D ( 'NONE', #393, #884, #2655 ) ;
#1571 = EDGE_CURVE ( 'NONE', #2119, #339, #1893, .T. ) ;
#1572 =( LENGTH_UNIT ( ) NAMED_UNIT ( * ) SI_UNIT ( .MILLI., .METRE. ) );
#1573 = LINE ( 'NONE', #1600, #761 ) ;
#1574 = DIRECTION ( 'NONE',  ( -1.548860246407863583E-16, -0.000000000000000000, 1.000000000000000000 ) ) ;
#1575 = ORIENTED_EDGE ( 'NONE', *, *, #2433, .F. ) ;
#1576 = LINE ( 'NONE', #1066, #1454 ) ;
#1577 =( LENGTH_UNIT ( ) NAMED_UNIT ( * ) SI_UNIT ( .MILLI., .METRE. ) );
#1578 = DIRECTION ( 'NONE',  ( -0.000000000000000000, -1.000000000000000000, -0.000000000000000000 ) ) ;
#1579 = ORIENTED_EDGE ( 'NONE', *, *, #1208, .T. ) ;
#1580 = LINE ( 'NONE', #2610, #1380 ) ;
#1581 = VERTEX_POINT ( 'NONE', #1110 ) ;
#1582 = DIRECTION ( 'NONE',  ( -1.084202172485505026E-15, 0.000000000000000000, -1.000000000000000000 ) ) ;
#1583 = EDGE_CURVE ( 'NONE', #858, #2102, #3163, .T. ) ;
#1584 = VERTEX_POINT ( 'NONE', #1354 ) ;
#1585 = CARTESIAN_POINT ( 'NONE',  ( 0.8073170731707310921, 0.04999999999999999584, -0.4341463414634152418 ) ) ;
#1586 = LINE ( 'NONE', #1336, #1883 ) ;
#1587 = CLOSED_SHELL ( 'NONE', ( #679, #68, #1595, #2934, #1335, #2758, #459, #3036, #2108, #1618, #733, #2147, #1292 ) ) ;
#1588 = CARTESIAN_POINT ( 'NONE',  ( -0.7250000000000004219, 0.2800000000000000266, -1.434091688094081277E-16 ) ) ;
#1589 = EDGE_LOOP ( 'NONE', ( #2200, #2830, #2483, #950 ) ) ;
#1590 = CARTESIAN_POINT ( 'NONE',  ( 0.8073170731707312031, 0.2800000000000000266, 0.4341463414634145757 ) ) ;
#1591 = LINE ( 'NONE', #2924, #1703 ) ;
#1592 = VERTEX_POINT ( 'NONE', #1940 ) ;
#1593 = LINE ( 'NONE', #581, #349 ) ;
#1594 = ORIENTED_EDGE ( 'NONE', *, *, #2168, .T. ) ;
#1595 = ADVANCED_FACE ( 'NONE', ( #2663 ), #2145, .T. ) ;
#1596 = LINE ( 'NONE', #879, #79 ) ;
#1597 = VECTOR ( 'NONE', #846, 1000.000000000000000 ) ;
#1598 = CARTESIAN_POINT ( 'NONE',  ( -1.100000000000000089, 0.2800000000000000266, 1.000000000000000222 ) ) ;
#1599 = EDGE_LOOP ( 'NONE', ( #2418, #2072, #2627, #333 ) ) ;
#1600 = CARTESIAN_POINT ( 'NONE',  ( 0.5650000000000000577, 0.04999999999999999584, 0.2000000000000002609 ) ) ;
#1601 = CIRCLE ( 'NONE', #2795, 0.1999999999999999833 ) ;
#1602 = VECTOR ( 'NONE', #427, 1000.000000000000000 ) ;
#1603 = LINE ( 'NONE', #1669, #3214 ) ;
#1604 = ORIENTED_EDGE ( 'NONE', *, *, #492, .T. ) ;
#1605 = FACE_OUTER_BOUND ( 'NONE', #317, .T. ) ;
#1606 = CARTESIAN_POINT ( 'NONE',  ( -0.5650000000000003908, 0.05000000000000000278, -0.2000000000000005385 ) ) ;
#1607 = DIRECTION ( 'NONE',  ( 0.000000000000000000, 1.000000000000000000, 0.000000000000000000 ) ) ;
#1608 = VERTEX_POINT ( 'NONE', #3227 ) ;
#1609 = DIRECTION ( 'NONE',  ( 0.000000000000000000, 0.000000000000000000, 1.000000000000000000 ) ) ;
#1610 = AXIS2_PLACEMENT_3D ( 'NONE', #177, #498, #2558 ) ;
#1611 = LINE ( 'NONE', #561, #2937 ) ;
#1612 = EDGE_LOOP ( 'NONE', ( #488, #3323, #2402, #1532 ) ) ;
#1613 = DIRECTION ( 'NONE',  ( -0.000000000000000000, -1.000000000000000000, -0.000000000000000000 ) ) ;
#1614 = VECTOR ( 'NONE', #2603, 1000.000000000000000 ) ;
#1615 = ORIENTED_EDGE ( 'NONE', *, *, #2232, .F. ) ;
#1616 = EDGE_CURVE ( 'NONE', #1161, #602, #2046, .T. ) ;
#1617 = CARTESIAN_POINT ( 'NONE',  ( 1.100000000000000089, 0.04999999999999999584, -0.9000000000000002442 ) ) ;
#1618 = ADVANCED_FACE ( 'NONE', ( #1420 ), #332, .F. ) ;
#1619 = ADVANCED_FACE ( 'NONE', ( #2436 ), #3194, .F. ) ;
#1620 = ORIENTED_EDGE ( 'NONE', *, *, #3133, .F. ) ;
#1621 = LINE ( 'NONE', #2649, #857 ) ;
#1622 = DIRECTION ( 'NONE',  ( 1.000000000000000000, 0.000000000000000000, 0.000000000000000000 ) ) ;
#1623 = CARTESIAN_POINT ( 'NONE',  ( -1.100000000000000311, 0.2800000000000000266, -1.000000000000000000 ) ) ;
#1624 = ORIENTED_EDGE ( 'NONE', *, *, #586, .F. ) ;
#1625 = PLANE ( 'NONE',  #1224 ) ;
#1626 = FILL_AREA_STYLE_COLOUR ( '', #2568 ) ;
#1627 = ORIENTED_EDGE ( 'NONE', *, *, #3136, .T. ) ;
#1628 = EDGE_CURVE ( 'NONE', #2858, #878, #2388, .T. ) ;
#1629 = DIRECTION ( 'NONE',  ( 6.195440985631454331E-16, 0.000000000000000000, 1.000000000000000000 ) ) ;
#1630 = EDGE_CURVE ( 'NONE', #164, #1334, #1142, .T. ) ;
#1631 = VERTEX_POINT ( 'NONE', #1623 ) ;
#1632 = CIRCLE ( 'NONE', #564, 0.3999999999999999667 ) ;
#1633 = DIRECTION ( 'NONE',  ( 0.000000000000000000, 1.000000000000000000, 0.000000000000000000 ) ) ;
#1634 = EDGE_CURVE ( 'NONE', #461, #1699, #1337, .T. ) ;
#1635 = ORIENTED_EDGE ( 'NONE', *, *, #3230, .T. ) ;
#1636 = PLANE ( 'NONE',  #547 ) ;
#1637 = EDGE_CURVE ( 'NONE', #3261, #2858, #3215, .T. ) ;
#1638 = DIRECTION ( 'NONE',  ( 1.000000000000000000, -0.000000000000000000, 0.000000000000000000 ) ) ;
#1639 = DIRECTION ( 'NONE',  ( 0.000000000000000000, 1.000000000000000000, 0.000000000000000000 ) ) ;
#1640 = ORIENTED_EDGE ( 'NONE', *, *, #2331, .F. ) ;
#1641 = CIRCLE ( 'NONE', #2350, 0.7000000000000011768 ) ;
#1642 = DIRECTION ( 'NONE',  ( -2.168404344971020701E-15, 0.000000000000000000, -1.000000000000000000 ) ) ;
#1643 = ORIENTED_EDGE ( 'NONE', *, *, #2790, .F. ) ;
#1644 = EDGE_CURVE ( 'NONE', #723, #1120, #848, .T. ) ;
#1645 = DIRECTION ( 'NONE',  ( 1.084202172485504434E-16, 0.000000000000000000, -1.000000000000000000 ) ) ;
#1646 = ORIENTED_EDGE ( 'NONE', *, *, #2364, .F. ) ;
#1647 = AXIS2_PLACEMENT_3D ( 'NONE', #2752, #2696, #2245 ) ;
#1648 = EDGE_CURVE ( 'NONE', #2087, #1202, #1365, .T. ) ;
#1649 = CARTESIAN_POINT ( 'NONE',  ( 1.099999999999999867, 0.2800000000000000266, -0.9000000000000006883 ) ) ;
#1650 = AXIS2_PLACEMENT_3D ( 'NONE', #1210, #684, #2481 ) ;
#1651 = VERTEX_POINT ( 'NONE', #593 ) ;
#1652 = LINE ( 'NONE', #576, #258 ) ;
#1653 = EDGE_CURVE ( 'NONE', #1502, #1390, #1660, .T. ) ;
#1654 = AXIS2_PLACEMENT_3D ( 'NONE', #153, #2807, #1527 ) ;
#1655 = ORIENTED_EDGE ( 'NONE', *, *, #3230, .F. ) ;
#1656 = CARTESIAN_POINT ( 'NONE',  ( -1.099999999999999867, 0.000000000000000000, 0.9000000000000002442 ) ) ;
#1657 = AXIS2_PLACEMENT_3D ( 'NONE', #835, #2419, #3197 ) ;
#1658 = FACE_OUTER_BOUND ( 'NONE', #2760, .T. ) ;
#1659 = AXIS2_PLACEMENT_3D ( 'NONE', #2504, #179, #1215 ) ;
#1660 = LINE ( 'NONE', #2683, #842 ) ;
#1661 = VECTOR ( 'NONE', #2737, 1000.000000000000000 ) ;
#1662 = ORIENTED_EDGE ( 'NONE', *, *, #722, .F. ) ;
#1663 = DIRECTION ( 'NONE',  ( -2.168404344971003346E-15, 0.000000000000000000, 1.000000000000000000 ) ) ;
#1664 = ORIENTED_EDGE ( 'NONE', *, *, #167, .F. ) ;
#1665 = CARTESIAN_POINT ( 'NONE',  ( -0.7250000000000004219, 0.04999999999999999584, 0.4156249999999997446 ) ) ;
#1666 = DIRECTION ( 'NONE',  ( 0.000000000000000000, 1.000000000000000000, 0.000000000000000000 ) ) ;
#1667 = EDGE_CURVE ( 'NONE', #3173, #1325, #3208, .T. ) ;
#1668 = VERTEX_POINT ( 'NONE', #365 ) ;
#1669 = CARTESIAN_POINT ( 'NONE',  ( -1.100000000000000311, 0.04999999999999999584, 0.1999999999999994005 ) ) ;
#1670 = AXIS2_PLACEMENT_3D ( 'NONE', #1814, #2845, #292 ) ;
#1671 = ORIENTED_EDGE ( 'NONE', *, *, #872, .T. ) ;
#1672 = CARTESIAN_POINT ( 'NONE',  ( 1.100000000000000311, 0.04999999999999999584, -0.2000000000000002054 ) ) ;
#1673 = CARTESIAN_POINT ( 'NONE',  ( -0.5649999999999999467, 0.05000000000000000278, 0.9000000000000001332 ) ) ;
#1674 = DIRECTION ( 'NONE',  ( -1.000000000000000000, -0.000000000000000000, -4.053092233590673219E-16 ) ) ;
#1675 = ORIENTED_EDGE ( 'NONE', *, *, #14, .T. ) ;
#1676 = LINE ( 'NONE', #403, #1389 ) ;
#1677 = EDGE_CURVE ( 'NONE', #1006, #2457, #1283, .T. ) ;
#1678 = ADVANCED_FACE ( 'NONE', ( #1973 ), #2794, .T. ) ;
#1679 = LINE ( 'NONE', #2985, #2184 ) ;
#1680 = DIRECTION ( 'NONE',  ( 1.000000000000000000, -0.000000000000000000, 4.053092233590680614E-16 ) ) ;
#1681 = ORIENTED_EDGE ( 'NONE', *, *, #2667, .T. ) ;
#1682 = DIRECTION ( 'NONE',  ( -1.000000000000000000, 0.000000000000000000, 0.000000000000000000 ) ) ;
#1683 = ORIENTED_EDGE ( 'NONE', *, *, #3170, .T. ) ;
#1684 = LINE ( 'NONE', #2463, #1377 ) ;
#1685 = VERTEX_POINT ( 'NONE', #1494 ) ;
#1686 = PLANE ( 'NONE',  #3029 ) ;
#1687 = AXIS2_PLACEMENT_3D ( 'NONE', #3068, #746, #1287 ) ;
#1688 = EDGE_CURVE ( 'NONE', #1581, #3059, #1746, .T. ) ;
#1689 = CARTESIAN_POINT ( 'NONE',  ( -0.7250000000000004219, 0.04999999999999999584, -1.434091688094081277E-16 ) ) ;
#1690 = CARTESIAN_POINT ( 'NONE',  ( -0.5149999999999997913, 0.000000000000000000, 1.000000000000000222 ) ) ;
#1691 = ORIENTED_EDGE ( 'NONE', *, *, #2589, .F. ) ;
#1692 = LINE ( 'NONE', #2452, #891 ) ;
#1693 = DIRECTION ( 'NONE',  ( -0.000000000000000000, -1.000000000000000000, -0.000000000000000000 ) ) ;
#1694 = ADVANCED_FACE ( 'NONE', ( #729 ), #3058, .T. ) ;
#1695 = DIRECTION ( 'NONE',  ( 0.000000000000000000, 1.000000000000000000, 0.000000000000000000 ) ) ;
#1696 = SURFACE_STYLE_FILL_AREA ( #1462 ) ;
#1697 = DIRECTION ( 'NONE',  ( 0.000000000000000000, -1.000000000000000000, 0.000000000000000000 ) ) ;
#1698 = FACE_OUTER_BOUND ( 'NONE', #1465, .T. ) ;
#1699 = VERTEX_POINT ( 'NONE', #3322 ) ;
#1700 = DIRECTION ( 'NONE',  ( -0.000000000000000000, -0.000000000000000000, -1.000000000000000000 ) ) ;
#1701 = ORIENTED_EDGE ( 'NONE', *, *, #3275, .T. ) ;
#1702 = FACE_OUTER_BOUND ( 'NONE', #909, .T. ) ;
#1703 = VECTOR ( 'NONE', #605, 1000.000000000000000 ) ;
#1704 = CARTESIAN_POINT ( 'NONE',  ( -1.100000000000000311, 0.2800000000000000266, -0.9000000000000011324 ) ) ;
#1705 = PLANE ( 'NONE',  #2411 ) ;
#1706 = VECTOR ( 'NONE', #490, 1000.000000000000000 ) ;
#1707 = AXIS2_PLACEMENT_3D ( 'NONE', #915, #3270, #97 ) ;
#1708 = ORIENTED_EDGE ( 'NONE', *, *, #806, .T. ) ;
#1709 = CARTESIAN_POINT ( 'NONE',  ( 0.000000000000000000, 0.2800000000000000266, 0.000000000000000000 ) ) ;
#1710 = VECTOR ( 'NONE', #2303, 1000.000000000000000 ) ;
#1711 = PLANE ( 'NONE',  #3169 ) ;
#1712 =( GEOMETRIC_REPRESENTATION_CONTEXT ( 3 ) GLOBAL_UNCERTAINTY_ASSIGNED_CONTEXT ( ( #41 ) ) GLOBAL_UNIT_ASSIGNED_CONTEXT ( ( #2344, #1523, #807 ) ) REPRESENTATION_CONTEXT ( 'NONE', 'WORKASPACE' ) );
#1713 = VERTEX_POINT ( 'NONE', #224 ) ;
#1714 = CARTESIAN_POINT ( 'NONE',  ( -0.5149999999999997913, 0.005000000000000000104, 1.000000000000000222 ) ) ;
#1715 = LINE ( 'NONE', #430, #2942 ) ;
#1716 = DIRECTION ( 'NONE',  ( 0.000000000000000000, -1.000000000000000000, 0.000000000000000000 ) ) ;
#1717 = VERTEX_POINT ( 'NONE', #924 ) ;
#1718 = FACE_OUTER_BOUND ( 'NONE', #2889, .T. ) ;
#1719 = VERTEX_POINT ( 'NONE', #3260 ) ;
#1720 = EDGE_CURVE ( 'NONE', #1431, #723, #2995, .T. ) ;
#1721 = ORIENTED_EDGE ( 'NONE', *, *, #1190, .F. ) ;
#1722 = CARTESIAN_POINT ( 'NONE',  ( 0.5650000000000006128, 0.05000000000000000278, -0.2000000000000004274 ) ) ;
#1723 = ADVANCED_FACE ( 'NONE', ( #2753 ), #3018, .T. ) ;
#1724 = FACE_OUTER_BOUND ( 'NONE', #2506, .T. ) ;
#1725 = EDGE_CURVE ( 'NONE', #1993, #2462, #481, .T. ) ;
#1726 = CARTESIAN_POINT ( 'NONE',  ( 0.7249999999999993117, 0.04999999999999999584, 0.4156249999999997446 ) ) ;
#1727 = EDGE_CURVE ( 'NONE', #1853, #1608, #1258, .T. ) ;
#1728 = VERTEX_POINT ( 'NONE', #2523 ) ;
#1729 = CARTESIAN_POINT ( 'NONE',  ( -0.8000000000000003775, 0.04999999999999999584, 0.9000000000000001332 ) ) ;
#1730 = CARTESIAN_POINT ( 'NONE',  ( 1.100000000000000089, 0.04999999999999999584, -0.9000000000000002442 ) ) ;
#1731 = VECTOR ( 'NONE', #1412, 1000.000000000000000 ) ;
#1732 = LINE ( 'NONE', #2759, #1661 ) ;
#1733 = ORIENTED_EDGE ( 'NONE', *, *, #3172, .T. ) ;
#1734 = ORIENTED_EDGE ( 'NONE', *, *, #1637, .T. ) ;
#1735 = PRESENTATION_STYLE_ASSIGNMENT (( #2493 ) ) ;
#1736 = EDGE_CURVE ( 'NONE', #3261, #1719, #205, .T. ) ;
#1737 = PLANE ( 'NONE',  #338 ) ;
#1738 = CARTESIAN_POINT ( 'NONE',  ( 0.5649999999999999467, 0.05000000000000000278, 0.9000000000000002442 ) ) ;
#1739 = DIRECTION ( 'NONE',  ( 1.548860246407863583E-16, 0.000000000000000000, -1.000000000000000000 ) ) ;
#1740 = CARTESIAN_POINT ( 'NONE',  ( -0.1000000000000001582, 0.005000000000000000104, 1.000000000000000222 ) ) ;
#1741 = EDGE_CURVE ( 'NONE', #2564, #3115, #533, .T. ) ;
#1742 = EDGE_LOOP ( 'NONE', ( #34, #1069, #1500, #2491 ) ) ;
#1743 = CARTESIAN_POINT ( 'NONE',  ( 1.099999999999999867, 0.04999999999999999584, 0.5000000000000005551 ) ) ;
#1744 = DIRECTION ( 'NONE',  ( 1.978057500819421423E-16, 0.000000000000000000, -1.000000000000000000 ) ) ;
#1745 = EDGE_CURVE ( 'NONE', #2032, #2248, #2246, .T. ) ;
#1746 = LINE ( 'NONE', #651, #1104 ) ;
#1747 = VERTEX_POINT ( 'NONE', #3286 ) ;
#1748 = EDGE_LOOP ( 'NONE', ( #2115, #2980, #2935, #166, #2957 ) ) ;
#1749 = DIRECTION ( 'NONE',  ( 0.000000000000000000, 0.000000000000000000, 1.000000000000000000 ) ) ;
#1750 = DIRECTION ( 'NONE',  ( 0.000000000000000000, -1.000000000000000000, 0.000000000000000000 ) ) ;
#1751 = EDGE_CURVE ( 'NONE', #3337, #1581, #1767, .T. ) ;
#1752 = LINE ( 'NONE', #3290, #2252 ) ;
#1753 = EDGE_LOOP ( 'NONE', ( #1427, #2437, #2287, #1790 ) ) ;
#1754 = VERTEX_POINT ( 'NONE', #963 ) ;
#1755 = LINE ( 'NONE', #2531, #2140 ) ;
#1756 = DIRECTION ( 'NONE',  ( 0.000000000000000000, -1.000000000000000000, 0.000000000000000000 ) ) ;
#1757 = CARTESIAN_POINT ( 'NONE',  ( 1.099999999999999867, 0.04999999999999999584, -0.5000000000000007772 ) ) ;
#1758 = CARTESIAN_POINT ( 'NONE',  ( -1.100000000000000311, 0.2800000000000000266, -0.9000000000000011324 ) ) ;
#1759 = MECHANICAL_DESIGN_GEOMETRIC_PRESENTATION_REPRESENTATION (  '', ( #1049 ), #396 ) ;
#1760 = FACE_OUTER_BOUND ( 'NONE', #1152, .T. ) ;
#1761 = CARTESIAN_POINT ( 'NONE',  ( 1.099999999999999867, 0.000000000000000000, -1.000000000000000000 ) ) ;
#1762 = VECTOR ( 'NONE', #3345, 1000.000000000000000 ) ;
#1763 = ORIENTED_EDGE ( 'NONE', *, *, #699, .F. ) ;
#1764 = FACE_OUTER_BOUND ( 'NONE', #1170, .T. ) ;
#1765 = EDGE_CURVE ( 'NONE', #1717, #3134, #1238, .T. ) ;
#1766 = ORIENTED_EDGE ( 'NONE', *, *, #1855, .F. ) ;
#1767 = LINE ( 'NONE', #400, #78 ) ;
#1768 = ORIENTED_EDGE ( 'NONE', *, *, #868, .F. ) ;
#1769 = PLANE ( 'NONE',  #3110 ) ;
#1770 = AXIS2_PLACEMENT_3D ( 'NONE', #1995, #907, #3207 ) ;
#1771 = DIRECTION ( 'NONE',  ( 1.000000000000000000, 0.000000000000000000, 1.084202172485501279E-15 ) ) ;
#1772 = LINE ( 'NONE', #1324, #1967 ) ;
#1773 = ORIENTED_EDGE ( 'NONE', *, *, #3055, .F. ) ;
#1774 = CIRCLE ( 'NONE', #1707, 0.3000000000000002665 ) ;
#1775 = ORIENTED_EDGE ( 'NONE', *, *, #2227, .F. ) ;
#1776 = AXIS2_PLACEMENT_3D ( 'NONE', #620, #1093, #2130 ) ;
#1777 = AXIS2_PLACEMENT_3D ( 'NONE', #1714, #1225, #2214 ) ;
#1778 = EDGE_CURVE ( 'NONE', #500, #1754, #2770, .T. ) ;
#1779 = DIRECTION ( 'NONE',  ( 0.000000000000000000, 0.000000000000000000, -1.000000000000000000 ) ) ;
#1780 = CARTESIAN_POINT ( 'NONE',  ( 1.099999999999999867, 0.04999999999999999584, -0.9000000000000006883 ) ) ;
#1781 = FACE_OUTER_BOUND ( 'NONE', #181, .T. ) ;
#1782 = CARTESIAN_POINT ( 'NONE',  ( 1.099999999999999867, 0.000000000000000000, 1.000000000000000000 ) ) ;
#1783 = ORIENTED_EDGE ( 'NONE', *, *, #221, .T. ) ;
#1784 = DIRECTION ( 'NONE',  ( 0.000000000000000000, -0.000000000000000000, -1.000000000000000000 ) ) ;
#1785 = CARTESIAN_POINT ( 'NONE',  ( -1.099999999999999867, 0.000000000000000000, 0.9000000000000002442 ) ) ;
#1786 = ORIENTED_EDGE ( 'NONE', *, *, #2171, .T. ) ;
#1787 = FACE_OUTER_BOUND ( 'NONE', #311, .T. ) ;
#1788 = CARTESIAN_POINT ( 'NONE',  ( -1.100000000000000311, 0.04999999999999999584, -0.5000000000000013323 ) ) ;
#1789 = ORIENTED_EDGE ( 'NONE', *, *, #2120, .T. ) ;
#1790 = ORIENTED_EDGE ( 'NONE', *, *, #503, .T. ) ;
#1791 = AXIS2_PLACEMENT_3D ( 'NONE', #1468, #3283, #479 ) ;
#1792 = PLANE ( 'NONE',  #2953 ) ;
#1793 = CARTESIAN_POINT ( 'NONE',  ( 1.099999999999999867, 0.2800000000000000266, 1.000000000000000000 ) ) ;
#1794 = CARTESIAN_POINT ( 'NONE',  ( -0.5149999999999995692, 0.005000000000000000104, -1.000000000000000000 ) ) ;
#1795 = EDGE_CURVE ( 'NONE', #1990, #1848, #1178, .T. ) ;
#1796 = DIRECTION ( 'NONE',  ( 0.000000000000000000, 1.000000000000000000, -0.000000000000000000 ) ) ;
#1797 = DIRECTION ( 'NONE',  ( -0.000000000000000000, -1.000000000000000000, -0.000000000000000000 ) ) ;
#1798 = CARTESIAN_POINT ( 'NONE',  ( -0.5649999999999999467, 0.000000000000000000, 0.9000000000000001332 ) ) ;
#1799 = EDGE_LOOP ( 'NONE', ( #2273, #506, #2938, #3165, #1395, #2865 ) ) ;
#1800 = FACE_OUTER_BOUND ( 'NONE', #925, .T. ) ;
#1801 = CARTESIAN_POINT ( 'NONE',  ( 0.7249999999999999778, 0.04999999999999999584, -0.5000000000000008882 ) ) ;
#1802 = ORIENTED_EDGE ( 'NONE', *, *, #1667, .F. ) ;
#1803 = ORIENTED_EDGE ( 'NONE', *, *, #787, .F. ) ;
#1804 = COLOUR_RGB ( '',0.7921568627450980005, 0.8196078431372548767, 0.9333333333333333481 ) ;
#1805 = FACE_OUTER_BOUND ( 'NONE', #96, .T. ) ;
#1806 = EDGE_CURVE ( 'NONE', #1547, #138, #1978, .T. ) ;
#1807 = CARTESIAN_POINT ( 'NONE',  ( 1.099999999999999867, 0.2800000000000000266, -0.2999999999999997113 ) ) ;
#1808 = DIRECTION ( 'NONE',  ( 1.000000000000000000, 0.000000000000000000, 4.053092233590672233E-16 ) ) ;
#1809 = AXIS2_PLACEMENT_3D ( 'NONE', #1945, #629, #2165 ) ;
#1810 = ADVANCED_FACE ( 'NONE', ( #3244 ), #1705, .F. ) ;
#1811 = LINE ( 'NONE', #290, #200 ) ;
#1812 = AXIS2_PLACEMENT_3D ( 'NONE', #644, #2441, #151 ) ;
#1813 = ORIENTED_EDGE ( 'NONE', *, *, #625, .T. ) ;
#1814 = CARTESIAN_POINT ( 'NONE',  ( 0.5649999999999999467, 0.04999999999999999584, 0.9000000000000002442 ) ) ;
#1815 = PLANE ( 'NONE',  #2621 ) ;
#1816 = VERTEX_POINT ( 'NONE', #1798 ) ;
#1817 = VECTOR ( 'NONE', #2264, 1000.000000000000000 ) ;
#1818 = EDGE_LOOP ( 'NONE', ( #2872, #2791, #656, #525 ) ) ;
#1819 = CARTESIAN_POINT ( 'NONE',  ( -0.5650000000000003908, 0.05000000000000000278, -0.2000000000000005385 ) ) ;
#1820 = AXIS2_PLACEMENT_3D ( 'NONE', #2726, #903, #1172 ) ;
#1821 = ORIENTED_EDGE ( 'NONE', *, *, #2044, .T. ) ;
#1822 = VECTOR ( 'NONE', #2163, 1000.000000000000000 ) ;
#1823 = AXIS2_PLACEMENT_3D ( 'NONE', #1307, #2336, #2055 ) ;
#1824 = AXIS2_PLACEMENT_3D ( 'NONE', #1441, #422, #1458 ) ;
#1825 = CARTESIAN_POINT ( 'NONE',  ( 0.7249999999999994227, 0.04999999999999999584, 0.5000000000000001110 ) ) ;
#1826 = CARTESIAN_POINT ( 'NONE',  ( 1.099999999999999867, 0.2800000000000000266, -0.5000000000000007772 ) ) ;
#1827 = EDGE_CURVE ( 'NONE', #1717, #2611, #2068, .T. ) ;
#1828 = LINE ( 'NONE', #1339, #1064 ) ;
#1829 = EDGE_CURVE ( 'NONE', #138, #3070, #2857, .T. ) ;
#1830 = ORIENTED_EDGE ( 'NONE', *, *, #388, .F. ) ;
#1831 = LINE ( 'NONE', #1031, #319 ) ;
#1832 = EDGE_CURVE ( 'NONE', #1651, #2893, #1811, .T. ) ;
#1833 = CARTESIAN_POINT ( 'NONE',  ( 1.099999999999999867, 0.2800000000000000266, -0.7000000000000000666 ) ) ;
#1834 = EDGE_CURVE ( 'NONE', #1118, #3115, #3132, .T. ) ;
#1835 = EDGE_LOOP ( 'NONE', ( #131, #1640, #978, #2069, #1421 ) ) ;
#1836 = CARTESIAN_POINT ( 'NONE',  ( -0.5650000000000008349, 0.05000000000000000278, -0.9000000000000004663 ) ) ;
#1837 = ORIENTED_EDGE ( 'NONE', *, *, #1630, .F. ) ;
#1838 = CARTESIAN_POINT ( 'NONE',  ( 0.7249999999999999778, 0.2800000000000000266, -0.4156250000000005218 ) ) ;
#1839 = AXIS2_PLACEMENT_3D ( 'NONE', #2016, #3332, #3083 ) ;
#1840 = VECTOR ( 'NONE', #1629, 1000.000000000000000 ) ;
#1841 = EDGE_CURVE ( 'NONE', #3124, #1486, #549, .T. ) ;
#1842 = EDGE_CURVE ( 'NONE', #2361, #2248, #3098, .T. ) ;
#1843 = DIRECTION ( 'NONE',  ( 0.000000000000000000, -1.000000000000000000, 0.000000000000000000 ) ) ;
#1844 = ORIENTED_EDGE ( 'NONE', *, *, #1886, .F. ) ;
#1845 = CARTESIAN_POINT ( 'NONE',  ( 0.7249999999999996447, 0.04999999999999999584, -0.6391941090707504713 ) ) ;
#1846 = DIRECTION ( 'NONE',  ( 0.000000000000000000, -1.000000000000000000, 0.000000000000000000 ) ) ;
#1847 = ADVANCED_FACE ( 'NONE', ( #2843 ), #3350, .F. ) ;
#1848 = VERTEX_POINT ( 'NONE', #1044 ) ;
#1849 = DIRECTION ( 'NONE',  ( 0.000000000000000000, 0.000000000000000000, -1.000000000000000000 ) ) ;
#1850 = DIRECTION ( 'NONE',  ( 0.000000000000000000, -1.000000000000000000, 0.000000000000000000 ) ) ;
#1851 = ORIENTED_EDGE ( 'NONE', *, *, #330, .T. ) ;
#1852 = FACE_OUTER_BOUND ( 'NONE', #607, .T. ) ;
#1853 = VERTEX_POINT ( 'NONE', #1320 ) ;
#1854 = FACE_OUTER_BOUND ( 'NONE', #174, .T. ) ;
#1855 = EDGE_CURVE ( 'NONE', #2659, #1245, #1063, .T. ) ;
#1856 = DIRECTION ( 'NONE',  ( 0.000000000000000000, 0.000000000000000000, 1.000000000000000000 ) ) ;
#1857 = CARTESIAN_POINT ( 'NONE',  ( 0.8073170731707312031, 0.04999999999999999584, 0.4341463414634145757 ) ) ;
#1858 = CARTESIAN_POINT ( 'NONE',  ( 1.099999999999999867, 0.04999999999999999584, 0.4999999999999993339 ) ) ;
#1859 = ORIENTED_EDGE ( 'NONE', *, *, #2628, .F. ) ;
#1860 = DIRECTION ( 'NONE',  ( 2.336741503768149429E-15, 0.000000000000000000, 1.000000000000000000 ) ) ;
#1861 = CARTESIAN_POINT ( 'NONE',  ( 1.099999999999999867, 0.2800000000000000266, 0.4999999999999993339 ) ) ;
#1862 = PLANE ( 'NONE',  #1920 ) ;
#1863 = EDGE_LOOP ( 'NONE', ( #713, #2638, #597, #2384 ) ) ;
#1864 = LINE ( 'NONE', #93, #1822 ) ;
#1865 = VECTOR ( 'NONE', #307, 1000.000000000000000 ) ;
#1866 = EDGE_CURVE ( 'NONE', #802, #3153, #2590, .T. ) ;
#1867 = AXIS2_PLACEMENT_3D ( 'NONE', #2376, #1508, #2089 ) ;
#1868 = CARTESIAN_POINT ( 'NONE',  ( 0.5650000000000000577, 0.000000000000000000, 0.2000000000000002609 ) ) ;
#1869 = VECTOR ( 'NONE', #1700, 1000.000000000000000 ) ;
#1870 = DIRECTION ( 'NONE',  ( 0.000000000000000000, -1.000000000000000000, 0.000000000000000000 ) ) ;
#1871 = VECTOR ( 'NONE', #2979, 1000.000000000000000 ) ;
#1872 = STYLED_ITEM ( 'NONE', ( #1984 ), #2392 ) ;
#1873 = CARTESIAN_POINT ( 'NONE',  ( -0.7250000000000000888, 0.8400000000000000799, 1.000000000000000000 ) ) ;
#1874 = ADVANCED_FACE ( 'NONE', ( #2370 ), #3334, .F. ) ;
#1875 = EDGE_LOOP ( 'NONE', ( #1529, #401, #1381, #1073 ) ) ;
#1876 = DIRECTION ( 'NONE',  ( -1.548860246407863583E-16, -0.000000000000000000, 1.000000000000000000 ) ) ;
#1877 = DIRECTION ( 'NONE',  ( -1.000000000000000000, 0.000000000000000000, -9.293161478447183962E-16 ) ) ;
#1878 = ORIENTED_EDGE ( 'NONE', *, *, #221, .F. ) ;
#1879 = CARTESIAN_POINT ( 'NONE',  ( 0.5650000000000000577, 0.05000000000000000278, 0.2000000000000002609 ) ) ;
#1880 = ORIENTED_EDGE ( 'NONE', *, *, #1039, .T. ) ;
#1881 = FACE_OUTER_BOUND ( 'NONE', #3041, .T. ) ;
#1882 = UNCERTAINTY_MEASURE_WITH_UNIT (LENGTH_MEASURE( 1.000000000000000082E-05 ), #1577, 'distance_accuracy_value', 'NONE');
#1883 = VECTOR ( 'NONE', #2856, 1000.000000000000000 ) ;
#1884 = DIRECTION ( 'NONE',  ( 0.000000000000000000, -1.000000000000000000, 0.000000000000000000 ) ) ;
#1885 = ORIENTED_EDGE ( 'NONE', *, *, #1370, .T. ) ;
#1886 = EDGE_CURVE ( 'NONE', #1135, #1516, #2871, .T. ) ;
#1887 = CARTESIAN_POINT ( 'NONE',  ( 1.099999999999999867, 0.2800000000000000266, 0.1999999999999999556 ) ) ;
#1888 = CIRCLE ( 'NONE', #2153, 0.08437499999999992228 ) ;
#1889 = CARTESIAN_POINT ( 'NONE',  ( -0.7250000000000003109, 0.04999999999999999584, -0.6391941090707520257 ) ) ;
#1890 = ORIENTED_EDGE ( 'NONE', *, *, #3001, .F. ) ;
#1891 = DIRECTION ( 'NONE',  ( 0.000000000000000000, 0.000000000000000000, 1.000000000000000000 ) ) ;
#1892 = CARTESIAN_POINT ( 'NONE',  ( -1.099999999999999867, 0.000000000000000000, -0.2000000000000004829 ) ) ;
#1893 = LINE ( 'NONE', #384, #1871 ) ;
#1894 = EDGE_LOOP ( 'NONE', ( #3312, #291, #3011, #2877 ) ) ;
#1895 = EDGE_CURVE ( 'NONE', #2739, #3101, #1272, .T. ) ;
#1896 = PLANE ( 'NONE',  #1165 ) ;
#1897 = EDGE_CURVE ( 'NONE', #1608, #1728, #796, .T. ) ;
#1898 = LINE ( 'NONE', #610, #1959 ) ;
#1899 = ORIENTED_EDGE ( 'NONE', *, *, #2160, .F. ) ;
#1900 = SURFACE_SIDE_STYLE ('',( #2152 ) ) ;
#1901 = MECHANICAL_DESIGN_GEOMETRIC_PRESENTATION_REPRESENTATION (  '', ( #1317 ), #3100 ) ;
#1902 = ORIENTED_EDGE ( 'NONE', *, *, #604, .T. ) ;
#1903 = CARTESIAN_POINT ( 'NONE',  ( 0.5650000000000006128, 0.04999999999999999584, -0.2000000000000004274 ) ) ;
#1904 = EDGE_LOOP ( 'NONE', ( #2967, #1235, #2316 ) ) ;
#1905 = LINE ( 'NONE', #1656, #1522 ) ;
#1906 = PLANE ( 'NONE',  #254 ) ;
#1907 = CARTESIAN_POINT ( 'NONE',  ( -0.7250000000000000888, 0.8400000000000000799, -1.000000000000000000 ) ) ;
#1908 = ORIENTED_EDGE ( 'NONE', *, *, #1034, .F. ) ;
#1909 = EDGE_CURVE ( 'NONE', #2042, #1431, #2615, .T. ) ;
#1910 = DIRECTION ( 'NONE',  ( 1.978057500819421423E-16, 0.000000000000000000, -1.000000000000000000 ) ) ;
#1911 = AXIS2_PLACEMENT_3D ( 'NONE', #3067, #2515, #3080 ) ;
#1912 = EDGE_CURVE ( 'NONE', #878, #2922, #1828, .T. ) ;
#1913 = DIRECTION ( 'NONE',  ( 0.000000000000000000, 0.000000000000000000, 1.000000000000000000 ) ) ;
#1914 = ORIENTED_EDGE ( 'NONE', *, *, #502, .F. ) ;
#1915 = AXIS2_PLACEMENT_3D ( 'NONE', #568, #592, #320 ) ;
#1916 = CARTESIAN_POINT ( 'NONE',  ( 0.5649999999999999467, 0.04999999999999999584, 0.9000000000000002442 ) ) ;
#1917 = AXIS2_PLACEMENT_3D ( 'NONE', #1966, #413, #454 ) ;
#1918 = ORIENTED_EDGE ( 'NONE', *, *, #2059, .T. ) ;
#1919 = LINE ( 'NONE', #829, #526 ) ;
#1920 = AXIS2_PLACEMENT_3D ( 'NONE', #2876, #3314, #570 ) ;
#1921 = ORIENTED_EDGE ( 'NONE', *, *, #3272, .T. ) ;
#1922 = DIRECTION ( 'NONE',  ( 1.978057500819421423E-16, 0.000000000000000000, -1.000000000000000000 ) ) ;
#1923 = AXIS2_PLACEMENT_3D ( 'NONE', #1247, #1461, #1505 ) ;
#1924 = CARTESIAN_POINT ( 'NONE',  ( 1.099999999999999645, 0.000000000000000000, -0.7000000000000007327 ) ) ;
#1925 = EDGE_CURVE ( 'NONE', #3266, #1020, #1076, .T. ) ;
#1926 = CARTESIAN_POINT ( 'NONE',  ( 1.099999999999999645, 0.04999999999999999584, -0.7000000000000007327 ) ) ;
#1927 = ORIENTED_EDGE ( 'NONE', *, *, #1571, .T. ) ;
#1928 = EDGE_CURVE ( 'NONE', #1816, #615, #514, .T. ) ;
#1929 = DIRECTION ( 'NONE',  ( -1.000000000000000000, 0.000000000000000000, 2.026546116795339814E-16 ) ) ;
#1930 = DIRECTION ( 'NONE',  ( -1.284980352575413882E-15, 0.000000000000000000, 1.000000000000000000 ) ) ;
#1931 = EDGE_LOOP ( 'NONE', ( #1139, #783, #1789, #1534, #1885, #211 ) ) ;
#1932 = DIRECTION ( 'NONE',  ( -1.000000000000000000, 0.000000000000000000, 1.519909587596503135E-16 ) ) ;
#1933 = ORIENTED_EDGE ( 'NONE', *, *, #1841, .T. ) ;
#1934 = DIRECTION ( 'NONE',  ( 0.000000000000000000, 0.000000000000000000, 1.000000000000000000 ) ) ;
#1935 = VECTOR ( 'NONE', #1876, 1000.000000000000000 ) ;
#1936 = EDGE_LOOP ( 'NONE', ( #424, #2817, #1975, #2342 ) ) ;
#1937 = CARTESIAN_POINT ( 'NONE',  ( -0.7999999999999998224, 0.04999999999999999584, 0.8999999999999998002 ) ) ;
#1938 = CARTESIAN_POINT ( 'NONE',  ( -0.7250000000000005329, 0.2800000000000000266, 0.5000000000000001110 ) ) ;
#1939 = EDGE_CURVE ( 'NONE', #1699, #665, #1531, .T. ) ;
#1940 = CARTESIAN_POINT ( 'NONE',  ( 0.7249999999999994227, 0.2800000000000000266, 0.5000000000000001110 ) ) ;
#1941 = VERTEX_POINT ( 'NONE', #1015 ) ;
#1942 = DIRECTION ( 'NONE',  ( -0.000000000000000000, -1.000000000000000000, 0.000000000000000000 ) ) ;
#1943 = FACE_OUTER_BOUND ( 'NONE', #2652, .T. ) ;
#1944 = DIRECTION ( 'NONE',  ( -1.000000000000000000, 0.000000000000000000, -4.053092233590671740E-16 ) ) ;
#1945 = CARTESIAN_POINT ( 'NONE',  ( 0.7249999999999998668, 4.150323865407125723, 1.000000000000000000 ) ) ;
#1946 = ORIENTED_EDGE ( 'NONE', *, *, #851, .T. ) ;
#1947 = CARTESIAN_POINT ( 'NONE',  ( 1.099999999999999867, 0.2800000000000000266, 0.5000000000000001110 ) ) ;
#1948 = ORIENTED_EDGE ( 'NONE', *, *, #1036, .T. ) ;
#1949 = LINE ( 'NONE', #976, #1107 ) ;
#1950 = ORIENTED_EDGE ( 'NONE', *, *, #1056, .T. ) ;
#1951 = DIRECTION ( 'NONE',  ( 1.000000000000000000, -0.000000000000000000, 1.548860246407863583E-16 ) ) ;
#1952 = CARTESIAN_POINT ( 'NONE',  ( 1.100000000000000311, 0.000000000000000000, 0.2000000000000004829 ) ) ;
#1953 = DIRECTION ( 'NONE',  ( 0.000000000000000000, 1.000000000000000000, 0.000000000000000000 ) ) ;
#1954 = ORIENTED_EDGE ( 'NONE', *, *, #2686, .F. ) ;
#1955 = DIRECTION ( 'NONE',  ( -0.000000000000000000, -1.000000000000000000, -0.000000000000000000 ) ) ;
#1956 = CARTESIAN_POINT ( 'NONE',  ( -0.5649999999999998357, 0.04999999999999999584, 0.2000000000000001221 ) ) ;
#1957 = ORIENTED_EDGE ( 'NONE', *, *, #2120, .F. ) ;
#1958 = PLANE ( 'NONE',  #582 ) ;
#1959 = VECTOR ( 'NONE', #1645, 1000.000000000000000 ) ;
#1960 = LINE ( 'NONE', #3004, #1054 ) ;
#1961 = ORIENTED_EDGE ( 'NONE', *, *, #111, .T. ) ;
#1962 = DIRECTION ( 'NONE',  ( 0.000000000000000000, 0.000000000000000000, 1.000000000000000000 ) ) ;
#1963 = EDGE_CURVE ( 'NONE', #3337, #1161, #2430, .T. ) ;
#1964 = EDGE_CURVE ( 'NONE', #3070, #2988, #614, .T. ) ;
#1965 = ORIENTED_EDGE ( 'NONE', *, *, #1241, .T. ) ;
#1966 = CARTESIAN_POINT ( 'NONE',  ( 1.099999999999999867, 0.04999999999999999584, 0.4999999999999993339 ) ) ;
#1967 = VECTOR ( 'NONE', #754, 1000.000000000000000 ) ;
#1968 = ORIENTED_EDGE ( 'NONE', *, *, #2880, .T. ) ;
#1969 = PLANE ( 'NONE',  #1839 ) ;
#1970 = VECTOR ( 'NONE', #421, 1000.000000000000000 ) ;
#1971 = CIRCLE ( 'NONE', #66, 0.1999999999999999833 ) ;
#1972 = CARTESIAN_POINT ( 'NONE',  ( 1.099999999999999867, 0.2800000000000000266, 0.7000000000000002887 ) ) ;
#1973 = FACE_OUTER_BOUND ( 'NONE', #2771, .T. ) ;
#1974 = AXIS2_PLACEMENT_3D ( 'NONE', #707, #1489, #920 ) ;
#1975 = ORIENTED_EDGE ( 'NONE', *, *, #1644, .T. ) ;
#1976 = CARTESIAN_POINT ( 'NONE',  ( 0.7249999999999994227, 0.2800000000000000266, 0.8307189138830728403 ) ) ;
#1977 = FACE_OUTER_BOUND ( 'NONE', #3149, .T. ) ;
#1978 = CIRCLE ( 'NONE', #1386, 0.1999999999999999833 ) ;
#1979 = DIRECTION ( 'NONE',  ( -0.000000000000000000, -1.000000000000000000, -0.000000000000000000 ) ) ;
#1980 = VECTOR ( 'NONE', #58, 1000.000000000000000 ) ;
#1981 = ORIENTED_EDGE ( 'NONE', *, *, #2521, .F. ) ;
#1982 = ORIENTED_EDGE ( 'NONE', *, *, #297, .F. ) ;
#1983 = EDGE_CURVE ( 'NONE', #3303, #2119, #1285, .T. ) ;
#1984 = PRESENTATION_STYLE_ASSIGNMENT (( #953 ) ) ;
#1985 =( NAMED_UNIT ( * ) PLANE_ANGLE_UNIT ( ) SI_UNIT ( $, .RADIAN. ) );
#1986 = ADVANCED_FACE ( 'NONE', ( #1088 ), #2382, .F. ) ;
#1987 = CARTESIAN_POINT ( 'NONE',  ( 1.099999999999999867, 0.04999999999999999584, -0.9000000000000006883 ) ) ;
#1988 = ORIENTED_EDGE ( 'NONE', *, *, #1413, .F. ) ;
#1989 = CARTESIAN_POINT ( 'NONE',  ( -0.5149999999999995692, 0.005000000000000000104, -1.000000000000000000 ) ) ;
#1990 = VERTEX_POINT ( 'NONE', #2678 ) ;
#1991 = FACE_OUTER_BOUND ( 'NONE', #99, .T. ) ;
#1992 = ADVANCED_FACE ( 'NONE', ( #2125 ), #49, .F. ) ;
#1993 = VERTEX_POINT ( 'NONE', #1361 ) ;
#1994 = FACE_OUTER_BOUND ( 'NONE', #2825, .T. ) ;
#1995 = CARTESIAN_POINT ( 'NONE',  ( 0.000000000000000000, 0.8399999999999999689, 0.000000000000000000 ) ) ;
#1996 = AXIS2_PLACEMENT_3D ( 'NONE', #2712, #2680, #2415 ) ;
#1997 = DIRECTION ( 'NONE',  ( -1.000000000000000000, 0.000000000000000000, 1.519909587596503135E-16 ) ) ;
#1998 = ORIENTED_EDGE ( 'NONE', *, *, #1544, .F. ) ;
#1999 = ORIENTED_EDGE ( 'NONE', *, *, #544, .T. ) ;
#2000 = FACE_OUTER_BOUND ( 'NONE', #683, .T. ) ;
#2001 = CARTESIAN_POINT ( 'NONE',  ( -0.7250000000000000888, 0.2800000000000000266, -1.000000000000000000 ) ) ;
#2002 = MECHANICAL_DESIGN_GEOMETRIC_PRESENTATION_REPRESENTATION (  '', ( #2912 ), #591 ) ;
#2003 = CARTESIAN_POINT ( 'NONE',  ( -0.7250000000000005329, 0.05000000000000000278, 0.8307189138830742836 ) ) ;
#2004 = EDGE_CURVE ( 'NONE', #602, #1288, #1919, .T. ) ;
#2005 = ORIENTED_EDGE ( 'NONE', *, *, #2740, .T. ) ;
#2006 = ADVANCED_FACE ( 'NONE', ( #2958 ), #3159, .T. ) ;
#2007 = EDGE_LOOP ( 'NONE', ( #397, #1077, #2848, #1681 ) ) ;
#2008 = CARTESIAN_POINT ( 'NONE',  ( 0.7249999999999994227, 0.04999999999999999584, 0.000000000000000000 ) ) ;
#2009 = CARTESIAN_POINT ( 'NONE',  ( 0.7249999999999999778, 0.2800000000000000266, -0.5000000000000008882 ) ) ;
#2010 = CARTESIAN_POINT ( 'NONE',  ( 0.5650000000000000577, 0.04999999999999999584, 0.2000000000000002609 ) ) ;
#2011 = FACE_OUTER_BOUND ( 'NONE', #830, .T. ) ;
#2012 = EDGE_CURVE ( 'NONE', #2240, #31, #2156, .T. ) ;
#2013 = SURFACE_STYLE_FILL_AREA ( #1528 ) ;
#2014 = PLANE ( 'NONE',  #1650 ) ;
#2015 = ORIENTED_EDGE ( 'NONE', *, *, #1832, .T. ) ;
#2016 = CARTESIAN_POINT ( 'NONE',  ( -0.5650000000000003908, 0.04999999999999999584, -0.2000000000000005385 ) ) ;
#2017 = DIRECTION ( 'NONE',  ( -1.000000000000000000, 0.000000000000000000, -1.084202172485504557E-16 ) ) ;
#2018 = ORIENTED_EDGE ( 'NONE', *, *, #2039, .F. ) ;
#2019 = FACE_OUTER_BOUND ( 'NONE', #985, .T. ) ;
#2020 = DIRECTION ( 'NONE',  ( 0.000000000000000000, -1.000000000000000000, 0.000000000000000000 ) ) ;
#2021 = EDGE_CURVE ( 'NONE', #3291, #551, #1603, .T. ) ;
#2022 = CARTESIAN_POINT ( 'NONE',  ( 1.100000000000000089, 0.04999999999999999584, -0.3000000000000007661 ) ) ;
#2023 = ORIENTED_EDGE ( 'NONE', *, *, #283, .T. ) ;
#2024 = ORIENTED_EDGE ( 'NONE', *, *, #1356, .T. ) ;
#2025 = DIRECTION ( 'NONE',  ( 1.000000000000000000, 0.000000000000000000, 4.053092233590668782E-16 ) ) ;
#2026 = LINE ( 'NONE', #215, #2524 ) ;
#2027 = FACE_OUTER_BOUND ( 'NONE', #2605, .T. ) ;
#2028 = EDGE_CURVE ( 'NONE', #1631, #1288, #2693, .T. ) ;
#2029 = DIRECTION ( 'NONE',  ( -1.000000000000000000, 0.000000000000000000, 1.519909587596503135E-16 ) ) ;
#2030 =( NAMED_UNIT ( * ) SI_UNIT ( $, .STERADIAN. ) SOLID_ANGLE_UNIT ( ) );
#2031 = FACE_OUTER_BOUND ( 'NONE', #1799, .T. ) ;
#2032 = VERTEX_POINT ( 'NONE', #2141 ) ;
#2033 = DIRECTION ( 'NONE',  ( 1.000000000000000000, 0.000000000000000000, -2.026546116795340307E-16 ) ) ;
#2034 = CARTESIAN_POINT ( 'NONE',  ( -0.7250000000000005329, 0.04999999999999999584, 0.5000000000000001110 ) ) ;
#2035 = ORIENTED_EDGE ( 'NONE', *, *, #2053, .T. ) ;
#2036 = DIRECTION ( 'NONE',  ( -6.195440985631454331E-16, 0.000000000000000000, -1.000000000000000000 ) ) ;
#2037 = AXIS2_PLACEMENT_3D ( 'NONE', #1276, #2339, #1535 ) ;
#2038 = DIRECTION ( 'NONE',  ( 1.000000000000000000, 0.000000000000000000, 0.000000000000000000 ) ) ;
#2039 = EDGE_CURVE ( 'NONE', #3265, #2834, #1121, .T. ) ;
#2040 = LINE ( 'NONE', #1549, #2181 ) ;
#2041 = ORIENTED_EDGE ( 'NONE', *, *, #1939, .F. ) ;
#2042 = VERTEX_POINT ( 'NONE', #1873 ) ;
#2043 = VECTOR ( 'NONE', #128, 1000.000000000000000 ) ;
#2044 = EDGE_CURVE ( 'NONE', #2659, #467, #3147, .T. ) ;
#2045 = ORIENTED_EDGE ( 'NONE', *, *, #1895, .F. ) ;
#2046 = CIRCLE ( 'NONE', #624, 0.3999999999999999667 ) ;
#2047 = VECTOR ( 'NONE', #2148, 1000.000000000000000 ) ;
#2048 = CARTESIAN_POINT ( 'NONE',  ( -0.8073170731707315362, 0.2800000000000000266, 0.4341463414634143536 ) ) ;
#2049 = DIRECTION ( 'NONE',  ( -0.000000000000000000, 1.000000000000000000, -0.000000000000000000 ) ) ;
#2050 = ORIENTED_EDGE ( 'NONE', *, *, #2959, .T. ) ;
#2051 = DIRECTION ( 'NONE',  ( 0.000000000000000000, 0.000000000000000000, -1.000000000000000000 ) ) ;
#2052 = PRESENTATION_STYLE_ASSIGNMENT (( #453 ) ) ;
#2053 = EDGE_CURVE ( 'NONE', #1747, #3303, #2936, .T. ) ;
#2054 = DIRECTION ( 'NONE',  ( 0.000000000000000000, -1.000000000000000000, 0.000000000000000000 ) ) ;
#2055 = DIRECTION ( 'NONE',  ( 1.978057500819421423E-16, 0.000000000000000000, -1.000000000000000000 ) ) ;
#2056 = EDGE_LOOP ( 'NONE', ( #230, #94, #2262, #1137 ) ) ;
#2057 = DIRECTION ( 'NONE',  ( 6.195440985631454331E-16, 0.000000000000000000, 1.000000000000000000 ) ) ;
#2058 = CARTESIAN_POINT ( 'NONE',  ( 0.000000000000000000, 0.000000000000000000, 0.000000000000000000 ) ) ;
#2059 = EDGE_CURVE ( 'NONE', #3291, #802, #601, .T. ) ;
#2060 = VECTOR ( 'NONE', #890, 1000.000000000000000 ) ;
#2061 = DIRECTION ( 'NONE',  ( 3.614007241618347785E-16, 0.000000000000000000, 1.000000000000000000 ) ) ;
#2062 = EDGE_LOOP ( 'NONE', ( #1982, #1216, #483, #2255, #1269, #2969 ) ) ;
#2063 = ORIENTED_EDGE ( 'NONE', *, *, #2343, .T. ) ;
#2064 = DIRECTION ( 'NONE',  ( 0.000000000000000000, 0.000000000000000000, 1.000000000000000000 ) ) ;
#2065 = ORIENTED_EDGE ( 'NONE', *, *, #228, .F. ) ;
#2066 = CARTESIAN_POINT ( 'NONE',  ( 1.100000000000000089, 0.04999999999999999584, -0.9000000000000002442 ) ) ;
#2067 = DIRECTION ( 'NONE',  ( 0.000000000000000000, 0.000000000000000000, 1.000000000000000000 ) ) ;
#2068 = LINE ( 'NONE', #259, #1109 ) ;
#2069 = ORIENTED_EDGE ( 'NONE', *, *, #2420, .F. ) ;
#2070 = CYLINDRICAL_SURFACE ( 'NONE', #1301, 0.1999999999999999833 ) ;
#2071 = FACE_OUTER_BOUND ( 'NONE', #827, .T. ) ;
#2072 = ORIENTED_EDGE ( 'NONE', *, *, #2077, .F. ) ;
#2073 = VERTEX_POINT ( 'NONE', #3176 ) ;
#2074 = DIRECTION ( 'NONE',  ( 1.000000000000000000, 0.000000000000000000, -1.084202172485505026E-15 ) ) ;
#2075 = CARTESIAN_POINT ( 'NONE',  ( -1.099999999999999867, 0.05000000000000000278, 0.9000000000000002442 ) ) ;
#2076 = ORIENTED_EDGE ( 'NONE', *, *, #1306, .F. ) ;
#2077 = EDGE_CURVE ( 'NONE', #755, #1550, #1652, .T. ) ;
#2078 = DIRECTION ( 'NONE',  ( 0.000000000000000000, 1.000000000000000000, -0.000000000000000000 ) ) ;
#2079 = EDGE_CURVE ( 'NONE', #1006, #1728, #2633, .T. ) ;
#2080 = LINE ( 'NONE', #1289, #1614 ) ;
#2081 = EDGE_CURVE ( 'NONE', #3265, #858, #2846, .T. ) ;
#2082 = DIRECTION ( 'NONE',  ( 6.195440985631454331E-16, 0.000000000000000000, 1.000000000000000000 ) ) ;
#2083 = VECTOR ( 'NONE', #391, 1000.000000000000000 ) ;
#2084 = ORIENTED_EDGE ( 'NONE', *, *, #3187, .T. ) ;
#2085 = DIRECTION ( 'NONE',  ( -0.000000000000000000, -1.000000000000000000, -0.000000000000000000 ) ) ;
#2086 = DIRECTION ( 'NONE',  ( 1.000000000000000000, -0.000000000000000000, 4.053092233590680614E-16 ) ) ;
#2087 = VERTEX_POINT ( 'NONE', #84 ) ;
#2088 = VERTEX_POINT ( 'NONE', #871 ) ;
#2089 = DIRECTION ( 'NONE',  ( 0.000000000000000000, 0.000000000000000000, 1.000000000000000000 ) ) ;
#2090 = VECTOR ( 'NONE', #1418, 1000.000000000000000 ) ;
#2091 = VERTEX_POINT ( 'NONE', #1151 ) ;
#2092 = CARTESIAN_POINT ( 'NONE',  ( -0.7250000000000005329, 0.2800000000000000266, 0.5000000000000001110 ) ) ;
#2093 = VECTOR ( 'NONE', #2885, 1000.000000000000000 ) ;
#2094 = VECTOR ( 'NONE', #1756, 1000.000000000000000 ) ;
#2095 = VECTOR ( 'NONE', #698, 1000.000000000000000 ) ;
#2096 = VECTOR ( 'NONE', #1455, 1000.000000000000000 ) ;
#2097 = ADVANCED_FACE ( 'NONE', ( #1718 ), #2014, .F. ) ;
#2098 = VECTOR ( 'NONE', #1979, 1000.000000000000000 ) ;
#2099 = DIRECTION ( 'NONE',  ( -4.053092233590672233E-16, 0.000000000000000000, 1.000000000000000000 ) ) ;
#2100 = EDGE_CURVE ( 'NONE', #1584, #977, #1234, .T. ) ;
#2101 = DIRECTION ( 'NONE',  ( 0.000000000000000000, 0.000000000000000000, -1.000000000000000000 ) ) ;
#2102 = VERTEX_POINT ( 'NONE', #2261 ) ;
#2103 = CARTESIAN_POINT ( 'NONE',  ( 0.7249999999999998668, 4.150323865407125723, -1.000000000000000000 ) ) ;
#2104 = LINE ( 'NONE', #1353, #840 ) ;
#2105 = ORIENTED_EDGE ( 'NONE', *, *, #3016, .F. ) ;
#2106 = DIRECTION ( 'NONE',  ( 0.000000000000000000, -1.000000000000000000, 0.000000000000000000 ) ) ;
#2107 = ORIENTED_EDGE ( 'NONE', *, *, #1765, .F. ) ;
#2108 = ADVANCED_FACE ( 'NONE', ( #2748 ), #2220, .T. ) ;
#2109 = LINE ( 'NONE', #2853, #849 ) ;
#2110 = VECTOR ( 'NONE', #2385, 1000.000000000000000 ) ;
#2111 = EDGE_CURVE ( 'NONE', #2644, #1993, #2201, .T. ) ;
#2112 = CARTESIAN_POINT ( 'NONE',  ( 1.099999999999999867, 0.04999999999999999584, -0.5000000000000007772 ) ) ;
#2113 = AXIS2_PLACEMENT_3D ( 'NONE', #1323, #1363, #2127 ) ;
#2114 = DIRECTION ( 'NONE',  ( 0.000000000000000000, 1.000000000000000000, 0.000000000000000000 ) ) ;
#2115 = ORIENTED_EDGE ( 'NONE', *, *, #1447, .T. ) ;
#2116 = CARTESIAN_POINT ( 'NONE',  ( -1.099999999999999645, 0.000000000000000000, -0.9000000000000003553 ) ) ;
#2117 = LINE ( 'NONE', #3151, #1597 ) ;
#2118 = LINE ( 'NONE', #2864, #2464 ) ;
#2119 = VERTEX_POINT ( 'NONE', #155 ) ;
#2120 = EDGE_CURVE ( 'NONE', #1713, #31, #2787, .T. ) ;
#2121 = FACE_OUTER_BOUND ( 'NONE', #989, .T. ) ;
#2122 = VECTOR ( 'NONE', #12, 1000.000000000000000 ) ;
#2123 = CARTESIAN_POINT ( 'NONE',  ( -1.100000000000000089, 0.04999999999999999584, 0.7000000000000000666 ) ) ;
#2124 = DIRECTION ( 'NONE',  ( 0.000000000000000000, 0.000000000000000000, 1.000000000000000000 ) ) ;
#2125 = FACE_OUTER_BOUND ( 'NONE', #778, .T. ) ;
#2126 = ORIENTED_EDGE ( 'NONE', *, *, #2079, .F. ) ;
#2127 = DIRECTION ( 'NONE',  ( 0.000000000000000000, 0.000000000000000000, -1.000000000000000000 ) ) ;
#2128 = AXIS2_PLACEMENT_3D ( 'NONE', #1002, #1533, #2573 ) ;
#2129 = CARTESIAN_POINT ( 'NONE',  ( -1.100000000000000089, 0.000000000000000000, -0.2999999999999999334 ) ) ;
#2130 = DIRECTION ( 'NONE',  ( 0.000000000000000000, 0.000000000000000000, 1.000000000000000000 ) ) ;
#2131 = ORIENTED_EDGE ( 'NONE', *, *, #2081, .T. ) ;
#2132 = CARTESIAN_POINT ( 'NONE',  ( -0.7250000000000005329, 0.04999999999999999584, 0.8307189138830743946 ) ) ;
#2133 = ADVANCED_FACE ( 'NONE', ( #1991 ), #647, .T. ) ;
#2134 = AXIS2_PLACEMENT_3D ( 'NONE', #2874, #3193, #2618 ) ;
#2135 = VECTOR ( 'NONE', #2908, 1000.000000000000000 ) ;
#2136 = LINE ( 'NONE', #1825, #389 ) ;
#2137 = VECTOR ( 'NONE', #109, 1000.000000000000000 ) ;
#2138 = LINE ( 'NONE', #1359, #2325 ) ;
#2139 = VECTOR ( 'NONE', #1953, 1000.000000000000000 ) ;
#2140 = VECTOR ( 'NONE', #2025, 1000.000000000000000 ) ;
#2141 = CARTESIAN_POINT ( 'NONE',  ( -0.1000000000000001582, 0.000000000000000000, 1.000000000000000222 ) ) ;
#2142 = VERTEX_POINT ( 'NONE', #3239 ) ;
#2143 = FACE_OUTER_BOUND ( 'NONE', #1491, .T. ) ;
#2144 = CARTESIAN_POINT ( 'NONE',  ( -0.7250000000000004219, 0.04999999999999999584, -0.09107952087684585696 ) ) ;
#2145 = PLANE ( 'NONE',  #1555 ) ;
#2146 = ORIENTED_EDGE ( 'NONE', *, *, #2167, .F. ) ;
#2147 = ADVANCED_FACE ( 'NONE', ( #434 ), #1192, .T. ) ;
#2148 = DIRECTION ( 'NONE',  ( 0.000000000000000000, 1.000000000000000000, 0.000000000000000000 ) ) ;
#2149 = AXIS2_PLACEMENT_3D ( 'NONE', #1402, #859, #1891 ) ;
#2150 = DIRECTION ( 'NONE',  ( 0.000000000000000000, 0.000000000000000000, 1.000000000000000000 ) ) ;
#2151 = ORIENTED_EDGE ( 'NONE', *, *, #417, .F. ) ;
#2152 = SURFACE_STYLE_FILL_AREA ( #1119 ) ;
#2153 = AXIS2_PLACEMENT_3D ( 'NONE', #574, #2632, #315 ) ;
#2154 = ORIENTED_EDGE ( 'NONE', *, *, #3275, .F. ) ;
#2155 = EDGE_CURVE ( 'NONE', #3134, #899, #3054, .T. ) ;
#2156 = LINE ( 'NONE', #1903, #2243 ) ;
#2157 = ORIENTED_EDGE ( 'NONE', *, *, #1117, .T. ) ;
#2158 = LINE ( 'NONE', #415, #2321 ) ;
#2159 = PLANE ( 'NONE',  #1330 ) ;
#2160 = EDGE_CURVE ( 'NONE', #899, #1502, #790, .T. ) ;
#2161 = DIRECTION ( 'NONE',  ( 0.000000000000000000, -1.000000000000000000, 0.000000000000000000 ) ) ;
#2162 = ORIENTED_EDGE ( 'NONE', *, *, #3195, .T. ) ;
#2163 = DIRECTION ( 'NONE',  ( 3.614007241618347785E-16, 0.000000000000000000, 1.000000000000000000 ) ) ;
#2164 = LINE ( 'NONE', #1484, #2137 ) ;
#2165 = DIRECTION ( 'NONE',  ( 0.000000000000000000, 0.000000000000000000, 1.000000000000000000 ) ) ;
#2166 = CARTESIAN_POINT ( 'NONE',  ( 0.5650000000000012790, 0.000000000000000000, -0.9000000000000003553 ) ) ;
#2167 = EDGE_CURVE ( 'NONE', #1188, #2361, #1949, .T. ) ;
#2168 = EDGE_CURVE ( 'NONE', #1325, #1407, #1684, .T. ) ;
#2169 = ORIENTED_EDGE ( 'NONE', *, *, #795, .F. ) ;
#2170 = CARTESIAN_POINT ( 'NONE',  ( -1.100000000000000311, 0.04999999999999999584, 0.5000000000000000000 ) ) ;
#2171 = EDGE_CURVE ( 'NONE', #2278, #3196, #3280, .T. ) ;
#2172 = ORIENTED_EDGE ( 'NONE', *, *, #855, .T. ) ;
#2173 = LINE ( 'NONE', #343, #1024 ) ;
#2174 = DIRECTION ( 'NONE',  ( 0.000000000000000000, 0.000000000000000000, 1.000000000000000000 ) ) ;
#2175 = AXIS2_PLACEMENT_3D ( 'NONE', #2305, #3324, #2036 ) ;
#2176 = DIRECTION ( 'NONE',  ( -1.000000000000000000, 0.000000000000000000, 0.000000000000000000 ) ) ;
#2177 = ORIENTED_EDGE ( 'NONE', *, *, #1249, .T. ) ;
#2178 = FACE_OUTER_BOUND ( 'NONE', #3209, .T. ) ;
#2179 = FILL_AREA_STYLE_COLOUR ( '', #742 ) ;
#2180 = CARTESIAN_POINT ( 'NONE',  ( 0.8000000000000002665, 0.04999999999999999584, 0.8999999999999999112 ) ) ;
#2181 = VECTOR ( 'NONE', #2061, 1000.000000000000000 ) ;
#2182 =( NAMED_UNIT ( * ) PLANE_ANGLE_UNIT ( ) SI_UNIT ( $, .RADIAN. ) );
#2183 = EDGE_CURVE ( 'NONE', #2188, #921, #1059, .T. ) ;
#2184 = VECTOR ( 'NONE', #1146, 1000.000000000000000 ) ;
#2185 = ORIENTED_EDGE ( 'NONE', *, *, #2021, .F. ) ;
#2186 = CARTESIAN_POINT ( 'NONE',  ( -0.7250000000000005329, 0.04999999999999999584, -0.000000000000000000 ) ) ;
#2187 = VECTOR ( 'NONE', #659, 1000.000000000000000 ) ;
#2188 = VERTEX_POINT ( 'NONE', #1511 ) ;
#2189 = CARTESIAN_POINT ( 'NONE',  ( -1.100000000000000311, 0.2800000000000000266, 0.5000000000000000000 ) ) ;
#2190 = AXIS2_PLACEMENT_3D ( 'NONE', #2927, #2378, #572 ) ;
#2191 = CARTESIAN_POINT ( 'NONE',  ( -1.100000000000000311, 0.000000000000000000, -0.4999999999999998890 ) ) ;
#2192 = DIRECTION ( 'NONE',  ( 4.053092233590680614E-16, 0.000000000000000000, -1.000000000000000000 ) ) ;
#2193 = ORIENTED_EDGE ( 'NONE', *, *, #535, .F. ) ;
#2194 = PLANE ( 'NONE',  #1159 ) ;
#2195 = CARTESIAN_POINT ( 'NONE',  ( -0.5149999999999997913, 0.000000000000000000, 1.000000000000000222 ) ) ;
#2196 = SURFACE_SIDE_STYLE ('',( #2256 ) ) ;
#2197 = LINE ( 'NONE', #1410, #2581 ) ;
#2198 = CARTESIAN_POINT ( 'NONE',  ( -1.100000000000000311, 0.2800000000000000266, -1.000000000000000000 ) ) ;
#2199 = DIRECTION ( 'NONE',  ( 0.000000000000000000, 0.000000000000000000, -1.000000000000000000 ) ) ;
#2200 = ORIENTED_EDGE ( 'NONE', *, *, #1720, .F. ) ;
#2201 = LINE ( 'NONE', #2186, #2949 ) ;
#2202 = ORIENTED_EDGE ( 'NONE', *, *, #1842, .T. ) ;
#2203 = ORIENTED_EDGE ( 'NONE', *, *, #2916, .T. ) ;
#2204 = FACE_OUTER_BOUND ( 'NONE', #1143, .T. ) ;
#2205 = DIRECTION ( 'NONE',  ( 0.000000000000000000, 0.000000000000000000, 1.000000000000000000 ) ) ;
#2206 = DIRECTION ( 'NONE',  ( 0.000000000000000000, 0.000000000000000000, 1.000000000000000000 ) ) ;
#2207 = ORIENTED_EDGE ( 'NONE', *, *, #1397, .T. ) ;
#2208 = FACE_OUTER_BOUND ( 'NONE', #3326, .T. ) ;
#2209 = DIRECTION ( 'NONE',  ( 1.084202172485504237E-15, 0.000000000000000000, 1.000000000000000000 ) ) ;
#2210 = ORIENTED_EDGE ( 'NONE', *, *, #3226, .T. ) ;
#2211 = EDGE_LOOP ( 'NONE', ( #103, #652, #2319, #2572 ) ) ;
#2212 = EDGE_CURVE ( 'NONE', #266, #2032, #1466, .T. ) ;
#2213 = EDGE_CURVE ( 'NONE', #1188, #2032, #3031, .T. ) ;
#2214 = DIRECTION ( 'NONE',  ( -1.084202172485504557E-16, 0.000000000000000000, 1.000000000000000000 ) ) ;
#2215 =( LENGTH_UNIT ( ) NAMED_UNIT ( * ) SI_UNIT ( .MILLI., .METRE. ) );
#2216 = DIRECTION ( 'NONE',  ( 0.000000000000000000, 0.000000000000000000, 1.000000000000000000 ) ) ;
#2217 = ORIENTED_EDGE ( 'NONE', *, *, #805, .T. ) ;
#2218 = DIRECTION ( 'NONE',  ( -4.053092233590674205E-16, 0.000000000000000000, 1.000000000000000000 ) ) ;
#2219 = ORIENTED_EDGE ( 'NONE', *, *, #886, .F. ) ;
#2220 = CYLINDRICAL_SURFACE ( 'NONE', #1820, 0.3000000000000005440 ) ;
#2221 = ORIENTED_EDGE ( 'NONE', *, *, #773, .F. ) ;
#2222 = LINE ( 'NONE', #2520, #970 ) ;
#2223 = DIRECTION ( 'NONE',  ( -1.000000000000000000, 0.000000000000000000, 0.000000000000000000 ) ) ;
#2224 = DIRECTION ( 'NONE',  ( -0.000000000000000000, 1.000000000000000000, -0.000000000000000000 ) ) ;
#2225 = ORIENTED_EDGE ( 'NONE', *, *, #1023, .T. ) ;
#2226 = LINE ( 'NONE', #2997, #1057 ) ;
#2227 = EDGE_CURVE ( 'NONE', #3153, #1816, #2989, .T. ) ;
#2228 = FACE_OUTER_BOUND ( 'NONE', #64, .T. ) ;
#2229 = ORIENTED_EDGE ( 'NONE', *, *, #3226, .F. ) ;
#2230 = ORIENTED_EDGE ( 'NONE', *, *, #1925, .T. ) ;
#2231 = EDGE_LOOP ( 'NONE', ( #569, #820, #122, #2809 ) ) ;
#2232 = EDGE_CURVE ( 'NONE', #1717, #3357, #894, .T. ) ;
#2233 = VECTOR ( 'NONE', #3358, 1000.000000000000000 ) ;
#2234 = CARTESIAN_POINT ( 'NONE',  ( -1.100000000000000311, 0.04999999999999999584, 0.5000000000000000000 ) ) ;
#2235 = EDGE_CURVE ( 'NONE', #3000, #1202, #3319, .T. ) ;
#2236 = DIRECTION ( 'NONE',  ( 0.000000000000000000, 1.000000000000000000, -0.000000000000000000 ) ) ;
#2237 = ORIENTED_EDGE ( 'NONE', *, *, #836, .F. ) ;
#2238 = DIRECTION ( 'NONE',  ( -1.626303258728256651E-16, -0.000000000000000000, 1.000000000000000000 ) ) ;
#2239 = AXIS2_PLACEMENT_3D ( 'NONE', #265, #1003, #767 ) ;
#2240 = VERTEX_POINT ( 'NONE', #219 ) ;
#2241 = DIRECTION ( 'NONE',  ( 2.168404344971020701E-15, 0.000000000000000000, 1.000000000000000000 ) ) ;
#2242 = ADVANCED_FACE ( 'NONE', ( #2031 ), #2281, .T. ) ;
#2243 = VECTOR ( 'NONE', #63, 1000.000000000000000 ) ;
#2244 = EDGE_CURVE ( 'NONE', #2323, #3000, #2197, .T. ) ;
#2245 = DIRECTION ( 'NONE',  ( 0.000000000000000000, 0.000000000000000000, 1.000000000000000000 ) ) ;
#2246 = LINE ( 'NONE', #1690, #678 ) ;
#2247 = AXIS2_PLACEMENT_3D ( 'NONE', #3123, #803, #38 ) ;
#2248 = VERTEX_POINT ( 'NONE', #1186 ) ;
#2249 = FACE_OUTER_BOUND ( 'NONE', #2565, .T. ) ;
#2250 = AXIS2_PLACEMENT_3D ( 'NONE', #460, #2017, #440 ) ;
#2251 = CARTESIAN_POINT ( 'NONE',  ( -1.100000000000000089, 0.2800000000000000266, 1.000000000000000222 ) ) ;
#2252 = VECTOR ( 'NONE', #2473, 1000.000000000000000 ) ;
#2253 = ORIENTED_EDGE ( 'NONE', *, *, #1136, .T. ) ;
#2254 = EDGE_CURVE ( 'NONE', #1245, #665, #1774, .T. ) ;
#2255 = ORIENTED_EDGE ( 'NONE', *, *, #2326, .F. ) ;
#2256 = SURFACE_STYLE_FILL_AREA ( #914 ) ;
#2257 = LINE ( 'NONE', #992, #196 ) ;
#2258 = FACE_OUTER_BOUND ( 'NONE', #2702, .T. ) ;
#2259 = FACE_OUTER_BOUND ( 'NONE', #1329, .T. ) ;
#2260 = FACE_OUTER_BOUND ( 'NONE', #225, .T. ) ;
#2261 = CARTESIAN_POINT ( 'NONE',  ( 0.7249999999999996447, 0.2800000000000000266, -0.6391941090707504713 ) ) ;
#2262 = ORIENTED_EDGE ( 'NONE', *, *, #1387, .T. ) ;
#2263 = FACE_OUTER_BOUND ( 'NONE', #1460, .T. ) ;
#2264 = DIRECTION ( 'NONE',  ( 1.084202172485504434E-16, 0.000000000000000000, -1.000000000000000000 ) ) ;
#2265 = AXIS2_PLACEMENT_3D ( 'NONE', #2302, #3304, #2241 ) ;
#2266 = DIRECTION ( 'NONE',  ( -1.626303258728256651E-16, -0.000000000000000000, 1.000000000000000000 ) ) ;
#2267 = EDGE_LOOP ( 'NONE', ( #2976, #6, #2207, #808 ) ) ;
#2268 = ORIENTED_EDGE ( 'NONE', *, *, #91, .T. ) ;
#2269 = CARTESIAN_POINT ( 'NONE',  ( 0.5650000000000006128, 0.000000000000000000, -0.2000000000000004274 ) ) ;
#2270 = CYLINDRICAL_SURFACE ( 'NONE', #2948, 0.3999999999999999667 ) ;
#2271 = VECTOR ( 'NONE', #1932, 1000.000000000000000 ) ;
#2272 = CARTESIAN_POINT ( 'NONE',  ( 1.099999999999999867, 0.05000000000000000278, 0.9000000000000003553 ) ) ;
#2273 = ORIENTED_EDGE ( 'NONE', *, *, #1430, .F. ) ;
#2274 = VERTEX_POINT ( 'NONE', #2440 ) ;
#2275 = EDGE_LOOP ( 'NONE', ( #765, #2648, #268, #633, #939 ) ) ;
#2276 = CARTESIAN_POINT ( 'NONE',  ( 1.099999999999999867, 0.2800000000000000266, -0.4999999999999998890 ) ) ;
#2277 = CARTESIAN_POINT ( 'NONE',  ( -1.100000000000000311, 0.04999999999999999584, 0.5000000000000000000 ) ) ;
#2278 = VERTEX_POINT ( 'NONE', #2455 ) ;
#2279 = PLANE ( 'NONE',  #1654 ) ;
#2280 = DIRECTION ( 'NONE',  ( -1.626303258728256651E-16, -0.000000000000000000, 1.000000000000000000 ) ) ;
#2281 = PLANE ( 'NONE',  #1333 ) ;
#2282 = ORIENTED_EDGE ( 'NONE', *, *, #3172, .F. ) ;
#2283 = DIRECTION ( 'NONE',  ( 0.000000000000000000, 0.000000000000000000, -1.000000000000000000 ) ) ;
#2284 = EDGE_CURVE ( 'NONE', #1631, #646, #2164, .T. ) ;
#2285 = EDGE_CURVE ( 'NONE', #2292, #769, #1679, .T. ) ;
#2286 = CARTESIAN_POINT ( 'NONE',  ( -0.7250000000000004219, 0.04999999999999999584, 0.4156249999999997446 ) ) ;
#2287 = ORIENTED_EDGE ( 'NONE', *, *, #1778, .T. ) ;
#2288 = CARTESIAN_POINT ( 'NONE',  ( -0.7250000000000003109, 0.2800000000000000266, -0.6391941090707520257 ) ) ;
#2289 = LINE ( 'NONE', #2022, #674 ) ;
#2290 = AXIS2_PLACEMENT_3D ( 'NONE', #3082, #252, #1739 ) ;
#2291 = CIRCLE ( 'NONE', #381, 0.08437499999999992228 ) ;
#2292 = VERTEX_POINT ( 'NONE', #3251 ) ;
#2293 = ORIENTED_EDGE ( 'NONE', *, *, #1727, .F. ) ;
#2294 = ORIENTED_EDGE ( 'NONE', *, *, #1677, .T. ) ;
#2295 = LINE ( 'NONE', #28, #2796 ) ;
#2296 = FACE_OUTER_BOUND ( 'NONE', #969, .T. ) ;
#2297 = CARTESIAN_POINT ( 'NONE',  ( -1.100000000000000311, 0.2800000000000000266, -0.6999999999999998446 ) ) ;
#2298 = MANIFOLD_SOLID_BREP ( 'Boss-Extrude5', #173 ) ;
#2299 = VECTOR ( 'NONE', #2654, 1000.000000000000000 ) ;
#2300 = DIRECTION ( 'NONE',  ( 0.000000000000000000, 1.000000000000000000, -0.000000000000000000 ) ) ;
#2301 = EDGE_CURVE ( 'NONE', #207, #500, #3026, .T. ) ;
#2302 = CARTESIAN_POINT ( 'NONE',  ( -1.099999999999999867, 0.04999999999999999584, -0.2000000000000004829 ) ) ;
#2303 = DIRECTION ( 'NONE',  ( 2.336741503768149429E-15, 0.000000000000000000, 1.000000000000000000 ) ) ;
#2304 = ORIENTED_EDGE ( 'NONE', *, *, #1232, .T. ) ;
#2305 = CARTESIAN_POINT ( 'NONE',  ( -0.5650000000000008349, 0.05000000000000000278, -0.9000000000000004663 ) ) ;
#2306 = VECTOR ( 'NONE', #1578, 1000.000000000000000 ) ;
#2307 = DIRECTION ( 'NONE',  ( 0.000000000000000000, -0.000000000000000000, 1.000000000000000000 ) ) ;
#2308 = VECTOR ( 'NONE', #2176, 1000.000000000000000 ) ;
#2309 = ORIENTED_EDGE ( 'NONE', *, *, #124, .F. ) ;
#2310 = VECTOR ( 'NONE', #996, 1000.000000000000000 ) ;
#2311 = ORIENTED_EDGE ( 'NONE', *, *, #372, .T. ) ;
#2312 = VECTOR ( 'NONE', #499, 1000.000000000000000 ) ;
#2313 = COLOUR_RGB ( '',1.000000000000000000, 1.000000000000000000, 1.000000000000000000 ) ;
#2314 = DIRECTION ( 'NONE',  ( -1.000000000000000000, 0.000000000000000000, -2.168404344971003346E-15 ) ) ;
#2315 = LINE ( 'NONE', #3027, #10 ) ;
#2316 = ORIENTED_EDGE ( 'NONE', *, *, #2420, .T. ) ;
#2317 = DIRECTION ( 'NONE',  ( -2.168404344971015179E-15, 0.000000000000000000, 1.000000000000000000 ) ) ;
#2318 = DIRECTION ( 'NONE',  ( 0.000000000000000000, 0.000000000000000000, 1.000000000000000000 ) ) ;
#2319 = ORIENTED_EDGE ( 'NONE', *, *, #1480, .F. ) ;
#2320 = DIRECTION ( 'NONE',  ( 0.000000000000000000, -0.000000000000000000, -1.000000000000000000 ) ) ;
#2321 = VECTOR ( 'NONE', #2695, 1000.000000000000000 ) ;
#2322 = DIRECTION ( 'NONE',  ( -0.000000000000000000, -1.000000000000000000, -0.000000000000000000 ) ) ;
#2323 = VERTEX_POINT ( 'NONE', #390 ) ;
#2324 = EDGE_LOOP ( 'NONE', ( #2431, #432, #768, #2414 ) ) ;
#2325 = VECTOR ( 'NONE', #1613, 1000.000000000000000 ) ;
#2326 = EDGE_CURVE ( 'NONE', #276, #2747, #3003, .T. ) ;
#2327 = MANIFOLD_SOLID_BREP ( 'Boss-Extrude4[4]', #1587 ) ;
#2328 = EDGE_CURVE ( 'NONE', #1259, #3266, #2688, .T. ) ;
#2329 = DIRECTION ( 'NONE',  ( -0.000000000000000000, -0.000000000000000000, -1.000000000000000000 ) ) ;
#2330 = CARTESIAN_POINT ( 'NONE',  ( -0.7250000000000004219, 0.04999999999999999584, -0.09107952087684585696 ) ) ;
#2331 = EDGE_CURVE ( 'NONE', #1161, #558, #3049, .T. ) ;
#2332 = EDGE_CURVE ( 'NONE', #1245, #663, #189, .T. ) ;
#2333 = DIRECTION ( 'NONE',  ( 0.000000000000000000, 0.000000000000000000, 1.000000000000000000 ) ) ;
#2334 = LINE ( 'NONE', #1042, #3183 ) ;
#2335 = ADVANCED_FACE ( 'NONE', ( #2474 ), #1958, .F. ) ;
#2336 = DIRECTION ( 'NONE',  ( 1.000000000000000000, 0.000000000000000000, 1.978057500819421423E-16 ) ) ;
#2337 = ORIENTED_EDGE ( 'NONE', *, *, #2021, .T. ) ;
#2338 = FACE_OUTER_BOUND ( 'NONE', #3212, .T. ) ;
#2339 = DIRECTION ( 'NONE',  ( 0.000000000000000000, 1.000000000000000000, -0.000000000000000000 ) ) ;
#2340 = ORIENTED_EDGE ( 'NONE', *, *, #57, .T. ) ;
#2341 = DIRECTION ( 'NONE',  ( -1.000000000000000000, 0.000000000000000000, 0.000000000000000000 ) ) ;
#2342 = ORIENTED_EDGE ( 'NONE', *, *, #502, .T. ) ;
#2343 = EDGE_CURVE ( 'NONE', #119, #3134, #1755, .T. ) ;
#2344 =( LENGTH_UNIT ( ) NAMED_UNIT ( * ) SI_UNIT ( .MILLI., .METRE. ) );
#2345 = ADVANCED_FACE ( 'NONE', ( #2780 ), #468, .F. ) ;
#2346 = EDGE_CURVE ( 'NONE', #1651, #527, #1185, .T. ) ;
#2347 = CARTESIAN_POINT ( 'NONE',  ( -1.100000000000000311, 0.2800000000000000266, 0.7000000000000000666 ) ) ;
#2348 = ORIENTED_EDGE ( 'NONE', *, *, #2579, .T. ) ;
#2349 = CARTESIAN_POINT ( 'NONE',  ( -0.7250000000000004219, 0.04999999999999999584, 0.4156249999999997446 ) ) ;
#2350 = AXIS2_PLACEMENT_3D ( 'NONE', #3156, #2914, #1856 ) ;
#2351 = DIRECTION ( 'NONE',  ( 0.000000000000000000, 1.000000000000000000, 0.000000000000000000 ) ) ;
#2352 = VECTOR ( 'NONE', #865, 1000.000000000000000 ) ;
#2353 = EDGE_CURVE ( 'NONE', #154, #1425, #126, .T. ) ;
#2354 = ORIENTED_EDGE ( 'NONE', *, *, #2823, .T. ) ;
#2355 = DIRECTION ( 'NONE',  ( -0.000000000000000000, -1.000000000000000000, -0.000000000000000000 ) ) ;
#2356 =( NAMED_UNIT ( * ) SI_UNIT ( $, .STERADIAN. ) SOLID_ANGLE_UNIT ( ) );
#2357 = CARTESIAN_POINT ( 'NONE',  ( 1.099999999999999867, 0.2800000000000000266, -0.2000000000000002054 ) ) ;
#2358 = ORIENTED_EDGE ( 'NONE', *, *, #2499, .T. ) ;
#2359 = DIRECTION ( 'NONE',  ( -0.000000000000000000, -1.000000000000000000, 0.000000000000000000 ) ) ;
#2360 = AXIS2_PLACEMENT_3D ( 'NONE', #1972, #2223, #2978 ) ;
#2361 = VERTEX_POINT ( 'NONE', #3250 ) ;
#2362 = DIRECTION ( 'NONE',  ( 0.000000000000000000, 0.000000000000000000, 1.000000000000000000 ) ) ;
#2363 = VECTOR ( 'NONE', #175, 1000.000000000000000 ) ;
#2364 = EDGE_CURVE ( 'NONE', #3219, #519, #930, .T. ) ;
#2365 = ORIENTED_EDGE ( 'NONE', *, *, #1145, .T. ) ;
#2366 = AXIS2_PLACEMENT_3D ( 'NONE', #908, #2192, #2450 ) ;
#2367 = MECHANICAL_DESIGN_GEOMETRIC_PRESENTATION_REPRESENTATION (  '', ( #898 ), #2467 ) ;
#2368 = DIRECTION ( 'NONE',  ( 0.000000000000000000, 1.000000000000000000, 0.000000000000000000 ) ) ;
#2369 = EDGE_CURVE ( 'NONE', #1516, #1719, #410, .T. ) ;
#2370 = FACE_OUTER_BOUND ( 'NONE', #1835, .T. ) ;
#2371 = ORIENTED_EDGE ( 'NONE', *, *, #1628, .T. ) ;
#2372 = CARTESIAN_POINT ( 'NONE',  ( -1.100000000000000311, 0.000000000000000000, 0.2000000000000002054 ) ) ;
#2373 = APPLICATION_CONTEXT ( 'automotive_design' ) ;
#2374 = CARTESIAN_POINT ( 'NONE',  ( -1.100000000000000089, 0.2800000000000000266, 0.7000000000000000666 ) ) ;
#2375 = ORIENTED_EDGE ( 'NONE', *, *, #2591, .F. ) ;
#2376 = CARTESIAN_POINT ( 'NONE',  ( 0.7249999999999999778, 0.04999999999999999584, -0.4156250000000005218 ) ) ;
#2377 = ORIENTED_EDGE ( 'NONE', *, *, #3272, .F. ) ;
#2378 = DIRECTION ( 'NONE',  ( 0.000000000000000000, -1.000000000000000000, 0.000000000000000000 ) ) ;
#2379 = VECTOR ( 'NONE', #2484, 1000.000000000000000 ) ;
#2380 = DIRECTION ( 'NONE',  ( 0.000000000000000000, 0.000000000000000000, -1.000000000000000000 ) ) ;
#2381 = DIRECTION ( 'NONE',  ( 0.000000000000000000, 1.000000000000000000, 0.000000000000000000 ) ) ;
#2382 = PLANE ( 'NONE',  #260 ) ;
#2383 = MANIFOLD_SOLID_BREP ( 'Boss-Extrude4[3]', #2829 ) ;
#2384 = ORIENTED_EDGE ( 'NONE', *, *, #1939, .T. ) ;
#2385 = DIRECTION ( 'NONE',  ( -1.000000000000000000, 0.000000000000000000, -4.053092233590671740E-16 ) ) ;
#2386 = EDGE_CURVE ( 'NONE', #2644, #478, #3293, .T. ) ;
#2387 = FACE_OUTER_BOUND ( 'NONE', #1201, .T. ) ;
#2388 = LINE ( 'NONE', #2417, #2897 ) ;
#2389 = ORIENTED_EDGE ( 'NONE', *, *, #2601, .T. ) ;
#2390 = CARTESIAN_POINT ( 'NONE',  ( -1.099999999999999867, 0.05000000000000000278, 0.9000000000000002442 ) ) ;
#2391 = ORIENTED_EDGE ( 'NONE', *, *, #805, .F. ) ;
#2392 = MANIFOLD_SOLID_BREP ( 'Boss-Extrude2', #2881 ) ;
#2393 = ORIENTED_EDGE ( 'NONE', *, *, #2439, .F. ) ;
#2394 = CARTESIAN_POINT ( 'NONE',  ( 0.7249999999999994227, 0.2800000000000000266, 0.000000000000000000 ) ) ;
#2395 = DIRECTION ( 'NONE',  ( 1.000000000000000000, 0.000000000000000000, 1.084202172485501279E-15 ) ) ;
#2396 = EDGE_CURVE ( 'NONE', #1293, #2886, #168, .T. ) ;
#2397 = ORIENTED_EDGE ( 'NONE', *, *, #2740, .F. ) ;
#2398 = CARTESIAN_POINT ( 'NONE',  ( -1.100000000000000311, 0.04999999999999999584, 0.5000000000000000000 ) ) ;
#2399 = FACE_OUTER_BOUND ( 'NONE', #1931, .T. ) ;
#2400 = AXIS2_PLACEMENT_3D ( 'NONE', #2277, #216, #1228 ) ;
#2401 = DIRECTION ( 'NONE',  ( 1.084202172485505223E-15, -0.000000000000000000, 1.000000000000000000 ) ) ;
#2402 = ORIENTED_EDGE ( 'NONE', *, *, #417, .T. ) ;
#2403 = LINE ( 'NONE', #1083, #2732 ) ;
#2404 = AXIS2_PLACEMENT_3D ( 'NONE', #1861, #819, #364 ) ;
#2405 = COLOUR_RGB ( '',0.7921568627450980005, 0.8196078431372548767, 0.9333333333333333481 ) ;
#2406 = EDGE_CURVE ( 'NONE', #2492, #2274, #1338, .T. ) ;
#2407 = AXIS2_PLACEMENT_3D ( 'NONE', #1726, #1197, #689 ) ;
#2408 = PLANE ( 'NONE',  #180 ) ;
#2409 = ORIENTED_EDGE ( 'NONE', *, *, #598, .F. ) ;
#2410 = CARTESIAN_POINT ( 'NONE',  ( 0.5650000000000000577, 0.000000000000000000, 0.2000000000000002609 ) ) ;
#2411 = AXIS2_PLACEMENT_3D ( 'NONE', #2486, #2812, #2101 ) ;
#2412 = ORIENTED_EDGE ( 'NONE', *, *, #2183, .F. ) ;
#2413 = DIRECTION ( 'NONE',  ( 0.000000000000000000, 0.000000000000000000, 1.000000000000000000 ) ) ;
#2414 = ORIENTED_EDGE ( 'NONE', *, *, #228, .T. ) ;
#2415 = DIRECTION ( 'NONE',  ( 0.000000000000000000, 0.000000000000000000, -1.000000000000000000 ) ) ;
#2416 = FACE_OUTER_BOUND ( 'NONE', #756, .T. ) ;
#2417 = CARTESIAN_POINT ( 'NONE',  ( 0.5650000000000006128, 0.05000000000000000278, -0.2000000000000004274 ) ) ;
#2418 = ORIENTED_EDGE ( 'NONE', *, *, #1370, .F. ) ;
#2419 = DIRECTION ( 'NONE',  ( 1.000000000000000000, 0.000000000000000000, -6.195440985631454331E-16 ) ) ;
#2420 = EDGE_CURVE ( 'NONE', #2996, #3337, #3093, .T. ) ;
#2421 = ADVANCED_FACE ( 'NONE', ( #1854 ), #1264, .T. ) ;
#2422 = ADVANCED_FACE ( 'NONE', ( #1805 ), #9, .T. ) ;
#2423 = AXIS2_PLACEMENT_3D ( 'NONE', #3224, #1382, #1452 ) ;
#2424 = LINE ( 'NONE', #2743, #3111 ) ;
#2425 = EDGE_CURVE ( 'NONE', #802, #3196, #2832, .T. ) ;
#2426 = ORIENTED_EDGE ( 'NONE', *, *, #3096, .T. ) ;
#2427 = CARTESIAN_POINT ( 'NONE',  ( -0.7250000000000004219, 0.2800000000000000266, 0.4156249999999997446 ) ) ;
#2428 = AXIS2_PLACEMENT_3D ( 'NONE', #2442, #600, #867 ) ;
#2429 = ORIENTED_EDGE ( 'NONE', *, *, #1925, .F. ) ;
#2430 = LINE ( 'NONE', #888, #847 ) ;
#2431 = ORIENTED_EDGE ( 'NONE', *, *, #1384, .F. ) ;
#2432 = DIRECTION ( 'NONE',  ( -1.084202172485504040E-15, 0.000000000000000000, -1.000000000000000000 ) ) ;
#2433 = EDGE_CURVE ( 'NONE', #2361, #3256, #2109, .T. ) ;
#2434 = CARTESIAN_POINT ( 'NONE',  ( 1.099999999999999867, 0.000000000000000000, -0.5000000000000007772 ) ) ;
#2435 = ADVANCED_FACE ( 'NONE', ( #3143 ), #507, .F. ) ;
#2436 = FACE_OUTER_BOUND ( 'NONE', #48, .T. ) ;
#2437 = ORIENTED_EDGE ( 'NONE', *, *, #2301, .T. ) ;
#2438 = LINE ( 'NONE', #1130, #1286 ) ;
#2439 = EDGE_CURVE ( 'NONE', #2816, #1212, #2879, .T. ) ;
#2440 = CARTESIAN_POINT ( 'NONE',  ( 0.8073170731707310921, 0.2800000000000000266, -0.4341463414634152418 ) ) ;
#2441 = DIRECTION ( 'NONE',  ( 0.000000000000000000, 1.000000000000000000, -0.000000000000000000 ) ) ;
#2442 = CARTESIAN_POINT ( 'NONE',  ( -1.100000000000000311, 0.04999999999999999584, 0.5000000000000000000 ) ) ;
#2443 = AXIS2_PLACEMENT_3D ( 'NONE', #1040, #2078, #3112 ) ;
#2444 = VERTEX_POINT ( 'NONE', #3107 ) ;
#2445 = DIRECTION ( 'NONE',  ( -0.000000000000000000, 1.000000000000000000, -0.000000000000000000 ) ) ;
#2446 = ORIENTED_EDGE ( 'NONE', *, *, #2235, .T. ) ;
#2447 = FACE_OUTER_BOUND ( 'NONE', #1401, .T. ) ;
#2448 = EDGE_CURVE ( 'NONE', #2073, #1516, #2552, .T. ) ;
#2449 = LINE ( 'NONE', #923, #1218 ) ;
#2450 = DIRECTION ( 'NONE',  ( -1.000000000000000000, 0.000000000000000000, -4.053092233590680614E-16 ) ) ;
#2451 = ORIENTED_EDGE ( 'NONE', *, *, #2932, .T. ) ;
#2452 = CARTESIAN_POINT ( 'NONE',  ( 0.5649999999999999467, 0.05000000000000000278, 0.9000000000000002442 ) ) ;
#2453 = CARTESIAN_POINT ( 'NONE',  ( 0.8000000000000002665, 0.2800000000000000266, 0.8999999999999999112 ) ) ;
#2454 = CARTESIAN_POINT ( 'NONE',  ( 1.099999999999999867, 0.2800000000000000266, -0.2999999999999997113 ) ) ;
#2455 = CARTESIAN_POINT ( 'NONE',  ( -1.100000000000000089, 0.000000000000000000, 0.2000000000000000944 ) ) ;
#2456 = CARTESIAN_POINT ( 'NONE',  ( 1.100000000000000089, 0.04999999999999999584, -0.9000000000000002442 ) ) ;
#2457 = VERTEX_POINT ( 'NONE', #786 ) ;
#2458 = PRESENTATION_LAYER_ASSIGNMENT (  '', '', ( #2670 ) ) ;
#2459 = AXIS2_PLACEMENT_3D ( 'NONE', #345, #1364, #1385 ) ;
#2460 = DIRECTION ( 'NONE',  ( 0.000000000000000000, 1.000000000000000000, -0.000000000000000000 ) ) ;
#2461 = PRESENTATION_LAYER_ASSIGNMENT (  '', '', ( #579 ) ) ;
#2462 = VERTEX_POINT ( 'NONE', #2092 ) ;
#2463 = CARTESIAN_POINT ( 'NONE',  ( -1.100000000000000089, 0.04999999999999999584, -0.6999999999999998446 ) ) ;
#2464 = VECTOR ( 'NONE', #1343, 1000.000000000000000 ) ;
#2465 = ORIENTED_EDGE ( 'NONE', *, *, #1841, .F. ) ;
#2466 = CARTESIAN_POINT ( 'NONE',  ( -0.5649999999999999467, 0.05000000000000000278, 0.9000000000000001332 ) ) ;
#2467 =( GEOMETRIC_REPRESENTATION_CONTEXT ( 3 ) GLOBAL_UNCERTAINTY_ASSIGNED_CONTEXT ( ( #160 ) ) GLOBAL_UNIT_ASSIGNED_CONTEXT ( ( #407, #3232, #3065 ) ) REPRESENTATION_CONTEXT ( 'NONE', 'WORKASPACE' ) );
#2468 = PLANE ( 'NONE',  #2360 ) ;
#2469 = EDGE_CURVE ( 'NONE', #90, #3101, #534, .T. ) ;
#2470 = DIRECTION ( 'NONE',  ( 0.000000000000000000, -1.000000000000000000, 0.000000000000000000 ) ) ;
#2471 = VERTEX_POINT ( 'NONE', #2566 ) ;
#2472 = CARTESIAN_POINT ( 'NONE',  ( 0.7249999999999994227, 0.04999999999999999584, 0.5000000000000001110 ) ) ;
#2473 = DIRECTION ( 'NONE',  ( 1.000000000000000000, 0.000000000000000000, -2.026546116795340307E-16 ) ) ;
#2474 = FACE_OUTER_BOUND ( 'NONE', #2007, .T. ) ;
#2475 = SURFACE_STYLE_USAGE ( .BOTH. , #1444 ) ;
#2476 = DIRECTION ( 'NONE',  ( 1.000000000000000000, 0.000000000000000000, -0.000000000000000000 ) ) ;
#2477 = ORIENTED_EDGE ( 'NONE', *, *, #1795, .T. ) ;
#2478 = CARTESIAN_POINT ( 'NONE',  ( 0.000000000000000000, 0.000000000000000000, 0.000000000000000000 ) ) ;
#2479 = VECTOR ( 'NONE', #2317, 1000.000000000000000 ) ;
#2480 = ORIENTED_EDGE ( 'NONE', *, *, #2631, .T. ) ;
#2481 = DIRECTION ( 'NONE',  ( 1.000000000000000000, 0.000000000000000000, -0.000000000000000000 ) ) ;
#2482 = AXIS2_PLACEMENT_3D ( 'NONE', #2478, #1716, #743 ) ;
#2483 = ORIENTED_EDGE ( 'NONE', *, *, #918, .T. ) ;
#2484 = DIRECTION ( 'NONE',  ( -0.000000000000000000, -1.000000000000000000, -0.000000000000000000 ) ) ;
#2485 = PLANE ( 'NONE',  #1770 ) ;
#2486 = CARTESIAN_POINT ( 'NONE',  ( -0.7250000000000000888, 4.150323865407125723, 1.000000000000000000 ) ) ;
#2487 = ORIENTED_EDGE ( 'NONE', *, *, #1368, .T. ) ;
#2488 = DIRECTION ( 'NONE',  ( 0.000000000000000000, -0.000000000000000000, -1.000000000000000000 ) ) ;
#2489 = EDGE_CURVE ( 'NONE', #2659, #1699, #2849, .T. ) ;
#2490 = DIRECTION ( 'NONE',  ( -0.000000000000000000, -1.000000000000000000, -0.000000000000000000 ) ) ;
#2491 = ORIENTED_EDGE ( 'NONE', *, *, #1736, .T. ) ;
#2492 = VERTEX_POINT ( 'NONE', #825 ) ;
#2493 = SURFACE_STYLE_USAGE ( .BOTH. , #2196 ) ;
#2494 =( LENGTH_UNIT ( ) NAMED_UNIT ( * ) SI_UNIT ( .MILLI., .METRE. ) );
#2495 = CARTESIAN_POINT ( 'NONE',  ( 1.099999999999999867, 0.2800000000000000266, 0.8999999999999999112 ) ) ;
#2496 = ORIENTED_EDGE ( 'NONE', *, *, #167, .T. ) ;
#2497 = ORIENTED_EDGE ( 'NONE', *, *, #1834, .F. ) ;
#2498 = DIRECTION ( 'NONE',  ( 0.000000000000000000, 0.000000000000000000, -1.000000000000000000 ) ) ;
#2499 = EDGE_CURVE ( 'NONE', #2778, #646, #2295, .T. ) ;
#2500 = VERTEX_POINT ( 'NONE', #2048 ) ;
#2501 = LINE ( 'NONE', #1270, #1400 ) ;
#2502 = FACE_OUTER_BOUND ( 'NONE', #622, .T. ) ;
#2503 = ADVANCED_FACE ( 'NONE', ( #758 ), #1792, .T. ) ;
#2504 = CARTESIAN_POINT ( 'NONE',  ( -1.100000000000000311, 0.2800000000000000266, 0.5000000000000000000 ) ) ;
#2505 = VECTOR ( 'NONE', #2786, 1000.000000000000000 ) ;
#2506 = EDGE_LOOP ( 'NONE', ( #2547, #735, #2 ) ) ;
#2507 = CARTESIAN_POINT ( 'NONE',  ( -1.100000000000000311, 0.04999999999999999584, -0.9000000000000011324 ) ) ;
#2508 = CARTESIAN_POINT ( 'NONE',  ( 1.099999999999999867, 0.04999999999999999584, -0.5000000000000007772 ) ) ;
#2509 = DIRECTION ( 'NONE',  ( -1.000000000000000000, 0.000000000000000000, 1.519909587596500177E-16 ) ) ;
#2510 = ADVANCED_BREP_SHAPE_REPRESENTATION ( 'WS2812C-2020', ( #2392, #1265, #2298, #46, #140, #2383, #2327, #3117 ), #3069 ) ;
#2511 = ORIENTED_EDGE ( 'NONE', *, *, #2589, .T. ) ;
#2512 = ORIENTED_EDGE ( 'NONE', *, *, #1181, .T. ) ;
#2513 = AXIS2_PLACEMENT_3D ( 'NONE', #1147, #1187, #98 ) ;
#2514 = FACE_OUTER_BOUND ( 'NONE', #648, .T. ) ;
#2515 = DIRECTION ( 'NONE',  ( -0.000000000000000000, 1.000000000000000000, 0.000000000000000000 ) ) ;
#2516 = CARTESIAN_POINT ( 'NONE',  ( 0.000000000000000000, 0.2800000000000000266, 0.000000000000000000 ) ) ;
#2517 = DIRECTION ( 'NONE',  ( -0.000000000000000000, -1.000000000000000000, -0.000000000000000000 ) ) ;
#2518 = VECTOR ( 'NONE', #2020, 1000.000000000000000 ) ;
#2519 = ORIENTED_EDGE ( 'NONE', *, *, #1983, .F. ) ;
#2520 = CARTESIAN_POINT ( 'NONE',  ( -0.5650000000000008349, 0.05000000000000000278, -0.9000000000000004663 ) ) ;
#2521 = EDGE_CURVE ( 'NONE', #136, #2274, #1113, .T. ) ;
#2522 = LINE ( 'NONE', #701, #788 ) ;
#2523 = CARTESIAN_POINT ( 'NONE',  ( -0.7250000000000003109, 0.2800000000000000266, -0.6391941090707520257 ) ) ;
#2524 = VECTOR ( 'NONE', #2341, 1000.000000000000000 ) ;
#2525 = ORIENTED_EDGE ( 'NONE', *, *, #2823, .F. ) ;
#2526 = CARTESIAN_POINT ( 'NONE',  ( -0.8073170731707315362, 0.04999999999999999584, 0.4341463414634143536 ) ) ;
#2527 = VECTOR ( 'NONE', #1514, 1000.000000000000000 ) ;
#2528 = LINE ( 'NONE', #210, #2721 ) ;
#2529 = ORIENTED_EDGE ( 'NONE', *, *, #1634, .F. ) ;
#2530 = ORIENTED_EDGE ( 'NONE', *, *, #1177, .T. ) ;
#2531 = CARTESIAN_POINT ( 'NONE',  ( 0.5650000000000000577, 0.000000000000000000, 0.2000000000000002609 ) ) ;
#2532 = CARTESIAN_POINT ( 'NONE',  ( 1.099999999999999867, 0.2800000000000000266, 1.000000000000000000 ) ) ;
#2533 = CARTESIAN_POINT ( 'NONE',  ( -1.100000000000000311, 0.000000000000000000, -0.9000000000000004663 ) ) ;
#2534 = ADVANCED_FACE ( 'NONE', ( #2178 ), #626, .F. ) ;
#2535 = ORIENTED_EDGE ( 'NONE', *, *, #2332, .F. ) ;
#2536 = CARTESIAN_POINT ( 'NONE',  ( -1.100000000000000311, 0.04999999999999999584, -0.9000000000000011324 ) ) ;
#2537 = VECTOR ( 'NONE', #2548, 1000.000000000000000 ) ;
#2538 = ADVANCED_FACE ( 'NONE', ( #3210 ), #1625, .F. ) ;
#2539 = DIRECTION ( 'NONE',  ( 0.000000000000000000, 0.000000000000000000, 1.000000000000000000 ) ) ;
#2540 = ORIENTED_EDGE ( 'NONE', *, *, #2448, .F. ) ;
#2541 = ORIENTED_EDGE ( 'NONE', *, *, #2326, .T. ) ;
#2542 = DIRECTION ( 'NONE',  ( 0.000000000000000000, 0.000000000000000000, -1.000000000000000000 ) ) ;
#2543 = CIRCLE ( 'NONE', #218, 0.5000000000000000000 ) ;
#2544 = DIRECTION ( 'NONE',  ( -0.000000000000000000, -1.000000000000000000, 0.000000000000000000 ) ) ;
#2545 = VERTEX_POINT ( 'NONE', #3154 ) ;
#2546 = UNCERTAINTY_MEASURE_WITH_UNIT (LENGTH_MEASURE( 1.000000000000000082E-05 ), #2215, 'distance_accuracy_value', 'NONE');
#2547 = ORIENTED_EDGE ( 'NONE', *, *, #662, .F. ) ;
#2548 = DIRECTION ( 'NONE',  ( -1.000000000000000000, -0.000000000000000000, -0.000000000000000000 ) ) ;
#2549 = CARTESIAN_POINT ( 'NONE',  ( -1.100000000000000089, 0.2800000000000000266, 0.7000000000000000666 ) ) ;
#2550 = VERTEX_POINT ( 'NONE', #608 ) ;
#2551 = ORIENTED_EDGE ( 'NONE', *, *, #494, .F. ) ;
#2552 = LINE ( 'NONE', #285, #130 ) ;
#2553 = EDGE_CURVE ( 'NONE', #1431, #1848, #1596, .T. ) ;
#2554 = DIRECTION ( 'NONE',  ( -1.000000000000000000, 0.000000000000000000, 9.856383386231860060E-17 ) ) ;
#2555 = PLANE ( 'NONE',  #793 ) ;
#2556 = CARTESIAN_POINT ( 'NONE',  ( 1.100000000000000311, 0.000000000000000000, -0.2000000000000002054 ) ) ;
#2557 = VERTEX_POINT ( 'NONE', #2623 ) ;
#2558 = DIRECTION ( 'NONE',  ( 0.000000000000000000, 0.000000000000000000, 1.000000000000000000 ) ) ;
#2559 = CARTESIAN_POINT ( 'NONE',  ( 0.8073170731707312031, 0.04999999999999999584, 0.4341463414634145757 ) ) ;
#2560 = ORIENTED_EDGE ( 'NONE', *, *, #1115, .T. ) ;
#2561 = DIRECTION ( 'NONE',  ( -0.000000000000000000, -1.000000000000000000, -0.000000000000000000 ) ) ;
#2562 = EDGE_CURVE ( 'NONE', #3059, #2278, #1864, .T. ) ;
#2563 = CARTESIAN_POINT ( 'NONE',  ( 0.000000000000000000, 0.005000000000000000104, 0.000000000000000000 ) ) ;
#2564 = VERTEX_POINT ( 'NONE', #2668 ) ;
#2565 = EDGE_LOOP ( 'NONE', ( #1627, #943, #686, #2983 ) ) ;
#2566 = CARTESIAN_POINT ( 'NONE',  ( 1.099999999999999867, 0.000000000000000000, 1.000000000000000000 ) ) ;
#2567 = DIRECTION ( 'NONE',  ( -0.000000000000000000, -1.000000000000000000, -0.000000000000000000 ) ) ;
#2568 = COLOUR_RGB ( '',0.7921568627450980005, 0.8196078431372548767, 0.9333333333333333481 ) ;
#2569 = AXIS2_PLACEMENT_3D ( 'NONE', #2198, #355, #374 ) ;
#2570 = CARTESIAN_POINT ( 'NONE',  ( -1.100000000000000311, 0.04999999999999999584, 0.5000000000000000000 ) ) ;
#2571 = CARTESIAN_POINT ( 'NONE',  ( -0.5650000000000008349, 0.04999999999999999584, -0.9000000000000004663 ) ) ;
#2572 = ORIENTED_EDGE ( 'NONE', *, *, #2821, .T. ) ;
#2573 = DIRECTION ( 'NONE',  ( 0.000000000000000000, 0.000000000000000000, 1.000000000000000000 ) ) ;
#2574 = VECTOR ( 'NONE', #2322, 1000.000000000000000 ) ;
#2575 = FILL_AREA_STYLE_COLOUR ( '', #2405 ) ;
#2576 = ADVANCED_FACE ( 'NONE', ( #2653 ), #2685, .T. ) ;
#2577 = DIRECTION ( 'NONE',  ( -0.000000000000000000, 1.000000000000000000, -0.000000000000000000 ) ) ;
#2578 = CIRCLE ( 'NONE', #3009, 0.3999999999999999667 ) ;
#2579 = EDGE_CURVE ( 'NONE', #2550, #1717, #1371, .T. ) ;
#2580 = ORIENTED_EDGE ( 'NONE', *, *, #535, .T. ) ;
#2581 = VECTOR ( 'NONE', #1944, 1000.000000000000000 ) ;
#2582 = ORIENTED_EDGE ( 'NONE', *, *, #2235, .F. ) ;
#2583 = AXIS2_PLACEMENT_3D ( 'NONE', #815, #532, #1029 ) ;
#2584 = PRESENTATION_LAYER_ASSIGNMENT (  '', '', ( #898 ) ) ;
#2585 = DIRECTION ( 'NONE',  ( -0.000000000000000000, -1.000000000000000000, -0.000000000000000000 ) ) ;
#2586 = DIRECTION ( 'NONE',  ( -1.626303258728256651E-16, -0.000000000000000000, 1.000000000000000000 ) ) ;
#2587 =( NAMED_UNIT ( * ) PLANE_ANGLE_UNIT ( ) SI_UNIT ( $, .RADIAN. ) );
#2588 = LINE ( 'NONE', #1857, #548 ) ;
#2589 = EDGE_CURVE ( 'NONE', #2907, #3063, #2403, .T. ) ;
#2590 = LINE ( 'NONE', #275, #797 ) ;
#2591 = EDGE_CURVE ( 'NONE', #3204, #558, #1392, .T. ) ;
#2592 = ORIENTED_EDGE ( 'NONE', *, *, #638, .F. ) ;
#2593 = CARTESIAN_POINT ( 'NONE',  ( 1.099999999999999867, 0.04999999999999999584, 0.9000000000000003553 ) ) ;
#2594 = AXIS2_PLACEMENT_3D ( 'NONE', #3057, #3321, #1784 ) ;
#2595 = CARTESIAN_POINT ( 'NONE',  ( 1.099999999999999867, 0.2800000000000000266, -1.000000000000000000 ) ) ;
#2596 = EDGE_LOOP ( 'NONE', ( #1961, #2480, #267, #1512 ) ) ;
#2597 = PLANE ( 'NONE',  #127 ) ;
#2598 = ADVANCED_FACE ( 'NONE', ( #3182 ), #864, .T. ) ;
#2599 = EDGE_LOOP ( 'NONE', ( #1479, #1803, #1362, #2580 ) ) ;
#2600 = VECTOR ( 'NONE', #2199, 1000.000000000000000 ) ;
#2601 = EDGE_CURVE ( 'NONE', #2850, #362, #40, .T. ) ;
#2602 =( NAMED_UNIT ( * ) PLANE_ANGLE_UNIT ( ) SI_UNIT ( $, .RADIAN. ) );
#2603 = DIRECTION ( 'NONE',  ( 1.548860246407863829E-16, 0.000000000000000000, -1.000000000000000000 ) ) ;
#2604 = DIRECTION ( 'NONE',  ( 1.978057500819421423E-16, 0.000000000000000000, -1.000000000000000000 ) ) ;
#2605 = EDGE_LOOP ( 'NONE', ( #18, #1344, #2529, #423, #1946, #3047, #2755 ) ) ;
#2606 = CARTESIAN_POINT ( 'NONE',  ( -0.5650000000000003908, 0.05000000000000000278, -0.2000000000000005385 ) ) ;
#2607 = ADVANCED_FACE ( 'NONE', ( #2121 ), #1896, .T. ) ;
#2608 = CYLINDRICAL_SURFACE ( 'NONE', #524, 0.08437499999999992228 ) ;
#2609 = ORIENTED_EDGE ( 'NONE', *, *, #3237, .T. ) ;
#2610 = CARTESIAN_POINT ( 'NONE',  ( -0.5650000000000008349, 0.04999999999999999584, -0.9000000000000004663 ) ) ;
#2611 = VERTEX_POINT ( 'NONE', #2945 ) ;
#2612 = CARTESIAN_POINT ( 'NONE',  ( -0.5649999999999998357, 0.05000000000000000278, 0.2000000000000001221 ) ) ;
#2613 = FILL_AREA_STYLE ('',( #1626 ) ) ;
#2614 = CARTESIAN_POINT ( 'NONE',  ( 1.100000000000000089, 0.000000000000000000, -0.9000000000000002442 ) ) ;
#2615 = LINE ( 'NONE', #2824, #3125 ) ;
#2616 = ORIENTED_EDGE ( 'NONE', *, *, #2004, .T. ) ;
#2617 = CARTESIAN_POINT ( 'NONE',  ( -0.5149999999999995692, 0.005000000000000000104, -1.000000000000000000 ) ) ;
#2618 = DIRECTION ( 'NONE',  ( 1.000000000000000000, 0.000000000000000000, 4.053092233590673712E-16 ) ) ;
#2619 = ORIENTED_EDGE ( 'NONE', *, *, #625, .F. ) ;
#2620 = CYLINDRICAL_SURFACE ( 'NONE', #1867, 0.08437499999999992228 ) ;
#2621 = AXIS2_PLACEMENT_3D ( 'NONE', #2549, #5, #1048 ) ;
#2622 = ORIENTED_EDGE ( 'NONE', *, *, #1506, .F. ) ;
#2623 = CARTESIAN_POINT ( 'NONE',  ( 1.099999999999999867, 0.04999999999999999584, -0.9000000000000006883 ) ) ;
#2624 = STYLED_ITEM ( 'NONE', ( #3199 ), #2298 ) ;
#2625 = VECTOR ( 'NONE', #2820, 1000.000000000000000 ) ;
#2626 = VECTOR ( 'NONE', #1910, 1000.000000000000000 ) ;
#2627 = ORIENTED_EDGE ( 'NONE', *, *, #251, .T. ) ;
#2628 = EDGE_CURVE ( 'NONE', #2611, #3177, #2900, .T. ) ;
#2629 = LINE ( 'NONE', #1099, #518 ) ;
#2630 = ORIENTED_EDGE ( 'NONE', *, *, #1725, .F. ) ;
#2631 = EDGE_CURVE ( 'NONE', #675, #266, #2438, .T. ) ;
#2632 = DIRECTION ( 'NONE',  ( 0.000000000000000000, 1.000000000000000000, -0.000000000000000000 ) ) ;
#2633 = LINE ( 'NONE', #1889, #3118 ) ;
#2634 = ORIENTED_EDGE ( 'NONE', *, *, #302, .T. ) ;
#2635 = FACE_OUTER_BOUND ( 'NONE', #2211, .T. ) ;
#2636 = CARTESIAN_POINT ( 'NONE',  ( 0.5649999999999999467, 0.04999999999999999584, 0.9000000000000002442 ) ) ;
#2637 = DIRECTION ( 'NONE',  ( 0.000000000000000000, 0.000000000000000000, 1.000000000000000000 ) ) ;
#2638 = ORIENTED_EDGE ( 'NONE', *, *, #87, .F. ) ;
#2639 = PRODUCT_DEFINITION ( 'UNKNOWN', '', #3006, #2698 ) ;
#2640 = DIRECTION ( 'NONE',  ( 0.000000000000000000, -0.000000000000000000, 1.000000000000000000 ) ) ;
#2641 = AXIS2_PLACEMENT_3D ( 'NONE', #1743, #457, #2542 ) ;
#2642 = EDGE_CURVE ( 'NONE', #3019, #615, #324, .T. ) ;
#2643 = SURFACE_SIDE_STYLE ('',( #838 ) ) ;
#2644 = VERTEX_POINT ( 'NONE', #2132 ) ;
#2645 = DIRECTION ( 'NONE',  ( -0.000000000000000000, -1.000000000000000000, 0.000000000000000000 ) ) ;
#2646 = AXIS2_PLACEMENT_3D ( 'NONE', #2617, #1849, #3 ) ;
#2647 = CARTESIAN_POINT ( 'NONE',  ( -9.757819552369518212E-16, 0.2800000000000000266, 0.9000000000000005773 ) ) ;
#2648 = ORIENTED_EDGE ( 'NONE', *, *, #2821, .F. ) ;
#2649 = CARTESIAN_POINT ( 'NONE',  ( -0.7250000000000000888, 0.2800000000000000266, 1.000000000000000000 ) ) ;
#2650 = LINE ( 'NONE', #2636, #739 ) ;
#2651 = LINE ( 'NONE', #1926, #3335 ) ;
#2652 = EDGE_LOOP ( 'NONE', ( #1050, #630, #823, #577 ) ) ;
#2653 = FACE_OUTER_BOUND ( 'NONE', #1519, .T. ) ;
#2654 = DIRECTION ( 'NONE',  ( 9.293161478447181990E-16, -0.000000000000000000, -1.000000000000000000 ) ) ;
#2655 = DIRECTION ( 'NONE',  ( 1.626303258728256898E-16, 0.000000000000000000, -1.000000000000000000 ) ) ;
#2656 = APPLICATION_CONTEXT ( 'automotive_design' ) ;
#2657 = CARTESIAN_POINT ( 'NONE',  ( 1.099999999999999867, 0.04999999999999999584, -0.5000000000000007772 ) ) ;
#2658 = AXIS2_PLACEMENT_3D ( 'NONE', #1665, #110, #1930 ) ;
#2659 = VERTEX_POINT ( 'NONE', #3167 ) ;
#2660 = DIRECTION ( 'NONE',  ( 0.000000000000000000, 1.000000000000000000, -0.000000000000000000 ) ) ;
#2661 = ADVANCED_FACE ( 'NONE', ( #1881 ), #946, .F. ) ;
#2662 = LINE ( 'NONE', #52, #1865 ) ;
#2663 = FACE_OUTER_BOUND ( 'NONE', #1599, .T. ) ;
#2664 = ADVANCED_FACE ( 'NONE', ( #3046 ), #1711, .T. ) ;
#2665 = VERTEX_POINT ( 'NONE', #927 ) ;
#2666 = ADVANCED_FACE ( 'NONE', ( #1943 ), #2982, .T. ) ;
#2667 = EDGE_CURVE ( 'NONE', #602, #441, #1732, .T. ) ;
#2668 = CARTESIAN_POINT ( 'NONE',  ( -0.8073170731707315362, 0.2800000000000000266, 0.4341463414634143536 ) ) ;
#2669 = AXIS2_PLACEMENT_3D ( 'NONE', #2434, #1850, #1108 ) ;
#2670 = STYLED_ITEM ( 'NONE', ( #553 ), #2510 ) ;
#2671 = VECTOR ( 'NONE', #588, 1000.000000000000000 ) ;
#2672 = VECTOR ( 'NONE', #2029, 1000.000000000000000 ) ;
#2673 = FACE_OUTER_BOUND ( 'NONE', #1589, .T. ) ;
#2674 = VECTOR ( 'NONE', #298, 1000.000000000000000 ) ;
#2675 = DIRECTION ( 'NONE',  ( 0.000000000000000000, -1.000000000000000000, 0.000000000000000000 ) ) ;
#2676 = VECTOR ( 'NONE', #1291, 1000.000000000000000 ) ;
#2677 = VERTEX_POINT ( 'NONE', #2195 ) ;
#2678 = CARTESIAN_POINT ( 'NONE',  ( -0.7250000000000000888, 0.2800000000000000266, 1.000000000000000000 ) ) ;
#2679 = VERTEX_POINT ( 'NONE', #1243 ) ;
#2680 = DIRECTION ( 'NONE',  ( 0.000000000000000000, -1.000000000000000000, 0.000000000000000000 ) ) ;
#2681 = DIRECTION ( 'NONE',  ( -1.000000000000000000, 0.000000000000000000, 1.519909587596503135E-16 ) ) ;
#2682 = EDGE_CURVE ( 'NONE', #2679, #2142, #1676, .T. ) ;
#2683 = CARTESIAN_POINT ( 'NONE',  ( 1.099999999999999867, 0.000000000000000000, 0.9000000000000003553 ) ) ;
#2684 = ORIENTED_EDGE ( 'NONE', *, *, #1249, .F. ) ;
#2685 = PLANE ( 'NONE',  #3218 ) ;
#2686 = EDGE_CURVE ( 'NONE', #2858, #3219, #693, .T. ) ;
#2687 = VECTOR ( 'NONE', #999, 1000.000000000000000 ) ;
#2688 = LINE ( 'NONE', #2008, #1383 ) ;
#2689 = CARTESIAN_POINT ( 'NONE',  ( -0.7250000000000005329, 0.04999999999999999584, 0.5000000000000001110 ) ) ;
#2690 = DIRECTION ( 'NONE',  ( -1.284980352575413882E-15, 0.000000000000000000, 1.000000000000000000 ) ) ;
#2691 = PRESENTATION_LAYER_ASSIGNMENT (  '', '', ( #2912 ) ) ;
#2692 = ORIENTED_EDGE ( 'NONE', *, *, #2469, .T. ) ;
#2693 = LINE ( 'NONE', #1103, #2793 ) ;
#2694 = EDGE_LOOP ( 'NONE', ( #821, #1878, #1016, #505, #513, #1763, #799 ) ) ;
#2695 = DIRECTION ( 'NONE',  ( 0.000000000000000000, -1.000000000000000000, 0.000000000000000000 ) ) ;
#2696 = DIRECTION ( 'NONE',  ( -0.000000000000000000, 1.000000000000000000, 0.000000000000000000 ) ) ;
#2697 = CARTESIAN_POINT ( 'NONE',  ( 0.5650000000000006128, 0.04999999999999999584, -0.2000000000000004274 ) ) ;
#2698 = PRODUCT_DEFINITION_CONTEXT ( 'detailed design', #2656, 'design' ) ;
#2699 = ORIENTED_EDGE ( 'NONE', *, *, #372, .F. ) ;
#2700 = EDGE_CURVE ( 'NONE', #339, #2323, #654, .T. ) ;
#2701 = CARTESIAN_POINT ( 'NONE',  ( -0.7250000000000000888, 4.150323865407125723, 1.000000000000000000 ) ) ;
#2702 = EDGE_LOOP ( 'NONE', ( #8, #1051, #25, #2035 ) ) ;
#2703 = CYLINDRICAL_SURFACE ( 'NONE', #2513, 0.3000000000000005440 ) ;
#2704 = ORIENTED_EDGE ( 'NONE', *, *, #16, .F. ) ;
#2705 = LINE ( 'NONE', #61, #1840 ) ;
#2706 = ADVANCED_FACE ( 'NONE', ( #2717 ), #2999, .T. ) ;
#2707 = PRESENTATION_LAYER_ASSIGNMENT (  '', '', ( #1317 ) ) ;
#2708 = ORIENTED_EDGE ( 'NONE', *, *, #1667, .T. ) ;
#2709 = CARTESIAN_POINT ( 'NONE',  ( 1.099999999999999867, 0.000000000000000000, 0.5000000000000005551 ) ) ;
#2710 = CLOSED_SHELL ( 'NONE', ( #2706, #2242, #26, #2666, #445, #776, #1483, #595, #623, #1079, #2973, #240, #736 ) ) ;
#2711 = ORIENTED_EDGE ( 'NONE', *, *, #2929, .T. ) ;
#2712 = CARTESIAN_POINT ( 'NONE',  ( -1.100000000000000311, 0.04999999999999999584, 0.5000000000000001110 ) ) ;
#2713 = PLANE ( 'NONE',  #1647 ) ;
#2714 = DIRECTION ( 'NONE',  ( -1.000000000000000000, -0.000000000000000000, -0.000000000000000000 ) ) ;
#2715 = ORIENTED_EDGE ( 'NONE', *, *, #1478, .T. ) ;
#2716 = LINE ( 'NONE', #1219, #2518 ) ;
#2717 = FACE_OUTER_BOUND ( 'NONE', #998, .T. ) ;
#2718 = FILL_AREA_STYLE_COLOUR ( '', #681 ) ;
#2719 = SURFACE_STYLE_USAGE ( .BOTH. , #3216 ) ;
#2720 = CARTESIAN_POINT ( 'NONE',  ( -1.099999999999999645, 0.05000000000000000278, -0.9000000000000003553 ) ) ;
#2721 = VECTOR ( 'NONE', #988, 1000.000000000000000 ) ;
#2722 = CARTESIAN_POINT ( 'NONE',  ( 0.7249999999999999778, 0.04999999999999999584, -0.4156250000000005218 ) ) ;
#2723 = VECTOR ( 'NONE', #606, 1000.000000000000000 ) ;
#2724 = VECTOR ( 'NONE', #3300, 1000.000000000000000 ) ;
#2725 = ORIENTED_EDGE ( 'NONE', *, *, #508, .T. ) ;
#2726 = CARTESIAN_POINT ( 'NONE',  ( 1.099999999999999867, 0.04999999999999999584, -0.5000000000000007772 ) ) ;
#2727 = ORIENTED_EDGE ( 'NONE', *, *, #1583, .T. ) ;
#2728 = ADVANCED_FACE ( 'NONE', ( #2228 ), #1200, .F. ) ;
#2729 = VECTOR ( 'NONE', #2395, 1000.000000000000000 ) ;
#2730 = ORIENTED_EDGE ( 'NONE', *, *, #1136, .F. ) ;
#2731 = DIRECTION ( 'NONE',  ( 1.000000000000000000, -0.000000000000000000, 1.978057500819421423E-16 ) ) ;
#2732 = VECTOR ( 'NONE', #1642, 1000.000000000000000 ) ;
#2733 = CARTESIAN_POINT ( 'NONE',  ( -0.5649999999999998357, 0.000000000000000000, 0.2000000000000001221 ) ) ;
#2734 = DIRECTION ( 'NONE',  ( 0.000000000000000000, 0.000000000000000000, 1.000000000000000000 ) ) ;
#2735 = ORIENTED_EDGE ( 'NONE', *, *, #598, .T. ) ;
#2736 = CARTESIAN_POINT ( 'NONE',  ( -9.757819552369518212E-16, 0.2800000000000000266, 0.9000000000000005773 ) ) ;
#2737 = DIRECTION ( 'NONE',  ( -0.000000000000000000, -1.000000000000000000, -0.000000000000000000 ) ) ;
#2738 = ORIENTED_EDGE ( 'NONE', *, *, #1506, .T. ) ;
#2739 = VERTEX_POINT ( 'NONE', #2003 ) ;
#2740 = EDGE_CURVE ( 'NONE', #154, #3079, #1477, .T. ) ;
#2741 = VERTEX_POINT ( 'NONE', #163 ) ;
#2742 = CARTESIAN_POINT ( 'NONE',  ( -0.7250000000000003109, 0.04999999999999999584, -0.6391941090707520257 ) ) ;
#2743 = CARTESIAN_POINT ( 'NONE',  ( -1.100000000000000089, 0.04999999999999999584, 0.3000000000000001554 ) ) ;
#2744 = CARTESIAN_POINT ( 'NONE',  ( 0.5650000000000000577, 0.05000000000000000278, 0.2000000000000002609 ) ) ;
#2745 = EDGE_CURVE ( 'NONE', #441, #1358, #1752, .T. ) ;
#2746 = VECTOR ( 'NONE', #51, 1000.000000000000000 ) ;
#2747 = VERTEX_POINT ( 'NONE', #2453 ) ;
#2748 = FACE_OUTER_BOUND ( 'NONE', #1456, .T. ) ;
#2749 = AXIS2_PLACEMENT_3D ( 'NONE', #2427, #2645, #2690 ) ;
#2750 = EDGE_LOOP ( 'NONE', ( #1734, #2371, #870, #2365, #1950, #2738, #2487 ) ) ;
#2751 = FACE_OUTER_BOUND ( 'NONE', #1612, .T. ) ;
#2752 = CARTESIAN_POINT ( 'NONE',  ( 1.099999999999999867, 0.000000000000000000, 0.5000000000000005551 ) ) ;
#2753 = FACE_OUTER_BOUND ( 'NONE', #1818, .T. ) ;
#2754 = ORIENTED_EDGE ( 'NONE', *, *, #2916, .F. ) ;
#2755 = ORIENTED_EDGE ( 'NONE', *, *, #1034, .T. ) ;
#2756 = LINE ( 'NONE', #443, #47 ) ;
#2757 = LINE ( 'NONE', #2736, #404 ) ;
#2758 = ADVANCED_FACE ( 'NONE', ( #642 ), #3022, .T. ) ;
#2759 = CARTESIAN_POINT ( 'NONE',  ( -1.099999999999999645, 0.05000000000000000278, -0.9000000000000003553 ) ) ;
#2760 = EDGE_LOOP ( 'NONE', ( #237, #134, #2634, #730 ) ) ;
#2761 = ORIENTED_EDGE ( 'NONE', *, *, #1963, .T. ) ;
#2762 = DIRECTION ( 'NONE',  ( 1.000000000000000000, -0.000000000000000000, -9.856383386231860060E-17 ) ) ;
#2763 = FACE_OUTER_BOUND ( 'NONE', #935, .T. ) ;
#2764 = LINE ( 'NONE', #2536, #1503 ) ;
#2765 = CARTESIAN_POINT ( 'NONE',  ( 1.099999999999999867, 0.2800000000000000266, -0.5000000000000007772 ) ) ;
#2766 = DIRECTION ( 'NONE',  ( 0.000000000000000000, -1.000000000000000000, 0.000000000000000000 ) ) ;
#2767 = ORIENTED_EDGE ( 'NONE', *, *, #1834, .T. ) ;
#2768 = CARTESIAN_POINT ( 'NONE',  ( -0.8073170731707315362, 0.04999999999999999584, 0.4341463414634143536 ) ) ;
#2769 = LINE ( 'NONE', #2994, #190 ) ;
#2770 = LINE ( 'NONE', #668, #27 ) ;
#2771 = EDGE_LOOP ( 'NONE', ( #2304, #1179, #2412, #201 ) ) ;
#2772 = ORIENTED_EDGE ( 'NONE', *, *, #1387, .F. ) ;
#2773 = LINE ( 'NONE', #208, #1096 ) ;
#2774 = EDGE_CURVE ( 'NONE', #1425, #339, #2528, .T. ) ;
#2775 = DIRECTION ( 'NONE',  ( 0.000000000000000000, 1.000000000000000000, 0.000000000000000000 ) ) ;
#2776 = ORIENTED_EDGE ( 'NONE', *, *, #1616, .T. ) ;
#2777 = ADVANCED_FACE ( 'NONE', ( #2966 ), #3247, .F. ) ;
#2778 = VERTEX_POINT ( 'NONE', #1423 ) ;
#2779 = ADVANCED_FACE ( 'NONE', ( #121 ), #1164, .F. ) ;
#2780 = FACE_OUTER_BOUND ( 'NONE', #1019, .T. ) ;
#2781 = VECTOR ( 'NONE', #3185, 1000.000000000000000 ) ;
#2782 = CARTESIAN_POINT ( 'NONE',  ( -0.7999999999999998224, 0.04999999999999999584, 0.8999999999999998002 ) ) ;
#2783 = DIRECTION ( 'NONE',  ( 0.000000000000000000, -1.000000000000000000, 0.000000000000000000 ) ) ;
#2784 = ORIENTED_EDGE ( 'NONE', *, *, #503, .F. ) ;
#2785 = CARTESIAN_POINT ( 'NONE',  ( 1.099999999999999867, 0.2800000000000000266, -0.9000000000000006883 ) ) ;
#2786 = DIRECTION ( 'NONE',  ( 2.168404344970996246E-15, -0.000000000000000000, 1.000000000000000000 ) ) ;
#2787 = LINE ( 'NONE', #3222, #347 ) ;
#2788 = AXIS2_PLACEMENT_3D ( 'NONE', #1788, #2577, #554 ) ;
#2789 = PRODUCT_RELATED_PRODUCT_CATEGORY ( 'part', '', ( #781 ) ) ;
#2790 = EDGE_CURVE ( 'NONE', #1685, #2492, #3120, .T. ) ;
#2791 = ORIENTED_EDGE ( 'NONE', *, *, #1842, .F. ) ;
#2792 = LINE ( 'NONE', #1722, #911 ) ;
#2793 = VECTOR ( 'NONE', #1350, 1000.000000000000000 ) ;
#2794 = CYLINDRICAL_SURFACE ( 'NONE', #74, 0.08437499999999992228 ) ;
#2795 = AXIS2_PLACEMENT_3D ( 'NONE', #3297, #3081, #2051 ) ;
#2796 = VECTOR ( 'NONE', #1315, 1000.000000000000000 ) ;
#2797 = ORIENTED_EDGE ( 'NONE', *, *, #3243, .T. ) ;
#2798 = DIRECTION ( 'NONE',  ( -1.000000000000000000, 0.000000000000000000, -4.053092233590668782E-16 ) ) ;
#2799 = ADVANCED_FACE ( 'NONE', ( #517 ), #1261, .F. ) ;
#2800 = LINE ( 'NONE', #2595, #2306 ) ;
#2801 = ORIENTED_EDGE ( 'NONE', *, *, #146, .F. ) ;
#2802 = ORIENTED_EDGE ( 'NONE', *, *, #1196, .F. ) ;
#2803 = CARTESIAN_POINT ( 'NONE',  ( -1.099999999999999867, 0.04999999999999999584, 0.9000000000000002442 ) ) ;
#2804 = LINE ( 'NONE', #1052, #1706 ) ;
#2805 = CARTESIAN_POINT ( 'NONE',  ( 1.100000000000000311, 0.000000000000000000, 0.2000000000000004829 ) ) ;
#2806 = ORIENTED_EDGE ( 'NONE', *, *, #1736, .F. ) ;
#2807 = DIRECTION ( 'NONE',  ( 0.000000000000000000, 1.000000000000000000, -0.000000000000000000 ) ) ;
#2808 = DIRECTION ( 'NONE',  ( 1.000000000000000000, -0.000000000000000000, -9.856383386231860060E-17 ) ) ;
#2809 = ORIENTED_EDGE ( 'NONE', *, *, #2880, .F. ) ;
#2810 = LINE ( 'NONE', #1213, #3233 ) ;
#2811 = AXIS2_PLACEMENT_3D ( 'NONE', #666, #2731, #1922 ) ;
#2812 = DIRECTION ( 'NONE',  ( 1.000000000000000000, -0.000000000000000000, 0.000000000000000000 ) ) ;
#2813 = ORIENTED_EDGE ( 'NONE', *, *, #2284, .T. ) ;
#2814 = CARTESIAN_POINT ( 'NONE',  ( -0.09999999999999982514, 0.000000000000000000, -1.000000000000000000 ) ) ;
#2815 = CARTESIAN_POINT ( 'NONE',  ( -0.5649999999999999467, 0.000000000000000000, 0.9000000000000001332 ) ) ;
#2816 = VERTEX_POINT ( 'NONE', #539 ) ;
#2817 = ORIENTED_EDGE ( 'NONE', *, *, #1720, .T. ) ;
#2818 = DIRECTION ( 'NONE',  ( 0.000000000000000000, 0.000000000000000000, 1.000000000000000000 ) ) ;
#2819 = LINE ( 'NONE', #509, #1372 ) ;
#2820 = DIRECTION ( 'NONE',  ( 1.000000000000000000, 0.000000000000000000, 0.000000000000000000 ) ) ;
#2821 = EDGE_CURVE ( 'NONE', #362, #711, #2289, .T. ) ;
#2822 = FACE_OUTER_BOUND ( 'NONE', #112, .T. ) ;
#2823 = EDGE_CURVE ( 'NONE', #379, #551, #2040, .T. ) ;
#2824 = CARTESIAN_POINT ( 'NONE',  ( -0.7250000000000000888, 0.8400000000000000799, 1.000000000000000000 ) ) ;
#2825 = EDGE_LOOP ( 'NONE', ( #1899, #1664, #2802, #1708 ) ) ;
#2826 = CARTESIAN_POINT ( 'NONE',  ( -1.100000000000000311, 0.000000000000000000, 0.5000000000000001110 ) ) ;
#2827 = SURFACE_SIDE_STYLE ('',( #3353 ) ) ;
#2828 = DIRECTION ( 'NONE',  ( 0.000000000000000000, 1.000000000000000000, 0.000000000000000000 ) ) ;
#2829 = CLOSED_SHELL ( 'NONE', ( #2534, #900, #949, #2598, #2576, #2503, #2664, #904, #2661, #557, #791, #3213, #1366 ) ) ;
#2830 = ORIENTED_EDGE ( 'NONE', *, *, #2553, .T. ) ;
#2831 = ORIENTED_EDGE ( 'NONE', *, *, #388, .T. ) ;
#2832 = LINE ( 'NONE', #2612, #2674 ) ;
#2833 = LINE ( 'NONE', #1780, #1762 ) ;
#2834 = VERTEX_POINT ( 'NONE', #3325 ) ;
#2835 = AXIS2_PLACEMENT_3D ( 'NONE', #2234, #771, #2064 ) ;
#2836 = EDGE_CURVE ( 'NONE', #2665, #119, #3077, .T. ) ;
#2837 = DIRECTION ( 'NONE',  ( 1.000000000000000000, 0.000000000000000000, 2.168404344971015179E-15 ) ) ;
#2838 = EDGE_LOOP ( 'NONE', ( #3034, #2806, #1495, #1184 ) ) ;
#2839 = CARTESIAN_POINT ( 'NONE',  ( 1.099999999999999867, 0.2800000000000000266, -0.5000000000000007772 ) ) ;
#2840 = VECTOR ( 'NONE', #3242, 1000.000000000000000 ) ;
#2841 = EDGE_CURVE ( 'NONE', #2747, #2679, #1772, .T. ) ;
#2842 = EDGE_LOOP ( 'NONE', ( #1193, #3056, #2451, #2946, #956, #2944, #1173, #515 ) ) ;
#2843 = FACE_OUTER_BOUND ( 'NONE', #3043, .T. ) ;
#2844 = VERTEX_POINT ( 'NONE', #1833 ) ;
#2845 = DIRECTION ( 'NONE',  ( -1.000000000000000000, 0.000000000000000000, -1.548860246407863829E-16 ) ) ;
#2846 = CIRCLE ( 'NONE', #76, 0.3999999999999999667 ) ;
#2847 = CARTESIAN_POINT ( 'NONE',  ( 0.5649999999999999467, 0.000000000000000000, 0.9000000000000002442 ) ) ;
#2848 = ORIENTED_EDGE ( 'NONE', *, *, #287, .F. ) ;
#2849 = CIRCLE ( 'NONE', #1012, 0.3000000000000002665 ) ;
#2850 = VERTEX_POINT ( 'NONE', #2357 ) ;
#2851 = VECTOR ( 'NONE', #777, 1000.000000000000000 ) ;
#2852 = VECTOR ( 'NONE', #2762, 1000.000000000000000 ) ;
#2853 = CARTESIAN_POINT ( 'NONE',  ( -0.5149999999999997913, 0.005000000000000000104, 1.000000000000000222 ) ) ;
#2854 = PLANE ( 'NONE',  #2878 ) ;
#2855 = ADVANCED_FACE ( 'NONE', ( #3062 ), #2861, .F. ) ;
#2856 = DIRECTION ( 'NONE',  ( 1.000000000000000000, -0.000000000000000000, -1.519909587596500423E-16 ) ) ;
#2857 = LINE ( 'NONE', #3086, #954 ) ;
#2858 = VERTEX_POINT ( 'NONE', #1565 ) ;
#2859 = CARTESIAN_POINT ( 'NONE',  ( -0.5650000000000003908, 0.04999999999999999584, -0.2000000000000005385 ) ) ;
#2860 = VECTOR ( 'NONE', #961, 1000.000000000000000 ) ;
#2861 = CYLINDRICAL_SURFACE ( 'NONE', #2788, 0.3999999999999999667 ) ;
#2862 = EDGE_LOOP ( 'NONE', ( #1773, #23, #2023, #2397 ) ) ;
#2863 = ORIENTED_EDGE ( 'NONE', *, *, #1025, .F. ) ;
#2864 = CARTESIAN_POINT ( 'NONE',  ( -1.099999999999999867, 0.000000000000000000, 0.9000000000000002442 ) ) ;
#2865 = ORIENTED_EDGE ( 'NONE', *, *, #124, .T. ) ;
#2866 = CIRCLE ( 'NONE', #1302, 0.3000000000000005440 ) ;
#2867 = DIRECTION ( 'NONE',  ( 0.000000000000000000, 0.000000000000000000, 1.000000000000000000 ) ) ;
#2868 = LINE ( 'NONE', #1316, #1369 ) ;
#2869 = CARTESIAN_POINT ( 'NONE',  ( -0.5650000000000008349, 0.000000000000000000, -0.9000000000000004663 ) ) ;
#2870 = ORIENTED_EDGE ( 'NONE', *, *, #2745, .F. ) ;
#2871 = LINE ( 'NONE', #1, #1710 ) ;
#2872 = ORIENTED_EDGE ( 'NONE', *, *, #111, .F. ) ;
#2873 = LINE ( 'NONE', #2103, #2970 ) ;
#2874 = CARTESIAN_POINT ( 'NONE',  ( 0.5650000000000006128, 0.05000000000000000278, -0.2000000000000004274 ) ) ;
#2875 = ORIENTED_EDGE ( 'NONE', *, *, #2406, .F. ) ;
#2876 = CARTESIAN_POINT ( 'NONE',  ( -0.5149999999999997913, 0.005000000000000000104, 1.000000000000000222 ) ) ;
#2877 = ORIENTED_EDGE ( 'NONE', *, *, #2968, .T. ) ;
#2878 = AXIS2_PLACEMENT_3D ( 'NONE', #3145, #826, #59 ) ;
#2879 = LINE ( 'NONE', #1819, #1062 ) ;
#2880 = EDGE_CURVE ( 'NONE', #1120, #1129, #504, .T. ) ;
#2881 = CLOSED_SHELL ( 'NONE', ( #213, #191, #1810, #2777, #3342, #3148 ) ) ;
#2882 = LINE ( 'NONE', #810, #2122 ) ;
#2883 = ORIENTED_EDGE ( 'NONE', *, *, #1331, .F. ) ;
#2884 = DIRECTION ( 'NONE',  ( 0.000000000000000000, 1.000000000000000000, 0.000000000000000000 ) ) ;
#2885 = DIRECTION ( 'NONE',  ( 1.000000000000000000, -0.000000000000000000, -1.519909587596500423E-16 ) ) ;
#2886 = VERTEX_POINT ( 'NONE', #734 ) ;
#2887 = DIRECTION ( 'NONE',  ( -0.000000000000000000, -1.000000000000000000, 0.000000000000000000 ) ) ;
#2888 = CARTESIAN_POINT ( 'NONE',  ( -0.7250000000000005329, 0.04999999999999999584, 0.000000000000000000 ) ) ;
#2889 = EDGE_LOOP ( 'NONE', ( #3087, #2735, #2358, #1471, #348, #2203, #242, #2193 ) ) ;
#2890 = DIRECTION ( 'NONE',  ( 1.000000000000000000, 0.000000000000000000, 2.168404344971007290E-15 ) ) ;
#2891 =( GEOMETRIC_REPRESENTATION_CONTEXT ( 3 ) GLOBAL_UNCERTAINTY_ASSIGNED_CONTEXT ( ( #1882 ) ) GLOBAL_UNIT_ASSIGNED_CONTEXT ( ( #1577, #485, #2356 ) ) REPRESENTATION_CONTEXT ( 'NONE', 'WORKASPACE' ) );
#2892 = CIRCLE ( 'NONE', #2459, 0.3999999999999999667 ) ;
#2893 = VERTEX_POINT ( 'NONE', #2815 ) ;
#2894 = EDGE_CURVE ( 'NONE', #2500, #551, #3211, .T. ) ;
#2895 = DIRECTION ( 'NONE',  ( -2.026546116795339814E-16, 0.000000000000000000, -1.000000000000000000 ) ) ;
#2896 = MECHANICAL_DESIGN_GEOMETRIC_PRESENTATION_REPRESENTATION (  '', ( #2624 ), #3010 ) ;
#2897 = VECTOR ( 'NONE', #1674, 1000.000000000000000 ) ;
#2898 = ORIENTED_EDGE ( 'NONE', *, *, #2968, .F. ) ;
#2899 = UNCERTAINTY_MEASURE_WITH_UNIT (LENGTH_MEASURE( 1.000000000000000082E-05 ), #715, 'distance_accuracy_value', 'NONE');
#2900 = CIRCLE ( 'NONE', #1442, 0.3000000000000002665 ) ;
#2901 = DIRECTION ( 'NONE',  ( -0.000000000000000000, 1.000000000000000000, -0.000000000000000000 ) ) ;
#2902 = DIRECTION ( 'NONE',  ( 0.000000000000000000, 1.000000000000000000, -0.000000000000000000 ) ) ;
#2903 = CARTESIAN_POINT ( 'NONE',  ( 1.100000000000000311, 0.05000000000000000278, 0.2000000000000004829 ) ) ;
#2904 = ORIENTED_EDGE ( 'NONE', *, *, #1403, .T. ) ;
#2905 = FACE_OUTER_BOUND ( 'NONE', #1748, .T. ) ;
#2906 = PLANE ( 'NONE',  #1915 ) ;
#2907 = VERTEX_POINT ( 'NONE', #3355 ) ;
#2908 = DIRECTION ( 'NONE',  ( -0.000000000000000000, -1.000000000000000000, -0.000000000000000000 ) ) ;
#2909 = ORIENTED_EDGE ( 'NONE', *, *, #313, .T. ) ;
#2910 = AXIS2_PLACEMENT_3D ( 'NONE', #2349, #2368, #32 ) ;
#2911 = CARTESIAN_POINT ( 'NONE',  ( 1.099999999999999867, 0.2800000000000000266, 0.4999999999999993339 ) ) ;
#2912 = STYLED_ITEM ( 'NONE', ( #611 ), #1265 ) ;
#2913 = ORIENTED_EDGE ( 'NONE', *, *, #694, .F. ) ;
#2914 = DIRECTION ( 'NONE',  ( 0.000000000000000000, 1.000000000000000000, -0.000000000000000000 ) ) ;
#2915 = DIRECTION ( 'NONE',  ( -0.000000000000000000, -1.000000000000000000, 0.000000000000000000 ) ) ;
#2916 = EDGE_CURVE ( 'NONE', #2886, #977, #2800, .T. ) ;
#2917 = ADVANCED_FACE ( 'NONE', ( #1032 ), #2608, .F. ) ;
#2918 = DIRECTION ( 'NONE',  ( 0.000000000000000000, -1.000000000000000000, 0.000000000000000000 ) ) ;
#2919 = ORIENTED_EDGE ( 'NONE', *, *, #1829, .F. ) ;
#2920 = ADVANCED_FACE ( 'NONE', ( #2071 ), #278, .F. ) ;
#2921 = ADVANCED_FACE ( 'NONE', ( #782 ), #1815, .F. ) ;
#2922 = VERTEX_POINT ( 'NONE', #3089 ) ;
#2923 = FACE_OUTER_BOUND ( 'NONE', #1100, .T. ) ;
#2924 = CARTESIAN_POINT ( 'NONE',  ( 1.099999999999999867, 0.04999999999999999584, -0.2000000000000002054 ) ) ;
#2925 = CARTESIAN_POINT ( 'NONE',  ( -1.100000000000000311, 0.2800000000000000266, 0.000000000000000000 ) ) ;
#2926 = ORIENTED_EDGE ( 'NONE', *, *, #1964, .T. ) ;
#2927 = CARTESIAN_POINT ( 'NONE',  ( -1.100000000000000311, 0.04999999999999999584, -0.4999999999999998890 ) ) ;
#2928 = ORIENTED_EDGE ( 'NONE', *, *, #1912, .F. ) ;
#2929 = EDGE_CURVE ( 'NONE', #1251, #1584, #3339, .T. ) ;
#2930 = CARTESIAN_POINT ( 'NONE',  ( -1.100000000000000089, 0.000000000000000000, 0.7000000000000000666 ) ) ;
#2931 = ORIENTED_EDGE ( 'NONE', *, *, #1616, .F. ) ;
#2932 = EDGE_CURVE ( 'NONE', #555, #2747, #1102, .T. ) ;
#2933 = SURFACE_STYLE_USAGE ( .BOTH. , #1900 ) ;
#2934 = ADVANCED_FACE ( 'NONE', ( #1658 ), #2159, .T. ) ;
#2935 = ORIENTED_EDGE ( 'NONE', *, *, #1751, .F. ) ;
#2936 = LINE ( 'NONE', #1415, #3333 ) ;
#2937 = VECTOR ( 'NONE', #30, 1000.000000000000000 ) ;
#2938 = ORIENTED_EDGE ( 'NONE', *, *, #2346, .T. ) ;
#2939 = CARTESIAN_POINT ( 'NONE',  ( 0.7250000000000010880, 0.04999999999999999584, -1.694137590231911097E-15 ) ) ;
#2940 = ADVANCED_FACE ( 'NONE', ( #2387 ), #1906, .F. ) ;
#2941 = DIRECTION ( 'NONE',  ( 0.000000000000000000, 0.000000000000000000, -1.000000000000000000 ) ) ;
#2942 = VECTOR ( 'NONE', #1463, 1000.000000000000000 ) ;
#2943 = LINE ( 'NONE', #2697, #474 ) ;
#2944 = ORIENTED_EDGE ( 'NONE', *, *, #1196, .T. ) ;
#2945 = CARTESIAN_POINT ( 'NONE',  ( 1.099999999999999867, 0.2800000000000000266, 0.1999999999999999556 ) ) ;
#2946 = ORIENTED_EDGE ( 'NONE', *, *, #2841, .T. ) ;
#2947 = VECTOR ( 'NONE', #987, 1000.000000000000000 ) ;
#2948 = AXIS2_PLACEMENT_3D ( 'NONE', #2508, #1162, #692 ) ;
#2949 = VECTOR ( 'NONE', #2498, 1000.000000000000000 ) ;
#2950 = AXIS2_PLACEMENT_3D ( 'NONE', #2276, #2359, #24 ) ;
#2951 = DIRECTION ( 'NONE',  ( 2.026546116795336116E-16, 0.000000000000000000, 1.000000000000000000 ) ) ;
#2952 = PLANE ( 'NONE',  #2569 ) ;
#2953 = AXIS2_PLACEMENT_3D ( 'NONE', #1280, #2314, #1663 ) ;
#2954 = ORIENTED_EDGE ( 'NONE', *, *, #287, .T. ) ;
#2955 = CARTESIAN_POINT ( 'NONE',  ( -0.8073170731707315362, 0.04999999999999999584, 0.4341463414634143536 ) ) ;
#2956 = VECTOR ( 'NONE', #749, 1000.000000000000000 ) ;
#2957 = ORIENTED_EDGE ( 'NONE', *, *, #2439, .T. ) ;
#2958 = FACE_OUTER_BOUND ( 'NONE', #188, .T. ) ;
#2959 = EDGE_CURVE ( 'NONE', #2858, #663, #1591, .T. ) ;
#2960 = ORIENTED_EDGE ( 'NONE', *, *, #1447, .F. ) ;
#2961 = CARTESIAN_POINT ( 'NONE',  ( -0.5649999999999998357, 0.05000000000000000278, 0.2000000000000001221 ) ) ;
#2962 = CARTESIAN_POINT ( 'NONE',  ( 0.000000000000000000, 0.04999999999999999584, 0.000000000000000000 ) ) ;
#2963 = CARTESIAN_POINT ( 'NONE',  ( 0.7249999999999996447, 0.04999999999999999584, -0.6391941090707504713 ) ) ;
#2964 = ORIENTED_EDGE ( 'NONE', *, *, #2285, .F. ) ;
#2965 = CIRCLE ( 'NONE', #3346, 0.5000000000000000000 ) ;
#2966 = FACE_OUTER_BOUND ( 'NONE', #960, .T. ) ;
#2967 = ORIENTED_EDGE ( 'NONE', *, *, #1751, .T. ) ;
#2968 = EDGE_CURVE ( 'NONE', #2471, #2323, #2117, .T. ) ;
#2969 = ORIENTED_EDGE ( 'NONE', *, *, #1156, .T. ) ;
#2970 = VECTOR ( 'NONE', #2355, 1000.000000000000000 ) ;
#2971 = CARTESIAN_POINT ( 'NONE',  ( -1.100000000000000311, 0.04999999999999999584, 0.5000000000000000000 ) ) ;
#2972 = DIRECTION ( 'NONE',  ( 0.000000000000000000, 0.000000000000000000, 1.000000000000000000 ) ) ;
#2973 = ADVANCED_FACE ( 'NONE', ( #832 ), #580, .T. ) ;
#2974 = ORIENTED_EDGE ( 'NONE', *, *, #2254, .F. ) ;
#2975 = DIRECTION ( 'NONE',  ( -0.000000000000000000, -1.000000000000000000, 0.000000000000000000 ) ) ;
#2976 = ORIENTED_EDGE ( 'NONE', *, *, #3295, .F. ) ;
#2977 = CARTESIAN_POINT ( 'NONE',  ( 0.7249999999999998668, 0.8400000000000000799, -1.000000000000000000 ) ) ;
#2978 = DIRECTION ( 'NONE',  ( 0.000000000000000000, 0.000000000000000000, 1.000000000000000000 ) ) ;
#2979 = DIRECTION ( 'NONE',  ( 1.000000000000000000, -0.000000000000000000, 0.000000000000000000 ) ) ;
#2980 = ORIENTED_EDGE ( 'NONE', *, *, #1688, .F. ) ;
#2981 = DIRECTION ( 'NONE',  ( 1.000000000000000000, -0.000000000000000000, -1.519909587596500423E-16 ) ) ;
#2982 = PLANE ( 'NONE',  #3126 ) ;
#2983 = ORIENTED_EDGE ( 'NONE', *, *, #1648, .T. ) ;
#2984 = EDGE_CURVE ( 'NONE', #2816, #3337, #1127, .T. ) ;
#2985 = CARTESIAN_POINT ( 'NONE',  ( -0.5649999999999998357, 0.04999999999999999584, 0.2000000000000001221 ) ) ;
#2986 = LINE ( 'NONE', #2930, #1328 ) ;
#2987 = DIRECTION ( 'NONE',  ( -1.000000000000000000, 0.000000000000000000, 0.000000000000000000 ) ) ;
#2988 = VERTEX_POINT ( 'NONE', #3138 ) ;
#2989 = LINE ( 'NONE', #664, #406 ) ;
#2990 = ORIENTED_EDGE ( 'NONE', *, *, #3269, .F. ) ;
#2991 = ORIENTED_EDGE ( 'NONE', *, *, #341, .F. ) ;
#2992 = DIRECTION ( 'NONE',  ( 0.000000000000000000, 0.000000000000000000, 1.000000000000000000 ) ) ;
#2993 = ADVANCED_FACE ( 'NONE', ( #2416 ), #2906, .F. ) ;
#2994 = CARTESIAN_POINT ( 'NONE',  ( 0.5650000000000000577, 0.000000000000000000, 0.2000000000000002609 ) ) ;
#2995 = LINE ( 'NONE', #1000, #529 ) ;
#2996 = VERTEX_POINT ( 'NONE', #2144 ) ;
#2997 = CARTESIAN_POINT ( 'NONE',  ( 1.099999999999999867, 0.2800000000000000266, 0.000000000000000000 ) ) ;
#2998 = AXIS2_PLACEMENT_3D ( 'NONE', #3328, #2049, #3315 ) ;
#2999 = PLANE ( 'NONE',  #203 ) ;
#3000 = VERTEX_POINT ( 'NONE', #618 ) ;
#3001 = EDGE_CURVE ( 'NONE', #60, #2550, #2650, .T. ) ;
#3002 = FILL_AREA_STYLE ('',( #3313 ) ) ;
#3003 = LINE ( 'NONE', #1133, #2043 ) ;
#3004 = CARTESIAN_POINT ( 'NONE',  ( -1.099999999999999867, 0.04999999999999999584, -0.2000000000000004829 ) ) ;
#3005 = EDGE_LOOP ( 'NONE', ( #377, #2616, #1094, #2813, #466 ) ) ;
#3006 = PRODUCT_DEFINITION_FORMATION_WITH_SPECIFIED_SOURCE ( 'ANY', '', #781, .NOT_KNOWN. ) ;
#3007 = VECTOR ( 'NONE', #2086, 1000.000000000000000 ) ;
#3008 = CARTESIAN_POINT ( 'NONE',  ( -0.5149999999999997913, 0.005000000000000000104, 1.000000000000000222 ) ) ;
#3009 = AXIS2_PLACEMENT_3D ( 'NONE', #1081, #281, #3066 ) ;
#3010 =( GEOMETRIC_REPRESENTATION_CONTEXT ( 3 ) GLOBAL_UNCERTAINTY_ASSIGNED_CONTEXT ( ( #2546 ) ) GLOBAL_UNIT_ASSIGNED_CONTEXT ( ( #2215, #628, #881 ) ) REPRESENTATION_CONTEXT ( 'NONE', 'WORKASPACE' ) );
#3011 = ORIENTED_EDGE ( 'NONE', *, *, #722, .T. ) ;
#3012 = CARTESIAN_POINT ( 'NONE',  ( 1.100000000000000311, 0.000000000000000000, 0.2000000000000004829 ) ) ;
#3013 = VECTOR ( 'NONE', #3040, 1000.000000000000000 ) ;
#3014 = ORIENTED_EDGE ( 'NONE', *, *, #2774, .T. ) ;
#3015 = DIRECTION ( 'NONE',  ( -0.000000000000000000, 1.000000000000000000, 0.000000000000000000 ) ) ;
#3016 = EDGE_CURVE ( 'NONE', #558, #1288, #2892, .T. ) ;
#3017 = CARTESIAN_POINT ( 'NONE',  ( 0.8073170731707312031, 0.2800000000000000266, 0.4341463414634145757 ) ) ;
#3018 = PLANE ( 'NONE',  #2250 ) ;
#3019 = VERTEX_POINT ( 'NONE', #88 ) ;
#3020 = CARTESIAN_POINT ( 'NONE',  ( -0.09999999999999982514, 0.005000000000000000104, -1.000000000000000000 ) ) ;
#3021 = DIRECTION ( 'NONE',  ( 0.000000000000000000, -0.000000000000000000, -1.000000000000000000 ) ) ;
#3022 = PLANE ( 'NONE',  #1229 ) ;
#3023 = ORIENTED_EDGE ( 'NONE', *, *, #931, .F. ) ;
#3024 = ORIENTED_EDGE ( 'NONE', *, *, #1321, .T. ) ;
#3025 = DIRECTION ( 'NONE',  ( -1.000000000000000000, -0.000000000000000000, 2.026546116795335870E-16 ) ) ;
#3026 = LINE ( 'NONE', #429, #125 ) ;
#3027 = CARTESIAN_POINT ( 'NONE',  ( -0.1000000000000001582, 0.005000000000000000104, 1.000000000000000222 ) ) ;
#3028 = LINE ( 'NONE', #172, #2672 ) ;
#3029 = AXIS2_PLACEMENT_3D ( 'NONE', #2466, #1951, #922 ) ;
#3030 = ORIENTED_EDGE ( 'NONE', *, *, #3277, .F. ) ;
#3031 = LINE ( 'NONE', #1740, #2363 ) ;
#3032 = CIRCLE ( 'NONE', #2749, 0.08437499999999992228 ) ;
#3033 = EDGE_CURVE ( 'NONE', #1941, #690, #2104, .T. ) ;
#3034 = ORIENTED_EDGE ( 'NONE', *, *, #2369, .T. ) ;
#3035 = DIRECTION ( 'NONE',  ( 0.000000000000000000, 0.000000000000000000, 1.000000000000000000 ) ) ;
#3036 = ADVANCED_FACE ( 'NONE', ( #2399 ), #67, .T. ) ;
#3037 = LINE ( 'NONE', #439, #2090 ) ;
#3038 = EDGE_CURVE ( 'NONE', #478, #2462, #2662, .T. ) ;
#3039 = ORIENTED_EDGE ( 'NONE', *, *, #133, .T. ) ;
#3040 = DIRECTION ( 'NONE',  ( -0.000000000000000000, 1.000000000000000000, -0.000000000000000000 ) ) ;
#3041 = EDGE_LOOP ( 'NONE', ( #107, #2730, #282, #442 ) ) ;
#3042 = ADVANCED_FACE ( 'NONE', ( #1068 ), #3179, .F. ) ;
#3043 = EDGE_LOOP ( 'NONE', ( #3282, #2990, #1837, #1948, #1927, #356 ) ) ;
#3044 = CARTESIAN_POINT ( 'NONE',  ( -1.100000000000000311, 0.2800000000000000266, 0.5000000000000000000 ) ) ;
#3045 = LINE ( 'NONE', #1475, #1433 ) ;
#3046 = FACE_OUTER_BOUND ( 'NONE', #737, .T. ) ;
#3047 = ORIENTED_EDGE ( 'NONE', *, *, #1630, .T. ) ;
#3048 = VERTEX_POINT ( 'NONE', #861 ) ;
#3049 = LINE ( 'NONE', #2742, #261 ) ;
#3050 = LINE ( 'NONE', #720, #2094 ) ;
#3051 = PLANE ( 'NONE',  #62 ) ;
#3052 = DIRECTION ( 'NONE',  ( 1.000000000000000000, 0.000000000000000000, 4.053092233590674205E-16 ) ) ;
#3053 = SURFACE_SIDE_STYLE ('',( #2013 ) ) ;
#3054 = LINE ( 'NONE', #3012, #2724 ) ;
#3055 = EDGE_CURVE ( 'NONE', #3019, #154, #1342, .T. ) ;
#3056 = ORIENTED_EDGE ( 'NONE', *, *, #1208, .F. ) ;
#3057 = CARTESIAN_POINT ( 'NONE',  ( 1.099999999999999867, 0.05000000000000000278, -0.5000000000000007772 ) ) ;
#3058 = CYLINDRICAL_SURFACE ( 'NONE', #2407, 0.08437499999999992228 ) ;
#3059 = VERTEX_POINT ( 'NONE', #1892 ) ;
#3060 = DIRECTION ( 'NONE',  ( -0.000000000000000000, 1.000000000000000000, -0.000000000000000000 ) ) ;
#3061 = DIRECTION ( 'NONE',  ( -0.000000000000000000, -0.000000000000000000, -1.000000000000000000 ) ) ;
#3062 = FACE_OUTER_BOUND ( 'NONE', #1004, .T. ) ;
#3063 = VERTEX_POINT ( 'NONE', #2129 ) ;
#3064 = ORIENTED_EDGE ( 'NONE', *, *, #538, .T. ) ;
#3065 =( NAMED_UNIT ( * ) SI_UNIT ( $, .STERADIAN. ) SOLID_ANGLE_UNIT ( ) );
#3066 = DIRECTION ( 'NONE',  ( 0.000000000000000000, 0.000000000000000000, 1.000000000000000000 ) ) ;
#3067 = CARTESIAN_POINT ( 'NONE',  ( 1.099999999999999867, 0.05000000000000000278, 0.5000000000000005551 ) ) ;
#3068 = CARTESIAN_POINT ( 'NONE',  ( 0.000000000000000000, 0.005000000000000000104, 0.000000000000000000 ) ) ;
#3069 =( GEOMETRIC_REPRESENTATION_CONTEXT ( 3 ) GLOBAL_UNCERTAINTY_ASSIGNED_CONTEXT ( ( #2899 ) ) GLOBAL_UNIT_ASSIGNED_CONTEXT ( ( #715, #209, #264 ) ) REPRESENTATION_CONTEXT ( 'NONE', 'WORKASPACE' ) );
#3070 = VERTEX_POINT ( 'NONE', #117 ) ;
#3071 = CARTESIAN_POINT ( 'NONE',  ( 1.100000000000000089, 0.05000000000000000278, -0.9000000000000002442 ) ) ;
#3072 = CARTESIAN_POINT ( 'NONE',  ( 0.7249999999999994227, 0.04999999999999999584, 0.5000000000000001110 ) ) ;
#3073 = CIRCLE ( 'NONE', #1440, 0.08437499999999992228 ) ;
#3074 = AXIS2_PLACEMENT_3D ( 'NONE', #1552, #1055, #2867 ) ;
#3075 = EDGE_LOOP ( 'NONE', ( #1786, #3223, #1148, #1086 ) ) ;
#3076 = CARTESIAN_POINT ( 'NONE',  ( -1.099999999999999867, 0.000000000000000000, 0.9000000000000002442 ) ) ;
#3077 = LINE ( 'NONE', #2847, #1375 ) ;
#3078 = ORIENTED_EDGE ( 'NONE', *, *, #1230, .F. ) ;
#3079 = VERTEX_POINT ( 'NONE', #141 ) ;
#3080 = DIRECTION ( 'NONE',  ( 0.000000000000000000, 0.000000000000000000, 1.000000000000000000 ) ) ;
#3081 = DIRECTION ( 'NONE',  ( -0.000000000000000000, 1.000000000000000000, -0.000000000000000000 ) ) ;
#3082 = CARTESIAN_POINT ( 'NONE',  ( -0.5649999999999999467, 0.04999999999999999584, 0.9000000000000001332 ) ) ;
#3083 = DIRECTION ( 'NONE',  ( 1.000000000000000000, 0.000000000000000000, -1.519909587596502888E-16 ) ) ;
#3084 = AXIS2_PLACEMENT_3D ( 'NONE', #2112, #1542, #1060 ) ;
#3085 = AXIS2_PLACEMENT_3D ( 'NONE', #1153, #649, #2992 ) ;
#3086 = CARTESIAN_POINT ( 'NONE',  ( -1.100000000000000089, 0.2800000000000000266, 0.000000000000000000 ) ) ;
#3087 = ORIENTED_EDGE ( 'NONE', *, *, #2301, .F. ) ;
#3088 = CARTESIAN_POINT ( 'NONE',  ( -1.100000000000000311, 0.04999999999999999584, 0.5000000000000000000 ) ) ;
#3089 = CARTESIAN_POINT ( 'NONE',  ( 0.5650000000000012790, 0.05000000000000000278, -0.9000000000000003553 ) ) ;
#3090 = ORIENTED_EDGE ( 'NONE', *, *, #1677, .F. ) ;
#3091 = ORIENTED_EDGE ( 'NONE', *, *, #3243, .F. ) ;
#3092 = ORIENTED_EDGE ( 'NONE', *, *, #508, .F. ) ;
#3093 = LINE ( 'NONE', #1037, #794 ) ;
#3094 = LINE ( 'NONE', #721, #464 ) ;
#3095 = EDGE_LOOP ( 'NONE', ( #435, #2219, #3105, #456 ) ) ;
#3096 = EDGE_CURVE ( 'NONE', #837, #3240, #1453, .T. ) ;
#3097 = CARTESIAN_POINT ( 'NONE',  ( 1.099999999999999867, 0.04999999999999999584, 0.9000000000000003553 ) ) ;
#3098 = LINE ( 'NONE', #17, #2851 ) ;
#3099 = EDGE_CURVE ( 'NONE', #3063, #1407, #1971, .T. ) ;
#3100 =( GEOMETRIC_REPRESENTATION_CONTEXT ( 3 ) GLOBAL_UNCERTAINTY_ASSIGNED_CONTEXT ( ( #206 ) ) GLOBAL_UNIT_ASSIGNED_CONTEXT ( ( #762, #2587, #2030 ) ) REPRESENTATION_CONTEXT ( 'NONE', 'WORKASPACE' ) );
#3101 = VERTEX_POINT ( 'NONE', #1469 ) ;
#3102 = LINE ( 'NONE', #578, #1935 ) ;
#3103 = APPLICATION_PROTOCOL_DEFINITION ( 'draft international standard', 'automotive_design', 1998, #2373 ) ;
#3104 = CARTESIAN_POINT ( 'NONE',  ( 1.099999999999999867, 0.000000000000000000, 0.5000000000000001110 ) ) ;
#3105 = ORIENTED_EDGE ( 'NONE', *, *, #753, .T. ) ;
#3106 = ORIENTED_EDGE ( 'NONE', *, *, #550, .F. ) ;
#3107 = CARTESIAN_POINT ( 'NONE',  ( -0.1000000000000001582, 0.000000000000000000, 1.000000000000000222 ) ) ;
#3108 = ADVANCED_FACE ( 'NONE', ( #416 ), #2713, .F. ) ;
#3109 = LINE ( 'NONE', #2330, #785 ) ;
#3110 = AXIS2_PLACEMENT_3D ( 'NONE', #462, #986, #2798 ) ;
#3111 = VECTOR ( 'NONE', #1697, 1000.000000000000000 ) ;
#3112 = DIRECTION ( 'NONE',  ( 0.000000000000000000, 0.000000000000000000, 1.000000000000000000 ) ) ;
#3113 = CARTESIAN_POINT ( 'NONE',  ( -0.7250000000000003109, 0.04999999999999999584, -0.6391941090707520257 ) ) ;
#3114 = DIRECTION ( 'NONE',  ( -0.000000000000000000, 1.000000000000000000, -0.000000000000000000 ) ) ;
#3115 = VERTEX_POINT ( 'NONE', #3285 ) ;
#3116 = LINE ( 'NONE', #2859, #2746 ) ;
#3117 = AXIS2_PLACEMENT_3D ( 'NONE', #2058, #3119, #2038 ) ;
#3118 = VECTOR ( 'NONE', #1633, 1000.000000000000000 ) ;
#3119 = DIRECTION ( 'NONE',  ( 0.000000000000000000, 0.000000000000000000, 1.000000000000000000 ) ) ;
#3120 = LINE ( 'NONE', #1801, #1281 ) ;
#3121 = VECTOR ( 'NONE', #682, 1000.000000000000000 ) ;
#3122 = EDGE_LOOP ( 'NONE', ( #1296, #3356, #2348, #296 ) ) ;
#3123 = CARTESIAN_POINT ( 'NONE',  ( -1.100000000000000311, 0.04999999999999999584, 0.5000000000000000000 ) ) ;
#3124 = VERTEX_POINT ( 'NONE', #667 ) ;
#3125 = VECTOR ( 'NONE', #764, 1000.000000000000000 ) ;
#3126 = AXIS2_PLACEMENT_3D ( 'NONE', #1956, #1220, #2509 ) ;
#3127 = CARTESIAN_POINT ( 'NONE',  ( -1.100000000000000311, 0.2800000000000000266, -0.2999999999999999334 ) ) ;
#3128 = CARTESIAN_POINT ( 'NONE',  ( -1.099999999999999867, 0.04999999999999999584, -0.2000000000000004829 ) ) ;
#3129 = ORIENTED_EDGE ( 'NONE', *, *, #1047, .T. ) ;
#3130 = VECTOR ( 'NONE', #516, 1000.000000000000000 ) ;
#3131 = CARTESIAN_POINT ( 'NONE',  ( -1.100000000000000311, 0.2800000000000000266, 3.975407965780183746E-16 ) ) ;
#3132 = LINE ( 'NONE', #303, #2676 ) ;
#3133 = EDGE_CURVE ( 'NONE', #646, #441, #2449, .T. ) ;
#3134 = VERTEX_POINT ( 'NONE', #1952 ) ;
#3135 = DIRECTION ( 'NONE',  ( -0.000000000000000000, -1.000000000000000000, -0.000000000000000000 ) ) ;
#3136 = EDGE_CURVE ( 'NONE', #1202, #467, #2769, .T. ) ;
#3137 = CIRCLE ( 'NONE', #3084, 0.3999999999999999667 ) ;
#3138 = CARTESIAN_POINT ( 'NONE',  ( -0.7999999999999998224, 0.2800000000000000266, 0.8999999999999998002 ) ) ;
#3139 = ORIENTED_EDGE ( 'NONE', *, *, #1653, .F. ) ;
#3140 = EDGE_LOOP ( 'NONE', ( #1914, #1968, #1001, #1563 ) ) ;
#3141 = DIRECTION ( 'NONE',  ( 0.000000000000000000, -1.000000000000000000, 0.000000000000000000 ) ) ;
#3142 = ORIENTED_EDGE ( 'NONE', *, *, #873, .F. ) ;
#3143 = FACE_OUTER_BOUND ( 'NONE', #751, .T. ) ;
#3144 = EDGE_CURVE ( 'NONE', #769, #2893, #3037, .T. ) ;
#3145 = CARTESIAN_POINT ( 'NONE',  ( 1.099999999999999867, 0.2800000000000000266, -1.000000000000000000 ) ) ;
#3146 = DIRECTION ( 'NONE',  ( -0.000000000000000000, 1.000000000000000000, -0.000000000000000000 ) ) ;
#3147 = LINE ( 'NONE', #2903, #2671 ) ;
#3148 = ADVANCED_FACE ( 'NONE', ( #3225 ), #2485, .T. ) ;
#3149 = EDGE_LOOP ( 'NONE', ( #2177, #1918, #3292, #1604, #1378, #1273, #187 ) ) ;
#3150 = CARTESIAN_POINT ( 'NONE',  ( 1.099999999999999867, 0.2800000000000000266, -0.2000000000000002054 ) ) ;
#3151 = CARTESIAN_POINT ( 'NONE',  ( 1.099999999999999867, 0.000000000000000000, 0.7000000000000002887 ) ) ;
#3152 = DIRECTION ( 'NONE',  ( 2.168404344971007290E-15, 0.000000000000000000, -1.000000000000000000 ) ) ;
#3153 = VERTEX_POINT ( 'NONE', #1673 ) ;
#3154 = CARTESIAN_POINT ( 'NONE',  ( -1.100000000000000089, 0.000000000000000000, 0.7000000000000000666 ) ) ;
#3155 = VERTEX_POINT ( 'NONE', #1938 ) ;
#3156 = CARTESIAN_POINT ( 'NONE',  ( -1.100000000000000311, 0.2800000000000000266, 0.5000000000000000000 ) ) ;
#3157 = CIRCLE ( 'NONE', #2128, 0.3000000000000005440 ) ;
#3158 = CARTESIAN_POINT ( 'NONE',  ( -1.100000000000000311, 0.04999999999999999584, 0.2000000000000002054 ) ) ;
#3159 = CYLINDRICAL_SURFACE ( 'NONE', #845, 0.3000000000000002665 ) ;
#3160 = ORIENTED_EDGE ( 'NONE', *, *, #2254, .T. ) ;
#3161 = CARTESIAN_POINT ( 'NONE',  ( 0.5650000000000012790, 0.05000000000000000278, -0.9000000000000003553 ) ) ;
#3162 = DIRECTION ( 'NONE',  ( 0.000000000000000000, 0.000000000000000000, -1.000000000000000000 ) ) ;
#3163 = LINE ( 'NONE', #2963, #3276 ) ;
#3164 = VECTOR ( 'NONE', #1744, 1000.000000000000000 ) ;
#3165 = ORIENTED_EDGE ( 'NONE', *, *, #886, .T. ) ;
#3166 = VECTOR ( 'NONE', #1779, 1000.000000000000000 ) ;
#3167 = CARTESIAN_POINT ( 'NONE',  ( 1.099999999999999867, 0.04999999999999999584, 0.1999999999999999556 ) ) ;
#3168 = AXIS2_PLACEMENT_3D ( 'NONE', #1399, #327, #316 ) ;
#3169 = AXIS2_PLACEMENT_3D ( 'NONE', #716, #1499, #3231 ) ;
#3170 = EDGE_CURVE ( 'NONE', #1486, #1668, #1493, .T. ) ;
#3171 = CARTESIAN_POINT ( 'NONE',  ( 1.100000000000000089, 0.04999999999999999584, 0.3000000000000005440 ) ) ;
#3172 = EDGE_CURVE ( 'NONE', #3079, #2677, #1435, .T. ) ;
#3173 = VERTEX_POINT ( 'NONE', #1704 ) ;
#3174 = ORIENTED_EDGE ( 'NONE', *, *, #1039, .F. ) ;
#3175 = PLANE ( 'NONE',  #1570 ) ;
#3176 = CARTESIAN_POINT ( 'NONE',  ( 0.7249999999999999778, 0.04999999999999999584, -0.5000000000000008882 ) ) ;
#3177 = VERTEX_POINT ( 'NONE', #3017 ) ;
#3178 = DIRECTION ( 'NONE',  ( -1.000000000000000000, 0.000000000000000000, 2.336741503768149429E-15 ) ) ;
#3179 = PLANE ( 'NONE',  #2134 ) ;
#3180 = DIRECTION ( 'NONE',  ( -1.000000000000000000, 0.000000000000000000, -4.053092233590679628E-16 ) ) ;
#3181 = ORIENTED_EDGE ( 'NONE', *, *, #3016, .T. ) ;
#3182 = FACE_OUTER_BOUND ( 'NONE', #594, .T. ) ;
#3183 = VECTOR ( 'NONE', #2381, 1000.000000000000000 ) ;
#3184 = ADVANCED_FACE ( 'NONE', ( #941 ), #2468, .F. ) ;
#3185 = DIRECTION ( 'NONE',  ( -1.000000000000000000, 0.000000000000000000, -4.053092233590671740E-16 ) ) ;
#3186 = ORIENTED_EDGE ( 'NONE', *, *, #283, .F. ) ;
#3187 = EDGE_CURVE ( 'NONE', #1259, #276, #617, .T. ) ;
#3188 = CARTESIAN_POINT ( 'NONE',  ( -0.1000000000000001582, 0.005000000000000000104, 1.000000000000000222 ) ) ;
#3189 = EDGE_LOOP ( 'NONE', ( #1733, #2883, #2784, #1053, #2340, #1662, #3221, #2005 ) ) ;
#3190 = CARTESIAN_POINT ( 'NONE',  ( -0.5649999999999998357, 0.05000000000000000278, 0.2000000000000001221 ) ) ;
#3191 = ORIENTED_EDGE ( 'NONE', *, *, #1560, .T. ) ;
#3192 = CARTESIAN_POINT ( 'NONE',  ( -1.100000000000000311, 0.04999999999999999584, 0.5000000000000000000 ) ) ;
#3193 = DIRECTION ( 'NONE',  ( -4.053092233590673712E-16, 0.000000000000000000, 1.000000000000000000 ) ) ;
#3194 = PLANE ( 'NONE',  #2366 ) ;
#3195 = EDGE_CURVE ( 'NONE', #1853, #3048, #650, .T. ) ;
#3196 = VERTEX_POINT ( 'NONE', #2733 ) ;
#3197 = DIRECTION ( 'NONE',  ( -6.195440985631454331E-16, 0.000000000000000000, -1.000000000000000000 ) ) ;
#3198 = ADVANCED_FACE ( 'NONE', ( #2502 ), #105, .F. ) ;
#3199 = PRESENTATION_STYLE_ASSIGNMENT (( #2719 ) ) ;
#3200 = FACE_OUTER_BOUND ( 'NONE', #3095, .T. ) ;
#3201 = VECTOR ( 'NONE', #2280, 1000.000000000000000 ) ;
#3202 = VERTEX_POINT ( 'NONE', #1924 ) ;
#3203 = DIRECTION ( 'NONE',  ( 0.000000000000000000, 0.000000000000000000, 1.000000000000000000 ) ) ;
#3204 = VERTEX_POINT ( 'NONE', #1176 ) ;
#3205 = ORIENTED_EDGE ( 'NONE', *, *, #918, .F. ) ;
#3206 = CARTESIAN_POINT ( 'NONE',  ( -0.1000000000000001582, 0.005000000000000000104, 1.000000000000000222 ) ) ;
#3207 = DIRECTION ( 'NONE',  ( 0.000000000000000000, -0.000000000000000000, 1.000000000000000000 ) ) ;
#3208 = LINE ( 'NONE', #2925, #2723 ) ;
#3209 = EDGE_LOOP ( 'NONE', ( #964, #1045, #85, #1594 ) ) ;
#3210 = FACE_OUTER_BOUND ( 'NONE', #990, .T. ) ;
#3211 = CIRCLE ( 'NONE', #2037, 0.3000000000000005440 ) ;
#3212 = EDGE_LOOP ( 'NONE', ( #3308, #3078, #1515, #2767 ) ) ;
#3213 = ADVANCED_FACE ( 'NONE', ( #1724 ), #178, .F. ) ;
#3214 = VECTOR ( 'NONE', #841, 1000.000000000000000 ) ;
#3215 = CIRCLE ( 'NONE', #1776, 0.3000000000000005440 ) ;
#3216 = SURFACE_SIDE_STYLE ('',( #3234 ) ) ;
#3217 = LINE ( 'NONE', #933, #2083 ) ;
#3218 = AXIS2_PLACEMENT_3D ( 'NONE', #897, #2895, #1929 ) ;
#3219 = VERTEX_POINT ( 'NONE', #3305 ) ;
#3220 = LINE ( 'NONE', #1426, #2271 ) ;
#3221 = ORIENTED_EDGE ( 'NONE', *, *, #2353, .F. ) ;
#3222 = CARTESIAN_POINT ( 'NONE',  ( 0.5650000000000006128, 0.000000000000000000, -0.2000000000000004274 ) ) ;
#3223 = ORIENTED_EDGE ( 'NONE', *, *, #2425, .F. ) ;
#3224 = CARTESIAN_POINT ( 'NONE',  ( 0.5649999999999999467, 0.05000000000000000278, 0.9000000000000002442 ) ) ;
#3225 = FACE_OUTER_BOUND ( 'NONE', #1936, .T. ) ;
#3226 = EDGE_CURVE ( 'NONE', #2677, #2778, #1237, .T. ) ;
#3227 = CARTESIAN_POINT ( 'NONE',  ( -0.7250000000000004219, 0.2800000000000000266, -0.09107952087684585696 ) ) ;
#3228 = ORIENTED_EDGE ( 'NONE', *, *, #2160, .T. ) ;
#3229 = DIRECTION ( 'NONE',  ( 0.000000000000000000, -1.000000000000000000, 0.000000000000000000 ) ) ;
#3230 = EDGE_CURVE ( 'NONE', #467, #3219, #2522, .T. ) ;
#3231 = DIRECTION ( 'NONE',  ( 0.000000000000000000, 0.000000000000000000, 1.000000000000000000 ) ) ;
#3232 =( NAMED_UNIT ( * ) PLANE_ANGLE_UNIT ( ) SI_UNIT ( $, .RADIAN. ) );
#3233 = VECTOR ( 'NONE', #2283, 1000.000000000000000 ) ;
#3234 = SURFACE_STYLE_FILL_AREA ( #657 ) ;
#3235 = CARTESIAN_POINT ( 'NONE',  ( -0.8073170731707315362, 0.04999999999999999584, 0.4341463414634143536 ) ) ;
#3236 = CARTESIAN_POINT ( 'NONE',  ( -1.100000000000000311, 0.04999999999999999584, 0.5000000000000000000 ) ) ;
#3237 = EDGE_CURVE ( 'NONE', #1118, #690, #2716, .T. ) ;
#3238 = ORIENTED_EDGE ( 'NONE', *, *, #2213, .F. ) ;
#3239 = CARTESIAN_POINT ( 'NONE',  ( 1.099999999999999867, 0.2800000000000000266, 0.7000000000000002887 ) ) ;
#3240 = VERTEX_POINT ( 'NONE', #926 ) ;
#3241 = FACE_OUTER_BOUND ( 'NONE', #2324, .T. ) ;
#3242 = DIRECTION ( 'NONE',  ( 1.000000000000000000, -0.000000000000000000, -9.856383386231860060E-17 ) ) ;
#3243 = EDGE_CURVE ( 'NONE', #2844, #1239, #2226, .T. ) ;
#3244 = FACE_OUTER_BOUND ( 'NONE', #3140, .T. ) ;
#3245 = ORIENTED_EDGE ( 'NONE', *, *, #1232, .F. ) ;
#3246 = PLANE ( 'NONE',  #1154 ) ;
#3247 = PLANE ( 'NONE',  #1008 ) ;
#3248 = ORIENTED_EDGE ( 'NONE', *, *, #1384, .T. ) ;
#3249 = ORIENTED_EDGE ( 'NONE', *, *, #1653, .T. ) ;
#3250 = CARTESIAN_POINT ( 'NONE',  ( -0.5149999999999997913, 0.005000000000000000104, 1.000000000000000222 ) ) ;
#3251 = CARTESIAN_POINT ( 'NONE',  ( -0.5649999999999998357, 0.04999999999999999584, 0.2000000000000001221 ) ) ;
#3252 = LINE ( 'NONE', #2720, #3263 ) ;
#3253 = LINE ( 'NONE', #1487, #744 ) ;
#3254 = ORIENTED_EDGE ( 'NONE', *, *, #1829, .T. ) ;
#3255 = DIRECTION ( 'NONE',  ( 1.000000000000000000, -0.000000000000000000, -1.519909587596500423E-16 ) ) ;
#3256 = VERTEX_POINT ( 'NONE', #732 ) ;
#3257 = CARTESIAN_POINT ( 'NONE',  ( 1.100000000000000089, 0.000000000000000000, 0.3000000000000005440 ) ) ;
#3258 = AXIS2_PLACEMENT_3D ( 'NONE', #226, #752, #1260 ) ;
#3259 = CARTESIAN_POINT ( 'NONE',  ( 1.099999999999999867, 0.04999999999999999584, 0.4999999999999993339 ) ) ;
#3260 = CARTESIAN_POINT ( 'NONE',  ( 0.8073170731707310921, 0.2800000000000000266, -0.4341463414634152418 ) ) ;
#3261 = VERTEX_POINT ( 'NONE', #3262 ) ;
#3262 = CARTESIAN_POINT ( 'NONE',  ( 0.8073170731707310921, 0.04999999999999999584, -0.4341463414634152418 ) ) ;
#3263 = VECTOR ( 'NONE', #1411, 1000.000000000000000 ) ;
#3264 = CARTESIAN_POINT ( 'NONE',  ( 1.100000000000000311, 0.04999999999999999584, -0.2000000000000002054 ) ) ;
#3265 = VERTEX_POINT ( 'NONE', #1730 ) ;
#3266 = VERTEX_POINT ( 'NONE', #2472 ) ;
#3267 = SURFACE_SIDE_STYLE ('',( #991 ) ) ;
#3268 = AXIS2_PLACEMENT_3D ( 'NONE', #3259, #710, #1141 ) ;
#3269 = EDGE_CURVE ( 'NONE', #1334, #3000, #1692, .T. ) ;
#3270 = DIRECTION ( 'NONE',  ( 0.000000000000000000, 1.000000000000000000, -0.000000000000000000 ) ) ;
#3271 = DIRECTION ( 'NONE',  ( 0.000000000000000000, 0.000000000000000000, -1.000000000000000000 ) ) ;
#3272 = EDGE_CURVE ( 'NONE', #3019, #90, #2757, .T. ) ;
#3273 =( GEOMETRIC_REPRESENTATION_CONTEXT ( 3 ) GLOBAL_UNCERTAINTY_ASSIGNED_CONTEXT ( ( #299 ) ) GLOBAL_UNIT_ASSIGNED_CONTEXT ( ( #2494, #1985, #373 ) ) REPRESENTATION_CONTEXT ( 'NONE', 'WORKASPACE' ) );
#3274 = DIRECTION ( 'NONE',  ( 1.000000000000000000, 0.000000000000000000, 4.053092233590668782E-16 ) ) ;
#3275 = EDGE_CURVE ( 'NONE', #1259, #555, #144, .T. ) ;
#3276 = VECTOR ( 'NONE', #1639, 1000.000000000000000 ) ;
#3277 = EDGE_CURVE ( 'NONE', #2102, #2492, #1199, .T. ) ;
#3278 = AXIS2_PLACEMENT_3D ( 'NONE', #3127, #522, #3344 ) ;
#3279 = VERTEX_POINT ( 'NONE', #162 ) ;
#3280 = LINE ( 'NONE', #959, #1284 ) ;
#3281 = VECTOR ( 'NONE', #1545, 1000.000000000000000 ) ;
#3282 = ORIENTED_EDGE ( 'NONE', *, *, #2244, .T. ) ;
#3283 = DIRECTION ( 'NONE',  ( 1.000000000000000000, 0.000000000000000000, 1.626303258728256898E-16 ) ) ;
#3284 = VECTOR ( 'NONE', #1693, 1000.000000000000000 ) ;
#3285 = CARTESIAN_POINT ( 'NONE',  ( -1.100000000000000311, 0.2800000000000000266, 0.1999999999999994005 ) ) ;
#3286 = CARTESIAN_POINT ( 'NONE',  ( 0.7249999999999994227, 0.05000000000000000278, 0.8307189138830729513 ) ) ;
#3287 = ORIENTED_EDGE ( 'NONE', *, *, #586, .T. ) ;
#3288 = CARTESIAN_POINT ( 'NONE',  ( -0.09999999999999982514, 0.005000000000000000104, -1.000000000000000000 ) ) ;
#3289 = CARTESIAN_POINT ( 'NONE',  ( 0.8073170731707312031, 0.04999999999999999584, 0.4341463414634145757 ) ) ;
#3290 = CARTESIAN_POINT ( 'NONE',  ( -1.099999999999999645, 0.000000000000000000, -0.9000000000000003553 ) ) ;
#3291 = VERTEX_POINT ( 'NONE', #1422 ) ;
#3292 = ORIENTED_EDGE ( 'NONE', *, *, #1866, .T. ) ;
#3293 = LINE ( 'NONE', #1443, #310 ) ;
#3294 = DIRECTION ( 'NONE',  ( 2.336741503768149429E-15, 0.000000000000000000, 1.000000000000000000 ) ) ;
#3295 = EDGE_CURVE ( 'NONE', #3303, #1592, #945, .T. ) ;
#3296 = DIRECTION ( 'NONE',  ( 2.168404344971010051E-15, 0.000000000000000000, 1.000000000000000000 ) ) ;
#3297 = CARTESIAN_POINT ( 'NONE',  ( -1.100000000000000311, 0.000000000000000000, 0.5000000000000001110 ) ) ;
#3298 = VECTOR ( 'NONE', #1028, 1000.000000000000000 ) ;
#3299 = PLANE ( 'NONE',  #2443 ) ;
#3300 = DIRECTION ( 'NONE',  ( -2.168404344971006896E-15, 0.000000000000000000, 1.000000000000000000 ) ) ;
#3301 = ADVANCED_FACE ( 'NONE', ( #444 ), #2270, .F. ) ;
#3302 = CIRCLE ( 'NONE', #2428, 0.7000000000000011768 ) ;
#3303 = VERTEX_POINT ( 'NONE', #1180 ) ;
#3304 = DIRECTION ( 'NONE',  ( -1.000000000000000000, 0.000000000000000000, 2.168404344971020701E-15 ) ) ;
#3305 = CARTESIAN_POINT ( 'NONE',  ( 1.099999999999999867, 0.000000000000000000, -0.2000000000000002054 ) ) ;
#3306 = CARTESIAN_POINT ( 'NONE',  ( -0.7250000000000000888, 0.2800000000000000266, 1.000000000000000000 ) ) ;
#3307 = ORIENTED_EDGE ( 'NONE', *, *, #931, .T. ) ;
#3308 = ORIENTED_EDGE ( 'NONE', *, *, #1741, .F. ) ;
#3309 = LINE ( 'NONE', #3020, #1449 ) ;
#3310 = DIRECTION ( 'NONE',  ( 0.000000000000000000, -0.000000000000000000, -1.000000000000000000 ) ) ;
#3311 = ORIENTED_EDGE ( 'NONE', *, *, #3277, .T. ) ;
#3312 = ORIENTED_EDGE ( 'NONE', *, *, #2700, .F. ) ;
#3313 = FILL_AREA_STYLE_COLOUR ( '', #2313 ) ;
#3314 = DIRECTION ( 'NONE',  ( -0.000000000000000000, 0.000000000000000000, 1.000000000000000000 ) ) ;
#3315 = DIRECTION ( 'NONE',  ( 0.000000000000000000, 0.000000000000000000, 1.000000000000000000 ) ) ;
#3316 = CARTESIAN_POINT ( 'NONE',  ( 0.000000000000000000, 0.04999999999999999584, 0.000000000000000000 ) ) ;
#3317 = ADVANCED_FACE ( 'NONE', ( #1977 ), #2194, .T. ) ;
#3318 = LINE ( 'NONE', #2556, #2505 ) ;
#3319 = LINE ( 'NONE', #1255, #2310 ) ;
#3320 = ORIENTED_EDGE ( 'NONE', *, *, #1419, .F. ) ;
#3321 = DIRECTION ( 'NONE',  ( 0.000000000000000000, -1.000000000000000000, 0.000000000000000000 ) ) ;
#3322 = CARTESIAN_POINT ( 'NONE',  ( 0.8073170731707312031, 0.04999999999999999584, 0.4341463414634145757 ) ) ;
#3323 = ORIENTED_EDGE ( 'NONE', *, *, #1393, .F. ) ;
#3324 = DIRECTION ( 'NONE',  ( 1.000000000000000000, 0.000000000000000000, -6.195440985631454331E-16 ) ) ;
#3325 = CARTESIAN_POINT ( 'NONE',  ( 1.100000000000000089, 0.000000000000000000, -0.9000000000000002442 ) ) ;
#3326 = EDGE_LOOP ( 'NONE', ( #3205, #1298, #50, #640 ) ) ;
#3327 = ORIENTED_EDGE ( 'NONE', *, *, #699, .T. ) ;
#3328 = CARTESIAN_POINT ( 'NONE',  ( 1.099999999999999867, 0.04999999999999999584, 0.4999999999999993339 ) ) ;
#3329 = PLANE ( 'NONE',  #22 ) ;
#3330 = FACE_OUTER_BOUND ( 'NONE', #1065, .T. ) ;
#3331 = VECTOR ( 'NONE', #1214, 1000.000000000000000 ) ;
#3332 = DIRECTION ( 'NONE',  ( 1.519909587596502888E-16, 0.000000000000000000, 1.000000000000000000 ) ) ;
#3333 = VECTOR ( 'NONE', #113, 1000.000000000000000 ) ;
#3334 = PLANE ( 'NONE',  #1823 ) ;
#3335 = VECTOR ( 'NONE', #2161, 1000.000000000000000 ) ;
#3336 = AXIS2_PLACEMENT_3D ( 'NONE', #559, #2074, #1582 ) ;
#3337 = VERTEX_POINT ( 'NONE', #463 ) ;
#3338 = DIRECTION ( 'NONE',  ( 0.000000000000000000, 1.000000000000000000, -0.000000000000000000 ) ) ;
#3339 = LINE ( 'NONE', #1018, #3007 ) ;
#3340 = ORIENTED_EDGE ( 'NONE', *, *, #3055, .T. ) ;
#3341 = ORIENTED_EDGE ( 'NONE', *, *, #1855, .T. ) ;
#3342 = ADVANCED_FACE ( 'NONE', ( #2208 ), #3246, .T. ) ;
#3343 = ORIENTED_EDGE ( 'NONE', *, *, #3038, .T. ) ;
#3344 = DIRECTION ( 'NONE',  ( -3.614007241618347785E-16, 0.000000000000000000, -1.000000000000000000 ) ) ;
#3345 = DIRECTION ( 'NONE',  ( -0.000000000000000000, 1.000000000000000000, -0.000000000000000000 ) ) ;
#3346 = AXIS2_PLACEMENT_3D ( 'NONE', #3044, #3338, #1749 ) ;
#3347 = LINE ( 'NONE', #1782, #1041 ) ;
#3348 = DIRECTION ( 'NONE',  ( 3.614007241618347785E-16, 0.000000000000000000, 1.000000000000000000 ) ) ;
#3349 = VECTOR ( 'NONE', #590, 1000.000000000000000 ) ;
#3350 = PLANE ( 'NONE',  #2583 ) ;
#3351 = ORIENTED_EDGE ( 'NONE', *, *, #2100, .T. ) ;
#3352 = LINE ( 'NONE', #1548, #212 ) ;
#3353 = SURFACE_STYLE_FILL_AREA ( #227 ) ;
#3354 = EDGE_CURVE ( 'NONE', #1118, #2292, #3045, .T. ) ;
#3355 = CARTESIAN_POINT ( 'NONE',  ( -1.099999999999999867, 0.000000000000000000, -0.2000000000000004829 ) ) ;
#3356 = ORIENTED_EDGE ( 'NONE', *, *, #997, .F. ) ;
#3357 = VERTEX_POINT ( 'NONE', #3289 ) ;
#3358 = DIRECTION ( 'NONE',  ( -1.000000000000000000, -0.000000000000000000, 2.026546116795335870E-16 ) ) ;
#3359 = EDGE_CURVE ( 'NONE', #1325, #2741, #947, .T. ) ;
#3360 = DIRECTION ( 'NONE',  ( 0.000000000000000000, 0.000000000000000000, 1.000000000000000000 ) ) ;
#3361 = EDGE_CURVE ( 'NONE', #2091, #1129, #183, .T. ) ;
#3362 = CARTESIAN_POINT ( 'NONE',  ( 0.8000000000000002665, 0.04999999999999999584, 0.8999999999999999112 ) ) ;
ENDSEC;
END-ISO-10303-21;
