ISO-10303-21;
HEADER;
FILE_DESCRIPTION (( 'STEP AP214' ),
    '1' );
FILE_NAME ('JK-RTF-02-17-01 Knob_0.STEP',
    '2026-08-29T19:01:01',
    ( '' ),
    ( '' ),
    'SwSTEP 2.0',
    'SolidWorks 2025',
    '' );
FILE_SCHEMA (( 'AUTOMOTIVE_DESIGN' ));
ENDSEC;

DATA;
#1 = CARTESIAN_POINT ( 'NONE',  ( 0.1141167421843458374, -0.000000000000000000, 2.414477102311828549 ) ) ;
#2 = CARTESIAN_POINT ( 'NONE',  ( 0.004999821482141097659, 0.4000000000000000222, 1.711867468341502496 ) ) ;
#3 = CARTESIAN_POINT ( 'NONE',  ( -1.054014514981260975, 0.4000000000000000222, -1.728205004957867663 ) ) ;
#4 = CARTESIAN_POINT ( 'NONE',  ( -1.340149019110335127, 0.4000000000000000222, -1.321620027551184018 ) ) ;
#5 = CARTESIAN_POINT ( 'NONE',  ( -0.4770762119709237581, 0.000000000000000000, -1.119805414705757007 ) ) ;
#6 = CARTESIAN_POINT ( 'NONE',  ( 0.6719760071997550321, 0.4000000000000000222, 0.1479233087277875835 ) ) ;
#7 = EDGE_CURVE ( 'NONE', #139, #677, #1014, .T. ) ;
#8 = CARTESIAN_POINT ( 'NONE',  ( 0.03288817280563229029, 0.000000000000000000, -1.358409414765450407 ) ) ;
#9 = CARTESIAN_POINT ( 'NONE',  ( -0.6716429238477796826, 0.4000000000000000222, 0.2615925242924580507 ) ) ;
#10 = CARTESIAN_POINT ( 'NONE',  ( 1.058666182803519540, 1.626303258728256651E-16, 2.081763132664695704 ) ) ;
#11 = VERTEX_POINT ( 'NONE', #136 ) ;
#12 = CARTESIAN_POINT ( 'NONE',  ( -0.5884327780111643369, -1.626303258728256651E-16, -0.8260545751773961110 ) ) ;
#13 = CARTESIAN_POINT ( 'NONE',  ( 0.000000000000000000, 23.00000000000000000, -4.349999999999999645 ) ) ;
#14 = VERTEX_POINT ( 'NONE', #2 ) ;
#15 = CARTESIAN_POINT ( 'NONE',  ( -1.406392893268364919, 0.4000000000000000222, -1.153626180728375195 ) ) ;
#16 = CARTESIAN_POINT ( 'NONE',  ( -1.104587297110673383, -5.421010862427522170E-17, 1.947471726349451870 ) ) ;
#17 = CARTESIAN_POINT ( 'NONE',  ( 0.5827192628042393574, 0.4000000000000000222, -0.8427290971260341657 ) ) ;
#18 = CARTESIAN_POINT ( 'NONE',  ( 0.6618503939824549320, 0.4000000000000000222, -0.3079946757105052058 ) ) ;
#19 = CARTESIAN_POINT ( 'NONE',  ( 0.004999821482141097659, 0.4000000000000000222, 1.711867468341502496 ) ) ;
#20 = EDGE_CURVE ( 'NONE', #1410, #844, #845, .T. ) ;
#21 = DIRECTION ( 'NONE',  ( 0.000000000000000000, -0.000000000000000000, 1.000000000000000000 ) ) ;
#22 = CARTESIAN_POINT ( 'NONE',  ( -0.02876877495938015214, 0.4000000000000000222, 2.413979574539879547 ) ) ;
#23 = CARTESIAN_POINT ( 'NONE',  ( -0.9297506507078966420, 0.4000000000000000222, -1.832021476242732705 ) ) ;
#24 = ADVANCED_FACE ( 'NONE', ( #674 ), #1146, .F. ) ;
#25 = CARTESIAN_POINT ( 'NONE',  ( -0.2574917755867190405, 0.000000000000000000, 1.661921090868345718 ) ) ;
#26 = DIRECTION ( 'NONE',  ( 0.000000000000000000, 0.000000000000000000, -1.000000000000000000 ) ) ;
#27 = CARTESIAN_POINT ( 'NONE',  ( -0.6643798959201195897, 0.4000000000000000222, -0.2125575864964212858 ) ) ;
#28 = CARTESIAN_POINT ( 'NONE',  ( 1.106200607471006458, 0.000000000000000000, -1.595338143680320231 ) ) ;
#29 = CARTESIAN_POINT ( 'NONE',  ( -1.406392893268364919, 0.4000000000000000222, -1.153626180728375195 ) ) ;
#30 = CARTESIAN_POINT ( 'NONE',  ( 1.058666182803519540, 0.4000000000000000222, 2.081763132664695704 ) ) ;
#31 = CARTESIAN_POINT ( 'NONE',  ( -0.5721480201555004808, 0.000000000000000000, 1.229054923520159326 ) ) ;
#32 = LINE ( 'NONE', #1455, #1141 ) ;
#33 = CARTESIAN_POINT ( 'NONE',  ( 1.522305793151481401, 0.4000000000000000222, -0.5245349629136982772 ) ) ;
#34 = ORIENTED_EDGE ( 'NONE', *, *, #1413, .F. ) ;
#35 = ADVANCED_FACE ( 'NONE', ( #1596 ), #64, .F. ) ;
#36 = CARTESIAN_POINT ( 'NONE',  ( -1.567944016799427631, 0.000000000000000000, 0.1589229159884978648 ) ) ;
#37 = CARTESIAN_POINT ( 'NONE',  ( -1.484863664245169135, -5.421010862427522170E-17, 1.090015474804707951 ) ) ;
#38 = CARTESIAN_POINT ( 'NONE',  ( 0.9322465985998008575, 0.000000000000000000, 2.183738709237351472 ) ) ;
#39 = CARTESIAN_POINT ( 'NONE',  ( -1.462209270773016323, -5.421010862427522170E-17, -0.9706191184321779630 ) ) ;
#40 = PLANE ( 'NONE',  #1660 ) ;
#41 = CARTESIAN_POINT ( 'NONE',  ( -1.373223380854337261, 0.4000000000000000222, 1.479557950439511327 ) ) ;
#42 = CARTESIAN_POINT ( 'NONE',  ( -1.259802448420853427, -5.421010862427522170E-17, -1.473792655148715047 ) ) ;
#43 = B_SPLINE_CURVE_WITH_KNOTS ( 'NONE', 3,
 ( #1303, #1632, #865, #73, #84, #429, #1941, #889, #1510, #1640, #1357, #1808, #541, #691, #1977, #726, #1959, #1191, #1818 ),
 .UNSPECIFIED., .F., .F.,
 ( 4, 1, 1, 1, 1, 1, 1, 1, 1, 1, 1, 1, 1, 1, 1, 1, 4 ),
 ( 0.000000000000000000, 0.06978531092549994375, 0.1336834744384250706, 0.1928707223315187791, 0.2478351585575061244, 0.3005269340468618156, 0.3523456681607168850, 0.4041734466483285493, 0.4572640014123837138, 0.5124138348313728164, 0.5704863120389815911, 0.6318474615280363915, 0.6974205603139538301, 0.7668414858502368148, 0.8404454651777942820, 0.9180152823349007063, 1.000000000000000000 ),
 .UNSPECIFIED. ) ;
#44 = CARTESIAN_POINT ( 'NONE',  ( 0.7079740557754005126, 0.4000000000000000222, -1.911459997310272829 ) ) ;
#45 = ORIENTED_EDGE ( 'NONE', *, *, #954, .F. ) ;
#46 = ADVANCED_FACE ( 'NONE', ( #505 ), #1049, .F. ) ;
#47 = CARTESIAN_POINT ( 'NONE',  ( 5.021051876504148371E-16, 20.00000000000000000, -3.850000000000000977 ) ) ;
#48 = CARTESIAN_POINT ( 'NONE',  ( 1.486045944821737130, 0.000000000000000000, -0.7398162478042065171 ) ) ;
#49 = CARTESIAN_POINT ( 'NONE',  ( -1.340149019110335127, 0.4000000000000000222, -1.321620027551184018 ) ) ;
#50 = CARTESIAN_POINT ( 'NONE',  ( 1.409963879184148450, 1.626303258728256651E-16, 1.505846105262754753 ) ) ;
#51 = CARTESIAN_POINT ( 'NONE',  ( -0.008999678667853672209, 0.4000000000000000222, -1.360022850285947715 ) ) ;
#52 = CARTESIAN_POINT ( 'NONE',  ( -0.02710872824860207156, 0.4000000000000000222, 1.710864235750884088 ) ) ;
#53 = CYLINDRICAL_SURFACE ( 'NONE', #462, 5.049999999999999822 ) ;
#54 = ORIENTED_EDGE ( 'NONE', *, *, #449, .F. ) ;
#55 = DIRECTION ( 'NONE',  ( 0.000000000000000000, 1.000000000000000000, -0.000000000000000000 ) ) ;
#56 = CARTESIAN_POINT ( 'NONE',  ( 1.567321867049383588, -0.000000000000000000, 0.2776049466041818903 ) ) ;
#57 = CARTESIAN_POINT ( 'NONE',  ( -1.567288008485162365, -5.421010862427522170E-17, 0.07424253770800705310 ) ) ;
#58 = CARTESIAN_POINT ( 'NONE',  ( 0.004999821482141097659, 0.4000000000000000222, 1.711867468341502496 ) ) ;
#59 = CARTESIAN_POINT ( 'NONE',  ( -0.6716429238477796826, 0.4000000000000000222, 0.2615925242924580507 ) ) ;
#60 = PLANE ( 'NONE',  #1408 ) ;
#61 = CARTESIAN_POINT ( 'NONE',  ( -0.5376003539505276319, 0.000000000000000000, 1.330189960099546376 ) ) ;
#62 = EDGE_LOOP ( 'NONE', ( #1690, #209, #128, #1946 ) ) ;
#63 = CARTESIAN_POINT ( 'NONE',  ( 0.3901549928576468762, 0.4000000000000000222, 1.580567824582960190 ) ) ;
#64 = CONICAL_SURFACE ( 'NONE', #1478, 4.349999999999999645, 0.7853981633974361776 ) ;
#65 = CARTESIAN_POINT ( 'NONE',  ( -1.567270939954701348, 0.4000000000000000222, 0.2429594844945036358 ) ) ;
#66 = CARTESIAN_POINT ( 'NONE',  ( -0.04199850044998452991, 0.4000000000000000222, -2.063997714971405273 ) ) ;
#67 = EDGE_CURVE ( 'NONE', #1311, #219, #283, .T. ) ;
#68 = CARTESIAN_POINT ( 'NONE',  ( -0.3616633006567326336, 0.000000000000000000, 2.381358039279251049 ) ) ;
#69 = CARTESIAN_POINT ( 'NONE',  ( 6.184466335694133068E-16, 23.00000000000000000, 5.049999999999999822 ) ) ;
#70 = CARTESIAN_POINT ( 'NONE',  ( -0.2445602444429653965, 0.000000000000000000, -1.322168758857392046 ) ) ;
#71 = ORIENTED_EDGE ( 'NONE', *, *, #1955, .F. ) ;
#72 = CARTESIAN_POINT ( 'NONE',  ( -0.1652713918807101334, -5.421010862427522170E-17, 2.410386509712838965 ) ) ;
#73 = CARTESIAN_POINT ( 'NONE',  ( -0.4499859739248382451, 0.000000000000000000, -2.030813074111875061 ) ) ;
#74 = CARTESIAN_POINT ( 'NONE',  ( 0.6717611434909586121, 0.4000000000000000222, 0.1975881930158773225 ) ) ;
#75 = CARTESIAN_POINT ( 'NONE',  ( -0.5416258868447952901, 0.000000000000000000, 2.332713567876310012 ) ) ;
#76 = CARTESIAN_POINT ( 'NONE',  ( -0.6022025449687199439, 0.000000000000000000, 1.116857945225881332 ) ) ;
#77 = EDGE_CURVE ( 'NONE', #1864, #1249, #1776, .T. ) ;
#78 = CARTESIAN_POINT ( 'NONE',  ( 0.8554109504304696632, 0.4000000000000000222, -1.823266189891210143 ) ) ;
#79 = LINE ( 'NONE', #1340, #620 ) ;
#80 = ORIENTED_EDGE ( 'NONE', *, *, #500, .F. ) ;
#81 = CARTESIAN_POINT ( 'NONE',  ( 1.462541112189529535, 0.000000000000000000, 1.322061879914542715 ) ) ;
#82 = EDGE_CURVE ( 'NONE', #1138, #1864, #1304, .T. ) ;
#83 = CARTESIAN_POINT ( 'NONE',  ( -0.5416258868447952901, -5.421010862427522170E-17, 2.332713567876310012 ) ) ;
#84 = CARTESIAN_POINT ( 'NONE',  ( -0.6281183316758176538, 0.000000000000000000, -1.983161467789470223 ) ) ;
#85 = CARTESIAN_POINT ( 'NONE',  ( -0.6281183316758176538, 0.4000000000000000222, -1.983161467789470223 ) ) ;
#86 = CARTESIAN_POINT ( 'NONE',  ( 0.6719760071997550321, 0.000000000000000000, 0.1479233087277875835 ) ) ;
#87 = APPLICATION_CONTEXT ( 'automotive_design' ) ;
#88 = CARTESIAN_POINT ( 'NONE',  ( -0.5566972473714018044, 0.4000000000000000222, -0.9384636543339374137 ) ) ;
#89 = LINE ( 'NONE', #1992, #1929 ) ;
#90 = CARTESIAN_POINT ( 'NONE',  ( -0.6719760071997545881, 0.000000000000000000, 0.2009214164384823809 ) ) ;
#91 = AXIS2_PLACEMENT_3D ( 'NONE', #193, #673, #979 ) ;
#92 = EDGE_LOOP ( 'NONE', ( #1262, #54, #1566, #304 ) ) ;
#93 = ORIENTED_EDGE ( 'NONE', *, *, #956, .T. ) ;
#94 = LINE ( 'NONE', #417, #945 ) ;
#95 = VECTOR ( 'NONE', #513, 1000.000000000000000 ) ;
#96 = VECTOR ( 'NONE', #1896, 1000.000000000000000 ) ;
#97 = VECTOR ( 'NONE', #1116, 1000.000000000000000 ) ;
#98 = CARTESIAN_POINT ( 'NONE',  ( -1.340149019110335127, 0.000000000000000000, -1.321620027551184018 ) ) ;
#99 = SURFACE_STYLE_FILL_AREA ( #1933 ) ;
#100 = B_SPLINE_SURFACE_WITH_KNOTS ( 'NONE', 3, 1, ( 
 ( #1779, #1657 ),
 ( #65, #1057 ),
 ( #1034, #107 ),
 ( #733, #1375 ),
 ( #690, #1529 ),
 ( #1354, #1313 ),
 ( #584, #437 ),
 ( #1208, #447 ),
 ( #1975, #1623 ),
 ( #138, #756 ),
 ( #1542, #414 ),
 ( #572, #426 ),
 ( #221, #599 ),
 ( #1200, #1068 ),
 ( #847, #994 ),
 ( #1681, #1671 ),
 ( #2009, #1692 ),
 ( #1219, #1815 ),
 ( #127, #292 ) ),
 .UNSPECIFIED., .F., .F., .F.,
 ( 4, 1, 1, 1, 1, 1, 1, 1, 1, 1, 1, 1, 1, 1, 1, 1, 4 ),
 ( 2, 2 ),
 ( 0.000000000000000000, 0.07974598701781208943, 0.1555542597532472149, 0.2281587123604130185, 0.2972368863263216143, 0.3630764334784996605, 0.4255087785992350269, 0.4844253309669640517, 0.5409751307642010065, 0.5957115252091277346, 0.6494121553958418502, 0.7025807491949874750, 0.7563530988548911038, 0.8120638091876259956, 0.8704761320796796653, 0.9328507288729406266, 1.000000000000000000 ),
 ( 0.000000000000000000, 1.000000000000000000 ),
 .UNSPECIFIED. ) ;
#101 = CARTESIAN_POINT ( 'NONE',  ( 0.5827192628042393574, 0.4000000000000000222, -0.8427290971260341657 ) ) ;
#102 = CARTESIAN_POINT ( 'NONE',  ( -0.6719760071997545881, 0.000000000000000000, 0.2009214164384823809 ) ) ;
#103 = DIRECTION ( 'NONE',  ( -0.000000000000000000, -1.000000000000000000, 0.000000000000000000 ) ) ;
#104 = CARTESIAN_POINT ( 'NONE',  ( -0.6716931169042053007, -0.000000000000000000, 0.1275860609407975521 ) ) ;
#105 = ORIENTED_EDGE ( 'NONE', *, *, #1386, .F. ) ;
#106 = CARTESIAN_POINT ( 'NONE',  ( 1.409963879184148450, 0.4000000000000000222, 1.505846105262754753 ) ) ;
#107 = CARTESIAN_POINT ( 'NONE',  ( -1.565958021596625782, -5.421010862427522170E-17, 0.4068830459802363908 ) ) ;
#108 = EDGE_LOOP ( 'NONE', ( #1620, #470, #768, #1786 ) ) ;
#109 = CARTESIAN_POINT ( 'NONE',  ( 1.374732907975542595, 0.000000000000000000, -1.128195765849392185 ) ) ;
#110 = CARTESIAN_POINT ( 'NONE',  ( 0.004999821482141097659, 0.4000000000000000222, 1.711867468341502496 ) ) ;
#111 = CARTESIAN_POINT ( 'NONE',  ( -0.02876877495938015214, -0.000000000000000000, 2.413979574539879547 ) ) ;
#112 = CARTESIAN_POINT ( 'NONE',  ( -0.6645939265982323541, 0.4000000000000000222, 0.5499836214754048047 ) ) ;
#113 = CARTESIAN_POINT ( 'NONE',  ( 0.6717611434909586121, -0.000000000000000000, 0.1975881930158773225 ) ) ;
#114 = ORIENTED_EDGE ( 'NONE', *, *, #7, .F. ) ;
#115 = CARTESIAN_POINT ( 'NONE',  ( 0.4503691446982989177, 0.000000000000000000, 2.381996557488394117 ) ) ;
#116 = LINE ( 'NONE', #743, #1500 ) ;
#117 = CARTESIAN_POINT ( 'NONE',  ( 1.437893219779324161, 0.4000000000000000222, -0.9415174401274557514 ) ) ;
#118 = CARTESIAN_POINT ( 'NONE',  ( 0.5976588201844871273, 0.4000000000000000222, 1.119852961728419638 ) ) ;
#119 = EDGE_CURVE ( 'NONE', #1701, #1658, #157, .T. ) ;
#120 = CARTESIAN_POINT ( 'NONE',  ( -0.6716931169042053007, 0.4000000000000000222, 0.1275860609407975521 ) ) ;
#121 = CARTESIAN_POINT ( 'NONE',  ( 0.1129511936550939150, 0.4000000000000000222, -1.355325548747671416 ) ) ;
#122 =( LENGTH_UNIT ( ) NAMED_UNIT ( * ) SI_UNIT ( .MILLI., .METRE. ) );
#123 = CARTESIAN_POINT ( 'NONE',  ( 1.342954905715348035, 0.000000000000000000, 1.673381214804326333 ) ) ;
#124 = EDGE_CURVE ( 'NONE', #1516, #1711, #140, .T. ) ;
#125 = VERTEX_POINT ( 'NONE', #1878 ) ;
#126 = CARTESIAN_POINT ( 'NONE',  ( 1.567321867049383588, 0.4000000000000000222, 0.2776049466041818903 ) ) ;
#127 = CARTESIAN_POINT ( 'NONE',  ( 0.04199850044998474502, 0.4000000000000000222, 2.415842333026959832 ) ) ;
#128 = ORIENTED_EDGE ( 'NONE', *, *, #1720, .T. ) ;
#129 = CARTESIAN_POINT ( 'NONE',  ( 1.298972886969677498, 0.4000000000000000222, -1.299878576627468307 ) ) ;
#130 = CARTESIAN_POINT ( 'NONE',  ( 1.567103462847580841, -0.000000000000000000, 0.1085657874604816775 ) ) ;
#131 = CARTESIAN_POINT ( 'NONE',  ( -1.567944016799427631, 0.4000000000000000222, 0.1589229159884978648 ) ) ;
#132 = CARTESIAN_POINT ( 'NONE',  ( -0.008999678667853672209, 0.000000000000000000, -1.360022850285947715 ) ) ;
#133 = CARTESIAN_POINT ( 'NONE',  ( -1.567944016799427631, 0.4000000000000000222, 0.1589229159884978648 ) ) ;
#134 = EDGE_CURVE ( 'NONE', #983, #677, #180, .T. ) ;
#135 = CYLINDRICAL_SURFACE ( 'NONE', #1856, 4.349999999999999645 ) ;
#136 = CARTESIAN_POINT ( 'NONE',  ( -0.008999678667853672209, 0.4000000000000000222, -1.360022850285947715 ) ) ;
#137 = CARTESIAN_POINT ( 'NONE',  ( -0.5203661023939673003, -1.626303258728256651E-16, -1.036416277647998596 ) ) ;
#138 = CARTESIAN_POINT ( 'NONE',  ( -1.207898152750533916, 0.4000000000000000222, 1.807115713098948584 ) ) ;
#139 = VERTEX_POINT ( 'NONE', #749 ) ;
#140 = CIRCLE ( 'NONE', #1280, 4.349999999999999645 ) ;
#141 = CARTESIAN_POINT ( 'NONE',  ( 1.374732907975542595, 0.4000000000000000222, -1.128195765849392185 ) ) ;
#142 = CARTESIAN_POINT ( 'NONE',  ( -1.552900082877163523, 0.000000000000000000, -0.3311050692333406542 ) ) ;
#143 =( LENGTH_UNIT ( ) NAMED_UNIT ( * ) SI_UNIT ( .MILLI., .METRE. ) );
#144 = CARTESIAN_POINT ( 'NONE',  ( -0.1713286487298217309, 0.4000000000000000222, -1.343429438789584873 ) ) ;
#145 = CARTESIAN_POINT ( 'NONE',  ( -0.5376003539505276319, 0.4000000000000000222, 1.330189960099546376 ) ) ;
#146 = CARTESIAN_POINT ( 'NONE',  ( -0.02876877495938015214, 0.4000000000000000222, 2.413979574539879547 ) ) ;
#147 = EDGE_LOOP ( 'NONE', ( #705, #1235, #1159, #1550 ) ) ;
#148 = CARTESIAN_POINT ( 'NONE',  ( -0.3124171848301231513, -1.626303258728256651E-16, -1.290914566553085452 ) ) ;
#149 = VERTEX_POINT ( 'NONE', #662 ) ;
#150 = CARTESIAN_POINT ( 'NONE',  ( 0.5976588201844871273, 0.000000000000000000, 1.119852961728419638 ) ) ;
#151 = ADVANCED_FACE ( 'NONE', ( #1733 ), #530, .T. ) ;
#152 = CARTESIAN_POINT ( 'NONE',  ( -1.530893691625128561, 0.000000000000000000, -0.5579300488052065798 ) ) ;
#153 = CARTESIAN_POINT ( 'NONE',  ( 0.4087524448861290516, 0.4000000000000000222, -1.194316331359616568 ) ) ;
#154 = CARTESIAN_POINT ( 'NONE',  ( -0.6022025449687199439, 0.4000000000000000222, 1.116857945225881332 ) ) ;
#155 = CARTESIAN_POINT ( 'NONE',  ( 0.6202581669635437445, 0.000000000000000000, 1.003611329899611881 ) ) ;
#156 = EDGE_LOOP ( 'NONE', ( #827, #393 ) ) ;
#157 = B_SPLINE_CURVE_WITH_KNOTS ( 'NONE', 3,
 ( #1381, #120, #1121, #27, #489, #1675, #1109, #1431, #1570, #1098, #902, #286, #964, #1889, #1722, #1743, #1580, #442, #335 ),
 .UNSPECIFIED., .F., .F.,
 ( 4, 1, 1, 1, 1, 1, 1, 1, 1, 1, 1, 1, 1, 1, 1, 1, 4 ),
 ( 0.000000000000000000, 0.1158261887714630983, 0.2211828449159621290, 0.3161561617986595185, 0.4013338946875739111, 0.4775035300982460318, 0.5458583533802542354, 0.6071814472250327555, 0.6618371181359778976, 0.7105823961813130252, 0.7551360471663003393, 0.7960918647300980755, 0.8349538107378916552, 0.8733421629033976119, 0.9134811400804758730, 0.9552012997600439759, 1.000000000000000000 ),
 .UNSPECIFIED. ) ;
#158 = CARTESIAN_POINT ( 'NONE',  ( -0.5884327780111643369, 0.4000000000000000222, -0.8260545751773961110 ) ) ;
#159 = CARTESIAN_POINT ( 'NONE',  ( -0.5566972473714018044, 0.4000000000000000222, -0.9384636543339374137 ) ) ;
#160 = AXIS2_PLACEMENT_3D ( 'NONE', #1037, #1664, #1192 ) ;
#161 = CARTESIAN_POINT ( 'NONE',  ( 0.04214035004176351629, 1.626303258728256651E-16, 1.710814415679639211 ) ) ;
#162 = CARTESIAN_POINT ( 'NONE',  ( -0.09227705879915794329, -1.626303258728256651E-16, -1.358574956536749756 ) ) ;
#163 = CARTESIAN_POINT ( 'NONE',  ( -0.02710872824860207156, 0.4000000000000000222, 1.710864235750884088 ) ) ;
#164 = CARTESIAN_POINT ( 'NONE',  ( 0.000000000000000000, 23.00000000000000000, 0.000000000000000000 ) ) ;
#165 = ORIENTED_EDGE ( 'NONE', *, *, #1167, .F. ) ;
#166 = CARTESIAN_POINT ( 'NONE',  ( -0.04199850044998452991, 0.4000000000000000222, -2.063997714971405273 ) ) ;
#167 = CARTESIAN_POINT ( 'NONE',  ( -0.4279542203282462043, 0.4000000000000000222, -1.189482049580810497 ) ) ;
#168 = APPLICATION_CONTEXT ( 'automotive_design' ) ;
#169 = CARTESIAN_POINT ( 'NONE',  ( -0.5203661023939673003, 0.000000000000000000, -1.036416277647998596 ) ) ;
#170 = EDGE_CURVE ( 'NONE', #188, #1898, #595, .T. ) ;
#171 = CARTESIAN_POINT ( 'NONE',  ( 1.298972886969677498, 0.000000000000000000, -1.299878576627468307 ) ) ;
#172 = EDGE_CURVE ( 'NONE', #677, #139, #586, .T. ) ;
#173 = CARTESIAN_POINT ( 'NONE',  ( 0.04199850044998474502, 0.4000000000000000222, 2.415842333026959832 ) ) ;
#174 = LINE ( 'NONE', #1573, #1077 ) ;
#175 = CARTESIAN_POINT ( 'NONE',  ( 0.6297876641964752498, 1.626303258728256651E-16, 2.336446675807565487 ) ) ;
#176 = CARTESIAN_POINT ( 'NONE',  ( -0.2574917755867190405, 0.4000000000000000222, 1.661921090868345718 ) ) ;
#177 = CARTESIAN_POINT ( 'NONE',  ( -0.6150481974240906702, -1.626303258728256651E-16, -0.6983904647163351465 ) ) ;
#178 = CARTESIAN_POINT ( 'NONE',  ( 0.1665818176034304099, 0.4000000000000000222, -2.058442163085179466 ) ) ;
#179 = CARTESIAN_POINT ( 'NONE',  ( -0.6711529067752837197, 0.4000000000000000222, -0.01245586510328676282 ) ) ;
#180 = LINE ( 'NONE', #807, #1638 ) ;
#181 = CARTESIAN_POINT ( 'NONE',  ( 0.6719760071997550321, 0.4000000000000000222, 0.1479233087277875835 ) ) ;
#182 = CARTESIAN_POINT ( 'NONE',  ( -1.166223855633808038, 0.4000000000000000222, -1.610806372813022191 ) ) ;
#183 = FACE_OUTER_BOUND ( 'NONE', #1927, .T. ) ;
#184 = EDGE_CURVE ( 'NONE', #992, #365, #1612, .T. ) ;
#185 = CARTESIAN_POINT ( 'NONE',  ( 0.03288817280563229029, 0.4000000000000000222, -1.358409414765450407 ) ) ;
#186 = DIRECTION ( 'NONE',  ( 0.000000000000000000, -1.000000000000000000, 0.000000000000000000 ) ) ;
#187 = CARTESIAN_POINT ( 'NONE',  ( 1.437893219779324161, 0.4000000000000000222, -0.9415174401274557514 ) ) ;
#188 = VERTEX_POINT ( 'NONE', #47 ) ;
#189 = CARTESIAN_POINT ( 'NONE',  ( -0.2521786400210054291, 0.4000000000000000222, -2.058352210030097496 ) ) ;
#190 = CARTESIAN_POINT ( 'NONE',  ( -1.565958021596625782, 0.4000000000000000222, 0.4068830459802363908 ) ) ;
#191 = FACE_OUTER_BOUND ( 'NONE', #1999, .T. ) ;
#192 = DIRECTION ( 'NONE',  ( 0.000000000000000000, 0.000000000000000000, -1.000000000000000000 ) ) ;
#193 = CARTESIAN_POINT ( 'NONE',  ( 0.000000000000000000, 1.999999999999998224, 0.000000000000000000 ) ) ;
#194 = AXIS2_PLACEMENT_3D ( 'NONE', #315, #1697, #919 ) ;
#195 = CARTESIAN_POINT ( 'NONE',  ( 0.000000000000000000, 20.50000000000001066, 0.000000000000000000 ) ) ;
#196 = AXIS2_PLACEMENT_3D ( 'NONE', #1281, #341, #1886 ) ;
#197 = CARTESIAN_POINT ( 'NONE',  ( -0.3282043008317279686, 0.4000000000000000222, 1.618556119757482481 ) ) ;
#198 = ADVANCED_FACE ( 'NONE', ( #1639 ), #1442, .T. ) ;
#199 = CARTESIAN_POINT ( 'NONE',  ( -1.567944016799427631, 0.000000000000000000, 0.1589229159884978648 ) ) ;
#200 = CARTESIAN_POINT ( 'NONE',  ( -0.4959907033499663664, 0.000000000000000000, 1.419828291193846237 ) ) ;
#201 = ORIENTED_EDGE ( 'NONE', *, *, #1495, .F. ) ;
#202 = CARTESIAN_POINT ( 'NONE',  ( 0.3090891623149273904, 0.4000000000000000222, 1.645324170276201148 ) ) ;
#203 = CARTESIAN_POINT ( 'NONE',  ( 0.04199850044998474502, 0.000000000000000000, 2.415842333026959832 ) ) ;
#204 = CARTESIAN_POINT ( 'NONE',  ( 0.6714200135956830406, 0.4000000000000000222, 0.06725161283401570600 ) ) ;
#205 = CARTESIAN_POINT ( 'NONE',  ( 0.9322465985998008575, 1.626303258728256651E-16, 2.183738709237351472 ) ) ;
#206 = CARTESIAN_POINT ( 'NONE',  ( -0.08887405345693863423, 0.000000000000000000, 1.708934376329054761 ) ) ;
#207 = DIRECTION ( 'NONE',  ( 0.000000000000000000, 0.000000000000000000, 1.000000000000000000 ) ) ;
#208 = LINE ( 'NONE', #1456, #1860 ) ;
#209 = ORIENTED_EDGE ( 'NONE', *, *, #320, .T. ) ;
#210 = CARTESIAN_POINT ( 'NONE',  ( 0.6717611434909586121, 0.4000000000000000222, 0.1975881930158773225 ) ) ;
#211 = CARTESIAN_POINT ( 'NONE',  ( 0.1129511936550939150, 0.4000000000000000222, -1.355325548747671416 ) ) ;
#212 = EDGE_CURVE ( 'NONE', #125, #1656, #704, .T. ) ;
#213 = CARTESIAN_POINT ( 'NONE',  ( -0.9297506507078966420, 0.4000000000000000222, -1.832021476242732705 ) ) ;
#214 = LINE ( 'NONE', #58, #616 ) ;
#215 = CARTESIAN_POINT ( 'NONE',  ( -0.3918836077721202238, 0.4000000000000000222, 1.564673792123189910 ) ) ;
#216 = CARTESIAN_POINT ( 'NONE',  ( -1.566011318092086269, -5.421010862427522170E-17, -0.09055815624942040176 ) ) ;
#217 = CARTESIAN_POINT ( 'NONE',  ( 0.5683294540222905145, 0.4000000000000000222, 1.249495616325351222 ) ) ;
#218 = CARTESIAN_POINT ( 'NONE',  ( 0.9890273343452844479, 0.4000000000000000222, -1.718882791778022057 ) ) ;
#219 = VERTEX_POINT ( 'NONE', #1356 ) ;
#220 = CARTESIAN_POINT ( 'NONE',  ( 1.549247691095819723, 0.4000000000000000222, -0.2966214335138954716 ) ) ;
#221 = CARTESIAN_POINT ( 'NONE',  ( -0.8524746497242211563, 0.4000000000000000222, 2.175171039202551615 ) ) ;
#222 = EDGE_CURVE ( 'NONE', #792, #1984, #1805, .T. ) ;
#223 = CARTESIAN_POINT ( 'NONE',  ( -1.406392893268364919, -5.421010862427522170E-17, -1.153626180728375195 ) ) ;
#224 = CARTESIAN_POINT ( 'NONE',  ( -1.340149019110335127, 0.4000000000000000222, -1.321620027551184018 ) ) ;
#225 = CARTESIAN_POINT ( 'NONE',  ( 0.3247712160334606524, 0.4000000000000000222, -1.270609496076245959 ) ) ;
#226 = DIRECTION ( 'NONE',  ( 0.000000000000000000, 0.000000000000000000, 1.000000000000000000 ) ) ;
#227 = CARTESIAN_POINT ( 'NONE',  ( -0.4770762119709237581, 0.000000000000000000, -1.119805414705757007 ) ) ;
#228 = ORIENTED_EDGE ( 'NONE', *, *, #1256, .T. ) ;
#229 = CARTESIAN_POINT ( 'NONE',  ( 0.000000000000000000, 20.00000000000000000, 0.000000000000000000 ) ) ;
#230 = EDGE_CURVE ( 'NONE', #1516, #278, #94, .T. ) ;
#231 = CARTESIAN_POINT ( 'NONE',  ( 0.04199850044998474502, 0.4000000000000000222, 2.415842333026959832 ) ) ;
#232 = CARTESIAN_POINT ( 'NONE',  ( -1.406392893268364919, 0.4000000000000000222, -1.153626180728375195 ) ) ;
#233 = ADVANCED_FACE ( 'NONE', ( #888, #898 ), #1519, .F. ) ;
#234 = CLOSED_SHELL ( 'NONE', ( #385, #1318, #451, #1132, #233, #1070, #46, #438, #24, #1015 ) ) ;
#235 = CARTESIAN_POINT ( 'NONE',  ( 0.6719760071997550321, 0.4000000000000000222, 0.1479233087277875835 ) ) ;
#236 = CARTESIAN_POINT ( 'NONE',  ( -0.6521774134799264155, -1.626303258728256651E-16, -0.3929220812651494921 ) ) ;
#237 = CARTESIAN_POINT ( 'NONE',  ( -0.03740957590277303735, -0.000000000000000000, -1.359528904480292955 ) ) ;
#238 = EDGE_LOOP ( 'NONE', ( #1343, #2018, #1351, #538 ) ) ;
#239 = CARTESIAN_POINT ( 'NONE',  ( 0.6297876641964752498, 0.4000000000000000222, 2.336446675807565487 ) ) ;
#240 = CARTESIAN_POINT ( 'NONE',  ( 0.6719760071997550321, 0.4000000000000000222, 0.1479233087277875835 ) ) ;
#241 = CARTESIAN_POINT ( 'NONE',  ( 0.6337018847643635100, 1.626303258728256651E-16, 0.9053969772436296637 ) ) ;
#242 = CARTESIAN_POINT ( 'NONE',  ( 0.5827192628042393574, 0.000000000000000000, -0.8427290971260341657 ) ) ;
#243 = CARTESIAN_POINT ( 'NONE',  ( -0.6643798959201195897, -1.626303258728256651E-16, -0.2125575864964212858 ) ) ;
#244 = DIRECTION ( 'NONE',  ( -0.000000000000000000, -1.000000000000000000, -0.000000000000000000 ) ) ;
#245 = CARTESIAN_POINT ( 'NONE',  ( -1.567944016799427631, 0.4000000000000000222, 0.1589229159884978648 ) ) ;
#246 = EDGE_LOOP ( 'NONE', ( #635, #1973 ) ) ;
#247 = CARTESIAN_POINT ( 'NONE',  ( -0.04199850044998452991, 0.000000000000000000, -2.063997714971405273 ) ) ;
#248 = CARTESIAN_POINT ( 'NONE',  ( -1.166223855633808038, 0.000000000000000000, -1.610806372813022191 ) ) ;
#249 = CARTESIAN_POINT ( 'NONE',  ( -1.552900082877163523, 0.4000000000000000222, -0.3311050692333406542 ) ) ;
#250 = B_SPLINE_CURVE_WITH_KNOTS ( 'NONE', 3,
 ( #637, #1752, #1429, #352, #25, #971, #1599, #648, #200, #61, #254, #1475, #1031, #1185, #1350, #1655, #1812, #1000, #1319 ),
 .UNSPECIFIED., .F., .F.,
 ( 4, 1, 1, 1, 1, 1, 1, 1, 1, 1, 1, 1, 1, 1, 1, 1, 4 ),
 ( 0.000000000000000000, 0.05190040368446015295, 0.09983774847810400477, 0.1452455928172420585, 0.1892930069875670418, 0.2333040524854593512, 0.2796605405239697140, 0.3289070466829369099, 0.3820080511458008310, 0.4391751428455783479, 0.5017380866613739832, 0.5698872446423048910, 0.6439095715862723779, 0.7235368588589708994, 0.8094668313750243982, 0.9017911710461545827, 1.000000000000000000 ),
 .UNSPECIFIED. ) ;
#251 = CARTESIAN_POINT ( 'NONE',  ( 0.4801036643362349698, 0.000000000000000000, -1.098280670494919731 ) ) ;
#252 = CARTESIAN_POINT ( 'NONE',  ( -0.5203661023939673003, 0.4000000000000000222, -1.036416277647998596 ) ) ;
#253 = CARTESIAN_POINT ( 'NONE',  ( 0.000000000000000000, 0.000000000000000000, 0.000000000000000000 ) ) ;
#254 = CARTESIAN_POINT ( 'NONE',  ( -0.5721480201555004808, 0.000000000000000000, 1.229054923520159326 ) ) ;
#255 = EDGE_LOOP ( 'NONE', ( #871, #165, #312, #1363 ) ) ;
#256 = EDGE_CURVE ( 'NONE', #188, #1176, #618, .T. ) ;
#257 = CARTESIAN_POINT ( 'NONE',  ( 1.058666182803519540, 0.4000000000000000222, 2.081763132664695704 ) ) ;
#258 = CARTESIAN_POINT ( 'NONE',  ( 0.6714200135956830406, 0.4000000000000000222, 0.06725161283401570600 ) ) ;
#259 = ORIENTED_EDGE ( 'NONE', *, *, #1167, .T. ) ;
#260 = CARTESIAN_POINT ( 'NONE',  ( 0.7079740557754005126, 2.710505431213761085E-16, -1.911459997310272829 ) ) ;
#261 = VECTOR ( 'NONE', #842, 1000.000000000000000 ) ;
#262 = CIRCLE ( 'NONE', #1409, 3.049999999999999822 ) ;
#263 = CIRCLE ( 'NONE', #621, 3.850000000000000977 ) ;
#264 = PRODUCT_CONTEXT ( 'NONE', #87, 'mechanical' ) ;
#265 = CARTESIAN_POINT ( 'NONE',  ( 0.5827192628042393574, 0.000000000000000000, -0.8427290971260341657 ) ) ;
#266 = CARTESIAN_POINT ( 'NONE',  ( -1.567944016799427631, 0.4000000000000000222, 0.1589229159884978648 ) ) ;
#267 = CARTESIAN_POINT ( 'NONE',  ( 1.567103462847580841, 0.000000000000000000, 0.1085657874604816775 ) ) ;
#268 = CARTESIAN_POINT ( 'NONE',  ( -1.435637118623378061, 0.000000000000000000, 1.292183379431056656 ) ) ;
#269 = ORIENTED_EDGE ( 'NONE', *, *, #1624, .T. ) ;
#270 = CARTESIAN_POINT ( 'NONE',  ( 1.409963879184148450, 0.000000000000000000, 1.505846105262754753 ) ) ;
#271 = CARTESIAN_POINT ( 'NONE',  ( 1.342954905715348035, 0.4000000000000000222, 1.673381214804326333 ) ) ;
#272 = CARTESIAN_POINT ( 'NONE',  ( 0.02909659314571610284, 0.4000000000000000222, -2.062104092001542988 ) ) ;
#273 = CARTESIAN_POINT ( 'NONE',  ( -1.566011318092086269, 0.000000000000000000, -0.09055815624942040176 ) ) ;
#274 = CARTESIAN_POINT ( 'NONE',  ( -0.4279542203282462043, 0.000000000000000000, -1.189482049580810497 ) ) ;
#275 = CARTESIAN_POINT ( 'NONE',  ( 0.2259316570488912324, 0.4000000000000000222, -1.323402442819437530 ) ) ;
#276 = CARTESIAN_POINT ( 'NONE',  ( 1.374732907975542595, 0.000000000000000000, -1.128195765849392185 ) ) ;
#277 = CARTESIAN_POINT ( 'NONE',  ( 1.262973650565718975, 0.000000000000000000, 1.825777095176396969 ) ) ;
#278 = VERTEX_POINT ( 'NONE', #649 ) ;
#279 = CARTESIAN_POINT ( 'NONE',  ( 1.532166050052967243, 0.000000000000000000, 0.9098192784009662137 ) ) ;
#280 = CARTESIAN_POINT ( 'NONE',  ( 0.1141167421843458374, 0.4000000000000000222, 2.414477102311828549 ) ) ;
#281 = ORIENTED_EDGE ( 'NONE', *, *, #1256, .F. ) ;
#282 = CARTESIAN_POINT ( 'NONE',  ( 0.02909659314571610284, 0.4000000000000000222, -2.062104092001542988 ) ) ;
#283 = B_SPLINE_CURVE_WITH_KNOTS ( 'NONE', 3,
 ( #1163, #577, #727, #1627, #1325, #1798, #419, #714, #1347, #1337, #550, #1809, #542, #1961, #75, #68, #877, #111, #559 ),
 .UNSPECIFIED., .F., .F.,
 ( 4, 1, 1, 1, 1, 1, 1, 1, 1, 1, 1, 1, 1, 1, 1, 1, 4 ),
 ( 0.000000000000000000, 0.07974598701781208943, 0.1555542597532472149, 0.2281587123604130185, 0.2972368863263216143, 0.3630764334784996605, 0.4255087785992350269, 0.4844253309669640517, 0.5409751307642010065, 0.5957115252091277346, 0.6494121553958418502, 0.7025807491949874750, 0.7563530988548911038, 0.8120638091876259956, 0.8704761320796796653, 0.9328507288729406266, 1.000000000000000000 ),
 .UNSPECIFIED. ) ;
#284 = EDGE_CURVE ( 'NONE', #1656, #614, #875, .T. ) ;
#285 = CARTESIAN_POINT ( 'NONE',  ( 0.1135463564838273681, 1.626303258728256651E-16, 1.708789827229419966 ) ) ;
#286 = CARTESIAN_POINT ( 'NONE',  ( -0.4279542203282462043, 0.4000000000000000222, -1.189482049580810497 ) ) ;
#287 = LINE ( 'NONE', #771, #1333 ) ;
#288 =( NAMED_UNIT ( * ) SI_UNIT ( $, .STERADIAN. ) SOLID_ANGLE_UNIT ( ) );
#289 = CARTESIAN_POINT ( 'NONE',  ( -1.104587297110673383, 0.000000000000000000, 1.947471726349451870 ) ) ;
#290 = DIRECTION ( 'NONE',  ( 0.000000000000000000, 0.000000000000000000, 1.000000000000000000 ) ) ;
#291 = CARTESIAN_POINT ( 'NONE',  ( -0.2445602444429653965, -1.626303258728256651E-16, -1.322168758857392046 ) ) ;
#292 = CARTESIAN_POINT ( 'NONE',  ( 0.04199850044998474502, -5.421010862427522170E-17, 2.415842333026959832 ) ) ;
#293 = CARTESIAN_POINT ( 'NONE',  ( 0.3640363955524176243, 0.000000000000000000, -2.029758898638859943 ) ) ;
#294 = CARTESIAN_POINT ( 'NONE',  ( 0.000000000000000000, 20.00000000000000000, -5.049999999999999822 ) ) ;
#295 = CARTESIAN_POINT ( 'NONE',  ( 0.3901549928576468762, 0.4000000000000000222, 1.580567824582960190 ) ) ;
#296 = EDGE_CURVE ( 'NONE', #1658, #498, #1250, .T. ) ;
#297 = CARTESIAN_POINT ( 'NONE',  ( -0.2445602444429653965, 0.4000000000000000222, -1.322168758857392046 ) ) ;
#298 = CARTESIAN_POINT ( 'NONE',  ( 0.004999821482141097659, 0.4000000000000000222, 1.711867468341502496 ) ) ;
#299 = CARTESIAN_POINT ( 'NONE',  ( 1.502782179485117053, 0.000000000000000000, 1.123329255053777009 ) ) ;
#300 = EDGE_CURVE ( 'NONE', #1679, #11, #1241, .T. ) ;
#301 = ORIENTED_EDGE ( 'NONE', *, *, #1472, .F. ) ;
#302 = CARTESIAN_POINT ( 'NONE',  ( -0.9297506507078966420, -5.421010862427522170E-17, -1.832021476242732705 ) ) ;
#303 = CARTESIAN_POINT ( 'NONE',  ( 0.000000000000000000, 0.9999999999999974465, 5.049999999999999822 ) ) ;
#304 = ORIENTED_EDGE ( 'NONE', *, *, #899, .T. ) ;
#305 = CARTESIAN_POINT ( 'NONE',  ( -0.3124171848301231513, 0.4000000000000000222, -1.290914566553085452 ) ) ;
#306 = CARTESIAN_POINT ( 'NONE',  ( 0.6621468238058455524, 1.626303258728256651E-16, 0.5636002169279027418 ) ) ;
#307 = CARTESIAN_POINT ( 'NONE',  ( 0.4801036643362349698, 0.4000000000000000222, -1.098280670494919731 ) ) ;
#308 = CARTESIAN_POINT ( 'NONE',  ( -0.5376003539505276319, 0.4000000000000000222, 1.330189960099546376 ) ) ;
#309 = CARTESIAN_POINT ( 'NONE',  ( 0.6456456782796594629, 0.000000000000000000, 0.7993727220586543947 ) ) ;
#310 = ORIENTED_EDGE ( 'NONE', *, *, #1685, .T. ) ;
#311 = CARTESIAN_POINT ( 'NONE',  ( -0.3735923580469186489, 0.4000000000000000222, -1.246955409145128035 ) ) ;
#312 = ORIENTED_EDGE ( 'NONE', *, *, #1773, .F. ) ;
#313 = CARTESIAN_POINT ( 'NONE',  ( -1.054014514981260975, 0.4000000000000000222, -1.728205004957867663 ) ) ;
#314 = CARTESIAN_POINT ( 'NONE',  ( 0.2155437680987595805, 0.4000000000000000222, 1.685097936930892271 ) ) ;
#315 = CARTESIAN_POINT ( 'NONE',  ( 0.000000000000000000, 0.9999999999999974465, 0.000000000000000000 ) ) ;
#316 = CARTESIAN_POINT ( 'NONE',  ( -0.1769597107522532242, 0.4000000000000000222, 1.690029959522342695 ) ) ;
#317 = CARTESIAN_POINT ( 'NONE',  ( 0.6297876641964752498, 0.4000000000000000222, 2.336446675807565487 ) ) ;
#318 = ORIENTED_EDGE ( 'NONE', *, *, #1857, .F. ) ;
#319 = CARTESIAN_POINT ( 'NONE',  ( -0.7876145946289502264, -5.421010862427522170E-17, -1.916596269766404070 ) ) ;
#320 = EDGE_CURVE ( 'NONE', #1186, #1494, #415, .T. ) ;
#321 = EDGE_LOOP ( 'NONE', ( #1258, #328, #1102, #228 ) ) ;
#322 = CARTESIAN_POINT ( 'NONE',  ( -0.7876145946289502264, 0.4000000000000000222, -1.916596269766404070 ) ) ;
#323 = CARTESIAN_POINT ( 'NONE',  ( -1.296737873724658208, -5.421010862427522170E-17, 1.650978746965154009 ) ) ;
#324 = CARTESIAN_POINT ( 'NONE',  ( 1.552535706911364333, 0.000000000000000000, 0.6828873012014491373 ) ) ;
#325 = CARTESIAN_POINT ( 'NONE',  ( 0.6194157855225319587, 0.000000000000000000, -0.6853369169376314352 ) ) ;
#326 = LINE ( 'NONE', #913, #525 ) ;
#327 = CARTESIAN_POINT ( 'NONE',  ( 1.532166050052967243, 1.626303258728256651E-16, 0.9098192784009662137 ) ) ;
#328 = ORIENTED_EDGE ( 'NONE', *, *, #597, .T. ) ;
#329 = AXIS2_PLACEMENT_3D ( 'NONE', #659, #510, #1670 ) ;
#330 = CARTESIAN_POINT ( 'NONE',  ( -0.2445602444429653965, 0.4000000000000000222, -1.322168758857392046 ) ) ;
#331 = CARTESIAN_POINT ( 'NONE',  ( 0.6719760071997550321, 0.4000000000000000222, 0.1479233087277875835 ) ) ;
#332 = CARTESIAN_POINT ( 'NONE',  ( 0.5446182587055586888, 0.4000000000000000222, -1.980846605185206277 ) ) ;
#333 = EDGE_LOOP ( 'NONE', ( #941, #1777, #1854, #669 ) ) ;
#334 = CARTESIAN_POINT ( 'NONE',  ( -0.6281183316758176538, 0.4000000000000000222, -1.983161467789470223 ) ) ;
#335 = CARTESIAN_POINT ( 'NONE',  ( -0.008999678667853672209, 0.4000000000000000222, -1.360022850285947715 ) ) ;
#336 = CARTESIAN_POINT ( 'NONE',  ( 0.6297876641964752498, 0.000000000000000000, 2.336446675807565487 ) ) ;
#337 = CARTESIAN_POINT ( 'NONE',  ( -0.6281183316758176538, 0.4000000000000000222, -1.983161467789470223 ) ) ;
#338 = DIRECTION ( 'NONE',  ( 0.000000000000000000, 0.000000000000000000, 1.000000000000000000 ) ) ;
#339 = CARTESIAN_POINT ( 'NONE',  ( -0.008999678667853672209, 0.000000000000000000, -1.360022850285947715 ) ) ;
#340 = CARTESIAN_POINT ( 'NONE',  ( -1.567288008485162365, -5.421010862427522170E-17, 0.07424253770800705310 ) ) ;
#341 = DIRECTION ( 'NONE',  ( 0.000000000000000000, 1.000000000000000000, -0.000000000000000000 ) ) ;
#342 = VERTEX_POINT ( 'NONE', #36 ) ;
#343 = CARTESIAN_POINT ( 'NONE',  ( -0.04199850044998452991, 0.4000000000000000222, -2.063997714971405273 ) ) ;
#344 = CARTESIAN_POINT ( 'NONE',  ( -1.567944016799427631, -5.421010862427522170E-17, 0.1589229159884978648 ) ) ;
#345 = CARTESIAN_POINT ( 'NONE',  ( 0.000000000000000000, 20.00000000000000000, -3.049999999999999822 ) ) ;
#346 = B_SPLINE_SURFACE_WITH_KNOTS ( 'NONE', 3, 1, ( 
 ( #1551, #469 ),
 ( #1895, #646 ),
 ( #457, #1710 ),
 ( #932, #1270 ),
 ( #1103, #1728 ),
 ( #1576, #627 ),
 ( #1541, #177 ),
 ( #158, #12 ),
 ( #495, #924 ),
 ( #1387, #137 ),
 ( #1093, #1691 ),
 ( #615, #1259 ),
 ( #311, #766 ),
 ( #802, #148 ),
 ( #330, #291 ),
 ( #1718, #608 ),
 ( #1567, #1236 ),
 ( #636, #915 ),
 ( #1085, #775 ) ),
 .UNSPECIFIED., .F., .F., .F.,
 ( 4, 1, 1, 1, 1, 1, 1, 1, 1, 1, 1, 1, 1, 1, 1, 1, 4 ),
 ( 2, 2 ),
 ( 0.000000000000000000, 0.1158261887714630983, 0.2211828449159621290, 0.3161561617986595185, 0.4013338946875739111, 0.4775035300982460318, 0.5458583533802542354, 0.6071814472250327555, 0.6618371181359778976, 0.7105823961813130252, 0.7551360471663003393, 0.7960918647300980755, 0.8349538107378916552, 0.8733421629033976119, 0.9134811400804758730, 0.9552012997600439759, 1.000000000000000000 ),
 ( 0.000000000000000000, 1.000000000000000000 ),
 .UNSPECIFIED. ) ;
#347 = EDGE_CURVE ( 'NONE', #1058, #1649, #1209, .T. ) ;
#348 = CARTESIAN_POINT ( 'NONE',  ( -1.054014514981260975, 0.4000000000000000222, -1.728205004957867663 ) ) ;
#349 = CARTESIAN_POINT ( 'NONE',  ( 1.566111070491376323, 1.626303258728256651E-16, 0.4424112187261373674 ) ) ;
#350 = CARTESIAN_POINT ( 'NONE',  ( 0.04199850044998474502, 0.4000000000000000222, 2.415842333026959832 ) ) ;
#351 = FACE_OUTER_BOUND ( 'NONE', #1023, .T. ) ;
#352 = CARTESIAN_POINT ( 'NONE',  ( -0.1769597107522532242, 0.000000000000000000, 1.690029959522342695 ) ) ;
#353 = ORIENTED_EDGE ( 'NONE', *, *, #1283, .T. ) ;
#354 = CARTESIAN_POINT ( 'NONE',  ( -0.02876877495938015214, 0.4000000000000000222, 2.413979574539879547 ) ) ;
#355 = CARTESIAN_POINT ( 'NONE',  ( 1.522305793151481401, 0.000000000000000000, -0.5245349629136982772 ) ) ;
#356 =( GEOMETRIC_REPRESENTATION_CONTEXT ( 3 ) GLOBAL_UNCERTAINTY_ASSIGNED_CONTEXT ( ( #430 ) ) GLOBAL_UNIT_ASSIGNED_CONTEXT ( ( #840, #857, #1481 ) ) REPRESENTATION_CONTEXT ( 'NONE', 'WORKASPACE' ) );
#357 = CARTESIAN_POINT ( 'NONE',  ( -1.259802448420853427, 0.4000000000000000222, -1.473792655148715047 ) ) ;
#358 = CARTESIAN_POINT ( 'NONE',  ( 0.9322465985998008575, 0.4000000000000000222, 2.183738709237351472 ) ) ;
#359 = AXIS2_PLACEMENT_3D ( 'NONE', #1171, #1949, #1314 ) ;
#360 = CARTESIAN_POINT ( 'NONE',  ( -0.6560892517906532495, 0.000000000000000000, 0.7090739872346466521 ) ) ;
#361 = VECTOR ( 'NONE', #1762, 1000.000000000000000 ) ;
#362 = AXIS2_PLACEMENT_3D ( 'NONE', #1293, #490, #1441 ) ;
#363 = CARTESIAN_POINT ( 'NONE',  ( -0.3282043008317279686, 0.000000000000000000, 1.618556119757482481 ) ) ;
#364 = CARTESIAN_POINT ( 'NONE',  ( -0.6716429238477796826, 0.4000000000000000222, 0.2615925242924580507 ) ) ;
#365 = VERTEX_POINT ( 'NONE', #872 ) ;
#366 = PRODUCT_DEFINITION ( 'UNKNOWN', '', #1300, #1162 ) ;
#367 = DIRECTION ( 'NONE',  ( -0.000000000000000000, 1.000000000000000000, -0.000000000000000000 ) ) ;
#368 = CARTESIAN_POINT ( 'NONE',  ( 1.462541112189529535, 0.000000000000000000, 1.322061879914542715 ) ) ;
#369 = CARTESIAN_POINT ( 'NONE',  ( -0.7876145946289502264, -5.421010862427522170E-17, -1.916596269766404070 ) ) ;
#370 = CARTESIAN_POINT ( 'NONE',  ( -0.6022025449687199439, 0.000000000000000000, 1.116857945225881332 ) ) ;
#371 = CARTESIAN_POINT ( 'NONE',  ( -1.530893691625128561, 0.4000000000000000222, -0.5579300488052065798 ) ) ;
#372 = CARTESIAN_POINT ( 'NONE',  ( -0.04199850044998452991, 0.4000000000000000222, -2.063997714971405273 ) ) ;
#373 = ORIENTED_EDGE ( 'NONE', *, *, #119, .F. ) ;
#374 = EDGE_CURVE ( 'NONE', #992, #1186, #554, .T. ) ;
#375 = B_SPLINE_CURVE_WITH_KNOTS ( 'NONE', 3,
 ( #66, #1005, #1633, #1336, #85, #1652, #1960, #713, #1305, #1626, #224, #232, #1788, #987, #692, #249, #996, #1315, #558 ),
 .UNSPECIFIED., .F., .F.,
 ( 4, 1, 1, 1, 1, 1, 1, 1, 1, 1, 1, 1, 1, 1, 1, 1, 4 ),
 ( 0.000000000000000000, 0.06978531092549994375, 0.1336834744384250706, 0.1928707223315187791, 0.2478351585575061244, 0.3005269340468618156, 0.3523456681607168850, 0.4041734466483285493, 0.4572640014123837138, 0.5124138348313728164, 0.5704863120389815911, 0.6318474615280363915, 0.6974205603139538301, 0.7668414858502368148, 0.8404454651777942820, 0.9180152823349007063, 1.000000000000000000 ),
 .UNSPECIFIED. ) ;
#376 = CARTESIAN_POINT ( 'NONE',  ( 1.567944016799428075, 2.710505431213761085E-16, 0.1929217020670568050 ) ) ;
#377 = CARTESIAN_POINT ( 'NONE',  ( 0.6719760071997550321, 0.4000000000000000222, 0.1479233087277875835 ) ) ;
#378 = CARTESIAN_POINT ( 'NONE',  ( -0.04199850044998452991, 0.4000000000000000222, -2.063997714971405273 ) ) ;
#379 = CARTESIAN_POINT ( 'NONE',  ( 0.6202581669635437445, 0.4000000000000000222, 1.003611329899611881 ) ) ;
#380 = CARTESIAN_POINT ( 'NONE',  ( -0.6716429238477796826, 0.000000000000000000, 0.2615925242924580507 ) ) ;
#381 = CARTESIAN_POINT ( 'NONE',  ( -1.406392893268364919, -5.421010862427522170E-17, -1.153626180728375195 ) ) ;
#382 = CARTESIAN_POINT ( 'NONE',  ( 1.567944016799428075, 0.000000000000000000, 0.1929217020670568050 ) ) ;
#383 = CARTESIAN_POINT ( 'NONE',  ( -0.5884327780111643369, 0.000000000000000000, -0.8260545751773961110 ) ) ;
#384 = ORIENTED_EDGE ( 'NONE', *, *, #77, .F. ) ;
#385 = ADVANCED_FACE ( 'NONE', ( #1330 ), #1525, .F. ) ;
#386 = CARTESIAN_POINT ( 'NONE',  ( -0.7049558110402919242, 0.4000000000000000222, 2.263283651350205705 ) ) ;
#387 = EDGE_CURVE ( 'NONE', #498, #1186, #1412, .T. ) ;
#388 = CARTESIAN_POINT ( 'NONE',  ( 0.000000000000000000, 1.999999999999998224, -3.049999999999999822 ) ) ;
#389 = CARTESIAN_POINT ( 'NONE',  ( 0.6618503939824549320, 0.000000000000000000, -0.3079946757105052058 ) ) ;
#390 = CARTESIAN_POINT ( 'NONE',  ( 0.4087524448861290516, 0.4000000000000000222, -1.194316331359616568 ) ) ;
#391 = CARTESIAN_POINT ( 'NONE',  ( 0.3901549928576468762, 0.4000000000000000222, 1.580567824582960190 ) ) ;
#392 = CARTESIAN_POINT ( 'NONE',  ( -0.5721480201555004808, 0.000000000000000000, 1.229054923520159326 ) ) ;
#393 = ORIENTED_EDGE ( 'NONE', *, *, #124, .F. ) ;
#394 = CARTESIAN_POINT ( 'NONE',  ( 1.486045944821737130, 0.4000000000000000222, -0.7398162478042065171 ) ) ;
#395 = PLANE ( 'NONE',  #359 ) ;
#396 = CARTESIAN_POINT ( 'NONE',  ( 0.6456456782796594629, 1.626303258728256651E-16, 0.7993727220586543947 ) ) ;
#397 = AXIS2_PLACEMENT_3D ( 'NONE', #574, #745, #26 ) ;
#398 = CARTESIAN_POINT ( 'NONE',  ( 0.6703558919493723955, 0.000000000000000000, -0.08714674214066743529 ) ) ;
#399 = CARTESIAN_POINT ( 'NONE',  ( -0.6150481974240906702, -1.626303258728256651E-16, -0.6983904647163351465 ) ) ;
#400 = CARTESIAN_POINT ( 'NONE',  ( 0.5446182587055586888, 0.4000000000000000222, -1.980846605185206277 ) ) ;
#401 = CARTESIAN_POINT ( 'NONE',  ( -1.104587297110673383, 0.4000000000000000222, 1.947471726349451870 ) ) ;
#402 = ORIENTED_EDGE ( 'NONE', *, *, #1979, .T. ) ;
#403 = CARTESIAN_POINT ( 'NONE',  ( 0.4801036643362349698, 0.000000000000000000, -1.098280670494919731 ) ) ;
#404 = EDGE_LOOP ( 'NONE', ( #1717, #895, #607, #445 ) ) ;
#405 = CARTESIAN_POINT ( 'NONE',  ( 1.437893219779324161, 0.000000000000000000, -0.9415174401274557514 ) ) ;
#406 = CARTESIAN_POINT ( 'NONE',  ( 0.000000000000000000, 23.00000000000000000, 0.000000000000000000 ) ) ;
#407 = DIRECTION ( 'NONE',  ( 0.000000000000000000, 0.000000000000000000, 1.000000000000000000 ) ) ;
#408 = EDGE_CURVE ( 'NONE', #1649, #1075, #1045, .T. ) ;
#409 = CARTESIAN_POINT ( 'NONE',  ( 0.3247712160334606524, 0.000000000000000000, -1.270609496076245959 ) ) ;
#410 = CARTESIAN_POINT ( 'NONE',  ( -0.5376003539505276319, 0.000000000000000000, 1.330189960099546376 ) ) ;
#411 = CARTESIAN_POINT ( 'NONE',  ( -0.4959907033499663664, 0.000000000000000000, 1.419828291193846237 ) ) ;
#412 = ORIENTED_EDGE ( 'NONE', *, *, #1220, .T. ) ;
#413 = CARTESIAN_POINT ( 'NONE',  ( 0.6714200135956830406, -0.000000000000000000, 0.06725161283401570600 ) ) ;
#414 = CARTESIAN_POINT ( 'NONE',  ( -1.104587297110673383, -5.421010862427522170E-17, 1.947471726349451870 ) ) ;
#415 = B_SPLINE_CURVE_WITH_KNOTS ( 'NONE', 3,
 ( #1590, #1554, #1229, #1240, #1569, #1579, #1855, #460, #806, #150, #795, #1868, #1430, #1079, #1704, #1272, #2022, #1087, #1793 ),
 .UNSPECIFIED., .F., .F.,
 ( 4, 1, 1, 1, 1, 1, 1, 1, 1, 1, 1, 1, 1, 1, 1, 1, 4 ),
 ( 0.000000000000000000, 0.07829100420521498127, 0.1513429421402141817, 0.2202465813345391432, 0.2839300503126962472, 0.3440592118118234177, 0.4001106738923365103, 0.4521257037715517013, 0.5002507225135067737, 0.5867811130480512505, 0.6612553020892086852, 0.7256672462323787709, 0.7827170688337359294, 0.8358973463528424075, 0.8876463129533452845, 0.9415612841208130801, 1.000000000000000000 ),
 .UNSPECIFIED. ) ;
#416 = EDGE_LOOP ( 'NONE', ( #1486, #1611, #1937, #731 ) ) ;
#417 = CARTESIAN_POINT ( 'NONE',  ( 5.327213576290986242E-16, 23.00000000000000000, 4.349999999999999645 ) ) ;
#418 = CARTESIAN_POINT ( 'NONE',  ( 0.3090891623149273904, 0.4000000000000000222, 1.645324170276201148 ) ) ;
#419 = CARTESIAN_POINT ( 'NONE',  ( -1.435637118623378061, 0.000000000000000000, 1.292183379431056656 ) ) ;
#420 = CARTESIAN_POINT ( 'NONE',  ( -0.5376003539505276319, 0.4000000000000000222, 1.330189960099546376 ) ) ;
#421 = CARTESIAN_POINT ( 'NONE',  ( 0.000000000000000000, 20.00000000000000000, 0.000000000000000000 ) ) ;
#422 = CARTESIAN_POINT ( 'NONE',  ( -0.5376003539505276319, 0.000000000000000000, 1.330189960099546376 ) ) ;
#423 =( GEOMETRIC_REPRESENTATION_CONTEXT ( 3 ) GLOBAL_UNCERTAINTY_ASSIGNED_CONTEXT ( ( #588 ) ) GLOBAL_UNIT_ASSIGNED_CONTEXT ( ( #143, #1696, #1686 ) ) REPRESENTATION_CONTEXT ( 'NONE', 'WORKASPACE' ) );
#424 = ORIENTED_EDGE ( 'NONE', *, *, #1897, .T. ) ;
#425 = CARTESIAN_POINT ( 'NONE',  ( 0.6297876641964752498, 0.000000000000000000, 2.336446675807565487 ) ) ;
#426 = CARTESIAN_POINT ( 'NONE',  ( -0.9859751404306150713, -5.421010862427522170E-17, 2.070365377890005298 ) ) ;
#427 = CARTESIAN_POINT ( 'NONE',  ( 0.7079740557754005126, 0.4000000000000000222, -1.911459997310272829 ) ) ;
#428 = B_SPLINE_CURVE_WITH_KNOTS ( 'NONE', 3,
 ( #905, #1, #1216, #1843, #1678, #1064, #780, #1083, #1873, #277, #123, #1538, #914, #299, #1689, #752, #444, #475, #594 ),
 .UNSPECIFIED., .F., .F.,
 ( 4, 1, 1, 1, 1, 1, 1, 1, 1, 1, 1, 1, 1, 1, 1, 1, 4 ),
 ( 0.000000000000000000, 0.06971424375497414783, 0.1339257267699553999, 0.1929811361950673765, 0.2483232665883930157, 0.3012488577589456096, 0.3530715149961000665, 0.4048730985648489322, 0.4579203669448181357, 0.5130252349856478933, 0.5710503638925201741, 0.6321780340553271316, 0.6976976690499471223, 0.7670619935418498958, 0.8405755549632122348, 0.9180821270306058768, 0.9999999999999998890 ),
 .UNSPECIFIED. ) ;
#429 = CARTESIAN_POINT ( 'NONE',  ( -0.7876145946289502264, 0.000000000000000000, -1.916596269766404070 ) ) ;
#430 = UNCERTAINTY_MEASURE_WITH_UNIT (LENGTH_MEASURE( 1.000000000000000082E-05 ), #840, 'distance_accuracy_value', 'NONE');
#431 = CARTESIAN_POINT ( 'NONE',  ( -0.6150481974240906702, 0.000000000000000000, -0.6983904647163351465 ) ) ;
#432 = FACE_OUTER_BOUND ( 'NONE', #1282, .T. ) ;
#433 = CARTESIAN_POINT ( 'NONE',  ( 0.9890273343452844479, 0.000000000000000000, -1.718882791778022057 ) ) ;
#434 = CARTESIAN_POINT ( 'NONE',  ( 0.04199850044998474502, -5.421010862427522170E-17, 2.415842333026959832 ) ) ;
#435 = ORIENTED_EDGE ( 'NONE', *, *, #1534, .F. ) ;
#436 = CARTESIAN_POINT ( 'NONE',  ( 1.462541112189529535, 0.4000000000000000222, 1.322061879914542715 ) ) ;
#437 = CARTESIAN_POINT ( 'NONE',  ( -1.435637118623378061, -5.421010862427522170E-17, 1.292183379431056656 ) ) ;
#438 = ADVANCED_FACE ( 'NONE', ( #2019 ), #346, .F. ) ;
#439 = CARTESIAN_POINT ( 'NONE',  ( 0.5446182587055586888, 2.710505431213761085E-16, -1.980846605185206277 ) ) ;
#440 = CARTESIAN_POINT ( 'NONE',  ( 0.1135463564838273681, 0.4000000000000000222, 1.708789827229419966 ) ) ;
#441 = CARTESIAN_POINT ( 'NONE',  ( 0.5683294540222905145, 1.626303258728256651E-16, 1.249495616325351222 ) ) ;
#442 = CARTESIAN_POINT ( 'NONE',  ( -0.03740957590277303735, 0.4000000000000000222, -1.359528904480292955 ) ) ;
#443 = CARTESIAN_POINT ( 'NONE',  ( -0.03740957590277303735, -1.626303258728256651E-16, -1.359528904480292955 ) ) ;
#444 = CARTESIAN_POINT ( 'NONE',  ( 1.566111070491376323, 0.000000000000000000, 0.4424112187261373674 ) ) ;
#445 = ORIENTED_EDGE ( 'NONE', *, *, #1472, .T. ) ;
#446 = CARTESIAN_POINT ( 'NONE',  ( 1.532166050052967243, 0.4000000000000000222, 0.9098192784009662137 ) ) ;
#447 = CARTESIAN_POINT ( 'NONE',  ( -1.373223380854337261, -5.421010862427522170E-17, 1.479557950439511327 ) ) ;
#448 = CARTESIAN_POINT ( 'NONE',  ( 1.106200607471006458, 0.000000000000000000, -1.595338143680320231 ) ) ;
#449 = EDGE_CURVE ( 'NONE', #1656, #1984, #2008, .T. ) ;
#450 = CARTESIAN_POINT ( 'NONE',  ( 0.6337018847643635100, 0.4000000000000000222, 0.9053969772436296637 ) ) ;
#451 = ADVANCED_FACE ( 'NONE', ( #1884 ), #688, .F. ) ;
#452 = CARTESIAN_POINT ( 'NONE',  ( 0.5189814889469016590, 1.626303258728256651E-16, 1.383972272710727980 ) ) ;
#453 = CARTESIAN_POINT ( 'NONE',  ( 0.4087524448861290516, 0.000000000000000000, -1.194316331359616568 ) ) ;
#454 = CARTESIAN_POINT ( 'NONE',  ( -0.6719760071997545881, 0.4000000000000000222, 0.2009214164384823809 ) ) ;
#455 = CARTESIAN_POINT ( 'NONE',  ( -0.7049558110402919242, 0.4000000000000000222, 2.263283651350205705 ) ) ;
#456 = CARTESIAN_POINT ( 'NONE',  ( -1.567270939954701348, 0.4000000000000000222, 0.2429594844945036358 ) ) ;
#457 = CARTESIAN_POINT ( 'NONE',  ( -0.6711529067752837197, 0.4000000000000000222, -0.01245586510328676282 ) ) ;
#458 = COLOUR_RGB ( '',0.7921568627450980005, 0.8196078431372548767, 0.9333333333333333481 ) ;
#459 = ORIENTED_EDGE ( 'NONE', *, *, #1220, .F. ) ;
#460 = CARTESIAN_POINT ( 'NONE',  ( 0.6337018847643635100, 0.000000000000000000, 0.9053969772436296637 ) ) ;
#461 = AXIS2_PLACEMENT_3D ( 'NONE', #1446, #1157, #207 ) ;
#462 = AXIS2_PLACEMENT_3D ( 'NONE', #1118, #1298, #1926 ) ;
#463 = PRESENTATION_LAYER_ASSIGNMENT (  '', '', ( #1078 ) ) ;
#464 = CARTESIAN_POINT ( 'NONE',  ( -1.567288008485162365, -0.000000000000000000, 0.07424253770800705310 ) ) ;
#465 = CARTESIAN_POINT ( 'NONE',  ( 0.000000000000000000, 0.9999999999999974465, -5.049999999999999822 ) ) ;
#466 = CARTESIAN_POINT ( 'NONE',  ( -0.5721480201555004808, 0.4000000000000000222, 1.229054923520159326 ) ) ;
#467 = CARTESIAN_POINT ( 'NONE',  ( -1.373223380854337261, 0.000000000000000000, 1.479557950439511327 ) ) ;
#468 = DIRECTION ( 'NONE',  ( -0.000000000000000000, 1.000000000000000000, -0.000000000000000000 ) ) ;
#469 = CARTESIAN_POINT ( 'NONE',  ( -0.6719760071997545881, -1.626303258728256651E-16, 0.2009214164384823809 ) ) ;
#470 = ORIENTED_EDGE ( 'NONE', *, *, #1746, .F. ) ;
#471 = CARTESIAN_POINT ( 'NONE',  ( -1.567288008485162365, 0.4000000000000000222, 0.07424253770800705310 ) ) ;
#472 = CARTESIAN_POINT ( 'NONE',  ( 0.6719760071997550321, 0.4000000000000000222, 0.1479233087277875835 ) ) ;
#473 = CARTESIAN_POINT ( 'NONE',  ( 0.2526607099220221087, 0.4000000000000000222, 2.411854402761715477 ) ) ;
#474 = CARTESIAN_POINT ( 'NONE',  ( -0.6560892517906532495, 0.4000000000000000222, 0.7090739872346466521 ) ) ;
#475 = CARTESIAN_POINT ( 'NONE',  ( 1.567321867049383588, -0.000000000000000000, 0.2776049466041818903 ) ) ;
#476 = VERTEX_POINT ( 'NONE', #69 ) ;
#477 = CARTESIAN_POINT ( 'NONE',  ( -1.166223855633808038, -5.421010862427522170E-17, -1.610806372813022191 ) ) ;
#478 = VERTEX_POINT ( 'NONE', #655 ) ;
#479 = CARTESIAN_POINT ( 'NONE',  ( -0.2445602444429653965, 0.4000000000000000222, -1.322168758857392046 ) ) ;
#480 = CARTESIAN_POINT ( 'NONE',  ( -1.565958021596625782, -5.421010862427522170E-17, 0.4068830459802363908 ) ) ;
#481 = CARTESIAN_POINT ( 'NONE',  ( 0.3090891623149273904, 1.626303258728256651E-16, 1.645324170276201148 ) ) ;
#482 = CARTESIAN_POINT ( 'NONE',  ( -0.008999678667853672209, 0.4000000000000000222, -1.360022850285947715 ) ) ;
#483 = CARTESIAN_POINT ( 'NONE',  ( -0.08887405345693863423, 0.4000000000000000222, 1.708934376329054761 ) ) ;
#484 = CARTESIAN_POINT ( 'NONE',  ( 1.502782179485117053, 0.4000000000000000222, 1.123329255053777009 ) ) ;
#485 = ORIENTED_EDGE ( 'NONE', *, *, #899, .F. ) ;
#486 = CARTESIAN_POINT ( 'NONE',  ( -0.2521786400210054291, -5.421010862427522170E-17, -2.058352210030097496 ) ) ;
#487 = CARTESIAN_POINT ( 'NONE',  ( 1.486045944821737130, 0.4000000000000000222, -0.7398162478042065171 ) ) ;
#488 = CARTESIAN_POINT ( 'NONE',  ( -0.6521774134799264155, 0.4000000000000000222, -0.3929220812651494921 ) ) ;
#489 = CARTESIAN_POINT ( 'NONE',  ( -0.6521774134799264155, 0.4000000000000000222, -0.3929220812651494921 ) ) ;
#490 = DIRECTION ( 'NONE',  ( 0.000000000000000000, -1.000000000000000000, 0.000000000000000000 ) ) ;
#491 = DIRECTION ( 'NONE',  ( -0.000000000000000000, -1.000000000000000000, -0.000000000000000000 ) ) ;
#492 = CARTESIAN_POINT ( 'NONE',  ( -0.2574917755867190405, 0.4000000000000000222, 1.661921090868345718 ) ) ;
#493 = CARTESIAN_POINT ( 'NONE',  ( 1.462541112189529535, 0.4000000000000000222, 1.322061879914542715 ) ) ;
#494 = CARTESIAN_POINT ( 'NONE',  ( -0.6258575735473548285, 0.000000000000000000, 0.9925080918810356145 ) ) ;
#495 = CARTESIAN_POINT ( 'NONE',  ( -0.5566972473714018044, 0.4000000000000000222, -0.9384636543339374137 ) ) ;
#496 = CARTESIAN_POINT ( 'NONE',  ( 0.04199850044998474502, 0.4000000000000000222, 2.415842333026959832 ) ) ;
#497 = DIRECTION ( 'NONE',  ( -0.000000000000000000, -1.000000000000000000, -0.000000000000000000 ) ) ;
#498 = VERTEX_POINT ( 'NONE', #1586 ) ;
#499 = CARTESIAN_POINT ( 'NONE',  ( -1.166223855633808038, 0.4000000000000000222, -1.610806372813022191 ) ) ;
#500 = EDGE_CURVE ( 'NONE', #1954, #1883, #1661, .T. ) ;
#501 = CARTESIAN_POINT ( 'NONE',  ( -0.5566972473714018044, 0.000000000000000000, -0.9384636543339374137 ) ) ;
#502 = CARTESIAN_POINT ( 'NONE',  ( 1.567944016799428075, 0.000000000000000000, 0.1929217020670568050 ) ) ;
#503 = CARTESIAN_POINT ( 'NONE',  ( -0.4499859739248382451, -5.421010862427522170E-17, -2.030813074111875061 ) ) ;
#504 = CARTESIAN_POINT ( 'NONE',  ( 2.565151067676131547, 1.999999999999998224, 1.649999999999999911 ) ) ;
#505 = FACE_OUTER_BOUND ( 'NONE', #1847, .T. ) ;
#506 = CARTESIAN_POINT ( 'NONE',  ( -0.08887405345693863423, 0.000000000000000000, 1.708934376329054761 ) ) ;
#507 = CARTESIAN_POINT ( 'NONE',  ( 0.5189814889469016590, 0.4000000000000000222, 1.383972272710727980 ) ) ;
#508 = CARTESIAN_POINT ( 'NONE',  ( 1.549247691095819723, 0.4000000000000000222, -0.2966214335138954716 ) ) ;
#509 = VERTEX_POINT ( 'NONE', #1944 ) ;
#510 = DIRECTION ( 'NONE',  ( 0.000000000000000000, 1.000000000000000000, -0.000000000000000000 ) ) ;
#511 = CARTESIAN_POINT ( 'NONE',  ( 0.6688087875371212521, 0.4000000000000000222, 0.4333108344355071639 ) ) ;
#512 = PLANE ( 'NONE',  #362 ) ;
#513 = DIRECTION ( 'NONE',  ( 0.000000000000000000, -1.000000000000000000, 0.000000000000000000 ) ) ;
#514 = DIRECTION ( 'NONE',  ( 0.000000000000000000, 0.7071067811865561215, 0.7071067811865390240 ) ) ;
#515 = CARTESIAN_POINT ( 'NONE',  ( -0.3282043008317279686, 0.000000000000000000, 1.618556119757482481 ) ) ;
#516 = DIRECTION ( 'NONE',  ( -0.000000000000000000, 1.000000000000000000, -0.000000000000000000 ) ) ;
#517 = CARTESIAN_POINT ( 'NONE',  ( -0.6719760071997545881, 0.4000000000000000222, 0.2009214164384823809 ) ) ;
#518 = ORIENTED_EDGE ( 'NONE', *, *, #1897, .F. ) ;
#519 = CARTESIAN_POINT ( 'NONE',  ( 0.6558962734643254411, 0.4000000000000000222, 0.6857058319922484380 ) ) ;
#520 = PLANE ( 'NONE',  #1958 ) ;
#521 = CARTESIAN_POINT ( 'NONE',  ( 1.567944016799428075, 0.000000000000000000, 0.1929217020670568050 ) ) ;
#522 = CARTESIAN_POINT ( 'NONE',  ( 0.1135463564838273681, 0.000000000000000000, 1.708789827229419966 ) ) ;
#523 = AXIS2_PLACEMENT_3D ( 'NONE', #1052, #892, #1030 ) ;
#524 = CARTESIAN_POINT ( 'NONE',  ( 0.2259316570488912324, 0.4000000000000000222, -1.323402442819437530 ) ) ;
#525 = VECTOR ( 'NONE', #1425, 1000.000000000000000 ) ;
#526 = CONICAL_SURFACE ( 'NONE', #883, 4.349999999999999645, 0.7853981633974361776 ) ;
#527 = CARTESIAN_POINT ( 'NONE',  ( -1.567944016799427631, 0.4000000000000000222, 0.1589229159884978648 ) ) ;
#528 = CARTESIAN_POINT ( 'NONE',  ( 0.04199850044998474502, -5.421010862427522170E-17, 2.415842333026959832 ) ) ;
#529 = ORIENTED_EDGE ( 'NONE', *, *, #680, .F. ) ;
#530 = B_SPLINE_SURFACE_WITH_KNOTS ( 'NONE', 3, 1, ( 
 ( #131, #344 ),
 ( #1591, #590 ),
 ( #190, #480 ),
 ( #819, #796 ),
 ( #761, #630 ),
 ( #1440, #37 ),
 ( #1251, #1284 ),
 ( #1910, #1213 ),
 ( #1687, #323 ),
 ( #1839, #1061 ),
 ( #1422, #16 ),
 ( #911, #1332 ),
 ( #540, #1449 ),
 ( #386, #1458 ),
 ( #1479, #83 ),
 ( #837, #1613 ),
 ( #678, #72 ),
 ( #354, #1161 ),
 ( #1152, #974 ) ),
 .UNSPECIFIED., .F., .F., .F.,
 ( 4, 1, 1, 1, 1, 1, 1, 1, 1, 1, 1, 1, 1, 1, 1, 1, 4 ),
 ( 2, 2 ),
 ( 0.000000000000000000, 0.07974598701781208943, 0.1555542597532472149, 0.2281587123604130185, 0.2972368863263216143, 0.3630764334784996605, 0.4255087785992350269, 0.4844253309669640517, 0.5409751307642010065, 0.5957115252091277346, 0.6494121553958418502, 0.7025807491949874750, 0.7563530988548911038, 0.8120638091876259956, 0.8704761320796796653, 0.9328507288729406266, 1.000000000000000000 ),
 ( 0.000000000000000000, 1.000000000000000000 ),
 .UNSPECIFIED. ) ;
#531 = CARTESIAN_POINT ( 'NONE',  ( 0.4623641107123306337, 0.4000000000000000222, 1.495483820548413334 ) ) ;
#532 = CARTESIAN_POINT ( 'NONE',  ( 0.03288817280563229029, 0.4000000000000000222, -1.358409414765450407 ) ) ;
#533 = CARTESIAN_POINT ( 'NONE',  ( -0.7876145946289502264, 0.4000000000000000222, -1.916596269766404070 ) ) ;
#534 = CARTESIAN_POINT ( 'NONE',  ( -1.207898152750533916, 0.4000000000000000222, 1.807115713098948584 ) ) ;
#535 = CARTESIAN_POINT ( 'NONE',  ( 0.000000000000000000, 23.00000000000000000, -5.049999999999999822 ) ) ;
#536 = EDGE_CURVE ( 'NONE', #1058, #1954, #1924, .T. ) ;
#537 = CARTESIAN_POINT ( 'NONE',  ( -0.3282043008317279686, 0.000000000000000000, 1.618556119757482481 ) ) ;
#538 = ORIENTED_EDGE ( 'NONE', *, *, #172, .F. ) ;
#539 = ADVANCED_FACE ( 'NONE', ( #814, #351 ), #60, .T. ) ;
#540 = CARTESIAN_POINT ( 'NONE',  ( -0.8524746497242211563, 0.4000000000000000222, 2.175171039202551615 ) ) ;
#541 = CARTESIAN_POINT ( 'NONE',  ( -1.462209270773016323, 0.000000000000000000, -0.9706191184321779630 ) ) ;
#542 = CARTESIAN_POINT ( 'NONE',  ( -0.8524746497242211563, 0.000000000000000000, 2.175171039202551615 ) ) ;
#543 = CARTESIAN_POINT ( 'NONE',  ( 0.6719760071997550321, 0.4000000000000000222, 0.1479233087277875835 ) ) ;
#544 = CARTESIAN_POINT ( 'NONE',  ( -0.008999678667853672209, 0.000000000000000000, -1.360022850285947715 ) ) ;
#545 = EDGE_LOOP ( 'NONE', ( #1792, #301, #1376, #1727 ) ) ;
#546 = CARTESIAN_POINT ( 'NONE',  ( 0.1135463564838273681, 0.4000000000000000222, 1.708789827229419966 ) ) ;
#547 = PRODUCT_RELATED_PRODUCT_CATEGORY ( 'part', '', ( #1067 ) ) ;
#548 = CARTESIAN_POINT ( 'NONE',  ( -0.2521786400210054291, 0.000000000000000000, -2.058352210030097496 ) ) ;
#549 = CARTESIAN_POINT ( 'NONE',  ( 0.6558962734643254411, 0.4000000000000000222, 0.6857058319922484380 ) ) ;
#550 = CARTESIAN_POINT ( 'NONE',  ( -1.104587297110673383, 0.000000000000000000, 1.947471726349451870 ) ) ;
#551 = CARTESIAN_POINT ( 'NONE',  ( 0.03288817280563229029, 0.4000000000000000222, -1.358409414765450407 ) ) ;
#552 = CARTESIAN_POINT ( 'NONE',  ( -1.373223380854337261, 0.4000000000000000222, 1.479557950439511327 ) ) ;
#553 = VERTEX_POINT ( 'NONE', #535 ) ;
#554 = LINE ( 'NONE', #1218, #619 ) ;
#555 = CARTESIAN_POINT ( 'NONE',  ( 0.1665818176034304099, 0.000000000000000000, -2.058442163085179466 ) ) ;
#556 = EDGE_CURVE ( 'NONE', #931, #983, #881, .T. ) ;
#557 = CARTESIAN_POINT ( 'NONE',  ( -0.1140856580161652561, -0.000000000000000000, -2.062061431148037194 ) ) ;
#558 = CARTESIAN_POINT ( 'NONE',  ( -1.567944016799427631, 0.4000000000000000222, 0.1589229159884978648 ) ) ;
#559 = CARTESIAN_POINT ( 'NONE',  ( 0.04199850044998474502, 0.000000000000000000, 2.415842333026959832 ) ) ;
#560 = CARTESIAN_POINT ( 'NONE',  ( 0.5366584516724229870, 0.4000000000000000222, -0.9799220544149378487 ) ) ;
#561 = CARTESIAN_POINT ( 'NONE',  ( 1.549247691095819723, 0.000000000000000000, -0.2966214335138954716 ) ) ;
#562 = CARTESIAN_POINT ( 'NONE',  ( -0.3124171848301231513, 0.000000000000000000, -1.290914566553085452 ) ) ;
#563 = ORIENTED_EDGE ( 'NONE', *, *, #921, .F. ) ;
#564 = CARTESIAN_POINT ( 'NONE',  ( 0.6459009408661661178, 0.000000000000000000, -0.5074350220010478418 ) ) ;
#565 = CARTESIAN_POINT ( 'NONE',  ( 0.9322465985998008575, 0.4000000000000000222, 2.183738709237351472 ) ) ;
#566 = CARTESIAN_POINT ( 'NONE',  ( 0.9890273343452844479, 0.4000000000000000222, -1.718882791778022057 ) ) ;
#567 = CARTESIAN_POINT ( 'NONE',  ( 0.5366584516724229870, 0.000000000000000000, -0.9799220544149378487 ) ) ;
#568 = CARTESIAN_POINT ( 'NONE',  ( -0.6709967148750830557, 0.000000000000000000, 0.3792994407331207740 ) ) ;
#569 = CARTESIAN_POINT ( 'NONE',  ( 1.486045944821737130, 0.4000000000000000222, -0.7398162478042065171 ) ) ;
#570 = CARTESIAN_POINT ( 'NONE',  ( -0.6150481974240906702, 0.000000000000000000, -0.6983904647163351465 ) ) ;
#571 = CARTESIAN_POINT ( 'NONE',  ( 0.6618503939824549320, 0.000000000000000000, -0.3079946757105052058 ) ) ;
#572 = CARTESIAN_POINT ( 'NONE',  ( -0.9859751404306150713, 0.4000000000000000222, 2.070365377890005298 ) ) ;
#573 = ORIENTED_EDGE ( 'NONE', *, *, #1795, .T. ) ;
#574 = CARTESIAN_POINT ( 'NONE',  ( 1.321545709625935983, 0.4000000000000000222, 1.711340474905578724 ) ) ;
#575 = B_SPLINE_CURVE_WITH_KNOTS ( 'NONE', 3,
 ( #738, #551, #121, #275, #1360, #390, #1523, #560, #1203, #1981, #1952, #578, #1829, #1970, #543 ),
 .UNSPECIFIED., .F., .F.,
 ( 4, 1, 1, 1, 1, 1, 1, 1, 1, 1, 1, 1, 4 ),
 ( 0.000000000000000000, 0.06768319652432493172, 0.1293673698665419869, 0.1882956358666404706, 0.2475517424061131344, 0.3115651344273478451, 0.3808414951658413705, 0.4590164384330572833, 0.5455519445981339421, 0.6421912381404847325, 0.7499909381704255029, 0.8693726043265829206, 1.000000000000000000 ),
 .UNSPECIFIED. ) ;
#576 = FACE_BOUND ( 'NONE', #1001, .T. ) ;
#577 = CARTESIAN_POINT ( 'NONE',  ( -1.567270939954701348, -0.000000000000000000, 0.2429594844945036358 ) ) ;
#578 = CARTESIAN_POINT ( 'NONE',  ( 0.6618503939824549320, 0.4000000000000000222, -0.3079946757105052058 ) ) ;
#579 = CARTESIAN_POINT ( 'NONE',  ( 1.437893219779324161, 0.4000000000000000222, -0.9415174401274557514 ) ) ;
#580 = ADVANCED_FACE ( 'NONE', ( #1436 ), #1499, .T. ) ;
#581 = CARTESIAN_POINT ( 'NONE',  ( 0.3901549928576468762, 0.000000000000000000, 1.580567824582960190 ) ) ;
#582 = EDGE_LOOP ( 'NONE', ( #573, #1575, #906, #1867 ) ) ;
#583 = CARTESIAN_POINT ( 'NONE',  ( 1.262973650565718975, 0.4000000000000000222, 1.825777095176396969 ) ) ;
#584 = CARTESIAN_POINT ( 'NONE',  ( -1.435637118623378061, 0.4000000000000000222, 1.292183379431056656 ) ) ;
#585 = CARTESIAN_POINT ( 'NONE',  ( 1.210234812762141621, 0.000000000000000000, -1.456213719989455591 ) ) ;
#586 = CIRCLE ( 'NONE', #1380, 5.049999999999999822 ) ;
#587 = CARTESIAN_POINT ( 'NONE',  ( -1.406392893268364919, 0.000000000000000000, -1.153626180728375195 ) ) ;
#588 = UNCERTAINTY_MEASURE_WITH_UNIT (LENGTH_MEASURE( 1.000000000000000082E-05 ), #143, 'distance_accuracy_value', 'NONE');
#589 = CARTESIAN_POINT ( 'NONE',  ( 0.1135463564838273681, 0.4000000000000000222, 1.708789827229419966 ) ) ;
#590 = CARTESIAN_POINT ( 'NONE',  ( -1.567270939954701348, -5.421010862427522170E-17, 0.2429594844945036358 ) ) ;
#591 = FACE_OUTER_BOUND ( 'NONE', #1151, .T. ) ;
#592 = CARTESIAN_POINT ( 'NONE',  ( 1.486045944821737130, 0.000000000000000000, -0.7398162478042065171 ) ) ;
#593 = B_SPLINE_SURFACE_WITH_KNOTS ( 'NONE', 3, 1, ( 
 ( #482, #132 ),
 ( #762, #8 ),
 ( #1231, #604 ),
 ( #1382, #1254 ),
 ( #1851, #1081 ),
 ( #153, #453 ),
 ( #307, #1880 ),
 ( #779, #632 ),
 ( #1556, #1100 ),
 ( #1724, #325 ),
 ( #642, #1593 ),
 ( #18, #1424 ),
 ( #1266, #652 ),
 ( #204, #1443 ),
 ( #1294, #809 ) ),
 .UNSPECIFIED., .F., .F., .F.,
 ( 4, 1, 1, 1, 1, 1, 1, 1, 1, 1, 1, 1, 4 ),
 ( 2, 2 ),
 ( 0.000000000000000000, 0.06768319652432493172, 0.1293673698665419869, 0.1882956358666404706, 0.2475517424061131344, 0.3115651344273478451, 0.3808414951658413705, 0.4590164384330572833, 0.5455519445981339421, 0.6421912381404847325, 0.7499909381704255029, 0.8693726043265829206, 1.000000000000000000 ),
 ( 0.000000000000000000, 1.000000000000000000 ),
 .UNSPECIFIED. ) ;
#594 = CARTESIAN_POINT ( 'NONE',  ( 1.567944016799428075, 0.000000000000000000, 0.1929217020670568050 ) ) ;
#595 = CIRCLE ( 'NONE', #1470, 3.850000000000000977 ) ;
#596 = EDGE_LOOP ( 'NONE', ( #93, #412 ) ) ;
#597 = EDGE_CURVE ( 'NONE', #1883, #1075, #32, .T. ) ;
#598 = CARTESIAN_POINT ( 'NONE',  ( 1.168735568293208349, 0.4000000000000000222, 1.962207144058167430 ) ) ;
#599 = CARTESIAN_POINT ( 'NONE',  ( -0.8524746497242211563, -5.421010862427522170E-17, 2.175171039202551615 ) ) ;
#600 = ADVANCED_FACE ( 'NONE', ( #1278 ), #744, .T. ) ;
#601 = CARTESIAN_POINT ( 'NONE',  ( 1.486045944821737130, 0.000000000000000000, -0.7398162478042065171 ) ) ;
#602 = DIRECTION ( 'NONE',  ( 0.000000000000000000, 1.000000000000000000, 0.000000000000000000 ) ) ;
#603 = CARTESIAN_POINT ( 'NONE',  ( 0.4623641107123306337, 1.626303258728256651E-16, 1.495483820548413334 ) ) ;
#604 = CARTESIAN_POINT ( 'NONE',  ( 0.1129511936550939150, 0.000000000000000000, -1.355325548747671416 ) ) ;
#605 = DIRECTION ( 'NONE',  ( -0.000000000000000000, -1.000000000000000000, -0.000000000000000000 ) ) ;
#606 = CARTESIAN_POINT ( 'NONE',  ( 0.6713457942924331290, 0.000000000000000000, 0.2935944939378948848 ) ) ;
#607 = ORIENTED_EDGE ( 'NONE', *, *, #300, .F. ) ;
#608 = CARTESIAN_POINT ( 'NONE',  ( -0.1713286487298217309, -1.626303258728256651E-16, -1.343429438789584873 ) ) ;
#609 = CARTESIAN_POINT ( 'NONE',  ( -0.6372190324048578880, 0.4000000000000000222, -0.5545763039429703056 ) ) ;
#610 = B_SPLINE_SURFACE_WITH_KNOTS ( 'NONE', 3, 1, ( 
 ( #1101, #1134 ),
 ( #1417, #1565 ),
 ( #1757, #665 ),
 ( #1748, #812 ),
 ( #317, #175 ),
 ( #634, #1434 ),
 ( #358, #205 ),
 ( #30, #10 ),
 ( #1444, #1893 ),
 ( #1257, #831 ),
 ( #1124, #1453 ),
 ( #1882, #50 ),
 ( #493, #1113 ),
 ( #484, #653 ),
 ( #1726, #327 ),
 ( #1295, #1276 ),
 ( #1904, #349 ),
 ( #1594, #948 ),
 ( #1922, #967 ) ),
 .UNSPECIFIED., .F., .F., .F.,
 ( 4, 1, 1, 1, 1, 1, 1, 1, 1, 1, 1, 1, 1, 1, 1, 1, 4 ),
 ( 2, 2 ),
 ( 0.000000000000000000, 0.06971424375497414783, 0.1339257267699553999, 0.1929811361950673765, 0.2483232665883930157, 0.3012488577589456096, 0.3530715149961000665, 0.4048730985648489322, 0.4579203669448181357, 0.5130252349856478933, 0.5710503638925201741, 0.6321780340553271316, 0.6976976690499471223, 0.7670619935418498958, 0.8405755549632122348, 0.9180821270306058768, 0.9999999999999998890 ),
 ( 0.000000000000000000, 1.000000000000000000 ),
 .UNSPECIFIED. ) ;
#611 = FACE_OUTER_BOUND ( 'NONE', #1341, .T. ) ;
#612 = CARTESIAN_POINT ( 'NONE',  ( -0.03740957590277303735, 0.4000000000000000222, -1.359528904480292955 ) ) ;
#613 = DIRECTION ( 'NONE',  ( 0.000000000000000000, 0.000000000000000000, -1.000000000000000000 ) ) ;
#614 = VERTEX_POINT ( 'NONE', #266 ) ;
#615 = CARTESIAN_POINT ( 'NONE',  ( -0.4279542203282462043, 0.4000000000000000222, -1.189482049580810497 ) ) ;
#616 = VECTOR ( 'NONE', #1346, 1000.000000000000000 ) ;
#617 = EDGE_LOOP ( 'NONE', ( #721, #201, #1043, #1637 ) ) ;
#618 = LINE ( 'NONE', #2012, #1804 ) ;
#619 = VECTOR ( 'NONE', #742, 1000.000000000000000 ) ;
#620 = VECTOR ( 'NONE', #1823, 1000.000000000000000 ) ;
#621 = AXIS2_PLACEMENT_3D ( 'NONE', #1071, #2013, #1242 ) ;
#622 = CARTESIAN_POINT ( 'NONE',  ( 0.3090891623149273904, 0.4000000000000000222, 1.645324170276201148 ) ) ;
#623 = FACE_OUTER_BOUND ( 'NONE', #1876, .T. ) ;
#624 = DIRECTION ( 'NONE',  ( 0.000000000000000000, -1.000000000000000000, 0.000000000000000000 ) ) ;
#625 = CARTESIAN_POINT ( 'NONE',  ( -0.3616633006567326336, 0.000000000000000000, 2.381358039279251049 ) ) ;
#626 = CARTESIAN_POINT ( 'NONE',  ( -1.523007327573084657, 0.4000000000000000222, 0.8745619824586562396 ) ) ;
#627 = CARTESIAN_POINT ( 'NONE',  ( -0.6372190324048578880, -1.626303258728256651E-16, -0.5545763039429703056 ) ) ;
#628 = CARTESIAN_POINT ( 'NONE',  ( 0.6719760071997550321, 0.000000000000000000, 0.1479233087277875835 ) ) ;
#629 = CARTESIAN_POINT ( 'NONE',  ( -1.567944016799427631, 0.4000000000000000222, 0.1589229159884978648 ) ) ;
#630 = CARTESIAN_POINT ( 'NONE',  ( -1.523007327573084657, -5.421010862427522170E-17, 0.8745619824586562396 ) ) ;
#631 = CARTESIAN_POINT ( 'NONE',  ( 1.567944016799428075, 0.000000000000000000, 0.1929217020670568050 ) ) ;
#632 = CARTESIAN_POINT ( 'NONE',  ( 0.5366584516724229870, 0.000000000000000000, -0.9799220544149378487 ) ) ;
#633 = CARTESIAN_POINT ( 'NONE',  ( -0.3282043008317279686, 0.4000000000000000222, 1.618556119757482481 ) ) ;
#634 = CARTESIAN_POINT ( 'NONE',  ( 0.7894150075158848923, 0.4000000000000000222, 2.268229736326170087 ) ) ;
#635 = ORIENTED_EDGE ( 'NONE', *, *, #556, .T. ) ;
#636 = CARTESIAN_POINT ( 'NONE',  ( -0.03740957590277303735, 0.4000000000000000222, -1.359528904480292955 ) ) ;
#637 = CARTESIAN_POINT ( 'NONE',  ( 0.004999821482141097659, 0.000000000000000000, 1.711867468341502496 ) ) ;
#638 = ORIENTED_EDGE ( 'NONE', *, *, #1534, .T. ) ;
#639 = CARTESIAN_POINT ( 'NONE',  ( -1.462209270773016323, 0.4000000000000000222, -0.9706191184321779630 ) ) ;
#640 = DIRECTION ( 'NONE',  ( 0.000000000000000000, 0.000000000000000000, 1.000000000000000000 ) ) ;
#641 = CARTESIAN_POINT ( 'NONE',  ( 0.3247712160334606524, 0.4000000000000000222, -1.270609496076245959 ) ) ;
#642 = CARTESIAN_POINT ( 'NONE',  ( 0.6459009408661661178, 0.4000000000000000222, -0.5074350220010478418 ) ) ;
#643 = CARTESIAN_POINT ( 'NONE',  ( -0.4463905733432861900, 0.4000000000000000222, 1.497365618422567657 ) ) ;
#644 = DIRECTION ( 'NONE',  ( 0.000000000000000000, 1.000000000000000000, 0.000000000000000000 ) ) ;
#645 = CARTESIAN_POINT ( 'NONE',  ( -0.08887405345693863423, 0.4000000000000000222, 1.708934376329054761 ) ) ;
#646 = CARTESIAN_POINT ( 'NONE',  ( -0.6716931169042053007, -1.626303258728256651E-16, 0.1275860609407975521 ) ) ;
#647 = EDGE_CURVE ( 'NONE', #1176, #278, #1957, .T. ) ;
#648 = CARTESIAN_POINT ( 'NONE',  ( -0.4463905733432861900, 0.000000000000000000, 1.497365618422567657 ) ) ;
#649 = CARTESIAN_POINT ( 'NONE',  ( 5.327213576290986242E-16, 20.50000000000001066, 4.349999999999999645 ) ) ;
#650 = CARTESIAN_POINT ( 'NONE',  ( 0.000000000000000000, 23.00000000000000000, 0.000000000000000000 ) ) ;
#651 = CARTESIAN_POINT ( 'NONE',  ( 0.1665818176034304099, 0.000000000000000000, -2.058442163085179466 ) ) ;
#652 = CARTESIAN_POINT ( 'NONE',  ( 0.6703558919493723955, 0.000000000000000000, -0.08714674214066743529 ) ) ;
#653 = CARTESIAN_POINT ( 'NONE',  ( 1.502782179485117053, 1.626303258728256651E-16, 1.123329255053777009 ) ) ;
#654 = CARTESIAN_POINT ( 'NONE',  ( -0.6560892517906532495, 0.4000000000000000222, 0.7090739872346466521 ) ) ;
#655 = CARTESIAN_POINT ( 'NONE',  ( -0.04199850044998452991, 0.4000000000000000222, -2.063997714971405273 ) ) ;
#656 = CARTESIAN_POINT ( 'NONE',  ( 1.210234812762141621, 0.4000000000000000222, -1.456213719989455591 ) ) ;
#657 = EDGE_CURVE ( 'NONE', #1658, #992, #575, .T. ) ;
#658 = ORIENTED_EDGE ( 'NONE', *, *, #1413, .T. ) ;
#659 = CARTESIAN_POINT ( 'NONE',  ( 0.000000000000000000, 20.00000000000000000, 0.000000000000000000 ) ) ;
#660 = ADVANCED_FACE ( 'NONE', ( #432 ), #1211, .T. ) ;
#661 = CLOSED_SHELL ( 'NONE', ( #1094, #706, #1683, #901, #753, #1621, #858, #798, #1642, #1044, #1900, #1836, #1520, #580, #35, #1938, #198, #816, #151, #539, #748, #660, #600, #2010, #1947 ) ) ;
#662 = CARTESIAN_POINT ( 'NONE',  ( 0.04199850044998474502, 0.4000000000000000222, 2.415842333026959832 ) ) ;
#663 = CARTESIAN_POINT ( 'NONE',  ( 0.4087524448861290516, 0.4000000000000000222, -1.194316331359616568 ) ) ;
#664 = CARTESIAN_POINT ( 'NONE',  ( -1.566011318092086269, 0.4000000000000000222, -0.09055815624942040176 ) ) ;
#665 = CARTESIAN_POINT ( 'NONE',  ( 0.2526607099220221087, 1.626303258728256651E-16, 2.411854402761715477 ) ) ;
#666 = CARTESIAN_POINT ( 'NONE',  ( -0.1652713918807101334, 0.4000000000000000222, 2.410386509712838965 ) ) ;
#667 = CARTESIAN_POINT ( 'NONE',  ( -1.340149019110335127, -5.421010862427522170E-17, -1.321620027551184018 ) ) ;
#668 = PLANE ( 'NONE',  #1334 ) ;
#669 = ORIENTED_EDGE ( 'NONE', *, *, #1773, .T. ) ;
#670 = CARTESIAN_POINT ( 'NONE',  ( 1.437893219779324161, 0.4000000000000000222, -0.9415174401274557514 ) ) ;
#671 = CARTESIAN_POINT ( 'NONE',  ( 0.5446182587055586888, 0.000000000000000000, -1.980846605185206277 ) ) ;
#672 = CARTESIAN_POINT ( 'NONE',  ( -0.1140856580161652561, 0.4000000000000000222, -2.062061431148037194 ) ) ;
#673 = DIRECTION ( 'NONE',  ( 0.000000000000000000, -1.000000000000000000, 0.000000000000000000 ) ) ;
#674 = FACE_OUTER_BOUND ( 'NONE', #545, .T. ) ;
#675 = CARTESIAN_POINT ( 'NONE',  ( -0.4463905733432861900, 0.4000000000000000222, 1.497365618422567657 ) ) ;
#676 = PLANE ( 'NONE',  #196 ) ;
#677 = VERTEX_POINT ( 'NONE', #465 ) ;
#678 = CARTESIAN_POINT ( 'NONE',  ( -0.1652713918807101334, 0.4000000000000000222, 2.410386509712838965 ) ) ;
#679 = CARTESIAN_POINT ( 'NONE',  ( 1.321545709625935983, 0.000000000000000000, 1.711340474905578724 ) ) ;
#680 = EDGE_CURVE ( 'NONE', #149, #125, #1872, .T. ) ;
#681 = CARTESIAN_POINT ( 'NONE',  ( -1.567944016799427631, -5.421010862427522170E-17, 0.1589229159884978648 ) ) ;
#682 = CARTESIAN_POINT ( 'NONE',  ( 0.000000000000000000, 0.000000000000000000, 0.000000000000000000 ) ) ;
#683 = CARTESIAN_POINT ( 'NONE',  ( -0.4959907033499663664, 0.4000000000000000222, 1.419828291193846237 ) ) ;
#684 = CARTESIAN_POINT ( 'NONE',  ( -1.530893691625128561, -5.421010862427522170E-17, -0.5579300488052065798 ) ) ;
#685 = CARTESIAN_POINT ( 'NONE',  ( 0.2155437680987595805, 0.4000000000000000222, 1.685097936930892271 ) ) ;
#686 = CARTESIAN_POINT ( 'NONE',  ( -0.6433279786456125304, 0.000000000000000000, 0.8565563852140825052 ) ) ;
#687 = ORIENTED_EDGE ( 'NONE', *, *, #500, .T. ) ;
#688 = B_SPLINE_SURFACE_WITH_KNOTS ( 'NONE', 3, 1, ( 
 ( #1228, #793 ),
 ( #1428, #1418 ),
 ( #782, #486 ),
 ( #950, #1560 ),
 ( #1076, #1702 ),
 ( #1407, #319 ),
 ( #23, #302 ),
 ( #3, #1247 ),
 ( #1875, #477 ),
 ( #960, #42 ),
 ( #969, #667 ),
 ( #1126, #381 ),
 ( #1783, #989 ),
 ( #998, #1618 ),
 ( #371, #684 ),
 ( #694, #1297 ),
 ( #1308, #216 ),
 ( #1289, #340 ),
 ( #527, #833 ) ),
 .UNSPECIFIED., .F., .F., .F.,
 ( 4, 1, 1, 1, 1, 1, 1, 1, 1, 1, 1, 1, 1, 1, 1, 1, 4 ),
 ( 2, 2 ),
 ( 0.000000000000000000, 0.06978531092549994375, 0.1336834744384250706, 0.1928707223315187791, 0.2478351585575061244, 0.3005269340468618156, 0.3523456681607168850, 0.4041734466483285493, 0.4572640014123837138, 0.5124138348313728164, 0.5704863120389815911, 0.6318474615280363915, 0.6974205603139538301, 0.7668414858502368148, 0.8404454651777942820, 0.9180152823349007063, 1.000000000000000000 ),
 ( 0.000000000000000000, 1.000000000000000000 ),
 .UNSPECIFIED. ) ;
#689 = CARTESIAN_POINT ( 'NONE',  ( 1.298972886969677498, 2.710505431213761085E-16, -1.299878576627468307 ) ) ;
#690 = CARTESIAN_POINT ( 'NONE',  ( -1.523007327573084657, 0.4000000000000000222, 0.8745619824586562396 ) ) ;
#691 = CARTESIAN_POINT ( 'NONE',  ( -1.501652878453955564, 0.000000000000000000, -0.7714287521067049180 ) ) ;
#692 = CARTESIAN_POINT ( 'NONE',  ( -1.530893691625128561, 0.4000000000000000222, -0.5579300488052065798 ) ) ;
#693 = CARTESIAN_POINT ( 'NONE',  ( 0.4087524448861290516, 0.000000000000000000, -1.194316331359616568 ) ) ;
#694 = CARTESIAN_POINT ( 'NONE',  ( -1.552900082877163523, 0.4000000000000000222, -0.3311050692333406542 ) ) ;
#695 = CARTESIAN_POINT ( 'NONE',  ( -0.09227705879915794329, 0.000000000000000000, -1.358574956536749756 ) ) ;
#696 = EDGE_LOOP ( 'NONE', ( #2011, #1669, #962, #1397 ) ) ;
#697 = CARTESIAN_POINT ( 'NONE',  ( 0.5683294540222905145, 0.4000000000000000222, 1.249495616325351222 ) ) ;
#698 = DIRECTION ( 'NONE',  ( 0.000000000000000000, 0.000000000000000000, -1.000000000000000000 ) ) ;
#699 = CARTESIAN_POINT ( 'NONE',  ( 0.6717611434909586121, 1.626303258728256651E-16, 0.1975881930158773225 ) ) ;
#700 = CARTESIAN_POINT ( 'NONE',  ( 0.4087524448861290516, 0.000000000000000000, -1.194316331359616568 ) ) ;
#701 = CARTESIAN_POINT ( 'NONE',  ( -0.6372190324048578880, 0.4000000000000000222, -0.5545763039429703056 ) ) ;
#702 = CARTESIAN_POINT ( 'NONE',  ( 1.522305793151481401, 0.4000000000000000222, -0.5245349629136982772 ) ) ;
#703 = CARTESIAN_POINT ( 'NONE',  ( -0.6521774134799264155, 0.000000000000000000, -0.3929220812651494921 ) ) ;
#704 = B_SPLINE_CURVE_WITH_KNOTS ( 'NONE', 3,
 ( #1059, #1344, #1210, #1531, #1366, #1543, #117, #141, #129, #1682, #1190, #1509, #1179, #1968, #1987, #1673, #1956, #282, #909 ),
 .UNSPECIFIED., .F., .F.,
 ( 4, 1, 1, 1, 1, 1, 1, 1, 1, 1, 1, 1, 1, 1, 1, 1, 4 ),
 ( 0.000000000000000000, 0.08000890653894858484, 0.1560603079818838057, 0.2286528301645845140, 0.2976305958001327356, 0.3630437438843130415, 0.4251348915280968033, 0.4843009294188710401, 0.5408130055839895922, 0.5952591759816523442, 0.6487046508067718653, 0.7018377765321146544, 0.7555742553605743206, 0.8112478018068023378, 0.8696211586019314543, 0.9325796937914182516, 1.000000000000000000 ),
 .UNSPECIFIED. ) ;
#705 = ORIENTED_EDGE ( 'NONE', *, *, #170, .F. ) ;
#706 = ADVANCED_FACE ( 'NONE', ( #591 ), #1764, .T. ) ;
#707 = CARTESIAN_POINT ( 'NONE',  ( 0.2259316570488912324, 0.000000000000000000, -1.323402442819437530 ) ) ;
#708 = B_SPLINE_CURVE_WITH_KNOTS ( 'NONE', 3,
 ( #1614, #532, #211, #838, #641, #663, #1423, #1459, #17, #1432, #1122, #1285, #1507, #258, #377 ),
 .UNSPECIFIED., .F., .F.,
 ( 4, 1, 1, 1, 1, 1, 1, 1, 1, 1, 1, 1, 4 ),
 ( 0.000000000000000000, 0.06768319652432493172, 0.1293673698665419869, 0.1882956358666404706, 0.2475517424061131344, 0.3115651344273478451, 0.3808414951658413705, 0.4590164384330572833, 0.5455519445981339421, 0.6421912381404847325, 0.7499909381704255029, 0.8693726043265829206, 1.000000000000000000 ),
 .UNSPECIFIED. ) ;
#709 = ORIENTED_EDGE ( 'NONE', *, *, #1390, .T. ) ;
#710 = CARTESIAN_POINT ( 'NONE',  ( 1.567103462847580841, 0.4000000000000000222, 0.1085657874604816775 ) ) ;
#711 = FACE_OUTER_BOUND ( 'NONE', #1693, .T. ) ;
#712 = AXIS2_PLACEMENT_3D ( 'NONE', #164, #1716, #21 ) ;
#713 = CARTESIAN_POINT ( 'NONE',  ( -1.054014514981260975, 0.4000000000000000222, -1.728205004957867663 ) ) ;
#714 = CARTESIAN_POINT ( 'NONE',  ( -1.373223380854337261, 0.000000000000000000, 1.479557950439511327 ) ) ;
#715 = CARTESIAN_POINT ( 'NONE',  ( -0.5566972473714018044, -1.626303258728256651E-16, -0.9384636543339374137 ) ) ;
#716 = SURFACE_STYLE_USAGE ( .BOTH. , #1021 ) ;
#717 = CARTESIAN_POINT ( 'NONE',  ( -0.8524746497242211563, 0.4000000000000000222, 2.175171039202551615 ) ) ;
#718 = VECTOR ( 'NONE', #1398, 1000.000000000000000 ) ;
#719 = VECTOR ( 'NONE', #605, 1000.000000000000000 ) ;
#720 = VECTOR ( 'NONE', #900, 1000.000000000000000 ) ;
#721 = ORIENTED_EDGE ( 'NONE', *, *, #1833, .F. ) ;
#722 = B_SPLINE_CURVE_WITH_KNOTS ( 'NONE', 3,
 ( #1578, #961, #1588, #508, #33, #487, #187, #1150, #817, #656, #1775, #218, #1619, #44, #332, #1908, #178, #1419, #804 ),
 .UNSPECIFIED., .F., .F.,
 ( 4, 1, 1, 1, 1, 1, 1, 1, 1, 1, 1, 1, 1, 1, 1, 1, 4 ),
 ( 0.000000000000000000, 0.08000890653894858484, 0.1560603079818838057, 0.2286528301645845140, 0.2976305958001327356, 0.3630437438843130415, 0.4251348915280968033, 0.4843009294188710401, 0.5408130055839895922, 0.5952591759816523442, 0.6487046508067718653, 0.7018377765321146544, 0.7555742553605743206, 0.8112478018068023378, 0.8696211586019314543, 0.9325796937914182516, 1.000000000000000000 ),
 .UNSPECIFIED. ) ;
#723 = CARTESIAN_POINT ( 'NONE',  ( 0.4503691446982989177, 0.4000000000000000222, 2.381996557488394117 ) ) ;
#724 = ORIENTED_EDGE ( 'NONE', *, *, #956, .F. ) ;
#725 = CARTESIAN_POINT ( 'NONE',  ( 0.3640363955524176243, 2.710505431213761085E-16, -2.029758898638859943 ) ) ;
#726 = CARTESIAN_POINT ( 'NONE',  ( -1.552900082877163523, 0.000000000000000000, -0.3311050692333406542 ) ) ;
#727 = CARTESIAN_POINT ( 'NONE',  ( -1.565958021596625782, 0.000000000000000000, 0.4068830459802363908 ) ) ;
#728 = CARTESIAN_POINT ( 'NONE',  ( -0.5721480201555004808, 0.4000000000000000222, 1.229054923520159326 ) ) ;
#729 = CARTESIAN_POINT ( 'NONE',  ( 1.522305793151481401, 0.000000000000000000, -0.5245349629136982772 ) ) ;
#730 = CARTESIAN_POINT ( 'NONE',  ( -0.6643798959201195897, 0.000000000000000000, -0.2125575864964212858 ) ) ;
#731 = ORIENTED_EDGE ( 'NONE', *, *, #1746, .T. ) ;
#732 = CARTESIAN_POINT ( 'NONE',  ( 1.552535706911364333, 0.4000000000000000222, 0.6828873012014491373 ) ) ;
#733 = CARTESIAN_POINT ( 'NONE',  ( -1.547398035787296733, 0.4000000000000000222, 0.6466549407987367548 ) ) ;
#734 = CARTESIAN_POINT ( 'NONE',  ( 0.02909659314571610284, 2.710505431213761085E-16, -2.062104092001542988 ) ) ;
#735 = EDGE_CURVE ( 'NONE', #11, #1864, #287, .T. ) ;
#736 = APPLICATION_PROTOCOL_DEFINITION ( 'draft international standard', 'automotive_design', 1998, #168 ) ;
#737 = CARTESIAN_POINT ( 'NONE',  ( -0.6521774134799264155, 0.000000000000000000, -0.3929220812651494921 ) ) ;
#738 = CARTESIAN_POINT ( 'NONE',  ( -0.008999678667853672209, 0.4000000000000000222, -1.360022850285947715 ) ) ;
#739 = CARTESIAN_POINT ( 'NONE',  ( 0.004999821482141097659, 0.000000000000000000, 1.711867468341502496 ) ) ;
#740 = CARTESIAN_POINT ( 'NONE',  ( 0.5976588201844871273, 0.000000000000000000, 1.119852961728419638 ) ) ;
#741 = ORIENTED_EDGE ( 'NONE', *, *, #1582, .F. ) ;
#742 = DIRECTION ( 'NONE',  ( -0.000000000000000000, -1.000000000000000000, -0.000000000000000000 ) ) ;
#743 = CARTESIAN_POINT ( 'NONE',  ( 0.04199850044998474502, 0.4000000000000000222, 2.415842333026959832 ) ) ;
#744 = B_SPLINE_SURFACE_WITH_KNOTS ( 'NONE', 3, 1, ( 
 ( #1136, #1906 ),
 ( #52, #1148 ),
 ( #1772, #506 ),
 ( #1750, #1760 ),
 ( #851, #1597 ),
 ( #197, #363 ),
 ( #824, #981 ),
 ( #675, #1609 ),
 ( #860, #1483 ),
 ( #420, #410 ),
 ( #728, #1195 ),
 ( #1666, #76 ),
 ( #1039, #1370 ),
 ( #1513, #1503 ),
 ( #1491, #1676 ),
 ( #112, #750 ),
 ( #1810, #568 ),
 ( #1821, #1338 ),
 ( #1790, #102 ) ),
 .UNSPECIFIED., .F., .F., .F.,
 ( 4, 1, 1, 1, 1, 1, 1, 1, 1, 1, 1, 1, 1, 1, 1, 1, 4 ),
 ( 2, 2 ),
 ( 0.000000000000000000, 0.05190040368446015295, 0.09983774847810400477, 0.1452455928172420585, 0.1892930069875670418, 0.2333040524854593512, 0.2796605405239697140, 0.3289070466829369099, 0.3820080511458008310, 0.4391751428455783479, 0.5017380866613739832, 0.5698872446423048910, 0.6439095715862723779, 0.7235368588589708994, 0.8094668313750243982, 0.9017911710461545827, 1.000000000000000000 ),
 ( 0.000000000000000000, 1.000000000000000000 ),
 .UNSPECIFIED. ) ;
#745 = DIRECTION ( 'NONE',  ( 0.000000000000000000, -1.000000000000000000, -0.000000000000000000 ) ) ;
#746 = CARTESIAN_POINT ( 'NONE',  ( 0.5976588201844871273, 1.626303258728256651E-16, 1.119852961728419638 ) ) ;
#747 = CARTESIAN_POINT ( 'NONE',  ( 0.04214035004176351629, 0.4000000000000000222, 1.710814415679639211 ) ) ;
#748 = ADVANCED_FACE ( 'NONE', ( #623 ), #593, .T. ) ;
#749 = CARTESIAN_POINT ( 'NONE',  ( 6.184466335694133068E-16, 0.9999999999999974465, 5.049999999999999822 ) ) ;
#750 = CARTESIAN_POINT ( 'NONE',  ( -0.6645939265982323541, 0.000000000000000000, 0.5499836214754048047 ) ) ;
#751 = CARTESIAN_POINT ( 'NONE',  ( 1.374732907975542595, 0.4000000000000000222, -1.128195765849392185 ) ) ;
#752 = CARTESIAN_POINT ( 'NONE',  ( 1.552535706911364333, 0.000000000000000000, 0.6828873012014491373 ) ) ;
#753 = ADVANCED_FACE ( 'NONE', ( #1921 ), #1891, .F. ) ;
#754 = EDGE_LOOP ( 'NONE', ( #2021, #818, #563, #1909 ) ) ;
#755 = CARTESIAN_POINT ( 'NONE',  ( 1.567944016799428075, 0.000000000000000000, 0.1929217020670568050 ) ) ;
#756 = CARTESIAN_POINT ( 'NONE',  ( -1.207898152750533916, -5.421010862427522170E-17, 1.807115713098948584 ) ) ;
#757 = ORIENTED_EDGE ( 'NONE', *, *, #1105, .T. ) ;
#758 = CARTESIAN_POINT ( 'NONE',  ( 0.8554109504304696632, 2.710505431213761085E-16, -1.823266189891210143 ) ) ;
#759 = CARTESIAN_POINT ( 'NONE',  ( -1.501652878453955564, 0.000000000000000000, -0.7714287521067049180 ) ) ;
#760 = CARTESIAN_POINT ( 'NONE',  ( 0.5683294540222905145, 0.4000000000000000222, 1.249495616325351222 ) ) ;
#761 = CARTESIAN_POINT ( 'NONE',  ( -1.523007327573084657, 0.4000000000000000222, 0.8745619824586562396 ) ) ;
#762 = CARTESIAN_POINT ( 'NONE',  ( 0.03288817280563229029, 0.4000000000000000222, -1.358409414765450407 ) ) ;
#763 = CARTESIAN_POINT ( 'NONE',  ( 0.000000000000000000, 20.50000000000001066, 0.000000000000000000 ) ) ;
#764 = CARTESIAN_POINT ( 'NONE',  ( -0.5416258868447952901, 0.000000000000000000, 2.332713567876310012 ) ) ;
#765 = CARTESIAN_POINT ( 'NONE',  ( -1.567944016799427631, 0.4000000000000000222, 0.1589229159884978648 ) ) ;
#766 = CARTESIAN_POINT ( 'NONE',  ( -0.3735923580469186489, -1.626303258728256651E-16, -1.246955409145128035 ) ) ;
#767 = CARTESIAN_POINT ( 'NONE',  ( 1.552535706911364333, 0.4000000000000000222, 0.6828873012014491373 ) ) ;
#768 = ORIENTED_EDGE ( 'NONE', *, *, #1539, .T. ) ;
#769 = CARTESIAN_POINT ( 'NONE',  ( 0.5446182587055586888, 0.000000000000000000, -1.980846605185206277 ) ) ;
#770 = CARTESIAN_POINT ( 'NONE',  ( 0.000000000000000000, 23.00000000000000000, 0.000000000000000000 ) ) ;
#771 = CARTESIAN_POINT ( 'NONE',  ( -0.008999678667853672209, 0.4000000000000000222, -1.360022850285947715 ) ) ;
#772 = CARTESIAN_POINT ( 'NONE',  ( -0.08887405345693863423, 0.4000000000000000222, 1.708934376329054761 ) ) ;
#773 = CARTESIAN_POINT ( 'NONE',  ( -1.296737873724658208, 0.000000000000000000, 1.650978746965154009 ) ) ;
#774 = EDGE_LOOP ( 'NONE', ( #384, #1291, #1753, #318 ) ) ;
#775 = CARTESIAN_POINT ( 'NONE',  ( -0.008999678667853672209, -1.626303258728256651E-16, -1.360022850285947715 ) ) ;
#776 = DIRECTION ( 'NONE',  ( 0.000000000000000000, -1.000000000000000000, 0.000000000000000000 ) ) ;
#777 = CARTESIAN_POINT ( 'NONE',  ( -0.5884327780111643369, 0.4000000000000000222, -0.8260545751773961110 ) ) ;
#778 = CARTESIAN_POINT ( 'NONE',  ( 0.5189814889469016590, 1.626303258728256651E-16, 1.383972272710727980 ) ) ;
#779 = CARTESIAN_POINT ( 'NONE',  ( 0.5366584516724229870, 0.4000000000000000222, -0.9799220544149378487 ) ) ;
#780 = CARTESIAN_POINT ( 'NONE',  ( 0.9322465985998008575, 0.000000000000000000, 2.183738709237351472 ) ) ;
#781 = ORIENTED_EDGE ( 'NONE', *, *, #836, .F. ) ;
#782 = CARTESIAN_POINT ( 'NONE',  ( -0.2521786400210054291, 0.4000000000000000222, -2.058352210030097496 ) ) ;
#783 = LINE ( 'NONE', #1248, #787 ) ;
#784 = CARTESIAN_POINT ( 'NONE',  ( -1.501652878453955564, 0.4000000000000000222, -0.7714287521067049180 ) ) ;
#785 = AXIS2_PLACEMENT_3D ( 'NONE', #1463, #186, #1317 ) ;
#786 = AXIS2_PLACEMENT_3D ( 'NONE', #763, #624, #1537 ) ;
#787 = VECTOR ( 'NONE', #1095, 1000.000000000000000 ) ;
#788 = CARTESIAN_POINT ( 'NONE',  ( 0.6621468238058455524, 0.4000000000000000222, 0.5636002169279027418 ) ) ;
#789 = CARTESIAN_POINT ( 'NONE',  ( 0.1141167421843458374, 0.4000000000000000222, 2.414477102311828549 ) ) ;
#790 = LINE ( 'NONE', #947, #719 ) ;
#791 = CARTESIAN_POINT ( 'NONE',  ( 0.000000000000000000, 20.00000000000000000, 3.850000000000000977 ) ) ;
#792 = VERTEX_POINT ( 'NONE', #521 ) ;
#793 = CARTESIAN_POINT ( 'NONE',  ( -0.04199850044998452991, -5.421010862427522170E-17, -2.063997714971405273 ) ) ;
#794 = LINE ( 'NONE', #496, #97 ) ;
#795 = CARTESIAN_POINT ( 'NONE',  ( 0.5683294540222905145, 0.000000000000000000, 1.249495616325351222 ) ) ;
#796 = CARTESIAN_POINT ( 'NONE',  ( -1.547398035787296733, -5.421010862427522170E-17, 0.6466549407987367548 ) ) ;
#797 = CARTESIAN_POINT ( 'NONE',  ( 0.4503691446982989177, 0.000000000000000000, 2.381996557488394117 ) ) ;
#798 = ADVANCED_FACE ( 'NONE', ( #957 ), #1144, .F. ) ;
#799 = CARTESIAN_POINT ( 'NONE',  ( 1.552535706911364333, 0.4000000000000000222, 0.6828873012014491373 ) ) ;
#800 = CARTESIAN_POINT ( 'NONE',  ( 0.3090891623149273904, 0.000000000000000000, 1.645324170276201148 ) ) ;
#801 = CARTESIAN_POINT ( 'NONE',  ( -0.3616633006567326336, 0.4000000000000000222, 2.381358039279251049 ) ) ;
#802 = CARTESIAN_POINT ( 'NONE',  ( -0.3124171848301231513, 0.4000000000000000222, -1.290914566553085452 ) ) ;
#803 = LINE ( 'NONE', #303, #1335 ) ;
#804 = CARTESIAN_POINT ( 'NONE',  ( -0.04199850044998452991, 0.4000000000000000222, -2.063997714971405273 ) ) ;
#805 = ORIENTED_EDGE ( 'NONE', *, *, #408, .T. ) ;
#806 = CARTESIAN_POINT ( 'NONE',  ( 0.6202581669635437445, 0.000000000000000000, 1.003611329899611881 ) ) ;
#807 = CARTESIAN_POINT ( 'NONE',  ( 6.184466335694133068E-16, 0.9999999999999974465, -5.049999999999999822 ) ) ;
#808 = CARTESIAN_POINT ( 'NONE',  ( 1.342954905715348035, 0.000000000000000000, 1.673381214804326333 ) ) ;
#809 = CARTESIAN_POINT ( 'NONE',  ( 0.6719760071997550321, 0.000000000000000000, 0.1479233087277875835 ) ) ;
#810 = B_SPLINE_CURVE_WITH_KNOTS ( 'NONE', 3,
 ( #631, #130, #1379, #2002, #355, #48, #1450, #1745, #171, #1302, #28, #1919, #1911, #1265, #671, #985, #651, #1890, #1140 ),
 .UNSPECIFIED., .F., .F.,
 ( 4, 1, 1, 1, 1, 1, 1, 1, 1, 1, 1, 1, 1, 1, 1, 1, 4 ),
 ( 0.000000000000000000, 0.08000890653894858484, 0.1560603079818838057, 0.2286528301645845140, 0.2976305958001327356, 0.3630437438843130415, 0.4251348915280968033, 0.4843009294188710401, 0.5408130055839895922, 0.5952591759816523442, 0.6487046508067718653, 0.7018377765321146544, 0.7555742553605743206, 0.8112478018068023378, 0.8696211586019314543, 0.9325796937914182516, 1.000000000000000000 ),
 .UNSPECIFIED. ) ;
#811 = EDGE_CURVE ( 'NONE', #614, #1311, #1932, .T. ) ;
#812 = CARTESIAN_POINT ( 'NONE',  ( 0.4503691446982989177, 1.626303258728256651E-16, 2.381996557488394117 ) ) ;
#813 = CARTESIAN_POINT ( 'NONE',  ( -1.104587297110673383, 0.4000000000000000222, 1.947471726349451870 ) ) ;
#814 = FACE_BOUND ( 'NONE', #1439, .T. ) ;
#815 = DIRECTION ( 'NONE',  ( 0.000000000000000000, 0.7071067811865460184, 0.7071067811865490160 ) ) ;
#816 = ADVANCED_FACE ( 'NONE', ( #1133 ), #1378, .T. ) ;
#817 = CARTESIAN_POINT ( 'NONE',  ( 1.298972886969677498, 0.4000000000000000222, -1.299878576627468307 ) ) ;
#818 = ORIENTED_EDGE ( 'NONE', *, *, #67, .F. ) ;
#819 = CARTESIAN_POINT ( 'NONE',  ( -1.547398035787296733, 0.4000000000000000222, 0.6466549407987367548 ) ) ;
#820 = DIRECTION ( 'NONE',  ( -0.000000000000000000, 1.000000000000000000, -0.000000000000000000 ) ) ;
#821 = CARTESIAN_POINT ( 'NONE',  ( -1.552900082877163523, 0.4000000000000000222, -0.3311050692333406542 ) ) ;
#822 = FACE_OUTER_BOUND ( 'NONE', #62, .T. ) ;
#823 = CARTESIAN_POINT ( 'NONE',  ( 0.03288817280563229029, 0.000000000000000000, -1.358409414765450407 ) ) ;
#824 = CARTESIAN_POINT ( 'NONE',  ( -0.3918836077721202238, 0.4000000000000000222, 1.564673792123189910 ) ) ;
#825 = FACE_OUTER_BOUND ( 'NONE', #92, .T. ) ;
#826 = CARTESIAN_POINT ( 'NONE',  ( -0.6709967148750830557, 0.4000000000000000222, 0.3792994407331207740 ) ) ;
#827 = ORIENTED_EDGE ( 'NONE', *, *, #1885, .F. ) ;
#828 = CARTESIAN_POINT ( 'NONE',  ( 0.6202581669635437445, 0.4000000000000000222, 1.003611329899611881 ) ) ;
#829 = CARTESIAN_POINT ( 'NONE',  ( 1.262973650565718975, 0.000000000000000000, 1.825777095176396969 ) ) ;
#830 = CARTESIAN_POINT ( 'NONE',  ( -1.567288008485162365, 0.4000000000000000222, 0.07424253770800705310 ) ) ;
#831 = CARTESIAN_POINT ( 'NONE',  ( 1.262973650565718975, 1.626303258728256651E-16, 1.825777095176396969 ) ) ;
#832 = CARTESIAN_POINT ( 'NONE',  ( -0.6709967148750830557, 0.000000000000000000, 0.3792994407331207740 ) ) ;
#833 = CARTESIAN_POINT ( 'NONE',  ( -1.567944016799427631, -5.421010862427522170E-17, 0.1589229159884978648 ) ) ;
#834 = FACE_OUTER_BOUND ( 'NONE', #321, .T. ) ;
#835 = ORIENTED_EDGE ( 'NONE', *, *, #230, .T. ) ;
#836 = EDGE_CURVE ( 'NONE', #1508, #342, #43, .T. ) ;
#837 = CARTESIAN_POINT ( 'NONE',  ( -0.3616633006567326336, 0.4000000000000000222, 2.381358039279251049 ) ) ;
#838 = CARTESIAN_POINT ( 'NONE',  ( 0.2259316570488912324, 0.4000000000000000222, -1.323402442819437530 ) ) ;
#839 = CARTESIAN_POINT ( 'NONE',  ( -0.9297506507078966420, -5.421010862427522170E-17, -1.832021476242732705 ) ) ;
#840 =( LENGTH_UNIT ( ) NAMED_UNIT ( * ) SI_UNIT ( .MILLI., .METRE. ) );
#841 = CARTESIAN_POINT ( 'NONE',  ( -0.9859751404306150713, 0.4000000000000000222, 2.070365377890005298 ) ) ;
#842 = DIRECTION ( 'NONE',  ( -0.000000000000000000, -1.000000000000000000, -0.000000000000000000 ) ) ;
#843 = CARTESIAN_POINT ( 'NONE',  ( -1.547398035787296733, 0.4000000000000000222, 0.6466549407987367548 ) ) ;
#844 = VERTEX_POINT ( 'NONE', #231 ) ;
#845 = B_SPLINE_CURVE_WITH_KNOTS ( 'NONE', 3,
 ( #765, #456, #1084, #1709, #626, #1246, #1427, #41, #1296, #534, #813, #841, #988, #1617, #1288, #801, #666, #22, #350 ),
 .UNSPECIFIED., .F., .F.,
 ( 4, 1, 1, 1, 1, 1, 1, 1, 1, 1, 1, 1, 1, 1, 1, 1, 4 ),
 ( 0.000000000000000000, 0.07974598701781208943, 0.1555542597532472149, 0.2281587123604130185, 0.2972368863263216143, 0.3630764334784996605, 0.4255087785992350269, 0.4844253309669640517, 0.5409751307642010065, 0.5957115252091277346, 0.6494121553958418502, 0.7025807491949874750, 0.7563530988548911038, 0.8120638091876259956, 0.8704761320796796653, 0.9328507288729406266, 1.000000000000000000 ),
 .UNSPECIFIED. ) ;
#846 = CARTESIAN_POINT ( 'NONE',  ( 1.374732907975542595, 0.4000000000000000222, -1.128195765849392185 ) ) ;
#847 = CARTESIAN_POINT ( 'NONE',  ( -0.5416258868447952901, 0.4000000000000000222, 2.332713567876310012 ) ) ;
#848 = CARTESIAN_POINT ( 'NONE',  ( -0.7876145946289502264, 0.000000000000000000, -1.916596269766404070 ) ) ;
#849 = PRESENTATION_STYLE_ASSIGNMENT (( #1942 ) ) ;
#850 = CARTESIAN_POINT ( 'NONE',  ( 0.4801036643362349698, 0.4000000000000000222, -1.098280670494919731 ) ) ;
#851 = CARTESIAN_POINT ( 'NONE',  ( -0.2574917755867190405, 0.4000000000000000222, 1.661921090868345718 ) ) ;
#852 = CARTESIAN_POINT ( 'NONE',  ( -0.3735923580469186489, 0.000000000000000000, -1.246955409145128035 ) ) ;
#853 = ORIENTED_EDGE ( 'NONE', *, *, #1624, .F. ) ;
#854 = B_SPLINE_SURFACE_WITH_KNOTS ( 'NONE', 3, 1, ( 
 ( #472, #1367 ),
 ( #1253, #1562 ),
 ( #1099, #1230 ),
 ( #1849, #1713 ),
 ( #788, #306 ),
 ( #918, #1988 ),
 ( #1838, #1869 ),
 ( #450, #1695 ),
 ( #1521, #1545 ),
 ( #118, #746 ),
 ( #1060, #1858 ),
 ( #1555, #778 ),
 ( #1402, #1684 ),
 ( #1088, #2024 ),
 ( #622, #481 ),
 ( #314, #1532 ),
 ( #440, #285 ),
 ( #935, #161 ),
 ( #1414, #910 ) ),
 .UNSPECIFIED., .F., .F., .F.,
 ( 4, 1, 1, 1, 1, 1, 1, 1, 1, 1, 1, 1, 1, 1, 1, 1, 4 ),
 ( 2, 2 ),
 ( 0.000000000000000000, 0.07829100420521498127, 0.1513429421402141817, 0.2202465813345391432, 0.2839300503126962472, 0.3440592118118234177, 0.4001106738923365103, 0.4521257037715517013, 0.5002507225135067737, 0.5867811130480512505, 0.6612553020892086852, 0.7256672462323787709, 0.7827170688337359294, 0.8358973463528424075, 0.8876463129533452845, 0.9415612841208130801, 1.000000000000000000 ),
 ( 0.000000000000000000, 1.000000000000000000 ),
 .UNSPECIFIED. ) ;
#855 = CARTESIAN_POINT ( 'NONE',  ( 1.374732907975542595, 2.710505431213761085E-16, -1.128195765849392185 ) ) ;
#856 = FACE_OUTER_BOUND ( 'NONE', #1527, .T. ) ;
#857 =( NAMED_UNIT ( * ) PLANE_ANGLE_UNIT ( ) SI_UNIT ( $, .RADIAN. ) );
#858 = ADVANCED_FACE ( 'NONE', ( #856, #576 ), #395, .T. ) ;
#859 = CARTESIAN_POINT ( 'NONE',  ( -0.6716931169042053007, -0.000000000000000000, 0.1275860609407975521 ) ) ;
#860 = CARTESIAN_POINT ( 'NONE',  ( -0.4959907033499663664, 0.4000000000000000222, 1.419828291193846237 ) ) ;
#861 = CARTESIAN_POINT ( 'NONE',  ( -0.2574917755867190405, 0.000000000000000000, 1.661921090868345718 ) ) ;
#862 = ORIENTED_EDGE ( 'NONE', *, *, #347, .T. ) ;
#863 = CARTESIAN_POINT ( 'NONE',  ( 0.1129511936550939150, 0.000000000000000000, -1.355325548747671416 ) ) ;
#864 = CARTESIAN_POINT ( 'NONE',  ( 0.04214035004176351629, 0.4000000000000000222, 1.710814415679639211 ) ) ;
#865 = CARTESIAN_POINT ( 'NONE',  ( -0.2521786400210054291, 0.000000000000000000, -2.058352210030097496 ) ) ;
#866 = CARTESIAN_POINT ( 'NONE',  ( 0.6202581669635437445, 1.626303258728256651E-16, 1.003611329899611881 ) ) ;
#867 = CARTESIAN_POINT ( 'NONE',  ( 0.5366584516724229870, 0.000000000000000000, -0.9799220544149378487 ) ) ;
#868 = CARTESIAN_POINT ( 'NONE',  ( -0.5884327780111643369, -1.626303258728256651E-16, -0.8260545751773961110 ) ) ;
#869 = CARTESIAN_POINT ( 'NONE',  ( 1.565463931521942298, 0.4000000000000000222, -0.05597351926266462552 ) ) ;
#870 = CARTESIAN_POINT ( 'NONE',  ( -0.08887405345693863423, 0.000000000000000000, 1.708934376329054761 ) ) ;
#871 = ORIENTED_EDGE ( 'NONE', *, *, #67, .T. ) ;
#872 = CARTESIAN_POINT ( 'NONE',  ( 0.004999821482141097659, 0.4000000000000000222, 1.711867468341502496 ) ) ;
#873 = CARTESIAN_POINT ( 'NONE',  ( 0.5446182587055586888, 0.4000000000000000222, -1.980846605185206277 ) ) ;
#874 = CARTESIAN_POINT ( 'NONE',  ( -1.259802448420853427, 0.000000000000000000, -1.473792655148715047 ) ) ;
#875 = B_SPLINE_CURVE_WITH_KNOTS ( 'NONE', 3,
 ( #343, #1263, #189, #1411, #334, #322, #1742, #313, #499, #1888, #4, #15, #639, #784, #1421, #926, #1120, #471, #629 ),
 .UNSPECIFIED., .F., .F.,
 ( 4, 1, 1, 1, 1, 1, 1, 1, 1, 1, 1, 1, 1, 1, 1, 1, 4 ),
 ( 0.000000000000000000, 0.06978531092549994375, 0.1336834744384250706, 0.1928707223315187791, 0.2478351585575061244, 0.3005269340468618156, 0.3523456681607168850, 0.4041734466483285493, 0.4572640014123837138, 0.5124138348313728164, 0.5704863120389815911, 0.6318474615280363915, 0.6974205603139538301, 0.7668414858502368148, 0.8404454651777942820, 0.9180152823349007063, 1.000000000000000000 ),
 .UNSPECIFIED. ) ;
#876 = PRESENTATION_LAYER_ASSIGNMENT (  '', '', ( #1758 ) ) ;
#877 = CARTESIAN_POINT ( 'NONE',  ( -0.1652713918807101334, 0.000000000000000000, 2.410386509712838965 ) ) ;
#878 = CARTESIAN_POINT ( 'NONE',  ( -0.4770762119709237581, 0.4000000000000000222, -1.119805414705757007 ) ) ;
#879 = DIRECTION ( 'NONE',  ( 0.000000000000000000, 0.000000000000000000, 1.000000000000000000 ) ) ;
#880 = CARTESIAN_POINT ( 'NONE',  ( -0.6645939265982323541, 0.000000000000000000, 0.5499836214754048047 ) ) ;
#881 = CIRCLE ( 'NONE', #461, 4.049999999999998046 ) ;
#882 =( GEOMETRIC_REPRESENTATION_CONTEXT ( 3 ) GLOBAL_UNCERTAINTY_ASSIGNED_CONTEXT ( ( #1978 ) ) GLOBAL_UNIT_ASSIGNED_CONTEXT ( ( #122, #1371, #288 ) ) REPRESENTATION_CONTEXT ( 'NONE', 'WORKASPACE' ) );
#883 = AXIS2_PLACEMENT_3D ( 'NONE', #944, #820, #1571 ) ;
#884 = ORIENTED_EDGE ( 'NONE', *, *, #374, .T. ) ;
#885 = CARTESIAN_POINT ( 'NONE',  ( 1.262973650565718975, 0.000000000000000000, 1.825777095176396969 ) ) ;
#886 = FACE_OUTER_BOUND ( 'NONE', #255, .T. ) ;
#887 = ORIENTED_EDGE ( 'NONE', *, *, #1283, .F. ) ;
#888 = FACE_BOUND ( 'NONE', #1355, .T. ) ;
#889 = CARTESIAN_POINT ( 'NONE',  ( -1.054014514981260975, 0.000000000000000000, -1.728205004957867663 ) ) ;
#890 = CARTESIAN_POINT ( 'NONE',  ( 0.1135463564838273681, 1.626303258728256651E-16, 1.708789827229419966 ) ) ;
#891 = CARTESIAN_POINT ( 'NONE',  ( -0.6711529067752837197, 0.000000000000000000, -0.01245586510328676282 ) ) ;
#892 = DIRECTION ( 'NONE',  ( 0.000000000000000000, -1.000000000000000000, 0.000000000000000000 ) ) ;
#893 = CARTESIAN_POINT ( 'NONE',  ( 0.8554109504304696632, 0.000000000000000000, -1.823266189891210143 ) ) ;
#894 = CARTESIAN_POINT ( 'NONE',  ( 1.567944016799428075, 0.4000000000000000222, 0.1929217020670568050 ) ) ;
#895 = ORIENTED_EDGE ( 'NONE', *, *, #735, .F. ) ;
#896 = CARTESIAN_POINT ( 'NONE',  ( 1.566111070491376323, 0.4000000000000000222, 0.4424112187261373674 ) ) ;
#897 = CARTESIAN_POINT ( 'NONE',  ( 1.567321867049383588, 0.4000000000000000222, 0.2776049466041818903 ) ) ;
#898 = FACE_OUTER_BOUND ( 'NONE', #333, .T. ) ;
#899 = EDGE_CURVE ( 'NONE', #125, #792, #1796, .T. ) ;
#900 = DIRECTION ( 'NONE',  ( -0.000000000000000000, -1.000000000000000000, -0.000000000000000000 ) ) ;
#901 = ADVANCED_FACE ( 'NONE', ( #711 ), #1050, .F. ) ;
#902 = CARTESIAN_POINT ( 'NONE',  ( -0.4770762119709237581, 0.4000000000000000222, -1.119805414705757007 ) ) ;
#903 = CARTESIAN_POINT ( 'NONE',  ( -0.6719760071997545881, 0.4000000000000000222, 0.2009214164384823809 ) ) ;
#904 = CARTESIAN_POINT ( 'NONE',  ( 0.02909659314571610284, 0.000000000000000000, -2.062104092001542988 ) ) ;
#905 = CARTESIAN_POINT ( 'NONE',  ( 0.04199850044998474502, -5.421010862427522170E-17, 2.415842333026959832 ) ) ;
#906 = ORIENTED_EDGE ( 'NONE', *, *, #836, .T. ) ;
#907 = CARTESIAN_POINT ( 'NONE',  ( 0.04199850044998474502, 0.000000000000000000, 2.415842333026959832 ) ) ;
#908 = CARTESIAN_POINT ( 'NONE',  ( 1.462541112189529535, 0.4000000000000000222, 1.322061879914542715 ) ) ;
#909 = CARTESIAN_POINT ( 'NONE',  ( -0.04199850044998452991, 0.4000000000000000222, -2.063997714971405273 ) ) ;
#910 = CARTESIAN_POINT ( 'NONE',  ( 0.004999821482141097659, 1.626303258728256651E-16, 1.711867468341502496 ) ) ;
#911 = CARTESIAN_POINT ( 'NONE',  ( -0.9859751404306150713, 0.4000000000000000222, 2.070365377890005298 ) ) ;
#912 = CARTESIAN_POINT ( 'NONE',  ( -0.4279542203282462043, -1.626303258728256651E-16, -1.189482049580810497 ) ) ;
#913 = CARTESIAN_POINT ( 'NONE',  ( 6.184466335694133068E-16, 20.00000000000000000, 5.049999999999999822 ) ) ;
#914 = CARTESIAN_POINT ( 'NONE',  ( 1.462541112189529535, 0.000000000000000000, 1.322061879914542715 ) ) ;
#915 = CARTESIAN_POINT ( 'NONE',  ( -0.03740957590277303735, -1.626303258728256651E-16, -1.359528904480292955 ) ) ;
#916 = CARTESIAN_POINT ( 'NONE',  ( 1.168735568293208349, 0.4000000000000000222, 1.962207144058167430 ) ) ;
#917 = CARTESIAN_POINT ( 'NONE',  ( 1.549247691095819723, 0.000000000000000000, -0.2966214335138954716 ) ) ;
#918 = CARTESIAN_POINT ( 'NONE',  ( 0.6558962734643254411, 0.4000000000000000222, 0.6857058319922484380 ) ) ;
#919 = DIRECTION ( 'NONE',  ( 0.000000000000000000, 0.000000000000000000, 1.000000000000000000 ) ) ;
#920 = CARTESIAN_POINT ( 'NONE',  ( -0.6258575735473548285, 0.4000000000000000222, 0.9925080918810356145 ) ) ;
#921 = EDGE_CURVE ( 'NONE', #1984, #1311, #1544, .T. ) ;
#922 = CARTESIAN_POINT ( 'NONE',  ( -0.1652713918807101334, 0.000000000000000000, 2.410386509712838965 ) ) ;
#923 = ORIENTED_EDGE ( 'NONE', *, *, #1885, .T. ) ;
#924 = CARTESIAN_POINT ( 'NONE',  ( -0.5566972473714018044, -1.626303258728256651E-16, -0.9384636543339374137 ) ) ;
#925 = ORIENTED_EDGE ( 'NONE', *, *, #597, .F. ) ;
#926 = CARTESIAN_POINT ( 'NONE',  ( -1.552900082877163523, 0.4000000000000000222, -0.3311050692333406542 ) ) ;
#927 = CARTESIAN_POINT ( 'NONE',  ( -1.567944016799427631, 0.000000000000000000, 0.1589229159884978648 ) ) ;
#928 = CARTESIAN_POINT ( 'NONE',  ( 1.567944016799428075, 0.4000000000000000222, 0.1929217020670568050 ) ) ;
#929 = DIRECTION ( 'NONE',  ( -0.000000000000000000, -1.000000000000000000, -0.000000000000000000 ) ) ;
#930 = DIRECTION ( 'NONE',  ( -0.000000000000000000, -1.000000000000000000, -0.000000000000000000 ) ) ;
#931 = VERTEX_POINT ( 'NONE', #1222 ) ;
#932 = CARTESIAN_POINT ( 'NONE',  ( -0.6643798959201195897, 0.4000000000000000222, -0.2125575864964212858 ) ) ;
#933 = ORIENTED_EDGE ( 'NONE', *, *, #7, .T. ) ;
#934 = CARTESIAN_POINT ( 'NONE',  ( -0.6716931169042053007, 0.4000000000000000222, 0.1275860609407975521 ) ) ;
#935 = CARTESIAN_POINT ( 'NONE',  ( 0.04214035004176351629, 0.4000000000000000222, 1.710814415679639211 ) ) ;
#936 = CARTESIAN_POINT ( 'NONE',  ( -0.3124171848301231513, 0.4000000000000000222, -1.290914566553085452 ) ) ;
#937 = CARTESIAN_POINT ( 'NONE',  ( 0.004999821482141097659, 0.000000000000000000, 1.711867468341502496 ) ) ;
#938 = VERTEX_POINT ( 'NONE', #1080 ) ;
#939 = CARTESIAN_POINT ( 'NONE',  ( -2.565151067676131547, 20.00000000000000000, 1.649999999999999911 ) ) ;
#940 = LINE ( 'NONE', #1568, #1603 ) ;
#941 = ORIENTED_EDGE ( 'NONE', *, *, #680, .T. ) ;
#942 = CARTESIAN_POINT ( 'NONE',  ( -0.03740957590277303735, 0.4000000000000000222, -1.359528904480292955 ) ) ;
#943 = CARTESIAN_POINT ( 'NONE',  ( -0.09227705879915794329, 0.000000000000000000, -1.358574956536749756 ) ) ;
#944 = CARTESIAN_POINT ( 'NONE',  ( 0.000000000000000000, 20.50000000000001066, 0.000000000000000000 ) ) ;
#945 = VECTOR ( 'NONE', #1976, 1000.000000000000000 ) ;
#946 = CARTESIAN_POINT ( 'NONE',  ( 1.502782179485117053, 0.4000000000000000222, 1.123329255053777009 ) ) ;
#947 = CARTESIAN_POINT ( 'NONE',  ( -1.567944016799427631, 0.4000000000000000222, 0.1589229159884978648 ) ) ;
#948 = CARTESIAN_POINT ( 'NONE',  ( 1.567321867049383588, 1.626303258728256651E-16, 0.2776049466041818903 ) ) ;
#949 = ORIENTED_EDGE ( 'NONE', *, *, #647, .T. ) ;
#950 = CARTESIAN_POINT ( 'NONE',  ( -0.4499859739248382451, 0.4000000000000000222, -2.030813074111875061 ) ) ;
#951 = FACE_OUTER_BOUND ( 'NONE', #246, .T. ) ;
#952 = CARTESIAN_POINT ( 'NONE',  ( -0.6643798959201195897, 0.4000000000000000222, -0.2125575864964212858 ) ) ;
#953 = CARTESIAN_POINT ( 'NONE',  ( -0.1713286487298217309, 0.000000000000000000, -1.343429438789584873 ) ) ;
#954 = EDGE_CURVE ( 'NONE', #553, #677, #1392, .T. ) ;
#955 = CARTESIAN_POINT ( 'NONE',  ( 0.1141167421843458374, -0.000000000000000000, 2.414477102311828549 ) ) ;
#956 = EDGE_CURVE ( 'NONE', #553, #476, #1042, .T. ) ;
#957 = FACE_OUTER_BOUND ( 'NONE', #1457, .T. ) ;
#958 = FACE_OUTER_BOUND ( 'NONE', #596, .T. ) ;
#959 = CARTESIAN_POINT ( 'NONE',  ( -0.6645939265982323541, 0.000000000000000000, 0.5499836214754048047 ) ) ;
#960 = CARTESIAN_POINT ( 'NONE',  ( -1.259802448420853427, 0.4000000000000000222, -1.473792655148715047 ) ) ;
#961 = CARTESIAN_POINT ( 'NONE',  ( 1.567103462847580841, 0.4000000000000000222, 0.1085657874604816775 ) ) ;
#962 = ORIENTED_EDGE ( 'NONE', *, *, #1920, .T. ) ;
#963 = DIRECTION ( 'NONE',  ( 8.659560562354830553E-17, 0.7071067811865561215, -0.7071067811865390240 ) ) ;
#964 = CARTESIAN_POINT ( 'NONE',  ( -0.3735923580469186489, 0.4000000000000000222, -1.246955409145128035 ) ) ;
#965 = CARTESIAN_POINT ( 'NONE',  ( 1.532166050052967243, 0.000000000000000000, 0.9098192784009662137 ) ) ;
#966 = CARTESIAN_POINT ( 'NONE',  ( -1.462209270773016323, 0.4000000000000000222, -0.9706191184321779630 ) ) ;
#967 = CARTESIAN_POINT ( 'NONE',  ( 1.567944016799428075, 1.626303258728256651E-16, 0.1929217020670568050 ) ) ;
#968 = CARTESIAN_POINT ( 'NONE',  ( -0.02710872824860207156, 0.4000000000000000222, 1.710864235750884088 ) ) ;
#969 = CARTESIAN_POINT ( 'NONE',  ( -1.340149019110335127, 0.4000000000000000222, -1.321620027551184018 ) ) ;
#970 = CARTESIAN_POINT ( 'NONE',  ( 0.04214035004176351629, 0.4000000000000000222, 1.710814415679639211 ) ) ;
#971 = CARTESIAN_POINT ( 'NONE',  ( -0.3282043008317279686, 0.000000000000000000, 1.618556119757482481 ) ) ;
#972 = ORIENTED_EDGE ( 'NONE', *, *, #954, .T. ) ;
#973 = VECTOR ( 'NONE', #514, 1000.000000000000000 ) ;
#974 = CARTESIAN_POINT ( 'NONE',  ( 0.04199850044998474502, -5.421010862427522170E-17, 2.415842333026959832 ) ) ;
#975 = FACE_OUTER_BOUND ( 'NONE', #754, .T. ) ;
#976 = AXIS2_PLACEMENT_3D ( 'NONE', #1286, #491, #192 ) ;
#977 = AXIS2_PLACEMENT_3D ( 'NONE', #770, #602, #1705 ) ;
#978 = CARTESIAN_POINT ( 'NONE',  ( -1.501652878453955564, 0.4000000000000000222, -0.7714287521067049180 ) ) ;
#979 = DIRECTION ( 'NONE',  ( 0.000000000000000000, 0.000000000000000000, -1.000000000000000000 ) ) ;
#980 = CARTESIAN_POINT ( 'NONE',  ( 0.1129511936550939150, 0.4000000000000000222, -1.355325548747671416 ) ) ;
#981 = CARTESIAN_POINT ( 'NONE',  ( -0.3918836077721202238, 0.000000000000000000, 1.564673792123189910 ) ) ;
#982 = CARTESIAN_POINT ( 'NONE',  ( 0.000000000000000000, 20.00000000000000000, 1.649999999999999911 ) ) ;
#983 = VERTEX_POINT ( 'NONE', #1879 ) ;
#984 = CARTESIAN_POINT ( 'NONE',  ( 1.567944016799428075, 0.4000000000000000222, 0.1929217020670568050 ) ) ;
#985 = CARTESIAN_POINT ( 'NONE',  ( 0.3640363955524176243, 0.000000000000000000, -2.029758898638859943 ) ) ;
#986 = CARTESIAN_POINT ( 'NONE',  ( -1.340149019110335127, -5.421010862427522170E-17, -1.321620027551184018 ) ) ;
#987 = CARTESIAN_POINT ( 'NONE',  ( -1.501652878453955564, 0.4000000000000000222, -0.7714287521067049180 ) ) ;
#988 = CARTESIAN_POINT ( 'NONE',  ( -0.8524746497242211563, 0.4000000000000000222, 2.175171039202551615 ) ) ;
#989 = CARTESIAN_POINT ( 'NONE',  ( -1.462209270773016323, -5.421010862427522170E-17, -0.9706191184321779630 ) ) ;
#990 = CARTESIAN_POINT ( 'NONE',  ( 0.5976588201844871273, 0.4000000000000000222, 1.119852961728419638 ) ) ;
#991 = DIRECTION ( 'NONE',  ( -1.000000000000000000, 0.000000000000000000, -0.000000000000000000 ) ) ;
#992 = VERTEX_POINT ( 'NONE', #6 ) ;
#993 = CARTESIAN_POINT ( 'NONE',  ( 0.6337018847643635100, 0.4000000000000000222, 0.9053969772436296637 ) ) ;
#994 = CARTESIAN_POINT ( 'NONE',  ( -0.5416258868447952901, -5.421010862427522170E-17, 2.332713567876310012 ) ) ;
#995 = DIRECTION ( 'NONE',  ( 0.000000000000000000, 0.000000000000000000, -1.000000000000000000 ) ) ;
#996 = CARTESIAN_POINT ( 'NONE',  ( -1.566011318092086269, 0.4000000000000000222, -0.09055815624942040176 ) ) ;
#997 = CARTESIAN_POINT ( 'NONE',  ( -0.6719760071997545881, 0.4000000000000000222, 0.2009214164384823809 ) ) ;
#998 = CARTESIAN_POINT ( 'NONE',  ( -1.501652878453955564, 0.4000000000000000222, -0.7714287521067049180 ) ) ;
#999 = CARTESIAN_POINT ( 'NONE',  ( 1.567103462847580841, 0.4000000000000000222, 0.1085657874604816775 ) ) ;
#1000 = CARTESIAN_POINT ( 'NONE',  ( -0.6716429238477796826, -0.000000000000000000, 0.2615925242924580507 ) ) ;
#1001 = EDGE_LOOP ( 'NONE', ( #1385, #281, #1995 ) ) ;
#1002 = B_SPLINE_CURVE_WITH_KNOTS ( 'NONE', 3,
 ( #1234, #113, #606, #1708, #1226, #1853, #309, #1558, #155, #740, #1405, #1362, #1983, #581, #800, #1426, #522, #1607, #937 ),
 .UNSPECIFIED., .F., .F.,
 ( 4, 1, 1, 1, 1, 1, 1, 1, 1, 1, 1, 1, 1, 1, 1, 1, 4 ),
 ( 0.000000000000000000, 0.07829100420521498127, 0.1513429421402141817, 0.2202465813345391432, 0.2839300503126962472, 0.3440592118118234177, 0.4001106738923365103, 0.4521257037715517013, 0.5002507225135067737, 0.5867811130480512505, 0.6612553020892086852, 0.7256672462323787709, 0.7827170688337359294, 0.8358973463528424075, 0.8876463129533452845, 0.9415612841208130801, 1.000000000000000000 ),
 .UNSPECIFIED. ) ;
#1003 = CARTESIAN_POINT ( 'NONE',  ( 0.000000000000000000, 0.9999999999999974465, 0.000000000000000000 ) ) ;
#1004 = EDGE_CURVE ( 'NONE', #1898, #188, #263, .T. ) ;
#1005 = CARTESIAN_POINT ( 'NONE',  ( -0.1140856580161652561, 0.4000000000000000222, -2.062061431148037194 ) ) ;
#1006 = B_SPLINE_CURVE_WITH_KNOTS ( 'NONE', 3,
 ( #331, #1577, #1925, #1309, #1279, #1761, #1149, #1907, #1774, #990, #217, #507, #1127, #391, #1009, #685, #1751, #970, #1598 ),
 .UNSPECIFIED., .F., .F.,
 ( 4, 1, 1, 1, 1, 1, 1, 1, 1, 1, 1, 1, 1, 1, 1, 1, 4 ),
 ( 0.000000000000000000, 0.07829100420521498127, 0.1513429421402141817, 0.2202465813345391432, 0.2839300503126962472, 0.3440592118118234177, 0.4001106738923365103, 0.4521257037715517013, 0.5002507225135067737, 0.5867811130480512505, 0.6612553020892086852, 0.7256672462323787709, 0.7827170688337359294, 0.8358973463528424075, 0.8876463129533452845, 0.9415612841208130801, 1.000000000000000000 ),
 .UNSPECIFIED. ) ;
#1007 = CARTESIAN_POINT ( 'NONE',  ( 0.6714200135956830406, 0.000000000000000000, 0.06725161283401570600 ) ) ;
#1008 = CARTESIAN_POINT ( 'NONE',  ( -0.6716931169042053007, 0.4000000000000000222, 0.1275860609407975521 ) ) ;
#1009 = CARTESIAN_POINT ( 'NONE',  ( 0.3090891623149273904, 0.4000000000000000222, 1.645324170276201148 ) ) ;
#1010 = CARTESIAN_POINT ( 'NONE',  ( -0.6560892517906532495, 0.000000000000000000, 0.7090739872346466521 ) ) ;
#1011 = ORIENTED_EDGE ( 'NONE', *, *, #20, .F. ) ;
#1012 = ORIENTED_EDGE ( 'NONE', *, *, #170, .T. ) ;
#1013 = CARTESIAN_POINT ( 'NONE',  ( 0.2155437680987595805, 0.4000000000000000222, 1.685097936930892271 ) ) ;
#1014 = CIRCLE ( 'NONE', #1117, 5.049999999999999822 ) ;
#1015 = ADVANCED_FACE ( 'NONE', ( #611 ), #854, .F. ) ;
#1016 = CARTESIAN_POINT ( 'NONE',  ( -0.6281183316758176538, 0.000000000000000000, -1.983161467789470223 ) ) ;
#1017 = CARTESIAN_POINT ( 'NONE',  ( 0.6713457942924331290, 0.4000000000000000222, 0.2935944939378948848 ) ) ;
#1018 = EDGE_CURVE ( 'NONE', #509, #1508, #810, .T. ) ;
#1019 = CARTESIAN_POINT ( 'NONE',  ( -0.008999678667853672209, 0.000000000000000000, -1.360022850285947715 ) ) ;
#1020 = CARTESIAN_POINT ( 'NONE',  ( -0.5884327780111643369, 0.4000000000000000222, -0.8260545751773961110 ) ) ;
#1021 = SURFACE_SIDE_STYLE ('',( #1982 ) ) ;
#1022 = CARTESIAN_POINT ( 'NONE',  ( -1.565958021596625782, 0.4000000000000000222, 0.4068830459802363908 ) ) ;
#1023 = EDGE_LOOP ( 'NONE', ( #1227, #1011, #1035, #1497 ) ) ;
#1024 = CARTESIAN_POINT ( 'NONE',  ( 0.5827192628042393574, 0.000000000000000000, -0.8427290971260341657 ) ) ;
#1025 = VERTEX_POINT ( 'NONE', #181 ) ;
#1026 = CARTESIAN_POINT ( 'NONE',  ( -0.04199850044998452991, 0.4000000000000000222, -2.063997714971405273 ) ) ;
#1027 = CARTESIAN_POINT ( 'NONE',  ( -0.9297506507078966420, 0.000000000000000000, -1.832021476242732705 ) ) ;
#1028 = B_SPLINE_SURFACE_WITH_KNOTS ( 'NONE', 3, 1, ( 
 ( #1784, #382 ),
 ( #999, #267 ),
 ( #869, #1339 ),
 ( #1215, #561 ),
 ( #702, #729 ),
 ( #569, #592 ),
 ( #579, #1667 ),
 ( #751, #276 ),
 ( #1196, #1204 ),
 ( #1492, #1053 ),
 ( #1349, #1963 ),
 ( #1677, #433 ),
 ( #78, #893 ),
 ( #1327, #1184 ),
 ( #400, #1361 ),
 ( #1841, #1830 ),
 ( #1822, #1484 ),
 ( #1971, #904 ),
 ( #1063, #1645 ) ),
 .UNSPECIFIED., .F., .F., .F.,
 ( 4, 1, 1, 1, 1, 1, 1, 1, 1, 1, 1, 1, 1, 1, 1, 1, 4 ),
 ( 2, 2 ),
 ( 0.000000000000000000, 0.08000890653894858484, 0.1560603079818838057, 0.2286528301645845140, 0.2976305958001327356, 0.3630437438843130415, 0.4251348915280968033, 0.4843009294188710401, 0.5408130055839895922, 0.5952591759816523442, 0.6487046508067718653, 0.7018377765321146544, 0.7555742553605743206, 0.8112478018068023378, 0.8696211586019314543, 0.9325796937914182516, 1.000000000000000000 ),
 ( 0.000000000000000000, 1.000000000000000000 ),
 .UNSPECIFIED. ) ;
#1029 = CARTESIAN_POINT ( 'NONE',  ( 0.6459009408661661178, 0.4000000000000000222, -0.5074350220010478418 ) ) ;
#1030 = DIRECTION ( 'NONE',  ( 0.000000000000000000, 0.000000000000000000, 1.000000000000000000 ) ) ;
#1031 = CARTESIAN_POINT ( 'NONE',  ( -0.6258575735473548285, 0.000000000000000000, 0.9925080918810356145 ) ) ;
#1032 = ORIENTED_EDGE ( 'NONE', *, *, #1744, .F. ) ;
#1033 = CARTESIAN_POINT ( 'NONE',  ( 0.03288817280563229029, -0.000000000000000000, -1.358409414765450407 ) ) ;
#1034 = CARTESIAN_POINT ( 'NONE',  ( -1.565958021596625782, 0.4000000000000000222, 0.4068830459802363908 ) ) ;
#1035 = ORIENTED_EDGE ( 'NONE', *, *, #1979, .F. ) ;
#1036 = CARTESIAN_POINT ( 'NONE',  ( 0.9890273343452844479, 2.710505431213761085E-16, -1.718882791778022057 ) ) ;
#1037 = CARTESIAN_POINT ( 'NONE',  ( 0.000000000000000000, 0.000000000000000000, 0.000000000000000000 ) ) ;
#1038 = CARTESIAN_POINT ( 'NONE',  ( 0.6719760071997550321, 0.000000000000000000, 0.1479233087277875835 ) ) ;
#1039 = CARTESIAN_POINT ( 'NONE',  ( -0.6258575735473548285, 0.4000000000000000222, 0.9925080918810356145 ) ) ;
#1040 = DIRECTION ( 'NONE',  ( 0.000000000000000000, 1.000000000000000000, -0.000000000000000000 ) ) ;
#1041 = CARTESIAN_POINT ( 'NONE',  ( -1.567270939954701348, 0.4000000000000000222, 0.2429594844945036358 ) ) ;
#1042 = CIRCLE ( 'NONE', #977, 5.049999999999999822 ) ;
#1043 = ORIENTED_EDGE ( 'NONE', *, *, #20, .T. ) ;
#1044 = ADVANCED_FACE ( 'NONE', ( #191 ), #512, .F. ) ;
#1045 = LINE ( 'NONE', #939, #1601 ) ;
#1046 = CARTESIAN_POINT ( 'NONE',  ( 1.058666182803519540, 0.4000000000000000222, 2.081763132664695704 ) ) ;
#1047 = CARTESIAN_POINT ( 'NONE',  ( 0.1665818176034304099, 0.4000000000000000222, -2.058442163085179466 ) ) ;
#1048 = PRODUCT_DEFINITION_SHAPE ( 'NONE', 'NONE',  #366 ) ;
#1049 = B_SPLINE_SURFACE_WITH_KNOTS ( 'NONE', 3, 1, ( 
 ( #51, #339 ),
 ( #185, #823 ),
 ( #980, #1435 ),
 ( #524, #1490 ),
 ( #225, #1653 ),
 ( #1359, #700 ),
 ( #850, #1182 ),
 ( #1502, #867 ),
 ( #101, #265 ),
 ( #1173, #1473 ),
 ( #1029, #1951 ),
 ( #1202, #1789 ),
 ( #1482, #398 ),
 ( #1828, #1007 ),
 ( #235, #86 ) ),
 .UNSPECIFIED., .F., .F., .F.,
 ( 4, 1, 1, 1, 1, 1, 1, 1, 1, 1, 1, 1, 4 ),
 ( 2, 2 ),
 ( 0.000000000000000000, 0.06768319652432493172, 0.1293673698665419869, 0.1882956358666404706, 0.2475517424061131344, 0.3115651344273478451, 0.3808414951658413705, 0.4590164384330572833, 0.5455519445981339421, 0.6421912381404847325, 0.7499909381704255029, 0.8693726043265829206, 1.000000000000000000 ),
 ( 0.000000000000000000, 1.000000000000000000 ),
 .UNSPECIFIED. ) ;
#1050 = CYLINDRICAL_SURFACE ( 'NONE', #1143, 4.349999999999999645 ) ;
#1051 = CARTESIAN_POINT ( 'NONE',  ( -0.03740957590277303735, -0.000000000000000000, -1.359528904480292955 ) ) ;
#1052 = CARTESIAN_POINT ( 'NONE',  ( 0.000000000000000000, 20.50000000000001066, 0.000000000000000000 ) ) ;
#1053 = CARTESIAN_POINT ( 'NONE',  ( 1.210234812762141621, 0.000000000000000000, -1.456213719989455591 ) ) ;
#1054 = FACE_OUTER_BOUND ( 'NONE', #1802, .T. ) ;
#1055 = ORIENTED_EDGE ( 'NONE', *, *, #536, .F. ) ;
#1056 = CARTESIAN_POINT ( 'NONE',  ( 0.1141167421843458374, 0.4000000000000000222, 2.414477102311828549 ) ) ;
#1057 = CARTESIAN_POINT ( 'NONE',  ( -1.567270939954701348, -5.421010862427522170E-17, 0.2429594844945036358 ) ) ;
#1058 = VERTEX_POINT ( 'NONE', #345 ) ;
#1059 = CARTESIAN_POINT ( 'NONE',  ( 1.567944016799428075, 0.4000000000000000222, 0.1929217020670568050 ) ) ;
#1060 = CARTESIAN_POINT ( 'NONE',  ( 0.5683294540222905145, 0.4000000000000000222, 1.249495616325351222 ) ) ;
#1061 = CARTESIAN_POINT ( 'NONE',  ( -1.207898152750533916, -5.421010862427522170E-17, 1.807115713098948584 ) ) ;
#1062 = CARTESIAN_POINT ( 'NONE',  ( 0.7894150075158848923, 0.4000000000000000222, 2.268229736326170087 ) ) ;
#1063 = CARTESIAN_POINT ( 'NONE',  ( -0.04199850044998452991, 0.4000000000000000222, -2.063997714971405273 ) ) ;
#1064 = CARTESIAN_POINT ( 'NONE',  ( 0.7894150075158848923, 0.000000000000000000, 2.268229736326170087 ) ) ;
#1065 = ORIENTED_EDGE ( 'NONE', *, *, #735, .T. ) ;
#1066 = CARTESIAN_POINT ( 'NONE',  ( -0.008999678667853672209, 0.000000000000000000, -1.360022850285947715 ) ) ;
#1067 = PRODUCT ( 'JK-RTF-02-17-01 Knob_0', 'JK-RTF-02-17-01 Knob_0', '', ( #264 ) ) ;
#1068 = CARTESIAN_POINT ( 'NONE',  ( -0.7049558110402919242, -5.421010862427522170E-17, 2.263283651350205705 ) ) ;
#1069 = CARTESIAN_POINT ( 'NONE',  ( 0.9890273343452844479, 0.000000000000000000, -1.718882791778022057 ) ) ;
#1070 = ADVANCED_FACE ( 'NONE', ( #1592, #975 ), #520, .T. ) ;
#1071 = CARTESIAN_POINT ( 'NONE',  ( 0.000000000000000000, 20.00000000000000000, 0.000000000000000000 ) ) ;
#1072 = CARTESIAN_POINT ( 'NONE',  ( -0.2445602444429653965, -1.626303258728256651E-16, -1.322168758857392046 ) ) ;
#1073 = CARTESIAN_POINT ( 'NONE',  ( -1.484863664245169135, 0.000000000000000000, 1.090015474804707951 ) ) ;
#1074 = B_SPLINE_CURVE_WITH_KNOTS ( 'NONE', 3,
 ( #1365, #280, #1986, #1467, #1940, #1826, #565, #1046, #916, #1835, #271, #1846, #908, #1188, #1998, #767, #1388, #897, #1518 ),
 .UNSPECIFIED., .F., .F.,
 ( 4, 1, 1, 1, 1, 1, 1, 1, 1, 1, 1, 1, 1, 1, 1, 1, 4 ),
 ( 0.000000000000000000, 0.06971424375497414783, 0.1339257267699553999, 0.1929811361950673765, 0.2483232665883930157, 0.3012488577589456096, 0.3530715149961000665, 0.4048730985648489322, 0.4579203669448181357, 0.5130252349856478933, 0.5710503638925201741, 0.6321780340553271316, 0.6976976690499471223, 0.7670619935418498958, 0.8405755549632122348, 0.9180821270306058768, 0.9999999999999998890 ),
 .UNSPECIFIED. ) ;
#1075 = VERTEX_POINT ( 'NONE', #1768 ) ;
#1076 = CARTESIAN_POINT ( 'NONE',  ( -0.6281183316758176538, 0.4000000000000000222, -1.983161467789470223 ) ) ;
#1077 = VECTOR ( 'NONE', #1699, 1000.000000000000000 ) ;
#1078 = STYLED_ITEM ( 'NONE', ( #1811 ), #1345 ) ;
#1079 = CARTESIAN_POINT ( 'NONE',  ( 0.3901549928576468762, 0.000000000000000000, 1.580567824582960190 ) ) ;
#1080 = CARTESIAN_POINT ( 'NONE',  ( -0.6719760071997545881, 0.000000000000000000, 0.2009214164384823809 ) ) ;
#1081 = CARTESIAN_POINT ( 'NONE',  ( 0.3247712160334606524, 0.000000000000000000, -1.270609496076245959 ) ) ;
#1082 = FACE_OUTER_BOUND ( 'NONE', #1874, .T. ) ;
#1083 = CARTESIAN_POINT ( 'NONE',  ( 1.058666182803519540, 0.000000000000000000, 2.081763132664695704 ) ) ;
#1084 = CARTESIAN_POINT ( 'NONE',  ( -1.565958021596625782, 0.4000000000000000222, 0.4068830459802363908 ) ) ;
#1085 = CARTESIAN_POINT ( 'NONE',  ( -0.008999678667853672209, 0.4000000000000000222, -1.360022850285947715 ) ) ;
#1086 = ORIENTED_EDGE ( 'NONE', *, *, #119, .T. ) ;
#1087 = CARTESIAN_POINT ( 'NONE',  ( 0.04214035004176351629, -0.000000000000000000, 1.710814415679639211 ) ) ;
#1088 = CARTESIAN_POINT ( 'NONE',  ( 0.3901549928576468762, 0.4000000000000000222, 1.580567824582960190 ) ) ;
#1089 = CARTESIAN_POINT ( 'NONE',  ( -0.3735923580469186489, -1.626303258728256651E-16, -1.246955409145128035 ) ) ;
#1090 = CARTESIAN_POINT ( 'NONE',  ( -0.3282043008317279686, 0.4000000000000000222, 1.618556119757482481 ) ) ;
#1091 = CARTESIAN_POINT ( 'NONE',  ( -1.523007327573084657, 0.000000000000000000, 0.8745619824586562396 ) ) ;
#1092 = ORIENTED_EDGE ( 'NONE', *, *, #387, .F. ) ;
#1093 = CARTESIAN_POINT ( 'NONE',  ( -0.4770762119709237581, 0.4000000000000000222, -1.119805414705757007 ) ) ;
#1094 = ADVANCED_FACE ( 'NONE', ( #1734 ), #526, .F. ) ;
#1095 = DIRECTION ( 'NONE',  ( 1.000000000000000000, -0.000000000000000000, 0.000000000000000000 ) ) ;
#1096 = ORIENTED_EDGE ( 'NONE', *, *, #1495, .T. ) ;
#1097 = CARTESIAN_POINT ( 'NONE',  ( -0.3735923580469186489, 0.4000000000000000222, -1.246955409145128035 ) ) ;
#1098 = CARTESIAN_POINT ( 'NONE',  ( -0.5203661023939673003, 0.4000000000000000222, -1.036416277647998596 ) ) ;
#1099 = CARTESIAN_POINT ( 'NONE',  ( 0.6713457942924331290, 0.4000000000000000222, 0.2935944939378948848 ) ) ;
#1100 = CARTESIAN_POINT ( 'NONE',  ( 0.5827192628042393574, 0.000000000000000000, -0.8427290971260341657 ) ) ;
#1101 = CARTESIAN_POINT ( 'NONE',  ( 0.04199850044998474502, 0.4000000000000000222, 2.415842333026959832 ) ) ;
#1102 = ORIENTED_EDGE ( 'NONE', *, *, #408, .F. ) ;
#1103 = CARTESIAN_POINT ( 'NONE',  ( -0.6521774134799264155, 0.4000000000000000222, -0.3929220812651494921 ) ) ;
#1104 = FACE_OUTER_BOUND ( 'NONE', #1129, .T. ) ;
#1105 = EDGE_CURVE ( 'NONE', #219, #792, #1170, .T. ) ;
#1106 = EDGE_LOOP ( 'NONE', ( #781, #887, #402, #1096 ) ) ;
#1107 = CARTESIAN_POINT ( 'NONE',  ( -0.09227705879915794329, 0.4000000000000000222, -1.358574956536749756 ) ) ;
#1108 = EDGE_CURVE ( 'NONE', #11, #1025, #708, .T. ) ;
#1109 = CARTESIAN_POINT ( 'NONE',  ( -0.6150481974240906702, 0.4000000000000000222, -0.6983904647163351465 ) ) ;
#1110 = DIRECTION ( 'NONE',  ( 0.000000000000000000, -1.000000000000000000, -0.000000000000000000 ) ) ;
#1111 = DIRECTION ( 'NONE',  ( -0.000000000000000000, -1.000000000000000000, -0.000000000000000000 ) ) ;
#1112 = CARTESIAN_POINT ( 'NONE',  ( -0.3918836077721202238, 0.4000000000000000222, 1.564673792123189910 ) ) ;
#1113 = CARTESIAN_POINT ( 'NONE',  ( 1.462541112189529535, 1.626303258728256651E-16, 1.322061879914542715 ) ) ;
#1114 = DIRECTION ( 'NONE',  ( -0.000000000000000000, 1.000000000000000000, -0.000000000000000000 ) ) ;
#1115 = CARTESIAN_POINT ( 'NONE',  ( 1.321545709625935983, 0.4000000000000000222, 1.711340474905578724 ) ) ;
#1116 = DIRECTION ( 'NONE',  ( -0.000000000000000000, -1.000000000000000000, -0.000000000000000000 ) ) ;
#1117 = AXIS2_PLACEMENT_3D ( 'NONE', #1844, #468, #290 ) ;
#1118 = CARTESIAN_POINT ( 'NONE',  ( 0.000000000000000000, 20.00000000000000000, 0.000000000000000000 ) ) ;
#1119 = ORIENTED_EDGE ( 'NONE', *, *, #124, .T. ) ;
#1120 = CARTESIAN_POINT ( 'NONE',  ( -1.566011318092086269, 0.4000000000000000222, -0.09055815624942040176 ) ) ;
#1121 = CARTESIAN_POINT ( 'NONE',  ( -0.6711529067752837197, 0.4000000000000000222, -0.01245586510328676282 ) ) ;
#1122 = CARTESIAN_POINT ( 'NONE',  ( 0.6459009408661661178, 0.4000000000000000222, -0.5074350220010478418 ) ) ;
#1123 = CARTESIAN_POINT ( 'NONE',  ( -1.166223855633808038, -5.421010862427522170E-17, -1.610806372813022191 ) ) ;
#1124 = CARTESIAN_POINT ( 'NONE',  ( 1.342954905715348035, 0.4000000000000000222, 1.673381214804326333 ) ) ;
#1125 = CARTESIAN_POINT ( 'NONE',  ( 0.004999821482141097659, 0.4000000000000000222, 1.711867468341502496 ) ) ;
#1126 = CARTESIAN_POINT ( 'NONE',  ( -1.406392893268364919, 0.4000000000000000222, -1.153626180728375195 ) ) ;
#1127 = CARTESIAN_POINT ( 'NONE',  ( 0.4623641107123306337, 0.4000000000000000222, 1.495483820548413334 ) ) ;
#1128 = CARTESIAN_POINT ( 'NONE',  ( -0.6719760071997545881, 0.4000000000000000222, 0.2009214164384823809 ) ) ;
#1129 = EDGE_LOOP ( 'NONE', ( #459, #658, #933, #45 ) ) ;
#1130 = CARTESIAN_POINT ( 'NONE',  ( 0.6456456782796594629, 0.4000000000000000222, 0.7993727220586543947 ) ) ;
#1131 = CARTESIAN_POINT ( 'NONE',  ( 0.7894150075158848923, 0.000000000000000000, 2.268229736326170087 ) ) ;
#1132 = ADVANCED_FACE ( 'NONE', ( #886 ), #100, .F. ) ;
#1133 = FACE_OUTER_BOUND ( 'NONE', #1106, .T. ) ;
#1134 = CARTESIAN_POINT ( 'NONE',  ( 0.04199850044998474502, 1.626303258728256651E-16, 2.415842333026959832 ) ) ;
#1135 = CARTESIAN_POINT ( 'NONE',  ( -0.6258575735473548285, 0.4000000000000000222, 0.9925080918810356145 ) ) ;
#1136 = CARTESIAN_POINT ( 'NONE',  ( 0.004999821482141097659, 0.4000000000000000222, 1.711867468341502496 ) ) ;
#1137 = CARTESIAN_POINT ( 'NONE',  ( 1.567944016799428075, 0.4000000000000000222, 0.1929217020670568050 ) ) ;
#1138 = VERTEX_POINT ( 'NONE', #1153 ) ;
#1139 = CARTESIAN_POINT ( 'NONE',  ( 1.298972886969677498, 0.4000000000000000222, -1.299878576627468307 ) ) ;
#1140 = CARTESIAN_POINT ( 'NONE',  ( -0.04199850044998452991, 0.000000000000000000, -2.063997714971405273 ) ) ;
#1141 = VECTOR ( 'NONE', #1628, 1000.000000000000000 ) ;
#1142 = CIRCLE ( 'NONE', #1602, 4.049999999999998046 ) ;
#1143 = AXIS2_PLACEMENT_3D ( 'NONE', #406, #1480, #698 ) ;
#1144 = CYLINDRICAL_SURFACE ( 'NONE', #1237, 3.049999999999999822 ) ;
#1145 = SURFACE_SIDE_STYLE ('',( #99 ) ) ;
#1146 = B_SPLINE_SURFACE_WITH_KNOTS ( 'NONE', 3, 1, ( 
 ( #1125, #1585 ),
 ( #968, #1914 ),
 ( #645, #206 ),
 ( #1934, #1277 ),
 ( #176, #1445 ),
 ( #1269, #515 ),
 ( #215, #1147 ),
 ( #1905, #1759 ),
 ( #683, #1462 ),
 ( #1894, #1782 ),
 ( #1156, #31 ),
 ( #1771, #370 ),
 ( #1135, #494 ),
 ( #1307, #1923 ),
 ( #654, #360 ),
 ( #1454, #959 ),
 ( #1608, #832 ),
 ( #59, #380 ),
 ( #997, #1749 ) ),
 .UNSPECIFIED., .F., .F., .F.,
 ( 4, 1, 1, 1, 1, 1, 1, 1, 1, 1, 1, 1, 1, 1, 1, 1, 4 ),
 ( 2, 2 ),
 ( 0.000000000000000000, 0.05190040368446015295, 0.09983774847810400477, 0.1452455928172420585, 0.1892930069875670418, 0.2333040524854593512, 0.2796605405239697140, 0.3289070466829369099, 0.3820080511458008310, 0.4391751428455783479, 0.5017380866613739832, 0.5698872446423048910, 0.6439095715862723779, 0.7235368588589708994, 0.8094668313750243982, 0.9017911710461545827, 1.000000000000000000 ),
 ( 0.000000000000000000, 1.000000000000000000 ),
 .UNSPECIFIED. ) ;
#1147 = CARTESIAN_POINT ( 'NONE',  ( -0.3918836077721202238, 0.000000000000000000, 1.564673792123189910 ) ) ;
#1148 = CARTESIAN_POINT ( 'NONE',  ( -0.02710872824860207156, 0.000000000000000000, 1.710864235750884088 ) ) ;
#1149 = CARTESIAN_POINT ( 'NONE',  ( 0.6456456782796594629, 0.4000000000000000222, 0.7993727220586543947 ) ) ;
#1150 = CARTESIAN_POINT ( 'NONE',  ( 1.374732907975542595, 0.4000000000000000222, -1.128195765849392185 ) ) ;
#1151 = EDGE_LOOP ( 'NONE', ( #105, #1389, #114, #1329 ) ) ;
#1152 = CARTESIAN_POINT ( 'NONE',  ( 0.04199850044998474502, 0.4000000000000000222, 2.415842333026959832 ) ) ;
#1153 = CARTESIAN_POINT ( 'NONE',  ( -0.6719760071997545881, 0.000000000000000000, 0.2009214164384823809 ) ) ;
#1154 = CARTESIAN_POINT ( 'NONE',  ( -1.530893691625128561, 0.4000000000000000222, -0.5579300488052065798 ) ) ;
#1155 = CARTESIAN_POINT ( 'NONE',  ( 0.6456456782796594629, 0.4000000000000000222, 0.7993727220586543947 ) ) ;
#1156 = CARTESIAN_POINT ( 'NONE',  ( -0.5721480201555004808, 0.4000000000000000222, 1.229054923520159326 ) ) ;
#1157 = DIRECTION ( 'NONE',  ( -0.000000000000000000, -1.000000000000000000, 0.000000000000000000 ) ) ;
#1158 = CARTESIAN_POINT ( 'NONE',  ( -0.4463905733432861900, 0.000000000000000000, 1.497365618422567657 ) ) ;
#1159 = ORIENTED_EDGE ( 'NONE', *, *, #1437, .F. ) ;
#1160 = EDGE_CURVE ( 'NONE', #844, #1832, #1074, .T. ) ;
#1161 = CARTESIAN_POINT ( 'NONE',  ( -0.02876877495938015214, -5.421010862427522170E-17, 2.413979574539879547 ) ) ;
#1162 = PRODUCT_DEFINITION_CONTEXT ( 'detailed design', #168, 'design' ) ;
#1163 = CARTESIAN_POINT ( 'NONE',  ( -1.567944016799427631, 0.000000000000000000, 0.1589229159884978648 ) ) ;
#1164 = CARTESIAN_POINT ( 'NONE',  ( -0.6719760071997545881, -1.626303258728256651E-16, 0.2009214164384823809 ) ) ;
#1165 = CARTESIAN_POINT ( 'NONE',  ( -0.6022025449687199439, 0.000000000000000000, 1.116857945225881332 ) ) ;
#1166 = ORIENTED_EDGE ( 'NONE', *, *, #1539, .F. ) ;
#1167 = EDGE_CURVE ( 'NONE', #149, #219, #116, .T. ) ;
#1168 = CARTESIAN_POINT ( 'NONE',  ( 1.522305793151481401, 0.4000000000000000222, -0.5245349629136982772 ) ) ;
#1169 = EDGE_CURVE ( 'NONE', #844, #1589, #794, .T. ) ;
#1170 = B_SPLINE_CURVE_WITH_KNOTS ( 'NONE', 3,
 ( #203, #955, #1274, #797, #336, #1131, #38, #1723, #1605, #829, #808, #1931, #368, #1902, #965, #324, #1755, #56, #502 ),
 .UNSPECIFIED., .F., .F.,
 ( 4, 1, 1, 1, 1, 1, 1, 1, 1, 1, 1, 1, 1, 1, 1, 1, 4 ),
 ( 0.000000000000000000, 0.06971424375497414783, 0.1339257267699553999, 0.1929811361950673765, 0.2483232665883930157, 0.3012488577589456096, 0.3530715149961000665, 0.4048730985648489322, 0.4579203669448181357, 0.5130252349856478933, 0.5710503638925201741, 0.6321780340553271316, 0.6976976690499471223, 0.7670619935418498958, 0.8405755549632122348, 0.9180821270306058768, 0.9999999999999998890 ),
 .UNSPECIFIED. ) ;
#1171 = CARTESIAN_POINT ( 'NONE',  ( 0.000000000000000000, 20.00000000000000000, 0.000000000000000000 ) ) ;
#1172 = CARTESIAN_POINT ( 'NONE',  ( 0.6558962734643254411, 1.626303258728256651E-16, 0.6857058319922484380 ) ) ;
#1173 = CARTESIAN_POINT ( 'NONE',  ( 0.6194157855225319587, 0.4000000000000000222, -0.6853369169376314352 ) ) ;
#1174 = CARTESIAN_POINT ( 'NONE',  ( -0.6521774134799264155, 0.4000000000000000222, -0.3929220812651494921 ) ) ;
#1175 = CARTESIAN_POINT ( 'NONE',  ( -1.296737873724658208, 0.4000000000000000222, 1.650978746965154009 ) ) ;
#1176 = VERTEX_POINT ( 'NONE', #1866 ) ;
#1177 = CARTESIAN_POINT ( 'NONE',  ( 0.04199850044998474502, 0.4000000000000000222, 2.415842333026959832 ) ) ;
#1178 = VERTEX_POINT ( 'NONE', #1552 ) ;
#1179 = CARTESIAN_POINT ( 'NONE',  ( 0.8554109504304696632, 0.4000000000000000222, -1.823266189891210143 ) ) ;
#1180 = CARTESIAN_POINT ( 'NONE',  ( -0.4499859739248382451, 0.000000000000000000, -2.030813074111875061 ) ) ;
#1181 = CARTESIAN_POINT ( 'NONE',  ( -0.04199850044998452991, 0.000000000000000000, -2.063997714971405273 ) ) ;
#1182 = CARTESIAN_POINT ( 'NONE',  ( 0.4801036643362349698, 0.000000000000000000, -1.098280670494919731 ) ) ;
#1183 = CARTESIAN_POINT ( 'NONE',  ( -0.5203661023939673003, -1.626303258728256651E-16, -1.036416277647998596 ) ) ;
#1184 = CARTESIAN_POINT ( 'NONE',  ( 0.7079740557754005126, 0.000000000000000000, -1.911459997310272829 ) ) ;
#1185 = CARTESIAN_POINT ( 'NONE',  ( -0.6433279786456125304, 0.000000000000000000, 0.8565563852140825052 ) ) ;
#1186 = VERTEX_POINT ( 'NONE', #1587 ) ;
#1187 = CARTESIAN_POINT ( 'NONE',  ( 1.168735568293208349, 0.000000000000000000, 1.962207144058167430 ) ) ;
#1188 = CARTESIAN_POINT ( 'NONE',  ( 1.502782179485117053, 0.4000000000000000222, 1.123329255053777009 ) ) ;
#1189 = ORIENTED_EDGE ( 'NONE', *, *, #657, .T. ) ;
#1190 = CARTESIAN_POINT ( 'NONE',  ( 1.106200607471006458, 0.4000000000000000222, -1.595338143680320231 ) ) ;
#1191 = CARTESIAN_POINT ( 'NONE',  ( -1.567288008485162365, -0.000000000000000000, 0.07424253770800705310 ) ) ;
#1192 = DIRECTION ( 'NONE',  ( 1.000000000000000000, 0.000000000000000000, 0.000000000000000000 ) ) ;
#1193 = EDGE_CURVE ( 'NONE', #931, #139, #803, .T. ) ;
#1194 = CARTESIAN_POINT ( 'NONE',  ( 0.6459009408661661178, 0.000000000000000000, -0.5074350220010478418 ) ) ;
#1195 = CARTESIAN_POINT ( 'NONE',  ( -0.5721480201555004808, 0.000000000000000000, 1.229054923520159326 ) ) ;
#1196 = CARTESIAN_POINT ( 'NONE',  ( 1.298972886969677498, 0.4000000000000000222, -1.299878576627468307 ) ) ;
#1197 = CARTESIAN_POINT ( 'NONE',  ( -0.5203661023939673003, 0.000000000000000000, -1.036416277647998596 ) ) ;
#1198 = ORIENTED_EDGE ( 'NONE', *, *, #300, .T. ) ;
#1199 = CARTESIAN_POINT ( 'NONE',  ( 0.6719760071997550321, 0.000000000000000000, 0.1479233087277875835 ) ) ;
#1200 = CARTESIAN_POINT ( 'NONE',  ( -0.7049558110402919242, 0.4000000000000000222, 2.263283651350205705 ) ) ;
#1201 = CARTESIAN_POINT ( 'NONE',  ( -0.04199850044998452991, 2.710505431213761085E-16, -2.063997714971405273 ) ) ;
#1202 = CARTESIAN_POINT ( 'NONE',  ( 0.6618503939824549320, 0.4000000000000000222, -0.3079946757105052058 ) ) ;
#1203 = CARTESIAN_POINT ( 'NONE',  ( 0.5827192628042393574, 0.4000000000000000222, -0.8427290971260341657 ) ) ;
#1204 = CARTESIAN_POINT ( 'NONE',  ( 1.298972886969677498, 0.000000000000000000, -1.299878576627468307 ) ) ;
#1205 = CARTESIAN_POINT ( 'NONE',  ( -0.7049558110402919242, 0.000000000000000000, 2.263283651350205705 ) ) ;
#1206 = ORIENTED_EDGE ( 'NONE', *, *, #296, .T. ) ;
#1207 = CARTESIAN_POINT ( 'NONE',  ( 1.058666182803519540, 0.000000000000000000, 2.081763132664695704 ) ) ;
#1208 = CARTESIAN_POINT ( 'NONE',  ( -1.373223380854337261, 0.4000000000000000222, 1.479557950439511327 ) ) ;
#1209 = CIRCLE ( 'NONE', #329, 3.049999999999999822 ) ;
#1210 = CARTESIAN_POINT ( 'NONE',  ( 1.565463931521942298, 0.4000000000000000222, -0.05597351926266462552 ) ) ;
#1211 = B_SPLINE_SURFACE_WITH_KNOTS ( 'NONE', 3, 1, ( 
 ( #903, #1164 ),
 ( #1008, #1962 ),
 ( #1635, #1654 ),
 ( #1644, #243 ),
 ( #1174, #236 ),
 ( #701, #1326 ),
 ( #1799, #399 ),
 ( #1020, #868 ),
 ( #88, #715 ),
 ( #252, #1183 ),
 ( #878, #1348 ),
 ( #2025, #912 ),
 ( #1688, #1089 ),
 ( #936, #1572 ),
 ( #297, #1072 ),
 ( #144, #1563 ),
 ( #1840, #162 ),
 ( #612, #443 ),
 ( #1214, #1859 ) ),
 .UNSPECIFIED., .F., .F., .F.,
 ( 4, 1, 1, 1, 1, 1, 1, 1, 1, 1, 1, 1, 1, 1, 1, 1, 4 ),
 ( 2, 2 ),
 ( 0.000000000000000000, 0.1158261887714630983, 0.2211828449159621290, 0.3161561617986595185, 0.4013338946875739111, 0.4775035300982460318, 0.5458583533802542354, 0.6071814472250327555, 0.6618371181359778976, 0.7105823961813130252, 0.7551360471663003393, 0.7960918647300980755, 0.8349538107378916552, 0.8733421629033976119, 0.9134811400804758730, 0.9552012997600439759, 1.000000000000000000 ),
 ( 0.000000000000000000, 1.000000000000000000 ),
 .UNSPECIFIED. ) ;
#1212 = CARTESIAN_POINT ( 'NONE',  ( -1.462209270773016323, 0.000000000000000000, -0.9706191184321779630 ) ) ;
#1213 = CARTESIAN_POINT ( 'NONE',  ( -1.373223380854337261, -5.421010862427522170E-17, 1.479557950439511327 ) ) ;
#1214 = CARTESIAN_POINT ( 'NONE',  ( -0.008999678667853672209, 0.4000000000000000222, -1.360022850285947715 ) ) ;
#1215 = CARTESIAN_POINT ( 'NONE',  ( 1.549247691095819723, 0.4000000000000000222, -0.2966214335138954716 ) ) ;
#1216 = CARTESIAN_POINT ( 'NONE',  ( 0.2526607099220221087, 0.000000000000000000, 2.411854402761715477 ) ) ;
#1217 = ORIENTED_EDGE ( 'NONE', *, *, #1321, .F. ) ;
#1218 = CARTESIAN_POINT ( 'NONE',  ( 0.6719760071997550321, 0.4000000000000000222, 0.1479233087277875835 ) ) ;
#1219 = CARTESIAN_POINT ( 'NONE',  ( -0.02876877495938015214, 0.4000000000000000222, 2.413979574539879547 ) ) ;
#1220 = EDGE_CURVE ( 'NONE', #476, #553, #2026, .T. ) ;
#1221 = CARTESIAN_POINT ( 'NONE',  ( 0.8554109504304696632, 0.4000000000000000222, -1.823266189891210143 ) ) ;
#1222 = CARTESIAN_POINT ( 'NONE',  ( 0.000000000000000000, 0.000000000000000000, 4.049999999999998046 ) ) ;
#1223 = CARTESIAN_POINT ( 'NONE',  ( 0.2155437680987595805, 0.4000000000000000222, 1.685097936930892271 ) ) ;
#1224 = CARTESIAN_POINT ( 'NONE',  ( 0.4503691446982989177, 0.4000000000000000222, 2.381996557488394117 ) ) ;
#1225 = CARTESIAN_POINT ( 'NONE',  ( 5.327213576290986242E-16, 23.00000000000000000, 4.349999999999999645 ) ) ;
#1226 = CARTESIAN_POINT ( 'NONE',  ( 0.6621468238058455524, 0.000000000000000000, 0.5636002169279027418 ) ) ;
#1227 = ORIENTED_EDGE ( 'NONE', *, *, #1160, .F. ) ;
#1228 = CARTESIAN_POINT ( 'NONE',  ( -0.04199850044998452991, 0.4000000000000000222, -2.063997714971405273 ) ) ;
#1229 = CARTESIAN_POINT ( 'NONE',  ( 0.6713457942924331290, 0.000000000000000000, 0.2935944939378948848 ) ) ;
#1230 = CARTESIAN_POINT ( 'NONE',  ( 0.6713457942924331290, 1.626303258728256651E-16, 0.2935944939378948848 ) ) ;
#1231 = CARTESIAN_POINT ( 'NONE',  ( 0.1129511936550939150, 0.4000000000000000222, -1.355325548747671416 ) ) ;
#1232 = AXIS2_PLACEMENT_3D ( 'NONE', #1737, #644, #338 ) ;
#1233 = CARTESIAN_POINT ( 'NONE',  ( -0.04199850044998452991, 0.000000000000000000, -2.063997714971405273 ) ) ;
#1234 = CARTESIAN_POINT ( 'NONE',  ( 0.6719760071997550321, 0.000000000000000000, 0.1479233087277875835 ) ) ;
#1235 = ORIENTED_EDGE ( 'NONE', *, *, #256, .T. ) ;
#1236 = CARTESIAN_POINT ( 'NONE',  ( -0.09227705879915794329, -1.626303258728256651E-16, -1.358574956536749756 ) ) ;
#1237 = AXIS2_PLACEMENT_3D ( 'NONE', #1747, #1111, #995 ) ;
#1238 = AXIS2_PLACEMENT_3D ( 'NONE', #1881, #929, #1736 ) ;
#1239 = VECTOR ( 'NONE', #1469, 1000.000000000000000 ) ;
#1240 = CARTESIAN_POINT ( 'NONE',  ( 0.6688087875371212521, 0.000000000000000000, 0.4333108344355071639 ) ) ;
#1241 = B_SPLINE_CURVE_WITH_KNOTS ( 'NONE', 3,
 ( #1391, #934, #179, #952, #488, #609, #1561, #777, #159, #1899, #1401, #167, #1097, #305, #479, #1721, #1107, #942, #1731 ),
 .UNSPECIFIED., .F., .F.,
 ( 4, 1, 1, 1, 1, 1, 1, 1, 1, 1, 1, 1, 1, 1, 1, 1, 4 ),
 ( 0.000000000000000000, 0.1158261887714630983, 0.2211828449159621290, 0.3161561617986595185, 0.4013338946875739111, 0.4775035300982460318, 0.5458583533802542354, 0.6071814472250327555, 0.6618371181359778976, 0.7105823961813130252, 0.7551360471663003393, 0.7960918647300980755, 0.8349538107378916552, 0.8733421629033976119, 0.9134811400804758730, 0.9552012997600439759, 1.000000000000000000 ),
 .UNSPECIFIED. ) ;
#1242 = DIRECTION ( 'NONE',  ( 0.000000000000000000, 0.000000000000000000, 1.000000000000000000 ) ) ;
#1243 = CARTESIAN_POINT ( 'NONE',  ( 1.342954905715348035, 0.4000000000000000222, 1.673381214804326333 ) ) ;
#1244 = CARTESIAN_POINT ( 'NONE',  ( -0.6258575735473548285, 0.4000000000000000222, 0.9925080918810356145 ) ) ;
#1245 = CARTESIAN_POINT ( 'NONE',  ( -0.1652713918807101334, 0.4000000000000000222, 2.410386509712838965 ) ) ;
#1246 = CARTESIAN_POINT ( 'NONE',  ( -1.484863664245169135, 0.4000000000000000222, 1.090015474804707951 ) ) ;
#1247 = CARTESIAN_POINT ( 'NONE',  ( -1.054014514981260975, -5.421010862427522170E-17, -1.728205004957867663 ) ) ;
#1248 = CARTESIAN_POINT ( 'NONE',  ( 0.000000000000000000, 20.00000000000000000, 1.649999999999999911 ) ) ;
#1249 = VERTEX_POINT ( 'NONE', #628 ) ;
#1250 = LINE ( 'NONE', #1712, #2000 ) ;
#1251 = CARTESIAN_POINT ( 'NONE',  ( -1.435637118623378061, 0.4000000000000000222, 1.292183379431056656 ) ) ;
#1252 = B_SPLINE_CURVE_WITH_KNOTS ( 'NONE', 3,
 ( #90, #104, #1493, #730, #703, #1636, #570, #383, #1629, #1197, #227, #1485, #852, #562, #70, #1328, #695, #237, #544 ),
 .UNSPECIFIED., .F., .F.,
 ( 4, 1, 1, 1, 1, 1, 1, 1, 1, 1, 1, 1, 1, 1, 1, 1, 4 ),
 ( 0.000000000000000000, 0.1158261887714630983, 0.2211828449159621290, 0.3161561617986595185, 0.4013338946875739111, 0.4775035300982460318, 0.5458583533802542354, 0.6071814472250327555, 0.6618371181359778976, 0.7105823961813130252, 0.7551360471663003393, 0.7960918647300980755, 0.8349538107378916552, 0.8733421629033976119, 0.9134811400804758730, 0.9552012997600439759, 1.000000000000000000 ),
 .UNSPECIFIED. ) ;
#1253 = CARTESIAN_POINT ( 'NONE',  ( 0.6717611434909586121, 0.4000000000000000222, 0.1975881930158773225 ) ) ;
#1254 = CARTESIAN_POINT ( 'NONE',  ( 0.2259316570488912324, 0.000000000000000000, -1.323402442819437530 ) ) ;
#1255 = LINE ( 'NONE', #1564, #1698 ) ;
#1256 = EDGE_CURVE ( 'NONE', #1649, #1178, #783, .T. ) ;
#1257 = CARTESIAN_POINT ( 'NONE',  ( 1.262973650565718975, 0.4000000000000000222, 1.825777095176396969 ) ) ;
#1258 = ORIENTED_EDGE ( 'NONE', *, *, #1672, .T. ) ;
#1259 = CARTESIAN_POINT ( 'NONE',  ( -0.4279542203282462043, -1.626303258728256651E-16, -1.189482049580810497 ) ) ;
#1260 = DIRECTION ( 'NONE',  ( 0.000000000000000000, 1.000000000000000000, 0.000000000000000000 ) ) ;
#1261 = CARTESIAN_POINT ( 'NONE',  ( -0.6645939265982323541, 0.4000000000000000222, 0.5499836214754048047 ) ) ;
#1262 = ORIENTED_EDGE ( 'NONE', *, *, #222, .T. ) ;
#1263 = CARTESIAN_POINT ( 'NONE',  ( -0.1140856580161652561, 0.4000000000000000222, -2.062061431148037194 ) ) ;
#1264 = CARTESIAN_POINT ( 'NONE',  ( -0.008999678667853672209, 0.000000000000000000, -1.360022850285947715 ) ) ;
#1265 = CARTESIAN_POINT ( 'NONE',  ( 0.7079740557754005126, 0.000000000000000000, -1.911459997310272829 ) ) ;
#1266 = CARTESIAN_POINT ( 'NONE',  ( 0.6703558919493723955, 0.4000000000000000222, -0.08714674214066743529 ) ) ;
#1267 = CARTESIAN_POINT ( 'NONE',  ( -0.6645939265982323541, 0.4000000000000000222, 0.5499836214754048047 ) ) ;
#1268 = CARTESIAN_POINT ( 'NONE',  ( 0.000000000000000000, 20.50000000000001066, 4.349999999999999645 ) ) ;
#1269 = CARTESIAN_POINT ( 'NONE',  ( -0.3282043008317279686, 0.4000000000000000222, 1.618556119757482481 ) ) ;
#1270 = CARTESIAN_POINT ( 'NONE',  ( -0.6643798959201195897, -1.626303258728256651E-16, -0.2125575864964212858 ) ) ;
#1271 = FACE_BOUND ( 'NONE', #582, .T. ) ;
#1272 = CARTESIAN_POINT ( 'NONE',  ( 0.2155437680987595805, 0.000000000000000000, 1.685097936930892271 ) ) ;
#1273 = DIRECTION ( 'NONE',  ( 8.659560562354953812E-17, 0.7071067811865460184, -0.7071067811865490160 ) ) ;
#1274 = CARTESIAN_POINT ( 'NONE',  ( 0.2526607099220221087, 0.000000000000000000, 2.411854402761715477 ) ) ;
#1275 = CARTESIAN_POINT ( 'NONE',  ( -0.04199850044998452991, -5.421010862427522170E-17, -2.063997714971405273 ) ) ;
#1276 = CARTESIAN_POINT ( 'NONE',  ( 1.552535706911364333, 1.626303258728256651E-16, 0.6828873012014491373 ) ) ;
#1277 = CARTESIAN_POINT ( 'NONE',  ( -0.1769597107522532242, 0.000000000000000000, 1.690029959522342695 ) ) ;
#1278 = FACE_OUTER_BOUND ( 'NONE', #108, .T. ) ;
#1279 = CARTESIAN_POINT ( 'NONE',  ( 0.6621468238058455524, 0.4000000000000000222, 0.5636002169279027418 ) ) ;
#1280 = AXIS2_PLACEMENT_3D ( 'NONE', #650, #1522, #640 ) ;
#1281 = CARTESIAN_POINT ( 'NONE',  ( 0.000000000000000000, 0.000000000000000000, 0.000000000000000000 ) ) ;
#1282 = EDGE_LOOP ( 'NONE', ( #1032, #1217, #1086, #1206 ) ) ;
#1283 = EDGE_CURVE ( 'NONE', #478, #1508, #940, .T. ) ;
#1284 = CARTESIAN_POINT ( 'NONE',  ( -1.435637118623378061, -5.421010862427522170E-17, 1.292183379431056656 ) ) ;
#1285 = CARTESIAN_POINT ( 'NONE',  ( 0.6618503939824549320, 0.4000000000000000222, -0.3079946757105052058 ) ) ;
#1286 = CARTESIAN_POINT ( 'NONE',  ( 0.000000000000000000, 20.00000000000000000, 0.000000000000000000 ) ) ;
#1287 = FACE_BOUND ( 'NONE', #156, .T. ) ;
#1288 = CARTESIAN_POINT ( 'NONE',  ( -0.5416258868447952901, 0.4000000000000000222, 2.332713567876310012 ) ) ;
#1289 = CARTESIAN_POINT ( 'NONE',  ( -1.567288008485162365, 0.4000000000000000222, 0.07424253770800705310 ) ) ;
#1290 = LINE ( 'NONE', #1137, #361 ) ;
#1291 = ORIENTED_EDGE ( 'NONE', *, *, #82, .F. ) ;
#1292 = CARTESIAN_POINT ( 'NONE',  ( 1.565463931521942298, 0.4000000000000000222, -0.05597351926266462552 ) ) ;
#1293 = CARTESIAN_POINT ( 'NONE',  ( 0.000000000000000000, 2.000000000000000000, 0.000000000000000000 ) ) ;
#1294 = CARTESIAN_POINT ( 'NONE',  ( 0.6719760071997550321, 0.4000000000000000222, 0.1479233087277875835 ) ) ;
#1295 = CARTESIAN_POINT ( 'NONE',  ( 1.552535706911364333, 0.4000000000000000222, 0.6828873012014491373 ) ) ;
#1296 = CARTESIAN_POINT ( 'NONE',  ( -1.296737873724658208, 0.4000000000000000222, 1.650978746965154009 ) ) ;
#1297 = CARTESIAN_POINT ( 'NONE',  ( -1.552900082877163523, -5.421010862427522170E-17, -0.3311050692333406542 ) ) ;
#1298 = DIRECTION ( 'NONE',  ( -0.000000000000000000, -1.000000000000000000, -0.000000000000000000 ) ) ;
#1299 = EDGE_LOOP ( 'NONE', ( #1448, #1373, #1505, #1741 ) ) ;
#1300 = PRODUCT_DEFINITION_FORMATION_WITH_SPECIFIED_SOURCE ( 'ANY', '', #1067, .NOT_KNOWN. ) ;
#1301 = DIRECTION ( 'NONE',  ( 0.000000000000000000, 0.000000000000000000, 1.000000000000000000 ) ) ;
#1302 = CARTESIAN_POINT ( 'NONE',  ( 1.210234812762141621, 0.000000000000000000, -1.456213719989455591 ) ) ;
#1303 = CARTESIAN_POINT ( 'NONE',  ( -0.04199850044998452991, 0.000000000000000000, -2.063997714971405273 ) ) ;
#1304 = B_SPLINE_CURVE_WITH_KNOTS ( 'NONE', 3,
 ( #1665, #859, #891, #1512, #737, #1980, #431, #1901, #501, #169, #5, #274, #1369, #1990, #1535, #953, #943, #1051, #1264 ),
 .UNSPECIFIED., .F., .F.,
 ( 4, 1, 1, 1, 1, 1, 1, 1, 1, 1, 1, 1, 1, 1, 1, 1, 4 ),
 ( 0.000000000000000000, 0.1158261887714630983, 0.2211828449159621290, 0.3161561617986595185, 0.4013338946875739111, 0.4775035300982460318, 0.5458583533802542354, 0.6071814472250327555, 0.6618371181359778976, 0.7105823961813130252, 0.7551360471663003393, 0.7960918647300980755, 0.8349538107378916552, 0.8733421629033976119, 0.9134811400804758730, 0.9552012997600439759, 1.000000000000000000 ),
 .UNSPECIFIED. ) ;
#1305 = CARTESIAN_POINT ( 'NONE',  ( -1.166223855633808038, 0.4000000000000000222, -1.610806372813022191 ) ) ;
#1306 = EDGE_CURVE ( 'NONE', #1025, #14, #1006, .T. ) ;
#1307 = CARTESIAN_POINT ( 'NONE',  ( -0.6433279786456125304, 0.4000000000000000222, 0.8565563852140825052 ) ) ;
#1308 = CARTESIAN_POINT ( 'NONE',  ( -1.566011318092086269, 0.4000000000000000222, -0.09055815624942040176 ) ) ;
#1309 = CARTESIAN_POINT ( 'NONE',  ( 0.6688087875371212521, 0.4000000000000000222, 0.4333108344355071639 ) ) ;
#1310 = CARTESIAN_POINT ( 'NONE',  ( -0.6709967148750830557, 0.000000000000000000, 0.3792994407331207740 ) ) ;
#1311 = VERTEX_POINT ( 'NONE', #199 ) ;
#1312 = CARTESIAN_POINT ( 'NONE',  ( 1.210234812762141621, 0.4000000000000000222, -1.456213719989455591 ) ) ;
#1313 = CARTESIAN_POINT ( 'NONE',  ( -1.484863664245169135, -5.421010862427522170E-17, 1.090015474804707951 ) ) ;
#1314 = DIRECTION ( 'NONE',  ( 0.000000000000000000, 0.000000000000000000, 1.000000000000000000 ) ) ;
#1315 = CARTESIAN_POINT ( 'NONE',  ( -1.567288008485162365, 0.4000000000000000222, 0.07424253770800705310 ) ) ;
#1316 = CARTESIAN_POINT ( 'NONE',  ( 0.6194157855225319587, 0.000000000000000000, -0.6853369169376314352 ) ) ;
#1317 = DIRECTION ( 'NONE',  ( 0.000000000000000000, 0.000000000000000000, -1.000000000000000000 ) ) ;
#1318 = ADVANCED_FACE ( 'NONE', ( #825 ), #1028, .F. ) ;
#1319 = CARTESIAN_POINT ( 'NONE',  ( -0.6719760071997545881, 0.000000000000000000, 0.2009214164384823809 ) ) ;
#1320 = EDGE_LOOP ( 'NONE', ( #709, #1703, #687, #1917 ) ) ;
#1321 = EDGE_CURVE ( 'NONE', #1701, #938, #89, .T. ) ;
#1322 = CARTESIAN_POINT ( 'NONE',  ( 0.5189814889469016590, 0.4000000000000000222, 1.383972272710727980 ) ) ;
#1323 = CARTESIAN_POINT ( 'NONE',  ( -0.04199850044998452991, 0.000000000000000000, -2.063997714971405273 ) ) ;
#1324 = CARTESIAN_POINT ( 'NONE',  ( 0.6713457942924331290, 1.626303258728256651E-16, 0.2935944939378948848 ) ) ;
#1325 = CARTESIAN_POINT ( 'NONE',  ( -1.523007327573084657, 0.000000000000000000, 0.8745619824586562396 ) ) ;
#1326 = CARTESIAN_POINT ( 'NONE',  ( -0.6372190324048578880, -1.626303258728256651E-16, -0.5545763039429703056 ) ) ;
#1327 = CARTESIAN_POINT ( 'NONE',  ( 0.7079740557754005126, 0.4000000000000000222, -1.911459997310272829 ) ) ;
#1328 = CARTESIAN_POINT ( 'NONE',  ( -0.1713286487298217309, 0.000000000000000000, -1.343429438789584873 ) ) ;
#1329 = ORIENTED_EDGE ( 'NONE', *, *, #1193, .F. ) ;
#1330 = FACE_OUTER_BOUND ( 'NONE', #2007, .T. ) ;
#1331 = ORIENTED_EDGE ( 'NONE', *, *, #1018, .F. ) ;
#1332 = CARTESIAN_POINT ( 'NONE',  ( -0.9859751404306150713, -5.421010862427522170E-17, 2.070365377890005298 ) ) ;
#1333 = VECTOR ( 'NONE', #1394, 1000.000000000000000 ) ;
#1334 = AXIS2_PLACEMENT_3D ( 'NONE', #982, #1447, #991 ) ;
#1335 = VECTOR ( 'NONE', #815, 1000.000000000000114 ) ;
#1336 = CARTESIAN_POINT ( 'NONE',  ( -0.4499859739248382451, 0.4000000000000000222, -2.030813074111875061 ) ) ;
#1337 = CARTESIAN_POINT ( 'NONE',  ( -1.207898152750533916, 0.000000000000000000, 1.807115713098948584 ) ) ;
#1338 = CARTESIAN_POINT ( 'NONE',  ( -0.6716429238477796826, 0.000000000000000000, 0.2615925242924580507 ) ) ;
#1339 = CARTESIAN_POINT ( 'NONE',  ( 1.565463931521942298, 0.000000000000000000, -0.05597351926266462552 ) ) ;
#1340 = CARTESIAN_POINT ( 'NONE',  ( 0.004999821482141097659, 0.4000000000000000222, 1.711867468341502496 ) ) ;
#1341 = EDGE_LOOP ( 'NONE', ( #1420, #71, #1647, #638 ) ) ;
#1342 = CARTESIAN_POINT ( 'NONE',  ( 1.502782179485117053, 0.4000000000000000222, 1.123329255053777009 ) ) ;
#1343 = ORIENTED_EDGE ( 'NONE', *, *, #134, .F. ) ;
#1344 = CARTESIAN_POINT ( 'NONE',  ( 1.567103462847580841, 0.4000000000000000222, 0.1085657874604816775 ) ) ;
#1345 = MANIFOLD_SOLID_BREP ( 'Boss-Extrude4', #234 ) ;
#1346 = DIRECTION ( 'NONE',  ( 0.000000000000000000, -1.000000000000000000, 0.000000000000000000 ) ) ;
#1347 = CARTESIAN_POINT ( 'NONE',  ( -1.296737873724658208, 0.000000000000000000, 1.650978746965154009 ) ) ;
#1348 = CARTESIAN_POINT ( 'NONE',  ( -0.4770762119709237581, -1.626303258728256651E-16, -1.119805414705757007 ) ) ;
#1349 = CARTESIAN_POINT ( 'NONE',  ( 1.106200607471006458, 0.4000000000000000222, -1.595338143680320231 ) ) ;
#1350 = CARTESIAN_POINT ( 'NONE',  ( -0.6560892517906532495, 0.000000000000000000, 0.7090739872346466521 ) ) ;
#1351 = ORIENTED_EDGE ( 'NONE', *, *, #1193, .T. ) ;
#1352 = B_SPLINE_CURVE_WITH_KNOTS ( 'NONE', 3,
 ( #1668, #1972, #870, #1785, #861, #537, #1964, #1158, #411, #422, #392, #1165, #1945, #686, #1010, #880, #1310, #1936, #1504 ),
 .UNSPECIFIED., .F., .F.,
 ( 4, 1, 1, 1, 1, 1, 1, 1, 1, 1, 1, 1, 1, 1, 1, 1, 4 ),
 ( 0.000000000000000000, 0.05190040368446015295, 0.09983774847810400477, 0.1452455928172420585, 0.1892930069875670418, 0.2333040524854593512, 0.2796605405239697140, 0.3289070466829369099, 0.3820080511458008310, 0.4391751428455783479, 0.5017380866613739832, 0.5698872446423048910, 0.6439095715862723779, 0.7235368588589708994, 0.8094668313750243982, 0.9017911710461545827, 1.000000000000000000 ),
 .UNSPECIFIED. ) ;
#1353 = CARTESIAN_POINT ( 'NONE',  ( 0.1141167421843458374, 0.000000000000000000, 2.414477102311828549 ) ) ;
#1354 = CARTESIAN_POINT ( 'NONE',  ( -1.484863664245169135, 0.4000000000000000222, 1.090015474804707951 ) ) ;
#1355 = EDGE_LOOP ( 'NONE', ( #1198, #1806, #1559, #1400 ) ) ;
#1356 = CARTESIAN_POINT ( 'NONE',  ( 0.04199850044998474502, 0.000000000000000000, 2.415842333026959832 ) ) ;
#1357 = CARTESIAN_POINT ( 'NONE',  ( -1.340149019110335127, 0.000000000000000000, -1.321620027551184018 ) ) ;
#1358 = SHAPE_DEFINITION_REPRESENTATION ( #1048, #1766 ) ;
#1359 = CARTESIAN_POINT ( 'NONE',  ( 0.4087524448861290516, 0.4000000000000000222, -1.194316331359616568 ) ) ;
#1360 = CARTESIAN_POINT ( 'NONE',  ( 0.3247712160334606524, 0.4000000000000000222, -1.270609496076245959 ) ) ;
#1361 = CARTESIAN_POINT ( 'NONE',  ( 0.5446182587055586888, 0.000000000000000000, -1.980846605185206277 ) ) ;
#1362 = CARTESIAN_POINT ( 'NONE',  ( 0.5189814889469016590, 0.000000000000000000, 1.383972272710727980 ) ) ;
#1363 = ORIENTED_EDGE ( 'NONE', *, *, #811, .T. ) ;
#1364 = CARTESIAN_POINT ( 'NONE',  ( 0.7894150075158848923, 0.000000000000000000, 2.268229736326170087 ) ) ;
#1365 = CARTESIAN_POINT ( 'NONE',  ( 0.04199850044998474502, 0.4000000000000000222, 2.415842333026959832 ) ) ;
#1366 = CARTESIAN_POINT ( 'NONE',  ( 1.522305793151481401, 0.4000000000000000222, -0.5245349629136982772 ) ) ;
#1367 = CARTESIAN_POINT ( 'NONE',  ( 0.6719760071997550321, 1.626303258728256651E-16, 0.1479233087277875835 ) ) ;
#1368 = CARTESIAN_POINT ( 'NONE',  ( 0.3901549928576468762, 1.626303258728256651E-16, 1.580567824582960190 ) ) ;
#1369 = CARTESIAN_POINT ( 'NONE',  ( -0.3735923580469186489, 0.000000000000000000, -1.246955409145128035 ) ) ;
#1370 = CARTESIAN_POINT ( 'NONE',  ( -0.6258575735473548285, 0.000000000000000000, 0.9925080918810356145 ) ) ;
#1371 =( NAMED_UNIT ( * ) PLANE_ANGLE_UNIT ( ) SI_UNIT ( $, .RADIAN. ) );
#1372 = CARTESIAN_POINT ( 'NONE',  ( -1.207898152750533916, 0.000000000000000000, 1.807115713098948584 ) ) ;
#1373 = ORIENTED_EDGE ( 'NONE', *, *, #811, .F. ) ;
#1374 = CARTESIAN_POINT ( 'NONE',  ( 1.552535706911364333, 0.000000000000000000, 0.6828873012014491373 ) ) ;
#1375 = CARTESIAN_POINT ( 'NONE',  ( -1.547398035787296733, -5.421010862427522170E-17, 0.6466549407987367548 ) ) ;
#1376 = ORIENTED_EDGE ( 'NONE', *, *, #1468, .F. ) ;
#1377 = CARTESIAN_POINT ( 'NONE',  ( 1.567103462847580841, -0.000000000000000000, 0.1085657874604816775 ) ) ;
#1378 = B_SPLINE_SURFACE_WITH_KNOTS ( 'NONE', 3, 1, ( 
 ( #378, #1275 ),
 ( #672, #1625 ),
 ( #1903, #1756 ),
 ( #1735, #503 ),
 ( #337, #1769 ),
 ( #533, #369 ),
 ( #213, #839 ),
 ( #348, #1583 ),
 ( #182, #1123 ),
 ( #357, #1433 ),
 ( #49, #986 ),
 ( #29, #223 ),
 ( #966, #39 ),
 ( #978, #1780 ),
 ( #1154, #1615 ),
 ( #821, #1460 ),
 ( #664, #1606 ),
 ( #830, #57 ),
 ( #1452, #681 ) ),
 .UNSPECIFIED., .F., .F., .F.,
 ( 4, 1, 1, 1, 1, 1, 1, 1, 1, 1, 1, 1, 1, 1, 1, 1, 4 ),
 ( 2, 2 ),
 ( 0.000000000000000000, 0.06978531092549994375, 0.1336834744384250706, 0.1928707223315187791, 0.2478351585575061244, 0.3005269340468618156, 0.3523456681607168850, 0.4041734466483285493, 0.4572640014123837138, 0.5124138348313728164, 0.5704863120389815911, 0.6318474615280363915, 0.6974205603139538301, 0.7668414858502368148, 0.8404454651777942820, 0.9180152823349007063, 1.000000000000000000 ),
 ( 0.000000000000000000, 1.000000000000000000 ),
 .UNSPECIFIED. ) ;
#1379 = CARTESIAN_POINT ( 'NONE',  ( 1.565463931521942298, 0.000000000000000000, -0.05597351926266462552 ) ) ;
#1380 = AXIS2_PLACEMENT_3D ( 'NONE', #1003, #367, #1301 ) ;
#1381 = CARTESIAN_POINT ( 'NONE',  ( -0.6719760071997545881, 0.4000000000000000222, 0.2009214164384823809 ) ) ;
#1382 = CARTESIAN_POINT ( 'NONE',  ( 0.2259316570488912324, 0.4000000000000000222, -1.323402442819437530 ) ) ;
#1383 = CARTESIAN_POINT ( 'NONE',  ( -0.6022025449687199439, 0.4000000000000000222, 1.116857945225881332 ) ) ;
#1384 = CARTESIAN_POINT ( 'NONE',  ( 0.000000000000000000, 23.00000000000000000, 0.000000000000000000 ) ) ;
#1385 = ORIENTED_EDGE ( 'NONE', *, *, #1390, .F. ) ;
#1386 = EDGE_CURVE ( 'NONE', #983, #931, #1142, .T. ) ;
#1387 = CARTESIAN_POINT ( 'NONE',  ( -0.5203661023939673003, 0.4000000000000000222, -1.036416277647998596 ) ) ;
#1388 = CARTESIAN_POINT ( 'NONE',  ( 1.566111070491376323, 0.4000000000000000222, 0.4424112187261373674 ) ) ;
#1389 = ORIENTED_EDGE ( 'NONE', *, *, #134, .T. ) ;
#1390 = EDGE_CURVE ( 'NONE', #1178, #1058, #262, .T. ) ;
#1391 = CARTESIAN_POINT ( 'NONE',  ( -0.6719760071997545881, 0.4000000000000000222, 0.2009214164384823809 ) ) ;
#1392 = LINE ( 'NONE', #294, #720 ) ;
#1393 = CARTESIAN_POINT ( 'NONE',  ( 0.04214035004176351629, 1.626303258728256651E-16, 1.710814415679639211 ) ) ;
#1394 = DIRECTION ( 'NONE',  ( 0.000000000000000000, -1.000000000000000000, 0.000000000000000000 ) ) ;
#1395 = CARTESIAN_POINT ( 'NONE',  ( -0.1769597107522532242, 0.4000000000000000222, 1.690029959522342695 ) ) ;
#1396 = CARTESIAN_POINT ( 'NONE',  ( -0.5416258868447952901, 0.4000000000000000222, 2.332713567876310012 ) ) ;
#1397 = ORIENTED_EDGE ( 'NONE', *, *, #647, .F. ) ;
#1398 = DIRECTION ( 'NONE',  ( 0.000000000000000000, -1.000000000000000000, 0.000000000000000000 ) ) ;
#1399 = CARTESIAN_POINT ( 'NONE',  ( 0.000000000000000000, 23.00000000000000000, 0.000000000000000000 ) ) ;
#1400 = ORIENTED_EDGE ( 'NONE', *, *, #1468, .T. ) ;
#1401 = CARTESIAN_POINT ( 'NONE',  ( -0.4770762119709237581, 0.4000000000000000222, -1.119805414705757007 ) ) ;
#1402 = CARTESIAN_POINT ( 'NONE',  ( 0.4623641107123306337, 0.4000000000000000222, 1.495483820548413334 ) ) ;
#1403 = CARTESIAN_POINT ( 'NONE',  ( 1.058666182803519540, 0.4000000000000000222, 2.081763132664695704 ) ) ;
#1404 = CARTESIAN_POINT ( 'NONE',  ( -0.6560892517906532495, 0.4000000000000000222, 0.7090739872346466521 ) ) ;
#1405 = CARTESIAN_POINT ( 'NONE',  ( 0.5683294540222905145, 0.000000000000000000, 1.249495616325351222 ) ) ;
#1406 = VERTEX_POINT ( 'NONE', #739 ) ;
#1407 = CARTESIAN_POINT ( 'NONE',  ( -0.7876145946289502264, 0.4000000000000000222, -1.916596269766404070 ) ) ;
#1408 = AXIS2_PLACEMENT_3D ( 'NONE', #1115, #1739, #1935 ) ;
#1409 = AXIS2_PLACEMENT_3D ( 'NONE', #421, #1040, #1514 ) ;
#1410 = VERTEX_POINT ( 'NONE', #133 ) ;
#1411 = CARTESIAN_POINT ( 'NONE',  ( -0.4499859739248382451, 0.4000000000000000222, -2.030813074111875061 ) ) ;
#1412 = B_SPLINE_CURVE_WITH_KNOTS ( 'NONE', 3,
 ( #1066, #1033, #863, #707, #1825, #1966, #403, #1974, #1024, #1648, #564, #571, #1814, #413, #1199 ),
 .UNSPECIFIED., .F., .F.,
 ( 4, 1, 1, 1, 1, 1, 1, 1, 1, 1, 1, 1, 4 ),
 ( 0.000000000000000000, 0.06768319652432493172, 0.1293673698665419869, 0.1882956358666404706, 0.2475517424061131344, 0.3115651344273478451, 0.3808414951658413705, 0.4590164384330572833, 0.5455519445981339421, 0.6421912381404847325, 0.7499909381704255029, 0.8693726043265829206, 1.000000000000000000 ),
 .UNSPECIFIED. ) ;
#1413 = EDGE_CURVE ( 'NONE', #476, #139, #326, .T. ) ;
#1414 = CARTESIAN_POINT ( 'NONE',  ( 0.004999821482141097659, 0.4000000000000000222, 1.711867468341502496 ) ) ;
#1415 = CARTESIAN_POINT ( 'NONE',  ( 1.567321867049383588, 0.4000000000000000222, 0.2776049466041818903 ) ) ;
#1416 = CARTESIAN_POINT ( 'NONE',  ( -0.4959907033499663664, 0.4000000000000000222, 1.419828291193846237 ) ) ;
#1417 = CARTESIAN_POINT ( 'NONE',  ( 0.1141167421843458374, 0.4000000000000000222, 2.414477102311828549 ) ) ;
#1418 = CARTESIAN_POINT ( 'NONE',  ( -0.1140856580161652561, -5.421010862427522170E-17, -2.062061431148037194 ) ) ;
#1419 = CARTESIAN_POINT ( 'NONE',  ( 0.02909659314571610284, 0.4000000000000000222, -2.062104092001542988 ) ) ;
#1420 = ORIENTED_EDGE ( 'NONE', *, *, #1857, .T. ) ;
#1421 = CARTESIAN_POINT ( 'NONE',  ( -1.530893691625128561, 0.4000000000000000222, -0.5579300488052065798 ) ) ;
#1422 = CARTESIAN_POINT ( 'NONE',  ( -1.104587297110673383, 0.4000000000000000222, 1.947471726349451870 ) ) ;
#1423 = CARTESIAN_POINT ( 'NONE',  ( 0.4801036643362349698, 0.4000000000000000222, -1.098280670494919731 ) ) ;
#1424 = CARTESIAN_POINT ( 'NONE',  ( 0.6618503939824549320, 0.000000000000000000, -0.3079946757105052058 ) ) ;
#1425 = DIRECTION ( 'NONE',  ( -0.000000000000000000, -1.000000000000000000, -0.000000000000000000 ) ) ;
#1426 = CARTESIAN_POINT ( 'NONE',  ( 0.2155437680987595805, 0.000000000000000000, 1.685097936930892271 ) ) ;
#1427 = CARTESIAN_POINT ( 'NONE',  ( -1.435637118623378061, 0.4000000000000000222, 1.292183379431056656 ) ) ;
#1428 = CARTESIAN_POINT ( 'NONE',  ( -0.1140856580161652561, 0.4000000000000000222, -2.062061431148037194 ) ) ;
#1429 = CARTESIAN_POINT ( 'NONE',  ( -0.08887405345693863423, 0.000000000000000000, 1.708934376329054761 ) ) ;
#1430 = CARTESIAN_POINT ( 'NONE',  ( 0.4623641107123306337, 0.000000000000000000, 1.495483820548413334 ) ) ;
#1431 = CARTESIAN_POINT ( 'NONE',  ( -0.5884327780111643369, 0.4000000000000000222, -0.8260545751773961110 ) ) ;
#1432 = CARTESIAN_POINT ( 'NONE',  ( 0.6194157855225319587, 0.4000000000000000222, -0.6853369169376314352 ) ) ;
#1433 = CARTESIAN_POINT ( 'NONE',  ( -1.259802448420853427, -5.421010862427522170E-17, -1.473792655148715047 ) ) ;
#1434 = CARTESIAN_POINT ( 'NONE',  ( 0.7894150075158848923, 1.626303258728256651E-16, 2.268229736326170087 ) ) ;
#1435 = CARTESIAN_POINT ( 'NONE',  ( 0.1129511936550939150, 0.000000000000000000, -1.355325548747671416 ) ) ;
#1436 = FACE_OUTER_BOUND ( 'NONE', #238, .T. ) ;
#1437 = EDGE_CURVE ( 'NONE', #278, #1176, #1662, .T. ) ;
#1438 = CARTESIAN_POINT ( 'NONE',  ( -2.565151067676131547, 20.00000000000000000, 1.649999999999999911 ) ) ;
#1439 = EDGE_LOOP ( 'NONE', ( #373, #1166, #1530, #1965 ) ) ;
#1440 = CARTESIAN_POINT ( 'NONE',  ( -1.484863664245169135, 0.4000000000000000222, 1.090015474804707951 ) ) ;
#1441 = DIRECTION ( 'NONE',  ( 0.000000000000000000, -0.000000000000000000, -1.000000000000000000 ) ) ;
#1442 = B_SPLINE_SURFACE_WITH_KNOTS ( 'NONE', 3, 1, ( 
 ( #984, #376 ),
 ( #710, #1488 ),
 ( #1292, #1622 ),
 ( #220, #1754 ),
 ( #1168, #1794 ),
 ( #394, #1466 ),
 ( #670, #1918 ),
 ( #846, #855 ),
 ( #1139, #689 ),
 ( #1312, #1939 ),
 ( #1787, #1631 ),
 ( #566, #1036 ),
 ( #1221, #758 ),
 ( #427, #260 ),
 ( #873, #439 ),
 ( #1848, #725 ),
 ( #1047, #1837 ),
 ( #272, #734 ),
 ( #1026, #1201 ) ),
 .UNSPECIFIED., .F., .F., .F.,
 ( 4, 1, 1, 1, 1, 1, 1, 1, 1, 1, 1, 1, 1, 1, 1, 1, 4 ),
 ( 2, 2 ),
 ( 0.000000000000000000, 0.08000890653894858484, 0.1560603079818838057, 0.2286528301645845140, 0.2976305958001327356, 0.3630437438843130415, 0.4251348915280968033, 0.4843009294188710401, 0.5408130055839895922, 0.5952591759816523442, 0.6487046508067718653, 0.7018377765321146544, 0.7555742553605743206, 0.8112478018068023378, 0.8696211586019314543, 0.9325796937914182516, 1.000000000000000000 ),
 ( 0.000000000000000000, 1.000000000000000000 ),
 .UNSPECIFIED. ) ;
#1443 = CARTESIAN_POINT ( 'NONE',  ( 0.6714200135956830406, 0.000000000000000000, 0.06725161283401570600 ) ) ;
#1444 = CARTESIAN_POINT ( 'NONE',  ( 1.168735568293208349, 0.4000000000000000222, 1.962207144058167430 ) ) ;
#1445 = CARTESIAN_POINT ( 'NONE',  ( -0.2574917755867190405, 0.000000000000000000, 1.661921090868345718 ) ) ;
#1446 = CARTESIAN_POINT ( 'NONE',  ( 0.000000000000000000, 0.000000000000000000, 0.000000000000000000 ) ) ;
#1447 = DIRECTION ( 'NONE',  ( 0.000000000000000000, 0.000000000000000000, -1.000000000000000000 ) ) ;
#1448 = ORIENTED_EDGE ( 'NONE', *, *, #921, .T. ) ;
#1449 = CARTESIAN_POINT ( 'NONE',  ( -0.8524746497242211563, -5.421010862427522170E-17, 2.175171039202551615 ) ) ;
#1450 = CARTESIAN_POINT ( 'NONE',  ( 1.437893219779324161, 0.000000000000000000, -0.9415174401274557514 ) ) ;
#1451 = B_SPLINE_CURVE_WITH_KNOTS ( 'NONE', 3,
 ( #245, #1041, #1022, #843, #1464, #1791, #1953, #552, #1175, #1801, #401, #1646, #717, #455, #1396, #1831, #1245, #146, #2006 ),
 .UNSPECIFIED., .F., .F.,
 ( 4, 1, 1, 1, 1, 1, 1, 1, 1, 1, 1, 1, 1, 1, 1, 1, 4 ),
 ( 0.000000000000000000, 0.07974598701781208943, 0.1555542597532472149, 0.2281587123604130185, 0.2972368863263216143, 0.3630764334784996605, 0.4255087785992350269, 0.4844253309669640517, 0.5409751307642010065, 0.5957115252091277346, 0.6494121553958418502, 0.7025807491949874750, 0.7563530988548911038, 0.8120638091876259956, 0.8704761320796796653, 0.9328507288729406266, 1.000000000000000000 ),
 .UNSPECIFIED. ) ;
#1452 = CARTESIAN_POINT ( 'NONE',  ( -1.567944016799427631, 0.4000000000000000222, 0.1589229159884978648 ) ) ;
#1453 = CARTESIAN_POINT ( 'NONE',  ( 1.342954905715348035, 1.626303258728256651E-16, 1.673381214804326333 ) ) ;
#1454 = CARTESIAN_POINT ( 'NONE',  ( -0.6645939265982323541, 0.4000000000000000222, 0.5499836214754048047 ) ) ;
#1455 = CARTESIAN_POINT ( 'NONE',  ( 0.000000000000000000, 1.999999999999998224, 1.649999999999999911 ) ) ;
#1456 = CARTESIAN_POINT ( 'NONE',  ( 2.565151067676131547, 20.00000000000000000, 1.649999999999999911 ) ) ;
#1457 = EDGE_LOOP ( 'NONE', ( #1055, #862, #805, #424 ) ) ;
#1458 = CARTESIAN_POINT ( 'NONE',  ( -0.7049558110402919242, -5.421010862427522170E-17, 2.263283651350205705 ) ) ;
#1459 = CARTESIAN_POINT ( 'NONE',  ( 0.5366584516724229870, 0.4000000000000000222, -0.9799220544149378487 ) ) ;
#1460 = CARTESIAN_POINT ( 'NONE',  ( -1.552900082877163523, -5.421010862427522170E-17, -0.3311050692333406542 ) ) ;
#1461 = CARTESIAN_POINT ( 'NONE',  ( 0.6688087875371212521, 1.626303258728256651E-16, 0.4333108344355071639 ) ) ;
#1462 = CARTESIAN_POINT ( 'NONE',  ( -0.4959907033499663664, 0.000000000000000000, 1.419828291193846237 ) ) ;
#1463 = CARTESIAN_POINT ( 'NONE',  ( 0.000000000000000000, 1.999999999999998224, 0.000000000000000000 ) ) ;
#1464 = CARTESIAN_POINT ( 'NONE',  ( -1.523007327573084657, 0.4000000000000000222, 0.8745619824586562396 ) ) ;
#1465 = ORIENTED_EDGE ( 'NONE', *, *, #1795, .F. ) ;
#1466 = CARTESIAN_POINT ( 'NONE',  ( 1.486045944821737130, 2.710505431213761085E-16, -0.7398162478042065171 ) ) ;
#1467 = CARTESIAN_POINT ( 'NONE',  ( 0.4503691446982989177, 0.4000000000000000222, 2.381996557488394117 ) ) ;
#1468 = EDGE_CURVE ( 'NONE', #14, #1679, #1842, .T. ) ;
#1469 = DIRECTION ( 'NONE',  ( 0.000000000000000000, -1.000000000000000000, 0.000000000000000000 ) ) ;
#1470 = AXIS2_PLACEMENT_3D ( 'NONE', #229, #55, #1767 ) ;
#1471 = FILL_AREA_STYLE_COLOUR ( '', #458 ) ;
#1472 = EDGE_CURVE ( 'NONE', #1679, #1138, #1255, .T. ) ;
#1473 = CARTESIAN_POINT ( 'NONE',  ( 0.6194157855225319587, 0.000000000000000000, -0.6853369169376314352 ) ) ;
#1474 = CARTESIAN_POINT ( 'NONE',  ( 0.000000000000000000, 0.9999999999999974465, 0.000000000000000000 ) ) ;
#1475 = CARTESIAN_POINT ( 'NONE',  ( -0.6022025449687199439, 0.000000000000000000, 1.116857945225881332 ) ) ;
#1476 = B_SPLINE_CURVE_WITH_KNOTS ( 'NONE', 3,
 ( #19, #1548, #772, #1395, #2016, #633, #2027, #643, #1892, #308, #1557, #154, #1244, #1871, #474, #1261, #826, #364, #1610 ),
 .UNSPECIFIED., .F., .F.,
 ( 4, 1, 1, 1, 1, 1, 1, 1, 1, 1, 1, 1, 1, 1, 1, 1, 4 ),
 ( 0.000000000000000000, 0.05190040368446015295, 0.09983774847810400477, 0.1452455928172420585, 0.1892930069875670418, 0.2333040524854593512, 0.2796605405239697140, 0.3289070466829369099, 0.3820080511458008310, 0.4391751428455783479, 0.5017380866613739832, 0.5698872446423048910, 0.6439095715862723779, 0.7235368588589708994, 0.8094668313750243982, 0.9017911710461545827, 1.000000000000000000 ),
 .UNSPECIFIED. ) ;
#1477 = ORIENTED_EDGE ( 'NONE', *, *, #77, .T. ) ;
#1478 = AXIS2_PLACEMENT_3D ( 'NONE', #195, #1114, #1738 ) ;
#1479 = CARTESIAN_POINT ( 'NONE',  ( -0.5416258868447952901, 0.4000000000000000222, 2.332713567876310012 ) ) ;
#1480 = DIRECTION ( 'NONE',  ( -0.000000000000000000, -1.000000000000000000, -0.000000000000000000 ) ) ;
#1481 =( NAMED_UNIT ( * ) SI_UNIT ( $, .STERADIAN. ) SOLID_ANGLE_UNIT ( ) );
#1482 = CARTESIAN_POINT ( 'NONE',  ( 0.6703558919493723955, 0.4000000000000000222, -0.08714674214066743529 ) ) ;
#1483 = CARTESIAN_POINT ( 'NONE',  ( -0.4959907033499663664, 0.000000000000000000, 1.419828291193846237 ) ) ;
#1484 = CARTESIAN_POINT ( 'NONE',  ( 0.1665818176034304099, 0.000000000000000000, -2.058442163085179466 ) ) ;
#1485 = CARTESIAN_POINT ( 'NONE',  ( -0.4279542203282462043, 0.000000000000000000, -1.189482049580810497 ) ) ;
#1486 = ORIENTED_EDGE ( 'NONE', *, *, #320, .F. ) ;
#1487 = CARTESIAN_POINT ( 'NONE',  ( 0.2526607099220221087, 0.4000000000000000222, 2.411854402761715477 ) ) ;
#1488 = CARTESIAN_POINT ( 'NONE',  ( 1.567103462847580841, 2.710505431213761085E-16, 0.1085657874604816775 ) ) ;
#1489 = DIRECTION ( 'NONE',  ( 0.000000000000000000, 1.000000000000000000, -0.000000000000000000 ) ) ;
#1490 = CARTESIAN_POINT ( 'NONE',  ( 0.2259316570488912324, 0.000000000000000000, -1.323402442819437530 ) ) ;
#1491 = CARTESIAN_POINT ( 'NONE',  ( -0.6560892517906532495, 0.4000000000000000222, 0.7090739872346466521 ) ) ;
#1492 = CARTESIAN_POINT ( 'NONE',  ( 1.210234812762141621, 0.4000000000000000222, -1.456213719989455591 ) ) ;
#1493 = CARTESIAN_POINT ( 'NONE',  ( -0.6711529067752837197, 0.000000000000000000, -0.01245586510328676282 ) ) ;
#1494 = VERTEX_POINT ( 'NONE', #2005 ) ;
#1495 = EDGE_CURVE ( 'NONE', #1410, #342, #790, .T. ) ;
#1496 = CARTESIAN_POINT ( 'NONE',  ( 1.567321867049383588, 0.000000000000000000, 0.2776049466041818903 ) ) ;
#1497 = ORIENTED_EDGE ( 'NONE', *, *, #1685, .F. ) ;
#1498 = CIRCLE ( 'NONE', #1232, 4.349999999999999645 ) ;
#1499 = CONICAL_SURFACE ( 'NONE', #1928, 5.049999999999999822, 0.7853981633974504994 ) ;
#1500 = VECTOR ( 'NONE', #776, 1000.000000000000000 ) ;
#1501 = CARTESIAN_POINT ( 'NONE',  ( 0.6621468238058455524, 1.626303258728256651E-16, 0.5636002169279027418 ) ) ;
#1502 = CARTESIAN_POINT ( 'NONE',  ( 0.5366584516724229870, 0.4000000000000000222, -0.9799220544149378487 ) ) ;
#1503 = CARTESIAN_POINT ( 'NONE',  ( -0.6433279786456125304, 0.000000000000000000, 0.8565563852140825052 ) ) ;
#1504 = CARTESIAN_POINT ( 'NONE',  ( -0.6719760071997545881, 0.000000000000000000, 0.2009214164384823809 ) ) ;
#1505 = ORIENTED_EDGE ( 'NONE', *, *, #284, .F. ) ;
#1506 = CARTESIAN_POINT ( 'NONE',  ( 1.342954905715348035, 0.000000000000000000, 1.673381214804326333 ) ) ;
#1507 = CARTESIAN_POINT ( 'NONE',  ( 0.6703558919493723955, 0.4000000000000000222, -0.08714674214066743529 ) ) ;
#1508 = VERTEX_POINT ( 'NONE', #1233 ) ;
#1509 = CARTESIAN_POINT ( 'NONE',  ( 0.9890273343452844479, 0.4000000000000000222, -1.718882791778022057 ) ) ;
#1510 = CARTESIAN_POINT ( 'NONE',  ( -1.166223855633808038, 0.000000000000000000, -1.610806372813022191 ) ) ;
#1511 = CARTESIAN_POINT ( 'NONE',  ( 0.5189814889469016590, 0.4000000000000000222, 1.383972272710727980 ) ) ;
#1512 = CARTESIAN_POINT ( 'NONE',  ( -0.6643798959201195897, 0.000000000000000000, -0.2125575864964212858 ) ) ;
#1513 = CARTESIAN_POINT ( 'NONE',  ( -0.6433279786456125304, 0.4000000000000000222, 0.8565563852140825052 ) ) ;
#1514 = DIRECTION ( 'NONE',  ( 0.000000000000000000, 0.000000000000000000, 1.000000000000000000 ) ) ;
#1515 = CARTESIAN_POINT ( 'NONE',  ( -0.9859751404306150713, 0.000000000000000000, 2.070365377890005298 ) ) ;
#1516 = VERTEX_POINT ( 'NONE', #1225 ) ;
#1517 = CARTESIAN_POINT ( 'NONE',  ( 0.7894150075158848923, 0.4000000000000000222, 2.268229736326170087 ) ) ;
#1518 = CARTESIAN_POINT ( 'NONE',  ( 1.567944016799428075, 0.4000000000000000222, 0.1929217020670568050 ) ) ;
#1519 = PLANE ( 'NONE',  #397 ) ;
#1520 = ADVANCED_FACE ( 'NONE', ( #1082 ), #1707, .T. ) ;
#1521 = CARTESIAN_POINT ( 'NONE',  ( 0.6202581669635437445, 0.4000000000000000222, 1.003611329899611881 ) ) ;
#1522 = DIRECTION ( 'NONE',  ( 0.000000000000000000, 1.000000000000000000, 0.000000000000000000 ) ) ;
#1523 = CARTESIAN_POINT ( 'NONE',  ( 0.4801036643362349698, 0.4000000000000000222, -1.098280670494919731 ) ) ;
#1524 = FILL_AREA_STYLE_COLOUR ( '', #1765 ) ;
#1525 = B_SPLINE_SURFACE_WITH_KNOTS ( 'NONE', 3, 1, ( 
 ( #1177, #907 ),
 ( #1056, #1353 ),
 ( #1487, #1803 ),
 ( #723, #115 ),
 ( #239, #425 ),
 ( #1517, #1364 ),
 ( #1845, #1985 ),
 ( #257, #1207 ),
 ( #598, #1187 ),
 ( #583, #885 ),
 ( #1834, #1506 ),
 ( #106, #270 ),
 ( #436, #81 ),
 ( #1342, #1680 ),
 ( #446, #279 ),
 ( #732, #1374 ),
 ( #896, #1528 ),
 ( #126, #1496 ),
 ( #1996, #755 ) ),
 .UNSPECIFIED., .F., .F., .F.,
 ( 4, 1, 1, 1, 1, 1, 1, 1, 1, 1, 1, 1, 1, 1, 1, 1, 4 ),
 ( 2, 2 ),
 ( 0.000000000000000000, 0.06971424375497414783, 0.1339257267699553999, 0.1929811361950673765, 0.2483232665883930157, 0.3012488577589456096, 0.3530715149961000665, 0.4048730985648489322, 0.4579203669448181357, 0.5130252349856478933, 0.5710503638925201741, 0.6321780340553271316, 0.6976976690499471223, 0.7670619935418498958, 0.8405755549632122348, 0.9180821270306058768, 0.9999999999999998890 ),
 ( 0.000000000000000000, 1.000000000000000000 ),
 .UNSPECIFIED. ) ;
#1526 = CARTESIAN_POINT ( 'NONE',  ( -1.567944016799427631, 0.000000000000000000, 0.1589229159884978648 ) ) ;
#1527 = EDGE_LOOP ( 'NONE', ( #1540, #1012 ) ) ;
#1528 = CARTESIAN_POINT ( 'NONE',  ( 1.566111070491376323, 0.000000000000000000, 0.4424112187261373674 ) ) ;
#1529 = CARTESIAN_POINT ( 'NONE',  ( -1.523007327573084657, -5.421010862427522170E-17, 0.8745619824586562396 ) ) ;
#1530 = ORIENTED_EDGE ( 'NONE', *, *, #184, .F. ) ;
#1531 = CARTESIAN_POINT ( 'NONE',  ( 1.549247691095819723, 0.4000000000000000222, -0.2966214335138954716 ) ) ;
#1532 = CARTESIAN_POINT ( 'NONE',  ( 0.2155437680987595805, 1.626303258728256651E-16, 1.685097936930892271 ) ) ;
#1533 = CARTESIAN_POINT ( 'NONE',  ( 0.4623641107123306337, 0.4000000000000000222, 1.495483820548413334 ) ) ;
#1534 = EDGE_CURVE ( 'NONE', #1025, #1249, #174, .T. ) ;
#1535 = CARTESIAN_POINT ( 'NONE',  ( -0.2445602444429653965, 0.000000000000000000, -1.322168758857392046 ) ) ;
#1536 = CARTESIAN_POINT ( 'NONE',  ( 1.462541112189529535, 0.4000000000000000222, 1.322061879914542715 ) ) ;
#1537 = DIRECTION ( 'NONE',  ( 0.000000000000000000, 0.000000000000000000, 1.000000000000000000 ) ) ;
#1538 = CARTESIAN_POINT ( 'NONE',  ( 1.409963879184148450, 0.000000000000000000, 1.505846105262754753 ) ) ;
#1539 = EDGE_CURVE ( 'NONE', #365, #1701, #1476, .T. ) ;
#1540 = ORIENTED_EDGE ( 'NONE', *, *, #1004, .T. ) ;
#1541 = CARTESIAN_POINT ( 'NONE',  ( -0.6150481974240906702, 0.4000000000000000222, -0.6983904647163351465 ) ) ;
#1542 = CARTESIAN_POINT ( 'NONE',  ( -1.104587297110673383, 0.4000000000000000222, 1.947471726349451870 ) ) ;
#1543 = CARTESIAN_POINT ( 'NONE',  ( 1.486045944821737130, 0.4000000000000000222, -0.7398162478042065171 ) ) ;
#1544 = B_SPLINE_CURVE_WITH_KNOTS ( 'NONE', 3,
 ( #1323, #557, #548, #1180, #1016, #848, #1027, #1651, #248, #874, #98, #587, #1212, #759, #152, #142, #273, #464, #927 ),
 .UNSPECIFIED., .F., .F.,
 ( 4, 1, 1, 1, 1, 1, 1, 1, 1, 1, 1, 1, 1, 1, 1, 1, 4 ),
 ( 0.000000000000000000, 0.06978531092549994375, 0.1336834744384250706, 0.1928707223315187791, 0.2478351585575061244, 0.3005269340468618156, 0.3523456681607168850, 0.4041734466483285493, 0.4572640014123837138, 0.5124138348313728164, 0.5704863120389815911, 0.6318474615280363915, 0.6974205603139538301, 0.7668414858502368148, 0.8404454651777942820, 0.9180152823349007063, 1.000000000000000000 ),
 .UNSPECIFIED. ) ;
#1545 = CARTESIAN_POINT ( 'NONE',  ( 0.6202581669635437445, 1.626303258728256651E-16, 1.003611329899611881 ) ) ;
#1546 = CARTESIAN_POINT ( 'NONE',  ( 0.5976588201844871273, 1.626303258728256651E-16, 1.119852961728419638 ) ) ;
#1547 = CARTESIAN_POINT ( 'NONE',  ( 0.6297876641964752498, 0.4000000000000000222, 2.336446675807565487 ) ) ;
#1548 = CARTESIAN_POINT ( 'NONE',  ( -0.02710872824860207156, 0.4000000000000000222, 1.710864235750884088 ) ) ;
#1549 = CARTESIAN_POINT ( 'NONE',  ( -1.567270939954701348, -0.000000000000000000, 0.2429594844945036358 ) ) ;
#1550 = ORIENTED_EDGE ( 'NONE', *, *, #1920, .F. ) ;
#1551 = CARTESIAN_POINT ( 'NONE',  ( -0.6719760071997545881, 0.4000000000000000222, 0.2009214164384823809 ) ) ;
#1552 = CARTESIAN_POINT ( 'NONE',  ( 2.565151067676131547, 20.00000000000000000, 1.649999999999999911 ) ) ;
#1553 = ORIENTED_EDGE ( 'NONE', *, *, #172, .T. ) ;
#1554 = CARTESIAN_POINT ( 'NONE',  ( 0.6717611434909586121, -0.000000000000000000, 0.1975881930158773225 ) ) ;
#1555 = CARTESIAN_POINT ( 'NONE',  ( 0.5189814889469016590, 0.4000000000000000222, 1.383972272710727980 ) ) ;
#1556 = CARTESIAN_POINT ( 'NONE',  ( 0.5827192628042393574, 0.4000000000000000222, -0.8427290971260341657 ) ) ;
#1557 = CARTESIAN_POINT ( 'NONE',  ( -0.5721480201555004808, 0.4000000000000000222, 1.229054923520159326 ) ) ;
#1558 = CARTESIAN_POINT ( 'NONE',  ( 0.6337018847643635100, 0.000000000000000000, 0.9053969772436296637 ) ) ;
#1559 = ORIENTED_EDGE ( 'NONE', *, *, #1306, .T. ) ;
#1560 = CARTESIAN_POINT ( 'NONE',  ( -0.4499859739248382451, -5.421010862427522170E-17, -2.030813074111875061 ) ) ;
#1561 = CARTESIAN_POINT ( 'NONE',  ( -0.6150481974240906702, 0.4000000000000000222, -0.6983904647163351465 ) ) ;
#1562 = CARTESIAN_POINT ( 'NONE',  ( 0.6717611434909586121, 1.626303258728256651E-16, 0.1975881930158773225 ) ) ;
#1563 = CARTESIAN_POINT ( 'NONE',  ( -0.1713286487298217309, -1.626303258728256651E-16, -1.343429438789584873 ) ) ;
#1564 = CARTESIAN_POINT ( 'NONE',  ( -0.6719760071997545881, 0.4000000000000000222, 0.2009214164384823809 ) ) ;
#1565 = CARTESIAN_POINT ( 'NONE',  ( 0.1141167421843458374, 1.626303258728256651E-16, 2.414477102311828549 ) ) ;
#1566 = ORIENTED_EDGE ( 'NONE', *, *, #212, .F. ) ;
#1567 = CARTESIAN_POINT ( 'NONE',  ( -0.09227705879915794329, 0.4000000000000000222, -1.358574956536749756 ) ) ;
#1568 = CARTESIAN_POINT ( 'NONE',  ( -0.04199850044998452991, 0.4000000000000000222, -2.063997714971405273 ) ) ;
#1569 = CARTESIAN_POINT ( 'NONE',  ( 0.6621468238058455524, 0.000000000000000000, 0.5636002169279027418 ) ) ;
#1570 = CARTESIAN_POINT ( 'NONE',  ( -0.5566972473714018044, 0.4000000000000000222, -0.9384636543339374137 ) ) ;
#1571 = DIRECTION ( 'NONE',  ( 0.000000000000000000, 0.000000000000000000, 1.000000000000000000 ) ) ;
#1572 = CARTESIAN_POINT ( 'NONE',  ( -0.3124171848301231513, -1.626303258728256651E-16, -1.290914566553085452 ) ) ;
#1573 = CARTESIAN_POINT ( 'NONE',  ( 0.6719760071997550321, 0.4000000000000000222, 0.1479233087277875835 ) ) ;
#1574 = CARTESIAN_POINT ( 'NONE',  ( -0.008999678667853672209, 0.000000000000000000, -1.360022850285947715 ) ) ;
#1575 = ORIENTED_EDGE ( 'NONE', *, *, #1018, .T. ) ;
#1576 = CARTESIAN_POINT ( 'NONE',  ( -0.6372190324048578880, 0.4000000000000000222, -0.5545763039429703056 ) ) ;
#1577 = CARTESIAN_POINT ( 'NONE',  ( 0.6717611434909586121, 0.4000000000000000222, 0.1975881930158773225 ) ) ;
#1578 = CARTESIAN_POINT ( 'NONE',  ( 1.567944016799428075, 0.4000000000000000222, 0.1929217020670568050 ) ) ;
#1579 = CARTESIAN_POINT ( 'NONE',  ( 0.6558962734643254411, 0.000000000000000000, 0.6857058319922484380 ) ) ;
#1580 = CARTESIAN_POINT ( 'NONE',  ( -0.09227705879915794329, 0.4000000000000000222, -1.358574956536749756 ) ) ;
#1581 = DIRECTION ( 'NONE',  ( 0.000000000000000000, 0.000000000000000000, -1.000000000000000000 ) ) ;
#1582 = EDGE_CURVE ( 'NONE', #1711, #1176, #1730, .T. ) ;
#1583 = CARTESIAN_POINT ( 'NONE',  ( -1.054014514981260975, -5.421010862427522170E-17, -1.728205004957867663 ) ) ;
#1584 = PLANE ( 'NONE',  #712 ) ;
#1585 = CARTESIAN_POINT ( 'NONE',  ( 0.004999821482141097659, 0.000000000000000000, 1.711867468341502496 ) ) ;
#1586 = CARTESIAN_POINT ( 'NONE',  ( -0.008999678667853672209, 0.000000000000000000, -1.360022850285947715 ) ) ;
#1587 = CARTESIAN_POINT ( 'NONE',  ( 0.6719760071997550321, 0.000000000000000000, 0.1479233087277875835 ) ) ;
#1588 = CARTESIAN_POINT ( 'NONE',  ( 1.565463931521942298, 0.4000000000000000222, -0.05597351926266462552 ) ) ;
#1589 = VERTEX_POINT ( 'NONE', #528 ) ;
#1590 = CARTESIAN_POINT ( 'NONE',  ( 0.6719760071997550321, 0.000000000000000000, 0.1479233087277875835 ) ) ;
#1591 = CARTESIAN_POINT ( 'NONE',  ( -1.567270939954701348, 0.4000000000000000222, 0.2429594844945036358 ) ) ;
#1592 = FACE_BOUND ( 'NONE', #774, .T. ) ;
#1593 = CARTESIAN_POINT ( 'NONE',  ( 0.6459009408661661178, 0.000000000000000000, -0.5074350220010478418 ) ) ;
#1594 = CARTESIAN_POINT ( 'NONE',  ( 1.567321867049383588, 0.4000000000000000222, 0.2776049466041818903 ) ) ;
#1595 = CIRCLE ( 'NONE', #91, 3.049999999999999822 ) ;
#1596 = FACE_OUTER_BOUND ( 'NONE', #696, .T. ) ;
#1597 = CARTESIAN_POINT ( 'NONE',  ( -0.2574917755867190405, 0.000000000000000000, 1.661921090868345718 ) ) ;
#1598 = CARTESIAN_POINT ( 'NONE',  ( 0.004999821482141097659, 0.4000000000000000222, 1.711867468341502496 ) ) ;
#1599 = CARTESIAN_POINT ( 'NONE',  ( -0.3918836077721202238, 0.000000000000000000, 1.564673792123189910 ) ) ;
#1600 = EDGE_LOOP ( 'NONE', ( #1331, #853, #310, #353 ) ) ;
#1601 = VECTOR ( 'NONE', #1865, 1000.000000000000000 ) ;
#1602 = AXIS2_PLACEMENT_3D ( 'NONE', #253, #103, #879 ) ;
#1603 = VECTOR ( 'NONE', #1729, 1000.000000000000000 ) ;
#1604 = CARTESIAN_POINT ( 'NONE',  ( 0.004999821482141097659, 0.4000000000000000222, 1.711867468341502496 ) ) ;
#1605 = CARTESIAN_POINT ( 'NONE',  ( 1.168735568293208349, 0.000000000000000000, 1.962207144058167430 ) ) ;
#1606 = CARTESIAN_POINT ( 'NONE',  ( -1.566011318092086269, -5.421010862427522170E-17, -0.09055815624942040176 ) ) ;
#1607 = CARTESIAN_POINT ( 'NONE',  ( 0.04214035004176351629, -0.000000000000000000, 1.710814415679639211 ) ) ;
#1608 = CARTESIAN_POINT ( 'NONE',  ( -0.6709967148750830557, 0.4000000000000000222, 0.3792994407331207740 ) ) ;
#1609 = CARTESIAN_POINT ( 'NONE',  ( -0.4463905733432861900, 0.000000000000000000, 1.497365618422567657 ) ) ;
#1610 = CARTESIAN_POINT ( 'NONE',  ( -0.6719760071997545881, 0.4000000000000000222, 0.2009214164384823809 ) ) ;
#1611 = ORIENTED_EDGE ( 'NONE', *, *, #374, .F. ) ;
#1612 = B_SPLINE_CURVE_WITH_KNOTS ( 'NONE', 3,
 ( #240, #210, #1930, #511, #1778, #519, #1130, #993, #828, #1948, #697, #1322, #531, #63, #202, #1013, #546, #864, #1604 ),
 .UNSPECIFIED., .F., .F.,
 ( 4, 1, 1, 1, 1, 1, 1, 1, 1, 1, 1, 1, 1, 1, 1, 1, 4 ),
 ( 0.000000000000000000, 0.07829100420521498127, 0.1513429421402141817, 0.2202465813345391432, 0.2839300503126962472, 0.3440592118118234177, 0.4001106738923365103, 0.4521257037715517013, 0.5002507225135067737, 0.5867811130480512505, 0.6612553020892086852, 0.7256672462323787709, 0.7827170688337359294, 0.8358973463528424075, 0.8876463129533452845, 0.9415612841208130801, 1.000000000000000000 ),
 .UNSPECIFIED. ) ;
#1613 = CARTESIAN_POINT ( 'NONE',  ( -0.3616633006567326336, -5.421010862427522170E-17, 2.381358039279251049 ) ) ;
#1614 = CARTESIAN_POINT ( 'NONE',  ( -0.008999678667853672209, 0.4000000000000000222, -1.360022850285947715 ) ) ;
#1615 = CARTESIAN_POINT ( 'NONE',  ( -1.530893691625128561, -5.421010862427522170E-17, -0.5579300488052065798 ) ) ;
#1616 = CARTESIAN_POINT ( 'NONE',  ( 0.6688087875371212521, 0.4000000000000000222, 0.4333108344355071639 ) ) ;
#1617 = CARTESIAN_POINT ( 'NONE',  ( -0.7049558110402919242, 0.4000000000000000222, 2.263283651350205705 ) ) ;
#1618 = CARTESIAN_POINT ( 'NONE',  ( -1.501652878453955564, -5.421010862427522170E-17, -0.7714287521067049180 ) ) ;
#1619 = CARTESIAN_POINT ( 'NONE',  ( 0.8554109504304696632, 0.4000000000000000222, -1.823266189891210143 ) ) ;
#1620 = ORIENTED_EDGE ( 'NONE', *, *, #1720, .F. ) ;
#1621 = ADVANCED_FACE ( 'NONE', ( #951, #1271 ), #676, .F. ) ;
#1622 = CARTESIAN_POINT ( 'NONE',  ( 1.565463931521942298, 2.710505431213761085E-16, -0.05597351926266462552 ) ) ;
#1623 = CARTESIAN_POINT ( 'NONE',  ( -1.296737873724658208, -5.421010862427522170E-17, 1.650978746965154009 ) ) ;
#1624 = EDGE_CURVE ( 'NONE', #1832, #509, #1290, .T. ) ;
#1625 = CARTESIAN_POINT ( 'NONE',  ( -0.1140856580161652561, -5.421010862427522170E-17, -2.062061431148037194 ) ) ;
#1626 = CARTESIAN_POINT ( 'NONE',  ( -1.259802448420853427, 0.4000000000000000222, -1.473792655148715047 ) ) ;
#1627 = CARTESIAN_POINT ( 'NONE',  ( -1.547398035787296733, 0.000000000000000000, 0.6466549407987367548 ) ) ;
#1628 = DIRECTION ( 'NONE',  ( -1.000000000000000000, 0.000000000000000000, 0.000000000000000000 ) ) ;
#1629 = CARTESIAN_POINT ( 'NONE',  ( -0.5566972473714018044, 0.000000000000000000, -0.9384636543339374137 ) ) ;
#1630 = ORIENTED_EDGE ( 'NONE', *, *, #1108, .F. ) ;
#1631 = CARTESIAN_POINT ( 'NONE',  ( 1.106200607471006458, 2.710505431213761085E-16, -1.595338143680320231 ) ) ;
#1632 = CARTESIAN_POINT ( 'NONE',  ( -0.1140856580161652561, -0.000000000000000000, -2.062061431148037194 ) ) ;
#1633 = CARTESIAN_POINT ( 'NONE',  ( -0.2521786400210054291, 0.4000000000000000222, -2.058352210030097496 ) ) ;
#1634 = CARTESIAN_POINT ( 'NONE',  ( 0.6714200135956830406, -0.000000000000000000, 0.06725161283401570600 ) ) ;
#1635 = CARTESIAN_POINT ( 'NONE',  ( -0.6711529067752837197, 0.4000000000000000222, -0.01245586510328676282 ) ) ;
#1636 = CARTESIAN_POINT ( 'NONE',  ( -0.6372190324048578880, 0.000000000000000000, -0.5545763039429703056 ) ) ;
#1637 = ORIENTED_EDGE ( 'NONE', *, *, #1169, .T. ) ;
#1638 = VECTOR ( 'NONE', #1273, 1000.000000000000114 ) ;
#1639 = FACE_OUTER_BOUND ( 'NONE', #1600, .T. ) ;
#1640 = CARTESIAN_POINT ( 'NONE',  ( -1.259802448420853427, 0.000000000000000000, -1.473792655148715047 ) ) ;
#1641 = CARTESIAN_POINT ( 'NONE',  ( 0.6719760071997550321, 0.4000000000000000222, 0.1479233087277875835 ) ) ;
#1642 = ADVANCED_FACE ( 'NONE', ( #834 ), #668, .T. ) ;
#1643 = CARTESIAN_POINT ( 'NONE',  ( 0.2259316570488912324, 0.000000000000000000, -1.323402442819437530 ) ) ;
#1644 = CARTESIAN_POINT ( 'NONE',  ( -0.6643798959201195897, 0.4000000000000000222, -0.2125575864964212858 ) ) ;
#1645 = CARTESIAN_POINT ( 'NONE',  ( -0.04199850044998452991, 0.000000000000000000, -2.063997714971405273 ) ) ;
#1646 = CARTESIAN_POINT ( 'NONE',  ( -0.9859751404306150713, 0.4000000000000000222, 2.070365377890005298 ) ) ;
#1647 = ORIENTED_EDGE ( 'NONE', *, *, #1306, .F. ) ;
#1648 = CARTESIAN_POINT ( 'NONE',  ( 0.6194157855225319587, 0.000000000000000000, -0.6853369169376314352 ) ) ;
#1649 = VERTEX_POINT ( 'NONE', #1438 ) ;
#1650 = CARTESIAN_POINT ( 'NONE',  ( 0.02909659314571610284, -0.000000000000000000, -2.062104092001542988 ) ) ;
#1651 = CARTESIAN_POINT ( 'NONE',  ( -1.054014514981260975, 0.000000000000000000, -1.728205004957867663 ) ) ;
#1652 = CARTESIAN_POINT ( 'NONE',  ( -0.7876145946289502264, 0.4000000000000000222, -1.916596269766404070 ) ) ;
#1653 = CARTESIAN_POINT ( 'NONE',  ( 0.3247712160334606524, 0.000000000000000000, -1.270609496076245959 ) ) ;
#1654 = CARTESIAN_POINT ( 'NONE',  ( -0.6711529067752837197, -1.626303258728256651E-16, -0.01245586510328676282 ) ) ;
#1655 = CARTESIAN_POINT ( 'NONE',  ( -0.6645939265982323541, 0.000000000000000000, 0.5499836214754048047 ) ) ;
#1656 = VERTEX_POINT ( 'NONE', #372 ) ;
#1657 = CARTESIAN_POINT ( 'NONE',  ( -1.567944016799427631, -5.421010862427522170E-17, 0.1589229159884978648 ) ) ;
#1658 = VERTEX_POINT ( 'NONE', #1740 ) ;
#1659 = CARTESIAN_POINT ( 'NONE',  ( 1.567944016799428075, 0.000000000000000000, 0.1929217020670568050 ) ) ;
#1660 = AXIS2_PLACEMENT_3D ( 'NONE', #682, #1489, #407 ) ;
#1661 = CIRCLE ( 'NONE', #785, 3.049999999999999822 ) ;
#1662 = CIRCLE ( 'NONE', #786, 4.349999999999999645 ) ;
#1663 = AXIS2_PLACEMENT_3D ( 'NONE', #1399, #1260, #2020 ) ;
#1664 = DIRECTION ( 'NONE',  ( 0.000000000000000000, 0.000000000000000000, 1.000000000000000000 ) ) ;
#1665 = CARTESIAN_POINT ( 'NONE',  ( -0.6719760071997545881, 0.000000000000000000, 0.2009214164384823809 ) ) ;
#1666 = CARTESIAN_POINT ( 'NONE',  ( -0.6022025449687199439, 0.4000000000000000222, 1.116857945225881332 ) ) ;
#1667 = CARTESIAN_POINT ( 'NONE',  ( 1.437893219779324161, 0.000000000000000000, -0.9415174401274557514 ) ) ;
#1668 = CARTESIAN_POINT ( 'NONE',  ( 0.004999821482141097659, 0.000000000000000000, 1.711867468341502496 ) ) ;
#1669 = ORIENTED_EDGE ( 'NONE', *, *, #1004, .F. ) ;
#1670 = DIRECTION ( 'NONE',  ( 0.000000000000000000, 0.000000000000000000, 1.000000000000000000 ) ) ;
#1671 = CARTESIAN_POINT ( 'NONE',  ( -0.3616633006567326336, -5.421010862427522170E-17, 2.381358039279251049 ) ) ;
#1672 = EDGE_CURVE ( 'NONE', #1178, #1883, #208, .T. ) ;
#1673 = CARTESIAN_POINT ( 'NONE',  ( 0.3640363955524176243, 0.4000000000000000222, -2.029758898638859943 ) ) ;
#1674 = CARTESIAN_POINT ( 'NONE',  ( 1.567944016799428075, 0.4000000000000000222, 0.1929217020670568050 ) ) ;
#1675 = CARTESIAN_POINT ( 'NONE',  ( -0.6372190324048578880, 0.4000000000000000222, -0.5545763039429703056 ) ) ;
#1676 = CARTESIAN_POINT ( 'NONE',  ( -0.6560892517906532495, 0.000000000000000000, 0.7090739872346466521 ) ) ;
#1677 = CARTESIAN_POINT ( 'NONE',  ( 0.9890273343452844479, 0.4000000000000000222, -1.718882791778022057 ) ) ;
#1678 = CARTESIAN_POINT ( 'NONE',  ( 0.6297876641964752498, 0.000000000000000000, 2.336446675807565487 ) ) ;
#1679 = VERTEX_POINT ( 'NONE', #517 ) ;
#1680 = CARTESIAN_POINT ( 'NONE',  ( 1.502782179485117053, 0.000000000000000000, 1.123329255053777009 ) ) ;
#1681 = CARTESIAN_POINT ( 'NONE',  ( -0.3616633006567326336, 0.4000000000000000222, 2.381358039279251049 ) ) ;
#1682 = CARTESIAN_POINT ( 'NONE',  ( 1.210234812762141621, 0.4000000000000000222, -1.456213719989455591 ) ) ;
#1683 = ADVANCED_FACE ( 'NONE', ( #1104 ), #53, .T. ) ;
#1684 = CARTESIAN_POINT ( 'NONE',  ( 0.4623641107123306337, 1.626303258728256651E-16, 1.495483820548413334 ) ) ;
#1685 = EDGE_CURVE ( 'NONE', #1832, #478, #722, .T. ) ;
#1686 =( NAMED_UNIT ( * ) SI_UNIT ( $, .STERADIAN. ) SOLID_ANGLE_UNIT ( ) );
#1687 = CARTESIAN_POINT ( 'NONE',  ( -1.296737873724658208, 0.4000000000000000222, 1.650978746965154009 ) ) ;
#1688 = CARTESIAN_POINT ( 'NONE',  ( -0.3735923580469186489, 0.4000000000000000222, -1.246955409145128035 ) ) ;
#1689 = CARTESIAN_POINT ( 'NONE',  ( 1.532166050052967243, 0.000000000000000000, 0.9098192784009662137 ) ) ;
#1690 = ORIENTED_EDGE ( 'NONE', *, *, #387, .T. ) ;
#1691 = CARTESIAN_POINT ( 'NONE',  ( -0.4770762119709237581, -1.626303258728256651E-16, -1.119805414705757007 ) ) ;
#1692 = CARTESIAN_POINT ( 'NONE',  ( -0.1652713918807101334, -5.421010862427522170E-17, 2.410386509712838965 ) ) ;
#1693 = EDGE_LOOP ( 'NONE', ( #923, #835, #1967, #741 ) ) ;
#1694 = CARTESIAN_POINT ( 'NONE',  ( 0.8554109504304696632, 0.000000000000000000, -1.823266189891210143 ) ) ;
#1695 = CARTESIAN_POINT ( 'NONE',  ( 0.6337018847643635100, 1.626303258728256651E-16, 0.9053969772436296637 ) ) ;
#1696 =( NAMED_UNIT ( * ) PLANE_ANGLE_UNIT ( ) SI_UNIT ( $, .RADIAN. ) );
#1697 = DIRECTION ( 'NONE',  ( -0.000000000000000000, 1.000000000000000000, -0.000000000000000000 ) ) ;
#1698 = VECTOR ( 'NONE', #1862, 1000.000000000000000 ) ;
#1699 = DIRECTION ( 'NONE',  ( 0.000000000000000000, -1.000000000000000000, 0.000000000000000000 ) ) ;
#1700 = CARTESIAN_POINT ( 'NONE',  ( -1.547398035787296733, 0.000000000000000000, 0.6466549407987367548 ) ) ;
#1701 = VERTEX_POINT ( 'NONE', #1128 ) ;
#1702 = CARTESIAN_POINT ( 'NONE',  ( -0.6281183316758176538, -5.421010862427522170E-17, -1.983161467789470223 ) ) ;
#1703 = ORIENTED_EDGE ( 'NONE', *, *, #536, .T. ) ;
#1704 = CARTESIAN_POINT ( 'NONE',  ( 0.3090891623149273904, 0.000000000000000000, 1.645324170276201148 ) ) ;
#1705 = DIRECTION ( 'NONE',  ( 0.000000000000000000, 0.000000000000000000, 1.000000000000000000 ) ) ;
#1706 = CARTESIAN_POINT ( 'NONE',  ( 1.168735568293208349, 0.4000000000000000222, 1.962207144058167430 ) ) ;
#1707 = CYLINDRICAL_SURFACE ( 'NONE', #1238, 5.049999999999999822 ) ;
#1708 = CARTESIAN_POINT ( 'NONE',  ( 0.6688087875371212521, 0.000000000000000000, 0.4333108344355071639 ) ) ;
#1709 = CARTESIAN_POINT ( 'NONE',  ( -1.547398035787296733, 0.4000000000000000222, 0.6466549407987367548 ) ) ;
#1710 = CARTESIAN_POINT ( 'NONE',  ( -0.6711529067752837197, -1.626303258728256651E-16, -0.01245586510328676282 ) ) ;
#1711 = VERTEX_POINT ( 'NONE', #13 ) ;
#1712 = CARTESIAN_POINT ( 'NONE',  ( -0.008999678667853672209, 0.4000000000000000222, -1.360022850285947715 ) ) ;
#1713 = CARTESIAN_POINT ( 'NONE',  ( 0.6688087875371212521, 1.626303258728256651E-16, 0.4333108344355071639 ) ) ;
#1714 = CARTESIAN_POINT ( 'NONE',  ( 1.409963879184148450, 0.4000000000000000222, 1.505846105262754753 ) ) ;
#1715 = CARTESIAN_POINT ( 'NONE',  ( -0.6709967148750830557, 0.4000000000000000222, 0.3792994407331207740 ) ) ;
#1716 = DIRECTION ( 'NONE',  ( 0.000000000000000000, 1.000000000000000000, 0.000000000000000000 ) ) ;
#1717 = ORIENTED_EDGE ( 'NONE', *, *, #82, .T. ) ;
#1718 = CARTESIAN_POINT ( 'NONE',  ( -0.1713286487298217309, 0.4000000000000000222, -1.343429438789584873 ) ) ;
#1719 = ORIENTED_EDGE ( 'NONE', *, *, #1160, .T. ) ;
#1720 = EDGE_CURVE ( 'NONE', #1494, #938, #250, .T. ) ;
#1721 = CARTESIAN_POINT ( 'NONE',  ( -0.1713286487298217309, 0.4000000000000000222, -1.343429438789584873 ) ) ;
#1722 = CARTESIAN_POINT ( 'NONE',  ( -0.2445602444429653965, 0.4000000000000000222, -1.322168758857392046 ) ) ;
#1723 = CARTESIAN_POINT ( 'NONE',  ( 1.058666182803519540, 0.000000000000000000, 2.081763132664695704 ) ) ;
#1724 = CARTESIAN_POINT ( 'NONE',  ( 0.6194157855225319587, 0.4000000000000000222, -0.6853369169376314352 ) ) ;
#1725 = CARTESIAN_POINT ( 'NONE',  ( -0.4463905733432861900, 0.4000000000000000222, 1.497365618422567657 ) ) ;
#1726 = CARTESIAN_POINT ( 'NONE',  ( 1.532166050052967243, 0.4000000000000000222, 0.9098192784009662137 ) ) ;
#1727 = ORIENTED_EDGE ( 'NONE', *, *, #1955, .T. ) ;
#1728 = CARTESIAN_POINT ( 'NONE',  ( -0.6521774134799264155, -1.626303258728256651E-16, -0.3929220812651494921 ) ) ;
#1729 = DIRECTION ( 'NONE',  ( -0.000000000000000000, -1.000000000000000000, -0.000000000000000000 ) ) ;
#1730 = LINE ( 'NONE', #1916, #96 ) ;
#1731 = CARTESIAN_POINT ( 'NONE',  ( -0.008999678667853672209, 0.4000000000000000222, -1.360022850285947715 ) ) ;
#1732 = EDGE_CURVE ( 'NONE', #1406, #1138, #1352, .T. ) ;
#1733 = FACE_OUTER_BOUND ( 'NONE', #617, .T. ) ;
#1734 = FACE_OUTER_BOUND ( 'NONE', #147, .T. ) ;
#1735 = CARTESIAN_POINT ( 'NONE',  ( -0.4499859739248382451, 0.4000000000000000222, -2.030813074111875061 ) ) ;
#1736 = DIRECTION ( 'NONE',  ( 0.000000000000000000, 0.000000000000000000, -1.000000000000000000 ) ) ;
#1737 = CARTESIAN_POINT ( 'NONE',  ( 0.000000000000000000, 23.00000000000000000, 0.000000000000000000 ) ) ;
#1738 = DIRECTION ( 'NONE',  ( 0.000000000000000000, 0.000000000000000000, 1.000000000000000000 ) ) ;
#1739 = DIRECTION ( 'NONE',  ( 0.000000000000000000, -1.000000000000000000, -0.000000000000000000 ) ) ;
#1740 = CARTESIAN_POINT ( 'NONE',  ( -0.008999678667853672209, 0.4000000000000000222, -1.360022850285947715 ) ) ;
#1741 = ORIENTED_EDGE ( 'NONE', *, *, #449, .T. ) ;
#1742 = CARTESIAN_POINT ( 'NONE',  ( -0.9297506507078966420, 0.4000000000000000222, -1.832021476242732705 ) ) ;
#1743 = CARTESIAN_POINT ( 'NONE',  ( -0.1713286487298217309, 0.4000000000000000222, -1.343429438789584873 ) ) ;
#1744 = EDGE_CURVE ( 'NONE', #938, #498, #1252, .T. ) ;
#1745 = CARTESIAN_POINT ( 'NONE',  ( 1.374732907975542595, 0.000000000000000000, -1.128195765849392185 ) ) ;
#1746 = EDGE_CURVE ( 'NONE', #365, #1494, #79, .T. ) ;
#1747 = CARTESIAN_POINT ( 'NONE',  ( 0.000000000000000000, 20.00000000000000000, 0.000000000000000000 ) ) ;
#1748 = CARTESIAN_POINT ( 'NONE',  ( 0.4503691446982989177, 0.4000000000000000222, 2.381996557488394117 ) ) ;
#1749 = CARTESIAN_POINT ( 'NONE',  ( -0.6719760071997545881, 0.000000000000000000, 0.2009214164384823809 ) ) ;
#1750 = CARTESIAN_POINT ( 'NONE',  ( -0.1769597107522532242, 0.4000000000000000222, 1.690029959522342695 ) ) ;
#1751 = CARTESIAN_POINT ( 'NONE',  ( 0.1135463564838273681, 0.4000000000000000222, 1.708789827229419966 ) ) ;
#1752 = CARTESIAN_POINT ( 'NONE',  ( -0.02710872824860207156, -0.000000000000000000, 1.710864235750884088 ) ) ;
#1753 = ORIENTED_EDGE ( 'NONE', *, *, #1732, .F. ) ;
#1754 = CARTESIAN_POINT ( 'NONE',  ( 1.549247691095819723, 2.710505431213761085E-16, -0.2966214335138954716 ) ) ;
#1755 = CARTESIAN_POINT ( 'NONE',  ( 1.566111070491376323, 0.000000000000000000, 0.4424112187261373674 ) ) ;
#1756 = CARTESIAN_POINT ( 'NONE',  ( -0.2521786400210054291, -5.421010862427522170E-17, -2.058352210030097496 ) ) ;
#1757 = CARTESIAN_POINT ( 'NONE',  ( 0.2526607099220221087, 0.4000000000000000222, 2.411854402761715477 ) ) ;
#1758 = STYLED_ITEM ( 'NONE', ( #849 ), #1993 ) ;
#1759 = CARTESIAN_POINT ( 'NONE',  ( -0.4463905733432861900, 0.000000000000000000, 1.497365618422567657 ) ) ;
#1760 = CARTESIAN_POINT ( 'NONE',  ( -0.1769597107522532242, 0.000000000000000000, 1.690029959522342695 ) ) ;
#1761 = CARTESIAN_POINT ( 'NONE',  ( 0.6558962734643254411, 0.4000000000000000222, 0.6857058319922484380 ) ) ;
#1762 = DIRECTION ( 'NONE',  ( -0.000000000000000000, -1.000000000000000000, -0.000000000000000000 ) ) ;
#1763 = ORIENTED_EDGE ( 'NONE', *, *, #296, .F. ) ;
#1764 = CONICAL_SURFACE ( 'NONE', #194, 5.049999999999999822, 0.7853981633974504994 ) ;
#1765 = COLOUR_RGB ( '',0.7921568627450980005, 0.8196078431372548767, 0.9333333333333333481 ) ;
#1766 = ADVANCED_BREP_SHAPE_REPRESENTATION ( 'JK-RTF-02-17-01 Knob_0', ( #1993, #1345, #160 ), #423 ) ;
#1767 = DIRECTION ( 'NONE',  ( 0.000000000000000000, 0.000000000000000000, 1.000000000000000000 ) ) ;
#1768 = CARTESIAN_POINT ( 'NONE',  ( -2.565151067676131547, 1.999999999999998224, 1.649999999999999911 ) ) ;
#1769 = CARTESIAN_POINT ( 'NONE',  ( -0.6281183316758176538, -5.421010862427522170E-17, -1.983161467789470223 ) ) ;
#1770 = CARTESIAN_POINT ( 'NONE',  ( 0.6719760071997550321, 1.626303258728256651E-16, 0.1479233087277875835 ) ) ;
#1771 = CARTESIAN_POINT ( 'NONE',  ( -0.6022025449687199439, 0.4000000000000000222, 1.116857945225881332 ) ) ;
#1772 = CARTESIAN_POINT ( 'NONE',  ( -0.08887405345693863423, 0.4000000000000000222, 1.708934376329054761 ) ) ;
#1773 = EDGE_CURVE ( 'NONE', #614, #149, #1451, .T. ) ;
#1774 = CARTESIAN_POINT ( 'NONE',  ( 0.6202581669635437445, 0.4000000000000000222, 1.003611329899611881 ) ) ;
#1775 = CARTESIAN_POINT ( 'NONE',  ( 1.106200607471006458, 0.4000000000000000222, -1.595338143680320231 ) ) ;
#1776 = B_SPLINE_CURVE_WITH_KNOTS ( 'NONE', 3,
 ( #1019, #1969, #1943, #1643, #409, #693, #251, #567, #242, #1316, #1194, #389, #1820, #1634, #1038 ),
 .UNSPECIFIED., .F., .F.,
 ( 4, 1, 1, 1, 1, 1, 1, 1, 1, 1, 1, 1, 4 ),
 ( 0.000000000000000000, 0.06768319652432493172, 0.1293673698665419869, 0.1882956358666404706, 0.2475517424061131344, 0.3115651344273478451, 0.3808414951658413705, 0.4590164384330572833, 0.5455519445981339421, 0.6421912381404847325, 0.7499909381704255029, 0.8693726043265829206, 1.000000000000000000 ),
 .UNSPECIFIED. ) ;
#1777 = ORIENTED_EDGE ( 'NONE', *, *, #212, .T. ) ;
#1778 = CARTESIAN_POINT ( 'NONE',  ( 0.6621468238058455524, 0.4000000000000000222, 0.5636002169279027418 ) ) ;
#1779 = CARTESIAN_POINT ( 'NONE',  ( -1.567944016799427631, 0.4000000000000000222, 0.1589229159884978648 ) ) ;
#1780 = CARTESIAN_POINT ( 'NONE',  ( -1.501652878453955564, -5.421010862427522170E-17, -0.7714287521067049180 ) ) ;
#1781 = CARTESIAN_POINT ( 'NONE',  ( 0.6337018847643635100, 0.4000000000000000222, 0.9053969772436296637 ) ) ;
#1782 = CARTESIAN_POINT ( 'NONE',  ( -0.5376003539505276319, 0.000000000000000000, 1.330189960099546376 ) ) ;
#1783 = CARTESIAN_POINT ( 'NONE',  ( -1.462209270773016323, 0.4000000000000000222, -0.9706191184321779630 ) ) ;
#1784 = CARTESIAN_POINT ( 'NONE',  ( 1.567944016799428075, 0.4000000000000000222, 0.1929217020670568050 ) ) ;
#1785 = CARTESIAN_POINT ( 'NONE',  ( -0.1769597107522532242, 0.000000000000000000, 1.690029959522342695 ) ) ;
#1786 = ORIENTED_EDGE ( 'NONE', *, *, #1321, .T. ) ;
#1787 = CARTESIAN_POINT ( 'NONE',  ( 1.106200607471006458, 0.4000000000000000222, -1.595338143680320231 ) ) ;
#1788 = CARTESIAN_POINT ( 'NONE',  ( -1.462209270773016323, 0.4000000000000000222, -0.9706191184321779630 ) ) ;
#1789 = CARTESIAN_POINT ( 'NONE',  ( 0.6618503939824549320, 0.000000000000000000, -0.3079946757105052058 ) ) ;
#1790 = CARTESIAN_POINT ( 'NONE',  ( -0.6719760071997545881, 0.4000000000000000222, 0.2009214164384823809 ) ) ;
#1791 = CARTESIAN_POINT ( 'NONE',  ( -1.484863664245169135, 0.4000000000000000222, 1.090015474804707951 ) ) ;
#1792 = ORIENTED_EDGE ( 'NONE', *, *, #1732, .T. ) ;
#1793 = CARTESIAN_POINT ( 'NONE',  ( 0.004999821482141097659, 0.000000000000000000, 1.711867468341502496 ) ) ;
#1794 = CARTESIAN_POINT ( 'NONE',  ( 1.522305793151481401, 2.710505431213761085E-16, -0.5245349629136982772 ) ) ;
#1795 = EDGE_CURVE ( 'NONE', #1589, #509, #428, .T. ) ;
#1796 = LINE ( 'NONE', #1674, #1239 ) ;
#1797 = FACE_OUTER_BOUND ( 'NONE', #416, .T. ) ;
#1798 = CARTESIAN_POINT ( 'NONE',  ( -1.484863664245169135, 0.000000000000000000, 1.090015474804707951 ) ) ;
#1799 = CARTESIAN_POINT ( 'NONE',  ( -0.6150481974240906702, 0.4000000000000000222, -0.6983904647163351465 ) ) ;
#1800 = FILL_AREA_STYLE ('',( #1524 ) ) ;
#1801 = CARTESIAN_POINT ( 'NONE',  ( -1.207898152750533916, 0.4000000000000000222, 1.807115713098948584 ) ) ;
#1802 = EDGE_LOOP ( 'NONE', ( #1887, #1119, #1824, #949 ) ) ;
#1803 = CARTESIAN_POINT ( 'NONE',  ( 0.2526607099220221087, 0.000000000000000000, 2.411854402761715477 ) ) ;
#1804 = VECTOR ( 'NONE', #963, 1000.000000000000000 ) ;
#1805 = B_SPLINE_CURVE_WITH_KNOTS ( 'NONE', 3,
 ( #1659, #1377, #1827, #917, #2001, #601, #405, #109, #1807, #585, #448, #1069, #1694, #1816, #769, #293, #555, #1650, #247 ),
 .UNSPECIFIED., .F., .F.,
 ( 4, 1, 1, 1, 1, 1, 1, 1, 1, 1, 1, 1, 1, 1, 1, 1, 4 ),
 ( 0.000000000000000000, 0.08000890653894858484, 0.1560603079818838057, 0.2286528301645845140, 0.2976305958001327356, 0.3630437438843130415, 0.4251348915280968033, 0.4843009294188710401, 0.5408130055839895922, 0.5952591759816523442, 0.6487046508067718653, 0.7018377765321146544, 0.7555742553605743206, 0.8112478018068023378, 0.8696211586019314543, 0.9325796937914182516, 1.000000000000000000 ),
 .UNSPECIFIED. ) ;
#1806 = ORIENTED_EDGE ( 'NONE', *, *, #1108, .T. ) ;
#1807 = CARTESIAN_POINT ( 'NONE',  ( 1.298972886969677498, 0.000000000000000000, -1.299878576627468307 ) ) ;
#1808 = CARTESIAN_POINT ( 'NONE',  ( -1.406392893268364919, 0.000000000000000000, -1.153626180728375195 ) ) ;
#1809 = CARTESIAN_POINT ( 'NONE',  ( -0.9859751404306150713, 0.000000000000000000, 2.070365377890005298 ) ) ;
#1810 = CARTESIAN_POINT ( 'NONE',  ( -0.6709967148750830557, 0.4000000000000000222, 0.3792994407331207740 ) ) ;
#1811 = PRESENTATION_STYLE_ASSIGNMENT (( #716 ) ) ;
#1812 = CARTESIAN_POINT ( 'NONE',  ( -0.6709967148750830557, 0.000000000000000000, 0.3792994407331207740 ) ) ;
#1813 = ORIENTED_EDGE ( 'NONE', *, *, #1169, .F. ) ;
#1814 = CARTESIAN_POINT ( 'NONE',  ( 0.6703558919493723955, 0.000000000000000000, -0.08714674214066743529 ) ) ;
#1815 = CARTESIAN_POINT ( 'NONE',  ( -0.02876877495938015214, -5.421010862427522170E-17, 2.413979574539879547 ) ) ;
#1816 = CARTESIAN_POINT ( 'NONE',  ( 0.7079740557754005126, 0.000000000000000000, -1.911459997310272829 ) ) ;
#1817 = B_SPLINE_CURVE_WITH_KNOTS ( 'NONE', 3,
 ( #1526, #1549, #1863, #1700, #1091, #1073, #268, #467, #773, #1372, #289, #1515, #1994, #1205, #764, #625, #922, #2017, #434 ),
 .UNSPECIFIED., .F., .F.,
 ( 4, 1, 1, 1, 1, 1, 1, 1, 1, 1, 1, 1, 1, 1, 1, 1, 4 ),
 ( 0.000000000000000000, 0.07974598701781208943, 0.1555542597532472149, 0.2281587123604130185, 0.2972368863263216143, 0.3630764334784996605, 0.4255087785992350269, 0.4844253309669640517, 0.5409751307642010065, 0.5957115252091277346, 0.6494121553958418502, 0.7025807491949874750, 0.7563530988548911038, 0.8120638091876259956, 0.8704761320796796653, 0.9328507288729406266, 1.000000000000000000 ),
 .UNSPECIFIED. ) ;
#1818 = CARTESIAN_POINT ( 'NONE',  ( -1.567944016799427631, 0.000000000000000000, 0.1589229159884978648 ) ) ;
#1819 = CARTESIAN_POINT ( 'NONE',  ( 0.3090891623149273904, 1.626303258728256651E-16, 1.645324170276201148 ) ) ;
#1820 = CARTESIAN_POINT ( 'NONE',  ( 0.6703558919493723955, 0.000000000000000000, -0.08714674214066743529 ) ) ;
#1821 = CARTESIAN_POINT ( 'NONE',  ( -0.6716429238477796826, 0.4000000000000000222, 0.2615925242924580507 ) ) ;
#1822 = CARTESIAN_POINT ( 'NONE',  ( 0.1665818176034304099, 0.4000000000000000222, -2.058442163085179466 ) ) ;
#1823 = DIRECTION ( 'NONE',  ( -0.000000000000000000, -1.000000000000000000, -0.000000000000000000 ) ) ;
#1824 = ORIENTED_EDGE ( 'NONE', *, *, #1582, .T. ) ;
#1825 = CARTESIAN_POINT ( 'NONE',  ( 0.3247712160334606524, 0.000000000000000000, -1.270609496076245959 ) ) ;
#1826 = CARTESIAN_POINT ( 'NONE',  ( 0.7894150075158848923, 0.4000000000000000222, 2.268229736326170087 ) ) ;
#1827 = CARTESIAN_POINT ( 'NONE',  ( 1.565463931521942298, 0.000000000000000000, -0.05597351926266462552 ) ) ;
#1828 = CARTESIAN_POINT ( 'NONE',  ( 0.6714200135956830406, 0.4000000000000000222, 0.06725161283401570600 ) ) ;
#1829 = CARTESIAN_POINT ( 'NONE',  ( 0.6703558919493723955, 0.4000000000000000222, -0.08714674214066743529 ) ) ;
#1830 = CARTESIAN_POINT ( 'NONE',  ( 0.3640363955524176243, 0.000000000000000000, -2.029758898638859943 ) ) ;
#1831 = CARTESIAN_POINT ( 'NONE',  ( -0.3616633006567326336, 0.4000000000000000222, 2.381358039279251049 ) ) ;
#1832 = VERTEX_POINT ( 'NONE', #894 ) ;
#1833 = EDGE_CURVE ( 'NONE', #342, #1589, #1817, .T. ) ;
#1834 = CARTESIAN_POINT ( 'NONE',  ( 1.342954905715348035, 0.4000000000000000222, 1.673381214804326333 ) ) ;
#1835 = CARTESIAN_POINT ( 'NONE',  ( 1.262973650565718975, 0.4000000000000000222, 1.825777095176396969 ) ) ;
#1836 = ADVANCED_FACE ( 'NONE', ( #1054 ), #135, .F. ) ;
#1837 = CARTESIAN_POINT ( 'NONE',  ( 0.1665818176034304099, 2.710505431213761085E-16, -2.058442163085179466 ) ) ;
#1838 = CARTESIAN_POINT ( 'NONE',  ( 0.6456456782796594629, 0.4000000000000000222, 0.7993727220586543947 ) ) ;
#1839 = CARTESIAN_POINT ( 'NONE',  ( -1.207898152750533916, 0.4000000000000000222, 1.807115713098948584 ) ) ;
#1840 = CARTESIAN_POINT ( 'NONE',  ( -0.09227705879915794329, 0.4000000000000000222, -1.358574956536749756 ) ) ;
#1841 = CARTESIAN_POINT ( 'NONE',  ( 0.3640363955524176243, 0.4000000000000000222, -2.029758898638859943 ) ) ;
#1842 = B_SPLINE_CURVE_WITH_KNOTS ( 'NONE', 3,
 ( #298, #163, #483, #316, #492, #1090, #1112, #1725, #1416, #145, #466, #1383, #920, #1852, #1404, #1267, #1715, #9, #454 ),
 .UNSPECIFIED., .F., .F.,
 ( 4, 1, 1, 1, 1, 1, 1, 1, 1, 1, 1, 1, 1, 1, 1, 1, 4 ),
 ( 0.000000000000000000, 0.05190040368446015295, 0.09983774847810400477, 0.1452455928172420585, 0.1892930069875670418, 0.2333040524854593512, 0.2796605405239697140, 0.3289070466829369099, 0.3820080511458008310, 0.4391751428455783479, 0.5017380866613739832, 0.5698872446423048910, 0.6439095715862723779, 0.7235368588589708994, 0.8094668313750243982, 0.9017911710461545827, 1.000000000000000000 ),
 .UNSPECIFIED. ) ;
#1843 = CARTESIAN_POINT ( 'NONE',  ( 0.4503691446982989177, 0.000000000000000000, 2.381996557488394117 ) ) ;
#1844 = CARTESIAN_POINT ( 'NONE',  ( 0.000000000000000000, 0.9999999999999974465, 0.000000000000000000 ) ) ;
#1845 = CARTESIAN_POINT ( 'NONE',  ( 0.9322465985998008575, 0.4000000000000000222, 2.183738709237351472 ) ) ;
#1846 = CARTESIAN_POINT ( 'NONE',  ( 1.409963879184148450, 0.4000000000000000222, 1.505846105262754753 ) ) ;
#1847 = EDGE_LOOP ( 'NONE', ( #1477, #435, #1630, #1065 ) ) ;
#1848 = CARTESIAN_POINT ( 'NONE',  ( 0.3640363955524176243, 0.4000000000000000222, -2.029758898638859943 ) ) ;
#1849 = CARTESIAN_POINT ( 'NONE',  ( 0.6688087875371212521, 0.4000000000000000222, 0.4333108344355071639 ) ) ;
#1850 = CARTESIAN_POINT ( 'NONE',  ( 0.2155437680987595805, 1.626303258728256651E-16, 1.685097936930892271 ) ) ;
#1851 = CARTESIAN_POINT ( 'NONE',  ( 0.3247712160334606524, 0.4000000000000000222, -1.270609496076245959 ) ) ;
#1852 = CARTESIAN_POINT ( 'NONE',  ( -0.6433279786456125304, 0.4000000000000000222, 0.8565563852140825052 ) ) ;
#1853 = CARTESIAN_POINT ( 'NONE',  ( 0.6558962734643254411, 0.000000000000000000, 0.6857058319922484380 ) ) ;
#1854 = ORIENTED_EDGE ( 'NONE', *, *, #284, .T. ) ;
#1855 = CARTESIAN_POINT ( 'NONE',  ( 0.6456456782796594629, 0.000000000000000000, 0.7993727220586543947 ) ) ;
#1856 = AXIS2_PLACEMENT_3D ( 'NONE', #1384, #930, #613 ) ;
#1857 = EDGE_CURVE ( 'NONE', #1249, #1406, #1002, .T. ) ;
#1858 = CARTESIAN_POINT ( 'NONE',  ( 0.5683294540222905145, 1.626303258728256651E-16, 1.249495616325351222 ) ) ;
#1859 = CARTESIAN_POINT ( 'NONE',  ( -0.008999678667853672209, -1.626303258728256651E-16, -1.360022850285947715 ) ) ;
#1860 = VECTOR ( 'NONE', #497, 1000.000000000000000 ) ;
#1861 = MECHANICAL_DESIGN_GEOMETRIC_PRESENTATION_REPRESENTATION (  '', ( #1078 ), #882 ) ;
#1862 = DIRECTION ( 'NONE',  ( 0.000000000000000000, -1.000000000000000000, 0.000000000000000000 ) ) ;
#1863 = CARTESIAN_POINT ( 'NONE',  ( -1.565958021596625782, 0.000000000000000000, 0.4068830459802363908 ) ) ;
#1864 = VERTEX_POINT ( 'NONE', #1574 ) ;
#1865 = DIRECTION ( 'NONE',  ( -0.000000000000000000, -1.000000000000000000, -0.000000000000000000 ) ) ;
#1866 = CARTESIAN_POINT ( 'NONE',  ( 0.000000000000000000, 20.50000000000001066, -4.349999999999999645 ) ) ;
#1867 = ORIENTED_EDGE ( 'NONE', *, *, #1833, .T. ) ;
#1868 = CARTESIAN_POINT ( 'NONE',  ( 0.5189814889469016590, 0.000000000000000000, 1.383972272710727980 ) ) ;
#1869 = CARTESIAN_POINT ( 'NONE',  ( 0.6456456782796594629, 1.626303258728256651E-16, 0.7993727220586543947 ) ) ;
#1870 = CARTESIAN_POINT ( 'NONE',  ( 1.532166050052967243, 0.4000000000000000222, 0.9098192784009662137 ) ) ;
#1871 = CARTESIAN_POINT ( 'NONE',  ( -0.6433279786456125304, 0.4000000000000000222, 0.8565563852140825052 ) ) ;
#1872 = B_SPLINE_CURVE_WITH_KNOTS ( 'NONE', 3,
 ( #173, #789, #473, #1224, #1547, #1062, #2004, #1403, #1706, #1991, #1243, #1714, #1536, #946, #1870, #799, #2015, #1415, #928 ),
 .UNSPECIFIED., .F., .F.,
 ( 4, 1, 1, 1, 1, 1, 1, 1, 1, 1, 1, 1, 1, 1, 1, 1, 4 ),
 ( 0.000000000000000000, 0.06971424375497414783, 0.1339257267699553999, 0.1929811361950673765, 0.2483232665883930157, 0.3012488577589456096, 0.3530715149961000665, 0.4048730985648489322, 0.4579203669448181357, 0.5130252349856478933, 0.5710503638925201741, 0.6321780340553271316, 0.6976976690499471223, 0.7670619935418498958, 0.8405755549632122348, 0.9180821270306058768, 0.9999999999999998890 ),
 .UNSPECIFIED. ) ;
#1873 = CARTESIAN_POINT ( 'NONE',  ( 1.168735568293208349, 0.000000000000000000, 1.962207144058167430 ) ) ;
#1874 = EDGE_LOOP ( 'NONE', ( #34, #724, #972, #1553 ) ) ;
#1875 = CARTESIAN_POINT ( 'NONE',  ( -1.166223855633808038, 0.4000000000000000222, -1.610806372813022191 ) ) ;
#1876 = EDGE_LOOP ( 'NONE', ( #1092, #1763, #1189, #884 ) ) ;
#1877 = DIRECTION ( 'NONE',  ( -0.000000000000000000, -1.000000000000000000, -0.000000000000000000 ) ) ;
#1878 = CARTESIAN_POINT ( 'NONE',  ( 1.567944016799428075, 0.4000000000000000222, 0.1929217020670568050 ) ) ;
#1879 = CARTESIAN_POINT ( 'NONE',  ( 5.572142936120455355E-16, 0.000000000000000000, -4.049999999999998046 ) ) ;
#1880 = CARTESIAN_POINT ( 'NONE',  ( 0.4801036643362349698, 0.000000000000000000, -1.098280670494919731 ) ) ;
#1881 = CARTESIAN_POINT ( 'NONE',  ( 0.000000000000000000, 20.00000000000000000, 0.000000000000000000 ) ) ;
#1882 = CARTESIAN_POINT ( 'NONE',  ( 1.409963879184148450, 0.4000000000000000222, 1.505846105262754753 ) ) ;
#1883 = VERTEX_POINT ( 'NONE', #504 ) ;
#1884 = FACE_OUTER_BOUND ( 'NONE', #1299, .T. ) ;
#1885 = EDGE_CURVE ( 'NONE', #1711, #1516, #1498, .T. ) ;
#1886 = DIRECTION ( 'NONE',  ( 0.000000000000000000, 0.000000000000000000, 1.000000000000000000 ) ) ;
#1887 = ORIENTED_EDGE ( 'NONE', *, *, #230, .F. ) ;
#1888 = CARTESIAN_POINT ( 'NONE',  ( -1.259802448420853427, 0.4000000000000000222, -1.473792655148715047 ) ) ;
#1889 = CARTESIAN_POINT ( 'NONE',  ( -0.3124171848301231513, 0.4000000000000000222, -1.290914566553085452 ) ) ;
#1890 = CARTESIAN_POINT ( 'NONE',  ( 0.02909659314571610284, -0.000000000000000000, -2.062104092001542988 ) ) ;
#1891 = CYLINDRICAL_SURFACE ( 'NONE', #976, 3.049999999999999822 ) ;
#1892 = CARTESIAN_POINT ( 'NONE',  ( -0.4959907033499663664, 0.4000000000000000222, 1.419828291193846237 ) ) ;
#1893 = CARTESIAN_POINT ( 'NONE',  ( 1.168735568293208349, 1.626303258728256651E-16, 1.962207144058167430 ) ) ;
#1894 = CARTESIAN_POINT ( 'NONE',  ( -0.5376003539505276319, 0.4000000000000000222, 1.330189960099546376 ) ) ;
#1895 = CARTESIAN_POINT ( 'NONE',  ( -0.6716931169042053007, 0.4000000000000000222, 0.1275860609407975521 ) ) ;
#1896 = DIRECTION ( 'NONE',  ( -0.000000000000000000, -1.000000000000000000, -0.000000000000000000 ) ) ;
#1897 = EDGE_CURVE ( 'NONE', #1075, #1954, #1595, .T. ) ;
#1898 = VERTEX_POINT ( 'NONE', #791 ) ;
#1899 = CARTESIAN_POINT ( 'NONE',  ( -0.5203661023939673003, 0.4000000000000000222, -1.036416277647998596 ) ) ;
#1900 = ADVANCED_FACE ( 'NONE', ( #958, #1287 ), #1584, .T. ) ;
#1901 = CARTESIAN_POINT ( 'NONE',  ( -0.5884327780111643369, 0.000000000000000000, -0.8260545751773961110 ) ) ;
#1902 = CARTESIAN_POINT ( 'NONE',  ( 1.502782179485117053, 0.000000000000000000, 1.123329255053777009 ) ) ;
#1903 = CARTESIAN_POINT ( 'NONE',  ( -0.2521786400210054291, 0.4000000000000000222, -2.058352210030097496 ) ) ;
#1904 = CARTESIAN_POINT ( 'NONE',  ( 1.566111070491376323, 0.4000000000000000222, 0.4424112187261373674 ) ) ;
#1905 = CARTESIAN_POINT ( 'NONE',  ( -0.4463905733432861900, 0.4000000000000000222, 1.497365618422567657 ) ) ;
#1906 = CARTESIAN_POINT ( 'NONE',  ( 0.004999821482141097659, 0.000000000000000000, 1.711867468341502496 ) ) ;
#1907 = CARTESIAN_POINT ( 'NONE',  ( 0.6337018847643635100, 0.4000000000000000222, 0.9053969772436296637 ) ) ;
#1908 = CARTESIAN_POINT ( 'NONE',  ( 0.3640363955524176243, 0.4000000000000000222, -2.029758898638859943 ) ) ;
#1909 = ORIENTED_EDGE ( 'NONE', *, *, #222, .F. ) ;
#1910 = CARTESIAN_POINT ( 'NONE',  ( -1.373223380854337261, 0.4000000000000000222, 1.479557950439511327 ) ) ;
#1911 = CARTESIAN_POINT ( 'NONE',  ( 0.8554109504304696632, 0.000000000000000000, -1.823266189891210143 ) ) ;
#1912 = CARTESIAN_POINT ( 'NONE',  ( -1.567944016799427631, 0.4000000000000000222, 0.1589229159884978648 ) ) ;
#1913 = LINE ( 'NONE', #1268, #973 ) ;
#1914 = CARTESIAN_POINT ( 'NONE',  ( -0.02710872824860207156, 0.000000000000000000, 1.710864235750884088 ) ) ;
#1915 = CARTESIAN_POINT ( 'NONE',  ( 0.000000000000000000, 20.00000000000000000, -3.049999999999999822 ) ) ;
#1916 = CARTESIAN_POINT ( 'NONE',  ( 0.000000000000000000, 23.00000000000000000, -4.349999999999999645 ) ) ;
#1917 = ORIENTED_EDGE ( 'NONE', *, *, #1672, .F. ) ;
#1918 = CARTESIAN_POINT ( 'NONE',  ( 1.437893219779324161, 2.710505431213761085E-16, -0.9415174401274557514 ) ) ;
#1919 = CARTESIAN_POINT ( 'NONE',  ( 0.9890273343452844479, 0.000000000000000000, -1.718882791778022057 ) ) ;
#1920 = EDGE_CURVE ( 'NONE', #1898, #278, #1913, .T. ) ;
#1921 = FACE_OUTER_BOUND ( 'NONE', #1320, .T. ) ;
#1922 = CARTESIAN_POINT ( 'NONE',  ( 1.567944016799428075, 0.4000000000000000222, 0.1929217020670568050 ) ) ;
#1923 = CARTESIAN_POINT ( 'NONE',  ( -0.6433279786456125304, 0.000000000000000000, 0.8565563852140825052 ) ) ;
#1924 = LINE ( 'NONE', #1915, #261 ) ;
#1925 = CARTESIAN_POINT ( 'NONE',  ( 0.6713457942924331290, 0.4000000000000000222, 0.2935944939378948848 ) ) ;
#1926 = DIRECTION ( 'NONE',  ( 0.000000000000000000, 0.000000000000000000, -1.000000000000000000 ) ) ;
#1927 = EDGE_LOOP ( 'NONE', ( #1465, #1813, #1719, #269 ) ) ;
#1928 = AXIS2_PLACEMENT_3D ( 'NONE', #1474, #516, #226 ) ;
#1929 = VECTOR ( 'NONE', #244, 1000.000000000000000 ) ;
#1930 = CARTESIAN_POINT ( 'NONE',  ( 0.6713457942924331290, 0.4000000000000000222, 0.2935944939378948848 ) ) ;
#1931 = CARTESIAN_POINT ( 'NONE',  ( 1.409963879184148450, 0.000000000000000000, 1.505846105262754753 ) ) ;
#1932 = LINE ( 'NONE', #1912, #95 ) ;
#1933 = FILL_AREA_STYLE ('',( #1471 ) ) ;
#1934 = CARTESIAN_POINT ( 'NONE',  ( -0.1769597107522532242, 0.4000000000000000222, 1.690029959522342695 ) ) ;
#1935 = DIRECTION ( 'NONE',  ( 0.000000000000000000, 0.000000000000000000, -1.000000000000000000 ) ) ;
#1936 = CARTESIAN_POINT ( 'NONE',  ( -0.6716429238477796826, -0.000000000000000000, 0.2615925242924580507 ) ) ;
#1937 = ORIENTED_EDGE ( 'NONE', *, *, #184, .T. ) ;
#1938 = ADVANCED_FACE ( 'NONE', ( #183 ), #610, .T. ) ;
#1939 = CARTESIAN_POINT ( 'NONE',  ( 1.210234812762141621, 2.710505431213761085E-16, -1.456213719989455591 ) ) ;
#1940 = CARTESIAN_POINT ( 'NONE',  ( 0.6297876641964752498, 0.4000000000000000222, 2.336446675807565487 ) ) ;
#1941 = CARTESIAN_POINT ( 'NONE',  ( -0.9297506507078966420, 0.000000000000000000, -1.832021476242732705 ) ) ;
#1942 = SURFACE_STYLE_USAGE ( .BOTH. , #1145 ) ;
#1943 = CARTESIAN_POINT ( 'NONE',  ( 0.1129511936550939150, 0.000000000000000000, -1.355325548747671416 ) ) ;
#1944 = CARTESIAN_POINT ( 'NONE',  ( 1.567944016799428075, 0.000000000000000000, 0.1929217020670568050 ) ) ;
#1945 = CARTESIAN_POINT ( 'NONE',  ( -0.6258575735473548285, 0.000000000000000000, 0.9925080918810356145 ) ) ;
#1946 = ORIENTED_EDGE ( 'NONE', *, *, #1744, .T. ) ;
#1947 = ADVANCED_FACE ( 'NONE', ( #822 ), #40, .F. ) ;
#1948 = CARTESIAN_POINT ( 'NONE',  ( 0.5976588201844871273, 0.4000000000000000222, 1.119852961728419638 ) ) ;
#1949 = DIRECTION ( 'NONE',  ( 0.000000000000000000, 1.000000000000000000, -0.000000000000000000 ) ) ;
#1950 = CARTESIAN_POINT ( 'NONE',  ( 0.6621468238058455524, 0.4000000000000000222, 0.5636002169279027418 ) ) ;
#1951 = CARTESIAN_POINT ( 'NONE',  ( 0.6459009408661661178, 0.000000000000000000, -0.5074350220010478418 ) ) ;
#1952 = CARTESIAN_POINT ( 'NONE',  ( 0.6459009408661661178, 0.4000000000000000222, -0.5074350220010478418 ) ) ;
#1953 = CARTESIAN_POINT ( 'NONE',  ( -1.435637118623378061, 0.4000000000000000222, 1.292183379431056656 ) ) ;
#1954 = VERTEX_POINT ( 'NONE', #388 ) ;
#1955 = EDGE_CURVE ( 'NONE', #14, #1406, #214, .T. ) ;
#1956 = CARTESIAN_POINT ( 'NONE',  ( 0.1665818176034304099, 0.4000000000000000222, -2.058442163085179466 ) ) ;
#1957 = CIRCLE ( 'NONE', #523, 4.349999999999999645 ) ;
#1958 = AXIS2_PLACEMENT_3D ( 'NONE', #679, #1110, #1581 ) ;
#1959 = CARTESIAN_POINT ( 'NONE',  ( -1.566011318092086269, 0.000000000000000000, -0.09055815624942040176 ) ) ;
#1960 = CARTESIAN_POINT ( 'NONE',  ( -0.9297506507078966420, 0.4000000000000000222, -1.832021476242732705 ) ) ;
#1961 = CARTESIAN_POINT ( 'NONE',  ( -0.7049558110402919242, 0.000000000000000000, 2.263283651350205705 ) ) ;
#1962 = CARTESIAN_POINT ( 'NONE',  ( -0.6716931169042053007, -1.626303258728256651E-16, 0.1275860609407975521 ) ) ;
#1963 = CARTESIAN_POINT ( 'NONE',  ( 1.106200607471006458, 0.000000000000000000, -1.595338143680320231 ) ) ;
#1964 = CARTESIAN_POINT ( 'NONE',  ( -0.3918836077721202238, 0.000000000000000000, 1.564673792123189910 ) ) ;
#1965 = ORIENTED_EDGE ( 'NONE', *, *, #657, .F. ) ;
#1966 = CARTESIAN_POINT ( 'NONE',  ( 0.4087524448861290516, 0.000000000000000000, -1.194316331359616568 ) ) ;
#1967 = ORIENTED_EDGE ( 'NONE', *, *, #1437, .T. ) ;
#1968 = CARTESIAN_POINT ( 'NONE',  ( 0.7079740557754005126, 0.4000000000000000222, -1.911459997310272829 ) ) ;
#1969 = CARTESIAN_POINT ( 'NONE',  ( 0.03288817280563229029, -0.000000000000000000, -1.358409414765450407 ) ) ;
#1970 = CARTESIAN_POINT ( 'NONE',  ( 0.6714200135956830406, 0.4000000000000000222, 0.06725161283401570600 ) ) ;
#1971 = CARTESIAN_POINT ( 'NONE',  ( 0.02909659314571610284, 0.4000000000000000222, -2.062104092001542988 ) ) ;
#1972 = CARTESIAN_POINT ( 'NONE',  ( -0.02710872824860207156, -0.000000000000000000, 1.710864235750884088 ) ) ;
#1973 = ORIENTED_EDGE ( 'NONE', *, *, #1386, .T. ) ;
#1974 = CARTESIAN_POINT ( 'NONE',  ( 0.5366584516724229870, 0.000000000000000000, -0.9799220544149378487 ) ) ;
#1975 = CARTESIAN_POINT ( 'NONE',  ( -1.296737873724658208, 0.4000000000000000222, 1.650978746965154009 ) ) ;
#1976 = DIRECTION ( 'NONE',  ( -0.000000000000000000, -1.000000000000000000, -0.000000000000000000 ) ) ;
#1977 = CARTESIAN_POINT ( 'NONE',  ( -1.530893691625128561, 0.000000000000000000, -0.5579300488052065798 ) ) ;
#1978 = UNCERTAINTY_MEASURE_WITH_UNIT (LENGTH_MEASURE( 1.000000000000000082E-05 ), #122, 'distance_accuracy_value', 'NONE');
#1979 = EDGE_CURVE ( 'NONE', #478, #1410, #375, .T. ) ;
#1980 = CARTESIAN_POINT ( 'NONE',  ( -0.6372190324048578880, 0.000000000000000000, -0.5545763039429703056 ) ) ;
#1981 = CARTESIAN_POINT ( 'NONE',  ( 0.6194157855225319587, 0.4000000000000000222, -0.6853369169376314352 ) ) ;
#1982 = SURFACE_STYLE_FILL_AREA ( #1800 ) ;
#1983 = CARTESIAN_POINT ( 'NONE',  ( 0.4623641107123306337, 0.000000000000000000, 1.495483820548413334 ) ) ;
#1984 = VERTEX_POINT ( 'NONE', #1181 ) ;
#1985 = CARTESIAN_POINT ( 'NONE',  ( 0.9322465985998008575, 0.000000000000000000, 2.183738709237351472 ) ) ;
#1986 = CARTESIAN_POINT ( 'NONE',  ( 0.2526607099220221087, 0.4000000000000000222, 2.411854402761715477 ) ) ;
#1987 = CARTESIAN_POINT ( 'NONE',  ( 0.5446182587055586888, 0.4000000000000000222, -1.980846605185206277 ) ) ;
#1988 = CARTESIAN_POINT ( 'NONE',  ( 0.6558962734643254411, 1.626303258728256651E-16, 0.6857058319922484380 ) ) ;
#1989 = CARTESIAN_POINT ( 'NONE',  ( 0.5976588201844871273, 0.4000000000000000222, 1.119852961728419638 ) ) ;
#1990 = CARTESIAN_POINT ( 'NONE',  ( -0.3124171848301231513, 0.000000000000000000, -1.290914566553085452 ) ) ;
#1991 = CARTESIAN_POINT ( 'NONE',  ( 1.262973650565718975, 0.4000000000000000222, 1.825777095176396969 ) ) ;
#1992 = CARTESIAN_POINT ( 'NONE',  ( -0.6719760071997545881, 0.4000000000000000222, 0.2009214164384823809 ) ) ;
#1993 = MANIFOLD_SOLID_BREP ( 'Cut-Extrude1', #661 ) ;
#1994 = CARTESIAN_POINT ( 'NONE',  ( -0.8524746497242211563, 0.000000000000000000, 2.175171039202551615 ) ) ;
#1995 = ORIENTED_EDGE ( 'NONE', *, *, #347, .F. ) ;
#1996 = CARTESIAN_POINT ( 'NONE',  ( 1.567944016799428075, 0.4000000000000000222, 0.1929217020670568050 ) ) ;
#1997 = B_SPLINE_SURFACE_WITH_KNOTS ( 'NONE', 3, 1, ( 
 ( #1641, #1770 ),
 ( #74, #699 ),
 ( #1017, #1324 ),
 ( #1616, #1461 ),
 ( #1950, #1501 ),
 ( #549, #1172 ),
 ( #1155, #396 ),
 ( #1781, #241 ),
 ( #379, #866 ),
 ( #1989, #1546 ),
 ( #760, #441 ),
 ( #1511, #452 ),
 ( #1533, #603 ),
 ( #295, #1368 ),
 ( #418, #1819 ),
 ( #1223, #1850 ),
 ( #589, #890 ),
 ( #747, #1393 ),
 ( #110, #2014 ) ),
 .UNSPECIFIED., .F., .F., .F.,
 ( 4, 1, 1, 1, 1, 1, 1, 1, 1, 1, 1, 1, 1, 1, 1, 1, 4 ),
 ( 2, 2 ),
 ( 0.000000000000000000, 0.07829100420521498127, 0.1513429421402141817, 0.2202465813345391432, 0.2839300503126962472, 0.3440592118118234177, 0.4001106738923365103, 0.4521257037715517013, 0.5002507225135067737, 0.5867811130480512505, 0.6612553020892086852, 0.7256672462323787709, 0.7827170688337359294, 0.8358973463528424075, 0.8876463129533452845, 0.9415612841208130801, 1.000000000000000000 ),
 ( 0.000000000000000000, 1.000000000000000000 ),
 .UNSPECIFIED. ) ;
#1998 = CARTESIAN_POINT ( 'NONE',  ( 1.532166050052967243, 0.4000000000000000222, 0.9098192784009662137 ) ) ;
#1999 = EDGE_LOOP ( 'NONE', ( #518, #925, #80 ) ) ;
#2000 = VECTOR ( 'NONE', #1877, 1000.000000000000000 ) ;
#2001 = CARTESIAN_POINT ( 'NONE',  ( 1.522305793151481401, 0.000000000000000000, -0.5245349629136982772 ) ) ;
#2002 = CARTESIAN_POINT ( 'NONE',  ( 1.549247691095819723, 0.000000000000000000, -0.2966214335138954716 ) ) ;
#2003 = APPLICATION_PROTOCOL_DEFINITION ( 'draft international standard', 'automotive_design', 1998, #87 ) ;
#2004 = CARTESIAN_POINT ( 'NONE',  ( 0.9322465985998008575, 0.4000000000000000222, 2.183738709237351472 ) ) ;
#2005 = CARTESIAN_POINT ( 'NONE',  ( 0.004999821482141097659, 0.000000000000000000, 1.711867468341502496 ) ) ;
#2006 = CARTESIAN_POINT ( 'NONE',  ( 0.04199850044998474502, 0.4000000000000000222, 2.415842333026959832 ) ) ;
#2007 = EDGE_LOOP ( 'NONE', ( #757, #485, #529, #259 ) ) ;
#2008 = LINE ( 'NONE', #166, #718 ) ;
#2009 = CARTESIAN_POINT ( 'NONE',  ( -0.1652713918807101334, 0.4000000000000000222, 2.410386509712838965 ) ) ;
#2010 = ADVANCED_FACE ( 'NONE', ( #1797 ), #1997, .T. ) ;
#2011 = ORIENTED_EDGE ( 'NONE', *, *, #256, .F. ) ;
#2012 = CARTESIAN_POINT ( 'NONE',  ( 5.327213576290986242E-16, 20.50000000000001066, -4.349999999999999645 ) ) ;
#2013 = DIRECTION ( 'NONE',  ( 0.000000000000000000, 1.000000000000000000, -0.000000000000000000 ) ) ;
#2014 = CARTESIAN_POINT ( 'NONE',  ( 0.004999821482141097659, 1.626303258728256651E-16, 1.711867468341502496 ) ) ;
#2015 = CARTESIAN_POINT ( 'NONE',  ( 1.566111070491376323, 0.4000000000000000222, 0.4424112187261373674 ) ) ;
#2016 = CARTESIAN_POINT ( 'NONE',  ( -0.2574917755867190405, 0.4000000000000000222, 1.661921090868345718 ) ) ;
#2017 = CARTESIAN_POINT ( 'NONE',  ( -0.02876877495938015214, -0.000000000000000000, 2.413979574539879547 ) ) ;
#2018 = ORIENTED_EDGE ( 'NONE', *, *, #556, .F. ) ;
#2019 = FACE_OUTER_BOUND ( 'NONE', #404, .T. ) ;
#2020 = DIRECTION ( 'NONE',  ( 0.000000000000000000, 0.000000000000000000, 1.000000000000000000 ) ) ;
#2021 = ORIENTED_EDGE ( 'NONE', *, *, #1105, .F. ) ;
#2022 = CARTESIAN_POINT ( 'NONE',  ( 0.1135463564838273681, 0.000000000000000000, 1.708789827229419966 ) ) ;
#2023 = MECHANICAL_DESIGN_GEOMETRIC_PRESENTATION_REPRESENTATION (  '', ( #1758 ), #356 ) ;
#2024 = CARTESIAN_POINT ( 'NONE',  ( 0.3901549928576468762, 1.626303258728256651E-16, 1.580567824582960190 ) ) ;
#2025 = CARTESIAN_POINT ( 'NONE',  ( -0.4279542203282462043, 0.4000000000000000222, -1.189482049580810497 ) ) ;
#2026 = CIRCLE ( 'NONE', #1663, 5.049999999999999822 ) ;
#2027 = CARTESIAN_POINT ( 'NONE',  ( -0.3918836077721202238, 0.4000000000000000222, 1.564673792123189910 ) ) ;
ENDSEC;
END-ISO-10303-21;
