ISO-10303-21;
HEADER;
FILE_DESCRIPTION (( 'STEP AP214' ),
    '1' );
FILE_NAME ('JK-RTF-02-14-01 Knob_7.STEP',
    '2026-08-29T19:02:34',
    ( '' ),
    ( '' ),
    'SwSTEP 2.0',
    'SolidWorks 2025',
    '' );
FILE_SCHEMA (( 'AUTOMOTIVE_DESIGN' ));
ENDSEC;

DATA;
#1 = DIRECTION ( 'NONE',  ( 0.000000000000000000, 1.000000000000000000, -0.000000000000000000 ) ) ;
#2 = CARTESIAN_POINT ( 'NONE',  ( 1.430232995902464443, 0.000000000000000000, 2.166777773127899653 ) ) ;
#3 = CARTESIAN_POINT ( 'NONE',  ( 0.000000000000000000, 20.00000000000000000, 0.000000000000000000 ) ) ;
#4 = EDGE_CURVE ( 'NONE', #463, #1314, #1229, .T. ) ;
#5 = ORIENTED_EDGE ( 'NONE', *, *, #1265, .F. ) ;
#6 = CARTESIAN_POINT ( 'NONE',  ( 1.401758417614904273, 0.4000000000000000222, 1.611967408874114049 ) ) ;
#7 = ADVANCED_FACE ( 'NONE', ( #856 ), #1345, .T. ) ;
#8 = ORIENTED_EDGE ( 'NONE', *, *, #117, .T. ) ;
#9 = CARTESIAN_POINT ( 'NONE',  ( 1.326933095984964561, 0.000000000000000000, 2.342161897840981499 ) ) ;
#10 = CARTESIAN_POINT ( 'NONE',  ( -0.4852842398144707747, 0.000000000000000000, -1.999725841192792952 ) ) ;
#11 = B_SPLINE_CURVE_WITH_KNOTS ( 'NONE', 3,
 ( #1021, #1275, #655, #93, #1249, #1254, #774, #1015, #1150, #894, #787 ),
 .UNSPECIFIED., .F., .F.,
 ( 4, 1, 1, 1, 1, 1, 1, 1, 4 ),
 ( 0.000000000000000000, 0.1649896178530788904, 0.3069154297217869809, 0.4330473242171679060, 0.5512455759489272022, 0.6617117452108902675, 0.7705951388014267156, 0.8801408014858397300, 1.000000000000000000 ),
 .UNSPECIFIED. ) ;
#12 = DIRECTION ( 'NONE',  ( -0.000000000000000000, -1.000000000000000000, -0.000000000000000000 ) ) ;
#13 = FACE_OUTER_BOUND ( 'NONE', #870, .T. ) ;
#14 = CARTESIAN_POINT ( 'NONE',  ( 1.439948586856617530, 0.4000000000000000222, 1.977857971191405495 ) ) ;
#15 = EDGE_LOOP ( 'NONE', ( #131, #570 ) ) ;
#16 = CARTESIAN_POINT ( 'NONE',  ( 1.280027794499109639, 0.000000000000000000, 2.350381595552325287 ) ) ;
#17 = DIRECTION ( 'NONE',  ( 0.000000000000000000, 0.000000000000000000, 1.000000000000000000 ) ) ;
#18 = ADVANCED_FACE ( 'NONE', ( #13 ), #1075, .F. ) ;
#19 = PLANE ( 'NONE',  #558 ) ;
#20 = ORIENTED_EDGE ( 'NONE', *, *, #489, .F. ) ;
#21 = CARTESIAN_POINT ( 'NONE',  ( 1.438935589196633558, 0.000000000000000000, 1.890111525453490149 ) ) ;
#22 = VERTEX_POINT ( 'NONE', #273 ) ;
#23 = LINE ( 'NONE', #406, #113 ) ;
#24 = EDGE_CURVE ( 'NONE', #472, #1203, #734, .T. ) ;
#25 = CARTESIAN_POINT ( 'NONE',  ( -1.075244849405784908, 0.4000000000000000222, -1.840329809716477527 ) ) ;
#26 = ADVANCED_FACE ( 'NONE', ( #990 ), #957, .F. ) ;
#27 = DIRECTION ( 'NONE',  ( -0.000000000000000000, -1.000000000000000000, -0.000000000000000000 ) ) ;
#28 = VERTEX_POINT ( 'NONE', #83 ) ;
#29 = CARTESIAN_POINT ( 'NONE',  ( 1.335952300028083961, 0.4000000000000000222, 1.434877358230889577 ) ) ;
#30 = AXIS2_PLACEMENT_3D ( 'NONE', #333, #71, #788 ) ;
#31 = ORIENTED_EDGE ( 'NONE', *, *, #53, .T. ) ;
#32 = CARTESIAN_POINT ( 'NONE',  ( 1.439948586856617530, 0.000000000000000000, 1.977857971191405495 ) ) ;
#33 = SURFACE_STYLE_FILL_AREA ( #1490 ) ;
#34 = UNCERTAINTY_MEASURE_WITH_UNIT (LENGTH_MEASURE( 1.000000000000000082E-05 ), #291, 'distance_accuracy_value', 'NONE');
#35 = CARTESIAN_POINT ( 'NONE',  ( -1.023374206147654730, 0.000000000000000000, -1.957539703906351569 ) ) ;
#36 = CARTESIAN_POINT ( 'NONE',  ( 1.439594417945592619, 0.4000000000000000222, 1.947179654388770054 ) ) ;
#37 = ORIENTED_EDGE ( 'NONE', *, *, #1149, .T. ) ;
#38 = CARTESIAN_POINT ( 'NONE',  ( -1.503946301828022802, 0.4000000000000000222, 1.970858221116408515 ) ) ;
#39 = CARTESIAN_POINT ( 'NONE',  ( 1.383694724403129017, 0.000000000000000000, 1.553469012328939636 ) ) ;
#40 = DIRECTION ( 'NONE',  ( -0.9172645036798807716, 0.000000000000000000, 0.3982785837688262998 ) ) ;
#41 = FACE_OUTER_BOUND ( 'NONE', #437, .T. ) ;
#42 = CARTESIAN_POINT ( 'NONE',  ( 1.438935589196633558, 0.4000000000000000222, 1.890111525453490149 ) ) ;
#43 = B_SPLINE_SURFACE_WITH_KNOTS ( 'NONE', 3, 1, ( 
 ( #322, #1480 ),
 ( #890, #403 ),
 ( #1487, #410 ),
 ( #1366, #310 ),
 ( #302, #772 ),
 ( #1252, #215 ),
 ( #1271, #1279 ),
 ( #686, #2 ),
 ( #344, #566 ),
 ( #1147, #1396 ),
 ( #1041, #1057 ) ),
 .UNSPECIFIED., .F., .F., .F.,
 ( 4, 1, 1, 1, 1, 1, 1, 1, 4 ),
 ( 2, 2 ),
 ( 0.000000000000000000, 0.1098187836792970801, 0.2013139233573029152, 0.2842401477675115529, 0.3708015968886865799, 0.4752591901803874808, 0.6102017632401135483, 0.7825998855593404580, 1.000000000000000000 ),
 ( 0.000000000000000000, 1.000000000000000000 ),
 .UNSPECIFIED. ) ;
#44 = ORIENTED_EDGE ( 'NONE', *, *, #1330, .T. ) ;
#45 = CARTESIAN_POINT ( 'NONE',  ( -1.451528664110011135, 0.000000000000000000, 1.636792346969975220 ) ) ;
#46 = CARTESIAN_POINT ( 'NONE',  ( -1.075244849405784908, 0.000000000000000000, -1.840329809716477527 ) ) ;
#47 = DIRECTION ( 'NONE',  ( -0.000000000000000000, -1.000000000000000000, -0.000000000000000000 ) ) ;
#48 = EDGE_LOOP ( 'NONE', ( #1428, #798, #453, #628 ) ) ;
#49 = CARTESIAN_POINT ( 'NONE',  ( -1.362951336031645422, 0.4000000000000000222, 2.351844618055555003 ) ) ;
#50 = CARTESIAN_POINT ( 'NONE',  ( 1.415791340610427218, 0.000000000000000000, 1.673161073626371564 ) ) ;
#51 = CARTESIAN_POINT ( 'NONE',  ( -1.451528664110011135, 0.000000000000000000, 1.636792346969975220 ) ) ;
#52 = CARTESIAN_POINT ( 'NONE',  ( -1.503286786378241757, 0.4000000000000000222, 2.002200853681657122 ) ) ;
#53 = EDGE_CURVE ( 'NONE', #162, #1269, #1259, .T. ) ;
#54 = EDGE_CURVE ( 'NONE', #268, #931, #497, .T. ) ;
#55 = CARTESIAN_POINT ( 'NONE',  ( 0.4799828622855393245, 0.000000000000000000, 1.583872038398692172 ) ) ;
#56 = CARTESIAN_POINT ( 'NONE',  ( 1.335952300028083961, 0.4000000000000000222, 1.434877358230889577 ) ) ;
#57 = B_SPLINE_CURVE_WITH_KNOTS ( 'NONE', 3,
 ( #779, #536, #897, #903, #1380, #1113, #84, #765, #1004, #549, #1236, #521, #1507 ),
 .UNSPECIFIED., .F., .F.,
 ( 4, 1, 1, 1, 1, 1, 1, 1, 1, 1, 4 ),
 ( 0.000000000000000000, 0.1340733496911790945, 0.2552582397853321305, 0.3603595852742327854, 0.4511719734585503683, 0.5969543587437348142, 0.7032159891227142134, 0.7791487141453219412, 0.8406546243847108357, 0.9105772362246894458, 1.000000000000000000 ),
 .UNSPECIFIED. ) ;
#58 = ORIENTED_EDGE ( 'NONE', *, *, #722, .F. ) ;
#59 = CARTESIAN_POINT ( 'NONE',  ( -1.373440846083354039, 0.4000000000000000222, 2.350863808670534461 ) ) ;
#60 = AXIS2_PLACEMENT_3D ( 'NONE', #979, #1463, #1340 ) ;
#61 = B_SPLINE_SURFACE_WITH_KNOTS ( 'NONE', 3, 1, ( 
 ( #422, #445 ),
 ( #70, #86 ),
 ( #1374, #781 ),
 ( #553, #312 ),
 ( #1136, #545 ),
 ( #796, #205 ),
 ( #332, #1123 ),
 ( #899, #538 ),
 ( #211, #65 ),
 ( #1400, #1516 ),
 ( #435, #1392 ),
 ( #905, #324 ),
 ( #532, #1268 ) ),
 .UNSPECIFIED., .F., .F., .F.,
 ( 4, 1, 1, 1, 1, 1, 1, 1, 1, 1, 4 ),
 ( 2, 2 ),
 ( 0.000000000000000000, 0.1340733496911790945, 0.2552582397853321305, 0.3603595852742327854, 0.4511719734585503683, 0.5969543587437348142, 0.7032159891227142134, 0.7791487141453219412, 0.8406546243847108357, 0.9105772362246894458, 1.000000000000000000 ),
 ( 0.000000000000000000, 1.000000000000000000 ),
 .UNSPECIFIED. ) ;
#62 = CARTESIAN_POINT ( 'NONE',  ( 1.401758417614904273, 0.000000000000000000, 1.611967408874114049 ) ) ;
#63 = AXIS2_PLACEMENT_3D ( 'NONE', #659, #1496, #1036 ) ;
#64 = CARTESIAN_POINT ( 'NONE',  ( -1.373440846083354039, 0.4000000000000000222, 2.350863808670534461 ) ) ;
#65 = CARTESIAN_POINT ( 'NONE',  ( -1.066059388822340193, 0.000000000000000000, -1.928063191284155486 ) ) ;
#66 = DIRECTION ( 'NONE',  ( 0.3982785837688262998, 0.000000000000000000, 0.9172645036798807716 ) ) ;
#67 = CARTESIAN_POINT ( 'NONE',  ( -0.8180626956560326235, 0.4000000000000000222, -1.994695895135459640 ) ) ;
#68 = CARTESIAN_POINT ( 'NONE',  ( -0.1870869307160099027, 0.4000000000000000222, -1.960386536673152325 ) ) ;
#69 = CARTESIAN_POINT ( 'NONE',  ( 1.430232995902464443, 0.4000000000000000222, 2.166777773127899653 ) ) ;
#70 = CARTESIAN_POINT ( 'NONE',  ( -0.6256463072751451415, 0.4000000000000000222, -1.999758184742794764 ) ) ;
#71 = DIRECTION ( 'NONE',  ( 0.000000000000000000, 0.000000000000000000, 1.000000000000000000 ) ) ;
#72 = ORIENTED_EDGE ( 'NONE', *, *, #827, .T. ) ;
#73 = DIRECTION ( 'NONE',  ( 0.000000000000000000, 1.000000000000000000, -0.000000000000000000 ) ) ;
#74 = EDGE_CURVE ( 'NONE', #150, #941, #1048, .T. ) ;
#75 = CARTESIAN_POINT ( 'NONE',  ( -0.1030791067037888226, 0.000000000000000000, -1.876394255291921276 ) ) ;
#76 = CARTESIAN_POINT ( 'NONE',  ( 1.438775131928940798, 0.4000000000000000222, 2.079423302830288645 ) ) ;
#77 = MECHANICAL_DESIGN_GEOMETRIC_PRESENTATION_REPRESENTATION (  '', ( #1343 ), #395 ) ;
#78 = VECTOR ( 'NONE', #108, 1000.000000000000000 ) ;
#79 = CARTESIAN_POINT ( 'NONE',  ( -0.3049159754535746836, 0.4000000000000000222, -1.988596283141519816 ) ) ;
#80 = EDGE_LOOP ( 'NONE', ( #832, #689 ) ) ;
#81 = CARTESIAN_POINT ( 'NONE',  ( 1.246335593062119607, -0.000000000000000000, 2.351328223127711503 ) ) ;
#82 =( GEOMETRIC_REPRESENTATION_CONTEXT ( 3 ) GLOBAL_UNCERTAINTY_ASSIGNED_CONTEXT ( ( #34 ) ) GLOBAL_UNIT_ASSIGNED_CONTEXT ( ( #291, #299, #1007 ) ) REPRESENTATION_CONTEXT ( 'NONE', 'WORKASPACE' ) );
#83 = CARTESIAN_POINT ( 'NONE',  ( 5.327213576290986242E-16, 20.50000000000001066, 4.349999999999999645 ) ) ;
#84 = CARTESIAN_POINT ( 'NONE',  ( -0.9584330082354313163, 0.000000000000000000, -1.977833701680547840 ) ) ;
#85 = CARTESIAN_POINT ( 'NONE',  ( -1.451528664110011135, 0.000000000000000000, 1.636792346969975220 ) ) ;
#86 = CARTESIAN_POINT ( 'NONE',  ( -0.6256463072751451415, 0.000000000000000000, -1.999758184742794764 ) ) ;
#87 = SHAPE_DEFINITION_REPRESENTATION ( #946, #1237 ) ;
#88 = ORIENTED_EDGE ( 'NONE', *, *, #827, .F. ) ;
#89 = LINE ( 'NONE', #555, #922 ) ;
#90 = CARTESIAN_POINT ( 'NONE',  ( -0.09599657245710764564, 0.000000000000000000, -1.863004891389335782 ) ) ;
#91 = CARTESIAN_POINT ( 'NONE',  ( -0.3858187340555536693, 0.4000000000000000222, -1.996283374502793473 ) ) ;
#92 = CARTESIAN_POINT ( 'NONE',  ( 1.227956156013837896, 0.4000000000000000222, 2.351844618055555003 ) ) ;
#93 = CARTESIAN_POINT ( 'NONE',  ( 1.433429056601576379, 0.000000000000000000, 1.809777001929407936 ) ) ;
#94 = ORIENTED_EDGE ( 'NONE', *, *, #172, .T. ) ;
#95 = FACE_OUTER_BOUND ( 'NONE', #339, .T. ) ;
#96 = DIRECTION ( 'NONE',  ( -0.000000000000000000, -1.000000000000000000, -0.000000000000000000 ) ) ;
#97 = CARTESIAN_POINT ( 'NONE',  ( -1.451528664110011135, 0.4000000000000000222, 1.636792346969975220 ) ) ;
#98 = DIRECTION ( 'NONE',  ( -0.000000000000000000, -1.000000000000000000, -0.000000000000000000 ) ) ;
#99 = VERTEX_POINT ( 'NONE', #671 ) ;
#100 = CARTESIAN_POINT ( 'NONE',  ( -1.373440846083354039, -0.000000000000000000, 2.350863808670534461 ) ) ;
#101 = APPLICATION_PROTOCOL_DEFINITION ( 'draft international standard', 'automotive_design', 1998, #1255 ) ;
#102 = EDGE_CURVE ( 'NONE', #1190, #110, #791, .T. ) ;
#103 = VECTOR ( 'NONE', #664, 1000.000000000000000 ) ;
#104 = ORIENTED_EDGE ( 'NONE', *, *, #803, .T. ) ;
#105 = PRESENTATION_STYLE_ASSIGNMENT (( #1387 ) ) ;
#106 = CARTESIAN_POINT ( 'NONE',  ( -1.503286786378241757, -0.000000000000000000, 2.002200853681657122 ) ) ;
#107 = DIRECTION ( 'NONE',  ( -1.000000000000000000, 0.000000000000000000, -0.000000000000000000 ) ) ;
#108 = DIRECTION ( 'NONE',  ( -0.000000000000000000, -1.000000000000000000, -0.000000000000000000 ) ) ;
#109 = STYLED_ITEM ( 'NONE', ( #1001 ), #1499 ) ;
#110 = VERTEX_POINT ( 'NONE', #678 ) ;
#111 = CARTESIAN_POINT ( 'NONE',  ( -0.3049159754535746836, 0.000000000000000000, -1.988596283141519816 ) ) ;
#112 = EDGE_LOOP ( 'NONE', ( #681, #715, #804, #1517 ) ) ;
#113 = VECTOR ( 'NONE', #761, 1000.000000000000000 ) ;
#114 = CARTESIAN_POINT ( 'NONE',  ( -0.1030791067037888226, 0.000000000000000000, -1.876394255291921276 ) ) ;
#115 = CARTESIAN_POINT ( 'NONE',  ( -0.5979786492640674078, 0.000000000000000000, -2.000000000000000444 ) ) ;
#116 = CARTESIAN_POINT ( 'NONE',  ( -1.055962297028186114, 0.000000000000000000, -1.793007390639361320 ) ) ;
#117 = EDGE_CURVE ( 'NONE', #1008, #1190, #1024, .T. ) ;
#118 = CARTESIAN_POINT ( 'NONE',  ( -1.503946301828022802, 0.4000000000000000222, 1.970858221116408515 ) ) ;
#119 = VERTEX_POINT ( 'NONE', #799 ) ;
#120 = DIRECTION ( 'NONE',  ( 0.000000000000000000, 0.000000000000000000, -1.000000000000000000 ) ) ;
#121 = ORIENTED_EDGE ( 'NONE', *, *, #775, .F. ) ;
#122 = CARTESIAN_POINT ( 'NONE',  ( -0.3049159754535746836, 0.4000000000000000222, -1.988596283141519816 ) ) ;
#123 = B_SPLINE_SURFACE_WITH_KNOTS ( 'NONE', 3, 1, ( 
 ( #531, #1005 ),
 ( #1488, #412 ),
 ( #884, #1180 ),
 ( #1538, #249 ),
 ( #134, #705 ),
 ( #338, #242 ),
 ( #597, #128 ),
 ( #476, #1521 ),
 ( #1042, #1051 ),
 ( #461, #1311 ),
 ( #118, #802 ) ),
 .UNSPECIFIED., .F., .F., .F.,
 ( 4, 1, 1, 1, 1, 1, 1, 1, 4 ),
 ( 2, 2 ),
 ( 0.000000000000000000, 0.07479019335052401740, 0.1497464028728067997, 0.2351223195882902461, 0.3348425773889892043, 0.4576645824639181681, 0.6090621360290472408, 0.7903501638779485416, 1.000000000000000000 ),
 ( 0.000000000000000000, 1.000000000000000000 ),
 .UNSPECIFIED. ) ;
#124 = CARTESIAN_POINT ( 'NONE',  ( -0.1030791067037888226, -0.000000000000000000, -1.876394255291921276 ) ) ;
#125 = CARTESIAN_POINT ( 'NONE',  ( -1.503946301828022802, 0.4000000000000000222, 1.970858221116408515 ) ) ;
#126 = EDGE_CURVE ( 'NONE', #1008, #206, #1278, .T. ) ;
#127 = EDGE_CURVE ( 'NONE', #795, #1144, #179, .T. ) ;
#128 = CARTESIAN_POINT ( 'NONE',  ( -1.485840367461922717, 0.000000000000000000, 1.732872878172287745 ) ) ;
#129 = ORIENTED_EDGE ( 'NONE', *, *, #1367, .F. ) ;
#130 = CARTESIAN_POINT ( 'NONE',  ( -1.424522993804379078, 0.000000000000000000, 2.332809912565560584 ) ) ;
#131 = ORIENTED_EDGE ( 'NONE', *, *, #1459, .T. ) ;
#132 = CARTESIAN_POINT ( 'NONE',  ( 1.227956156013837896, 0.000000000000000000, 2.351844618055555003 ) ) ;
#133 = DIRECTION ( 'NONE',  ( -0.000000000000000000, -1.000000000000000000, -0.000000000000000000 ) ) ;
#134 = CARTESIAN_POINT ( 'NONE',  ( -1.451528664110011135, 0.4000000000000000222, 1.636792346969975220 ) ) ;
#135 = PRODUCT_DEFINITION ( 'UNKNOWN', '', #891, #1207 ) ;
#136 = ORIENTED_EDGE ( 'NONE', *, *, #893, .T. ) ;
#137 = CARTESIAN_POINT ( 'NONE',  ( 1.401758417614904273, 0.4000000000000000222, 1.611967408874114049 ) ) ;
#138 = VERTEX_POINT ( 'NONE', #638 ) ;
#139 = CARTESIAN_POINT ( 'NONE',  ( -0.1030791067037888226, 0.4000000000000000222, -1.876394255291921276 ) ) ;
#140 = DIRECTION ( 'NONE',  ( -1.000000000000000000, 0.000000000000000000, -0.000000000000000000 ) ) ;
#141 = CARTESIAN_POINT ( 'NONE',  ( 1.438775131928940798, 0.4000000000000000222, 2.079423302830288645 ) ) ;
#142 = DIRECTION ( 'NONE',  ( -0.000000000000000000, -1.000000000000000000, -0.000000000000000000 ) ) ;
#143 = CARTESIAN_POINT ( 'NONE',  ( 1.427081400472893558, 0.000000000000000000, 1.738210124490748854 ) ) ;
#144 = ORIENTED_EDGE ( 'NONE', *, *, #729, .F. ) ;
#145 = CARTESIAN_POINT ( 'NONE',  ( -0.1168019630489774696, 0.4000000000000000222, -1.902336991463614346 ) ) ;
#146 = LINE ( 'NONE', #962, #785 ) ;
#147 = B_SPLINE_SURFACE_WITH_KNOTS ( 'NONE', 3, 1, ( 
 ( #996, #651 ),
 ( #874, #1119 ),
 ( #1485, #408 ),
 ( #185, #1127 ),
 ( #67, #1492 ),
 ( #854, #1333 ),
 ( #1208, #621 ),
 ( #1096, #35 ),
 ( #505, #980 ),
 ( #1277, #661 ),
 ( #1152, #896 ),
 ( #1498, #1139 ),
 ( #547, #777 ) ),
 .UNSPECIFIED., .F., .F., .F.,
 ( 4, 1, 1, 1, 1, 1, 1, 1, 1, 1, 4 ),
 ( 2, 2 ),
 ( 0.000000000000000000, 0.1340733496911790945, 0.2552582397853321305, 0.3603595852742327854, 0.4511719734585503683, 0.5969543587437348142, 0.7032159891227142134, 0.7791487141453219412, 0.8406546243847108357, 0.9105772362246894458, 1.000000000000000000 ),
 ( 0.000000000000000000, 1.000000000000000000 ),
 .UNSPECIFIED. ) ;
#148 = CARTESIAN_POINT ( 'NONE',  ( 1.326933095984964561, 0.4000000000000000222, 2.342161897840981499 ) ) ;
#149 = VECTOR ( 'NONE', #12, 1000.000000000000000 ) ;
#150 = VERTEX_POINT ( 'NONE', #222 ) ;
#151 = DIRECTION ( 'NONE',  ( -0.000000000000000000, -1.000000000000000000, -0.000000000000000000 ) ) ;
#152 = ORIENTED_EDGE ( 'NONE', *, *, #848, .F. ) ;
#153 = CARTESIAN_POINT ( 'NONE',  ( 1.401758417614904273, 0.4000000000000000222, 1.611967408874114049 ) ) ;
#154 = CARTESIAN_POINT ( 'NONE',  ( -1.468596712063416687, 0.4000000000000000222, 2.261555537441950925 ) ) ;
#155 = COLOUR_RGB ( '',0.7921568627450980005, 0.8196078431372548767, 0.9333333333333333481 ) ;
#156 = AXIS2_PLACEMENT_3D ( 'NONE', #469, #224, #1531 ) ;
#157 = CARTESIAN_POINT ( 'NONE',  ( 2.565151067676131547, 20.00000000000000000, 1.649999999999999911 ) ) ;
#158 = CARTESIAN_POINT ( 'NONE',  ( -1.373186676380442117, 0.000000000000000000, 1.585063649927362261 ) ) ;
#159 = DIRECTION ( 'NONE',  ( 0.3982785837688262998, 0.000000000000000000, 0.9172645036798807716 ) ) ;
#160 = CARTESIAN_POINT ( 'NONE',  ( 1.439948586856617530, 0.4000000000000000222, 1.977857971191405495 ) ) ;
#161 =( NAMED_UNIT ( * ) SI_UNIT ( $, .STERADIAN. ) SOLID_ANGLE_UNIT ( ) );
#162 = VERTEX_POINT ( 'NONE', #1506 ) ;
#163 = CARTESIAN_POINT ( 'NONE',  ( -1.503946301828022580, 0.000000000000000000, 1.970858221116408071 ) ) ;
#164 = EDGE_CURVE ( 'NONE', #1062, #1094, #443, .T. ) ;
#165 = CARTESIAN_POINT ( 'NONE',  ( 1.430232995902464443, 0.4000000000000000222, 2.166777773127899653 ) ) ;
#166 = CARTESIAN_POINT ( 'NONE',  ( -1.426552523291796604, 0.000000000000000000, 1.606459502130151318 ) ) ;
#167 = CARTESIAN_POINT ( 'NONE',  ( 0.000000000000000000, 20.50000000000001066, 0.000000000000000000 ) ) ;
#168 = CARTESIAN_POINT ( 'NONE',  ( 1.415791340610427218, 0.4000000000000000222, 1.673161073626371564 ) ) ;
#169 = VERTEX_POINT ( 'NONE', #90 ) ;
#170 = CARTESIAN_POINT ( 'NONE',  ( -1.055962297028186114, 0.000000000000000000, -1.793007390639361320 ) ) ;
#171 = CARTESIAN_POINT ( 'NONE',  ( 1.439948586856617530, 0.4000000000000000222, 1.977857971191405495 ) ) ;
#172 = EDGE_CURVE ( 'NONE', #1144, #795, #1186, .T. ) ;
#173 = CARTESIAN_POINT ( 'NONE',  ( -1.503946301828022802, 0.000000000000000000, 1.970858221116408515 ) ) ;
#174 = DIRECTION ( 'NONE',  ( -0.000000000000000000, -1.000000000000000000, -0.000000000000000000 ) ) ;
#175 = CARTESIAN_POINT ( 'NONE',  ( 1.433429056601576379, 0.4000000000000000222, 1.809777001929407936 ) ) ;
#176 = ORIENTED_EDGE ( 'NONE', *, *, #286, .T. ) ;
#177 = DIRECTION ( 'NONE',  ( 0.000000000000000000, -1.000000000000000000, 0.000000000000000000 ) ) ;
#178 = CARTESIAN_POINT ( 'NONE',  ( -0.1473050002026604632, 0.4000000000000000222, -1.934724110782450213 ) ) ;
#179 = CIRCLE ( 'NONE', #420, 5.049999999999999822 ) ;
#180 = CARTESIAN_POINT ( 'NONE',  ( -1.426552523291796604, 0.000000000000000000, 1.606459502130151318 ) ) ;
#181 = CARTESIAN_POINT ( 'NONE',  ( 5.572142936120455355E-16, 0.000000000000000000, -4.049999999999998046 ) ) ;
#182 = CARTESIAN_POINT ( 'NONE',  ( -1.023374206147654730, 0.4000000000000000222, -1.957539703906351569 ) ) ;
#183 = EDGE_CURVE ( 'NONE', #212, #1532, #1395, .T. ) ;
#184 = ORIENTED_EDGE ( 'NONE', *, *, #848, .T. ) ;
#185 = CARTESIAN_POINT ( 'NONE',  ( -0.7526561116067944646, 0.4000000000000000222, -1.997243092380813545 ) ) ;
#186 = MECHANICAL_DESIGN_GEOMETRIC_PRESENTATION_REPRESENTATION (  '', ( #109 ), #1192 ) ;
#187 = CARTESIAN_POINT ( 'NONE',  ( -0.5579780535319941448, 0.000000000000000000, -1.999902688024482122 ) ) ;
#188 = VECTOR ( 'NONE', #471, 1000.000000000000000 ) ;
#189 = CARTESIAN_POINT ( 'NONE',  ( -1.471697595345395904, 0.4000000000000000222, 1.678580356991401290 ) ) ;
#190 = CARTESIAN_POINT ( 'NONE',  ( 0.000000000000000000, 0.9999999999999974465, 0.000000000000000000 ) ) ;
#191 = EDGE_CURVE ( 'NONE', #1183, #366, #214, .T. ) ;
#192 = VERTEX_POINT ( 'NONE', #565 ) ;
#193 = CARTESIAN_POINT ( 'NONE',  ( 1.227956156013837896, 0.4000000000000000222, 2.351844618055555003 ) ) ;
#194 = FACE_OUTER_BOUND ( 'NONE', #1217, .T. ) ;
#195 = DIRECTION ( 'NONE',  ( 0.000000000000000000, 0.7071067811865561215, 0.7071067811865390240 ) ) ;
#196 = B_SPLINE_CURVE_WITH_KNOTS ( 'NONE', 3,
 ( #1402, #81, #1039, #540, #221, #571, #1159, #314, #1377, #684, #1518 ),
 .UNSPECIFIED., .F., .F.,
 ( 4, 1, 1, 1, 1, 1, 1, 1, 4 ),
 ( 0.000000000000000000, 0.1098187836792970801, 0.2013139233573029152, 0.2842401477675115529, 0.3708015968886865799, 0.4752591901803874808, 0.6102017632401135483, 0.7825998855593404580, 1.000000000000000000 ),
 .UNSPECIFIED. ) ;
#197 = PLANE ( 'NONE',  #63 ) ;
#198 = VERTEX_POINT ( 'NONE', #1040 ) ;
#199 = SURFACE_SIDE_STYLE ('',( #424 ) ) ;
#200 = DIRECTION ( 'NONE',  ( 0.000000000000000000, 0.000000000000000000, 1.000000000000000000 ) ) ;
#201 = CARTESIAN_POINT ( 'NONE',  ( -0.1473050002026604632, 0.000000000000000000, -1.934724110782450213 ) ) ;
#202 = CARTESIAN_POINT ( 'NONE',  ( -1.362951336031645422, 0.4000000000000000222, 2.351844618055555003 ) ) ;
#203 = VECTOR ( 'NONE', #276, 1000.000000000000227 ) ;
#204 = AXIS2_PLACEMENT_3D ( 'NONE', #1155, #330, #1272 ) ;
#205 = CARTESIAN_POINT ( 'NONE',  ( -0.8883045475803617030, 0.000000000000000000, -1.988430727400201992 ) ) ;
#206 = VERTEX_POINT ( 'NONE', #448 ) ;
#207 = CARTESIAN_POINT ( 'NONE',  ( -1.362951336031645422, 0.4000000000000000222, 2.351844618055555003 ) ) ;
#208 = CARTESIAN_POINT ( 'NONE',  ( 1.383694724403129017, 0.000000000000000000, 1.553469012328939636 ) ) ;
#209 = EDGE_CURVE ( 'NONE', #1276, #206, #744, .T. ) ;
#210 = CARTESIAN_POINT ( 'NONE',  ( -1.495545331961543045, 0.000000000000000000, 2.140283922349801138 ) ) ;
#211 = CARTESIAN_POINT ( 'NONE',  ( -1.066059388822340193, 0.4000000000000000222, -1.928063191284155486 ) ) ;
#212 = VERTEX_POINT ( 'NONE', #695 ) ;
#213 = DIRECTION ( 'NONE',  ( 0.000000000000000000, 0.000000000000000000, -1.000000000000000000 ) ) ;
#214 = LINE ( 'NONE', #1153, #688 ) ;
#215 = CARTESIAN_POINT ( 'NONE',  ( 1.395052486390410795, 0.000000000000000000, 2.284862428071074980 ) ) ;
#216 = FACE_OUTER_BOUND ( 'NONE', #15, .T. ) ;
#217 = EDGE_CURVE ( 'NONE', #1181, #1276, #146, .T. ) ;
#218 = ORIENTED_EDGE ( 'NONE', *, *, #459, .F. ) ;
#219 = CARTESIAN_POINT ( 'NONE',  ( 1.360250697084470328, 0.4000000000000000222, 1.495084377099380246 ) ) ;
#220 = ORIENTED_EDGE ( 'NONE', *, *, #801, .T. ) ;
#221 = CARTESIAN_POINT ( 'NONE',  ( 1.367855013203787440, 0.000000000000000000, 2.323363855389734667 ) ) ;
#222 = CARTESIAN_POINT ( 'NONE',  ( 1.335952300028083961, 0.000000000000000000, 1.434877358230889577 ) ) ;
#223 = PLANE ( 'NONE',  #1085 ) ;
#224 = DIRECTION ( 'NONE',  ( 0.000000000000000000, -1.000000000000000000, 0.000000000000000000 ) ) ;
#225 = EDGE_LOOP ( 'NONE', ( #1376, #94 ) ) ;
#226 = AXIS2_PLACEMENT_3D ( 'NONE', #567, #279, #869 ) ;
#227 = CARTESIAN_POINT ( 'NONE',  ( 0.4799828622855393245, 0.4000000000000000222, 1.583872038398692172 ) ) ;
#228 = VECTOR ( 'NONE', #928, 1000.000000000000000 ) ;
#229 = ORIENTED_EDGE ( 'NONE', *, *, #801, .F. ) ;
#230 = CARTESIAN_POINT ( 'NONE',  ( 1.280027794499109639, 0.000000000000000000, 2.350381595552325287 ) ) ;
#231 = APPLICATION_CONTEXT ( 'automotive_design' ) ;
#232 = DIRECTION ( 'NONE',  ( 0.000000000000000000, 0.7071067811865460184, 0.7071067811865490160 ) ) ;
#233 = LINE ( 'NONE', #1154, #413 ) ;
#234 = DIRECTION ( 'NONE',  ( -0.4140263246850708345, 0.000000000000000000, -0.9102649078525286708 ) ) ;
#235 = ORIENTED_EDGE ( 'NONE', *, *, #1405, .F. ) ;
#236 = CARTESIAN_POINT ( 'NONE',  ( -0.1168019630489774696, 0.000000000000000000, -1.902336991463614346 ) ) ;
#237 = ORIENTED_EDGE ( 'NONE', *, *, #1037, .F. ) ;
#238 = CARTESIAN_POINT ( 'NONE',  ( 1.326933095984964561, 0.4000000000000000222, 2.342161897840981499 ) ) ;
#239 = EDGE_CURVE ( 'NONE', #700, #1062, #702, .T. ) ;
#240 = CARTESIAN_POINT ( 'NONE',  ( -1.373440846083354039, -0.000000000000000000, 2.350863808670534461 ) ) ;
#241 = CARTESIAN_POINT ( 'NONE',  ( -1.395682225334531790, 0.4000000000000000222, 1.587449518074591115 ) ) ;
#242 = CARTESIAN_POINT ( 'NONE',  ( -1.471697595345395904, 0.000000000000000000, 1.678580356991401290 ) ) ;
#243 = VERTEX_POINT ( 'NONE', #603 ) ;
#244 = CARTESIAN_POINT ( 'NONE',  ( 1.439594417945592619, 0.4000000000000000222, 1.947179654388770054 ) ) ;
#245 = ORIENTED_EDGE ( 'NONE', *, *, #1160, .F. ) ;
#246 = CARTESIAN_POINT ( 'NONE',  ( 1.439528445340977125, 0.000000000000000000, 2.014222224615084933 ) ) ;
#247 = PRODUCT ( 'JK-RTF-02-14-01 Knob_7', 'JK-RTF-02-14-01 Knob_7', '', ( #1383 ) ) ;
#248 = CARTESIAN_POINT ( 'NONE',  ( 0.000000000000000000, 0.9999999999999974465, 5.049999999999999822 ) ) ;
#249 = CARTESIAN_POINT ( 'NONE',  ( -1.426552523291796604, 0.000000000000000000, 1.606459502130151318 ) ) ;
#250 = VERTEX_POINT ( 'NONE', #490 ) ;
#251 = CARTESIAN_POINT ( 'NONE',  ( -1.448030384076042010, 0.000000000000000000, 2.302497667219046917 ) ) ;
#252 = ORIENTED_EDGE ( 'NONE', *, *, #217, .F. ) ;
#253 = CARTESIAN_POINT ( 'NONE',  ( -0.4852842398144707747, 0.4000000000000000222, -1.999725841192792952 ) ) ;
#254 = VECTOR ( 'NONE', #499, 1000.000000000000000 ) ;
#255 = CARTESIAN_POINT ( 'NONE',  ( 6.184466335694133068E-16, 0.9999999999999974465, -5.049999999999999822 ) ) ;
#256 = LINE ( 'NONE', #1326, #812 ) ;
#257 = ORIENTED_EDGE ( 'NONE', *, *, #303, .F. ) ;
#258 = PLANE ( 'NONE',  #663 ) ;
#259 = CIRCLE ( 'NONE', #1121, 4.349999999999999645 ) ;
#260 = ORIENTED_EDGE ( 'NONE', *, *, #1330, .F. ) ;
#261 = CARTESIAN_POINT ( 'NONE',  ( -0.1473050002026604632, 0.000000000000000000, -1.934724110782450213 ) ) ;
#262 = VECTOR ( 'NONE', #927, 1000.000000000000000 ) ;
#263 = CARTESIAN_POINT ( 'NONE',  ( -0.7526561116067944646, 0.4000000000000000222, -1.997243092380813545 ) ) ;
#264 = CARTESIAN_POINT ( 'NONE',  ( 1.416399911566943892, 0.4000000000000000222, 2.234640446669774683 ) ) ;
#265 = VERTEX_POINT ( 'NONE', #361 ) ;
#266 = CARTESIAN_POINT ( 'NONE',  ( -1.448030384076042010, 0.4000000000000000222, 2.302497667219046917 ) ) ;
#267 = EDGE_CURVE ( 'NONE', #206, #110, #482, .T. ) ;
#268 = VERTEX_POINT ( 'NONE', #1325 ) ;
#269 = CARTESIAN_POINT ( 'NONE',  ( -1.503946301828022802, 0.4000000000000000222, 1.970858221116408515 ) ) ;
#270 = CARTESIAN_POINT ( 'NONE',  ( -1.424522993804379078, 0.4000000000000000222, 2.332809912565560584 ) ) ;
#271 = B_SPLINE_SURFACE_WITH_KNOTS ( 'NONE', 3, 1, ( 
 ( #754, #32 ),
 ( #495, #517 ),
 ( #1215, #617 ),
 ( #175, #872 ),
 ( #1224, #1240 ),
 ( #168, #510 ),
 ( #153, #1101 ),
 ( #858, #39 ),
 ( #1332, #1483 ),
 ( #633, #985 ),
 ( #1462, #1095 ) ),
 .UNSPECIFIED., .F., .F., .F.,
 ( 4, 1, 1, 1, 1, 1, 1, 1, 4 ),
 ( 2, 2 ),
 ( 0.000000000000000000, 0.1649896178530788904, 0.3069154297217869809, 0.4330473242171679060, 0.5512455759489272022, 0.6617117452108902675, 0.7705951388014267156, 0.8801408014858397300, 1.000000000000000000 ),
 ( 0.000000000000000000, 1.000000000000000000 ),
 .UNSPECIFIED. ) ;
#272 = LINE ( 'NONE', #733, #1280 ) ;
#273 = CARTESIAN_POINT ( 'NONE',  ( -1.361951371735217187, 0.4000000000000000222, 1.583872038398692172 ) ) ;
#274 = CARTESIAN_POINT ( 'NONE',  ( -1.503298215913329683, 0.000000000000000000, 1.881054756635346825 ) ) ;
#275 = CARTESIAN_POINT ( 'NONE',  ( -1.448030384076042010, 0.4000000000000000222, 2.302497667219046917 ) ) ;
#276 = DIRECTION ( 'NONE',  ( 0.4140263246850708345, 0.000000000000000000, 0.9102649078525286708 ) ) ;
#277 = EDGE_CURVE ( 'NONE', #941, #1504, #951, .T. ) ;
#278 = VECTOR ( 'NONE', #742, 1000.000000000000000 ) ;
#279 = DIRECTION ( 'NONE',  ( 0.000000000000000000, 1.000000000000000000, -0.000000000000000000 ) ) ;
#280 = ORIENTED_EDGE ( 'NONE', *, *, #209, .F. ) ;
#281 = CARTESIAN_POINT ( 'NONE',  ( 1.360250697084470328, 0.000000000000000000, 1.495084377099380246 ) ) ;
#282 = CARTESIAN_POINT ( 'NONE',  ( -1.084465050790021756, 0.000000000000000000, -1.886594158268892540 ) ) ;
#283 = CARTESIAN_POINT ( 'NONE',  ( -1.075244849405784908, 0.4000000000000000222, -1.840329809716477527 ) ) ;
#284 = B_SPLINE_SURFACE_WITH_KNOTS ( 'NONE', 3, 1, ( 
 ( #193, #1511 ),
 ( #438, #326 ),
 ( #790, #230 ),
 ( #238, #826 ),
 ( #466, #595 ),
 ( #481, #373 ),
 ( #1055, #945 ),
 ( #1315, #954 ),
 ( #716, #835 ),
 ( #588, #246 ),
 ( #1417, #1078 ) ),
 .UNSPECIFIED., .F., .F., .F.,
 ( 4, 1, 1, 1, 1, 1, 1, 1, 4 ),
 ( 2, 2 ),
 ( 0.000000000000000000, 0.1098187836792970801, 0.2013139233573029152, 0.2842401477675115529, 0.3708015968886865799, 0.4752591901803874808, 0.6102017632401135483, 0.7825998855593404580, 1.000000000000000000 ),
 ( 0.000000000000000000, 1.000000000000000000 ),
 .UNSPECIFIED. ) ;
#285 = CARTESIAN_POINT ( 'NONE',  ( -1.468596712063416687, 0.000000000000000000, 2.261555537441950925 ) ) ;
#286 = EDGE_CURVE ( 'NONE', #1314, #455, #1370, .T. ) ;
#287 = DIRECTION ( 'NONE',  ( 0.000000000000000000, -1.000000000000000000, 0.000000000000000000 ) ) ;
#288 = EDGE_LOOP ( 'NONE', ( #44, #873, #730, #1156 ) ) ;
#289 = CARTESIAN_POINT ( 'NONE',  ( 0.000000000000000000, 23.00000000000000000, -4.349999999999999645 ) ) ;
#290 = LINE ( 'NONE', #160, #652 ) ;
#291 =( LENGTH_UNIT ( ) NAMED_UNIT ( * ) SI_UNIT ( .MILLI., .METRE. ) );
#292 = ORIENTED_EDGE ( 'NONE', *, *, #645, .T. ) ;
#293 = CARTESIAN_POINT ( 'NONE',  ( -1.424522993804379078, 0.000000000000000000, 2.332809912565560584 ) ) ;
#294 = B_SPLINE_CURVE_WITH_KNOTS ( 'NONE', 3,
 ( #269, #731, #502, #1339, #1476, #1468, #275, #879, #640, #392, #865 ),
 .UNSPECIFIED., .F., .F.,
 ( 4, 1, 1, 1, 1, 1, 1, 1, 4 ),
 ( 0.000000000000000000, 0.2130262549072811373, 0.3926689394530356036, 0.5468444388455654392, 0.6722449922718624071, 0.7765864508806014088, 0.8569251017415738803, 0.9288749358347939689, 1.000000000000000000 ),
 .UNSPECIFIED. ) ;
#295 = CARTESIAN_POINT ( 'NONE',  ( -0.2392968356931954033, 0.4000000000000000222, -1.977294348496884124 ) ) ;
#296 = CARTESIAN_POINT ( 'NONE',  ( 1.439948586856617530, 0.4000000000000000222, 1.977857971191405495 ) ) ;
#297 = EDGE_CURVE ( 'NONE', #1409, #119, #1228, .T. ) ;
#298 = CARTESIAN_POINT ( 'NONE',  ( 0.4799828622855393245, 0.000000000000000000, 1.583872038398692172 ) ) ;
#299 =( NAMED_UNIT ( * ) PLANE_ANGLE_UNIT ( ) SI_UNIT ( $, .RADIAN. ) );
#300 = VERTEX_POINT ( 'NONE', #970 ) ;
#301 = LINE ( 'NONE', #1009, #1418 ) ;
#302 = CARTESIAN_POINT ( 'NONE',  ( 1.367855013203787440, 0.4000000000000000222, 2.323363855389734667 ) ) ;
#303 = EDGE_CURVE ( 'NONE', #825, #944, #1214, .T. ) ;
#304 = CARTESIAN_POINT ( 'NONE',  ( -1.394541503088640555, 0.000000000000000000, 2.348890816384064717 ) ) ;
#305 = EDGE_CURVE ( 'NONE', #1510, #1094, #717, .T. ) ;
#306 = FACE_OUTER_BOUND ( 'NONE', #650, .T. ) ;
#307 = ORIENTED_EDGE ( 'NONE', *, *, #1029, .T. ) ;
#308 = CARTESIAN_POINT ( 'NONE',  ( 0.000000000000000000, 1.999999999999998224, 0.000000000000000000 ) ) ;
#309 = COLOUR_RGB ( '',0.7921568627450980005, 0.8196078431372548767, 0.9333333333333333481 ) ;
#310 = CARTESIAN_POINT ( 'NONE',  ( 1.326933095984964561, 0.000000000000000000, 2.342161897840981499 ) ) ;
#311 = CARTESIAN_POINT ( 'NONE',  ( -1.448030384076042010, 0.4000000000000000222, 2.302497667219046917 ) ) ;
#312 = CARTESIAN_POINT ( 'NONE',  ( -0.7526561116067944646, 0.000000000000000000, -1.997243092380813545 ) ) ;
#313 = ORIENTED_EDGE ( 'NONE', *, *, #286, .F. ) ;
#314 = CARTESIAN_POINT ( 'NONE',  ( 1.430232995902464443, 0.000000000000000000, 2.166777773127899653 ) ) ;
#315 = DIRECTION ( 'NONE',  ( 0.000000000000000000, -1.000000000000000000, 0.000000000000000000 ) ) ;
#316 = CARTESIAN_POINT ( 'NONE',  ( 1.344290937558532351, 0.000000000000000000, 1.455538988953614554 ) ) ;
#317 = CARTESIAN_POINT ( 'NONE',  ( -1.361951371735217187, 0.4000000000000000222, 1.583872038398692172 ) ) ;
#318 = LINE ( 'NONE', #668, #1375 ) ;
#319 = VERTEX_POINT ( 'NONE', #1170 ) ;
#320 = ADVANCED_FACE ( 'NONE', ( #582 ), #1056, .F. ) ;
#321 = CARTESIAN_POINT ( 'NONE',  ( 0.000000000000000000, 23.00000000000000000, 0.000000000000000000 ) ) ;
#322 = CARTESIAN_POINT ( 'NONE',  ( 1.227956156013837896, 0.4000000000000000222, 2.351844618055555003 ) ) ;
#323 = CARTESIAN_POINT ( 'NONE',  ( -1.448030384076042010, 0.000000000000000000, 2.302497667219046917 ) ) ;
#324 = CARTESIAN_POINT ( 'NONE',  ( -1.062893647362963989, 0.000000000000000000, -1.810018015523944479 ) ) ;
#325 = ORIENTED_EDGE ( 'NONE', *, *, #350, .T. ) ;
#326 = CARTESIAN_POINT ( 'NONE',  ( 1.246335593062119607, 0.000000000000000000, 2.351328223127711503 ) ) ;
#327 = CARTESIAN_POINT ( 'NONE',  ( 1.335952300028083961, 0.4000000000000000222, 1.434877358230889577 ) ) ;
#328 = ADVANCED_FACE ( 'NONE', ( #1420 ), #354, .T. ) ;
#329 = CARTESIAN_POINT ( 'NONE',  ( 0.000000000000000000, 20.50000000000001066, 0.000000000000000000 ) ) ;
#330 = DIRECTION ( 'NONE',  ( 0.000000000000000000, 0.000000000000000000, 1.000000000000000000 ) ) ;
#331 = ORIENTED_EDGE ( 'NONE', *, *, #1502, .T. ) ;
#332 = CARTESIAN_POINT ( 'NONE',  ( -0.9584330082354313163, 0.4000000000000000222, -1.977833701680547840 ) ) ;
#333 = CARTESIAN_POINT ( 'NONE',  ( 0.000000000000000000, 0.000000000000000000, 0.000000000000000000 ) ) ;
#334 = ORIENTED_EDGE ( 'NONE', *, *, #1385, .F. ) ;
#335 =( LENGTH_UNIT ( ) NAMED_UNIT ( * ) SI_UNIT ( .MILLI., .METRE. ) );
#336 = CARTESIAN_POINT ( 'NONE',  ( -1.485840367461922717, 0.4000000000000000222, 1.732872878172287745 ) ) ;
#337 = CARTESIAN_POINT ( 'NONE',  ( -0.1168019630489774696, 0.4000000000000000222, -1.902336991463614346 ) ) ;
#338 = CARTESIAN_POINT ( 'NONE',  ( -1.471697595345395904, 0.4000000000000000222, 1.678580356991401290 ) ) ;
#339 = EDGE_LOOP ( 'NONE', ( #1474, #1407, #578, #789 ) ) ;
#340 = CARTESIAN_POINT ( 'NONE',  ( 1.383694724403129017, 0.4000000000000000222, 1.553469012328939636 ) ) ;
#341 = EDGE_LOOP ( 'NONE', ( #446, #585, #817, #1328 ) ) ;
#342 = CARTESIAN_POINT ( 'NONE',  ( -0.5579780535319941448, 0.4000000000000000222, -1.999902688024482122 ) ) ;
#343 = DIRECTION ( 'NONE',  ( 0.000000000000000000, -1.000000000000000000, 0.000000000000000000 ) ) ;
#344 = CARTESIAN_POINT ( 'NONE',  ( 1.438775131928940798, 0.4000000000000000222, 2.079423302830288645 ) ) ;
#345 = LINE ( 'NONE', #451, #737 ) ;
#346 = EDGE_CURVE ( 'NONE', #423, #484, #757, .T. ) ;
#347 = ORIENTED_EDGE ( 'NONE', *, *, #1047, .T. ) ;
#348 = VECTOR ( 'NONE', #195, 1000.000000000000000 ) ;
#349 = DIRECTION ( 'NONE',  ( 0.000000000000000000, 0.000000000000000000, 1.000000000000000000 ) ) ;
#350 = EDGE_CURVE ( 'NONE', #1394, #1414, #1218, .T. ) ;
#351 = AXIS2_PLACEMENT_3D ( 'NONE', #1200, #1, #17 ) ;
#352 = ORIENTED_EDGE ( 'NONE', *, *, #940, .F. ) ;
#353 = CARTESIAN_POINT ( 'NONE',  ( -0.09599657245710765952, 0.4000000000000000222, -1.863004891389336004 ) ) ;
#354 = CYLINDRICAL_SURFACE ( 'NONE', #1210, 5.049999999999999822 ) ;
#355 = CARTESIAN_POINT ( 'NONE',  ( -0.1473050002026604632, 0.4000000000000000222, -1.934724110782450213 ) ) ;
#356 = DIRECTION ( 'NONE',  ( 0.000000000000000000, -1.000000000000000000, 0.000000000000000000 ) ) ;
#357 = ORIENTED_EDGE ( 'NONE', *, *, #126, .T. ) ;
#358 = CARTESIAN_POINT ( 'NONE',  ( -0.2392968356931954033, 0.000000000000000000, -1.977294348496884124 ) ) ;
#359 = ORIENTED_EDGE ( 'NONE', *, *, #102, .F. ) ;
#360 = CARTESIAN_POINT ( 'NONE',  ( -0.3858187340555536693, 0.4000000000000000222, -1.996283374502793473 ) ) ;
#361 = CARTESIAN_POINT ( 'NONE',  ( 1.335952300028083961, 0.4000000000000000222, 1.434877358230889577 ) ) ;
#362 = CARTESIAN_POINT ( 'NONE',  ( 0.000000000000000000, 20.00000000000000000, 1.649999999999999911 ) ) ;
#363 = DIRECTION ( 'NONE',  ( 0.000000000000000000, 0.000000000000000000, 1.000000000000000000 ) ) ;
#364 = ORIENTED_EDGE ( 'NONE', *, *, #1219, .T. ) ;
#365 = CARTESIAN_POINT ( 'NONE',  ( -1.495545331961543045, 0.000000000000000000, 2.140283922349801138 ) ) ;
#366 = VERTEX_POINT ( 'NONE', #1471 ) ;
#367 = CARTESIAN_POINT ( 'NONE',  ( -0.5979786492640674078, 0.4000000000000000222, -2.000000000000000444 ) ) ;
#368 = CARTESIAN_POINT ( 'NONE',  ( -1.055962297028186114, 0.4000000000000000222, -1.793007390639361320 ) ) ;
#369 = FACE_OUTER_BOUND ( 'NONE', #1084, .T. ) ;
#370 = CARTESIAN_POINT ( 'NONE',  ( -1.361951371735217187, 0.4000000000000000222, 1.583872038398692172 ) ) ;
#371 = PLANE ( 'NONE',  #851 ) ;
#372 = ORIENTED_EDGE ( 'NONE', *, *, #729, .T. ) ;
#373 = CARTESIAN_POINT ( 'NONE',  ( 1.395052486390410795, 0.000000000000000000, 2.284862428071074980 ) ) ;
#374 = CARTESIAN_POINT ( 'NONE',  ( -0.3049159754535746836, 0.000000000000000000, -1.988596283141519816 ) ) ;
#375 = EDGE_CURVE ( 'NONE', #1269, #1203, #1112, .T. ) ;
#376 = CARTESIAN_POINT ( 'NONE',  ( 1.367855013203787440, 0.4000000000000000222, 2.323363855389734667 ) ) ;
#377 = ORIENTED_EDGE ( 'NONE', *, *, #1529, .F. ) ;
#378 = CARTESIAN_POINT ( 'NONE',  ( 0.000000000000000000, 23.00000000000000000, 0.000000000000000000 ) ) ;
#379 = ORIENTED_EDGE ( 'NONE', *, *, #239, .F. ) ;
#380 = CARTESIAN_POINT ( 'NONE',  ( -0.5979786492640674078, 0.4000000000000000222, -2.000000000000000444 ) ) ;
#381 = CIRCLE ( 'NONE', #1250, 4.349999999999999645 ) ;
#382 = CARTESIAN_POINT ( 'NONE',  ( -0.8180626956560326235, 0.4000000000000000222, -1.994695895135459640 ) ) ;
#383 = CARTESIAN_POINT ( 'NONE',  ( 1.439948586856617530, 0.000000000000000000, 1.977857971191405495 ) ) ;
#384 = ORIENTED_EDGE ( 'NONE', *, *, #803, .F. ) ;
#385 = CARTESIAN_POINT ( 'NONE',  ( 1.344290937558532351, -0.000000000000000000, 1.455538988953614554 ) ) ;
#386 = DIRECTION ( 'NONE',  ( 0.000000000000000000, -1.000000000000000000, 0.000000000000000000 ) ) ;
#387 = LINE ( 'NONE', #1479, #541 ) ;
#388 = CARTESIAN_POINT ( 'NONE',  ( 1.439948586856617530, 0.000000000000000000, 1.977857971191405495 ) ) ;
#389 = CARTESIAN_POINT ( 'NONE',  ( -1.426552523291796604, 0.4000000000000000222, 1.606459502130151318 ) ) ;
#390 = CARTESIAN_POINT ( 'NONE',  ( -1.373440846083354039, 0.4000000000000000222, 2.350863808670534461 ) ) ;
#391 = EDGE_CURVE ( 'NONE', #795, #1062, #387, .T. ) ;
#392 = CARTESIAN_POINT ( 'NONE',  ( -1.373440846083354039, 0.4000000000000000222, 2.350863808670534461 ) ) ;
#393 = CARTESIAN_POINT ( 'NONE',  ( -0.8883045475803617030, 0.4000000000000000222, -1.988430727400201992 ) ) ;
#394 = CARTESIAN_POINT ( 'NONE',  ( -1.394541503088640555, 0.4000000000000000222, 2.348890816384064717 ) ) ;
#395 =( GEOMETRIC_REPRESENTATION_CONTEXT ( 3 ) GLOBAL_UNCERTAINTY_ASSIGNED_CONTEXT ( ( #496 ) ) GLOBAL_UNIT_ASSIGNED_CONTEXT ( ( #335, #1017, #676 ) ) REPRESENTATION_CONTEXT ( 'NONE', 'WORKASPACE' ) );
#396 = CARTESIAN_POINT ( 'NONE',  ( 1.438935589196633558, 0.000000000000000000, 1.890111525453490149 ) ) ;
#397 = ORIENTED_EDGE ( 'NONE', *, *, #704, .T. ) ;
#398 = DIRECTION ( 'NONE',  ( 0.000000000000000000, 1.000000000000000000, 0.000000000000000000 ) ) ;
#399 = LINE ( 'NONE', #993, #452 ) ;
#400 = DIRECTION ( 'NONE',  ( 0.000000000000000000, 0.000000000000000000, 1.000000000000000000 ) ) ;
#401 = ORIENTED_EDGE ( 'NONE', *, *, #1539, .F. ) ;
#402 = PLANE ( 'NONE',  #736 ) ;
#403 = CARTESIAN_POINT ( 'NONE',  ( 1.246335593062119607, 0.000000000000000000, 2.351328223127711503 ) ) ;
#404 = CARTESIAN_POINT ( 'NONE',  ( -1.362951336031645422, 0.4000000000000000222, 2.351844618055555003 ) ) ;
#405 = CARTESIAN_POINT ( 'NONE',  ( -1.361951371735217187, 0.4000000000000000222, 1.583872038398692172 ) ) ;
#406 = CARTESIAN_POINT ( 'NONE',  ( 0.4799828622855393245, 0.4000000000000000222, 1.583872038398692172 ) ) ;
#407 = ORIENTED_EDGE ( 'NONE', *, *, #1029, .F. ) ;
#408 = CARTESIAN_POINT ( 'NONE',  ( -0.6783219337076735744, 0.000000000000000000, -1.999297799908301698 ) ) ;
#409 = EDGE_CURVE ( 'NONE', #1532, #941, #301, .T. ) ;
#410 = CARTESIAN_POINT ( 'NONE',  ( 1.280027794499109639, 0.000000000000000000, 2.350381595552325287 ) ) ;
#411 = ADVANCED_FACE ( 'NONE', ( #41 ), #649, .F. ) ;
#412 = CARTESIAN_POINT ( 'NONE',  ( -1.373186676380442117, 0.000000000000000000, 1.585063649927362261 ) ) ;
#413 = VECTOR ( 'NONE', #936, 1000.000000000000227 ) ;
#414 = CARTESIAN_POINT ( 'NONE',  ( -0.1168019630489774696, 0.4000000000000000222, -1.902336991463614346 ) ) ;
#415 = CARTESIAN_POINT ( 'NONE',  ( -1.055962297028186114, 0.4000000000000000222, -1.793007390639361320 ) ) ;
#416 = ORIENTED_EDGE ( 'NONE', *, *, #53, .F. ) ;
#417 = AXIS2_PLACEMENT_3D ( 'NONE', #431, #73, #888 ) ;
#418 = AXIS2_PLACEMENT_3D ( 'NONE', #167, #1482, #1346 ) ;
#419 = CARTESIAN_POINT ( 'NONE',  ( -0.5979786492640674078, 0.000000000000000000, -2.000000000000000444 ) ) ;
#420 = AXIS2_PLACEMENT_3D ( 'NONE', #548, #1146, #200 ) ;
#421 = LINE ( 'NONE', #434, #348 ) ;
#422 = CARTESIAN_POINT ( 'NONE',  ( -0.5979786492640672968, 0.4000000000000000222, -2.000000000000000000 ) ) ;
#423 = VERTEX_POINT ( 'NONE', #170 ) ;
#424 = SURFACE_STYLE_FILL_AREA ( #901 ) ;
#425 = CARTESIAN_POINT ( 'NONE',  ( -0.5979786492640674078, 0.4000000000000000222, -2.000000000000000444 ) ) ;
#426 = CARTESIAN_POINT ( 'NONE',  ( -1.496339640947202065, 0.4000000000000000222, 1.800191363832886138 ) ) ;
#427 = ADVANCED_FACE ( 'NONE', ( #1226 ), #402, .T. ) ;
#428 = CARTESIAN_POINT ( 'NONE',  ( -0.5579780535319941448, 0.4000000000000000222, -1.999902688024482122 ) ) ;
#429 = ADVANCED_FACE ( 'NONE', ( #1464 ), #147, .T. ) ;
#430 = ORIENTED_EDGE ( 'NONE', *, *, #4, .F. ) ;
#431 = CARTESIAN_POINT ( 'NONE',  ( 0.000000000000000000, 20.00000000000000000, 0.000000000000000000 ) ) ;
#432 = CARTESIAN_POINT ( 'NONE',  ( -1.471697595345395904, 0.000000000000000000, 1.678580356991401290 ) ) ;
#433 = CARTESIAN_POINT ( 'NONE',  ( -0.3858187340555536693, 0.4000000000000000222, -1.996283374502793473 ) ) ;
#434 = CARTESIAN_POINT ( 'NONE',  ( 0.000000000000000000, 20.50000000000001066, 4.349999999999999645 ) ) ;
#435 = CARTESIAN_POINT ( 'NONE',  ( -1.075244849405784908, 0.4000000000000000222, -1.840329809716477527 ) ) ;
#436 = ADVANCED_FACE ( 'NONE', ( #447 ), #770, .F. ) ;
#437 = EDGE_LOOP ( 'NONE', ( #1542, #492, #1478, #1022 ) ) ;
#438 = CARTESIAN_POINT ( 'NONE',  ( 1.246335593062119607, 0.4000000000000000222, 2.351328223127711503 ) ) ;
#439 = B_SPLINE_CURVE_WITH_KNOTS ( 'NONE', 3,
 ( #38, #983, #753, #975, #871, #1204, #266, #1467, #746, #390, #1354 ),
 .UNSPECIFIED., .F., .F.,
 ( 4, 1, 1, 1, 1, 1, 1, 1, 4 ),
 ( 0.000000000000000000, 0.2130262549072811373, 0.3926689394530356036, 0.5468444388455654392, 0.6722449922718624071, 0.7765864508806014088, 0.8569251017415738803, 0.9288749358347939689, 1.000000000000000000 ),
 .UNSPECIFIED. ) ;
#440 = CARTESIAN_POINT ( 'NONE',  ( 1.227956156013837896, 0.4000000000000000222, 2.351844618055555003 ) ) ;
#441 = DIRECTION ( 'NONE',  ( 0.4140263246850708345, 0.000000000000000000, 0.9102649078525286708 ) ) ;
#442 = DIRECTION ( 'NONE',  ( 0.000000000000000000, 1.000000000000000000, -0.000000000000000000 ) ) ;
#443 = CIRCLE ( 'NONE', #642, 5.049999999999999822 ) ;
#444 = EDGE_LOOP ( 'NONE', ( #675, #352 ) ) ;
#445 = CARTESIAN_POINT ( 'NONE',  ( -0.5979786492640672968, 0.000000000000000000, -2.000000000000000000 ) ) ;
#446 = ORIENTED_EDGE ( 'NONE', *, *, #622, .F. ) ;
#447 = FACE_OUTER_BOUND ( 'NONE', #924, .T. ) ;
#448 = CARTESIAN_POINT ( 'NONE',  ( -1.362951336031645422, 0.000000000000000000, 2.351844618055555003 ) ) ;
#449 = VECTOR ( 'NONE', #441, 1000.000000000000227 ) ;
#450 = DIRECTION ( 'NONE',  ( 0.000000000000000000, -1.000000000000000000, 0.000000000000000000 ) ) ;
#451 = CARTESIAN_POINT ( 'NONE',  ( -0.09599657245710764564, 0.4000000000000000222, -1.863004891389335782 ) ) ;
#452 = VECTOR ( 'NONE', #1355, 1000.000000000000227 ) ;
#453 = ORIENTED_EDGE ( 'NONE', *, *, #1169, .T. ) ;
#454 = CARTESIAN_POINT ( 'NONE',  ( 0.000000000000000000, 20.50000000000001066, 0.000000000000000000 ) ) ;
#455 = VERTEX_POINT ( 'NONE', #1023 ) ;
#456 = LINE ( 'NONE', #709, #262 ) ;
#457 = CARTESIAN_POINT ( 'NONE',  ( -1.495545331961543045, 0.000000000000000000, 2.140283922349801138 ) ) ;
#458 = CARTESIAN_POINT ( 'NONE',  ( -1.503720071577574036, 0.4000000000000000222, 1.939510123896416083 ) ) ;
#459 = EDGE_CURVE ( 'NONE', #110, #1297, #196, .T. ) ;
#460 = EDGE_CURVE ( 'NONE', #455, #463, #1066, .T. ) ;
#461 = CARTESIAN_POINT ( 'NONE',  ( -1.503720071577574036, 0.4000000000000000222, 1.939510123896416083 ) ) ;
#462 = MANIFOLD_SOLID_BREP ( 'Cut-Extrude1', #889 ) ;
#463 = VERTEX_POINT ( 'NONE', #670 ) ;
#464 = CARTESIAN_POINT ( 'NONE',  ( 1.383694724403129017, 0.4000000000000000222, 1.553469012328939636 ) ) ;
#465 = ORIENTED_EDGE ( 'NONE', *, *, #346, .F. ) ;
#466 = CARTESIAN_POINT ( 'NONE',  ( 1.367855013203787440, 0.4000000000000000222, 2.323363855389734667 ) ) ;
#467 = CARTESIAN_POINT ( 'NONE',  ( -1.362951336031645422, 0.4000000000000000222, 2.351844618055555003 ) ) ;
#468 = LINE ( 'NONE', #1513, #1522 ) ;
#469 = CARTESIAN_POINT ( 'NONE',  ( 0.000000000000000000, 2.000000000000000000, 0.000000000000000000 ) ) ;
#470 = ORIENTED_EDGE ( 'NONE', *, *, #1310, .F. ) ;
#471 = DIRECTION ( 'NONE',  ( -0.000000000000000000, -1.000000000000000000, -0.000000000000000000 ) ) ;
#472 = VERTEX_POINT ( 'NONE', #1371 ) ;
#473 = CARTESIAN_POINT ( 'NONE',  ( 0.000000000000000000, 20.00000000000000000, 0.000000000000000000 ) ) ;
#474 = CARTESIAN_POINT ( 'NONE',  ( -1.394541503088640555, 0.000000000000000000, 2.348890816384064717 ) ) ;
#475 = CARTESIAN_POINT ( 'NONE',  ( 0.000000000000000000, 20.50000000000001066, 0.000000000000000000 ) ) ;
#476 = CARTESIAN_POINT ( 'NONE',  ( -1.496339640947202065, 0.4000000000000000222, 1.800191363832886138 ) ) ;
#477 = ORIENTED_EDGE ( 'NONE', *, *, #665, .T. ) ;
#478 = CARTESIAN_POINT ( 'NONE',  ( 1.433429056601576379, 0.4000000000000000222, 1.809777001929407936 ) ) ;
#479 = B_SPLINE_CURVE_WITH_KNOTS ( 'NONE', 3,
 ( #989, #604, #611, #148, #376, #514, #264, #165, #141, #1352, #171 ),
 .UNSPECIFIED., .F., .F.,
 ( 4, 1, 1, 1, 1, 1, 1, 1, 4 ),
 ( 0.000000000000000000, 0.1098187836792970801, 0.2013139233573029152, 0.2842401477675115529, 0.3708015968886865799, 0.4752591901803874808, 0.6102017632401135483, 0.7825998855593404580, 1.000000000000000000 ),
 .UNSPECIFIED. ) ;
#480 = EDGE_LOOP ( 'NONE', ( #692, #359, #1523, #357 ) ) ;
#481 = CARTESIAN_POINT ( 'NONE',  ( 1.395052486390410795, 0.4000000000000000222, 2.284862428071074980 ) ) ;
#482 = LINE ( 'NONE', #828, #1163 ) ;
#483 = LINE ( 'NONE', #1201, #1091 ) ;
#484 = VERTEX_POINT ( 'NONE', #656 ) ;
#485 = CARTESIAN_POINT ( 'NONE',  ( 1.415791340610427218, 0.4000000000000000222, 1.673161073626371564 ) ) ;
#486 = EDGE_CURVE ( 'NONE', #944, #1038, #1090, .T. ) ;
#487 = ORIENTED_EDGE ( 'NONE', *, *, #622, .T. ) ;
#488 = CARTESIAN_POINT ( 'NONE',  ( -0.09599657245710765952, 0.000000000000000000, -1.863004891389336004 ) ) ;
#489 = EDGE_CURVE ( 'NONE', #931, #28, #907, .T. ) ;
#490 = CARTESIAN_POINT ( 'NONE',  ( -1.361951371735217187, 0.000000000000000000, 1.583872038398692172 ) ) ;
#491 = DIRECTION ( 'NONE',  ( 0.9102649078525286708, 0.000000000000000000, -0.4140263246850708345 ) ) ;
#492 = ORIENTED_EDGE ( 'NONE', *, *, #126, .F. ) ;
#493 = CARTESIAN_POINT ( 'NONE',  ( 1.383694724403129017, 0.000000000000000000, 1.553469012328939636 ) ) ;
#494 = ORIENTED_EDGE ( 'NONE', *, *, #875, .T. ) ;
#495 = CARTESIAN_POINT ( 'NONE',  ( 1.439594417945592619, 0.4000000000000000222, 1.947179654388770054 ) ) ;
#496 = UNCERTAINTY_MEASURE_WITH_UNIT (LENGTH_MEASURE( 1.000000000000000082E-05 ), #335, 'distance_accuracy_value', 'NONE');
#497 = CIRCLE ( 'NONE', #1117, 4.349999999999999645 ) ;
#498 = LINE ( 'NONE', #506, #615 ) ;
#499 = DIRECTION ( 'NONE',  ( 1.000000000000000000, -0.000000000000000000, 0.000000000000000000 ) ) ;
#500 = CARTESIAN_POINT ( 'NONE',  ( -1.485840367461922717, 0.000000000000000000, 1.732872878172287745 ) ) ;
#501 = ORIENTED_EDGE ( 'NONE', *, *, #1384, .T. ) ;
#502 = CARTESIAN_POINT ( 'NONE',  ( -1.502071108844357683, 0.4000000000000000222, 2.059974381618010053 ) ) ;
#503 = FACE_OUTER_BOUND ( 'NONE', #953, .T. ) ;
#504 = CIRCLE ( 'NONE', #721, 5.049999999999999822 ) ;
#505 = CARTESIAN_POINT ( 'NONE',  ( -1.066059388822340193, 0.4000000000000000222, -1.928063191284155486 ) ) ;
#506 = CARTESIAN_POINT ( 'NONE',  ( 5.327213576290986242E-16, 20.50000000000001066, -4.349999999999999645 ) ) ;
#507 = EDGE_CURVE ( 'NONE', #212, #150, #89, .T. ) ;
#508 = ORIENTED_EDGE ( 'NONE', *, *, #691, .T. ) ;
#509 = CARTESIAN_POINT ( 'NONE',  ( -1.426552523291796604, 0.000000000000000000, 1.606459502130151318 ) ) ;
#510 = CARTESIAN_POINT ( 'NONE',  ( 1.415791340610427218, 0.000000000000000000, 1.673161073626371564 ) ) ;
#511 = CARTESIAN_POINT ( 'NONE',  ( -0.7526561116067944646, 0.4000000000000000222, -1.997243092380813545 ) ) ;
#512 = ORIENTED_EDGE ( 'NONE', *, *, #846, .T. ) ;
#513 = CARTESIAN_POINT ( 'NONE',  ( -1.502071108844357683, 0.4000000000000000222, 2.059974381618010053 ) ) ;
#514 = CARTESIAN_POINT ( 'NONE',  ( 1.395052486390410795, 0.4000000000000000222, 2.284862428071074980 ) ) ;
#515 = ORIENTED_EDGE ( 'NONE', *, *, #1529, .T. ) ;
#516 = CARTESIAN_POINT ( 'NONE',  ( -1.503946301828022802, 0.000000000000000000, 1.970858221116408515 ) ) ;
#517 = CARTESIAN_POINT ( 'NONE',  ( 1.439594417945592619, 0.000000000000000000, 1.947179654388770054 ) ) ;
#518 = CARTESIAN_POINT ( 'NONE',  ( -0.09599657245710764564, 0.4000000000000000222, -1.863004891389335782 ) ) ;
#519 = DIRECTION ( 'NONE',  ( 0.000000000000000000, 0.000000000000000000, -1.000000000000000000 ) ) ;
#520 = AXIS2_PLACEMENT_3D ( 'NONE', #1316, #1456, #1290 ) ;
#521 = CARTESIAN_POINT ( 'NONE',  ( -1.062893647362963989, -0.000000000000000000, -1.810018015523944479 ) ) ;
#522 = DIRECTION ( 'NONE',  ( -0.000000000000000000, 1.000000000000000000, -0.000000000000000000 ) ) ;
#523 = CARTESIAN_POINT ( 'NONE',  ( 1.415791340610427218, 0.000000000000000000, 1.673161073626371564 ) ) ;
#524 = AXIS2_PLACEMENT_3D ( 'NONE', #56, #40, #66 ) ;
#525 = CARTESIAN_POINT ( 'NONE',  ( -0.6783219337076735744, 0.000000000000000000, -1.999297799908301698 ) ) ;
#526 = SURFACE_SIDE_STYLE ('',( #33 ) ) ;
#527 = ORIENTED_EDGE ( 'NONE', *, *, #943, .T. ) ;
#528 = CARTESIAN_POINT ( 'NONE',  ( -1.362951336031645422, 0.000000000000000000, 2.351844618055555003 ) ) ;
#529 = AXIS2_PLACEMENT_3D ( 'NONE', #454, #569, #349 ) ;
#530 = CARTESIAN_POINT ( 'NONE',  ( -0.1168019630489774696, 0.4000000000000000222, -1.902336991463614346 ) ) ;
#531 = CARTESIAN_POINT ( 'NONE',  ( -1.361951371735217187, 0.4000000000000000222, 1.583872038398692172 ) ) ;
#532 = CARTESIAN_POINT ( 'NONE',  ( -1.055962297028186114, 0.4000000000000000222, -1.793007390639361320 ) ) ;
#533 = EDGE_LOOP ( 'NONE', ( #683, #136, #37, #220, #487, #1274, #1363, #347, #494, #823 ) ) ;
#534 = DIRECTION ( 'NONE',  ( 0.4140263246850708345, 0.000000000000000000, 0.9102649078525286708 ) ) ;
#535 = ADVANCED_FACE ( 'NONE', ( #95 ), #284, .F. ) ;
#536 = CARTESIAN_POINT ( 'NONE',  ( -0.6256463072751451415, -0.000000000000000000, -1.999758184742794764 ) ) ;
#537 = CARTESIAN_POINT ( 'NONE',  ( -1.373186676380442117, 0.4000000000000000222, 1.585063649927362261 ) ) ;
#538 = CARTESIAN_POINT ( 'NONE',  ( -1.023374206147654730, 0.000000000000000000, -1.957539703906351569 ) ) ;
#539 = ORIENTED_EDGE ( 'NONE', *, *, #1126, .F. ) ;
#540 = CARTESIAN_POINT ( 'NONE',  ( 1.326933095984964561, 0.000000000000000000, 2.342161897840981499 ) ) ;
#541 = VECTOR ( 'NONE', #764, 1000.000000000000000 ) ;
#542 = AXIS2_PLACEMENT_3D ( 'NONE', #687, #442, #1067 ) ;
#543 = CARTESIAN_POINT ( 'NONE',  ( 1.344290937558532351, 0.4000000000000000222, 1.455538988953614554 ) ) ;
#544 = CARTESIAN_POINT ( 'NONE',  ( -1.471697595345395904, 0.000000000000000000, 1.678580356991401290 ) ) ;
#545 = CARTESIAN_POINT ( 'NONE',  ( -0.8180626956560326235, 0.000000000000000000, -1.994695895135459640 ) ) ;
#546 = ORIENTED_EDGE ( 'NONE', *, *, #711, .F. ) ;
#547 = CARTESIAN_POINT ( 'NONE',  ( -1.055962297028186114, 0.4000000000000000222, -1.793007390639361320 ) ) ;
#548 = CARTESIAN_POINT ( 'NONE',  ( 0.000000000000000000, 23.00000000000000000, 0.000000000000000000 ) ) ;
#549 = CARTESIAN_POINT ( 'NONE',  ( -1.084465050790021756, 0.000000000000000000, -1.886594158268892540 ) ) ;
#550 = B_SPLINE_CURVE_WITH_KNOTS ( 'NONE', 3,
 ( #92, #1129, #1020, #658, #667, #1014, #1135, #69, #76, #1494, #296 ),
 .UNSPECIFIED., .F., .F.,
 ( 4, 1, 1, 1, 1, 1, 1, 1, 4 ),
 ( 0.000000000000000000, 0.1098187836792970801, 0.2013139233573029152, 0.2842401477675115529, 0.3708015968886865799, 0.4752591901803874808, 0.6102017632401135483, 0.7825998855593404580, 1.000000000000000000 ),
 .UNSPECIFIED. ) ;
#551 = CARTESIAN_POINT ( 'NONE',  ( -1.485840367461922717, 0.000000000000000000, 1.732872878172287745 ) ) ;
#552 = EDGE_CURVE ( 'NONE', #719, #250, #1306, .T. ) ;
#553 = CARTESIAN_POINT ( 'NONE',  ( -0.7526561116067944646, 0.4000000000000000222, -1.997243092380813545 ) ) ;
#554 = EDGE_LOOP ( 'NONE', ( #235, #1046, #1198, #727 ) ) ;
#555 = CARTESIAN_POINT ( 'NONE',  ( 1.335952300028083961, 0.4000000000000000222, 1.434877358230889577 ) ) ;
#556 = CARTESIAN_POINT ( 'NONE',  ( 0.000000000000000000, 23.00000000000000000, 0.000000000000000000 ) ) ;
#557 = LINE ( 'NONE', #116, #449 ) ;
#558 = AXIS2_PLACEMENT_3D ( 'NONE', #750, #491, #964 ) ;
#559 = CARTESIAN_POINT ( 'NONE',  ( -1.424522993804379078, 0.000000000000000000, 2.332809912565560584 ) ) ;
#560 = DIRECTION ( 'NONE',  ( -0.000000000000000000, -1.000000000000000000, -0.000000000000000000 ) ) ;
#561 = B_SPLINE_CURVE_WITH_KNOTS ( 'NONE', 3,
 ( #1442, #1426, #236, #1076, #1175, #358, #111, #1069, #682, #925, #1053 ),
 .UNSPECIFIED., .F., .F.,
 ( 4, 1, 1, 1, 1, 1, 1, 1, 4 ),
 ( 0.000000000000000000, 0.08239473392324812850, 0.1596449883399596315, 0.2399018785897437112, 0.3383223544027434415, 0.4568188354370830706, 0.6031285621037615341, 0.7816169886672580391, 1.000000000000000000 ),
 .UNSPECIFIED. ) ;
#562 = ORIENTED_EDGE ( 'NONE', *, *, #1385, .T. ) ;
#563 = DIRECTION ( 'NONE',  ( 0.000000000000000000, 0.000000000000000000, -1.000000000000000000 ) ) ;
#564 = ADVANCED_FACE ( 'NONE', ( #1429 ), #971, .F. ) ;
#565 = CARTESIAN_POINT ( 'NONE',  ( 1.439948586856617530, 0.4000000000000000222, 1.977857971191405495 ) ) ;
#566 = CARTESIAN_POINT ( 'NONE',  ( 1.438775131928940798, 0.000000000000000000, 2.079423302830288645 ) ) ;
#567 = CARTESIAN_POINT ( 'NONE',  ( 0.000000000000000000, 0.000000000000000000, 0.000000000000000000 ) ) ;
#568 = ORIENTED_EDGE ( 'NONE', *, *, #277, .F. ) ;
#569 = DIRECTION ( 'NONE',  ( 0.000000000000000000, -1.000000000000000000, 0.000000000000000000 ) ) ;
#570 = ORIENTED_EDGE ( 'NONE', *, *, #1405, .T. ) ;
#571 = CARTESIAN_POINT ( 'NONE',  ( 1.395052486390410795, 0.000000000000000000, 2.284862428071074980 ) ) ;
#572 = ADVANCED_FACE ( 'NONE', ( #1191 ), #1543, .T. ) ;
#573 = CARTESIAN_POINT ( 'NONE',  ( -1.502071108844357683, 0.000000000000000000, 2.059974381618010053 ) ) ;
#574 = CIRCLE ( 'NONE', #915, 4.049999999999998046 ) ;
#575 = DIRECTION ( 'NONE',  ( 0.000000000000000000, 0.000000000000000000, 1.000000000000000000 ) ) ;
#576 = CARTESIAN_POINT ( 'NONE',  ( 6.184466335694133068E-16, 23.00000000000000000, 5.049999999999999822 ) ) ;
#577 = VECTOR ( 'NONE', #174, 1000.000000000000000 ) ;
#578 = ORIENTED_EDGE ( 'NONE', *, *, #1219, .F. ) ;
#579 = CARTESIAN_POINT ( 'NONE',  ( -2.565151067676131547, 1.999999999999998224, 1.649999999999999911 ) ) ;
#580 = ORIENTED_EDGE ( 'NONE', *, *, #838, .T. ) ;
#581 = CARTESIAN_POINT ( 'NONE',  ( 1.439948586856617530, 0.000000000000000000, 1.977857971191405495 ) ) ;
#582 = FACE_OUTER_BOUND ( 'NONE', #480, .T. ) ;
#583 = DIRECTION ( 'NONE',  ( -0.000000000000000000, 1.000000000000000000, -0.000000000000000000 ) ) ;
#584 = FACE_BOUND ( 'NONE', #533, .T. ) ;
#585 = ORIENTED_EDGE ( 'NONE', *, *, #846, .F. ) ;
#586 = CARTESIAN_POINT ( 'NONE',  ( 1.360250697084470328, 0.4000000000000000222, 1.495084377099380246 ) ) ;
#587 = VERTEX_POINT ( 'NONE', #1184 ) ;
#588 = CARTESIAN_POINT ( 'NONE',  ( 1.439528445340977125, 0.4000000000000000222, 2.014222224615084933 ) ) ;
#589 = CARTESIAN_POINT ( 'NONE',  ( -0.1870869307160099027, 0.000000000000000000, -1.960386536673152325 ) ) ;
#590 = CARTESIAN_POINT ( 'NONE',  ( -0.5979786492640674078, 0.4000000000000000222, -2.000000000000000444 ) ) ;
#591 = FACE_OUTER_BOUND ( 'NONE', #1263, .T. ) ;
#592 = ORIENTED_EDGE ( 'NONE', *, *, #164, .F. ) ;
#593 = CARTESIAN_POINT ( 'NONE',  ( -1.394541503088640555, 0.000000000000000000, 2.348890816384064717 ) ) ;
#594 = ORIENTED_EDGE ( 'NONE', *, *, #127, .F. ) ;
#595 = CARTESIAN_POINT ( 'NONE',  ( 1.367855013203787440, 0.000000000000000000, 2.323363855389734667 ) ) ;
#596 = CARTESIAN_POINT ( 'NONE',  ( -0.5579780535319941448, -0.000000000000000000, -1.999902688024482122 ) ) ;
#597 = CARTESIAN_POINT ( 'NONE',  ( -1.485840367461922717, 0.4000000000000000222, 1.732872878172287745 ) ) ;
#598 = CARTESIAN_POINT ( 'NONE',  ( 0.000000000000000000, 20.00000000000000000, 1.649999999999999911 ) ) ;
#599 = CARTESIAN_POINT ( 'NONE',  ( -1.362951336031645422, 0.000000000000000000, 2.351844618055555003 ) ) ;
#600 = EDGE_CURVE ( 'NONE', #22, #250, #456, .T. ) ;
#601 = ORIENTED_EDGE ( 'NONE', *, *, #1367, .T. ) ;
#602 = DIRECTION ( 'NONE',  ( -0.000000000000000000, -1.000000000000000000, -0.000000000000000000 ) ) ;
#603 = CARTESIAN_POINT ( 'NONE',  ( 0.4799828622855393245, 0.4000000000000000222, 1.583872038398692172 ) ) ;
#604 = CARTESIAN_POINT ( 'NONE',  ( 1.246335593062119607, 0.4000000000000000222, 2.351328223127711503 ) ) ;
#605 = DIRECTION ( 'NONE',  ( 0.000000000000000000, 0.000000000000000000, -1.000000000000000000 ) ) ;
#606 = DIRECTION ( 'NONE',  ( 0.000000000000000000, 0.000000000000000000, 1.000000000000000000 ) ) ;
#607 = EDGE_LOOP ( 'NONE', ( #1305, #416, #1441, #769 ) ) ;
#608 = CARTESIAN_POINT ( 'NONE',  ( -0.5579780535319941448, 0.000000000000000000, -1.999902688024482122 ) ) ;
#609 = CARTESIAN_POINT ( 'NONE',  ( -0.8883045475803617030, 0.4000000000000000222, -1.988430727400201992 ) ) ;
#610 = VECTOR ( 'NONE', #27, 1000.000000000000000 ) ;
#611 = CARTESIAN_POINT ( 'NONE',  ( 1.280027794499109639, 0.4000000000000000222, 2.350381595552325287 ) ) ;
#612 = ORIENTED_EDGE ( 'NONE', *, *, #600, .T. ) ;
#613 = FACE_OUTER_BOUND ( 'NONE', #900, .T. ) ;
#614 = VECTOR ( 'NONE', #1251, 1000.000000000000000 ) ;
#615 = VECTOR ( 'NONE', #1227, 1000.000000000000000 ) ;
#616 = ORIENTED_EDGE ( 'NONE', *, *, #507, .F. ) ;
#617 = CARTESIAN_POINT ( 'NONE',  ( 1.438935589196633558, 0.000000000000000000, 1.890111525453490149 ) ) ;
#618 = CARTESIAN_POINT ( 'NONE',  ( 0.000000000000000000, 0.000000000000000000, 0.000000000000000000 ) ) ;
#619 = AXIS2_PLACEMENT_3D ( 'NONE', #982, #142, #605 ) ;
#620 = EDGE_CURVE ( 'NONE', #1203, #300, #1379, .T. ) ;
#621 = CARTESIAN_POINT ( 'NONE',  ( -0.9584330082354313163, 0.000000000000000000, -1.977833701680547840 ) ) ;
#622 = EDGE_CURVE ( 'NONE', #1283, #319, #1304, .T. ) ;
#623 = FACE_OUTER_BOUND ( 'NONE', #1256, .T. ) ;
#624 = CARTESIAN_POINT ( 'NONE',  ( -1.395682225334531790, 0.4000000000000000222, 1.587449518074591115 ) ) ;
#625 = CARTESIAN_POINT ( 'NONE',  ( -1.362951336031645422, 0.4000000000000000222, 2.351844618055555003 ) ) ;
#626 = CARTESIAN_POINT ( 'NONE',  ( -0.7526561116067944646, 0.000000000000000000, -1.997243092380813545 ) ) ;
#627 = CARTESIAN_POINT ( 'NONE',  ( -0.6256463072751451415, 0.4000000000000000222, -1.999758184742794764 ) ) ;
#628 = ORIENTED_EDGE ( 'NONE', *, *, #303, .T. ) ;
#629 = CARTESIAN_POINT ( 'NONE',  ( -1.483914888187735537, 0.4000000000000000222, 2.206907786933355986 ) ) ;
#630 = DIRECTION ( 'NONE',  ( 0.000000000000000000, 1.000000000000000000, 0.000000000000000000 ) ) ;
#631 = ORIENTED_EDGE ( 'NONE', *, *, #794, .T. ) ;
#632 = FACE_OUTER_BOUND ( 'NONE', #1070, .T. ) ;
#633 = CARTESIAN_POINT ( 'NONE',  ( 1.344290937558532351, 0.4000000000000000222, 1.455538988953614554 ) ) ;
#634 = FILL_AREA_STYLE_COLOUR ( '', #309 ) ;
#635 = CARTESIAN_POINT ( 'NONE',  ( -1.362951336031645422, 0.4000000000000000222, 2.351844618055555003 ) ) ;
#636 = PLANE ( 'NONE',  #1016 ) ;
#637 = B_SPLINE_CURVE_WITH_KNOTS ( 'NONE', 3,
 ( #932, #1408, #699, #1157, #1435, #485, #137, #464, #586, #805, #959 ),
 .UNSPECIFIED., .F., .F.,
 ( 4, 1, 1, 1, 1, 1, 1, 1, 4 ),
 ( 0.000000000000000000, 0.1649896178530788904, 0.3069154297217869809, 0.4330473242171679060, 0.5512455759489272022, 0.6617117452108902675, 0.7705951388014267156, 0.8801408014858397300, 1.000000000000000000 ),
 .UNSPECIFIED. ) ;
#638 = CARTESIAN_POINT ( 'NONE',  ( 0.000000000000000000, 20.00000000000000000, 3.850000000000000977 ) ) ;
#639 = DIRECTION ( 'NONE',  ( -0.000000000000000000, -1.000000000000000000, -0.000000000000000000 ) ) ;
#640 = CARTESIAN_POINT ( 'NONE',  ( -1.394541503088640555, 0.4000000000000000222, 2.348890816384064717 ) ) ;
#641 = CARTESIAN_POINT ( 'NONE',  ( -1.373440846083354039, 0.000000000000000000, 2.350863808670534461 ) ) ;
#642 = AXIS2_PLACEMENT_3D ( 'NONE', #685, #522, #783 ) ;
#643 = CARTESIAN_POINT ( 'NONE',  ( 1.335952300028083961, 0.000000000000000000, 1.434877358230889577 ) ) ;
#644 = CARTESIAN_POINT ( 'NONE',  ( -1.503720071577574036, -0.000000000000000000, 1.939510123896416083 ) ) ;
#645 = EDGE_CURVE ( 'NONE', #192, #1297, #290, .T. ) ;
#646 = CONICAL_SURFACE ( 'NONE', #60, 5.049999999999999822, 0.7853981633974504994 ) ;
#647 = CARTESIAN_POINT ( 'NONE',  ( 0.000000000000000000, 23.00000000000000000, 0.000000000000000000 ) ) ;
#648 = CARTESIAN_POINT ( 'NONE',  ( -0.5979786492640674078, 0.000000000000000000, -2.000000000000000444 ) ) ;
#649 = B_SPLINE_SURFACE_WITH_KNOTS ( 'NONE', 3, 1, ( 
 ( #732, #163 ),
 ( #988, #1341 ),
 ( #513, #1235 ),
 ( #1350, #1357 ),
 ( #629, #1003 ),
 ( #154, #285 ),
 ( #860, #748 ),
 ( #270, #293 ),
 ( #394, #1104 ),
 ( #59, #641 ),
 ( #635, #528 ) ),
 .UNSPECIFIED., .F., .F., .F.,
 ( 4, 1, 1, 1, 1, 1, 1, 1, 4 ),
 ( 2, 2 ),
 ( 0.000000000000000000, 0.2130262549072811373, 0.3926689394530356036, 0.5468444388455654392, 0.6722449922718624071, 0.7765864508806014088, 0.8569251017415738803, 0.9288749358347939689, 1.000000000000000000 ),
 ( 0.000000000000000000, 1.000000000000000000 ),
 .UNSPECIFIED. ) ;
#650 = EDGE_LOOP ( 'NONE', ( #237, #58, #669, #752, #913, #546, #776, #334, #1054, #1540 ) ) ;
#651 = CARTESIAN_POINT ( 'NONE',  ( -0.5979786492640672968, 0.000000000000000000, -2.000000000000000000 ) ) ;
#652 = VECTOR ( 'NONE', #386, 1000.000000000000000 ) ;
#653 = CARTESIAN_POINT ( 'NONE',  ( -0.5579780535319941448, 0.4000000000000000222, -1.999902688024482122 ) ) ;
#654 = CARTESIAN_POINT ( 'NONE',  ( -1.426552523291796604, 0.4000000000000000222, 1.606459502130151318 ) ) ;
#655 = CARTESIAN_POINT ( 'NONE',  ( 1.438935589196633558, 0.000000000000000000, 1.890111525453490149 ) ) ;
#656 = CARTESIAN_POINT ( 'NONE',  ( 0.4799828622855393245, 0.000000000000000000, 1.583872038398692172 ) ) ;
#657 = CARTESIAN_POINT ( 'NONE',  ( 1.427081400472893558, 0.000000000000000000, 1.738210124490748854 ) ) ;
#658 = CARTESIAN_POINT ( 'NONE',  ( 1.326933095984964561, 0.4000000000000000222, 2.342161897840981499 ) ) ;
#659 = CARTESIAN_POINT ( 'NONE',  ( 1.416541318776732838, 0.4000000000000000222, 2.226987867462487447 ) ) ;
#660 = ORIENTED_EDGE ( 'NONE', *, *, #1058, .F. ) ;
#661 = CARTESIAN_POINT ( 'NONE',  ( -1.084465050790021756, 0.000000000000000000, -1.886594158268892540 ) ) ;
#662 = ADVANCED_FACE ( 'NONE', ( #1000 ), #271, .F. ) ;
#663 = AXIS2_PLACEMENT_3D ( 'NONE', #29, #1461, #159 ) ;
#664 = DIRECTION ( 'NONE',  ( 1.000000000000000000, 0.000000000000000000, 0.000000000000000000 ) ) ;
#665 = EDGE_CURVE ( 'NONE', #1414, #484, #23, .T. ) ;
#666 = CARTESIAN_POINT ( 'NONE',  ( 1.383694724403129017, 0.4000000000000000222, 1.553469012328939636 ) ) ;
#667 = CARTESIAN_POINT ( 'NONE',  ( 1.367855013203787440, 0.4000000000000000222, 2.323363855389734667 ) ) ;
#668 = CARTESIAN_POINT ( 'NONE',  ( 0.4799828622855393245, 0.4000000000000000222, 1.583872038398692172 ) ) ;
#669 = ORIENTED_EDGE ( 'NONE', *, *, #691, .F. ) ;
#670 = CARTESIAN_POINT ( 'NONE',  ( -2.565151067676131547, 20.00000000000000000, 1.649999999999999911 ) ) ;
#671 = CARTESIAN_POINT ( 'NONE',  ( 1.335952300028083961, 0.000000000000000000, 1.434877358230889577 ) ) ;
#672 = DIRECTION ( 'NONE',  ( -0.000000000000000000, 1.000000000000000000, -0.000000000000000000 ) ) ;
#673 = DIRECTION ( 'NONE',  ( 0.000000000000000000, -1.000000000000000000, 0.000000000000000000 ) ) ;
#674 = CARTESIAN_POINT ( 'NONE',  ( -0.1870869307160099027, 0.4000000000000000222, -1.960386536673152325 ) ) ;
#675 = ORIENTED_EDGE ( 'NONE', *, *, #54, .F. ) ;
#676 =( NAMED_UNIT ( * ) SI_UNIT ( $, .STERADIAN. ) SOLID_ANGLE_UNIT ( ) );
#677 = B_SPLINE_CURVE_WITH_KNOTS ( 'NONE', 3,
 ( #1412, #929, #337, #355, #800, #792, #810, #91, #1421, #1431, #590 ),
 .UNSPECIFIED., .F., .F.,
 ( 4, 1, 1, 1, 1, 1, 1, 1, 4 ),
 ( 0.000000000000000000, 0.08239473392324812850, 0.1596449883399596315, 0.2399018785897437112, 0.3383223544027434415, 0.4568188354370830706, 0.6031285621037615341, 0.7816169886672580391, 1.000000000000000000 ),
 .UNSPECIFIED. ) ;
#678 = CARTESIAN_POINT ( 'NONE',  ( 1.227956156013837896, 0.000000000000000000, 2.351844618055555003 ) ) ;
#679 = FACE_OUTER_BOUND ( 'NONE', #1068, .T. ) ;
#680 = PLANE ( 'NONE',  #204 ) ;
#681 = ORIENTED_EDGE ( 'NONE', *, *, #1310, .T. ) ;
#682 = CARTESIAN_POINT ( 'NONE',  ( -0.4852842398144707747, 0.000000000000000000, -1.999725841192792952 ) ) ;
#683 = ORIENTED_EDGE ( 'NONE', *, *, #620, .T. ) ;
#684 = CARTESIAN_POINT ( 'NONE',  ( 1.439528445340977125, -0.000000000000000000, 2.014222224615084933 ) ) ;
#685 = CARTESIAN_POINT ( 'NONE',  ( 0.000000000000000000, 0.9999999999999974465, 0.000000000000000000 ) ) ;
#686 = CARTESIAN_POINT ( 'NONE',  ( 1.430232995902464443, 0.4000000000000000222, 2.166777773127899653 ) ) ;
#687 = CARTESIAN_POINT ( 'NONE',  ( 0.000000000000000000, 20.00000000000000000, 0.000000000000000000 ) ) ;
#688 = VECTOR ( 'NONE', #96, 1000.000000000000000 ) ;
#689 = ORIENTED_EDGE ( 'NONE', *, *, #1126, .T. ) ;
#690 = CARTESIAN_POINT ( 'NONE',  ( -1.483914888187735537, 0.000000000000000000, 2.206907786933355986 ) ) ;
#691 = EDGE_CURVE ( 'NONE', #1183, #162, #294, .T. ) ;
#692 = ORIENTED_EDGE ( 'NONE', *, *, #267, .T. ) ;
#693 = AXIS2_PLACEMENT_3D ( 'NONE', #994, #1477, #400 ) ;
#694 = CARTESIAN_POINT ( 'NONE',  ( -0.4852842398144707747, 0.000000000000000000, -1.999725841192792952 ) ) ;
#695 = CARTESIAN_POINT ( 'NONE',  ( 1.335952300028083961, 0.4000000000000000222, 1.434877358230889577 ) ) ;
#696 = CARTESIAN_POINT ( 'NONE',  ( -0.5979786492640674078, 0.4000000000000000222, -2.000000000000000444 ) ) ;
#697 = CARTESIAN_POINT ( 'NONE',  ( 1.227956156013837896, 0.4000000000000000222, 2.351844618055555003 ) ) ;
#698 = ORIENTED_EDGE ( 'NONE', *, *, #172, .F. ) ;
#699 = CARTESIAN_POINT ( 'NONE',  ( 1.438935589196633558, 0.4000000000000000222, 1.890111525453490149 ) ) ;
#700 = VERTEX_POINT ( 'NONE', #181 ) ;
#701 = CARTESIAN_POINT ( 'NONE',  ( -0.2392968356931954033, 0.000000000000000000, -1.977294348496884124 ) ) ;
#702 = LINE ( 'NONE', #255, #814 ) ;
#703 = CARTESIAN_POINT ( 'NONE',  ( -1.503298215913329683, 0.4000000000000000222, 1.881054756635346825 ) ) ;
#704 = EDGE_CURVE ( 'NONE', #484, #587, #1361, .T. ) ;
#705 = CARTESIAN_POINT ( 'NONE',  ( -1.451528664110011135, 0.000000000000000000, 1.636792346969975220 ) ) ;
#706 = ORIENTED_EDGE ( 'NONE', *, *, #711, .T. ) ;
#707 = CARTESIAN_POINT ( 'NONE',  ( -0.09599657245710764564, 0.4000000000000000222, -1.863004891389335782 ) ) ;
#708 = ORIENTED_EDGE ( 'NONE', *, *, #409, .F. ) ;
#709 = CARTESIAN_POINT ( 'NONE',  ( -1.361951371735217187, 0.4000000000000000222, 1.583872038398692172 ) ) ;
#710 = CARTESIAN_POINT ( 'NONE',  ( -1.362951336031645422, 0.000000000000000000, 2.351844618055555003 ) ) ;
#711 = EDGE_CURVE ( 'NONE', #119, #243, #399, .T. ) ;
#712 = FACE_OUTER_BOUND ( 'NONE', #965, .T. ) ;
#713 = ORIENTED_EDGE ( 'NONE', *, *, #963, .T. ) ;
#714 = CARTESIAN_POINT ( 'NONE',  ( -1.502071108844357683, 0.000000000000000000, 2.059974381618010053 ) ) ;
#715 = ORIENTED_EDGE ( 'NONE', *, *, #1239, .T. ) ;
#716 = CARTESIAN_POINT ( 'NONE',  ( 1.438775131928940798, 0.4000000000000000222, 2.079423302830288645 ) ) ;
#717 = LINE ( 'NONE', #248, #1241 ) ;
#718 = LINE ( 'NONE', #1458, #149 ) ;
#719 = VERTEX_POINT ( 'NONE', #55 ) ;
#720 = LINE ( 'NONE', #728, #577 ) ;
#721 = AXIS2_PLACEMENT_3D ( 'NONE', #190, #885, #1143 ) ;
#722 = EDGE_CURVE ( 'NONE', #162, #472, #1086, .T. ) ;
#723 = VERTEX_POINT ( 'NONE', #380 ) ;
#724 = CARTESIAN_POINT ( 'NONE',  ( -0.1168019630489774696, 0.000000000000000000, -1.902336991463614346 ) ) ;
#725 = DIRECTION ( 'NONE',  ( 1.000000000000000000, 0.000000000000000000, 0.000000000000000000 ) ) ;
#726 = LINE ( 'NONE', #1465, #610 ) ;
#727 = ORIENTED_EDGE ( 'NONE', *, *, #305, .F. ) ;
#728 = CARTESIAN_POINT ( 'NONE',  ( 1.335952300028083961, 0.4000000000000000222, 1.434877358230889577 ) ) ;
#729 = EDGE_CURVE ( 'NONE', #1297, #150, #11, .T. ) ;
#730 = ORIENTED_EDGE ( 'NONE', *, *, #1502, .F. ) ;
#731 = CARTESIAN_POINT ( 'NONE',  ( -1.503286786378241757, 0.4000000000000000222, 2.002200853681657122 ) ) ;
#732 = CARTESIAN_POINT ( 'NONE',  ( -1.503946301828022580, 0.4000000000000000222, 1.970858221116408071 ) ) ;
#733 = CARTESIAN_POINT ( 'NONE',  ( 2.565151067676131547, 20.00000000000000000, 1.649999999999999911 ) ) ;
#734 = LINE ( 'NONE', #958, #741 ) ;
#735 = CARTESIAN_POINT ( 'NONE',  ( 0.000000000000000000, 1.999999999999998224, -3.049999999999999822 ) ) ;
#736 = AXIS2_PLACEMENT_3D ( 'NONE', #49, #519, #1244 ) ;
#737 = VECTOR ( 'NONE', #98, 1000.000000000000000 ) ;
#738 = EDGE_CURVE ( 'NONE', #1094, #1062, #504, .T. ) ;
#739 = CARTESIAN_POINT ( 'NONE',  ( -0.8883045475803617030, 0.000000000000000000, -1.988430727400201992 ) ) ;
#740 = FACE_OUTER_BOUND ( 'NONE', #1320, .T. ) ;
#741 = VECTOR ( 'NONE', #1221, 1000.000000000000000 ) ;
#742 = DIRECTION ( 'NONE',  ( 1.000000000000000000, 0.000000000000000000, 0.000000000000000000 ) ) ;
#743 = CARTESIAN_POINT ( 'NONE',  ( 0.000000000000000000, 20.00000000000000000, 0.000000000000000000 ) ) ;
#744 = B_SPLINE_CURVE_WITH_KNOTS ( 'NONE', 3,
 ( #173, #106, #573, #457, #1114, #998, #1481, #1445, #474, #240, #710 ),
 .UNSPECIFIED., .F., .F.,
 ( 4, 1, 1, 1, 1, 1, 1, 1, 4 ),
 ( 0.000000000000000000, 0.2130262549072811373, 0.3926689394530356036, 0.5468444388455654392, 0.6722449922718624071, 0.7765864508806014088, 0.8569251017415738803, 0.9288749358347939689, 1.000000000000000000 ),
 .UNSPECIFIED. ) ;
#745 = ORIENTED_EDGE ( 'NONE', *, *, #920, .F. ) ;
#746 = CARTESIAN_POINT ( 'NONE',  ( -1.394541503088640555, 0.4000000000000000222, 2.348890816384064717 ) ) ;
#747 = CARTESIAN_POINT ( 'NONE',  ( -0.8180626956560326235, 0.000000000000000000, -1.994695895135459640 ) ) ;
#748 = CARTESIAN_POINT ( 'NONE',  ( -1.448030384076042010, 0.000000000000000000, 2.302497667219046917 ) ) ;
#749 = ADVANCED_FACE ( 'NONE', ( #914 ), #1028, .F. ) ;
#750 = CARTESIAN_POINT ( 'NONE',  ( -1.055962297028186114, 0.4000000000000000222, -1.793007390639361320 ) ) ;
#751 = ADVANCED_FACE ( 'NONE', ( #306 ), #197, .T. ) ;
#752 = ORIENTED_EDGE ( 'NONE', *, *, #1384, .F. ) ;
#753 = CARTESIAN_POINT ( 'NONE',  ( -1.502071108844357683, 0.4000000000000000222, 2.059974381618010053 ) ) ;
#754 = CARTESIAN_POINT ( 'NONE',  ( 1.439948586856617530, 0.4000000000000000222, 1.977857971191405495 ) ) ;
#755 = LINE ( 'NONE', #1110, #1230 ) ;
#756 = ORIENTED_EDGE ( 'NONE', *, *, #305, .T. ) ;
#757 = LINE ( 'NONE', #882, #203 ) ;
#758 = CARTESIAN_POINT ( 'NONE',  ( -0.4852842398144707747, 0.000000000000000000, -1.999725841192792952 ) ) ;
#759 = ADVANCED_FACE ( 'NONE', ( #1130 ), #61, .F. ) ;
#760 = CARTESIAN_POINT ( 'NONE',  ( -1.395682225334531790, 0.000000000000000000, 1.587449518074591115 ) ) ;
#761 = DIRECTION ( 'NONE',  ( 0.000000000000000000, -1.000000000000000000, 0.000000000000000000 ) ) ;
#762 = DIRECTION ( 'NONE',  ( 0.000000000000000000, 0.000000000000000000, 1.000000000000000000 ) ) ;
#763 = EDGE_LOOP ( 'NONE', ( #1030, #660, #121, #1176 ) ) ;
#764 = DIRECTION ( 'NONE',  ( -0.000000000000000000, -1.000000000000000000, -0.000000000000000000 ) ) ;
#765 = CARTESIAN_POINT ( 'NONE',  ( -1.023374206147654730, 0.000000000000000000, -1.957539703906351569 ) ) ;
#766 = CARTESIAN_POINT ( 'NONE',  ( -1.373440846083354039, 0.000000000000000000, 2.350863808670534461 ) ) ;
#767 = AXIS2_PLACEMENT_3D ( 'NONE', #1065, #583, #1537 ) ;
#768 = CARTESIAN_POINT ( 'NONE',  ( -0.2392968356931954033, 0.4000000000000000222, -1.977294348496884124 ) ) ;
#769 = ORIENTED_EDGE ( 'NONE', *, *, #24, .T. ) ;
#770 = CYLINDRICAL_SURFACE ( 'NONE', #937, 4.349999999999999645 ) ;
#771 = VECTOR ( 'NONE', #1199, 1000.000000000000000 ) ;
#772 = CARTESIAN_POINT ( 'NONE',  ( 1.367855013203787440, 0.000000000000000000, 2.323363855389734667 ) ) ;
#773 = CARTESIAN_POINT ( 'NONE',  ( -1.394541503088640555, 0.4000000000000000222, 2.348890816384064717 ) ) ;
#774 = CARTESIAN_POINT ( 'NONE',  ( 1.401758417614904273, 0.000000000000000000, 1.611967408874114049 ) ) ;
#775 = EDGE_CURVE ( 'NONE', #1532, #723, #1351, .T. ) ;
#776 = ORIENTED_EDGE ( 'NONE', *, *, #297, .F. ) ;
#777 = CARTESIAN_POINT ( 'NONE',  ( -1.055962297028186114, 0.000000000000000000, -1.793007390639361320 ) ) ;
#778 = CARTESIAN_POINT ( 'NONE',  ( -1.503946301828022802, 0.000000000000000000, 1.970858221116408515 ) ) ;
#779 = CARTESIAN_POINT ( 'NONE',  ( -0.5979786492640674078, 0.000000000000000000, -2.000000000000000444 ) ) ;
#780 = CARTESIAN_POINT ( 'NONE',  ( -1.503298215913329683, 0.4000000000000000222, 1.881054756635346825 ) ) ;
#781 = CARTESIAN_POINT ( 'NONE',  ( -0.6783219337076735744, 0.000000000000000000, -1.999297799908301698 ) ) ;
#782 = ORIENTED_EDGE ( 'NONE', *, *, #74, .T. ) ;
#783 = DIRECTION ( 'NONE',  ( 0.000000000000000000, 0.000000000000000000, 1.000000000000000000 ) ) ;
#784 = CARTESIAN_POINT ( 'NONE',  ( 1.415791340610427218, 0.4000000000000000222, 1.673161073626371564 ) ) ;
#785 = VECTOR ( 'NONE', #836, 1000.000000000000000 ) ;
#786 = CARTESIAN_POINT ( 'NONE',  ( -1.503946301828022802, 0.000000000000000000, 1.970858221116408515 ) ) ;
#787 = CARTESIAN_POINT ( 'NONE',  ( 1.335952300028083961, 0.000000000000000000, 1.434877358230889577 ) ) ;
#788 = DIRECTION ( 'NONE',  ( 1.000000000000000000, 0.000000000000000000, 0.000000000000000000 ) ) ;
#789 = ORIENTED_EDGE ( 'NONE', *, *, #102, .T. ) ;
#790 = CARTESIAN_POINT ( 'NONE',  ( 1.280027794499109639, 0.4000000000000000222, 2.350381595552325287 ) ) ;
#791 = LINE ( 'NONE', #440, #1018 ) ;
#792 = CARTESIAN_POINT ( 'NONE',  ( -0.2392968356931954033, 0.4000000000000000222, -1.977294348496884124 ) ) ;
#793 = PLANE ( 'NONE',  #542 ) ;
#794 = EDGE_CURVE ( 'NONE', #243, #22, #318, .T. ) ;
#795 = VERTEX_POINT ( 'NONE', #1189 ) ;
#796 = CARTESIAN_POINT ( 'NONE',  ( -0.8883045475803617030, 0.4000000000000000222, -1.988430727400201992 ) ) ;
#797 = APPLICATION_PROTOCOL_DEFINITION ( 'draft international standard', 'automotive_design', 1998, #231 ) ;
#798 = ORIENTED_EDGE ( 'NONE', *, *, #460, .T. ) ;
#799 = CARTESIAN_POINT ( 'NONE',  ( -1.055962297028186114, 0.4000000000000000222, -1.793007390639361320 ) ) ;
#800 = CARTESIAN_POINT ( 'NONE',  ( -0.1870869307160099027, 0.4000000000000000222, -1.960386536673152325 ) ) ;
#801 = EDGE_CURVE ( 'NONE', #169, #1283, #561, .T. ) ;
#802 = CARTESIAN_POINT ( 'NONE',  ( -1.503946301828022802, 0.000000000000000000, 1.970858221116408515 ) ) ;
#803 = EDGE_CURVE ( 'NONE', #28, #916, #1526, .T. ) ;
#804 = ORIENTED_EDGE ( 'NONE', *, *, #1169, .F. ) ;
#805 = CARTESIAN_POINT ( 'NONE',  ( 1.344290937558532351, 0.4000000000000000222, 1.455538988953614554 ) ) ;
#806 = AXIS2_PLACEMENT_3D ( 'NONE', #743, #855, #1334 ) ;
#807 = EDGE_LOOP ( 'NONE', ( #1234, #252, #1132, #1111 ) ) ;
#808 = CARTESIAN_POINT ( 'NONE',  ( 1.367855013203787440, 0.000000000000000000, 2.323363855389734667 ) ) ;
#809 = CARTESIAN_POINT ( 'NONE',  ( -1.503720071577574036, 0.000000000000000000, 1.939510123896416083 ) ) ;
#810 = CARTESIAN_POINT ( 'NONE',  ( -0.3049159754535746836, 0.4000000000000000222, -1.988596283141519816 ) ) ;
#811 = VECTOR ( 'NONE', #534, 1000.000000000000227 ) ;
#812 = VECTOR ( 'NONE', #287, 1000.000000000000000 ) ;
#813 = LINE ( 'NONE', #1074, #887 ) ;
#814 = VECTOR ( 'NONE', #844, 1000.000000000000114 ) ;
#815 = ORIENTED_EDGE ( 'NONE', *, *, #1149, .F. ) ;
#816 = CARTESIAN_POINT ( 'NONE',  ( -0.5979786492640674078, 0.4000000000000000222, -2.000000000000000444 ) ) ;
#817 = ORIENTED_EDGE ( 'NONE', *, *, #297, .T. ) ;
#818 = CARTESIAN_POINT ( 'NONE',  ( 1.439528445340977125, -0.000000000000000000, 2.014222224615084933 ) ) ;
#819 = ADVANCED_FACE ( 'NONE', ( #1303 ), #371, .F. ) ;
#820 = CARTESIAN_POINT ( 'NONE',  ( -0.09599657245710764564, 0.000000000000000000, -1.863004891389335782 ) ) ;
#821 = CARTESIAN_POINT ( 'NONE',  ( -1.496339640947202065, 0.4000000000000000222, 1.800191363832886138 ) ) ;
#822 = CARTESIAN_POINT ( 'NONE',  ( 5.021051876504148371E-16, 20.00000000000000000, -3.850000000000000977 ) ) ;
#823 = ORIENTED_EDGE ( 'NONE', *, *, #375, .T. ) ;
#824 = LINE ( 'NONE', #816, #188 ) ;
#825 = VERTEX_POINT ( 'NONE', #579 ) ;
#826 = CARTESIAN_POINT ( 'NONE',  ( 1.326933095984964561, 0.000000000000000000, 2.342161897840981499 ) ) ;
#827 = EDGE_CURVE ( 'NONE', #192, #212, #908, .T. ) ;
#828 = CARTESIAN_POINT ( 'NONE',  ( -1.362951336031645422, 0.000000000000000000, 2.351844618055555003 ) ) ;
#829 = CARTESIAN_POINT ( 'NONE',  ( -1.471697595345395904, 0.4000000000000000222, 1.678580356991401290 ) ) ;
#830 = B_SPLINE_CURVE_WITH_KNOTS ( 'NONE', 3,
 ( #886, #627, #1242, #511, #1348, #393, #986, #182, #1469, #880, #283, #1125, #415 ),
 .UNSPECIFIED., .F., .F.,
 ( 4, 1, 1, 1, 1, 1, 1, 1, 1, 1, 4 ),
 ( 0.000000000000000000, 0.1340733496911790945, 0.2552582397853321305, 0.3603595852742327854, 0.4511719734585503683, 0.5969543587437348142, 0.7032159891227142134, 0.7791487141453219412, 0.8406546243847108357, 0.9105772362246894458, 1.000000000000000000 ),
 .UNSPECIFIED. ) ;
#831 = FACE_BOUND ( 'NONE', #881, .T. ) ;
#832 = ORIENTED_EDGE ( 'NONE', *, *, #1539, .T. ) ;
#833 = CARTESIAN_POINT ( 'NONE',  ( 1.416541318776732838, 0.4000000000000000222, 2.226987867462487447 ) ) ;
#834 = VERTEX_POINT ( 'NONE', #707 ) ;
#835 = CARTESIAN_POINT ( 'NONE',  ( 1.438775131928940798, 0.000000000000000000, 2.079423302830288645 ) ) ;
#836 = DIRECTION ( 'NONE',  ( 0.000000000000000000, -1.000000000000000000, 0.000000000000000000 ) ) ;
#837 = FACE_BOUND ( 'NONE', #444, .T. ) ;
#838 = EDGE_CURVE ( 'NONE', #198, #265, #637, .T. ) ;
#839 = CARTESIAN_POINT ( 'NONE',  ( -1.451528664110011135, 0.4000000000000000222, 1.636792346969975220 ) ) ;
#840 = CARTESIAN_POINT ( 'NONE',  ( 1.438935589196633558, 0.4000000000000000222, 1.890111525453490149 ) ) ;
#841 = AXIS2_PLACEMENT_3D ( 'NONE', #556, #909, #1032 ) ;
#842 = ORIENTED_EDGE ( 'NONE', *, *, #1459, .F. ) ;
#843 = CARTESIAN_POINT ( 'NONE',  ( 1.416399911566943892, 0.000000000000000000, 2.234640446669774683 ) ) ;
#844 = DIRECTION ( 'NONE',  ( 8.659560562354953812E-17, 0.7071067811865460184, -0.7071067811865490160 ) ) ;
#845 = PRESENTATION_LAYER_ASSIGNMENT (  '', '', ( #109 ) ) ;
#846 = EDGE_CURVE ( 'NONE', #1409, #1283, #824, .T. ) ;
#847 = CARTESIAN_POINT ( 'NONE',  ( 1.416541318776732838, 0.000000000000000000, 2.226987867462487447 ) ) ;
#848 = EDGE_CURVE ( 'NONE', #1414, #995, #1284, .T. ) ;
#849 = EDGE_LOOP ( 'NONE', ( #1286, #1449, #104, #1443 ) ) ;
#850 = CARTESIAN_POINT ( 'NONE',  ( 1.401758417614904273, 0.000000000000000000, 1.611967408874114049 ) ) ;
#851 = AXIS2_PLACEMENT_3D ( 'NONE', #833, #942, #120 ) ;
#852 = ORIENTED_EDGE ( 'NONE', *, *, #1248, .F. ) ;
#853 = CARTESIAN_POINT ( 'NONE',  ( -0.6256463072751451415, -0.000000000000000000, -1.999758184742794764 ) ) ;
#854 = CARTESIAN_POINT ( 'NONE',  ( -0.8883045475803617030, 0.4000000000000000222, -1.988430727400201992 ) ) ;
#855 = DIRECTION ( 'NONE',  ( -0.000000000000000000, -1.000000000000000000, -0.000000000000000000 ) ) ;
#856 = FACE_OUTER_BOUND ( 'NONE', #1451, .T. ) ;
#857 = CARTESIAN_POINT ( 'NONE',  ( -1.373186676380442117, -0.000000000000000000, 1.585063649927362261 ) ) ;
#858 = CARTESIAN_POINT ( 'NONE',  ( 1.383694724403129017, 0.4000000000000000222, 1.553469012328939636 ) ) ;
#859 =( LENGTH_UNIT ( ) NAMED_UNIT ( * ) SI_UNIT ( .MILLI., .METRE. ) );
#860 = CARTESIAN_POINT ( 'NONE',  ( -1.448030384076042010, 0.4000000000000000222, 2.302497667219046917 ) ) ;
#861 = CARTESIAN_POINT ( 'NONE',  ( 1.439594417945592619, 0.000000000000000000, 1.947179654388770054 ) ) ;
#862 = CARTESIAN_POINT ( 'NONE',  ( -1.395682225334531790, 0.000000000000000000, 1.587449518074591115 ) ) ;
#863 = FACE_OUTER_BOUND ( 'NONE', #895, .T. ) ;
#864 = AXIS2_PLACEMENT_3D ( 'NONE', #1281, #1187, #234 ) ;
#865 = CARTESIAN_POINT ( 'NONE',  ( -1.362951336031645422, 0.4000000000000000222, 2.351844618055555003 ) ) ;
#866 = SURFACE_STYLE_USAGE ( .BOTH. , #526 ) ;
#867 = ORIENTED_EDGE ( 'NONE', *, *, #460, .F. ) ;
#868 = CARTESIAN_POINT ( 'NONE',  ( -1.362951336031645422, 0.000000000000000000, 2.351844618055555003 ) ) ;
#869 = DIRECTION ( 'NONE',  ( 0.000000000000000000, 0.000000000000000000, 1.000000000000000000 ) ) ;
#870 = EDGE_LOOP ( 'NONE', ( #176, #1425, #1497, #470 ) ) ;
#871 = CARTESIAN_POINT ( 'NONE',  ( -1.483914888187735537, 0.4000000000000000222, 2.206907786933355986 ) ) ;
#872 = CARTESIAN_POINT ( 'NONE',  ( 1.433429056601576379, 0.000000000000000000, 1.809777001929407936 ) ) ;
#873 = ORIENTED_EDGE ( 'NONE', *, *, #1098, .F. ) ;
#874 = CARTESIAN_POINT ( 'NONE',  ( -0.6256463072751451415, 0.4000000000000000222, -1.999758184742794764 ) ) ;
#875 = EDGE_CURVE ( 'NONE', #366, #1269, #1433, .T. ) ;
#876 = CARTESIAN_POINT ( 'NONE',  ( -0.09599657245710765952, 0.4000000000000000222, -1.863004891389336004 ) ) ;
#877 = DIRECTION ( 'NONE',  ( 0.000000000000000000, 1.000000000000000000, 0.000000000000000000 ) ) ;
#878 = CARTESIAN_POINT ( 'NONE',  ( -1.503720071577574036, 0.4000000000000000222, 1.939510123896416083 ) ) ;
#879 = CARTESIAN_POINT ( 'NONE',  ( -1.424522993804379078, 0.4000000000000000222, 2.332809912565560584 ) ) ;
#880 = CARTESIAN_POINT ( 'NONE',  ( -1.084465050790021756, 0.4000000000000000222, -1.886594158268892540 ) ) ;
#881 = EDGE_LOOP ( 'NONE', ( #313, #430, #867 ) ) ;
#882 = CARTESIAN_POINT ( 'NONE',  ( -1.055962297028186114, 0.000000000000000000, -1.793007390639361320 ) ) ;
#883 = CARTESIAN_POINT ( 'NONE',  ( 1.433429056601576379, 0.4000000000000000222, 1.809777001929407936 ) ) ;
#884 = CARTESIAN_POINT ( 'NONE',  ( -1.395682225334531790, 0.4000000000000000222, 1.587449518074591115 ) ) ;
#885 = DIRECTION ( 'NONE',  ( -0.000000000000000000, 1.000000000000000000, -0.000000000000000000 ) ) ;
#886 = CARTESIAN_POINT ( 'NONE',  ( -0.5979786492640674078, 0.4000000000000000222, -2.000000000000000444 ) ) ;
#887 = VECTOR ( 'NONE', #356, 1000.000000000000000 ) ;
#888 = DIRECTION ( 'NONE',  ( 0.000000000000000000, 0.000000000000000000, 1.000000000000000000 ) ) ;
#889 = CLOSED_SHELL ( 'NONE', ( #1010, #1438, #572, #749, #18, #1216, #1131, #1307, #1338, #1087, #1258, #436, #328, #1484, #1365, #1337, #1317, #1486, #1318, #429, #1296, #7, #1079, #1011, #427, #751 ) ) ;
#890 = CARTESIAN_POINT ( 'NONE',  ( 1.246335593062119607, 0.4000000000000000222, 2.351328223127711503 ) ) ;
#891 = PRODUCT_DEFINITION_FORMATION_WITH_SPECIFIED_SOURCE ( 'ANY', '', #247, .NOT_KNOWN. ) ;
#892 = CARTESIAN_POINT ( 'NONE',  ( -1.395682225334531790, 0.4000000000000000222, 1.587449518074591115 ) ) ;
#893 = EDGE_CURVE ( 'NONE', #300, #99, #1073, .T. ) ;
#894 = CARTESIAN_POINT ( 'NONE',  ( 1.344290937558532351, -0.000000000000000000, 1.455538988953614554 ) ) ;
#895 = EDGE_LOOP ( 'NONE', ( #539, #906, #384, #407 ) ) ;
#896 = CARTESIAN_POINT ( 'NONE',  ( -1.075244849405784908, 0.000000000000000000, -1.840329809716477527 ) ) ;
#897 = CARTESIAN_POINT ( 'NONE',  ( -0.6783219337076735744, 0.000000000000000000, -1.999297799908301698 ) ) ;
#898 = CARTESIAN_POINT ( 'NONE',  ( -1.361951371735217187, 0.000000000000000000, 1.583872038398692172 ) ) ;
#899 = CARTESIAN_POINT ( 'NONE',  ( -1.023374206147654730, 0.4000000000000000222, -1.957539703906351569 ) ) ;
#900 = EDGE_LOOP ( 'NONE', ( #782, #708, #1534, #1434 ) ) ;
#901 = FILL_AREA_STYLE ('',( #1505 ) ) ;
#902 = CARTESIAN_POINT ( 'NONE',  ( -1.496339640947202065, 0.000000000000000000, 1.800191363832886138 ) ) ;
#903 = CARTESIAN_POINT ( 'NONE',  ( -0.7526561116067944646, 0.000000000000000000, -1.997243092380813545 ) ) ;
#904 = CARTESIAN_POINT ( 'NONE',  ( -1.503298215913329683, 0.000000000000000000, 1.881054756635346825 ) ) ;
#905 = CARTESIAN_POINT ( 'NONE',  ( -1.062893647362963989, 0.4000000000000000222, -1.810018015523944479 ) ) ;
#906 = ORIENTED_EDGE ( 'NONE', *, *, #1248, .T. ) ;
#907 = LINE ( 'NONE', #1145, #614 ) ;
#908 = B_SPLINE_CURVE_WITH_KNOTS ( 'NONE', 3,
 ( #14, #244, #840, #478, #1415, #1533, #6, #340, #219, #952, #1313 ),
 .UNSPECIFIED., .F., .F.,
 ( 4, 1, 1, 1, 1, 1, 1, 1, 4 ),
 ( 0.000000000000000000, 0.1649896178530788904, 0.3069154297217869809, 0.4330473242171679060, 0.5512455759489272022, 0.6617117452108902675, 0.7705951388014267156, 0.8801408014858397300, 1.000000000000000000 ),
 .UNSPECIFIED. ) ;
#909 = DIRECTION ( 'NONE',  ( 0.000000000000000000, 1.000000000000000000, 0.000000000000000000 ) ) ;
#910 = DIRECTION ( 'NONE',  ( -0.000000000000000000, -1.000000000000000000, -0.000000000000000000 ) ) ;
#911 = CLOSED_SHELL ( 'NONE', ( #535, #662, #992, #564, #759, #1106, #1197, #26, #411, #320, #819, #1273 ) ) ;
#912 = LINE ( 'NONE', #1292, #78 ) ;
#913 = ORIENTED_EDGE ( 'NONE', *, *, #794, .F. ) ;
#914 = FACE_OUTER_BOUND ( 'NONE', #849, .T. ) ;
#915 = AXIS2_PLACEMENT_3D ( 'NONE', #1033, #1309, #1520 ) ;
#916 = VERTEX_POINT ( 'NONE', #1336 ) ;
#917 = DIRECTION ( 'NONE',  ( -0.000000000000000000, -1.000000000000000000, -0.000000000000000000 ) ) ;
#918 = B_SPLINE_CURVE_WITH_KNOTS ( 'NONE', 3,
 ( #317, #537, #892, #654, #1253, #189, #1034, #426, #780, #878, #1360 ),
 .UNSPECIFIED., .F., .F.,
 ( 4, 1, 1, 1, 1, 1, 1, 1, 4 ),
 ( 0.000000000000000000, 0.07479019335052401740, 0.1497464028728067997, 0.2351223195882902461, 0.3348425773889892043, 0.4576645824639181681, 0.6090621360290472408, 0.7903501638779485416, 1.000000000000000000 ),
 .UNSPECIFIED. ) ;
#919 = CARTESIAN_POINT ( 'NONE',  ( -1.485840367461922717, 0.000000000000000000, 1.732872878172287745 ) ) ;
#920 = EDGE_CURVE ( 'NONE', #587, #1276, #1222, .T. ) ;
#921 = DIRECTION ( 'NONE',  ( 0.000000000000000000, 0.000000000000000000, -1.000000000000000000 ) ) ;
#922 = VECTOR ( 'NONE', #1031, 1000.000000000000000 ) ;
#923 = CARTESIAN_POINT ( 'NONE',  ( -1.503946301828022802, 0.4000000000000000222, 1.970858221116408515 ) ) ;
#924 = EDGE_LOOP ( 'NONE', ( #20, #1416, #1103, #601 ) ) ;
#925 = CARTESIAN_POINT ( 'NONE',  ( -0.5579780535319941448, -0.000000000000000000, -1.999902688024482122 ) ) ;
#926 = ORIENTED_EDGE ( 'NONE', *, *, #24, .F. ) ;
#927 = DIRECTION ( 'NONE',  ( -0.000000000000000000, -1.000000000000000000, -0.000000000000000000 ) ) ;
#928 = DIRECTION ( 'NONE',  ( -0.000000000000000000, -1.000000000000000000, -0.000000000000000000 ) ) ;
#929 = CARTESIAN_POINT ( 'NONE',  ( -0.1030791067037888226, 0.4000000000000000222, -1.876394255291921276 ) ) ;
#930 = CARTESIAN_POINT ( 'NONE',  ( 6.184466335694133068E-16, 0.9999999999999974465, 5.049999999999999822 ) ) ;
#931 = VERTEX_POINT ( 'NONE', #1450 ) ;
#932 = CARTESIAN_POINT ( 'NONE',  ( 1.439948586856617530, 0.4000000000000000222, 1.977857971191405495 ) ) ;
#933 = ORIENTED_EDGE ( 'NONE', *, *, #486, .F. ) ;
#934 = CARTESIAN_POINT ( 'NONE',  ( -0.1473050002026604632, 0.4000000000000000222, -1.934724110782450213 ) ) ;
#935 = DIRECTION ( 'NONE',  ( 0.000000000000000000, 0.000000000000000000, -1.000000000000000000 ) ) ;
#936 = DIRECTION ( 'NONE',  ( -0.3982785837688262998, 0.000000000000000000, -0.9172645036798807716 ) ) ;
#937 = AXIS2_PLACEMENT_3D ( 'NONE', #1257, #917, #563 ) ;
#938 = VECTOR ( 'NONE', #673, 1000.000000000000000 ) ;
#939 = LINE ( 'NONE', #1423, #1419 ) ;
#940 = EDGE_CURVE ( 'NONE', #931, #268, #381, .T. ) ;
#941 = VERTEX_POINT ( 'NONE', #1329 ) ;
#942 = DIRECTION ( 'NONE',  ( 0.000000000000000000, -1.000000000000000000, -0.000000000000000000 ) ) ;
#943 = EDGE_CURVE ( 'NONE', #1181, #1008, #439, .T. ) ;
#944 = VERTEX_POINT ( 'NONE', #735 ) ;
#945 = CARTESIAN_POINT ( 'NONE',  ( 1.416399911566943892, 0.000000000000000000, 2.234640446669774683 ) ) ;
#946 = PRODUCT_DEFINITION_SHAPE ( 'NONE', 'NONE',  #135 ) ;
#947 = CARTESIAN_POINT ( 'NONE',  ( -0.6783219337076735744, 0.4000000000000000222, -1.999297799908301698 ) ) ;
#948 = CARTESIAN_POINT ( 'NONE',  ( -1.373186676380442117, 0.4000000000000000222, 1.585063649927362261 ) ) ;
#949 = PLANE ( 'NONE',  #156 ) ;
#950 = ORIENTED_EDGE ( 'NONE', *, *, #74, .F. ) ;
#951 = B_SPLINE_CURVE_WITH_KNOTS ( 'NONE', 3,
 ( #820, #124, #1178, #1193, #589, #1072, #374, #1080, #10, #596, #115 ),
 .UNSPECIFIED., .F., .F.,
 ( 4, 1, 1, 1, 1, 1, 1, 1, 4 ),
 ( 0.000000000000000000, 0.08239473392324812850, 0.1596449883399596315, 0.2399018785897437112, 0.3383223544027434415, 0.4568188354370830706, 0.6031285621037615341, 0.7816169886672580391, 1.000000000000000000 ),
 .UNSPECIFIED. ) ;
#952 = CARTESIAN_POINT ( 'NONE',  ( 1.344290937558532351, 0.4000000000000000222, 1.455538988953614554 ) ) ;
#953 = EDGE_LOOP ( 'NONE', ( #379, #842, #756, #592 ) ) ;
#954 = CARTESIAN_POINT ( 'NONE',  ( 1.430232995902464443, 0.000000000000000000, 2.166777773127899653 ) ) ;
#955 = CARTESIAN_POINT ( 'NONE',  ( -0.5979786492640674078, 0.4000000000000000222, -2.000000000000000444 ) ) ;
#956 = FACE_OUTER_BOUND ( 'NONE', #48, .T. ) ;
#957 = B_SPLINE_SURFACE_WITH_KNOTS ( 'NONE', 3, 1, ( 
 ( #370, #1466 ),
 ( #1212, #158 ),
 ( #624, #862 ),
 ( #389, #166 ),
 ( #839, #51 ),
 ( #1403, #432 ),
 ( #336, #919 ),
 ( #1264, #902 ),
 ( #1388, #1519 ),
 ( #1512, #809 ),
 ( #1161, #778 ) ),
 .UNSPECIFIED., .F., .F., .F.,
 ( 4, 1, 1, 1, 1, 1, 1, 1, 4 ),
 ( 2, 2 ),
 ( 0.000000000000000000, 0.07479019335052401740, 0.1497464028728067997, 0.2351223195882902461, 0.3348425773889892043, 0.4576645824639181681, 0.6090621360290472408, 0.7903501638779485416, 1.000000000000000000 ),
 ( 0.000000000000000000, 1.000000000000000000 ),
 .UNSPECIFIED. ) ;
#958 = CARTESIAN_POINT ( 'NONE',  ( 1.227956156013837896, 0.4000000000000000222, 2.351844618055555003 ) ) ;
#959 = CARTESIAN_POINT ( 'NONE',  ( 1.335952300028083961, 0.4000000000000000222, 1.434877358230889577 ) ) ;
#960 = ORIENTED_EDGE ( 'NONE', *, *, #391, .T. ) ;
#961 = CARTESIAN_POINT ( 'NONE',  ( -0.2392968356931954033, 0.4000000000000000222, -1.977294348496884124 ) ) ;
#962 = CARTESIAN_POINT ( 'NONE',  ( -1.503946301828022802, 0.4000000000000000222, 1.970858221116408515 ) ) ;
#963 = EDGE_CURVE ( 'NONE', #265, #99, #720, .T. ) ;
#964 = DIRECTION ( 'NONE',  ( -0.4140263246850708345, 0.000000000000000000, -0.9102649078525286708 ) ) ;
#965 = EDGE_LOOP ( 'NONE', ( #257, #987, #933 ) ) ;
#966 = CARTESIAN_POINT ( 'NONE',  ( -1.496339640947202065, 0.000000000000000000, 1.800191363832886138 ) ) ;
#967 = VECTOR ( 'NONE', #1270, 1000.000000000000227 ) ;
#968 = ORIENTED_EDGE ( 'NONE', *, *, #1427, .F. ) ;
#969 = CARTESIAN_POINT ( 'NONE',  ( -1.362951336031645422, 0.4000000000000000222, 2.351844618055555003 ) ) ;
#970 = CARTESIAN_POINT ( 'NONE',  ( 1.439948586856617530, 0.000000000000000000, 1.977857971191405495 ) ) ;
#971 = B_SPLINE_SURFACE_WITH_KNOTS ( 'NONE', 3, 1, ( 
 ( #353, #488 ),
 ( #139, #114 ),
 ( #145, #724 ),
 ( #934, #261 ),
 ( #1437, #1298 ),
 ( #961, #701 ),
 ( #122, #1063 ),
 ( #360, #1444 ),
 ( #253, #694 ),
 ( #342, #608 ),
 ( #367, #1527 ) ),
 .UNSPECIFIED., .F., .F., .F.,
 ( 4, 1, 1, 1, 1, 1, 1, 1, 4 ),
 ( 2, 2 ),
 ( 0.000000000000000000, 0.08239473392324812850, 0.1596449883399596315, 0.2399018785897437112, 0.3383223544027434415, 0.4568188354370830706, 0.6031285621037615341, 0.7816169886672580391, 1.000000000000000000 ),
 ( 0.000000000000000000, 1.000000000000000000 ),
 .UNSPECIFIED. ) ;
#972 = EDGE_CURVE ( 'NONE', #268, #916, #1223, .T. ) ;
#973 = FACE_OUTER_BOUND ( 'NONE', #1174, .T. ) ;
#974 = DIRECTION ( 'NONE',  ( 0.000000000000000000, -0.000000000000000000, 1.000000000000000000 ) ) ;
#975 = CARTESIAN_POINT ( 'NONE',  ( -1.495545331961543045, 0.4000000000000000222, 2.140283922349801138 ) ) ;
#976 = VECTOR ( 'NONE', #1452, 1000.000000000000000 ) ;
#977 = ORIENTED_EDGE ( 'NONE', *, *, #665, .F. ) ;
#978 = CARTESIAN_POINT ( 'NONE',  ( -1.023374206147654730, 0.000000000000000000, -1.957539703906351569 ) ) ;
#979 = CARTESIAN_POINT ( 'NONE',  ( 0.000000000000000000, 0.9999999999999974465, 0.000000000000000000 ) ) ;
#980 = CARTESIAN_POINT ( 'NONE',  ( -1.066059388822340193, 0.000000000000000000, -1.928063191284155486 ) ) ;
#981 = CARTESIAN_POINT ( 'NONE',  ( 0.000000000000000000, 23.00000000000000000, 0.000000000000000000 ) ) ;
#982 = CARTESIAN_POINT ( 'NONE',  ( 0.000000000000000000, 20.00000000000000000, 0.000000000000000000 ) ) ;
#983 = CARTESIAN_POINT ( 'NONE',  ( -1.503286786378241757, 0.4000000000000000222, 2.002200853681657122 ) ) ;
#984 = EDGE_CURVE ( 'NONE', #198, #300, #1093, .T. ) ;
#985 = CARTESIAN_POINT ( 'NONE',  ( 1.344290937558532351, 0.000000000000000000, 1.455538988953614554 ) ) ;
#986 = CARTESIAN_POINT ( 'NONE',  ( -0.9584330082354313163, 0.4000000000000000222, -1.977833701680547840 ) ) ;
#987 = ORIENTED_EDGE ( 'NONE', *, *, #1239, .F. ) ;
#988 = CARTESIAN_POINT ( 'NONE',  ( -1.503286786378241757, 0.4000000000000000222, 2.002200853681657122 ) ) ;
#989 = CARTESIAN_POINT ( 'NONE',  ( 1.227956156013837896, 0.4000000000000000222, 2.351844618055555003 ) ) ;
#990 = FACE_OUTER_BOUND ( 'NONE', #807, .T. ) ;
#991 = CARTESIAN_POINT ( 'NONE',  ( 1.433429056601576379, 0.000000000000000000, 1.809777001929407936 ) ) ;
#992 = ADVANCED_FACE ( 'NONE', ( #613 ), #258, .F. ) ;
#993 = CARTESIAN_POINT ( 'NONE',  ( -1.055962297028186114, 0.4000000000000000222, -1.793007390639361320 ) ) ;
#994 = CARTESIAN_POINT ( 'NONE',  ( 0.000000000000000000, 20.00000000000000000, 0.000000000000000000 ) ) ;
#995 = VERTEX_POINT ( 'NONE', #405 ) ;
#996 = CARTESIAN_POINT ( 'NONE',  ( -0.5979786492640672968, 0.4000000000000000222, -2.000000000000000000 ) ) ;
#997 = FACE_OUTER_BOUND ( 'NONE', #1002, .T. ) ;
#998 = CARTESIAN_POINT ( 'NONE',  ( -1.468596712063416687, 0.000000000000000000, 2.261555537441950925 ) ) ;
#999 = CARTESIAN_POINT ( 'NONE',  ( 1.335952300028083961, 0.000000000000000000, 1.434877358230889577 ) ) ;
#1000 = FACE_OUTER_BOUND ( 'NONE', #1035, .T. ) ;
#1001 = PRESENTATION_STYLE_ASSIGNMENT (( #866 ) ) ;
#1002 = EDGE_LOOP ( 'NONE', ( #1356, #926, #1205, #1052 ) ) ;
#1003 = CARTESIAN_POINT ( 'NONE',  ( -1.483914888187735537, 0.000000000000000000, 2.206907786933355986 ) ) ;
#1004 = CARTESIAN_POINT ( 'NONE',  ( -1.066059388822340193, 0.000000000000000000, -1.928063191284155486 ) ) ;
#1005 = CARTESIAN_POINT ( 'NONE',  ( -1.361951371735217187, 0.000000000000000000, 1.583872038398692172 ) ) ;
#1006 = CARTESIAN_POINT ( 'NONE',  ( -0.09599657245710764564, 0.4000000000000000222, -1.863004891389335782 ) ) ;
#1007 =( NAMED_UNIT ( * ) SI_UNIT ( $, .STERADIAN. ) SOLID_ANGLE_UNIT ( ) );
#1008 = VERTEX_POINT ( 'NONE', #625 ) ;
#1009 = CARTESIAN_POINT ( 'NONE',  ( -0.09599657245710764564, 0.4000000000000000222, -1.863004891389335782 ) ) ;
#1010 = ADVANCED_FACE ( 'NONE', ( #863 ), #1495, .F. ) ;
#1011 = ADVANCED_FACE ( 'NONE', ( #632 ), #1453, .T. ) ;
#1012 = AXIS2_PLACEMENT_3D ( 'NONE', #847, #1342, #1081 ) ;
#1013 = CARTESIAN_POINT ( 'NONE',  ( 1.433429056601576379, 0.000000000000000000, 1.809777001929407936 ) ) ;
#1014 = CARTESIAN_POINT ( 'NONE',  ( 1.395052486390410795, 0.4000000000000000222, 2.284862428071074980 ) ) ;
#1015 = CARTESIAN_POINT ( 'NONE',  ( 1.383694724403129017, 0.000000000000000000, 1.553469012328939636 ) ) ;
#1016 = AXIS2_PLACEMENT_3D ( 'NONE', #981, #630, #1105 ) ;
#1017 =( NAMED_UNIT ( * ) PLANE_ANGLE_UNIT ( ) SI_UNIT ( $, .RADIAN. ) );
#1018 = VECTOR ( 'NONE', #343, 1000.000000000000000 ) ;
#1019 = CARTESIAN_POINT ( 'NONE',  ( -0.09599657245710765952, 0.000000000000000000, -1.863004891389336004 ) ) ;
#1020 = CARTESIAN_POINT ( 'NONE',  ( 1.280027794499109639, 0.4000000000000000222, 2.350381595552325287 ) ) ;
#1021 = CARTESIAN_POINT ( 'NONE',  ( 1.439948586856617530, 0.000000000000000000, 1.977857971191405495 ) ) ;
#1022 = ORIENTED_EDGE ( 'NONE', *, *, #217, .T. ) ;
#1023 = CARTESIAN_POINT ( 'NONE',  ( 0.000000000000000000, 20.00000000000000000, -3.049999999999999822 ) ) ;
#1024 = LINE ( 'NONE', #1140, #103 ) ;
#1025 = CARTESIAN_POINT ( 'NONE',  ( 1.360250697084470328, 0.000000000000000000, 1.495084377099380246 ) ) ;
#1026 = CARTESIAN_POINT ( 'NONE',  ( -1.468596712063416687, 0.000000000000000000, 2.261555537441950925 ) ) ;
#1027 = EDGE_CURVE ( 'NONE', #995, #1181, #918, .T. ) ;
#1028 = CYLINDRICAL_SURFACE ( 'NONE', #1172, 4.349999999999999645 ) ;
#1029 = EDGE_CURVE ( 'NONE', #138, #28, #421, .T. ) ;
#1030 = ORIENTED_EDGE ( 'NONE', *, *, #277, .T. ) ;
#1031 = DIRECTION ( 'NONE',  ( 0.000000000000000000, -1.000000000000000000, 0.000000000000000000 ) ) ;
#1032 = DIRECTION ( 'NONE',  ( 0.000000000000000000, 0.000000000000000000, 1.000000000000000000 ) ) ;
#1033 = CARTESIAN_POINT ( 'NONE',  ( 0.000000000000000000, 0.000000000000000000, 0.000000000000000000 ) ) ;
#1034 = CARTESIAN_POINT ( 'NONE',  ( -1.485840367461922717, 0.4000000000000000222, 1.732872878172287745 ) ) ;
#1035 = EDGE_LOOP ( 'NONE', ( #372, #616, #88, #292 ) ) ;
#1036 = DIRECTION ( 'NONE',  ( 0.000000000000000000, 0.000000000000000000, -1.000000000000000000 ) ) ;
#1037 = EDGE_CURVE ( 'NONE', #472, #198, #550, .T. ) ;
#1038 = VERTEX_POINT ( 'NONE', #1501 ) ;
#1039 = CARTESIAN_POINT ( 'NONE',  ( 1.280027794499109639, 0.000000000000000000, 2.350381595552325287 ) ) ;
#1040 = CARTESIAN_POINT ( 'NONE',  ( 1.439948586856617530, 0.4000000000000000222, 1.977857971191405495 ) ) ;
#1041 = CARTESIAN_POINT ( 'NONE',  ( 1.439948586856617530, 0.4000000000000000222, 1.977857971191405495 ) ) ;
#1042 = CARTESIAN_POINT ( 'NONE',  ( -1.503298215913329683, 0.4000000000000000222, 1.881054756635346825 ) ) ;
#1043 = EDGE_LOOP ( 'NONE', ( #698, #1294, #1158, #1491 ) ) ;
#1044 = CARTESIAN_POINT ( 'NONE',  ( -1.503946301828022802, 0.000000000000000000, 1.970858221116408515 ) ) ;
#1045 = AXIS2_PLACEMENT_3D ( 'NONE', #475, #672, #575 ) ;
#1046 = ORIENTED_EDGE ( 'NONE', *, *, #239, .T. ) ;
#1047 = EDGE_CURVE ( 'NONE', #250, #366, #1472, .T. ) ;
#1048 = LINE ( 'NONE', #1378, #1446 ) ;
#1049 = FACE_OUTER_BOUND ( 'NONE', #112, .T. ) ;
#1050 = VECTOR ( 'NONE', #1061, 1000.000000000000000 ) ;
#1051 = CARTESIAN_POINT ( 'NONE',  ( -1.503298215913329683, 0.000000000000000000, 1.881054756635346825 ) ) ;
#1052 = ORIENTED_EDGE ( 'NONE', *, *, #984, .T. ) ;
#1053 = CARTESIAN_POINT ( 'NONE',  ( -0.5979786492640674078, 0.000000000000000000, -2.000000000000000444 ) ) ;
#1054 = ORIENTED_EDGE ( 'NONE', *, *, #1359, .F. ) ;
#1055 = CARTESIAN_POINT ( 'NONE',  ( 1.416399911566943892, 0.4000000000000000222, 2.234640446669774683 ) ) ;
#1056 = PLANE ( 'NONE',  #1137 ) ;
#1057 = CARTESIAN_POINT ( 'NONE',  ( 1.439948586856617530, 0.000000000000000000, 1.977857971191405495 ) ) ;
#1058 = EDGE_CURVE ( 'NONE', #723, #1504, #1267, .T. ) ;
#1059 = PLANE ( 'NONE',  #226 ) ;
#1060 = ORIENTED_EDGE ( 'NONE', *, *, #893, .F. ) ;
#1061 = DIRECTION ( 'NONE',  ( -1.000000000000000000, 0.000000000000000000, 0.000000000000000000 ) ) ;
#1062 = VERTEX_POINT ( 'NONE', #1122 ) ;
#1063 = CARTESIAN_POINT ( 'NONE',  ( -0.3049159754535746836, 0.000000000000000000, -1.988596283141519816 ) ) ;
#1064 = CARTESIAN_POINT ( 'NONE',  ( -0.6256463072751451415, 0.4000000000000000222, -1.999758184742794764 ) ) ;
#1065 = CARTESIAN_POINT ( 'NONE',  ( 0.000000000000000000, 0.9999999999999974465, 0.000000000000000000 ) ) ;
#1066 = CIRCLE ( 'NONE', #417, 3.049999999999999822 ) ;
#1067 = DIRECTION ( 'NONE',  ( 0.000000000000000000, 0.000000000000000000, 1.000000000000000000 ) ) ;
#1068 = EDGE_LOOP ( 'NONE', ( #852, #401, #307, #129 ) ) ;
#1069 = CARTESIAN_POINT ( 'NONE',  ( -0.3858187340555536693, 0.000000000000000000, -1.996283374502793473 ) ) ;
#1070 = EDGE_LOOP ( 'NONE', ( #1470, #1399, #508, #31 ) ) ;
#1071 = CARTESIAN_POINT ( 'NONE',  ( 1.246335593062119607, -0.000000000000000000, 2.351328223127711503 ) ) ;
#1072 = CARTESIAN_POINT ( 'NONE',  ( -0.2392968356931954033, 0.000000000000000000, -1.977294348496884124 ) ) ;
#1073 = B_SPLINE_CURVE_WITH_KNOTS ( 'NONE', 3,
 ( #1166, #1524, #21, #991, #143, #523, #850, #493, #281, #385, #999 ),
 .UNSPECIFIED., .F., .F.,
 ( 4, 1, 1, 1, 1, 1, 1, 1, 4 ),
 ( 0.000000000000000000, 0.1649896178530788904, 0.3069154297217869809, 0.4330473242171679060, 0.5512455759489272022, 0.6617117452108902675, 0.7705951388014267156, 0.8801408014858397300, 1.000000000000000000 ),
 .UNSPECIFIED. ) ;
#1074 = CARTESIAN_POINT ( 'NONE',  ( -1.055962297028186114, 0.4000000000000000222, -1.793007390639361320 ) ) ;
#1075 = CYLINDRICAL_SURFACE ( 'NONE', #619, 3.049999999999999822 ) ;
#1076 = CARTESIAN_POINT ( 'NONE',  ( -0.1473050002026604632, 0.000000000000000000, -1.934724110782450213 ) ) ;
#1077 = ORIENTED_EDGE ( 'NONE', *, *, #164, .T. ) ;
#1078 = CARTESIAN_POINT ( 'NONE',  ( 1.439948586856617530, 0.000000000000000000, 1.977857971191405495 ) ) ;
#1079 = ADVANCED_FACE ( 'NONE', ( #1148 ), #123, .T. ) ;
#1080 = CARTESIAN_POINT ( 'NONE',  ( -0.3858187340555536693, 0.000000000000000000, -1.996283374502793473 ) ) ;
#1081 = DIRECTION ( 'NONE',  ( 0.000000000000000000, 0.000000000000000000, -1.000000000000000000 ) ) ;
#1082 = ORIENTED_EDGE ( 'NONE', *, *, #1160, .T. ) ;
#1083 = CARTESIAN_POINT ( 'NONE',  ( -1.502071108844357683, 0.4000000000000000222, 2.059974381618010053 ) ) ;
#1084 = EDGE_LOOP ( 'NONE', ( #968, #1138, #706, #515 ) ) ;
#1085 = AXIS2_PLACEMENT_3D ( 'NONE', #362, #921, #107 ) ;
#1086 = LINE ( 'NONE', #969, #976 ) ;
#1087 = ADVANCED_FACE ( 'NONE', ( #712 ), #949, .F. ) ;
#1088 = CARTESIAN_POINT ( 'NONE',  ( -1.023374206147654730, 0.4000000000000000222, -1.957539703906351569 ) ) ;
#1089 = PLANE ( 'NONE',  #1012 ) ;
#1090 = CIRCLE ( 'NONE', #1288, 3.049999999999999822 ) ;
#1091 = VECTOR ( 'NONE', #1319, 1000.000000000000000 ) ;
#1092 = EDGE_LOOP ( 'NONE', ( #364, #72, #1386, #1401, #331, #325, #184, #1118, #527, #8 ) ) ;
#1093 = LINE ( 'NONE', #1231, #1289 ) ;
#1094 = VERTEX_POINT ( 'NONE', #930 ) ;
#1095 = CARTESIAN_POINT ( 'NONE',  ( 1.335952300028083961, 0.000000000000000000, 1.434877358230889577 ) ) ;
#1096 = CARTESIAN_POINT ( 'NONE',  ( -1.023374206147654730, 0.4000000000000000222, -1.957539703906351569 ) ) ;
#1097 = CARTESIAN_POINT ( 'NONE',  ( 1.439948586856617530, 0.4000000000000000222, 1.977857971191405495 ) ) ;
#1098 = EDGE_CURVE ( 'NONE', #1394, #423, #813, .T. ) ;
#1099 = ORIENTED_EDGE ( 'NONE', *, *, #346, .T. ) ;
#1100 = CARTESIAN_POINT ( 'NONE',  ( -1.395682225334531790, 0.000000000000000000, 1.587449518074591115 ) ) ;
#1101 = CARTESIAN_POINT ( 'NONE',  ( 1.401758417614904273, 0.000000000000000000, 1.611967408874114049 ) ) ;
#1102 = DIRECTION ( 'NONE',  ( -0.000000000000000000, -1.000000000000000000, 0.000000000000000000 ) ) ;
#1103 = ORIENTED_EDGE ( 'NONE', *, *, #972, .T. ) ;
#1104 = CARTESIAN_POINT ( 'NONE',  ( -1.394541503088640555, 0.000000000000000000, 2.348890816384064717 ) ) ;
#1105 = DIRECTION ( 'NONE',  ( 0.000000000000000000, -0.000000000000000000, 1.000000000000000000 ) ) ;
#1106 = ADVANCED_FACE ( 'NONE', ( #591 ), #1432, .F. ) ;
#1107 = EDGE_LOOP ( 'NONE', ( #1322, #1243, #501, #1302 ) ) ;
#1108 = CARTESIAN_POINT ( 'NONE',  ( -1.503946301828022580, 0.4000000000000000222, 1.970858221116408071 ) ) ;
#1109 = DIRECTION ( 'NONE',  ( -1.000000000000000000, 0.000000000000000000, 0.000000000000000000 ) ) ;
#1110 = CARTESIAN_POINT ( 'NONE',  ( 0.4799828622855393245, 0.4000000000000000222, 1.583872038398692172 ) ) ;
#1111 = ORIENTED_EDGE ( 'NONE', *, *, #1265, .T. ) ;
#1112 = LINE ( 'NONE', #868, #278 ) ;
#1113 = CARTESIAN_POINT ( 'NONE',  ( -0.8883045475803617030, 0.000000000000000000, -1.988430727400201992 ) ) ;
#1114 = CARTESIAN_POINT ( 'NONE',  ( -1.483914888187735537, 0.000000000000000000, 2.206907786933355986 ) ) ;
#1115 = CARTESIAN_POINT ( 'NONE',  ( -1.503946301828022580, 0.000000000000000000, 1.970858221116408071 ) ) ;
#1116 = CARTESIAN_POINT ( 'NONE',  ( -1.055962297028186114, 0.000000000000000000, -1.793007390639361320 ) ) ;
#1117 = AXIS2_PLACEMENT_3D ( 'NONE', #321, #877, #1411 ) ;
#1118 = ORIENTED_EDGE ( 'NONE', *, *, #1027, .T. ) ;
#1119 = CARTESIAN_POINT ( 'NONE',  ( -0.6256463072751451415, 0.000000000000000000, -1.999758184742794764 ) ) ;
#1120 = CARTESIAN_POINT ( 'NONE',  ( -0.2392968356931954033, 0.000000000000000000, -1.977294348496884124 ) ) ;
#1121 = AXIS2_PLACEMENT_3D ( 'NONE', #329, #450, #1404 ) ;
#1122 = CARTESIAN_POINT ( 'NONE',  ( 0.000000000000000000, 0.9999999999999974465, -5.049999999999999822 ) ) ;
#1123 = CARTESIAN_POINT ( 'NONE',  ( -0.9584330082354313163, 0.000000000000000000, -1.977833701680547840 ) ) ;
#1124 = VECTOR ( 'NONE', #1109, 1000.000000000000000 ) ;
#1125 = CARTESIAN_POINT ( 'NONE',  ( -1.062893647362963989, 0.4000000000000000222, -1.810018015523944479 ) ) ;
#1126 = EDGE_CURVE ( 'NONE', #1151, #138, #1344, .T. ) ;
#1127 = CARTESIAN_POINT ( 'NONE',  ( -0.7526561116067944646, 0.000000000000000000, -1.997243092380813545 ) ) ;
#1128 = CARTESIAN_POINT ( 'NONE',  ( -0.1030791067037888226, 0.4000000000000000222, -1.876394255291921276 ) ) ;
#1129 = CARTESIAN_POINT ( 'NONE',  ( 1.246335593062119607, 0.4000000000000000222, 2.351328223127711503 ) ) ;
#1130 = FACE_OUTER_BOUND ( 'NONE', #288, .T. ) ;
#1131 = ADVANCED_FACE ( 'NONE', ( #1406, #831 ), #793, .T. ) ;
#1132 = ORIENTED_EDGE ( 'NONE', *, *, #1027, .F. ) ;
#1133 = DIRECTION ( 'NONE',  ( 0.000000000000000000, -1.000000000000000000, 0.000000000000000000 ) ) ;
#1134 = CARTESIAN_POINT ( 'NONE',  ( -0.4852842398144707747, 0.4000000000000000222, -1.999725841192792952 ) ) ;
#1135 = CARTESIAN_POINT ( 'NONE',  ( 1.416399911566943892, 0.4000000000000000222, 2.234640446669774683 ) ) ;
#1136 = CARTESIAN_POINT ( 'NONE',  ( -0.8180626956560326235, 0.4000000000000000222, -1.994695895135459640 ) ) ;
#1137 = AXIS2_PLACEMENT_3D ( 'NONE', #467, #935, #140 ) ;
#1138 = ORIENTED_EDGE ( 'NONE', *, *, #1448, .F. ) ;
#1139 = CARTESIAN_POINT ( 'NONE',  ( -1.062893647362963989, 0.000000000000000000, -1.810018015523944479 ) ) ;
#1140 = CARTESIAN_POINT ( 'NONE',  ( -1.362951336031645422, 0.4000000000000000222, 2.351844618055555003 ) ) ;
#1141 = CARTESIAN_POINT ( 'NONE',  ( -0.3858187340555536693, 0.000000000000000000, -1.996283374502793473 ) ) ;
#1142 = CARTESIAN_POINT ( 'NONE',  ( -1.373186676380442117, -0.000000000000000000, 1.585063649927362261 ) ) ;
#1143 = DIRECTION ( 'NONE',  ( 0.000000000000000000, 0.000000000000000000, 1.000000000000000000 ) ) ;
#1144 = VERTEX_POINT ( 'NONE', #576 ) ;
#1145 = CARTESIAN_POINT ( 'NONE',  ( 5.327213576290986242E-16, 23.00000000000000000, 4.349999999999999645 ) ) ;
#1146 = DIRECTION ( 'NONE',  ( 0.000000000000000000, 1.000000000000000000, 0.000000000000000000 ) ) ;
#1147 = CARTESIAN_POINT ( 'NONE',  ( 1.439528445340977125, 0.4000000000000000222, 2.014222224615084933 ) ) ;
#1148 = FACE_OUTER_BOUND ( 'NONE', #1107, .T. ) ;
#1149 = EDGE_CURVE ( 'NONE', #99, #169, #939, .T. ) ;
#1150 = CARTESIAN_POINT ( 'NONE',  ( 1.360250697084470328, 0.000000000000000000, 1.495084377099380246 ) ) ;
#1151 = VERTEX_POINT ( 'NONE', #822 ) ;
#1152 = CARTESIAN_POINT ( 'NONE',  ( -1.075244849405784908, 0.4000000000000000222, -1.840329809716477527 ) ) ;
#1153 = CARTESIAN_POINT ( 'NONE',  ( -1.503946301828022802, 0.4000000000000000222, 1.970858221116408515 ) ) ;
#1154 = CARTESIAN_POINT ( 'NONE',  ( 1.335952300028083961, 0.4000000000000000222, 1.434877358230889577 ) ) ;
#1155 = CARTESIAN_POINT ( 'NONE',  ( 0.4799828622855393245, 0.4000000000000000222, 1.583872038398692172 ) ) ;
#1156 = ORIENTED_EDGE ( 'NONE', *, *, #1058, .T. ) ;
#1157 = CARTESIAN_POINT ( 'NONE',  ( 1.433429056601576379, 0.4000000000000000222, 1.809777001929407936 ) ) ;
#1158 = ORIENTED_EDGE ( 'NONE', *, *, #738, .T. ) ;
#1159 = CARTESIAN_POINT ( 'NONE',  ( 1.416399911566943892, 0.000000000000000000, 2.234640446669774683 ) ) ;
#1160 = EDGE_CURVE ( 'NONE', #834, #169, #345, .T. ) ;
#1161 = CARTESIAN_POINT ( 'NONE',  ( -1.503946301828022802, 0.4000000000000000222, 1.970858221116408515 ) ) ;
#1162 = CARTESIAN_POINT ( 'NONE',  ( -1.361951371735217187, 0.4000000000000000222, 1.583872038398692172 ) ) ;
#1163 = VECTOR ( 'NONE', #725, 1000.000000000000000 ) ;
#1164 = DIRECTION ( 'NONE',  ( -0.3982785837688262998, 0.000000000000000000, -0.9172645036798807716 ) ) ;
#1165 = EDGE_LOOP ( 'NONE', ( #397, #5, #152, #477 ) ) ;
#1166 = CARTESIAN_POINT ( 'NONE',  ( 1.439948586856617530, 0.000000000000000000, 1.977857971191405495 ) ) ;
#1167 = ORIENTED_EDGE ( 'NONE', *, *, #1282, .F. ) ;
#1168 = CARTESIAN_POINT ( 'NONE',  ( 1.438775131928940798, 0.000000000000000000, 2.079423302830288645 ) ) ;
#1169 = EDGE_CURVE ( 'NONE', #463, #825, #912, .T. ) ;
#1170 = CARTESIAN_POINT ( 'NONE',  ( -1.055962297028186114, 0.000000000000000000, -1.793007390639361320 ) ) ;
#1171 = CARTESIAN_POINT ( 'NONE',  ( -1.485840367461922717, 0.4000000000000000222, 1.732872878172287745 ) ) ;
#1172 = AXIS2_PLACEMENT_3D ( 'NONE', #647, #560, #1509 ) ;
#1173 = CARTESIAN_POINT ( 'NONE',  ( 1.227956156013837896, 0.000000000000000000, 2.351844618055555003 ) ) ;
#1174 = EDGE_LOOP ( 'NONE', ( #218, #1436, #280, #745, #1331, #465, #260, #568, #950, #144 ) ) ;
#1175 = CARTESIAN_POINT ( 'NONE',  ( -0.1870869307160099027, 0.000000000000000000, -1.960386536673152325 ) ) ;
#1176 = ORIENTED_EDGE ( 'NONE', *, *, #409, .T. ) ;
#1177 = CARTESIAN_POINT ( 'NONE',  ( 0.4799828622855393245, 0.000000000000000000, 1.583872038398692172 ) ) ;
#1178 = CARTESIAN_POINT ( 'NONE',  ( -0.1168019630489774696, 0.000000000000000000, -1.902336991463614346 ) ) ;
#1179 = FACE_OUTER_BOUND ( 'NONE', #554, .T. ) ;
#1180 = CARTESIAN_POINT ( 'NONE',  ( -1.395682225334531790, 0.000000000000000000, 1.587449518074591115 ) ) ;
#1181 = VERTEX_POINT ( 'NONE', #1397 ) ;
#1182 = CARTESIAN_POINT ( 'NONE',  ( -1.468596712063416687, 0.000000000000000000, 2.261555537441950925 ) ) ;
#1183 = VERTEX_POINT ( 'NONE', #923 ) ;
#1184 = CARTESIAN_POINT ( 'NONE',  ( -1.361951371735217187, 0.000000000000000000, 1.583872038398692172 ) ) ;
#1185 = CARTESIAN_POINT ( 'NONE',  ( 0.000000000000000000, 20.00000000000000000, 0.000000000000000000 ) ) ;
#1186 = CIRCLE ( 'NONE', #841, 5.049999999999999822 ) ;
#1187 = DIRECTION ( 'NONE',  ( 0.9102649078525286708, 0.000000000000000000, -0.4140263246850708345 ) ) ;
#1188 = ORIENTED_EDGE ( 'NONE', *, *, #552, .F. ) ;
#1189 = CARTESIAN_POINT ( 'NONE',  ( 0.000000000000000000, 23.00000000000000000, -5.049999999999999822 ) ) ;
#1190 = VERTEX_POINT ( 'NONE', #697 ) ;
#1191 = FACE_OUTER_BOUND ( 'NONE', #1043, .T. ) ;
#1192 =( GEOMETRIC_REPRESENTATION_CONTEXT ( 3 ) GLOBAL_UNCERTAINTY_ASSIGNED_CONTEXT ( ( #1454 ) ) GLOBAL_UNIT_ASSIGNED_CONTEXT ( ( #859, #1233, #161 ) ) REPRESENTATION_CONTEXT ( 'NONE', 'WORKASPACE' ) );
#1193 = CARTESIAN_POINT ( 'NONE',  ( -0.1473050002026604632, 0.000000000000000000, -1.934724110782450213 ) ) ;
#1194 = CARTESIAN_POINT ( 'NONE',  ( -0.5979786492640674078, 0.000000000000000000, -2.000000000000000444 ) ) ;
#1195 = ORIENTED_EDGE ( 'NONE', *, *, #984, .F. ) ;
#1196 = CARTESIAN_POINT ( 'NONE',  ( -1.503286786378241757, 0.000000000000000000, 2.002200853681657122 ) ) ;
#1197 = ADVANCED_FACE ( 'NONE', ( #1301 ), #680, .F. ) ;
#1198 = ORIENTED_EDGE ( 'NONE', *, *, #738, .F. ) ;
#1199 = DIRECTION ( 'NONE',  ( -1.000000000000000000, 0.000000000000000000, 0.000000000000000000 ) ) ;
#1200 = CARTESIAN_POINT ( 'NONE',  ( 0.000000000000000000, 20.00000000000000000, 0.000000000000000000 ) ) ;
#1201 = CARTESIAN_POINT ( 'NONE',  ( 0.000000000000000000, 1.999999999999998224, 1.649999999999999911 ) ) ;
#1202 = B_SPLINE_SURFACE_WITH_KNOTS ( 'NONE', 3, 1, ( 
 ( #876, #1019 ),
 ( #1128, #75 ),
 ( #530, #1260 ),
 ( #178, #201 ),
 ( #68, #1493 ),
 ( #295, #1120 ),
 ( #1500, #1245 ),
 ( #433, #1141 ),
 ( #1134, #758 ),
 ( #653, #187 ),
 ( #425, #419 ) ),
 .UNSPECIFIED., .F., .F., .F.,
 ( 4, 1, 1, 1, 1, 1, 1, 1, 4 ),
 ( 2, 2 ),
 ( 0.000000000000000000, 0.08239473392324812850, 0.1596449883399596315, 0.2399018785897437112, 0.3383223544027434415, 0.4568188354370830706, 0.6031285621037615341, 0.7816169886672580391, 1.000000000000000000 ),
 ( 0.000000000000000000, 1.000000000000000000 ),
 .UNSPECIFIED. ) ;
#1203 = VERTEX_POINT ( 'NONE', #1173 ) ;
#1204 = CARTESIAN_POINT ( 'NONE',  ( -1.468596712063416687, 0.4000000000000000222, 2.261555537441950925 ) ) ;
#1205 = ORIENTED_EDGE ( 'NONE', *, *, #1037, .T. ) ;
#1206 = CARTESIAN_POINT ( 'NONE',  ( -1.066059388822340193, 0.000000000000000000, -1.928063191284155486 ) ) ;
#1207 = PRODUCT_DEFINITION_CONTEXT ( 'detailed design', #1255, 'design' ) ;
#1208 = CARTESIAN_POINT ( 'NONE',  ( -0.9584330082354313163, 0.4000000000000000222, -1.977833701680547840 ) ) ;
#1209 = DIRECTION ( 'NONE',  ( -0.000000000000000000, -1.000000000000000000, -0.000000000000000000 ) ) ;
#1210 = AXIS2_PLACEMENT_3D ( 'NONE', #1185, #133, #1299 ) ;
#1211 = AXIS2_PLACEMENT_3D ( 'NONE', #3, #1413, #363 ) ;
#1212 = CARTESIAN_POINT ( 'NONE',  ( -1.373186676380442117, 0.4000000000000000222, 1.585063649927362261 ) ) ;
#1213 = CARTESIAN_POINT ( 'NONE',  ( -1.361951371735217187, 0.000000000000000000, 1.583872038398692172 ) ) ;
#1214 = CIRCLE ( 'NONE', #520, 3.049999999999999822 ) ;
#1215 = CARTESIAN_POINT ( 'NONE',  ( 1.438935589196633558, 0.4000000000000000222, 1.890111525453490149 ) ) ;
#1216 = ADVANCED_FACE ( 'NONE', ( #216, #584 ), #1059, .F. ) ;
#1217 = EDGE_LOOP ( 'NONE', ( #229, #245, #562, #512 ) ) ;
#1218 = LINE ( 'NONE', #1364, #811 ) ;
#1219 = EDGE_CURVE ( 'NONE', #1190, #192, #479, .T. ) ;
#1220 = CARTESIAN_POINT ( 'NONE',  ( -1.503946301828022802, 0.000000000000000000, 1.970858221116408515 ) ) ;
#1221 = DIRECTION ( 'NONE',  ( -0.000000000000000000, -1.000000000000000000, -0.000000000000000000 ) ) ;
#1222 = B_SPLINE_CURVE_WITH_KNOTS ( 'NONE', 3,
 ( #1213, #857, #1100, #509, #45, #1475, #500, #966, #274, #1321, #516 ),
 .UNSPECIFIED., .F., .F.,
 ( 4, 1, 1, 1, 1, 1, 1, 1, 4 ),
 ( 0.000000000000000000, 0.07479019335052401740, 0.1497464028728067997, 0.2351223195882902461, 0.3348425773889892043, 0.4576645824639181681, 0.6090621360290472408, 0.7903501638779485416, 1.000000000000000000 ),
 .UNSPECIFIED. ) ;
#1223 = LINE ( 'NONE', #289, #1545 ) ;
#1224 = CARTESIAN_POINT ( 'NONE',  ( 1.427081400472893558, 0.4000000000000000222, 1.738210124490748854 ) ) ;
#1225 = PLANE ( 'NONE',  #524 ) ;
#1226 = FACE_OUTER_BOUND ( 'NONE', #607, .T. ) ;
#1227 = DIRECTION ( 'NONE',  ( 8.659560562354830553E-17, 0.7071067811865561215, -0.7071067811865390240 ) ) ;
#1228 = B_SPLINE_CURVE_WITH_KNOTS ( 'NONE', 3,
 ( #955, #1064, #947, #263, #382, #609, #1536, #1088, #1430, #1439, #25, #1308, #368 ),
 .UNSPECIFIED., .F., .F.,
 ( 4, 1, 1, 1, 1, 1, 1, 1, 1, 1, 4 ),
 ( 0.000000000000000000, 0.1340733496911790945, 0.2552582397853321305, 0.3603595852742327854, 0.4511719734585503683, 0.5969543587437348142, 0.7032159891227142134, 0.7791487141453219412, 0.8406546243847108357, 0.9105772362246894458, 1.000000000000000000 ),
 .UNSPECIFIED. ) ;
#1229 = LINE ( 'NONE', #598, #254 ) ;
#1230 = VECTOR ( 'NONE', #47, 1000.000000000000000 ) ;
#1231 = CARTESIAN_POINT ( 'NONE',  ( 1.439948586856617530, 0.4000000000000000222, 1.977857971191405495 ) ) ;
#1232 = CARTESIAN_POINT ( 'NONE',  ( -0.9584330082354313163, 0.000000000000000000, -1.977833701680547840 ) ) ;
#1233 =( NAMED_UNIT ( * ) PLANE_ANGLE_UNIT ( ) SI_UNIT ( $, .RADIAN. ) );
#1234 = ORIENTED_EDGE ( 'NONE', *, *, #920, .T. ) ;
#1235 = CARTESIAN_POINT ( 'NONE',  ( -1.502071108844357683, 0.000000000000000000, 2.059974381618010053 ) ) ;
#1236 = CARTESIAN_POINT ( 'NONE',  ( -1.075244849405784908, 0.000000000000000000, -1.840329809716477527 ) ) ;
#1237 = ADVANCED_BREP_SHAPE_REPRESENTATION ( 'JK-RTF-02-14-01 Knob_7', ( #462, #1499, #30 ), #82 ) ;
#1238 = CARTESIAN_POINT ( 'NONE',  ( -1.424522993804379078, 0.4000000000000000222, 2.332809912565560584 ) ) ;
#1239 = EDGE_CURVE ( 'NONE', #1038, #825, #483, .T. ) ;
#1240 = CARTESIAN_POINT ( 'NONE',  ( 1.427081400472893558, 0.000000000000000000, 1.738210124490748854 ) ) ;
#1241 = VECTOR ( 'NONE', #232, 1000.000000000000114 ) ;
#1242 = CARTESIAN_POINT ( 'NONE',  ( -0.6783219337076735744, 0.4000000000000000222, -1.999297799908301698 ) ) ;
#1243 = ORIENTED_EDGE ( 'NONE', *, *, #600, .F. ) ;
#1244 = DIRECTION ( 'NONE',  ( -1.000000000000000000, 0.000000000000000000, -0.000000000000000000 ) ) ;
#1245 = CARTESIAN_POINT ( 'NONE',  ( -0.3049159754535746836, 0.000000000000000000, -1.988596283141519816 ) ) ;
#1246 = CONICAL_SURFACE ( 'NONE', #1045, 4.349999999999999645, 0.7853981633974361776 ) ;
#1247 = CARTESIAN_POINT ( 'NONE',  ( -1.495545331961543045, 0.4000000000000000222, 2.140283922349801138 ) ) ;
#1248 = EDGE_CURVE ( 'NONE', #1151, #916, #498, .T. ) ;
#1249 = CARTESIAN_POINT ( 'NONE',  ( 1.427081400472893558, 0.000000000000000000, 1.738210124490748854 ) ) ;
#1250 = AXIS2_PLACEMENT_3D ( 'NONE', #378, #398, #606 ) ;
#1251 = DIRECTION ( 'NONE',  ( -0.000000000000000000, -1.000000000000000000, -0.000000000000000000 ) ) ;
#1252 = CARTESIAN_POINT ( 'NONE',  ( 1.395052486390410795, 0.4000000000000000222, 2.284862428071074980 ) ) ;
#1253 = CARTESIAN_POINT ( 'NONE',  ( -1.451528664110011135, 0.4000000000000000222, 1.636792346969975220 ) ) ;
#1254 = CARTESIAN_POINT ( 'NONE',  ( 1.415791340610427218, 0.000000000000000000, 1.673161073626371564 ) ) ;
#1255 = APPLICATION_CONTEXT ( 'automotive_design' ) ;
#1256 = EDGE_LOOP ( 'NONE', ( #1060, #1195, #580, #713 ) ) ;
#1257 = CARTESIAN_POINT ( 'NONE',  ( 0.000000000000000000, 23.00000000000000000, 0.000000000000000000 ) ) ;
#1258 = ADVANCED_FACE ( 'NONE', ( #1473, #837 ), #636, .T. ) ;
#1259 = LINE ( 'NONE', #404, #228 ) ;
#1260 = CARTESIAN_POINT ( 'NONE',  ( -0.1168019630489774696, 0.000000000000000000, -1.902336991463614346 ) ) ;
#1261 = CARTESIAN_POINT ( 'NONE',  ( -1.502071108844357683, 0.000000000000000000, 2.059974381618010053 ) ) ;
#1262 = CARTESIAN_POINT ( 'NONE',  ( -0.4852842398144707747, 0.4000000000000000222, -1.999725841192792952 ) ) ;
#1263 = EDGE_LOOP ( 'NONE', ( #1099, #977, #1349, #1312 ) ) ;
#1264 = CARTESIAN_POINT ( 'NONE',  ( -1.496339640947202065, 0.4000000000000000222, 1.800191363832886138 ) ) ;
#1265 = EDGE_CURVE ( 'NONE', #995, #587, #256, .T. ) ;
#1266 = CARTESIAN_POINT ( 'NONE',  ( 1.427081400472893558, 0.4000000000000000222, 1.738210124490748854 ) ) ;
#1267 = LINE ( 'NONE', #1390, #938 ) ;
#1268 = CARTESIAN_POINT ( 'NONE',  ( -1.055962297028186114, 0.000000000000000000, -1.793007390639361320 ) ) ;
#1269 = VERTEX_POINT ( 'NONE', #1447 ) ;
#1270 = DIRECTION ( 'NONE',  ( -0.3982785837688262998, 0.000000000000000000, -0.9172645036798807716 ) ) ;
#1271 = CARTESIAN_POINT ( 'NONE',  ( 1.416399911566943892, 0.4000000000000000222, 2.234640446669774683 ) ) ;
#1272 = DIRECTION ( 'NONE',  ( 1.000000000000000000, 0.000000000000000000, -0.000000000000000000 ) ) ;
#1273 = ADVANCED_FACE ( 'NONE', ( #973 ), #1089, .T. ) ;
#1274 = ORIENTED_EDGE ( 'NONE', *, *, #1427, .T. ) ;
#1275 = CARTESIAN_POINT ( 'NONE',  ( 1.439594417945592619, -0.000000000000000000, 1.947179654388770054 ) ) ;
#1276 = VERTEX_POINT ( 'NONE', #1220 ) ;
#1277 = CARTESIAN_POINT ( 'NONE',  ( -1.084465050790021756, 0.4000000000000000222, -1.886594158268892540 ) ) ;
#1278 = LINE ( 'NONE', #207, #1422 ) ;
#1279 = CARTESIAN_POINT ( 'NONE',  ( 1.416399911566943892, 0.000000000000000000, 2.234640446669774683 ) ) ;
#1280 = VECTOR ( 'NONE', #1209, 1000.000000000000000 ) ;
#1281 = CARTESIAN_POINT ( 'NONE',  ( -1.055962297028186114, 0.4000000000000000222, -1.793007390639361320 ) ) ;
#1282 = EDGE_CURVE ( 'NONE', #1144, #1094, #726, .T. ) ;
#1283 = VERTEX_POINT ( 'NONE', #1194 ) ;
#1284 = LINE ( 'NONE', #227, #1050 ) ;
#1285 = EDGE_CURVE ( 'NONE', #455, #944, #718, .T. ) ;
#1286 = ORIENTED_EDGE ( 'NONE', *, *, #54, .T. ) ;
#1287 = DIRECTION ( 'NONE',  ( 0.000000000000000000, 0.000000000000000000, -1.000000000000000000 ) ) ;
#1288 = AXIS2_PLACEMENT_3D ( 'NONE', #308, #1133, #213 ) ;
#1289 = VECTOR ( 'NONE', #639, 1000.000000000000000 ) ;
#1290 = DIRECTION ( 'NONE',  ( 0.000000000000000000, 0.000000000000000000, -1.000000000000000000 ) ) ;
#1291 = CARTESIAN_POINT ( 'NONE',  ( -1.055962297028186114, 0.4000000000000000222, -1.793007390639361320 ) ) ;
#1292 = CARTESIAN_POINT ( 'NONE',  ( -2.565151067676131547, 20.00000000000000000, 1.649999999999999911 ) ) ;
#1293 = CIRCLE ( 'NONE', #693, 3.850000000000000977 ) ;
#1294 = ORIENTED_EDGE ( 'NONE', *, *, #1282, .T. ) ;
#1295 = DIRECTION ( 'NONE',  ( -1.000000000000000000, 0.000000000000000000, 0.000000000000000000 ) ) ;
#1296 = ADVANCED_FACE ( 'NONE', ( #369 ), #19, .T. ) ;
#1297 = VERTEX_POINT ( 'NONE', #383 ) ;
#1298 = CARTESIAN_POINT ( 'NONE',  ( -0.1870869307160099027, 0.000000000000000000, -1.960386536673152325 ) ) ;
#1299 = DIRECTION ( 'NONE',  ( 0.000000000000000000, 0.000000000000000000, -1.000000000000000000 ) ) ;
#1300 = CARTESIAN_POINT ( 'NONE',  ( 0.4799828622855393245, 0.4000000000000000222, 1.583872038398692172 ) ) ;
#1301 = FACE_OUTER_BOUND ( 'NONE', #1165, .T. ) ;
#1302 = ORIENTED_EDGE ( 'NONE', *, *, #191, .T. ) ;
#1303 = FACE_OUTER_BOUND ( 'NONE', #1092, .T. ) ;
#1304 = B_SPLINE_CURVE_WITH_KNOTS ( 'NONE', 3,
 ( #1535, #853, #525, #626, #747, #739, #1232, #978, #1206, #282, #46, #1347, #1116 ),
 .UNSPECIFIED., .F., .F.,
 ( 4, 1, 1, 1, 1, 1, 1, 1, 1, 1, 4 ),
 ( 0.000000000000000000, 0.1340733496911790945, 0.2552582397853321305, 0.3603595852742327854, 0.4511719734585503683, 0.5969543587437348142, 0.7032159891227142134, 0.7791487141453219412, 0.8406546243847108357, 0.9105772362246894458, 1.000000000000000000 ),
 .UNSPECIFIED. ) ;
#1305 = ORIENTED_EDGE ( 'NONE', *, *, #375, .F. ) ;
#1306 = LINE ( 'NONE', #1177, #771 ) ;
#1307 = ADVANCED_FACE ( 'NONE', ( #956 ), #1440, .F. ) ;
#1308 = CARTESIAN_POINT ( 'NONE',  ( -1.062893647362963989, 0.4000000000000000222, -1.810018015523944479 ) ) ;
#1309 = DIRECTION ( 'NONE',  ( -0.000000000000000000, -1.000000000000000000, 0.000000000000000000 ) ) ;
#1310 = EDGE_CURVE ( 'NONE', #1314, #1038, #272, .T. ) ;
#1311 = CARTESIAN_POINT ( 'NONE',  ( -1.503720071577574036, 0.000000000000000000, 1.939510123896416083 ) ) ;
#1312 = ORIENTED_EDGE ( 'NONE', *, *, #1098, .T. ) ;
#1313 = CARTESIAN_POINT ( 'NONE',  ( 1.335952300028083961, 0.4000000000000000222, 1.434877358230889577 ) ) ;
#1314 = VERTEX_POINT ( 'NONE', #157 ) ;
#1315 = CARTESIAN_POINT ( 'NONE',  ( 1.430232995902464443, 0.4000000000000000222, 2.166777773127899653 ) ) ;
#1316 = CARTESIAN_POINT ( 'NONE',  ( 0.000000000000000000, 1.999999999999998224, 0.000000000000000000 ) ) ;
#1317 = ADVANCED_FACE ( 'NONE', ( #623 ), #1424, .T. ) ;
#1318 = ADVANCED_FACE ( 'NONE', ( #194 ), #1202, .T. ) ;
#1319 = DIRECTION ( 'NONE',  ( -1.000000000000000000, 0.000000000000000000, 0.000000000000000000 ) ) ;
#1320 = EDGE_LOOP ( 'NONE', ( #815, #1525, #1515, #1082 ) ) ;
#1321 = CARTESIAN_POINT ( 'NONE',  ( -1.503720071577574036, -0.000000000000000000, 1.939510123896416083 ) ) ;
#1322 = ORIENTED_EDGE ( 'NONE', *, *, #1047, .F. ) ;
#1323 = CARTESIAN_POINT ( 'NONE',  ( 1.430232995902464443, 0.000000000000000000, 2.166777773127899653 ) ) ;
#1324 = AXIS2_PLACEMENT_3D ( 'NONE', #618, #1102, #762 ) ;
#1325 = CARTESIAN_POINT ( 'NONE',  ( 0.000000000000000000, 23.00000000000000000, -4.349999999999999645 ) ) ;
#1326 = CARTESIAN_POINT ( 'NONE',  ( -1.361951371735217187, 0.4000000000000000222, 1.583872038398692172 ) ) ;
#1327 = PRODUCT_RELATED_PRODUCT_CATEGORY ( 'part', '', ( #247 ) ) ;
#1328 = ORIENTED_EDGE ( 'NONE', *, *, #1448, .T. ) ;
#1329 = CARTESIAN_POINT ( 'NONE',  ( -0.09599657245710764564, 0.000000000000000000, -1.863004891389335782 ) ) ;
#1330 = EDGE_CURVE ( 'NONE', #1504, #423, #57, .T. ) ;
#1331 = ORIENTED_EDGE ( 'NONE', *, *, #704, .F. ) ;
#1332 = CARTESIAN_POINT ( 'NONE',  ( 1.360250697084470328, 0.4000000000000000222, 1.495084377099380246 ) ) ;
#1333 = CARTESIAN_POINT ( 'NONE',  ( -0.8883045475803617030, 0.000000000000000000, -1.988430727400201992 ) ) ;
#1334 = DIRECTION ( 'NONE',  ( 0.000000000000000000, 0.000000000000000000, -1.000000000000000000 ) ) ;
#1335 = CARTESIAN_POINT ( 'NONE',  ( 0.4799828622855393245, 0.4000000000000000222, 1.583872038398692172 ) ) ;
#1336 = CARTESIAN_POINT ( 'NONE',  ( 0.000000000000000000, 20.50000000000001066, -4.349999999999999645 ) ) ;
#1337 = ADVANCED_FACE ( 'NONE', ( #997 ), #43, .T. ) ;
#1338 = ADVANCED_FACE ( 'NONE', ( #1049 ), #223, .T. ) ;
#1339 = CARTESIAN_POINT ( 'NONE',  ( -1.495545331961543045, 0.4000000000000000222, 2.140283922349801138 ) ) ;
#1340 = DIRECTION ( 'NONE',  ( 0.000000000000000000, 0.000000000000000000, 1.000000000000000000 ) ) ;
#1341 = CARTESIAN_POINT ( 'NONE',  ( -1.503286786378241757, 0.000000000000000000, 2.002200853681657122 ) ) ;
#1342 = DIRECTION ( 'NONE',  ( 0.000000000000000000, -1.000000000000000000, -0.000000000000000000 ) ) ;
#1343 = STYLED_ITEM ( 'NONE', ( #105 ), #462 ) ;
#1344 = CIRCLE ( 'NONE', #1211, 3.850000000000000977 ) ;
#1345 = PLANE ( 'NONE',  #1393 ) ;
#1346 = DIRECTION ( 'NONE',  ( 0.000000000000000000, 0.000000000000000000, 1.000000000000000000 ) ) ;
#1347 = CARTESIAN_POINT ( 'NONE',  ( -1.062893647362963989, -0.000000000000000000, -1.810018015523944479 ) ) ;
#1348 = CARTESIAN_POINT ( 'NONE',  ( -0.8180626956560326235, 0.4000000000000000222, -1.994695895135459640 ) ) ;
#1349 = ORIENTED_EDGE ( 'NONE', *, *, #350, .F. ) ;
#1350 = CARTESIAN_POINT ( 'NONE',  ( -1.495545331961543045, 0.4000000000000000222, 2.140283922349801138 ) ) ;
#1351 = B_SPLINE_CURVE_WITH_KNOTS ( 'NONE', 3,
 ( #1006, #1489, #414, #1369, #674, #768, #79, #1503, #1262, #428, #1382 ),
 .UNSPECIFIED., .F., .F.,
 ( 4, 1, 1, 1, 1, 1, 1, 1, 4 ),
 ( 0.000000000000000000, 0.08239473392324812850, 0.1596449883399596315, 0.2399018785897437112, 0.3383223544027434415, 0.4568188354370830706, 0.6031285621037615341, 0.7816169886672580391, 1.000000000000000000 ),
 .UNSPECIFIED. ) ;
#1352 = CARTESIAN_POINT ( 'NONE',  ( 1.439528445340977125, 0.4000000000000000222, 2.014222224615084933 ) ) ;
#1353 = EDGE_LOOP ( 'NONE', ( #1167, #594, #960, #1077 ) ) ;
#1354 = CARTESIAN_POINT ( 'NONE',  ( -1.362951336031645422, 0.4000000000000000222, 2.351844618055555003 ) ) ;
#1355 = DIRECTION ( 'NONE',  ( 0.4140263246850708345, 0.000000000000000000, 0.9102649078525286708 ) ) ;
#1356 = ORIENTED_EDGE ( 'NONE', *, *, #620, .F. ) ;
#1357 = CARTESIAN_POINT ( 'NONE',  ( -1.495545331961543045, 0.000000000000000000, 2.140283922349801138 ) ) ;
#1358 = CARTESIAN_POINT ( 'NONE',  ( 1.335952300028083961, 0.4000000000000000222, 1.434877358230889577 ) ) ;
#1359 = EDGE_CURVE ( 'NONE', #265, #834, #233, .T. ) ;
#1360 = CARTESIAN_POINT ( 'NONE',  ( -1.503946301828022802, 0.4000000000000000222, 1.970858221116408515 ) ) ;
#1361 = LINE ( 'NONE', #298, #1124 ) ;
#1362 = CARTESIAN_POINT ( 'NONE',  ( 0.000000000000000000, 0.000000000000000000, 4.049999999999998046 ) ) ;
#1363 = ORIENTED_EDGE ( 'NONE', *, *, #552, .T. ) ;
#1364 = CARTESIAN_POINT ( 'NONE',  ( -1.055962297028186114, 0.4000000000000000222, -1.793007390639361320 ) ) ;
#1365 = ADVANCED_FACE ( 'NONE', ( #679 ), #1246, .F. ) ;
#1366 = CARTESIAN_POINT ( 'NONE',  ( 1.326933095984964561, 0.4000000000000000222, 2.342161897840981499 ) ) ;
#1367 = EDGE_CURVE ( 'NONE', #916, #28, #259, .T. ) ;
#1368 = CARTESIAN_POINT ( 'NONE',  ( -1.483914888187735537, 0.000000000000000000, 2.206907786933355986 ) ) ;
#1369 = CARTESIAN_POINT ( 'NONE',  ( -0.1473050002026604632, 0.4000000000000000222, -1.934724110782450213 ) ) ;
#1370 = CIRCLE ( 'NONE', #351, 3.049999999999999822 ) ;
#1371 = CARTESIAN_POINT ( 'NONE',  ( 1.227956156013837896, 0.4000000000000000222, 2.351844618055555003 ) ) ;
#1372 = CARTESIAN_POINT ( 'NONE',  ( 1.401758417614904273, 0.4000000000000000222, 1.611967408874114049 ) ) ;
#1373 = CARTESIAN_POINT ( 'NONE',  ( -1.483914888187735537, 0.4000000000000000222, 2.206907786933355986 ) ) ;
#1374 = CARTESIAN_POINT ( 'NONE',  ( -0.6783219337076735744, 0.4000000000000000222, -1.999297799908301698 ) ) ;
#1375 = VECTOR ( 'NONE', #1295, 1000.000000000000000 ) ;
#1376 = ORIENTED_EDGE ( 'NONE', *, *, #127, .T. ) ;
#1377 = CARTESIAN_POINT ( 'NONE',  ( 1.438775131928940798, 0.000000000000000000, 2.079423302830288645 ) ) ;
#1378 = CARTESIAN_POINT ( 'NONE',  ( 1.335952300028083961, 0.000000000000000000, 1.434877358230889577 ) ) ;
#1379 = B_SPLINE_CURVE_WITH_KNOTS ( 'NONE', 3,
 ( #132, #1071, #16, #9, #808, #1410, #843, #1323, #1168, #818, #581 ),
 .UNSPECIFIED., .F., .F.,
 ( 4, 1, 1, 1, 1, 1, 1, 1, 4 ),
 ( 0.000000000000000000, 0.1098187836792970801, 0.2013139233573029152, 0.2842401477675115529, 0.3708015968886865799, 0.4752591901803874808, 0.6102017632401135483, 0.7825998855593404580, 1.000000000000000000 ),
 .UNSPECIFIED. ) ;
#1380 = CARTESIAN_POINT ( 'NONE',  ( -0.8180626956560326235, 0.000000000000000000, -1.994695895135459640 ) ) ;
#1381 = CARTESIAN_POINT ( 'NONE',  ( -1.468596712063416687, 0.4000000000000000222, 2.261555537441950925 ) ) ;
#1382 = CARTESIAN_POINT ( 'NONE',  ( -0.5979786492640674078, 0.4000000000000000222, -2.000000000000000444 ) ) ;
#1383 = PRODUCT_CONTEXT ( 'NONE', #231, 'mechanical' ) ;
#1384 = EDGE_CURVE ( 'NONE', #22, #1183, #1391, .T. ) ;
#1385 = EDGE_CURVE ( 'NONE', #834, #1409, #677, .T. ) ;
#1386 = ORIENTED_EDGE ( 'NONE', *, *, #183, .T. ) ;
#1387 = SURFACE_STYLE_USAGE ( .BOTH. , #199 ) ;
#1388 = CARTESIAN_POINT ( 'NONE',  ( -1.503298215913329683, 0.4000000000000000222, 1.881054756635346825 ) ) ;
#1389 = CARTESIAN_POINT ( 'NONE',  ( 1.360250697084470328, 0.4000000000000000222, 1.495084377099380246 ) ) ;
#1390 = CARTESIAN_POINT ( 'NONE',  ( -0.5979786492640674078, 0.4000000000000000222, -2.000000000000000444 ) ) ;
#1391 = B_SPLINE_CURVE_WITH_KNOTS ( 'NONE', 3,
 ( #1162, #948, #241, #1530, #97, #829, #1171, #821, #703, #458, #125 ),
 .UNSPECIFIED., .F., .F.,
 ( 4, 1, 1, 1, 1, 1, 1, 1, 4 ),
 ( 0.000000000000000000, 0.07479019335052401740, 0.1497464028728067997, 0.2351223195882902461, 0.3348425773889892043, 0.4576645824639181681, 0.6090621360290472408, 0.7903501638779485416, 1.000000000000000000 ),
 .UNSPECIFIED. ) ;
#1392 = CARTESIAN_POINT ( 'NONE',  ( -1.075244849405784908, 0.000000000000000000, -1.840329809716477527 ) ) ;
#1393 = AXIS2_PLACEMENT_3D ( 'NONE', #1335, #974, #1460 ) ;
#1394 = VERTEX_POINT ( 'NONE', #1291 ) ;
#1395 = LINE ( 'NONE', #327, #967 ) ;
#1396 = CARTESIAN_POINT ( 'NONE',  ( 1.439528445340977125, 0.000000000000000000, 2.014222224615084933 ) ) ;
#1397 = CARTESIAN_POINT ( 'NONE',  ( -1.503946301828022802, 0.4000000000000000222, 1.970858221116408515 ) ) ;
#1398 = CONICAL_SURFACE ( 'NONE', #767, 5.049999999999999822, 0.7853981633974504994 ) ;
#1399 = ORIENTED_EDGE ( 'NONE', *, *, #191, .F. ) ;
#1400 = CARTESIAN_POINT ( 'NONE',  ( -1.084465050790021756, 0.4000000000000000222, -1.886594158268892540 ) ) ;
#1401 = ORIENTED_EDGE ( 'NONE', *, *, #775, .T. ) ;
#1402 = CARTESIAN_POINT ( 'NONE',  ( 1.227956156013837896, 0.000000000000000000, 2.351844618055555003 ) ) ;
#1403 = CARTESIAN_POINT ( 'NONE',  ( -1.471697595345395904, 0.4000000000000000222, 1.678580356991401290 ) ) ;
#1404 = DIRECTION ( 'NONE',  ( 0.000000000000000000, 0.000000000000000000, 1.000000000000000000 ) ) ;
#1405 = EDGE_CURVE ( 'NONE', #700, #1510, #574, .T. ) ;
#1406 = FACE_OUTER_BOUND ( 'NONE', #80, .T. ) ;
#1407 = ORIENTED_EDGE ( 'NONE', *, *, #645, .F. ) ;
#1408 = CARTESIAN_POINT ( 'NONE',  ( 1.439594417945592619, 0.4000000000000000222, 1.947179654388770054 ) ) ;
#1409 = VERTEX_POINT ( 'NONE', #696 ) ;
#1410 = CARTESIAN_POINT ( 'NONE',  ( 1.395052486390410795, 0.000000000000000000, 2.284862428071074980 ) ) ;
#1411 = DIRECTION ( 'NONE',  ( 0.000000000000000000, 0.000000000000000000, 1.000000000000000000 ) ) ;
#1412 = CARTESIAN_POINT ( 'NONE',  ( -0.09599657245710764564, 0.4000000000000000222, -1.863004891389335782 ) ) ;
#1413 = DIRECTION ( 'NONE',  ( 0.000000000000000000, 1.000000000000000000, -0.000000000000000000 ) ) ;
#1414 = VERTEX_POINT ( 'NONE', #1300 ) ;
#1415 = CARTESIAN_POINT ( 'NONE',  ( 1.427081400472893558, 0.4000000000000000222, 1.738210124490748854 ) ) ;
#1416 = ORIENTED_EDGE ( 'NONE', *, *, #940, .T. ) ;
#1417 = CARTESIAN_POINT ( 'NONE',  ( 1.439948586856617530, 0.4000000000000000222, 1.977857971191405495 ) ) ;
#1418 = VECTOR ( 'NONE', #177, 1000.000000000000000 ) ;
#1419 = VECTOR ( 'NONE', #1164, 1000.000000000000227 ) ;
#1420 = FACE_OUTER_BOUND ( 'NONE', #1353, .T. ) ;
#1421 = CARTESIAN_POINT ( 'NONE',  ( -0.4852842398144707747, 0.4000000000000000222, -1.999725841192792952 ) ) ;
#1422 = VECTOR ( 'NONE', #315, 1000.000000000000000 ) ;
#1423 = CARTESIAN_POINT ( 'NONE',  ( 1.335952300028083961, 0.000000000000000000, 1.434877358230889577 ) ) ;
#1424 = B_SPLINE_SURFACE_WITH_KNOTS ( 'NONE', 3, 1, ( 
 ( #1097, #388 ),
 ( #36, #861 ),
 ( #42, #396 ),
 ( #883, #1013 ),
 ( #1266, #657 ),
 ( #784, #50 ),
 ( #1372, #62 ),
 ( #666, #208 ),
 ( #1389, #1025 ),
 ( #543, #316 ),
 ( #1358, #643 ) ),
 .UNSPECIFIED., .F., .F., .F.,
 ( 4, 1, 1, 1, 1, 1, 1, 1, 4 ),
 ( 2, 2 ),
 ( 0.000000000000000000, 0.1649896178530788904, 0.3069154297217869809, 0.4330473242171679060, 0.5512455759489272022, 0.6617117452108902675, 0.7705951388014267156, 0.8801408014858397300, 1.000000000000000000 ),
 ( 0.000000000000000000, 1.000000000000000000 ),
 .UNSPECIFIED. ) ;
#1425 = ORIENTED_EDGE ( 'NONE', *, *, #1285, .T. ) ;
#1426 = CARTESIAN_POINT ( 'NONE',  ( -0.1030791067037888226, -0.000000000000000000, -1.876394255291921276 ) ) ;
#1427 = EDGE_CURVE ( 'NONE', #319, #719, #557, .T. ) ;
#1428 = ORIENTED_EDGE ( 'NONE', *, *, #1285, .F. ) ;
#1429 = FACE_OUTER_BOUND ( 'NONE', #763, .T. ) ;
#1430 = CARTESIAN_POINT ( 'NONE',  ( -1.066059388822340193, 0.4000000000000000222, -1.928063191284155486 ) ) ;
#1431 = CARTESIAN_POINT ( 'NONE',  ( -0.5579780535319941448, 0.4000000000000000222, -1.999902688024482122 ) ) ;
#1432 = PLANE ( 'NONE',  #864 ) ;
#1433 = B_SPLINE_CURVE_WITH_KNOTS ( 'NONE', 3,
 ( #1044, #1541, #714, #365, #690, #1182, #251, #130, #593, #100, #599 ),
 .UNSPECIFIED., .F., .F.,
 ( 4, 1, 1, 1, 1, 1, 1, 1, 4 ),
 ( 0.000000000000000000, 0.2130262549072811373, 0.3926689394530356036, 0.5468444388455654392, 0.6722449922718624071, 0.7765864508806014088, 0.8569251017415738803, 0.9288749358347939689, 1.000000000000000000 ),
 .UNSPECIFIED. ) ;
#1434 = ORIENTED_EDGE ( 'NONE', *, *, #507, .T. ) ;
#1435 = CARTESIAN_POINT ( 'NONE',  ( 1.427081400472893558, 0.4000000000000000222, 1.738210124490748854 ) ) ;
#1436 = ORIENTED_EDGE ( 'NONE', *, *, #267, .F. ) ;
#1437 = CARTESIAN_POINT ( 'NONE',  ( -0.1870869307160099027, 0.4000000000000000222, -1.960386536673152325 ) ) ;
#1438 = ADVANCED_FACE ( 'NONE', ( #1179 ), #1398, .T. ) ;
#1439 = CARTESIAN_POINT ( 'NONE',  ( -1.084465050790021756, 0.4000000000000000222, -1.886594158268892540 ) ) ;
#1440 = CYLINDRICAL_SURFACE ( 'NONE', #806, 3.049999999999999822 ) ;
#1441 = ORIENTED_EDGE ( 'NONE', *, *, #722, .T. ) ;
#1442 = CARTESIAN_POINT ( 'NONE',  ( -0.09599657245710764564, 0.000000000000000000, -1.863004891389335782 ) ) ;
#1443 = ORIENTED_EDGE ( 'NONE', *, *, #972, .F. ) ;
#1444 = CARTESIAN_POINT ( 'NONE',  ( -0.3858187340555536693, 0.000000000000000000, -1.996283374502793473 ) ) ;
#1445 = CARTESIAN_POINT ( 'NONE',  ( -1.424522993804379078, 0.000000000000000000, 2.332809912565560584 ) ) ;
#1446 = VECTOR ( 'NONE', #1528, 1000.000000000000227 ) ;
#1447 = CARTESIAN_POINT ( 'NONE',  ( -1.362951336031645422, 0.000000000000000000, 2.351844618055555003 ) ) ;
#1448 = EDGE_CURVE ( 'NONE', #119, #319, #468, .T. ) ;
#1449 = ORIENTED_EDGE ( 'NONE', *, *, #489, .T. ) ;
#1450 = CARTESIAN_POINT ( 'NONE',  ( 5.327213576290986242E-16, 23.00000000000000000, 4.349999999999999645 ) ) ;
#1451 = EDGE_LOOP ( 'NONE', ( #1188, #377, #631, #612 ) ) ;
#1452 = DIRECTION ( 'NONE',  ( 1.000000000000000000, 0.000000000000000000, 0.000000000000000000 ) ) ;
#1453 = B_SPLINE_SURFACE_WITH_KNOTS ( 'NONE', 3, 1, ( 
 ( #1108, #1115 ),
 ( #52, #1196 ),
 ( #1083, #1261 ),
 ( #1247, #210 ),
 ( #1373, #1368 ),
 ( #1381, #1026 ),
 ( #311, #323 ),
 ( #1238, #559 ),
 ( #773, #304 ),
 ( #64, #766 ),
 ( #202, #1514 ) ),
 .UNSPECIFIED., .F., .F., .F.,
 ( 4, 1, 1, 1, 1, 1, 1, 1, 4 ),
 ( 2, 2 ),
 ( 0.000000000000000000, 0.2130262549072811373, 0.3926689394530356036, 0.5468444388455654392, 0.6722449922718624071, 0.7765864508806014088, 0.8569251017415738803, 0.9288749358347939689, 1.000000000000000000 ),
 ( 0.000000000000000000, 1.000000000000000000 ),
 .UNSPECIFIED. ) ;
#1454 = UNCERTAINTY_MEASURE_WITH_UNIT (LENGTH_MEASURE( 1.000000000000000082E-05 ), #859, 'distance_accuracy_value', 'NONE');
#1455 = CIRCLE ( 'NONE', #1324, 4.049999999999998046 ) ;
#1456 = DIRECTION ( 'NONE',  ( 0.000000000000000000, -1.000000000000000000, 0.000000000000000000 ) ) ;
#1457 = AXIS2_PLACEMENT_3D ( 'NONE', #473, #602, #1287 ) ;
#1458 = CARTESIAN_POINT ( 'NONE',  ( 0.000000000000000000, 20.00000000000000000, -3.049999999999999822 ) ) ;
#1459 = EDGE_CURVE ( 'NONE', #1510, #700, #1455, .T. ) ;
#1460 = DIRECTION ( 'NONE',  ( 1.000000000000000000, 0.000000000000000000, -0.000000000000000000 ) ) ;
#1461 = DIRECTION ( 'NONE',  ( -0.9172645036798807716, 0.000000000000000000, 0.3982785837688262998 ) ) ;
#1462 = CARTESIAN_POINT ( 'NONE',  ( 1.335952300028083961, 0.4000000000000000222, 1.434877358230889577 ) ) ;
#1463 = DIRECTION ( 'NONE',  ( -0.000000000000000000, 1.000000000000000000, -0.000000000000000000 ) ) ;
#1464 = FACE_OUTER_BOUND ( 'NONE', #341, .T. ) ;
#1465 = CARTESIAN_POINT ( 'NONE',  ( 6.184466335694133068E-16, 20.00000000000000000, 5.049999999999999822 ) ) ;
#1466 = CARTESIAN_POINT ( 'NONE',  ( -1.361951371735217187, 0.000000000000000000, 1.583872038398692172 ) ) ;
#1467 = CARTESIAN_POINT ( 'NONE',  ( -1.424522993804379078, 0.4000000000000000222, 2.332809912565560584 ) ) ;
#1468 = CARTESIAN_POINT ( 'NONE',  ( -1.468596712063416687, 0.4000000000000000222, 2.261555537441950925 ) ) ;
#1469 = CARTESIAN_POINT ( 'NONE',  ( -1.066059388822340193, 0.4000000000000000222, -1.928063191284155486 ) ) ;
#1470 = ORIENTED_EDGE ( 'NONE', *, *, #875, .F. ) ;
#1471 = CARTESIAN_POINT ( 'NONE',  ( -1.503946301828022802, 0.000000000000000000, 1.970858221116408515 ) ) ;
#1472 = B_SPLINE_CURVE_WITH_KNOTS ( 'NONE', 3,
 ( #898, #1142, #760, #180, #85, #544, #551, #1508, #904, #644, #786 ),
 .UNSPECIFIED., .F., .F.,
 ( 4, 1, 1, 1, 1, 1, 1, 1, 4 ),
 ( 0.000000000000000000, 0.07479019335052401740, 0.1497464028728067997, 0.2351223195882902461, 0.3348425773889892043, 0.4576645824639181681, 0.6090621360290472408, 0.7903501638779485416, 1.000000000000000000 ),
 .UNSPECIFIED. ) ;
#1473 = FACE_OUTER_BOUND ( 'NONE', #225, .T. ) ;
#1474 = ORIENTED_EDGE ( 'NONE', *, *, #459, .T. ) ;
#1475 = CARTESIAN_POINT ( 'NONE',  ( -1.471697595345395904, 0.000000000000000000, 1.678580356991401290 ) ) ;
#1476 = CARTESIAN_POINT ( 'NONE',  ( -1.483914888187735537, 0.4000000000000000222, 2.206907786933355986 ) ) ;
#1477 = DIRECTION ( 'NONE',  ( 0.000000000000000000, 1.000000000000000000, -0.000000000000000000 ) ) ;
#1478 = ORIENTED_EDGE ( 'NONE', *, *, #943, .F. ) ;
#1479 = CARTESIAN_POINT ( 'NONE',  ( 0.000000000000000000, 20.00000000000000000, -5.049999999999999822 ) ) ;
#1480 = CARTESIAN_POINT ( 'NONE',  ( 1.227956156013837896, 0.000000000000000000, 2.351844618055555003 ) ) ;
#1481 = CARTESIAN_POINT ( 'NONE',  ( -1.448030384076042010, 0.000000000000000000, 2.302497667219046917 ) ) ;
#1482 = DIRECTION ( 'NONE',  ( -0.000000000000000000, 1.000000000000000000, -0.000000000000000000 ) ) ;
#1483 = CARTESIAN_POINT ( 'NONE',  ( 1.360250697084470328, 0.000000000000000000, 1.495084377099380246 ) ) ;
#1484 = ADVANCED_FACE ( 'NONE', ( #503 ), #646, .T. ) ;
#1485 = CARTESIAN_POINT ( 'NONE',  ( -0.6783219337076735744, 0.4000000000000000222, -1.999297799908301698 ) ) ;
#1486 = ADVANCED_FACE ( 'NONE', ( #740 ), #1225, .T. ) ;
#1487 = CARTESIAN_POINT ( 'NONE',  ( 1.280027794499109639, 0.4000000000000000222, 2.350381595552325287 ) ) ;
#1488 = CARTESIAN_POINT ( 'NONE',  ( -1.373186676380442117, 0.4000000000000000222, 1.585063649927362261 ) ) ;
#1489 = CARTESIAN_POINT ( 'NONE',  ( -0.1030791067037888226, 0.4000000000000000222, -1.876394255291921276 ) ) ;
#1490 = FILL_AREA_STYLE ('',( #634 ) ) ;
#1491 = ORIENTED_EDGE ( 'NONE', *, *, #391, .F. ) ;
#1492 = CARTESIAN_POINT ( 'NONE',  ( -0.8180626956560326235, 0.000000000000000000, -1.994695895135459640 ) ) ;
#1493 = CARTESIAN_POINT ( 'NONE',  ( -0.1870869307160099027, 0.000000000000000000, -1.960386536673152325 ) ) ;
#1494 = CARTESIAN_POINT ( 'NONE',  ( 1.439528445340977125, 0.4000000000000000222, 2.014222224615084933 ) ) ;
#1495 = CONICAL_SURFACE ( 'NONE', #418, 4.349999999999999645, 0.7853981633974361776 ) ;
#1496 = DIRECTION ( 'NONE',  ( 0.000000000000000000, -1.000000000000000000, -0.000000000000000000 ) ) ;
#1497 = ORIENTED_EDGE ( 'NONE', *, *, #486, .T. ) ;
#1498 = CARTESIAN_POINT ( 'NONE',  ( -1.062893647362963989, 0.4000000000000000222, -1.810018015523944479 ) ) ;
#1499 = MANIFOLD_SOLID_BREP ( 'Boss-Extrude4', #911 ) ;
#1500 = CARTESIAN_POINT ( 'NONE',  ( -0.3049159754535746836, 0.4000000000000000222, -1.988596283141519816 ) ) ;
#1501 = CARTESIAN_POINT ( 'NONE',  ( 2.565151067676131547, 1.999999999999998224, 1.649999999999999911 ) ) ;
#1502 = EDGE_CURVE ( 'NONE', #723, #1394, #830, .T. ) ;
#1503 = CARTESIAN_POINT ( 'NONE',  ( -0.3858187340555536693, 0.4000000000000000222, -1.996283374502793473 ) ) ;
#1504 = VERTEX_POINT ( 'NONE', #648 ) ;
#1505 = FILL_AREA_STYLE_COLOUR ( '', #155 ) ;
#1506 = CARTESIAN_POINT ( 'NONE',  ( -1.362951336031645422, 0.4000000000000000222, 2.351844618055555003 ) ) ;
#1507 = CARTESIAN_POINT ( 'NONE',  ( -1.055962297028186114, 0.000000000000000000, -1.793007390639361320 ) ) ;
#1508 = CARTESIAN_POINT ( 'NONE',  ( -1.496339640947202065, 0.000000000000000000, 1.800191363832886138 ) ) ;
#1509 = DIRECTION ( 'NONE',  ( 0.000000000000000000, 0.000000000000000000, -1.000000000000000000 ) ) ;
#1510 = VERTEX_POINT ( 'NONE', #1362 ) ;
#1511 = CARTESIAN_POINT ( 'NONE',  ( 1.227956156013837896, 0.000000000000000000, 2.351844618055555003 ) ) ;
#1512 = CARTESIAN_POINT ( 'NONE',  ( -1.503720071577574036, 0.4000000000000000222, 1.939510123896416083 ) ) ;
#1513 = CARTESIAN_POINT ( 'NONE',  ( -1.055962297028186114, 0.4000000000000000222, -1.793007390639361320 ) ) ;
#1514 = CARTESIAN_POINT ( 'NONE',  ( -1.362951336031645422, 0.000000000000000000, 2.351844618055555003 ) ) ;
#1515 = ORIENTED_EDGE ( 'NONE', *, *, #1359, .T. ) ;
#1516 = CARTESIAN_POINT ( 'NONE',  ( -1.084465050790021756, 0.000000000000000000, -1.886594158268892540 ) ) ;
#1517 = ORIENTED_EDGE ( 'NONE', *, *, #4, .T. ) ;
#1518 = CARTESIAN_POINT ( 'NONE',  ( 1.439948586856617530, 0.000000000000000000, 1.977857971191405495 ) ) ;
#1519 = CARTESIAN_POINT ( 'NONE',  ( -1.503298215913329683, 0.000000000000000000, 1.881054756635346825 ) ) ;
#1520 = DIRECTION ( 'NONE',  ( 0.000000000000000000, 0.000000000000000000, 1.000000000000000000 ) ) ;
#1521 = CARTESIAN_POINT ( 'NONE',  ( -1.496339640947202065, 0.000000000000000000, 1.800191363832886138 ) ) ;
#1522 = VECTOR ( 'NONE', #910, 1000.000000000000000 ) ;
#1523 = ORIENTED_EDGE ( 'NONE', *, *, #117, .F. ) ;
#1524 = CARTESIAN_POINT ( 'NONE',  ( 1.439594417945592619, -0.000000000000000000, 1.947179654388770054 ) ) ;
#1525 = ORIENTED_EDGE ( 'NONE', *, *, #963, .F. ) ;
#1526 = CIRCLE ( 'NONE', #529, 4.349999999999999645 ) ;
#1527 = CARTESIAN_POINT ( 'NONE',  ( -0.5979786492640674078, 0.000000000000000000, -2.000000000000000444 ) ) ;
#1528 = DIRECTION ( 'NONE',  ( -0.3982785837688262998, 0.000000000000000000, -0.9172645036798807716 ) ) ;
#1529 = EDGE_CURVE ( 'NONE', #243, #719, #755, .T. ) ;
#1530 = CARTESIAN_POINT ( 'NONE',  ( -1.426552523291796604, 0.4000000000000000222, 1.606459502130151318 ) ) ;
#1531 = DIRECTION ( 'NONE',  ( 0.000000000000000000, -0.000000000000000000, -1.000000000000000000 ) ) ;
#1532 = VERTEX_POINT ( 'NONE', #518 ) ;
#1533 = CARTESIAN_POINT ( 'NONE',  ( 1.415791340610427218, 0.4000000000000000222, 1.673161073626371564 ) ) ;
#1534 = ORIENTED_EDGE ( 'NONE', *, *, #183, .F. ) ;
#1535 = CARTESIAN_POINT ( 'NONE',  ( -0.5979786492640674078, 0.000000000000000000, -2.000000000000000444 ) ) ;
#1536 = CARTESIAN_POINT ( 'NONE',  ( -0.9584330082354313163, 0.4000000000000000222, -1.977833701680547840 ) ) ;
#1537 = DIRECTION ( 'NONE',  ( 0.000000000000000000, 0.000000000000000000, 1.000000000000000000 ) ) ;
#1538 = CARTESIAN_POINT ( 'NONE',  ( -1.426552523291796604, 0.4000000000000000222, 1.606459502130151318 ) ) ;
#1539 = EDGE_CURVE ( 'NONE', #138, #1151, #1293, .T. ) ;
#1540 = ORIENTED_EDGE ( 'NONE', *, *, #838, .F. ) ;
#1541 = CARTESIAN_POINT ( 'NONE',  ( -1.503286786378241757, -0.000000000000000000, 2.002200853681657122 ) ) ;
#1542 = ORIENTED_EDGE ( 'NONE', *, *, #209, .T. ) ;
#1543 = CYLINDRICAL_SURFACE ( 'NONE', #1457, 5.049999999999999822 ) ;
#1544 = PRESENTATION_LAYER_ASSIGNMENT (  '', '', ( #1343 ) ) ;
#1545 = VECTOR ( 'NONE', #151, 1000.000000000000000 ) ;
ENDSEC;
END-ISO-10303-21;
