ISO-10303-21;
HEADER;
FILE_DESCRIPTION (( 'STEP AP214' ),
    '1' );
FILE_NAME ('JK-RTF-02-01-02 Knob Plate.STEP',
    '2026-08-10T01:45:56',
    ( '' ),
    ( '' ),
    'SwSTEP 2.0',
    'SolidWorks 2025',
    '' );
FILE_SCHEMA (( 'AUTOMOTIVE_DESIGN' ));
ENDSEC;

DATA;
#1 = TOROIDAL_SURFACE ( 'NONE', #524, 35.25000000000000711, 5.000000000000000000 ) ;
#2 = EDGE_CURVE ( 'NONE', #89, #1594, #1074, .T. ) ;
#3 = VECTOR ( 'NONE', #2081, 1000.000000000000000 ) ;
#4 = CARTESIAN_POINT ( 'NONE',  ( 1.500000000000001332, -1.499999999999999556, -4.499999999999999112 ) ) ;
#5 = VECTOR ( 'NONE', #2371, 1000.000000000000000 ) ;
#6 = FACE_OUTER_BOUND ( 'NONE', #1116, .T. ) ;
#7 = AXIS2_PLACEMENT_3D ( 'NONE', #1928, #2105, #411 ) ;
#8 = CARTESIAN_POINT ( 'NONE',  ( 23.63066264877081935, 16.48239126328874704, -6.000000000000000000 ) ) ;
#9 = DIRECTION ( 'NONE',  ( 0.000000000000000000, 0.000000000000000000, -1.000000000000000000 ) ) ;
#10 = AXIS2_PLACEMENT_3D ( 'NONE', #1914, #742, #196 ) ;
#11 =( LENGTH_UNIT ( ) NAMED_UNIT ( * ) SI_UNIT ( .MILLI., .METRE. ) );
#12 = ORIENTED_EDGE ( 'NONE', *, *, #1734, .F. ) ;
#13 = EDGE_CURVE ( 'NONE', #997, #452, #231, .T. ) ;
#14 = ORIENTED_EDGE ( 'NONE', *, *, #2411, .F. ) ;
#15 = DIRECTION ( 'NONE',  ( 0.000000000000000000, 0.000000000000000000, 1.000000000000000000 ) ) ;
#16 = EDGE_CURVE ( 'NONE', #1021, #1219, #2284, .T. ) ;
#17 = ORIENTED_EDGE ( 'NONE', *, *, #1337, .F. ) ;
#18 = CARTESIAN_POINT ( 'NONE',  ( -5.548845095413196482, -28.27167764889905044, -6.000000000000000000 ) ) ;
#19 = DIRECTION ( 'NONE',  ( -0.01745240643728396615, 0.9998476951563911586, 0.000000000000000000 ) ) ;
#20 = DIRECTION ( 'NONE',  ( -0.000000000000000000, -0.000000000000000000, -1.000000000000000000 ) ) ;
#21 = PLANE ( 'NONE',  #486 ) ;
#22 = VERTEX_POINT ( 'NONE', #1217 ) ;
#23 = B_SPLINE_CURVE_WITH_KNOTS ( 'NONE', 3,
 ( #2033, #1836, #123, #339 ),
 .UNSPECIFIED., .F., .F.,
 ( 4, 4 ),
 ( 0.000000000000000000, 0.0008379640886019387898 ),
 .UNSPECIFIED. ) ;
#24 = EDGE_LOOP ( 'NONE', ( #436, #894 ) ) ;
#25 = EDGE_CURVE ( 'NONE', #1191, #892, #1015, .T. ) ;
#26 = DIRECTION ( 'NONE',  ( -0.000000000000000000, -0.000000000000000000, -1.000000000000000000 ) ) ;
#27 = EDGE_CURVE ( 'NONE', #271, #1427, #1099, .T. ) ;
#28 = CARTESIAN_POINT ( 'NONE',  ( 0.000000000000000000, 0.000000000000000000, -3.000000000000051958 ) ) ;
#29 = FACE_BOUND ( 'NONE', #1737, .T. ) ;
#30 = CARTESIAN_POINT ( 'NONE',  ( -5.173233554341170937, 33.85705472412267625, 0.000000000000000000 ) ) ;
#31 = CARTESIAN_POINT ( 'NONE',  ( -1.500000000000001332, 15.50000000000000178, 15.29898987322333070 ) ) ;
#32 = EDGE_CURVE ( 'NONE', #863, #89, #803, .T. ) ;
#33 = ORIENTED_EDGE ( 'NONE', *, *, #1386, .T. ) ;
#34 = ORIENTED_EDGE ( 'NONE', *, *, #318, .T. ) ;
#35 = ORIENTED_EDGE ( 'NONE', *, *, #2234, .T. ) ;
#36 = ORIENTED_EDGE ( 'NONE', *, *, #697, .F. ) ;
#37 = CARTESIAN_POINT ( 'NONE',  ( 4.749276551992855921, 0.08289893057709880886, 3.000000000000000000 ) ) ;
#38 = DIRECTION ( 'NONE',  ( 1.000000000000000000, 0.000000000000000000, 0.000000000000000000 ) ) ;
#39 = AXIS2_PLACEMENT_3D ( 'NONE', #495, #691, #1054 ) ;
#40 = ADVANCED_FACE ( 'NONE', ( #1992 ), #268, .F. ) ;
#41 = VECTOR ( 'NONE', #155, 1000.000000000000000 ) ;
#42 = CARTESIAN_POINT ( 'NONE',  ( -15.95956646628074083, -33.01929543677265855, -2.423991232650303029 ) ) ;
#43 = DIRECTION ( 'NONE',  ( 1.000000000000000000, 0.000000000000000000, 0.000000000000000000 ) ) ;
#44 = CIRCLE ( 'NONE', #368, 3.750000000000000000 ) ;
#45 = CIRCLE ( 'NONE', #1684, 1.250000000000001110 ) ;
#46 = CARTESIAN_POINT ( 'NONE',  ( -5.373916683804116801, 35.70271025392234776, -1.854881941366359088 ) ) ;
#47 = COLOUR_RGB ( '',0.7921568627450980005, 0.8196078431372548767, 0.9333333333333333481 ) ;
#48 = ORIENTED_EDGE ( 'NONE', *, *, #1028, .T. ) ;
#49 = ORIENTED_EDGE ( 'NONE', *, *, #2168, .T. ) ;
#50 = ORIENTED_EDGE ( 'NONE', *, *, #2312, .T. ) ;
#51 = VERTEX_POINT ( 'NONE', #245 ) ;
#52 = LINE ( 'NONE', #796, #608 ) ;
#53 = CARTESIAN_POINT ( 'NONE',  ( 10.37387097354471166, 26.87862050032322259, -4.500000000000000888 ) ) ;
#54 = ADVANCED_FACE ( 'NONE', ( #813 ), #838, .F. ) ;
#55 = CARTESIAN_POINT ( 'NONE',  ( -25.41892106095507486, -0.8226798546850787597, -6.000000000000000000 ) ) ;
#56 = CARTESIAN_POINT ( 'NONE',  ( -1.855527060269467343, 34.69062204922364145, -0.4902106906891900984 ) ) ;
#57 = EDGE_CURVE ( 'NONE', #2358, #720, #791, .T. ) ;
#58 = DIRECTION ( 'NONE',  ( -0.000000000000000000, -0.000000000000000000, -1.000000000000000000 ) ) ;
#59 = ORIENTED_EDGE ( 'NONE', *, *, #167, .T. ) ;
#60 = ORIENTED_EDGE ( 'NONE', *, *, #1965, .F. ) ;
#61 = ORIENTED_EDGE ( 'NONE', *, *, #2145, .T. ) ;
#62 = ADVANCED_FACE ( 'NONE', ( #470 ), #1234, .F. ) ;
#63 = DIRECTION ( 'NONE',  ( -0.01745240643728361574, 0.9998476951563911586, 0.000000000000000000 ) ) ;
#64 = DIRECTION ( 'NONE',  ( 1.000000000000000000, 0.000000000000000000, 0.000000000000000000 ) ) ;
#65 = DIRECTION ( 'NONE',  ( -1.000000000000000000, 0.000000000000000000, 0.000000000000000000 ) ) ;
#66 = DIRECTION ( 'NONE',  ( -0.000000000000000000, -0.000000000000000000, -1.000000000000000000 ) ) ;
#67 = VERTEX_POINT ( 'NONE', #1374 ) ;
#68 = CARTESIAN_POINT ( 'NONE',  ( -15.47315068068929911, -33.88445632014917663, -3.000000000000051070 ) ) ;
#69 = EDGE_CURVE ( 'NONE', #635, #391, #134, .T. ) ;
#70 = ADVANCED_FACE ( 'NONE', ( #295 ), #2412, .T. ) ;
#71 = EDGE_LOOP ( 'NONE', ( #1699, #972, #1540, #60 ) ) ;
#72 = ORIENTED_EDGE ( 'NONE', *, *, #1331, .T. ) ;
#73 = VERTEX_POINT ( 'NONE', #508 ) ;
#74 = ORIENTED_EDGE ( 'NONE', *, *, #1128, .F. ) ;
#75 = CARTESIAN_POINT ( 'NONE',  ( -23.71536759798418004, -27.22395709099767913, -1.854881941366367748 ) ) ;
#76 = FACE_OUTER_BOUND ( 'NONE', #1142, .T. ) ;
#77 = ADVANCED_BREP_SHAPE_REPRESENTATION ( 'JK-RTF-02-01-02 Knob Plate', ( #1367, #2101 ), #2304 ) ;
#78 = DIRECTION ( 'NONE',  ( -0.000000000000000000, -0.000000000000000000, -1.000000000000000000 ) ) ;
#79 = AXIS2_PLACEMENT_3D ( 'NONE', #1791, #83, #1966 ) ;
#80 = CARTESIAN_POINT ( 'NONE',  ( 27.88440909899063058, -15.73555643816601446, -6.000000000000000000 ) ) ;
#81 = CIRCLE ( 'NONE', #604, 37.25000000000000711 ) ;
#82 = AXIS2_PLACEMENT_3D ( 'NONE', #382, #1140, #1912 ) ;
#83 = DIRECTION ( 'NONE',  ( -0.000000000000000000, -0.000000000000000000, -1.000000000000000000 ) ) ;
#84 = CARTESIAN_POINT ( 'NONE',  ( -15.95956646627892717, -33.01929543677428569, 3.000000000000000000 ) ) ;
#85 = VECTOR ( 'NONE', #897, 1000.000000000000000 ) ;
#86 = VECTOR ( 'NONE', #94, 1000.000000000000000 ) ;
#87 = VECTOR ( 'NONE', #26, 1000.000000000000000 ) ;
#88 = ORIENTED_EDGE ( 'NONE', *, *, #2230, .T. ) ;
#89 = VERTEX_POINT ( 'NONE', #320 ) ;
#90 = EDGE_CURVE ( 'NONE', #300, #2331, #826, .T. ) ;
#91 = AXIS2_PLACEMENT_3D ( 'NONE', #1831, #873, #117 ) ;
#92 = VERTEX_POINT ( 'NONE', #1657 ) ;
#93 = EDGE_CURVE ( 'NONE', #1313, #1750, #483, .T. ) ;
#94 = DIRECTION ( 'NONE',  ( -1.239088197126291063E-16, -1.000000000000000000, 0.000000000000000000 ) ) ;
#95 = FACE_BOUND ( 'NONE', #684, .T. ) ;
#96 = DIRECTION ( 'NONE',  ( -1.000000000000000000, 0.000000000000000000, 0.000000000000000000 ) ) ;
#97 = DIRECTION ( 'NONE',  ( 1.000000000000000000, 0.000000000000000000, -0.000000000000000000 ) ) ;
#98 = DIRECTION ( 'NONE',  ( -0.000000000000000000, -0.000000000000000000, -1.000000000000000000 ) ) ;
#99 = LINE ( 'NONE', #84, #283 ) ;
#100 = ORIENTED_EDGE ( 'NONE', *, *, #2411, .T. ) ;
#101 = CARTESIAN_POINT ( 'NONE',  ( 37.25000000000000711, 4.561809326823891368E-15, 3.000000000000000000 ) ) ;
#102 = EDGE_LOOP ( 'NONE', ( #312, #2245 ) ) ;
#103 = EDGE_CURVE ( 'NONE', #850, #1427, #307, .T. ) ;
#104 = EDGE_LOOP ( 'NONE', ( #940, #1291, #1465, #1124 ) ) ;
#105 = CARTESIAN_POINT ( 'NONE',  ( 0.000000000000000000, 0.000000000000000000, 0.000000000000000000 ) ) ;
#106 = CARTESIAN_POINT ( 'NONE',  ( 24.13440909899063058, -15.73555643816601446, -6.000000000000000000 ) ) ;
#107 = DIRECTION ( 'NONE',  ( -0.000000000000000000, -0.000000000000000000, -1.000000000000000000 ) ) ;
#108 = LINE ( 'NONE', #890, #362 ) ;
#109 = ORIENTED_EDGE ( 'NONE', *, *, #2127, .F. ) ;
#110 = CARTESIAN_POINT ( 'NONE',  ( 0.000000000000000000, 0.000000000000000000, -6.000000000000000000 ) ) ;
#111 = ORIENTED_EDGE ( 'NONE', *, *, #974, .T. ) ;
#112 = ORIENTED_EDGE ( 'NONE', *, *, #1630, .F. ) ;
#113 = DIRECTION ( 'NONE',  ( -0.000000000000000000, -0.000000000000000000, -1.000000000000000000 ) ) ;
#114 = CARTESIAN_POINT ( 'NONE',  ( -14.95956646627892539, -33.01929543677428569, 3.000000000000000000 ) ) ;
#115 = CARTESIAN_POINT ( 'NONE',  ( 39.25000000000000711, 4.806738686653362454E-15, 3.000000000000000000 ) ) ;
#116 = EDGE_CURVE ( 'NONE', #2280, #1384, #108, .T. ) ;
#117 = DIRECTION ( 'NONE',  ( -1.000000000000000000, 0.000000000000000000, 0.000000000000000000 ) ) ;
#118 = VECTOR ( 'NONE', #980, 1000.000000000000000 ) ;
#119 = DIRECTION ( 'NONE',  ( -1.000000000000000000, 0.000000000000000000, 0.000000000000000000 ) ) ;
#120 = CARTESIAN_POINT ( 'NONE',  ( -21.07234798472148185, 15.34124501234911975, -6.000000000000000000 ) ) ;
#121 = AXIS2_PLACEMENT_3D ( 'NONE', #1089, #1860, #690 ) ;
#122 = ORIENTED_EDGE ( 'NONE', *, *, #812, .T. ) ;
#123 = CARTESIAN_POINT ( 'NONE',  ( -15.57446871515060316, -32.13651036225493840, -1.461604135166407081 ) ) ;
#124 = AXIS2_PLACEMENT_3D ( 'NONE', #1186, #786, #2161 ) ;
#125 = EDGE_LOOP ( 'NONE', ( #2103, #2195 ) ) ;
#126 = CIRCLE ( 'NONE', #2264, 3.750000000000000000 ) ;
#127 = ORIENTED_EDGE ( 'NONE', *, *, #1344, .T. ) ;
#128 = FACE_OUTER_BOUND ( 'NONE', #1364, .T. ) ;
#129 = AXIS2_PLACEMENT_3D ( 'NONE', #1014, #66, #43 ) ;
#130 = DIRECTION ( 'NONE',  ( 1.000000000000000000, -1.239088197126290570E-16, 0.000000000000000000 ) ) ;
#131 = LINE ( 'NONE', #701, #2050 ) ;
#132 = FACE_OUTER_BOUND ( 'NONE', #961, .T. ) ;
#133 = ADVANCED_FACE ( 'NONE', ( #2436 ), #1093, .F. ) ;
#134 = LINE ( 'NONE', #1268, #1677 ) ;
#135 = CARTESIAN_POINT ( 'NONE',  ( -5.370454645403878402, 35.50437020680854516, -1.658235904653025283 ) ) ;
#136 = ADVANCED_FACE ( 'NONE', ( #2228 ), #2252, .T. ) ;
#137 = ORIENTED_EDGE ( 'NONE', *, *, #2063, .F. ) ;
#138 = DIRECTION ( 'NONE',  ( -0.000000000000000000, 0.000000000000000000, 1.000000000000000000 ) ) ;
#139 = ORIENTED_EDGE ( 'NONE', *, *, #1520, .F. ) ;
#140 = VERTEX_POINT ( 'NONE', #716 ) ;
#141 = DIRECTION ( 'NONE',  ( -0.000000000000000000, -0.000000000000000000, -1.000000000000000000 ) ) ;
#142 = FACE_BOUND ( 'NONE', #2156, .T. ) ;
#143 = EDGE_CURVE ( 'NONE', #1376, #92, #163, .T. ) ;
#144 = LINE ( 'NONE', #675, #1839 ) ;
#145 = DIRECTION ( 'NONE',  ( 1.000000000000000000, 0.000000000000000000, 0.000000000000000000 ) ) ;
#146 = ORIENTED_EDGE ( 'NONE', *, *, #1230, .F. ) ;
#147 = CARTESIAN_POINT ( 'NONE',  ( 10.37387097354471166, 26.87862050032322259, -6.000000000000000000 ) ) ;
#148 = CARTESIAN_POINT ( 'NONE',  ( -17.95283412896305109, -29.31661438595147118, -0.1268238606131011914 ) ) ;
#149 = ORIENTED_EDGE ( 'NONE', *, *, #446, .T. ) ;
#150 = CARTESIAN_POINT ( 'NONE',  ( -20.39995398319506137, -28.93242443391687857, -1.151176620852434329 ) ) ;
#151 = EDGE_LOOP ( 'NONE', ( #1271, #1738, #59, #1919 ) ) ;
#152 = EDGE_CURVE ( 'NONE', #286, #627, #1276, .T. ) ;
#153 = ORIENTED_EDGE ( 'NONE', *, *, #659, .T. ) ;
#154 = DIRECTION ( 'NONE',  ( 1.000000000000000000, 0.000000000000000000, 0.000000000000000000 ) ) ;
#155 = DIRECTION ( 'NONE',  ( -0.000000000000000000, -0.000000000000000000, -1.000000000000000000 ) ) ;
#156 = CARTESIAN_POINT ( 'NONE',  ( 0.000000000000000000, 0.000000000000000000, 0.000000000000000000 ) ) ;
#157 = LINE ( 'NONE', #1537, #2495 ) ;
#158 = ORIENTED_EDGE ( 'NONE', *, *, #876, .F. ) ;
#159 = CARTESIAN_POINT ( 'NONE',  ( 28.80754342686336145, 0.4504227853154105787, 6.106601717798217699 ) ) ;
#160 = DIRECTION ( 'NONE',  ( -0.000000000000000000, -0.000000000000000000, -1.000000000000000000 ) ) ;
#161 = LINE ( 'NONE', #1710, #1121 ) ;
#162 = ORIENTED_EDGE ( 'NONE', *, *, #1946, .F. ) ;
#163 = CIRCLE ( 'NONE', #39, 3.750000000000000000 ) ;
#164 = AXIS2_PLACEMENT_3D ( 'NONE', #440, #1777, #64 ) ;
#165 = CIRCLE ( 'NONE', #1561, 3.750000000000000000 ) ;
#166 = EDGE_LOOP ( 'NONE', ( #671, #1111, #1801, #1208, #1530, #2256, #139, #582, #226, #2391, #1315, #1068 ) ) ;
#167 = EDGE_CURVE ( 'NONE', #73, #1994, #1924, .T. ) ;
#168 = EDGE_CURVE ( 'NONE', #617, #325, #1320, .T. ) ;
#169 = DIRECTION ( 'NONE',  ( 0.000000000000000000, 0.000000000000000000, -1.000000000000000000 ) ) ;
#170 = CARTESIAN_POINT ( 'NONE',  ( -28.57234798472148185, 15.34124501234911975, -4.500000000000000888 ) ) ;
#171 = VECTOR ( 'NONE', #619, 1000.000000000000000 ) ;
#172 = ADVANCED_FACE ( 'NONE', ( #1668 ), #1648, .T. ) ;
#173 = VECTOR ( 'NONE', #160, 1000.000000000000000 ) ;
#174 = CARTESIAN_POINT ( 'NONE',  ( -32.91892106095507842, -0.8226798546850792038, -4.500000000000000888 ) ) ;
#175 = DIRECTION ( 'NONE',  ( -0.000000000000000000, 0.000000000000000000, 1.000000000000000000 ) ) ;
#176 = ORIENTED_EDGE ( 'NONE', *, *, #971, .F. ) ;
#177 = CARTESIAN_POINT ( 'NONE',  ( -22.55444316997165188, -25.77517397210963068, 0.000000000000000000 ) ) ;
#178 = DIRECTION ( 'NONE',  ( 0.000000000000000000, 0.000000000000000000, 1.000000000000000000 ) ) ;
#179 = VERTEX_POINT ( 'NONE', #1490 ) ;
#180 = ORIENTED_EDGE ( 'NONE', *, *, #1020, .F. ) ;
#181 = CARTESIAN_POINT ( 'NONE',  ( -8.558617322815424089, 26.45752629411944312, 6.106601717798217699 ) ) ;
#182 = CYLINDRICAL_SURFACE ( 'NONE', #1967, 3.749999999999998224 ) ;
#183 = EDGE_CURVE ( 'NONE', #424, #1583, #1042, .T. ) ;
#184 = CARTESIAN_POINT ( 'NONE',  ( 0.000000000000000000, 0.000000000000000000, -1.000000000000000000 ) ) ;
#185 = CARTESIAN_POINT ( 'NONE',  ( -29.16892106095507842, -0.8226798546850792038, 6.106601717798217699 ) ) ;
#186 = EDGE_CURVE ( 'NONE', #2124, #850, #2136, .T. ) ;
#187 = ORIENTED_EDGE ( 'NONE', *, *, #682, .T. ) ;
#188 = CARTESIAN_POINT ( 'NONE',  ( 15.50000000000000000, -1.499999999999999556, 15.29898987322333070 ) ) ;
#189 = FACE_OUTER_BOUND ( 'NONE', #1747, .T. ) ;
#190 = VERTEX_POINT ( 'NONE', #861 ) ;
#191 = EDGE_CURVE ( 'NONE', #140, #1879, #667, .T. ) ;
#192 = ORIENTED_EDGE ( 'NONE', *, *, #2395, .T. ) ;
#193 = CYLINDRICAL_SURFACE ( 'NONE', #1722, 3.750000000000000000 ) ;
#194 = DIRECTION ( 'NONE',  ( -0.000000000000000000, -0.000000000000000000, -1.000000000000000000 ) ) ;
#195 = CARTESIAN_POINT ( 'NONE',  ( 0.000000000000000000, 0.000000000000000000, -6.000000000000000000 ) ) ;
#196 = DIRECTION ( 'NONE',  ( -0.5519369853120589253, -0.8338858220671677701, 0.000000000000000000 ) ) ;
#197 = ORIENTED_EDGE ( 'NONE', *, *, #1542, .T. ) ;
#198 = EDGE_CURVE ( 'NONE', #2274, #554, #1567, .T. ) ;
#199 = CARTESIAN_POINT ( 'NONE',  ( -28.57234798472148185, 15.34124501234911975, -6.000000000000000000 ) ) ;
#200 = DIRECTION ( 'NONE',  ( -0.000000000000000000, -0.000000000000000000, -1.000000000000000000 ) ) ;
#201 = ORIENTED_EDGE ( 'NONE', *, *, #1383, .T. ) ;
#202 = EDGE_LOOP ( 'NONE', ( #1172, #1741, #2442, #1725 ) ) ;
#203 = CARTESIAN_POINT ( 'NONE',  ( -15.56378630900923454, -33.82296837337575823, -2.981904541492805372 ) ) ;
#204 = CIRCLE ( 'NONE', #793, 3.750000000000000000 ) ;
#205 = ORIENTED_EDGE ( 'NONE', *, *, #1263, .F. ) ;
#206 = VECTOR ( 'NONE', #2255, 1000.000000000000000 ) ;
#207 = CARTESIAN_POINT ( 'NONE',  ( -39.25000000000000711, 0.000000000000000000, 3.000000000000000000 ) ) ;
#208 = CIRCLE ( 'NONE', #568, 3.750000000000000000 ) ;
#209 = LINE ( 'NONE', #1733, #1595 ) ;
#210 = DIRECTION ( 'NONE',  ( 0.000000000000000000, 0.000000000000000000, -1.000000000000000000 ) ) ;
#211 = CARTESIAN_POINT ( 'NONE',  ( 28.80754342686336145, 0.4504227853154105787, -4.500000000000000888 ) ) ;
#212 = VECTOR ( 'NONE', #1501, 1000.000000000000000 ) ;
#213 = ADVANCED_FACE ( 'NONE', ( #578 ), #560, .F. ) ;
#214 = ORIENTED_EDGE ( 'NONE', *, *, #536, .F. ) ;
#215 = EDGE_CURVE ( 'NONE', #338, #865, #1479, .T. ) ;
#216 = ORIENTED_EDGE ( 'NONE', *, *, #2314, .T. ) ;
#217 = DIRECTION ( 'NONE',  ( 1.000000000000000000, 0.000000000000000000, -0.000000000000000000 ) ) ;
#218 = ORIENTED_EDGE ( 'NONE', *, *, #2162, .T. ) ;
#219 = LINE ( 'NONE', #1578, #404 ) ;
#220 = FACE_BOUND ( 'NONE', #705, .T. ) ;
#221 = LINE ( 'NONE', #621, #676 ) ;
#222 = CARTESIAN_POINT ( 'NONE',  ( 15.50000000000000355, 0.000000000000000000, -6.000000000000000000 ) ) ;
#223 = DIRECTION ( 'NONE',  ( -0.000000000000000000, -0.000000000000000000, -1.000000000000000000 ) ) ;
#224 = EDGE_LOOP ( 'NONE', ( #1375, #905, #323, #1550 ) ) ;
#225 = EDGE_CURVE ( 'NONE', #1823, #635, #1719, .T. ) ;
#226 = ORIENTED_EDGE ( 'NONE', *, *, #1383, .F. ) ;
#227 = DIRECTION ( 'NONE',  ( -0.000000000000000000, -0.000000000000000000, -1.000000000000000000 ) ) ;
#228 = CARTESIAN_POINT ( 'NONE',  ( 4.093598979195836485, 34.42921748209112565, -0.4216799319359688658 ) ) ;
#229 = CARTESIAN_POINT ( 'NONE',  ( -15.50000000000000000, -1.499999999999999556, 15.29898987322333070 ) ) ;
#230 = DIRECTION ( 'NONE',  ( -0.000000000000000000, -0.000000000000000000, 1.000000000000000000 ) ) ;
#231 = LINE ( 'NONE', #624, #1394 ) ;
#232 = ORIENTED_EDGE ( 'NONE', *, *, #1028, .F. ) ;
#233 = EDGE_LOOP ( 'NONE', ( #146, #180, #639, #247, #1670, #2456, #2452, #2148, #539, #543, #205, #1330, #1083 ) ) ;
#234 = EDGE_CURVE ( 'NONE', #1376, #649, #2465, .T. ) ;
#235 = AXIS2_PLACEMENT_3D ( 'NONE', #598, #2141, #410 ) ;
#236 = ORIENTED_EDGE ( 'NONE', *, *, #697, .T. ) ;
#237 = FACE_OUTER_BOUND ( 'NONE', #2231, .T. ) ;
#238 = CARTESIAN_POINT ( 'NONE',  ( 4.135023288504743100, 35.27344482737893827, -1.264987365711176981 ) ) ;
#239 = AXIS2_PLACEMENT_3D ( 'NONE', #106, #674, #2225 ) ;
#240 = CIRCLE ( 'NONE', #369, 3.750000000000000000 ) ;
#241 = CARTESIAN_POINT ( 'NONE',  ( -15.50000000000000000, 1.500000000000001332, 15.29898987322333070 ) ) ;
#242 = CARTESIAN_POINT ( 'NONE',  ( -0.3997611744222704933, 35.92731544227477514, -1.679418598170081101 ) ) ;
#243 = AXIS2_PLACEMENT_3D ( 'NONE', #1145, #1300, #359 ) ;
#244 = VECTOR ( 'NONE', #1462, 1000.000000000000000 ) ;
#245 = CARTESIAN_POINT ( 'NONE',  ( -1.798845095413198925, -28.27167764889905044, -6.000000000000000000 ) ) ;
#246 = AXIS2_PLACEMENT_3D ( 'NONE', #770, #358, #1118 ) ;
#247 = ORIENTED_EDGE ( 'NONE', *, *, #1344, .F. ) ;
#248 = EDGE_LOOP ( 'NONE', ( #1862, #162, #559, #100 ) ) ;
#249 = ORIENTED_EDGE ( 'NONE', *, *, #1829, .T. ) ;
#250 = CARTESIAN_POINT ( 'NONE',  ( -4.749276551992855921, -0.08289893057709712965, 3.000000000000000000 ) ) ;
#251 = EDGE_CURVE ( 'NONE', #1854, #1191, #2487, .T. ) ;
#252 = DIRECTION ( 'NONE',  ( 0.000000000000000000, 1.000000000000000000, -0.000000000000000000 ) ) ;
#253 = FACE_OUTER_BOUND ( 'NONE', #1746, .T. ) ;
#254 = ADVANCED_FACE ( 'NONE', ( #2085 ), #357, .F. ) ;
#255 = CARTESIAN_POINT ( 'NONE',  ( 4.124534725214768827, 35.87433421582333892, -1.860658281737463948 ) ) ;
#256 = CARTESIAN_POINT ( 'NONE',  ( -25.22647420405276364, -27.40779997067004814, -3.000000000000051958 ) ) ;
#257 = LINE ( 'NONE', #1027, #2014 ) ;
#258 = EDGE_LOOP ( 'NONE', ( #1972, #415, #2356, #1797 ) ) ;
#259 = EDGE_LOOP ( 'NONE', ( #903, #636, #1146, #698 ) ) ;
#260 = B_SPLINE_CURVE_WITH_KNOTS ( 'NONE', 3,
 ( #2241, #135, #717, #668 ),
 .UNSPECIFIED., .F., .F.,
 ( 4, 4 ),
 ( 0.000000000000000000, 0.0008379640886019355372 ),
 .UNSPECIFIED. ) ;
#261 = ORIENTED_EDGE ( 'NONE', *, *, #857, .F. ) ;
#262 = ORIENTED_EDGE ( 'NONE', *, *, #186, .F. ) ;
#263 = CARTESIAN_POINT ( 'NONE',  ( 0.000000000000000000, 0.000000000000000000, 3.000000000000000000 ) ) ;
#264 = DIRECTION ( 'NONE',  ( -1.239088197126290570E-16, -1.000000000000000000, 0.000000000000000000 ) ) ;
#265 = DIRECTION ( 'NONE',  ( 0.000000000000000000, 0.000000000000000000, -1.000000000000000000 ) ) ;
#266 = CARTESIAN_POINT ( 'NONE',  ( 0.3003010253533142104, 35.55561266944974363, -1.306843641735930373 ) ) ;
#267 = EDGE_CURVE ( 'NONE', #365, #2490, #2212, .T. ) ;
#268 = CYLINDRICAL_SURFACE ( 'NONE', #79, 3.749999999999996447 ) ;
#269 = LINE ( 'NONE', #2193, #1406 ) ;
#270 = VERTEX_POINT ( 'NONE', #1916 ) ;
#271 = VERTEX_POINT ( 'NONE', #735 ) ;
#272 = ORIENTED_EDGE ( 'NONE', *, *, #1183, .F. ) ;
#273 = DIRECTION ( 'NONE',  ( 1.000000000000000000, 0.000000000000000000, 0.000000000000000000 ) ) ;
#274 = DIRECTION ( 'NONE',  ( 1.000000000000000000, 0.000000000000000000, 0.000000000000000000 ) ) ;
#275 = CARTESIAN_POINT ( 'NONE',  ( -15.50000000000000000, 15.50000000000000178, -6.000000000000000000 ) ) ;
#276 = VECTOR ( 'NONE', #98, 1000.000000000000000 ) ;
#277 = FACE_OUTER_BOUND ( 'NONE', #2321, .T. ) ;
#278 = AXIS2_PLACEMENT_3D ( 'NONE', #2484, #1705, #1716 ) ;
#279 = VECTOR ( 'NONE', #1052, 1000.000000000000000 ) ;
#280 = DIRECTION ( 'NONE',  ( 0.000000000000000000, 0.000000000000000000, -1.000000000000000000 ) ) ;
#281 = CARTESIAN_POINT ( 'NONE',  ( -15.90702293611555973, -33.35072774183588251, -2.699984083007039182 ) ) ;
#282 = CIRCLE ( 'NONE', #2343, 3.750000000000000000 ) ;
#283 = VECTOR ( 'NONE', #390, 1000.000000000000000 ) ;
#284 = EDGE_CURVE ( 'NONE', #2311, #1625, #915, .T. ) ;
#285 = AXIS2_PLACEMENT_3D ( 'NONE', #444, #836, #1392 ) ;
#286 = VERTEX_POINT ( 'NONE', #2292 ) ;
#287 = CARTESIAN_POINT ( 'NONE',  ( -24.82234798472148185, 15.34124501234911975, -6.000000000000000000 ) ) ;
#288 = ORIENTED_EDGE ( 'NONE', *, *, #1202, .F. ) ;
#289 = ORIENTED_EDGE ( 'NONE', *, *, #1793, .F. ) ;
#290 = DIRECTION ( 'NONE',  ( -0.000000000000000000, -0.000000000000000000, -1.000000000000000000 ) ) ;
#291 = PLANE ( 'NONE',  #567 ) ;
#292 = CARTESIAN_POINT ( 'NONE',  ( -12.30861732281542054, 26.45752629411944312, 6.106601717798217699 ) ) ;
#293 = CARTESIAN_POINT ( 'NONE',  ( 4.124484115337971879, 35.88596052151383020, -1.872202753560401334 ) ) ;
#294 = B_SPLINE_CURVE_WITH_KNOTS ( 'NONE', 3,
 ( #1094, #2019, #1258, #541 ),
 .UNSPECIFIED., .F., .F.,
 ( 4, 4 ),
 ( 2.168404344971008868E-19, 0.0008379640886019532097 ),
 .UNSPECIFIED. ) ;
#295 = FACE_OUTER_BOUND ( 'NONE', #1935, .T. ) ;
#296 = LINE ( 'NONE', #2042, #173 ) ;
#297 = VERTEX_POINT ( 'NONE', #199 ) ;
#298 = LINE ( 'NONE', #2232, #206 ) ;
#299 = ORIENTED_EDGE ( 'NONE', *, *, #843, .T. ) ;
#300 = VERTEX_POINT ( 'NONE', #1117 ) ;
#301 = ADVANCED_FACE ( 'NONE', ( #588 ), #1132, .F. ) ;
#302 = EDGE_CURVE ( 'NONE', #649, #309, #953, .T. ) ;
#303 = CARTESIAN_POINT ( 'NONE',  ( 4.238301295128509949, 36.36603866668480123, -2.362169440048685232 ) ) ;
#304 = CARTESIAN_POINT ( 'NONE',  ( -40.25000000000000711, 4.929203366568097602E-15, -1.000000000000000000 ) ) ;
#305 = CARTESIAN_POINT ( 'NONE',  ( 1.500000000000004885, 15.50000000000000000, -4.499999999999999112 ) ) ;
#306 = DIRECTION ( 'NONE',  ( -0.000000000000000000, -0.000000000000000000, -1.000000000000000000 ) ) ;
#307 = LINE ( 'NONE', #1245, #562 ) ;
#308 = DIRECTION ( 'NONE',  ( -0.000000000000000000, 0.000000000000000000, 1.000000000000000000 ) ) ;
#309 = VERTEX_POINT ( 'NONE', #1892 ) ;
#310 = DIRECTION ( 'NONE',  ( -0.000000000000000000, -0.000000000000000000, -1.000000000000000000 ) ) ;
#311 = VERTEX_POINT ( 'NONE', #2307 ) ;
#312 = ORIENTED_EDGE ( 'NONE', *, *, #1275, .T. ) ;
#313 = DIRECTION ( 'NONE',  ( 1.000000000000000000, 0.000000000000000000, 0.000000000000000000 ) ) ;
#314 = FACE_OUTER_BOUND ( 'NONE', #1502, .T. ) ;
#315 = ADVANCED_FACE ( 'NONE', ( #1538 ), #967, .T. ) ;
#316 = DIRECTION ( 'NONE',  ( -0.000000000000000000, 0.000000000000000000, 1.000000000000000000 ) ) ;
#317 = CARTESIAN_POINT ( 'NONE',  ( -23.71536759798418004, -27.22395709099767913, 3.000000000000000000 ) ) ;
#318 = EDGE_CURVE ( 'NONE', #1701, #1250, #2004, .T. ) ;
#319 = AXIS2_PLACEMENT_3D ( 'NONE', #615, #1942, #421 ) ;
#320 = CARTESIAN_POINT ( 'NONE',  ( 20.38440909899063058, -15.73555643816601446, -6.000000000000000000 ) ) ;
#321 = CARTESIAN_POINT ( 'NONE',  ( -15.50000000000000000, -15.50000000000000000, -6.000000000000000000 ) ) ;
#322 = AXIS2_PLACEMENT_3D ( 'NONE', #292, #517, #655 ) ;
#323 = ORIENTED_EDGE ( 'NONE', *, *, #756, .T. ) ;
#324 = LINE ( 'NONE', #1084, #1037 ) ;
#325 = VERTEX_POINT ( 'NONE', #1297 ) ;
#326 = AXIS2_PLACEMENT_3D ( 'NONE', #739, #1507, #1273 ) ;
#327 = AXIS2_PLACEMENT_3D ( 'NONE', #1527, #736, #2129 ) ;
#328 = EDGE_LOOP ( 'NONE', ( #2393, #2122 ) ) ;
#329 = CARTESIAN_POINT ( 'NONE',  ( -23.91820805226660696, -16.71592299491781475, -4.500000000000000888 ) ) ;
#330 = CIRCLE ( 'NONE', #1397, 5.000000000000000000 ) ;
#331 = FACE_BOUND ( 'NONE', #686, .T. ) ;
#332 = DIRECTION ( 'NONE',  ( -1.000000000000000000, 0.000000000000000000, 0.000000000000000000 ) ) ;
#333 = CARTESIAN_POINT ( 'NONE',  ( 7.459120442091612624, -26.54115780991539708, -4.500000000000000888 ) ) ;
#334 = ORIENTED_EDGE ( 'NONE', *, *, #1846, .F. ) ;
#335 = ADVANCED_FACE ( 'NONE', ( #2075 ), #347, .F. ) ;
#336 = DIRECTION ( 'NONE',  ( -1.000000000000000000, 0.000000000000000000, 0.000000000000000000 ) ) ;
#337 = DIRECTION ( 'NONE',  ( -0.000000000000000000, -0.000000000000000000, -1.000000000000000000 ) ) ;
#338 = VERTEX_POINT ( 'NONE', #810 ) ;
#339 = CARTESIAN_POINT ( 'NONE',  ( -15.46496482103204784, -31.97106802518274904, -1.264987365711163214 ) ) ;
#340 = EDGE_LOOP ( 'NONE', ( #1920, #487 ) ) ;
#341 = VERTEX_POINT ( 'NONE', #419 ) ;
#342 = DIRECTION ( 'NONE',  ( 0.000000000000000000, 0.000000000000000000, -1.000000000000000000 ) ) ;
#343 = CARTESIAN_POINT ( 'NONE',  ( -12.30861732281542054, 26.45752629411944312, -6.000000000000000000 ) ) ;
#344 = CARTESIAN_POINT ( 'NONE',  ( 37.25000000000000711, 4.561809326823891368E-15, -3.500000000000000444 ) ) ;
#345 = FACE_OUTER_BOUND ( 'NONE', #2480, .T. ) ;
#346 = ORIENTED_EDGE ( 'NONE', *, *, #1556, .T. ) ;
#347 = CYLINDRICAL_SURFACE ( 'NONE', #913, 3.750000000000000000 ) ;
#348 = DIRECTION ( 'NONE',  ( -0.000000000000000000, -0.000000000000000000, -1.000000000000000000 ) ) ;
#349 = EDGE_CURVE ( 'NONE', #1876, #2438, #221, .T. ) ;
#350 = DIRECTION ( 'NONE',  ( -0.000000000000000000, -0.000000000000000000, -1.000000000000000000 ) ) ;
#351 = EDGE_LOOP ( 'NONE', ( #1783, #907, #1415, #435 ) ) ;
#352 = ORIENTED_EDGE ( 'NONE', *, *, #1275, .F. ) ;
#353 = LINE ( 'NONE', #2069, #1488 ) ;
#354 = CARTESIAN_POINT ( 'NONE',  ( -20.02824177692134100, -28.01987753944099424, -0.1918229885673287116 ) ) ;
#355 = CARTESIAN_POINT ( 'NONE',  ( 0.000000000000000000, 0.000000000000000000, 3.000000000000000000 ) ) ;
#356 = ORIENTED_EDGE ( 'NONE', *, *, #422, .F. ) ;
#357 = CYLINDRICAL_SURFACE ( 'NONE', #2048, 37.25000000000000711 ) ;
#358 = DIRECTION ( 'NONE',  ( -0.000000000000000000, 0.000000000000000000, 1.000000000000000000 ) ) ;
#359 = DIRECTION ( 'NONE',  ( 1.000000000000000000, 0.000000000000000000, 0.000000000000000000 ) ) ;
#360 = ORIENTED_EDGE ( 'NONE', *, *, #590, .T. ) ;
#361 = EDGE_CURVE ( 'NONE', #1321, #2068, #2373, .T. ) ;
#362 = VECTOR ( 'NONE', #1228, 1000.000000000000000 ) ;
#363 = AXIS2_PLACEMENT_3D ( 'NONE', #1069, #310, #1288 ) ;
#364 = VECTOR ( 'NONE', #1114, 1000.000000000000000 ) ;
#365 = VERTEX_POINT ( 'NONE', #42 ) ;
#366 = CARTESIAN_POINT ( 'NONE',  ( -15.79345228834609571, -32.46735845146223198, 3.000000000000000000 ) ) ;
#367 = LINE ( 'NONE', #1884, #678 ) ;
#368 = AXIS2_PLACEMENT_3D ( 'NONE', #969, #758, #552 ) ;
#369 = AXIS2_PLACEMENT_3D ( 'NONE', #2385, #464, #476 ) ;
#370 = CIRCLE ( 'NONE', #922, 34.24999999999997868 ) ;
#371 = LINE ( 'NONE', #557, #565 ) ;
#372 = CARTESIAN_POINT ( 'NONE',  ( 10.37387097354471166, 26.87862050032322259, 6.106601717798217699 ) ) ;
#373 = ORIENTED_EDGE ( 'NONE', *, *, #2447, .T. ) ;
#374 = CARTESIAN_POINT ( 'NONE',  ( -15.84727040108458951, -32.54866875024148953, -1.951542122050884398 ) ) ;
#375 = CARTESIAN_POINT ( 'NONE',  ( -19.41473148490501188, -30.15703984108254687, -1.616039653849382640 ) ) ;
#376 = CARTESIAN_POINT ( 'NONE',  ( -40.25000000000000711, 4.929203366568097602E-15, 0.000000000000000000 ) ) ;
#377 = EDGE_LOOP ( 'NONE', ( #1867, #1953, #288, #1658 ) ) ;
#378 = ORIENTED_EDGE ( 'NONE', *, *, #1616, .T. ) ;
#379 = DIRECTION ( 'NONE',  ( 0.000000000000000000, 1.000000000000000000, 0.000000000000000000 ) ) ;
#380 = DIRECTION ( 'NONE',  ( -1.000000000000000000, 0.000000000000000000, 0.000000000000000000 ) ) ;
#381 = EDGE_CURVE ( 'NONE', #190, #1105, #819, .T. ) ;
#382 = CARTESIAN_POINT ( 'NONE',  ( 0.000000000000000000, -1.499999999999999556, 15.29898987322333070 ) ) ;
#383 = CYLINDRICAL_SURFACE ( 'NONE', #278, 1.250000000000001110 ) ;
#384 = ORIENTED_EDGE ( 'NONE', *, *, #422, .T. ) ;
#385 = CARTESIAN_POINT ( 'NONE',  ( -15.94409816291066129, -32.81942385021876873, -2.237376220341783295 ) ) ;
#386 = CARTESIAN_POINT ( 'NONE',  ( 5.124484115337971879, 35.88596052151382310, 3.000000000000000000 ) ) ;
#387 = DIRECTION ( 'NONE',  ( 0.000000000000000000, -0.000000000000000000, -1.000000000000000000 ) ) ;
#388 = ORIENTED_EDGE ( 'NONE', *, *, #2281, .T. ) ;
#389 = VERTEX_POINT ( 'NONE', #55 ) ;
#390 = DIRECTION ( 'NONE',  ( -0.000000000000000000, -0.000000000000000000, -1.000000000000000000 ) ) ;
#391 = VERTEX_POINT ( 'NONE', #1978 ) ;
#392 = CARTESIAN_POINT ( 'NONE',  ( -23.91820805226660696, -16.71592299491781475, -6.000000000000000000 ) ) ;
#393 = EDGE_CURVE ( 'NONE', #821, #1785, #1190, .T. ) ;
#394 = PLANE ( 'NONE',  #2382 ) ;
#395 = CARTESIAN_POINT ( 'NONE',  ( -15.95956646627911013, -32.91797236616618250, -2.332765372292769701 ) ) ;
#396 = DIRECTION ( 'NONE',  ( 1.000000000000000000, 0.000000000000000000, 0.000000000000000000 ) ) ;
#397 = PRODUCT_CONTEXT ( 'NONE', #2096, 'mechanical' ) ;
#398 = ORIENTED_EDGE ( 'NONE', *, *, #2113, .F. ) ;
#399 = ORIENTED_EDGE ( 'NONE', *, *, #2140, .F. ) ;
#400 = VECTOR ( 'NONE', #787, 1000.000000000000000 ) ;
#401 = EDGE_CURVE ( 'NONE', #2032, #1455, #991, .T. ) ;
#402 = PLANE ( 'NONE',  #683 ) ;
#403 = CIRCLE ( 'NONE', #1035, 3.750000000000000000 ) ;
#404 = VECTOR ( 'NONE', #2134, 1000.000000000000000 ) ;
#405 = AXIS2_PLACEMENT_3D ( 'NONE', #1804, #1254, #274 ) ;
#406 = DIRECTION ( 'NONE',  ( -1.000000000000000000, 0.000000000000000000, 0.000000000000000000 ) ) ;
#407 = CIRCLE ( 'NONE', #326, 3.750000000000003553 ) ;
#408 = CARTESIAN_POINT ( 'NONE',  ( 3.960957654819048823, -2.621700680232283975, 3.000000000000000000 ) ) ;
#409 = CIRCLE ( 'NONE', #1726, 1.250000000000001110 ) ;
#410 = DIRECTION ( 'NONE',  ( 1.000000000000000000, 0.000000000000000000, 0.000000000000000000 ) ) ;
#411 = DIRECTION ( 'NONE',  ( -1.000000000000000000, 0.000000000000000000, 0.000000000000000000 ) ) ;
#412 = AXIS2_PLACEMENT_3D ( 'NONE', #2239, #2409, #2211 ) ;
#413 = EDGE_CURVE ( 'NONE', #325, #617, #1962, .T. ) ;
#414 = ORIENTED_EDGE ( 'NONE', *, *, #2263, .T. ) ;
#415 = ORIENTED_EDGE ( 'NONE', *, *, #2281, .F. ) ;
#416 = B_SPLINE_CURVE_WITH_KNOTS ( 'NONE', 3,
 ( #1921, #68, #203, #1810, #962, #1936, #281, #1740, #1043, #1730 ),
 .UNSPECIFIED., .F., .F.,
 ( 4, 2, 2, 2, 4 ),
 ( 0.000000000000000000, 0.0003266631707091995291, 0.0006533263414183990581, 0.0009799895121275986956, 0.001306652682836798116 ),
 .UNSPECIFIED. ) ;
#417 = CARTESIAN_POINT ( 'NONE',  ( 0.000000000000000000, 0.000000000000000000, -1.000000000000000000 ) ) ;
#418 = LINE ( 'NONE', #1588, #1194 ) ;
#419 = CARTESIAN_POINT ( 'NONE',  ( -35.25000000000000711, 0.000000000000000000, -6.000000000000000000 ) ) ;
#420 = CYLINDRICAL_SURFACE ( 'NONE', #1158, 3.750000000000000000 ) ;
#421 = DIRECTION ( 'NONE',  ( -1.000000000000000000, 0.000000000000000000, 0.000000000000000000 ) ) ;
#422 = EDGE_CURVE ( 'NONE', #1651, #2417, #1380, .T. ) ;
#423 = ADVANCED_FACE ( 'NONE', ( #1989 ), #2340, .F. ) ;
#424 = VERTEX_POINT ( 'NONE', #2352 ) ;
#425 = VERTEX_POINT ( 'NONE', #978 ) ;
#426 = EDGE_CURVE ( 'NONE', #510, #1352, #2090, .T. ) ;
#427 = ORIENTED_EDGE ( 'NONE', *, *, #709, .T. ) ;
#428 = DIRECTION ( 'NONE',  ( -0.000000000000000000, -0.000000000000000000, 1.000000000000000000 ) ) ;
#429 = CARTESIAN_POINT ( 'NONE',  ( 0.000000000000000000, 0.000000000000000000, -4.500000000000000888 ) ) ;
#430 = CARTESIAN_POINT ( 'NONE',  ( -14.91344970765777767, -30.83263721800587120, 0.000000000000000000 ) ) ;
#431 = CARTESIAN_POINT ( 'NONE',  ( -1.323324432703423259, 35.73029404517649255, -1.504401133754454278 ) ) ;
#432 = CARTESIAN_POINT ( 'NONE',  ( -24.93412890624176725, -27.60890441513025095, -2.951377191328258043 ) ) ;
#433 = ORIENTED_EDGE ( 'NONE', *, *, #2073, .F. ) ;
#434 = EDGE_CURVE ( 'NONE', #920, #1815, #1926, .T. ) ;
#435 = ORIENTED_EDGE ( 'NONE', *, *, #1773, .F. ) ;
#436 = ORIENTED_EDGE ( 'NONE', *, *, #2384, .F. ) ;
#437 = EDGE_CURVE ( 'NONE', #2330, #2349, #1058, .T. ) ;
#438 = ORIENTED_EDGE ( 'NONE', *, *, #1373, .F. ) ;
#439 = CARTESIAN_POINT ( 'NONE',  ( 0.000000000000000000, 0.000000000000000000, 0.000000000000000000 ) ) ;
#440 = CARTESIAN_POINT ( 'NONE',  ( 0.000000000000000000, 0.000000000000000000, 3.000000000000000000 ) ) ;
#441 = AXIS2_PLACEMENT_3D ( 'NONE', #1039, #2387, #1819 ) ;
#442 = VECTOR ( 'NONE', #1948, 1000.000000000000000 ) ;
#443 = DIRECTION ( 'NONE',  ( -0.000000000000000000, -0.000000000000000000, -1.000000000000000000 ) ) ;
#444 = CARTESIAN_POINT ( 'NONE',  ( -14.95956646627892539, -33.01929543677428569, 3.000000000000000000 ) ) ;
#445 = CIRCLE ( 'NONE', #1894, 3.749999999999996447 ) ;
#446 = EDGE_CURVE ( 'NONE', #2170, #297, #1789, .T. ) ;
#447 = EDGE_LOOP ( 'NONE', ( #2207, #2088, #2380, #662 ) ) ;
#448 = CIRCLE ( 'NONE', #2137, 37.25000000000000711 ) ;
#449 = CARTESIAN_POINT ( 'NONE',  ( -12.30861732281542054, 26.45752629411944312, -4.500000000000000888 ) ) ;
#450 = ORIENTED_EDGE ( 'NONE', *, *, #2341, .T. ) ;
#451 = VERTEX_POINT ( 'NONE', #1589 ) ;
#452 = VERTEX_POINT ( 'NONE', #1778 ) ;
#453 = EDGE_LOOP ( 'NONE', ( #1624, #48 ) ) ;
#454 = DIRECTION ( 'NONE',  ( -1.000000000000000000, 0.000000000000000000, 0.000000000000000000 ) ) ;
#455 = DIRECTION ( 'NONE',  ( 1.000000000000000000, 0.000000000000000000, -0.000000000000000000 ) ) ;
#456 = ADVANCED_FACE ( 'NONE', ( #253 ), #2151, .F. ) ;
#457 = CARTESIAN_POINT ( 'NONE',  ( -0.6055270602694697857, 34.69062204922364145, 0.000000000000000000 ) ) ;
#458 = CARTESIAN_POINT ( 'NONE',  ( -0.1238018500052803644, 35.84760835568629744, -1.597731291426524258 ) ) ;
#459 = ORIENTED_EDGE ( 'NONE', *, *, #1612, .T. ) ;
#460 = CARTESIAN_POINT ( 'NONE',  ( 25.05754342686336145, 0.4504227853154105787, -4.500000000000000888 ) ) ;
#461 = EDGE_LOOP ( 'NONE', ( #1516, #1463, #883, #373 ) ) ;
#462 = EDGE_LOOP ( 'NONE', ( #2206, #1231, #35, #2383 ) ) ;
#463 = ORIENTED_EDGE ( 'NONE', *, *, #1077, .T. ) ;
#464 = DIRECTION ( 'NONE',  ( -0.000000000000000000, -0.000000000000000000, -1.000000000000000000 ) ) ;
#465 = FACE_OUTER_BOUND ( 'NONE', #814, .T. ) ;
#466 = EDGE_CURVE ( 'NONE', #997, #2417, #1961, .T. ) ;
#467 = LINE ( 'NONE', #1224, #1964 ) ;
#468 = LINE ( 'NONE', #788, #2309 ) ;
#469 = ADVANCED_FACE ( 'NONE', ( #1580 ), #2328, .F. ) ;
#470 = FACE_OUTER_BOUND ( 'NONE', #1541, .T. ) ;
#471 = CARTESIAN_POINT ( 'NONE',  ( -1.757292354248059407, 34.20488888421799345, 0.000000000000000000 ) ) ;
#472 = ORIENTED_EDGE ( 'NONE', *, *, #1311, .T. ) ;
#473 = CARTESIAN_POINT ( 'NONE',  ( 3.960957654819048823, -2.621700680232283975, 3.000000000000000000 ) ) ;
#474 = ORIENTED_EDGE ( 'NONE', *, *, #1020, .T. ) ;
#475 = ORIENTED_EDGE ( 'NONE', *, *, #1598, .T. ) ;
#476 = DIRECTION ( 'NONE',  ( 1.000000000000000000, 0.000000000000000000, 0.000000000000000000 ) ) ;
#477 = CARTESIAN_POINT ( 'NONE',  ( -15.37224416190040976, -33.93017255227150741, 3.000000000000000000 ) ) ;
#478 = FACE_OUTER_BOUND ( 'NONE', #2296, .T. ) ;
#479 = AXIS2_PLACEMENT_3D ( 'NONE', #1079, #703, #1257 ) ;
#480 = DIRECTION ( 'NONE',  ( 0.000000000000000000, 1.000000000000000000, 0.000000000000000000 ) ) ;
#481 = VECTOR ( 'NONE', #1138, 1000.000000000000000 ) ;
#482 = CIRCLE ( 'NONE', #1399, 3.750000000000000000 ) ;
#483 = LINE ( 'NONE', #1833, #1838 ) ;
#484 = AXIS2_PLACEMENT_3D ( 'NONE', #1587, #1732, #1545 ) ;
#485 = EDGE_CURVE ( 'NONE', #1984, #1583, #2010, .T. ) ;
#486 = AXIS2_PLACEMENT_3D ( 'NONE', #2283, #1349, #551 ) ;
#487 = ORIENTED_EDGE ( 'NONE', *, *, #2035, .T. ) ;
#488 = CARTESIAN_POINT ( 'NONE',  ( -15.50000000000000000, 1.500000000000001332, -6.000000000000000000 ) ) ;
#489 = ORIENTED_EDGE ( 'NONE', *, *, #537, .F. ) ;
#490 = ORIENTED_EDGE ( 'NONE', *, *, #1047, .T. ) ;
#491 = CARTESIAN_POINT ( 'NONE',  ( 39.25000000000000711, 4.806738686653362454E-15, 3.000000000000000000 ) ) ;
#492 = CARTESIAN_POINT ( 'NONE',  ( -29.16892106095507842, -0.8226798546850792038, 6.106601717798217699 ) ) ;
#493 = FACE_OUTER_BOUND ( 'NONE', #462, .T. ) ;
#494 = LINE ( 'NONE', #506, #1805 ) ;
#495 = CARTESIAN_POINT ( 'NONE',  ( 23.63066264877081935, 16.48239126328874704, -4.500000000000000888 ) ) ;
#496 = FACE_OUTER_BOUND ( 'NONE', #1835, .T. ) ;
#497 = ORIENTED_EDGE ( 'NONE', *, *, #90, .T. ) ;
#498 = CARTESIAN_POINT ( 'NONE',  ( -9.298845095413195594, -28.27167764889905044, -4.500000000000000888 ) ) ;
#499 = ORIENTED_EDGE ( 'NONE', *, *, #1171, .F. ) ;
#500 = ADVANCED_FACE ( 'NONE', ( #1459 ), #2238, .F. ) ;
#501 = EDGE_LOOP ( 'NONE', ( #806, #1272 ) ) ;
#502 = ADVANCED_FACE ( 'NONE', ( #493 ), #2434, .F. ) ;
#503 = DIRECTION ( 'NONE',  ( -0.000000000000000000, 0.000000000000000000, 1.000000000000000000 ) ) ;
#504 = CARTESIAN_POINT ( 'NONE',  ( -15.46496482103204784, -31.97106802518274904, 3.000000000000000000 ) ) ;
#505 = DIRECTION ( 'NONE',  ( -0.000000000000000000, 0.000000000000000000, 1.000000000000000000 ) ) ;
#506 = CARTESIAN_POINT ( 'NONE',  ( -15.50000000000000000, 0.000000000000000000, -6.000000000000000000 ) ) ;
#507 = EDGE_CURVE ( 'NONE', #2286, #452, #2226, .T. ) ;
#508 = CARTESIAN_POINT ( 'NONE',  ( 32.55754342686336145, 0.4504227853154110228, -6.000000000000000000 ) ) ;
#509 = PRESENTATION_STYLE_ASSIGNMENT (( #2413 ) ) ;
#510 = VERTEX_POINT ( 'NONE', #1847 ) ;
#511 = CARTESIAN_POINT ( 'NONE',  ( 15.50000000000000355, 1.499999999999998668, -6.000000000000000000 ) ) ;
#512 = EDGE_LOOP ( 'NONE', ( #1477, #12, #1059, #2217 ) ) ;
#513 = EDGE_LOOP ( 'NONE', ( #852, #34 ) ) ;
#514 = DIRECTION ( 'NONE',  ( 0.000000000000000000, 0.000000000000000000, -1.000000000000000000 ) ) ;
#515 = DIRECTION ( 'NONE',  ( -0.000000000000000000, -0.000000000000000000, -1.000000000000000000 ) ) ;
#516 = ADVANCED_FACE ( 'NONE', ( #1064 ), #2210, .T. ) ;
#517 = DIRECTION ( 'NONE',  ( -0.000000000000000000, -0.000000000000000000, -1.000000000000000000 ) ) ;
#518 = DIRECTION ( 'NONE',  ( -0.000000000000000000, -0.000000000000000000, -1.000000000000000000 ) ) ;
#519 = ORIENTED_EDGE ( 'NONE', *, *, #1621, .T. ) ;
#520 = AXIS2_PLACEMENT_3D ( 'NONE', #550, #1686, #1323 ) ;
#521 = CARTESIAN_POINT ( 'NONE',  ( 15.50000000000000355, 0.000000000000000000, 15.29898987322333070 ) ) ;
#522 = CARTESIAN_POINT ( 'NONE',  ( -19.14995398319505782, -28.93242443391688568, 0.000000000000000000 ) ) ;
#523 = AXIS2_PLACEMENT_3D ( 'NONE', #372, #1347, #2463 ) ;
#524 = AXIS2_PLACEMENT_3D ( 'NONE', #184, #937, #1334 ) ;
#525 = ORIENTED_EDGE ( 'NONE', *, *, #2485, .F. ) ;
#526 = CARTESIAN_POINT ( 'NONE',  ( -25.22647420405276364, -27.40779997067004814, 3.000000000000000000 ) ) ;
#527 = CIRCLE ( 'NONE', #2097, 37.25000000000000711 ) ;
#528 = ORIENTED_EDGE ( 'NONE', *, *, #168, .F. ) ;
#529 = TOROIDAL_SURFACE ( 'NONE', #2221, 35.25000000000000711, 5.000000000000000000 ) ;
#530 = AXIS2_PLACEMENT_3D ( 'NONE', #849, #1424, #2332 ) ;
#531 = ORIENTED_EDGE ( 'NONE', *, *, #835, .F. ) ;
#532 = LINE ( 'NONE', #181, #1363 ) ;
#533 = CIRCLE ( 'NONE', #718, 3.750000000000000000 ) ;
#534 = DIRECTION ( 'NONE',  ( -1.000000000000000000, 0.000000000000000000, 0.000000000000000000 ) ) ;
#535 = DIRECTION ( 'NONE',  ( -0.000000000000000000, -0.000000000000000000, -1.000000000000000000 ) ) ;
#536 = EDGE_CURVE ( 'NONE', #1879, #1105, #131, .T. ) ;
#537 = EDGE_CURVE ( 'NONE', #2124, #424, #1322, .T. ) ;
#538 = DIRECTION ( 'NONE',  ( -1.000000000000000000, 0.000000000000000000, 0.000000000000000000 ) ) ;
#539 = ORIENTED_EDGE ( 'NONE', *, *, #198, .F. ) ;
#540 = DIRECTION ( 'NONE',  ( 1.000000000000000000, 0.000000000000000000, 0.000000000000000000 ) ) ;
#541 = CARTESIAN_POINT ( 'NONE',  ( -23.71536759798418004, -27.22395709099767913, -1.854881941366367748 ) ) ;
#542 = ORIENTED_EDGE ( 'NONE', *, *, #1913, .T. ) ;
#543 = ORIENTED_EDGE ( 'NONE', *, *, #2005, .F. ) ;
#544 = DIRECTION ( 'NONE',  ( -1.000000000000000000, 0.000000000000000000, 0.000000000000000000 ) ) ;
#545 = LINE ( 'NONE', #729, #2054 ) ;
#546 = CARTESIAN_POINT ( 'NONE',  ( 19.88066264877081935, 16.48239126328874704, -6.000000000000000000 ) ) ;
#547 = CARTESIAN_POINT ( 'NONE',  ( 4.749276551992855921, 0.08289893057709880886, 3.000000000000000000 ) ) ;
#548 = ADVANCED_FACE ( 'NONE', ( #1606 ), #1255, .F. ) ;
#549 = ORIENTED_EDGE ( 'NONE', *, *, #302, .T. ) ;
#550 = CARTESIAN_POINT ( 'NONE',  ( -15.50000000000000000, 0.000000000000000000, 15.29898987322333070 ) ) ;
#551 = DIRECTION ( 'NONE',  ( 0.000000000000000000, -0.000000000000000000, -1.000000000000000000 ) ) ;
#552 = DIRECTION ( 'NONE',  ( -1.000000000000000000, 0.000000000000000000, 0.000000000000000000 ) ) ;
#553 = ORIENTED_EDGE ( 'NONE', *, *, #1766, .F. ) ;
#554 = VERTEX_POINT ( 'NONE', #2249 ) ;
#555 = LINE ( 'NONE', #750, #1799 ) ;
#556 = PRODUCT_RELATED_PRODUCT_CATEGORY ( 'part', '', ( #1900 ) ) ;
#557 = CARTESIAN_POINT ( 'NONE',  ( -27.66820805226660696, -16.71592299491781475, 6.106601717798217699 ) ) ;
#558 = CARTESIAN_POINT ( 'NONE',  ( 15.50000000000000000, -1.499999999999999556, -4.500000000000000888 ) ) ;
#559 = ORIENTED_EDGE ( 'NONE', *, *, #2162, .F. ) ;
#560 = PLANE ( 'NONE',  #520 ) ;
#561 = DIRECTION ( 'NONE',  ( 1.000000000000000000, 0.000000000000000000, 0.000000000000000000 ) ) ;
#562 = VECTOR ( 'NONE', #1461, 1000.000000000000000 ) ;
#563 = VERTEX_POINT ( 'NONE', #305 ) ;
#564 = B_SPLINE_CURVE_WITH_KNOTS ( 'NONE', 3,
 ( #2374, #255, #1790, #656 ),
 .UNSPECIFIED., .F., .F.,
 ( 4, 4 ),
 ( 0.000000000000000000, 2.426500104831987031E-05 ),
 .UNSPECIFIED. ) ;
#565 = VECTOR ( 'NONE', #535, 1000.000000000000000 ) ;
#566 = ADVANCED_FACE ( 'NONE', ( #2057 ), #1830, .F. ) ;
#567 = AXIS2_PLACEMENT_3D ( 'NONE', #2261, #2298, #1113 ) ;
#568 = AXIS2_PLACEMENT_3D ( 'NONE', #1841, #113, #2026 ) ;
#569 = ORIENTED_EDGE ( 'NONE', *, *, #1171, .T. ) ;
#570 = DIRECTION ( 'NONE',  ( 1.000000000000000000, 0.000000000000000000, 0.000000000000000000 ) ) ;
#571 = CARTESIAN_POINT ( 'NONE',  ( 1.500000000000004885, 1.499999999999998668, -6.000000000000000000 ) ) ;
#572 = VECTOR ( 'NONE', #1312, 1000.000000000000000 ) ;
#573 = PRESENTATION_LAYER_ASSIGNMENT (  '', '', ( #2461 ) ) ;
#574 = AXIS2_PLACEMENT_3D ( 'NONE', #429, #1579, #455 ) ;
#575 = FACE_OUTER_BOUND ( 'NONE', #1049, .T. ) ;
#576 = FACE_OUTER_BOUND ( 'NONE', #2272, .T. ) ;
#577 = ORIENTED_EDGE ( 'NONE', *, *, #234, .T. ) ;
#578 = FACE_OUTER_BOUND ( 'NONE', #1426, .T. ) ;
#579 = DIRECTION ( 'NONE',  ( 1.000000000000000000, 0.000000000000000000, 0.000000000000000000 ) ) ;
#580 = FACE_OUTER_BOUND ( 'NONE', #2259, .T. ) ;
#581 = VERTEX_POINT ( 'NONE', #115 ) ;
#582 = ORIENTED_EDGE ( 'NONE', *, *, #16, .F. ) ;
#583 = ADVANCED_FACE ( 'NONE', ( #1242, #2039, #1806, #2016 ), #1431, .T. ) ;
#584 = CARTESIAN_POINT ( 'NONE',  ( -24.54925342005134681, -26.67202010568561832, 3.000000000000000000 ) ) ;
#585 = ORIENTED_EDGE ( 'NONE', *, *, #446, .F. ) ;
#586 = CARTESIAN_POINT ( 'NONE',  ( 15.50000000000000000, -15.50000000000000178, 15.29898987322333070 ) ) ;
#587 = CYLINDRICAL_SURFACE ( 'NONE', #523, 3.750000000000000000 ) ;
#588 = FACE_OUTER_BOUND ( 'NONE', #1652, .T. ) ;
#589 = CARTESIAN_POINT ( 'NONE',  ( -5.373916683804116801, 35.70271025392234776, -1.854881941366359088 ) ) ;
#590 = EDGE_CURVE ( 'NONE', #1455, #270, #144, .T. ) ;
#591 = CARTESIAN_POINT ( 'NONE',  ( 0.000000000000000000, 0.000000000000000000, 0.000000000000000000 ) ) ;
#592 = ORIENTED_EDGE ( 'NONE', *, *, #1422, .F. ) ;
#593 = ORIENTED_EDGE ( 'NONE', *, *, #1047, .F. ) ;
#594 = FACE_OUTER_BOUND ( 'NONE', #202, .T. ) ;
#595 = CARTESIAN_POINT ( 'NONE',  ( 0.000000000000000000, -1.499999999999999556, -6.000000000000000000 ) ) ;
#596 = CARTESIAN_POINT ( 'NONE',  ( 1.500000000000001332, -1.499999999999999556, 15.29898987322333070 ) ) ;
#597 = EDGE_CURVE ( 'NONE', #1974, #389, #467, .T. ) ;
#598 = CARTESIAN_POINT ( 'NONE',  ( 0.000000000000000000, 0.000000000000000000, 3.000000000000000000 ) ) ;
#599 = CARTESIAN_POINT ( 'NONE',  ( -0.6142532634881076037, 35.19054589680182943, 0.000000000000000000 ) ) ;
#600 = ORIENTED_EDGE ( 'NONE', *, *, #1901, .F. ) ;
#601 = ORIENTED_EDGE ( 'NONE', *, *, #1500, .F. ) ;
#602 = VECTOR ( 'NONE', #1152, 1000.000000000000000 ) ;
#603 = CARTESIAN_POINT ( 'NONE',  ( -15.50000000000000000, 0.000000000000000000, -6.000000000000000000 ) ) ;
#604 = AXIS2_PLACEMENT_3D ( 'NONE', #2227, #2424, #1294 ) ;
#605 = AXIS2_PLACEMENT_3D ( 'NONE', #1521, #712, #1498 ) ;
#606 = VECTOR ( 'NONE', #868, 1000.000000000000000 ) ;
#607 = CARTESIAN_POINT ( 'NONE',  ( -5.373916683804116801, 35.70271025392234776, 3.000000000000000000 ) ) ;
#608 = VECTOR ( 'NONE', #1568, 1000.000000000000000 ) ;
#609 = CARTESIAN_POINT ( 'NONE',  ( 0.000000000000000000, 0.000000000000000000, -3.000000000000051958 ) ) ;
#610 = AXIS2_PLACEMENT_3D ( 'NONE', #1951, #230, #2175 ) ;
#611 = EDGE_CURVE ( 'NONE', #759, #2403, #1638, .T. ) ;
#612 = DIRECTION ( 'NONE',  ( 0.000000000000000000, -1.000000000000000000, 0.000000000000000000 ) ) ;
#613 = CARTESIAN_POINT ( 'NONE',  ( -1.662535362194377031, 35.37657140467426586, -1.165451070605229456 ) ) ;
#614 = EDGE_CURVE ( 'NONE', #821, #956, #1075, .T. ) ;
#615 = CARTESIAN_POINT ( 'NONE',  ( 24.13440909899063058, -15.73555643816601446, -6.000000000000000000 ) ) ;
#616 = ORIENTED_EDGE ( 'NONE', *, *, #152, .T. ) ;
#617 = VERTEX_POINT ( 'NONE', #2423 ) ;
#618 = VERTEX_POINT ( 'NONE', #275 ) ;
#619 = DIRECTION ( 'NONE',  ( -1.000000000000000000, 0.000000000000000000, 0.000000000000000000 ) ) ;
#620 = CARTESIAN_POINT ( 'NONE',  ( -20.16820805226660696, -16.71592299491781475, 6.106601717798217699 ) ) ;
#621 = CARTESIAN_POINT ( 'NONE',  ( 0.000000000000000000, -15.50000000000000000, -4.499999999999999112 ) ) ;
#622 = LINE ( 'NONE', #31, #880 ) ;
#623 = ADVANCED_FACE ( 'NONE', ( #478 ), #2082, .T. ) ;
#624 = CARTESIAN_POINT ( 'NONE',  ( -15.50000000000000000, 0.000000000000000000, -4.499999999999999112 ) ) ;
#625 = EDGE_CURVE ( 'NONE', #892, #425, #1484, .T. ) ;
#626 = VERTEX_POINT ( 'NONE', #1874 ) ;
#627 = VERTEX_POINT ( 'NONE', #2316 ) ;
#628 = ORIENTED_EDGE ( 'NONE', *, *, #466, .F. ) ;
#629 = VERTEX_POINT ( 'NONE', #751 ) ;
#630 = CARTESIAN_POINT ( 'NONE',  ( -23.38688013067013216, -26.72766666471819264, -1.264987365711162326 ) ) ;
#631 = FACE_OUTER_BOUND ( 'NONE', #104, .T. ) ;
#632 = CARTESIAN_POINT ( 'NONE',  ( -23.91820805226660696, -16.71592299491781475, 6.106601717798217699 ) ) ;
#633 = DIRECTION ( 'NONE',  ( -1.000000000000000000, 0.000000000000000000, 0.000000000000000000 ) ) ;
#634 = ORIENTED_EDGE ( 'NONE', *, *, #1727, .F. ) ;
#635 = VERTEX_POINT ( 'NONE', #1318 ) ;
#636 = ORIENTED_EDGE ( 'NONE', *, *, #1373, .T. ) ;
#637 = EDGE_CURVE ( 'NONE', #1261, #629, #1239, .T. ) ;
#638 = AXIS2_PLACEMENT_3D ( 'NONE', #848, #1619, #2399 ) ;
#639 = ORIENTED_EDGE ( 'NONE', *, *, #437, .F. ) ;
#640 = VERTEX_POINT ( 'NONE', #344 ) ;
#641 = DIRECTION ( 'NONE',  ( -0.000000000000000000, -0.000000000000000000, -1.000000000000000000 ) ) ;
#642 = CARTESIAN_POINT ( 'NONE',  ( 37.25000000000000711, 4.561809326823891368E-15, 3.000000000000000000 ) ) ;
#643 = AXIS2_PLACEMENT_3D ( 'NONE', #2052, #141, #2276 ) ;
#644 = CARTESIAN_POINT ( 'NONE',  ( 0.000000000000000000, -15.50000000000000178, -4.499999999999999112 ) ) ;
#645 = CARTESIAN_POINT ( 'NONE',  ( -0.9863566824314646819, 35.88514440980598863, -1.648571964299773152 ) ) ;
#646 = CARTESIAN_POINT ( 'NONE',  ( -5.376127893644897959, 35.82939038085837780, -1.980480100965556378 ) ) ;
#647 = AXIS2_PLACEMENT_3D ( 'NONE', #732, #175, #1150 ) ;
#648 = DIRECTION ( 'NONE',  ( -0.000000000000000000, 0.000000000000000000, -1.000000000000000000 ) ) ;
#649 = VERTEX_POINT ( 'NONE', #546 ) ;
#650 = ORIENTED_EDGE ( 'NONE', *, *, #413, .F. ) ;
#651 = EDGE_CURVE ( 'NONE', #2170, #2280, #204, .T. ) ;
#652 = ORIENTED_EDGE ( 'NONE', *, *, #1954, .T. ) ;
#653 = CARTESIAN_POINT ( 'NONE',  ( 4.914954984995501874, 36.87663926506431267, -2.952468732054540634 ) ) ;
#654 = FACE_BOUND ( 'NONE', #981, .T. ) ;
#655 = DIRECTION ( 'NONE',  ( -1.000000000000000000, 0.000000000000000000, 0.000000000000000000 ) ) ;
#656 = CARTESIAN_POINT ( 'NONE',  ( 4.124484115337971879, 35.88596052151383020, -1.872202753560401334 ) ) ;
#657 = CARTESIAN_POINT ( 'NONE',  ( -12.30861732281542054, 26.45752629411944312, -4.500000000000000888 ) ) ;
#658 = DIRECTION ( 'NONE',  ( 0.000000000000000000, -0.000000000000000000, -1.000000000000000000 ) ) ;
#659 = EDGE_CURVE ( 'NONE', #2486, #1221, #1597, .T. ) ;
#660 = ORIENTED_EDGE ( 'NONE', *, *, #1430, .F. ) ;
#661 = VERTEX_POINT ( 'NONE', #1902 ) ;
#662 = ORIENTED_EDGE ( 'NONE', *, *, #2213, .F. ) ;
#663 = FACE_OUTER_BOUND ( 'NONE', #258, .T. ) ;
#664 = CARTESIAN_POINT ( 'NONE',  ( -24.82234798472148185, 15.34124501234911975, 6.106601717798217699 ) ) ;
#665 = EDGE_CURVE ( 'NONE', #794, #1594, #1680, .T. ) ;
#666 = FACE_OUTER_BOUND ( 'NONE', #993, .T. ) ;
#667 = LINE ( 'NONE', #1434, #869 ) ;
#668 = CARTESIAN_POINT ( 'NONE',  ( -5.363529815480957197, 35.10764696622473480, -1.264987365711169653 ) ) ;
#669 = ORIENTED_EDGE ( 'NONE', *, *, #1616, .F. ) ;
#670 = CARTESIAN_POINT ( 'NONE',  ( 15.50000000000000000, 0.000000000000000000, -4.499999999999999112 ) ) ;
#671 = ORIENTED_EDGE ( 'NONE', *, *, #1403, .F. ) ;
#672 = ORIENTED_EDGE ( 'NONE', *, *, #2460, .F. ) ;
#673 = CARTESIAN_POINT ( 'NONE',  ( 1.500000000000004885, 0.000000000000000000, -6.000000000000000000 ) ) ;
#674 = DIRECTION ( 'NONE',  ( 0.000000000000000000, 0.000000000000000000, -1.000000000000000000 ) ) ;
#675 = CARTESIAN_POINT ( 'NONE',  ( 5.265849194381779341, 36.87591805314179538, 3.000000000000000000 ) ) ;
#676 = VECTOR ( 'NONE', #1768, 1000.000000000000000 ) ;
#677 = CYLINDRICAL_SURFACE ( 'NONE', #964, 1.000000000000000888 ) ;
#678 = VECTOR ( 'NONE', #1333, 1000.000000000000000 ) ;
#679 = EDGE_CURVE ( 'NONE', #451, #2481, #371, .T. ) ;
#680 = DIRECTION ( 'NONE',  ( 0.000000000000000000, -0.000000000000000000, -1.000000000000000000 ) ) ;
#681 = CIRCLE ( 'NONE', #2344, 4.749999999999991118 ) ;
#682 = EDGE_CURVE ( 'NONE', #2381, #2275, #2046, .T. ) ;
#683 = AXIS2_PLACEMENT_3D ( 'NONE', #2377, #217, #648 ) ;
#684 = EDGE_LOOP ( 'NONE', ( #176, #74, #763, #1302 ) ) ;
#685 = LINE ( 'NONE', #101, #919 ) ;
#686 = EDGE_LOOP ( 'NONE', ( #1398, #2254 ) ) ;
#687 = ORIENTED_EDGE ( 'NONE', *, *, #1227, .F. ) ;
#688 = DIRECTION ( 'NONE',  ( -0.000000000000000000, -0.000000000000000000, -1.000000000000000000 ) ) ;
#689 = CARTESIAN_POINT ( 'NONE',  ( 0.6444729397305273277, 34.54123392075901933, -0.2972455984417350372 ) ) ;
#690 = DIRECTION ( 'NONE',  ( 1.000000000000000000, 0.000000000000000000, 0.000000000000000000 ) ) ;
#691 = DIRECTION ( 'NONE',  ( -0.000000000000000000, -0.000000000000000000, -1.000000000000000000 ) ) ;
#692 = LINE ( 'NONE', #1450, #1763 ) ;
#693 = ADVANCED_FACE ( 'NONE', ( #1129 ), #1, .T. ) ;
#694 = ORIENTED_EDGE ( 'NONE', *, *, #1226, .F. ) ;
#695 = DIRECTION ( 'NONE',  ( 1.000000000000000000, 0.000000000000000000, 0.000000000000000000 ) ) ;
#696 = VERTEX_POINT ( 'NONE', #174 ) ;
#697 = EDGE_CURVE ( 'NONE', #1321, #892, #741, .T. ) ;
#698 = ORIENTED_EDGE ( 'NONE', *, *, #1913, .F. ) ;
#699 = LINE ( 'NONE', #2405, #86 ) ;
#700 = FACE_BOUND ( 'NONE', #2183, .T. ) ;
#701 = CARTESIAN_POINT ( 'NONE',  ( 0.000000000000000000, -1.499999999999999556, -6.000000000000000000 ) ) ;
#702 = CARTESIAN_POINT ( 'NONE',  ( -1.500000000000001332, 1.500000000000001332, -4.499999999999999112 ) ) ;
#703 = DIRECTION ( 'NONE',  ( 1.000000000000000000, -1.239088197126291063E-16, 0.000000000000000000 ) ) ;
#704 = CARTESIAN_POINT ( 'NONE',  ( 1.500000000000004885, 1.499999999999998668, -4.500000000000000888 ) ) ;
#705 = EDGE_LOOP ( 'NONE', ( #388, #2079 ) ) ;
#706 = DIRECTION ( 'NONE',  ( 0.000000000000000000, 0.000000000000000000, -1.000000000000000000 ) ) ;
#707 = VERTEX_POINT ( 'NONE', #1509 ) ;
#708 = ORIENTED_EDGE ( 'NONE', *, *, #1846, .T. ) ;
#709 = EDGE_CURVE ( 'NONE', #389, #2291, #165, .T. ) ;
#710 = DIRECTION ( 'NONE',  ( -0.000000000000000000, -0.000000000000000000, -1.000000000000000000 ) ) ;
#711 = CYLINDRICAL_SURFACE ( 'NONE', #832, 3.750000000000000000 ) ;
#712 = DIRECTION ( 'NONE',  ( -0.9998476951563912696, -0.01745240643728361921, 0.000000000000000000 ) ) ;
#713 = CARTESIAN_POINT ( 'NONE',  ( -14.95956646627892539, -33.01929543677428569, 3.000000000000000000 ) ) ;
#714 = EDGE_LOOP ( 'NONE', ( #1085, #2446, #398, #1182 ) ) ;
#715 = AXIS2_PLACEMENT_3D ( 'NONE', #1472, #680, #2030 ) ;
#716 = CARTESIAN_POINT ( 'NONE',  ( -1.500000000000002220, -1.499999999999999556, -4.499999999999999112 ) ) ;
#717 = CARTESIAN_POINT ( 'NONE',  ( -5.366992360150873331, 35.30601601750905871, -1.461604135166413521 ) ) ;
#718 = AXIS2_PLACEMENT_3D ( 'NONE', #1656, #2435, #538 ) ;
#719 = CIRCLE ( 'NONE', #1758, 3.750000000000000000 ) ;
#720 = VERTEX_POINT ( 'NONE', #2289 ) ;
#721 = DIRECTION ( 'NONE',  ( -0.000000000000000000, -0.000000000000000000, -1.000000000000000000 ) ) ;
#722 = CIRCLE ( 'NONE', #1683, 3.750000000000003553 ) ;
#723 = ORIENTED_EDGE ( 'NONE', *, *, #2384, .T. ) ;
#724 = AXIS2_PLACEMENT_3D ( 'NONE', #263, #1787, #273 ) ;
#725 = CIRCLE ( 'NONE', #1646, 1.000000000000000000 ) ;
#726 = VERTEX_POINT ( 'NONE', #2483 ) ;
#727 = CARTESIAN_POINT ( 'NONE',  ( -1.500000000000001332, 0.000000000000000000, -6.000000000000000000 ) ) ;
#728 = CIRCLE ( 'NONE', #1605, 3.750000000000000000 ) ;
#729 = CARTESIAN_POINT ( 'NONE',  ( -1.855527060269466899, 34.69062204922364145, 3.000000000000000000 ) ) ;
#730 = ADVANCED_FACE ( 'NONE', ( #575 ), #2114, .T. ) ;
#731 = DIRECTION ( 'NONE',  ( -0.000000000000000000, 0.000000000000000000, 1.000000000000000000 ) ) ;
#732 = CARTESIAN_POINT ( 'NONE',  ( 0.000000000000000000, 0.000000000000000000, 0.000000000000000000 ) ) ;
#733 = EDGE_CURVE ( 'NONE', #341, #627, #1485, .T. ) ;
#734 = ORIENTED_EDGE ( 'NONE', *, *, #1418, .F. ) ;
#735 = CARTESIAN_POINT ( 'NONE',  ( -6.549592361828382892, 36.66967875362258411, -3.000000000000051958 ) ) ;
#736 = DIRECTION ( 'NONE',  ( -0.000000000000000000, 0.000000000000000000, 1.000000000000000000 ) ) ;
#737 = ORIENTED_EDGE ( 'NONE', *, *, #116, .T. ) ;
#738 = VERTEX_POINT ( 'NONE', #4 ) ;
#739 = CARTESIAN_POINT ( 'NONE',  ( -29.16892106095507842, -0.8226798546850792038, -4.500000000000000888 ) ) ;
#740 = DIRECTION ( 'NONE',  ( -1.000000000000000000, 0.000000000000000000, 0.000000000000000000 ) ) ;
#741 = LINE ( 'NONE', #586, #1159 ) ;
#742 = DIRECTION ( 'NONE',  ( -0.8338858220671677701, 0.5519369853120589253, 0.000000000000000000 ) ) ;
#743 = ORIENTED_EDGE ( 'NONE', *, *, #870, .T. ) ;
#744 = EDGE_CURVE ( 'NONE', #1891, #2481, #482, .T. ) ;
#745 = DIRECTION ( 'NONE',  ( -0.000000000000000000, -0.000000000000000000, -1.000000000000000000 ) ) ;
#746 = CARTESIAN_POINT ( 'NONE',  ( -18.77846914539300727, -30.13449998980282274, -1.256512387111903273 ) ) ;
#747 = DIRECTION ( 'NONE',  ( 0.000000000000000000, -1.000000000000000000, 0.000000000000000000 ) ) ;
#748 = ORIENTED_EDGE ( 'NONE', *, *, #1997, .T. ) ;
#749 = ORIENTED_EDGE ( 'NONE', *, *, #1095, .F. ) ;
#750 = CARTESIAN_POINT ( 'NONE',  ( 14.12387097354471166, 26.87862050032322259, 6.106601717798217699 ) ) ;
#751 = CARTESIAN_POINT ( 'NONE',  ( -1.855527060269466899, 34.69062204922364145, 3.000000000000000000 ) ) ;
#752 = DIRECTION ( 'NONE',  ( 0.000000000000000000, -0.000000000000000000, -1.000000000000000000 ) ) ;
#753 = EDGE_LOOP ( 'NONE', ( #1601, #1287, #2146, #1289, #499, #1811 ) ) ;
#754 = DIRECTION ( 'NONE',  ( -0.000000000000000000, -0.000000000000000000, -1.000000000000000000 ) ) ;
#755 = DIRECTION ( 'NONE',  ( -1.000000000000000000, 0.000000000000000000, 0.000000000000000000 ) ) ;
#756 = EDGE_CURVE ( 'NONE', #286, #626, #219, .T. ) ;
#757 = AXIS2_PLACEMENT_3D ( 'NONE', #147, #901, #877 ) ;
#758 = DIRECTION ( 'NONE',  ( 0.000000000000000000, 0.000000000000000000, -1.000000000000000000 ) ) ;
#759 = VERTEX_POINT ( 'NONE', #2149 ) ;
#760 = AXIS2_PLACEMENT_3D ( 'NONE', #1617, #107, #96 ) ;
#761 = AXIS2_PLACEMENT_3D ( 'NONE', #287, #706, #1453 ) ;
#762 = VECTOR ( 'NONE', #1126, 1000.000000000000000 ) ;
#763 = ORIENTED_EDGE ( 'NONE', *, *, #1532, .T. ) ;
#764 = CARTESIAN_POINT ( 'NONE',  ( 0.000000000000000000, 1.500000000000001332, -4.499999999999999112 ) ) ;
#765 = CARTESIAN_POINT ( 'NONE',  ( -17.89995398319505782, -28.93242443391688568, 3.000000000000000000 ) ) ;
#766 = AXIS2_PLACEMENT_3D ( 'NONE', #355, #929, #1335 ) ;
#767 = CARTESIAN_POINT ( 'NONE',  ( 0.000000000000000000, -15.50000000000000178, -6.000000000000000000 ) ) ;
#768 = DIRECTION ( 'NONE',  ( -0.000000000000000000, -0.000000000000000000, -1.000000000000000000 ) ) ;
#769 = DIRECTION ( 'NONE',  ( 0.000000000000000000, 1.000000000000000000, -0.000000000000000000 ) ) ;
#770 = CARTESIAN_POINT ( 'NONE',  ( -0.6055270602694697857, 34.69062204922364145, 3.000000000000000000 ) ) ;
#771 =( NAMED_UNIT ( * ) PLANE_ANGLE_UNIT ( ) SI_UNIT ( $, .RADIAN. ) );
#772 = ORIENTED_EDGE ( 'NONE', *, *, #466, .T. ) ;
#773 = VERTEX_POINT ( 'NONE', #1776 ) ;
#774 = ADVANCED_FACE ( 'NONE', ( #985 ), #1525, .F. ) ;
#775 = LINE ( 'NONE', #1543, #837 ) ;
#776 = CARTESIAN_POINT ( 'NONE',  ( -16.05861732281541876, 26.45752629411944312, -6.000000000000000000 ) ) ;
#777 = DIRECTION ( 'NONE',  ( -0.000000000000000000, -0.000000000000000000, -1.000000000000000000 ) ) ;
#778 = CARTESIAN_POINT ( 'NONE',  ( 28.80754342686336145, 0.4504227853154105787, -4.500000000000000888 ) ) ;
#779 = FACE_OUTER_BOUND ( 'NONE', #2219, .T. ) ;
#780 = ORIENTED_EDGE ( 'NONE', *, *, #1177, .F. ) ;
#781 = ORIENTED_EDGE ( 'NONE', *, *, #665, .F. ) ;
#782 = DIRECTION ( 'NONE',  ( 1.000000000000000000, 0.000000000000000000, 0.000000000000000000 ) ) ;
#783 = ADVANCED_FACE ( 'NONE', ( #237 ), #2350, .F. ) ;
#784 = EDGE_CURVE ( 'NONE', #2291, #389, #719, .T. ) ;
#785 = DIRECTION ( 'NONE',  ( -1.000000000000000000, 0.000000000000000000, 0.000000000000000000 ) ) ;
#786 = DIRECTION ( 'NONE',  ( 0.000000000000000000, 0.000000000000000000, 1.000000000000000000 ) ) ;
#787 = DIRECTION ( 'NONE',  ( -0.000000000000000000, -0.000000000000000000, -1.000000000000000000 ) ) ;
#788 = CARTESIAN_POINT ( 'NONE',  ( 0.000000000000000000, 15.50000000000000178, -6.000000000000000000 ) ) ;
#789 = CARTESIAN_POINT ( 'NONE',  ( -6.549592361828382892, 36.66967875362258411, -3.000000000000051958 ) ) ;
#790 = ORIENTED_EDGE ( 'NONE', *, *, #183, .T. ) ;
#791 = CIRCLE ( 'NONE', #1559, 3.749999999999996447 ) ;
#792 = VECTOR ( 'NONE', #1868, 1000.000000000000114 ) ;
#793 = AXIS2_PLACEMENT_3D ( 'NONE', #928, #910, #1103 ) ;
#794 = VERTEX_POINT ( 'NONE', #1199 ) ;
#795 = ORIENTED_EDGE ( 'NONE', *, *, #434, .F. ) ;
#796 = CARTESIAN_POINT ( 'NONE',  ( 0.000000000000000000, 15.50000000000000000, -6.000000000000000000 ) ) ;
#797 = CONICAL_SURFACE ( 'NONE', #1760, 37.25000000000000711, 0.7853981633974435050 ) ;
#798 = EDGE_CURVE ( 'NONE', #2051, #286, #2099, .T. ) ;
#799 = FACE_BOUND ( 'NONE', #1259, .T. ) ;
#800 = CIRCLE ( 'NONE', #963, 3.749999999999996447 ) ;
#801 = DIRECTION ( 'NONE',  ( -1.000000000000000000, 0.000000000000000000, 0.000000000000000000 ) ) ;
#802 = DIRECTION ( 'NONE',  ( -0.000000000000000000, -1.000000000000000000, -0.000000000000000000 ) ) ;
#803 = LINE ( 'NONE', #1189, #2257 ) ;
#804 = ORIENTED_EDGE ( 'NONE', *, *, #2447, .F. ) ;
#805 = ORIENTED_EDGE ( 'NONE', *, *, #27, .T. ) ;
#806 = ORIENTED_EDGE ( 'NONE', *, *, #2427, .F. ) ;
#807 = EDGE_LOOP ( 'NONE', ( #1030, #2364, #33, #2370 ) ) ;
#808 = CARTESIAN_POINT ( 'NONE',  ( -29.16892106095507842, -0.8226798546850792038, -6.000000000000000000 ) ) ;
#809 = PLANE ( 'NONE',  #1362 ) ;
#810 = CARTESIAN_POINT ( 'NONE',  ( -22.55444316997165188, -25.77517397210963068, 0.000000000000000000 ) ) ;
#811 = CARTESIAN_POINT ( 'NONE',  ( -37.25000000000000711, 0.000000000000000000, -3.500000000000000444 ) ) ;
#812 = EDGE_CURVE ( 'NONE', #2469, #626, #2455, .T. ) ;
#813 = FACE_OUTER_BOUND ( 'NONE', #1573, .T. ) ;
#814 = EDGE_LOOP ( 'NONE', ( #900, #192 ) ) ;
#815 = ORIENTED_EDGE ( 'NONE', *, *, #1700, .T. ) ;
#816 = ORIENTED_EDGE ( 'NONE', *, *, #1226, .T. ) ;
#817 = LINE ( 'NONE', #595, #171 ) ;
#818 = CARTESIAN_POINT ( 'NONE',  ( 1.500000000000004885, 0.000000000000000000, -4.499999999999999112 ) ) ;
#819 = LINE ( 'NONE', #229, #400 ) ;
#820 = CARTESIAN_POINT ( 'NONE',  ( 0.000000000000000000, 15.50000000000000000, -4.499999999999999112 ) ) ;
#821 = VERTEX_POINT ( 'NONE', #1185 ) ;
#822 = CARTESIAN_POINT ( 'NONE',  ( 0.6444729397305274388, 34.69062204922364145, 3.000000000000000000 ) ) ;
#823 = EDGE_CURVE ( 'NONE', #773, #1221, #2188, .T. ) ;
#824 = ORIENTED_EDGE ( 'NONE', *, *, #32, .T. ) ;
#825 = VERTEX_POINT ( 'NONE', #2334 ) ;
#826 = CIRCLE ( 'NONE', #715, 1.000000000000000888 ) ;
#827 = VERTEX_POINT ( 'NONE', #776 ) ;
#828 = EDGE_LOOP ( 'NONE', ( #923, #1192 ) ) ;
#829 = CARTESIAN_POINT ( 'NONE',  ( 0.000000000000000000, 0.000000000000000000, -3.500000000000000444 ) ) ;
#830 = DIRECTION ( 'NONE',  ( 1.000000000000000000, 0.000000000000000000, 0.000000000000000000 ) ) ;
#831 = AXIS2_PLACEMENT_3D ( 'NONE', #156, #731, #1346 ) ;
#832 = AXIS2_PLACEMENT_3D ( 'NONE', #2457, #1692, #740 ) ;
#833 = AXIS2_PLACEMENT_3D ( 'NONE', #829, #2208, #313 ) ;
#834 = CARTESIAN_POINT ( 'NONE',  ( -28.57234798472148185, 15.34124501234911975, 6.106601717798217699 ) ) ;
#835 = EDGE_CURVE ( 'NONE', #286, #2051, #2055, .T. ) ;
#836 = DIRECTION ( 'NONE',  ( 0.000000000000000000, -0.000000000000000000, -1.000000000000000000 ) ) ;
#837 = VECTOR ( 'NONE', #2390, 1000.000000000000000 ) ;
#838 = CYLINDRICAL_SURFACE ( 'NONE', #2492, 3.750000000000000000 ) ;
#839 = CARTESIAN_POINT ( 'NONE',  ( -1.855527060270880435, 34.52511716135859388, -0.3249420467151169500 ) ) ;
#840 = ORIENTED_EDGE ( 'NONE', *, *, #1451, .T. ) ;
#841 = ORIENTED_EDGE ( 'NONE', *, *, #637, .F. ) ;
#842 = VERTEX_POINT ( 'NONE', #1175 ) ;
#843 = EDGE_CURVE ( 'NONE', #759, #850, #1975, .T. ) ;
#844 = CARTESIAN_POINT ( 'NONE',  ( 4.124484115337962109, 36.01080022228651245, -1.996225992231926760 ) ) ;
#845 = FACE_BOUND ( 'NONE', #933, .T. ) ;
#846 = DIRECTION ( 'NONE',  ( 1.224646799147353207E-16, 1.000000000000000000, -0.000000000000000000 ) ) ;
#847 = CARTESIAN_POINT ( 'NONE',  ( -23.38688013067013216, -26.72766666471819264, 3.000000000000000000 ) ) ;
#848 = CARTESIAN_POINT ( 'NONE',  ( -6.373764378960506960, 35.68525784748506879, 3.000000000000000000 ) ) ;
#849 = CARTESIAN_POINT ( 'NONE',  ( 0.000000000000000000, 15.50000000000000178, 15.29898987322333070 ) ) ;
#850 = VERTEX_POINT ( 'NONE', #607 ) ;
#851 = DIRECTION ( 'NONE',  ( -1.000000000000000000, 0.000000000000000000, 0.000000000000000000 ) ) ;
#852 = ORIENTED_EDGE ( 'NONE', *, *, #1482, .T. ) ;
#853 = VERTEX_POINT ( 'NONE', #2360 ) ;
#854 = PLANE ( 'NONE',  #1600 ) ;
#855 = CARTESIAN_POINT ( 'NONE',  ( 24.13440909899063058, -15.73555643816601446, -4.500000000000000888 ) ) ;
#856 = ADVANCED_FACE ( 'NONE', ( #1959 ), #1167, .F. ) ;
#857 = EDGE_CURVE ( 'NONE', #391, #842, #52, .T. ) ;
#858 = DIRECTION ( 'NONE',  ( -1.000000000000000000, 1.224646799147349509E-16, 0.000000000000000000 ) ) ;
#859 = DIRECTION ( 'NONE',  ( 0.000000000000000000, 0.000000000000000000, -1.000000000000000000 ) ) ;
#860 = EDGE_CURVE ( 'NONE', #1191, #2431, #817, .T. ) ;
#861 = CARTESIAN_POINT ( 'NONE',  ( -15.50000000000000000, -1.499999999999999556, -4.499999999999999112 ) ) ;
#862 = CARTESIAN_POINT ( 'NONE',  ( -14.91344970765777767, -30.83263721800587120, 0.000000000000000000 ) ) ;
#863 = VERTEX_POINT ( 'NONE', #1378 ) ;
#864 = CARTESIAN_POINT ( 'NONE',  ( -1.500000000000001332, 15.50000000000000178, -4.499999999999999112 ) ) ;
#865 = VERTEX_POINT ( 'NONE', #630 ) ;
#866 = ORIENTED_EDGE ( 'NONE', *, *, #1943, .T. ) ;
#867 = CARTESIAN_POINT ( 'NONE',  ( 15.50000000000000000, -15.50000000000000178, -6.000000000000000000 ) ) ;
#868 = DIRECTION ( 'NONE',  ( 0.000000000000000000, 0.000000000000000000, 1.000000000000000000 ) ) ;
#869 = VECTOR ( 'NONE', #2117, 1000.000000000000000 ) ;
#870 = EDGE_CURVE ( 'NONE', #1625, #51, #1123, .T. ) ;
#871 = DIRECTION ( 'NONE',  ( 1.000000000000000000, 0.000000000000000000, 0.000000000000000000 ) ) ;
#872 = VECTOR ( 'NONE', #888, 1000.000000000000000 ) ;
#873 = DIRECTION ( 'NONE',  ( -0.000000000000000000, -0.000000000000000000, -1.000000000000000000 ) ) ;
#874 = AXIS2_PLACEMENT_3D ( 'NONE', #1317, #947, #1873 ) ;
#875 = VECTOR ( 'NONE', #379, 1000.000000000000000 ) ;
#876 = EDGE_CURVE ( 'NONE', #140, #190, #2171, .T. ) ;
#877 = DIRECTION ( 'NONE',  ( -1.000000000000000000, 0.000000000000000000, 0.000000000000000000 ) ) ;
#878 = SURFACE_STYLE_FILL_AREA ( #1080 ) ;
#879 = CIRCLE ( 'NONE', #2056, 37.25000000000000711 ) ;
#880 = VECTOR ( 'NONE', #2201, 1000.000000000000000 ) ;
#881 = ORIENTED_EDGE ( 'NONE', *, *, #1128, .T. ) ;
#882 = CARTESIAN_POINT ( 'NONE',  ( -8.558617322815424089, 26.45752629411944312, -4.500000000000000888 ) ) ;
#883 = ORIENTED_EDGE ( 'NONE', *, *, #1247, .T. ) ;
#884 = ORIENTED_EDGE ( 'NONE', *, *, #1419, .T. ) ;
#885 = EDGE_CURVE ( 'NONE', #92, #309, #1405, .T. ) ;
#886 = DIRECTION ( 'NONE',  ( -1.000000000000000000, 0.000000000000000000, 0.000000000000000000 ) ) ;
#887 = CARTESIAN_POINT ( 'NONE',  ( -6.549592361828382892, 36.66967875362258411, 3.000000000000000000 ) ) ;
#888 = DIRECTION ( 'NONE',  ( -1.000000000000000000, 0.000000000000000000, 0.000000000000000000 ) ) ;
#889 = DIRECTION ( 'NONE',  ( -1.000000000000000000, 0.000000000000000000, 0.000000000000000000 ) ) ;
#890 = CARTESIAN_POINT ( 'NONE',  ( -21.07234798472148185, 15.34124501234911975, 6.106601717798217699 ) ) ;
#891 = EDGE_CURVE ( 'NONE', #51, #1625, #960, .T. ) ;
#892 = VERTEX_POINT ( 'NONE', #867 ) ;
#893 = DIRECTION ( 'NONE',  ( -1.000000000000000000, 0.000000000000000000, 0.000000000000000000 ) ) ;
#894 = ORIENTED_EDGE ( 'NONE', *, *, #659, .F. ) ;
#895 = ORIENTED_EDGE ( 'NONE', *, *, #614, .T. ) ;
#896 = DIRECTION ( 'NONE',  ( -0.000000000000000000, 0.000000000000000000, 1.000000000000000000 ) ) ;
#897 = DIRECTION ( 'NONE',  ( -0.000000000000000000, -0.000000000000000000, -1.000000000000000000 ) ) ;
#898 = DIRECTION ( 'NONE',  ( -1.000000000000000000, 0.000000000000000000, 0.000000000000000000 ) ) ;
#899 = LINE ( 'NONE', #1053, #1483 ) ;
#900 = ORIENTED_EDGE ( 'NONE', *, *, #733, .T. ) ;
#901 = DIRECTION ( 'NONE',  ( 0.000000000000000000, 0.000000000000000000, -1.000000000000000000 ) ) ;
#902 = DIRECTION ( 'NONE',  ( 1.000000000000000000, 0.000000000000000000, 0.000000000000000000 ) ) ;
#903 = ORIENTED_EDGE ( 'NONE', *, *, #1946, .T. ) ;
#904 = FACE_OUTER_BOUND ( 'NONE', #2367, .T. ) ;
#905 = ORIENTED_EDGE ( 'NONE', *, *, #798, .T. ) ;
#906 = EDGE_CURVE ( 'NONE', #140, #1876, #699, .T. ) ;
#907 = ORIENTED_EDGE ( 'NONE', *, *, #69, .T. ) ;
#908 = LINE ( 'NONE', #764, #762 ) ;
#909 = CARTESIAN_POINT ( 'NONE',  ( 0.000000000000000000, -1.499999999999999556, -4.499999999999999112 ) ) ;
#910 = DIRECTION ( 'NONE',  ( -0.000000000000000000, -0.000000000000000000, -1.000000000000000000 ) ) ;
#911 = CARTESIAN_POINT ( 'NONE',  ( -0.6055270602694697857, 34.69062204922364145, 3.000000000000000000 ) ) ;
#912 = ORIENTED_EDGE ( 'NONE', *, *, #891, .F. ) ;
#913 = AXIS2_PLACEMENT_3D ( 'NONE', #159, #1753, #1357 ) ;
#914 = EDGE_CURVE ( 'NONE', #2392, #1871, #45, .T. ) ;
#915 = LINE ( 'NONE', #2318, #602 ) ;
#916 = DIRECTION ( 'NONE',  ( 1.000000000000000000, 0.000000000000000000, 0.000000000000000000 ) ) ;
#917 = AXIS2_PLACEMENT_3D ( 'NONE', #1464, #138, #2007 ) ;
#918 = AXIS2_PLACEMENT_3D ( 'NONE', #457, #1204, #1187 ) ;
#919 = VECTOR ( 'NONE', #721, 1000.000000000000000 ) ;
#920 = VERTEX_POINT ( 'NONE', #1072 ) ;
#921 = AXIS2_PLACEMENT_3D ( 'NONE', #1253, #1062, #1817 ) ;
#922 = AXIS2_PLACEMENT_3D ( 'NONE', #1782, #658, #782 ) ;
#923 = ORIENTED_EDGE ( 'NONE', *, *, #2, .F. ) ;
#924 = CARTESIAN_POINT ( 'NONE',  ( -20.16820805226660696, -16.71592299491781475, -4.500000000000000888 ) ) ;
#925 = LINE ( 'NONE', #1304, #3 ) ;
#926 = ADVANCED_FACE ( 'NONE', ( #1653 ), #854, .F. ) ;
#927 = ADVANCED_FACE ( 'NONE', ( #1022 ), #1282, .F. ) ;
#928 = CARTESIAN_POINT ( 'NONE',  ( -24.82234798472148185, 15.34124501234911975, -4.500000000000000888 ) ) ;
#929 = DIRECTION ( 'NONE',  ( -0.000000000000000000, 0.000000000000000000, 1.000000000000000000 ) ) ;
#930 = VERTEX_POINT ( 'NONE', #1456 ) ;
#931 = CARTESIAN_POINT ( 'NONE',  ( -23.38688013067013216, -26.72766666471819264, -1.264987365711162326 ) ) ;
#932 = CARTESIAN_POINT ( 'NONE',  ( -20.37613038977633551, -29.22412873164634206, -1.376095745692310857 ) ) ;
#933 = EDGE_LOOP ( 'NONE', ( #2006, #216, #2244, #1436 ) ) ;
#934 = ORIENTED_EDGE ( 'NONE', *, *, #1829, .F. ) ;
#935 = DIRECTION ( 'NONE',  ( -0.000000000000000000, -0.000000000000000000, -1.000000000000000000 ) ) ;
#936 = DIRECTION ( 'NONE',  ( -0.000000000000000000, -0.000000000000000000, -1.000000000000000000 ) ) ;
#937 = DIRECTION ( 'NONE',  ( 0.000000000000000000, 0.000000000000000000, -1.000000000000000000 ) ) ;
#938 = ADVANCED_FACE ( 'NONE', ( #2013 ), #797, .F. ) ;
#939 = DIRECTION ( 'NONE',  ( 0.000000000000000000, -1.000000000000000000, 0.000000000000000000 ) ) ;
#940 = ORIENTED_EDGE ( 'NONE', *, *, #2365, .F. ) ;
#941 = CARTESIAN_POINT ( 'NONE',  ( -23.91820805226660696, -16.71592299491781475, 6.106601717798217699 ) ) ;
#942 = CARTESIAN_POINT ( 'NONE',  ( -23.91820805226660696, -16.71592299491781475, -6.000000000000000000 ) ) ;
#943 =( NAMED_UNIT ( * ) SI_UNIT ( $, .STERADIAN. ) SOLID_ANGLE_UNIT ( ) );
#944 = ORIENTED_EDGE ( 'NONE', *, *, #183, .F. ) ;
#945 = ORIENTED_EDGE ( 'NONE', *, *, #906, .T. ) ;
#946 = LINE ( 'NONE', #2315, #1800 ) ;
#947 = DIRECTION ( 'NONE',  ( -0.000000000000000000, -0.000000000000000000, -1.000000000000000000 ) ) ;
#948 = PRODUCT_DEFINITION_SHAPE ( 'NONE', 'NONE',  #2119 ) ;
#949 = DIRECTION ( 'NONE',  ( -1.000000000000000000, 0.000000000000000000, 0.000000000000000000 ) ) ;
#950 = DIRECTION ( 'NONE',  ( -0.000000000000000000, -0.000000000000000000, -1.000000000000000000 ) ) ;
#951 = CARTESIAN_POINT ( 'NONE',  ( 4.124636420181582608, 35.86850811507654413, -1.854881941366365972 ) ) ;
#952 = FACE_OUTER_BOUND ( 'NONE', #753, .T. ) ;
#953 = CIRCLE ( 'NONE', #1031, 3.750000000000000000 ) ;
#954 = EDGE_CURVE ( 'NONE', #451, #1092, #208, .T. ) ;
#955 = APPLICATION_PROTOCOL_DEFINITION ( 'draft international standard', 'automotive_design', 1998, #2096 ) ;
#956 = VERTEX_POINT ( 'NONE', #1614 ) ;
#957 = VECTOR ( 'NONE', #1471, 1000.000000000000000 ) ;
#958 = AXIS2_PLACEMENT_3D ( 'NONE', #1278, #2028, #332 ) ;
#959 = AXIS2_PLACEMENT_3D ( 'NONE', #1270, #2451, #851 ) ;
#960 = CIRCLE ( 'NONE', #1195, 3.749999999999998224 ) ;
#961 = EDGE_LOOP ( 'NONE', ( #1639, #2067, #36, #14 ) ) ;
#962 = CARTESIAN_POINT ( 'NONE',  ( -15.77927681170114482, -33.59984343441078636, -2.870466279338261817 ) ) ;
#963 = AXIS2_PLACEMENT_3D ( 'NONE', #449, #1353, #1207 ) ;
#964 = AXIS2_PLACEMENT_3D ( 'NONE', #713, #1486, #2266 ) ;
#965 = CARTESIAN_POINT ( 'NONE',  ( 27.38066264877081935, 16.48239126328874704, 6.106601717798217699 ) ) ;
#966 = CARTESIAN_POINT ( 'NONE',  ( -1.500000000000003997, -15.50000000000000000, -4.499999999999999112 ) ) ;
#967 = CYLINDRICAL_SURFACE ( 'NONE', #2453, 39.25000000000000711 ) ;
#968 = CARTESIAN_POINT ( 'NONE',  ( -24.82234798472148185, 15.34124501234911975, -6.000000000000000000 ) ) ;
#969 = CARTESIAN_POINT ( 'NONE',  ( 28.80754342686336145, 0.4504227853154105787, -6.000000000000000000 ) ) ;
#970 = ORIENTED_EDGE ( 'NONE', *, *, #1355, .T. ) ;
#971 = EDGE_CURVE ( 'NONE', #2159, #842, #2420, .T. ) ;
#972 = ORIENTED_EDGE ( 'NONE', *, *, #1202, .T. ) ;
#973 = CYLINDRICAL_SURFACE ( 'NONE', #2224, 1.000000000000000888 ) ;
#974 = EDGE_CURVE ( 'NONE', #1750, #270, #2396, .T. ) ;
#975 = UNCERTAINTY_MEASURE_WITH_UNIT (LENGTH_MEASURE( 1.000000000000000082E-05 ), #11, 'distance_accuracy_value', 'NONE');
#976 = DIRECTION ( 'NONE',  ( -0.9998476951563912696, -0.01745240643728397309, 0.000000000000000000 ) ) ;
#977 = FACE_OUTER_BOUND ( 'NONE', #224, .T. ) ;
#978 = CARTESIAN_POINT ( 'NONE',  ( 1.499999999999999556, -15.50000000000000178, -6.000000000000000000 ) ) ;
#979 = CARTESIAN_POINT ( 'NONE',  ( -1.736490822743824936, 35.24206001162144730, -1.034773036717666628 ) ) ;
#980 = DIRECTION ( 'NONE',  ( 0.000000000000000000, -1.000000000000000000, 0.000000000000000000 ) ) ;
#981 = EDGE_LOOP ( 'NONE', ( #1685, #356, #1467, #459 ) ) ;
#982 = EDGE_CURVE ( 'NONE', #581, #2486, #2037, .T. ) ;
#983 = ORIENTED_EDGE ( 'NONE', *, *, #1943, .F. ) ;
#984 = ORIENTED_EDGE ( 'NONE', *, *, #2246, .T. ) ;
#985 = FACE_OUTER_BOUND ( 'NONE', #233, .T. ) ;
#986 = DIRECTION ( 'NONE',  ( -0.000000000000000000, -0.000000000000000000, -1.000000000000000000 ) ) ;
#987 = DIRECTION ( 'NONE',  ( 0.000000000000000000, 0.000000000000000000, 1.000000000000000000 ) ) ;
#988 = CARTESIAN_POINT ( 'NONE',  ( -1.500000000000001332, 1.500000000000001332, 15.29898987322333070 ) ) ;
#989 = ADVANCED_FACE ( 'NONE', ( #128 ), #1033, .F. ) ;
#990 = CARTESIAN_POINT ( 'NONE',  ( -6.194938302223286897, 36.68234883667174273, -2.951503354024178183 ) ) ;
#991 = CIRCLE ( 'NONE', #235, 37.25000000000000711 ) ;
#992 = ORIENTED_EDGE ( 'NONE', *, *, #1155, .F. ) ;
#993 = EDGE_LOOP ( 'NONE', ( #2233, #1749, #1983, #1662 ) ) ;
#994 = VECTOR ( 'NONE', #78, 1000.000000000000000 ) ;
#995 = AXIS2_PLACEMENT_3D ( 'NONE', #114, #2394, #1073 ) ;
#996 = AXIS2_PLACEMENT_3D ( 'NONE', #417, #2160, #1938 ) ;
#997 = VERTEX_POINT ( 'NONE', #2432 ) ;
#998 = CARTESIAN_POINT ( 'NONE',  ( 0.000000000000000000, 0.000000000000000000, 3.000000000000000000 ) ) ;
#999 = CIRCLE ( 'NONE', #921, 34.24999999999997868 ) ;
#1000 = FACE_BOUND ( 'NONE', #1575, .T. ) ;
#1001 = ADVANCED_FACE ( 'NONE', ( #1468 ), #529, .T. ) ;
#1002 = CIRCLE ( 'NONE', #1933, 3.750000000000000000 ) ;
#1003 = B_SPLINE_CURVE_WITH_KNOTS ( 'NONE', 3,
 ( #1011, #228, #1604, #238 ),
 .UNSPECIFIED., .F., .F.,
 ( 4, 4 ),
 ( 0.000000000000000000, 0.001788962453048851100 ),
 .UNSPECIFIED. ) ;
#1004 = CARTESIAN_POINT ( 'NONE',  ( 10.37387097354471166, 26.87862050032322259, -6.000000000000000000 ) ) ;
#1005 = CARTESIAN_POINT ( 'NONE',  ( 0.6444729397305275498, 34.69062204922364145, -0.4466079542673481173 ) ) ;
#1006 = CARTESIAN_POINT ( 'NONE',  ( -5.498362434130694254, 36.18493628057048994, -2.350282477508933709 ) ) ;
#1007 = ORIENTED_EDGE ( 'NONE', *, *, #2155, .F. ) ;
#1008 = ORIENTED_EDGE ( 'NONE', *, *, #2230, .F. ) ;
#1009 = ORIENTED_EDGE ( 'NONE', *, *, #152, .F. ) ;
#1010 = CARTESIAN_POINT ( 'NONE',  ( 0.000000000000000000, -1.499999999999999556, -4.499999999999999112 ) ) ;
#1011 = CARTESIAN_POINT ( 'NONE',  ( 3.988487990535024341, 34.01697316854274078, 0.000000000000000000 ) ) ;
#1012 = EDGE_CURVE ( 'NONE', #581, #773, #2459, .T. ) ;
#1013 = DIRECTION ( 'NONE',  ( -0.000000000000000000, -0.000000000000000000, -1.000000000000000000 ) ) ;
#1014 = CARTESIAN_POINT ( 'NONE',  ( 10.37387097354471166, 26.87862050032322259, -4.500000000000000888 ) ) ;
#1015 = LINE ( 'NONE', #1756, #118 ) ;
#1016 = CARTESIAN_POINT ( 'NONE',  ( -1.824017295620524282, 34.36310635268067415, -0.1614325885436469765 ) ) ;
#1017 = ORIENTED_EDGE ( 'NONE', *, *, #69, .F. ) ;
#1018 = ORIENTED_EDGE ( 'NONE', *, *, #2335, .F. ) ;
#1019 = ORIENTED_EDGE ( 'NONE', *, *, #234, .F. ) ;
#1020 = EDGE_CURVE ( 'NONE', #2349, #920, #999, .T. ) ;
#1021 = VERTEX_POINT ( 'NONE', #75 ) ;
#1022 = FACE_OUTER_BOUND ( 'NONE', #1996, .T. ) ;
#1023 = DIRECTION ( 'NONE',  ( -1.239088197126290817E-16, -1.000000000000000000, 0.000000000000000000 ) ) ;
#1024 = CARTESIAN_POINT ( 'NONE',  ( 0.000000000000000000, 1.500000000000001332, -6.000000000000000000 ) ) ;
#1025 = CARTESIAN_POINT ( 'NONE',  ( -0.6970988247571865415, 35.94116598935626428, -1.697790179443850578 ) ) ;
#1026 = CARTESIAN_POINT ( 'NONE',  ( -5.570719220562459384, 36.29686073114691425, -2.471769851884474622 ) ) ;
#1027 = CARTESIAN_POINT ( 'NONE',  ( -15.79345228834609038, -32.46735845146222488, 3.000000000000000000 ) ) ;
#1028 = EDGE_CURVE ( 'NONE', #92, #1376, #240, .T. ) ;
#1029 = EDGE_LOOP ( 'NONE', ( #1636, #2166, #1495, #1402 ) ) ;
#1030 = ORIENTED_EDGE ( 'NONE', *, *, #614, .F. ) ;
#1031 = AXIS2_PLACEMENT_3D ( 'NONE', #8, #210, #1308 ) ;
#1032 = ORIENTED_EDGE ( 'NONE', *, *, #885, .F. ) ;
#1033 = CYLINDRICAL_SURFACE ( 'NONE', #1844, 3.749999999999998224 ) ;
#1034 = DIRECTION ( 'NONE',  ( -0.000000000000000000, -0.000000000000000000, 1.000000000000000000 ) ) ;
#1035 = AXIS2_PLACEMENT_3D ( 'NONE', #53, #986, #38 ) ;
#1036 = AXIS2_PLACEMENT_3D ( 'NONE', #998, #227, #1751 ) ;
#1037 = VECTOR ( 'NONE', #1475, 1000.000000000000000 ) ;
#1038 = VECTOR ( 'NONE', #2123, 1000.000000000000000 ) ;
#1039 = CARTESIAN_POINT ( 'NONE',  ( 0.000000000000000000, 0.000000000000000000, 3.000000000000000000 ) ) ;
#1040 = PLANE ( 'NONE',  #2268 ) ;
#1041 = VECTOR ( 'NONE', #1981, 1000.000000000000000 ) ;
#1042 = LINE ( 'NONE', #1809, #276 ) ;
#1043 = CARTESIAN_POINT ( 'NONE',  ( -15.95956646627937126, -33.10029091993379780, -2.496915223130456329 ) ) ;
#1044 = ORIENTED_EDGE ( 'NONE', *, *, #13, .F. ) ;
#1045 = CARTESIAN_POINT ( 'NONE',  ( -8.558617322815424089, 26.45752629411944312, -6.000000000000000000 ) ) ;
#1046 = VERTEX_POINT ( 'NONE', #1675 ) ;
#1047 = EDGE_CURVE ( 'NONE', #1689, #997, #908, .T. ) ;
#1048 = EDGE_CURVE ( 'NONE', #1092, #451, #1930, .T. ) ;
#1049 = EDGE_LOOP ( 'NONE', ( #1086, #1712, #214, #1596 ) ) ;
#1050 = CARTESIAN_POINT ( 'NONE',  ( 5.089663938069477034, 36.90107715531458155, -3.000000000000048850 ) ) ;
#1051 = CARTESIAN_POINT ( 'NONE',  ( -20.39995398319505782, -28.93242443391688568, 3.000000000000000000 ) ) ;
#1052 = DIRECTION ( 'NONE',  ( -0.000000000000000000, -0.000000000000000000, -1.000000000000000000 ) ) ;
#1053 = CARTESIAN_POINT ( 'NONE',  ( -15.50000000000000000, 0.000000000000000000, -4.499999999999999112 ) ) ;
#1054 = DIRECTION ( 'NONE',  ( 1.000000000000000000, 0.000000000000000000, 0.000000000000000000 ) ) ;
#1055 = CARTESIAN_POINT ( 'NONE',  ( 1.500000000000004885, 1.499999999999998668, 15.29898987322333070 ) ) ;
#1056 = ORIENTED_EDGE ( 'NONE', *, *, #284, .F. ) ;
#1057 = CARTESIAN_POINT ( 'NONE',  ( 11.20912044209161351, -26.54115780991539708, -6.000000000000000000 ) ) ;
#1058 = B_SPLINE_CURVE_WITH_KNOTS ( 'NONE', 3,
 ( #1744, #1571, #1169, #30 ),
 .UNSPECIFIED., .F., .F.,
 ( 4, 4 ),
 ( 0.000000000000000000, 0.001788962453048837005 ),
 .UNSPECIFIED. ) ;
#1059 = ORIENTED_EDGE ( 'NONE', *, *, #16, .T. ) ;
#1060 = ADVANCED_FACE ( 'NONE', ( #1292 ), #193, .F. ) ;
#1061 = ORIENTED_EDGE ( 'NONE', *, *, #1215, .F. ) ;
#1062 = DIRECTION ( 'NONE',  ( 0.000000000000000000, -0.000000000000000000, -1.000000000000000000 ) ) ;
#1063 = DIRECTION ( 'NONE',  ( -0.000000000000000000, -0.000000000000000000, -1.000000000000000000 ) ) ;
#1064 = FACE_OUTER_BOUND ( 'NONE', #1611, .T. ) ;
#1065 = CYLINDRICAL_SURFACE ( 'NONE', #91, 3.750000000000000000 ) ;
#1066 = DIRECTION ( 'NONE',  ( 0.000000000000000000, 0.000000000000000000, 1.000000000000000000 ) ) ;
#1067 = CARTESIAN_POINT ( 'NONE',  ( 0.000000000000000000, 1.500000000000001332, 15.29898987322333070 ) ) ;
#1068 = ORIENTED_EDGE ( 'NONE', *, *, #682, .F. ) ;
#1069 = CARTESIAN_POINT ( 'NONE',  ( 24.13440909899063058, -15.73555643816601446, -4.500000000000000888 ) ) ;
#1070 = ORIENTED_EDGE ( 'NONE', *, *, #1331, .F. ) ;
#1071 = ORIENTED_EDGE ( 'NONE', *, *, #167, .F. ) ;
#1072 = CARTESIAN_POINT ( 'NONE',  ( -1.757292354248059407, 34.20488888421799345, 0.000000000000000000 ) ) ;
#1073 = DIRECTION ( 'NONE',  ( -1.000000000000000000, 0.000000000000000000, 0.000000000000000000 ) ) ;
#1074 = CIRCLE ( 'NONE', #319, 3.750000000000000000 ) ;
#1075 = LINE ( 'NONE', #1644, #279 ) ;
#1076 = AXIS2_PLACEMENT_3D ( 'NONE', #2000, #316, #871 ) ;
#1077 = EDGE_CURVE ( 'NONE', #1534, #2349, #681, .T. ) ;
#1078 = CARTESIAN_POINT ( 'NONE',  ( 32.55754342686336145, 0.4504227853154110228, -4.500000000000000888 ) ) ;
#1079 = CARTESIAN_POINT ( 'NONE',  ( -1.500000000000001998, 1.858632295689438814E-16, 15.29898987322333070 ) ) ;
#1080 = FILL_AREA_STYLE ('',( #1107 ) ) ;
#1081 = CIRCLE ( 'NONE', #2421, 1.000000000000000000 ) ;
#1082 = CIRCLE ( 'NONE', #2176, 34.24999999999997868 ) ;
#1083 = ORIENTED_EDGE ( 'NONE', *, *, #1647, .F. ) ;
#1084 = CARTESIAN_POINT ( 'NONE',  ( -25.22647420405276364, -27.40779997067004814, 3.000000000000000000 ) ) ;
#1085 = ORIENTED_EDGE ( 'NONE', *, *, #1227, .T. ) ;
#1086 = ORIENTED_EDGE ( 'NONE', *, *, #876, .T. ) ;
#1087 = CARTESIAN_POINT ( 'NONE',  ( 23.63066264877081935, 16.48239126328874704, 6.106601717798217699 ) ) ;
#1088 = DIRECTION ( 'NONE',  ( 1.000000000000000000, 0.000000000000000000, 0.000000000000000000 ) ) ;
#1089 = CARTESIAN_POINT ( 'NONE',  ( 0.000000000000000000, 0.000000000000000000, 3.000000000000000000 ) ) ;
#1090 = CARTESIAN_POINT ( 'NONE',  ( 0.000000000000000000, 1.499999999999998668, -4.499999999999999112 ) ) ;
#1091 = EDGE_CURVE ( 'NONE', #2358, #2295, #532, .T. ) ;
#1092 = VERTEX_POINT ( 'NONE', #924 ) ;
#1093 = PLANE ( 'NONE',  #479 ) ;
#1094 = CARTESIAN_POINT ( 'NONE',  ( -23.38688013067013216, -26.72766666471819264, -1.264987365711162326 ) ) ;
#1095 = EDGE_CURVE ( 'NONE', #1261, #1904, #2260, .T. ) ;
#1096 = ORIENTED_EDGE ( 'NONE', *, *, #485, .F. ) ;
#1097 = LINE ( 'NONE', #473, #792 ) ;
#1098 = ORIENTED_EDGE ( 'NONE', *, *, #401, .F. ) ;
#1099 = B_SPLINE_CURVE_WITH_KNOTS ( 'NONE', 3,
 ( #789, #2376, #990, #1781, #2389, #1026, #1006, #2192, #646, #46 ),
 .UNSPECIFIED., .F., .F.,
 ( 4, 2, 2, 2, 4 ),
 ( 0.000000000000000000, 0.0005309863886139836592, 0.001061972777227967318, 0.001592959165841950978, 0.002123945554455934637 ),
 .UNSPECIFIED. ) ;
#1100 = ORIENTED_EDGE ( 'NONE', *, *, #1230, .T. ) ;
#1101 = FACE_OUTER_BOUND ( 'NONE', #1438, .T. ) ;
#1102 = DIRECTION ( 'NONE',  ( 0.000000000000000000, 0.000000000000000000, -1.000000000000000000 ) ) ;
#1103 = DIRECTION ( 'NONE',  ( 1.000000000000000000, 0.000000000000000000, 0.000000000000000000 ) ) ;
#1104 = CARTESIAN_POINT ( 'NONE',  ( 0.5624884524020972165, 34.24538080881730906, 0.000000000000000000 ) ) ;
#1105 = VERTEX_POINT ( 'NONE', #1518 ) ;
#1106 = DIRECTION ( 'NONE',  ( -0.000000000000000000, -0.000000000000000000, -1.000000000000000000 ) ) ;
#1107 = FILL_AREA_STYLE_COLOUR ( '', #47 ) ;
#1108 = SHAPE_DEFINITION_REPRESENTATION ( #948, #77 ) ;
#1109 = ORIENTED_EDGE ( 'NONE', *, *, #302, .F. ) ;
#1110 = ADVANCED_FACE ( 'NONE', ( #2093 ), #1691, .F. ) ;
#1111 = ORIENTED_EDGE ( 'NONE', *, *, #1290, .F. ) ;
#1112 = DIRECTION ( 'NONE',  ( -0.000000000000000000, -0.000000000000000000, -1.000000000000000000 ) ) ;
#1113 = DIRECTION ( 'NONE',  ( -1.000000000000000000, 0.000000000000000000, -0.000000000000000000 ) ) ;
#1114 = DIRECTION ( 'NONE',  ( -0.000000000000000000, -0.000000000000000000, -1.000000000000000000 ) ) ;
#1115 = PLANE ( 'NONE',  #647 ) ;
#1116 = EDGE_LOOP ( 'NONE', ( #749, #2347, #88, #1795 ) ) ;
#1117 = CARTESIAN_POINT ( 'NONE',  ( -23.71536759798417648, -27.22395709099767913, 3.000000000000000000 ) ) ;
#1118 = DIRECTION ( 'NONE',  ( 1.000000000000000000, 0.000000000000000000, 0.000000000000000000 ) ) ;
#1119 = CIRCLE ( 'NONE', #1443, 35.25000000000000711 ) ;
#1120 = AXIS2_PLACEMENT_3D ( 'NONE', #195, #1715, #1149 ) ;
#1121 = VECTOR ( 'NONE', #350, 1000.000000000000000 ) ;
#1122 = ORIENTED_EDGE ( 'NONE', *, *, #284, .T. ) ;
#1123 = CIRCLE ( 'NONE', #1325, 3.749999999999998224 ) ;
#1124 = ORIENTED_EDGE ( 'NONE', *, *, #2063, .T. ) ;
#1125 = EDGE_CURVE ( 'NONE', #2116, #930, #1161, .T. ) ;
#1126 = DIRECTION ( 'NONE',  ( -1.000000000000000000, 0.000000000000000000, 0.000000000000000000 ) ) ;
#1127 = LINE ( 'NONE', #765, #41 ) ;
#1128 = EDGE_CURVE ( 'NONE', #2366, #2159, #1535, .T. ) ;
#1129 = FACE_OUTER_BOUND ( 'NONE', #1233, .T. ) ;
#1130 = DIRECTION ( 'NONE',  ( -0.000000000000000000, -0.000000000000000000, -1.000000000000000000 ) ) ;
#1131 = ORIENTED_EDGE ( 'NONE', *, *, #843, .F. ) ;
#1132 = CYLINDRICAL_SURFACE ( 'NONE', #1754, 3.750000000000000000 ) ;
#1133 = CARTESIAN_POINT ( 'NONE',  ( 0.000000000000000000, -15.50000000000000000, -6.000000000000000000 ) ) ;
#1134 = DIRECTION ( 'NONE',  ( 0.000000000000000000, -0.000000000000000000, -1.000000000000000000 ) ) ;
#1135 = ORIENTED_EDGE ( 'NONE', *, *, #860, .F. ) ;
#1136 = ORIENTED_EDGE ( 'NONE', *, *, #982, .F. ) ;
#1137 = DIRECTION ( 'NONE',  ( 0.000000000000000000, 0.000000000000000000, -1.000000000000000000 ) ) ;
#1138 = DIRECTION ( 'NONE',  ( -1.000000000000000000, 0.000000000000000000, 0.000000000000000000 ) ) ;
#1139 = EDGE_CURVE ( 'NONE', #1701, #73, #353, .T. ) ;
#1140 = DIRECTION ( 'NONE',  ( 0.000000000000000000, -1.000000000000000000, 0.000000000000000000 ) ) ;
#1141 = DIRECTION ( 'NONE',  ( 1.000000000000000000, 0.000000000000000000, 0.000000000000000000 ) ) ;
#1142 = EDGE_LOOP ( 'NONE', ( #2491, #1586 ) ) ;
#1143 = CARTESIAN_POINT ( 'NONE',  ( 15.50000000000000355, 0.000000000000000000, -4.499999999999999112 ) ) ;
#1144 = DIRECTION ( 'NONE',  ( 0.000000000000000000, 1.000000000000000000, 0.000000000000000000 ) ) ;
#1145 = CARTESIAN_POINT ( 'NONE',  ( 0.000000000000000000, 0.000000000000000000, -4.500000000000000888 ) ) ;
#1146 = ORIENTED_EDGE ( 'NONE', *, *, #2314, .F. ) ;
#1147 = ORIENTED_EDGE ( 'NONE', *, *, #1544, .T. ) ;
#1148 = DIRECTION ( 'NONE',  ( 0.000000000000000000, -0.000000000000000000, -1.000000000000000000 ) ) ;
#1149 = DIRECTION ( 'NONE',  ( -1.000000000000000000, 0.000000000000000000, 0.000000000000000000 ) ) ;
#1150 = DIRECTION ( 'NONE',  ( 1.000000000000000000, 0.000000000000000000, 0.000000000000000000 ) ) ;
#1151 = EDGE_CURVE ( 'NONE', #827, #2295, #2418, .T. ) ;
#1152 = DIRECTION ( 'NONE',  ( -0.000000000000000000, -0.000000000000000000, -1.000000000000000000 ) ) ;
#1153 = CARTESIAN_POINT ( 'NONE',  ( -24.82234798472148185, 15.34124501234911975, -4.500000000000000888 ) ) ;
#1154 = AXIS2_PLACEMENT_3D ( 'NONE', #1449, #1852, #2041 ) ;
#1155 = EDGE_CURVE ( 'NONE', #1651, #67, #1663, .T. ) ;
#1156 = APPLICATION_PROTOCOL_DEFINITION ( 'draft international standard', 'automotive_design', 1998, #1956 ) ;
#1157 = ORIENTED_EDGE ( 'NONE', *, *, #611, .T. ) ;
#1158 = AXIS2_PLACEMENT_3D ( 'NONE', #1432, #306, #1618 ) ;
#1159 = VECTOR ( 'NONE', #1704, 1000.000000000000000 ) ;
#1160 = CIRCLE ( 'NONE', #917, 39.25000000000000711 ) ;
#1161 = CIRCLE ( 'NONE', #1241, 1.250000000000001110 ) ;
#1162 = EDGE_LOOP ( 'NONE', ( #2187, #1496, #1299, #944, #2450, #50, #1425, #2130 ) ) ;
#1163 = DIRECTION ( 'NONE',  ( 1.000000000000000000, -2.131628207280300873E-14, 0.000000000000000000 ) ) ;
#1164 = CIRCLE ( 'NONE', #1329, 3.750000000000000000 ) ;
#1165 = ORIENTED_EDGE ( 'NONE', *, *, #1296, .T. ) ;
#1166 = VECTOR ( 'NONE', #889, 1000.000000000000000 ) ;
#1167 = PLANE ( 'NONE',  #2011 ) ;
#1168 = DIRECTION ( 'NONE',  ( -0.8338858220671675481, 0.5519369853120593694, 0.000000000000000000 ) ) ;
#1169 = CARTESIAN_POINT ( 'NONE',  ( -5.292667631289001307, 34.26537958897154823, -0.4216799319359658682 ) ) ;
#1170 = DIRECTION ( 'NONE',  ( 1.000000000000000000, 0.000000000000000000, 0.000000000000000000 ) ) ;
#1171 = EDGE_CURVE ( 'NONE', #2403, #2274, #2443, .T. ) ;
#1172 = ORIENTED_EDGE ( 'NONE', *, *, #507, .T. ) ;
#1173 = ADVANCED_FACE ( 'NONE', ( #1101 ), #1303, .T. ) ;
#1174 = VERTEX_POINT ( 'NONE', #366 ) ;
#1175 = CARTESIAN_POINT ( 'NONE',  ( 1.500000000000004885, 15.50000000000000000, -6.000000000000000000 ) ) ;
#1176 = CARTESIAN_POINT ( 'NONE',  ( -20.39995398319505782, -28.93242443391688568, 3.000000000000000000 ) ) ;
#1177 = EDGE_CURVE ( 'NONE', #311, #640, #2180, .T. ) ;
#1178 = DIRECTION ( 'NONE',  ( 0.000000000000000000, -0.000000000000000000, -1.000000000000000000 ) ) ;
#1179 = DIRECTION ( 'NONE',  ( -1.000000000000000000, 0.000000000000000000, 0.000000000000000000 ) ) ;
#1180 = ORIENTED_EDGE ( 'NONE', *, *, #1917, .T. ) ;
#1181 = ORIENTED_EDGE ( 'NONE', *, *, #733, .F. ) ;
#1182 = ORIENTED_EDGE ( 'NONE', *, *, #349, .F. ) ;
#1183 = EDGE_CURVE ( 'NONE', #1974, #696, #407, .T. ) ;
#1184 = ORIENTED_EDGE ( 'NONE', *, *, #1723, .F. ) ;
#1185 = CARTESIAN_POINT ( 'NONE',  ( 14.95912044209161351, -26.54115780991539708, -4.500000000000000888 ) ) ;
#1186 = CARTESIAN_POINT ( 'NONE',  ( 0.000000000000000000, 0.000000000000000000, -6.000000000000000000 ) ) ;
#1187 = DIRECTION ( 'NONE',  ( 1.000000000000000000, 0.000000000000000000, 0.000000000000000000 ) ) ;
#1188 = CARTESIAN_POINT ( 'NONE',  ( -0.4996631061677291319, 35.94003725542043526, -1.693374917779439270 ) ) ;
#1189 = CARTESIAN_POINT ( 'NONE',  ( 20.38440909899063058, -15.73555643816601446, 6.106601717798217699 ) ) ;
#1190 = CIRCLE ( 'NONE', #2337, 3.750000000000000000 ) ;
#1191 = VERTEX_POINT ( 'NONE', #1316 ) ;
#1192 = ORIENTED_EDGE ( 'NONE', *, *, #2043, .F. ) ;
#1193 = AXIS2_PLACEMENT_3D ( 'NONE', #664, #2408, #1628 ) ;
#1194 = VECTOR ( 'NONE', #2386, 1000.000000000000000 ) ;
#1195 = AXIS2_PLACEMENT_3D ( 'NONE', #18, #1354, #406 ) ;
#1196 = EDGE_CURVE ( 'NONE', #2051, #2469, #946, .T. ) ;
#1197 = ORIENTED_EDGE ( 'NONE', *, *, #2, .T. ) ;
#1198 = PRODUCT_DEFINITION_FORMATION_WITH_SPECIFIED_SOURCE ( 'ANY', '', #1900, .NOT_KNOWN. ) ;
#1199 = CARTESIAN_POINT ( 'NONE',  ( 27.88440909899063058, -15.73555643816601446, -4.500000000000000888 ) ) ;
#1200 = CIRCLE ( 'NONE', #285, 1.000000000000000888 ) ;
#1201 = FACE_BOUND ( 'NONE', #248, .T. ) ;
#1202 = EDGE_CURVE ( 'NONE', #1105, #1388, #1343, .T. ) ;
#1203 = VECTOR ( 'NONE', #633, 1000.000000000000000 ) ;
#1204 = DIRECTION ( 'NONE',  ( -0.000000000000000000, 0.000000000000000000, 1.000000000000000000 ) ) ;
#1205 = DIRECTION ( 'NONE',  ( 0.000000000000000000, -0.000000000000000000, -1.000000000000000000 ) ) ;
#1206 = CARTESIAN_POINT ( 'NONE',  ( -23.87219073665866631, -27.41879088498727057, -2.104788560542111053 ) ) ;
#1207 = DIRECTION ( 'NONE',  ( 1.000000000000000000, 0.000000000000000000, 0.000000000000000000 ) ) ;
#1208 = ORIENTED_EDGE ( 'NONE', *, *, #2354, .F. ) ;
#1209 = ORIENTED_EDGE ( 'NONE', *, *, #1748, .T. ) ;
#1210 = ORIENTED_EDGE ( 'NONE', *, *, #1549, .T. ) ;
#1211 = ORIENTED_EDGE ( 'NONE', *, *, #1500, .T. ) ;
#1212 = DIRECTION ( 'NONE',  ( -0.000000000000000000, -0.000000000000000000, -1.000000000000000000 ) ) ;
#1213 = FACE_BOUND ( 'NONE', #453, .T. ) ;
#1214 = DIRECTION ( 'NONE',  ( -1.000000000000000000, 0.000000000000000000, 0.000000000000000000 ) ) ;
#1215 = EDGE_CURVE ( 'NONE', #707, #365, #99, .T. ) ;
#1216 = CARTESIAN_POINT ( 'NONE',  ( 0.03770215794547472632, 35.76623009325304992, -1.516158915346490277 ) ) ;
#1217 = CARTESIAN_POINT ( 'NONE',  ( -1.500000000000003997, -15.50000000000000000, -6.000000000000000000 ) ) ;
#1218 = CARTESIAN_POINT ( 'NONE',  ( 0.000000000000000000, 0.000000000000000000, 0.000000000000000000 ) ) ;
#1219 = VERTEX_POINT ( 'NONE', #1609 ) ;
#1220 = ORIENTED_EDGE ( 'NONE', *, *, #891, .T. ) ;
#1221 = VERTEX_POINT ( 'NONE', #2203 ) ;
#1222 = CARTESIAN_POINT ( 'NONE',  ( 0.000000000000000000, 0.000000000000000000, -3.000000000000051958 ) ) ;
#1223 = FACE_BOUND ( 'NONE', #828, .T. ) ;
#1224 = CARTESIAN_POINT ( 'NONE',  ( -25.41892106095507486, -0.8226798546850787597, 6.106601717798217699 ) ) ;
#1225 = DIRECTION ( 'NONE',  ( -1.000000000000000000, 0.000000000000000000, 0.000000000000000000 ) ) ;
#1226 = EDGE_CURVE ( 'NONE', #563, #842, #775, .T. ) ;
#1227 = EDGE_CURVE ( 'NONE', #1876, #22, #2179, .T. ) ;
#1228 = DIRECTION ( 'NONE',  ( -0.000000000000000000, -0.000000000000000000, -1.000000000000000000 ) ) ;
#1229 = CARTESIAN_POINT ( 'NONE',  ( -3.960957654819050600, 2.621700680232281755, 3.000000000000000000 ) ) ;
#1230 = EDGE_CURVE ( 'NONE', #920, #1046, #1369, .T. ) ;
#1231 = ORIENTED_EDGE ( 'NONE', *, *, #1091, .T. ) ;
#1232 = CARTESIAN_POINT ( 'NONE',  ( 23.63066264877081935, 16.48239126328874704, 6.106601717798217699 ) ) ;
#1233 = EDGE_LOOP ( 'NONE', ( #1009, #1982, #1584, #2251 ) ) ;
#1234 = TOROIDAL_SURFACE ( 'NONE', #1154, 36.25000000000000711, 1.000000000000000000 ) ;
#1235 = ORIENTED_EDGE ( 'NONE', *, *, #2441, .F. ) ;
#1236 = DIRECTION ( 'NONE',  ( 1.000000000000000000, 0.000000000000000000, 0.000000000000000000 ) ) ;
#1237 = FACE_BOUND ( 'NONE', #1837, .T. ) ;
#1238 = CIRCLE ( 'NONE', #1843, 3.749999999999996447 ) ;
#1239 = CIRCLE ( 'NONE', #1279, 1.249999999999997113 ) ;
#1240 = AXIS2_PLACEMENT_3D ( 'NONE', #1232, #1812, #1623 ) ;
#1241 = AXIS2_PLACEMENT_3D ( 'NONE', #1702, #896, #154 ) ;
#1242 = FACE_BOUND ( 'NONE', #1326, .T. ) ;
#1243 = DIRECTION ( 'NONE',  ( -0.000000000000000000, 0.000000000000000000, 1.000000000000000000 ) ) ;
#1244 = AXIS2_PLACEMENT_3D ( 'NONE', #2253, #1878, #1633 ) ;
#1245 = CARTESIAN_POINT ( 'NONE',  ( -5.373916683804116801, 35.70271025392234776, 0.000000000000000000 ) ) ;
#1246 =( NAMED_UNIT ( * ) SI_UNIT ( $, .STERADIAN. ) SOLID_ANGLE_UNIT ( ) );
#1247 = EDGE_CURVE ( 'NONE', #1250, #1994, #269, .T. ) ;
#1248 = ORIENTED_EDGE ( 'NONE', *, *, #1917, .F. ) ;
#1249 = CARTESIAN_POINT ( 'NONE',  ( -5.363529815480957197, 35.10764696622473480, -1.264987365711169653 ) ) ;
#1250 = VERTEX_POINT ( 'NONE', #460 ) ;
#1251 = ADVANCED_FACE ( 'NONE', ( #594 ), #1993, .T. ) ;
#1252 = EDGE_LOOP ( 'NONE', ( #1007, #983, #2036, #1762 ) ) ;
#1253 = CARTESIAN_POINT ( 'NONE',  ( 0.000000000000000000, 0.000000000000000000, 0.000000000000000000 ) ) ;
#1254 = DIRECTION ( 'NONE',  ( -0.000000000000000000, 0.000000000000000000, 1.000000000000000000 ) ) ;
#1255 = CYLINDRICAL_SURFACE ( 'NONE', #1193, 3.750000000000000000 ) ;
#1256 = DIRECTION ( 'NONE',  ( -1.000000000000000000, 0.000000000000000000, 0.000000000000000000 ) ) ;
#1257 = DIRECTION ( 'NONE',  ( 1.239088197126291063E-16, 1.000000000000000000, 0.000000000000000000 ) ) ;
#1258 = CARTESIAN_POINT ( 'NONE',  ( -23.60587971477860236, -27.05853894377629842, -1.658235904653029280 ) ) ;
#1259 = EDGE_LOOP ( 'NONE', ( #652, #1673, #2306, #1634 ) ) ;
#1260 = DIRECTION ( 'NONE',  ( -0.000000000000000000, -0.000000000000000000, -1.000000000000000000 ) ) ;
#1261 = VERTEX_POINT ( 'NONE', #822 ) ;
#1262 = EDGE_LOOP ( 'NONE', ( #1109, #634 ) ) ;
#1263 = EDGE_CURVE ( 'NONE', #1815, #1534, #2379, .T. ) ;
#1264 = DIRECTION ( 'NONE',  ( 1.000000000000000000, 0.000000000000000000, 0.000000000000000000 ) ) ;
#1265 = CARTESIAN_POINT ( 'NONE',  ( 1.499999999999999556, -15.50000000000000178, -4.499999999999999112 ) ) ;
#1266 = CARTESIAN_POINT ( 'NONE',  ( 0.000000000000000000, 0.000000000000000000, 3.000000000000000000 ) ) ;
#1267 = CARTESIAN_POINT ( 'NONE',  ( 11.20912044209161351, -26.54115780991539708, -6.000000000000000000 ) ) ;
#1268 = CARTESIAN_POINT ( 'NONE',  ( 15.50000000000000355, 15.50000000000000000, 15.29898987322333070 ) ) ;
#1269 = ORIENTED_EDGE ( 'NONE', *, *, #2139, .T. ) ;
#1270 = CARTESIAN_POINT ( 'NONE',  ( -19.14995398319505782, -28.93242443391688568, 3.000000000000000000 ) ) ;
#1271 = ORIENTED_EDGE ( 'NONE', *, *, #318, .F. ) ;
#1272 = ORIENTED_EDGE ( 'NONE', *, *, #1748, .F. ) ;
#1273 = DIRECTION ( 'NONE',  ( 1.000000000000000000, 0.000000000000000000, 0.000000000000000000 ) ) ;
#1274 = CARTESIAN_POINT ( 'NONE',  ( 0.6444729397305275498, 34.69062204922364145, -0.4466079542673481173 ) ) ;
#1275 = EDGE_CURVE ( 'NONE', #720, #2358, #800, .T. ) ;
#1276 = CIRCLE ( 'NONE', #1523, 5.000000000000000888 ) ;
#1277 = AXIS2_PLACEMENT_3D ( 'NONE', #185, #950, #1510 ) ;
#1278 = CARTESIAN_POINT ( 'NONE',  ( 11.20912044209161351, -26.54115780991539708, 6.106601717798217699 ) ) ;
#1279 = AXIS2_PLACEMENT_3D ( 'NONE', #2301, #1536, #2265 ) ;
#1280 = CARTESIAN_POINT ( 'NONE',  ( 0.000000000000000000, 0.000000000000000000, 0.000000000000000000 ) ) ;
#1281 = VECTOR ( 'NONE', #2218, 1000.000000000000000 ) ;
#1282 = TOROIDAL_SURFACE ( 'NONE', #833, 36.25000000000000711, 1.000000000000000000 ) ;
#1283 = EDGE_LOOP ( 'NONE', ( #236, #2186, #438, #1690 ) ) ;
#1284 = CARTESIAN_POINT ( 'NONE',  ( 35.25000000000000711, 4.316879966994421072E-15, -1.000000000000000000 ) ) ;
#1285 = AXIS2_PLACEMENT_3D ( 'NONE', #1067, #2076, #1435 ) ;
#1286 = AXIS2_PLACEMENT_3D ( 'NONE', #911, #768, #2317 ) ;
#1287 = ORIENTED_EDGE ( 'NONE', *, *, #437, .T. ) ;
#1288 = DIRECTION ( 'NONE',  ( 1.000000000000000000, 0.000000000000000000, 0.000000000000000000 ) ) ;
#1289 = ORIENTED_EDGE ( 'NONE', *, *, #2005, .T. ) ;
#1290 = EDGE_CURVE ( 'NONE', #1352, #2392, #370, .T. ) ;
#1291 = ORIENTED_EDGE ( 'NONE', *, *, #1310, .T. ) ;
#1292 = FACE_OUTER_BOUND ( 'NONE', #1881, .T. ) ;
#1293 = DIRECTION ( 'NONE',  ( 0.000000000000000000, 0.000000000000000000, -1.000000000000000000 ) ) ;
#1294 = DIRECTION ( 'NONE',  ( 1.000000000000000000, 0.000000000000000000, 0.000000000000000000 ) ) ;
#1295 = ORIENTED_EDGE ( 'NONE', *, *, #1337, .T. ) ;
#1296 = EDGE_CURVE ( 'NONE', #300, #1896, #2132, .T. ) ;
#1297 = CARTESIAN_POINT ( 'NONE',  ( 14.12387097354471166, 26.87862050032322259, -6.000000000000000000 ) ) ;
#1298 = CARTESIAN_POINT ( 'NONE',  ( -1.798845095413198925, -28.27167764889905044, -4.500000000000000888 ) ) ;
#1299 = ORIENTED_EDGE ( 'NONE', *, *, #1678, .T. ) ;
#1300 = DIRECTION ( 'NONE',  ( 0.000000000000000000, 0.000000000000000000, 1.000000000000000000 ) ) ;
#1301 = ORIENTED_EDGE ( 'NONE', *, *, #1263, .T. ) ;
#1302 = ORIENTED_EDGE ( 'NONE', *, *, #857, .T. ) ;
#1303 = CYLINDRICAL_SURFACE ( 'NONE', #2144, 4.749999999999997335 ) ;
#1304 = CARTESIAN_POINT ( 'NONE',  ( 4.124636420181582608, 35.86850811507654413, 3.000000000000000000 ) ) ;
#1305 = CARTESIAN_POINT ( 'NONE',  ( -20.15996512687299713, -28.17001326755149648, -0.3906291058771571567 ) ) ;
#1306 = CARTESIAN_POINT ( 'NONE',  ( -17.89995398319505782, -28.93242443391688568, 0.000000000000000000 ) ) ;
#1307 = ORIENTED_EDGE ( 'NONE', *, *, #215, .T. ) ;
#1308 = DIRECTION ( 'NONE',  ( -1.000000000000000000, 0.000000000000000000, 0.000000000000000000 ) ) ;
#1309 = DIRECTION ( 'NONE',  ( -0.000000000000000000, -0.000000000000000000, -1.000000000000000000 ) ) ;
#1310 = EDGE_CURVE ( 'NONE', #1174, #2490, #257, .T. ) ;
#1311 = EDGE_CURVE ( 'NONE', #825, #365, #416, .T. ) ;
#1312 = DIRECTION ( 'NONE',  ( 0.000000000000000000, 0.000000000000000000, 1.000000000000000000 ) ) ;
#1313 = VERTEX_POINT ( 'NONE', #1592 ) ;
#1314 = ADVANCED_FACE ( 'NONE', ( #1620 ), #402, .T. ) ;
#1315 = ORIENTED_EDGE ( 'NONE', *, *, #1780, .F. ) ;
#1316 = CARTESIAN_POINT ( 'NONE',  ( 15.50000000000000000, -1.499999999999999556, -6.000000000000000000 ) ) ;
#1317 = CARTESIAN_POINT ( 'NONE',  ( 5.124484115337971879, 35.88596052151382310, 3.000000000000000000 ) ) ;
#1318 = CARTESIAN_POINT ( 'NONE',  ( 15.50000000000000355, 15.50000000000000000, -4.499999999999999112 ) ) ;
#1319 = CYLINDRICAL_SURFACE ( 'NONE', #1286, 1.249999999999997113 ) ;
#1320 = CIRCLE ( 'NONE', #757, 3.750000000000000000 ) ;
#1321 = VERTEX_POINT ( 'NONE', #1792 ) ;
#1322 = CIRCLE ( 'NONE', #2138, 37.25000000000000711 ) ;
#1323 = DIRECTION ( 'NONE',  ( 0.000000000000000000, 0.000000000000000000, 1.000000000000000000 ) ) ;
#1324 = DIRECTION ( 'NONE',  ( -1.000000000000000000, 0.000000000000000000, 0.000000000000000000 ) ) ;
#1325 = AXIS2_PLACEMENT_3D ( 'NONE', #1389, #1742, #2326 ) ;
#1326 = EDGE_LOOP ( 'NONE', ( #1826, #1210, #1915, #1857, #2024, #2242, #497, #553, #489, #2204, #1131, #1157, #1566, #1147, #1574, #1098 ) ) ;
#1327 = VECTOR ( 'NONE', #2287, 1000.000000000000000 ) ;
#1328 = ADVANCED_FACE ( 'NONE', ( #1412 ), #973, .F. ) ;
#1329 = AXIS2_PLACEMENT_3D ( 'NONE', #968, #9, #1941 ) ;
#1330 = ORIENTED_EDGE ( 'NONE', *, *, #2139, .F. ) ;
#1331 = EDGE_CURVE ( 'NONE', #1871, #2275, #409, .T. ) ;
#1332 = CARTESIAN_POINT ( 'NONE',  ( -12.30861732281542054, 26.45752629411944312, -6.000000000000000000 ) ) ;
#1333 = DIRECTION ( 'NONE',  ( -0.000000000000000000, -0.000000000000000000, -1.000000000000000000 ) ) ;
#1334 = DIRECTION ( 'NONE',  ( -1.000000000000000000, 0.000000000000000000, 0.000000000000000000 ) ) ;
#1335 = DIRECTION ( 'NONE',  ( 1.000000000000000000, 0.000000000000000000, 0.000000000000000000 ) ) ;
#1336 = VERTEX_POINT ( 'NONE', #704 ) ;
#1337 = EDGE_CURVE ( 'NONE', #1336, #2159, #1834, .T. ) ;
#1338 = CARTESIAN_POINT ( 'NONE',  ( -15.88795236848058678, -32.63543227186002582, -2.047358655833277918 ) ) ;
#1339 = LINE ( 'NONE', #1133, #2305 ) ;
#1340 = DIRECTION ( 'NONE',  ( 0.000000000000000000, 0.000000000000000000, -1.000000000000000000 ) ) ;
#1341 = ORIENTED_EDGE ( 'NONE', *, *, #1739, .T. ) ;
#1342 = EDGE_LOOP ( 'NONE', ( #2348, #2325, #149, #1211 ) ) ;
#1343 = LINE ( 'NONE', #603, #1038 ) ;
#1344 = EDGE_CURVE ( 'NONE', #1427, #2330, #260, .T. ) ;
#1345 = VERTEX_POINT ( 'NONE', #1298 ) ;
#1346 = DIRECTION ( 'NONE',  ( 1.000000000000000000, 0.000000000000000000, 0.000000000000000000 ) ) ;
#1347 = DIRECTION ( 'NONE',  ( -0.000000000000000000, -0.000000000000000000, -1.000000000000000000 ) ) ;
#1348 = DIRECTION ( 'NONE',  ( -1.000000000000000000, 0.000000000000000000, 0.000000000000000000 ) ) ;
#1349 = DIRECTION ( 'NONE',  ( 0.000000000000000000, -1.000000000000000000, 0.000000000000000000 ) ) ;
#1350 = DIRECTION ( 'NONE',  ( 0.000000000000000000, 0.000000000000000000, 1.000000000000000000 ) ) ;
#1351 = ORIENTED_EDGE ( 'NONE', *, *, #2246, .F. ) ;
#1352 = VERTEX_POINT ( 'NONE', #862 ) ;
#1353 = DIRECTION ( 'NONE',  ( -0.000000000000000000, -0.000000000000000000, -1.000000000000000000 ) ) ;
#1354 = DIRECTION ( 'NONE',  ( 0.000000000000000000, 0.000000000000000000, -1.000000000000000000 ) ) ;
#1355 = EDGE_CURVE ( 'NONE', #338, #1352, #1643, .T. ) ;
#1356 = CARTESIAN_POINT ( 'NONE',  ( 25.05754342686336145, 0.4504227853154105787, -6.000000000000000000 ) ) ;
#1357 = DIRECTION ( 'NONE',  ( -1.000000000000000000, 0.000000000000000000, 0.000000000000000000 ) ) ;
#1358 = DIRECTION ( 'NONE',  ( -1.000000000000000000, 0.000000000000000000, 0.000000000000000000 ) ) ;
#1359 = AXIS2_PLACEMENT_3D ( 'NONE', #521, #336, #1066 ) ;
#1360 = ORIENTED_EDGE ( 'NONE', *, *, #1727, .T. ) ;
#1361 = VECTOR ( 'NONE', #2071, 1000.000000000000000 ) ;
#1362 = AXIS2_PLACEMENT_3D ( 'NONE', #408, #1168, #1939 ) ;
#1363 = VECTOR ( 'NONE', #935, 1000.000000000000000 ) ;
#1364 = EDGE_LOOP ( 'NONE', ( #934, #1856, #1220, #1056 ) ) ;
#1365 = ADVANCED_FACE ( 'NONE', ( #496 ), #2449, .F. ) ;
#1366 = CARTESIAN_POINT ( 'NONE',  ( -1.500000000000003997, -15.50000000000000000, 15.29898987322333070 ) ) ;
#1367 = MANIFOLD_SOLID_BREP ( 'Chamfer1', #1593 ) ;
#1368 = DIRECTION ( 'NONE',  ( 0.01745240643728396962, -0.9998476951563911586, 0.000000000000000000 ) ) ;
#1369 = B_SPLINE_CURVE_WITH_KNOTS ( 'NONE', 3,
 ( #471, #1016, #839, #1552 ),
 .UNSPECIFIED., .F., .F.,
 ( 4, 4 ),
 ( 0.000000000000000000, 0.0006968561831619990606 ),
 .UNSPECIFIED. ) ;
#1370 = FACE_BOUND ( 'NONE', #102, .T. ) ;
#1371 = CARTESIAN_POINT ( 'NONE',  ( -15.04629870717307050, -31.23679663867799050, -0.4216799319359658127 ) ) ;
#1372 = CARTESIAN_POINT ( 'NONE',  ( 0.5543874892284140765, 35.25349942341582477, -1.007258475362229788 ) ) ;
#1373 = EDGE_CURVE ( 'NONE', #2068, #425, #692, .T. ) ;
#1374 = CARTESIAN_POINT ( 'NONE',  ( -1.500000000000001332, 15.50000000000000178, -6.000000000000000000 ) ) ;
#1375 = ORIENTED_EDGE ( 'NONE', *, *, #1196, .F. ) ;
#1376 = VERTEX_POINT ( 'NONE', #2271 ) ;
#1377 = EDGE_LOOP ( 'NONE', ( #2430, #737, #2022, #585 ) ) ;
#1378 = CARTESIAN_POINT ( 'NONE',  ( 20.38440909899063058, -15.73555643816601446, -4.500000000000000888 ) ) ;
#1379 = PLANE ( 'NONE',  #574 ) ;
#1380 = LINE ( 'NONE', #1024, #2177 ) ;
#1381 = CARTESIAN_POINT ( 'NONE',  ( -1.855527060270915740, 34.83036755661971995, -0.6297567234786494161 ) ) ;
#1382 = CARTESIAN_POINT ( 'NONE',  ( -24.20082417785157247, -27.61943795156103576, -2.472017673451661235 ) ) ;
#1383 = EDGE_CURVE ( 'NONE', #865, #1021, #294, .T. ) ;
#1384 = VERTEX_POINT ( 'NONE', #120 ) ;
#1385 = ORIENTED_EDGE ( 'NONE', *, *, #2023, .F. ) ;
#1386 = EDGE_CURVE ( 'NONE', #1785, #179, #296, .T. ) ;
#1387 = EDGE_LOOP ( 'NONE', ( #569, #2357, #984, #1660 ) ) ;
#1388 = VERTEX_POINT ( 'NONE', #321 ) ;
#1389 = CARTESIAN_POINT ( 'NONE',  ( -5.548845095413196482, -28.27167764889905044, -6.000000000000000000 ) ) ;
#1390 = LINE ( 'NONE', #2361, #2008 ) ;
#1391 = CARTESIAN_POINT ( 'NONE',  ( -15.23013319792872622, -31.61627614442453904, -0.8433417660531445925 ) ) ;
#1392 = DIRECTION ( 'NONE',  ( 1.000000000000000000, 6.938893903907222067E-15, 0.000000000000000000 ) ) ;
#1393 = CARTESIAN_POINT ( 'NONE',  ( -24.47015786033494322, -27.67837362405591151, -2.694205642352457186 ) ) ;
#1394 = VECTOR ( 'NONE', #2178, 1000.000000000000000 ) ;
#1395 = ORIENTED_EDGE ( 'NONE', *, *, #1570, .T. ) ;
#1396 = EDGE_CURVE ( 'NONE', #707, #1174, #2106, .T. ) ;
#1397 = AXIS2_PLACEMENT_3D ( 'NONE', #2001, #802, #1779 ) ;
#1398 = ORIENTED_EDGE ( 'NONE', *, *, #1419, .F. ) ;
#1399 = AXIS2_PLACEMENT_3D ( 'NONE', #392, #1922, #898 ) ;
#1400 = CIRCLE ( 'NONE', #363, 3.750000000000000000 ) ;
#1401 = AXIS2_PLACEMENT_3D ( 'NONE', #2470, #1910, #169 ) ;
#1402 = ORIENTED_EDGE ( 'NONE', *, *, #756, .F. ) ;
#1403 = EDGE_CURVE ( 'NONE', #2392, #2381, #1814, .T. ) ;
#1404 = EDGE_LOOP ( 'NONE', ( #346, #122 ) ) ;
#1405 = LINE ( 'NONE', #965, #2102 ) ;
#1406 = VECTOR ( 'NONE', #2323, 1000.000000000000000 ) ;
#1407 = LINE ( 'NONE', #1752, #1796 ) ;
#1408 = AXIS2_PLACEMENT_3D ( 'NONE', #1979, #1421, #1179 ) ;
#1409 = DIRECTION ( 'NONE',  ( 1.000000000000000000, 0.000000000000000000, 0.000000000000000000 ) ) ;
#1410 = CARTESIAN_POINT ( 'NONE',  ( -0.7974578035263392151, 35.92960447881663555, -1.688327690795621505 ) ) ;
#1411 = CARTESIAN_POINT ( 'NONE',  ( -23.78529024997711971, -27.32959869445949863, -1.980466727447958819 ) ) ;
#1412 = FACE_OUTER_BOUND ( 'NONE', #512, .T. ) ;
#1413 = ORIENTED_EDGE ( 'NONE', *, *, #2127, .T. ) ;
#1414 = EDGE_LOOP ( 'NONE', ( #1908, #881, #17, #1184 ) ) ;
#1415 = ORIENTED_EDGE ( 'NONE', *, *, #1532, .F. ) ;
#1416 = CARTESIAN_POINT ( 'NONE',  ( -5.548845095413196482, -28.27167764889905044, 6.106601717798217699 ) ) ;
#1417 = DIRECTION ( 'NONE',  ( 1.000000000000000000, 0.000000000000000000, 0.000000000000000000 ) ) ;
#1418 = EDGE_CURVE ( 'NONE', #311, #1984, #2181, .T. ) ;
#1419 = EDGE_CURVE ( 'NONE', #2481, #1891, #1002, .T. ) ;
#1420 = DIRECTION ( 'NONE',  ( -0.000000000000000000, -0.000000000000000000, -1.000000000000000000 ) ) ;
#1421 = DIRECTION ( 'NONE',  ( -0.000000000000000000, -0.000000000000000000, -1.000000000000000000 ) ) ;
#1422 = EDGE_CURVE ( 'NONE', #853, #1896, #1803, .T. ) ;
#1423 = DIRECTION ( 'NONE',  ( -0.000000000000000000, -0.000000000000000000, -1.000000000000000000 ) ) ;
#1424 = DIRECTION ( 'NONE',  ( 0.000000000000000000, -1.000000000000000000, 0.000000000000000000 ) ) ;
#1425 = ORIENTED_EDGE ( 'NONE', *, *, #1520, .T. ) ;
#1426 = EDGE_LOOP ( 'NONE', ( #772, #1341, #1235, #1044 ) ) ;
#1427 = VERTEX_POINT ( 'NONE', #589 ) ;
#1428 = CARTESIAN_POINT ( 'NONE',  ( 4.496026480023507688, 36.67573133358604309, -2.700193518794479441 ) ) ;
#1429 = CARTESIAN_POINT ( 'NONE',  ( 0.6178918625476759185, 34.39072233748137819, -0.1462318182442977899 ) ) ;
#1430 = EDGE_CURVE ( 'NONE', #1313, #1455, #1081, .T. ) ;
#1431 = PLANE ( 'NONE',  #121 ) ;
#1432 = CARTESIAN_POINT ( 'NONE',  ( -24.82234798472148185, 15.34124501234911975, 6.106601717798217699 ) ) ;
#1433 = EDGE_CURVE ( 'NONE', #22, #1388, #1339, .T. ) ;
#1434 = CARTESIAN_POINT ( 'NONE',  ( -1.500000000000002220, -1.499999999999999556, 15.29898987322333070 ) ) ;
#1435 = DIRECTION ( 'NONE',  ( 0.000000000000000000, -0.000000000000000000, -1.000000000000000000 ) ) ;
#1436 = ORIENTED_EDGE ( 'NONE', *, *, #25, .F. ) ;
#1437 = DIRECTION ( 'NONE',  ( 1.000000000000000000, 0.000000000000000000, 0.000000000000000000 ) ) ;
#1438 = EDGE_LOOP ( 'NONE', ( #1761, #592, #137, #2121, #2074, #1307 ) ) ;
#1439 = VECTOR ( 'NONE', #745, 1000.000000000000000 ) ;
#1440 = ORIENTED_EDGE ( 'NONE', *, *, #1091, .F. ) ;
#1441 = CARTESIAN_POINT ( 'NONE',  ( 4.147066161200635648, 36.13182462876656587, -2.119023820843055628 ) ) ;
#1442 = CYLINDRICAL_SURFACE ( 'NONE', #995, 1.000000000000000888 ) ;
#1443 = AXIS2_PLACEMENT_3D ( 'NONE', #110, #2243, #893 ) ;
#1444 = AXIS2_PLACEMENT_3D ( 'NONE', #28, #641, #785 ) ;
#1445 = AXIS2_PLACEMENT_3D ( 'NONE', #2320, #747, #387 ) ;
#1446 = VECTOR ( 'NONE', #688, 1000.000000000000000 ) ;
#1447 = DIRECTION ( 'NONE',  ( -0.000000000000000000, -0.000000000000000000, -1.000000000000000000 ) ) ;
#1448 = FACE_OUTER_BOUND ( 'NONE', #1404, .T. ) ;
#1449 = CARTESIAN_POINT ( 'NONE',  ( 0.000000000000000000, 0.000000000000000000, -3.500000000000000444 ) ) ;
#1450 = CARTESIAN_POINT ( 'NONE',  ( 1.499999999999999556, -15.50000000000000178, 15.29898987322333070 ) ) ;
#1451 = EDGE_CURVE ( 'NONE', #2280, #2170, #126, .T. ) ;
#1452 = EDGE_LOOP ( 'NONE', ( #1952, #2401, #1351, #1395 ) ) ;
#1453 = DIRECTION ( 'NONE',  ( -1.000000000000000000, 0.000000000000000000, 0.000000000000000000 ) ) ;
#1454 = ORIENTED_EDGE ( 'NONE', *, *, #191, .T. ) ;
#1455 = VERTEX_POINT ( 'NONE', #2478 ) ;
#1456 = CARTESIAN_POINT ( 'NONE',  ( -17.89995398319505782, -28.93242443391688568, 3.000000000000000000 ) ) ;
#1457 = CARTESIAN_POINT ( 'NONE',  ( -5.363529815480957197, 35.10764696622473480, 0.000000000000000000 ) ) ;
#1458 = B_SPLINE_CURVE_WITH_KNOTS ( 'NONE', 3,
 ( #1274, #689, #1429, #2027 ),
 .UNSPECIFIED., .F., .F.,
 ( 4, 4 ),
 ( 0.005404029350284304464, 0.006034959269607407910 ),
 .UNSPECIFIED. ) ;
#1459 = FACE_OUTER_BOUND ( 'NONE', #1493, .T. ) ;
#1460 = FACE_BOUND ( 'NONE', #24, .T. ) ;
#1461 = DIRECTION ( 'NONE',  ( -0.000000000000000000, -0.000000000000000000, -1.000000000000000000 ) ) ;
#1462 = DIRECTION ( 'NONE',  ( -0.000000000000000000, -0.000000000000000000, -1.000000000000000000 ) ) ;
#1463 = ORIENTED_EDGE ( 'NONE', *, *, #1482, .F. ) ;
#1464 = CARTESIAN_POINT ( 'NONE',  ( 0.000000000000000000, 0.000000000000000000, 0.000000000000000000 ) ) ;
#1465 = ORIENTED_EDGE ( 'NONE', *, *, #2354, .T. ) ;
#1466 = ADVANCED_FACE ( 'NONE', ( #189 ), #21, .T. ) ;
#1467 = ORIENTED_EDGE ( 'NONE', *, *, #1155, .T. ) ;
#1468 = FACE_OUTER_BOUND ( 'NONE', #1649, .T. ) ;
#1469 = FACE_OUTER_BOUND ( 'NONE', #259, .T. ) ;
#1470 = DIRECTION ( 'NONE',  ( -1.000000000000000000, 0.000000000000000000, 0.000000000000000000 ) ) ;
#1471 = DIRECTION ( 'NONE',  ( 0.000000000000000000, 0.000000000000000000, 1.000000000000000000 ) ) ;
#1472 = CARTESIAN_POINT ( 'NONE',  ( -24.54925342005134681, -26.67202010568561832, 3.000000000000000000 ) ) ;
#1473 = CARTESIAN_POINT ( 'NONE',  ( -18.51635937821507127, -30.01941316583436148, -1.020584915202487952 ) ) ;
#1474 = ORIENTED_EDGE ( 'NONE', *, *, #1734, .T. ) ;
#1475 = DIRECTION ( 'NONE',  ( -0.000000000000000000, -0.000000000000000000, -1.000000000000000000 ) ) ;
#1476 = ORIENTED_EDGE ( 'NONE', *, *, #1780, .T. ) ;
#1477 = ORIENTED_EDGE ( 'NONE', *, *, #90, .F. ) ;
#1478 = CARTESIAN_POINT ( 'NONE',  ( 4.135023288504743100, 35.27344482737893827, 3.000000000000000000 ) ) ;
#1479 = B_SPLINE_CURVE_WITH_KNOTS ( 'NONE', 3,
 ( #177, #1697, #1526, #931 ),
 .UNSPECIFIED., .F., .F.,
 ( 4, 4 ),
 ( 1.646367892497386792E-19, 0.001788962453048834620 ),
 .UNSPECIFIED. ) ;
#1480 = FACE_OUTER_BOUND ( 'NONE', #2222, .T. ) ;
#1481 = AXIS2_PLACEMENT_3D ( 'NONE', #778, #1547, #540 ) ;
#1482 = EDGE_CURVE ( 'NONE', #1250, #1701, #445, .T. ) ;
#1483 = VECTOR ( 'NONE', #1631, 1000.000000000000000 ) ;
#1484 = LINE ( 'NONE', #767, #1361 ) ;
#1485 = CIRCLE ( 'NONE', #1120, 35.25000000000000711 ) ;
#1486 = DIRECTION ( 'NONE',  ( -0.000000000000000000, -0.000000000000000000, -1.000000000000000000 ) ) ;
#1487 = AXIS2_PLACEMENT_3D ( 'NONE', #855, #1818, #1088 ) ;
#1488 = VECTOR ( 'NONE', #2111, 1000.000000000000000 ) ;
#1489 = ORIENTED_EDGE ( 'NONE', *, *, #1177, .T. ) ;
#1490 = CARTESIAN_POINT ( 'NONE',  ( 7.459120442091612624, -26.54115780991539708, -6.000000000000000000 ) ) ;
#1491 = AXIS2_PLACEMENT_3D ( 'NONE', #2488, #178, #561 ) ;
#1492 = VECTOR ( 'NONE', #518, 1000.000000000000000 ) ;
#1493 = EDGE_LOOP ( 'NONE', ( #197, #1955, #1269, #795, #1100, #1008 ) ) ;
#1494 = CARTESIAN_POINT ( 'NONE',  ( 39.25000000000000711, 4.806738686653362454E-15, 0.000000000000000000 ) ) ;
#1495 = ORIENTED_EDGE ( 'NONE', *, *, #1556, .F. ) ;
#1496 = ORIENTED_EDGE ( 'NONE', *, *, #2324, .T. ) ;
#1497 = DIRECTION ( 'NONE',  ( -0.000000000000000000, -0.000000000000000000, -1.000000000000000000 ) ) ;
#1498 = DIRECTION ( 'NONE',  ( 0.01745240643728361574, -0.9998476951563911586, 0.000000000000000000 ) ) ;
#1499 = ADVANCED_FACE ( 'NONE', ( #779 ), #2086, .F. ) ;
#1500 = EDGE_CURVE ( 'NONE', #297, #1384, #1164, .T. ) ;
#1501 = DIRECTION ( 'NONE',  ( -0.000000000000000000, -0.000000000000000000, -1.000000000000000000 ) ) ;
#1502 = EDGE_LOOP ( 'NONE', ( #1061, #2091, #399, #472 ) ) ;
#1503 = CARTESIAN_POINT ( 'NONE',  ( 4.128098458581819230, 35.67016806796274153, -1.658235904653031056 ) ) ;
#1504 = CARTESIAN_POINT ( 'NONE',  ( -19.75423234336310330, -30.04134456271741271, -1.703877038599492799 ) ) ;
#1505 = ORIENTED_EDGE ( 'NONE', *, *, #1678, .F. ) ;
#1506 = ORIENTED_EDGE ( 'NONE', *, *, #251, .F. ) ;
#1507 = DIRECTION ( 'NONE',  ( -0.000000000000000000, -0.000000000000000000, -1.000000000000000000 ) ) ;
#1508 = FACE_OUTER_BOUND ( 'NONE', #1825, .T. ) ;
#1509 = CARTESIAN_POINT ( 'NONE',  ( -15.95956646627892717, -33.01929543677428569, 3.000000000000000000 ) ) ;
#1510 = DIRECTION ( 'NONE',  ( -1.000000000000000000, 0.000000000000000000, 0.000000000000000000 ) ) ;
#1511 = ADVANCED_FACE ( 'NONE', ( #952 ), #1548, .T. ) ;
#1512 = EDGE_LOOP ( 'NONE', ( #970, #2020, #2061, #72, #1476 ) ) ;
#1513 = CARTESIAN_POINT ( 'NONE',  ( 4.131560743834824301, 35.47181387866326219, -1.461604135166416851 ) ) ;
#1514 = CARTESIAN_POINT ( 'NONE',  ( -19.16369175839347605, -30.18491564851664322, -1.504327586313391585 ) ) ;
#1515 = LINE ( 'NONE', #2107, #572 ) ;
#1516 = ORIENTED_EDGE ( 'NONE', *, *, #1139, .F. ) ;
#1517 = ORIENTED_EDGE ( 'NONE', *, *, #2043, .T. ) ;
#1518 = CARTESIAN_POINT ( 'NONE',  ( -15.50000000000000000, -1.499999999999999556, -6.000000000000000000 ) ) ;
#1519 = DIRECTION ( 'NONE',  ( -0.000000000000000000, -0.000000000000000000, -1.000000000000000000 ) ) ;
#1520 = EDGE_CURVE ( 'NONE', #1219, #825, #879, .T. ) ;
#1521 = CARTESIAN_POINT ( 'NONE',  ( -4.749276551992855921, -0.08289893057709712965, 3.000000000000000000 ) ) ;
#1522 = CARTESIAN_POINT ( 'NONE',  ( -5.548845095413196482, -28.27167764889905044, -4.500000000000000888 ) ) ;
#1523 = AXIS2_PLACEMENT_3D ( 'NONE', #1284, #1863, #1821 ) ;
#1524 = ORIENTED_EDGE ( 'NONE', *, *, #401, .T. ) ;
#1525 = CONICAL_SURFACE ( 'NONE', #1444, 37.25000000000000711, 0.7853981633974435050 ) ;
#1526 = CARTESIAN_POINT ( 'NONE',  ( -23.15204850756681054, -26.37287478395998264, -0.8433417660531459248 ) ) ;
#1527 = CARTESIAN_POINT ( 'NONE',  ( -19.42592247585108822, -29.34936734495047261, 3.000000000000000000 ) ) ;
#1528 = CIRCLE ( 'NONE', #1487, 3.750000000000000000 ) ;
#1529 = CARTESIAN_POINT ( 'NONE',  ( 1.500000000000001332, -1.499999999999999556, -6.000000000000000000 ) ) ;
#1530 = ORIENTED_EDGE ( 'NONE', *, *, #267, .F. ) ;
#1531 = VECTOR ( 'NONE', #1144, 1000.000000000000000 ) ;
#1532 = EDGE_CURVE ( 'NONE', #2366, #391, #2142, .T. ) ;
#1533 = VECTOR ( 'NONE', #2445, 1000.000000000000000 ) ;
#1534 = VERTEX_POINT ( 'NONE', #1687 ) ;
#1535 = LINE ( 'NONE', #2482, #1327 ) ;
#1536 = DIRECTION ( 'NONE',  ( -0.000000000000000000, 0.000000000000000000, 1.000000000000000000 ) ) ;
#1537 = CARTESIAN_POINT ( 'NONE',  ( -1.500000000000001332, 0.000000000000000000, -4.499999999999999112 ) ) ;
#1538 = FACE_OUTER_BOUND ( 'NONE', #2428, .T. ) ;
#1539 = CARTESIAN_POINT ( 'NONE',  ( -19.24575373687210345, -30.18166917698154350, -1.545616226752948741 ) ) ;
#1540 = ORIENTED_EDGE ( 'NONE', *, *, #1433, .F. ) ;
#1541 = EDGE_LOOP ( 'NONE', ( #1096, #734, #1489, #433 ) ) ;
#1542 = EDGE_CURVE ( 'NONE', #629, #1261, #1845, .T. ) ;
#1543 = CARTESIAN_POINT ( 'NONE',  ( 1.500000000000004885, 15.50000000000000000, 15.29898987322333070 ) ) ;
#1544 = EDGE_CURVE ( 'NONE', #661, #1313, #725, .T. ) ;
#1545 = DIRECTION ( 'NONE',  ( -1.000000000000000000, 0.000000000000000000, 0.000000000000000000 ) ) ;
#1546 = DIRECTION ( 'NONE',  ( 0.000000000000000000, 1.000000000000000000, -0.000000000000000000 ) ) ;
#1547 = DIRECTION ( 'NONE',  ( -0.000000000000000000, -0.000000000000000000, -1.000000000000000000 ) ) ;
#1548 = CYLINDRICAL_SURFACE ( 'NONE', #2147, 4.749999999999991118 ) ;
#1549 = EDGE_CURVE ( 'NONE', #2034, #707, #1200, .T. ) ;
#1550 = ORIENTED_EDGE ( 'NONE', *, *, #812, .F. ) ;
#1551 = ORIENTED_EDGE ( 'NONE', *, *, #1977, .F. ) ;
#1552 = CARTESIAN_POINT ( 'NONE',  ( -1.855527060269467343, 34.69062204922364145, -0.4902106906891900984 ) ) ;
#1553 = UNCERTAINTY_MEASURE_WITH_UNIT (LENGTH_MEASURE( 1.000000000000000082E-05 ), #2426, 'distance_accuracy_value', 'NONE');
#1554 = DIRECTION ( 'NONE',  ( -1.000000000000000000, 0.000000000000000000, 0.000000000000000000 ) ) ;
#1555 = FACE_BOUND ( 'NONE', #2464, .T. ) ;
#1556 = EDGE_CURVE ( 'NONE', #626, #2469, #1688, .T. ) ;
#1557 = DIRECTION ( 'NONE',  ( -1.000000000000000000, 0.000000000000000000, 0.000000000000000000 ) ) ;
#1558 = LINE ( 'NONE', #988, #2060 ) ;
#1559 = AXIS2_PLACEMENT_3D ( 'NONE', #657, #1423, #2202 ) ;
#1560 = AXIS2_PLACEMENT_3D ( 'NONE', #609, #1960, #830 ) ;
#1561 = AXIS2_PLACEMENT_3D ( 'NONE', #2125, #1293, #949 ) ;
#1562 = VECTOR ( 'NONE', #2247, 1000.000000000000000 ) ;
#1563 = ORIENTED_EDGE ( 'NONE', *, *, #93, .T. ) ;
#1564 = ORIENTED_EDGE ( 'NONE', *, *, #1629, .T. ) ;
#1565 = AXIS2_PLACEMENT_3D ( 'NONE', #2064, #2031, #916 ) ;
#1566 = ORIENTED_EDGE ( 'NONE', *, *, #1816, .T. ) ;
#1567 = B_SPLINE_CURVE_WITH_KNOTS ( 'NONE', 3,
 ( #2282, #1513, #1503, #951 ),
 .UNSPECIFIED., .F., .F.,
 ( 4, 4 ),
 ( 0.000000000000000000, 0.0008379640886019303330 ),
 .UNSPECIFIED. ) ;
#1568 = DIRECTION ( 'NONE',  ( -1.000000000000000000, 0.000000000000000000, 0.000000000000000000 ) ) ;
#1569 = DIRECTION ( 'NONE',  ( -0.000000000000000000, -0.000000000000000000, -1.000000000000000000 ) ) ;
#1570 = EDGE_CURVE ( 'NONE', #554, #1750, #564, .T. ) ;
#1571 = CARTESIAN_POINT ( 'NONE',  ( -5.356104371925277441, 34.68224358982853062, -0.8433417660531506987 ) ) ;
#1572 = CARTESIAN_POINT ( 'NONE',  ( 5.124484115337971879, 35.88596052151382310, 3.000000000000000000 ) ) ;
#1573 = EDGE_LOOP ( 'NONE', ( #1774, #895, #1209, #1576 ) ) ;
#1574 = ORIENTED_EDGE ( 'NONE', *, *, #1430, .T. ) ;
#1575 = EDGE_LOOP ( 'NONE', ( #1585, #840 ) ) ;
#1576 = ORIENTED_EDGE ( 'NONE', *, *, #1386, .F. ) ;
#1577 = ORIENTED_EDGE ( 'NONE', *, *, #2324, .F. ) ;
#1578 = CARTESIAN_POINT ( 'NONE',  ( 40.25000000000000711, 0.000000000000000000, -6.000000000000000000 ) ) ;
#1579 = DIRECTION ( 'NONE',  ( 0.000000000000000000, 0.000000000000000000, 1.000000000000000000 ) ) ;
#1580 = FACE_OUTER_BOUND ( 'NONE', #2167, .T. ) ;
#1581 = CARTESIAN_POINT ( 'NONE',  ( -1.500000000000001332, 1.500000000000001332, -6.000000000000000000 ) ) ;
#1582 = ADVANCED_FACE ( 'NONE', ( #1745 ), #2353, .F. ) ;
#1583 = VERTEX_POINT ( 'NONE', #811 ) ;
#1584 = ORIENTED_EDGE ( 'NONE', *, *, #1630, .T. ) ;
#1585 = ORIENTED_EDGE ( 'NONE', *, *, #651, .T. ) ;
#1586 = ORIENTED_EDGE ( 'NONE', *, *, #2485, .T. ) ;
#1587 = CARTESIAN_POINT ( 'NONE',  ( 0.000000000000000000, 0.000000000000000000, -1.000000000000000000 ) ) ;
#1588 = CARTESIAN_POINT ( 'NONE',  ( -1.798845095413198925, -28.27167764889905044, 6.106601717798217699 ) ) ;
#1589 = CARTESIAN_POINT ( 'NONE',  ( -27.66820805226660696, -16.71592299491781475, -4.500000000000000888 ) ) ;
#1590 = CARTESIAN_POINT ( 'NONE',  ( -1.076586682923891258, 35.85209334188012065, -1.618156642931195544 ) ) ;
#1591 = CARTESIAN_POINT ( 'NONE',  ( -25.09400231354385724, -27.52972871840833236, -3.000000000000053735 ) ) ;
#1592 = CARTESIAN_POINT ( 'NONE',  ( 4.124484115337971879, 35.88596052151382310, 3.000000000000000000 ) ) ;
#1593 = CLOSED_SHELL ( 'NONE', ( #927, #1001, #2200, #1798, #502, #548, #1832, #301, #989, #54, #2267, #335, #1870, #1060, #172, #500, #315, #2368, #254, #1173, #1511, #2153, #1931, #1851, #926, #1988, #1807, #783, #623, #1865, #516, #856, #1866, #583, #1991, #1707, #2058, #1882, #1693, #2477, #456, #1466, #136, #423, #213, #1251, #70, #1365, #1314, #2473, #133, #730, #2407, #1582, #2214, #1674, #566, #2185, #469, #2110, #1661, #40, #2089, #1328, #1110, #1499, #693, #62, #938, #774 ) ) ;
#1594 = VERTEX_POINT ( 'NONE', #80 ) ;
#1595 = VECTOR ( 'NONE', #777, 1000.000000000000000 ) ;
#1596 = ORIENTED_EDGE ( 'NONE', *, *, #191, .F. ) ;
#1597 = CIRCLE ( 'NONE', #831, 39.25000000000000711 ) ;
#1598 = EDGE_CURVE ( 'NONE', #2286, #67, #622, .T. ) ;
#1599 = CIRCLE ( 'NONE', #239, 3.750000000000000000 ) ;
#1600 = AXIS2_PLACEMENT_3D ( 'NONE', #105, #503, #1264 ) ;
#1601 = ORIENTED_EDGE ( 'NONE', *, *, #2145, .F. ) ;
#1602 = CARTESIAN_POINT ( 'NONE',  ( 5.265849194381779341, 36.87591805314179538, -3.000000000000051958 ) ) ;
#1603 =( GEOMETRIC_REPRESENTATION_CONTEXT ( 3 ) GLOBAL_UNCERTAINTY_ASSIGNED_CONTEXT ( ( #1553 ) ) GLOBAL_UNIT_ASSIGNED_CONTEXT ( ( #2426, #1669, #1246 ) ) REPRESENTATION_CONTEXT ( 'NONE', 'WORKASPACE' ) );
#1604 = CARTESIAN_POINT ( 'NONE',  ( 4.142448732060421968, 34.84804145098272699, -0.8433417660531571380 ) ) ;
#1605 = AXIS2_PLACEMENT_3D ( 'NONE', #1267, #859, #1256 ) ;
#1606 = FACE_OUTER_BOUND ( 'NONE', #1377, .T. ) ;
#1607 = LINE ( 'NONE', #820, #1203 ) ;
#1608 = DIRECTION ( 'NONE',  ( -1.000000000000000000, 0.000000000000000000, 0.000000000000000000 ) ) ;
#1609 = CARTESIAN_POINT ( 'NONE',  ( -25.22647420405276364, -27.40779997067004814, -3.000000000000051958 ) ) ;
#1610 = ORIENTED_EDGE ( 'NONE', *, *, #679, .F. ) ;
#1611 = EDGE_LOOP ( 'NONE', ( #1136, #2196, #2182, #723 ) ) ;
#1612 = EDGE_CURVE ( 'NONE', #67, #618, #468, .T. ) ;
#1613 = ORIENTED_EDGE ( 'NONE', *, *, #1151, .T. ) ;
#1614 = CARTESIAN_POINT ( 'NONE',  ( 14.95912044209161351, -26.54115780991539708, -6.000000000000000000 ) ) ;
#1615 = PLANE ( 'NONE',  #1721 ) ;
#1616 = EDGE_CURVE ( 'NONE', #1689, #1651, #1558, .T. ) ;
#1617 = CARTESIAN_POINT ( 'NONE',  ( -0.6055270602694697857, 34.69062204922364145, 3.000000000000000000 ) ) ;
#1618 = DIRECTION ( 'NONE',  ( -1.000000000000000000, 0.000000000000000000, 0.000000000000000000 ) ) ;
#1619 = DIRECTION ( 'NONE',  ( 0.000000000000000000, -0.000000000000000000, -1.000000000000000000 ) ) ;
#1620 = FACE_OUTER_BOUND ( 'NONE', #377, .T. ) ;
#1621 = EDGE_CURVE ( 'NONE', #635, #563, #1607, .T. ) ;
#1622 = ORIENTED_EDGE ( 'NONE', *, *, #1012, .F. ) ;
#1623 = DIRECTION ( 'NONE',  ( -1.000000000000000000, 0.000000000000000000, 0.000000000000000000 ) ) ;
#1624 = ORIENTED_EDGE ( 'NONE', *, *, #143, .T. ) ;
#1625 = VERTEX_POINT ( 'NONE', #1769 ) ;
#1626 = DIRECTION ( 'NONE',  ( -0.000000000000000000, 0.000000000000000000, 1.000000000000000000 ) ) ;
#1627 = CARTESIAN_POINT ( 'NONE',  ( 1.500000000000001554, -1.858632295689437828E-16, 15.29898987322333070 ) ) ;
#1628 = DIRECTION ( 'NONE',  ( -1.000000000000000000, 0.000000000000000000, 0.000000000000000000 ) ) ;
#1629 = EDGE_CURVE ( 'NONE', #2419, #726, #2375, .T. ) ;
#1630 = EDGE_CURVE ( 'NONE', #2051, #341, #330, .T. ) ;
#1631 = DIRECTION ( 'NONE',  ( 0.000000000000000000, -1.000000000000000000, 0.000000000000000000 ) ) ;
#1632 = DIRECTION ( 'NONE',  ( -1.000000000000000000, 0.000000000000000000, 0.000000000000000000 ) ) ;
#1633 = DIRECTION ( 'NONE',  ( 1.000000000000000000, 0.000000000000000000, 0.000000000000000000 ) ) ;
#1634 = ORIENTED_EDGE ( 'NONE', *, *, #1723, .T. ) ;
#1635 = CARTESIAN_POINT ( 'NONE',  ( -32.91892106095507842, -0.8226798546850792038, -6.000000000000000000 ) ) ;
#1636 = ORIENTED_EDGE ( 'NONE', *, *, #835, .T. ) ;
#1637 = AXIS2_PLACEMENT_3D ( 'NONE', #2425, #2270, #2448 ) ;
#1638 = CIRCLE ( 'NONE', #1076, 4.749999999999991118 ) ;
#1639 = ORIENTED_EDGE ( 'NONE', *, *, #251, .T. ) ;
#1640 = CARTESIAN_POINT ( 'NONE',  ( -19.14995398319505782, -28.93242443391688568, 0.000000000000000000 ) ) ;
#1641 = LINE ( 'NONE', #2198, #606 ) ;
#1642 = VECTOR ( 'NONE', #2237, 1000.000000000000000 ) ;
#1643 = CIRCLE ( 'NONE', #1244, 4.749999999999997335 ) ;
#1644 = CARTESIAN_POINT ( 'NONE',  ( 14.95912044209161351, -26.54115780991539708, 6.106601717798217699 ) ) ;
#1645 = FACE_OUTER_BOUND ( 'NONE', #1667, .T. ) ;
#1646 = AXIS2_PLACEMENT_3D ( 'NONE', #1572, #1205, #2388 ) ;
#1647 = EDGE_CURVE ( 'NONE', #1046, #1904, #1848, .T. ) ;
#1648 = CYLINDRICAL_SURFACE ( 'NONE', #1637, 40.25000000000000711 ) ;
#1649 = EDGE_LOOP ( 'NONE', ( #531, #616, #1181, #112 ) ) ;
#1650 = DIRECTION ( 'NONE',  ( -0.000000000000000000, -0.000000000000000000, -1.000000000000000000 ) ) ;
#1651 = VERTEX_POINT ( 'NONE', #1581 ) ;
#1652 = EDGE_LOOP ( 'NONE', ( #2322, #1932, #2194, #1610 ) ) ;
#1653 = FACE_OUTER_BOUND ( 'NONE', #1512, .T. ) ;
#1654 = FACE_BOUND ( 'NONE', #328, .T. ) ;
#1655 = CARTESIAN_POINT ( 'NONE',  ( -36.25000000000000711, 4.439344646909155431E-15, -3.500000000000000444 ) ) ;
#1656 = CARTESIAN_POINT ( 'NONE',  ( 23.63066264877081935, 16.48239126328874704, -6.000000000000000000 ) ) ;
#1657 = CARTESIAN_POINT ( 'NONE',  ( 27.38066264877081935, 16.48239126328874704, -4.500000000000000888 ) ) ;
#1658 = ORIENTED_EDGE ( 'NONE', *, *, #381, .F. ) ;
#1659 = CARTESIAN_POINT ( 'NONE',  ( 4.135023288504743100, 35.27344482737893117, 3.000000000000000000 ) ) ;
#1660 = ORIENTED_EDGE ( 'NONE', *, *, #1816, .F. ) ;
#1661 = ADVANCED_FACE ( 'NONE', ( #2363 ), #420, .F. ) ;
#1662 = ORIENTED_EDGE ( 'NONE', *, *, #1310, .F. ) ;
#1663 = LINE ( 'NONE', #727, #875 ) ;
#1664 = FACE_BOUND ( 'NONE', #1262, .T. ) ;
#1665 = CARTESIAN_POINT ( 'NONE',  ( -20.38620039867684497, -28.72156860364319897, -0.9710780335219227899 ) ) ;
#1666 = LINE ( 'NONE', #847, #1533 ) ;
#1667 = EDGE_LOOP ( 'NONE', ( #781, #1018, #824, #1197 ) ) ;
#1668 = FACE_OUTER_BOUND ( 'NONE', #1029, .T. ) ;
#1669 =( NAMED_UNIT ( * ) PLANE_ANGLE_UNIT ( ) SI_UNIT ( $, .RADIAN. ) );
#1670 = ORIENTED_EDGE ( 'NONE', *, *, #27, .F. ) ;
#1671 = CARTESIAN_POINT ( 'NONE',  ( -21.07234798472148185, 15.34124501234911975, -4.500000000000000888 ) ) ;
#1672 = ORIENTED_EDGE ( 'NONE', *, *, #906, .F. ) ;
#1673 = ORIENTED_EDGE ( 'NONE', *, *, #1621, .F. ) ;
#1674 = ADVANCED_FACE ( 'NONE', ( #1645 ), #1065, .F. ) ;
#1675 = CARTESIAN_POINT ( 'NONE',  ( -1.855527060269467343, 34.69062204922364145, -0.4902106906891900984 ) ) ;
#1676 = DIRECTION ( 'NONE',  ( -0.000000000000000000, -0.000000000000000000, -1.000000000000000000 ) ) ;
#1677 = VECTOR ( 'NONE', #2062, 1000.000000000000000 ) ;
#1678 = EDGE_CURVE ( 'NONE', #640, #1583, #81, .T. ) ;
#1679 = VECTOR ( 'NONE', #1569, 1000.000000000000000 ) ;
#1680 = LINE ( 'NONE', #2098, #364 ) ;
#1681 = AXIS2_PLACEMENT_3D ( 'NONE', #2163, #612, #1178 ) ;
#1682 = FACE_OUTER_BOUND ( 'NONE', #447, .T. ) ;
#1683 = AXIS2_PLACEMENT_3D ( 'NONE', #2415, #1650, #1437 ) ;
#1684 = AXIS2_PLACEMENT_3D ( 'NONE', #1640, #1626, #1236 ) ;
#1685 = ORIENTED_EDGE ( 'NONE', *, *, #1739, .F. ) ;
#1686 = DIRECTION ( 'NONE',  ( -1.000000000000000000, 0.000000000000000000, 0.000000000000000000 ) ) ;
#1687 = CARTESIAN_POINT ( 'NONE',  ( 3.988487990535024341, 34.01697316854274078, 0.000000000000000000 ) ) ;
#1688 = CIRCLE ( 'NONE', #610, 40.25000000000000711 ) ;
#1689 = VERTEX_POINT ( 'NONE', #702 ) ;
#1690 = ORIENTED_EDGE ( 'NONE', *, *, #361, .F. ) ;
#1691 = CYLINDRICAL_SURFACE ( 'NONE', #643, 1.000000000000000000 ) ;
#1692 = DIRECTION ( 'NONE',  ( -0.000000000000000000, -0.000000000000000000, -1.000000000000000000 ) ) ;
#1693 = ADVANCED_FACE ( 'NONE', ( #132 ), #1040, .F. ) ;
#1694 = CARTESIAN_POINT ( 'NONE',  ( -20.29921718472123615, -28.43100901945355830, -0.6839423489072523621 ) ) ;
#1695 = CARTESIAN_POINT ( 'NONE',  ( -20.16820805226660696, -16.71592299491781475, -6.000000000000000000 ) ) ;
#1696 = EDGE_LOOP ( 'NONE', ( #1454, #2475, #687, #1672 ) ) ;
#1697 = CARTESIAN_POINT ( 'NONE',  ( -22.87456563876957816, -26.05537978746854577, -0.4216799319359649800 ) ) ;
#1698 = DIRECTION ( 'NONE',  ( 0.000000000000000000, 0.000000000000000000, -1.000000000000000000 ) ) ;
#1699 = ORIENTED_EDGE ( 'NONE', *, *, #536, .T. ) ;
#1700 = EDGE_CURVE ( 'NONE', #1896, #865, #1666, .T. ) ;
#1701 = VERTEX_POINT ( 'NONE', #1078 ) ;
#1702 = CARTESIAN_POINT ( 'NONE',  ( -19.14995398319505782, -28.93242443391688568, 3.000000000000000000 ) ) ;
#1703 = CYLINDRICAL_SURFACE ( 'NONE', #2300, 3.750000000000000000 ) ;
#1704 = DIRECTION ( 'NONE',  ( -0.000000000000000000, -0.000000000000000000, -1.000000000000000000 ) ) ;
#1705 = DIRECTION ( 'NONE',  ( -0.000000000000000000, -0.000000000000000000, -1.000000000000000000 ) ) ;
#1706 = EDGE_LOOP ( 'NONE', ( #1440, #352, #49, #1613 ) ) ;
#1707 = ADVANCED_FACE ( 'NONE', ( #1460, #1448 ), #1849, .F. ) ;
#1708 = CARTESIAN_POINT ( 'NONE',  ( 19.88066264877081935, 16.48239126328874704, 6.106601717798217699 ) ) ;
#1709 = CARTESIAN_POINT ( 'NONE',  ( -20.39995398319566178, -29.07549855382983495, -1.268107230452428569 ) ) ;
#1710 = CARTESIAN_POINT ( 'NONE',  ( -15.50000000000000000, 15.50000000000000178, 15.29898987322333070 ) ) ;
#1711 = ORIENTED_EDGE ( 'NONE', *, *, #434, .T. ) ;
#1712 = ORIENTED_EDGE ( 'NONE', *, *, #381, .T. ) ;
#1713 = DIRECTION ( 'NONE',  ( 1.000000000000000000, 0.000000000000000000, 0.000000000000000000 ) ) ;
#1714 = DIRECTION ( 'NONE',  ( -1.000000000000000000, 0.000000000000000000, 0.000000000000000000 ) ) ;
#1715 = DIRECTION ( 'NONE',  ( 0.000000000000000000, 0.000000000000000000, -1.000000000000000000 ) ) ;
#1716 = DIRECTION ( 'NONE',  ( -1.000000000000000000, 0.000000000000000000, 0.000000000000000000 ) ) ;
#1717 = AXIS2_PLACEMENT_3D ( 'NONE', #2002, #280, #119 ) ;
#1718 = AXIS2_PLACEMENT_3D ( 'NONE', #1940, #1214, #987 ) ;
#1719 = LINE ( 'NONE', #1143, #2174 ) ;
#1720 = CARTESIAN_POINT ( 'NONE',  ( -20.26167616384857340, -29.52628786132541450, -1.559489023647818939 ) ) ;
#1721 = AXIS2_PLACEMENT_3D ( 'NONE', #1627, #130, #2248 ) ;
#1722 = AXIS2_PLACEMENT_3D ( 'NONE', #1087, #1858, #2297 ) ;
#1723 = EDGE_CURVE ( 'NONE', #1823, #1336, #1820, .T. ) ;
#1724 = PLANE ( 'NONE',  #1889 ) ;
#1725 = ORIENTED_EDGE ( 'NONE', *, *, #1598, .F. ) ;
#1726 = AXIS2_PLACEMENT_3D ( 'NONE', #522, #308, #902 ) ;
#1727 = EDGE_CURVE ( 'NONE', #309, #649, #533, .T. ) ;
#1728 = VECTOR ( 'NONE', #19, 1000.000000000000114 ) ;
#1729 = ORIENTED_EDGE ( 'NONE', *, *, #597, .T. ) ;
#1730 = CARTESIAN_POINT ( 'NONE',  ( -15.95956646628074083, -33.01929543677265855, -2.423991232650303029 ) ) ;
#1731 = ORIENTED_EDGE ( 'NONE', *, *, #885, .T. ) ;
#1732 = DIRECTION ( 'NONE',  ( -0.000000000000000000, -0.000000000000000000, 1.000000000000000000 ) ) ;
#1733 = CARTESIAN_POINT ( 'NONE',  ( -32.91892106095507842, -0.8226798546850792038, 6.106601717798217699 ) ) ;
#1734 = EDGE_CURVE ( 'NONE', #1021, #300, #2398, .T. ) ;
#1735 = CARTESIAN_POINT ( 'NONE',  ( 0.000000000000000000, 0.000000000000000000, 3.000000000000000000 ) ) ;
#1736 = CARTESIAN_POINT ( 'NONE',  ( -20.17016289961701858, -29.67701175965136073, -1.632155911741091536 ) ) ;
#1737 = EDGE_LOOP ( 'NONE', ( #450, #1947 ) ) ;
#1738 = ORIENTED_EDGE ( 'NONE', *, *, #1139, .T. ) ;
#1739 = EDGE_CURVE ( 'NONE', #2417, #618, #494, .T. ) ;
#1740 = CARTESIAN_POINT ( 'NONE',  ( -15.94993488066903708, -33.18267089041459172, -2.566938686608037479 ) ) ;
#1741 = ORIENTED_EDGE ( 'NONE', *, *, #2441, .T. ) ;
#1742 = DIRECTION ( 'NONE',  ( 0.000000000000000000, 0.000000000000000000, -1.000000000000000000 ) ) ;
#1743 = FACE_BOUND ( 'NONE', #1909, .T. ) ;
#1744 = CARTESIAN_POINT ( 'NONE',  ( -5.363529815480957197, 35.10764696622473480, -1.264987365711169653 ) ) ;
#1745 = FACE_OUTER_BOUND ( 'NONE', #1252, .T. ) ;
#1746 = EDGE_LOOP ( 'NONE', ( #1295, #2285, #694, #2157 ) ) ;
#1747 = EDGE_LOOP ( 'NONE', ( #519, #816, #261, #1017 ) ) ;
#1748 = EDGE_CURVE ( 'NONE', #956, #179, #728, .T. ) ;
#1749 = ORIENTED_EDGE ( 'NONE', *, *, #1215, .T. ) ;
#1750 = VERTEX_POINT ( 'NONE', #293 ) ;
#1751 = DIRECTION ( 'NONE',  ( -1.000000000000000000, 0.000000000000000000, 0.000000000000000000 ) ) ;
#1752 = CARTESIAN_POINT ( 'NONE',  ( 1.500000000000001554, -1.858632295689437828E-16, -4.499999999999999112 ) ) ;
#1753 = DIRECTION ( 'NONE',  ( -0.000000000000000000, -0.000000000000000000, -1.000000000000000000 ) ) ;
#1754 = AXIS2_PLACEMENT_3D ( 'NONE', #941, #754, #1348 ) ;
#1755 = DIRECTION ( 'NONE',  ( -0.000000000000000000, -0.000000000000000000, -1.000000000000000000 ) ) ;
#1756 = CARTESIAN_POINT ( 'NONE',  ( 15.50000000000000000, 0.000000000000000000, -6.000000000000000000 ) ) ;
#1757 = CIRCLE ( 'NONE', #405, 1.250000000000001110 ) ;
#1758 = AXIS2_PLACEMENT_3D ( 'NONE', #808, #1765, #454 ) ;
#1759 = CIRCLE ( 'NONE', #243, 36.25000000000000711 ) ;
#1760 = AXIS2_PLACEMENT_3D ( 'NONE', #1222, #290, #1827 ) ;
#1761 = ORIENTED_EDGE ( 'NONE', *, *, #1700, .F. ) ;
#1762 = ORIENTED_EDGE ( 'NONE', *, *, #168, .T. ) ;
#1763 = VECTOR ( 'NONE', #337, 1000.000000000000000 ) ;
#1764 = ORIENTED_EDGE ( 'NONE', *, *, #679, .T. ) ;
#1765 = DIRECTION ( 'NONE',  ( 0.000000000000000000, 0.000000000000000000, -1.000000000000000000 ) ) ;
#1766 = EDGE_CURVE ( 'NONE', #424, #2331, #448, .T. ) ;
#1767 = FACE_BOUND ( 'NONE', #513, .T. ) ;
#1768 = DIRECTION ( 'NONE',  ( -1.000000000000000000, 0.000000000000000000, 0.000000000000000000 ) ) ;
#1769 = CARTESIAN_POINT ( 'NONE',  ( -9.298845095413195594, -28.27167764889905044, -6.000000000000000000 ) ) ;
#1770 = CARTESIAN_POINT ( 'NONE',  ( 11.20912044209161351, -26.54115780991539708, 6.106601717798217699 ) ) ;
#1771 = ORIENTED_EDGE ( 'NONE', *, *, #1944, .T. ) ;
#1772 = ORIENTED_EDGE ( 'NONE', *, *, #665, .T. ) ;
#1773 = EDGE_CURVE ( 'NONE', #1823, #2366, #2040, .T. ) ;
#1774 = ORIENTED_EDGE ( 'NONE', *, *, #393, .F. ) ;
#1775 = ORIENTED_EDGE ( 'NONE', *, *, #1125, .F. ) ;
#1776 = CARTESIAN_POINT ( 'NONE',  ( -39.25000000000000711, 0.000000000000000000, 3.000000000000000000 ) ) ;
#1777 = DIRECTION ( 'NONE',  ( -0.000000000000000000, 0.000000000000000000, 1.000000000000000000 ) ) ;
#1778 = CARTESIAN_POINT ( 'NONE',  ( -15.50000000000000000, 15.50000000000000178, -4.499999999999999112 ) ) ;
#1779 = DIRECTION ( 'NONE',  ( 0.000000000000000000, 0.000000000000000000, -1.000000000000000000 ) ) ;
#1780 = EDGE_CURVE ( 'NONE', #2275, #338, #1082, .T. ) ;
#1781 = CARTESIAN_POINT ( 'NONE',  ( -5.889689098248602761, 36.57511195296650897, -2.796013646570777667 ) ) ;
#1782 = CARTESIAN_POINT ( 'NONE',  ( 0.000000000000000000, 0.000000000000000000, 0.000000000000000000 ) ) ;
#1783 = ORIENTED_EDGE ( 'NONE', *, *, #225, .T. ) ;
#1784 = ORIENTED_EDGE ( 'NONE', *, *, #1048, .T. ) ;
#1785 = VERTEX_POINT ( 'NONE', #333 ) ;
#1786 = EDGE_LOOP ( 'NONE', ( #1985, #414, #2108, #1813, #1840 ) ) ;
#1787 = DIRECTION ( 'NONE',  ( -0.000000000000000000, 0.000000000000000000, 1.000000000000000000 ) ) ;
#1788 = DIRECTION ( 'NONE',  ( -0.000000000000000000, -0.000000000000000000, -1.000000000000000000 ) ) ;
#1789 = LINE ( 'NONE', #834, #2258 ) ;
#1790 = CARTESIAN_POINT ( 'NONE',  ( 4.124484115337961221, 35.88015165626863023, -1.866431878780527187 ) ) ;
#1791 = CARTESIAN_POINT ( 'NONE',  ( -12.30861732281542054, 26.45752629411944312, 6.106601717798217699 ) ) ;
#1792 = CARTESIAN_POINT ( 'NONE',  ( 15.50000000000000000, -15.50000000000000178, -4.499999999999999112 ) ) ;
#1793 = EDGE_CURVE ( 'NONE', #190, #2438, #899, .T. ) ;
#1794 = VECTOR ( 'NONE', #801, 1000.000000000000000 ) ;
#1795 = ORIENTED_EDGE ( 'NONE', *, *, #1647, .T. ) ;
#1796 = VECTOR ( 'NONE', #264, 1000.000000000000000 ) ;
#1797 = ORIENTED_EDGE ( 'NONE', *, *, #784, .T. ) ;
#1798 = ADVANCED_FACE ( 'NONE', ( #666 ), #677, .F. ) ;
#1799 = VECTOR ( 'NONE', #194, 1000.000000000000000 ) ;
#1800 = VECTOR ( 'NONE', #15, 1000.000000000000000 ) ;
#1801 = ORIENTED_EDGE ( 'NONE', *, *, #426, .F. ) ;
#1802 = DIRECTION ( 'NONE',  ( -0.000000000000000000, -0.000000000000000000, -1.000000000000000000 ) ) ;
#1803 = CIRCLE ( 'NONE', #327, 4.749999999999997335 ) ;
#1804 = CARTESIAN_POINT ( 'NONE',  ( -19.14995398319505782, -28.93242443391688568, 3.000000000000000000 ) ) ;
#1805 = VECTOR ( 'NONE', #480, 1000.000000000000000 ) ;
#1806 = FACE_BOUND ( 'NONE', #2414, .T. ) ;
#1807 = ADVANCED_FACE ( 'NONE', ( #277 ), #1888, .T. ) ;
#1808 = CARTESIAN_POINT ( 'NONE',  ( 15.50000000000000000, 0.000000000000000000, 15.29898987322333070 ) ) ;
#1809 = CARTESIAN_POINT ( 'NONE',  ( -37.25000000000000711, 0.000000000000000000, 3.000000000000000000 ) ) ;
#1810 = CARTESIAN_POINT ( 'NONE',  ( -15.71720791581015675, -33.68031831181484392, -2.916981962246120386 ) ) ;
#1811 = ORIENTED_EDGE ( 'NONE', *, *, #611, .F. ) ;
#1812 = DIRECTION ( 'NONE',  ( -0.000000000000000000, -0.000000000000000000, -1.000000000000000000 ) ) ;
#1813 = ORIENTED_EDGE ( 'NONE', *, *, #1403, .T. ) ;
#1814 = B_SPLINE_CURVE_WITH_KNOTS ( 'NONE', 3,
 ( #1864, #148, #1853, #2400, #1822, #2437, #1473, #746, #2308, #1514, #1539, #375, #2319, #1504, #2293, #1736, #1720, #932, #1709, #1893 ),
 .UNSPECIFIED., .F., .F.,
 ( 4, 2, 2, 2, 2, 2, 2, 2, 2, 4 ),
 ( 0.000000000000000000, 0.0005474606598209909693, 0.001094921319641981939, 0.001642381979462972800, 0.002189842639283963877, 0.002463572969194459308, 0.002737303299104954738, 0.003284763958925932589, 0.003832224618746911306, 0.004379685278567889591 ),
 .UNSPECIFIED. ) ;
#1815 = VERTEX_POINT ( 'NONE', #1104 ) ;
#1816 = EDGE_CURVE ( 'NONE', #2403, #661, #2290, .T. ) ;
#1817 = DIRECTION ( 'NONE',  ( 1.000000000000000000, 1.065814103640150437E-14, 0.000000000000000000 ) ) ;
#1818 = DIRECTION ( 'NONE',  ( -0.000000000000000000, -0.000000000000000000, -1.000000000000000000 ) ) ;
#1819 = DIRECTION ( 'NONE',  ( -1.000000000000000000, 0.000000000000000000, 0.000000000000000000 ) ) ;
#1820 = LINE ( 'NONE', #1090, #1166 ) ;
#1821 = DIRECTION ( 'NONE',  ( -1.000000000000000000, -1.224646799147353454E-16, 0.000000000000000000 ) ) ;
#1822 = CARTESIAN_POINT ( 'NONE',  ( -18.20987971111328108, -29.76673409283148786, -0.6449401668129194354 ) ) ;
#1823 = VERTEX_POINT ( 'NONE', #2083 ) ;
#1824 = CARTESIAN_POINT ( 'NONE',  ( 11.20912044209161351, -26.54115780991539708, -4.500000000000000888 ) ) ;
#1825 = EDGE_LOOP ( 'NONE', ( #1385, #1248, #1122, #743 ) ) ;
#1826 = ORIENTED_EDGE ( 'NONE', *, *, #1880, .F. ) ;
#1827 = DIRECTION ( 'NONE',  ( -1.000000000000000000, 0.000000000000000000, 0.000000000000000000 ) ) ;
#1828 = CARTESIAN_POINT ( 'NONE',  ( -15.50000000000000000, -15.50000000000000000, 15.29898987322333070 ) ) ;
#1829 = EDGE_CURVE ( 'NONE', #1345, #2311, #1934, .T. ) ;
#1830 = CYLINDRICAL_SURFACE ( 'NONE', #958, 3.750000000000000000 ) ;
#1831 = CARTESIAN_POINT ( 'NONE',  ( 24.13440909899063058, -15.73555643816601446, 6.106601717798217699 ) ) ;
#1832 = ADVANCED_FACE ( 'NONE', ( #1875 ), #2279, .F. ) ;
#1833 = CARTESIAN_POINT ( 'NONE',  ( 4.124484115337971879, 35.88596052151382310, 3.000000000000000000 ) ) ;
#1834 = LINE ( 'NONE', #1055, #244 ) ;
#1835 = EDGE_LOOP ( 'NONE', ( #378, #384, #628, #593 ) ) ;
#1836 = CARTESIAN_POINT ( 'NONE',  ( -15.68396440514051626, -32.30194030424084417, -1.658235904653024395 ) ) ;
#1837 = EDGE_LOOP ( 'NONE', ( #528, #650 ) ) ;
#1838 = VECTOR ( 'NONE', #2215, 1000.000000000000000 ) ;
#1839 = VECTOR ( 'NONE', #1420, 1000.000000000000000 ) ;
#1840 = ORIENTED_EDGE ( 'NONE', *, *, #1944, .F. ) ;
#1841 = CARTESIAN_POINT ( 'NONE',  ( -23.91820805226660696, -16.71592299491781475, -4.500000000000000888 ) ) ;
#1842 = LINE ( 'NONE', #1828, #85 ) ;
#1843 = AXIS2_PLACEMENT_3D ( 'NONE', #343, #1102, #380 ) ;
#1844 = AXIS2_PLACEMENT_3D ( 'NONE', #1416, #1802, #886 ) ;
#1845 = CIRCLE ( 'NONE', #246, 1.249999999999997113 ) ;
#1846 = EDGE_CURVE ( 'NONE', #1689, #2286, #157, .T. ) ;
#1847 = CARTESIAN_POINT ( 'NONE',  ( -15.46496482103204784, -31.97106802518274904, -1.264987365711163214 ) ) ;
#1848 = B_SPLINE_CURVE_WITH_KNOTS ( 'NONE', 3,
 ( #56, #1381, #2342, #979, #613, #2164, #431, #1590, #645, #1410, #1025, #1188, #242, #2191, #458, #1216, #1963, #1990, #266, #1372, #2152, #1005 ),
 .UNSPECIFIED., .F., .F.,
 ( 4, 2, 2, 2, 2, 2, 2, 2, 2, 2, 4 ),
 ( 0.0006968561831619990606, 0.001285252829052283604, 0.001873649474942567930, 0.002462046120832852257, 0.002756244443777998866, 0.003050442766723145040, 0.003344641089668291215, 0.003638839412613438257, 0.003933037735558584866, 0.004227236058503730173, 0.005404029350284304464 ),
 .UNSPECIFIED. ) ;
#1849 = PLANE ( 'NONE',  #412 ) ;
#1850 = AXIS2_PLACEMENT_3D ( 'NONE', #2100, #1130, #2303 ) ;
#1851 = ADVANCED_FACE ( 'NONE', ( #576 ), #1115, .F. ) ;
#1852 = DIRECTION ( 'NONE',  ( 0.000000000000000000, 0.000000000000000000, 1.000000000000000000 ) ) ;
#1853 = CARTESIAN_POINT ( 'NONE',  ( -17.99956110644988172, -29.43820096779435858, -0.2549541338751658559 ) ) ;
#1854 = VERTEX_POINT ( 'NONE', #558 ) ;
#1855 = CYLINDRICAL_SURFACE ( 'NONE', #959, 1.250000000000001110 ) ;
#1856 = ORIENTED_EDGE ( 'NONE', *, *, #2023, .T. ) ;
#1857 = ORIENTED_EDGE ( 'NONE', *, *, #2365, .T. ) ;
#1858 = DIRECTION ( 'NONE',  ( -0.000000000000000000, -0.000000000000000000, -1.000000000000000000 ) ) ;
#1859 = FACE_BOUND ( 'NONE', #2109, .T. ) ;
#1860 = DIRECTION ( 'NONE',  ( -0.000000000000000000, 0.000000000000000000, 1.000000000000000000 ) ) ;
#1861 = CARTESIAN_POINT ( 'NONE',  ( 0.000000000000000000, 0.000000000000000000, 3.000000000000000000 ) ) ;
#1862 = ORIENTED_EDGE ( 'NONE', *, *, #361, .T. ) ;
#1863 = DIRECTION ( 'NONE',  ( -1.224646799147353207E-16, 1.000000000000000000, 0.000000000000000000 ) ) ;
#1864 = CARTESIAN_POINT ( 'NONE',  ( -17.92563174714092966, -29.18448605793653172, 0.000000000000000000 ) ) ;
#1865 = ADVANCED_FACE ( 'NONE', ( #345 ), #383, .F. ) ;
#1866 = ADVANCED_FACE ( 'NONE', ( #6 ), #1319, .F. ) ;
#1867 = ORIENTED_EDGE ( 'NONE', *, *, #1793, .T. ) ;
#1868 = DIRECTION ( 'NONE',  ( 0.5519369853120593694, 0.8338858220671674371, 0.000000000000000000 ) ) ;
#1869 = EDGE_LOOP ( 'NONE', ( #1897, #841 ) ) ;
#1870 = ADVANCED_FACE ( 'NONE', ( #1682 ), #587, .F. ) ;
#1871 = VERTEX_POINT ( 'NONE', #1306 ) ;
#1872 = DIRECTION ( 'NONE',  ( 0.000000000000000000, -0.000000000000000000, -1.000000000000000000 ) ) ;
#1873 = DIRECTION ( 'NONE',  ( -1.000000000000000000, 0.000000000000000000, 0.000000000000000000 ) ) ;
#1874 = CARTESIAN_POINT ( 'NONE',  ( 40.25000000000000711, 0.000000000000000000, 0.000000000000000000 ) ) ;
#1875 = FACE_OUTER_BOUND ( 'NONE', #1895, .T. ) ;
#1876 = VERTEX_POINT ( 'NONE', #966 ) ;
#1877 = DIRECTION ( 'NONE',  ( -1.000000000000000000, 0.000000000000000000, 0.000000000000000000 ) ) ;
#1878 = DIRECTION ( 'NONE',  ( 0.000000000000000000, -0.000000000000000000, -1.000000000000000000 ) ) ;
#1879 = VERTEX_POINT ( 'NONE', #1923 ) ;
#1880 = EDGE_CURVE ( 'NONE', #2034, #2032, #2049, .T. ) ;
#1881 = EDGE_LOOP ( 'NONE', ( #232, #1731, #1360, #1019 ) ) ;
#1882 = ADVANCED_FACE ( 'NONE', ( #2126 ), #394, .F. ) ;
#1883 = DIRECTION ( 'NONE',  ( -1.000000000000000000, 0.000000000000000000, 0.000000000000000000 ) ) ;
#1884 = CARTESIAN_POINT ( 'NONE',  ( -16.05861732281541876, 26.45752629411944312, 6.106601717798217699 ) ) ;
#1885 = CIRCLE ( 'NONE', #761, 3.750000000000000000 ) ;
#1886 = CARTESIAN_POINT ( 'NONE',  ( -20.33610397405511350, -28.52522229721487790, -0.7820439033144435115 ) ) ;
#1887 = AXIS2_PLACEMENT_3D ( 'NONE', #1655, #846, #858 ) ;
#1888 = PLANE ( 'NONE',  #10 ) ;
#1889 = AXIS2_PLACEMENT_3D ( 'NONE', #2489, #2087, #1134 ) ;
#1890 = VECTOR ( 'NONE', #1497, 1000.000000000000000 ) ;
#1891 = VERTEX_POINT ( 'NONE', #1695 ) ;
#1892 = CARTESIAN_POINT ( 'NONE',  ( 27.38066264877081935, 16.48239126328874704, -6.000000000000000000 ) ) ;
#1893 = CARTESIAN_POINT ( 'NONE',  ( -20.39995398319506137, -28.93242443391687857, -1.151176620852434329 ) ) ;
#1894 = AXIS2_PLACEMENT_3D ( 'NONE', #211, #1309, #396 ) ;
#1895 = EDGE_LOOP ( 'NONE', ( #272, #1729, #427, #600 ) ) ;
#1896 = VERTEX_POINT ( 'NONE', #2115 ) ;
#1897 = ORIENTED_EDGE ( 'NONE', *, *, #1542, .F. ) ;
#1898 = CARTESIAN_POINT ( 'NONE',  ( -0.6142532634881076037, 35.19054589680182943, 0.000000000000000000 ) ) ;
#1899 = CARTESIAN_POINT ( 'NONE',  ( 4.135023288504743100, 35.27344482737893827, -1.264987365711176981 ) ) ;
#1900 = PRODUCT ( 'JK-RTF-02-01-02 Knob Plate', 'JK-RTF-02-01-02 Knob Plate', '', ( #397 ) ) ;
#1901 = EDGE_CURVE ( 'NONE', #696, #2291, #209, .T. ) ;
#1902 = CARTESIAN_POINT ( 'NONE',  ( 4.124636420181582608, 35.86850811507654413, 3.000000000000000000 ) ) ;
#1903 = CARTESIAN_POINT ( 'NONE',  ( 0.000000000000000000, -15.50000000000000178, 15.29898987322333070 ) ) ;
#1904 = VERTEX_POINT ( 'NONE', #2327 ) ;
#1905 = CARTESIAN_POINT ( 'NONE',  ( -15.79345228834609038, -32.46735845146222488, -1.854881941366359088 ) ) ;
#1906 = DIRECTION ( 'NONE',  ( 0.000000000000000000, 0.000000000000000000, 1.000000000000000000 ) ) ;
#1907 = PLANE ( 'NONE',  #1445 ) ;
#1908 = ORIENTED_EDGE ( 'NONE', *, *, #1773, .T. ) ;
#1909 = EDGE_LOOP ( 'NONE', ( #158, #945, #2009, #289 ) ) ;
#1910 = DIRECTION ( 'NONE',  ( 0.000000000000000000, -1.000000000000000000, 0.000000000000000000 ) ) ;
#1911 = CARTESIAN_POINT ( 'NONE',  ( 6.623870973544712548, 26.87862050032322259, 6.106601717798217699 ) ) ;
#1912 = DIRECTION ( 'NONE',  ( 0.000000000000000000, -0.000000000000000000, -1.000000000000000000 ) ) ;
#1913 = EDGE_CURVE ( 'NONE', #738, #2431, #2474, .T. ) ;
#1914 = CARTESIAN_POINT ( 'NONE',  ( -3.960957654819050600, 2.621700680232281755, 3.000000000000000000 ) ) ;
#1915 = ORIENTED_EDGE ( 'NONE', *, *, #1396, .T. ) ;
#1916 = CARTESIAN_POINT ( 'NONE',  ( 5.265849194381779341, 36.87591805314179538, -3.000000000000051958 ) ) ;
#1917 = EDGE_CURVE ( 'NONE', #2311, #1345, #2184, .T. ) ;
#1918 = DIRECTION ( 'NONE',  ( 1.000000000000000000, 0.000000000000000000, 0.000000000000000000 ) ) ;
#1919 = ORIENTED_EDGE ( 'NONE', *, *, #1247, .F. ) ;
#1920 = ORIENTED_EDGE ( 'NONE', *, *, #2335, .T. ) ;
#1921 = CARTESIAN_POINT ( 'NONE',  ( -15.37224416190041332, -33.93017255227150741, -3.000000000000051958 ) ) ;
#1922 = DIRECTION ( 'NONE',  ( 0.000000000000000000, 0.000000000000000000, -1.000000000000000000 ) ) ;
#1923 = CARTESIAN_POINT ( 'NONE',  ( -1.500000000000002220, -1.499999999999999556, -6.000000000000000000 ) ) ;
#1924 = CIRCLE ( 'NONE', #1717, 3.750000000000000000 ) ;
#1925 = AXIS2_PLACEMENT_3D ( 'NONE', #1522, #2072, #1141 ) ;
#1926 = CIRCLE ( 'NONE', #918, 1.249999999999997113 ) ;
#1927 = DIRECTION ( 'NONE',  ( -0.000000000000000000, -0.000000000000000000, -1.000000000000000000 ) ) ;
#1928 = CARTESIAN_POINT ( 'NONE',  ( -6.373764378960506960, 35.68525784748506879, 3.000000000000000000 ) ) ;
#1929 = VECTOR ( 'NONE', #936, 1000.000000000000000 ) ;
#1930 = CIRCLE ( 'NONE', #2262, 3.750000000000000000 ) ;
#1931 = ADVANCED_FACE ( 'NONE', ( #76, #1370, #1000, #220, #2351, #1555, #29, #2189, #1767, #1976, #1213, #1743, #2135, #799, #1201 ), #1379, .T. ) ;
#1932 = ORIENTED_EDGE ( 'NONE', *, *, #1977, .T. ) ;
#1933 = AXIS2_PLACEMENT_3D ( 'NONE', #942, #1698, #755 ) ;
#1934 = CIRCLE ( 'NONE', #1850, 3.749999999999997780 ) ;
#1935 = EDGE_LOOP ( 'NONE', ( #708, #475, #992, #669 ) ) ;
#1936 = CARTESIAN_POINT ( 'NONE',  ( -15.87365270119428473, -33.43571755805296419, -2.762349560360328304 ) ) ;
#1937 = ORIENTED_EDGE ( 'NONE', *, *, #709, .F. ) ;
#1938 = DIRECTION ( 'NONE',  ( -1.000000000000000000, 0.000000000000000000, 0.000000000000000000 ) ) ;
#1939 = DIRECTION ( 'NONE',  ( -0.5519369853120592584, -0.8338858220671674371, 0.000000000000000000 ) ) ;
#1940 = CARTESIAN_POINT ( 'NONE',  ( 1.500000000000004885, 0.000000000000000000, 15.29898987322333070 ) ) ;
#1941 = DIRECTION ( 'NONE',  ( -1.000000000000000000, 0.000000000000000000, 0.000000000000000000 ) ) ;
#1942 = DIRECTION ( 'NONE',  ( 0.000000000000000000, 0.000000000000000000, -1.000000000000000000 ) ) ;
#1943 = EDGE_CURVE ( 'NONE', #726, #2419, #403, .T. ) ;
#1944 = EDGE_CURVE ( 'NONE', #2116, #2381, #2372, .T. ) ;
#1945 = ORIENTED_EDGE ( 'NONE', *, *, #485, .T. ) ;
#1946 = EDGE_CURVE ( 'NONE', #738, #2068, #1407, .T. ) ;
#1947 = ORIENTED_EDGE ( 'NONE', *, *, #393, .T. ) ;
#1948 = DIRECTION ( 'NONE',  ( -0.000000000000000000, -0.000000000000000000, -1.000000000000000000 ) ) ;
#1949 = CARTESIAN_POINT ( 'NONE',  ( -25.41892106095507486, -0.8226798546850787597, -4.500000000000000888 ) ) ;
#1950 = DIRECTION ( 'NONE',  ( -0.000000000000000000, -0.000000000000000000, -1.000000000000000000 ) ) ;
#1951 = CARTESIAN_POINT ( 'NONE',  ( 0.000000000000000000, 0.000000000000000000, 0.000000000000000000 ) ) ;
#1952 = ORIENTED_EDGE ( 'NONE', *, *, #93, .F. ) ;
#1953 = ORIENTED_EDGE ( 'NONE', *, *, #2113, .T. ) ;
#1954 = EDGE_CURVE ( 'NONE', #1336, #563, #1987, .T. ) ;
#1955 = ORIENTED_EDGE ( 'NONE', *, *, #1095, .T. ) ;
#1956 = APPLICATION_CONTEXT ( 'automotive_design' ) ;
#1957 = PRODUCT_DEFINITION_CONTEXT ( 'detailed design', #1956, 'design' ) ;
#1958 = ORIENTED_EDGE ( 'NONE', *, *, #823, .F. ) ;
#1959 = FACE_OUTER_BOUND ( 'NONE', #1387, .T. ) ;
#1960 = DIRECTION ( 'NONE',  ( 0.000000000000000000, 0.000000000000000000, 1.000000000000000000 ) ) ;
#1961 = LINE ( 'NONE', #241, #994 ) ;
#1962 = CIRCLE ( 'NONE', #2299, 3.750000000000000000 ) ;
#1963 = CARTESIAN_POINT ( 'NONE',  ( 0.1118241374052733467, 35.71773704816862960, -1.467851567361877274 ) ) ;
#1964 = VECTOR ( 'NONE', #1447, 1000.000000000000000 ) ;
#1965 = EDGE_CURVE ( 'NONE', #1879, #22, #1390, .T. ) ;
#1966 = DIRECTION ( 'NONE',  ( -1.000000000000000000, 0.000000000000000000, 0.000000000000000000 ) ) ;
#1967 = AXIS2_PLACEMENT_3D ( 'NONE', #2494, #1676, #534 ) ;
#1968 = AXIS2_PLACEMENT_3D ( 'NONE', #1332, #342, #544 ) ;
#1969 = AXIS2_PLACEMENT_3D ( 'NONE', #1057, #1340, #2120 ) ;
#1970 = MECHANICAL_DESIGN_GEOMETRIC_PRESENTATION_REPRESENTATION (  '', ( #2461 ), #1603 ) ;
#1971 = ORIENTED_EDGE ( 'NONE', *, *, #784, .F. ) ;
#1972 = ORIENTED_EDGE ( 'NONE', *, *, #597, .F. ) ;
#1973 = VECTOR ( 'NONE', #1788, 1000.000000000000000 ) ;
#1974 = VERTEX_POINT ( 'NONE', #1949 ) ;
#1975 = LINE ( 'NONE', #250, #2378 ) ;
#1976 = FACE_BOUND ( 'NONE', #2468, .T. ) ;
#1977 = EDGE_CURVE ( 'NONE', #1092, #1891, #2150, .T. ) ;
#1978 = CARTESIAN_POINT ( 'NONE',  ( 15.50000000000000355, 15.50000000000000000, -6.000000000000000000 ) ) ;
#1979 = CARTESIAN_POINT ( 'NONE',  ( 10.37387097354471166, 26.87862050032322259, 6.106601717798217699 ) ) ;
#1980 = CARTESIAN_POINT ( 'NONE',  ( -24.08001798026170093, -27.56415158484499628, -2.350939682495730487 ) ) ;
#1981 = DIRECTION ( 'NONE',  ( 0.5519369853120588143, 0.8338858220671677701, 0.000000000000000000 ) ) ;
#1982 = ORIENTED_EDGE ( 'NONE', *, *, #798, .F. ) ;
#1983 = ORIENTED_EDGE ( 'NONE', *, *, #267, .T. ) ;
#1984 = VERTEX_POINT ( 'NONE', #2336 ) ;
#1985 = ORIENTED_EDGE ( 'NONE', *, *, #1125, .T. ) ;
#1986 = DIRECTION ( 'NONE',  ( -1.000000000000000000, 0.000000000000000000, 0.000000000000000000 ) ) ;
#1987 = LINE ( 'NONE', #818, #2454 ) ;
#1988 = ADVANCED_FACE ( 'NONE', ( #631 ), #809, .F. ) ;
#1989 = FACE_OUTER_BOUND ( 'NONE', #1414, .T. ) ;
#1990 = CARTESIAN_POINT ( 'NONE',  ( 0.2428151959685020678, 35.61250782205247845, -1.363274894390333891 ) ) ;
#1991 = ADVANCED_FACE ( 'NONE', ( #977 ), #2172, .T. ) ;
#1992 = FACE_OUTER_BOUND ( 'NONE', #1706, .T. ) ;
#1993 = PLANE ( 'NONE',  #530 ) ;
#1994 = VERTEX_POINT ( 'NONE', #1356 ) ;
#1995 = ORIENTED_EDGE ( 'NONE', *, *, #13, .T. ) ;
#1996 = EDGE_LOOP ( 'NONE', ( #525, #1945, #1505, #780 ) ) ;
#1997 = EDGE_CURVE ( 'NONE', #270, #271, #2338, .T. ) ;
#1998 = CARTESIAN_POINT ( 'NONE',  ( 4.617666371125489277, 36.76259191699097073, -2.801199453452433374 ) ) ;
#1999 = CYLINDRICAL_SURFACE ( 'NONE', #2416, 3.750000000000000000 ) ;
#2000 = CARTESIAN_POINT ( 'NONE',  ( -0.6142532634881076037, 35.19054589680182943, 3.000000000000000000 ) ) ;
#2001 = CARTESIAN_POINT ( 'NONE',  ( -35.25000000000000711, 0.000000000000000000, -1.000000000000000000 ) ) ;
#2002 = CARTESIAN_POINT ( 'NONE',  ( 28.80754342686336145, 0.4504227853154105787, -6.000000000000000000 ) ) ;
#2003 = DIRECTION ( 'NONE',  ( 0.000000000000000000, 0.000000000000000000, -1.000000000000000000 ) ) ;
#2004 = CIRCLE ( 'NONE', #1481, 3.749999999999996447 ) ;
#2005 = EDGE_CURVE ( 'NONE', #1534, #2274, #1003, .T. ) ;
#2006 = ORIENTED_EDGE ( 'NONE', *, *, #860, .T. ) ;
#2007 = DIRECTION ( 'NONE',  ( 1.000000000000000000, 0.000000000000000000, 0.000000000000000000 ) ) ;
#2008 = VECTOR ( 'NONE', #1023, 1000.000000000000000 ) ;
#2009 = ORIENTED_EDGE ( 'NONE', *, *, #349, .T. ) ;
#2010 = CIRCLE ( 'NONE', #1887, 1.000000000000000888 ) ;
#2011 = AXIS2_PLACEMENT_3D ( 'NONE', #37, #976, #1368 ) ;
#2012 = ORIENTED_EDGE ( 'NONE', *, *, #2263, .F. ) ;
#2013 = FACE_OUTER_BOUND ( 'NONE', #166, .T. ) ;
#2014 = VECTOR ( 'NONE', #2003, 1000.000000000000000 ) ;
#2015 = FACE_BOUND ( 'NONE', #71, .T. ) ;
#2016 = FACE_BOUND ( 'NONE', #1869, .T. ) ;
#2017 = DIRECTION ( 'NONE',  ( -0.000000000000000000, 0.000000000000000000, -1.000000000000000000 ) ) ;
#2018 = DIRECTION ( 'NONE',  ( 0.000000000000000000, 0.000000000000000000, 1.000000000000000000 ) ) ;
#2019 = CARTESIAN_POINT ( 'NONE',  ( -23.49638402478868926, -26.89310900179038910, -1.461604135166408192 ) ) ;
#2020 = ORIENTED_EDGE ( 'NONE', *, *, #1290, .T. ) ;
#2021 = CARTESIAN_POINT ( 'NONE',  ( 14.12387097354471166, 26.87862050032322259, -4.500000000000000888 ) ) ;
#2022 = ORIENTED_EDGE ( 'NONE', *, *, #2294, .T. ) ;
#2023 = EDGE_CURVE ( 'NONE', #1345, #51, #418, .T. ) ;
#2024 = ORIENTED_EDGE ( 'NONE', *, *, #1422, .T. ) ;
#2025 = EDGE_CURVE ( 'NONE', #773, #581, #2458, .T. ) ;
#2026 = DIRECTION ( 'NONE',  ( 1.000000000000000000, 0.000000000000000000, 0.000000000000000000 ) ) ;
#2027 = CARTESIAN_POINT ( 'NONE',  ( 0.5624884524020972165, 34.24538080881730906, 0.000000000000000000 ) ) ;
#2028 = DIRECTION ( 'NONE',  ( -0.000000000000000000, -0.000000000000000000, -1.000000000000000000 ) ) ;
#2029 = DIRECTION ( 'NONE',  ( 1.000000000000000000, 0.000000000000000000, 0.000000000000000000 ) ) ;
#2030 = DIRECTION ( 'NONE',  ( 1.000000000000000000, 3.469446951953611033E-15, 0.000000000000000000 ) ) ;
#2031 = DIRECTION ( 'NONE',  ( 0.000000000000000000, -0.000000000000000000, -1.000000000000000000 ) ) ;
#2032 = VERTEX_POINT ( 'NONE', #642 ) ;
#2033 = CARTESIAN_POINT ( 'NONE',  ( -15.79345228834609038, -32.46735845146222488, -1.854881941366359088 ) ) ;
#2034 = VERTEX_POINT ( 'NONE', #477 ) ;
#2035 = EDGE_CURVE ( 'NONE', #794, #863, #1528, .T. ) ;
#2036 = ORIENTED_EDGE ( 'NONE', *, *, #2213, .T. ) ;
#2037 = LINE ( 'NONE', #491, #1446 ) ;
#2038 = LINE ( 'NONE', #504, #2143 ) ;
#2039 = FACE_OUTER_BOUND ( 'NONE', #125, .T. ) ;
#2040 = LINE ( 'NONE', #2250, #1492 ) ;
#2041 = DIRECTION ( 'NONE',  ( 1.000000000000000000, 0.000000000000000000, 0.000000000000000000 ) ) ;
#2042 = CARTESIAN_POINT ( 'NONE',  ( 7.459120442091612624, -26.54115780991539708, 6.106601717798217699 ) ) ;
#2043 = EDGE_CURVE ( 'NONE', #1594, #89, #1599, .T. ) ;
#2044 = ORIENTED_EDGE ( 'NONE', *, *, #2294, .F. ) ;
#2045 = CARTESIAN_POINT ( 'NONE',  ( -19.86035874040218374, -27.90391819624134939, 0.000000000000000000 ) ) ;
#2046 = B_SPLINE_CURVE_WITH_KNOTS ( 'NONE', 3,
 ( #2278, #2462, #1665, #1886, #1694, #1305, #354, #2472 ),
 .UNSPECIFIED., .F., .F.,
 ( 4, 2, 2, 4 ),
 ( 0.004379685278567889591, 0.004793503776327759196, 0.005207322274087628801, 0.006034959269607374950 ),
 .UNSPECIFIED. ) ;
#2047 = ORIENTED_EDGE ( 'NONE', *, *, #954, .F. ) ;
#2048 = AXIS2_PLACEMENT_3D ( 'NONE', #2128, #1927, #2104 ) ;
#2049 = CIRCLE ( 'NONE', #766, 37.25000000000000711 ) ;
#2050 = VECTOR ( 'NONE', #1470, 1000.000000000000000 ) ;
#2051 = VERTEX_POINT ( 'NONE', #304 ) ;
#2052 = CARTESIAN_POINT ( 'NONE',  ( 5.124484115337971879, 35.88596052151382310, 3.000000000000000000 ) ) ;
#2053 = FACE_BOUND ( 'NONE', #2404, .T. ) ;
#2054 = VECTOR ( 'NONE', #1519, 1000.000000000000000 ) ;
#2055 = CIRCLE ( 'NONE', #484, 40.25000000000000711 ) ;
#2056 = AXIS2_PLACEMENT_3D ( 'NONE', #2329, #1906, #1170 ) ;
#2057 = FACE_OUTER_BOUND ( 'NONE', #807, .T. ) ;
#2058 = ADVANCED_FACE ( 'NONE', ( #1469 ), #1615, .T. ) ;
#2059 = DIRECTION ( 'NONE',  ( 0.000000000000000000, -0.000000000000000000, -1.000000000000000000 ) ) ;
#2060 = VECTOR ( 'NONE', #1755, 1000.000000000000000 ) ;
#2061 = ORIENTED_EDGE ( 'NONE', *, *, #914, .T. ) ;
#2062 = DIRECTION ( 'NONE',  ( -0.000000000000000000, -0.000000000000000000, -1.000000000000000000 ) ) ;
#2063 = EDGE_CURVE ( 'NONE', #510, #853, #2038, .T. ) ;
#2064 = CARTESIAN_POINT ( 'NONE',  ( -14.95956646627892539, -33.01929543677428569, 3.000000000000000000 ) ) ;
#2065 = EDGE_LOOP ( 'NONE', ( #2355, #1784 ) ) ;
#2066 = CARTESIAN_POINT ( 'NONE',  ( -5.173233554341170937, 33.85705472412267625, 0.000000000000000000 ) ) ;
#2067 = ORIENTED_EDGE ( 'NONE', *, *, #25, .T. ) ;
#2068 = VERTEX_POINT ( 'NONE', #1265 ) ;
#2069 = CARTESIAN_POINT ( 'NONE',  ( 32.55754342686336145, 0.4504227853154110228, 6.106601717798217699 ) ) ;
#2070 = LINE ( 'NONE', #1911, #1929 ) ;
#2071 = DIRECTION ( 'NONE',  ( -1.000000000000000000, 0.000000000000000000, 0.000000000000000000 ) ) ;
#2072 = DIRECTION ( 'NONE',  ( -0.000000000000000000, -0.000000000000000000, -1.000000000000000000 ) ) ;
#2073 = EDGE_CURVE ( 'NONE', #1583, #640, #527, .T. ) ;
#2074 = ORIENTED_EDGE ( 'NONE', *, *, #1355, .F. ) ;
#2075 = FACE_OUTER_BOUND ( 'NONE', #151, .T. ) ;
#2076 = DIRECTION ( 'NONE',  ( 0.000000000000000000, -1.000000000000000000, 0.000000000000000000 ) ) ;
#2077 = CARTESIAN_POINT ( 'NONE',  ( -15.79345228834609038, -32.46735845146222488, -1.854881941366359088 ) ) ;
#2078 = ORIENTED_EDGE ( 'NONE', *, *, #507, .F. ) ;
#2079 = ORIENTED_EDGE ( 'NONE', *, *, #1183, .T. ) ;
#2080 = CARTESIAN_POINT ( 'NONE',  ( -19.42592247585108822, -29.34936734495047261, 3.000000000000000000 ) ) ;
#2081 = DIRECTION ( 'NONE',  ( -0.000000000000000000, -0.000000000000000000, 1.000000000000000000 ) ) ;
#2082 = PLANE ( 'NONE',  #605 ) ;
#2083 = CARTESIAN_POINT ( 'NONE',  ( 15.50000000000000355, 1.499999999999998668, -4.499999999999999112 ) ) ;
#2084 = ORIENTED_EDGE ( 'NONE', *, *, #143, .F. ) ;
#2085 = FACE_OUTER_BOUND ( 'NONE', #1162, .T. ) ;
#2086 = CYLINDRICAL_SURFACE ( 'NONE', #7, 1.000000000000000000 ) ;
#2087 = DIRECTION ( 'NONE',  ( 0.000000000000000000, -1.000000000000000000, 0.000000000000000000 ) ) ;
#2088 = ORIENTED_EDGE ( 'NONE', *, *, #2155, .T. ) ;
#2089 = ADVANCED_FACE ( 'NONE', ( #314 ), #1442, .F. ) ;
#2090 = B_SPLINE_CURVE_WITH_KNOTS ( 'NONE', 3,
 ( #2362, #1391, #1371, #430 ),
 .UNSPECIFIED., .F., .F.,
 ( 4, 4 ),
 ( 4.336808689942017736E-19, 0.001788962453048836788 ),
 .UNSPECIFIED. ) ;
#2091 = ORIENTED_EDGE ( 'NONE', *, *, #1549, .F. ) ;
#2092 = VECTOR ( 'NONE', #1106, 1000.000000000000000 ) ;
#2093 = FACE_OUTER_BOUND ( 'NONE', #1452, .T. ) ;
#2094 = DIRECTION ( 'NONE',  ( -0.000000000000000000, -0.000000000000000000, -1.000000000000000000 ) ) ;
#2095 = AXIS2_PLACEMENT_3D ( 'NONE', #439, #428, #1554 ) ;
#2096 = APPLICATION_CONTEXT ( 'automotive_design' ) ;
#2097 = AXIS2_PLACEMENT_3D ( 'NONE', #2406, #1063, #1417 ) ;
#2098 = CARTESIAN_POINT ( 'NONE',  ( 27.88440909899063058, -15.73555643816601446, 6.106601717798217699 ) ) ;
#2099 = CIRCLE ( 'NONE', #996, 40.25000000000000711 ) ;
#2100 = CARTESIAN_POINT ( 'NONE',  ( -5.548845095413196482, -28.27167764889905044, -4.500000000000000888 ) ) ;
#2101 = AXIS2_PLACEMENT_3D ( 'NONE', #591, #1350, #2273 ) ;
#2102 = VECTOR ( 'NONE', #1212, 1000.000000000000000 ) ;
#2103 = ORIENTED_EDGE ( 'NONE', *, *, #2025, .T. ) ;
#2104 = DIRECTION ( 'NONE',  ( -1.000000000000000000, 0.000000000000000000, 0.000000000000000000 ) ) ;
#2105 = DIRECTION ( 'NONE',  ( -0.000000000000000000, -0.000000000000000000, -1.000000000000000000 ) ) ;
#2106 = CIRCLE ( 'NONE', #1565, 1.000000000000000888 ) ;
#2107 = CARTESIAN_POINT ( 'NONE',  ( -6.549592361828382892, 36.66967875362258411, 3.000000000000000000 ) ) ;
#2108 = ORIENTED_EDGE ( 'NONE', *, *, #914, .F. ) ;
#2109 = EDGE_LOOP ( 'NONE', ( #2440, #912 ) ) ;
#2110 = ADVANCED_FACE ( 'NONE', ( #663 ), #1999, .F. ) ;
#2111 = DIRECTION ( 'NONE',  ( -0.000000000000000000, -0.000000000000000000, -1.000000000000000000 ) ) ;
#2112 = CARTESIAN_POINT ( 'NONE',  ( 28.80754342686336145, 0.4504227853154105787, 6.106601717798217699 ) ) ;
#2113 = EDGE_CURVE ( 'NONE', #2438, #1388, #1842, .T. ) ;
#2114 = PLANE ( 'NONE',  #82 ) ;
#2115 = CARTESIAN_POINT ( 'NONE',  ( -23.38688013067013216, -26.72766666471819264, 3.000000000000000000 ) ) ;
#2116 = VERTEX_POINT ( 'NONE', #1051 ) ;
#2117 = DIRECTION ( 'NONE',  ( -0.000000000000000000, -0.000000000000000000, -1.000000000000000000 ) ) ;
#2118 = DIRECTION ( 'NONE',  ( -0.000000000000000000, -0.000000000000000000, -1.000000000000000000 ) ) ;
#2119 = PRODUCT_DEFINITION ( 'UNKNOWN', '', #1198, #1957 ) ;
#2120 = DIRECTION ( 'NONE',  ( -1.000000000000000000, 0.000000000000000000, 0.000000000000000000 ) ) ;
#2121 = ORIENTED_EDGE ( 'NONE', *, *, #426, .T. ) ;
#2122 = ORIENTED_EDGE ( 'NONE', *, *, #2234, .F. ) ;
#2123 = DIRECTION ( 'NONE',  ( 0.000000000000000000, -1.000000000000000000, 0.000000000000000000 ) ) ;
#2124 = VERTEX_POINT ( 'NONE', #887 ) ;
#2125 = CARTESIAN_POINT ( 'NONE',  ( -29.16892106095507842, -0.8226798546850792038, -6.000000000000000000 ) ) ;
#2126 = FACE_OUTER_BOUND ( 'NONE', #1283, .T. ) ;
#2127 = EDGE_CURVE ( 'NONE', #930, #2116, #1757, .T. ) ;
#2128 = CARTESIAN_POINT ( 'NONE',  ( 0.000000000000000000, 0.000000000000000000, 3.000000000000000000 ) ) ;
#2129 = DIRECTION ( 'NONE',  ( 1.000000000000000000, 0.000000000000000000, 0.000000000000000000 ) ) ;
#2130 = ORIENTED_EDGE ( 'NONE', *, *, #2140, .T. ) ;
#2131 = EDGE_LOOP ( 'NONE', ( #2133, #1772, #1517, #2359 ) ) ;
#2132 = LINE ( 'NONE', #1229, #1041 ) ;
#2133 = ORIENTED_EDGE ( 'NONE', *, *, #2035, .F. ) ;
#2134 = DIRECTION ( 'NONE',  ( 0.000000000000000000, 0.000000000000000000, 1.000000000000000000 ) ) ;
#2135 = FACE_BOUND ( 'NONE', #2235, .T. ) ;
#2136 = CIRCLE ( 'NONE', #638, 1.000000000000000000 ) ;
#2137 = AXIS2_PLACEMENT_3D ( 'NONE', #1861, #1243, #2029 ) ;
#2138 = AXIS2_PLACEMENT_3D ( 'NONE', #1266, #505, #2397 ) ;
#2139 = EDGE_CURVE ( 'NONE', #1904, #1815, #1458, .T. ) ;
#2140 = EDGE_CURVE ( 'NONE', #825, #2034, #1641, .T. ) ;
#2141 = DIRECTION ( 'NONE',  ( -0.000000000000000000, 0.000000000000000000, 1.000000000000000000 ) ) ;
#2142 = LINE ( 'NONE', #222, #1531 ) ;
#2143 = VECTOR ( 'NONE', #1034, 1000.000000000000000 ) ;
#2144 = AXIS2_PLACEMENT_3D ( 'NONE', #2080, #1112, #1883 ) ;
#2145 = EDGE_CURVE ( 'NONE', #2330, #759, #2422, .T. ) ;
#2146 = ORIENTED_EDGE ( 'NONE', *, *, #1077, .F. ) ;
#2147 = AXIS2_PLACEMENT_3D ( 'NONE', #599, #2118, #1358 ) ;
#2148 = ORIENTED_EDGE ( 'NONE', *, *, #1570, .F. ) ;
#2149 = CARTESIAN_POINT ( 'NONE',  ( -5.363529815480957197, 35.10764696622473480, 3.000000000000000000 ) ) ;
#2150 = LINE ( 'NONE', #620, #1973 ) ;
#2151 = PLANE ( 'NONE',  #1718 ) ;
#2152 = CARTESIAN_POINT ( 'NONE',  ( 0.6444729397305272167, 34.96925671539612068, -0.7251945500158913926 ) ) ;
#2153 = ADVANCED_FACE ( 'NONE', ( #465, #1654, #700, #2053, #331, #1859, #2209, #1223, #142, #1237, #1664, #654, #95, #845, #2015 ), #291, .T. ) ;
#2154 = ORIENTED_EDGE ( 'NONE', *, *, #103, .F. ) ;
#2155 = EDGE_CURVE ( 'NONE', #2419, #325, #555, .T. ) ;
#2156 = EDGE_LOOP ( 'NONE', ( #804, #1071 ) ) ;
#2157 = ORIENTED_EDGE ( 'NONE', *, *, #1954, .F. ) ;
#2158 = ORIENTED_EDGE ( 'NONE', *, *, #537, .T. ) ;
#2159 = VERTEX_POINT ( 'NONE', #571 ) ;
#2160 = DIRECTION ( 'NONE',  ( -0.000000000000000000, -0.000000000000000000, 1.000000000000000000 ) ) ;
#2161 = DIRECTION ( 'NONE',  ( 1.000000000000000000, 0.000000000000000000, 0.000000000000000000 ) ) ;
#2162 = EDGE_CURVE ( 'NONE', #1854, #738, #2444, .T. ) ;
#2163 = CARTESIAN_POINT ( 'NONE',  ( 0.000000000000000000, 1.499999999999998668, 15.29898987322333070 ) ) ;
#2164 = CARTESIAN_POINT ( 'NONE',  ( -1.457093030655774557, 35.61939999182421701, -1.399026946487911482 ) ) ;
#2165 = CARTESIAN_POINT ( 'NONE',  ( -24.62086839246796544, -27.68234314554941378, -2.796988542144325685 ) ) ;
#2166 = ORIENTED_EDGE ( 'NONE', *, *, #1196, .T. ) ;
#2167 = EDGE_LOOP ( 'NONE', ( #1551, #2047, #1764, #884 ) ) ;
#2168 = EDGE_CURVE ( 'NONE', #720, #827, #367, .T. ) ;
#2169 = ORIENTED_EDGE ( 'NONE', *, *, #2073, .T. ) ;
#2170 = VERTEX_POINT ( 'NONE', #170 ) ;
#2171 = LINE ( 'NONE', #1010, #5 ) ;
#2172 = CYLINDRICAL_SURFACE ( 'NONE', #124, 40.25000000000000711 ) ;
#2173 = CARTESIAN_POINT ( 'NONE',  ( 11.20912044209161351, -26.54115780991539708, -4.500000000000000888 ) ) ;
#2174 = VECTOR ( 'NONE', #769, 1000.000000000000000 ) ;
#2175 = DIRECTION ( 'NONE',  ( -1.000000000000000000, 0.000000000000000000, 0.000000000000000000 ) ) ;
#2176 = AXIS2_PLACEMENT_3D ( 'NONE', #1280, #2059, #145 ) ;
#2177 = VECTOR ( 'NONE', #1557, 1000.000000000000000 ) ;
#2178 = DIRECTION ( 'NONE',  ( 0.000000000000000000, 1.000000000000000000, -0.000000000000000000 ) ) ;
#2179 = LINE ( 'NONE', #1366, #87 ) ;
#2180 = CIRCLE ( 'NONE', #1401, 1.000000000000000000 ) ;
#2181 = CIRCLE ( 'NONE', #1491, 36.25000000000000711 ) ;
#2182 = ORIENTED_EDGE ( 'NONE', *, *, #823, .T. ) ;
#2183 = EDGE_LOOP ( 'NONE', ( #601, #2044 ) ) ;
#2184 = CIRCLE ( 'NONE', #1925, 3.749999999999997780 ) ;
#2185 = ADVANCED_FACE ( 'NONE', ( #1508 ), #182, .F. ) ;
#2186 = ORIENTED_EDGE ( 'NONE', *, *, #625, .T. ) ;
#2187 = ORIENTED_EDGE ( 'NONE', *, *, #1880, .T. ) ;
#2188 = LINE ( 'NONE', #207, #442 ) ;
#2189 = FACE_BOUND ( 'NONE', #340, .T. ) ;
#2190 = DIRECTION ( 'NONE',  ( -1.000000000000000000, 0.000000000000000000, 0.000000000000000000 ) ) ;
#2191 = CARTESIAN_POINT ( 'NONE',  ( -0.2129954488497188547, 35.88128114494794119, -1.631792326767441903 ) ) ;
#2192 = CARTESIAN_POINT ( 'NONE',  ( -5.401500404360787044, 35.95117111379209263, -2.104669375733704939 ) ) ;
#2193 = CARTESIAN_POINT ( 'NONE',  ( 25.05754342686336145, 0.4504227853154105787, 6.106601717798217699 ) ) ;
#2194 = ORIENTED_EDGE ( 'NONE', *, *, #744, .T. ) ;
#2195 = ORIENTED_EDGE ( 'NONE', *, *, #1012, .T. ) ;
#2196 = ORIENTED_EDGE ( 'NONE', *, *, #2025, .F. ) ;
#2197 = CARTESIAN_POINT ( 'NONE',  ( 4.307078328286126911, 36.47802868843416491, -2.481332385772796467 ) ) ;
#2198 = CARTESIAN_POINT ( 'NONE',  ( -15.37224416190041687, -33.93017255227151452, 3.000000000000000000 ) ) ;
#2199 = CARTESIAN_POINT ( 'NONE',  ( 0.000000000000000000, 15.50000000000000178, -4.499999999999999112 ) ) ;
#2200 = ADVANCED_FACE ( 'NONE', ( #1480 ), #2277, .F. ) ;
#2201 = DIRECTION ( 'NONE',  ( -0.000000000000000000, -0.000000000000000000, -1.000000000000000000 ) ) ;
#2202 = DIRECTION ( 'NONE',  ( 1.000000000000000000, 0.000000000000000000, 0.000000000000000000 ) ) ;
#2203 = CARTESIAN_POINT ( 'NONE',  ( -39.25000000000000711, 0.000000000000000000, 0.000000000000000000 ) ) ;
#2204 = ORIENTED_EDGE ( 'NONE', *, *, #186, .T. ) ;
#2205 = CARTESIAN_POINT ( 'NONE',  ( -17.92563174714092966, -29.18448605793653172, 0.000000000000000000 ) ) ;
#2206 = ORIENTED_EDGE ( 'NONE', *, *, #57, .F. ) ;
#2207 = ORIENTED_EDGE ( 'NONE', *, *, #1629, .F. ) ;
#2208 = DIRECTION ( 'NONE',  ( 0.000000000000000000, 0.000000000000000000, 1.000000000000000000 ) ) ;
#2209 = FACE_BOUND ( 'NONE', #501, .T. ) ;
#2210 = CYLINDRICAL_SURFACE ( 'NONE', #441, 39.25000000000000711 ) ;
#2211 = DIRECTION ( 'NONE',  ( -1.000000000000000000, 0.000000000000000000, -0.000000000000000000 ) ) ;
#2212 = B_SPLINE_CURVE_WITH_KNOTS ( 'NONE', 3,
 ( #2476, #395, #385, #1338, #374, #1905 ),
 .UNSPECIFIED., .F., .F.,
 ( 4, 2, 4 ),
 ( 0.001306652682836798116, 0.001715299118646366376, 0.002123945554455934637 ),
 .UNSPECIFIED. ) ;
#2213 = EDGE_CURVE ( 'NONE', #726, #617, #2070, .T. ) ;
#2214 = ADVANCED_FACE ( 'NONE', ( #2288 ), #1703, .F. ) ;
#2215 = DIRECTION ( 'NONE',  ( -0.000000000000000000, -0.000000000000000000, -1.000000000000000000 ) ) ;
#2216 = SURFACE_SIDE_STYLE ('',( #878 ) ) ;
#2217 = ORIENTED_EDGE ( 'NONE', *, *, #2312, .F. ) ;
#2218 = DIRECTION ( 'NONE',  ( 0.000000000000000000, -1.000000000000000000, 0.000000000000000000 ) ) ;
#2219 = EDGE_LOOP ( 'NONE', ( #262, #672, #805, #2154 ) ) ;
#2220 = CIRCLE ( 'NONE', #1969, 3.750000000000000000 ) ;
#2221 = AXIS2_PLACEMENT_3D ( 'NONE', #2236, #514, #1986 ) ;
#2222 = EDGE_LOOP ( 'NONE', ( #660, #1563, #111, #2269 ) ) ;
#2223 = CARTESIAN_POINT ( 'NONE',  ( 4.124484115337971879, 35.88596052151383020, -1.872202753560401334 ) ) ;
#2224 = AXIS2_PLACEMENT_3D ( 'NONE', #584, #348, #2229 ) ;
#2225 = DIRECTION ( 'NONE',  ( -1.000000000000000000, 0.000000000000000000, 0.000000000000000000 ) ) ;
#2226 = LINE ( 'NONE', #2199, #872 ) ;
#2227 = CARTESIAN_POINT ( 'NONE',  ( 0.000000000000000000, 0.000000000000000000, -3.500000000000000444 ) ) ;
#2228 = FACE_OUTER_BOUND ( 'NONE', #351, .T. ) ;
#2229 = DIRECTION ( 'NONE',  ( -1.000000000000000000, 0.000000000000000000, 0.000000000000000000 ) ) ;
#2230 = EDGE_CURVE ( 'NONE', #629, #1046, #545, .T. ) ;
#2231 = EDGE_LOOP ( 'NONE', ( #1577, #1524, #360, #748, #2369, #2158, #790, #2169 ) ) ;
#2232 = CARTESIAN_POINT ( 'NONE',  ( 1.500000000000001554, -1.858632295689437828E-16, -6.000000000000000000 ) ) ;
#2233 = ORIENTED_EDGE ( 'NONE', *, *, #1396, .F. ) ;
#2234 = EDGE_CURVE ( 'NONE', #2295, #827, #1238, .T. ) ;
#2235 = EDGE_LOOP ( 'NONE', ( #1995, #2078, #334, #490 ) ) ;
#2236 = CARTESIAN_POINT ( 'NONE',  ( 0.000000000000000000, 0.000000000000000000, -1.000000000000000000 ) ) ;
#2237 = DIRECTION ( 'NONE',  ( 0.000000000000000000, 0.000000000000000000, 1.000000000000000000 ) ) ;
#2238 = CYLINDRICAL_SURFACE ( 'NONE', #760, 1.249999999999997113 ) ;
#2239 = CARTESIAN_POINT ( 'NONE',  ( 0.000000000000000000, 0.000000000000000000, 0.000000000000000000 ) ) ;
#2240 = CARTESIAN_POINT ( 'NONE',  ( -1.500000000000001332, 0.000000000000000000, 15.29898987322333070 ) ) ;
#2241 = CARTESIAN_POINT ( 'NONE',  ( -5.373916683804116801, 35.70271025392234776, -1.854881941366359088 ) ) ;
#2242 = ORIENTED_EDGE ( 'NONE', *, *, #1296, .F. ) ;
#2243 = DIRECTION ( 'NONE',  ( 0.000000000000000000, 0.000000000000000000, -1.000000000000000000 ) ) ;
#2244 = ORIENTED_EDGE ( 'NONE', *, *, #625, .F. ) ;
#2245 = ORIENTED_EDGE ( 'NONE', *, *, #57, .T. ) ;
#2246 = EDGE_CURVE ( 'NONE', #554, #661, #925, .T. ) ;
#2247 = DIRECTION ( 'NONE',  ( 0.000000000000000000, 1.000000000000000000, 0.000000000000000000 ) ) ;
#2248 = DIRECTION ( 'NONE',  ( 1.239088197126290570E-16, 1.000000000000000000, 0.000000000000000000 ) ) ;
#2249 = CARTESIAN_POINT ( 'NONE',  ( 4.124636420181582608, 35.86850811507654413, -1.854881941366365972 ) ) ;
#2250 = CARTESIAN_POINT ( 'NONE',  ( 15.50000000000000355, 1.499999999999998668, 15.29898987322333070 ) ) ;
#2251 = ORIENTED_EDGE ( 'NONE', *, *, #2395, .F. ) ;
#2252 = PLANE ( 'NONE',  #1359 ) ;
#2253 = CARTESIAN_POINT ( 'NONE',  ( -19.42592247585108822, -29.34936734495047261, 0.000000000000000000 ) ) ;
#2254 = ORIENTED_EDGE ( 'NONE', *, *, #744, .F. ) ;
#2255 = DIRECTION ( 'NONE',  ( -1.239088197126290570E-16, -1.000000000000000000, 0.000000000000000000 ) ) ;
#2256 = ORIENTED_EDGE ( 'NONE', *, *, #1311, .F. ) ;
#2257 = VECTOR ( 'NONE', #223, 1000.000000000000000 ) ;
#2258 = VECTOR ( 'NONE', #1950, 1000.000000000000000 ) ;
#2259 = EDGE_LOOP ( 'NONE', ( #218, #542, #1135, #1506 ) ) ;
#2260 = LINE ( 'NONE', #2493, #1890 ) ;
#2261 = CARTESIAN_POINT ( 'NONE',  ( 0.000000000000000000, 0.000000000000000000, -6.000000000000000000 ) ) ;
#2262 = AXIS2_PLACEMENT_3D ( 'NONE', #329, #710, #1713 ) ;
#2263 = EDGE_CURVE ( 'NONE', #930, #1871, #1127, .T. ) ;
#2264 = AXIS2_PLACEMENT_3D ( 'NONE', #1153, #200, #1918 ) ;
#2265 = DIRECTION ( 'NONE',  ( 1.000000000000000000, 0.000000000000000000, 0.000000000000000000 ) ) ;
#2266 = DIRECTION ( 'NONE',  ( -1.000000000000000000, 0.000000000000000000, 0.000000000000000000 ) ) ;
#2267 = ADVANCED_FACE ( 'NONE', ( #2471 ), #711, .F. ) ;
#2268 = AXIS2_PLACEMENT_3D ( 'NONE', #1808, #97, #2017 ) ;
#2269 = ORIENTED_EDGE ( 'NONE', *, *, #590, .F. ) ;
#2270 = DIRECTION ( 'NONE',  ( 0.000000000000000000, 0.000000000000000000, 1.000000000000000000 ) ) ;
#2271 = CARTESIAN_POINT ( 'NONE',  ( 19.88066264877081935, 16.48239126328874704, -4.500000000000000888 ) ) ;
#2272 = EDGE_LOOP ( 'NONE', ( #463, #474, #1711, #1301 ) ) ;
#2273 = DIRECTION ( 'NONE',  ( 1.000000000000000000, 0.000000000000000000, 0.000000000000000000 ) ) ;
#2274 = VERTEX_POINT ( 'NONE', #1899 ) ;
#2275 = VERTEX_POINT ( 'NONE', #2045 ) ;
#2276 = DIRECTION ( 'NONE',  ( -1.000000000000000000, 0.000000000000000000, 0.000000000000000000 ) ) ;
#2277 = CYLINDRICAL_SURFACE ( 'NONE', #874, 1.000000000000000000 ) ;
#2278 = CARTESIAN_POINT ( 'NONE',  ( -20.39995398319506137, -28.93242443391687857, -1.151176620852434329 ) ) ;
#2279 = CYLINDRICAL_SURFACE ( 'NONE', #1277, 3.750000000000000000 ) ;
#2280 = VERTEX_POINT ( 'NONE', #1671 ) ;
#2281 = EDGE_CURVE ( 'NONE', #696, #1974, #722, .T. ) ;
#2282 = CARTESIAN_POINT ( 'NONE',  ( 4.135023288504743100, 35.27344482737893827, -1.264987365711176981 ) ) ;
#2283 = CARTESIAN_POINT ( 'NONE',  ( 0.000000000000000000, 15.50000000000000000, 15.29898987322333070 ) ) ;
#2284 = B_SPLINE_CURVE_WITH_KNOTS ( 'NONE', 3,
 ( #2345, #1411, #1206, #1980, #1382, #1393, #2165, #432, #1591, #256 ),
 .UNSPECIFIED., .F., .F.,
 ( 4, 2, 2, 2, 4 ),
 ( 1.084202172485504434E-18, 0.0005275511431372932689, 0.001055102286274585454, 0.001582653429411877638, 0.002110204572549169606 ),
 .UNSPECIFIED. ) ;
#2285 = ORIENTED_EDGE ( 'NONE', *, *, #971, .T. ) ;
#2286 = VERTEX_POINT ( 'NONE', #864 ) ;
#2287 = DIRECTION ( 'NONE',  ( -1.000000000000000000, 0.000000000000000000, 0.000000000000000000 ) ) ;
#2288 = FACE_OUTER_BOUND ( 'NONE', #461, .T. ) ;
#2289 = CARTESIAN_POINT ( 'NONE',  ( -16.05861732281541876, 26.45752629411944312, -4.500000000000000888 ) ) ;
#2290 = LINE ( 'NONE', #547, #1728 ) ;
#2291 = VERTEX_POINT ( 'NONE', #1635 ) ;
#2292 = CARTESIAN_POINT ( 'NONE',  ( 40.25000000000000711, 0.000000000000000000, -1.000000000000000000 ) ) ;
#2293 = CARTESIAN_POINT ( 'NONE',  ( -19.91716215232001730, -29.93573303251415041, -1.705668188627677218 ) ) ;
#2294 = EDGE_CURVE ( 'NONE', #1384, #297, #1885, .T. ) ;
#2295 = VERTEX_POINT ( 'NONE', #1045 ) ;
#2296 = EDGE_LOOP ( 'NONE', ( #299, #2333, #127, #61 ) ) ;
#2297 = DIRECTION ( 'NONE',  ( -1.000000000000000000, 0.000000000000000000, 0.000000000000000000 ) ) ;
#2298 = DIRECTION ( 'NONE',  ( 0.000000000000000000, 0.000000000000000000, -1.000000000000000000 ) ) ;
#2299 = AXIS2_PLACEMENT_3D ( 'NONE', #1004, #265, #2190 ) ;
#2300 = AXIS2_PLACEMENT_3D ( 'NONE', #2112, #2094, #1714 ) ;
#2301 = CARTESIAN_POINT ( 'NONE',  ( -0.6055270602694697857, 34.69062204922364145, 3.000000000000000000 ) ) ;
#2302 = VECTOR ( 'NONE', #1137, 1000.000000000000000 ) ;
#2303 = DIRECTION ( 'NONE',  ( 1.000000000000000000, 0.000000000000000000, 0.000000000000000000 ) ) ;
#2304 =( GEOMETRIC_REPRESENTATION_CONTEXT ( 3 ) GLOBAL_UNCERTAINTY_ASSIGNED_CONTEXT ( ( #975 ) ) GLOBAL_UNIT_ASSIGNED_CONTEXT ( ( #11, #771, #943 ) ) REPRESENTATION_CONTEXT ( 'NONE', 'WORKASPACE' ) );
#2305 = VECTOR ( 'NONE', #1324, 1000.000000000000000 ) ;
#2306 = ORIENTED_EDGE ( 'NONE', *, *, #225, .F. ) ;
#2307 = CARTESIAN_POINT ( 'NONE',  ( 36.25000000000000711, 0.000000000000000000, -4.500000000000000888 ) ) ;
#2308 = CARTESIAN_POINT ( 'NONE',  ( -18.92359983272816493, -30.17216459823936958, -1.365236257744842474 ) ) ;
#2309 = VECTOR ( 'NONE', #1225, 1000.000000000000000 ) ;
#2310 = CARTESIAN_POINT ( 'NONE',  ( -27.66820805226660696, -16.71592299491781475, -6.000000000000000000 ) ) ;
#2311 = VERTEX_POINT ( 'NONE', #498 ) ;
#2312 = EDGE_CURVE ( 'NONE', #2331, #1219, #324, .T. ) ;
#2313 = ORIENTED_EDGE ( 'NONE', *, *, #982, .T. ) ;
#2314 = EDGE_CURVE ( 'NONE', #2431, #425, #298, .T. ) ;
#2315 = CARTESIAN_POINT ( 'NONE',  ( -40.25000000000000711, 4.929203366568097602E-15, -6.000000000000000000 ) ) ;
#2316 = CARTESIAN_POINT ( 'NONE',  ( 35.25000000000000711, 4.623041666781258943E-15, -6.000000000000000000 ) ) ;
#2317 = DIRECTION ( 'NONE',  ( -1.000000000000000000, 0.000000000000000000, 0.000000000000000000 ) ) ;
#2318 = CARTESIAN_POINT ( 'NONE',  ( -9.298845095413195594, -28.27167764889905044, 6.106601717798217699 ) ) ;
#2319 = CARTESIAN_POINT ( 'NONE',  ( -19.50133453379267223, -30.13538775664060765, -1.644789910456254445 ) ) ;
#2320 = CARTESIAN_POINT ( 'NONE',  ( 0.000000000000000000, -1.499999999999999556, 15.29898987322333070 ) ) ;
#2321 = EDGE_LOOP ( 'NONE', ( #815, #201, #1474, #1165 ) ) ;
#2322 = ORIENTED_EDGE ( 'NONE', *, *, #1048, .F. ) ;
#2323 = DIRECTION ( 'NONE',  ( -0.000000000000000000, -0.000000000000000000, -1.000000000000000000 ) ) ;
#2324 = EDGE_CURVE ( 'NONE', #2032, #640, #685, .T. ) ;
#2325 = ORIENTED_EDGE ( 'NONE', *, *, #651, .F. ) ;
#2326 = DIRECTION ( 'NONE',  ( -1.000000000000000000, 0.000000000000000000, 0.000000000000000000 ) ) ;
#2327 = CARTESIAN_POINT ( 'NONE',  ( 0.6444729397305275498, 34.69062204922364145, -0.4466079542673481173 ) ) ;
#2328 = CYLINDRICAL_SURFACE ( 'NONE', #2339, 3.750000000000000000 ) ;
#2329 = CARTESIAN_POINT ( 'NONE',  ( 0.000000000000000000, 0.000000000000000000, -3.000000000000051958 ) ) ;
#2330 = VERTEX_POINT ( 'NONE', #1249 ) ;
#2331 = VERTEX_POINT ( 'NONE', #526 ) ;
#2332 = DIRECTION ( 'NONE',  ( 0.000000000000000000, -0.000000000000000000, -1.000000000000000000 ) ) ;
#2333 = ORIENTED_EDGE ( 'NONE', *, *, #103, .T. ) ;
#2334 = CARTESIAN_POINT ( 'NONE',  ( -15.37224416190041332, -33.93017255227150741, -3.000000000000051958 ) ) ;
#2335 = EDGE_CURVE ( 'NONE', #863, #794, #1400, .T. ) ;
#2336 = CARTESIAN_POINT ( 'NONE',  ( -36.25000000000000711, 4.500576986866523794E-15, -4.500000000000000888 ) ) ;
#2337 = AXIS2_PLACEMENT_3D ( 'NONE', #2173, #443, #1409 ) ;
#2338 = CIRCLE ( 'NONE', #1560, 37.25000000000000711 ) ;
#2339 = AXIS2_PLACEMENT_3D ( 'NONE', #632, #1013, #65 ) ;
#2340 = PLANE ( 'NONE',  #1681 ) ;
#2341 = EDGE_CURVE ( 'NONE', #1785, #821, #282, .T. ) ;
#2342 = CARTESIAN_POINT ( 'NONE',  ( -1.832140714290750427, 34.97094650797128423, -0.7688642487563754901 ) ) ;
#2343 = AXIS2_PLACEMENT_3D ( 'NONE', #1824, #1260, #695 ) ;
#2344 = AXIS2_PLACEMENT_3D ( 'NONE', #1898, #1872, #570 ) ;
#2345 = CARTESIAN_POINT ( 'NONE',  ( -23.71536759798418004, -27.22395709099767913, -1.854881941366367748 ) ) ;
#2346 = AXIS2_PLACEMENT_3D ( 'NONE', #1218, #1148, #1163 ) ;
#2347 = ORIENTED_EDGE ( 'NONE', *, *, #637, .T. ) ;
#2348 = ORIENTED_EDGE ( 'NONE', *, *, #116, .F. ) ;
#2349 = VERTEX_POINT ( 'NONE', #2066 ) ;
#2350 = CYLINDRICAL_SURFACE ( 'NONE', #1036, 37.25000000000000711 ) ;
#2351 = FACE_BOUND ( 'NONE', #2065, .T. ) ;
#2352 = CARTESIAN_POINT ( 'NONE',  ( -37.25000000000000711, 0.000000000000000000, 3.000000000000000000 ) ) ;
#2353 = CYLINDRICAL_SURFACE ( 'NONE', #1408, 3.750000000000000000 ) ;
#2354 = EDGE_CURVE ( 'NONE', #2490, #510, #23, .T. ) ;
#2355 = ORIENTED_EDGE ( 'NONE', *, *, #954, .T. ) ;
#2356 = ORIENTED_EDGE ( 'NONE', *, *, #1901, .T. ) ;
#2357 = ORIENTED_EDGE ( 'NONE', *, *, #198, .T. ) ;
#2358 = VERTEX_POINT ( 'NONE', #882 ) ;
#2359 = ORIENTED_EDGE ( 'NONE', *, *, #32, .F. ) ;
#2360 = CARTESIAN_POINT ( 'NONE',  ( -15.46496482103205494, -31.97106802518275614, 3.000000000000000000 ) ) ;
#2361 = CARTESIAN_POINT ( 'NONE',  ( -1.500000000000001998, 1.858632295689438814E-16, -6.000000000000000000 ) ) ;
#2362 = CARTESIAN_POINT ( 'NONE',  ( -15.46496482103204784, -31.97106802518274904, -1.264987365711163214 ) ) ;
#2363 = FACE_OUTER_BOUND ( 'NONE', #1342, .T. ) ;
#2364 = ORIENTED_EDGE ( 'NONE', *, *, #2341, .F. ) ;
#2365 = EDGE_CURVE ( 'NONE', #1174, #853, #1097, .T. ) ;
#2366 = VERTEX_POINT ( 'NONE', #511 ) ;
#2367 = EDGE_LOOP ( 'NONE', ( #1032, #2084, #577, #549 ) ) ;
#2368 = ADVANCED_FACE ( 'NONE', ( #2429 ), #1855, .F. ) ;
#2369 = ORIENTED_EDGE ( 'NONE', *, *, #2460, .T. ) ;
#2370 = ORIENTED_EDGE ( 'NONE', *, *, #2427, .T. ) ;
#2371 = DIRECTION ( 'NONE',  ( -1.000000000000000000, 0.000000000000000000, 0.000000000000000000 ) ) ;
#2372 = LINE ( 'NONE', #1176, #1679 ) ;
#2373 = LINE ( 'NONE', #644, #1794 ) ;
#2374 = CARTESIAN_POINT ( 'NONE',  ( 4.124636420181582608, 35.86850811507654413, -1.854881941366365972 ) ) ;
#2375 = CIRCLE ( 'NONE', #129, 3.750000000000000000 ) ;
#2376 = CARTESIAN_POINT ( 'NONE',  ( -6.372327165545662808, 36.70134019203856468, -3.000000000000051514 ) ) ;
#2377 = CARTESIAN_POINT ( 'NONE',  ( -15.50000000000000000, 0.000000000000000000, 15.29898987322333070 ) ) ;
#2378 = VECTOR ( 'NONE', #63, 1000.000000000000114 ) ;
#2379 = CIRCLE ( 'NONE', #2346, 34.24999999999997868 ) ;
#2380 = ORIENTED_EDGE ( 'NONE', *, *, #413, .T. ) ;
#2381 = VERTEX_POINT ( 'NONE', #150 ) ;
#2382 = AXIS2_PLACEMENT_3D ( 'NONE', #1903, #939, #752 ) ;
#2383 = ORIENTED_EDGE ( 'NONE', *, *, #2168, .F. ) ;
#2384 = EDGE_CURVE ( 'NONE', #1221, #2486, #1160, .T. ) ;
#2385 = CARTESIAN_POINT ( 'NONE',  ( 23.63066264877081935, 16.48239126328874704, -4.500000000000000888 ) ) ;
#2386 = DIRECTION ( 'NONE',  ( -0.000000000000000000, -0.000000000000000000, -1.000000000000000000 ) ) ;
#2387 = DIRECTION ( 'NONE',  ( -0.000000000000000000, -0.000000000000000000, -1.000000000000000000 ) ) ;
#2388 = DIRECTION ( 'NONE',  ( 1.000000000000000000, 0.000000000000000000, 0.000000000000000000 ) ) ;
#2389 = CARTESIAN_POINT ( 'NONE',  ( -5.765782654844244348, 36.49104804156205972, -2.693662599675285207 ) ) ;
#2390 = DIRECTION ( 'NONE',  ( -0.000000000000000000, -0.000000000000000000, -1.000000000000000000 ) ) ;
#2391 = ORIENTED_EDGE ( 'NONE', *, *, #215, .F. ) ;
#2392 = VERTEX_POINT ( 'NONE', #2205 ) ;
#2393 = ORIENTED_EDGE ( 'NONE', *, *, #1151, .F. ) ;
#2394 = DIRECTION ( 'NONE',  ( -0.000000000000000000, -0.000000000000000000, -1.000000000000000000 ) ) ;
#2395 = EDGE_CURVE ( 'NONE', #627, #341, #1119, .T. ) ;
#2396 = B_SPLINE_CURVE_WITH_KNOTS ( 'NONE', 3,
 ( #2223, #844, #1441, #303, #2197, #1428, #1998, #653, #1050, #1602 ),
 .UNSPECIFIED., .F., .F.,
 ( 4, 2, 2, 2, 4 ),
 ( 2.426500104831987031E-05, 0.0005457498939235307881, 0.001067234786798741848, 0.001588719679673952908, 0.002110204572549163535 ),
 .UNSPECIFIED. ) ;
#2397 = DIRECTION ( 'NONE',  ( 1.000000000000000000, 0.000000000000000000, 0.000000000000000000 ) ) ;
#2398 = LINE ( 'NONE', #317, #957 ) ;
#2399 = DIRECTION ( 'NONE',  ( 1.000000000000000000, 0.000000000000000000, 0.000000000000000000 ) ) ;
#2400 = CARTESIAN_POINT ( 'NONE',  ( -18.12742429218751994, -29.66293569604443547, -0.5133894940124376083 ) ) ;
#2401 = ORIENTED_EDGE ( 'NONE', *, *, #1544, .F. ) ;
#2402 = LINE ( 'NONE', #670, #1281 ) ;
#2403 = VERTEX_POINT ( 'NONE', #1659 ) ;
#2404 = EDGE_LOOP ( 'NONE', ( #1971, #1937 ) ) ;
#2405 = CARTESIAN_POINT ( 'NONE',  ( -1.500000000000001998, 1.858632295689438814E-16, -4.499999999999999112 ) ) ;
#2406 = CARTESIAN_POINT ( 'NONE',  ( 0.000000000000000000, 0.000000000000000000, -3.500000000000000444 ) ) ;
#2407 = ADVANCED_FACE ( 'NONE', ( #904 ), #2439, .F. ) ;
#2408 = DIRECTION ( 'NONE',  ( -0.000000000000000000, -0.000000000000000000, -1.000000000000000000 ) ) ;
#2409 = DIRECTION ( 'NONE',  ( 0.000000000000000000, 0.000000000000000000, -1.000000000000000000 ) ) ;
#2410 = AXIS2_PLACEMENT_3D ( 'NONE', #2240, #1632, #2018 ) ;
#2411 = EDGE_CURVE ( 'NONE', #1854, #1321, #2402, .T. ) ;
#2412 = PLANE ( 'NONE',  #2410 ) ;
#2413 = SURFACE_STYLE_USAGE ( .BOTH. , #2216 ) ;
#2414 = EDGE_LOOP ( 'NONE', ( #1775, #109 ) ) ;
#2415 = CARTESIAN_POINT ( 'NONE',  ( -29.16892106095507842, -0.8226798546850792038, -4.500000000000000888 ) ) ;
#2416 = AXIS2_PLACEMENT_3D ( 'NONE', #492, #515, #2433 ) ;
#2417 = VERTEX_POINT ( 'NONE', #488 ) ;
#2418 = CIRCLE ( 'NONE', #1968, 3.749999999999996447 ) ;
#2419 = VERTEX_POINT ( 'NONE', #2021 ) ;
#2420 = LINE ( 'NONE', #673, #1562 ) ;
#2421 = AXIS2_PLACEMENT_3D ( 'NONE', #386, #2466, #579 ) ;
#2422 = LINE ( 'NONE', #1457, #1642 ) ;
#2423 = CARTESIAN_POINT ( 'NONE',  ( 6.623870973544712548, 26.87862050032322259, -6.000000000000000000 ) ) ;
#2424 = DIRECTION ( 'NONE',  ( -0.000000000000000000, -0.000000000000000000, -1.000000000000000000 ) ) ;
#2425 = CARTESIAN_POINT ( 'NONE',  ( 0.000000000000000000, 0.000000000000000000, -6.000000000000000000 ) ) ;
#2426 =( LENGTH_UNIT ( ) NAMED_UNIT ( * ) SI_UNIT ( .MILLI., .METRE. ) );
#2427 = EDGE_CURVE ( 'NONE', #179, #956, #2220, .T. ) ;
#2428 = EDGE_LOOP ( 'NONE', ( #1622, #2313, #153, #1958 ) ) ;
#2429 = FACE_OUTER_BOUND ( 'NONE', #1786, .T. ) ;
#2430 = ORIENTED_EDGE ( 'NONE', *, *, #1451, .F. ) ;
#2431 = VERTEX_POINT ( 'NONE', #1529 ) ;
#2432 = CARTESIAN_POINT ( 'NONE',  ( -15.50000000000000000, 1.500000000000001332, -4.500000000000000888 ) ) ;
#2433 = DIRECTION ( 'NONE',  ( -1.000000000000000000, 0.000000000000000000, 0.000000000000000000 ) ) ;
#2434 = CYLINDRICAL_SURFACE ( 'NONE', #322, 3.749999999999996447 ) ;
#2435 = DIRECTION ( 'NONE',  ( 0.000000000000000000, 0.000000000000000000, -1.000000000000000000 ) ) ;
#2436 = FACE_OUTER_BOUND ( 'NONE', #1696, .T. ) ;
#2437 = CARTESIAN_POINT ( 'NONE',  ( -18.40419863248186871, -29.94418586867853094, -0.8977946141819350689 ) ) ;
#2438 = VERTEX_POINT ( 'NONE', #2479 ) ;
#2439 = CYLINDRICAL_SURFACE ( 'NONE', #1240, 3.750000000000000000 ) ;
#2440 = ORIENTED_EDGE ( 'NONE', *, *, #870, .F. ) ;
#2441 = EDGE_CURVE ( 'NONE', #452, #618, #161, .T. ) ;
#2442 = ORIENTED_EDGE ( 'NONE', *, *, #1612, .F. ) ;
#2443 = LINE ( 'NONE', #1478, #2302 ) ;
#2444 = LINE ( 'NONE', #909, #481 ) ;
#2445 = DIRECTION ( 'NONE',  ( -0.000000000000000000, -0.000000000000000000, -1.000000000000000000 ) ) ;
#2446 = ORIENTED_EDGE ( 'NONE', *, *, #1433, .T. ) ;
#2447 = EDGE_CURVE ( 'NONE', #1994, #73, #44, .T. ) ;
#2448 = DIRECTION ( 'NONE',  ( 1.000000000000000000, 0.000000000000000000, 0.000000000000000000 ) ) ;
#2449 = PLANE ( 'NONE',  #1285 ) ;
#2450 = ORIENTED_EDGE ( 'NONE', *, *, #1766, .T. ) ;
#2451 = DIRECTION ( 'NONE',  ( -0.000000000000000000, -0.000000000000000000, -1.000000000000000000 ) ) ;
#2452 = ORIENTED_EDGE ( 'NONE', *, *, #974, .F. ) ;
#2453 = AXIS2_PLACEMENT_3D ( 'NONE', #1735, #20, #1877 ) ;
#2454 = VECTOR ( 'NONE', #252, 1000.000000000000000 ) ;
#2455 = CIRCLE ( 'NONE', #2095, 40.25000000000000711 ) ;
#2456 = ORIENTED_EDGE ( 'NONE', *, *, #1997, .F. ) ;
#2457 = CARTESIAN_POINT ( 'NONE',  ( 24.13440909899063058, -15.73555643816601446, 6.106601717798217699 ) ) ;
#2458 = CIRCLE ( 'NONE', #164, 39.25000000000000711 ) ;
#2459 = CIRCLE ( 'NONE', #724, 39.25000000000000711 ) ;
#2460 = EDGE_CURVE ( 'NONE', #271, #2124, #1515, .T. ) ;
#2461 = STYLED_ITEM ( 'NONE', ( #509 ), #1367 ) ;
#2462 = CARTESIAN_POINT ( 'NONE',  ( -20.39995398319564401, -28.82427653998392714, -1.062790271369999040 ) ) ;
#2463 = DIRECTION ( 'NONE',  ( -1.000000000000000000, 0.000000000000000000, 0.000000000000000000 ) ) ;
#2464 = EDGE_LOOP ( 'NONE', ( #1180, #249 ) ) ;
#2465 = LINE ( 'NONE', #1708, #1439 ) ;
#2466 = DIRECTION ( 'NONE',  ( 0.000000000000000000, -0.000000000000000000, -1.000000000000000000 ) ) ;
#2467 = FACE_OUTER_BOUND ( 'NONE', #714, .T. ) ;
#2468 = EDGE_LOOP ( 'NONE', ( #866, #1564 ) ) ;
#2469 = VERTEX_POINT ( 'NONE', #376 ) ;
#2470 = CARTESIAN_POINT ( 'NONE',  ( 36.25000000000000711, 0.000000000000000000, -3.500000000000000444 ) ) ;
#2471 = FACE_OUTER_BOUND ( 'NONE', #2131, .T. ) ;
#2472 = CARTESIAN_POINT ( 'NONE',  ( -19.86035874040218374, -27.90391819624134939, 0.000000000000000000 ) ) ;
#2473 = ADVANCED_FACE ( 'NONE', ( #2467 ), #1724, .F. ) ;
#2474 = LINE ( 'NONE', #596, #212 ) ;
#2475 = ORIENTED_EDGE ( 'NONE', *, *, #1965, .T. ) ;
#2476 = CARTESIAN_POINT ( 'NONE',  ( -15.95956646628074083, -33.01929543677265855, -2.423991232650303029 ) ) ;
#2477 = ADVANCED_FACE ( 'NONE', ( #580 ), #1907, .T. ) ;
#2478 = CARTESIAN_POINT ( 'NONE',  ( 5.265849194381778453, 36.87591805314179538, 3.000000000000000000 ) ) ;
#2479 = CARTESIAN_POINT ( 'NONE',  ( -15.50000000000000000, -15.50000000000000000, -4.499999999999999112 ) ) ;
#2480 = EDGE_LOOP ( 'NONE', ( #2012, #1413, #1771, #187, #1070 ) ) ;
#2481 = VERTEX_POINT ( 'NONE', #2310 ) ;
#2482 = CARTESIAN_POINT ( 'NONE',  ( 0.000000000000000000, 1.499999999999998668, -6.000000000000000000 ) ) ;
#2483 = CARTESIAN_POINT ( 'NONE',  ( 6.623870973544712548, 26.87862050032322259, -4.500000000000000888 ) ) ;
#2484 = CARTESIAN_POINT ( 'NONE',  ( -19.14995398319505782, -28.93242443391688568, 3.000000000000000000 ) ) ;
#2485 = EDGE_CURVE ( 'NONE', #1984, #311, #1759, .T. ) ;
#2486 = VERTEX_POINT ( 'NONE', #1494 ) ;
#2487 = LINE ( 'NONE', #188, #2092 ) ;
#2488 = CARTESIAN_POINT ( 'NONE',  ( 0.000000000000000000, 0.000000000000000000, -4.500000000000000888 ) ) ;
#2489 = CARTESIAN_POINT ( 'NONE',  ( 0.000000000000000000, -15.50000000000000000, 15.29898987322333070 ) ) ;
#2490 = VERTEX_POINT ( 'NONE', #2077 ) ;
#2491 = ORIENTED_EDGE ( 'NONE', *, *, #1418, .T. ) ;
#2492 = AXIS2_PLACEMENT_3D ( 'NONE', #1770, #58, #1608 ) ;
#2493 = CARTESIAN_POINT ( 'NONE',  ( 0.6444729397305274388, 34.69062204922364145, 3.000000000000000000 ) ) ;
#2494 = CARTESIAN_POINT ( 'NONE',  ( -5.548845095413196482, -28.27167764889905044, 6.106601717798217699 ) ) ;
#2495 = VECTOR ( 'NONE', #1546, 1000.000000000000000 ) ;
ENDSEC;
END-ISO-10303-21;
