ISO-10303-21;
HEADER;
FILE_DESCRIPTION (( 'STEP AP214' ),
    '1' );
FILE_NAME ('JK-RTF-03-01-01 USB-C Block.STEP',
    '2026-08-23T00:18:11',
    ( '' ),
    ( '' ),
    'SwSTEP 2.0',
    'SolidWorks 2025',
    '' );
FILE_SCHEMA (( 'AUTOMOTIVE_DESIGN' ));
ENDSEC;

DATA;
#1 = ORIENTED_EDGE ( 'NONE', *, *, #2293, .F. ) ;
#2 = DIRECTION ( 'NONE',  ( -1.000000000000000000, 0.000000000000000000, -5.421010862427522170E-16 ) ) ;
#3 = EDGE_LOOP ( 'NONE', ( #64, #2267, #451, #606 ) ) ;
#4 = EDGE_CURVE ( 'NONE', #932, #221, #983, .T. ) ;
#5 = DIRECTION ( 'NONE',  ( 1.000000000000000000, -0.000000000000000000, -0.000000000000000000 ) ) ;
#6 = DIRECTION ( 'NONE',  ( -1.000000000000000000, 0.000000000000000000, 0.000000000000000000 ) ) ;
#7 =( LENGTH_UNIT ( ) NAMED_UNIT ( * ) SI_UNIT ( .MILLI., .METRE. ) );
#8 = VERTEX_POINT ( 'NONE', #1293 ) ;
#9 = CARTESIAN_POINT ( 'NONE',  ( -1.500000000000005773, 4.550000000000015810, -0.6415698639892766231 ) ) ;
#10 = DIRECTION ( 'NONE',  ( -1.000000000000000000, -5.734623061080354406E-16, -0.000000000000000000 ) ) ;
#11 = VECTOR ( 'NONE', #2093, 1000.000000000000000 ) ;
#12 = EDGE_CURVE ( 'NONE', #1623, #299, #2120, .T. ) ;
#13 = CARTESIAN_POINT ( 'NONE',  ( -6.000000000000002665, 2.000000000000000000, -3.050000000000001599 ) ) ;
#14 = ORIENTED_EDGE ( 'NONE', *, *, #201, .F. ) ;
#15 = LINE ( 'NONE', #573, #838 ) ;
#16 = ORIENTED_EDGE ( 'NONE', *, *, #88, .T. ) ;
#17 = ADVANCED_FACE ( 'NONE', ( #1721 ), #38, .T. ) ;
#18 = LINE ( 'NONE', #398, #159 ) ;
#19 = VERTEX_POINT ( 'NONE', #433 ) ;
#20 = CARTESIAN_POINT ( 'NONE',  ( -7.000000000000000000, 7.300000000000002487, -5.250000000000000888 ) ) ;
#21 = CARTESIAN_POINT ( 'NONE',  ( -13.60000000000000142, -4.817949192431123073, -3.050000000000001599 ) ) ;
#22 = EDGE_CURVE ( 'NONE', #2082, #2179, #1254, .T. ) ;
#23 = CARTESIAN_POINT ( 'NONE',  ( -13.60000000000000142, -6.249999999999997335, 9.250000000000003553 ) ) ;
#24 = VERTEX_POINT ( 'NONE', #1173 ) ;
#25 = DIRECTION ( 'NONE',  ( 1.579608511798399255E-15, 0.000000000000000000, 1.000000000000000000 ) ) ;
#26 = ORIENTED_EDGE ( 'NONE', *, *, #1298, .F. ) ;
#27 = VECTOR ( 'NONE', #475, 1000.000000000000000 ) ;
#28 = EDGE_LOOP ( 'NONE', ( #552, #510, #26, #1367 ) ) ;
#29 = LINE ( 'NONE', #860, #397 ) ;
#30 = ORIENTED_EDGE ( 'NONE', *, *, #889, .T. ) ;
#31 = VECTOR ( 'NONE', #2060, 1000.000000000000000 ) ;
#32 = LINE ( 'NONE', #589, #2033 ) ;
#33 = ADVANCED_FACE ( 'NONE', ( #1003 ), #1852, .F. ) ;
#34 = DIRECTION ( 'NONE',  ( 0.000000000000000000, 0.000000000000000000, -1.000000000000000000 ) ) ;
#35 = DIRECTION ( 'NONE',  ( 0.000000000000000000, 3.589083053745117718E-16, 1.000000000000000000 ) ) ;
#36 = ORIENTED_EDGE ( 'NONE', *, *, #1583, .F. ) ;
#37 = EDGE_CURVE ( 'NONE', #783, #2427, #48, .T. ) ;
#38 = CYLINDRICAL_SURFACE ( 'NONE', #621, 1.000000000000000888 ) ;
#39 = ORIENTED_EDGE ( 'NONE', *, *, #1491, .T. ) ;
#40 = AXIS2_PLACEMENT_3D ( 'NONE', #707, #2183, #1985 ) ;
#41 = PLANE ( 'NONE',  #2108 ) ;
#42 = DIRECTION ( 'NONE',  ( 1.000000000000000000, 0.000000000000000000, 0.000000000000000000 ) ) ;
#43 = EDGE_CURVE ( 'NONE', #179, #2130, #73, .T. ) ;
#44 = LINE ( 'NONE', #1696, #226 ) ;
#45 = DIRECTION ( 'NONE',  ( 0.000000000000000000, -1.000000000000000000, 0.000000000000000000 ) ) ;
#46 = DIRECTION ( 'NONE',  ( 1.000000000000000000, -0.000000000000000000, -0.000000000000000000 ) ) ;
#47 = EDGE_LOOP ( 'NONE', ( #1466, #2096, #94, #216 ) ) ;
#48 = LINE ( 'NONE', #804, #2197 ) ;
#49 = VECTOR ( 'NONE', #973, 1000.000000000000000 ) ;
#50 = ORIENTED_EDGE ( 'NONE', *, *, #1066, .T. ) ;
#51 = DIRECTION ( 'NONE',  ( 0.000000000000000000, 1.000000000000000000, -2.775557561562891351E-16 ) ) ;
#52 = DIRECTION ( 'NONE',  ( -1.000000000000000000, 0.000000000000000000, 0.000000000000000000 ) ) ;
#53 = CARTESIAN_POINT ( 'NONE',  ( -12.59999999999999964, -6.550000000000000711, -3.750000000000001776 ) ) ;
#54 = FACE_OUTER_BOUND ( 'NONE', #1911, .T. ) ;
#55 = ADVANCED_FACE ( 'NONE', ( #655 ), #1430, .F. ) ;
#56 = CARTESIAN_POINT ( 'NONE',  ( 0.4999999999999917843, 5.000000000000000888, 2.545000000000044338 ) ) ;
#57 = CARTESIAN_POINT ( 'NONE',  ( 2.000000000000000000, -5.000000000000000000, 5.249999999999997335 ) ) ;
#58 = ORIENTED_EDGE ( 'NONE', *, *, #1546, .T. ) ;
#59 = CARTESIAN_POINT ( 'NONE',  ( -12.59999999999999964, 6.550000000000001599, 0.000000000000000000 ) ) ;
#60 = ORIENTED_EDGE ( 'NONE', *, *, #318, .T. ) ;
#61 = DIRECTION ( 'NONE',  ( -1.000000000000000000, -8.673617379884027583E-16, 0.000000000000000000 ) ) ;
#62 = DIRECTION ( 'NONE',  ( 1.000000000000000000, -0.000000000000000000, -0.000000000000000000 ) ) ;
#63 = DIRECTION ( 'NONE',  ( -0.000000000000000000, -0.000000000000000000, -1.000000000000000000 ) ) ;
#64 = ORIENTED_EDGE ( 'NONE', *, *, #1298, .T. ) ;
#65 = EDGE_LOOP ( 'NONE', ( #728, #1814, #893, #2419 ) ) ;
#66 = CIRCLE ( 'NONE', #189, 1.479999999999955351 ) ;
#67 = ADVANCED_FACE ( 'NONE', ( #630 ), #1601, .T. ) ;
#68 = CARTESIAN_POINT ( 'NONE',  ( -2.499635819422779459, -5.549999999999995381, -0.5123218556464972373 ) ) ;
#69 = AXIS2_PLACEMENT_3D ( 'NONE', #856, #1783, #1065 ) ;
#70 = CARTESIAN_POINT ( 'NONE',  ( -13.60000000000000142, -4.817949192431123073, -3.050000000000001599 ) ) ;
#71 = CARTESIAN_POINT ( 'NONE',  ( -1.500000000000004663, 4.550000000000001599, 5.249999999999999112 ) ) ;
#72 = VERTEX_POINT ( 'NONE', #86 ) ;
#73 = LINE ( 'NONE', #1041, #507 ) ;
#74 = EDGE_CURVE ( 'NONE', #649, #1957, #1757, .T. ) ;
#75 = VERTEX_POINT ( 'NONE', #458 ) ;
#76 = DIRECTION ( 'NONE',  ( 0.000000000000000000, -1.000000000000000000, -8.673617379884036705E-17 ) ) ;
#77 = FACE_OUTER_BOUND ( 'NONE', #1469, .T. ) ;
#78 = DIRECTION ( 'NONE',  ( -4.336808689942017736E-16, 1.000000000000000000, 0.000000000000000000 ) ) ;
#79 = ORIENTED_EDGE ( 'NONE', *, *, #532, .T. ) ;
#80 = CARTESIAN_POINT ( 'NONE',  ( -7.000000000000000000, -6.250000000000000000, -5.249999999999998224 ) ) ;
#81 = EDGE_CURVE ( 'NONE', #264, #1581, #269, .T. ) ;
#82 = CARTESIAN_POINT ( 'NONE',  ( 0.000000000000000000, -6.250000000000000000, -5.250000000000001776 ) ) ;
#83 = FACE_OUTER_BOUND ( 'NONE', #542, .T. ) ;
#84 = EDGE_LOOP ( 'NONE', ( #2042, #133, #1488, #1941 ) ) ;
#85 = VECTOR ( 'NONE', #1739, 1000.000000000000000 ) ;
#86 = CARTESIAN_POINT ( 'NONE',  ( 0.000000000000000000, -5.550000000000001599, 9.249999999999998224 ) ) ;
#87 = ORIENTED_EDGE ( 'NONE', *, *, #1868, .T. ) ;
#88 = EDGE_CURVE ( 'NONE', #1964, #2335, #1206, .T. ) ;
#89 = CARTESIAN_POINT ( 'NONE',  ( -13.60000000000000497, 3.200010000000032662, -0.03500000000004562656 ) ) ;
#90 = AXIS2_PLACEMENT_3D ( 'NONE', #1648, #527, #2223 ) ;
#91 = PLANE ( 'NONE',  #1977 ) ;
#92 = LINE ( 'NONE', #2341, #696 ) ;
#93 = EDGE_LOOP ( 'NONE', ( #1312, #1108, #2288, #670 ) ) ;
#94 = ORIENTED_EDGE ( 'NONE', *, *, #1772, .F. ) ;
#95 = ADVANCED_FACE ( 'NONE', ( #1574 ), #844, .F. ) ;
#96 = LINE ( 'NONE', #2152, #617 ) ;
#97 = CARTESIAN_POINT ( 'NONE',  ( -1.500000000000003109, 3.200010000000061972, 2.044999999999954188 ) ) ;
#98 = CIRCLE ( 'NONE', #1667, 1.000000000000000000 ) ;
#99 = EDGE_LOOP ( 'NONE', ( #737, #2291, #779, #314, #1866, #1971, #432, #385, #322, #1462 ) ) ;
#100 = DIRECTION ( 'NONE',  ( -0.000000000000000000, -8.260587980841938780E-17, 1.000000000000000000 ) ) ;
#101 = ORIENTED_EDGE ( 'NONE', *, *, #2144, .F. ) ;
#102 = DIRECTION ( 'NONE',  ( -4.518416723881440032E-31, 1.445602896647330634E-15, -1.000000000000000000 ) ) ;
#103 = DIRECTION ( 'NONE',  ( -1.000000000000000000, 0.000000000000000000, 0.000000000000000000 ) ) ;
#104 = DIRECTION ( 'NONE',  ( 0.000000000000000000, 1.000000000000000000, -3.589083053745117718E-16 ) ) ;
#105 = VECTOR ( 'NONE', #1520, 1000.000000000000000 ) ;
#106 = CARTESIAN_POINT ( 'NONE',  ( -2.499106128123771864, -5.549999999999995381, -0.4710431489383731796 ) ) ;
#107 = EDGE_CURVE ( 'NONE', #1067, #1482, #1406, .T. ) ;
#108 = VECTOR ( 'NONE', #1992, 1000.000000000000000 ) ;
#109 = LINE ( 'NONE', #1215, #108 ) ;
#110 = AXIS2_PLACEMENT_3D ( 'NONE', #1967, #1776, #1815 ) ;
#111 = ORIENTED_EDGE ( 'NONE', *, *, #12, .F. ) ;
#112 = CARTESIAN_POINT ( 'NONE',  ( -1.500000000000005773, 4.550000000000001599, 1.171569863989342597 ) ) ;
#113 = ADVANCED_FACE ( 'NONE', ( #1959 ), #124, .F. ) ;
#114 = ORIENTED_EDGE ( 'NONE', *, *, #372, .F. ) ;
#115 = AXIS2_PLACEMENT_3D ( 'NONE', #320, #1467, #2219 ) ;
#116 = DIRECTION ( 'NONE',  ( 0.000000000000000000, 1.000000000000000000, -3.589083053745118704E-16 ) ) ;
#117 = FACE_OUTER_BOUND ( 'NONE', #1317, .T. ) ;
#118 = DIRECTION ( 'NONE',  ( 0.000000000000000000, 0.000000000000000000, -1.000000000000000000 ) ) ;
#119 = ORIENTED_EDGE ( 'NONE', *, *, #1043, .F. ) ;
#120 = LINE ( 'NONE', #2007, #949 ) ;
#121 = EDGE_CURVE ( 'NONE', #1503, #649, #1329, .T. ) ;
#122 = DIRECTION ( 'NONE',  ( -0.000000000000000000, 1.000000000000000000, 8.673617379884036705E-17 ) ) ;
#123 = ORIENTED_EDGE ( 'NONE', *, *, #1832, .T. ) ;
#124 = CYLINDRICAL_SURFACE ( 'NONE', #2079, 0.5000000000000000000 ) ;
#125 = VERTEX_POINT ( 'NONE', #644 ) ;
#126 = DIRECTION ( 'NONE',  ( 1.000000000000000000, 0.000000000000000000, 0.000000000000000000 ) ) ;
#127 = FACE_OUTER_BOUND ( 'NONE', #1237, .T. ) ;
#128 = CARTESIAN_POINT ( 'NONE',  ( -13.60000000000000142, 6.550000000000001599, -2.050000000000001599 ) ) ;
#129 = VERTEX_POINT ( 'NONE', #2131 ) ;
#130 = CARTESIAN_POINT ( 'NONE',  ( -7.000000000000000000, -6.250000000000002665, -5.249999999999998224 ) ) ;
#131 = CARTESIAN_POINT ( 'NONE',  ( -2.500000000000007550, 4.550000000000001599, -3.750000000000001776 ) ) ;
#132 = DIRECTION ( 'NONE',  ( 0.000000000000000000, 1.000000000000000000, 1.359501156721635768E-16 ) ) ;
#133 = ORIENTED_EDGE ( 'NONE', *, *, #1583, .T. ) ;
#134 = EDGE_CURVE ( 'NONE', #849, #2094, #496, .T. ) ;
#135 = CARTESIAN_POINT ( 'NONE',  ( 2.000000000000000000, -4.999999999999998224, -5.250000000000001776 ) ) ;
#136 = EDGE_LOOP ( 'NONE', ( #855, #101, #1754, #2415 ) ) ;
#137 = ADVANCED_FACE ( 'NONE', ( #1612 ), #1391, .F. ) ;
#138 = DIRECTION ( 'NONE',  ( 1.000000000000000000, -0.000000000000000000, -0.000000000000000000 ) ) ;
#139 = DIRECTION ( 'NONE',  ( -0.000000000000000000, -0.000000000000000000, -1.000000000000000000 ) ) ;
#140 = DIRECTION ( 'NONE',  ( -0.000000000000000000, 1.000000000000000000, 1.652117596168388002E-16 ) ) ;
#141 = ORIENTED_EDGE ( 'NONE', *, *, #1995, .T. ) ;
#142 = DIRECTION ( 'NONE',  ( 1.000000000000000000, 0.000000000000000000, 0.000000000000000000 ) ) ;
#143 = EDGE_CURVE ( 'NONE', #1193, #1190, #2362, .T. ) ;
#144 = AXIS2_PLACEMENT_3D ( 'NONE', #1113, #140, #2211 ) ;
#145 = CARTESIAN_POINT ( 'NONE',  ( -5.500000000000003553, -2.500000000000000000, -3.050000000000001599 ) ) ;
#146 = AXIS2_PLACEMENT_3D ( 'NONE', #1585, #642, #2191 ) ;
#147 = VERTEX_POINT ( 'NONE', #360 ) ;
#148 = LINE ( 'NONE', #2023, #2431 ) ;
#149 = ORIENTED_EDGE ( 'NONE', *, *, #121, .F. ) ;
#150 = DIRECTION ( 'NONE',  ( 0.000000000000000000, 1.000000000000000000, 0.000000000000000000 ) ) ;
#151 = DIRECTION ( 'NONE',  ( 0.000000000000000000, -1.000000000000000000, 0.000000000000000000 ) ) ;
#152 = PLANE ( 'NONE',  #144 ) ;
#153 = ORIENTED_EDGE ( 'NONE', *, *, #790, .F. ) ;
#154 = DIRECTION ( 'NONE',  ( -0.000000000000000000, -0.000000000000000000, -1.000000000000000000 ) ) ;
#155 = CARTESIAN_POINT ( 'NONE',  ( -1.500000000000004885, 5.550000000000001599, -2.050000000000001599 ) ) ;
#156 = ADVANCED_FACE ( 'NONE', ( #717 ), #1687, .F. ) ;
#157 = SURFACE_STYLE_USAGE ( .BOTH. , #343 ) ;
#158 = ORIENTED_EDGE ( 'NONE', *, *, #1571, .T. ) ;
#159 = VECTOR ( 'NONE', #1712, 1000.000000000000000 ) ;
#160 = CARTESIAN_POINT ( 'NONE',  ( -3.500000000000000000, 7.300000000000002487, 9.250000000000000000 ) ) ;
#161 = EDGE_LOOP ( 'NONE', ( #1486, #1151, #2220, #1515 ) ) ;
#162 = CARTESIAN_POINT ( 'NONE',  ( -7.000000000000000000, 7.300000000000002487, -5.250000000000000888 ) ) ;
#163 = DIRECTION ( 'NONE',  ( -3.125627884642896527E-16, 1.000000000000000000, 0.000000000000000000 ) ) ;
#164 = CARTESIAN_POINT ( 'NONE',  ( -2.493932693848035065, -5.549999999999996270, 0.7516397040360676129 ) ) ;
#165 = VERTEX_POINT ( 'NONE', #173 ) ;
#166 = EDGE_CURVE ( 'NONE', #817, #1964, #894, .T. ) ;
#167 = ORIENTED_EDGE ( 'NONE', *, *, #537, .F. ) ;
#168 = LINE ( 'NONE', #1106, #425 ) ;
#169 = CIRCLE ( 'NONE', #1230, 0.5000000000000000000 ) ;
#170 = DIRECTION ( 'NONE',  ( 0.000000000000000000, -0.000000000000000000, -1.000000000000000000 ) ) ;
#171 = AXIS2_PLACEMENT_3D ( 'NONE', #1311, #2065, #1508 ) ;
#172 = ORIENTED_EDGE ( 'NONE', *, *, #1318, .T. ) ;
#173 = CARTESIAN_POINT ( 'NONE',  ( -3.500000000000002665, -2.500000000000000000, -3.750000000000001776 ) ) ;
#174 = ORIENTED_EDGE ( 'NONE', *, *, #1887, .F. ) ;
#175 = CARTESIAN_POINT ( 'NONE',  ( -1.563274825582372962, -5.549999999999917222, -0.4400562773257606364 ) ) ;
#176 = DIRECTION ( 'NONE',  ( 1.000000000000000000, -0.000000000000000000, -0.000000000000000000 ) ) ;
#177 = CARTESIAN_POINT ( 'NONE',  ( -1.563291770440668582, -5.550000000000622435, 0.9700148106755938082 ) ) ;
#178 = VECTOR ( 'NONE', #1811, 1000.000000000000000 ) ;
#179 = VERTEX_POINT ( 'NONE', #551 ) ;
#180 = ORIENTED_EDGE ( 'NONE', *, *, #2092, .F. ) ;
#181 = CARTESIAN_POINT ( 'NONE',  ( -2.500000000000007550, 4.550000000000001599, -2.050000000000001599 ) ) ;
#182 = LINE ( 'NONE', #155, #509 ) ;
#183 = CARTESIAN_POINT ( 'NONE',  ( 0.000000000000000000, -5.550000000000001599, 1.680686340485048724 ) ) ;
#184 = EDGE_CURVE ( 'NONE', #447, #2126, #934, .T. ) ;
#185 = VECTOR ( 'NONE', #1616, 1000.000000000000000 ) ;
#186 = ORIENTED_EDGE ( 'NONE', *, *, #1916, .T. ) ;
#187 = CARTESIAN_POINT ( 'NONE',  ( -2.491512682672300194, 5.550000000000001599, -0.2372097465657287130 ) ) ;
#188 = VERTEX_POINT ( 'NONE', #2062 ) ;
#189 = AXIS2_PLACEMENT_3D ( 'NONE', #1438, #1412, #1035 ) ;
#190 = VECTOR ( 'NONE', #1063, 1000.000000000000000 ) ;
#191 = EDGE_CURVE ( 'NONE', #125, #1855, #148, .T. ) ;
#192 = CARTESIAN_POINT ( 'NONE',  ( -13.60000000000000142, -7.300000000000002487, -5.249999999999998224 ) ) ;
#193 = VECTOR ( 'NONE', #483, 1000.000000000000000 ) ;
#194 = DIRECTION ( 'NONE',  ( -0.000000000000000000, 0.000000000000000000, 1.000000000000000000 ) ) ;
#195 = ORIENTED_EDGE ( 'NONE', *, *, #2052, .F. ) ;
#196 = AXIS2_PLACEMENT_3D ( 'NONE', #131, #1681, #891 ) ;
#197 = CARTESIAN_POINT ( 'NONE',  ( 0.000000000000000000, 3.200010000000040655, 0.5649999999999542055 ) ) ;
#198 = CARTESIAN_POINT ( 'NONE',  ( -3.500000000000000000, -7.300000000000002487, -5.249999999999998224 ) ) ;
#199 = LINE ( 'NONE', #931, #1717 ) ;
#200 = ORIENTED_EDGE ( 'NONE', *, *, #732, .T. ) ;
#201 = EDGE_CURVE ( 'NONE', #1701, #469, #2421, .T. ) ;
#202 = CARTESIAN_POINT ( 'NONE',  ( -3.500000000000002665, 2.500000000000000000, -3.050000000000001599 ) ) ;
#203 = VERTEX_POINT ( 'NONE', #1122 ) ;
#204 = LINE ( 'NONE', #2258, #681 ) ;
#205 = ORIENTED_EDGE ( 'NONE', *, *, #780, .F. ) ;
#206 = CARTESIAN_POINT ( 'NONE',  ( -2.491512682777007104, 5.550000000000001599, -0.2372094032848105494 ) ) ;
#207 = CARTESIAN_POINT ( 'NONE',  ( -13.60000000000000497, 5.550000000000001599, 9.249999999999998224 ) ) ;
#208 = AXIS2_PLACEMENT_3D ( 'NONE', #1766, #243, #480 ) ;
#209 = LINE ( 'NONE', #242, #620 ) ;
#210 = ORIENTED_EDGE ( 'NONE', *, *, #429, .F. ) ;
#211 = CARTESIAN_POINT ( 'NONE',  ( -11.30000000000000071, 0.000000000000000000, 0.000000000000000000 ) ) ;
#212 = VERTEX_POINT ( 'NONE', #1297 ) ;
#213 = DIRECTION ( 'NONE',  ( 6.071532165918780654E-15, 0.000000000000000000, 1.000000000000000000 ) ) ;
#214 = CARTESIAN_POINT ( 'NONE',  ( 0.000000000000000000, 0.000000000000000000, 0.000000000000000000 ) ) ;
#215 = EDGE_CURVE ( 'NONE', #1711, #2327, #564, .T. ) ;
#216 = ORIENTED_EDGE ( 'NONE', *, *, #2350, .F. ) ;
#217 = CARTESIAN_POINT ( 'NONE',  ( 8.572527594031455933E-17, 5.550000000000001599, 5.249999999999999112 ) ) ;
#218 = DIRECTION ( 'NONE',  ( -0.000000000000000000, -0.000000000000000000, -1.000000000000000000 ) ) ;
#219 = EDGE_CURVE ( 'NONE', #439, #1474, #1261, .T. ) ;
#220 = CARTESIAN_POINT ( 'NONE',  ( -2.491512682672298862, 5.550000000000000711, -0.03500000000006505546 ) ) ;
#221 = VERTEX_POINT ( 'NONE', #2195 ) ;
#222 = VECTOR ( 'NONE', #1542, 1000.000000000000000 ) ;
#223 = VECTOR ( 'NONE', #890, 1000.000000000000000 ) ;
#224 = VERTEX_POINT ( 'NONE', #1645 ) ;
#225 = EDGE_LOOP ( 'NONE', ( #748, #616, #2142, #1415 ) ) ;
#226 = VECTOR ( 'NONE', #1326, 1000.000000000000000 ) ;
#227 = PRODUCT_RELATED_PRODUCT_CATEGORY ( 'part', '', ( #1997 ) ) ;
#228 = CARTESIAN_POINT ( 'NONE',  ( -3.000000000000002665, 2.500000000000000000, -3.050000000000001599 ) ) ;
#229 = LINE ( 'NONE', #1164, #1090 ) ;
#230 = CARTESIAN_POINT ( 'NONE',  ( -2.493932693848034177, -4.549999999999996270, 0.5650000000000631184 ) ) ;
#231 = VECTOR ( 'NONE', #1657, 1000.000000000000000 ) ;
#232 = LINE ( 'NONE', #801, #639 ) ;
#233 = DIRECTION ( 'NONE',  ( -0.000000000000000000, 1.000000000000000000, 1.652117596168388002E-16 ) ) ;
#234 = ORIENTED_EDGE ( 'NONE', *, *, #1337, .F. ) ;
#235 = ORIENTED_EDGE ( 'NONE', *, *, #1738, .F. ) ;
#236 = ORIENTED_EDGE ( 'NONE', *, *, #727, .T. ) ;
#237 = FACE_OUTER_BOUND ( 'NONE', #1493, .T. ) ;
#238 = LINE ( 'NONE', #228, #1791 ) ;
#239 = DIRECTION ( 'NONE',  ( 1.000000000000000000, -0.000000000000000000, -0.000000000000000000 ) ) ;
#240 = EDGE_CURVE ( 'NONE', #1403, #352, #373, .T. ) ;
#241 = AXIS2_PLACEMENT_3D ( 'NONE', #214, #1353, #953 ) ;
#242 = CARTESIAN_POINT ( 'NONE',  ( 2.000000000000000000, -5.000000000000000000, 5.249999999999997335 ) ) ;
#243 = DIRECTION ( 'NONE',  ( 1.000000000000000000, -0.000000000000000000, -0.000000000000000000 ) ) ;
#244 = CARTESIAN_POINT ( 'NONE',  ( -2.493932693969156400, -5.549999999999996270, -0.2216908879304310132 ) ) ;
#245 = ORIENTED_EDGE ( 'NONE', *, *, #2140, .F. ) ;
#246 = DIRECTION ( 'NONE',  ( 1.000000000000000000, 0.000000000000000000, 0.000000000000000000 ) ) ;
#247 = ADVANCED_FACE ( 'NONE', ( #1456 ), #2011, .T. ) ;
#248 = ORIENTED_EDGE ( 'NONE', *, *, #22, .F. ) ;
#249 = CARTESIAN_POINT ( 'NONE',  ( 2.000000000000000000, -5.000000000000000000, 4.045000000000045226 ) ) ;
#250 = CARTESIAN_POINT ( 'NONE',  ( 2.000000000000000000, 5.000000000000000000, 5.249999999999999112 ) ) ;
#251 = CARTESIAN_POINT ( 'NONE',  ( -3.500000000000002665, -2.500000000000000000, -3.750000000000001776 ) ) ;
#252 = VERTEX_POINT ( 'NONE', #883 ) ;
#253 = LINE ( 'NONE', #23, #386 ) ;
#254 = ADVANCED_FACE ( 'NONE', ( #1872 ), #536, .F. ) ;
#255 = DIRECTION ( 'NONE',  ( -0.000000000000000000, 1.000000000000000000, -2.376333528735352191E-16 ) ) ;
#256 = VERTEX_POINT ( 'NONE', #1077 ) ;
#257 = CARTESIAN_POINT ( 'NONE',  ( -1.614075595760060988, 5.549999999999831068, 0.7846554774149135936 ) ) ;
#258 = ORIENTED_EDGE ( 'NONE', *, *, #1010, .T. ) ;
#259 = VECTOR ( 'NONE', #413, 1000.000000000000000 ) ;
#260 = EDGE_CURVE ( 'NONE', #668, #588, #1284, .T. ) ;
#261 = FACE_OUTER_BOUND ( 'NONE', #2313, .T. ) ;
#262 = DIRECTION ( 'NONE',  ( 0.000000000000000000, 0.000000000000000000, 1.000000000000000000 ) ) ;
#263 = CARTESIAN_POINT ( 'NONE',  ( 2.000000000000000000, 0.000000000000000000, 0.000000000000000000 ) ) ;
#264 = VERTEX_POINT ( 'NONE', #522 ) ;
#265 = CARTESIAN_POINT ( 'NONE',  ( -2.493932693848033733, -5.549999999999996270, -0.1803579459885886471 ) ) ;
#266 = LINE ( 'NONE', #854, #2038 ) ;
#267 = ORIENTED_EDGE ( 'NONE', *, *, #1221, .T. ) ;
#268 = ADVANCED_FACE ( 'NONE', ( #1634 ), #2385, .F. ) ;
#269 = LINE ( 'NONE', #2351, #193 ) ;
#270 = VERTEX_POINT ( 'NONE', #346 ) ;
#271 = EDGE_CURVE ( 'NONE', #456, #657, #1844, .T. ) ;
#272 = CARTESIAN_POINT ( 'NONE',  ( 0.000000000000000000, -3.179989999999967676, -0.03499999999995672545 ) ) ;
#273 = LINE ( 'NONE', #1210, #800 ) ;
#274 = LINE ( 'NONE', #251, #1912 ) ;
#275 = EDGE_LOOP ( 'NONE', ( #2264, #1613, #619, #631, #1200, #2208, #2300 ) ) ;
#276 = AXIS2_PLACEMENT_3D ( 'NONE', #272, #1381, #1018 ) ;
#277 = CARTESIAN_POINT ( 'NONE',  ( -2.500000000000005773, 5.550000000000001599, 1.062434701112752622 ) ) ;
#278 = DIRECTION ( 'NONE',  ( 0.000000000000000000, 1.000000000000000000, -3.589083053745117718E-16 ) ) ;
#279 = ORIENTED_EDGE ( 'NONE', *, *, #1518, .F. ) ;
#280 = DIRECTION ( 'NONE',  ( -0.000000000000000000, -0.000000000000000000, -1.000000000000000000 ) ) ;
#281 = ORIENTED_EDGE ( 'NONE', *, *, #902, .F. ) ;
#282 = CIRCLE ( 'NONE', #486, 1.000000000000000000 ) ;
#283 = EDGE_CURVE ( 'NONE', #1190, #817, #2408, .T. ) ;
#284 = CARTESIAN_POINT ( 'NONE',  ( -2.500000000000001776, -4.549999999999994493, -2.050000000000001599 ) ) ;
#285 = VECTOR ( 'NONE', #1006, 1000.000000000000000 ) ;
#286 = CARTESIAN_POINT ( 'NONE',  ( 2.000000000000000000, -5.000000000000000000, 5.249999999999997335 ) ) ;
#287 = CARTESIAN_POINT ( 'NONE',  ( 0.000000000000000000, -5.000000000000000000, -2.014999999999952163 ) ) ;
#288 = LINE ( 'NONE', #665, #1563 ) ;
#289 = EDGE_CURVE ( 'NONE', #569, #2132, #1121, .T. ) ;
#290 = LINE ( 'NONE', #1000, #85 ) ;
#291 = CARTESIAN_POINT ( 'NONE',  ( 0.000000000000000000, 0.01001000000005893356, 2.045000000000043894 ) ) ;
#292 = VECTOR ( 'NONE', #1614, 1000.000000000000000 ) ;
#293 = ORIENTED_EDGE ( 'NONE', *, *, #1022, .F. ) ;
#294 = CARTESIAN_POINT ( 'NONE',  ( -1.499999999985638821, 4.680009999890478056, 0.7887922994718719050 ) ) ;
#295 = ORIENTED_EDGE ( 'NONE', *, *, #2144, .T. ) ;
#296 = LINE ( 'NONE', #897, #1869 ) ;
#297 = CARTESIAN_POINT ( 'NONE',  ( -13.60000000000000142, -7.300000000000002487, -5.249999999999998224 ) ) ;
#298 = CARTESIAN_POINT ( 'NONE',  ( 2.000000000000000000, 5.000000000000000000, 5.249999999999999112 ) ) ;
#299 = VERTEX_POINT ( 'NONE', #2233 ) ;
#300 = EDGE_CURVE ( 'NONE', #654, #147, #428, .T. ) ;
#301 = CIRCLE ( 'NONE', #1596, 1.000000000000000000 ) ;
#302 = DIRECTION ( 'NONE',  ( -0.000000000000000000, 0.000000000000000000, 1.000000000000000000 ) ) ;
#303 = VECTOR ( 'NONE', #675, 1000.000000000000000 ) ;
#304 = VECTOR ( 'NONE', #798, 1000.000000000000000 ) ;
#305 = DIRECTION ( 'NONE',  ( -0.000000000000000000, 1.000000000000000000, -0.000000000000000000 ) ) ;
#306 = AXIS2_PLACEMENT_3D ( 'NONE', #2045, #942, #142 ) ;
#307 = EDGE_LOOP ( 'NONE', ( #1742, #1114, #1309, #1331 ) ) ;
#308 = CARTESIAN_POINT ( 'NONE',  ( -10.99061417756077930, -5.000000000000000000, 2.545000000000044338 ) ) ;
#309 = ORIENTED_EDGE ( 'NONE', *, *, #2052, .T. ) ;
#310 = AXIS2_PLACEMENT_3D ( 'NONE', #1622, #1494, #691 ) ;
#311 = FACE_OUTER_BOUND ( 'NONE', #2073, .T. ) ;
#312 = CARTESIAN_POINT ( 'NONE',  ( -1.500000000000004885, 4.999999999999999112, 5.249999999999999112 ) ) ;
#313 = DIRECTION ( 'NONE',  ( 0.000000000000000000, -1.000000000000000000, 0.000000000000000000 ) ) ;
#314 = ORIENTED_EDGE ( 'NONE', *, *, #81, .T. ) ;
#315 = ADVANCED_FACE ( 'NONE', ( #2298 ), #1699, .F. ) ;
#316 = CARTESIAN_POINT ( 'NONE',  ( -2.500000000000001332, -4.549999999999994493, -2.050000000000001599 ) ) ;
#317 = DIRECTION ( 'NONE',  ( -1.000000000000000000, -0.000000000000000000, -0.000000000000000000 ) ) ;
#318 = EDGE_CURVE ( 'NONE', #1171, #8, #1368, .T. ) ;
#319 = ORIENTED_EDGE ( 'NONE', *, *, #1268, .T. ) ;
#320 = CARTESIAN_POINT ( 'NONE',  ( 2.000000000000000000, 5.000000000000000000, 5.249999999999999112 ) ) ;
#321 = VECTOR ( 'NONE', #415, 1000.000000000000000 ) ;
#322 = ORIENTED_EDGE ( 'NONE', *, *, #372, .T. ) ;
#323 = ADVANCED_FACE ( 'NONE', ( #2116 ), #959, .F. ) ;
#324 = CARTESIAN_POINT ( 'NONE',  ( -3.000000000000002665, 2.500000000000000000, -3.050000000000001599 ) ) ;
#325 = DIRECTION ( 'NONE',  ( 0.000000000000000000, 3.589083053745117718E-16, 1.000000000000000000 ) ) ;
#326 = CARTESIAN_POINT ( 'NONE',  ( 0.4999999999999917843, -5.000000000000000000, -2.014999999999952163 ) ) ;
#327 = ORIENTED_EDGE ( 'NONE', *, *, #143, .T. ) ;
#328 = LINE ( 'NONE', #2282, #2034 ) ;
#329 = CARTESIAN_POINT ( 'NONE',  ( -13.60000000000000142, -7.299999999999997158, 9.250000000000003553 ) ) ;
#330 = DIRECTION ( 'NONE',  ( 5.734623061080354406E-16, -1.000000000000000000, 0.000000000000000000 ) ) ;
#331 = ORIENTED_EDGE ( 'NONE', *, *, #2317, .T. ) ;
#332 = EDGE_CURVE ( 'NONE', #1225, #1855, #1906, .T. ) ;
#333 = CARTESIAN_POINT ( 'NONE',  ( 0.000000000000000000, -5.000000000000000000, 5.249999999999997335 ) ) ;
#334 = ORIENTED_EDGE ( 'NONE', *, *, #219, .T. ) ;
#335 = CARTESIAN_POINT ( 'NONE',  ( 2.000000000000000000, 5.000000000000000000, 5.249999999999999112 ) ) ;
#336 = CARTESIAN_POINT ( 'NONE',  ( 0.4999999999999917843, 5.000000000000000888, -2.014999999999952163 ) ) ;
#337 = CARTESIAN_POINT ( 'NONE',  ( -7.000000000000000000, -7.300000000000002487, -5.249999999999998224 ) ) ;
#338 = ORIENTED_EDGE ( 'NONE', *, *, #1887, .T. ) ;
#339 = ADVANCED_FACE ( 'NONE', ( #1719 ), #1727, .F. ) ;
#340 = CARTESIAN_POINT ( 'NONE',  ( -12.59999999999999964, 4.550000000000001599, -3.050000000000001599 ) ) ;
#341 = AXIS2_PLACEMENT_3D ( 'NONE', #1606, #1396, #2356 ) ;
#342 = AXIS2_PLACEMENT_3D ( 'NONE', #738, #2416, #1152 ) ;
#343 = SURFACE_SIDE_STYLE ('',( #1453 ) ) ;
#344 = VECTOR ( 'NONE', #2359, 1000.000000000000000 ) ;
#345 = ORIENTED_EDGE ( 'NONE', *, *, #2345, .T. ) ;
#346 = CARTESIAN_POINT ( 'NONE',  ( -7.000000000000000000, 7.300000000000002487, 9.250000000000000000 ) ) ;
#347 = EDGE_CURVE ( 'NONE', #525, #2230, #430, .T. ) ;
#348 = ORIENTED_EDGE ( 'NONE', *, *, #1564, .F. ) ;
#349 = DIRECTION ( 'NONE',  ( -0.000000000000000000, -0.000000000000000000, -1.000000000000000000 ) ) ;
#350 = CARTESIAN_POINT ( 'NONE',  ( -13.60000000000000497, 4.817949192431126626, -3.050000000000001599 ) ) ;
#351 = CARTESIAN_POINT ( 'NONE',  ( -2.493932693848035065, -5.549999999999996270, 0.5650000000000648948 ) ) ;
#352 = VERTEX_POINT ( 'NONE', #1180 ) ;
#353 = EDGE_CURVE ( 'NONE', #576, #706, #1148, .T. ) ;
#354 = CARTESIAN_POINT ( 'NONE',  ( 8.572527594031455933E-17, 5.550000000000001599, 5.249999999999999112 ) ) ;
#355 = LINE ( 'NONE', #686, #659 ) ;
#356 = CARTESIAN_POINT ( 'NONE',  ( -3.499999999999999556, -5.550000000000001599, 1.680686340485048724 ) ) ;
#357 = CARTESIAN_POINT ( 'NONE',  ( -3.000000000000002665, 2.000000000000000000, -3.750000000000001776 ) ) ;
#358 = ORIENTED_EDGE ( 'NONE', *, *, #1014, .T. ) ;
#359 = AXIS2_PLACEMENT_3D ( 'NONE', #1799, #116, #1835 ) ;
#360 = CARTESIAN_POINT ( 'NONE',  ( -2.491512682672289536, 5.550000000000000711, 0.5649999999999379963 ) ) ;
#361 = EDGE_LOOP ( 'NONE', ( #593, #550, #338, #637, #1384, #1436, #774, #692 ) ) ;
#362 = LINE ( 'NONE', #1362, #1785 ) ;
#363 = CARTESIAN_POINT ( 'NONE',  ( -3.500000000000002665, -2.000000000000000000, -3.750000000000001776 ) ) ;
#364 = CARTESIAN_POINT ( 'NONE',  ( -2.493932693848033733, -5.549999999999996270, 0.5650000000000620082 ) ) ;
#365 = ORIENTED_EDGE ( 'NONE', *, *, #1518, .T. ) ;
#366 = EDGE_CURVE ( 'NONE', #1474, #1644, #781, .T. ) ;
#367 = ORIENTED_EDGE ( 'NONE', *, *, #998, .F. ) ;
#368 = DIRECTION ( 'NONE',  ( 1.000000000000000000, -0.000000000000000000, -0.000000000000000000 ) ) ;
#369 = AXIS2_PLACEMENT_3D ( 'NONE', #773, #213, #1126 ) ;
#370 = CARTESIAN_POINT ( 'NONE',  ( -12.59999999999999964, -6.550000000000000711, -3.050000000000001599 ) ) ;
#371 = ORIENTED_EDGE ( 'NONE', *, *, #537, .T. ) ;
#372 = EDGE_CURVE ( 'NONE', #2281, #2255, #2083, .T. ) ;
#373 = LINE ( 'NONE', #2397, #231 ) ;
#374 = VERTEX_POINT ( 'NONE', #1136 ) ;
#375 = DIRECTION ( 'NONE',  ( -0.000000000000000000, 2.168404344971008868E-16, 1.000000000000000000 ) ) ;
#376 = CARTESIAN_POINT ( 'NONE',  ( -12.59999999999999254, -4.550000000000001599, -2.050000000000001599 ) ) ;
#377 = SHAPE_DEFINITION_REPRESENTATION ( #2194, #1865 ) ;
#378 = EDGE_LOOP ( 'NONE', ( #1934, #1038, #1219, #1026 ) ) ;
#379 = DIRECTION ( 'NONE',  ( -2.930276141852723814E-16, 1.000000000000000000, 0.000000000000000000 ) ) ;
#380 = EDGE_CURVE ( 'NONE', #1713, #125, #1505, .T. ) ;
#381 = LINE ( 'NONE', #2021, #1834 ) ;
#382 = VECTOR ( 'NONE', #541, 1000.000000000000000 ) ;
#383 = ORIENTED_EDGE ( 'NONE', *, *, #1942, .T. ) ;
#384 = DIRECTION ( 'NONE',  ( 1.000000000000000000, -0.000000000000000000, -0.000000000000000000 ) ) ;
#385 = ORIENTED_EDGE ( 'NONE', *, *, #2350, .T. ) ;
#386 = VECTOR ( 'NONE', #2296, 1000.000000000000000 ) ;
#387 = VECTOR ( 'NONE', #1680, 1000.000000000000000 ) ;
#388 = DIRECTION ( 'NONE',  ( 1.000000000000000000, 0.000000000000000000, 0.000000000000000000 ) ) ;
#389 = EDGE_LOOP ( 'NONE', ( #383, #1838, #908, #1058, #334, #1229 ) ) ;
#390 = LINE ( 'NONE', #1130, #612 ) ;
#391 = EDGE_CURVE ( 'NONE', #2070, #2130, #1168, .T. ) ;
#392 = CARTESIAN_POINT ( 'NONE',  ( -7.000000000000000000, -7.299999999999997158, 9.250000000000003553 ) ) ;
#393 = ORIENTED_EDGE ( 'NONE', *, *, #524, .T. ) ;
#394 = EDGE_CURVE ( 'NONE', #1262, #525, #15, .T. ) ;
#395 = CARTESIAN_POINT ( 'NONE',  ( -2.493932693848035509, -5.549999999999996270, -3.750000000000001776 ) ) ;
#396 = ORIENTED_EDGE ( 'NONE', *, *, #1115, .T. ) ;
#397 = VECTOR ( 'NONE', #2133, 1000.000000000000000 ) ;
#398 = CARTESIAN_POINT ( 'NONE',  ( -13.60000000000000497, -3.179989999999941030, 2.045000000000043450 ) ) ;
#399 = ORIENTED_EDGE ( 'NONE', *, *, #2231, .T. ) ;
#400 = ADVANCED_FACE ( 'NONE', ( #603 ), #2276, .F. ) ;
#401 = DIRECTION ( 'NONE',  ( 0.000000000000000000, 0.000000000000000000, -1.000000000000000000 ) ) ;
#402 = CARTESIAN_POINT ( 'NONE',  ( -5.500000000000003553, 2.500000000000000000, -3.050000000000001599 ) ) ;
#403 = AXIS2_PLACEMENT_3D ( 'NONE', #948, #791, #613 ) ;
#404 = DIRECTION ( 'NONE',  ( -0.000000000000000000, -0.000000000000000000, 1.000000000000000000 ) ) ;
#405 = VECTOR ( 'NONE', #325, 1000.000000000000000 ) ;
#406 = CARTESIAN_POINT ( 'NONE',  ( -3.500000000000000000, -6.250000000000000000, 5.249999999999997335 ) ) ;
#407 = ORIENTED_EDGE ( 'NONE', *, *, #1929, .F. ) ;
#408 = EDGE_CURVE ( 'NONE', #252, #1333, #592, .T. ) ;
#409 = VERTEX_POINT ( 'NONE', #406 ) ;
#410 =( NAMED_UNIT ( * ) SI_UNIT ( $, .STERADIAN. ) SOLID_ANGLE_UNIT ( ) );
#411 = ORIENTED_EDGE ( 'NONE', *, *, #840, .T. ) ;
#412 = VECTOR ( 'NONE', #255, 1000.000000000000000 ) ;
#413 = DIRECTION ( 'NONE',  ( -1.000000000000000000, -0.000000000000000000, -0.000000000000000000 ) ) ;
#414 = CARTESIAN_POINT ( 'NONE',  ( -6.000000000000002665, 2.500000000000000000, -3.050000000000001599 ) ) ;
#415 = DIRECTION ( 'NONE',  ( -0.000000000000000000, -0.000000000000000000, -1.000000000000000000 ) ) ;
#416 = DIRECTION ( 'NONE',  ( 0.000000000000000000, 1.000000000000000000, 0.000000000000000000 ) ) ;
#417 = EDGE_LOOP ( 'NONE', ( #419, #1999, #1320, #1517 ) ) ;
#418 = AXIS2_PLACEMENT_3D ( 'NONE', #1723, #1554, #262 ) ;
#419 = ORIENTED_EDGE ( 'NONE', *, *, #1703, .T. ) ;
#420 = EDGE_CURVE ( 'NONE', #1482, #1266, #1920, .T. ) ;
#421 = VECTOR ( 'NONE', #1904, 1000.000000000000000 ) ;
#422 = ORIENTED_EDGE ( 'NONE', *, *, #1686, .F. ) ;
#423 = AXIS2_PLACEMENT_3D ( 'NONE', #1684, #2432, #1282 ) ;
#424 = FACE_OUTER_BOUND ( 'NONE', #225, .T. ) ;
#425 = VECTOR ( 'NONE', #1269, 1000.000000000000000 ) ;
#426 = DIRECTION ( 'NONE',  ( 0.000000000000000000, -0.000000000000000000, -1.000000000000000000 ) ) ;
#427 = FACE_OUTER_BOUND ( 'NONE', #1207, .T. ) ;
#428 = CIRCLE ( 'NONE', #1803, 1.000000000000000000 ) ;
#429 = EDGE_CURVE ( 'NONE', #2130, #24, #232, .T. ) ;
#430 = LINE ( 'NONE', #1145, #1073 ) ;
#431 = CARTESIAN_POINT ( 'NONE',  ( -7.000000000000000000, 0.000000000000000000, 0.000000000000000000 ) ) ;
#432 = ORIENTED_EDGE ( 'NONE', *, *, #1272, .T. ) ;
#433 = CARTESIAN_POINT ( 'NONE',  ( -12.59999999999999964, 5.550000000000001599, -2.050000000000001599 ) ) ;
#434 = ORIENTED_EDGE ( 'NONE', *, *, #347, .T. ) ;
#435 = DIRECTION ( 'NONE',  ( 0.000000000000000000, 0.000000000000000000, -1.000000000000000000 ) ) ;
#436 = LINE ( 'NONE', #1186, #1900 ) ;
#437 = FACE_OUTER_BOUND ( 'NONE', #417, .T. ) ;
#438 = EDGE_LOOP ( 'NONE', ( #2360, #1864, #1731, #1450, #2386, #845, #1354, #643, #2303, #876 ) ) ;
#439 = VERTEX_POINT ( 'NONE', #442 ) ;
#440 = EDGE_CURVE ( 'NONE', #221, #2121, #749, .T. ) ;
#441 = DIRECTION ( 'NONE',  ( 1.000000000000000000, 0.000000000000000000, 0.000000000000000000 ) ) ;
#442 = CARTESIAN_POINT ( 'NONE',  ( -1.500000000000001332, -3.179989999999967676, -1.514999999999952163 ) ) ;
#443 = LINE ( 'NONE', #1979, #1550 ) ;
#444 = ORIENTED_EDGE ( 'NONE', *, *, #1276, .F. ) ;
#445 = ADVANCED_FACE ( 'NONE', ( #641 ), #1024, .F. ) ;
#446 = CARTESIAN_POINT ( 'NONE',  ( 2.000000000000000000, 5.000000000000000888, -3.514999999999953495 ) ) ;
#447 = VERTEX_POINT ( 'NONE', #82 ) ;
#448 = CARTESIAN_POINT ( 'NONE',  ( -2.500000000000001776, -4.549999999999994493, -3.750000000000001776 ) ) ;
#449 = DIRECTION ( 'NONE',  ( -0.000000000000000000, -0.000000000000000000, -1.000000000000000000 ) ) ;
#450 = FACE_OUTER_BOUND ( 'NONE', #1771, .T. ) ;
#451 = ORIENTED_EDGE ( 'NONE', *, *, #300, .F. ) ;
#452 = VERTEX_POINT ( 'NONE', #2333 ) ;
#453 = EDGE_CURVE ( 'NONE', #1283, #706, #1270, .T. ) ;
#454 = DIRECTION ( 'NONE',  ( 1.000000000000000000, 0.000000000000000000, 0.000000000000000000 ) ) ;
#455 = LINE ( 'NONE', #291, #1487 ) ;
#456 = VERTEX_POINT ( 'NONE', #2165 ) ;
#457 = EDGE_CURVE ( 'NONE', #256, #409, #290, .T. ) ;
#458 = CARTESIAN_POINT ( 'NONE',  ( -2.500000000000001332, -5.549999999999996270, -2.050000000000001599 ) ) ;
#459 = ORIENTED_EDGE ( 'NONE', *, *, #1501, .F. ) ;
#460 = AXIS2_PLACEMENT_3D ( 'NONE', #578, #1881, #997 ) ;
#461 = SPHERICAL_SURFACE ( 'NONE', #793, 1.000000000000000000 ) ;
#462 = CARTESIAN_POINT ( 'NONE',  ( 0.000000000000000000, -4.999999999999999112, -5.250000000000001776 ) ) ;
#463 = CARTESIAN_POINT ( 'NONE',  ( -11.30000000000000071, -7.299999999999997158, 9.250000000000003553 ) ) ;
#464 = ORIENTED_EDGE ( 'NONE', *, *, #955, .T. ) ;
#465 = ORIENTED_EDGE ( 'NONE', *, *, #1342, .F. ) ;
#466 = DIRECTION ( 'NONE',  ( -0.000000000000000000, 1.000000000000000000, -2.376333528735352191E-16 ) ) ;
#467 = CARTESIAN_POINT ( 'NONE',  ( -13.59999999999999964, -6.428815486931625856, -2.171183907153015014 ) ) ;
#468 = DIRECTION ( 'NONE',  ( -1.000000000000000000, 0.000000000000000000, 0.000000000000000000 ) ) ;
#469 = VERTEX_POINT ( 'NONE', #56 ) ;
#470 = EDGE_CURVE ( 'NONE', #1506, #2121, #813, .T. ) ;
#471 = DIRECTION ( 'NONE',  ( -0.000000000000000000, 0.000000000000000000, -1.000000000000000000 ) ) ;
#472 = ORIENTED_EDGE ( 'NONE', *, *, #992, .F. ) ;
#473 = CYLINDRICAL_SURFACE ( 'NONE', #915, 1.479999999999955795 ) ;
#474 = LINE ( 'NONE', #1198, #1167 ) ;
#475 = DIRECTION ( 'NONE',  ( 0.000000000000000000, -1.000000000000000000, 0.000000000000000000 ) ) ;
#476 = ORIENTED_EDGE ( 'NONE', *, *, #1654, .F. ) ;
#477 = EDGE_CURVE ( 'NONE', #1042, #2402, #1425, .T. ) ;
#478 = AXIS2_PLACEMENT_3D ( 'NONE', #671, #1589, #2160 ) ;
#479 = CARTESIAN_POINT ( 'NONE',  ( -1.500000000000005329, 4.550000000000001599, 1.171569863989342597 ) ) ;
#480 = DIRECTION ( 'NONE',  ( 0.000000000000000000, 0.000000000000000000, -1.000000000000000000 ) ) ;
#481 = CARTESIAN_POINT ( 'NONE',  ( -2.491512682672296641, 5.550000000000001599, -3.750000000000001776 ) ) ;
#482 = ORIENTED_EDGE ( 'NONE', *, *, #1804, .F. ) ;
#483 = DIRECTION ( 'NONE',  ( 1.000000000000000000, 5.734623061080354406E-16, 0.000000000000000000 ) ) ;
#484 = EDGE_CURVE ( 'NONE', #1333, #1123, #1052, .T. ) ;
#485 = ORIENTED_EDGE ( 'NONE', *, *, #184, .T. ) ;
#486 = AXIS2_PLACEMENT_3D ( 'NONE', #2250, #1112, #752 ) ;
#487 = DIRECTION ( 'NONE',  ( 0.000000000000000000, -1.000000000000000000, 1.782250146551513280E-16 ) ) ;
#488 = VECTOR ( 'NONE', #449, 1000.000000000000000 ) ;
#489 = PLANE ( 'NONE',  #1470 ) ;
#490 = DIRECTION ( 'NONE',  ( 0.000000000000000000, 1.000000000000000000, 0.000000000000000000 ) ) ;
#491 = VERTEX_POINT ( 'NONE', #2369 ) ;
#492 = CARTESIAN_POINT ( 'NONE',  ( -13.60000000000000142, -7.299999999999997158, 9.250000000000003553 ) ) ;
#493 = CARTESIAN_POINT ( 'NONE',  ( -1.500000000000004885, 3.200010000000040655, 0.5649999999999542055 ) ) ;
#494 = AXIS2_PLACEMENT_3D ( 'NONE', #885, #2198, #514 ) ;
#495 = ORIENTED_EDGE ( 'NONE', *, *, #1195, .F. ) ;
#496 = LINE ( 'NONE', #446, #1062 ) ;
#497 = ORIENTED_EDGE ( 'NONE', *, *, #1674, .T. ) ;
#498 = EDGE_CURVE ( 'NONE', #1820, #352, #2357, .T. ) ;
#499 = DIRECTION ( 'NONE',  ( -0.000000000000000000, 1.000000000000000000, -0.000000000000000000 ) ) ;
#500 = AXIS2_PLACEMENT_3D ( 'NONE', #624, #2078, #379 ) ;
#501 = CARTESIAN_POINT ( 'NONE',  ( 0.000000000000000000, -5.000000000000000000, -2.014999999999952163 ) ) ;
#502 = CARTESIAN_POINT ( 'NONE',  ( -3.499999999999999556, 5.550000000000001599, 1.680686340485048724 ) ) ;
#503 = EDGE_LOOP ( 'NONE', ( #459, #772, #1423, #2066, #444, #476 ) ) ;
#504 = CARTESIAN_POINT ( 'NONE',  ( -2.491512682672289536, 5.550000000000000711, 0.6580749527374984975 ) ) ;
#505 = AXIS2_PLACEMENT_3D ( 'NONE', #1953, #1618, #454 ) ;
#506 = CIRCLE ( 'NONE', #1169, 1.479999999999999982 ) ;
#507 = VECTOR ( 'NONE', #280, 1000.000000000000000 ) ;
#508 = DIRECTION ( 'NONE',  ( -2.930276141852714940E-16, 1.000000000000000000, 0.000000000000000000 ) ) ;
#509 = VECTOR ( 'NONE', #1476, 1000.000000000000000 ) ;
#510 = ORIENTED_EDGE ( 'NONE', *, *, #2137, .F. ) ;
#511 = EDGE_CURVE ( 'NONE', #224, #264, #2403, .T. ) ;
#512 = DIRECTION ( 'NONE',  ( -1.000000000000000000, 0.000000000000000000, 0.000000000000000000 ) ) ;
#513 = VERTEX_POINT ( 'NONE', #1628 ) ;
#514 = DIRECTION ( 'NONE',  ( 1.000000000000000000, 0.000000000000000000, -0.000000000000000000 ) ) ;
#515 = CARTESIAN_POINT ( 'NONE',  ( -11.30000000000000071, 7.300000000000002487, 9.250000000000000000 ) ) ;
#516 = DIRECTION ( 'NONE',  ( -0.000000000000000000, 0.000000000000000000, -1.000000000000000000 ) ) ;
#517 = VERTEX_POINT ( 'NONE', #1826 ) ;
#518 = DIRECTION ( 'NONE',  ( 0.000000000000000000, -1.000000000000000000, 0.000000000000000000 ) ) ;
#519 = EDGE_CURVE ( 'NONE', #1646, #8, #1267, .T. ) ;
#520 = LINE ( 'NONE', #1306, #1523 ) ;
#521 = ORIENTED_EDGE ( 'NONE', *, *, #1496, .F. ) ;
#522 = CARTESIAN_POINT ( 'NONE',  ( -12.59999999999999964, -5.550000000000000711, 9.249999999999998224 ) ) ;
#523 = VECTOR ( 'NONE', #1526, 1000.000000000000000 ) ;
#524 = EDGE_CURVE ( 'NONE', #654, #2171, #355, .T. ) ;
#525 = VERTEX_POINT ( 'NONE', #2187 ) ;
#526 = FACE_OUTER_BOUND ( 'NONE', #2407, .T. ) ;
#527 = DIRECTION ( 'NONE',  ( 1.000000000000000000, 3.125627884642896527E-16, 0.000000000000000000 ) ) ;
#528 = CARTESIAN_POINT ( 'NONE',  ( -1.500000000000004885, 4.680009999999987791, -0.03500000000006674855 ) ) ;
#529 = EDGE_LOOP ( 'NONE', ( #971, #186, #2251, #558, #1184, #2338, #1685, #200 ) ) ;
#530 = DIRECTION ( 'NONE',  ( 0.000000000000000000, 1.000000000000000000, 0.000000000000000000 ) ) ;
#531 = FACE_OUTER_BOUND ( 'NONE', #826, .T. ) ;
#532 = EDGE_CURVE ( 'NONE', #1573, #2241, #328, .T. ) ;
#533 = CARTESIAN_POINT ( 'NONE',  ( -3.000000000000002665, -2.000000000000000444, -3.050000000000001599 ) ) ;
#534 = EDGE_LOOP ( 'NONE', ( #119, #1741, #605, #1385, #295 ) ) ;
#535 = VECTOR ( 'NONE', #1286, 1000.000000000000000 ) ;
#536 = PLANE ( 'NONE',  #115 ) ;
#537 = EDGE_CURVE ( 'NONE', #1283, #576, #301, .T. ) ;
#538 = ORIENTED_EDGE ( 'NONE', *, *, #585, .F. ) ;
#539 = CARTESIAN_POINT ( 'NONE',  ( 0.4999999999999917843, -5.000000000000000000, 2.545000000000044338 ) ) ;
#540 = LINE ( 'NONE', #312, #1778 ) ;
#541 = DIRECTION ( 'NONE',  ( 1.000000000000000000, -0.000000000000000000, -0.000000000000000000 ) ) ;
#542 = EDGE_LOOP ( 'NONE', ( #2274, #1807, #1134, #180 ) ) ;
#543 = ORIENTED_EDGE ( 'NONE', *, *, #2254, .T. ) ;
#544 = CARTESIAN_POINT ( 'NONE',  ( -1.500000000000001554, -4.549999999999994493, 5.249999999999997335 ) ) ;
#545 = PLANE ( 'NONE',  #1798 ) ;
#546 = AXIS2_PLACEMENT_3D ( 'NONE', #863, #63, #1007 ) ;
#547 = AXIS2_PLACEMENT_3D ( 'NONE', #1163, #2068, #1705 ) ;
#548 = CARTESIAN_POINT ( 'NONE',  ( -3.499999999999999556, 5.550000000000001599, 5.249999999999999112 ) ) ;
#549 = STYLED_ITEM ( 'NONE', ( #1097 ), #1545 ) ;
#550 = ORIENTED_EDGE ( 'NONE', *, *, #1481, .T. ) ;
#551 = CARTESIAN_POINT ( 'NONE',  ( -3.500000000000000000, 6.250000000000000000, 5.249999999999998224 ) ) ;
#552 = ORIENTED_EDGE ( 'NONE', *, *, #2260, .F. ) ;
#553 = EDGE_CURVE ( 'NONE', #1513, #1503, #570, .T. ) ;
#554 = LINE ( 'NONE', #324, #1460 ) ;
#555 = VECTOR ( 'NONE', #2374, 1000.000000000000000 ) ;
#556 = CARTESIAN_POINT ( 'NONE',  ( -1.500000000000001332, -5.549999999999995381, -3.750000000000001776 ) ) ;
#557 = CARTESIAN_POINT ( 'NONE',  ( -1.598489767780510773, -5.550000000000238742, 0.7651910907448015164 ) ) ;
#558 = ORIENTED_EDGE ( 'NONE', *, *, #972, .T. ) ;
#559 = ORIENTED_EDGE ( 'NONE', *, *, #1451, .T. ) ;
#560 = CYLINDRICAL_SURFACE ( 'NONE', #196, 1.000000000000000000 ) ;
#561 = EDGE_CURVE ( 'NONE', #1474, #212, #2344, .T. ) ;
#562 = LINE ( 'NONE', #2205, #1954 ) ;
#563 = VERTEX_POINT ( 'NONE', #20 ) ;
#564 = LINE ( 'NONE', #1109, #555 ) ;
#565 = ORIENTED_EDGE ( 'NONE', *, *, #1328, .F. ) ;
#566 = EDGE_CURVE ( 'NONE', #2255, #517, #1358, .T. ) ;
#567 = LINE ( 'NONE', #1310, #2413 ) ;
#568 = DIRECTION ( 'NONE',  ( 1.000000000000000000, 0.000000000000000000, 0.000000000000000000 ) ) ;
#569 = VERTEX_POINT ( 'NONE', #1880 ) ;
#570 = LINE ( 'NONE', #1914, #105 ) ;
#571 = DIRECTION ( 'NONE',  ( 1.000000000000000000, -0.000000000000000000, -0.000000000000000000 ) ) ;
#572 = ORIENTED_EDGE ( 'NONE', *, *, #913, .F. ) ;
#573 = CARTESIAN_POINT ( 'NONE',  ( -11.30000000000000071, -6.250000000000002665, -5.249999999999998224 ) ) ;
#574 = ORIENTED_EDGE ( 'NONE', *, *, #4, .F. ) ;
#575 = DIRECTION ( 'NONE',  ( 0.000000000000000000, -1.000000000000000000, 0.000000000000000000 ) ) ;
#576 = VERTEX_POINT ( 'NONE', #941 ) ;
#577 = EDGE_CURVE ( 'NONE', #1082, #2171, #1288, .T. ) ;
#578 = CARTESIAN_POINT ( 'NONE',  ( -2.500000000000001776, -4.549999999999994493, -2.050000000000001599 ) ) ;
#579 = ADVANCED_FACE ( 'NONE', ( #2242 ), #1926, .F. ) ;
#580 = CARTESIAN_POINT ( 'NONE',  ( -11.30000000000000071, 6.250000000000002665, -5.250000000000000888 ) ) ;
#581 = CIRCLE ( 'NONE', #460, 1.000000000000000000 ) ;
#582 = ORIENTED_EDGE ( 'NONE', *, *, #1175, .T. ) ;
#583 = DIRECTION ( 'NONE',  ( -1.000000000000000000, 0.000000000000000000, 0.000000000000000000 ) ) ;
#584 = EDGE_LOOP ( 'NONE', ( #1349, #901, #1709, #1002 ) ) ;
#585 = EDGE_CURVE ( 'NONE', #2156, #165, #474, .T. ) ;
#586 = AXIS2_PLACEMENT_3D ( 'NONE', #2289, #2105, #246 ) ;
#587 = CARTESIAN_POINT ( 'NONE',  ( -13.60000000000000675, 4.991276245406178091, -3.050000000000001599 ) ) ;
#588 = VERTEX_POINT ( 'NONE', #462 ) ;
#589 = CARTESIAN_POINT ( 'NONE',  ( -3.500000000000000000, -6.250000000000000888, 5.249999999999997335 ) ) ;
#590 = CARTESIAN_POINT ( 'NONE',  ( -1.500000000000000888, -5.550000000000001599, 9.249999999999998224 ) ) ;
#591 = EDGE_LOOP ( 'NONE', ( #1732, #803, #1922, #2277, #1951, #850 ) ) ;
#592 = LINE ( 'NONE', #202, #1698 ) ;
#593 = ORIENTED_EDGE ( 'NONE', *, *, #577, .T. ) ;
#594 = AXIS2_PLACEMENT_3D ( 'NONE', #1578, #2328, #1394 ) ;
#595 = ORIENTED_EDGE ( 'NONE', *, *, #1884, .T. ) ;
#596 = EDGE_CURVE ( 'NONE', #1283, #569, #1746, .T. ) ;
#597 = ORIENTED_EDGE ( 'NONE', *, *, #43, .F. ) ;
#598 = PLANE ( 'NONE',  #1874 ) ;
#599 = LINE ( 'NONE', #13, #1056 ) ;
#600 = ADVANCED_FACE ( 'NONE', ( #985 ), #1962, .F. ) ;
#601 = AXIS2_PLACEMENT_3D ( 'NONE', #2086, #1301, #1898 ) ;
#602 = CIRCLE ( 'NONE', #1860, 1.000000000000000000 ) ;
#603 = FACE_OUTER_BOUND ( 'NONE', #837, .T. ) ;
#604 = CARTESIAN_POINT ( 'NONE',  ( -1.598489767472064171, -5.549999999999995381, -0.03499999999993837208 ) ) ;
#605 = ORIENTED_EDGE ( 'NONE', *, *, #2095, .F. ) ;
#606 = ORIENTED_EDGE ( 'NONE', *, *, #1468, .T. ) ;
#607 = VERTEX_POINT ( 'NONE', #1567 ) ;
#608 = AXIS2_PLACEMENT_3D ( 'NONE', #614, #628, #1376 ) ;
#609 = CARTESIAN_POINT ( 'NONE',  ( 2.000000000000000000, -4.999999999999998224, -5.250000000000001776 ) ) ;
#610 = LINE ( 'NONE', #2110, #2189 ) ;
#611 = DIRECTION ( 'NONE',  ( 1.000000000000000000, -0.000000000000000000, -0.000000000000000000 ) ) ;
#612 = VECTOR ( 'NONE', #1178, 1000.000000000000000 ) ;
#613 = DIRECTION ( 'NONE',  ( -1.000000000000000000, 0.000000000000000000, 0.000000000000000000 ) ) ;
#614 = CARTESIAN_POINT ( 'NONE',  ( -13.60000000000000142, 7.300000000000002487, 9.250000000000000000 ) ) ;
#615 = ORIENTED_EDGE ( 'NONE', *, *, #1241, .T. ) ;
#616 = ORIENTED_EDGE ( 'NONE', *, *, #332, .F. ) ;
#617 = VECTOR ( 'NONE', #466, 1000.000000000000000 ) ;
#618 = ADVANCED_FACE ( 'NONE', ( #847 ), #2147, .T. ) ;
#619 = ORIENTED_EDGE ( 'NONE', *, *, #1958, .T. ) ;
#620 = VECTOR ( 'NONE', #1544, 1000.000000000000000 ) ;
#621 = AXIS2_PLACEMENT_3D ( 'NONE', #59, #1551, #1539 ) ;
#622 = CARTESIAN_POINT ( 'NONE',  ( -3.000000000000002665, 2.000000000000000000, -3.050000000000001599 ) ) ;
#623 = DIRECTION ( 'NONE',  ( 0.000000000000000000, 0.000000000000000000, -1.000000000000000000 ) ) ;
#624 = CARTESIAN_POINT ( 'NONE',  ( -1.500000000000001332, -3.179989999999967676, -0.03499999999995672545 ) ) ;
#625 = LINE ( 'NONE', #1707, #421 ) ;
#626 = EDGE_CURVE ( 'NONE', #1333, #2179, #238, .T. ) ;
#627 = VECTOR ( 'NONE', #1443, 1000.000000000000000 ) ;
#628 = DIRECTION ( 'NONE',  ( 0.000000000000000000, -1.000000000000000000, -0.000000000000000000 ) ) ;
#629 = ORIENTED_EDGE ( 'NONE', *, *, #332, .T. ) ;
#630 = FACE_OUTER_BOUND ( 'NONE', #591, .T. ) ;
#631 = ORIENTED_EDGE ( 'NONE', *, *, #12, .T. ) ;
#632 = EDGE_CURVE ( 'NONE', #270, #657, #1019, .T. ) ;
#633 = LINE ( 'NONE', #1197, #1649 ) ;
#634 = CARTESIAN_POINT ( 'NONE',  ( -7.000000000000000000, -7.300000000000002487, -5.249999999999998224 ) ) ;
#635 = DIRECTION ( 'NONE',  ( 1.000000000000000000, 4.336808689942017736E-16, 0.000000000000000000 ) ) ;
#636 = ORIENTED_EDGE ( 'NONE', *, *, #1556, .T. ) ;
#637 = ORIENTED_EDGE ( 'NONE', *, *, #2216, .T. ) ;
#638 = ADVANCED_FACE ( 'NONE', ( #77 ), #41, .F. ) ;
#639 = VECTOR ( 'NONE', #853, 1000.000000000000000 ) ;
#640 = CARTESIAN_POINT ( 'NONE',  ( -2.500000000000007550, 5.550000000000001599, 1.171569863989342597 ) ) ;
#641 = FACE_OUTER_BOUND ( 'NONE', #534, .T. ) ;
#642 = DIRECTION ( 'NONE',  ( 1.000000000000000000, 3.125627884642896527E-16, 0.000000000000000000 ) ) ;
#643 = ORIENTED_EDGE ( 'NONE', *, *, #788, .T. ) ;
#644 = CARTESIAN_POINT ( 'NONE',  ( -1.500000000000004441, 5.550000000000001599, 9.249999999999998224 ) ) ;
#645 = EDGE_LOOP ( 'NONE', ( #582, #1877, #521, #1252 ) ) ;
#646 = CARTESIAN_POINT ( 'NONE',  ( -12.59999999999999964, 6.550000000000001599, 9.249999999999998224 ) ) ;
#647 = CARTESIAN_POINT ( 'NONE',  ( -2.491512682672298862, 4.550000000000001599, -0.03500000000006505546 ) ) ;
#648 = CARTESIAN_POINT ( 'NONE',  ( -12.59999999999999964, 4.550000000000001599, -3.050000000000001599 ) ) ;
#649 = VERTEX_POINT ( 'NONE', #1177 ) ;
#650 = ORIENTED_EDGE ( 'NONE', *, *, #1916, .F. ) ;
#651 = CARTESIAN_POINT ( 'NONE',  ( -2.497095011251860175, 5.550000000000000711, 0.9533169109000053654 ) ) ;
#652 = EDGE_CURVE ( 'NONE', #1802, #607, #1409, .T. ) ;
#653 = DIRECTION ( 'NONE',  ( -0.000000000000000000, 0.000000000000000000, -1.000000000000000000 ) ) ;
#654 = VERTEX_POINT ( 'NONE', #1541 ) ;
#655 = FACE_OUTER_BOUND ( 'NONE', #1627, .T. ) ;
#656 = EDGE_CURVE ( 'NONE', #2321, #2132, #602, .T. ) ;
#657 = VERTEX_POINT ( 'NONE', #996 ) ;
#658 = VECTOR ( 'NONE', #1251, 1000.000000000000000 ) ;
#659 = VECTOR ( 'NONE', #1437, 1000.000000000000000 ) ;
#660 = PLANE ( 'NONE',  #478 ) ;
#661 = DIRECTION ( 'NONE',  ( 0.000000000000000000, -1.000000000000000000, 0.000000000000000000 ) ) ;
#662 = MECHANICAL_DESIGN_GEOMETRIC_PRESENTATION_REPRESENTATION (  '', ( #549 ), #743 ) ;
#663 = DIRECTION ( 'NONE',  ( -1.000000000000000000, 0.000000000000000000, 0.000000000000000000 ) ) ;
#664 = ORIENTED_EDGE ( 'NONE', *, *, #1208, .F. ) ;
#665 = CARTESIAN_POINT ( 'NONE',  ( -3.000000000000002665, 2.000000000000000000, -3.750000000000001776 ) ) ;
#666 = DIRECTION ( 'NONE',  ( -1.000000000000000000, 0.000000000000000000, 0.000000000000000000 ) ) ;
#667 = CARTESIAN_POINT ( 'NONE',  ( -2.500000000000000444, -5.549999999999995381, 1.124886238355574219 ) ) ;
#668 = VERTEX_POINT ( 'NONE', #609 ) ;
#669 = CARTESIAN_POINT ( 'NONE',  ( -11.30000000000000071, 6.250000000000002665, 9.250000000000001776 ) ) ;
#670 = ORIENTED_EDGE ( 'NONE', *, *, #2140, .T. ) ;
#671 = CARTESIAN_POINT ( 'NONE',  ( -1.500000000000004885, 5.550000000000001599, -3.750000000000001776 ) ) ;
#672 = CARTESIAN_POINT ( 'NONE',  ( -3.500000000000000000, 6.250000000000000000, 9.249999999999998224 ) ) ;
#673 = DIRECTION ( 'NONE',  ( -0.000000000000000000, -0.000000000000000000, -1.000000000000000000 ) ) ;
#674 = ORIENTED_EDGE ( 'NONE', *, *, #967, .F. ) ;
#675 = DIRECTION ( 'NONE',  ( 3.125627884642896527E-16, -1.000000000000000000, -1.734723475976807341E-16 ) ) ;
#676 = DIRECTION ( 'NONE',  ( 1.000000000000000000, -0.000000000000000000, -0.000000000000000000 ) ) ;
#677 = VERTEX_POINT ( 'NONE', #808 ) ;
#678 = EDGE_CURVE ( 'NONE', #1171, #75, #2134, .T. ) ;
#679 = DIRECTION ( 'NONE',  ( 0.000000000000000000, 0.000000000000000000, 1.000000000000000000 ) ) ;
#680 = ORIENTED_EDGE ( 'NONE', *, *, #913, .T. ) ;
#681 = VECTOR ( 'NONE', #575, 1000.000000000000000 ) ;
#682 = FACE_OUTER_BOUND ( 'NONE', #1363, .T. ) ;
#683 = CARTESIAN_POINT ( 'NONE',  ( 0.000000000000000000, 5.000000000000000888, -5.250000000000001776 ) ) ;
#684 = CARTESIAN_POINT ( 'NONE',  ( -1.500000000000001332, -4.549999999999994493, 1.124886238355572443 ) ) ;
#685 = ORIENTED_EDGE ( 'NONE', *, *, #780, .T. ) ;
#686 = CARTESIAN_POINT ( 'NONE',  ( -13.60000000000000497, 4.680010000000041082, 0.5649999999999364420 ) ) ;
#687 = LINE ( 'NONE', #839, #1878 ) ;
#688 = EDGE_CURVE ( 'NONE', #1067, #1692, #2329, .T. ) ;
#689 = DIRECTION ( 'NONE',  ( 0.7071067811865492381, -1.168223555568282064E-16, 0.7071067811865457964 ) ) ;
#690 = ORIENTED_EDGE ( 'NONE', *, *, #1703, .F. ) ;
#691 = DIRECTION ( 'NONE',  ( 1.000000000000000000, 0.000000000000000000, 0.000000000000000000 ) ) ;
#692 = ORIENTED_EDGE ( 'NONE', *, *, #1455, .T. ) ;
#693 = B_SPLINE_CURVE_WITH_KNOTS ( 'NONE', 3,
 ( #827, #265, #1240, #106, #68, #1214, #1608 ),
 .UNSPECIFIED., .F., .F.,
 ( 4, 3, 4 ),
 ( 0.000000000000000000, 0.0004360738379659458023, 0.0005599220467291420641 ),
 .UNSPECIFIED. ) ;
#694 = EDGE_CURVE ( 'NONE', #409, #2126, #273, .T. ) ;
#695 = CARTESIAN_POINT ( 'NONE',  ( -2.500000000000001332, -5.549999999999996270, -0.5948862383554943678 ) ) ;
#696 = VECTOR ( 'NONE', #663, 1000.000000000000000 ) ;
#697 = CYLINDRICAL_SURFACE ( 'NONE', #2177, 1.000000000000000000 ) ;
#698 = CARTESIAN_POINT ( 'NONE',  ( -2.500000000000000444, -5.549999999999995381, 1.124886238355574219 ) ) ;
#699 = ORIENTED_EDGE ( 'NONE', *, *, #1851, .T. ) ;
#700 = FACE_OUTER_BOUND ( 'NONE', #1340, .T. ) ;
#701 = ADVANCED_FACE ( 'NONE', ( #424 ), #91, .F. ) ;
#702 = AXIS2_PLACEMENT_3D ( 'NONE', #2180, #1587, #1770 ) ;
#703 = FILL_AREA_STYLE_COLOUR ( '', #1879 ) ;
#704 = EDGE_LOOP ( 'NONE', ( #1658, #2107, #2098, #1 ) ) ;
#705 = CARTESIAN_POINT ( 'NONE',  ( -5.500000000000003553, 2.000000000000000000, -3.050000000000001599 ) ) ;
#706 = VERTEX_POINT ( 'NONE', #1370 ) ;
#707 = CARTESIAN_POINT ( 'NONE',  ( -13.60000000000000497, -4.659989999999959664, 0.5650000000000648948 ) ) ;
#708 = CARTESIAN_POINT ( 'NONE',  ( -2.493932693848035509, -4.549999999999996270, -3.750000000000016431 ) ) ;
#709 = CARTESIAN_POINT ( 'NONE',  ( -13.60000000000000497, 5.550000000000001599, -2.050000000000001599 ) ) ;
#710 = VERTEX_POINT ( 'NONE', #2124 ) ;
#711 = EDGE_CURVE ( 'NONE', #1034, #1692, #436, .T. ) ;
#712 = DIRECTION ( 'NONE',  ( 0.000000000000000000, 0.000000000000000000, 1.000000000000000000 ) ) ;
#713 = AXIS2_PLACEMENT_3D ( 'NONE', #448, #435, #1044 ) ;
#714 = EDGE_CURVE ( 'NONE', #1193, #1891, #1939, .T. ) ;
#715 = LINE ( 'NONE', #1842, #1205 ) ;
#716 = ORIENTED_EDGE ( 'NONE', *, *, #1133, .T. ) ;
#717 = FACE_OUTER_BOUND ( 'NONE', #65, .T. ) ;
#718 = ORIENTED_EDGE ( 'NONE', *, *, #626, .F. ) ;
#719 = LINE ( 'NONE', #539, #535 ) ;
#720 = DIRECTION ( 'NONE',  ( 0.000000000000000000, -1.000000000000000000, -1.359501156721635768E-16 ) ) ;
#721 = PLANE ( 'NONE',  #1750 ) ;
#722 = ORIENTED_EDGE ( 'NONE', *, *, #596, .F. ) ;
#723 = AXIS2_PLACEMENT_3D ( 'NONE', #376, #921, #785 ) ;
#724 = CIRCLE ( 'NONE', #2217, 0.5000000000000000000 ) ;
#725 = CARTESIAN_POINT ( 'NONE',  ( -3.000000000000002665, 2.500000000000000000, -3.050000000000001599 ) ) ;
#726 = CYLINDRICAL_SURFACE ( 'NONE', #2112, 0.5000000000000000000 ) ;
#727 = EDGE_CURVE ( 'NONE', #1085, #2094, #822, .T. ) ;
#728 = ORIENTED_EDGE ( 'NONE', *, *, #440, .F. ) ;
#729 = VECTOR ( 'NONE', #46, 1000.000000000000000 ) ;
#730 = CARTESIAN_POINT ( 'NONE',  ( 0.000000000000000000, 5.000000000000000000, 5.249999999999999112 ) ) ;
#731 = EDGE_LOOP ( 'NONE', ( #235, #358, #1899, #1873, #2206, #786, #765, #857, #565 ) ) ;
#732 = EDGE_CURVE ( 'NONE', #1588, #252, #724, .T. ) ;
#733 = CARTESIAN_POINT ( 'NONE',  ( 0.000000000000000000, 6.250000000000000000, 9.249999999999998224 ) ) ;
#734 = LINE ( 'NONE', #2040, #924 ) ;
#735 = CARTESIAN_POINT ( 'NONE',  ( -1.598489767472061951, -5.549999999999995381, 0.5650000000000634515 ) ) ;
#736 = VERTEX_POINT ( 'NONE', #297 ) ;
#737 = ORIENTED_EDGE ( 'NONE', *, *, #678, .T. ) ;
#738 = CARTESIAN_POINT ( 'NONE',  ( -2.493932693848035065, -4.549999999999995381, -0.03499999999993857330 ) ) ;
#739 = CARTESIAN_POINT ( 'NONE',  ( -1.500000000000004663, 4.550000000000001599, -3.050000000000001599 ) ) ;
#740 = VECTOR ( 'NONE', #1382, 1000.000000000000000 ) ;
#741 = AXIS2_PLACEMENT_3D ( 'NONE', #414, #1165, #1918 ) ;
#742 =( LENGTH_UNIT ( ) NAMED_UNIT ( * ) SI_UNIT ( .MILLI., .METRE. ) );
#743 =( GEOMETRIC_REPRESENTATION_CONTEXT ( 3 ) GLOBAL_UNCERTAINTY_ASSIGNED_CONTEXT ( ( #1441 ) ) GLOBAL_UNIT_ASSIGNED_CONTEXT ( ( #742, #916, #1295 ) ) REPRESENTATION_CONTEXT ( 'NONE', 'WORKASPACE' ) );
#744 = ORIENTED_EDGE ( 'NONE', *, *, #1669, .F. ) ;
#745 = EDGE_CURVE ( 'NONE', #649, #1160, #2099, .T. ) ;
#746 = DIRECTION ( 'NONE',  ( 1.000000000000000000, -0.000000000000000000, -0.000000000000000000 ) ) ;
#747 = AXIS2_PLACEMENT_3D ( 'NONE', #1399, #1387, #2346 ) ;
#748 = ORIENTED_EDGE ( 'NONE', *, *, #191, .T. ) ;
#749 = B_SPLINE_CURVE_WITH_KNOTS ( 'NONE', 3,
 ( #868, #467, #1780, #2154, #1597, #2347, #2128, #1931, #1227, #70 ),
 .UNSPECIFIED., .F., .F.,
 ( 4, 2, 2, 2, 4 ),
 ( -6.324555320367876679E-06, 0.0005078165051332812503, 0.001021957565586930359, 0.001536098626040579467, 0.002050239686494228358 ),
 .UNSPECIFIED. ) ;
#750 = CARTESIAN_POINT ( 'NONE',  ( -3.500000000000002665, 2.500000000000000000, -3.050000000000001599 ) ) ;
#751 = VECTOR ( 'NONE', #918, 1000.000000000000000 ) ;
#752 = DIRECTION ( 'NONE',  ( 0.000000000000000000, 0.000000000000000000, 1.000000000000000000 ) ) ;
#753 = PRODUCT_CONTEXT ( 'NONE', #756, 'mechanical' ) ;
#754 = ORIENTED_EDGE ( 'NONE', *, *, #1161, .T. ) ;
#755 = CARTESIAN_POINT ( 'NONE',  ( 0.000000000000000000, -4.999999999999999112, 2.545000000000044338 ) ) ;
#756 = APPLICATION_CONTEXT ( 'automotive_design' ) ;
#757 = DIRECTION ( 'NONE',  ( 0.000000000000000000, 1.652117596168388002E-16, -1.000000000000000000 ) ) ;
#758 = CARTESIAN_POINT ( 'NONE',  ( -13.60000000000000497, 3.200010000000014898, -1.514999999999956604 ) ) ;
#759 = EDGE_CURVE ( 'NONE', #2427, #2201, #1055, .T. ) ;
#760 = ORIENTED_EDGE ( 'NONE', *, *, #2037, .F. ) ;
#761 = AXIS2_PLACEMENT_3D ( 'NONE', #1319, #970, #1710 ) ;
#762 = FACE_OUTER_BOUND ( 'NONE', #1232, .T. ) ;
#763 = CYLINDRICAL_SURFACE ( 'NONE', #171, 1.000000000000000000 ) ;
#764 = APPLICATION_PROTOCOL_DEFINITION ( 'draft international standard', 'automotive_design', 1998, #930 ) ;
#765 = ORIENTED_EDGE ( 'NONE', *, *, #107, .F. ) ;
#766 = CARTESIAN_POINT ( 'NONE',  ( -2.499999953391712548, 5.550000000000001599, -0.4393658847520836019 ) ) ;
#767 = CARTESIAN_POINT ( 'NONE',  ( -5.500000000000003553, -2.500000000000000000, -3.750000000000001776 ) ) ;
#768 = FACE_OUTER_BOUND ( 'NONE', #1586, .T. ) ;
#769 = ADVANCED_FACE ( 'NONE', ( #1080 ), #489, .F. ) ;
#770 = ORIENTED_EDGE ( 'NONE', *, *, #745, .F. ) ;
#771 = CARTESIAN_POINT ( 'NONE',  ( -2.491512682672289536, 4.550000000000001599, 0.5649999999999379963 ) ) ;
#772 = ORIENTED_EDGE ( 'NONE', *, *, #457, .T. ) ;
#773 = CARTESIAN_POINT ( 'NONE',  ( -2.500000000000012434, 4.550000000000001599, -0.6415698639892708499 ) ) ;
#774 = ORIENTED_EDGE ( 'NONE', *, *, #2265, .T. ) ;
#775 = CARTESIAN_POINT ( 'NONE',  ( -2.491512682672300194, 5.550000000000001599, -0.03500000000006492362 ) ) ;
#776 = LINE ( 'NONE', #1928, #1519 ) ;
#777 = PLANE ( 'NONE',  #1752 ) ;
#778 = VECTOR ( 'NONE', #673, 1000.000000000000000 ) ;
#779 = ORIENTED_EDGE ( 'NONE', *, *, #511, .T. ) ;
#780 = EDGE_CURVE ( 'NONE', #736, #1809, #2389, .T. ) ;
#781 = LINE ( 'NONE', #758, #962 ) ;
#782 = CIRCLE ( 'NONE', #862, 2.000000000000000000 ) ;
#783 = VERTEX_POINT ( 'NONE', #683 ) ;
#784 = EDGE_LOOP ( 'NONE', ( #2063, #2118, #1213, #1100 ) ) ;
#785 = DIRECTION ( 'NONE',  ( 0.000000000000000000, 1.000000000000000000, 0.000000000000000000 ) ) ;
#786 = ORIENTED_EDGE ( 'NONE', *, *, #1318, .F. ) ;
#787 = CARTESIAN_POINT ( 'NONE',  ( -13.60000000000000497, -3.179989999999959238, 0.5650000000000435785 ) ) ;
#788 = EDGE_CURVE ( 'NONE', #1957, #2186, #540, .T. ) ;
#789 = DIRECTION ( 'NONE',  ( 0.000000000000000000, -1.000000000000000000, 1.301042606982605321E-14 ) ) ;
#790 = EDGE_CURVE ( 'NONE', #1711, #668, #2173, .T. ) ;
#791 = DIRECTION ( 'NONE',  ( 0.000000000000000000, 0.000000000000000000, -1.000000000000000000 ) ) ;
#792 = ORIENTED_EDGE ( 'NONE', *, *, #1708, .F. ) ;
#793 = AXIS2_PLACEMENT_3D ( 'NONE', #284, #1661, #126 ) ;
#794 = CARTESIAN_POINT ( 'NONE',  ( -13.60000000000000142, -6.550000000000000711, -3.750000000000001776 ) ) ;
#795 = ORIENTED_EDGE ( 'NONE', *, *, #1546, .F. ) ;
#796 = DIRECTION ( 'NONE',  ( 0.000000000000000000, -0.000000000000000000, -1.000000000000000000 ) ) ;
#797 = DIRECTION ( 'NONE',  ( -1.224646799147353947E-16, 1.000000000000000000, 1.734723475976807341E-16 ) ) ;
#798 = DIRECTION ( 'NONE',  ( 0.000000000000000000, 3.589083053745117718E-16, 1.000000000000000000 ) ) ;
#799 = ADVANCED_FACE ( 'NONE', ( #1822 ), #1448, .F. ) ;
#800 = VECTOR ( 'NONE', #2109, 1000.000000000000000 ) ;
#801 = CARTESIAN_POINT ( 'NONE',  ( -3.500000000000000000, 6.250000000000000000, -5.250000000000001776 ) ) ;
#802 = CARTESIAN_POINT ( 'NONE',  ( -1.500000000000001332, -4.659989999999963217, -0.03499999999993747696 ) ) ;
#803 = ORIENTED_EDGE ( 'NONE', *, *, #2317, .F. ) ;
#804 = CARTESIAN_POINT ( 'NONE',  ( 0.000000000000000000, 5.000000000000000000, 5.249999999999999112 ) ) ;
#805 = ORIENTED_EDGE ( 'NONE', *, *, #1708, .T. ) ;
#806 = ADVANCED_FACE ( 'NONE', ( #127 ), #1278, .T. ) ;
#807 = DIRECTION ( 'NONE',  ( -1.000000000000000000, 0.000000000000000000, 0.000000000000000000 ) ) ;
#808 = CARTESIAN_POINT ( 'NONE',  ( -13.60000000000000142, 7.300000000000002487, -5.250000000000000888 ) ) ;
#809 = CYLINDRICAL_SURFACE ( 'NONE', #812, 1.000000000000000888 ) ;
#810 = CYLINDRICAL_SURFACE ( 'NONE', #2309, 1.000000000000000000 ) ;
#811 =( BOUNDED_SURFACE ( )  B_SPLINE_SURFACE ( 3, 2, ( 
 ( #2412, #735, #364 ),
 ( #1070, #557, #1302 ),
 ( #2055, #177, #938 ),
 ( #684, #2280, #1150 ) ),
 .UNSPECIFIED., .F., .F., .F. ) 
 B_SPLINE_SURFACE_WITH_KNOTS ( ( 4, 4 ),
 ( 3, 3 ),
 ( 0.002586114044995246278, 0.003146865417904923766 ),
 ( 0.000000000000000000, 1.000000000000000000 ),
 .UNSPECIFIED. ) 
 GEOMETRIC_REPRESENTATION_ITEM ( )  RATIONAL_B_SPLINE_SURFACE ( (
 ( 1.000000000000000000, 0.7449798654997208391, 1.000000000000000000),
 ( 1.000000000000000000, 0.7451812644236549543, 1.000000000000000000),
 ( 1.000000000000000000, 0.7303503378086059206, 1.000000000000000000),
 ( 1.000000000000000000, 0.7071067811865472397, 1.000000000000000000) ) ) 
 REPRESENTATION_ITEM ( '' )  SURFACE ( )  );
#812 = AXIS2_PLACEMENT_3D ( 'NONE', #53, #1324, #975 ) ;
#813 = LINE ( 'NONE', #1375, #1901 ) ;
#814 = LINE ( 'NONE', #1300, #1983 ) ;
#815 = ORIENTED_EDGE ( 'NONE', *, *, #1328, .T. ) ;
#816 = EDGE_CURVE ( 'NONE', #2029, #1506, #1345, .T. ) ;
#817 = VERTEX_POINT ( 'NONE', #1045 ) ;
#818 = AXIS2_PLACEMENT_3D ( 'NONE', #2127, #218, #441 ) ;
#819 = ORIENTED_EDGE ( 'NONE', *, *, #1832, .F. ) ;
#820 = AXIS2_PLACEMENT_3D ( 'NONE', #1924, #1105, #993 ) ;
#821 = CYLINDRICAL_SURFACE ( 'NONE', #713, 1.000000000000000000 ) ;
#822 = LINE ( 'NONE', #1421, #843 ) ;
#823 = VECTOR ( 'NONE', #914, 1000.000000000000000 ) ;
#824 = DIRECTION ( 'NONE',  ( -1.000000000000000000, -0.000000000000000000, 0.000000000000000000 ) ) ;
#825 = EDGE_LOOP ( 'NONE', ( #153, #1076, #465, #58, #923 ) ) ;
#826 = EDGE_LOOP ( 'NONE', ( #485, #1216, #1763, #1641 ) ) ;
#827 = CARTESIAN_POINT ( 'NONE',  ( -2.493932693848033733, -5.549999999999996270, -0.03499999999994005823 ) ) ;
#828 = LINE ( 'NONE', #1572, #851 ) ;
#829 = ORIENTED_EDGE ( 'NONE', *, *, #1374, .T. ) ;
#830 = CARTESIAN_POINT ( 'NONE',  ( -1.500000000000005773, 5.550000000000006040, 1.171569863989342375 ) ) ;
#831 = ADVANCED_FACE ( 'NONE', ( #1787 ), #1605, .F. ) ;
#832 = EDGE_LOOP ( 'NONE', ( #1291, #1196, #245, #309 ) ) ;
#833 = ADVANCED_FACE ( 'NONE', ( #117 ), #874, .F. ) ;
#834 = PLANE ( 'NONE',  #594 ) ;
#835 = CARTESIAN_POINT ( 'NONE',  ( -3.500000000000000000, 6.250000000000000000, -5.250000000000001776 ) ) ;
#836 = DIRECTION ( 'NONE',  ( -1.000000000000000000, 0.000000000000000000, -0.000000000000000000 ) ) ;
#837 = EDGE_LOOP ( 'NONE', ( #1664, #348, #1532, #2278 ) ) ;
#838 = VECTOR ( 'NONE', #1888, 1000.000000000000000 ) ;
#839 = CARTESIAN_POINT ( 'NONE',  ( -13.60000000000000142, 7.300000000000002487, 9.250000000000000000 ) ) ;
#840 = EDGE_CURVE ( 'NONE', #1087, #1183, #2365, .T. ) ;
#841 = LINE ( 'NONE', #2009, #1094 ) ;
#842 = ORIENTED_EDGE ( 'NONE', *, *, #1133, .F. ) ;
#843 = VECTOR ( 'NONE', #2199, 1000.000000000000000 ) ;
#844 = SPHERICAL_SURFACE ( 'NONE', #1562, 1.000000000000000000 ) ;
#845 = ORIENTED_EDGE ( 'NONE', *, *, #121, .T. ) ;
#846 = CARTESIAN_POINT ( 'NONE',  ( -6.000000000000002665, -2.000000000000000444, -3.050000000000001599 ) ) ;
#847 = FACE_OUTER_BOUND ( 'NONE', #529, .T. ) ;
#848 = FACE_BOUND ( 'NONE', #361, .T. ) ;
#849 = VERTEX_POINT ( 'NONE', #336 ) ;
#850 = ORIENTED_EDGE ( 'NONE', *, *, #1161, .F. ) ;
#851 = VECTOR ( 'NONE', #2117, 1000.000000000000114 ) ;
#852 = CARTESIAN_POINT ( 'NONE',  ( -1.500000000000004885, 4.999999999999999112, 5.249999999999999112 ) ) ;
#853 = DIRECTION ( 'NONE',  ( 1.000000000000000000, -0.000000000000000000, -0.000000000000000000 ) ) ;
#854 = CARTESIAN_POINT ( 'NONE',  ( 1.999999999999999556, -5.000000000000000000, 4.045000000000045226 ) ) ;
#855 = ORIENTED_EDGE ( 'NONE', *, *, #1404, .F. ) ;
#856 = CARTESIAN_POINT ( 'NONE',  ( -13.60000000000000497, 5.550000000000001599, -3.750000000000001776 ) ) ;
#857 = ORIENTED_EDGE ( 'NONE', *, *, #2012, .T. ) ;
#858 = VECTOR ( 'NONE', #2224, 1000.000000000000000 ) ;
#859 = VECTOR ( 'NONE', #2161, 1000.000000000000000 ) ;
#860 = CARTESIAN_POINT ( 'NONE',  ( 0.000000000000000000, -5.000000000000000000, 2.545000000000044338 ) ) ;
#861 = DIRECTION ( 'NONE',  ( -0.000000000000000000, 0.000000000000000000, -1.000000000000000000 ) ) ;
#862 = AXIS2_PLACEMENT_3D ( 'NONE', #370, #1120, #2383 ) ;
#863 = CARTESIAN_POINT ( 'NONE',  ( -3.500000000000002665, -2.000000000000000000, -3.050000000000001599 ) ) ;
#864 = AXIS2_PLACEMENT_3D ( 'NONE', #316, #1867, #712 ) ;
#865 = ADVANCED_FACE ( 'NONE', ( #2378 ), #1836, .F. ) ;
#866 = LINE ( 'NONE', #1048, #1131 ) ;
#867 = VECTOR ( 'NONE', #746, 1000.000000000000000 ) ;
#868 = CARTESIAN_POINT ( 'NONE',  ( -13.60000000000000142, -6.550000000000000711, -2.050000000000001599 ) ) ;
#869 = CARTESIAN_POINT ( 'NONE',  ( -13.60000000000000497, 3.200010000000014898, -1.514999999999956604 ) ) ;
#870 = VERTEX_POINT ( 'NONE', #515 ) ;
#871 = DIRECTION ( 'NONE',  ( 0.000000000000000000, 1.000000000000000000, 0.000000000000000000 ) ) ;
#872 = ORIENTED_EDGE ( 'NONE', *, *, #678, .F. ) ;
#873 = DIRECTION ( 'NONE',  ( 0.000000000000000000, -1.000000000000000000, -8.260587980841940012E-17 ) ) ;
#874 = CYLINDRICAL_SURFACE ( 'NONE', #1429, 1.000000000000000000 ) ;
#875 = DIRECTION ( 'NONE',  ( -0.000000000000000000, -8.260587980841938780E-17, 1.000000000000000000 ) ) ;
#876 = ORIENTED_EDGE ( 'NONE', *, *, #2315, .T. ) ;
#877 = DIRECTION ( 'NONE',  ( 2.648432787750849698E-16, -1.000000000000000000, 0.000000000000000000 ) ) ;
#878 = CARTESIAN_POINT ( 'NONE',  ( 2.000000000000000000, 5.000000000000000000, 5.249999999999999112 ) ) ;
#879 = CARTESIAN_POINT ( 'NONE',  ( -13.60000000000000497, 4.817949192431126626, -3.050000000000001599 ) ) ;
#880 = ORIENTED_EDGE ( 'NONE', *, *, #88, .F. ) ;
#881 = PRODUCT_DEFINITION_CONTEXT ( 'detailed design', #930, 'design' ) ;
#882 = ADVANCED_FACE ( 'NONE', ( #1472 ), #697, .F. ) ;
#883 = CARTESIAN_POINT ( 'NONE',  ( -3.500000000000002665, 2.500000000000000000, -3.750000000000001776 ) ) ;
#884 = ORIENTED_EDGE ( 'NONE', *, *, #2159, .F. ) ;
#885 = CARTESIAN_POINT ( 'NONE',  ( -12.59999999999999964, 6.550000000000001599, -3.050000000000001599 ) ) ;
#886 = CARTESIAN_POINT ( 'NONE',  ( -13.60000000000000497, 0.01001000000005893356, 2.045000000000043894 ) ) ;
#887 = LINE ( 'NONE', #709, #2382 ) ;
#888 = ORIENTED_EDGE ( 'NONE', *, *, #1233, .T. ) ;
#889 = EDGE_CURVE ( 'NONE', #212, #569, #1116, .T. ) ;
#890 = DIRECTION ( 'NONE',  ( 0.000000000000000000, 3.589083053745117718E-16, 1.000000000000000000 ) ) ;
#891 = DIRECTION ( 'NONE',  ( -1.000000000000000000, 0.000000000000000000, 0.000000000000000000 ) ) ;
#892 = CARTESIAN_POINT ( 'NONE',  ( -7.000000000000000000, 6.250000000000002665, 9.250000000000000000 ) ) ;
#893 = ORIENTED_EDGE ( 'NONE', *, *, #1909, .T. ) ;
#894 = LINE ( 'NONE', #333, #2244 ) ;
#895 = ADVANCED_FACE ( 'NONE', ( #1516 ), #2076, .F. ) ;
#896 = ORIENTED_EDGE ( 'NONE', *, *, #1268, .F. ) ;
#897 = CARTESIAN_POINT ( 'NONE',  ( 0.000000000000000000, -5.550000000000001599, 5.249999999999997335 ) ) ;
#898 = AXIS2_PLACEMENT_3D ( 'NONE', #1032, #824, #2320 ) ;
#899 = CARTESIAN_POINT ( 'NONE',  ( -13.60000000000000142, -7.300000000000002487, -5.249999999999998224 ) ) ;
#900 = LINE ( 'NONE', #337, #382 ) ;
#901 = ORIENTED_EDGE ( 'NONE', *, *, #688, .T. ) ;
#902 = EDGE_CURVE ( 'NONE', #165, #1538, #169, .T. ) ;
#903 = AXIS2_PLACEMENT_3D ( 'NONE', #1316, #1828, #1132 ) ;
#904 = DIRECTION ( 'NONE',  ( 0.000000000000000000, -0.000000000000000000, -1.000000000000000000 ) ) ;
#905 = DIRECTION ( 'NONE',  ( 0.000000000000000000, 0.000000000000000000, -1.000000000000000000 ) ) ;
#906 = ORIENTED_EDGE ( 'NONE', *, *, #816, .T. ) ;
#907 = CARTESIAN_POINT ( 'NONE',  ( -10.99061417756077930, 5.000000000000000888, 2.545000000000044338 ) ) ;
#908 = ORIENTED_EDGE ( 'NONE', *, *, #519, .T. ) ;
#909 = CARTESIAN_POINT ( 'NONE',  ( -11.30000000000000071, -6.250000000000002665, -5.249999999999998224 ) ) ;
#910 = DIRECTION ( 'NONE',  ( 3.125627884642896527E-16, -1.000000000000000000, -1.734723475976807341E-16 ) ) ;
#911 = LINE ( 'NONE', #1485, #2268 ) ;
#912 = ORIENTED_EDGE ( 'NONE', *, *, #2159, .T. ) ;
#913 = EDGE_CURVE ( 'NONE', #1262, #1403, #2426, .T. ) ;
#914 = DIRECTION ( 'NONE',  ( 0.000000000000000000, -1.000000000000000000, 0.000000000000000000 ) ) ;
#915 = AXIS2_PLACEMENT_3D ( 'NONE', #89, #995, #1209 ) ;
#916 =( NAMED_UNIT ( * ) PLANE_ANGLE_UNIT ( ) SI_UNIT ( $, .RADIAN. ) );
#917 = EDGE_CURVE ( 'NONE', #1160, #2394, #734, .T. ) ;
#918 = DIRECTION ( 'NONE',  ( -0.000000000000000000, 1.000000000000000000, -2.376333528735352191E-16 ) ) ;
#919 = ORIENTED_EDGE ( 'NONE', *, *, #2122, .F. ) ;
#920 = CARTESIAN_POINT ( 'NONE',  ( 2.000000000000000000, 0.000000000000000000, 4.045000000000045226 ) ) ;
#921 = DIRECTION ( 'NONE',  ( 1.000000000000000000, 5.734623061080354406E-16, -0.000000000000000000 ) ) ;
#922 = FACE_OUTER_BOUND ( 'NONE', #47, .T. ) ;
#923 = ORIENTED_EDGE ( 'NONE', *, *, #260, .F. ) ;
#924 = VECTOR ( 'NONE', #176, 1000.000000000000000 ) ;
#925 = VECTOR ( 'NONE', #2003, 1000.000000000000000 ) ;
#926 = ORIENTED_EDGE ( 'NONE', *, *, #1804, .T. ) ;
#927 = CARTESIAN_POINT ( 'NONE',  ( -3.500000000000000000, -6.250000000000000000, -5.250000000000001776 ) ) ;
#928 = EDGE_CURVE ( 'NONE', #1506, #2316, #1729, .T. ) ;
#929 = EDGE_CURVE ( 'NONE', #1957, #491, #1659, .T. ) ;
#930 = APPLICATION_CONTEXT ( 'automotive_design' ) ;
#931 = CARTESIAN_POINT ( 'NONE',  ( -7.000000000000000000, 7.300000000000002487, -5.250000000000000888 ) ) ;
#932 = VERTEX_POINT ( 'NONE', #937 ) ;
#933 = VECTOR ( 'NONE', #349, 1000.000000000000000 ) ;
#934 = LINE ( 'NONE', #1308, #2353 ) ;
#935 = EDGE_LOOP ( 'NONE', ( #1730, #744, #1322, #1051 ) ) ;
#936 = CARTESIAN_POINT ( 'NONE',  ( -1.598489767177084131, -5.549999999999996270, -0.2353364175372643641 ) ) ;
#937 = CARTESIAN_POINT ( 'NONE',  ( -13.60000000000000142, -6.550000000000000711, 9.250000000000003553 ) ) ;
#938 = CARTESIAN_POINT ( 'NONE',  ( -2.499999959274191497, -5.549999999999996270, 0.9383119384920816097 ) ) ;
#939 = ORIENTED_EDGE ( 'NONE', *, *, #470, .T. ) ;
#940 = DIRECTION ( 'NONE',  ( 1.000000000000000000, 0.000000000000000000, 0.000000000000000000 ) ) ;
#941 = CARTESIAN_POINT ( 'NONE',  ( -1.500000000000004663, 4.550000000000001599, -2.050000000000001599 ) ) ;
#942 = DIRECTION ( 'NONE',  ( -0.000000000000000000, 0.000000000000000000, 1.000000000000000000 ) ) ;
#943 = EDGE_CURVE ( 'NONE', #2186, #1672, #1862, .T. ) ;
#944 = AXIS2_PLACEMENT_3D ( 'NONE', #2164, #2358, #2370 ) ;
#945 = CARTESIAN_POINT ( 'NONE',  ( -3.500000000000002665, 2.000000000000000000, -3.050000000000001599 ) ) ;
#946 = VECTOR ( 'NONE', #305, 1000.000000000000000 ) ;
#947 = ORIENTED_EDGE ( 'NONE', *, *, #1491, .F. ) ;
#948 = CARTESIAN_POINT ( 'NONE',  ( -2.500000000000001776, -4.549999999999994493, -3.750000000000001776 ) ) ;
#949 = VECTOR ( 'NONE', #1584, 1000.000000000000000 ) ;
#950 = ORIENTED_EDGE ( 'NONE', *, *, #240, .T. ) ;
#951 = CARTESIAN_POINT ( 'NONE',  ( -10.99061417756077930, -5.000000000000000000, -2.014999999999952163 ) ) ;
#952 = FACE_OUTER_BOUND ( 'NONE', #2136, .T. ) ;
#953 = DIRECTION ( 'NONE',  ( 1.000000000000000000, 0.000000000000000000, 0.000000000000000000 ) ) ;
#954 = ORIENTED_EDGE ( 'NONE', *, *, #2202, .F. ) ;
#955 = EDGE_CURVE ( 'NONE', #264, #932, #1344, .T. ) ;
#956 = LINE ( 'NONE', #1521, #1323 ) ;
#957 = DIRECTION ( 'NONE',  ( 0.000000000000000000, -1.000000000000000000, 1.782250146551513280E-16 ) ) ;
#958 = ORIENTED_EDGE ( 'NONE', *, *, #596, .T. ) ;
#959 = CYLINDRICAL_SURFACE ( 'NONE', #403, 1.000000000000000000 ) ;
#960 = ORIENTED_EDGE ( 'NONE', *, *, #727, .F. ) ;
#961 = ADVANCED_FACE ( 'NONE', ( #952 ), #2054, .T. ) ;
#962 = VECTOR ( 'NONE', #384, 1000.000000000000000 ) ;
#963 = CARTESIAN_POINT ( 'NONE',  ( 0.000000000000000000, -6.250000000000000888, 5.249999999999997335 ) ) ;
#964 = VERTEX_POINT ( 'NONE', #1676 ) ;
#965 = CARTESIAN_POINT ( 'NONE',  ( -1.499999999961637132, 4.680009999707371193, -0.2588180819677324829 ) ) ;
#966 = DIRECTION ( 'NONE',  ( 0.000000000000000000, -1.000000000000000000, 0.000000000000000000 ) ) ;
#967 = EDGE_CURVE ( 'NONE', #19, #2029, #282, .T. ) ;
#968 = DIRECTION ( 'NONE',  ( 0.000000000000000000, 0.000000000000000000, 1.000000000000000000 ) ) ;
#969 = ORIENTED_EDGE ( 'NONE', *, *, #1856, .F. ) ;
#970 = DIRECTION ( 'NONE',  ( -0.000000000000000000, 1.000000000000000000, 0.000000000000000000 ) ) ;
#971 = ORIENTED_EDGE ( 'NONE', *, *, #2204, .T. ) ;
#972 = EDGE_CURVE ( 'NONE', #1183, #2156, #1039, .T. ) ;
#973 = DIRECTION ( 'NONE',  ( 0.000000000000000000, 3.589083053745117718E-16, 1.000000000000000000 ) ) ;
#974 = ORIENTED_EDGE ( 'NONE', *, *, #711, .T. ) ;
#975 = DIRECTION ( 'NONE',  ( -1.000000000000000000, 0.000000000000000000, 0.000000000000000000 ) ) ;
#976 = ADVANCED_FACE ( 'NONE', ( #1149 ), #763, .F. ) ;
#977 = LINE ( 'NONE', #1718, #2193 ) ;
#978 = CIRCLE ( 'NONE', #1287, 1.479999999999999982 ) ;
#979 = VECTOR ( 'NONE', #1256, 1000.000000000000000 ) ;
#980 = DIRECTION ( 'NONE',  ( -1.000000000000000000, 0.000000000000000000, 1.626303258728256651E-15 ) ) ;
#981 = AXIS2_PLACEMENT_3D ( 'NONE', #2215, #330, #2405 ) ;
#982 = ORIENTED_EDGE ( 'NONE', *, *, #2254, .F. ) ;
#983 = LINE ( 'NONE', #794, #387 ) ;
#984 = ORIENTED_EDGE ( 'NONE', *, *, #429, .T. ) ;
#985 = FACE_OUTER_BOUND ( 'NONE', #704, .T. ) ;
#986 = DIRECTION ( 'NONE',  ( 0.000000000000000000, 1.301042606982599010E-14, 1.000000000000000000 ) ) ;
#987 = EDGE_CURVE ( 'NONE', #2094, #1711, #204, .T. ) ;
#988 = DIRECTION ( 'NONE',  ( -1.000000000000000000, 0.000000000000000000, -1.626303258728256651E-15 ) ) ;
#989 = DIRECTION ( 'NONE',  ( -5.421010862427522170E-16, -3.108745390604396209E-31, 1.000000000000000000 ) ) ;
#990 = FACE_OUTER_BOUND ( 'NONE', #1824, .T. ) ;
#991 = ORIENTED_EDGE ( 'NONE', *, *, #928, .F. ) ;
#992 = EDGE_CURVE ( 'NONE', #2126, #203, #1321, .T. ) ;
#993 = DIRECTION ( 'NONE',  ( 0.000000000000000000, 0.000000000000000000, 1.000000000000000000 ) ) ;
#994 = ORIENTED_EDGE ( 'NONE', *, *, #22, .T. ) ;
#995 = DIRECTION ( 'NONE',  ( 1.000000000000000000, -0.000000000000000000, -0.000000000000000000 ) ) ;
#996 = CARTESIAN_POINT ( 'NONE',  ( -3.500000000000000000, 7.300000000000002487, 9.250000000000000000 ) ) ;
#997 = DIRECTION ( 'NONE',  ( -1.000000000000000000, 0.000000000000000000, 0.000000000000000000 ) ) ;
#998 = EDGE_CURVE ( 'NONE', #1503, #1260, #18, .T. ) ;
#999 = PLANE ( 'NONE',  #741 ) ;
#1000 = CARTESIAN_POINT ( 'NONE',  ( -3.500000000000000000, -6.250000000000000000, -5.250000000000001776 ) ) ;
#1001 = CARTESIAN_POINT ( 'NONE',  ( -2.493932693848033733, -5.549999999999996270, -0.03499999999993959332 ) ) ;
#1002 = ORIENTED_EDGE ( 'NONE', *, *, #1652, .F. ) ;
#1003 = FACE_OUTER_BOUND ( 'NONE', #584, .T. ) ;
#1004 = ORIENTED_EDGE ( 'NONE', *, *, #1966, .F. ) ;
#1005 = FACE_OUTER_BOUND ( 'NONE', #438, .T. ) ;
#1006 = DIRECTION ( 'NONE',  ( 0.000000000000000000, -1.000000000000000000, -1.734723475976807094E-16 ) ) ;
#1007 = DIRECTION ( 'NONE',  ( 1.000000000000000000, -8.673617379884035472E-16, 0.000000000000000000 ) ) ;
#1008 = EDGE_LOOP ( 'NONE', ( #1764, #1457, #1275, #1886 ) ) ;
#1009 = CARTESIAN_POINT ( 'NONE',  ( -2.500000000000001776, -4.549999999999996270, 1.124886238355573331 ) ) ;
#1010 = EDGE_CURVE ( 'NONE', #1964, #1701, #29, .T. ) ;
#1011 = VECTOR ( 'NONE', #1473, 1000.000000000000000 ) ;
#1012 = DIRECTION ( 'NONE',  ( 0.000000000000000000, -1.000000000000000000, 2.168404344971008868E-16 ) ) ;
#1013 = ORIENTED_EDGE ( 'NONE', *, *, #394, .T. ) ;
#1014 = EDGE_CURVE ( 'NONE', #2302, #188, #1535, .T. ) ;
#1015 = CARTESIAN_POINT ( 'NONE',  ( -1.572843940778939187, 5.550000000000343547, 1.009447379189971850 ) ) ;
#1016 = ORIENTED_EDGE ( 'NONE', *, *, #240, .F. ) ;
#1017 = VECTOR ( 'NONE', #1378, 1000.000000000000000 ) ;
#1018 = DIRECTION ( 'NONE',  ( 0.000000000000000000, 0.000000000000000000, -1.000000000000000000 ) ) ;
#1019 = LINE ( 'NONE', #1761, #740 ) ;
#1020 = DIRECTION ( 'NONE',  ( -0.000000000000000000, 0.000000000000000000, 1.000000000000000000 ) ) ;
#1021 = ORIENTED_EDGE ( 'NONE', *, *, #1772, .T. ) ;
#1022 = EDGE_CURVE ( 'NONE', #1809, #932, #2123, .T. ) ;
#1023 = CARTESIAN_POINT ( 'NONE',  ( 2.000000000000000000, -5.000000000000000000, 5.249999999999997335 ) ) ;
#1024 = CYLINDRICAL_SURFACE ( 'NONE', #208, 1.479999999999995319 ) ;
#1025 = LINE ( 'NONE', #1049, #946 ) ;
#1026 = ORIENTED_EDGE ( 'NONE', *, *, #1856, .T. ) ;
#1027 = DIRECTION ( 'NONE',  ( 1.000000000000000000, -0.000000000000000000, -0.000000000000000000 ) ) ;
#1028 = ORIENTED_EDGE ( 'NONE', *, *, #2265, .F. ) ;
#1029 = VECTOR ( 'NONE', #1702, 1000.000000000000000 ) ;
#1030 = DIRECTION ( 'NONE',  ( 0.000000000000000000, -8.673617379884036705E-17, 1.000000000000000000 ) ) ;
#1031 = DIRECTION ( 'NONE',  ( 1.708567045196847038E-15, -0.000000000000000000, 1.000000000000000000 ) ) ;
#1032 = CARTESIAN_POINT ( 'NONE',  ( 0.000000000000000000, -3.179989999999959238, 0.5650000000000435785 ) ) ;
#1033 = EDGE_LOOP ( 'NONE', ( #2056, #595, #574, #1965 ) ) ;
#1034 = VERTEX_POINT ( 'NONE', #1786 ) ;
#1035 = DIRECTION ( 'NONE',  ( -2.930276141852803194E-16, 1.000000000000000000, 0.000000000000000000 ) ) ;
#1036 = ADVANCED_FACE ( 'NONE', ( #1005 ), #660, .F. ) ;
#1037 = LINE ( 'NONE', #481, #344 ) ;
#1038 = ORIENTED_EDGE ( 'NONE', *, *, #289, .F. ) ;
#1039 = CIRCLE ( 'NONE', #1736, 0.5000000000000004441 ) ;
#1040 = AXIS2_PLACEMENT_3D ( 'NONE', #1800, #2400, #861 ) ;
#1041 = CARTESIAN_POINT ( 'NONE',  ( -3.500000000000000000, 6.250000000000000000, -5.250000000000001776 ) ) ;
#1042 = VERTEX_POINT ( 'NONE', #249 ) ;
#1043 = EDGE_CURVE ( 'NONE', #710, #513, #1767, .T. ) ;
#1044 = DIRECTION ( 'NONE',  ( -1.000000000000000000, 0.000000000000000000, 0.000000000000000000 ) ) ;
#1045 = CARTESIAN_POINT ( 'NONE',  ( 0.000000000000000000, -5.000000000000000000, 5.249999999999997335 ) ) ;
#1046 = LINE ( 'NONE', #1383, #778 ) ;
#1047 = AXIS2_PLACEMENT_3D ( 'NONE', #431, #2249, #1348 ) ;
#1048 = CARTESIAN_POINT ( 'NONE',  ( -11.30000000000000071, -7.299999999999997158, 9.250000000000003553 ) ) ;
#1049 = CARTESIAN_POINT ( 'NONE',  ( -3.000000000000002665, 2.500000000000000000, -3.750000000000001776 ) ) ;
#1050 = EDGE_LOOP ( 'NONE', ( #1028, #1769, #770, #149, #1143 ) ) ;
#1051 = ORIENTED_EDGE ( 'NONE', *, *, #2323, .T. ) ;
#1052 = CIRCLE ( 'NONE', #2420, 0.5000000000000000000 ) ;
#1053 = AXIS2_PLACEMENT_3D ( 'NONE', #230, #1737, #988 ) ;
#1054 = DIRECTION ( 'NONE',  ( 0.000000000000000000, 8.260587980841940012E-17, -1.000000000000000000 ) ) ;
#1055 = LINE ( 'NONE', #501, #1154 ) ;
#1056 = VECTOR ( 'NONE', #404, 1000.000000000000000 ) ;
#1057 = LINE ( 'NONE', #298, #1442 ) ;
#1058 = ORIENTED_EDGE ( 'NONE', *, *, #2095, .T. ) ;
#1059 = VECTOR ( 'NONE', #1666, 1000.000000000000000 ) ;
#1060 = DIRECTION ( 'NONE',  ( 1.000000000000000000, 0.000000000000000000, 0.000000000000000000 ) ) ;
#1061 = ADVANCED_FACE ( 'NONE', ( #237 ), #473, .F. ) ;
#1062 = VECTOR ( 'NONE', #1417, 1000.000000000000000 ) ;
#1063 = DIRECTION ( 'NONE',  ( 0.000000000000000000, -1.000000000000000000, 1.782250146551513280E-16 ) ) ;
#1064 = ORIENTED_EDGE ( 'NONE', *, *, #1325, .F. ) ;
#1065 = DIRECTION ( 'NONE',  ( 0.000000000000000000, -0.000000000000000000, 1.000000000000000000 ) ) ;
#1066 = EDGE_CURVE ( 'NONE', #1160, #517, #1760, .T. ) ;
#1067 = VERTEX_POINT ( 'NONE', #1604 ) ;
#1068 = PLANE ( 'NONE',  #494 ) ;
#1069 = DIRECTION ( 'NONE',  ( 1.000000000000000000, 0.000000000000000000, -0.000000000000000000 ) ) ;
#1070 = CARTESIAN_POINT ( 'NONE',  ( -1.500000000022246427, -4.659990000200975757, 0.7679930695455228218 ) ) ;
#1071 = VERTEX_POINT ( 'NONE', #1733 ) ;
#1072 = FACE_OUTER_BOUND ( 'NONE', #1299, .T. ) ;
#1073 = VECTOR ( 'NONE', #35, 1000.000000000000000 ) ;
#1074 = EDGE_CURVE ( 'NONE', #374, #179, #1222, .T. ) ;
#1075 = DIRECTION ( 'NONE',  ( 0.000000000000000000, -1.445602896647330436E-15, 1.000000000000000000 ) ) ;
#1076 = ORIENTED_EDGE ( 'NONE', *, *, #215, .T. ) ;
#1077 = CARTESIAN_POINT ( 'NONE',  ( -3.500000000000000000, -6.250000000000000000, -5.250000000000001776 ) ) ;
#1078 = ORIENTED_EDGE ( 'NONE', *, *, #2293, .T. ) ;
#1079 = LINE ( 'NONE', #162, #1477 ) ;
#1080 = FACE_OUTER_BOUND ( 'NONE', #1895, .T. ) ;
#1081 = DIRECTION ( 'NONE',  ( 1.000000000000000000, 3.125627884642896527E-16, 0.000000000000000000 ) ) ;
#1082 = VERTEX_POINT ( 'NONE', #1420 ) ;
#1083 = LINE ( 'NONE', #1281, #2115 ) ;
#1084 = PLANE ( 'NONE',  #981 ) ;
#1085 = VERTEX_POINT ( 'NONE', #1553 ) ;
#1086 = DIRECTION ( 'NONE',  ( 0.000000000000000000, 1.652117596168388002E-16, -1.000000000000000000 ) ) ;
#1087 = VERTEX_POINT ( 'NONE', #846 ) ;
#1088 = ADVANCED_FACE ( 'NONE', ( #2172 ), #821, .F. ) ;
#1089 = FACE_BOUND ( 'NONE', #2032, .T. ) ;
#1090 = VECTOR ( 'NONE', #10, 1000.000000000000000 ) ;
#1091 = DIRECTION ( 'NONE',  ( 0.000000000000000000, 1.000000000000000000, -0.000000000000000000 ) ) ;
#1092 = LINE ( 'NONE', #2004, #1633 ) ;
#1093 = ORIENTED_EDGE ( 'NONE', *, *, #816, .F. ) ;
#1094 = VECTOR ( 'NONE', #317, 1000.000000000000000 ) ;
#1095 = PLANE ( 'NONE',  #2428 ) ;
#1096 = EDGE_CURVE ( 'NONE', #1538, #1527, #2305, .T. ) ;
#1097 = PRESENTATION_STYLE_ASSIGNMENT (( #157 ) ) ;
#1098 = ORIENTED_EDGE ( 'NONE', *, *, #1725, .T. ) ;
#1099 = DIRECTION ( 'NONE',  ( -1.000000000000000000, -0.000000000000000000, -0.000000000000000000 ) ) ;
#1100 = ORIENTED_EDGE ( 'NONE', *, *, #987, .F. ) ;
#1101 = LINE ( 'NONE', #1192, #1905 ) ;
#1102 = DIRECTION ( 'NONE',  ( -1.000000000000000000, 0.000000000000000000, 0.000000000000000000 ) ) ;
#1103 = CARTESIAN_POINT ( 'NONE',  ( 2.000000000000000000, 5.000000000000000000, 4.045000000000045226 ) ) ;
#1104 = ORIENTED_EDGE ( 'NONE', *, *, #626, .T. ) ;
#1105 = DIRECTION ( 'NONE',  ( -1.000000000000000000, 0.000000000000000000, 0.000000000000000000 ) ) ;
#1106 = CARTESIAN_POINT ( 'NONE',  ( -11.30000000000000071, -7.299999999999997158, 9.250000000000003553 ) ) ;
#1107 = VECTOR ( 'NONE', #1458, 1000.000000000000000 ) ;
#1108 = ORIENTED_EDGE ( 'NONE', *, *, #1451, .F. ) ;
#1109 = CARTESIAN_POINT ( 'NONE',  ( 2.000000000000000444, -4.999999999999998224, -3.514999999999953939 ) ) ;
#1110 = ORIENTED_EDGE ( 'NONE', *, *, #1455, .F. ) ;
#1111 = DIRECTION ( 'NONE',  ( 1.000000000000000000, -0.000000000000000000, -0.000000000000000000 ) ) ;
#1112 = DIRECTION ( 'NONE',  ( -1.000000000000000000, 0.000000000000000000, 0.000000000000000000 ) ) ;
#1113 = CARTESIAN_POINT ( 'NONE',  ( 2.000000000000000000, -5.000000000000000000, 5.249999999999997335 ) ) ;
#1114 = ORIENTED_EDGE ( 'NONE', *, *, #74, .F. ) ;
#1115 = EDGE_CURVE ( 'NONE', #1820, #1802, #1961, .T. ) ;
#1116 = CIRCLE ( 'NONE', #369, 1.000000000000000000 ) ;
#1117 = ORIENTED_EDGE ( 'NONE', *, *, #1233, .F. ) ;
#1118 = DIRECTION ( 'NONE',  ( -1.000000000000000000, 0.000000000000000000, 0.000000000000000000 ) ) ;
#1119 = DIRECTION ( 'NONE',  ( 6.195440985631468136E-16, -1.000000000000000000, -1.734723475976807341E-16 ) ) ;
#1120 = DIRECTION ( 'NONE',  ( -0.000000000000000000, -0.000000000000000000, -1.000000000000000000 ) ) ;
#1121 = B_SPLINE_CURVE_WITH_KNOTS ( 'NONE', 3,
 ( #2049, #1547, #187, #220 ),
 .UNSPECIFIED., .F., .F.,
 ( 4, 4 ),
 ( 0.000000000000000000, 0.0006066292396969913360 ),
 .UNSPECIFIED. ) ;
#1122 = CARTESIAN_POINT ( 'NONE',  ( 0.000000000000000000, -5.550000000000001599, 5.249999999999997335 ) ) ;
#1123 = VERTEX_POINT ( 'NONE', #622 ) ;
#1124 = ADVANCED_FACE ( 'NONE', ( #2318 ), #1938, .F. ) ;
#1125 = PLANE ( 'NONE',  #1047 ) ;
#1126 = DIRECTION ( 'NONE',  ( -1.000000000000000000, 0.000000000000000000, 6.071532165918824830E-15 ) ) ;
#1127 = EDGE_LOOP ( 'NONE', ( #167, #1174, #1411 ) ) ;
#1128 = AXIS2_PLACEMENT_3D ( 'NONE', #1747, #635, #78 ) ;
#1129 = CARTESIAN_POINT ( 'NONE',  ( -2.500000000000009326, 5.550000000000001599, -0.6415698639892709609 ) ) ;
#1130 = CARTESIAN_POINT ( 'NONE',  ( -1.500000000000004663, 4.680009999999984238, -3.749999999999990230 ) ) ;
#1131 = VECTOR ( 'NONE', #2322, 1000.000000000000000 ) ;
#1132 = DIRECTION ( 'NONE',  ( -2.930276141852723814E-16, 1.000000000000000000, 0.000000000000000000 ) ) ;
#1133 = EDGE_CURVE ( 'NONE', #677, #1034, #633, .T. ) ;
#1134 = ORIENTED_EDGE ( 'NONE', *, *, #2315, .F. ) ;
#1135 = VECTOR ( 'NONE', #940, 1000.000000000000000 ) ;
#1136 = CARTESIAN_POINT ( 'NONE',  ( 0.000000000000000000, 6.250000000000000000, 5.249999999999999112 ) ) ;
#1137 = ORIENTED_EDGE ( 'NONE', *, *, #1431, .F. ) ;
#1138 = ADVANCED_FACE ( 'NONE', ( #261 ), #834, .F. ) ;
#1139 = CARTESIAN_POINT ( 'NONE',  ( -13.60000000000000142, 6.550000000000001599, -2.050000000000001599 ) ) ;
#1140 = ORIENTED_EDGE ( 'NONE', *, *, #2137, .T. ) ;
#1141 = CARTESIAN_POINT ( 'NONE',  ( 0.000000000000000000, -5.550000000000001599, 9.249999999999998224 ) ) ;
#1142 = CARTESIAN_POINT ( 'NONE',  ( -12.59999999999999964, 5.550000000000001599, -3.750000000000001776 ) ) ;
#1143 = ORIENTED_EDGE ( 'NONE', *, *, #998, .T. ) ;
#1144 = ADVANCED_FACE ( 'NONE', ( #2146 ), #461, .F. ) ;
#1145 = CARTESIAN_POINT ( 'NONE',  ( -11.30000000000000071, -7.300000000000002487, -5.249999999999998224 ) ) ;
#1146 = ORIENTED_EDGE ( 'NONE', *, *, #1903, .T. ) ;
#1147 = ADVANCED_FACE ( 'NONE', ( #1408 ), #1647, .F. ) ;
#1148 = CIRCLE ( 'NONE', #761, 1.000000000000000000 ) ;
#1149 = FACE_OUTER_BOUND ( 'NONE', #28, .T. ) ;
#1150 = CARTESIAN_POINT ( 'NONE',  ( -2.500000000000000444, -5.549999999999996270, 1.124886238355571777 ) ) ;
#1151 = ORIENTED_EDGE ( 'NONE', *, *, #1825, .T. ) ;
#1152 = DIRECTION ( 'NONE',  ( 1.000000000000000000, 0.000000000000000000, -1.558540622947912624E-16 ) ) ;
#1153 = CYLINDRICAL_SURFACE ( 'NONE', #1595, 1.479999999999999982 ) ;
#1154 = VECTOR ( 'NONE', #151, 1000.000000000000000 ) ;
#1155 = VECTOR ( 'NONE', #530, 1000.000000000000000 ) ;
#1156 = DIRECTION ( 'NONE',  ( -4.066575051493300408E-30, 1.301042606982599168E-14, 1.000000000000000000 ) ) ;
#1157 = CARTESIAN_POINT ( 'NONE',  ( -7.000000000000000000, 6.250000000000002665, -5.250000000000000888 ) ) ;
#1158 = ORIENTED_EDGE ( 'NONE', *, *, #2418, .T. ) ;
#1159 = VECTOR ( 'NONE', #2222, 1000.000000000000000 ) ;
#1160 = VERTEX_POINT ( 'NONE', #1248 ) ;
#1161 = EDGE_CURVE ( 'NONE', #657, #2070, #1846, .T. ) ;
#1162 = ORIENTED_EDGE ( 'NONE', *, *, #632, .T. ) ;
#1163 = CARTESIAN_POINT ( 'NONE',  ( -1.500000000000004885, 3.200010000000032662, -0.03500000000004562656 ) ) ;
#1164 = CARTESIAN_POINT ( 'NONE',  ( -13.60000000000000142, -5.550000000000001599, -2.050000000000001599 ) ) ;
#1165 = DIRECTION ( 'NONE',  ( 1.000000000000000000, 0.000000000000000000, -0.000000000000000000 ) ) ;
#1166 = ADVANCED_FACE ( 'NONE', ( #311 ), #1624, .F. ) ;
#1167 = VECTOR ( 'NONE', #62, 1000.000000000000000 ) ;
#1168 = LINE ( 'NONE', #1347, #11 ) ;
#1169 = AXIS2_PLACEMENT_3D ( 'NONE', #493, #1228, #508 ) ;
#1170 = FACE_OUTER_BOUND ( 'NONE', #1969, .T. ) ;
#1171 = VERTEX_POINT ( 'NONE', #695 ) ;
#1172 = VECTOR ( 'NONE', #1119, 1000.000000000000000 ) ;
#1173 = CARTESIAN_POINT ( 'NONE',  ( 0.000000000000000000, 6.250000000000000000, -5.250000000000001776 ) ) ;
#1174 = ORIENTED_EDGE ( 'NONE', *, *, #453, .T. ) ;
#1175 = EDGE_CURVE ( 'NONE', #1527, #1123, #554, .T. ) ;
#1176 = AXIS2_PLACEMENT_3D ( 'NONE', #1857, #512, #2246 ) ;
#1177 = CARTESIAN_POINT ( 'NONE',  ( -1.500000000000000888, -4.549999999999993605, 1.124886238355573331 ) ) ;
#1178 = DIRECTION ( 'NONE',  ( -4.066575051493300408E-30, 1.301042606982599168E-14, 1.000000000000000000 ) ) ;
#1179 = DIRECTION ( 'NONE',  ( 1.000000000000000000, 0.000000000000000000, 0.000000000000000000 ) ) ;
#1180 = CARTESIAN_POINT ( 'NONE',  ( -7.000000000000000000, -6.249999999999997335, 9.250000000000003553 ) ) ;
#1181 = CARTESIAN_POINT ( 'NONE',  ( -1.500000000000000444, -5.549999999999995381, -0.5948862383554937017 ) ) ;
#1182 = EDGE_LOOP ( 'NONE', ( #1592, #912, #872, #60 ) ) ;
#1183 = VERTEX_POINT ( 'NONE', #2410 ) ;
#1184 = ORIENTED_EDGE ( 'NONE', *, *, #585, .T. ) ;
#1185 = CARTESIAN_POINT ( 'NONE',  ( -3.000000000000002665, -2.000000000000000000, -3.050000000000001599 ) ) ;
#1186 = CARTESIAN_POINT ( 'NONE',  ( -11.30000000000000071, -6.250000000000002665, -5.249999999999998224 ) ) ;
#1187 = CARTESIAN_POINT ( 'NONE',  ( -1.500000000000001332, -5.550000000000001599, 5.249999999999997335 ) ) ;
#1188 = ORIENTED_EDGE ( 'NONE', *, *, #1431, .T. ) ;
#1189 = ADVANCED_FACE ( 'NONE', ( #682 ), #1447, .F. ) ;
#1190 = VERTEX_POINT ( 'NONE', #2002 ) ;
#1191 = CARTESIAN_POINT ( 'NONE',  ( -12.59999999999999964, 6.550000000000001599, -2.050000000000001599 ) ) ;
#1192 = CARTESIAN_POINT ( 'NONE',  ( -3.500000000000000000, 7.300000000000002487, 9.250000000000000000 ) ) ;
#1193 = VERTEX_POINT ( 'NONE', #335 ) ;
#1194 = CARTESIAN_POINT ( 'NONE',  ( -1.614075595679917985, 5.550000000000005151, 0.5649999999999359979 ) ) ;
#1195 = EDGE_CURVE ( 'NONE', #2082, #1087, #2388, .T. ) ;
#1196 = ORIENTED_EDGE ( 'NONE', *, *, #524, .F. ) ;
#1197 = CARTESIAN_POINT ( 'NONE',  ( -13.60000000000000142, 7.300000000000002487, -5.250000000000000888 ) ) ;
#1198 = CARTESIAN_POINT ( 'NONE',  ( -3.000000000000002665, -2.500000000000000000, -3.750000000000001776 ) ) ;
#1199 = FACE_BOUND ( 'NONE', #1204, .T. ) ;
#1200 = ORIENTED_EDGE ( 'NONE', *, *, #2260, .T. ) ;
#1201 = DIRECTION ( 'NONE',  ( 1.000000000000000000, 0.000000000000000000, 0.000000000000000000 ) ) ;
#1202 = CIRCLE ( 'NONE', #1128, 1.000000000000000000 ) ;
#1203 = LINE ( 'NONE', #1781, #1405 ) ;
#1204 = EDGE_LOOP ( 'NONE', ( #1980, #1858, #1947, #2005 ) ) ;
#1205 = VECTOR ( 'NONE', #170, 1000.000000000000000 ) ;
#1206 = LINE ( 'NONE', #308, #1017 ) ;
#1207 = EDGE_LOOP ( 'NONE', ( #1495, #1407, #1307, #411 ) ) ;
#1208 = EDGE_CURVE ( 'NONE', #72, #1855, #1433, .T. ) ;
#1209 = DIRECTION ( 'NONE',  ( 0.000000000000000000, 0.000000000000000000, -1.000000000000000000 ) ) ;
#1210 = CARTESIAN_POINT ( 'NONE',  ( 0.000000000000000000, -6.250000000000000000, 5.249999999999997335 ) ) ;
#1211 = CARTESIAN_POINT ( 'NONE',  ( -5.500000000000003553, 2.500000000000000000, -3.750000000000001776 ) ) ;
#1212 = ORIENTED_EDGE ( 'NONE', *, *, #1337, .T. ) ;
#1213 = ORIENTED_EDGE ( 'NONE', *, *, #215, .F. ) ;
#1214 = CARTESIAN_POINT ( 'NONE',  ( -2.500000000000000888, -5.549999999999996270, -0.5536041332690579964 ) ) ;
#1215 = CARTESIAN_POINT ( 'NONE',  ( 0.000000000000000000, 4.680010000000041082, 0.5649999999999364420 ) ) ;
#1216 = ORIENTED_EDGE ( 'NONE', *, *, #694, .F. ) ;
#1217 = ADVANCED_FACE ( 'NONE', ( #2364, #1089 ), #1068, .T. ) ;
#1218 = CARTESIAN_POINT ( 'NONE',  ( -1.500000000000005551, 4.680010000000041082, 0.5649999999999357758 ) ) ;
#1219 = ORIENTED_EDGE ( 'NONE', *, *, #889, .F. ) ;
#1220 = VECTOR ( 'NONE', #51, 1000.000000000000000 ) ;
#1221 = EDGE_CURVE ( 'NONE', #203, #2186, #296, .T. ) ;
#1222 = LINE ( 'NONE', #1234, #2396 ) ;
#1223 = DIRECTION ( 'NONE',  ( 1.000000000000000000, 0.000000000000000000, 0.000000000000000000 ) ) ;
#1224 = FACE_OUTER_BOUND ( 'NONE', #1243, .T. ) ;
#1225 = VERTEX_POINT ( 'NONE', #2014 ) ;
#1226 = CARTESIAN_POINT ( 'NONE',  ( -2.491512682672289536, 5.550000000000000711, 0.5649999999999379963 ) ) ;
#1227 = CARTESIAN_POINT ( 'NONE',  ( -13.60000000000000320, -4.991273874265043098, -3.050000000000001599 ) ) ;
#1228 = DIRECTION ( 'NONE',  ( 1.000000000000000000, 3.125627884642896527E-16, 0.000000000000000000 ) ) ;
#1229 = ORIENTED_EDGE ( 'NONE', *, *, #561, .T. ) ;
#1230 = AXIS2_PLACEMENT_3D ( 'NONE', #363, #1289, #388 ) ;
#1231 = DIRECTION ( 'NONE',  ( 1.000000000000000000, 0.000000000000000000, 0.000000000000000000 ) ) ;
#1232 = EDGE_LOOP ( 'NONE', ( #1833, #636, #1720, #1454 ) ) ;
#1233 = EDGE_CURVE ( 'NONE', #563, #2070, #1079, .T. ) ;
#1234 = CARTESIAN_POINT ( 'NONE',  ( 0.000000000000000000, 6.250000000000000000, 5.249999999999999112 ) ) ;
#1235 = DIRECTION ( 'NONE',  ( -0.000000000000000000, 0.000000000000000000, -1.000000000000000000 ) ) ;
#1236 = DIRECTION ( 'NONE',  ( 0.000000000000000000, 3.589083053745117718E-16, 1.000000000000000000 ) ) ;
#1237 = EDGE_LOOP ( 'NONE', ( #538, #1158, #79, #399 ) ) ;
#1238 = AXIS2_PLACEMENT_3D ( 'NONE', #57, #233, #2312 ) ;
#1239 = CARTESIAN_POINT ( 'NONE',  ( 2.000000000000000000, 0.000000000000000000, 4.045000000000045226 ) ) ;
#1240 = CARTESIAN_POINT ( 'NONE',  ( -2.497241038175705974, -5.549999999999995381, -0.3256971689405606663 ) ) ;
#1241 = EDGE_CURVE ( 'NONE', #24, #783, #1638, .T. ) ;
#1242 = CARTESIAN_POINT ( 'NONE',  ( -2.500000000000007550, 5.550000000000001599, 1.171569863989342597 ) ) ;
#1243 = EDGE_LOOP ( 'NONE', ( #2181, #829, #1850, #2227 ) ) ;
#1244 = CIRCLE ( 'NONE', #546, 0.5000000000000000000 ) ;
#1245 = CARTESIAN_POINT ( 'NONE',  ( -2.500000000000007550, 4.550000000000001599, -2.050000000000001599 ) ) ;
#1246 = ORIENTED_EDGE ( 'NONE', *, *, #929, .T. ) ;
#1247 = CIRCLE ( 'NONE', #747, 1.479999999999955795 ) ;
#1248 = CARTESIAN_POINT ( 'NONE',  ( -1.500000000000001332, -4.659989999999959664, 0.5650000000000647837 ) ) ;
#1249 = DIRECTION ( 'NONE',  ( 0.000000000000000000, 0.000000000000000000, 1.000000000000000000 ) ) ;
#1250 = VECTOR ( 'NONE', #122, 1000.000000000000000 ) ;
#1251 = DIRECTION ( 'NONE',  ( 1.000000000000000000, -0.000000000000000000, -0.000000000000000000 ) ) ;
#1252 = ORIENTED_EDGE ( 'NONE', *, *, #1096, .T. ) ;
#1253 = ADVANCED_FACE ( 'NONE', ( #526 ), #1471, .F. ) ;
#1254 = CIRCLE ( 'NONE', #586, 0.5000000000000004441 ) ;
#1255 = CIRCLE ( 'NONE', #110, 1.000000000000000000 ) ;
#1256 = DIRECTION ( 'NONE',  ( 0.000000000000000000, 0.000000000000000000, 1.000000000000000000 ) ) ;
#1257 = CARTESIAN_POINT ( 'NONE',  ( -12.59999999999999964, -6.550000000000000711, -2.050000000000001599 ) ) ;
#1258 = AXIS2_PLACEMENT_3D ( 'NONE', #705, #1274, #2035 ) ;
#1259 = CARTESIAN_POINT ( 'NONE',  ( -1.500000000000003109, 3.200010000000014898, -1.514999999999956604 ) ) ;
#1260 = VERTEX_POINT ( 'NONE', #2399 ) ;
#1261 = LINE ( 'NONE', #1819, #627 ) ;
#1262 = VERTEX_POINT ( 'NONE', #909 ) ;
#1263 = DIRECTION ( 'NONE',  ( -1.000000000000000000, 0.000000000000000000, 0.000000000000000000 ) ) ;
#1264 = CARTESIAN_POINT ( 'NONE',  ( -2.500000000000005773, 6.550000000000005151, -2.050000000000001599 ) ) ;
#1265 = CARTESIAN_POINT ( 'NONE',  ( -5.500000000000003553, -2.500000000000000000, -3.050000000000001599 ) ) ;
#1266 = VERTEX_POINT ( 'NONE', #1483 ) ;
#1267 = LINE ( 'NONE', #544, #2232 ) ;
#1268 = EDGE_CURVE ( 'NONE', #469, #2335, #719, .T. ) ;
#1269 = DIRECTION ( 'NONE',  ( 0.000000000000000000, 1.000000000000000000, 0.000000000000000000 ) ) ;
#1270 = CIRCLE ( 'NONE', #1576, 1.000000000000000000 ) ;
#1271 = DIRECTION ( 'NONE',  ( 1.000000000000000000, -0.000000000000000000, -0.000000000000000000 ) ) ;
#1272 = EDGE_CURVE ( 'NONE', #491, #1499, #2039, .T. ) ;
#1273 = ORIENTED_EDGE ( 'NONE', *, *, #260, .T. ) ;
#1274 = DIRECTION ( 'NONE',  ( 0.000000000000000000, 0.000000000000000000, 1.000000000000000000 ) ) ;
#1275 = ORIENTED_EDGE ( 'NONE', *, *, #1909, .F. ) ;
#1276 = EDGE_CURVE ( 'NONE', #1071, #1581, #1101, .T. ) ;
#1277 = CARTESIAN_POINT ( 'NONE',  ( -6.000000000000002665, 2.500000000000000000, -3.050000000000001599 ) ) ;
#1278 = PLANE ( 'NONE',  #2406 ) ;
#1279 = LINE ( 'NONE', #502, #858 ) ;
#1280 = ORIENTED_EDGE ( 'NONE', *, *, #561, .F. ) ;
#1281 = CARTESIAN_POINT ( 'NONE',  ( -13.60000000000000142, 6.550000000000001599, 9.249999999999998224 ) ) ;
#1282 = DIRECTION ( 'NONE',  ( 0.000000000000000000, -0.000000000000000000, 1.000000000000000000 ) ) ;
#1283 = VERTEX_POINT ( 'NONE', #1944 ) ;
#1284 = LINE ( 'NONE', #135, #2006 ) ;
#1285 = ORIENTED_EDGE ( 'NONE', *, *, #1851, .F. ) ;
#1286 = DIRECTION ( 'NONE',  ( 0.000000000000000000, -1.000000000000000000, 0.000000000000000000 ) ) ;
#1287 = AXIS2_PLACEMENT_3D ( 'NONE', #2238, #1081, #2016 ) ;
#1288 = CIRCLE ( 'NONE', #1913, 1.479999999999999982 ) ;
#1289 = DIRECTION ( 'NONE',  ( -0.000000000000000000, 0.000000000000000000, 1.000000000000000000 ) ) ;
#1290 = DIRECTION ( 'NONE',  ( 1.000000000000000000, 0.000000000000000000, -0.000000000000000000 ) ) ;
#1291 = ORIENTED_EDGE ( 'NONE', *, *, #1481, .F. ) ;
#1292 = AXIS2_PLACEMENT_3D ( 'NONE', #1191, #968, #1179 ) ;
#1293 = CARTESIAN_POINT ( 'NONE',  ( -1.500000000000000888, -4.549999999999994493, -0.5948862383554944788 ) ) ;
#1294 = LINE ( 'NONE', #356, #1059 ) ;
#1295 =( NAMED_UNIT ( * ) SI_UNIT ( $, .STERADIAN. ) SOLID_ANGLE_UNIT ( ) );
#1296 = ORIENTED_EDGE ( 'NONE', *, *, #759, .F. ) ;
#1297 = CARTESIAN_POINT ( 'NONE',  ( -1.500000000000005329, 4.550000000000001599, -0.6415698639893079314 ) ) ;
#1298 = EDGE_CURVE ( 'NONE', #1845, #1432, #98, .T. ) ;
#1299 = EDGE_LOOP ( 'NONE', ( #722, #371, #2149, #30 ) ) ;
#1300 = CARTESIAN_POINT ( 'NONE',  ( -13.60000000000000497, 3.200010000000061972, 2.044999999999954188 ) ) ;
#1301 = DIRECTION ( 'NONE',  ( 0.000000000000000000, 0.000000000000000000, 1.000000000000000000 ) ) ;
#1302 = CARTESIAN_POINT ( 'NONE',  ( -2.493932693891559804, -5.549999999999996270, 0.7515518779656497061 ) ) ;
#1303 = ORIENTED_EDGE ( 'NONE', *, *, #394, .F. ) ;
#1304 = ORIENTED_EDGE ( 'NONE', *, *, #2323, .F. ) ;
#1305 = CARTESIAN_POINT ( 'NONE',  ( -3.500000000000000000, -6.250000000000000000, -5.250000000000001776 ) ) ;
#1306 = CARTESIAN_POINT ( 'NONE',  ( -11.30000000000000071, 6.250000000000002665, -5.250000000000000888 ) ) ;
#1307 = ORIENTED_EDGE ( 'NONE', *, *, #1195, .T. ) ;
#1308 = CARTESIAN_POINT ( 'NONE',  ( 0.000000000000000000, -6.250000000000000000, -5.250000000000001776 ) ) ;
#1309 = ORIENTED_EDGE ( 'NONE', *, *, #1789, .F. ) ;
#1310 = CARTESIAN_POINT ( 'NONE',  ( -13.60000000000000142, -5.550000000000001599, 5.249999999999997335 ) ) ;
#1311 = CARTESIAN_POINT ( 'NONE',  ( -2.500000000000007550, 4.550000000000001599, -3.750000000000001776 ) ) ;
#1312 = ORIENTED_EDGE ( 'NONE', *, *, #300, .T. ) ;
#1313 = EDGE_CURVE ( 'NONE', #1513, #1082, #814, .T. ) ;
#1314 = DIRECTION ( 'NONE',  ( 0.000000000000000000, -1.758165685111628865E-15, -1.000000000000000000 ) ) ;
#1315 = DIRECTION ( 'NONE',  ( -1.000000000000000000, 0.000000000000000000, -0.000000000000000000 ) ) ;
#1316 = CARTESIAN_POINT ( 'NONE',  ( -1.500000000000001332, -3.179989999999967676, -0.03499999999995672545 ) ) ;
#1317 = EDGE_LOOP ( 'NONE', ( #1021, #50, #2175, #114 ) ) ;
#1318 = EDGE_CURVE ( 'NONE', #1482, #270, #2053, .T. ) ;
#1319 = CARTESIAN_POINT ( 'NONE',  ( -2.500000000000007550, 4.550000000000001599, -2.050000000000001599 ) ) ;
#1320 = ORIENTED_EDGE ( 'NONE', *, *, #2285, .T. ) ;
#1321 = LINE ( 'NONE', #963, #1029 ) ;
#1322 = ORIENTED_EDGE ( 'NONE', *, *, #652, .F. ) ;
#1323 = VECTOR ( 'NONE', #239, 1000.000000000000000 ) ;
#1324 = DIRECTION ( 'NONE',  ( 0.000000000000000000, 0.000000000000000000, -1.000000000000000000 ) ) ;
#1325 = EDGE_CURVE ( 'NONE', #736, #525, #1537, .T. ) ;
#1326 = DIRECTION ( 'NONE',  ( 0.000000000000000000, 0.000000000000000000, -1.000000000000000000 ) ) ;
#1327 = VERTEX_POINT ( 'NONE', #71 ) ;
#1328 = EDGE_CURVE ( 'NONE', #452, #870, #362, .T. ) ;
#1329 = CIRCLE ( 'NONE', #702, 1.479999999999999982 ) ;
#1330 = DIRECTION ( 'NONE',  ( -1.000000000000000000, 0.000000000000000000, 0.000000000000000000 ) ) ;
#1331 = ORIENTED_EDGE ( 'NONE', *, *, #1272, .F. ) ;
#1332 = DIRECTION ( 'NONE',  ( 0.000000000000000000, 1.734723475976807094E-16, -1.000000000000000000 ) ) ;
#1333 = VERTEX_POINT ( 'NONE', #750 ) ;
#1334 = DIRECTION ( 'NONE',  ( -6.195440985631468136E-16, -1.000000000000000000, -1.734723475976807341E-16 ) ) ;
#1335 = CARTESIAN_POINT ( 'NONE',  ( 0.000000000000000000, 3.200010000000014898, -1.514999999999956604 ) ) ;
#1336 = AXIS2_PLACEMENT_3D ( 'NONE', #1745, #1030, #76 ) ;
#1337 = EDGE_CURVE ( 'NONE', #2402, #469, #828, .T. ) ;
#1338 = DIRECTION ( 'NONE',  ( -0.000000000000000000, -0.000000000000000000, 1.000000000000000000 ) ) ;
#1339 = ORIENTED_EDGE ( 'NONE', *, *, #1313, .T. ) ;
#1340 = EDGE_LOOP ( 'NONE', ( #236, #1561, #2061, #1188 ) ) ;
#1341 = EDGE_LOOP ( 'NONE', ( #1670, #1617, #2325, #1377 ) ) ;
#1342 = EDGE_CURVE ( 'NONE', #2201, #2327, #2064, .T. ) ;
#1343 = CARTESIAN_POINT ( 'NONE',  ( -13.60000000000000497, 4.680010000000041082, 0.5649999999999364420 ) ) ;
#1344 = CIRCLE ( 'NONE', #601, 1.000000000000000888 ) ;
#1345 = CIRCLE ( 'NONE', #1660, 2.000000000000000000 ) ;
#1346 = DIRECTION ( 'NONE',  ( 1.000000000000000000, -0.000000000000000000, -0.000000000000000000 ) ) ;
#1347 = CARTESIAN_POINT ( 'NONE',  ( -3.500000000000000000, 7.300000000000002487, -5.250000000000000888 ) ) ;
#1348 = DIRECTION ( 'NONE',  ( -0.000000000000000000, 0.000000000000000000, -1.000000000000000000 ) ) ;
#1349 = ORIENTED_EDGE ( 'NONE', *, *, #2012, .F. ) ;
#1350 = ADVANCED_FACE ( 'NONE', ( #2299 ), #1125, .F. ) ;
#1351 = VECTOR ( 'NONE', #5, 1000.000000000000000 ) ;
#1352 = ORIENTED_EDGE ( 'NONE', *, *, #484, .T. ) ;
#1353 = DIRECTION ( 'NONE',  ( 0.000000000000000000, 0.000000000000000000, 1.000000000000000000 ) ) ;
#1354 = ORIENTED_EDGE ( 'NONE', *, *, #74, .T. ) ;
#1355 = CARTESIAN_POINT ( 'NONE',  ( 0.000000000000000000, 0.000000000000000000, -3.750000000000001776 ) ) ;
#1356 = LINE ( 'NONE', #1141, #222 ) ;
#1357 = CARTESIAN_POINT ( 'NONE',  ( -3.500000000000000000, -7.300000000000002487, -5.249999999999998224 ) ) ;
#1358 = CIRCLE ( 'NONE', #342, 1.000000000000000000 ) ;
#1359 = CIRCLE ( 'NONE', #1053, 1.000000000000000000 ) ;
#1360 = DIRECTION ( 'NONE',  ( -0.000000000000000000, 0.000000000000000000, -1.000000000000000000 ) ) ;
#1361 = VECTOR ( 'NONE', #1930, 1000.000000000000000 ) ;
#1362 = CARTESIAN_POINT ( 'NONE',  ( -13.60000000000000142, 7.300000000000002487, 9.250000000000000000 ) ) ;
#1363 = EDGE_LOOP ( 'NONE', ( #1565, #1212, #14, #158, #1945 ) ) ;
#1364 = VECTOR ( 'NONE', #368, 1000.000000000000000 ) ;
#1365 = VERTEX_POINT ( 'NONE', #1875 ) ;
#1366 = ADVANCED_FACE ( 'NONE', ( #762 ), #2071, .F. ) ;
#1367 = ORIENTED_EDGE ( 'NONE', *, *, #1577, .F. ) ;
#1368 = CIRCLE ( 'NONE', #2018, 1.000000000000000000 ) ;
#1369 = DIRECTION ( 'NONE',  ( 0.000000000000000000, 0.000000000000000000, 1.000000000000000000 ) ) ;
#1370 = CARTESIAN_POINT ( 'NONE',  ( -2.500000000000005329, 4.550000000000001599, -3.050000000000001599 ) ) ;
#1371 = PLANE ( 'NONE',  #1557 ) ;
#1372 = ORIENTED_EDGE ( 'NONE', *, *, #1984, .T. ) ;
#1373 = LINE ( 'NONE', #2263, #1996 ) ;
#1374 = EDGE_CURVE ( 'NONE', #2327, #849, #2425, .T. ) ;
#1375 = CARTESIAN_POINT ( 'NONE',  ( -13.60000000000000497, 6.550000000000001599, -3.050000000000001599 ) ) ;
#1376 = DIRECTION ( 'NONE',  ( 0.000000000000000000, 0.000000000000000000, -1.000000000000000000 ) ) ;
#1377 = ORIENTED_EDGE ( 'NONE', *, *, #1892, .F. ) ;
#1378 = DIRECTION ( 'NONE',  ( 1.000000000000000000, -0.000000000000000000, -0.000000000000000000 ) ) ;
#1379 = ORIENTED_EDGE ( 'NONE', *, *, #1725, .F. ) ;
#1380 = VECTOR ( 'NONE', #2256, 1000.000000000000000 ) ;
#1381 = DIRECTION ( 'NONE',  ( -1.000000000000000000, -0.000000000000000000, 0.000000000000000000 ) ) ;
#1382 = DIRECTION ( 'NONE',  ( 1.000000000000000000, -0.000000000000000000, -0.000000000000000000 ) ) ;
#1383 = CARTESIAN_POINT ( 'NONE',  ( 0.000000000000000000, 6.250000000000000000, -5.250000000000001776 ) ) ;
#1384 = ORIENTED_EDGE ( 'NONE', *, *, #1043, .T. ) ;
#1385 = ORIENTED_EDGE ( 'NONE', *, *, #1556, .F. ) ;
#1386 = EDGE_CURVE ( 'NONE', #2043, #491, #567, .T. ) ;
#1387 = DIRECTION ( 'NONE',  ( -1.000000000000000000, -0.000000000000000000, 0.000000000000000000 ) ) ;
#1388 = CARTESIAN_POINT ( 'NONE',  ( -6.000000000000002665, 2.000000000000000000, -3.750000000000001776 ) ) ;
#1389 = EDGE_LOOP ( 'NONE', ( #1273, #2168, #760, #1784, #1304, #2398, #422, #1013, #1064, #407, #716, #974, #1635, #2025, #888, #1775, #984, #615, #2259, #1137 ) ) ;
#1390 = ADVANCED_FACE ( 'NONE', ( #1170 ), #1921, .F. ) ;
#1391 =( BOUNDED_SURFACE ( )  B_SPLINE_SURFACE ( 3, 2, ( 
 ( #1981, #1194, #1218 ),
 ( #1946, #257, #294 ),
 ( #2337, #1015, #1970 ),
 ( #1796, #830, #112 ) ),
 .UNSPECIFIED., .F., .F., .F. ) 
 B_SPLINE_SURFACE_WITH_KNOTS ( ( 4, 4 ),
 ( 3, 3 ),
 ( 0.002595671202039448889, 0.003200816731576358078 ),
 ( 0.000000000000000000, 1.000000000000000000 ),
 .UNSPECIFIED. ) 
 GEOMETRIC_REPRESENTATION_ITEM ( )  RATIONAL_B_SPLINE_SURFACE ( (
 ( 1.000000000000000000, 0.7516681448618250938, 1.000000000000000000),
 ( 1.000000000000000000, 0.7519374745575616581, 1.000000000000000000),
 ( 1.000000000000000000, 0.7339922395132669752, 1.000000000000000000),
 ( 1.000000000000000000, 0.7071067811865463515, 1.000000000000000000) ) ) 
 REPRESENTATION_ITEM ( '' )  SURFACE ( )  );
#1392 = DIRECTION ( 'NONE',  ( -1.000000000000000000, -0.000000000000000000, -0.000000000000000000 ) ) ;
#1393 = ORIENTED_EDGE ( 'NONE', *, *, #366, .F. ) ;
#1394 = DIRECTION ( 'NONE',  ( 0.000000000000000000, 1.000000000000000000, 1.734723475976807094E-16 ) ) ;
#1395 = CARTESIAN_POINT ( 'NONE',  ( -11.30000000000000071, 6.250000000000002665, -5.250000000000000888 ) ) ;
#1396 = DIRECTION ( 'NONE',  ( 1.000000000000000000, 0.000000000000000000, -0.000000000000000000 ) ) ;
#1397 = ORIENTED_EDGE ( 'NONE', *, *, #440, .T. ) ;
#1398 = ADVANCED_FACE ( 'NONE', ( #990 ), #1548, .F. ) ;
#1399 = CARTESIAN_POINT ( 'NONE',  ( 0.000000000000000000, 3.200010000000032662, -0.03500000000004562656 ) ) ;
#1400 = CIRCLE ( 'NONE', #898, 1.479999999999999982 ) ;
#1401 = VECTOR ( 'NONE', #1590, 1000.000000000000000 ) ;
#1402 = DIRECTION ( 'NONE',  ( -1.000000000000000000, 0.000000000000000000, 0.000000000000000000 ) ) ;
#1403 = VERTEX_POINT ( 'NONE', #2129 ) ;
#1404 = EDGE_CURVE ( 'NONE', #513, #2394, #443, .T. ) ;
#1405 = VECTOR ( 'NONE', #2334, 1000.000000000000000 ) ;
#1406 = LINE ( 'NONE', #669, #1756 ) ;
#1407 = ORIENTED_EDGE ( 'NONE', *, *, #1630, .T. ) ;
#1408 = FACE_OUTER_BOUND ( 'NONE', #136, .T. ) ;
#1409 = LINE ( 'NONE', #634, #1401 ) ;
#1410 = CARTESIAN_POINT ( 'NONE',  ( -10.99061417756077930, -5.000000000000000000, -2.014999999999952163 ) ) ;
#1411 = ORIENTED_EDGE ( 'NONE', *, *, #353, .F. ) ;
#1412 = DIRECTION ( 'NONE',  ( 1.000000000000000000, 3.125627884642896527E-16, 0.000000000000000000 ) ) ;
#1413 = DIRECTION ( 'NONE',  ( 0.000000000000000000, 0.000000000000000000, 1.000000000000000000 ) ) ;
#1414 = CARTESIAN_POINT ( 'NONE',  ( -3.500000000000000000, 6.250000000000000000, 9.249999999999998224 ) ) ;
#1415 = ORIENTED_EDGE ( 'NONE', *, *, #380, .T. ) ;
#1416 = ADVANCED_FACE ( 'NONE', ( #1619 ), #1768, .F. ) ;
#1417 = DIRECTION ( 'NONE',  ( 0.7071067811865491270, 5.841117777841412786E-17, -0.7071067811865459074 ) ) ;
#1418 = ORIENTED_EDGE ( 'NONE', *, *, #37, .F. ) ;
#1419 = AXIS2_PLACEMENT_3D ( 'NONE', #646, #1369, #61 ) ;
#1420 = CARTESIAN_POINT ( 'NONE',  ( 0.000000000000000000, 3.200010000000061972, 2.045000000000044338 ) ) ;
#1421 = CARTESIAN_POINT ( 'NONE',  ( 2.000000000000000000, 5.000000000000000000, 5.249999999999999112 ) ) ;
#1422 = CARTESIAN_POINT ( 'NONE',  ( -2.500000000000007550, 4.550000000000001599, 5.249999999999999112 ) ) ;
#1423 = ORIENTED_EDGE ( 'NONE', *, *, #2169, .F. ) ;
#1424 = ADVANCED_FACE ( 'NONE', ( #83 ), #1816, .F. ) ;
#1425 = LINE ( 'NONE', #1239, #1155 ) ;
#1426 = CARTESIAN_POINT ( 'NONE',  ( 8.572527594031455933E-17, 5.550000000000001599, 9.249999999999998224 ) ) ;
#1427 = PLANE ( 'NONE',  #1559 ) ;
#1428 = ORIENTED_EDGE ( 'NONE', *, *, #2368, .T. ) ;
#1429 = AXIS2_PLACEMENT_3D ( 'NONE', #708, #2184, #1615 ) ;
#1430 = PLANE ( 'NONE',  #69 ) ;
#1431 = EDGE_CURVE ( 'NONE', #668, #1085, #2371, .T. ) ;
#1432 = VERTEX_POINT ( 'NONE', #1242 ) ;
#1433 = LINE ( 'NONE', #733, #292 ) ;
#1434 = DIRECTION ( 'NONE',  ( 0.000000000000000000, -0.000000000000000000, 1.000000000000000000 ) ) ;
#1435 = CARTESIAN_POINT ( 'NONE',  ( -2.500000000000000444, -5.549999999999995381, 0.9382465343195699470 ) ) ;
#1436 = ORIENTED_EDGE ( 'NONE', *, *, #1404, .T. ) ;
#1437 = DIRECTION ( 'NONE',  ( 1.000000000000000000, -0.000000000000000000, -0.000000000000000000 ) ) ;
#1438 = CARTESIAN_POINT ( 'NONE',  ( -1.500000000000004885, 3.200010000000032662, -0.03500000000004562656 ) ) ;
#1439 = FACE_OUTER_BOUND ( 'NONE', #2084, .T. ) ;
#1440 = VERTEX_POINT ( 'NONE', #1388 ) ;
#1441 = UNCERTAINTY_MEASURE_WITH_UNIT (LENGTH_MEASURE( 1.000000000000000082E-05 ), #742, 'distance_accuracy_value', 'NONE');
#1442 = VECTOR ( 'NONE', #875, 1000.000000000000000 ) ;
#1443 = DIRECTION ( 'NONE',  ( -3.125627884642896527E-16, 1.000000000000000000, 0.000000000000000000 ) ) ;
#1444 = EDGE_LOOP ( 'NONE', ( #1379, #1889, #2363, #1689 ) ) ;
#1445 = ADVANCED_FACE ( 'NONE', ( #2141 ), #2178, .F. ) ;
#1446 = CIRCLE ( 'NONE', #818, 0.5000000000000004441 ) ;
#1447 = PLANE ( 'NONE',  #2102 ) ;
#1448 = PLANE ( 'NONE',  #1040 ) ;
#1449 = DIRECTION ( 'NONE',  ( -0.7071067811865459074, -0.000000000000000000, -0.7071067811865491270 ) ) ;
#1450 = ORIENTED_EDGE ( 'NONE', *, *, #2395, .T. ) ;
#1451 = EDGE_CURVE ( 'NONE', #2132, #147, #1037, .T. ) ;
#1452 = FACE_OUTER_BOUND ( 'NONE', #2226, .T. ) ;
#1453 = SURFACE_STYLE_FILL_AREA ( #2253 ) ;
#1454 = ORIENTED_EDGE ( 'NONE', *, *, #1839, .F. ) ;
#1455 = EDGE_CURVE ( 'NONE', #1260, #1082, #455, .T. ) ;
#1456 = FACE_OUTER_BOUND ( 'NONE', #645, .T. ) ;
#1457 = ORIENTED_EDGE ( 'NONE', *, *, #2368, .F. ) ;
#1458 = DIRECTION ( 'NONE',  ( -0.000000000000000000, -0.000000000000000000, -1.000000000000000000 ) ) ;
#1459 = DIRECTION ( 'NONE',  ( 0.000000000000000000, 0.000000000000000000, -1.000000000000000000 ) ) ;
#1460 = VECTOR ( 'NONE', #499, 1000.000000000000000 ) ;
#1461 = FACE_OUTER_BOUND ( 'NONE', #503, .T. ) ;
#1462 = ORIENTED_EDGE ( 'NONE', *, *, #1839, .T. ) ;
#1463 = DIRECTION ( 'NONE',  ( 1.000000000000000000, -0.000000000000000000, -0.000000000000000000 ) ) ;
#1464 = VECTOR ( 'NONE', #1536, 1000.000000000000000 ) ;
#1465 = LINE ( 'NONE', #183, #31 ) ;
#1466 = ORIENTED_EDGE ( 'NONE', *, *, #1789, .T. ) ;
#1467 = DIRECTION ( 'NONE',  ( 0.000000000000000000, -1.000000000000000000, -8.260587980841940012E-17 ) ) ;
#1468 = EDGE_CURVE ( 'NONE', #654, #1845, #506, .T. ) ;
#1469 = EDGE_LOOP ( 'NONE', ( #597, #2150, #543, #210 ) ) ;
#1470 = AXIS2_PLACEMENT_3D ( 'NONE', #672, #1235, #103 ) ;
#1471 = PLANE ( 'NONE',  #2225 ) ;
#1472 = FACE_OUTER_BOUND ( 'NONE', #2010, .T. ) ;
#1473 = DIRECTION ( 'NONE',  ( -3.125627884642896527E-16, 1.000000000000000000, -0.000000000000000000 ) ) ;
#1474 = VERTEX_POINT ( 'NONE', #1259 ) ;
#1475 = CARTESIAN_POINT ( 'NONE',  ( -12.59999999999999964, -5.550000000000000711, 9.249999999999998224 ) ) ;
#1476 = DIRECTION ( 'NONE',  ( 3.125627884642896527E-16, -1.000000000000000000, -0.000000000000000000 ) ) ;
#1477 = VECTOR ( 'NONE', #138, 1000.000000000000000 ) ;
#1478 = EDGE_CURVE ( 'NONE', #1085, #783, #841, .T. ) ;
#1479 = DIRECTION ( 'NONE',  ( 0.000000000000000000, 0.000000000000000000, 1.000000000000000000 ) ) ;
#1480 = DIRECTION ( 'NONE',  ( 0.000000000000000000, -1.000000000000000000, -1.734723475976807094E-16 ) ) ;
#1481 = EDGE_CURVE ( 'NONE', #2171, #964, #109, .T. ) ;
#1482 = VERTEX_POINT ( 'NONE', #892 ) ;
#1483 = CARTESIAN_POINT ( 'NONE',  ( -7.000000000000000000, 6.250000000000002665, -5.250000000000000888 ) ) ;
#1484 = CARTESIAN_POINT ( 'NONE',  ( -2.500000000000001776, -4.549999999999994493, 5.249999999999997335 ) ) ;
#1485 = CARTESIAN_POINT ( 'NONE',  ( -6.000000000000002665, 2.500000000000000000, -3.750000000000001776 ) ) ;
#1486 = ORIENTED_EDGE ( 'NONE', *, *, #2024, .F. ) ;
#1487 = VECTOR ( 'NONE', #132, 1000.000000000000000 ) ;
#1488 = ORIENTED_EDGE ( 'NONE', *, *, #2092, .T. ) ;
#1489 = DIRECTION ( 'NONE',  ( -1.000000000000000000, -0.000000000000000000, 0.000000000000000000 ) ) ;
#1490 = CARTESIAN_POINT ( 'NONE',  ( -13.60000000000000497, 4.680009999999987791, -0.03500000000006674855 ) ) ;
#1491 = EDGE_CURVE ( 'NONE', #1891, #817, #1203, .T. ) ;
#1492 = CIRCLE ( 'NONE', #864, 1.000000000000000000 ) ;
#1493 = EDGE_LOOP ( 'NONE', ( #174, #195, #969, #1280, #1782 ) ) ;
#1494 = DIRECTION ( 'NONE',  ( 0.000000000000000000, 0.000000000000000000, 1.000000000000000000 ) ) ;
#1495 = ORIENTED_EDGE ( 'NONE', *, *, #2392, .F. ) ;
#1496 = EDGE_CURVE ( 'NONE', #1538, #1588, #1025, .T. ) ;
#1497 = CARTESIAN_POINT ( 'NONE',  ( 0.4999999999999917843, -5.000000000000000000, -2.014999999999952163 ) ) ;
#1498 = CARTESIAN_POINT ( 'NONE',  ( -5.500000000000003553, -2.000000000000000444, -3.750000000000001776 ) ) ;
#1499 = VERTEX_POINT ( 'NONE', #667 ) ;
#1500 = CARTESIAN_POINT ( 'NONE',  ( 0.000000000000000000, 6.250000000000000000, -5.250000000000001776 ) ) ;
#1501 = EDGE_CURVE ( 'NONE', #256, #2077, #1792, .T. ) ;
#1502 = CARTESIAN_POINT ( 'NONE',  ( -3.000000000000002665, -2.000000000000000444, -3.750000000000001776 ) ) ;
#1503 = VERTEX_POINT ( 'NONE', #1806 ) ;
#1504 = AXIS2_PLACEMENT_3D ( 'NONE', #211, #583, #1688 ) ;
#1505 = LINE ( 'NONE', #2286, #1380 ) ;
#1506 = VERTEX_POINT ( 'NONE', #879 ) ;
#1507 = ADVANCED_FACE ( 'NONE', ( #1956 ), #1427, .F. ) ;
#1508 = DIRECTION ( 'NONE',  ( -1.000000000000000000, 0.000000000000000000, 0.000000000000000000 ) ) ;
#1509 = ORIENTED_EDGE ( 'NONE', *, *, #408, .T. ) ;
#1510 = CARTESIAN_POINT ( 'NONE',  ( -1.614075595619390624, 5.550000000000268052, -0.2546815932365868451 ) ) ;
#1511 = FACE_OUTER_BOUND ( 'NONE', #1033, .T. ) ;
#1512 = LINE ( 'NONE', #1142, #1361 ) ;
#1513 = VERTEX_POINT ( 'NONE', #97 ) ;
#1514 = CARTESIAN_POINT ( 'NONE',  ( -3.500000000000000000, 6.250000000000000000, 9.249999999999998224 ) ) ;
#1515 = ORIENTED_EDGE ( 'NONE', *, *, #1014, .F. ) ;
#1516 = FACE_OUTER_BOUND ( 'NONE', #1008, .T. ) ;
#1517 = ORIENTED_EDGE ( 'NONE', *, *, #714, .T. ) ;
#1518 = EDGE_CURVE ( 'NONE', #2335, #1042, #266, .T. ) ;
#1519 = VECTOR ( 'NONE', #797, 1000.000000000000000 ) ;
#1520 = DIRECTION ( 'NONE',  ( 3.125627884642896527E-16, -1.000000000000000000, -1.359501156721635768E-16 ) ) ;
#1521 = CARTESIAN_POINT ( 'NONE',  ( -13.60000000000000497, -4.659989999999958776, -0.03499999999993872596 ) ) ;
#1522 = ADVANCED_FACE ( 'NONE', ( #1439 ), #2167, .F. ) ;
#1523 = VECTOR ( 'NONE', #1271, 1000.000000000000000 ) ;
#1524 = CARTESIAN_POINT ( 'NONE',  ( 2.000000000000000000, 5.000000000000000000, 5.249999999999999112 ) ) ;
#1525 = ORIENTED_EDGE ( 'NONE', *, *, #532, .F. ) ;
#1526 = DIRECTION ( 'NONE',  ( 3.771570984396903002E-31, 2.162853794362401084E-46, -1.000000000000000000 ) ) ;
#1527 = VERTEX_POINT ( 'NONE', #533 ) ;
#1528 = ADVANCED_FACE ( 'NONE', ( #1668 ), #2031, .F. ) ;
#1529 = ORIENTED_EDGE ( 'NONE', *, *, #353, .T. ) ;
#1530 = CARTESIAN_POINT ( 'NONE',  ( -13.60000000000000675, 6.308701065809086295, -2.291297727711108845 ) ) ;
#1531 =( NAMED_UNIT ( * ) PLANE_ANGLE_UNIT ( ) SI_UNIT ( $, .RADIAN. ) );
#1532 = ORIENTED_EDGE ( 'NONE', *, *, #688, .F. ) ;
#1533 = DIRECTION ( 'NONE',  ( 1.000000000000000000, -0.000000000000000000, -0.000000000000000000 ) ) ;
#1534 = CARTESIAN_POINT ( 'NONE',  ( -1.500000000000004885, 5.550000000000001599, 5.249999999999994671 ) ) ;
#1535 = CIRCLE ( 'NONE', #1419, 1.000000000000000888 ) ;
#1536 = DIRECTION ( 'NONE',  ( -0.000000000000000000, -0.000000000000000000, 1.000000000000000000 ) ) ;
#1537 = LINE ( 'NONE', #192, #1351 ) ;
#1538 = VERTEX_POINT ( 'NONE', #1502 ) ;
#1539 = DIRECTION ( 'NONE',  ( -1.000000000000000000, 0.000000000000000000, 0.000000000000000000 ) ) ;
#1540 = ORIENTED_EDGE ( 'NONE', *, *, #347, .F. ) ;
#1541 = CARTESIAN_POINT ( 'NONE',  ( -1.500000000000004885, 4.680010000000041082, 0.5649999999999364420 ) ) ;
#1542 = DIRECTION ( 'NONE',  ( -1.000000000000000000, 0.000000000000000000, 0.000000000000000000 ) ) ;
#1543 = VECTOR ( 'NONE', #2340, 1000.000000000000000 ) ;
#1544 = DIRECTION ( 'NONE',  ( 0.000000000000000000, 1.652117596168388002E-16, -1.000000000000000000 ) ) ;
#1545 = MANIFOLD_SOLID_BREP ( 'Chamfer4', #1682 ) ;
#1546 = EDGE_CURVE ( 'NONE', #2201, #588, #562, .T. ) ;
#1547 = CARTESIAN_POINT ( 'NONE',  ( -2.500000000000007550, 5.550000000000001599, -0.4393601174236440587 ) ) ;
#1548 = PLANE ( 'NONE',  #608 ) ;
#1549 = ORIENTED_EDGE ( 'NONE', *, *, #2221, .T. ) ;
#1550 = VECTOR ( 'NONE', #1075, 1000.000000000000000 ) ;
#1551 = DIRECTION ( 'NONE',  ( 0.000000000000000000, 0.000000000000000000, -1.000000000000000000 ) ) ;
#1552 = ORIENTED_EDGE ( 'NONE', *, *, #1669, .T. ) ;
#1553 = CARTESIAN_POINT ( 'NONE',  ( 2.000000000000000000, 5.000000000000000888, -5.250000000000000888 ) ) ;
#1554 = DIRECTION ( 'NONE',  ( -1.000000000000000000, -0.000000000000000000, 0.000000000000000000 ) ) ;
#1555 = LINE ( 'NONE', #207, #259 ) ;
#1556 = EDGE_CURVE ( 'NONE', #517, #8, #2153, .T. ) ;
#1557 = AXIS2_PLACEMENT_3D ( 'NONE', #263, #836, #1020 ) ;
#1558 = FACE_OUTER_BOUND ( 'NONE', #275, .T. ) ;
#1559 = AXIS2_PLACEMENT_3D ( 'NONE', #869, #653, #468 ) ;
#1560 = CARTESIAN_POINT ( 'NONE',  ( -1.500000000000001332, -4.549999999999995381, -0.5948862383554925914 ) ) ;
#1561 = ORIENTED_EDGE ( 'NONE', *, *, #987, .T. ) ;
#1562 = AXIS2_PLACEMENT_3D ( 'NONE', #1245, #871, #2314 ) ;
#1563 = VECTOR ( 'NONE', #1805, 1000.000000000000000 ) ;
#1564 = EDGE_CURVE ( 'NONE', #1692, #1266, #520, .T. ) ;
#1565 = ORIENTED_EDGE ( 'NONE', *, *, #2285, .F. ) ;
#1566 = CARTESIAN_POINT ( 'NONE',  ( -1.500000000000001554, -4.659989999999951671, -3.750000000000016431 ) ) ;
#1567 = CARTESIAN_POINT ( 'NONE',  ( -7.000000000000000000, -7.299999999999997158, 9.250000000000003553 ) ) ;
#1568 = DIRECTION ( 'NONE',  ( 0.000000000000000000, 1.734723475976807094E-16, -1.000000000000000000 ) ) ;
#1569 = ORIENTED_EDGE ( 'NONE', *, *, #1984, .F. ) ;
#1570 = CARTESIAN_POINT ( 'NONE',  ( -7.000000000000000000, -7.300000000000002487, -5.249999999999998224 ) ) ;
#1571 = EDGE_CURVE ( 'NONE', #1701, #1190, #381, .T. ) ;
#1572 = CARTESIAN_POINT ( 'NONE',  ( 2.000000000000000000, 5.000000000000000000, 4.045000000000045226 ) ) ;
#1573 = VERTEX_POINT ( 'NONE', #145 ) ;
#1574 = FACE_OUTER_BOUND ( 'NONE', #1127, .T. ) ;
#1575 = EDGE_LOOP ( 'NONE', ( #2036, #319, #880, #258 ) ) ;
#1576 = AXIS2_PLACEMENT_3D ( 'NONE', #1978, #666, #1413 ) ;
#1577 = EDGE_CURVE ( 'NONE', #1327, #1845, #715, .T. ) ;
#1578 = CARTESIAN_POINT ( 'NONE',  ( 2.000000000000000000, 5.000000000000000000, 5.249999999999999112 ) ) ;
#1579 = DIRECTION ( 'NONE',  ( 1.000000000000000000, 0.000000000000000000, -1.707618421664669484E-15 ) ) ;
#1580 = DIRECTION ( 'NONE',  ( 0.000000000000000000, 0.000000000000000000, -1.000000000000000000 ) ) ;
#1581 = VERTEX_POINT ( 'NONE', #1885 ) ;
#1582 = ORIENTED_EDGE ( 'NONE', *, *, #166, .T. ) ;
#1583 = EDGE_CURVE ( 'NONE', #203, #72, #1465, .T. ) ;
#1584 = DIRECTION ( 'NONE',  ( 1.000000000000000000, -0.000000000000000000, -0.000000000000000000 ) ) ;
#1585 = CARTESIAN_POINT ( 'NONE',  ( -1.500000000000004885, 5.550000000000001599, -3.750000000000001776 ) ) ;
#1586 = EDGE_LOOP ( 'NONE', ( #991, #1093, #674, #2022 ) ) ;
#1587 = DIRECTION ( 'NONE',  ( 1.000000000000000000, 3.125627884642896527E-16, 0.000000000000000000 ) ) ;
#1588 = VERTEX_POINT ( 'NONE', #357 ) ;
#1589 = DIRECTION ( 'NONE',  ( 1.000000000000000000, 3.125627884642896527E-16, 0.000000000000000000 ) ) ;
#1590 = DIRECTION ( 'NONE',  ( 0.000000000000000000, 3.589083053745117718E-16, 1.000000000000000000 ) ) ;
#1591 = CARTESIAN_POINT ( 'NONE',  ( -2.493932693848035065, -5.549999999999996270, 0.5650000000000648948 ) ) ;
#1592 = ORIENTED_EDGE ( 'NONE', *, *, #519, .F. ) ;
#1593 = PLANE ( 'NONE',  #2111 ) ;
#1594 = EDGE_CURVE ( 'NONE', #563, #1266, #199, .T. ) ;
#1595 = AXIS2_PLACEMENT_3D ( 'NONE', #787, #1533, #2283 ) ;
#1596 = AXIS2_PLACEMENT_3D ( 'NONE', #181, #401, #1118 ) ;
#1597 = CARTESIAN_POINT ( 'NONE',  ( -13.60000000000000320, -5.919504821410118467, -2.632117625477078171 ) ) ;
#1598 = CARTESIAN_POINT ( 'NONE',  ( -13.60000000000000497, 3.200010000000040655, 0.5649999999999542055 ) ) ;
#1599 = ORIENTED_EDGE ( 'NONE', *, *, #694, .T. ) ;
#1600 = AXIS2_PLACEMENT_3D ( 'NONE', #1598, #676, #905 ) ;
#1601 = PLANE ( 'NONE',  #1882 ) ;
#1602 = EDGE_CURVE ( 'NONE', #2121, #129, #782, .T. ) ;
#1603 = ORIENTED_EDGE ( 'NONE', *, *, #1594, .T. ) ;
#1604 = CARTESIAN_POINT ( 'NONE',  ( -11.30000000000000071, 6.250000000000002665, 9.250000000000001776 ) ) ;
#1605 = PLANE ( 'NONE',  #2292 ) ;
#1606 = CARTESIAN_POINT ( 'NONE',  ( 0.000000000000000000, 0.000000000000000000, 0.000000000000000000 ) ) ;
#1607 = VECTOR ( 'NONE', #1480, 1000.000000000000000 ) ;
#1608 = CARTESIAN_POINT ( 'NONE',  ( -2.500000000000001332, -5.549999999999996270, -0.5948862383554943678 ) ) ;
#1609 = ADVANCED_FACE ( 'NONE', ( #1655 ), #1084, .F. ) ;
#1610 = DIRECTION ( 'NONE',  ( -0.000000000000000000, 0.000000000000000000, -1.000000000000000000 ) ) ;
#1611 = ORIENTED_EDGE ( 'NONE', *, *, #1652, .T. ) ;
#1612 = FACE_OUTER_BOUND ( 'NONE', #3, .T. ) ;
#1613 = ORIENTED_EDGE ( 'NONE', *, *, #1074, .T. ) ;
#1614 = DIRECTION ( 'NONE',  ( -0.000000000000000000, 1.000000000000000000, -0.000000000000000000 ) ) ;
#1615 = DIRECTION ( 'NONE',  ( 0.000000000000000000, 1.000000000000000000, 1.301042606982605321E-15 ) ) ;
#1616 = DIRECTION ( 'NONE',  ( -1.000000000000000000, -0.000000000000000000, 0.000000000000000000 ) ) ;
#1617 = ORIENTED_EDGE ( 'NONE', *, *, #408, .F. ) ;
#1618 = DIRECTION ( 'NONE',  ( 0.000000000000000000, 0.000000000000000000, 1.000000000000000000 ) ) ;
#1619 = FACE_OUTER_BOUND ( 'NONE', #389, .T. ) ;
#1620 = ORIENTED_EDGE ( 'NONE', *, *, #2231, .F. ) ;
#1621 = ADVANCED_FACE ( 'NONE', ( #1870 ), #726, .F. ) ;
#1622 = CARTESIAN_POINT ( 'NONE',  ( -12.59999999999999964, -6.550000000000000711, -2.050000000000001599 ) ) ;
#1623 = VERTEX_POINT ( 'NONE', #548 ) ;
#1624 = PLANE ( 'NONE',  #359 ) ;
#1625 = DIRECTION ( 'NONE',  ( 0.000000000000000000, -1.359501156721635768E-16, 1.000000000000000000 ) ) ;
#1626 = FACE_OUTER_BOUND ( 'NONE', #784, .T. ) ;
#1627 = EDGE_LOOP ( 'NONE', ( #497, #1830, #958, #1907, #559, #87, #1140, #111, #331, #2234 ) ) ;
#1628 = CARTESIAN_POINT ( 'NONE',  ( 0.000000000000000000, -4.659989999999958776, -0.03499999999993872596 ) ) ;
#1629 = DIRECTION ( 'NONE',  ( 0.000000000000000000, -1.000000000000000000, 0.000000000000000000 ) ) ;
#1630 = EDGE_CURVE ( 'NONE', #1440, #2082, #599, .T. ) ;
#1631 = CARTESIAN_POINT ( 'NONE',  ( -3.500000000000000000, 7.300000000000002487, -5.250000000000000888 ) ) ;
#1632 = ORIENTED_EDGE ( 'NONE', *, *, #1325, .T. ) ;
#1633 = VECTOR ( 'NONE', #1823, 1000.000000000000000 ) ;
#1634 = FACE_OUTER_BOUND ( 'NONE', #1758, .T. ) ;
#1635 = ORIENTED_EDGE ( 'NONE', *, *, #1564, .T. ) ;
#1636 = AXIS2_PLACEMENT_3D ( 'NONE', #1968, #278, #2348 ) ;
#1637 = PRODUCT_DEFINITION ( 'UNKNOWN', '', #1853, #881 ) ;
#1638 = LINE ( 'NONE', #2209, #1159 ) ;
#1639 = DIRECTION ( 'NONE',  ( 1.000000000000000000, 0.000000000000000000, 0.000000000000000000 ) ) ;
#1640 = CARTESIAN_POINT ( 'NONE',  ( 0.4999999999999917843, -5.000000000000000000, 2.545000000000044338 ) ) ;
#1641 = ORIENTED_EDGE ( 'NONE', *, *, #2037, .T. ) ;
#1642 = LINE ( 'NONE', #1305, #1683 ) ;
#1643 = ADVANCED_FACE ( 'NONE', ( #768 ), #2424, .F. ) ;
#1644 = VERTEX_POINT ( 'NONE', #1335 ) ;
#1645 = CARTESIAN_POINT ( 'NONE',  ( -12.59999999999999964, -5.550000000000000711, -2.050000000000001599 ) ) ;
#1646 = VERTEX_POINT ( 'NONE', #2284 ) ;
#1647 = PLANE ( 'NONE',  #40 ) ;
#1648 = CARTESIAN_POINT ( 'NONE',  ( -1.500000000000001332, -3.179989999999959238, 0.5650000000000435785 ) ) ;
#1649 = VECTOR ( 'NONE', #1948, 1000.000000000000000 ) ;
#1650 = LINE ( 'NONE', #1265, #2058 ) ;
#1651 = ORIENTED_EDGE ( 'NONE', *, *, #652, .T. ) ;
#1652 = EDGE_CURVE ( 'NONE', #870, #1034, #44, .T. ) ;
#1653 = CARTESIAN_POINT ( 'NONE',  ( -1.500000000000001554, -4.549999999999994493, 5.249999999999997335 ) ) ;
#1654 = EDGE_CURVE ( 'NONE', #2077, #1071, #2080, .T. ) ;
#1655 = FACE_OUTER_BOUND ( 'NONE', #99, .T. ) ;
#1656 = EDGE_LOOP ( 'NONE', ( #2331, #172, #805, #1603 ) ) ;
#1657 = DIRECTION ( 'NONE',  ( 1.000000000000000000, -0.000000000000000000, -0.000000000000000000 ) ) ;
#1658 = ORIENTED_EDGE ( 'NONE', *, *, #453, .F. ) ;
#1659 = CIRCLE ( 'NONE', #2290, 1.000000000000000000 ) ;
#1660 = AXIS2_PLACEMENT_3D ( 'NONE', #2210, #139, #1973 ) ;
#1661 = DIRECTION ( 'NONE',  ( 0.000000000000000000, 1.000000000000000000, 0.000000000000000000 ) ) ;
#1662 = CARTESIAN_POINT ( 'NONE',  ( -13.60000000000000142, 6.061791575795912657, -2.537468362390232102 ) ) ;
#1663 = ORIENTED_EDGE ( 'NONE', *, *, #1955, .F. ) ;
#1664 = ORIENTED_EDGE ( 'NONE', *, *, #420, .T. ) ;
#1665 = DIRECTION ( 'NONE',  ( 1.000000000000000000, -0.000000000000000000, -0.000000000000000000 ) ) ;
#1666 = DIRECTION ( 'NONE',  ( -0.000000000000000000, -0.000000000000000000, 1.000000000000000000 ) ) ;
#1667 = AXIS2_PLACEMENT_3D ( 'NONE', #2324, #375, #1012 ) ;
#1668 = FACE_OUTER_BOUND ( 'NONE', #84, .T. ) ;
#1669 = EDGE_CURVE ( 'NONE', #607, #1071, #1943, .T. ) ;
#1670 = ORIENTED_EDGE ( 'NONE', *, *, #484, .F. ) ;
#1671 = DIRECTION ( 'NONE',  ( 1.000000000000000000, -0.000000000000000000, -0.000000000000000000 ) ) ;
#1672 = VERTEX_POINT ( 'NONE', #590 ) ;
#1673 = AXIS2_PLACEMENT_3D ( 'NONE', #1716, #966, #426 ) ;
#1674 = EDGE_CURVE ( 'NONE', #188, #19, #1512, .T. ) ;
#1675 = CARTESIAN_POINT ( 'NONE',  ( -7.000000000000000000, 7.300000000000002487, 9.250000000000000000 ) ) ;
#1676 = CARTESIAN_POINT ( 'NONE',  ( 0.000000000000000000, 4.680009999999987791, -0.03500000000006674855 ) ) ;
#1677 = CARTESIAN_POINT ( 'NONE',  ( 2.000000000000000000, 0.000000000000000000, -3.514999999999953495 ) ) ;
#1678 = ORIENTED_EDGE ( 'NONE', *, *, #1995, .F. ) ;
#1679 = CIRCLE ( 'NONE', #944, 1.000000000000000888 ) ;
#1680 = DIRECTION ( 'NONE',  ( -0.000000000000000000, 0.000000000000000000, -1.000000000000000000 ) ) ;
#1681 = DIRECTION ( 'NONE',  ( 0.000000000000000000, 0.000000000000000000, -1.000000000000000000 ) ) ;
#1682 = CLOSED_SHELL ( 'NONE', ( #1390, #1189, #2301, #1522, #2074, #1061, #1507, #445, #1147, #2182, #865, #1036, #315, #1424, #1350, #799, #2387, #1124, #254, #1779, #2008, #2273, #638, #2046, #769, #67, #2106, #1445, #2375, #400, #1166, #33, #339, #1398, #2275, #961, #55, #1416, #1609, #1528, #1138, #701, #1744, #2081, #17, #1217, #247, #2020, #1759, #806, #618, #268, #1810, #1621, #113, #976, #137, #1700, #579, #1935, #323, #2429, #833, #1366, #1088, #1643, #600, #95, #882, #1144, #895, #156, #831, #2190, #2361, #1253 ) ) ;
#1683 = VECTOR ( 'NONE', #1463, 1000.000000000000000 ) ;
#1684 = CARTESIAN_POINT ( 'NONE',  ( 0.000000000000000000, -5.550000000000001599, 1.680686340485048724 ) ) ;
#1685 = ORIENTED_EDGE ( 'NONE', *, *, #1496, .T. ) ;
#1686 = EDGE_CURVE ( 'NONE', #1262, #1820, #1373, .T. ) ;
#1687 = TOROIDAL_SURFACE ( 'NONE', #310, 2.000000000000000000, 1.000000000000000000 ) ;
#1688 = DIRECTION ( 'NONE',  ( 0.000000000000000000, 0.000000000000000000, 1.000000000000000000 ) ) ;
#1689 = ORIENTED_EDGE ( 'NONE', *, *, #840, .F. ) ;
#1690 = DIRECTION ( 'NONE',  ( -0.000000000000000000, 1.000000000000000000, -2.376333528735352191E-16 ) ) ;
#1691 = DIRECTION ( 'NONE',  ( -0.000000000000000000, -0.000000000000000000, 1.000000000000000000 ) ) ;
#1692 = VERTEX_POINT ( 'NONE', #580 ) ;
#1693 = CARTESIAN_POINT ( 'NONE',  ( -1.500000000000019540, 5.550000000000005151, -0.6415698639892767341 ) ) ;
#1694 = DIRECTION ( 'NONE',  ( 0.000000000000000000, 1.000000000000000000, -1.301042606982599010E-14 ) ) ;
#1695 = B_SPLINE_CURVE_WITH_KNOTS ( 'NONE', 3,
 ( #1226, #504, #2176, #2332, #651, #277, #640 ),
 .UNSPECIFIED., .F., .F.,
 ( 4, 3, 4 ),
 ( 0.000000000000000000, 0.0002792248582126817015, 0.0006066218010063188955 ),
 .UNSPECIFIED. ) ;
#1696 = CARTESIAN_POINT ( 'NONE',  ( -11.30000000000000071, 7.300000000000002487, 9.250000000000000000 ) ) ;
#1697 = ORIENTED_EDGE ( 'NONE', *, *, #1738, .T. ) ;
#1698 = VECTOR ( 'NONE', #1338, 1000.000000000000000 ) ;
#1699 = PLANE ( 'NONE',  #2119 ) ;
#1700 = ADVANCED_FACE ( 'NONE', ( #1894 ), #810, .F. ) ;
#1701 = VERTEX_POINT ( 'NONE', #1726 ) ;
#1702 = DIRECTION ( 'NONE',  ( 0.000000000000000000, 1.000000000000000000, 1.734723475976807341E-16 ) ) ;
#1703 = EDGE_CURVE ( 'NONE', #1891, #1042, #209, .T. ) ;
#1704 = ORIENTED_EDGE ( 'NONE', *, *, #992, .T. ) ;
#1705 = DIRECTION ( 'NONE',  ( -2.930276141852803194E-16, 1.000000000000000000, 0.000000000000000000 ) ) ;
#1706 = FACE_OUTER_BOUND ( 'NONE', #832, .T. ) ;
#1707 = CARTESIAN_POINT ( 'NONE',  ( -7.000000000000000000, 7.300000000000002487, -5.250000000000000888 ) ) ;
#1708 = EDGE_CURVE ( 'NONE', #270, #563, #625, .T. ) ;
#1709 = ORIENTED_EDGE ( 'NONE', *, *, #711, .F. ) ;
#1710 = DIRECTION ( 'NONE',  ( 0.000000000000000000, 0.000000000000000000, 1.000000000000000000 ) ) ;
#1711 = VERTEX_POINT ( 'NONE', #2310 ) ;
#1712 = DIRECTION ( 'NONE',  ( 1.000000000000000000, -0.000000000000000000, -0.000000000000000000 ) ) ;
#1713 = VERTEX_POINT ( 'NONE', #1534 ) ;
#1714 = AXIS2_PLACEMENT_3D ( 'NONE', #1788, #104, #1236 ) ;
#1715 = AXIS2_PLACEMENT_3D ( 'NONE', #1355, #2294, #1223 ) ;
#1716 = CARTESIAN_POINT ( 'NONE',  ( -7.000000000000000000, 7.300000000000002487, -5.250000000000000888 ) ) ;
#1717 = VECTOR ( 'NONE', #957, 1000.000000000000000 ) ;
#1718 = CARTESIAN_POINT ( 'NONE',  ( -5.500000000000003553, 2.500000000000000000, -3.750000000000001776 ) ) ;
#1719 = FACE_OUTER_BOUND ( 'NONE', #2057, .T. ) ;
#1720 = ORIENTED_EDGE ( 'NONE', *, *, #318, .F. ) ;
#1721 = FACE_OUTER_BOUND ( 'NONE', #161, .T. ) ;
#1722 = ORIENTED_EDGE ( 'NONE', *, *, #2395, .F. ) ;
#1723 = CARTESIAN_POINT ( 'NONE',  ( -12.59999999999999964, 4.550000000000001599, -2.050000000000001599 ) ) ;
#1724 = CARTESIAN_POINT ( 'NONE',  ( 2.000000000000000000, 5.000000000000000888, -3.514999999999950386 ) ) ;
#1725 = EDGE_CURVE ( 'NONE', #1573, #1087, #1446, .T. ) ;
#1726 = CARTESIAN_POINT ( 'NONE',  ( 0.000000000000000000, 5.000000000000000888, 2.545000000000044338 ) ) ;
#1727 = PLANE ( 'NONE',  #1504 ) ;
#1728 = CARTESIAN_POINT ( 'NONE',  ( -1.499999999938860906, -4.659989999447466502, -0.2381365225641639549 ) ) ;
#1729 = B_SPLINE_CURVE_WITH_KNOTS ( 'NONE', 3,
 ( #350, #587, #1847, #2269, #2411, #1662, #1530, #1139 ),
 .UNSPECIFIED., .F., .F.,
 ( 4, 2, 2, 4 ),
 ( 0.000000000000000000, 0.0005118710583149682029, 0.001023742116629936406, 0.002047484233259873679 ),
 .UNSPECIFIED. ) ;
#1730 = ORIENTED_EDGE ( 'NONE', *, *, #1654, .T. ) ;
#1731 = ORIENTED_EDGE ( 'NONE', *, *, #1577, .T. ) ;
#1732 = ORIENTED_EDGE ( 'NONE', *, *, #271, .F. ) ;
#1733 = CARTESIAN_POINT ( 'NONE',  ( -3.500000000000000000, -7.299999999999997158, 9.250000000000003553 ) ) ;
#1734 = CARTESIAN_POINT ( 'NONE',  ( -1.500000000000005551, 4.680009999999987791, -0.03500000000006665835 ) ) ;
#1735 = FACE_OUTER_BOUND ( 'NONE', #1050, .T. ) ;
#1736 = AXIS2_PLACEMENT_3D ( 'NONE', #1498, #194, #568 ) ;
#1737 = DIRECTION ( 'NONE',  ( -1.585117047221011795E-15, -9.090048773505210719E-31, 1.000000000000000000 ) ) ;
#1738 = EDGE_CURVE ( 'NONE', #2302, #452, #253, .T. ) ;
#1739 = DIRECTION ( 'NONE',  ( 0.000000000000000000, 0.000000000000000000, 1.000000000000000000 ) ) ;
#1740 = DIRECTION ( 'NONE',  ( 1.000000000000000000, 5.734623061080354406E-16, 9.947985249934071371E-32 ) ) ;
#1741 = ORIENTED_EDGE ( 'NONE', *, *, #1903, .F. ) ;
#1742 = ORIENTED_EDGE ( 'NONE', *, *, #929, .F. ) ;
#1743 = EDGE_LOOP ( 'NONE', ( #884, #141, #2380 ) ) ;
#1744 = ADVANCED_FACE ( 'NONE', ( #1558 ), #777, .F. ) ;
#1745 = CARTESIAN_POINT ( 'NONE',  ( 2.000000000000000000, 5.000000000000000888, -5.250000000000000888 ) ) ;
#1746 = LINE ( 'NONE', #1949, #859 ) ;
#1747 = CARTESIAN_POINT ( 'NONE',  ( -2.500000000000001776, -4.549999999999994493, -2.050000000000001599 ) ) ;
#1748 = EDGE_LOOP ( 'NONE', ( #1110, #367, #2163, #1339 ) ) ;
#1749 = ORIENTED_EDGE ( 'NONE', *, *, #1468, .F. ) ;
#1750 = AXIS2_PLACEMENT_3D ( 'NONE', #1677, #1449, #2185 ) ;
#1751 = DIRECTION ( 'NONE',  ( 0.000000000000000000, 0.000000000000000000, -1.000000000000000000 ) ) ;
#1752 = AXIS2_PLACEMENT_3D ( 'NONE', #1524, #2101, #2113 ) ;
#1753 = DIRECTION ( 'NONE',  ( 1.000000000000000000, -0.000000000000000000, -0.000000000000000000 ) ) ;
#1754 = ORIENTED_EDGE ( 'NONE', *, *, #1066, .F. ) ;
#1755 = EDGE_CURVE ( 'NONE', #2179, #2218, #977, .T. ) ;
#1756 = VECTOR ( 'NONE', #1027, 1000.000000000000000 ) ;
#1757 = LINE ( 'NONE', #1808, #2000 ) ;
#1758 = EDGE_LOOP ( 'NONE', ( #248, #2245, #650, #1871 ) ) ;
#1759 = ADVANCED_FACE ( 'NONE', ( #427 ), #999, .T. ) ;
#1760 = LINE ( 'NONE', #1566, #1848 ) ;
#1761 = CARTESIAN_POINT ( 'NONE',  ( -7.000000000000000000, 7.300000000000002487, 9.250000000000000000 ) ) ;
#1762 = CARTESIAN_POINT ( 'NONE',  ( -13.60000000000000142, 6.550000000000000711, 9.250000000000000000 ) ) ;
#1763 = ORIENTED_EDGE ( 'NONE', *, *, #457, .F. ) ;
#1764 = ORIENTED_EDGE ( 'NONE', *, *, #2247, .T. ) ;
#1765 = CYLINDRICAL_SURFACE ( 'NONE', #505, 0.5000000000000004441 ) ;
#1766 = CARTESIAN_POINT ( 'NONE',  ( -13.60000000000000497, -3.179989999999967676, -0.03499999999995672545 ) ) ;
#1767 = CIRCLE ( 'NONE', #276, 1.479999999999995319 ) ;
#1768 = PLANE ( 'NONE',  #146 ) ;
#1769 = ORIENTED_EDGE ( 'NONE', *, *, #917, .F. ) ;
#1770 = DIRECTION ( 'NONE',  ( -2.930276141852714940E-16, 1.000000000000000000, 0.000000000000000000 ) ) ;
#1771 = EDGE_LOOP ( 'NONE', ( #1296, #1418, #1937, #982, #919, #629, #664, #36, #472, #2376, #1004, #795 ) ) ;
#1772 = EDGE_CURVE ( 'NONE', #2281, #1160, #1359, .T. ) ;
#1773 = CARTESIAN_POINT ( 'NONE',  ( -2.500000000000001332, -5.549999999999996270, -3.050000000000001599 ) ) ;
#1774 = PLANE ( 'NONE',  #1714 ) ;
#1775 = ORIENTED_EDGE ( 'NONE', *, *, #391, .T. ) ;
#1776 = DIRECTION ( 'NONE',  ( 1.000000000000000000, 0.000000000000000000, 0.000000000000000000 ) ) ;
#1777 = VECTOR ( 'NONE', #1459, 1000.000000000000000 ) ;
#1778 = VECTOR ( 'NONE', #910, 1000.000000000000000 ) ;
#1779 = ADVANCED_FACE ( 'NONE', ( #54 ), #1593, .F. ) ;
#1780 = CARTESIAN_POINT ( 'NONE',  ( -13.60000000000000320, -6.307383330314822345, -2.292607587781954503 ) ) ;
#1781 = CARTESIAN_POINT ( 'NONE',  ( 2.000000000000000000, -5.000000000000000000, 5.249999999999997335 ) ) ;
#1782 = ORIENTED_EDGE ( 'NONE', *, *, #366, .T. ) ;
#1783 = DIRECTION ( 'NONE',  ( -0.000000000000000000, 1.000000000000000000, 0.000000000000000000 ) ) ;
#1784 = ORIENTED_EDGE ( 'NONE', *, *, #1501, .T. ) ;
#1785 = VECTOR ( 'NONE', #1111, 1000.000000000000000 ) ;
#1786 = CARTESIAN_POINT ( 'NONE',  ( -11.30000000000000071, 7.300000000000002487, -5.250000000000000888 ) ) ;
#1787 = FACE_OUTER_BOUND ( 'NONE', #1575, .T. ) ;
#1788 = CARTESIAN_POINT ( 'NONE',  ( -13.60000000000000142, -7.300000000000002487, -5.249999999999998224 ) ) ;
#1789 = EDGE_CURVE ( 'NONE', #1499, #649, #1794, .T. ) ;
#1790 = DIRECTION ( 'NONE',  ( 0.000000000000000000, 1.734723475976807094E-16, -1.000000000000000000 ) ) ;
#1791 = VECTOR ( 'NONE', #52, 1000.000000000000000 ) ;
#1792 = LINE ( 'NONE', #1631, #190 ) ;
#1793 = ORIENTED_EDGE ( 'NONE', *, *, #283, .T. ) ;
#1794 = CIRCLE ( 'NONE', #2423, 1.000000000000000000 ) ;
#1795 = AXIS2_PLACEMENT_3D ( 'NONE', #1414, #1610, #1402 ) ;
#1796 = CARTESIAN_POINT ( 'NONE',  ( -2.500000000000009326, 5.550000000000001599, 1.171569863989342597 ) ) ;
#1797 = ORIENTED_EDGE ( 'NONE', *, *, #1022, .T. ) ;
#1798 = AXIS2_PLACEMENT_3D ( 'NONE', #725, #518, #2019 ) ;
#1799 = CARTESIAN_POINT ( 'NONE',  ( -11.30000000000000071, -6.250000000000002665, -5.249999999999998224 ) ) ;
#1800 = CARTESIAN_POINT ( 'NONE',  ( -7.000000000000000000, 0.000000000000000000, 0.000000000000000000 ) ) ;
#1801 = CARTESIAN_POINT ( 'NONE',  ( -2.500000000000005773, 6.550000000000005151, -3.050000000000001599 ) ) ;
#1802 = VERTEX_POINT ( 'NONE', #1570 ) ;
#1803 = AXIS2_PLACEMENT_3D ( 'NONE', #771, #25, #980 ) ;
#1804 = EDGE_CURVE ( 'NONE', #2230, #1403, #866, .T. ) ;
#1805 = DIRECTION ( 'NONE',  ( 0.000000000000000000, 0.000000000000000000, -1.000000000000000000 ) ) ;
#1806 = CARTESIAN_POINT ( 'NONE',  ( -1.500000000000001998, -3.179989999999941475, 2.045000000000043006 ) ) ;
#1807 = ORIENTED_EDGE ( 'NONE', *, *, #191, .F. ) ;
#1808 = CARTESIAN_POINT ( 'NONE',  ( -1.500000000000001554, -4.549999999999994493, 5.249999999999997335 ) ) ;
#1809 = VERTEX_POINT ( 'NONE', #492 ) ;
#1810 = ADVANCED_FACE ( 'NONE', ( #2139 ), #1765, .F. ) ;
#1811 = DIRECTION ( 'NONE',  ( 0.000000000000000000, -1.000000000000000000, 0.000000000000000000 ) ) ;
#1812 = CARTESIAN_POINT ( 'NONE',  ( -3.500000000000002665, 2.000000000000000000, -3.750000000000001776 ) ) ;
#1813 = LINE ( 'NONE', #2379, #658 ) ;
#1814 = ORIENTED_EDGE ( 'NONE', *, *, #1884, .F. ) ;
#1815 = DIRECTION ( 'NONE',  ( 0.000000000000000000, 0.000000000000000000, -1.000000000000000000 ) ) ;
#1816 = PLANE ( 'NONE',  #1795 ) ;
#1817 = ORIENTED_EDGE ( 'NONE', *, *, #788, .F. ) ;
#1818 = EDGE_CURVE ( 'NONE', #1713, #1327, #1975, .T. ) ;
#1819 = CARTESIAN_POINT ( 'NONE',  ( -1.500000000000004885, 5.550000000000001599, -1.514999999999956382 ) ) ;
#1820 = VERTEX_POINT ( 'NONE', #80 ) ;
#1821 = CARTESIAN_POINT ( 'NONE',  ( -3.500000000000000000, 7.300000000000002487, -5.250000000000000888 ) ) ;
#1822 = FACE_OUTER_BOUND ( 'NONE', #2050, .T. ) ;
#1823 = DIRECTION ( 'NONE',  ( 1.000000000000000000, 5.734623061080354406E-16, -0.000000000000000000 ) ) ;
#1824 = EDGE_LOOP ( 'NONE', ( #1611, #842, #1285, #815 ) ) ;
#1825 = EDGE_CURVE ( 'NONE', #2316, #19, #1679, .T. ) ;
#1826 = CARTESIAN_POINT ( 'NONE',  ( -1.500000000000001332, -4.659989999999958776, -0.03499999999993872596 ) ) ;
#1827 = DIRECTION ( 'NONE',  ( 0.000000000000000000, -0.000000000000000000, 1.000000000000000000 ) ) ;
#1828 = DIRECTION ( 'NONE',  ( 1.000000000000000000, 3.125627884642896527E-16, 0.000000000000000000 ) ) ;
#1829 = B_SPLINE_CURVE_WITH_KNOTS ( 'NONE', 3,
 ( #698, #1435, #164, #351 ),
 .UNSPECIFIED., .F., .F.,
 ( 4, 4 ),
 ( 0.000000000000000000, 0.0005599191121080114358 ),
 .UNSPECIFIED. ) ;
#1830 = ORIENTED_EDGE ( 'NONE', *, *, #2336, .T. ) ;
#1831 = VECTOR ( 'NONE', #1987, 1000.000000000000000 ) ;
#1832 = EDGE_CURVE ( 'NONE', #607, #352, #96, .T. ) ;
#1833 = ORIENTED_EDGE ( 'NONE', *, *, #566, .T. ) ;
#1834 = VECTOR ( 'NONE', #2047, 1000.000000000000000 ) ;
#1835 = DIRECTION ( 'NONE',  ( 0.000000000000000000, 3.589083053745118704E-16, 1.000000000000000000 ) ) ;
#1836 = PLANE ( 'NONE',  #1859 ) ;
#1837 = PLANE ( 'NONE',  #1952 ) ;
#1838 = ORIENTED_EDGE ( 'NONE', *, *, #1955, .T. ) ;
#1839 = EDGE_CURVE ( 'NONE', #2255, #1171, #693, .T. ) ;
#1840 = CARTESIAN_POINT ( 'NONE',  ( -3.500000000000002665, 2.000000000000000000, -3.050000000000001599 ) ) ;
#1841 = DIRECTION ( 'NONE',  ( 0.000000000000000000, 0.000000000000000000, 1.000000000000000000 ) ) ;
#1842 = CARTESIAN_POINT ( 'NONE',  ( -1.500000000000004663, 4.550000000000001599, -3.050000000000001599 ) ) ;
#1843 = ORIENTED_EDGE ( 'NONE', *, *, #714, .F. ) ;
#1844 = LINE ( 'NONE', #160, #751 ) ;
#1845 = VERTEX_POINT ( 'NONE', #479 ) ;
#1846 = LINE ( 'NONE', #1821, #1107 ) ;
#1847 = CARTESIAN_POINT ( 'NONE',  ( -13.60000000000000320, 5.158856772400426394, -3.017106430756425262 ) ) ;
#1848 = VECTOR ( 'NONE', #102, 1000.000000000000000 ) ;
#1849 = CARTESIAN_POINT ( 'NONE',  ( 0.000000000000000000, 5.000000000000000000, -2.014999999999952163 ) ) ;
#1850 = ORIENTED_EDGE ( 'NONE', *, *, #2345, .F. ) ;
#1851 = EDGE_CURVE ( 'NONE', #452, #677, #687, .T. ) ;
#1852 = PLANE ( 'NONE',  #820 ) ;
#1853 = PRODUCT_DEFINITION_FORMATION_WITH_SPECIFIED_SOURCE ( 'ANY', '', #1997, .NOT_KNOWN. ) ;
#1854 = PLANE ( 'NONE',  #2240 ) ;
#1855 = VERTEX_POINT ( 'NONE', #1426 ) ;
#1856 = EDGE_CURVE ( 'NONE', #212, #2321, #66, .T. ) ;
#1857 = CARTESIAN_POINT ( 'NONE',  ( -3.000000000000002665, 2.500000000000000000, -3.050000000000001599 ) ) ;
#1858 = ORIENTED_EDGE ( 'NONE', *, *, #1010, .F. ) ;
#1859 = AXIS2_PLACEMENT_3D ( 'NONE', #886, #1625, #720 ) ;
#1860 = AXIS2_PLACEMENT_3D ( 'NONE', #647, #1031, #1579 ) ;
#1861 = CARTESIAN_POINT ( 'NONE',  ( -2.500000000000000444, -5.549999999999996270, -0.5948862383554952560 ) ) ;
#1862 = LINE ( 'NONE', #556, #2097 ) ;
#1863 = FACE_OUTER_BOUND ( 'NONE', #825, .T. ) ;
#1864 = ORIENTED_EDGE ( 'NONE', *, *, #1818, .T. ) ;
#1865 = ADVANCED_BREP_SHAPE_REPRESENTATION ( 'JK-RTF-03-01-01 USB-C Block', ( #1545, #241 ), #1933 ) ;
#1866 = ORIENTED_EDGE ( 'NONE', *, *, #2051, .F. ) ;
#1867 = DIRECTION ( 'NONE',  ( -0.000000000000000000, 1.000000000000000000, 0.000000000000000000 ) ) ;
#1868 = EDGE_CURVE ( 'NONE', #147, #1432, #1695, .T. ) ;
#1869 = VECTOR ( 'NONE', #1263, 1000.000000000000000 ) ;
#1870 = FACE_OUTER_BOUND ( 'NONE', #1341, .T. ) ;
#1871 = ORIENTED_EDGE ( 'NONE', *, *, #1755, .F. ) ;
#1872 = FACE_OUTER_BOUND ( 'NONE', #2013, .T. ) ;
#1873 = ORIENTED_EDGE ( 'NONE', *, *, #271, .T. ) ;
#1874 = AXIS2_PLACEMENT_3D ( 'NONE', #1343, #1694, #986 ) ;
#1875 = CARTESIAN_POINT ( 'NONE',  ( -2.500000000000001776, -4.549999999999996270, -3.050000000000001599 ) ) ;
#1876 = DIRECTION ( 'NONE',  ( 0.000000000000000000, 0.000000000000000000, 1.000000000000000000 ) ) ;
#1877 = ORIENTED_EDGE ( 'NONE', *, *, #1892, .T. ) ;
#1878 = VECTOR ( 'NONE', #1751, 1000.000000000000000 ) ;
#1879 = COLOUR_RGB ( '',0.7921568627450980005, 0.8196078431372548767, 0.9333333333333333481 ) ;
#1880 = CARTESIAN_POINT ( 'NONE',  ( -2.500000000000007550, 5.550000000000001599, -0.6415698639893078203 ) ) ;
#1881 = DIRECTION ( 'NONE',  ( 0.000000000000000000, 0.000000000000000000, -1.000000000000000000 ) ) ;
#1882 = AXIS2_PLACEMENT_3D ( 'NONE', #1998, #2170, #471 ) ;
#1883 = CIRCLE ( 'NONE', #306, 0.5000000000000004441 ) ;
#1884 = EDGE_CURVE ( 'NONE', #224, #221, #1994, .T. ) ;
#1885 = CARTESIAN_POINT ( 'NONE',  ( -3.499999999999999556, -5.550000000000001599, 9.249999999999998224 ) ) ;
#1886 = ORIENTED_EDGE ( 'NONE', *, *, #2067, .F. ) ;
#1887 = EDGE_CURVE ( 'NONE', #964, #1644, #1247, .T. ) ;
#1888 = DIRECTION ( 'NONE',  ( 0.000000000000000000, -1.000000000000000000, 0.000000000000000000 ) ) ;
#1889 = ORIENTED_EDGE ( 'NONE', *, *, #2418, .F. ) ;
#1890 = CARTESIAN_POINT ( 'NONE',  ( -13.60000000000000142, 0.000000000000000000, 0.000000000000000000 ) ) ;
#1891 = VERTEX_POINT ( 'NONE', #1023 ) ;
#1892 = EDGE_CURVE ( 'NONE', #1123, #1588, #288, .T. ) ;
#1893 = FACE_OUTER_BOUND ( 'NONE', #2158, .T. ) ;
#1894 = FACE_OUTER_BOUND ( 'NONE', #93, .T. ) ;
#1895 = EDGE_LOOP ( 'NONE', ( #1993, #464, #293, #1372, #926, #950, #819, #1552, #1960 ) ) ;
#1896 = CARTESIAN_POINT ( 'NONE',  ( -11.30000000000000071, 6.250000000000002665, -5.250000000000000888 ) ) ;
#1897 = ORIENTED_EDGE ( 'NONE', *, *, #37, .T. ) ;
#1898 = DIRECTION ( 'NONE',  ( -1.000000000000000000, 0.000000000000000000, 0.000000000000000000 ) ) ;
#1899 = ORIENTED_EDGE ( 'NONE', *, *, #2085, .F. ) ;
#1900 = VECTOR ( 'NONE', #2319, 1000.000000000000000 ) ;
#1901 = VECTOR ( 'NONE', #877, 1000.000000000000000 ) ;
#1902 = CARTESIAN_POINT ( 'NONE',  ( -3.500000000000000000, 7.300000000000002487, -5.250000000000000888 ) ) ;
#1903 = EDGE_CURVE ( 'NONE', #439, #710, #120, .T. ) ;
#1904 = DIRECTION ( 'NONE',  ( -0.000000000000000000, -0.000000000000000000, -1.000000000000000000 ) ) ;
#1905 = VECTOR ( 'NONE', #1690, 1000.000000000000000 ) ;
#1906 = LINE ( 'NONE', #2266, #1464 ) ;
#1907 = ORIENTED_EDGE ( 'NONE', *, *, #289, .T. ) ;
#1908 = ORIENTED_EDGE ( 'NONE', *, *, #477, .F. ) ;
#1909 = EDGE_CURVE ( 'NONE', #224, #129, #1255, .T. ) ;
#1910 = APPLICATION_PROTOCOL_DEFINITION ( 'draft international standard', 'automotive_design', 1998, #756 ) ;
#1911 = EDGE_LOOP ( 'NONE', ( #1793, #947, #1843, #327 ) ) ;
#1912 = VECTOR ( 'NONE', #118, 1000.000000000000000 ) ;
#1913 = AXIS2_PLACEMENT_3D ( 'NONE', #197, #1489, #1314 ) ;
#1914 = CARTESIAN_POINT ( 'NONE',  ( -1.500000000000004885, 5.550000000000000711, 2.045000000000044338 ) ) ;
#1915 = LINE ( 'NONE', #217, #2343 ) ;
#1916 = EDGE_CURVE ( 'NONE', #2218, #1440, #1883, .T. ) ;
#1917 = PRESENTATION_LAYER_ASSIGNMENT (  '', '', ( #549 ) ) ;
#1918 = DIRECTION ( 'NONE',  ( -0.000000000000000000, 0.000000000000000000, -1.000000000000000000 ) ) ;
#1919 = VECTOR ( 'NONE', #571, 1000.000000000000000 ) ;
#1920 = LINE ( 'NONE', #1157, #321 ) ;
#1921 = PLANE ( 'NONE',  #1238 ) ;
#1922 = ORIENTED_EDGE ( 'NONE', *, *, #1958, .F. ) ;
#1923 = VECTOR ( 'NONE', #1392, 1000.000000000000000 ) ;
#1924 = CARTESIAN_POINT ( 'NONE',  ( -11.30000000000000071, 0.000000000000000000, 0.000000000000000000 ) ) ;
#1925 = ORIENTED_EDGE ( 'NONE', *, *, #1175, .F. ) ;
#1926 =( BOUNDED_SURFACE ( )  B_SPLINE_SURFACE ( 3, 2, ( 
 ( #1129, #1693, #9 ),
 ( #766, #2271, #2261 ),
 ( #206, #1510, #965 ),
 ( #775, #2089, #1734 ) ),
 .UNSPECIFIED., .F., .F., .F. ) 
 B_SPLINE_SURFACE_WITH_KNOTS ( ( 4, 4 ),
 ( 3, 3 ),
 ( 0.001990480818252469020, 0.002595671202039382102 ),
 ( 0.000000000000000000, 1.000000000000000000 ),
 .UNSPECIFIED. ) 
 GEOMETRIC_REPRESENTATION_ITEM ( )  RATIONAL_B_SPLINE_SURFACE ( (
 ( 1.000000000000000000, 0.7071067811865512365, 1.000000000000000000),
 ( 1.000000000000000000, 0.7340047807788485645, 1.000000000000000000),
 ( 1.000000000000000000, 0.7519320343292662523, 1.000000000000000000),
 ( 1.000000000000000000, 0.7516681448618075523, 1.000000000000000000) ) ) 
 REPRESENTATION_ITEM ( '' )  SURFACE ( )  );
#1927 = CARTESIAN_POINT ( 'NONE',  ( 8.572527594031455933E-17, 5.550000000000001599, 1.680686340485048724 ) ) ;
#1928 = CARTESIAN_POINT ( 'NONE',  ( 7.582734003679635968E-32, 6.249999999999999112, 5.249999999999999112 ) ) ;
#1929 = EDGE_CURVE ( 'NONE', #677, #736, #2393, .T. ) ;
#1930 = DIRECTION ( 'NONE',  ( -0.000000000000000000, 0.000000000000000000, -1.000000000000000000 ) ) ;
#1931 = CARTESIAN_POINT ( 'NONE',  ( -13.60000000000000675, -5.158851968761505091, -3.017107390127935052 ) ) ;
#1932 = CARTESIAN_POINT ( 'NONE',  ( -1.500000000000001554, -4.615338934001597337, -0.4350057072371716349 ) ) ;
#1933 =( GEOMETRIC_REPRESENTATION_CONTEXT ( 3 ) GLOBAL_UNCERTAINTY_ASSIGNED_CONTEXT ( ( #2373 ) ) GLOBAL_UNIT_ASSIGNED_CONTEXT ( ( #7, #1531, #410 ) ) REPRESENTATION_CONTEXT ( 'NONE', 'WORKASPACE' ) );
#1934 = ORIENTED_EDGE ( 'NONE', *, *, #656, .T. ) ;
#1935 = ADVANCED_FACE ( 'NONE', ( #1072 ), #560, .F. ) ;
#1936 = ORIENTED_EDGE ( 'NONE', *, *, #2204, .F. ) ;
#1937 = ORIENTED_EDGE ( 'NONE', *, *, #1241, .F. ) ;
#1938 = PLANE ( 'NONE',  #1336 ) ;
#1939 = LINE ( 'NONE', #250, #285 ) ;
#1940 = CARTESIAN_POINT ( 'NONE',  ( 0.000000000000000000, 3.200010000000014898, -1.514999999999956604 ) ) ;
#1941 = ORIENTED_EDGE ( 'NONE', *, *, #943, .F. ) ;
#1942 = EDGE_CURVE ( 'NONE', #212, #576, #2030, .T. ) ;
#1943 = LINE ( 'NONE', #392, #2235 ) ;
#1944 = CARTESIAN_POINT ( 'NONE',  ( -2.500000000000007550, 5.550000000000001599, -2.050000000000001599 ) ) ;
#1945 = ORIENTED_EDGE ( 'NONE', *, *, #143, .F. ) ;
#1946 = CARTESIAN_POINT ( 'NONE',  ( -2.491512682754532637, 5.550000000000001599, 0.7671654409413404263 ) ) ;
#1947 = ORIENTED_EDGE ( 'NONE', *, *, #166, .F. ) ;
#1948 = DIRECTION ( 'NONE',  ( 1.000000000000000000, -0.000000000000000000, -0.000000000000000000 ) ) ;
#1949 = CARTESIAN_POINT ( 'NONE',  ( -2.500000000000007550, 5.550000000000001599, 5.249999999999994671 ) ) ;
#1950 = LINE ( 'NONE', #648, #185 ) ;
#1951 = ORIENTED_EDGE ( 'NONE', *, *, #391, .F. ) ;
#1952 = AXIS2_PLACEMENT_3D ( 'NONE', #2200, #2028, #516 ) ;
#1953 = CARTESIAN_POINT ( 'NONE',  ( -5.500000000000003553, -2.000000000000000444, -3.050000000000001599 ) ) ;
#1954 = VECTOR ( 'NONE', #757, 1000.000000000000000 ) ;
#1955 = EDGE_CURVE ( 'NONE', #576, #1646, #182, .T. ) ;
#1956 = FACE_OUTER_BOUND ( 'NONE', #2257, .T. ) ;
#1957 = VERTEX_POINT ( 'NONE', #1653 ) ;
#1958 = EDGE_CURVE ( 'NONE', #179, #1623, #2430, .T. ) ;
#1959 = FACE_OUTER_BOUND ( 'NONE', #2048, .T. ) ;
#1960 = ORIENTED_EDGE ( 'NONE', *, *, #1276, .T. ) ;
#1961 = LINE ( 'NONE', #1972, #2166 ) ;
#1962 = CYLINDRICAL_SURFACE ( 'NONE', #418, 1.000000000000000000 ) ;
#1963 = LINE ( 'NONE', #1940, #27 ) ;
#1964 = VERTEX_POINT ( 'NONE', #755 ) ;
#1965 = ORIENTED_EDGE ( 'NONE', *, *, #955, .F. ) ;
#1966 = EDGE_CURVE ( 'NONE', #588, #447, #2381, .T. ) ;
#1967 = CARTESIAN_POINT ( 'NONE',  ( -12.59999999999999964, -4.550000000000000711, -2.050000000000001599 ) ) ;
#1968 = CARTESIAN_POINT ( 'NONE',  ( -7.000000000000000000, -7.300000000000002487, -5.249999999999998224 ) ) ;
#1969 = EDGE_LOOP ( 'NONE', ( #16, #365, #690, #39, #1582 ) ) ;
#1970 = CARTESIAN_POINT ( 'NONE',  ( -1.500000000000005773, 4.625551146093998867, 1.003422378315502073 ) ) ;
#1971 = ORIENTED_EDGE ( 'NONE', *, *, #1386, .T. ) ;
#1972 = CARTESIAN_POINT ( 'NONE',  ( -7.000000000000000000, 7.300000000000002487, -5.250000000000000888 ) ) ;
#1973 = DIRECTION ( 'NONE',  ( 1.000000000000000000, -2.602085213965210642E-15, 0.000000000000000000 ) ) ;
#1974 = DIRECTION ( 'NONE',  ( -1.000000000000000000, 0.000000000000000000, -0.000000000000000000 ) ) ;
#1975 = LINE ( 'NONE', #852, #303 ) ;
#1976 = AXIS2_PLACEMENT_3D ( 'NONE', #1890, #6, #1876 ) ;
#1977 = AXIS2_PLACEMENT_3D ( 'NONE', #1927, #2306, #623 ) ;
#1978 = CARTESIAN_POINT ( 'NONE',  ( -2.500000000000007550, 4.550000000000001599, -2.050000000000001599 ) ) ;
#1979 = CARTESIAN_POINT ( 'NONE',  ( 0.000000000000000000, -4.659989999999959664, 0.5650000000000648948 ) ) ;
#1980 = ORIENTED_EDGE ( 'NONE', *, *, #1571, .F. ) ;
#1981 = CARTESIAN_POINT ( 'NONE',  ( -2.491512682672293089, 5.550000000000001599, 0.5649999999999379963 ) ) ;
#1982 = ORIENTED_EDGE ( 'NONE', *, *, #2216, .F. ) ;
#1983 = VECTOR ( 'NONE', #1753, 1000.000000000000000 ) ;
#1984 = EDGE_CURVE ( 'NONE', #1809, #2230, #2252, .T. ) ;
#1985 = DIRECTION ( 'NONE',  ( 0.000000000000000000, 1.445602896647330436E-15, -1.000000000000000000 ) ) ;
#1986 = CARTESIAN_POINT ( 'NONE',  ( -3.000000000000002665, -2.500000000000000000, -3.050000000000001599 ) ) ;
#1987 = DIRECTION ( 'NONE',  ( -3.125627884642896527E-16, 1.000000000000000000, 0.000000000000000000 ) ) ;
#1988 = ORIENTED_EDGE ( 'NONE', *, *, #219, .F. ) ;
#1989 = DIRECTION ( 'NONE',  ( 1.000000000000000000, 0.000000000000000000, 0.000000000000000000 ) ) ;
#1990 = DIRECTION ( 'NONE',  ( 0.000000000000000000, 0.000000000000000000, 1.000000000000000000 ) ) ;
#1991 = CIRCLE ( 'NONE', #2151, 1.000000000000000000 ) ;
#1992 = DIRECTION ( 'NONE',  ( 0.000000000000000000, -1.301042606982599010E-14, -1.000000000000000000 ) ) ;
#1993 = ORIENTED_EDGE ( 'NONE', *, *, #81, .F. ) ;
#1994 = CIRCLE ( 'NONE', #2308, 1.000000000000000888 ) ;
#1995 = EDGE_CURVE ( 'NONE', #1646, #1365, #1492, .T. ) ;
#1996 = VECTOR ( 'NONE', #1346, 1000.000000000000000 ) ;
#1997 = PRODUCT ( 'JK-RTF-03-01-01 USB-C Block', 'JK-RTF-03-01-01 USB-C Block', '', ( #753 ) ) ;
#1998 = CARTESIAN_POINT ( 'NONE',  ( -3.500000000000000000, 0.000000000000000000, 0.000000000000000000 ) ) ;
#1999 = ORIENTED_EDGE ( 'NONE', *, *, #477, .T. ) ;
#2000 = VECTOR ( 'NONE', #2143, 1000.000000000000000 ) ;
#2001 = VECTOR ( 'NONE', #904, 1000.000000000000000 ) ;
#2002 = CARTESIAN_POINT ( 'NONE',  ( 0.000000000000000000, 5.000000000000000000, 5.249999999999999112 ) ) ;
#2003 = DIRECTION ( 'NONE',  ( 0.000000000000000000, 1.652117596168388002E-16, -1.000000000000000000 ) ) ;
#2004 = CARTESIAN_POINT ( 'NONE',  ( -12.59999999999999254, -4.550000000000001599, -3.050000000000001599 ) ) ;
#2005 = ORIENTED_EDGE ( 'NONE', *, *, #283, .F. ) ;
#2006 = VECTOR ( 'NONE', #1099, 1000.000000000000000 ) ;
#2007 = CARTESIAN_POINT ( 'NONE',  ( -13.60000000000000497, -3.179989999999967676, -1.514999999999952163 ) ) ;
#2008 = ADVANCED_FACE ( 'NONE', ( #700 ), #1854, .F. ) ;
#2009 = CARTESIAN_POINT ( 'NONE',  ( 2.000000000000000000, 5.000000000000000888, -5.250000000000000888 ) ) ;
#2010 = EDGE_LOOP ( 'NONE', ( #1678, #1663, #1529, #954 ) ) ;
#2011 = PLANE ( 'NONE',  #1176 ) ;
#2012 = EDGE_CURVE ( 'NONE', #1067, #870, #168, .T. ) ;
#2013 = EDGE_LOOP ( 'NONE', ( #345, #2239, #960, #2248, #1897 ) ) ;
#2014 = CARTESIAN_POINT ( 'NONE',  ( 8.572527594031455933E-17, 5.550000000000001599, 5.249999999999999112 ) ) ;
#2015 = DIRECTION ( 'NONE',  ( -0.000000000000000000, 0.000000000000000000, 1.000000000000000000 ) ) ;
#2016 = DIRECTION ( 'NONE',  ( -2.930276141852714940E-16, 1.000000000000000000, 0.000000000000000000 ) ) ;
#2017 = ORIENTED_EDGE ( 'NONE', *, *, #2202, .T. ) ;
#2018 = AXIS2_PLACEMENT_3D ( 'NONE', #2072, #989, #2 ) ;
#2019 = DIRECTION ( 'NONE',  ( 0.000000000000000000, -0.000000000000000000, -1.000000000000000000 ) ) ;
#2020 = ADVANCED_FACE ( 'NONE', ( #1452 ), #545, .T. ) ;
#2021 = CARTESIAN_POINT ( 'NONE',  ( 0.000000000000000000, 5.000000000000000000, 5.249999999999999112 ) ) ;
#2022 = ORIENTED_EDGE ( 'NONE', *, *, #1825, .F. ) ;
#2023 = CARTESIAN_POINT ( 'NONE',  ( 8.572527594031455933E-17, 5.550000000000001599, 9.249999999999998224 ) ) ;
#2024 = EDGE_CURVE ( 'NONE', #2316, #2302, #1083, .T. ) ;
#2025 = ORIENTED_EDGE ( 'NONE', *, *, #1594, .F. ) ;
#2026 = DIRECTION ( 'NONE',  ( -0.7071067811865457964, 0.000000000000000000, 0.7071067811865492381 ) ) ;
#2027 = CARTESIAN_POINT ( 'NONE',  ( -6.000000000000002665, -2.000000000000000444, -3.750000000000001776 ) ) ;
#2028 = DIRECTION ( 'NONE',  ( 1.000000000000000000, 0.000000000000000000, -0.000000000000000000 ) ) ;
#2029 = VERTEX_POINT ( 'NONE', #340 ) ;
#2030 = LINE ( 'NONE', #739, #2001 ) ;
#2031 = PLANE ( 'NONE',  #423 ) ;
#2032 = EDGE_LOOP ( 'NONE', ( #718, #1352, #1925, #1549, #1525, #1098, #495, #994 ) ) ;
#2033 = VECTOR ( 'NONE', #1334, 1000.000000000000000 ) ;
#2034 = VECTOR ( 'NONE', #1665, 1000.000000000000000 ) ;
#2035 = DIRECTION ( 'NONE',  ( 1.000000000000000000, 0.000000000000000000, 0.000000000000000000 ) ) ;
#2036 = ORIENTED_EDGE ( 'NONE', *, *, #201, .T. ) ;
#2037 = EDGE_CURVE ( 'NONE', #256, #447, #1642, .T. ) ;
#2038 = VECTOR ( 'NONE', #689, 1000.000000000000114 ) ;
#2039 = LINE ( 'NONE', #2236, #933 ) ;
#2040 = CARTESIAN_POINT ( 'NONE',  ( -13.60000000000000497, -4.659989999999959664, 0.5650000000000647837 ) ) ;
#2041 = CARTESIAN_POINT ( 'NONE',  ( 0.000000000000000000, -4.659989999999959664, 0.5650000000000647837 ) ) ;
#2042 = ORIENTED_EDGE ( 'NONE', *, *, #1221, .F. ) ;
#2043 = VERTEX_POINT ( 'NONE', #2214 ) ;
#2044 = DIRECTION ( 'NONE',  ( -0.000000000000000000, 0.000000000000000000, 1.000000000000000000 ) ) ;
#2045 = CARTESIAN_POINT ( 'NONE',  ( -5.500000000000003553, 2.000000000000000000, -3.750000000000001776 ) ) ;
#2046 = ADVANCED_FACE ( 'NONE', ( #531 ), #1095, .F. ) ;
#2047 = DIRECTION ( 'NONE',  ( -0.000000000000000000, -8.260587980841938780E-17, 1.000000000000000000 ) ) ;
#2048 = EDGE_LOOP ( 'NONE', ( #2367, #2372, #281, #1620 ) ) ;
#2049 = CARTESIAN_POINT ( 'NONE',  ( -2.500000000000007550, 5.550000000000001599, -0.6415698639893078203 ) ) ;
#2050 = EDGE_LOOP ( 'NONE', ( #2087, #396, #1651, #123 ) ) ;
#2051 = EDGE_CURVE ( 'NONE', #2043, #1581, #1294, .T. ) ;
#2052 = EDGE_CURVE ( 'NONE', #2321, #964, #2417, .T. ) ;
#2053 = LINE ( 'NONE', #1675, #412 ) ;
#2054 = PLANE ( 'NONE',  #1976 ) ;
#2055 = CARTESIAN_POINT ( 'NONE',  ( -1.500000000000001332, -4.615358065493197159, 0.9649588910945788855 ) ) ;
#2056 = ORIENTED_EDGE ( 'NONE', *, *, #511, .F. ) ;
#2057 = EDGE_LOOP ( 'NONE', ( #1303, #680, #482, #1540 ) ) ;
#2058 = VECTOR ( 'NONE', #2401, 1000.000000000000000 ) ;
#2059 = DIRECTION ( 'NONE',  ( 0.000000000000000000, 1.000000000000000000, -0.000000000000000000 ) ) ;
#2060 = DIRECTION ( 'NONE',  ( -0.000000000000000000, -0.000000000000000000, 1.000000000000000000 ) ) ;
#2061 = ORIENTED_EDGE ( 'NONE', *, *, #790, .T. ) ;
#2062 = CARTESIAN_POINT ( 'NONE',  ( -12.59999999999999964, 5.550000000000001599, 9.249999999999998224 ) ) ;
#2063 = ORIENTED_EDGE ( 'NONE', *, *, #134, .F. ) ;
#2064 = LINE ( 'NONE', #951, #729 ) ;
#2065 = DIRECTION ( 'NONE',  ( 0.000000000000000000, 0.000000000000000000, -1.000000000000000000 ) ) ;
#2066 = ORIENTED_EDGE ( 'NONE', *, *, #2051, .T. ) ;
#2067 = EDGE_CURVE ( 'NONE', #75, #224, #229, .T. ) ;
#2068 = DIRECTION ( 'NONE',  ( 1.000000000000000000, 3.125627884642896527E-16, 0.000000000000000000 ) ) ;
#2069 = CARTESIAN_POINT ( 'NONE',  ( 0.000000000000000000, -6.250000000000000000, 5.249999999999997335 ) ) ;
#2070 = VERTEX_POINT ( 'NONE', #1902 ) ;
#2071 =( BOUNDED_SURFACE ( )  B_SPLINE_SURFACE ( 3, 2, ( 
 ( #1560, #1181, #1861 ),
 ( #1932, #175, #2287 ),
 ( #1728, #936, #244 ),
 ( #802, #604, #1001 ) ),
 .UNSPECIFIED., .F., .F., .F. ) 
 B_SPLINE_SURFACE_WITH_KNOTS ( ( 4, 4 ),
 ( 3, 3 ),
 ( 0.002024888052288301588, 0.002586114044995248013 ),
 ( 0.000000000000000000, 1.000000000000000000 ),
 .UNSPECIFIED. ) 
 GEOMETRIC_REPRESENTATION_ITEM ( )  RATIONAL_B_SPLINE_SURFACE ( (
 ( 1.000000000000000000, 0.7071067811865475727, 1.000000000000000000),
 ( 1.000000000000000000, 0.7303410083264779695, 1.000000000000000000),
 ( 1.000000000000000000, 0.7451787174653135004, 1.000000000000000000),
 ( 1.000000000000000000, 0.7449798654997219494, 1.000000000000000000) ) ) 
 REPRESENTATION_ITEM ( '' )  SURFACE ( )  );
#2072 = CARTESIAN_POINT ( 'NONE',  ( -2.500000000000000888, -4.549999999999996270, -0.5948862383554943678 ) ) ;
#2073 = EDGE_LOOP ( 'NONE', ( #2409, #1016, #572, #2196 ) ) ;
#2074 = ADVANCED_FACE ( 'NONE', ( #1706 ), #598, .F. ) ;
#2075 = CIRCLE ( 'NONE', #500, 1.479999999999995319 ) ;
#2076 = CYLINDRICAL_SURFACE ( 'NONE', #723, 1.000000000000000000 ) ;
#2077 = VERTEX_POINT ( 'NONE', #198 ) ;
#2078 = DIRECTION ( 'NONE',  ( 1.000000000000000000, 3.125627884642896527E-16, 0.000000000000000000 ) ) ;
#2079 = AXIS2_PLACEMENT_3D ( 'NONE', #2157, #679, #1231 ) ;
#2080 = LINE ( 'NONE', #1357, #304 ) ;
#2081 = ADVANCED_FACE ( 'NONE', ( #1511 ), #809, .T. ) ;
#2082 = VERTEX_POINT ( 'NONE', #2100 ) ;
#2083 = LINE ( 'NONE', #395, #523 ) ;
#2084 = EDGE_LOOP ( 'NONE', ( #2138, #2212, #1722, #1749, #393 ) ) ;
#2085 = EDGE_CURVE ( 'NONE', #456, #188, #1555, .T. ) ;
#2086 = CARTESIAN_POINT ( 'NONE',  ( -12.59999999999999964, -6.550000000000000711, 9.249999999999998224 ) ) ;
#2087 = ORIENTED_EDGE ( 'NONE', *, *, #498, .F. ) ;
#2088 = VECTOR ( 'NONE', #2339, 1000.000000000000000 ) ;
#2089 = CARTESIAN_POINT ( 'NONE',  ( -1.614075595679877795, 5.550000000000006040, -0.03500000000006638079 ) ) ;
#2090 = CARTESIAN_POINT ( 'NONE',  ( 0.000000000000000000, 4.680010000000041082, 0.5649999999999364420 ) ) ;
#2091 = CARTESIAN_POINT ( 'NONE',  ( -2.491512682672296197, 4.550000000000001599, -3.749999999999990230 ) ) ;
#2092 = EDGE_CURVE ( 'NONE', #72, #1672, #1356, .T. ) ;
#2093 = DIRECTION ( 'NONE',  ( 0.000000000000000000, -1.000000000000000000, 1.782250146551513280E-16 ) ) ;
#2094 = VERTEX_POINT ( 'NONE', #1724 ) ;
#2095 = EDGE_CURVE ( 'NONE', #8, #439, #2075, .T. ) ;
#2096 = ORIENTED_EDGE ( 'NONE', *, *, #745, .T. ) ;
#2097 = VECTOR ( 'NONE', #1691, 1000.000000000000000 ) ;
#2098 = ORIENTED_EDGE ( 'NONE', *, *, #967, .T. ) ;
#2099 = CIRCLE ( 'NONE', #90, 1.479999999999999982 ) ;
#2100 = CARTESIAN_POINT ( 'NONE',  ( -6.000000000000002665, 2.000000000000000000, -3.050000000000001599 ) ) ;
#2101 = DIRECTION ( 'NONE',  ( 0.000000000000000000, 1.734723475976807094E-16, -1.000000000000000000 ) ) ;
#2102 = AXIS2_PLACEMENT_3D ( 'NONE', #2377, #873, #1054 ) ;
#2103 = DIRECTION ( 'NONE',  ( 0.000000000000000000, -0.000000000000000000, -1.000000000000000000 ) ) ;
#2104 = EDGE_LOOP ( 'NONE', ( #939, #2270, #1428, #2017, #1078, #906 ) ) ;
#2105 = DIRECTION ( 'NONE',  ( -0.000000000000000000, -0.000000000000000000, -1.000000000000000000 ) ) ;
#2106 = ADVANCED_FACE ( 'NONE', ( #1893 ), #2262, .F. ) ;
#2107 = ORIENTED_EDGE ( 'NONE', *, *, #2336, .F. ) ;
#2108 = AXIS2_PLACEMENT_3D ( 'NONE', #835, #661, #796 ) ;
#2109 = DIRECTION ( 'NONE',  ( 1.000000000000000000, 0.000000000000000000, 0.000000000000000000 ) ) ;
#2110 = CARTESIAN_POINT ( 'NONE',  ( -2.500000000000007550, 5.550000000000001599, 5.249999999999994671 ) ) ;
#2111 = AXIS2_PLACEMENT_3D ( 'NONE', #878, #1790, #2188 ) ;
#2112 = AXIS2_PLACEMENT_3D ( 'NONE', #945, #1479, #2229 ) ;
#2113 = DIRECTION ( 'NONE',  ( 0.000000000000000000, 1.000000000000000000, 1.734723475976807094E-16 ) ) ;
#2114 = EDGE_CURVE ( 'NONE', #1713, #1225, #1915, .T. ) ;
#2115 = VECTOR ( 'NONE', #1827, 1000.000000000000000 ) ;
#2116 = FACE_OUTER_BOUND ( 'NONE', #307, .T. ) ;
#2117 = DIRECTION ( 'NONE',  ( -0.7071067811865492381, 5.841117777841410321E-17, -0.7071067811865457964 ) ) ;
#2118 = ORIENTED_EDGE ( 'NONE', *, *, #1374, .F. ) ;
#2119 = AXIS2_PLACEMENT_3D ( 'NONE', #1514, #1360, #1330 ) ;
#2120 = LINE ( 'NONE', #354, #1135 ) ;
#2121 = VERTEX_POINT ( 'NONE', #21 ) ;
#2122 = EDGE_CURVE ( 'NONE', #1225, #374, #776, .T. ) ;
#2123 = LINE ( 'NONE', #2354, #1220 ) ;
#2124 = CARTESIAN_POINT ( 'NONE',  ( 0.000000000000000000, -3.179989999999967676, -1.514999999999952163 ) ) ;
#2125 = PLANE ( 'NONE',  #341 ) ;
#2126 = VERTEX_POINT ( 'NONE', #2069 ) ;
#2127 = CARTESIAN_POINT ( 'NONE',  ( -5.500000000000003553, -2.000000000000000444, -3.050000000000001599 ) ) ;
#2128 = CARTESIAN_POINT ( 'NONE',  ( -13.60000000000000320, -5.484576491687413125, -2.901514938179861947 ) ) ;
#2129 = CARTESIAN_POINT ( 'NONE',  ( -11.30000000000000071, -6.250000000000000000, 9.250000000000003553 ) ) ;
#2130 = VERTEX_POINT ( 'NONE', #2272 ) ;
#2131 = CARTESIAN_POINT ( 'NONE',  ( -12.59999999999999964, -4.550000000000001599, -3.050000000000001599 ) ) ;
#2132 = VERTEX_POINT ( 'NONE', #2295 ) ;
#2133 = DIRECTION ( 'NONE',  ( 0.000000000000000000, 1.000000000000000000, 0.000000000000000000 ) ) ;
#2134 = LINE ( 'NONE', #1773, #488 ) ;
#2135 = CARTESIAN_POINT ( 'NONE',  ( -2.493932693848033733, -5.549999999999996270, -0.03499999999994005823 ) ) ;
#2136 = EDGE_LOOP ( 'NONE', ( #1797, #2384, #1397, #2414, #2342, #2422, #1697, #699, #2391, #685 ) ) ;
#2137 = EDGE_CURVE ( 'NONE', #1432, #299, #610, .T. ) ;
#2138 = ORIENTED_EDGE ( 'NONE', *, *, #577, .F. ) ;
#2139 = FACE_OUTER_BOUND ( 'NONE', #1444, .T. ) ;
#2140 = EDGE_CURVE ( 'NONE', #2321, #654, #390, .T. ) ;
#2141 = FACE_OUTER_BOUND ( 'NONE', #935, .T. ) ;
#2142 = ORIENTED_EDGE ( 'NONE', *, *, #2114, .F. ) ;
#2143 = DIRECTION ( 'NONE',  ( -0.000000000000000000, 0.000000000000000000, 1.000000000000000000 ) ) ;
#2144 = EDGE_CURVE ( 'NONE', #517, #513, #956, .T. ) ;
#2145 = EDGE_LOOP ( 'NONE', ( #434, #1569, #205, #1632 ) ) ;
#2146 = FACE_OUTER_BOUND ( 'NONE', #1743, .T. ) ;
#2147 = PLANE ( 'NONE',  #1715 ) ;
#2148 = LINE ( 'NONE', #2390, #1011 ) ;
#2149 = ORIENTED_EDGE ( 'NONE', *, *, #1942, .F. ) ;
#2150 = ORIENTED_EDGE ( 'NONE', *, *, #1074, .F. ) ;
#2151 = AXIS2_PLACEMENT_3D ( 'NONE', #1422, #1568, #490 ) ;
#2152 = CARTESIAN_POINT ( 'NONE',  ( -7.000000000000000000, 7.300000000000002487, 9.250000000000000000 ) ) ;
#2153 = CIRCLE ( 'NONE', #903, 1.479999999999995319 ) ;
#2154 = CARTESIAN_POINT ( 'NONE',  ( -13.60000000000000142, -6.053291121053736568, -2.522660349361261822 ) ) ;
#2155 = CARTESIAN_POINT ( 'NONE',  ( 2.000000000000000000, 5.000000000000000888, -5.250000000000000888 ) ) ;
#2156 = VERTEX_POINT ( 'NONE', #767 ) ;
#2157 = CARTESIAN_POINT ( 'NONE',  ( -3.500000000000002665, -2.000000000000000000, -3.050000000000001599 ) ) ;
#2158 = EDGE_LOOP ( 'NONE', ( #754, #1117, #792, #1162 ) ) ;
#2159 = EDGE_CURVE ( 'NONE', #1646, #75, #581, .T. ) ;
#2160 = DIRECTION ( 'NONE',  ( -3.125627884642896527E-16, 1.000000000000000000, 0.000000000000000000 ) ) ;
#2161 = DIRECTION ( 'NONE',  ( 0.000000000000000000, -0.000000000000000000, 1.000000000000000000 ) ) ;
#2162 = LINE ( 'NONE', #1801, #1831 ) ;
#2163 = ORIENTED_EDGE ( 'NONE', *, *, #553, .F. ) ;
#2164 = CARTESIAN_POINT ( 'NONE',  ( -12.59999999999999964, 6.550000000000001599, -2.050000000000001599 ) ) ;
#2165 = CARTESIAN_POINT ( 'NONE',  ( -3.499999999999999556, 5.550000000000001599, 9.249999999999998224 ) ) ;
#2166 = VECTOR ( 'NONE', #487, 1000.000000000000000 ) ;
#2167 = CYLINDRICAL_SURFACE ( 'NONE', #1600, 1.479999999999999982 ) ;
#2168 = ORIENTED_EDGE ( 'NONE', *, *, #1966, .T. ) ;
#2169 = EDGE_CURVE ( 'NONE', #2043, #409, #32, .T. ) ;
#2170 = DIRECTION ( 'NONE',  ( 1.000000000000000000, 0.000000000000000000, -0.000000000000000000 ) ) ;
#2171 = VERTEX_POINT ( 'NONE', #2090 ) ;
#2172 = FACE_OUTER_BOUND ( 'NONE', #1182, .T. ) ;
#2173 = LINE ( 'NONE', #286, #925 ) ;
#2174 = FACE_OUTER_BOUND ( 'NONE', #2145, .T. ) ;
#2175 = ORIENTED_EDGE ( 'NONE', *, *, #566, .F. ) ;
#2176 = CARTESIAN_POINT ( 'NONE',  ( -2.492919959968978194, 5.550000000000000711, 0.7511499012187186075 ) ) ;
#2177 = AXIS2_PLACEMENT_3D ( 'NONE', #1264, #163, #1102 ) ;
#2178 = PLANE ( 'NONE',  #1636 ) ;
#2179 = VERTEX_POINT ( 'NONE', #402 ) ;
#2180 = CARTESIAN_POINT ( 'NONE',  ( -1.500000000000001332, -3.179989999999959238, 0.5650000000000435785 ) ) ;
#2181 = ORIENTED_EDGE ( 'NONE', *, *, #1342, .T. ) ;
#2182 = ADVANCED_FACE ( 'NONE', ( #1735 ), #1153, .F. ) ;
#2183 = DIRECTION ( 'NONE',  ( 0.000000000000000000, -1.000000000000000000, -1.445602896647330436E-15 ) ) ;
#2184 = DIRECTION ( 'NONE',  ( -4.518416723881440032E-31, 1.445602896647330634E-15, -1.000000000000000000 ) ) ;
#2185 = DIRECTION ( 'NONE',  ( 0.000000000000000000, -1.000000000000000000, 0.000000000000000000 ) ) ;
#2186 = VERTEX_POINT ( 'NONE', #1187 ) ;
#2187 = CARTESIAN_POINT ( 'NONE',  ( -11.30000000000000071, -7.300000000000002487, -5.249999999999998224 ) ) ;
#2188 = DIRECTION ( 'NONE',  ( 0.000000000000000000, 1.000000000000000000, 1.734723475976807094E-16 ) ) ;
#2189 = VECTOR ( 'NONE', #2307, 1000.000000000000000 ) ;
#2190 = ADVANCED_FACE ( 'NONE', ( #1224 ), #2366, .F. ) ;
#2191 = DIRECTION ( 'NONE',  ( -3.125627884642896527E-16, 1.000000000000000000, 0.000000000000000000 ) ) ;
#2192 = ORIENTED_EDGE ( 'NONE', *, *, #1755, .T. ) ;
#2193 = VECTOR ( 'NONE', #34, 1000.000000000000000 ) ;
#2194 = PRODUCT_DEFINITION_SHAPE ( 'NONE', 'NONE',  #1637 ) ;
#2195 = CARTESIAN_POINT ( 'NONE',  ( -13.60000000000000142, -6.550000000000000711, -2.050000000000001599 ) ) ;
#2196 = ORIENTED_EDGE ( 'NONE', *, *, #1686, .T. ) ;
#2197 = VECTOR ( 'NONE', #100, 1000.000000000000000 ) ;
#2198 = DIRECTION ( 'NONE',  ( 0.000000000000000000, 0.000000000000000000, 1.000000000000000000 ) ) ;
#2199 = DIRECTION ( 'NONE',  ( -0.000000000000000000, -8.260587980841938780E-17, 1.000000000000000000 ) ) ;
#2200 = CARTESIAN_POINT ( 'NONE',  ( -3.500000000000000000, 0.000000000000000000, 0.000000000000000000 ) ) ;
#2201 = VERTEX_POINT ( 'NONE', #287 ) ;
#2202 = EDGE_CURVE ( 'NONE', #1365, #706, #2162, .T. ) ;
#2203 = CARTESIAN_POINT ( 'NONE',  ( -13.60000000000000142, 7.300000000000002487, -5.250000000000000888 ) ) ;
#2204 = EDGE_CURVE ( 'NONE', #252, #2218, #92, .T. ) ;
#2205 = CARTESIAN_POINT ( 'NONE',  ( 0.000000000000000000, -5.000000000000000000, 5.249999999999997335 ) ) ;
#2206 = ORIENTED_EDGE ( 'NONE', *, *, #632, .F. ) ;
#2207 = DIRECTION ( 'NONE',  ( 0.000000000000000000, 0.000000000000000000, 1.000000000000000000 ) ) ;
#2208 = ORIENTED_EDGE ( 'NONE', *, *, #1818, .F. ) ;
#2209 = CARTESIAN_POINT ( 'NONE',  ( 0.000000000000000000, 6.250000000000000000, -5.250000000000001776 ) ) ;
#2210 = CARTESIAN_POINT ( 'NONE',  ( -12.59999999999999964, 6.550000000000001599, -3.050000000000001599 ) ) ;
#2211 = DIRECTION ( 'NONE',  ( 0.000000000000000000, -1.652117596168388002E-16, 1.000000000000000000 ) ) ;
#2212 = ORIENTED_EDGE ( 'NONE', *, *, #1313, .F. ) ;
#2213 = AXIS2_PLACEMENT_3D ( 'NONE', #1896, #45, #2103 ) ;
#2214 = CARTESIAN_POINT ( 'NONE',  ( -3.500000000000001332, -5.549999999999996270, 5.249999999999997335 ) ) ;
#2215 = CARTESIAN_POINT ( 'NONE',  ( -13.60000000000000142, -5.550000000000001599, -3.750000000000001776 ) ) ;
#2216 = EDGE_CURVE ( 'NONE', #1644, #710, #1963, .T. ) ;
#2217 = AXIS2_PLACEMENT_3D ( 'NONE', #1812, #2015, #1639 ) ;
#2218 = VERTEX_POINT ( 'NONE', #1211 ) ;
#2219 = DIRECTION ( 'NONE',  ( 0.000000000000000000, 8.260587980841940012E-17, -1.000000000000000000 ) ) ;
#2220 = ORIENTED_EDGE ( 'NONE', *, *, #1674, .F. ) ;
#2221 = EDGE_CURVE ( 'NONE', #1527, #2241, #1244, .T. ) ;
#2222 = DIRECTION ( 'NONE',  ( 0.000000000000000000, -1.000000000000000000, 0.000000000000000000 ) ) ;
#2223 = DIRECTION ( 'NONE',  ( -2.930276141852714940E-16, 1.000000000000000000, 0.000000000000000000 ) ) ;
#2224 = DIRECTION ( 'NONE',  ( -0.000000000000000000, -0.000000000000000000, 1.000000000000000000 ) ) ;
#2225 = AXIS2_PLACEMENT_3D ( 'NONE', #920, #2026, #150 ) ;
#2226 = EDGE_LOOP ( 'NONE', ( #1104, #2192, #1936, #1509 ) ) ;
#2227 = ORIENTED_EDGE ( 'NONE', *, *, #759, .T. ) ;
#2228 = DIRECTION ( 'NONE',  ( -0.000000000000000000, 0.000000000000000000, 1.000000000000000000 ) ) ;
#2229 = DIRECTION ( 'NONE',  ( 1.000000000000000000, 0.000000000000000000, 0.000000000000000000 ) ) ;
#2230 = VERTEX_POINT ( 'NONE', #463 ) ;
#2231 = EDGE_CURVE ( 'NONE', #2241, #165, #274, .T. ) ;
#2232 = VECTOR ( 'NONE', #2044, 1000.000000000000000 ) ;
#2233 = CARTESIAN_POINT ( 'NONE',  ( -2.500000000000007550, 5.550000000000001599, 5.249999999999999112 ) ) ;
#2234 = ORIENTED_EDGE ( 'NONE', *, *, #2085, .T. ) ;
#2235 = VECTOR ( 'NONE', #611, 1000.000000000000000 ) ;
#2236 = CARTESIAN_POINT ( 'NONE',  ( -2.500000000000001332, -5.549999999999996270, -3.050000000000001599 ) ) ;
#2237 = DIRECTION ( 'NONE',  ( 0.000000000000000000, 1.000000000000000000, 0.000000000000000000 ) ) ;
#2238 = CARTESIAN_POINT ( 'NONE',  ( -1.500000000000004885, 3.200010000000040655, 0.5649999999999542055 ) ) ;
#2239 = ORIENTED_EDGE ( 'NONE', *, *, #134, .T. ) ;
#2240 = AXIS2_PLACEMENT_3D ( 'NONE', #2404, #1315, #2228 ) ;
#2241 = VERTEX_POINT ( 'NONE', #2330 ) ;
#2242 = FACE_OUTER_BOUND ( 'NONE', #378, .T. ) ;
#2243 = CARTESIAN_POINT ( 'NONE',  ( -3.500000000000000000, 6.249999999999999112, 5.249999999999999112 ) ) ;
#2244 = VECTOR ( 'NONE', #1086, 1000.000000000000000 ) ;
#2245 = ORIENTED_EDGE ( 'NONE', *, *, #1630, .F. ) ;
#2246 = DIRECTION ( 'NONE',  ( 0.000000000000000000, 0.000000000000000000, 1.000000000000000000 ) ) ;
#2247 = EDGE_CURVE ( 'NONE', #75, #1365, #1202, .T. ) ;
#2248 = ORIENTED_EDGE ( 'NONE', *, *, #1478, .T. ) ;
#2249 = DIRECTION ( 'NONE',  ( 1.000000000000000000, 0.000000000000000000, -0.000000000000000000 ) ) ;
#2250 = CARTESIAN_POINT ( 'NONE',  ( -12.59999999999999964, 4.550000000000001599, -2.050000000000001599 ) ) ;
#2251 = ORIENTED_EDGE ( 'NONE', *, *, #2392, .T. ) ;
#2252 = LINE ( 'NONE', #329, #1919 ) ;
#2253 = FILL_AREA_STYLE ('',( #703 ) ) ;
#2254 = EDGE_CURVE ( 'NONE', #374, #24, #1046, .T. ) ;
#2255 = VERTEX_POINT ( 'NONE', #2135 ) ;
#2256 = DIRECTION ( 'NONE',  ( -0.000000000000000000, -0.000000000000000000, 1.000000000000000000 ) ) ;
#2257 = EDGE_LOOP ( 'NONE', ( #1982, #1393, #1988, #1146 ) ) ;
#2258 = CARTESIAN_POINT ( 'NONE',  ( 2.000000000000000000, 0.000000000000000000, -3.514999999999953495 ) ) ;
#2259 = ORIENTED_EDGE ( 'NONE', *, *, #1478, .F. ) ;
#2260 = EDGE_CURVE ( 'NONE', #299, #1327, #1991, .T. ) ;
#2261 = CARTESIAN_POINT ( 'NONE',  ( -1.500000000000005773, 4.625592692346654822, -0.4733299104206003527 ) ) ;
#2262 = PLANE ( 'NONE',  #1673 ) ;
#2263 = CARTESIAN_POINT ( 'NONE',  ( -11.30000000000000071, -6.250000000000002665, -5.249999999999998224 ) ) ;
#2264 = ORIENTED_EDGE ( 'NONE', *, *, #2122, .T. ) ;
#2265 = EDGE_CURVE ( 'NONE', #2394, #1260, #1400, .T. ) ;
#2266 = CARTESIAN_POINT ( 'NONE',  ( 8.572527594031455933E-17, 5.550000000000001599, 1.680686340485048724 ) ) ;
#2267 = ORIENTED_EDGE ( 'NONE', *, *, #1868, .F. ) ;
#2268 = VECTOR ( 'NONE', #313, 1000.000000000000000 ) ;
#2269 = CARTESIAN_POINT ( 'NONE',  ( -13.59999999999999432, 5.484585056104007705, -2.901511153492603245 ) ) ;
#2270 = ORIENTED_EDGE ( 'NONE', *, *, #1602, .T. ) ;
#2271 = CARTESIAN_POINT ( 'NONE',  ( -1.572882120492137492, 5.550000000000005151, -0.4793624027947649413 ) ) ;
#2272 = CARTESIAN_POINT ( 'NONE',  ( -3.500000000000000000, 6.250000000000000000, -5.250000000000001776 ) ) ;
#2273 = ADVANCED_FACE ( 'NONE', ( #450, #1199, #848 ), #2125, .T. ) ;
#2274 = ORIENTED_EDGE ( 'NONE', *, *, #1208, .T. ) ;
#2275 = ADVANCED_FACE ( 'NONE', ( #2174 ), #1774, .F. ) ;
#2276 = PLANE ( 'NONE',  #2213 ) ;
#2277 = ORIENTED_EDGE ( 'NONE', *, *, #43, .T. ) ;
#2278 = ORIENTED_EDGE ( 'NONE', *, *, #107, .T. ) ;
#2279 = CARTESIAN_POINT ( 'NONE',  ( -11.30000000000000071, -6.250000000000002665, -5.249999999999998224 ) ) ;
#2280 = CARTESIAN_POINT ( 'NONE',  ( -1.499999999999999556, -5.549999999999995381, 1.124886238355570889 ) ) ;
#2281 = VERTEX_POINT ( 'NONE', #1591 ) ;
#2282 = CARTESIAN_POINT ( 'NONE',  ( -3.000000000000002665, -2.500000000000000000, -3.050000000000001599 ) ) ;
#2283 = DIRECTION ( 'NONE',  ( 0.000000000000000000, 0.000000000000000000, -1.000000000000000000 ) ) ;
#2284 = CARTESIAN_POINT ( 'NONE',  ( -1.500000000000001554, -4.549999999999994493, -2.050000000000001599 ) ) ;
#2285 = EDGE_CURVE ( 'NONE', #2402, #1193, #1057, .T. ) ;
#2286 = CARTESIAN_POINT ( 'NONE',  ( -1.500000000000004885, 5.550000000000001599, -3.750000000000001776 ) ) ;
#2287 = CARTESIAN_POINT ( 'NONE',  ( -2.499999959515850634, -5.549999999999996270, -0.4083569075120370151 ) ) ;
#2288 = ORIENTED_EDGE ( 'NONE', *, *, #656, .F. ) ;
#2289 = CARTESIAN_POINT ( 'NONE',  ( -5.500000000000003553, 2.000000000000000000, -3.050000000000001599 ) ) ;
#2290 = AXIS2_PLACEMENT_3D ( 'NONE', #1484, #1332, #2237 ) ;
#2291 = ORIENTED_EDGE ( 'NONE', *, *, #2067, .T. ) ;
#2292 = AXIS2_PLACEMENT_3D ( 'NONE', #2355, #1434, #1069 ) ;
#2293 = EDGE_CURVE ( 'NONE', #706, #2029, #1950, .T. ) ;
#2294 = DIRECTION ( 'NONE',  ( -0.000000000000000000, 0.000000000000000000, 1.000000000000000000 ) ) ;
#2295 = CARTESIAN_POINT ( 'NONE',  ( -2.491512682672298862, 5.550000000000000711, -0.03500000000006505546 ) ) ;
#2296 = DIRECTION ( 'NONE',  ( 0.000000000000000000, 1.000000000000000000, -2.775557561562891351E-16 ) ) ;
#2297 = VECTOR ( 'NONE', #416, 1000.000000000000000 ) ;
#2298 = FACE_OUTER_BOUND ( 'NONE', #731, .T. ) ;
#2299 = FACE_OUTER_BOUND ( 'NONE', #1656, .T. ) ;
#2300 = ORIENTED_EDGE ( 'NONE', *, *, #2114, .T. ) ;
#2301 = ADVANCED_FACE ( 'NONE', ( #437 ), #1371, .F. ) ;
#2302 = VERTEX_POINT ( 'NONE', #1762 ) ;
#2303 = ORIENTED_EDGE ( 'NONE', *, *, #943, .T. ) ;
#2304 = AXIS2_PLACEMENT_3D ( 'NONE', #1410, #1580, #1974 ) ;
#2305 = LINE ( 'NONE', #1185, #2088 ) ;
#2306 = DIRECTION ( 'NONE',  ( 0.000000000000000000, -1.000000000000000000, -0.000000000000000000 ) ) ;
#2307 = DIRECTION ( 'NONE',  ( 0.000000000000000000, -0.000000000000000000, 1.000000000000000000 ) ) ;
#2308 = AXIS2_PLACEMENT_3D ( 'NONE', #1257, #1990, #1060 ) ;
#2309 = AXIS2_PLACEMENT_3D ( 'NONE', #2091, #1156, #789 ) ;
#2310 = CARTESIAN_POINT ( 'NONE',  ( 2.000000000000000000, -4.999999999999998224, -3.514999999999953939 ) ) ;
#2311 = VECTOR ( 'NONE', #1629, 1000.000000000000000 ) ;
#2312 = DIRECTION ( 'NONE',  ( 0.000000000000000000, -1.652117596168388002E-16, 1.000000000000000000 ) ) ;
#2313 = EDGE_LOOP ( 'NONE', ( #1704, #267, #1817, #1246, #2349, #2352, #1599 ) ) ;
#2314 = DIRECTION ( 'NONE',  ( 1.000000000000000000, 0.000000000000000000, 0.000000000000000000 ) ) ;
#2315 = EDGE_CURVE ( 'NONE', #1672, #125, #2148, .T. ) ;
#2316 = VERTEX_POINT ( 'NONE', #128 ) ;
#2317 = EDGE_CURVE ( 'NONE', #1623, #456, #1279, .T. ) ;
#2318 = FACE_OUTER_BOUND ( 'NONE', #1389, .T. ) ;
#2319 = DIRECTION ( 'NONE',  ( 0.000000000000000000, -1.000000000000000000, 0.000000000000000000 ) ) ;
#2320 = DIRECTION ( 'NONE',  ( 0.000000000000000000, 0.000000000000000000, -1.000000000000000000 ) ) ;
#2321 = VERTEX_POINT ( 'NONE', #528 ) ;
#2322 = DIRECTION ( 'NONE',  ( 0.000000000000000000, 1.000000000000000000, 0.000000000000000000 ) ) ;
#2323 = EDGE_CURVE ( 'NONE', #1802, #2077, #900, .T. ) ;
#2324 = CARTESIAN_POINT ( 'NONE',  ( -2.500000000000005329, 4.550000000000001599, 1.171569863989342819 ) ) ;
#2325 = ORIENTED_EDGE ( 'NONE', *, *, #732, .F. ) ;
#2326 = CARTESIAN_POINT ( 'NONE',  ( 2.000000000000000000, 5.000000000000000000, 5.249999999999999112 ) ) ;
#2327 = VERTEX_POINT ( 'NONE', #326 ) ;
#2328 = DIRECTION ( 'NONE',  ( 0.000000000000000000, 1.734723475976807094E-16, -1.000000000000000000 ) ) ;
#2329 = LINE ( 'NONE', #1395, #1543 ) ;
#2330 = CARTESIAN_POINT ( 'NONE',  ( -3.500000000000002665, -2.500000000000000000, -3.050000000000001599 ) ) ;
#2331 = ORIENTED_EDGE ( 'NONE', *, *, #420, .F. ) ;
#2332 = CARTESIAN_POINT ( 'NONE',  ( -2.494841687275502373, 5.550000000000000711, 0.8442050127992141162 ) ) ;
#2333 = CARTESIAN_POINT ( 'NONE',  ( -13.60000000000000142, 7.300000000000002487, 9.250000000000000000 ) ) ;
#2334 = DIRECTION ( 'NONE',  ( -1.000000000000000000, -0.000000000000000000, -0.000000000000000000 ) ) ;
#2335 = VERTEX_POINT ( 'NONE', #1640 ) ;
#2336 = EDGE_CURVE ( 'NONE', #19, #1283, #887, .T. ) ;
#2337 = CARTESIAN_POINT ( 'NONE',  ( -2.499999953671755204, 5.550000000000001599, 0.9694834994178270771 ) ) ;
#2338 = ORIENTED_EDGE ( 'NONE', *, *, #902, .T. ) ;
#2339 = DIRECTION ( 'NONE',  ( -0.000000000000000000, -0.000000000000000000, 1.000000000000000000 ) ) ;
#2340 = DIRECTION ( 'NONE',  ( -0.000000000000000000, -0.000000000000000000, -1.000000000000000000 ) ) ;
#2341 = CARTESIAN_POINT ( 'NONE',  ( -3.000000000000002665, 2.500000000000000000, -3.750000000000001776 ) ) ;
#2342 = ORIENTED_EDGE ( 'NONE', *, *, #928, .T. ) ;
#2343 = VECTOR ( 'NONE', #42, 1000.000000000000000 ) ;
#2344 = CIRCLE ( 'NONE', #547, 1.479999999999955351 ) ;
#2345 = EDGE_CURVE ( 'NONE', #2427, #849, #1813, .T. ) ;
#2346 = DIRECTION ( 'NONE',  ( 0.000000000000000000, 3.721450700153058843E-14, -1.000000000000000000 ) ) ;
#2347 = CARTESIAN_POINT ( 'NONE',  ( -13.60000000000000320, -5.634960646926507444, -2.821392203724462977 ) ) ;
#2348 = DIRECTION ( 'NONE',  ( 0.000000000000000000, 3.589083053745117718E-16, 1.000000000000000000 ) ) ;
#2349 = ORIENTED_EDGE ( 'NONE', *, *, #1386, .F. ) ;
#2350 = EDGE_CURVE ( 'NONE', #1499, #2281, #1829, .T. ) ;
#2351 = CARTESIAN_POINT ( 'NONE',  ( -13.60000000000000142, -5.550000000000001599, 9.249999999999998224 ) ) ;
#2352 = ORIENTED_EDGE ( 'NONE', *, *, #2169, .T. ) ;
#2353 = VECTOR ( 'NONE', #2207, 1000.000000000000000 ) ;
#2354 = CARTESIAN_POINT ( 'NONE',  ( -13.60000000000000142, -6.249999999999997335, 9.250000000000003553 ) ) ;
#2355 = CARTESIAN_POINT ( 'NONE',  ( -10.99061417756077930, -5.000000000000000000, 2.545000000000044338 ) ) ;
#2356 = DIRECTION ( 'NONE',  ( -0.000000000000000000, 0.000000000000000000, -1.000000000000000000 ) ) ;
#2357 = LINE ( 'NONE', #130, #223 ) ;
#2358 = DIRECTION ( 'NONE',  ( 0.000000000000000000, 0.000000000000000000, 1.000000000000000000 ) ) ;
#2359 = DIRECTION ( 'NONE',  ( -4.066575051493300408E-30, -0.000000000000000000, 1.000000000000000000 ) ) ;
#2360 = ORIENTED_EDGE ( 'NONE', *, *, #380, .F. ) ;
#2361 = ADVANCED_FACE ( 'NONE', ( #1626 ), #721, .F. ) ;
#2362 = LINE ( 'NONE', #2326, #1923 ) ;
#2363 = ORIENTED_EDGE ( 'NONE', *, *, #972, .F. ) ;
#2364 = FACE_OUTER_BOUND ( 'NONE', #2104, .T. ) ;
#2365 = LINE ( 'NONE', #2027, #1777 ) ;
#2366 = PLANE ( 'NONE',  #2304 ) ;
#2367 = ORIENTED_EDGE ( 'NONE', *, *, #2221, .F. ) ;
#2368 = EDGE_CURVE ( 'NONE', #129, #1365, #1092, .T. ) ;
#2369 = CARTESIAN_POINT ( 'NONE',  ( -2.500000000000002220, -5.549999999999996270, 5.249999999999997335 ) ) ;
#2370 = DIRECTION ( 'NONE',  ( 1.000000000000000000, 0.000000000000000000, 0.000000000000000000 ) ) ;
#2371 = LINE ( 'NONE', #2155, #1250 ) ;
#2372 = ORIENTED_EDGE ( 'NONE', *, *, #1096, .F. ) ;
#2373 = UNCERTAINTY_MEASURE_WITH_UNIT (LENGTH_MEASURE( 1.000000000000000082E-05 ), #7, 'distance_accuracy_value', 'NONE');
#2374 = DIRECTION ( 'NONE',  ( -0.7071067811865491270, -1.168223555568282557E-16, 0.7071067811865459074 ) ) ;
#2375 = ADVANCED_FACE ( 'NONE', ( #1461 ), #1837, .T. ) ;
#2376 = ORIENTED_EDGE ( 'NONE', *, *, #184, .F. ) ;
#2377 = CARTESIAN_POINT ( 'NONE',  ( 2.000000000000000000, 5.000000000000000000, 5.249999999999999112 ) ) ;
#2378 = FACE_OUTER_BOUND ( 'NONE', #1748, .T. ) ;
#2379 = CARTESIAN_POINT ( 'NONE',  ( -10.99061417756077930, 5.000000000000000888, -2.014999999999952163 ) ) ;
#2380 = ORIENTED_EDGE ( 'NONE', *, *, #2247, .F. ) ;
#2381 = LINE ( 'NONE', #1500, #823 ) ;
#2382 = VECTOR ( 'NONE', #1290, 1000.000000000000000 ) ;
#2383 = DIRECTION ( 'NONE',  ( 1.000000000000000000, -7.806255641895631925E-15, 0.000000000000000000 ) ) ;
#2384 = ORIENTED_EDGE ( 'NONE', *, *, #4, .T. ) ;
#2385 = CYLINDRICAL_SURFACE ( 'NONE', #1258, 0.5000000000000004441 ) ;
#2386 = ORIENTED_EDGE ( 'NONE', *, *, #553, .T. ) ;
#2387 = ADVANCED_FACE ( 'NONE', ( #1863 ), #152, .F. ) ;
#2388 = LINE ( 'NONE', #1277, #178 ) ;
#2389 = LINE ( 'NONE', #899, #405 ) ;
#2390 = CARTESIAN_POINT ( 'NONE',  ( -1.500000000000004885, 5.550000000000001599, 9.249999999999998224 ) ) ;
#2391 = ORIENTED_EDGE ( 'NONE', *, *, #1929, .T. ) ;
#2392 = EDGE_CURVE ( 'NONE', #1440, #1183, #911, .T. ) ;
#2393 = LINE ( 'NONE', #2203, #2311 ) ;
#2394 = VERTEX_POINT ( 'NONE', #2041 ) ;
#2395 = EDGE_CURVE ( 'NONE', #1845, #1513, #978, .T. ) ;
#2396 = VECTOR ( 'NONE', #807, 1000.000000000000000 ) ;
#2397 = CARTESIAN_POINT ( 'NONE',  ( -11.30000000000000071, -6.249999999999997335, 9.250000000000003553 ) ) ;
#2398 = ORIENTED_EDGE ( 'NONE', *, *, #1115, .F. ) ;
#2399 = CARTESIAN_POINT ( 'NONE',  ( 0.000000000000000000, -3.179989999999941030, 2.045000000000043450 ) ) ;
#2400 = DIRECTION ( 'NONE',  ( 1.000000000000000000, 0.000000000000000000, -0.000000000000000000 ) ) ;
#2401 = DIRECTION ( 'NONE',  ( -0.000000000000000000, -0.000000000000000000, 1.000000000000000000 ) ) ;
#2402 = VERTEX_POINT ( 'NONE', #1103 ) ;
#2403 = LINE ( 'NONE', #1475, #979 ) ;
#2404 = CARTESIAN_POINT ( 'NONE',  ( 2.000000000000000000, 0.000000000000000000, 0.000000000000000000 ) ) ;
#2405 = DIRECTION ( 'NONE',  ( 1.000000000000000000, 5.734623061080354406E-16, 0.000000000000000000 ) ) ;
#2406 = AXIS2_PLACEMENT_3D ( 'NONE', #1986, #1091, #1249 ) ;
#2407 = EDGE_LOOP ( 'NONE', ( #279, #896, #234, #1908 ) ) ;
#2408 = LINE ( 'NONE', #730, #1607 ) ;
#2409 = ORIENTED_EDGE ( 'NONE', *, *, #498, .T. ) ;
#2410 = CARTESIAN_POINT ( 'NONE',  ( -6.000000000000002665, -2.000000000000000444, -3.750000000000001776 ) ) ;
#2411 = CARTESIAN_POINT ( 'NONE',  ( -13.59999999999999964, 5.634970830305531919, -2.821386538620931805 ) ) ;
#2412 = CARTESIAN_POINT ( 'NONE',  ( -1.500000000000001332, -4.659989999999959664, 0.5650000000000647837 ) ) ;
#2413 = VECTOR ( 'NONE', #1740, 1000.000000000000000 ) ;
#2414 = ORIENTED_EDGE ( 'NONE', *, *, #470, .F. ) ;
#2415 = ORIENTED_EDGE ( 'NONE', *, *, #917, .T. ) ;
#2416 = DIRECTION ( 'NONE',  ( 1.568054489599277040E-16, 6.800352336796739946E-32, 1.000000000000000000 ) ) ;
#2417 = LINE ( 'NONE', #1490, #1364 ) ;
#2418 = EDGE_CURVE ( 'NONE', #2156, #1573, #1650, .T. ) ;
#2419 = ORIENTED_EDGE ( 'NONE', *, *, #1602, .F. ) ;
#2420 = AXIS2_PLACEMENT_3D ( 'NONE', #1840, #154, #1989 ) ;
#2421 = LINE ( 'NONE', #907, #867 ) ;
#2422 = ORIENTED_EDGE ( 'NONE', *, *, #2024, .T. ) ;
#2423 = AXIS2_PLACEMENT_3D ( 'NONE', #1009, #302, #1201 ) ;
#2424 = TOROIDAL_SURFACE ( 'NONE', #1292, 2.000000000000000000, 1.000000000000000000 ) ;
#2425 = LINE ( 'NONE', #1497, #2297 ) ;
#2426 = LINE ( 'NONE', #2279, #49 ) ;
#2427 = VERTEX_POINT ( 'NONE', #1849 ) ;
#2428 = AXIS2_PLACEMENT_3D ( 'NONE', #927, #2059, #1841 ) ;
#2429 = ADVANCED_FACE ( 'NONE', ( #922 ), #811, .F. ) ;
#2430 = LINE ( 'NONE', #2243, #1172 ) ;
#2431 = VECTOR ( 'NONE', #1671, 1000.000000000000000 ) ;
#2432 = DIRECTION ( 'NONE',  ( 0.000000000000000000, 1.000000000000000000, 0.000000000000000000 ) ) ;
ENDSEC;
END-ISO-10303-21;
