ISO-10303-21;
HEADER;
FILE_DESCRIPTION (( 'STEP AP214' ),
    '1' );
FILE_NAME ('JK-RTF-02-15-01 Knob_8.STEP',
    '2026-08-29T19:02:21',
    ( '' ),
    ( '' ),
    'SwSTEP 2.0',
    'SolidWorks 2025',
    '' );
FILE_SCHEMA (( 'AUTOMOTIVE_DESIGN' ));
ENDSEC;

DATA;
#1 = CARTESIAN_POINT ( 'NONE',  ( 1.264879221391959074, 0.4000000000000000222, 0.8989750049347908778 ) ) ;
#2 = DIRECTION ( 'NONE',  ( 0.000000000000000000, 0.7071067811865561215, 0.7071067811865390240 ) ) ;
#3 = CARTESIAN_POINT ( 'NONE',  ( 1.074104529993695767, 0.000000000000000000, 0.6297259862371471506 ) ) ;
#4 = ORIENTED_EDGE ( 'NONE', *, *, #1704, .F. ) ;
#5 = CARTESIAN_POINT ( 'NONE',  ( 0.2220737101408598313, 0.000000000000000000, -0.2928559524038553685 ) ) ;
#6 = CARTESIAN_POINT ( 'NONE',  ( -1.357486624065476377, 0.000000000000000000, -1.617506711908638151 ) ) ;
#7 = ADVANCED_FACE ( 'NONE', ( #1751 ), #1582, .T. ) ;
#8 = CARTESIAN_POINT ( 'NONE',  ( 1.403345002801074548, 0.4000000000000000222, -1.352211303729524916 ) ) ;
#9 = ORIENTED_EDGE ( 'NONE', *, *, #1990, .T. ) ;
#10 = DIRECTION ( 'NONE',  ( 0.000000000000000000, 0.000000000000000000, 1.000000000000000000 ) ) ;
#11 = CARTESIAN_POINT ( 'NONE',  ( -0.7673180744485176286, 0.4000000000000000222, 0.1594018338422101000 ) ) ;
#12 = ADVANCED_FACE ( 'NONE', ( #2175 ), #885, .T. ) ;
#13 = CARTESIAN_POINT ( 'NONE',  ( -0.5315823043304828133, 0.000000000000000000, 1.578114875441134268 ) ) ;
#14 = CARTESIAN_POINT ( 'NONE',  ( -0.1268284912854910074, 0.4000000000000000222, 0.6812554027255662836 ) ) ;
#15 = LINE ( 'NONE', #1333, #2349 ) ;
#16 = CARTESIAN_POINT ( 'NONE',  ( -0.2858485863873341248, 0.4000000000000000777, 1.748733644226164063 ) ) ;
#17 = CARTESIAN_POINT ( 'NONE',  ( 1.503946301828022580, 0.000000000000000000, -0.8270418802897139265 ) ) ;
#18 = CARTESIAN_POINT ( 'NONE',  ( 1.373499510635327159, -0.000000000000000000, 1.300954714097830589 ) ) ;
#19 = ORIENTED_EDGE ( 'NONE', *, *, #1005, .F. ) ;
#20 = CARTESIAN_POINT ( 'NONE',  ( 0.5699695832812657903, 0.000000000000000000, -0.6638675985771006482 ) ) ;
#21 = CARTESIAN_POINT ( 'NONE',  ( -0.03871018120390407741, 0.4000000000000000222, 2.415063315947175493 ) ) ;
#22 = CARTESIAN_POINT ( 'NONE',  ( -0.6999750074997446170, 0.000000000000000000, 0.1959215949563415105 ) ) ;
#23 = ORIENTED_EDGE ( 'NONE', *, *, #1445, .T. ) ;
#24 = CARTESIAN_POINT ( 'NONE',  ( 0.5699695832812657903, 0.000000000000000000, -0.6638675985771006482 ) ) ;
#25 = DIRECTION ( 'NONE',  ( 0.000000000000000000, 1.000000000000000000, -0.000000000000000000 ) ) ;
#26 = B_SPLINE_CURVE_WITH_KNOTS ( 'NONE', 3,
 ( #255, #531, #2093, #2530, #282, #1178, #1151, #2317, #2329, #2518, #267, #1138, #1819, #2055, #2082, #2068, #294, #66, #2720 ),
 .UNSPECIFIED., .F., .F.,
 ( 4, 1, 1, 1, 1, 1, 1, 1, 1, 1, 1, 1, 1, 1, 1, 1, 4 ),
 ( 0.000000000000000000, 0.08452255404608126355, 0.1640571096661349870, 0.2389534905332945380, 0.3090416517698260090, 0.3747340365544375995, 0.4369676580754859319, 0.4960819482658066493, 0.5528977872137931238, 0.6074735330254281696, 0.6609419582370559265, 0.7141116223017772713, 0.7675321077793779700, 0.8220588444552031637, 0.8789550134395774927, 0.9376304892395358470, 1.000000000000000000 ),
 .UNSPECIFIED. ) ;
#27 = CARTESIAN_POINT ( 'NONE',  ( 0.02746577526431996652, -0.000000000000000000, -1.422452239280749930 ) ) ;
#28 = ADVANCED_FACE ( 'NONE', ( #2266 ), #2826, .F. ) ;
#29 = AXIS2_PLACEMENT_3D ( 'NONE', #2734, #2316, #10 ) ;
#30 = B_SPLINE_CURVE_WITH_KNOTS ( 'NONE', 3,
 ( #802, #1931, #1269, #547, #2377, #1219, #147, #2790, #1003, #111, #2169, #1051, #769, #833, #2842, #818, #1660, #308, #2859 ),
 .UNSPECIFIED., .F., .F.,
 ( 4, 1, 1, 1, 1, 1, 1, 1, 1, 1, 1, 1, 1, 1, 1, 1, 4 ),
 ( 0.000000000000000000, 0.06282592105328145549, 0.1227317415465955797, 0.1806473094286877579, 0.2364931263344308143, 0.2912659570617958660, 0.3453217307168494066, 0.3997469507730634364, 0.4550832560138087235, 0.5118292350899360521, 0.5705804923793743599, 0.6325417244804467654, 0.6980624161410500239, 0.7670567314646583590, 0.8403110917076146436, 0.9178859119836890734, 1.000000000000000000 ),
 .UNSPECIFIED. ) ;
#31 = CARTESIAN_POINT ( 'NONE',  ( 1.180042649219598117, 0.000000000000000000, 0.7607031525509135861 ) ) ;
#32 = APPLICATION_PROTOCOL_DEFINITION ( 'draft international standard', 'automotive_design', 1998, #468 ) ;
#33 = CARTESIAN_POINT ( 'NONE',  ( 1.501540521534979966, 0.4000000000000000222, -0.7377322232499037291 ) ) ;
#34 = ORIENTED_EDGE ( 'NONE', *, *, #1471, .T. ) ;
#35 = DIRECTION ( 'NONE',  ( 0.000000000000000000, -1.000000000000000000, 0.000000000000000000 ) ) ;
#36 = CARTESIAN_POINT ( 'NONE',  ( -1.564921755733318376, 0.000000000000000000, -1.073651703586010475 ) ) ;
#37 = CARTESIAN_POINT ( 'NONE',  ( 0.2828935852210432977, -5.421010862427522170E-17, -2.044705977246266126 ) ) ;
#38 = AXIS2_PLACEMENT_3D ( 'NONE', #1405, #317, #1228 ) ;
#39 = ORIENTED_EDGE ( 'NONE', *, *, #1579, .T. ) ;
#40 = CARTESIAN_POINT ( 'NONE',  ( -0.07399735793568706921, 5.421010862427522170E-17, -0.1250669441971127005 ) ) ;
#41 = CARTESIAN_POINT ( 'NONE',  ( -1.567574640909560779, -5.421010862427522170E-17, -0.9136629818043300322 ) ) ;
#42 = B_SPLINE_CURVE_WITH_KNOTS ( 'NONE', 3,
 ( #1223, #45, #1622, #311, #2309, #2561, #1636, #523, #952, #2096, #509 ),
 .UNSPECIFIED., .F., .F.,
 ( 4, 1, 1, 1, 1, 1, 1, 1, 4 ),
 ( 0.000000000000000000, 0.1389507443776183959, 0.2705026947870308729, 0.3957479780324771879, 0.5158745501172480319, 0.6329517442430293572, 0.7507123856491765279, 0.8719479895379226297, 1.000000000000000000 ),
 .UNSPECIFIED. ) ;
#43 = CARTESIAN_POINT ( 'NONE',  ( -0.5750245291072062503, 0.4000000000000000222, 1.091406178654915848 ) ) ;
#44 = PRODUCT_DEFINITION ( 'UNKNOWN', '', #1464, #2428 ) ;
#45 = CARTESIAN_POINT ( 'NONE',  ( -0.7544281242085429939, -0.000000000000000000, 0.2278374315389530280 ) ) ;
#46 = CARTESIAN_POINT ( 'NONE',  ( 0.9662501175068936021, 0.000000000000000000, 2.190746949478813210 ) ) ;
#47 = ORIENTED_EDGE ( 'NONE', *, *, #2140, .T. ) ;
#48 = CARTESIAN_POINT ( 'NONE',  ( -0.6029896541513689590, 0.000000000000000000, 1.395676683017937680 ) ) ;
#49 = CARTESIAN_POINT ( 'NONE',  ( -0.4159170715575069011, 0.000000000000000000, -1.350953696270767557 ) ) ;
#50 = CARTESIAN_POINT ( 'NONE',  ( 1.276380114230316387, 0.4000000000000000222, -0.1849342329804396501 ) ) ;
#51 = ORIENTED_EDGE ( 'NONE', *, *, #2086, .T. ) ;
#52 = CARTESIAN_POINT ( 'NONE',  ( -1.554837519589173045, 0.000000000000000000, -0.7655595891981944456 ) ) ;
#53 = CARTESIAN_POINT ( 'NONE',  ( -1.554837519589173045, -5.421010862427522170E-17, -0.7655595891981944456 ) ) ;
#54 = CARTESIAN_POINT ( 'NONE',  ( -1.567944016799427631, 0.4000000000000000222, -0.9440377029718139967 ) ) ;
#55 = CARTESIAN_POINT ( 'NONE',  ( 0.000000000000000000, 20.00000000000000000, 3.850000000000000977 ) ) ;
#56 = CARTESIAN_POINT ( 'NONE',  ( -1.007954614085858847, 0.4000000000000000222, 0.3933394089264717342 ) ) ;
#57 = APPLICATION_CONTEXT ( 'automotive_design' ) ;
#58 = ORIENTED_EDGE ( 'NONE', *, *, #1363, .T. ) ;
#59 = CARTESIAN_POINT ( 'NONE',  ( -0.5773260926922259006, 0.4000000000000000777, 1.493332664160596401 ) ) ;
#60 = EDGE_CURVE ( 'NONE', #1518, #2495, #2045, .T. ) ;
#61 = B_SPLINE_CURVE_WITH_KNOTS ( 'NONE', 3,
 ( #393, #375, #1290, #791, #2654, #329, #1478, #102, #1275, #1009, #1681, #2591, #1556, #210, #897, #453, #2029, #243, #2937 ),
 .UNSPECIFIED., .F., .F.,
 ( 4, 1, 1, 1, 1, 1, 1, 1, 1, 1, 1, 1, 1, 1, 1, 1, 4 ),
 ( 0.000000000000000000, 0.06282592105328145549, 0.1227317415465955797, 0.1806473094286877579, 0.2364931263344308143, 0.2912659570617958660, 0.3453217307168494066, 0.3997469507730634364, 0.4550832560138087235, 0.5118292350899360521, 0.5705804923793743599, 0.6325417244804467654, 0.6980624161410500239, 0.7670567314646583590, 0.8403110917076146436, 0.9178859119836890734, 1.000000000000000000 ),
 .UNSPECIFIED. ) ;
#62 = CARTESIAN_POINT ( 'NONE',  ( 0.6359772925283394551, 0.4000000000000000222, 0.2959180245991621661 ) ) ;
#63 = CARTESIAN_POINT ( 'NONE',  ( 1.255701778395325263, 0.4000000000000000222, 1.880892425479035346 ) ) ;
#64 = ORIENTED_EDGE ( 'NONE', *, *, #940, .F. ) ;
#65 = CARTESIAN_POINT ( 'NONE',  ( -0.4595595781102480570, 0.4000000000000000222, 0.9169381923026329595 ) ) ;
#66 = CARTESIAN_POINT ( 'NONE',  ( -1.566916306630182110, 0.4000000000000000222, -0.9881125276126976331 ) ) ;
#67 = CARTESIAN_POINT ( 'NONE',  ( -1.439948586856617307, 0.4000000000000000222, 1.252883856280955666 ) ) ;
#68 = VECTOR ( 'NONE', #914, 1000.000000000000000 ) ;
#69 = CARTESIAN_POINT ( 'NONE',  ( -0.6079782922283496482, 0.4000000000000000222, 1.290882499545227935 ) ) ;
#70 = CARTESIAN_POINT ( 'NONE',  ( -0.6147233684548747412, 0.4000000000000000222, 2.334559345286322696 ) ) ;
#71 = AXIS2_PLACEMENT_3D ( 'NONE', #1983, #671, #2889 ) ;
#72 = CARTESIAN_POINT ( 'NONE',  ( 0.07769332679916693407, -0.000000000000000000, 2.414865137277137475 ) ) ;
#73 = ORIENTED_EDGE ( 'NONE', *, *, #1276, .F. ) ;
#74 = CARTESIAN_POINT ( 'NONE',  ( -0.4716956630423849717, 0.000000000000000000, 2.371747620228133790 ) ) ;
#75 = CARTESIAN_POINT ( 'NONE',  ( 0.000000000000000000, 20.00000000000000000, 0.000000000000000000 ) ) ;
#76 = CARTESIAN_POINT ( 'NONE',  ( 0.2157050395334451365, 0.000000000000000000, 1.745831804434919032 ) ) ;
#77 = EDGE_CURVE ( 'NONE', #761, #995, #15, .T. ) ;
#78 = VERTEX_POINT ( 'NONE', #2005 ) ;
#79 = CARTESIAN_POINT ( 'NONE',  ( -1.245787371818408928, 0.4000000000000000222, 0.6309673259169041870 ) ) ;
#80 = CARTESIAN_POINT ( 'NONE',  ( 1.255701778395325263, 0.4000000000000000222, 1.880892425479035346 ) ) ;
#81 = AXIS2_PLACEMENT_3D ( 'NONE', #75, #290, #2089 ) ;
#82 = CARTESIAN_POINT ( 'NONE',  ( 0.8275033032931372601, 0.000000000000000000, 0.1915557674127215115 ) ) ;
#83 = CARTESIAN_POINT ( 'NONE',  ( 0.4690814405906679196, 0.000000000000000000, 1.573172140967451060 ) ) ;
#84 = CARTESIAN_POINT ( 'NONE',  ( -1.513956966890967593, 0.4000000000000000222, -0.5975800959906519827 ) ) ;
#85 = CARTESIAN_POINT ( 'NONE',  ( 1.376366981742979778, 0.000000000000000000, -0.3294373599087843107 ) ) ;
#86 = CARTESIAN_POINT ( 'NONE',  ( 0.01999928592856417553, 0.4000000000000000222, 2.415842333026959832 ) ) ;
#87 = CARTESIAN_POINT ( 'NONE',  ( 1.298276542413782320, 0.000000000000000000, 1.784921728761671211 ) ) ;
#88 = ORIENTED_EDGE ( 'NONE', *, *, #252, .T. ) ;
#89 = PLANE ( 'NONE',  #1112 ) ;
#90 = CARTESIAN_POINT ( 'NONE',  ( 0.6079782922283495372, 0.4000000000000000777, -0.8920395595575473235 ) ) ;
#91 = DIRECTION ( 'NONE',  ( -0.000000000000000000, -1.000000000000000000, -0.000000000000000000 ) ) ;
#92 = ORIENTED_EDGE ( 'NONE', *, *, #938, .F. ) ;
#93 = CARTESIAN_POINT ( 'NONE',  ( -0.6719760071997546991, 0.000000000000000000, -0.8860397737789780237 ) ) ;
#94 = CARTESIAN_POINT ( 'NONE',  ( 0.07769332679916693407, 0.4000000000000000222, 2.414865137277137475 ) ) ;
#95 = ADVANCED_FACE ( 'NONE', ( #663, #1557 ), #1821, .T. ) ;
#96 = CARTESIAN_POINT ( 'NONE',  ( -0.2525268968764525779, 0.000000000000000000, -2.060774170520213833 ) ) ;
#97 = CARTESIAN_POINT ( 'NONE',  ( 0.2157050395334451365, 0.000000000000000000, 1.745831804434919032 ) ) ;
#98 = LINE ( 'NONE', #1440, #270 ) ;
#99 = ADVANCED_FACE ( 'NONE', ( #1597 ), #2696, .T. ) ;
#100 = CARTESIAN_POINT ( 'NONE',  ( 1.376366981742979778, 0.4000000000000000222, -0.3294373599087843107 ) ) ;
#101 = CARTESIAN_POINT ( 'NONE',  ( 1.327091840873253048, 0.000000000000000000, 1.045058674562870049 ) ) ;
#102 = CARTESIAN_POINT ( 'NONE',  ( 1.276958459264290413, 0.000000000000000000, -1.566936693758170129 ) ) ;
#103 = ORIENTED_EDGE ( 'NONE', *, *, #904, .T. ) ;
#104 = CARTESIAN_POINT ( 'NONE',  ( -0.4384487974094471996, 0.000000000000000000, -0.3748691557676007147 ) ) ;
#105 = LINE ( 'NONE', #2191, #2686 ) ;
#106 = CARTESIAN_POINT ( 'NONE',  ( 1.373303198869541442, -5.421010862427522170E-17, 1.467684165188903211 ) ) ;
#107 = ORIENTED_EDGE ( 'NONE', *, *, #1583, .T. ) ;
#108 = DIRECTION ( 'NONE',  ( -0.000000000000000000, -1.000000000000000000, -0.000000000000000000 ) ) ;
#109 = CARTESIAN_POINT ( 'NONE',  ( 1.357532961485036882, 0.4000000000000000222, 1.578692003449586378 ) ) ;
#110 = CARTESIAN_POINT ( 'NONE',  ( -1.399705152094068206, 0.4000000000000000222, -0.3672346117929667919 ) ) ;
#111 = CARTESIAN_POINT ( 'NONE',  ( 1.099805245833075151, 0.4000000000000000222, -1.744828514945854003 ) ) ;
#112 = CARTESIAN_POINT ( 'NONE',  ( -0.6673460608248429349, 0.4000000000000000222, -0.7727320603194487436 ) ) ;
#113 = CARTESIAN_POINT ( 'NONE',  ( -0.02199921452142035438, 0.4000000000000000222, -1.424020565257352988 ) ) ;
#114 = ORIENTED_EDGE ( 'NONE', *, *, #337, .F. ) ;
#115 = EDGE_CURVE ( 'NONE', #1046, #503, #2829, .T. ) ;
#116 = CARTESIAN_POINT ( 'NONE',  ( -0.03871018120390407741, -0.000000000000000000, 2.415063315947175493 ) ) ;
#117 = CARTESIAN_POINT ( 'NONE',  ( 1.276958459264290413, 0.4000000000000000222, -1.566936693758170129 ) ) ;
#118 = B_SPLINE_SURFACE_WITH_KNOTS ( 'NONE', 3, 1, ( 
 ( #2256, #2286 ),
 ( #1379, #944 ),
 ( #2715, #2524 ),
 ( #2756, #694 ),
 ( #2273, #734 ),
 ( #1626, #2538 ),
 ( #2578, #2386 ),
 ( #1480, #2116 ),
 ( #2146, #362 ),
 ( #980, #2611 ),
 ( #762, #554 ),
 ( #2797, #1260 ),
 ( #2100, #1011 ),
 ( #571, #1463 ),
 ( #1446, #74 ),
 ( #1923, #2161 ),
 ( #526, #2551 ),
 ( #2368, #1876 ),
 ( #2337, #1639 ) ),
 .UNSPECIFIED., .F., .F., .F.,
 ( 4, 1, 1, 1, 1, 1, 1, 1, 1, 1, 1, 1, 1, 1, 1, 1, 4 ),
 ( 2, 2 ),
 ( 0.000000000000000000, 0.06024154434176438866, 0.1181361561437235808, 0.1743306221830834835, 0.2293441248101640573, 0.2840137640919032092, 0.3384199535373434431, 0.3928983066006920821, 0.4485306532461006412, 0.5060517977224238129, 0.5661833049414335406, 0.6287285985730345361, 0.6945137632296567443, 0.7645004946290925307, 0.8385005335306517926, 0.9165750233227022425, 1.000000000000000000 ),
 ( 0.000000000000000000, 1.000000000000000000 ),
 .UNSPECIFIED. ) ;
#119 = CARTESIAN_POINT ( 'NONE',  ( 1.503137201529950673, 0.4000000000000000222, -0.7970056918893888565 ) ) ;
#120 = FACE_BOUND ( 'NONE', #775, .T. ) ;
#121 = CARTESIAN_POINT ( 'NONE',  ( 1.194144312361261173, 0.4000000000000000222, -1.660167972451590757 ) ) ;
#122 = CARTESIAN_POINT ( 'NONE',  ( -0.3335296087708565782, 0.000000000000000000, -0.2885611658282551395 ) ) ;
#123 = VERTEX_POINT ( 'NONE', #1904 ) ;
#124 = CARTESIAN_POINT ( 'NONE',  ( -0.6356426134755013280, 0.000000000000000000, -1.116411949799448688 ) ) ;
#125 = CARTESIAN_POINT ( 'NONE',  ( -0.3335296087708565782, 0.4000000000000000777, -0.2885611658282551395 ) ) ;
#126 = CARTESIAN_POINT ( 'NONE',  ( 5.327213576290986242E-16, 20.50000000000001066, 4.349999999999999645 ) ) ;
#127 = CARTESIAN_POINT ( 'NONE',  ( -1.554837519589173045, 0.4000000000000000222, -0.7655595891981944456 ) ) ;
#128 = CARTESIAN_POINT ( 'NONE',  ( 0.01999928592856417553, 0.4000000000000000222, 2.415842333026959832 ) ) ;
#129 = CARTESIAN_POINT ( 'NONE',  ( -0.3335296087708565782, 0.4000000000000000222, -0.2885611658282551395 ) ) ;
#130 = CARTESIAN_POINT ( 'NONE',  ( 1.198007939247910825, -5.421010862427522170E-17, 1.968063720138111039 ) ) ;
#131 = ORIENTED_EDGE ( 'NONE', *, *, #2086, .F. ) ;
#132 = VECTOR ( 'NONE', #2793, 1000.000000000000000 ) ;
#133 = CARTESIAN_POINT ( 'NONE',  ( -1.234844469246214160, 0.000000000000000000, 1.925333993044754832 ) ) ;
#134 = CARTESIAN_POINT ( 'NONE',  ( 0.6020086515581258846, -5.421010862427522170E-17, -1.984699222369134652 ) ) ;
#135 = EDGE_CURVE ( 'NONE', #2554, #1241, #2499, .T. ) ;
#136 = ORIENTED_EDGE ( 'NONE', *, *, #77, .F. ) ;
#137 = FACE_OUTER_BOUND ( 'NONE', #692, .T. ) ;
#138 = CIRCLE ( 'NONE', #2408, 4.049999999999998046 ) ;
#139 = CARTESIAN_POINT ( 'NONE',  ( 1.449058311676733934, 0.4000000000000000222, -1.232322797577810380 ) ) ;
#140 = CARTESIAN_POINT ( 'NONE',  ( 0.1374241454456900380, -5.421010862427522170E-17, 0.6702530088581695189 ) ) ;
#141 = ORIENTED_EDGE ( 'NONE', *, *, #2232, .T. ) ;
#142 = DIRECTION ( 'NONE',  ( -0.000000000000000000, -1.000000000000000000, -0.000000000000000000 ) ) ;
#143 = B_SPLINE_SURFACE_WITH_KNOTS ( 'NONE', 3, 1, ( 
 ( #2857, #830 ),
 ( #2375, #418 ),
 ( #352, #1726 ),
 ( #1249, #1032 ),
 ( #2152, #2407 ),
 ( #2183, #1064 ),
 ( #1961, #1929 ),
 ( #2872, #816 ),
 ( #1709, #2617 ),
 ( #593, #1489 ),
 ( #847, #1562 ),
 ( #2482, #6 ),
 ( #1786, #205 ),
 ( #263, #1105 ),
 ( #681, #489 ),
 ( #2514, #2688 ),
 ( #446, #36 ),
 ( #2010, #709 ),
 ( #668, #1574 ) ),
 .UNSPECIFIED., .F., .F., .F.,
 ( 4, 1, 1, 1, 1, 1, 1, 1, 1, 1, 1, 1, 1, 1, 1, 1, 4 ),
 ( 2, 2 ),
 ( 0.000000000000000000, 0.08452255404608126355, 0.1640571096661349870, 0.2389534905332945380, 0.3090416517698260090, 0.3747340365544375995, 0.4369676580754859319, 0.4960819482658066493, 0.5528977872137931238, 0.6074735330254281696, 0.6609419582370559265, 0.7141116223017772713, 0.7675321077793779700, 0.8220588444552031637, 0.8789550134395774927, 0.9376304892395358470, 1.000000000000000000 ),
 ( 0.000000000000000000, 1.000000000000000000 ),
 .UNSPECIFIED. ) ;
#144 = CARTESIAN_POINT ( 'NONE',  ( -1.432549455944946315, 0.4000000000000000222, 1.081389178485617997 ) ) ;
#145 = CARTESIAN_POINT ( 'NONE',  ( -1.191989444025516987, 0.000000000000000000, -1.777706274102278883 ) ) ;
#146 = CARTESIAN_POINT ( 'NONE',  ( 0.000000000000000000, 20.00000000000000000, 0.000000000000000000 ) ) ;
#147 = CARTESIAN_POINT ( 'NONE',  ( 1.346389639794323356, 0.4000000000000000222, -1.463796882099786867 ) ) ;
#148 = CARTESIAN_POINT ( 'NONE',  ( -0.6719760071997546991, 0.4000000000000000222, -0.8860397737789780237 ) ) ;
#149 = B_SPLINE_SURFACE_WITH_KNOTS ( 'NONE', 3, 1, ( 
 ( #1603, #1814 ),
 ( #2300, #1589 ),
 ( #1849, #2050 ),
 ( #488, #1184 ),
 ( #276, #2496 ),
 ( #1825, #2088 ),
 ( #2063, #1172 ),
 ( #59, #262 ),
 ( #1863, #48 ),
 ( #1157, #1145 ),
 ( #966, #1615 ) ),
 .UNSPECIFIED., .F., .F., .F.,
 ( 4, 1, 1, 1, 1, 1, 1, 1, 4 ),
 ( 2, 2 ),
 ( 0.000000000000000000, 0.1585961183910913064, 0.2986623556385280542, 0.4232423639721589748, 0.5377621940837706838, 0.6483039324476275178, 0.7574370395045032511, 0.8740749222924355522, 0.9999999999999998890 ),
 ( 0.000000000000000000, 1.000000000000000000 ),
 .UNSPECIFIED. ) ;
#150 = CARTESIAN_POINT ( 'NONE',  ( 0.3324814563097387432, 0.4000000000000000222, 0.8242394864603436178 ) ) ;
#151 = CARTESIAN_POINT ( 'NONE',  ( 1.503946301828022580, -5.421010862427522170E-17, -0.8270418802897139265 ) ) ;
#152 = CARTESIAN_POINT ( 'NONE',  ( 1.373499510635327159, 0.000000000000000000, 1.300954714097830589 ) ) ;
#153 = CARTESIAN_POINT ( 'NONE',  ( 0.6917385663241966132, 0.4000000000000000222, 0.3290984558066456511 ) ) ;
#154 = FACE_OUTER_BOUND ( 'NONE', #765, .T. ) ;
#155 = CARTESIAN_POINT ( 'NONE',  ( 0.01999928592856417553, 0.4000000000000000222, 2.415842333026959832 ) ) ;
#156 = VERTEX_POINT ( 'NONE', #1181 ) ;
#157 = CARTESIAN_POINT ( 'NONE',  ( -0.3861219820298277816, 0.4000000000000000777, 1.707414033076273485 ) ) ;
#158 = EDGE_CURVE ( 'NONE', #217, #2772, #1906, .T. ) ;
#159 = DIRECTION ( 'NONE',  ( -0.000000000000000000, -1.000000000000000000, -0.000000000000000000 ) ) ;
#160 = CARTESIAN_POINT ( 'NONE',  ( -0.02199921452142035438, 0.4000000000000000222, -1.424020565257352988 ) ) ;
#161 = CARTESIAN_POINT ( 'NONE',  ( -0.5779523392737498932, 0.4000000000000000222, -2.025351539703656112 ) ) ;
#162 = CARTESIAN_POINT ( 'NONE',  ( 0.3622201948799326221, 0.000000000000000000, -1.350691196230342284 ) ) ;
#163 = CARTESIAN_POINT ( 'NONE',  ( 1.236979913037135725, 0.000000000000000000, -0.1449580777392820707 ) ) ;
#164 = EDGE_LOOP ( 'NONE', ( #2098, #2656, #2830, #1996 ) ) ;
#165 = CARTESIAN_POINT ( 'NONE',  ( 0.5121015309152276984, 0.4000000000000000222, 1.080719502568299850 ) ) ;
#166 = CARTESIAN_POINT ( 'NONE',  ( 1.276958459264290413, -5.421010862427522170E-17, -1.566936693758170129 ) ) ;
#167 = B_SPLINE_SURFACE_WITH_KNOTS ( 'NONE', 3, 1, ( 
 ( #723, #2483 ),
 ( #502, #2024 ),
 ( #1563, #1106 ),
 ( #1393, #2038 ),
 ( #2065, #2052 ),
 ( #8, #1381 ),
 ( #1148, #682 ),
 ( #2470, #2011 ),
 ( #206, #1605 ),
 ( #2515, #934 ),
 ( #2275, #2289 ),
 ( #1827, #461 ),
 ( #2703, #264 ),
 ( #1159, #2917 ),
 ( #903, #1339 ),
 ( #447, #37 ),
 ( #221, #1354 ),
 ( #2241, #1122 ),
 ( #1803, #1816 ) ),
 .UNSPECIFIED., .F., .F., .F.,
 ( 4, 1, 1, 1, 1, 1, 1, 1, 1, 1, 1, 1, 1, 1, 1, 1, 4 ),
 ( 2, 2 ),
 ( 0.000000000000000000, 0.06282592105328145549, 0.1227317415465955797, 0.1806473094286877579, 0.2364931263344308143, 0.2912659570617958660, 0.3453217307168494066, 0.3997469507730634364, 0.4550832560138087235, 0.5118292350899360521, 0.5705804923793743599, 0.6325417244804467654, 0.6980624161410500239, 0.7670567314646583590, 0.8403110917076146436, 0.9178859119836890734, 1.000000000000000000 ),
 ( 0.000000000000000000, 1.000000000000000000 ),
 .UNSPECIFIED. ) ;
#168 = VERTEX_POINT ( 'NONE', #55 ) ;
#169 = CARTESIAN_POINT ( 'NONE',  ( 1.074104529993695767, 0.4000000000000000222, 0.6297259862371471506 ) ) ;
#170 = CARTESIAN_POINT ( 'NONE',  ( -0.8676062753182298692, 0.000000000000000000, 2.233821177836880612 ) ) ;
#171 = FACE_OUTER_BOUND ( 'NONE', #2516, .T. ) ;
#172 = B_SPLINE_SURFACE_WITH_KNOTS ( 'NONE', 3, 1, ( 
 ( #1892, #1042 ),
 ( #1939, #345 ),
 ( #316, #996 ),
 ( #587, #1227 ),
 ( #748, #104 ),
 ( #1908, #2813 ),
 ( #2324, #795 ),
 ( #301, #1195 ),
 ( #1653, #2564 ),
 ( #540, #1431 ),
 ( #1683, #1210 ) ),
 .UNSPECIFIED., .F., .F., .F.,
 ( 4, 1, 1, 1, 1, 1, 1, 1, 4 ),
 ( 2, 2 ),
 ( 0.000000000000000000, 0.1600287939255009839, 0.3052128595525682164, 0.4367344963722023521, 0.5587880790980832568, 0.6716139206163920239, 0.7795036924405052137, 0.8879131397074535581, 1.000000000000000000 ),
 ( 0.000000000000000000, 1.000000000000000000 ),
 .UNSPECIFIED. ) ;
#173 = ORIENTED_EDGE ( 'NONE', *, *, #2476, .F. ) ;
#174 = DIRECTION ( 'NONE',  ( 0.000000000000000000, 0.000000000000000000, -1.000000000000000000 ) ) ;
#175 = CARTESIAN_POINT ( 'NONE',  ( 0.6917385663241966132, -0.000000000000000000, 0.3290984558066456511 ) ) ;
#176 = COLOUR_RGB ( '',0.7921568627450980005, 0.8196078431372548767, 0.9333333333333333481 ) ;
#177 = CARTESIAN_POINT ( 'NONE',  ( -1.566916306630182110, -0.000000000000000000, -0.9881125276126976331 ) ) ;
#178 = EDGE_CURVE ( 'NONE', #1144, #1087, #42, .T. ) ;
#179 = CARTESIAN_POINT ( 'NONE',  ( -1.191989444025516987, 0.000000000000000000, -1.777706274102278883 ) ) ;
#180 = CARTESIAN_POINT ( 'NONE',  ( 0.2220737101408598313, 0.4000000000000000777, -0.2928559524038553685 ) ) ;
#181 = SURFACE_SIDE_STYLE ('',( #406 ) ) ;
#182 = CARTESIAN_POINT ( 'NONE',  ( 0.5731944841109420929, 0.4000000000000000222, -1.114080851450164111 ) ) ;
#183 = CARTESIAN_POINT ( 'NONE',  ( -0.07699725082497177464, 0.000000000000000000, -2.063997714971405273 ) ) ;
#184 = CARTESIAN_POINT ( 'NONE',  ( -0.07699725082497177464, 0.4000000000000000222, -2.063997714971405273 ) ) ;
#185 = VECTOR ( 'NONE', #469, 1000.000000000000000 ) ;
#186 = CARTESIAN_POINT ( 'NONE',  ( 1.276380114230316387, 0.000000000000000000, -0.1849342329804396501 ) ) ;
#187 = CARTESIAN_POINT ( 'NONE',  ( -1.281241428325084808, 0.4000000000000000222, -1.702460893113681317 ) ) ;
#188 = CARTESIAN_POINT ( 'NONE',  ( 1.298276542413782320, 0.4000000000000000222, 1.784921728761671211 ) ) ;
#189 = CARTESIAN_POINT ( 'NONE',  ( 0.5121015309152276984, 0.4000000000000000222, 1.080719502568299850 ) ) ;
#190 = ORIENTED_EDGE ( 'NONE', *, *, #284, .F. ) ;
#191 = CARTESIAN_POINT ( 'NONE',  ( 0.000000000000000000, 20.00000000000000000, 0.000000000000000000 ) ) ;
#192 = CARTESIAN_POINT ( 'NONE',  ( -0.4209397683716232796, 0.000000000000000000, -2.048283332923836575 ) ) ;
#193 = CARTESIAN_POINT ( 'NONE',  ( 0.02099925022499248353, 0.4000000000000000222, 0.6009071350097651143 ) ) ;
#194 = CARTESIAN_POINT ( 'NONE',  ( -0.02199921452142035438, 0.000000000000000000, -1.424020565257352988 ) ) ;
#195 = CARTESIAN_POINT ( 'NONE',  ( 0.009177463314286260498, 0.4000000000000000222, 1.774824410392987772 ) ) ;
#196 = CARTESIAN_POINT ( 'NONE',  ( 0.3622201948799326221, 0.000000000000000000, -1.350691196230342284 ) ) ;
#197 = CARTESIAN_POINT ( 'NONE',  ( -0.6062735024594276823, -0.000000000000000000, 1.326694288067464145 ) ) ;
#198 = CYLINDRICAL_SURFACE ( 'NONE', #2446, 4.349999999999999645 ) ;
#199 = ADVANCED_FACE ( 'NONE', ( #1845 ), #931, .F. ) ;
#200 = DIRECTION ( 'NONE',  ( 0.000000000000000000, 0.000000000000000000, 1.000000000000000000 ) ) ;
#201 = CARTESIAN_POINT ( 'NONE',  ( 0.9470424573237214982, 0.4000000000000000222, 0.5078535688496372824 ) ) ;
#202 = CARTESIAN_POINT ( 'NONE',  ( 0.5423508460412955756, 0.4000000000000000777, 1.311060321360653091 ) ) ;
#203 = ORIENTED_EDGE ( 'NONE', *, *, #1648, .F. ) ;
#204 = DIRECTION ( 'NONE',  ( 0.000000000000000000, -1.000000000000000000, 0.000000000000000000 ) ) ;
#205 = CARTESIAN_POINT ( 'NONE',  ( -1.423177211381425611, 0.000000000000000000, -1.525187584148822495 ) ) ;
#206 = CARTESIAN_POINT ( 'NONE',  ( 1.194144312361261173, 0.4000000000000000222, -1.660167972451590757 ) ) ;
#207 = CARTESIAN_POINT ( 'NONE',  ( 0.4528720391987486882, 0.000000000000000000, -1.286873300238324358 ) ) ;
#208 = CARTESIAN_POINT ( 'NONE',  ( -0.1684356730577247219, 0.4000000000000000222, -1.419436294891742056 ) ) ;
#209 = CARTESIAN_POINT ( 'NONE',  ( -1.072661274730404957, 0.000000000000000000, -0.03038591351774620752 ) ) ;
#210 = CARTESIAN_POINT ( 'NONE',  ( 0.6020086515581258846, 0.000000000000000000, -1.984699222369134652 ) ) ;
#211 = B_SPLINE_CURVE_WITH_KNOTS ( 'NONE', 3,
 ( #383, #1282, #2181, #1062, #2646, #624, #2074, #1846, #1443, #286, #496 ),
 .UNSPECIFIED., .F., .F.,
 ( 4, 1, 1, 1, 1, 1, 1, 1, 4 ),
 ( 0.000000000000000000, 0.1580800013089742329, 0.2973325681540604504, 0.4226526225325380470, 0.5374198629468424082, 0.6484468294307172975, 0.7586362711459817554, 0.8737446915029239980, 1.000000000000000000 ),
 .UNSPECIFIED. ) ;
#212 = EDGE_CURVE ( 'NONE', #288, #1828, #2188, .T. ) ;
#213 = CARTESIAN_POINT ( 'NONE',  ( 0.9470424573237214982, 0.4000000000000000222, 0.5078535688496372824 ) ) ;
#214 = DIRECTION ( 'NONE',  ( 0.000000000000000000, -1.000000000000000000, 0.000000000000000000 ) ) ;
#215 = VECTOR ( 'NONE', #476, 1000.000000000000000 ) ;
#216 = CARTESIAN_POINT ( 'NONE',  ( 0.4969477264321552901, 0.4000000000000000222, 2.375764923677987195 ) ) ;
#217 = VERTEX_POINT ( 'NONE', #601 ) ;
#218 = B_SPLINE_SURFACE_WITH_KNOTS ( 'NONE', 3, 1, ( 
 ( #1760, #1050 ),
 ( #878, #1948 ),
 ( #2858, #2457 ),
 ( #2634, #628 ),
 ( #2902, #1522 ),
 ( #1490, #1774 ),
 ( #817, #433 ),
 ( #2198, #1033 ),
 ( #1727, #2393 ),
 ( #2619, #369 ),
 ( #2427, #2409 ) ),
 .UNSPECIFIED., .F., .F., .F.,
 ( 4, 1, 1, 1, 1, 1, 1, 1, 4 ),
 ( 2, 2 ),
 ( 0.000000000000000000, 0.1046565004484280165, 0.2046262793345784980, 0.3051377930066048183, 0.4124766795195625724, 0.5314293496787417803, 0.6671015806974641693, 0.8219489542329886378, 1.000000000000000000 ),
 ( 0.000000000000000000, 1.000000000000000000 ),
 .UNSPECIFIED. ) ;
#219 = CARTESIAN_POINT ( 'NONE',  ( 0.5439805772569443754, 0.4000000000000000222, 1.273883106505948160 ) ) ;
#220 = CARTESIAN_POINT ( 'NONE',  ( -0.7465869593799836501, 0.4000000000000000222, 2.288576956795188799 ) ) ;
#221 = CARTESIAN_POINT ( 'NONE',  ( 0.1066814558719722666, 0.4000000000000000222, -2.061730461496030120 ) ) ;
#222 = ORIENTED_EDGE ( 'NONE', *, *, #1768, .F. ) ;
#223 = VECTOR ( 'NONE', #2691, 1000.000000000000000 ) ;
#224 = CARTESIAN_POINT ( 'NONE',  ( 0.6031708292881896583, 5.421010862427522170E-17, -0.7746496809657799076 ) ) ;
#225 = CARTESIAN_POINT ( 'NONE',  ( 0.5121015309152276984, 0.4000000000000000222, 1.080719502568299850 ) ) ;
#226 = CARTESIAN_POINT ( 'NONE',  ( -1.437437656313922618, -0.000000000000000000, 1.194686315309402724 ) ) ;
#227 = CARTESIAN_POINT ( 'NONE',  ( 0.07769332679916693407, -0.000000000000000000, 2.414865137277137475 ) ) ;
#228 = CARTESIAN_POINT ( 'NONE',  ( 0.2507443145143440355, 0.4000000000000000222, -1.393711620953622443 ) ) ;
#229 = CARTESIAN_POINT ( 'NONE',  ( 0.6359772925283394551, 0.000000000000000000, 0.2959180245991621661 ) ) ;
#230 = CARTESIAN_POINT ( 'NONE',  ( -1.245787371818408928, -5.421010862427522170E-17, 0.6309673259169041870 ) ) ;
#231 = EDGE_CURVE ( 'NONE', #1194, #2315, #1541, .T. ) ;
#232 = CIRCLE ( 'NONE', #323, 5.049999999999999822 ) ;
#233 = CARTESIAN_POINT ( 'NONE',  ( 0.3187958739332997782, 5.421010862427522170E-17, 1.705947015358708629 ) ) ;
#234 = VERTEX_POINT ( 'NONE', #408 ) ;
#235 = FACE_OUTER_BOUND ( 'NONE', #871, .T. ) ;
#236 = CARTESIAN_POINT ( 'NONE',  ( -0.8676062753182298692, 0.000000000000000000, 2.233821177836880612 ) ) ;
#237 = CARTESIAN_POINT ( 'NONE',  ( -1.564921755733318376, 0.4000000000000000222, -1.073651703586010475 ) ) ;
#238 = ORIENTED_EDGE ( 'NONE', *, *, #831, .F. ) ;
#239 = CARTESIAN_POINT ( 'NONE',  ( 0.06075743458130803548, -0.000000000000000000, 0.6245882045231909707 ) ) ;
#240 = B_SPLINE_CURVE_WITH_KNOTS ( 'NONE', 3,
 ( #1288, #2861, #1746, #1097, #1554, #2460, #438, #2503, #1165, #950, #2749 ),
 .UNSPECIFIED., .F., .F.,
 ( 4, 1, 1, 1, 1, 1, 1, 1, 4 ),
 ( 0.000000000000000000, 0.1585961183910913064, 0.2986623556385280542, 0.4232423639721589748, 0.5377621940837706838, 0.6483039324476275178, 0.7574370395045032511, 0.8740749222924355522, 0.9999999999999998890 ),
 .UNSPECIFIED. ) ;
#241 = STYLED_ITEM ( 'NONE', ( #685 ), #2294 ) ;
#242 = CARTESIAN_POINT ( 'NONE',  ( -0.1670312549608714836, 0.000000000000000000, 1.771908444693414353 ) ) ;
#243 = CARTESIAN_POINT ( 'NONE',  ( -0.01462164043683620435, -0.000000000000000000, -2.063227776408715020 ) ) ;
#244 = DIRECTION ( 'NONE',  ( 0.000000000000000000, 0.000000000000000000, 1.000000000000000000 ) ) ;
#245 = CARTESIAN_POINT ( 'NONE',  ( -0.5773260926922259006, 0.4000000000000000777, 1.493332664160596401 ) ) ;
#246 = CARTESIAN_POINT ( 'NONE',  ( -1.331989475509270049, 0.4000000000000000222, 0.7681846941010778140 ) ) ;
#247 = CARTESIAN_POINT ( 'NONE',  ( 0.4022541183559825706, 5.421010862427522170E-17, 1.646423463487482142 ) ) ;
#248 = ORIENTED_EDGE ( 'NONE', *, *, #2159, .F. ) ;
#249 = FACE_OUTER_BOUND ( 'NONE', #330, .T. ) ;
#250 = CARTESIAN_POINT ( 'NONE',  ( -1.419322760028817632, 0.4000000000000000222, 1.500139717772842829 ) ) ;
#251 = CARTESIAN_POINT ( 'NONE',  ( 0.4022541183559825706, 0.4000000000000000777, 1.646423463487482142 ) ) ;
#252 = EDGE_CURVE ( 'NONE', #1056, #2846, #1253, .T. ) ;
#253 = ORIENTED_EDGE ( 'NONE', *, *, #60, .T. ) ;
#254 = CARTESIAN_POINT ( 'NONE',  ( -0.6031498240957177126, 0.4000000000000000222, 1.188875893801615735 ) ) ;
#255 = CARTESIAN_POINT ( 'NONE',  ( -0.07699725082497177464, 0.4000000000000000222, -2.063997714971405273 ) ) ;
#256 = CARTESIAN_POINT ( 'NONE',  ( 0.1205044412873673143, 0.000000000000000000, -1.419502376006049005 ) ) ;
#257 = CARTESIAN_POINT ( 'NONE',  ( -0.5835369268137060583, 0.000000000000000000, -1.211319942658443338 ) ) ;
#258 = FILL_AREA_STYLE ('',( #552 ) ) ;
#259 = DIRECTION ( 'NONE',  ( 1.000000000000000000, 0.000000000000000000, 0.000000000000000000 ) ) ;
#260 = CARTESIAN_POINT ( 'NONE',  ( 1.255701778395325263, -5.421010862427522170E-17, 1.880892425479035346 ) ) ;
#261 = VERTEX_POINT ( 'NONE', #2608 ) ;
#262 = CARTESIAN_POINT ( 'NONE',  ( -0.5773260926922259006, 0.000000000000000000, 1.493332664160596401 ) ) ;
#263 = CARTESIAN_POINT ( 'NONE',  ( -1.476393215957614524, 0.4000000000000000222, -1.424268136312736965 ) ) ;
#264 = CARTESIAN_POINT ( 'NONE',  ( 0.7440882139549332974, -5.421010862427522170E-17, -1.938781977994613603 ) ) ;
#265 = VERTEX_POINT ( 'NONE', #183 ) ;
#266 = CARTESIAN_POINT ( 'NONE',  ( -1.538413899267247809, 0.000000000000000000, -0.6801256856053046196 ) ) ;
#267 = CARTESIAN_POINT ( 'NONE',  ( -1.281241428325084808, 0.4000000000000000222, -1.702460893113681317 ) ) ;
#268 = ADVANCED_FACE ( 'NONE', ( #1715 ), #625, .T. ) ;
#269 = CARTESIAN_POINT ( 'NONE',  ( -1.483383555952318744, 0.4000000000000000222, -0.5177218696579892754 ) ) ;
#270 = VECTOR ( 'NONE', #1492, 1000.000000000000000 ) ;
#271 = CARTESIAN_POINT ( 'NONE',  ( -1.390064163708334855, 0.4000000000000000222, 1.615638646249138777 ) ) ;
#272 = CARTESIAN_POINT ( 'NONE',  ( -0.8604348597266531229, 0.4000000000000000222, 0.2899696629325226871 ) ) ;
#273 = CARTESIAN_POINT ( 'NONE',  ( -1.439948586856617307, -5.421010862427522170E-17, 1.252883856280955666 ) ) ;
#274 = ORIENTED_EDGE ( 'NONE', *, *, #1196, .F. ) ;
#275 = B_SPLINE_CURVE_WITH_KNOTS ( 'NONE', 3,
 ( #1052, #326, #1950, #129, #834, #371, #1474, #2605, #112, #2170, #803 ),
 .UNSPECIFIED., .F., .F.,
 ( 4, 1, 1, 1, 1, 1, 1, 1, 4 ),
 ( 0.000000000000000000, 0.1600287939255009839, 0.3052128595525682164, 0.4367344963722023521, 0.5587880790980832568, 0.6716139206163920239, 0.7795036924405052137, 0.8879131397074535581, 1.000000000000000000 ),
 .UNSPECIFIED. ) ;
#276 = CARTESIAN_POINT ( 'NONE',  ( -0.3861219820298277816, 0.4000000000000000777, 1.707414033076273485 ) ) ;
#277 = CARTESIAN_POINT ( 'NONE',  ( 0.6917385663241966132, 0.4000000000000000222, 0.3290984558066456511 ) ) ;
#278 = CARTESIAN_POINT ( 'NONE',  ( 0.4969477264321552901, -5.421010862427522170E-17, 2.375764923677987195 ) ) ;
#279 = CLOSED_SHELL ( 'NONE', ( #851, #1883, #473, #2356, #2456, #487, #1180, #199, #2671, #2272, #1237, #1115, #1730, #1152, #1382, #2308, #2807, #615 ) ) ;
#280 = ORIENTED_EDGE ( 'NONE', *, *, #987, .T. ) ;
#281 = CARTESIAN_POINT ( 'NONE',  ( -0.5275412331932902710, 0.4000000000000000222, 1.001170946196096034 ) ) ;
#282 = CARTESIAN_POINT ( 'NONE',  ( -0.5779523392737498932, 0.4000000000000000222, -2.025351539703656112 ) ) ;
#283 = CARTESIAN_POINT ( 'NONE',  ( -0.03051442337428291948, 0.4000000000000000222, 0.6289061722343542993 ) ) ;
#284 = EDGE_CURVE ( 'NONE', #2303, #2495, #1787, .T. ) ;
#285 = CARTESIAN_POINT ( 'NONE',  ( -1.350209565443414528, 0.4000000000000000222, 1.725579656549052876 ) ) ;
#286 = CARTESIAN_POINT ( 'NONE',  ( 0.6061828075014749073, -0.000000000000000000, -0.9315661933097609815 ) ) ;
#287 = CARTESIAN_POINT ( 'NONE',  ( -1.394846507835313831, 0.4000000000000000222, 0.9179133902636706921 ) ) ;
#288 = VERTEX_POINT ( 'NONE', #2264 ) ;
#289 = CARTESIAN_POINT ( 'NONE',  ( -1.439948586856617307, 0.4000000000000000222, 1.252883856280955666 ) ) ;
#290 = DIRECTION ( 'NONE',  ( -0.000000000000000000, -1.000000000000000000, -0.000000000000000000 ) ) ;
#291 = CARTESIAN_POINT ( 'NONE',  ( 1.053880677908697994, 0.4000000000000000222, 2.123093763084305863 ) ) ;
#292 = ORIENTED_EDGE ( 'NONE', *, *, #904, .F. ) ;
#293 = CARTESIAN_POINT ( 'NONE',  ( -1.072661274730404957, 0.000000000000000000, -0.03038591351774620752 ) ) ;
#294 = CARTESIAN_POINT ( 'NONE',  ( -1.564921755733318376, 0.4000000000000000222, -1.073651703586010475 ) ) ;
#295 = CARTESIAN_POINT ( 'NONE',  ( 5.572142936120455355E-16, 0.000000000000000000, -4.049999999999998046 ) ) ;
#296 = CARTESIAN_POINT ( 'NONE',  ( -0.5750245291072062503, 0.000000000000000000, 1.091406178654915848 ) ) ;
#297 = CARTESIAN_POINT ( 'NONE',  ( -1.074531951636190641, 0.4000000000000000222, 2.095583861373350842 ) ) ;
#298 = PRESENTATION_STYLE_ASSIGNMENT (( #2322 ) ) ;
#299 = EDGE_CURVE ( 'NONE', #2495, #2768, #729, .T. ) ;
#300 = ORIENTED_EDGE ( 'NONE', *, *, #2792, .F. ) ;
#301 = CARTESIAN_POINT ( 'NONE',  ( -0.6378851995394680952, 0.4000000000000000777, -0.6641084884841158553 ) ) ;
#302 = FACE_OUTER_BOUND ( 'NONE', #2049, .T. ) ;
#303 = CARTESIAN_POINT ( 'NONE',  ( 0.7546844510325120270, 0.4000000000000000222, 2.299797950330249918 ) ) ;
#304 = ORIENTED_EDGE ( 'NONE', *, *, #2513, .T. ) ;
#305 = CARTESIAN_POINT ( 'NONE',  ( -0.5773260926922259006, 0.000000000000000000, 1.493332664160596401 ) ) ;
#306 = DIRECTION ( 'NONE',  ( -0.000000000000000000, -1.000000000000000000, -0.000000000000000000 ) ) ;
#307 = CARTESIAN_POINT ( 'NONE',  ( 1.503946301828022580, 0.000000000000000000, -0.8270418802897139265 ) ) ;
#308 = CARTESIAN_POINT ( 'NONE',  ( -0.01462164043683620435, 0.4000000000000000222, -2.063227776408715020 ) ) ;
#309 = CARTESIAN_POINT ( 'NONE',  ( -0.6079782922283496482, 0.000000000000000000, 1.290882499545227935 ) ) ;
#310 = CARTESIAN_POINT ( 'NONE',  ( 1.503137201529950673, 0.000000000000000000, -0.7970056918893888565 ) ) ;
#311 = CARTESIAN_POINT ( 'NONE',  ( -1.007954614085858847, 0.000000000000000000, 0.3933394089264717342 ) ) ;
#312 = VECTOR ( 'NONE', #91, 1000.000000000000000 ) ;
#313 = CARTESIAN_POINT ( 'NONE',  ( 0.4969477264321552901, 0.000000000000000000, 2.375764923677987195 ) ) ;
#314 = ORIENTED_EDGE ( 'NONE', *, *, #451, .F. ) ;
#315 = EDGE_CURVE ( 'NONE', #2607, #1144, #2069, .T. ) ;
#316 = CARTESIAN_POINT ( 'NONE',  ( -0.2106796061668248510, 0.4000000000000000777, -0.2048111477641993972 ) ) ;
#317 = DIRECTION ( 'NONE',  ( 0.000000000000000000, -1.000000000000000000, 0.000000000000000000 ) ) ;
#318 = CARTESIAN_POINT ( 'NONE',  ( 0.7012828638470128828, 0.4000000000000000222, 0.2603331095139913010 ) ) ;
#319 = ORIENTED_EDGE ( 'NONE', *, *, #870, .T. ) ;
#320 = DIRECTION ( 'NONE',  ( 0.000000000000000000, -0.000000000000000000, 1.000000000000000000 ) ) ;
#321 = EDGE_CURVE ( 'NONE', #553, #1144, #686, .T. ) ;
#322 = CARTESIAN_POINT ( 'NONE',  ( -1.135361354923522192, 0.4000000000000000222, 0.5081668718672740503 ) ) ;
#323 = AXIS2_PLACEMENT_3D ( 'NONE', #2028, #2648, #1284 ) ;
#324 = CARTESIAN_POINT ( 'NONE',  ( -1.072661274730404957, 0.4000000000000000222, -0.03038591351774620752 ) ) ;
#325 = CARTESIAN_POINT ( 'NONE',  ( 1.375950871885212479, 0.4000000000000000222, 1.352880285923776293 ) ) ;
#326 = CARTESIAN_POINT ( 'NONE',  ( -0.1210118399192654653, 0.4000000000000000222, -0.1524964931723358785 ) ) ;
#327 = CARTESIAN_POINT ( 'NONE',  ( 0.6359772925283394551, 0.4000000000000000222, 0.2959180245991621661 ) ) ;
#328 = CARTESIAN_POINT ( 'NONE',  ( -0.4716956630423849717, 0.4000000000000000222, 2.371747620228133790 ) ) ;
#329 = CARTESIAN_POINT ( 'NONE',  ( 1.403345002801074548, 0.000000000000000000, -1.352211303729524916 ) ) ;
#330 = EDGE_LOOP ( 'NONE', ( #2276, #2389, #2119, #2115 ) ) ;
#331 = DIRECTION ( 'NONE',  ( 0.000000000000000000, 0.000000000000000000, 1.000000000000000000 ) ) ;
#332 = CARTESIAN_POINT ( 'NONE',  ( 0.6031708292881896583, 0.000000000000000000, -0.7746496809657799076 ) ) ;
#333 = CARTESIAN_POINT ( 'NONE',  ( 0.09571688639215419903, 0.4000000000000000777, 1.772873881752144776 ) ) ;
#334 = VERTEX_POINT ( 'NONE', #2667 ) ;
#335 = CARTESIAN_POINT ( 'NONE',  ( 0.08263551419288560351, 0.000000000000000000, -0.2058737567262605983 ) ) ;
#336 = CARTESIAN_POINT ( 'NONE',  ( 1.198007939247910825, 0.4000000000000000222, 1.968063720138111039 ) ) ;
#337 = EDGE_CURVE ( 'NONE', #890, #1056, #2597, .T. ) ;
#338 = CARTESIAN_POINT ( 'NONE',  ( 1.346389639794323356, 0.000000000000000000, -1.463796882099786867 ) ) ;
#339 = CARTESIAN_POINT ( 'NONE',  ( -1.224649254970284540, -5.421010862427522170E-17, -0.1558393767083770254 ) ) ;
#340 = DIRECTION ( 'NONE',  ( 0.000000000000000000, -1.000000000000000000, -0.000000000000000000 ) ) ;
#341 = CARTESIAN_POINT ( 'NONE',  ( 0.9662501175068936021, -5.421010862427522170E-17, 2.190746949478813210 ) ) ;
#342 = ORIENTED_EDGE ( 'NONE', *, *, #376, .T. ) ;
#343 = CARTESIAN_POINT ( 'NONE',  ( 0.5392231949186097051, 0.000000000000000000, 1.382407888776762572 ) ) ;
#344 = ORIENTED_EDGE ( 'NONE', *, *, #954, .F. ) ;
#345 = CARTESIAN_POINT ( 'NONE',  ( -0.1210118399192654653, 0.000000000000000000, -0.1524964931723358785 ) ) ;
#346 = CARTESIAN_POINT ( 'NONE',  ( 1.403345002801074548, 0.4000000000000000222, -1.352211303729524916 ) ) ;
#347 = CARTESIAN_POINT ( 'NONE',  ( 0.02099925022499248006, 0.4000000000000000222, 0.6009071350097650033 ) ) ;
#348 = ORIENTED_EDGE ( 'NONE', *, *, #669, .T. ) ;
#349 = LINE ( 'NONE', #2343, #2489 ) ;
#350 = CARTESIAN_POINT ( 'NONE',  ( 1.298276542413782320, 0.4000000000000000222, 1.784921728761671211 ) ) ;
#351 = B_SPLINE_CURVE_WITH_KNOTS ( 'NONE', 3,
 ( #1585, #1047, #2281, #1756, #1959, #1077, #2424, #609, #828, #1740, #690 ),
 .UNSPECIFIED., .F., .F.,
 ( 4, 1, 1, 1, 1, 1, 1, 1, 4 ),
 ( 0.000000000000000000, 0.1600287939255009839, 0.3052128595525682164, 0.4367344963722023521, 0.5587880790980832568, 0.6716139206163920239, 0.7795036924405052137, 0.8879131397074535581, 1.000000000000000000 ),
 .UNSPECIFIED. ) ;
#352 = CARTESIAN_POINT ( 'NONE',  ( -0.2525268968764525779, 0.4000000000000000222, -2.060774170520213833 ) ) ;
#353 = CARTESIAN_POINT ( 'NONE',  ( -0.01462164043683620435, -0.000000000000000000, -2.063227776408715020 ) ) ;
#354 = CARTESIAN_POINT ( 'NONE',  ( 0.4022541183559825706, 0.000000000000000000, 1.646423463487482142 ) ) ;
#355 = CARTESIAN_POINT ( 'NONE',  ( -0.5835369268137060583, 0.4000000000000000222, -1.211319942658443338 ) ) ;
#356 = B_SPLINE_SURFACE_WITH_KNOTS ( 'NONE', 3, 1, ( 
 ( #2042, #1372 ),
 ( #922, #41 ),
 ( #2543, #1163 ),
 ( #505, #53 ),
 ( #2774, #518 ),
 ( #1396, #493 ),
 ( #753, #481 ),
 ( #1189, #973 ),
 ( #1410, #961 ),
 ( #713, #1645 ),
 ( #1855, #2761 ),
 ( #2305, #1620 ),
 ( #2556, #741 ),
 ( #11, #1422 ),
 ( #2278, #726 ) ),
 .UNSPECIFIED., .F., .F., .F.,
 ( 4, 1, 1, 1, 1, 1, 1, 1, 1, 1, 1, 1, 4 ),
 ( 2, 2 ),
 ( 0.000000000000000000, 0.06003831784040639108, 0.1185174089102424139, 0.1756767015595261383, 0.2320161616059254750, 0.2885905228496541963, 0.3446204230804460478, 0.4017302485697500924, 0.4593743358440074975, 0.5798017087899348665, 0.7089774919042215462, 0.8485250972179008144, 1.000000000000000000 ),
 ( 0.000000000000000000, 1.000000000000000000 ),
 .UNSPECIFIED. ) ;
#357 = CARTESIAN_POINT ( 'NONE',  ( 1.298276542413782320, 0.4000000000000000222, 1.784921728761671211 ) ) ;
#358 = CARTESIAN_POINT ( 'NONE',  ( -1.438746904574933039, -0.000000000000000000, 1.295268748352550681 ) ) ;
#359 = CARTESIAN_POINT ( 'NONE',  ( 0.6020086515581258846, 0.4000000000000000222, -1.984699222369134652 ) ) ;
#360 = AXIS2_PLACEMENT_3D ( 'NONE', #389, #2586, #1900 ) ;
#361 = ORIENTED_EDGE ( 'NONE', *, *, #397, .T. ) ;
#362 = CARTESIAN_POINT ( 'NONE',  ( -1.159871247195219057, 0.000000000000000000, 2.013831499106505607 ) ) ;
#363 = CARTESIAN_POINT ( 'NONE',  ( 0.6020086515581258846, 0.4000000000000000222, -1.984699222369134652 ) ) ;
#364 = CARTESIAN_POINT ( 'NONE',  ( -0.07399735793568706921, 0.000000000000000000, -0.1250669441971127005 ) ) ;
#365 = ORIENTED_EDGE ( 'NONE', *, *, #1196, .T. ) ;
#366 = CARTESIAN_POINT ( 'NONE',  ( -0.1670312549608714836, 0.000000000000000000, 1.771908444693414353 ) ) ;
#367 = CARTESIAN_POINT ( 'NONE',  ( -0.07399735793568706921, 0.000000000000000000, -0.1250669441971127005 ) ) ;
#368 = LINE ( 'NONE', #627, #614 ) ;
#369 = CARTESIAN_POINT ( 'NONE',  ( -0.03051442337428291948, 0.000000000000000000, 0.6289061722343542993 ) ) ;
#370 = CARTESIAN_POINT ( 'NONE',  ( -0.03699867896784364563, 0.000000000000000000, 1.775865183312907991 ) ) ;
#371 = CARTESIAN_POINT ( 'NONE',  ( -0.5243499483971389985, 0.4000000000000000222, -0.4656647986112716908 ) ) ;
#372 = CARTESIAN_POINT ( 'NONE',  ( 0.2413446449025103968, 0.000000000000000000, 0.7467447266511495485 ) ) ;
#373 = ORIENTED_EDGE ( 'NONE', *, *, #654, .F. ) ;
#374 = CARTESIAN_POINT ( 'NONE',  ( 0.3324814563097387432, 0.4000000000000000222, 0.8242394864603436178 ) ) ;
#375 = CARTESIAN_POINT ( 'NONE',  ( 1.503059518121323102, -0.000000000000000000, -0.8747935824225114843 ) ) ;
#376 = EDGE_CURVE ( 'NONE', #334, #261, #1110, .T. ) ;
#377 = CARTESIAN_POINT ( 'NONE',  ( 1.490089039405267268, 0.000000000000000000, -0.6504624894226022080 ) ) ;
#378 = CARTESIAN_POINT ( 'NONE',  ( -1.357486624065476377, 0.000000000000000000, -1.617506711908638151 ) ) ;
#379 = MECHANICAL_DESIGN_GEOMETRIC_PRESENTATION_REPRESENTATION (  '', ( #241 ), #1511 ) ;
#380 = CARTESIAN_POINT ( 'NONE',  ( -0.3173580954118367381, 0.000000000000000000, 2.396804838086674661 ) ) ;
#381 = CARTESIAN_POINT ( 'NONE',  ( 0.5423508460412955756, -0.000000000000000000, 1.311060321360653091 ) ) ;
#382 = ORIENTED_EDGE ( 'NONE', *, *, #888, .T. ) ;
#383 = CARTESIAN_POINT ( 'NONE',  ( -0.02199921452142035438, 0.000000000000000000, -1.424020565257352988 ) ) ;
#384 = B_SPLINE_SURFACE_WITH_KNOTS ( 'NONE', 3, 1, ( 
 ( #327, #2559 ),
 ( #804, #1426 ),
 ( #2380, #771 ),
 ( #1662, #1221 ),
 ( #1155, #2155 ),
 ( #1934, #2845 ),
 ( #100, #85 ),
 ( #1901, #820 ),
 ( #2622, #787 ),
 ( #1377, #1678 ),
 ( #33, #534 ),
 ( #2333, #310 ),
 ( #992, #2573 ) ),
 .UNSPECIFIED., .F., .F., .F.,
 ( 4, 1, 1, 1, 1, 1, 1, 1, 1, 1, 4 ),
 ( 2, 2 ),
 ( 0.000000000000000000, 0.1488401616933228977, 0.2876733215377531017, 0.4174748824588686014, 0.5393220372385026939, 0.6550207751846648385, 0.7678741544607107228, 0.8240149571879443746, 0.8813490423102168236, 0.9398749119825381415, 1.000000000000000000 ),
 ( 0.000000000000000000, 1.000000000000000000 ),
 .UNSPECIFIED. ) ;
#385 = FACE_OUTER_BOUND ( 'NONE', #2685, .T. ) ;
#386 = CARTESIAN_POINT ( 'NONE',  ( -0.6356426134755013280, 0.4000000000000000222, -1.116411949799448688 ) ) ;
#387 = CARTESIAN_POINT ( 'NONE',  ( -0.07699725082497177464, 0.4000000000000000222, -2.063997714971405273 ) ) ;
#388 = LINE ( 'NONE', #629, #223 ) ;
#389 = CARTESIAN_POINT ( 'NONE',  ( 0.000000000000000000, 23.00000000000000000, 0.000000000000000000 ) ) ;
#390 = CARTESIAN_POINT ( 'NONE',  ( 0.5731944841109420929, 0.000000000000000000, -1.114080851450164111 ) ) ;
#391 = VERTEX_POINT ( 'NONE', #1319 ) ;
#392 = CARTESIAN_POINT ( 'NONE',  ( 0.4701534560579639921, 0.4000000000000000222, 0.9897528722496171660 ) ) ;
#393 = CARTESIAN_POINT ( 'NONE',  ( 1.503946301828022580, 0.000000000000000000, -0.8270418802897139265 ) ) ;
#394 = CARTESIAN_POINT ( 'NONE',  ( 0.8275033032931372601, 0.000000000000000000, 0.1915557674127215115 ) ) ;
#395 = ADVANCED_BREP_SHAPE_REPRESENTATION ( 'JK-RTF-02-15-01 Knob_8', ( #2294, #1856, #2912 ), #967 ) ;
#396 = CARTESIAN_POINT ( 'NONE',  ( -1.357486624065476377, 0.4000000000000000222, -1.617506711908638151 ) ) ;
#397 = EDGE_CURVE ( 'NONE', #995, #1642, #232, .T. ) ;
#398 = CARTESIAN_POINT ( 'NONE',  ( 0.9927403741014735328, 0.4000000000000000222, -1.818541298946570572 ) ) ;
#399 = CARTESIAN_POINT ( 'NONE',  ( -1.297849939208917558, 0.4000000000000000222, 1.828742128836348790 ) ) ;
#400 = VERTEX_POINT ( 'NONE', #126 ) ;
#401 = CARTESIAN_POINT ( 'NONE',  ( -0.2858485863873341248, 0.000000000000000000, 1.748733644226164063 ) ) ;
#402 = CARTESIAN_POINT ( 'NONE',  ( 0.9470424573237214982, 0.000000000000000000, 0.5078535688496372824 ) ) ;
#403 = CARTESIAN_POINT ( 'NONE',  ( -0.2525268968764525779, 0.000000000000000000, -2.060774170520213833 ) ) ;
#404 = CARTESIAN_POINT ( 'NONE',  ( -0.4209397683716232796, 0.4000000000000000222, -2.048283332923836575 ) ) ;
#405 = CARTESIAN_POINT ( 'NONE',  ( -1.567944016799427631, 0.4000000000000000222, -0.9440377029718139967 ) ) ;
#406 = SURFACE_STYLE_FILL_AREA ( #659 ) ;
#407 = DIRECTION ( 'NONE',  ( 0.000000000000000000, -1.000000000000000000, 0.000000000000000000 ) ) ;
#408 = CARTESIAN_POINT ( 'NONE',  ( 0.000000000000000000, 0.000000000000000000, 4.049999999999998046 ) ) ;
#409 = CARTESIAN_POINT ( 'NONE',  ( -0.6031498240957177126, 0.4000000000000000222, 1.188875893801615735 ) ) ;
#410 = VERTEX_POINT ( 'NONE', #1093 ) ;
#411 = CARTESIAN_POINT ( 'NONE',  ( -1.091743597664720511, 0.000000000000000000, -1.844842441328946370 ) ) ;
#412 = CARTESIAN_POINT ( 'NONE',  ( -0.07699725082497177464, 0.4000000000000000222, -2.063997714971405273 ) ) ;
#413 = CARTESIAN_POINT ( 'NONE',  ( 0.2413446449025103968, 0.4000000000000000222, 0.7467447266511495485 ) ) ;
#414 = ADVANCED_FACE ( 'NONE', ( #1947 ), #1743, .F. ) ;
#415 = ORIENTED_EDGE ( 'NONE', *, *, #1566, .T. ) ;
#416 = CARTESIAN_POINT ( 'NONE',  ( -0.6079782922283495372, 0.000000000000000000, 1.290882499545227713 ) ) ;
#417 = LINE ( 'NONE', #219, #1039 ) ;
#418 = CARTESIAN_POINT ( 'NONE',  ( -0.1366811918743565113, 0.000000000000000000, -2.062901638944802940 ) ) ;
#419 = CARTESIAN_POINT ( 'NONE',  ( -0.8573753273120852114, 0.000000000000000000, -1.952794825594315276 ) ) ;
#420 = EDGE_CURVE ( 'NONE', #930, #1642, #368, .T. ) ;
#421 = CARTESIAN_POINT ( 'NONE',  ( 0.6027503586489265652, 0.000000000000000000, -1.007129714757275307 ) ) ;
#422 = CARTESIAN_POINT ( 'NONE',  ( 0.3187958739332997782, 0.4000000000000000222, 1.705947015358708629 ) ) ;
#423 = CARTESIAN_POINT ( 'NONE',  ( 0.5231804590072055561, 0.000000000000000000, -1.207559707517101177 ) ) ;
#424 = CARTESIAN_POINT ( 'NONE',  ( -1.439948586856617307, 0.000000000000000000, 1.252883856280955666 ) ) ;
#425 = CARTESIAN_POINT ( 'NONE',  ( -1.439948586856617307, 0.4000000000000000222, 1.252883856280955666 ) ) ;
#426 = VECTOR ( 'NONE', #606, 1000.000000000000000 ) ;
#427 = CARTESIAN_POINT ( 'NONE',  ( -0.3020071268946397103, 0.4000000000000000222, -1.393961566579365874 ) ) ;
#428 = CARTESIAN_POINT ( 'NONE',  ( -0.8573753273120852114, 0.4000000000000000222, -1.952794825594315276 ) ) ;
#429 = CARTESIAN_POINT ( 'NONE',  ( 1.368590312143095566, 0.000000000000000000, 1.196966393760249270 ) ) ;
#430 = ORIENTED_EDGE ( 'NONE', *, *, #1944, .T. ) ;
#431 = CARTESIAN_POINT ( 'NONE',  ( -0.5910264949317018957, 0.000000000000000000, -0.5619706249919602659 ) ) ;
#432 = CARTESIAN_POINT ( 'NONE',  ( 0.6079782922283495372, 0.4000000000000000222, -0.8920395595575473235 ) ) ;
#433 = CARTESIAN_POINT ( 'NONE',  ( -0.3701029854784829154, 0.000000000000000000, 0.8376056590769316301 ) ) ;
#434 = CARTESIAN_POINT ( 'NONE',  ( 0.000000000000000000, 20.50000000000001066, 0.000000000000000000 ) ) ;
#435 = CARTESIAN_POINT ( 'NONE',  ( -0.6719760071997545881, 0.4000000000000000222, -0.8860397737789779127 ) ) ;
#436 = B_SPLINE_SURFACE_WITH_KNOTS ( 'NONE', 3, 1, ( 
 ( #460, #2916 ),
 ( #902, #1604 ),
 ( #1826, #2931 ),
 ( #250, #1146 ),
 ( #1326, #2469 ),
 ( #477, #1368 ),
 ( #695, #2037 ),
 ( #1338, #2676 ),
 ( #1815, #1353 ),
 ( #2258, #2716 ),
 ( #918, #2240 ),
 ( #2497, #236 ),
 ( #220, #2274 ),
 ( #2228, #2287 ),
 ( #892, #1158 ),
 ( #1134, #1121 ),
 ( #1590, #2051 ),
 ( #21, #933 ),
 ( #2064, #2731 ) ),
 .UNSPECIFIED., .F., .F., .F.,
 ( 4, 1, 1, 1, 1, 1, 1, 1, 1, 1, 1, 1, 1, 1, 1, 1, 4 ),
 ( 2, 2 ),
 ( 0.000000000000000000, 0.06024154434176438866, 0.1181361561437235808, 0.1743306221830834835, 0.2293441248101640573, 0.2840137640919032092, 0.3384199535373434431, 0.3928983066006920821, 0.4485306532461006412, 0.5060517977224238129, 0.5661833049414335406, 0.6287285985730345361, 0.6945137632296567443, 0.7645004946290925307, 0.8385005335306517926, 0.9165750233227022425, 1.000000000000000000 ),
 ( 0.000000000000000000, 1.000000000000000000 ),
 .UNSPECIFIED. ) ;
#437 = EDGE_CURVE ( 'NONE', #391, #1667, #785, .T. ) ;
#438 = CARTESIAN_POINT ( 'NONE',  ( -0.5315823043304828133, 0.4000000000000000222, 1.578114875441134268 ) ) ;
#439 = CARTESIAN_POINT ( 'NONE',  ( -1.245787371818408928, 0.000000000000000000, 0.6309673259169041870 ) ) ;
#440 = CARTESIAN_POINT ( 'NONE',  ( 1.375950871885212479, 0.000000000000000000, 1.352880285923776293 ) ) ;
#441 = DIRECTION ( 'NONE',  ( -0.000000000000000000, 1.000000000000000000, -0.000000000000000000 ) ) ;
#442 = CARTESIAN_POINT ( 'NONE',  ( -1.191989444025516987, 0.4000000000000000222, -1.777706274102278883 ) ) ;
#443 = CARTESIAN_POINT ( 'NONE',  ( 0.7546844510325120270, 0.4000000000000000222, 2.299797950330249918 ) ) ;
#444 = EDGE_LOOP ( 'NONE', ( #222, #1853, #2035, #1926 ) ) ;
#445 = CARTESIAN_POINT ( 'NONE',  ( -0.6378851995394680952, 0.000000000000000000, -0.6641084884841158553 ) ) ;
#446 = CARTESIAN_POINT ( 'NONE',  ( -1.564921755733318376, 0.4000000000000000222, -1.073651703586010475 ) ) ;
#447 = CARTESIAN_POINT ( 'NONE',  ( 0.2828935852210432977, 0.4000000000000000222, -2.044705977246266126 ) ) ;
#448 = ORIENTED_EDGE ( 'NONE', *, *, #1802, .T. ) ;
#449 = CARTESIAN_POINT ( 'NONE',  ( 0.5731944841109420929, 0.4000000000000000222, -1.114080851450164111 ) ) ;
#450 =( NAMED_UNIT ( * ) PLANE_ANGLE_UNIT ( ) SI_UNIT ( $, .RADIAN. ) );
#451 = EDGE_CURVE ( 'NONE', #2438, #1046, #1694, .T. ) ;
#452 = CARTESIAN_POINT ( 'NONE',  ( -0.8967015425104619686, 0.000000000000000000, 0.08923791705276033770 ) ) ;
#453 = CARTESIAN_POINT ( 'NONE',  ( 0.2828935852210432977, 0.000000000000000000, -2.044705977246266126 ) ) ;
#454 = CARTESIAN_POINT ( 'NONE',  ( 0.8004263438049475932, 0.4000000000000000222, 0.3937725042689723676 ) ) ;
#455 = FACE_OUTER_BOUND ( 'NONE', #2729, .T. ) ;
#456 = CARTESIAN_POINT ( 'NONE',  ( 0.5439805772569443754, 5.421010862427522170E-17, 1.273883106505948160 ) ) ;
#457 = ORIENTED_EDGE ( 'NONE', *, *, #792, .T. ) ;
#458 = B_SPLINE_SURFACE_WITH_KNOTS ( 'NONE', 3, 1, ( 
 ( #90, #1448 ),
 ( #997, #2784 ),
 ( #763, #332 ),
 ( #1893, #2132 ),
 ( #2565, #1654 ),
 ( #513, #945 ),
 ( #722, #2525 ),
 ( #541, #1174 ),
 ( #2757, #736 ),
 ( #1628, #1432 ),
 ( #2539, #1909 ) ),
 .UNSPECIFIED., .F., .F., .F.,
 ( 4, 1, 1, 1, 1, 1, 1, 1, 4 ),
 ( 2, 2 ),
 ( 0.000000000000000000, 0.1098389797032604392, 0.2131858177125055820, 0.3164343783355382245, 0.4263234099801994081, 0.5467296233304806963, 0.6817737376772511348, 0.8321140144251579773, 1.000000000000000000 ),
 ( 0.000000000000000000, 1.000000000000000000 ),
 .UNSPECIFIED. ) ;
#459 = FACE_OUTER_BOUND ( 'NONE', #2299, .T. ) ;
#460 = CARTESIAN_POINT ( 'NONE',  ( -1.439948586856617307, 0.4000000000000000222, 1.252883856280955666 ) ) ;
#461 = CARTESIAN_POINT ( 'NONE',  ( 0.8749511794941270404, -5.421010862427522170E-17, -1.884486469569117029 ) ) ;
#462 = EDGE_LOOP ( 'NONE', ( #47, #2284, #2818, #1613 ) ) ;
#463 = AXIS2_PLACEMENT_3D ( 'NONE', #813, #1435, #320 ) ;
#464 = CARTESIAN_POINT ( 'NONE',  ( -1.566845482016446578, 0.000000000000000000, -0.8537023869936855025 ) ) ;
#465 = CARTESIAN_POINT ( 'NONE',  ( -0.5835369268137060583, 0.4000000000000000222, -1.211319942658443338 ) ) ;
#466 = CARTESIAN_POINT ( 'NONE',  ( -1.566845482016446578, 0.000000000000000000, -0.8537023869936855025 ) ) ;
#467 = CARTESIAN_POINT ( 'NONE',  ( -0.5275412331932902710, 0.4000000000000000222, 1.001170946196096034 ) ) ;
#468 = APPLICATION_CONTEXT ( 'automotive_design' ) ;
#469 = DIRECTION ( 'NONE',  ( -0.000000000000000000, -1.000000000000000000, -0.000000000000000000 ) ) ;
#470 = CARTESIAN_POINT ( 'NONE',  ( -0.6029896541513689590, 0.4000000000000000777, 1.395676683017937680 ) ) ;
#471 = CARTESIAN_POINT ( 'NONE',  ( -0.7544281242085429939, -5.421010862427522170E-17, 0.2278374315389530280 ) ) ;
#472 = VECTOR ( 'NONE', #644, 1000.000000000000000 ) ;
#473 = ADVANCED_FACE ( 'NONE', ( #1049 ), #143, .F. ) ;
#474 = CARTESIAN_POINT ( 'NONE',  ( 0.01999928592856417553, 0.4000000000000000222, 2.415842333026959832 ) ) ;
#475 = ORIENTED_EDGE ( 'NONE', *, *, #321, .T. ) ;
#476 = DIRECTION ( 'NONE',  ( 0.000000000000000000, -1.000000000000000000, 0.000000000000000000 ) ) ;
#477 = CARTESIAN_POINT ( 'NONE',  ( -1.350209565443414528, 0.4000000000000000222, 1.725579656549052876 ) ) ;
#478 = CARTESIAN_POINT ( 'NONE',  ( 0.5126237969861312527, 0.000000000000000000, 1.483429637471408435 ) ) ;
#479 = ORIENTED_EDGE ( 'NONE', *, *, #938, .T. ) ;
#480 = CARTESIAN_POINT ( 'NONE',  ( 0.5185231090490310946, 0.4000000000000000222, -0.5605027395380078881 ) ) ;
#481 = CARTESIAN_POINT ( 'NONE',  ( -1.483383555952318744, -5.421010862427522170E-17, -0.5177218696579892754 ) ) ;
#482 = CARTESIAN_POINT ( 'NONE',  ( -0.5275412331932902710, 0.4000000000000000222, 1.001170946196096034 ) ) ;
#483 = CARTESIAN_POINT ( 'NONE',  ( 0.6917385663241966132, 0.4000000000000000222, 0.3290984558066456511 ) ) ;
#484 = CARTESIAN_POINT ( 'NONE',  ( 0.000000000000000000, 20.00000000000000000, 1.649999999999999911 ) ) ;
#485 = CARTESIAN_POINT ( 'NONE',  ( 0.1889275356288384056, -5.421010862427522170E-17, 2.412981102211073203 ) ) ;
#486 = ORIENTED_EDGE ( 'NONE', *, *, #1663, .F. ) ;
#487 = ADVANCED_FACE ( 'NONE', ( #1380 ), #436, .F. ) ;
#488 = CARTESIAN_POINT ( 'NONE',  ( -0.2858485863873341248, 0.4000000000000000777, 1.748733644226164063 ) ) ;
#489 = CARTESIAN_POINT ( 'NONE',  ( -1.517867507986575104, 0.000000000000000000, -1.315150078973171599 ) ) ;
#490 = FACE_OUTER_BOUND ( 'NONE', #840, .T. ) ;
#491 = ORIENTED_EDGE ( 'NONE', *, *, #2177, .F. ) ;
#492 = CARTESIAN_POINT ( 'NONE',  ( -1.567574640909560779, -0.000000000000000000, -0.9136629818043300322 ) ) ;
#493 = CARTESIAN_POINT ( 'NONE',  ( -1.513956966890967593, -5.421010862427522170E-17, -0.5975800959906519827 ) ) ;
#494 = CARTESIAN_POINT ( 'NONE',  ( 0.5231804590072055561, 0.000000000000000000, -1.207559707517101177 ) ) ;
#495 = CARTESIAN_POINT ( 'NONE',  ( 1.074104529993695767, 0.000000000000000000, 0.6297259862371471506 ) ) ;
#496 = CARTESIAN_POINT ( 'NONE',  ( 0.6079782922283495372, 5.421010862427522170E-17, -0.8920395595575473235 ) ) ;
#497 = CARTESIAN_POINT ( 'NONE',  ( -1.135361354923522192, -5.421010862427522170E-17, 0.5081668718672740503 ) ) ;
#498 = ORIENTED_EDGE ( 'NONE', *, *, #2193, .T. ) ;
#499 = PLANE ( 'NONE',  #500 ) ;
#500 = AXIS2_PLACEMENT_3D ( 'NONE', #1366, #2036, #512 ) ;
#501 = CARTESIAN_POINT ( 'NONE',  ( -0.5835369268137060583, 0.000000000000000000, -1.211319942658443338 ) ) ;
#502 = CARTESIAN_POINT ( 'NONE',  ( 1.503059518121323102, 0.4000000000000000222, -0.8747935824225114843 ) ) ;
#503 = VERTEX_POINT ( 'NONE', #432 ) ;
#504 = CARTESIAN_POINT ( 'NONE',  ( -1.483383555952318744, 0.000000000000000000, -0.5177218696579892754 ) ) ;
#505 = CARTESIAN_POINT ( 'NONE',  ( -1.554837519589173045, 0.4000000000000000222, -0.7655595891981944456 ) ) ;
#506 = EDGE_CURVE ( 'NONE', #2714, #1037, #981, .T. ) ;
#507 = CARTESIAN_POINT ( 'NONE',  ( -1.567574640909560779, 0.4000000000000000222, -0.9136629818043300322 ) ) ;
#508 = CARTESIAN_POINT ( 'NONE',  ( -0.6031498240957177126, 0.4000000000000000222, 1.188875893801615735 ) ) ;
#509 = CARTESIAN_POINT ( 'NONE',  ( -1.439948586856617307, 0.000000000000000000, 1.252883856280955666 ) ) ;
#510 = CARTESIAN_POINT ( 'NONE',  ( 0.8655541069393225539, 0.000000000000000000, 2.248539654246168862 ) ) ;
#511 = ORIENTED_EDGE ( 'NONE', *, *, #2690, .T. ) ;
#512 = DIRECTION ( 'NONE',  ( 0.000000000000000000, 0.000000000000000000, -1.000000000000000000 ) ) ;
#513 = CARTESIAN_POINT ( 'NONE',  ( 0.4401560842037750554, 0.4000000000000000777, -0.4674358433335220608 ) ) ;
#514 = CARTESIAN_POINT ( 'NONE',  ( 0.3187958739332997782, 0.4000000000000000777, 1.705947015358708629 ) ) ;
#515 = VECTOR ( 'NONE', #783, 1000.000000000000000 ) ;
#516 = EDGE_LOOP ( 'NONE', ( #1721, #1848, #1383, #382 ) ) ;
#517 = CARTESIAN_POINT ( 'NONE',  ( -0.01990190112616539025, 0.4000000000000000777, -0.1529747605940274813 ) ) ;
#518 = CARTESIAN_POINT ( 'NONE',  ( -1.538413899267247809, -5.421010862427522170E-17, -0.6801256856053046196 ) ) ;
#519 = CARTESIAN_POINT ( 'NONE',  ( 0.4482332217770583216, 0.000000000000000000, -2.020972366736603743 ) ) ;
#520 = CARTESIAN_POINT ( 'NONE',  ( -0.01990190112616539025, 0.4000000000000000222, -0.1529747605940274813 ) ) ;
#521 = EDGE_CURVE ( 'NONE', #1891, #2008, #1026, .T. ) ;
#522 = AXIS2_PLACEMENT_3D ( 'NONE', #2675, #2211, #1063 ) ;
#523 = CARTESIAN_POINT ( 'NONE',  ( -1.394846507835313831, 0.000000000000000000, 0.9179133902636706921 ) ) ;
#524 = CARTESIAN_POINT ( 'NONE',  ( 0.7546844510325120270, 0.000000000000000000, 2.299797950330249918 ) ) ;
#525 = EDGE_LOOP ( 'NONE', ( #2500, #943, #798, #2645 ) ) ;
#526 = CARTESIAN_POINT ( 'NONE',  ( -0.1523637654928110263, 0.4000000000000000222, 2.413555244290861879 ) ) ;
#527 = CARTESIAN_POINT ( 'NONE',  ( 1.368590312143095566, 0.4000000000000000222, 1.196966393760249270 ) ) ;
#528 = CARTESIAN_POINT ( 'NONE',  ( 0.6079782922283495372, 0.4000000000000000222, -0.8920395595575473235 ) ) ;
#529 = ORIENTED_EDGE ( 'NONE', *, *, #1471, .F. ) ;
#530 = CARTESIAN_POINT ( 'NONE',  ( -1.437437656313922618, 0.4000000000000000222, 1.194686315309402724 ) ) ;
#531 = CARTESIAN_POINT ( 'NONE',  ( -0.1366811918743565113, 0.4000000000000000222, -2.062901638944802940 ) ) ;
#532 = CARTESIAN_POINT ( 'NONE',  ( 0.000000000000000000, 23.00000000000000000, -4.349999999999999645 ) ) ;
#533 = DIRECTION ( 'NONE',  ( 0.000000000000000000, 0.000000000000000000, -1.000000000000000000 ) ) ;
#534 = CARTESIAN_POINT ( 'NONE',  ( 1.501540521534979966, 0.000000000000000000, -0.7377322232499037291 ) ) ;
#535 = ADVANCED_FACE ( 'NONE', ( #556 ), #2313, .F. ) ;
#536 = CARTESIAN_POINT ( 'NONE',  ( 1.180042649219598117, 0.4000000000000000222, 0.7607031525509135861 ) ) ;
#537 = CARTESIAN_POINT ( 'NONE',  ( -1.135361354923522192, 0.4000000000000000222, 0.5081668718672740503 ) ) ;
#538 = ADVANCED_FACE ( 'NONE', ( #2117 ), #2102, .F. ) ;
#539 = ORIENTED_EDGE ( 'NONE', *, *, #1397, .T. ) ;
#540 = CARTESIAN_POINT ( 'NONE',  ( -0.6704156271124570576, 0.4000000000000000777, -0.8478529168474324695 ) ) ;
#541 = CARTESIAN_POINT ( 'NONE',  ( 0.2220737101408598313, 0.4000000000000000777, -0.2928559524038553685 ) ) ;
#542 = CARTESIAN_POINT ( 'NONE',  ( 0.02099925022499248353, 0.4000000000000000222, 0.6009071350097651143 ) ) ;
#543 = ORIENTED_EDGE ( 'NONE', *, *, #1066, .T. ) ;
#544 = CARTESIAN_POINT ( 'NONE',  ( -1.439948586856617307, 0.4000000000000000222, 1.252883856280955666 ) ) ;
#545 = FACE_OUTER_BOUND ( 'NONE', #1370, .T. ) ;
#546 = CARTESIAN_POINT ( 'NONE',  ( -1.330356231893978336, 0.4000000000000000222, -0.2705426074623907828 ) ) ;
#547 = CARTESIAN_POINT ( 'NONE',  ( 1.480019468870558574, 0.4000000000000000222, -1.103919355131180335 ) ) ;
#548 = CARTESIAN_POINT ( 'NONE',  ( -0.3861219820298277816, 0.4000000000000000222, 1.707414033076273485 ) ) ;
#549 = CARTESIAN_POINT ( 'NONE',  ( 0.5439805772569443754, 0.4000000000000000222, 1.273883106505948160 ) ) ;
#550 = CARTESIAN_POINT ( 'NONE',  ( -1.159871247195219057, 0.4000000000000000222, 2.013831499106505607 ) ) ;
#551 = VECTOR ( 'NONE', #1251, 1000.000000000000000 ) ;
#552 = FILL_AREA_STYLE_COLOUR ( '', #176 ) ;
#553 = VERTEX_POINT ( 'NONE', #2340 ) ;
#554 = CARTESIAN_POINT ( 'NONE',  ( -0.9766097512721420015, 0.000000000000000000, 2.168633428461176127 ) ) ;
#555 = EDGE_CURVE ( 'NONE', #844, #1199, #2227, .T. ) ;
#556 = FACE_OUTER_BOUND ( 'NONE', #1355, .T. ) ;
#557 = CARTESIAN_POINT ( 'NONE',  ( 1.053880677908697994, -5.421010862427522170E-17, 2.123093763084305863 ) ) ;
#558 = B_SPLINE_CURVE_WITH_KNOTS ( 'NONE', 3,
 ( #2791, #770, #2572, #2201, #672, #1565, #2904, #225, #1524, #1125, #1329 ),
 .UNSPECIFIED., .F., .F.,
 ( 4, 1, 1, 1, 1, 1, 1, 1, 4 ),
 ( 0.000000000000000000, 0.1551121076743002813, 0.2991065941053578925, 0.4322427015000950279, 0.5556460887368981361, 0.6710428445712872669, 0.7810564267867041721, 0.8900830131546878521, 1.000000000000000000 ),
 .UNSPECIFIED. ) ;
#559 = EDGE_LOOP ( 'NONE', ( #2471, #92, #2385 ) ) ;
#560 = CARTESIAN_POINT ( 'NONE',  ( -0.01990190112616539025, -0.000000000000000000, -0.1529747605940274813 ) ) ;
#561 = CARTESIAN_POINT ( 'NONE',  ( -1.135361354923522192, -5.421010862427522170E-17, 0.5081668718672740503 ) ) ;
#562 = AXIS2_PLACEMENT_3D ( 'NONE', #941, #2725, #200 ) ;
#563 = CARTESIAN_POINT ( 'NONE',  ( 0.2828935852210432977, 0.000000000000000000, -2.044705977246266126 ) ) ;
#564 = CARTESIAN_POINT ( 'NONE',  ( -1.399705152094068206, -5.421010862427522170E-17, -0.3672346117929667919 ) ) ;
#565 = CARTESIAN_POINT ( 'NONE',  ( 0.02099925022499248353, 0.4000000000000000222, 0.6009071350097651143 ) ) ;
#566 = CARTESIAN_POINT ( 'NONE',  ( 1.357532961485036882, -5.421010862427522170E-17, 1.578692003449586378 ) ) ;
#567 = ORIENTED_EDGE ( 'NONE', *, *, #2600, .F. ) ;
#568 = CARTESIAN_POINT ( 'NONE',  ( 0.5426519440411391448, -5.421010862427522170E-17, 1.241021889775437481 ) ) ;
#569 = CARTESIAN_POINT ( 'NONE',  ( 1.503059518121323102, 0.4000000000000000222, -0.8747935824225114843 ) ) ;
#570 = ORIENTED_EDGE ( 'NONE', *, *, #1802, .F. ) ;
#571 = CARTESIAN_POINT ( 'NONE',  ( -0.6147233684548747412, 0.4000000000000000222, 2.334559345286322696 ) ) ;
#572 = FACE_BOUND ( 'NONE', #2835, .T. ) ;
#573 = CARTESIAN_POINT ( 'NONE',  ( 1.132496614775913679, 0.4000000000000000222, 2.050008532936696604 ) ) ;
#574 = B_SPLINE_SURFACE_WITH_KNOTS ( 'NONE', 3, 1, ( 
 ( #1247, #367 ),
 ( #1691, #2788 ),
 ( #2569, #2151 ),
 ( #125, #1265 ),
 ( #2166, #1048 ),
 ( #1945, #829 ),
 ( #2632, #610 ),
 ( #2182, #1312 ),
 ( #891, #2441 ),
 ( #1772, #1325 ),
 ( #1120, #1785 ) ),
 .UNSPECIFIED., .F., .F., .F.,
 ( 4, 1, 1, 1, 1, 1, 1, 1, 4 ),
 ( 2, 2 ),
 ( 0.000000000000000000, 0.1600287939255009839, 0.3052128595525682164, 0.4367344963722023521, 0.5587880790980832568, 0.6716139206163920239, 0.7795036924405052137, 0.8879131397074535581, 1.000000000000000000 ),
 ( 0.000000000000000000, 1.000000000000000000 ),
 .UNSPECIFIED. ) ;
#575 = VERTEX_POINT ( 'NONE', #2552 ) ;
#576 = CARTESIAN_POINT ( 'NONE',  ( 0.000000000000000000, 0.9999999999999974465, -5.049999999999999822 ) ) ;
#577 = CARTESIAN_POINT ( 'NONE',  ( -1.394846507835313831, -5.421010862427522170E-17, 0.9179133902636706921 ) ) ;
#578 = CARTESIAN_POINT ( 'NONE',  ( -1.476393215957614524, 0.000000000000000000, -1.424268136312736965 ) ) ;
#579 = CARTESIAN_POINT ( 'NONE',  ( 0.6020086515581258846, 0.000000000000000000, -1.984699222369134652 ) ) ;
#580 = CARTESIAN_POINT ( 'NONE',  ( -1.072661274730404957, -5.421010862427522170E-17, -0.03038591351774620752 ) ) ;
#581 = CARTESIAN_POINT ( 'NONE',  ( 0.6079782922283495372, 5.421010862427522170E-17, -0.8920395595575473235 ) ) ;
#582 = CARTESIAN_POINT ( 'NONE',  ( 0.8655541069393225539, -5.421010862427522170E-17, 2.248539654246168862 ) ) ;
#583 = ORIENTED_EDGE ( 'NONE', *, *, #1600, .F. ) ;
#584 = CARTESIAN_POINT ( 'NONE',  ( -1.439948586856617307, 0.000000000000000000, 1.252883856280955666 ) ) ;
#585 = CARTESIAN_POINT ( 'NONE',  ( 1.503946301828022580, 0.4000000000000000222, -0.8270418802897139265 ) ) ;
#586 = CARTESIAN_POINT ( 'NONE',  ( 1.503946301828022580, 0.4000000000000000222, -0.8270418802897139265 ) ) ;
#587 = CARTESIAN_POINT ( 'NONE',  ( -0.3335296087708565782, 0.4000000000000000777, -0.2885611658282551395 ) ) ;
#588 = CARTESIAN_POINT ( 'NONE',  ( -0.6719760071997546991, 0.4000000000000000222, -0.8860397737789780237 ) ) ;
#589 = CARTESIAN_POINT ( 'NONE',  ( -0.6378851995394680952, 0.000000000000000000, -0.6641084884841158553 ) ) ;
#590 = VERTEX_POINT ( 'NONE', #2743 ) ;
#591 = CARTESIAN_POINT ( 'NONE',  ( -1.432549455944946315, 0.4000000000000000222, 1.081389178485617997 ) ) ;
#592 = CARTESIAN_POINT ( 'NONE',  ( 1.132496614775913679, 0.4000000000000000222, 2.050008532936696604 ) ) ;
#593 = CARTESIAN_POINT ( 'NONE',  ( -1.191989444025516987, 0.4000000000000000222, -1.777706274102278883 ) ) ;
#594 = DIRECTION ( 'NONE',  ( -0.000000000000000000, -1.000000000000000000, -0.000000000000000000 ) ) ;
#595 = PRODUCT_DEFINITION_SHAPE ( 'NONE', 'NONE',  #44 ) ;
#596 = CARTESIAN_POINT ( 'NONE',  ( -1.566845482016446578, -5.421010862427522170E-17, -0.8537023869936855025 ) ) ;
#597 = DIRECTION ( 'NONE',  ( 0.000000000000000000, -1.000000000000000000, 0.000000000000000000 ) ) ;
#598 = EDGE_CURVE ( 'NONE', #1136, #794, #1987, .T. ) ;
#599 = VECTOR ( 'NONE', #1352, 1000.000000000000000 ) ;
#600 = ORIENTED_EDGE ( 'NONE', *, *, #1256, .F. ) ;
#601 = CARTESIAN_POINT ( 'NONE',  ( -1.439948586856617307, 0.4000000000000000222, 1.252883856280955666 ) ) ;
#602 = CARTESIAN_POINT ( 'NONE',  ( 0.8749511794941270404, 0.4000000000000000222, -1.884486469569117029 ) ) ;
#603 =( GEOMETRIC_REPRESENTATION_CONTEXT ( 3 ) GLOBAL_UNCERTAINTY_ASSIGNED_CONTEXT ( ( #2839 ) ) GLOBAL_UNIT_ASSIGNED_CONTEXT ( ( #716, #1834, #2174 ) ) REPRESENTATION_CONTEXT ( 'NONE', 'WORKASPACE' ) );
#604 = CARTESIAN_POINT ( 'NONE',  ( 1.501540521534979966, 0.000000000000000000, -0.7377322232499037291 ) ) ;
#605 = CARTESIAN_POINT ( 'NONE',  ( -1.564921755733318376, 0.4000000000000000222, -1.073651703586010475 ) ) ;
#606 = DIRECTION ( 'NONE',  ( -0.000000000000000000, -1.000000000000000000, -0.000000000000000000 ) ) ;
#607 = CARTESIAN_POINT ( 'NONE',  ( 0.5439805772569443754, 5.421010862427522170E-17, 1.273883106505948160 ) ) ;
#608 = EDGE_LOOP ( 'NONE', ( #2854, #2754, #9, #1804 ) ) ;
#609 = CARTESIAN_POINT ( 'NONE',  ( -0.6378851995394680952, 0.4000000000000000222, -0.6641084884841158553 ) ) ;
#610 = CARTESIAN_POINT ( 'NONE',  ( -0.5910264949317018957, 0.000000000000000000, -0.5619706249919602659 ) ) ;
#611 = CARTESIAN_POINT ( 'NONE',  ( -0.6672646771478665251, 0.4000000000000000222, -1.006004317904313883 ) ) ;
#612 = CARTESIAN_POINT ( 'NONE',  ( -1.564921755733318376, 0.000000000000000000, -1.073651703586010475 ) ) ;
#613 = CARTESIAN_POINT ( 'NONE',  ( -0.6029896541513689590, 0.4000000000000000222, 1.395676683017937680 ) ) ;
#614 = VECTOR ( 'NONE', #2212, 1000.000000000000114 ) ;
#615 = ADVANCED_FACE ( 'NONE', ( #302 ), #458, .F. ) ;
#616 = CARTESIAN_POINT ( 'NONE',  ( 0.06075743458130803548, -5.421010862427522170E-17, 0.6245882045231909707 ) ) ;
#617 = CARTESIAN_POINT ( 'NONE',  ( 0.1066814558719722666, -5.421010862427522170E-17, -2.061730461496030120 ) ) ;
#618 = ORIENTED_EDGE ( 'NONE', *, *, #2140, .F. ) ;
#619 = CARTESIAN_POINT ( 'NONE',  ( 1.150826677194491499, 0.000000000000000000, -0.05035678605928591012 ) ) ;
#620 = VECTOR ( 'NONE', #159, 1000.000000000000000 ) ;
#621 = CARTESIAN_POINT ( 'NONE',  ( 0.000000000000000000, 20.00000000000000000, 0.000000000000000000 ) ) ;
#622 = CARTESIAN_POINT ( 'NONE',  ( 0.5426519440411391448, 0.4000000000000000222, 1.241021889775437481 ) ) ;
#623 = VERTEX_POINT ( 'NONE', #1702 ) ;
#624 = CARTESIAN_POINT ( 'NONE',  ( 0.4528720391987486882, 0.000000000000000000, -1.286873300238324358 ) ) ;
#625 = B_SPLINE_SURFACE_WITH_KNOTS ( 'NONE', 3, 1, ( 
 ( #1085, #1038 ),
 ( #1070, #616 ),
 ( #1257, #1680 ),
 ( #1510, #2877 ),
 ( #374, #1273 ),
 ( #854, #1952 ),
 ( #392, #1936 ),
 ( #2862, #1988 ),
 ( #789, #2590 ),
 ( #1289, #568 ),
 ( #1460, #837 ) ),
 .UNSPECIFIED., .F., .F., .F.,
 ( 4, 1, 1, 1, 1, 1, 1, 1, 4 ),
 ( 2, 2 ),
 ( 0.000000000000000000, 0.1551121076743002813, 0.2991065941053578925, 0.4322427015000950279, 0.5556460887368981361, 0.6710428445712872669, 0.7810564267867041721, 0.8900830131546878521, 1.000000000000000000 ),
 ( 0.000000000000000000, 1.000000000000000000 ),
 .UNSPECIFIED. ) ;
#626 = CARTESIAN_POINT ( 'NONE',  ( -0.2106796061668248510, 0.000000000000000000, -0.2048111477641993972 ) ) ;
#627 = CARTESIAN_POINT ( 'NONE',  ( 6.184466335694133068E-16, 0.9999999999999974465, -5.049999999999999822 ) ) ;
#628 = CARTESIAN_POINT ( 'NONE',  ( -0.5750245291072062503, 0.000000000000000000, 1.091406178654915848 ) ) ;
#629 = CARTESIAN_POINT ( 'NONE',  ( -2.565151067676131547, 20.00000000000000000, 1.649999999999999911 ) ) ;
#630 = CARTESIAN_POINT ( 'NONE',  ( 0.000000000000000000, 20.00000000000000000, 0.000000000000000000 ) ) ;
#631 = CARTESIAN_POINT ( 'NONE',  ( 0.6027503586489265652, 0.4000000000000000222, -1.007129714757275307 ) ) ;
#632 = CARTESIAN_POINT ( 'NONE',  ( -1.297849939208917558, 0.000000000000000000, 1.828742128836348790 ) ) ;
#633 = CARTESIAN_POINT ( 'NONE',  ( 1.501327167733558676, -5.421010862427522170E-17, -0.9680775242464959573 ) ) ;
#634 = EDGE_CURVE ( 'NONE', #844, #156, #1279, .T. ) ;
#635 = ORIENTED_EDGE ( 'NONE', *, *, #2106, .F. ) ;
#636 = CARTESIAN_POINT ( 'NONE',  ( 1.373499510635327159, 0.4000000000000000222, 1.300954714097830589 ) ) ;
#637 = EDGE_CURVE ( 'NONE', #2438, #1891, #2436, .T. ) ;
#638 = DIRECTION ( 'NONE',  ( 0.000000000000000000, 1.000000000000000000, -0.000000000000000000 ) ) ;
#639 = CARTESIAN_POINT ( 'NONE',  ( -1.419322760028817632, 0.4000000000000000222, 1.500139717772842829 ) ) ;
#640 = ORIENTED_EDGE ( 'NONE', *, *, #2420, .T. ) ;
#641 = CARTESIAN_POINT ( 'NONE',  ( -1.567944016799427631, 0.000000000000000000, -0.9440377029718139967 ) ) ;
#642 = CARTESIAN_POINT ( 'NONE',  ( 0.6031708292881896583, 0.000000000000000000, -0.7746496809657799076 ) ) ;
#643 = CARTESIAN_POINT ( 'NONE',  ( -0.6703572716277040877, 0.4000000000000000222, -0.9272576194450159459 ) ) ;
#644 = DIRECTION ( 'NONE',  ( 0.000000000000000000, -1.000000000000000000, 0.000000000000000000 ) ) ;
#645 = CARTESIAN_POINT ( 'NONE',  ( -0.6999750074997446170, 0.4000000000000000222, 0.1959215949563415105 ) ) ;
#646 = CARTESIAN_POINT ( 'NONE',  ( 0.1374241454456900380, 0.000000000000000000, 0.6702530088581695189 ) ) ;
#647 = CARTESIAN_POINT ( 'NONE',  ( -1.135361354923522192, 0.000000000000000000, 0.5081668718672740503 ) ) ;
#648 = CARTESIAN_POINT ( 'NONE',  ( 1.198007939247910825, 0.000000000000000000, 1.968063720138111039 ) ) ;
#649 = CARTESIAN_POINT ( 'NONE',  ( 1.501540521534979966, 0.4000000000000000222, -0.7377322232499037291 ) ) ;
#650 = B_SPLINE_CURVE_WITH_KNOTS ( 'NONE', 3,
 ( #1686, #1499, #2833, #2643, #1719, #2866, #2612, #2421, #2178, #1293, #2882, #170, #2595, #2402, #2147, #380, #1044, #1753, #1940 ),
 .UNSPECIFIED., .F., .F.,
 ( 4, 1, 1, 1, 1, 1, 1, 1, 1, 1, 1, 1, 1, 1, 1, 1, 4 ),
 ( 0.000000000000000000, 0.06024154434176438866, 0.1181361561437235808, 0.1743306221830834835, 0.2293441248101640573, 0.2840137640919032092, 0.3384199535373434431, 0.3928983066006920821, 0.4485306532461006412, 0.5060517977224238129, 0.5661833049414335406, 0.6287285985730345361, 0.6945137632296567443, 0.7645004946290925307, 0.8385005335306517926, 0.9165750233227022425, 1.000000000000000000 ),
 .UNSPECIFIED. ) ;
#651 = CARTESIAN_POINT ( 'NONE',  ( 0.8004263438049475932, 0.4000000000000000222, 0.3937725042689723676 ) ) ;
#652 = CARTESIAN_POINT ( 'NONE',  ( 0.5423508460412955756, 5.421010862427522170E-17, 1.311060321360653091 ) ) ;
#653 = ORIENTED_EDGE ( 'NONE', *, *, #1887, .T. ) ;
#654 = EDGE_CURVE ( 'NONE', #1087, #2563, #650, .T. ) ;
#655 = LINE ( 'NONE', #2915, #991 ) ;
#656 = CARTESIAN_POINT ( 'NONE',  ( -0.6719760071997546991, 0.000000000000000000, -0.8860397737789780237 ) ) ;
#657 = CARTESIAN_POINT ( 'NONE',  ( -1.091743597664720511, 0.000000000000000000, -1.844842441328946370 ) ) ;
#658 = CARTESIAN_POINT ( 'NONE',  ( -0.6999750074997446170, 0.4000000000000000222, 0.1959215949563415105 ) ) ;
#659 = FILL_AREA_STYLE ('',( #2706 ) ) ;
#660 = CARTESIAN_POINT ( 'NONE',  ( 0.06075743458130803548, -0.000000000000000000, 0.6245882045231909707 ) ) ;
#661 = CARTESIAN_POINT ( 'NONE',  ( -1.567944016799427631, 0.000000000000000000, -0.9440377029718139967 ) ) ;
#662 = CARTESIAN_POINT ( 'NONE',  ( -0.2597061308006856084, 0.4000000000000000222, 0.7598591295988326166 ) ) ;
#663 = FACE_OUTER_BOUND ( 'NONE', #1416, .T. ) ;
#664 = CARTESIAN_POINT ( 'NONE',  ( 1.180042649219598117, 0.4000000000000000222, 0.7607031525509135861 ) ) ;
#665 = CARTESIAN_POINT ( 'NONE',  ( 0.1889275356288384056, 0.4000000000000000222, 2.412981102211073203 ) ) ;
#666 = ORIENTED_EDGE ( 'NONE', *, *, #2320, .T. ) ;
#667 = CARTESIAN_POINT ( 'NONE',  ( 0.000000000000000000, 1.999999999999998224, -3.049999999999999822 ) ) ;
#668 = CARTESIAN_POINT ( 'NONE',  ( -1.567944016799427631, 0.4000000000000000222, -0.9440377029718139967 ) ) ;
#669 = EDGE_CURVE ( 'NONE', #1618, #1958, #2906, .T. ) ;
#670 = CARTESIAN_POINT ( 'NONE',  ( -1.476393215957614524, 0.4000000000000000222, -1.424268136312736965 ) ) ;
#671 = DIRECTION ( 'NONE',  ( 0.000000000000000000, 1.000000000000000000, -0.000000000000000000 ) ) ;
#672 = CARTESIAN_POINT ( 'NONE',  ( 0.3324814563097387432, 0.4000000000000000222, 0.8242394864603436178 ) ) ;
#673 = B_SPLINE_SURFACE_WITH_KNOTS ( 'NONE', 3, 1, ( 
 ( #474, #2684 ),
 ( #2269, #1823 ),
 ( #665, #485 ),
 ( #2208, #1089 ),
 ( #1559, #873 ),
 ( #2466, #1769 ),
 ( #443, #1019 ),
 ( #2283, #582 ),
 ( #1696, #341 ),
 ( #2126, #1206 ),
 ( #1441, #1036 ),
 ( #1888, #130 ),
 ( #2606, #260 ),
 ( #357, #2061 ),
 ( #1254, #1835 ),
 ( #1918, #566 ),
 ( #1458, #2806 ),
 ( #1475, #2740 ),
 ( #2348, #1006 ) ),
 .UNSPECIFIED., .F., .F., .F.,
 ( 4, 1, 1, 1, 1, 1, 1, 1, 1, 1, 1, 1, 1, 1, 1, 1, 4 ),
 ( 2, 2 ),
 ( 0.000000000000000000, 0.08839591966342984219, 0.1704274833095095754, 0.2465011802907305649, 0.3171098247769649214, 0.3830098892388538734, 0.4454003687728356753, 0.5040027465178822386, 0.5604927099595381490, 0.6146847409890834335, 0.6680497345011179311, 0.7208940335537912247, 0.7743664603606301711, 0.8284790079355900394, 0.8834903853426658848, 0.9406984752297121721, 1.000000000000000000 ),
 ( 0.000000000000000000, 1.000000000000000000 ),
 .UNSPECIFIED. ) ;
#674 = CARTESIAN_POINT ( 'NONE',  ( -1.399705152094068206, 0.000000000000000000, -0.3672346117929667919 ) ) ;
#675 = CARTESIAN_POINT ( 'NONE',  ( 1.053880677908697994, 0.000000000000000000, 2.123093763084305863 ) ) ;
#676 = CARTESIAN_POINT ( 'NONE',  ( 0.02746577526431996652, 0.4000000000000000222, -1.422452239280749930 ) ) ;
#677 = CARTESIAN_POINT ( 'NONE',  ( 1.472702756345575903, 0.000000000000000000, -0.5661966073361254237 ) ) ;
#678 = CARTESIAN_POINT ( 'NONE',  ( 0.6359772925283394551, 0.000000000000000000, 0.2959180245991621661 ) ) ;
#679 = ORIENTED_EDGE ( 'NONE', *, *, #521, .T. ) ;
#680 = CARTESIAN_POINT ( 'NONE',  ( 1.375950871885212479, 0.000000000000000000, 1.352880285923776293 ) ) ;
#681 = CARTESIAN_POINT ( 'NONE',  ( -1.517867507986575104, 0.4000000000000000222, -1.315150078973171599 ) ) ;
#682 = CARTESIAN_POINT ( 'NONE',  ( 1.346389639794323356, -5.421010862427522170E-17, -1.463796882099786867 ) ) ;
#683 = ORIENTED_EDGE ( 'NONE', *, *, #831, .T. ) ;
#684 = CARTESIAN_POINT ( 'NONE',  ( -0.2597061308006856084, 0.4000000000000000222, 0.7598591295988326166 ) ) ;
#685 = PRESENTATION_STYLE_ASSIGNMENT (( #2666 ) ) ;
#686 = LINE ( 'NONE', #1580, #1684 ) ;
#687 = CARTESIAN_POINT ( 'NONE',  ( 0.01999928592856417553, 0.000000000000000000, 2.415842333026959832 ) ) ;
#688 = ADVANCED_FACE ( 'NONE', ( #572, #2658, #154 ), #2369, .T. ) ;
#689 = CARTESIAN_POINT ( 'NONE',  ( 0.6359772925283394551, 0.4000000000000000222, 0.2959180245991621661 ) ) ;
#690 = CARTESIAN_POINT ( 'NONE',  ( -0.6719760071997546991, 0.4000000000000000222, -0.8860397737789780237 ) ) ;
#691 = CARTESIAN_POINT ( 'NONE',  ( 0.2157050395334451365, 0.4000000000000000777, 1.745831804434919032 ) ) ;
#692 = EDGE_LOOP ( 'NONE', ( #1862, #1545, #2189, #2087 ) ) ;
#693 = B_SPLINE_SURFACE_WITH_KNOTS ( 'NONE', 3, 1, ( 
 ( #1732, #1109 ),
 ( #1986, #2891 ),
 ( #1509, #2001 ),
 ( #1968, #2652 ),
 ( #2413, #196 ),
 ( #2395, #2679 ),
 ( #881, #423 ),
 ( #182, #390 ),
 ( #631, #2014 ),
 ( #2905, #1084 ),
 ( #1776, #867 ) ),
 .UNSPECIFIED., .F., .F., .F.,
 ( 4, 1, 1, 1, 1, 1, 1, 1, 4 ),
 ( 2, 2 ),
 ( 0.000000000000000000, 0.1580800013089742329, 0.2973325681540604504, 0.4226526225325380470, 0.5374198629468424082, 0.6484468294307172975, 0.7586362711459817554, 0.8737446915029239980, 1.000000000000000000 ),
 ( 0.000000000000000000, 1.000000000000000000 ),
 .UNSPECIFIED. ) ;
#694 = CARTESIAN_POINT ( 'NONE',  ( -1.419322760028817632, 0.000000000000000000, 1.500139717772842829 ) ) ;
#695 = CARTESIAN_POINT ( 'NONE',  ( -1.297849939208917558, 0.4000000000000000222, 1.828742128836348790 ) ) ;
#696 = CARTESIAN_POINT ( 'NONE',  ( 0.5423508460412955756, 0.000000000000000000, 1.311060321360653091 ) ) ;
#697 = ORIENTED_EDGE ( 'NONE', *, *, #315, .T. ) ;
#698 = VECTOR ( 'NONE', #2828, 1000.000000000000000 ) ;
#699 = CARTESIAN_POINT ( 'NONE',  ( -0.6999750074997446170, 0.000000000000000000, 0.1959215949563415105 ) ) ;
#700 = FACE_OUTER_BOUND ( 'NONE', #1131, .T. ) ;
#701 = CARTESIAN_POINT ( 'NONE',  ( -0.2597061308006856084, 0.000000000000000000, 0.7598591295988326166 ) ) ;
#702 = EDGE_CURVE ( 'NONE', #2577, #2371, #2307, .T. ) ;
#703 = CARTESIAN_POINT ( 'NONE',  ( 1.368590312143095566, 0.000000000000000000, 1.196966393760249270 ) ) ;
#704 = FACE_OUTER_BOUND ( 'NONE', #1969, .T. ) ;
#705 = CARTESIAN_POINT ( 'NONE',  ( -0.8604348597266531229, -5.421010862427522170E-17, 0.2899696629325226871 ) ) ;
#706 = CARTESIAN_POINT ( 'NONE',  ( 0.5392231949186097051, 0.4000000000000000777, 1.382407888776762572 ) ) ;
#707 = ORIENTED_EDGE ( 'NONE', *, *, #555, .T. ) ;
#708 = CARTESIAN_POINT ( 'NONE',  ( 0.5185231090490310946, 0.000000000000000000, -0.5605027395380078881 ) ) ;
#709 = CARTESIAN_POINT ( 'NONE',  ( -1.566916306630182110, 0.000000000000000000, -0.9881125276126976331 ) ) ;
#710 = CARTESIAN_POINT ( 'NONE',  ( -1.357486624065476377, 0.4000000000000000222, -1.617506711908638151 ) ) ;
#711 = VERTEX_POINT ( 'NONE', #1261 ) ;
#712 = CARTESIAN_POINT ( 'NONE',  ( -0.5750245291072062503, 0.4000000000000000222, 1.091406178654915848 ) ) ;
#713 = CARTESIAN_POINT ( 'NONE',  ( -1.330356231893978336, 0.4000000000000000222, -0.2705426074623907828 ) ) ;
#714 = CARTESIAN_POINT ( 'NONE',  ( 0.6031708292881896583, 0.4000000000000000222, -0.7746496809657799076 ) ) ;
#715 = CARTESIAN_POINT ( 'NONE',  ( -0.5107003537661052306, 0.4000000000000000222, -1.290773019872018201 ) ) ;
#716 =( LENGTH_UNIT ( ) NAMED_UNIT ( * ) SI_UNIT ( .MILLI., .METRE. ) );
#717 = CARTESIAN_POINT ( 'NONE',  ( 1.501540521534979966, 0.000000000000000000, -0.7377322232499037291 ) ) ;
#718 = EDGE_CURVE ( 'NONE', #1394, #890, #105, .T. ) ;
#719 = ORIENTED_EDGE ( 'NONE', *, *, #1043, .F. ) ;
#720 = FACE_BOUND ( 'NONE', #1700, .T. ) ;
#721 = EDGE_CURVE ( 'NONE', #2772, #1430, #911, .T. ) ;
#722 = CARTESIAN_POINT ( 'NONE',  ( 0.3428720228116135527, 0.4000000000000000777, -0.3772314806557360289 ) ) ;
#723 = CARTESIAN_POINT ( 'NONE',  ( 1.503946301828022580, 0.4000000000000000222, -0.8270418802897139265 ) ) ;
#724 = ORIENTED_EDGE ( 'NONE', *, *, #1748, .F. ) ;
#725 = CARTESIAN_POINT ( 'NONE',  ( -0.8967015425104619686, 0.000000000000000000, 0.08923791705276033770 ) ) ;
#726 = CARTESIAN_POINT ( 'NONE',  ( -0.6999750074997446170, -5.421010862427522170E-17, 0.1959215949563415105 ) ) ;
#727 = CARTESIAN_POINT ( 'NONE',  ( -0.07399735793568706921, 0.4000000000000000777, -0.1250669441971127005 ) ) ;
#728 = CARTESIAN_POINT ( 'NONE',  ( -0.1268284912854910074, 0.000000000000000000, 0.6812554027255662836 ) ) ;
#729 = B_SPLINE_CURVE_WITH_KNOTS ( 'NONE', 3,
 ( #1358, #2936, #242, #2474, #2907, #2247, #13, #882, #2680, #197, #1139 ),
 .UNSPECIFIED., .F., .F.,
 ( 4, 1, 1, 1, 1, 1, 1, 1, 4 ),
 ( 0.000000000000000000, 0.1585961183910913064, 0.2986623556385280542, 0.4232423639721589748, 0.5377621940837706838, 0.6483039324476275178, 0.7574370395045032511, 0.8740749222924355522, 0.9999999999999998890 ),
 .UNSPECIFIED. ) ;
#730 = CARTESIAN_POINT ( 'NONE',  ( -0.9766097512721420015, 0.4000000000000000222, 2.168633428461176127 ) ) ;
#731 = CARTESIAN_POINT ( 'NONE',  ( -0.6079782922283495372, 0.000000000000000000, 1.290882499545227713 ) ) ;
#732 = CARTESIAN_POINT ( 'NONE',  ( -1.331989475509270049, -5.421010862427522170E-17, 0.7681846941010778140 ) ) ;
#733 = ORIENTED_EDGE ( 'NONE', *, *, #1600, .T. ) ;
#734 = CARTESIAN_POINT ( 'NONE',  ( -1.390064163708334855, 0.000000000000000000, 1.615638646249138777 ) ) ;
#735 = AXIS2_PLACEMENT_3D ( 'NONE', #2769, #2730, #1133 ) ;
#736 = CARTESIAN_POINT ( 'NONE',  ( 0.08263551419288560351, 0.000000000000000000, -0.2058737567262605983 ) ) ;
#737 = CARTESIAN_POINT ( 'NONE',  ( 0.6079782922283495372, 0.4000000000000000222, -0.8920395595575473235 ) ) ;
#738 = ADVANCED_FACE ( 'NONE', ( #1143 ), #2463, .T. ) ;
#739 = ORIENTED_EDGE ( 'NONE', *, *, #1233, .F. ) ;
#740 = CARTESIAN_POINT ( 'NONE',  ( -0.1268284912854910074, 0.4000000000000000222, 0.6812554027255662836 ) ) ;
#741 = CARTESIAN_POINT ( 'NONE',  ( -0.8967015425104619686, -5.421010862427522170E-17, 0.08923791705276033770 ) ) ;
#742 = AXIS2_PLACEMENT_3D ( 'NONE', #163, #340, #1236 ) ;
#743 = CARTESIAN_POINT ( 'NONE',  ( 1.480019468870558574, 0.000000000000000000, -1.103919355131180335 ) ) ;
#744 = CARTESIAN_POINT ( 'NONE',  ( -0.4595595781102480570, 0.000000000000000000, 0.9169381923026329595 ) ) ;
#745 = CARTESIAN_POINT ( 'NONE',  ( 1.375950871885212701, 0.4000000000000000222, 1.352880285923776515 ) ) ;
#746 = CARTESIAN_POINT ( 'NONE',  ( 1.375057805339863437, -0.000000000000000000, 1.391603913517173829 ) ) ;
#747 = ORIENTED_EDGE ( 'NONE', *, *, #1233, .T. ) ;
#748 = CARTESIAN_POINT ( 'NONE',  ( -0.4384487974094471996, 0.4000000000000000777, -0.3748691557676007147 ) ) ;
#749 = CARTESIAN_POINT ( 'NONE',  ( 0.2507443145143440355, 0.4000000000000000222, -1.393711620953622443 ) ) ;
#750 = CARTESIAN_POINT ( 'NONE',  ( 0.1889275356288384056, -5.421010862427522170E-17, 2.412981102211073203 ) ) ;
#751 = ORIENTED_EDGE ( 'NONE', *, *, #2724, .T. ) ;
#752 = CARTESIAN_POINT ( 'NONE',  ( -0.4159170715575069011, 0.000000000000000000, -1.350953696270767557 ) ) ;
#753 = CARTESIAN_POINT ( 'NONE',  ( -1.483383555952318744, 0.4000000000000000222, -0.5177218696579892754 ) ) ;
#754 = EDGE_CURVE ( 'NONE', #590, #1714, #1962, .T. ) ;
#755 = CARTESIAN_POINT ( 'NONE',  ( 6.184466335694133068E-16, 0.9999999999999974465, 5.049999999999999822 ) ) ;
#756 = CARTESIAN_POINT ( 'NONE',  ( -1.567944016799427631, 0.4000000000000000222, -0.9440377029718139967 ) ) ;
#757 = AXIS2_PLACEMENT_3D ( 'NONE', #630, #850, #2692 ) ;
#758 = CARTESIAN_POINT ( 'NONE',  ( 0.6359772925283394551, 0.4000000000000000222, 0.2959180245991621661 ) ) ;
#759 = CARTESIAN_POINT ( 'NONE',  ( -1.438746904574933039, 0.4000000000000000222, 1.295268748352550681 ) ) ;
#760 = CARTESIAN_POINT ( 'NONE',  ( -1.439948586856617307, 0.4000000000000000222, 1.252883856280955666 ) ) ;
#761 = VERTEX_POINT ( 'NONE', #1601 ) ;
#762 = CARTESIAN_POINT ( 'NONE',  ( -0.9766097512721420015, 0.4000000000000000222, 2.168633428461176127 ) ) ;
#763 = CARTESIAN_POINT ( 'NONE',  ( 0.6031708292881896583, 0.4000000000000000777, -0.7746496809657799076 ) ) ;
#764 = CARTESIAN_POINT ( 'NONE',  ( 0.01999928592856417553, -5.421010862427522170E-17, 2.415842333026959832 ) ) ;
#765 = EDGE_LOOP ( 'NONE', ( #1171, #2511, #173, #739, #570, #1798, #1390, #853 ) ) ;
#766 = CARTESIAN_POINT ( 'NONE',  ( 1.503946301828022580, 0.4000000000000000222, -0.8270418802897139265 ) ) ;
#767 = CARTESIAN_POINT ( 'NONE',  ( 1.375950871885212479, 0.4000000000000000222, 1.352880285923776293 ) ) ;
#768 = CARTESIAN_POINT ( 'NONE',  ( 1.437053486703623983, 0.000000000000000000, -0.4587462474296751247 ) ) ;
#769 = CARTESIAN_POINT ( 'NONE',  ( 0.7440882139549332974, 0.4000000000000000222, -1.938781977994613603 ) ) ;
#770 = CARTESIAN_POINT ( 'NONE',  ( 0.06075743458130803548, 0.4000000000000000222, 0.6245882045231909707 ) ) ;
#771 = CARTESIAN_POINT ( 'NONE',  ( 0.8275033032931372601, 0.000000000000000000, 0.1915557674127215115 ) ) ;
#772 = ADVANCED_FACE ( 'NONE', ( #1781 ), #673, .T. ) ;
#773 = CARTESIAN_POINT ( 'NONE',  ( 0.6359772925283394551, 0.4000000000000000222, 0.2959180245991621661 ) ) ;
#774 = CARTESIAN_POINT ( 'NONE',  ( -1.432549455944946315, 0.4000000000000000222, 1.081389178485617997 ) ) ;
#775 = EDGE_LOOP ( 'NONE', ( #280, #2210, #1010, #1771, #2336, #88, #965, #1476 ) ) ;
#776 = CARTESIAN_POINT ( 'NONE',  ( -1.567944016799427631, 0.4000000000000000222, -0.9440377029718139967 ) ) ;
#777 = CARTESIAN_POINT ( 'NONE',  ( -0.07278244444641318589, -0.000000000000000000, -1.422430769530645733 ) ) ;
#778 = B_SPLINE_CURVE_WITH_KNOTS ( 'NONE', 3,
 ( #1438, #1218, #96, #1898, #2443, #1982, #419, #864, #657, #179, #1314, #2677, #1327, #2664, #1506, #1551, #612, #2213, #1930 ),
 .UNSPECIFIED., .F., .F.,
 ( 4, 1, 1, 1, 1, 1, 1, 1, 1, 1, 1, 1, 1, 1, 1, 1, 4 ),
 ( 0.000000000000000000, 0.08452255404608126355, 0.1640571096661349870, 0.2389534905332945380, 0.3090416517698260090, 0.3747340365544375995, 0.4369676580754859319, 0.4960819482658066493, 0.5528977872137931238, 0.6074735330254281696, 0.6609419582370559265, 0.7141116223017772713, 0.7675321077793779700, 0.8220588444552031637, 0.8789550134395774927, 0.9376304892395358470, 1.000000000000000000 ),
 .UNSPECIFIED. ) ;
#779 = CARTESIAN_POINT ( 'NONE',  ( 0.9662501175068936021, -5.421010862427522170E-17, 2.190746949478813210 ) ) ;
#780 = ORIENTED_EDGE ( 'NONE', *, *, #1345, .T. ) ;
#781 = CARTESIAN_POINT ( 'NONE',  ( -0.07278244444641318589, -0.000000000000000000, -1.422430769530645733 ) ) ;
#782 = CARTESIAN_POINT ( 'NONE',  ( -1.439948586856617307, 0.4000000000000000222, 1.252883856280955666 ) ) ;
#783 = DIRECTION ( 'NONE',  ( -1.000000000000000000, 0.000000000000000000, 0.000000000000000000 ) ) ;
#784 = CARTESIAN_POINT ( 'NONE',  ( -1.483383555952318744, 0.4000000000000000222, -0.5177218696579892754 ) ) ;
#785 = B_SPLINE_CURVE_WITH_KNOTS ( 'NONE', 3,
 ( #2426, #1981, #403, #192, #1299, #2887, #1313, #877, #2197, #145, #1998, #2167, #863, #578, #1759, #2602, #1505, #177, #1079 ),
 .UNSPECIFIED., .F., .F.,
 ( 4, 1, 1, 1, 1, 1, 1, 1, 1, 1, 1, 1, 1, 1, 1, 1, 4 ),
 ( 0.000000000000000000, 0.08452255404608126355, 0.1640571096661349870, 0.2389534905332945380, 0.3090416517698260090, 0.3747340365544375995, 0.4369676580754859319, 0.4960819482658066493, 0.5528977872137931238, 0.6074735330254281696, 0.6609419582370559265, 0.7141116223017772713, 0.7675321077793779700, 0.8220588444552031637, 0.8789550134395774927, 0.9376304892395358470, 1.000000000000000000 ),
 .UNSPECIFIED. ) ;
#786 = CARTESIAN_POINT ( 'NONE',  ( -0.6062735024594276823, 0.4000000000000000222, 1.326694288067464145 ) ) ;
#787 = CARTESIAN_POINT ( 'NONE',  ( 1.472702756345575903, 0.000000000000000000, -0.5661966073361254237 ) ) ;
#788 = ORIENTED_EDGE ( 'NONE', *, *, #315, .F. ) ;
#789 = CARTESIAN_POINT ( 'NONE',  ( 0.5400054404195678837, 0.4000000000000000222, 1.175565653959586232 ) ) ;
#790 = STYLED_ITEM ( 'NONE', ( #298 ), #1856 ) ;
#791 = CARTESIAN_POINT ( 'NONE',  ( 1.480019468870558574, 0.000000000000000000, -1.103919355131180335 ) ) ;
#792 = EDGE_CURVE ( 'NONE', #234, #995, #2363, .T. ) ;
#793 = B_SPLINE_CURVE_WITH_KNOTS ( 'NONE', 3,
 ( #1595, #27, #256, #1831, #1609, #2519, #494, #1386, #1004, #1729, #581 ),
 .UNSPECIFIED., .F., .F.,
 ( 4, 1, 1, 1, 1, 1, 1, 1, 4 ),
 ( 0.000000000000000000, 0.1580800013089742329, 0.2973325681540604504, 0.4226526225325380470, 0.5374198629468424082, 0.6484468294307172975, 0.7586362711459817554, 0.8737446915029239980, 1.000000000000000000 ),
 .UNSPECIFIED. ) ;
#794 = VERTEX_POINT ( 'NONE', #758 ) ;
#795 = CARTESIAN_POINT ( 'NONE',  ( -0.5910264949317018957, 0.000000000000000000, -0.5619706249919602659 ) ) ;
#796 = CARTESIAN_POINT ( 'NONE',  ( 0.3493386106350724885, 0.4000000000000000222, 2.399136368894705829 ) ) ;
#797 = CARTESIAN_POINT ( 'NONE',  ( -0.03699867896784364563, 0.000000000000000000, 1.775865183312907991 ) ) ;
#798 = ORIENTED_EDGE ( 'NONE', *, *, #1832, .T. ) ;
#799 = CARTESIAN_POINT ( 'NONE',  ( -1.331989475509270049, 0.4000000000000000222, 0.7681846941010778140 ) ) ;
#800 = FACE_OUTER_BOUND ( 'NONE', #2194, .T. ) ;
#801 = CARTESIAN_POINT ( 'NONE',  ( 1.503946301828022580, 0.000000000000000000, -0.8270418802897139265 ) ) ;
#802 = CARTESIAN_POINT ( 'NONE',  ( 1.503946301828022580, 0.4000000000000000222, -0.8270418802897139265 ) ) ;
#803 = CARTESIAN_POINT ( 'NONE',  ( -0.6719760071997546991, 0.4000000000000000222, -0.8860397737789780237 ) ) ;
#804 = CARTESIAN_POINT ( 'NONE',  ( 0.7012828638470128828, 0.4000000000000000222, 0.2603331095139913010 ) ) ;
#805 = ORIENTED_EDGE ( 'NONE', *, *, #1903, .T. ) ;
#806 = CARTESIAN_POINT ( 'NONE',  ( -0.07399735793568706921, 0.4000000000000000222, -0.1250669441971127005 ) ) ;
#807 = CARTESIAN_POINT ( 'NONE',  ( 0.1066814558719722666, 0.4000000000000000222, -2.061730461496030120 ) ) ;
#808 = ORIENTED_EDGE ( 'NONE', *, *, #321, .F. ) ;
#809 = CARTESIAN_POINT ( 'NONE',  ( 1.503946301828022580, 0.000000000000000000, -0.8270418802897139265 ) ) ;
#810 = DIRECTION ( 'NONE',  ( 0.000000000000000000, -1.000000000000000000, -0.000000000000000000 ) ) ;
#811 = CARTESIAN_POINT ( 'NONE',  ( -0.4384487974094471996, 0.000000000000000000, -0.3748691557676007147 ) ) ;
#812 = ORIENTED_EDGE ( 'NONE', *, *, #521, .F. ) ;
#813 = CARTESIAN_POINT ( 'NONE',  ( 0.000000000000000000, 23.00000000000000000, 0.000000000000000000 ) ) ;
#814 = EDGE_CURVE ( 'NONE', #1324, #2768, #2141, .T. ) ;
#815 = CARTESIAN_POINT ( 'NONE',  ( 1.053880677908697994, 0.4000000000000000222, 2.123093763084305863 ) ) ;
#816 = CARTESIAN_POINT ( 'NONE',  ( -0.9797400848408628349, 0.000000000000000000, -1.902633341112491383 ) ) ;
#817 = CARTESIAN_POINT ( 'NONE',  ( -0.3701029854784829154, 0.4000000000000000222, 0.8376056590769316301 ) ) ;
#818 = CARTESIAN_POINT ( 'NONE',  ( 0.2828935852210432977, 0.4000000000000000222, -2.044705977246266126 ) ) ;
#819 = FACE_OUTER_BOUND ( 'NONE', #2914, .T. ) ;
#820 = CARTESIAN_POINT ( 'NONE',  ( 1.437053486703623983, 0.000000000000000000, -0.4587462474296751247 ) ) ;
#821 = CARTESIAN_POINT ( 'NONE',  ( -0.3173580954118367381, 0.000000000000000000, 2.396804838086674661 ) ) ;
#822 = CARTESIAN_POINT ( 'NONE',  ( 1.194144312361261173, -5.421010862427522170E-17, -1.660167972451590757 ) ) ;
#823 = VERTEX_POINT ( 'NONE', #549 ) ;
#824 = CARTESIAN_POINT ( 'NONE',  ( -0.2525268968764525779, 0.000000000000000000, -2.060774170520213833 ) ) ;
#825 = CARTESIAN_POINT ( 'NONE',  ( 0.4482332217770583216, 0.4000000000000000222, -2.020972366736603743 ) ) ;
#826 = CARTESIAN_POINT ( 'NONE',  ( -0.1210118399192654653, -0.000000000000000000, -0.1524964931723358785 ) ) ;
#827 = ORIENTED_EDGE ( 'NONE', *, *, #2707, .F. ) ;
#828 = CARTESIAN_POINT ( 'NONE',  ( -0.6673460608248429349, 0.4000000000000000222, -0.7727320603194487436 ) ) ;
#829 = CARTESIAN_POINT ( 'NONE',  ( -0.5243499483971389985, 0.000000000000000000, -0.4656647986112716908 ) ) ;
#830 = CARTESIAN_POINT ( 'NONE',  ( -0.07699725082497177464, 0.000000000000000000, -2.063997714971405273 ) ) ;
#831 = EDGE_CURVE ( 'NONE', #1041, #1642, #1713, .T. ) ;
#832 = CARTESIAN_POINT ( 'NONE',  ( 0.6359772925283394551, 0.000000000000000000, 0.2959180245991621661 ) ) ;
#833 = CARTESIAN_POINT ( 'NONE',  ( 0.6020086515581258846, 0.4000000000000000222, -1.984699222369134652 ) ) ;
#834 = CARTESIAN_POINT ( 'NONE',  ( -0.4384487974094471996, 0.4000000000000000222, -0.3748691557676007147 ) ) ;
#835 = B_SPLINE_CURVE_WITH_KNOTS ( 'NONE', 3,
 ( #2836, #2615, #366, #1264, #2165, #2555, #1672, #305, #1200, #845, #1822 ),
 .UNSPECIFIED., .F., .F.,
 ( 4, 1, 1, 1, 1, 1, 1, 1, 4 ),
 ( 0.000000000000000000, 0.1585961183910913064, 0.2986623556385280542, 0.4232423639721589748, 0.5377621940837706838, 0.6483039324476275178, 0.7574370395045032511, 0.8740749222924355522, 0.9999999999999998890 ),
 .UNSPECIFIED. ) ;
#836 = FACE_OUTER_BOUND ( 'NONE', #444, .T. ) ;
#837 = CARTESIAN_POINT ( 'NONE',  ( 0.5439805772569444864, -5.421010862427522170E-17, 1.273883106505948382 ) ) ;
#838 = CARTESIAN_POINT ( 'NONE',  ( 1.346389639794323356, 0.4000000000000000222, -1.463796882099786867 ) ) ;
#839 = AXIS2_PLACEMENT_3D ( 'NONE', #434, #1328, #2200 ) ;
#840 = EDGE_LOOP ( 'NONE', ( #344, #2104, #58, #1484 ) ) ;
#841 = CARTESIAN_POINT ( 'NONE',  ( -0.9797400848408628349, 0.4000000000000000222, -1.902633341112491383 ) ) ;
#842 = CARTESIAN_POINT ( 'NONE',  ( 1.236979913037135725, 0.4000000000000000222, -0.1449580777392820707 ) ) ;
#843 = CARTESIAN_POINT ( 'NONE',  ( 0.5400054404195678837, 0.4000000000000000222, 1.175565653959586232 ) ) ;
#844 = VERTEX_POINT ( 'NONE', #113 ) ;
#845 = CARTESIAN_POINT ( 'NONE',  ( -0.6062735024594276823, -0.000000000000000000, 1.326694288067464145 ) ) ;
#846 = CARTESIAN_POINT ( 'NONE',  ( 1.180042649219598117, 0.000000000000000000, 0.7607031525509135861 ) ) ;
#847 = CARTESIAN_POINT ( 'NONE',  ( -1.281241428325084808, 0.4000000000000000222, -1.702460893113681317 ) ) ;
#848 = CARTESIAN_POINT ( 'NONE',  ( -1.191989444025516987, 0.4000000000000000222, -1.777706274102278883 ) ) ;
#849 = CARTESIAN_POINT ( 'NONE',  ( 0.2507443145143440355, 0.000000000000000000, -1.393711620953622443 ) ) ;
#850 = DIRECTION ( 'NONE',  ( 0.000000000000000000, 1.000000000000000000, -0.000000000000000000 ) ) ;
#851 = ADVANCED_FACE ( 'NONE', ( #2111 ), #384, .F. ) ;
#852 = CARTESIAN_POINT ( 'NONE',  ( 0.02099925022499248353, 0.000000000000000000, 0.6009071350097651143 ) ) ;
#853 = ORIENTED_EDGE ( 'NONE', *, *, #1363, .F. ) ;
#854 = CARTESIAN_POINT ( 'NONE',  ( 0.4079173584646437201, 0.4000000000000000222, 0.9057640848510416509 ) ) ;
#855 = ADVANCED_FACE ( 'NONE', ( #836 ), #693, .T. ) ;
#856 = ORIENTED_EDGE ( 'NONE', *, *, #1963, .F. ) ;
#857 = CARTESIAN_POINT ( 'NONE',  ( -0.1366811918743565113, 0.4000000000000000222, -2.062901638944802940 ) ) ;
#858 = CARTESIAN_POINT ( 'NONE',  ( -0.02199921452142035438, 0.4000000000000000222, -1.424020565257352988 ) ) ;
#859 = CARTESIAN_POINT ( 'NONE',  ( 1.501540521534979966, 0.4000000000000000222, -0.7377322232499037291 ) ) ;
#860 = ORIENTED_EDGE ( 'NONE', *, *, #1297, .T. ) ;
#861 = CARTESIAN_POINT ( 'NONE',  ( -0.6063444134277176101, -0.000000000000000000, 1.256365044718809720 ) ) ;
#862 = LINE ( 'NONE', #1997, #620 ) ;
#863 = CARTESIAN_POINT ( 'NONE',  ( -1.423177211381425611, 0.000000000000000000, -1.525187584148822495 ) ) ;
#864 = CARTESIAN_POINT ( 'NONE',  ( -0.9797400848408628349, 0.000000000000000000, -1.902633341112491383 ) ) ;
#865 = CARTESIAN_POINT ( 'NONE',  ( 0.5185231090490310946, 0.4000000000000000777, -0.5605027395380078881 ) ) ;
#866 = CARTESIAN_POINT ( 'NONE',  ( -0.5107003537661052306, 0.4000000000000000222, -1.290773019872018201 ) ) ;
#867 = CARTESIAN_POINT ( 'NONE',  ( 0.6079782922283495372, 0.000000000000000000, -0.8920395595575473235 ) ) ;
#868 = CARTESIAN_POINT ( 'NONE',  ( -1.330356231893978336, 0.000000000000000000, -0.2705426074623907828 ) ) ;
#869 = LINE ( 'NONE', #425, #1071 ) ;
#870 = EDGE_CURVE ( 'NONE', #78, #575, #2638, .T. ) ;
#871 = EDGE_LOOP ( 'NONE', ( #2187, #348, #955, #1548, #733, #2062, #1895, #1028 ) ) ;
#872 = CARTESIAN_POINT ( 'NONE',  ( -1.423177211381425611, 0.4000000000000000222, -1.525187584148822495 ) ) ;
#873 = CARTESIAN_POINT ( 'NONE',  ( 0.4969477264321552901, -5.421010862427522170E-17, 2.375764923677987195 ) ) ;
#874 = CARTESIAN_POINT ( 'NONE',  ( 0.5439805772569444864, 0.4000000000000000222, 1.273883106505948382 ) ) ;
#875 = ORIENTED_EDGE ( 'NONE', *, *, #397, .F. ) ;
#876 = DIRECTION ( 'NONE',  ( 0.000000000000000000, 0.000000000000000000, -1.000000000000000000 ) ) ;
#877 = CARTESIAN_POINT ( 'NONE',  ( -0.9797400848408628349, 0.000000000000000000, -1.902633341112491383 ) ) ;
#878 = CARTESIAN_POINT ( 'NONE',  ( -0.6063444134277176101, 0.4000000000000000222, 1.256365044718809720 ) ) ;
#879 = CARTESIAN_POINT ( 'NONE',  ( 0.02746577526431996652, 0.4000000000000000222, -1.422452239280749930 ) ) ;
#880 = CARTESIAN_POINT ( 'NONE',  ( -0.4159170715575069011, 0.000000000000000000, -1.350953696270767557 ) ) ;
#881 = CARTESIAN_POINT ( 'NONE',  ( 0.5231804590072055561, 0.4000000000000000222, -1.207559707517101177 ) ) ;
#882 = CARTESIAN_POINT ( 'NONE',  ( -0.5773260926922259006, 0.000000000000000000, 1.493332664160596401 ) ) ;
#883 = CARTESIAN_POINT ( 'NONE',  ( 0.5392231949186097051, 0.4000000000000000222, 1.382407888776762572 ) ) ;
#884 = VECTOR ( 'NONE', #214, 1000.000000000000000 ) ;
#885 = B_SPLINE_SURFACE_WITH_KNOTS ( 'NONE', 3, 1, ( 
 ( #2160, #1497 ),
 ( #2400, #152 ),
 ( #2710, #703 ),
 ( #1141, #912 ),
 ( #1, #2221 ),
 ( #926, #31 ),
 ( #2235, #1360 ),
 ( #213, #2280 ),
 ( #454, #2682 ),
 ( #483, #1809 ),
 ( #689, #2464 ) ),
 .UNSPECIFIED., .F., .F., .F.,
 ( 4, 1, 1, 1, 1, 1, 1, 1, 4 ),
 ( 2, 2 ),
 ( 0.000000000000000000, 0.1150147302747472206, 0.2303333058216729401, 0.3469414244120342938, 0.4664007010955688592, 0.5889261123782001395, 0.7196576052414275226, 0.8561728890492072974, 1.000000000000000000 ),
 ( 0.000000000000000000, 1.000000000000000000 ),
 .UNSPECIFIED. ) ;
#886 = CARTESIAN_POINT ( 'NONE',  ( -0.07278244444641318589, 0.4000000000000000222, -1.422430769530645733 ) ) ;
#887 = CARTESIAN_POINT ( 'NONE',  ( -0.9797400848408628349, 0.000000000000000000, -1.902633341112491383 ) ) ;
#888 = EDGE_CURVE ( 'NONE', #2396, #1783, #2217, .T. ) ;
#889 = CARTESIAN_POINT ( 'NONE',  ( 0.6917385663241966132, -0.000000000000000000, 0.3290984558066456511 ) ) ;
#890 = VERTEX_POINT ( 'NONE', #1951 ) ;
#891 = CARTESIAN_POINT ( 'NONE',  ( -0.6673460608248429349, 0.4000000000000000777, -0.7727320603194487436 ) ) ;
#892 = CARTESIAN_POINT ( 'NONE',  ( -0.4716956630423849717, 0.4000000000000000222, 2.371747620228133790 ) ) ;
#893 = FACE_OUTER_BOUND ( 'NONE', #462, .T. ) ;
#894 = CARTESIAN_POINT ( 'NONE',  ( -0.3020071268946397103, 0.000000000000000000, -1.393961566579365874 ) ) ;
#895 = CARTESIAN_POINT ( 'NONE',  ( 0.3324814563097387432, 0.000000000000000000, 0.8242394864603436178 ) ) ;
#896 = CARTESIAN_POINT ( 'NONE',  ( -0.6999750074997446170, 0.000000000000000000, 0.1959215949563415105 ) ) ;
#897 = CARTESIAN_POINT ( 'NONE',  ( 0.4482332217770583216, 0.000000000000000000, -2.020972366736603743 ) ) ;
#898 = CARTESIAN_POINT ( 'NONE',  ( -0.02199921452142035438, 0.4000000000000000222, -1.424020565257352988 ) ) ;
#899 = CARTESIAN_POINT ( 'NONE',  ( 1.373303198869541442, 0.4000000000000000222, 1.467684165188903211 ) ) ;
#900 = EDGE_LOOP ( 'NONE', ( #51, #1479 ) ) ;
#901 = CARTESIAN_POINT ( 'NONE',  ( -0.07399735793568706921, 5.421010862427522170E-17, -0.1250669441971127005 ) ) ;
#902 = CARTESIAN_POINT ( 'NONE',  ( -1.438746904574933039, 0.4000000000000000222, 1.295268748352550681 ) ) ;
#903 = CARTESIAN_POINT ( 'NONE',  ( 0.4482332217770583216, 0.4000000000000000222, -2.020972366736603743 ) ) ;
#904 = EDGE_CURVE ( 'NONE', #2630, #2396, #240, .T. ) ;
#905 = VERTEX_POINT ( 'NONE', #727 ) ;
#906 = CARTESIAN_POINT ( 'NONE',  ( 0.4401560842037750554, 0.4000000000000000777, -0.4674358433335220608 ) ) ;
#907 = CARTESIAN_POINT ( 'NONE',  ( -0.3020071268946397103, 0.4000000000000000222, -1.393961566579365874 ) ) ;
#908 = B_SPLINE_SURFACE_WITH_KNOTS ( 'NONE', 3, 1, ( 
 ( #347, #2898 ),
 ( #1738, #2867 ),
 ( #1027, #140 ),
 ( #413, #1244 ),
 ( #1310, #2644 ),
 ( #1483, #2148 ),
 ( #1517, #1059 ),
 ( #189, #2629 ),
 ( #843, #1975 ),
 ( #622, #2209 ),
 ( #874, #2613 ) ),
 .UNSPECIFIED., .F., .F., .F.,
 ( 4, 1, 1, 1, 1, 1, 1, 1, 4 ),
 ( 2, 2 ),
 ( 0.000000000000000000, 0.1551121076743002813, 0.2991065941053578925, 0.4322427015000950279, 0.5556460887368981361, 0.6710428445712872669, 0.7810564267867041721, 0.8900830131546878521, 1.000000000000000000 ),
 ( 0.000000000000000000, 1.000000000000000000 ),
 .UNSPECIFIED. ) ;
#909 = CARTESIAN_POINT ( 'NONE',  ( -1.007954614085858847, 0.000000000000000000, 0.3933394089264717342 ) ) ;
#910 = DIRECTION ( 'NONE',  ( -0.000000000000000000, -1.000000000000000000, -0.000000000000000000 ) ) ;
#911 = B_SPLINE_CURVE_WITH_KNOTS ( 'NONE', 3,
 ( #1074, #1531, #2815, #796, #216, #1994, #915, #1812, #2897, #1130, #2479, #1335, #2224, #188, #2713, #2254, #899, #2451, #2020 ),
 .UNSPECIFIED., .F., .F.,
 ( 4, 1, 1, 1, 1, 1, 1, 1, 1, 1, 1, 1, 1, 1, 1, 1, 4 ),
 ( 0.000000000000000000, 0.08839591966342984219, 0.1704274833095095754, 0.2465011802907305649, 0.3171098247769649214, 0.3830098892388538734, 0.4454003687728356753, 0.5040027465178822386, 0.5604927099595381490, 0.6146847409890834335, 0.6680497345011179311, 0.7208940335537912247, 0.7743664603606301711, 0.8284790079355900394, 0.8834903853426658848, 0.9406984752297121721, 1.000000000000000000 ),
 .UNSPECIFIED. ) ;
#912 = CARTESIAN_POINT ( 'NONE',  ( 1.327091840873253048, 0.000000000000000000, 1.045058674562870049 ) ) ;
#913 = LINE ( 'NONE', #1519, #1437 ) ;
#914 = DIRECTION ( 'NONE',  ( 0.000000000000000000, -1.000000000000000000, 0.000000000000000000 ) ) ;
#915 = CARTESIAN_POINT ( 'NONE',  ( 0.7546844510325120270, 0.4000000000000000222, 2.299797950330249918 ) ) ;
#916 = EDGE_LOOP ( 'NONE', ( #812, #2130, #971, #107 ) ) ;
#917 = LINE ( 'NONE', #289, #215 ) ;
#918 = CARTESIAN_POINT ( 'NONE',  ( -0.9766097512721420015, 0.4000000000000000222, 2.168633428461176127 ) ) ;
#919 = CARTESIAN_POINT ( 'NONE',  ( 0.5439805772569443754, 0.4000000000000000777, 1.273883106505948160 ) ) ;
#920 = ORIENTED_EDGE ( 'NONE', *, *, #2338, .F. ) ;
#921 = CARTESIAN_POINT ( 'NONE',  ( -0.3701029854784829154, 0.4000000000000000222, 0.8376056590769316301 ) ) ;
#922 = CARTESIAN_POINT ( 'NONE',  ( -1.567574640909560779, 0.4000000000000000222, -0.9136629818043300322 ) ) ;
#923 = EDGE_CURVE ( 'NONE', #1739, #553, #1572, .T. ) ;
#924 = CARTESIAN_POINT ( 'NONE',  ( 0.4022541183559825706, 0.000000000000000000, 1.646423463487482142 ) ) ;
#925 = FACE_OUTER_BOUND ( 'NONE', #1450, .T. ) ;
#926 = CARTESIAN_POINT ( 'NONE',  ( 1.180042649219598117, 0.4000000000000000222, 0.7607031525509135861 ) ) ;
#927 = CARTESIAN_POINT ( 'NONE',  ( 0.02099925022499248353, 0.000000000000000000, 0.6009071350097651143 ) ) ;
#928 = CARTESIAN_POINT ( 'NONE',  ( -1.432549455944946315, -5.421010862427522170E-17, 1.081389178485617997 ) ) ;
#929 = CARTESIAN_POINT ( 'NONE',  ( 0.4022541183559825706, 0.4000000000000000777, 1.646423463487482142 ) ) ;
#930 = VERTEX_POINT ( 'NONE', #295 ) ;
#931 = B_SPLINE_SURFACE_WITH_KNOTS ( 'NONE', 3, 1, ( 
 ( #745, #1008 ),
 ( #2794, #1610 ),
 ( #977, #2296 ),
 ( #963, #101 ),
 ( #2520, #1650 ),
 ( #536, #1414 ),
 ( #2547, #495 ),
 ( #1442, #1873 ),
 ( #1860, #2334 ),
 ( #2113, #1889 ),
 ( #773, #1664 ) ),
 .UNSPECIFIED., .F., .F., .F.,
 ( 4, 1, 1, 1, 1, 1, 1, 1, 4 ),
 ( 2, 2 ),
 ( 0.000000000000000000, 0.1150147302747472206, 0.2303333058216729401, 0.3469414244120342938, 0.4664007010955688592, 0.5889261123782001395, 0.7196576052414275226, 0.8561728890492072974, 1.000000000000000000 ),
 ( 0.000000000000000000, 1.000000000000000000 ),
 .UNSPECIFIED. ) ;
#932 = CARTESIAN_POINT ( 'NONE',  ( 2.565151067676131547, 20.00000000000000000, 1.649999999999999911 ) ) ;
#933 = CARTESIAN_POINT ( 'NONE',  ( -0.03871018120390407741, 0.000000000000000000, 2.415063315947175493 ) ) ;
#934 = CARTESIAN_POINT ( 'NONE',  ( 1.099805245833075151, -5.421010862427522170E-17, -1.744828514945854003 ) ) ;
#935 = VERTEX_POINT ( 'NONE', #2603 ) ;
#936 = CARTESIAN_POINT ( 'NONE',  ( 0.6031708292881896583, 0.000000000000000000, -0.7746496809657799076 ) ) ;
#937 = CARTESIAN_POINT ( 'NONE',  ( 0.000000000000000000, 0.000000000000000000, 0.000000000000000000 ) ) ;
#938 = EDGE_CURVE ( 'NONE', #1241, #935, #2762, .T. ) ;
#939 = CARTESIAN_POINT ( 'NONE',  ( -0.2597061308006856084, 0.4000000000000000222, 0.7598591295988326166 ) ) ;
#940 = EDGE_CURVE ( 'NONE', #2371, #2554, #2803, .T. ) ;
#941 = CARTESIAN_POINT ( 'NONE',  ( 0.000000000000000000, 20.00000000000000000, 0.000000000000000000 ) ) ;
#942 = CARTESIAN_POINT ( 'NONE',  ( 0.000000000000000000, 0.9999999999999974465, 5.049999999999999822 ) ) ;
#943 = ORIENTED_EDGE ( 'NONE', *, *, #2509, .T. ) ;
#944 = CARTESIAN_POINT ( 'NONE',  ( -1.438746904574933039, 0.000000000000000000, 1.295268748352550681 ) ) ;
#945 = CARTESIAN_POINT ( 'NONE',  ( 0.4401560842037750554, 0.000000000000000000, -0.4674358433335220608 ) ) ;
#946 = CARTESIAN_POINT ( 'NONE',  ( 0.5439805772569443754, 0.000000000000000000, 1.273883106505948160 ) ) ;
#947 = ORIENTED_EDGE ( 'NONE', *, *, #1429, .F. ) ;
#948 = CARTESIAN_POINT ( 'NONE',  ( -0.07399735793568706921, 0.4000000000000000777, -0.1250669441971127005 ) ) ;
#949 = DIRECTION ( 'NONE',  ( 0.000000000000000000, -1.000000000000000000, 0.000000000000000000 ) ) ;
#950 = CARTESIAN_POINT ( 'NONE',  ( -0.6062735024594276823, 0.4000000000000000222, 1.326694288067464145 ) ) ;
#951 = FACE_OUTER_BOUND ( 'NONE', #608, .T. ) ;
#952 = CARTESIAN_POINT ( 'NONE',  ( -1.432549455944946315, 0.000000000000000000, 1.081389178485617997 ) ) ;
#953 = CARTESIAN_POINT ( 'NONE',  ( 1.198007939247910825, 0.000000000000000000, 1.968063720138111039 ) ) ;
#954 = EDGE_CURVE ( 'NONE', #2782, #391, #1164, .T. ) ;
#955 = ORIENTED_EDGE ( 'NONE', *, *, #1132, .T. ) ;
#956 = LINE ( 'NONE', #1573, #2244 ) ;
#957 = CARTESIAN_POINT ( 'NONE',  ( 0.6079782922283495372, 0.4000000000000000222, -0.8920395595575473235 ) ) ;
#958 = CARTESIAN_POINT ( 'NONE',  ( 1.376366981742979778, 0.4000000000000000222, -0.3294373599087843107 ) ) ;
#959 = ORIENTED_EDGE ( 'NONE', *, *, #1513, .F. ) ;
#960 = CARTESIAN_POINT ( 'NONE',  ( 0.5121015309152276984, 0.000000000000000000, 1.080719502568299850 ) ) ;
#961 = CARTESIAN_POINT ( 'NONE',  ( -1.399705152094068206, -5.421010862427522170E-17, -0.3672346117929667919 ) ) ;
#962 = CARTESIAN_POINT ( 'NONE',  ( -0.1268284912854910074, 0.4000000000000000222, 0.6812554027255662836 ) ) ;
#963 = CARTESIAN_POINT ( 'NONE',  ( 1.327091840873253048, 0.4000000000000000222, 1.045058674562870049 ) ) ;
#964 = CARTESIAN_POINT ( 'NONE',  ( -1.331989475509270049, 0.4000000000000000222, 0.7681846941010778140 ) ) ;
#965 = ORIENTED_EDGE ( 'NONE', *, *, #1985, .T. ) ;
#966 = CARTESIAN_POINT ( 'NONE',  ( -0.6079782922283495372, 0.4000000000000000777, 1.290882499545227713 ) ) ;
#967 =( GEOMETRIC_REPRESENTATION_CONTEXT ( 3 ) GLOBAL_UNCERTAINTY_ASSIGNED_CONTEXT ( ( #1266 ) ) GLOBAL_UNIT_ASSIGNED_CONTEXT ( ( #2075, #1847, #2727 ) ) REPRESENTATION_CONTEXT ( 'NONE', 'WORKASPACE' ) );
#968 = B_SPLINE_CURVE_WITH_KNOTS ( 'NONE', 3,
 ( #2517, #1854, #254, #712, #281, #65, #921, #684, #740, #972, #2705 ),
 .UNSPECIFIED., .F., .F.,
 ( 4, 1, 1, 1, 1, 1, 1, 1, 4 ),
 ( 0.000000000000000000, 0.1046565004484280165, 0.2046262793345784980, 0.3051377930066048183, 0.4124766795195625724, 0.5314293496787417803, 0.6671015806974641693, 0.8219489542329886378, 1.000000000000000000 ),
 .UNSPECIFIED. ) ;
#969 = CARTESIAN_POINT ( 'NONE',  ( 0.6061828075014749073, 0.4000000000000000222, -0.9315661933097609815 ) ) ;
#970 = CARTESIAN_POINT ( 'NONE',  ( 0.2157050395334451365, 0.4000000000000000777, 1.745831804434919032 ) ) ;
#971 = ORIENTED_EDGE ( 'NONE', *, *, #451, .T. ) ;
#972 = CARTESIAN_POINT ( 'NONE',  ( -0.03051442337428291948, 0.4000000000000000222, 0.6289061722343542993 ) ) ;
#973 = CARTESIAN_POINT ( 'NONE',  ( -1.444682153515724155, -5.421010862427522170E-17, -0.4410127540440871852 ) ) ;
#974 = AXIS2_PLACEMENT_3D ( 'NONE', #2332, #1844, #1425 ) ;
#975 = CARTESIAN_POINT ( 'NONE',  ( -1.224649254970284540, 0.4000000000000000222, -0.1558393767083770254 ) ) ;
#976 = CARTESIAN_POINT ( 'NONE',  ( -0.6063444134277176101, 0.000000000000000000, 1.256365044718809720 ) ) ;
#977 = CARTESIAN_POINT ( 'NONE',  ( 1.368590312143095566, 0.4000000000000000222, 1.196966393760249270 ) ) ;
#978 = CARTESIAN_POINT ( 'NONE',  ( -0.07399735793568706921, 0.000000000000000000, -0.1250669441971127005 ) ) ;
#979 = VERTEX_POINT ( 'NONE', #67 ) ;
#980 = CARTESIAN_POINT ( 'NONE',  ( -1.074531951636190641, 0.4000000000000000222, 2.095583861373350842 ) ) ;
#981 = CIRCLE ( 'NONE', #1211, 4.349999999999999645 ) ;
#982 = CARTESIAN_POINT ( 'NONE',  ( 0.6027503586489265652, 0.4000000000000000222, -1.007129714757275307 ) ) ;
#983 = CARTESIAN_POINT ( 'NONE',  ( 0.09571688639215419903, 0.000000000000000000, 1.772873881752144776 ) ) ;
#984 = ORIENTED_EDGE ( 'NONE', *, *, #2253, .F. ) ;
#985 = CARTESIAN_POINT ( 'NONE',  ( -1.394846507835313831, 0.4000000000000000222, 0.9179133902636706921 ) ) ;
#986 = CARTESIAN_POINT ( 'NONE',  ( 1.373303198869541442, 0.4000000000000000222, 1.467684165188903211 ) ) ;
#987 = EDGE_CURVE ( 'NONE', #1091, #2782, #1687, .T. ) ;
#988 = CARTESIAN_POINT ( 'NONE',  ( -1.513956966890967593, 0.4000000000000000222, -0.5975800959906519827 ) ) ;
#989 = LINE ( 'NONE', #128, #551 ) ;
#990 = CARTESIAN_POINT ( 'NONE',  ( -0.6999750074997446170, 0.4000000000000000222, 0.1959215949563415105 ) ) ;
#991 = VECTOR ( 'NONE', #2196, 1000.000000000000000 ) ;
#992 = CARTESIAN_POINT ( 'NONE',  ( 1.503946301828022580, 0.4000000000000000222, -0.8270418802897139265 ) ) ;
#993 = CARTESIAN_POINT ( 'NONE',  ( 0.5731944841109420929, 0.4000000000000000222, -1.114080851450164111 ) ) ;
#994 = CARTESIAN_POINT ( 'NONE',  ( 1.053880677908697994, 0.000000000000000000, 2.123093763084305863 ) ) ;
#995 = VERTEX_POINT ( 'NONE', #755 ) ;
#996 = CARTESIAN_POINT ( 'NONE',  ( -0.2106796061668248510, 0.000000000000000000, -0.2048111477641993972 ) ) ;
#997 = CARTESIAN_POINT ( 'NONE',  ( 0.6063435978379100311, 0.4000000000000000777, -0.8521231673945843799 ) ) ;
#998 = CARTESIAN_POINT ( 'NONE',  ( 0.009177463314286260498, 0.000000000000000000, 1.774824410392987772 ) ) ;
#999 = ORIENTED_EDGE ( 'NONE', *, *, #1530, .F. ) ;
#1000 = CARTESIAN_POINT ( 'NONE',  ( -0.6672646771478665251, 0.000000000000000000, -1.006004317904313883 ) ) ;
#1001 = CARTESIAN_POINT ( 'NONE',  ( -1.331989475509270049, 0.4000000000000000222, 0.7681846941010778140 ) ) ;
#1002 = CARTESIAN_POINT ( 'NONE',  ( 0.8749511794941270404, 0.000000000000000000, -1.884486469569117029 ) ) ;
#1003 = CARTESIAN_POINT ( 'NONE',  ( 1.194144312361261173, 0.4000000000000000222, -1.660167972451590757 ) ) ;
#1004 = CARTESIAN_POINT ( 'NONE',  ( 0.6027503586489265652, 0.000000000000000000, -1.007129714757275307 ) ) ;
#1005 = EDGE_CURVE ( 'NONE', #905, #410, #1692, .T. ) ;
#1006 = CARTESIAN_POINT ( 'NONE',  ( 1.375950871885212479, -5.421010862427522170E-17, 1.352880285923776293 ) ) ;
#1007 = ORIENTED_EDGE ( 'NONE', *, *, #634, .F. ) ;
#1008 = CARTESIAN_POINT ( 'NONE',  ( 1.375950871885212701, 0.000000000000000000, 1.352880285923776515 ) ) ;
#1009 = CARTESIAN_POINT ( 'NONE',  ( 1.099805245833075151, 0.000000000000000000, -1.744828514945854003 ) ) ;
#1010 = ORIENTED_EDGE ( 'NONE', *, *, #437, .T. ) ;
#1011 = CARTESIAN_POINT ( 'NONE',  ( -0.7465869593799836501, 0.000000000000000000, 2.288576956795188799 ) ) ;
#1012 = CARTESIAN_POINT ( 'NONE',  ( 0.1066814558719722666, 0.4000000000000000222, -2.061730461496030120 ) ) ;
#1013 = CARTESIAN_POINT ( 'NONE',  ( 0.3187958739332997782, 0.000000000000000000, 1.705947015358708629 ) ) ;
#1014 = CARTESIAN_POINT ( 'NONE',  ( -0.07399735793568706921, 0.000000000000000000, -0.1250669441971127005 ) ) ;
#1015 = CARTESIAN_POINT ( 'NONE',  ( -1.439948586856617307, -5.421010862427522170E-17, 1.252883856280955666 ) ) ;
#1016 = CARTESIAN_POINT ( 'NONE',  ( 1.000247577127324483, 0.000000000000000000, 0.07417363475488643332 ) ) ;
#1017 = CARTESIAN_POINT ( 'NONE',  ( 0.3187958739332997782, 0.000000000000000000, 1.705947015358708629 ) ) ;
#1018 = CARTESIAN_POINT ( 'NONE',  ( -0.4159170715575069011, 0.4000000000000000222, -1.350953696270767557 ) ) ;
#1019 = CARTESIAN_POINT ( 'NONE',  ( 0.7546844510325120270, -5.421010862427522170E-17, 2.299797950330249918 ) ) ;
#1020 = EDGE_LOOP ( 'NONE', ( #2025, #491, #1682, #1263 ) ) ;
#1021 = CARTESIAN_POINT ( 'NONE',  ( 0.02099925022499248353, 0.4000000000000000222, 0.6009071350097651143 ) ) ;
#1022 = CARTESIAN_POINT ( 'NONE',  ( -0.07699725082497177464, 0.4000000000000000222, -2.063997714971405273 ) ) ;
#1023 = CARTESIAN_POINT ( 'NONE',  ( 1.503137201529950673, 0.000000000000000000, -0.7970056918893888565 ) ) ;
#1024 = CARTESIAN_POINT ( 'NONE',  ( 0.000000000000000000, 0.000000000000000000, 0.000000000000000000 ) ) ;
#1025 = CARTESIAN_POINT ( 'NONE',  ( 1.503946301828022580, 0.4000000000000000222, -0.8270418802897139265 ) ) ;
#1026 = B_SPLINE_CURVE_WITH_KNOTS ( 'NONE', 3,
 ( #656, #2455, #1801, #2702, #501, #2325, #49, #1197, #1865, #777, #2770 ),
 .UNSPECIFIED., .F., .F.,
 ( 4, 1, 1, 1, 1, 1, 1, 1, 4 ),
 ( 0.000000000000000000, 0.1283643655386380589, 0.2452401337976532480, 0.3546570560162607411, 0.4636032590767216743, 0.5778527962742375790, 0.7016736261317724210, 0.8416156249319951543, 1.000000000000000000 ),
 .UNSPECIFIED. ) ;
#1027 = CARTESIAN_POINT ( 'NONE',  ( 0.1374241454456900380, 0.4000000000000000222, 0.6702530088581695189 ) ) ;
#1028 = ORIENTED_EDGE ( 'NONE', *, *, #2832, .T. ) ;
#1029 = CARTESIAN_POINT ( 'NONE',  ( -0.5107003537661052306, 0.000000000000000000, -1.290773019872018201 ) ) ;
#1030 = CARTESIAN_POINT ( 'NONE',  ( -0.6999750074997446170, -5.421010862427522170E-17, 0.1959215949563415105 ) ) ;
#1031 = AXIS2_PLACEMENT_3D ( 'NONE', #621, #638, #1243 ) ;
#1032 = CARTESIAN_POINT ( 'NONE',  ( -0.4209397683716232796, 0.000000000000000000, -2.048283332923836575 ) ) ;
#1033 = CARTESIAN_POINT ( 'NONE',  ( -0.2597061308006856084, 0.000000000000000000, 0.7598591295988326166 ) ) ;
#1034 = CARTESIAN_POINT ( 'NONE',  ( -0.6079782922283495372, 0.4000000000000000222, 1.290882499545227713 ) ) ;
#1035 = CARTESIAN_POINT ( 'NONE',  ( -0.03699867896784364563, 0.000000000000000000, 1.775865183312907991 ) ) ;
#1036 = CARTESIAN_POINT ( 'NONE',  ( 1.132496614775913679, -5.421010862427522170E-17, 2.050008532936696604 ) ) ;
#1037 = VERTEX_POINT ( 'NONE', #532 ) ;
#1038 = CARTESIAN_POINT ( 'NONE',  ( 0.02099925022499248006, -5.421010862427522170E-17, 0.6009071350097650033 ) ) ;
#1039 = VECTOR ( 'NONE', #2022, 1000.000000000000000 ) ;
#1040 = CARTESIAN_POINT ( 'NONE',  ( 1.403345002801074548, -5.421010862427522170E-17, -1.352211303729524916 ) ) ;
#1041 = VERTEX_POINT ( 'NONE', #1884 ) ;
#1042 = CARTESIAN_POINT ( 'NONE',  ( -0.07399735793568706921, 0.000000000000000000, -0.1250669441971127005 ) ) ;
#1043 = EDGE_CURVE ( 'NONE', #265, #2607, #778, .T. ) ;
#1044 = CARTESIAN_POINT ( 'NONE',  ( -0.1523637654928110263, 0.000000000000000000, 2.413555244290861879 ) ) ;
#1045 = CARTESIAN_POINT ( 'NONE',  ( -0.5910264949317018957, 0.000000000000000000, -0.5619706249919602659 ) ) ;
#1046 = VERTEX_POINT ( 'NONE', #1268 ) ;
#1047 = CARTESIAN_POINT ( 'NONE',  ( -0.1210118399192654653, 0.4000000000000000222, -0.1524964931723358785 ) ) ;
#1048 = CARTESIAN_POINT ( 'NONE',  ( -0.4384487974094471996, 0.000000000000000000, -0.3748691557676007147 ) ) ;
#1049 = FACE_OUTER_BOUND ( 'NONE', #1215, .T. ) ;
#1050 = CARTESIAN_POINT ( 'NONE',  ( -0.6079782922283496482, 0.000000000000000000, 1.290882499545227935 ) ) ;
#1051 = CARTESIAN_POINT ( 'NONE',  ( 0.8749511794941270404, 0.4000000000000000222, -1.884486469569117029 ) ) ;
#1052 = CARTESIAN_POINT ( 'NONE',  ( -0.07399735793568706921, 0.4000000000000000777, -0.1250669441971127005 ) ) ;
#1053 = CARTESIAN_POINT ( 'NONE',  ( 0.5121015309152276984, 0.000000000000000000, 1.080719502568299850 ) ) ;
#1054 = CARTESIAN_POINT ( 'NONE',  ( 0.4079173584646437201, 0.4000000000000000222, 0.9057640848510416509 ) ) ;
#1055 = CARTESIAN_POINT ( 'NONE',  ( 0.7440882139549332974, 0.4000000000000000222, -1.938781977994613603 ) ) ;
#1056 = VERTEX_POINT ( 'NONE', #1537 ) ;
#1057 = CARTESIAN_POINT ( 'NONE',  ( 0.000000000000000000, 0.000000000000000000, 0.000000000000000000 ) ) ;
#1058 = CARTESIAN_POINT ( 'NONE',  ( 0.7440882139549332974, 0.4000000000000000222, -1.938781977994613603 ) ) ;
#1059 = CARTESIAN_POINT ( 'NONE',  ( 0.4701534560579639921, -5.421010862427522170E-17, 0.9897528722496171660 ) ) ;
#1060 = EDGE_CURVE ( 'NONE', #2261, #78, #2168, .T. ) ;
#1061 = ORIENTED_EDGE ( 'NONE', *, *, #2288, .T. ) ;
#1062 = CARTESIAN_POINT ( 'NONE',  ( 0.2507443145143440355, 0.000000000000000000, -1.393711620953622443 ) ) ;
#1063 = DIRECTION ( 'NONE',  ( 0.000000000000000000, 0.000000000000000000, 1.000000000000000000 ) ) ;
#1064 = CARTESIAN_POINT ( 'NONE',  ( -0.7234572250487545375, 0.000000000000000000, -1.993698532121102263 ) ) ;
#1065 = CARTESIAN_POINT ( 'NONE',  ( -0.7234572250487545375, 0.4000000000000000222, -1.993698532121102263 ) ) ;
#1066 = EDGE_CURVE ( 'NONE', #761, #1041, #2112, .T. ) ;
#1067 = CARTESIAN_POINT ( 'NONE',  ( 0.2507443145143440355, 0.4000000000000000222, -1.393711620953622443 ) ) ;
#1068 = DIRECTION ( 'NONE',  ( 0.000000000000000000, 0.000000000000000000, -1.000000000000000000 ) ) ;
#1069 = CARTESIAN_POINT ( 'NONE',  ( 0.5439805772569443754, 5.421010862427522170E-17, 1.273883106505948160 ) ) ;
#1070 = CARTESIAN_POINT ( 'NONE',  ( 0.06075743458130803548, 0.4000000000000000222, 0.6245882045231909707 ) ) ;
#1071 = VECTOR ( 'NONE', #1320, 1000.000000000000000 ) ;
#1072 = CARTESIAN_POINT ( 'NONE',  ( 1.276380114230316387, 0.4000000000000000222, -0.1849342329804396501 ) ) ;
#1073 = CARTESIAN_POINT ( 'NONE',  ( -0.5779523392737498932, 0.4000000000000000222, -2.025351539703656112 ) ) ;
#1074 = CARTESIAN_POINT ( 'NONE',  ( 0.01999928592856417553, 0.4000000000000000222, 2.415842333026959832 ) ) ;
#1075 = CARTESIAN_POINT ( 'NONE',  ( -1.439948586856617307, 0.4000000000000000222, 1.252883856280955666 ) ) ;
#1076 = ORIENTED_EDGE ( 'NONE', *, *, #940, .T. ) ;
#1077 = CARTESIAN_POINT ( 'NONE',  ( -0.5243499483971389985, 0.4000000000000000222, -0.4656647986112716908 ) ) ;
#1078 = CARTESIAN_POINT ( 'NONE',  ( 0.6079782922283495372, 5.421010862427522170E-17, -0.8920395595575473235 ) ) ;
#1079 = CARTESIAN_POINT ( 'NONE',  ( -1.567944016799427631, 0.000000000000000000, -0.9440377029718139967 ) ) ;
#1080 = CARTESIAN_POINT ( 'NONE',  ( -1.439948586856617307, 0.000000000000000000, 1.252883856280955666 ) ) ;
#1081 = CARTESIAN_POINT ( 'NONE',  ( 0.3622201948799326221, 0.4000000000000000222, -1.350691196230342284 ) ) ;
#1082 = CARTESIAN_POINT ( 'NONE',  ( -0.6356426134755013280, 0.4000000000000000222, -1.116411949799448688 ) ) ;
#1083 = ADVANCED_FACE ( 'NONE', ( #1744 ), #2649, .T. ) ;
#1084 = CARTESIAN_POINT ( 'NONE',  ( 0.6061828075014749073, 0.000000000000000000, -0.9315661933097609815 ) ) ;
#1085 = CARTESIAN_POINT ( 'NONE',  ( 0.02099925022499248006, 0.4000000000000000222, 0.6009071350097650033 ) ) ;
#1086 = CARTESIAN_POINT ( 'NONE',  ( 1.334372619301406271, 0.000000000000000000, 1.684964038911225925 ) ) ;
#1087 = VERTEX_POINT ( 'NONE', #1080 ) ;
#1088 = DIRECTION ( 'NONE',  ( 0.000000000000000000, 1.000000000000000000, -0.000000000000000000 ) ) ;
#1089 = CARTESIAN_POINT ( 'NONE',  ( 0.3493386106350724885, -5.421010862427522170E-17, 2.399136368894705829 ) ) ;
#1090 = CARTESIAN_POINT ( 'NONE',  ( 1.503946301828022580, 0.4000000000000000222, -0.8270418802897139265 ) ) ;
#1091 = VERTEX_POINT ( 'NONE', #832 ) ;
#1092 = DIRECTION ( 'NONE',  ( 0.000000000000000000, 0.000000000000000000, 1.000000000000000000 ) ) ;
#1093 = CARTESIAN_POINT ( 'NONE',  ( -0.07399735793568706921, 5.421010862427522170E-17, -0.1250669441971127005 ) ) ;
#1094 = B_SPLINE_CURVE_WITH_KNOTS ( 'NONE', 3,
 ( #2529, #1177, #1818, #1384, #480, #2542, #2760, #2262, #1162, #2719, #948 ),
 .UNSPECIFIED., .F., .F.,
 ( 4, 1, 1, 1, 1, 1, 1, 1, 4 ),
 ( 0.000000000000000000, 0.1098389797032604392, 0.2131858177125055820, 0.3164343783355382245, 0.4263234099801994081, 0.5467296233304806963, 0.6817737376772511348, 0.8321140144251579773, 1.000000000000000000 ),
 .UNSPECIFIED. ) ;
#1095 = DIRECTION ( 'NONE',  ( 0.000000000000000000, 0.000000000000000000, -1.000000000000000000 ) ) ;
#1096 = CARTESIAN_POINT ( 'NONE',  ( 0.1205044412873673143, 0.000000000000000000, -1.419502376006049005 ) ) ;
#1097 = CARTESIAN_POINT ( 'NONE',  ( -0.2858485863873341248, 0.4000000000000000222, 1.748733644226164063 ) ) ;
#1098 = CARTESIAN_POINT ( 'NONE',  ( -0.03699867896784364563, 5.421010862427522170E-17, 1.775865183312907991 ) ) ;
#1099 = CARTESIAN_POINT ( 'NONE',  ( 0.000000000000000000, 23.00000000000000000, 0.000000000000000000 ) ) ;
#1100 = CARTESIAN_POINT ( 'NONE',  ( -0.6703572716277040877, 0.4000000000000000222, -0.9272576194450159459 ) ) ;
#1101 = CARTESIAN_POINT ( 'NONE',  ( -0.1366811918743565113, 0.000000000000000000, -2.062901638944802940 ) ) ;
#1102 = CARTESIAN_POINT ( 'NONE',  ( 1.327091840873253048, 0.000000000000000000, 1.045058674562870049 ) ) ;
#1103 = VERTEX_POINT ( 'NONE', #2888 ) ;
#1104 = CARTESIAN_POINT ( 'NONE',  ( -0.4384487974094471996, 0.000000000000000000, -0.3748691557676007147 ) ) ;
#1105 = CARTESIAN_POINT ( 'NONE',  ( -1.476393215957614524, 0.000000000000000000, -1.424268136312736965 ) ) ;
#1106 = CARTESIAN_POINT ( 'NONE',  ( 1.501327167733558676, -5.421010862427522170E-17, -0.9680775242464959573 ) ) ;
#1107 = CARTESIAN_POINT ( 'NONE',  ( 0.02746577526431996652, 0.000000000000000000, -1.422452239280749930 ) ) ;
#1108 = CARTESIAN_POINT ( 'NONE',  ( -0.07278244444641318589, 0.4000000000000000222, -1.422430769530645733 ) ) ;
#1109 = CARTESIAN_POINT ( 'NONE',  ( -0.02199921452142035438, 0.000000000000000000, -1.424020565257352988 ) ) ;
#1110 = LINE ( 'NONE', #2694, #1317 ) ;
#1111 = CARTESIAN_POINT ( 'NONE',  ( 0.5439805772569443754, 0.4000000000000000222, 1.273883106505948160 ) ) ;
#1112 = AXIS2_PLACEMENT_3D ( 'NONE', #1024, #1417, #331 ) ;
#1113 = CARTESIAN_POINT ( 'NONE',  ( -0.5835369268137060583, 0.4000000000000000222, -1.211319942658443338 ) ) ;
#1114 = CARTESIAN_POINT ( 'NONE',  ( -1.281241428325084808, 0.000000000000000000, -1.702460893113681317 ) ) ;
#1115 = ADVANCED_FACE ( 'NONE', ( #1999 ), #218, .F. ) ;
#1116 = AXIS2_PLACEMENT_3D ( 'NONE', #2138, #2346, #1456 ) ;
#1117 = CARTESIAN_POINT ( 'NONE',  ( 0.4690814405906679196, 5.421010862427522170E-17, 1.573172140967451060 ) ) ;
#1118 = B_SPLINE_SURFACE_WITH_KNOTS ( 'NONE', 3, 1, ( 
 ( #1217, #1030 ),
 ( #1658, #1201 ),
 ( #2121, #1436 ),
 ( #2344, #1487 ),
 ( #322, #561 ),
 ( #2136, #2391 ),
 ( #1001, #2601 ),
 ( #2856, #577 ),
 ( #144, #2802 ),
 ( #1897, #1454 ),
 ( #782, #1015 ) ),
 .UNSPECIFIED., .F., .F., .F.,
 ( 4, 1, 1, 1, 1, 1, 1, 1, 4 ),
 ( 2, 2 ),
 ( 0.000000000000000000, 0.1389507443776183959, 0.2705026947870308729, 0.3957479780324771879, 0.5158745501172480319, 0.6329517442430293572, 0.7507123856491765279, 0.8719479895379226297, 1.000000000000000000 ),
 ( 0.000000000000000000, 1.000000000000000000 ),
 .UNSPECIFIED. ) ;
#1119 = ORIENTED_EDGE ( 'NONE', *, *, #2792, .T. ) ;
#1120 = CARTESIAN_POINT ( 'NONE',  ( -0.6719760071997546991, 0.4000000000000000777, -0.8860397737789780237 ) ) ;
#1121 = CARTESIAN_POINT ( 'NONE',  ( -0.3173580954118367381, 0.000000000000000000, 2.396804838086674661 ) ) ;
#1122 = CARTESIAN_POINT ( 'NONE',  ( -0.01462164043683620435, -5.421010862427522170E-17, -2.063227776408715020 ) ) ;
#1123 = ORIENTED_EDGE ( 'NONE', *, *, #178, .F. ) ;
#1124 = CARTESIAN_POINT ( 'NONE',  ( 0.5699695832812657903, 5.421010862427522170E-17, -0.6638675985771006482 ) ) ;
#1125 = CARTESIAN_POINT ( 'NONE',  ( 0.5426519440411391448, 0.4000000000000000222, 1.241021889775437481 ) ) ;
#1126 = DIRECTION ( 'NONE',  ( 0.000000000000000000, -1.000000000000000000, 0.000000000000000000 ) ) ;
#1127 = CARTESIAN_POINT ( 'NONE',  ( 0.3187958739332997782, 0.4000000000000000222, 1.705947015358708629 ) ) ;
#1128 = CARTESIAN_POINT ( 'NONE',  ( 0.3622201948799326221, 0.4000000000000000222, -1.350691196230342284 ) ) ;
#1129 = CARTESIAN_POINT ( 'NONE',  ( -0.4689116967965274996, 0.000000000000000000, 1.650728817840125595 ) ) ;
#1130 = CARTESIAN_POINT ( 'NONE',  ( 1.053880677908697994, 0.4000000000000000222, 2.123093763084305863 ) ) ;
#1131 = EDGE_LOOP ( 'NONE', ( #2206, #1875, #2053, #2537 ) ) ;
#1132 = EDGE_CURVE ( 'NONE', #1958, #1739, #1307, .T. ) ;
#1133 = DIRECTION ( 'NONE',  ( 0.000000000000000000, 0.000000000000000000, 1.000000000000000000 ) ) ;
#1134 = CARTESIAN_POINT ( 'NONE',  ( -0.3173580954118367381, 0.4000000000000000222, 2.396804838086674661 ) ) ;
#1135 = CARTESIAN_POINT ( 'NONE',  ( 1.375950871885212479, 0.4000000000000000222, 1.352880285923776293 ) ) ;
#1136 = VERTEX_POINT ( 'NONE', #1135 ) ;
#1137 = CARTESIAN_POINT ( 'NONE',  ( -0.03699867896784364563, 0.4000000000000000777, 1.775865183312907991 ) ) ;
#1138 = CARTESIAN_POINT ( 'NONE',  ( -1.357486624065476377, 0.4000000000000000222, -1.617506711908638151 ) ) ;
#1139 = CARTESIAN_POINT ( 'NONE',  ( -0.6079782922283495372, 0.000000000000000000, 1.290882499545227713 ) ) ;
#1140 = CARTESIAN_POINT ( 'NONE',  ( 0.000000000000000000, 23.00000000000000000, -4.349999999999999645 ) ) ;
#1141 = CARTESIAN_POINT ( 'NONE',  ( 1.327091840873253048, 0.4000000000000000222, 1.045058674562870049 ) ) ;
#1142 = CARTESIAN_POINT ( 'NONE',  ( -0.2597061308006856084, 0.000000000000000000, 0.7598591295988326166 ) ) ;
#1143 = FACE_OUTER_BOUND ( 'NONE', #2550, .T. ) ;
#1144 = VERTEX_POINT ( 'NONE', #22 ) ;
#1145 = CARTESIAN_POINT ( 'NONE',  ( -0.6062735024594276823, 0.000000000000000000, 1.326694288067464145 ) ) ;
#1146 = CARTESIAN_POINT ( 'NONE',  ( -1.419322760028817632, 0.000000000000000000, 1.500139717772842829 ) ) ;
#1147 = ADVANCED_FACE ( 'NONE', ( #490 ), #167, .T. ) ;
#1148 = CARTESIAN_POINT ( 'NONE',  ( 1.346389639794323356, 0.4000000000000000222, -1.463796882099786867 ) ) ;
#1149 = ORIENTED_EDGE ( 'NONE', *, *, #1768, .T. ) ;
#1150 = CARTESIAN_POINT ( 'NONE',  ( 0.02099925022499248353, 0.000000000000000000, 0.6009071350097651143 ) ) ;
#1151 = CARTESIAN_POINT ( 'NONE',  ( -0.8573753273120852114, 0.4000000000000000222, -1.952794825594315276 ) ) ;
#1152 = ADVANCED_FACE ( 'NONE', ( #2259 ), #2246, .F. ) ;
#1153 = CARTESIAN_POINT ( 'NONE',  ( -0.03051442337428291948, 0.000000000000000000, 0.6289061722343542993 ) ) ;
#1154 = CARTESIAN_POINT ( 'NONE',  ( -0.4159170715575069011, 0.000000000000000000, -1.350953696270767557 ) ) ;
#1155 = CARTESIAN_POINT ( 'NONE',  ( 1.150826677194491499, 0.4000000000000000222, -0.05035678605928591012 ) ) ;
#1156 = ORIENTED_EDGE ( 'NONE', *, *, #2199, .F. ) ;
#1157 = CARTESIAN_POINT ( 'NONE',  ( -0.6062735024594276823, 0.4000000000000000777, 1.326694288067464145 ) ) ;
#1158 = CARTESIAN_POINT ( 'NONE',  ( -0.4716956630423849717, 0.000000000000000000, 2.371747620228133790 ) ) ;
#1159 = CARTESIAN_POINT ( 'NONE',  ( 0.6020086515581258846, 0.4000000000000000222, -1.984699222369134652 ) ) ;
#1160 = ORIENTED_EDGE ( 'NONE', *, *, #2929, .T. ) ;
#1161 = AXIS2_PLACEMENT_3D ( 'NONE', #1820, #1304, #2908 ) ;
#1162 = CARTESIAN_POINT ( 'NONE',  ( 0.08263551419288560351, 0.4000000000000000222, -0.2058737567262605983 ) ) ;
#1163 = CARTESIAN_POINT ( 'NONE',  ( -1.566845482016446578, -5.421010862427522170E-17, -0.8537023869936855025 ) ) ;
#1164 = B_SPLINE_CURVE_WITH_KNOTS ( 'NONE', 3,
 ( #307, #2570, #1190, #743, #2789, #1858, #338, #1675, #1234, #2584, #2376, #1002, #2137, #579, #519, #563, #1203, #353, #1423 ),
 .UNSPECIFIED., .F., .F.,
 ( 4, 1, 1, 1, 1, 1, 1, 1, 1, 1, 1, 1, 1, 1, 1, 1, 4 ),
 ( 0.000000000000000000, 0.06282592105328145549, 0.1227317415465955797, 0.1806473094286877579, 0.2364931263344308143, 0.2912659570617958660, 0.3453217307168494066, 0.3997469507730634364, 0.4550832560138087235, 0.5118292350899360521, 0.5705804923793743599, 0.6325417244804467654, 0.6980624161410500239, 0.7670567314646583590, 0.8403110917076146436, 0.9178859119836890734, 1.000000000000000000 ),
 .UNSPECIFIED. ) ;
#1165 = CARTESIAN_POINT ( 'NONE',  ( -0.6029896541513689590, 0.4000000000000000222, 1.395676683017937680 ) ) ;
#1166 = CARTESIAN_POINT ( 'NONE',  ( 0.02099925022499248353, 0.000000000000000000, 0.6009071350097651143 ) ) ;
#1167 = EDGE_CURVE ( 'NONE', #503, #711, #1670, .T. ) ;
#1168 = CARTESIAN_POINT ( 'NONE',  ( 0.000000000000000000, 1.999999999999998224, 0.000000000000000000 ) ) ;
#1169 = CARTESIAN_POINT ( 'NONE',  ( -0.3701029854784829154, 0.000000000000000000, 0.8376056590769316301 ) ) ;
#1170 = CARTESIAN_POINT ( 'NONE',  ( 0.6359772925283394551, 0.4000000000000000222, 0.2959180245991621661 ) ) ;
#1171 = ORIENTED_EDGE ( 'NONE', *, *, #1214, .F. ) ;
#1172 = CARTESIAN_POINT ( 'NONE',  ( -0.5315823043304828133, 0.000000000000000000, 1.578114875441134268 ) ) ;
#1173 = B_SPLINE_CURVE_WITH_KNOTS ( 'NONE', 3,
 ( #1111, #1808, #883, #1793, #2448, #2709, #1127, #1568, #2923, #1764, #2044 ),
 .UNSPECIFIED., .F., .F.,
 ( 4, 1, 1, 1, 1, 1, 1, 1, 4 ),
 ( 0.000000000000000000, 0.1272548774734977850, 0.2442174860341958798, 0.3556224735305132389, 0.4657009884288951795, 0.5804717095565063989, 0.7039721725096762528, 0.8420439772360940323, 1.000000000000000000 ),
 .UNSPECIFIED. ) ;
#1174 = CARTESIAN_POINT ( 'NONE',  ( 0.2220737101408598313, 0.000000000000000000, -0.2928559524038553685 ) ) ;
#1175 = CARTESIAN_POINT ( 'NONE',  ( -0.03699867896784364563, 0.4000000000000000777, 1.775865183312907991 ) ) ;
#1176 = ORIENTED_EDGE ( 'NONE', *, *, #1685, .F. ) ;
#1177 = CARTESIAN_POINT ( 'NONE',  ( 0.6063435978379100311, 0.4000000000000000222, -0.8521231673945843799 ) ) ;
#1178 = CARTESIAN_POINT ( 'NONE',  ( -0.7234572250487545375, 0.4000000000000000222, -1.993698532121102263 ) ) ;
#1179 = CARTESIAN_POINT ( 'NONE',  ( 0.5699695832812657903, 0.4000000000000000222, -0.6638675985771006482 ) ) ;
#1180 = ADVANCED_FACE ( 'NONE', ( #1688 ), #1799, .F. ) ;
#1181 = CARTESIAN_POINT ( 'NONE',  ( -0.02199921452142035438, 0.000000000000000000, -1.424020565257352988 ) ) ;
#1182 = CARTESIAN_POINT ( 'NONE',  ( -0.6063444134277176101, -0.000000000000000000, 1.256365044718809720 ) ) ;
#1183 = EDGE_LOOP ( 'NONE', ( #1902, #724, #1735, #73 ) ) ;
#1184 = CARTESIAN_POINT ( 'NONE',  ( -0.2858485863873341248, 0.000000000000000000, 1.748733644226164063 ) ) ;
#1185 = CARTESIAN_POINT ( 'NONE',  ( 0.1205044412873673143, 0.4000000000000000222, -1.419502376006049005 ) ) ;
#1186 = CARTESIAN_POINT ( 'NONE',  ( 0.3493386106350724885, -5.421010862427522170E-17, 2.399136368894705829 ) ) ;
#1187 = EDGE_LOOP ( 'NONE', ( #2238, #2423, #2021, #1444 ) ) ;
#1188 = CARTESIAN_POINT ( 'NONE',  ( -1.444682153515724155, 0.000000000000000000, -0.4410127540440871852 ) ) ;
#1189 = CARTESIAN_POINT ( 'NONE',  ( -1.444682153515724155, 0.4000000000000000222, -0.4410127540440871852 ) ) ;
#1190 = CARTESIAN_POINT ( 'NONE',  ( 1.501327167733558676, 0.000000000000000000, -0.9680775242464959573 ) ) ;
#1191 = CARTESIAN_POINT ( 'NONE',  ( -1.538413899267247809, 0.4000000000000000222, -0.6801256856053046196 ) ) ;
#1192 = CARTESIAN_POINT ( 'NONE',  ( -0.3173580954118367381, 0.4000000000000000222, 2.396804838086674661 ) ) ;
#1193 = CARTESIAN_POINT ( 'NONE',  ( -0.03051442337428291948, -0.000000000000000000, 0.6289061722343542993 ) ) ;
#1194 = VERTEX_POINT ( 'NONE', #542 ) ;
#1195 = CARTESIAN_POINT ( 'NONE',  ( -0.6378851995394680952, 0.000000000000000000, -0.6641084884841158553 ) ) ;
#1196 = EDGE_CURVE ( 'NONE', #1494, #2577, #2566, .T. ) ;
#1197 = CARTESIAN_POINT ( 'NONE',  ( -0.3020071268946397103, 0.000000000000000000, -1.393961566579365874 ) ) ;
#1198 = CARTESIAN_POINT ( 'NONE',  ( 1.357532961485036882, -5.421010862427522170E-17, 1.578692003449586378 ) ) ;
#1199 = VERTEX_POINT ( 'NONE', #528 ) ;
#1200 = CARTESIAN_POINT ( 'NONE',  ( -0.6029896541513689590, 0.000000000000000000, 1.395676683017937680 ) ) ;
#1201 = CARTESIAN_POINT ( 'NONE',  ( -0.7544281242085429939, -5.421010862427522170E-17, 0.2278374315389530280 ) ) ;
#1202 = VECTOR ( 'NONE', #1949, 1000.000000000000000 ) ;
#1203 = CARTESIAN_POINT ( 'NONE',  ( 0.1066814558719722666, 0.000000000000000000, -2.061730461496030120 ) ) ;
#1204 = CARTESIAN_POINT ( 'NONE',  ( -1.554837519589173045, 0.4000000000000000222, -0.7655595891981944456 ) ) ;
#1205 = CARTESIAN_POINT ( 'NONE',  ( -0.6063444134277176101, 0.4000000000000000222, 1.256365044718809720 ) ) ;
#1206 = CARTESIAN_POINT ( 'NONE',  ( 1.053880677908697994, -5.421010862427522170E-17, 2.123093763084305863 ) ) ;
#1207 = CARTESIAN_POINT ( 'NONE',  ( -1.419322760028817632, 0.4000000000000000222, 1.500139717772842829 ) ) ;
#1208 = CARTESIAN_POINT ( 'NONE',  ( 1.255701778395325263, 0.000000000000000000, 1.880892425479035346 ) ) ;
#1209 = ORIENTED_EDGE ( 'NONE', *, *, #437, .F. ) ;
#1210 = CARTESIAN_POINT ( 'NONE',  ( -0.6719760071997546991, 0.000000000000000000, -0.8860397737789780237 ) ) ;
#1211 = AXIS2_PLACEMENT_3D ( 'NONE', #2023, #1550, #1773 ) ;
#1212 = CARTESIAN_POINT ( 'NONE',  ( 1.373499510635327159, 0.4000000000000000222, 1.300954714097830589 ) ) ;
#1213 = CARTESIAN_POINT ( 'NONE',  ( 1.357532961485036882, 0.4000000000000000222, 1.578692003449586378 ) ) ;
#1214 = EDGE_CURVE ( 'NONE', #794, #1230, #2222, .T. ) ;
#1215 = EDGE_LOOP ( 'NONE', ( #1656, #2149, #1378, #1571 ) ) ;
#1216 = CARTESIAN_POINT ( 'NONE',  ( 1.503946301828022580, 0.4000000000000000222, -0.8270418802897139265 ) ) ;
#1217 = CARTESIAN_POINT ( 'NONE',  ( -0.6999750074997446170, 0.4000000000000000222, 0.1959215949563415105 ) ) ;
#1218 = CARTESIAN_POINT ( 'NONE',  ( -0.1366811918743565113, -0.000000000000000000, -2.062901638944802940 ) ) ;
#1219 = CARTESIAN_POINT ( 'NONE',  ( 1.403345002801074548, 0.4000000000000000222, -1.352211303729524916 ) ) ;
#1220 = CARTESIAN_POINT ( 'NONE',  ( -0.2858485863873341248, 0.4000000000000000222, 1.748733644226164063 ) ) ;
#1221 = CARTESIAN_POINT ( 'NONE',  ( 1.000247577127324483, 0.000000000000000000, 0.07417363475488643332 ) ) ;
#1222 = ORIENTED_EDGE ( 'NONE', *, *, #1397, .F. ) ;
#1223 = CARTESIAN_POINT ( 'NONE',  ( -0.6999750074997446170, 0.000000000000000000, 0.1959215949563415105 ) ) ;
#1224 = CARTESIAN_POINT ( 'NONE',  ( 0.2828935852210432977, 0.4000000000000000222, -2.044705977246266126 ) ) ;
#1225 = B_SPLINE_CURVE_WITH_KNOTS ( 'NONE', 3,
 ( #364, #826, #2673, #122, #811, #1466, #1045, #589, #1941, #2852, #1720 ),
 .UNSPECIFIED., .F., .F.,
 ( 4, 1, 1, 1, 1, 1, 1, 1, 4 ),
 ( 0.000000000000000000, 0.1600287939255009839, 0.3052128595525682164, 0.4367344963722023521, 0.5587880790980832568, 0.6716139206163920239, 0.7795036924405052137, 0.8879131397074535581, 1.000000000000000000 ),
 .UNSPECIFIED. ) ;
#1226 = ORIENTED_EDGE ( 'NONE', *, *, #2618, .T. ) ;
#1227 = CARTESIAN_POINT ( 'NONE',  ( -0.3335296087708565782, 0.000000000000000000, -0.2885611658282551395 ) ) ;
#1228 = DIRECTION ( 'NONE',  ( 0.000000000000000000, -0.000000000000000000, -1.000000000000000000 ) ) ;
#1229 = CARTESIAN_POINT ( 'NONE',  ( 0.01999928592856417553, 0.4000000000000000222, 2.415842333026959832 ) ) ;
#1230 = VERTEX_POINT ( 'NONE', #1262 ) ;
#1231 = LINE ( 'NONE', #2105, #2060 ) ;
#1232 = FACE_OUTER_BOUND ( 'NONE', #2127, .T. ) ;
#1233 = EDGE_CURVE ( 'NONE', #979, #2467, #1980, .T. ) ;
#1234 = CARTESIAN_POINT ( 'NONE',  ( 1.194144312361261173, 0.000000000000000000, -1.660167972451590757 ) ) ;
#1235 = CARTESIAN_POINT ( 'NONE',  ( -1.072661274730404957, 0.4000000000000000222, -0.03038591351774620752 ) ) ;
#1236 = DIRECTION ( 'NONE',  ( 0.000000000000000000, 0.000000000000000000, -1.000000000000000000 ) ) ;
#1237 = ADVANCED_FACE ( 'NONE', ( #171 ), #908, .F. ) ;
#1238 = DIRECTION ( 'NONE',  ( 0.000000000000000000, 0.7071067811865460184, 0.7071067811865490160 ) ) ;
#1239 = CARTESIAN_POINT ( 'NONE',  ( 0.5126237969861312527, 0.000000000000000000, 1.483429637471408435 ) ) ;
#1240 = CARTESIAN_POINT ( 'NONE',  ( 1.480019468870558574, 0.4000000000000000222, -1.103919355131180335 ) ) ;
#1241 = VERTEX_POINT ( 'NONE', #2834 ) ;
#1242 = PLANE ( 'NONE',  #1488 ) ;
#1243 = DIRECTION ( 'NONE',  ( 0.000000000000000000, 0.000000000000000000, 1.000000000000000000 ) ) ;
#1244 = CARTESIAN_POINT ( 'NONE',  ( 0.2413446449025103968, -5.421010862427522170E-17, 0.7467447266511495485 ) ) ;
#1245 = EDGE_LOOP ( 'NONE', ( #141, #707, #34, #1652 ) ) ;
#1246 = CARTESIAN_POINT ( 'NONE',  ( 1.501540521534979966, 0.4000000000000000222, -0.7377322232499037291 ) ) ;
#1247 = CARTESIAN_POINT ( 'NONE',  ( -0.07399735793568706921, 0.4000000000000000777, -0.1250669441971127005 ) ) ;
#1248 = B_SPLINE_CURVE_WITH_KNOTS ( 'NONE', 3,
 ( #1150, #239, #2485, #2501, #2304, #2291, #1395, #960, #1593, #1619, #1371 ),
 .UNSPECIFIED., .F., .F.,
 ( 4, 1, 1, 1, 1, 1, 1, 1, 4 ),
 ( 0.000000000000000000, 0.1551121076743002813, 0.2991065941053578925, 0.4322427015000950279, 0.5556460887368981361, 0.6710428445712872669, 0.7810564267867041721, 0.8900830131546878521, 1.000000000000000000 ),
 .UNSPECIFIED. ) ;
#1249 = CARTESIAN_POINT ( 'NONE',  ( -0.4209397683716232796, 0.4000000000000000222, -2.048283332923836575 ) ) ;
#1250 = CARTESIAN_POINT ( 'NONE',  ( -1.483383555952318744, 0.4000000000000000222, -0.5177218696579892754 ) ) ;
#1251 = DIRECTION ( 'NONE',  ( -0.000000000000000000, -1.000000000000000000, -0.000000000000000000 ) ) ;
#1252 = CARTESIAN_POINT ( 'NONE',  ( -0.1684356730577247219, 0.4000000000000000222, -1.419436294891742056 ) ) ;
#1253 = B_SPLINE_CURVE_WITH_KNOTS ( 'NONE', 3,
 ( #584, #358, #1920, #2204, #2653, #1495, #632, #133, #1477, #1526, #2142, #2827, #2415, #2382, #1733, #821, #2624, #116, #2398 ),
 .UNSPECIFIED., .F., .F.,
 ( 4, 1, 1, 1, 1, 1, 1, 1, 1, 1, 1, 1, 1, 1, 1, 1, 4 ),
 ( 0.000000000000000000, 0.06024154434176438866, 0.1181361561437235808, 0.1743306221830834835, 0.2293441248101640573, 0.2840137640919032092, 0.3384199535373434431, 0.3928983066006920821, 0.4485306532461006412, 0.5060517977224238129, 0.5661833049414335406, 0.6287285985730345361, 0.6945137632296567443, 0.7645004946290925307, 0.8385005335306517926, 0.9165750233227022425, 1.000000000000000000 ),
 .UNSPECIFIED. ) ;
#1254 = CARTESIAN_POINT ( 'NONE',  ( 1.334372619301406271, 0.4000000000000000222, 1.684964038911225925 ) ) ;
#1255 = ORIENTED_EDGE ( 'NONE', *, *, #2618, .F. ) ;
#1256 = EDGE_CURVE ( 'NONE', #1828, #261, #1225, .T. ) ;
#1257 = CARTESIAN_POINT ( 'NONE',  ( 0.1374241454456900380, 0.4000000000000000222, 0.6702530088581695189 ) ) ;
#1258 = LINE ( 'NONE', #585, #1349 ) ;
#1259 = CARTESIAN_POINT ( 'NONE',  ( 1.503946301828022580, 0.000000000000000000, -0.8270418802897139265 ) ) ;
#1260 = CARTESIAN_POINT ( 'NONE',  ( -0.8676062753182298692, 0.000000000000000000, 2.233821177836880612 ) ) ;
#1261 = CARTESIAN_POINT ( 'NONE',  ( 0.6079782922283495372, 5.421010862427522170E-17, -0.8920395595575473235 ) ) ;
#1262 = CARTESIAN_POINT ( 'NONE',  ( 1.503946301828022580, 0.4000000000000000222, -0.8270418802897139265 ) ) ;
#1263 = ORIENTED_EDGE ( 'NONE', *, *, #2707, .T. ) ;
#1264 = CARTESIAN_POINT ( 'NONE',  ( -0.2858485863873341248, 0.000000000000000000, 1.748733644226164063 ) ) ;
#1265 = CARTESIAN_POINT ( 'NONE',  ( -0.3335296087708565782, 0.000000000000000000, -0.2885611658282551395 ) ) ;
#1266 = UNCERTAINTY_MEASURE_WITH_UNIT (LENGTH_MEASURE( 1.000000000000000082E-05 ), #2075, 'distance_accuracy_value', 'NONE');
#1267 = CARTESIAN_POINT ( 'NONE',  ( -0.5835369268137060583, 0.4000000000000000222, -1.211319942658443338 ) ) ;
#1268 = CARTESIAN_POINT ( 'NONE',  ( -0.02199921452142035438, 0.4000000000000000222, -1.424020565257352988 ) ) ;
#1269 = CARTESIAN_POINT ( 'NONE',  ( 1.501327167733558676, 0.4000000000000000222, -0.9680775242464959573 ) ) ;
#1270 = CARTESIAN_POINT ( 'NONE',  ( -0.03699867896784364563, 0.4000000000000000777, 1.775865183312907991 ) ) ;
#1271 = CARTESIAN_POINT ( 'NONE',  ( 0.4079173584646437201, 0.000000000000000000, 0.9057640848510416509 ) ) ;
#1272 = ORIENTED_EDGE ( 'NONE', *, *, #2892, .F. ) ;
#1273 = CARTESIAN_POINT ( 'NONE',  ( 0.3324814563097387432, -5.421010862427522170E-17, 0.8242394864603436178 ) ) ;
#1274 = AXIS2_PLACEMENT_3D ( 'NONE', #2583, #306, #1504 ) ;
#1275 = CARTESIAN_POINT ( 'NONE',  ( 1.194144312361261173, 0.000000000000000000, -1.660167972451590757 ) ) ;
#1276 = EDGE_CURVE ( 'NONE', #575, #2242, #2817, .T. ) ;
#1277 = CARTESIAN_POINT ( 'NONE',  ( 1.472702756345575903, 0.4000000000000000222, -0.5661966073361254237 ) ) ;
#1278 = CARTESIAN_POINT ( 'NONE',  ( -1.476393215957614524, 0.000000000000000000, -1.424268136312736965 ) ) ;
#1279 = LINE ( 'NONE', #858, #2453 ) ;
#1280 = CARTESIAN_POINT ( 'NONE',  ( 0.5392231949186097051, 0.000000000000000000, 1.382407888776762572 ) ) ;
#1281 = ORIENTED_EDGE ( 'NONE', *, *, #1990, .F. ) ;
#1282 = CARTESIAN_POINT ( 'NONE',  ( 0.02746577526431996652, -0.000000000000000000, -1.422452239280749930 ) ) ;
#1283 = CARTESIAN_POINT ( 'NONE',  ( 1.368590312143095566, 0.000000000000000000, 1.196966393760249270 ) ) ;
#1284 = DIRECTION ( 'NONE',  ( 0.000000000000000000, 0.000000000000000000, 1.000000000000000000 ) ) ;
#1285 = CARTESIAN_POINT ( 'NONE',  ( -0.2525268968764525779, 0.4000000000000000222, -2.060774170520213833 ) ) ;
#1286 = CARTESIAN_POINT ( 'NONE',  ( 0.3428720228116135527, 0.4000000000000000777, -0.3772314806557360289 ) ) ;
#1287 = CARTESIAN_POINT ( 'NONE',  ( -0.1670312549608714836, 0.4000000000000000222, 1.771908444693414353 ) ) ;
#1288 = CARTESIAN_POINT ( 'NONE',  ( -0.03699867896784364563, 0.4000000000000000777, 1.775865183312907991 ) ) ;
#1289 = CARTESIAN_POINT ( 'NONE',  ( 0.5426519440411391448, 0.4000000000000000222, 1.241021889775437481 ) ) ;
#1290 = CARTESIAN_POINT ( 'NONE',  ( 1.501327167733558676, 0.000000000000000000, -0.9680775242464959573 ) ) ;
#1291 = CARTESIAN_POINT ( 'NONE',  ( 1.150826677194491499, 0.000000000000000000, -0.05035678605928591012 ) ) ;
#1292 = CARTESIAN_POINT ( 'NONE',  ( -1.566916306630182110, 0.4000000000000000222, -0.9881125276126976331 ) ) ;
#1293 = CARTESIAN_POINT ( 'NONE',  ( -1.074531951636190641, 0.000000000000000000, 2.095583861373350842 ) ) ;
#1294 = CARTESIAN_POINT ( 'NONE',  ( 1.503137201529950673, 0.4000000000000000222, -0.7970056918893888565 ) ) ;
#1295 = ORIENTED_EDGE ( 'NONE', *, *, #212, .F. ) ;
#1296 = CARTESIAN_POINT ( 'NONE',  ( -0.3861219820298277816, 0.000000000000000000, 1.707414033076273485 ) ) ;
#1297 = EDGE_CURVE ( 'NONE', #2467, #2846, #989, .T. ) ;
#1298 = CARTESIAN_POINT ( 'NONE',  ( 0.8004263438049475932, 0.000000000000000000, 0.3937725042689723676 ) ) ;
#1299 = CARTESIAN_POINT ( 'NONE',  ( -0.5779523392737498932, 0.000000000000000000, -2.025351539703656112 ) ) ;
#1300 = CARTESIAN_POINT ( 'NONE',  ( -1.091743597664720511, 0.4000000000000000222, -1.844842441328946370 ) ) ;
#1301 = CARTESIAN_POINT ( 'NONE',  ( 0.3428720228116135527, 5.421010862427522170E-17, -0.3772314806557360289 ) ) ;
#1302 =( NAMED_UNIT ( * ) SI_UNIT ( $, .STERADIAN. ) SOLID_ANGLE_UNIT ( ) );
#1303 = CARTESIAN_POINT ( 'NONE',  ( 0.5400054404195678837, 0.4000000000000000222, 1.175565653959586232 ) ) ;
#1304 = DIRECTION ( 'NONE',  ( -0.000000000000000000, 1.000000000000000000, -0.000000000000000000 ) ) ;
#1305 = CIRCLE ( 'NONE', #71, 3.850000000000000977 ) ;
#1306 = CARTESIAN_POINT ( 'NONE',  ( 1.000247577127324483, 0.4000000000000000222, 0.07417363475488643332 ) ) ;
#1307 = B_SPLINE_CURVE_WITH_KNOTS ( 'NONE', 3,
 ( #387, #2184, #1285, #404, #161, #1065, #1964, #2873, #1300, #848, #2932, #710, #2744, #670, #1839, #1788, #237, #1575, #2689 ),
 .UNSPECIFIED., .F., .F.,
 ( 4, 1, 1, 1, 1, 1, 1, 1, 1, 1, 1, 1, 1, 1, 1, 1, 4 ),
 ( 0.000000000000000000, 0.08452255404608126355, 0.1640571096661349870, 0.2389534905332945380, 0.3090416517698260090, 0.3747340365544375995, 0.4369676580754859319, 0.4960819482658066493, 0.5528977872137931238, 0.6074735330254281696, 0.6609419582370559265, 0.7141116223017772713, 0.7675321077793779700, 0.8220588444552031637, 0.8789550134395774927, 0.9376304892395358470, 1.000000000000000000 ),
 .UNSPECIFIED. ) ;
#1308 = CARTESIAN_POINT ( 'NONE',  ( -1.545840013579556249, 0.000000000000000000, -1.198128824498822409 ) ) ;
#1309 = CARTESIAN_POINT ( 'NONE',  ( 1.480019468870558574, 0.4000000000000000222, -1.103919355131180335 ) ) ;
#1310 = CARTESIAN_POINT ( 'NONE',  ( 0.3324814563097387432, 0.4000000000000000222, 0.8242394864603436178 ) ) ;
#1311 = ORIENTED_EDGE ( 'NONE', *, *, #1963, .T. ) ;
#1312 = CARTESIAN_POINT ( 'NONE',  ( -0.6378851995394680952, 0.000000000000000000, -0.6641084884841158553 ) ) ;
#1313 = CARTESIAN_POINT ( 'NONE',  ( -0.8573753273120852114, 0.000000000000000000, -1.952794825594315276 ) ) ;
#1314 = CARTESIAN_POINT ( 'NONE',  ( -1.281241428325084808, 0.000000000000000000, -1.702460893113681317 ) ) ;
#1315 = CARTESIAN_POINT ( 'NONE',  ( 0.6061828075014749073, 0.000000000000000000, -0.9315661933097609815 ) ) ;
#1316 = CARTESIAN_POINT ( 'NONE',  ( 0.2157050395334451365, 0.4000000000000000222, 1.745831804434919032 ) ) ;
#1317 = VECTOR ( 'NONE', #1126, 1000.000000000000000 ) ;
#1318 = CARTESIAN_POINT ( 'NONE',  ( 0.5400054404195678837, 0.000000000000000000, 1.175565653959586232 ) ) ;
#1319 = CARTESIAN_POINT ( 'NONE',  ( -0.07699725082497177464, 0.000000000000000000, -2.063997714971405273 ) ) ;
#1320 = DIRECTION ( 'NONE',  ( -0.000000000000000000, -1.000000000000000000, -0.000000000000000000 ) ) ;
#1321 = CARTESIAN_POINT ( 'NONE',  ( -0.1684356730577247219, 0.000000000000000000, -1.419436294891742056 ) ) ;
#1322 = CARTESIAN_POINT ( 'NONE',  ( -0.5779523392737498932, 0.000000000000000000, -2.025351539703656112 ) ) ;
#1323 = CARTESIAN_POINT ( 'NONE',  ( 0.5126237969861312527, 0.4000000000000000777, 1.483429637471408435 ) ) ;
#1324 = VERTEX_POINT ( 'NONE', #1034 ) ;
#1325 = CARTESIAN_POINT ( 'NONE',  ( -0.6704156271124570576, 0.000000000000000000, -0.8478529168474324695 ) ) ;
#1326 = CARTESIAN_POINT ( 'NONE',  ( -1.390064163708334855, 0.4000000000000000222, 1.615638646249138777 ) ) ;
#1327 = CARTESIAN_POINT ( 'NONE',  ( -1.423177211381425611, 0.000000000000000000, -1.525187584148822495 ) ) ;
#1328 = DIRECTION ( 'NONE',  ( -0.000000000000000000, 1.000000000000000000, -0.000000000000000000 ) ) ;
#1329 = CARTESIAN_POINT ( 'NONE',  ( 0.5439805772569443754, 0.4000000000000000222, 1.273883106505948160 ) ) ;
#1330 = CARTESIAN_POINT ( 'NONE',  ( -1.331989475509270049, 0.000000000000000000, 0.7681846941010778140 ) ) ;
#1331 = DIRECTION ( 'NONE',  ( -0.000000000000000000, -1.000000000000000000, -0.000000000000000000 ) ) ;
#1332 = EDGE_CURVE ( 'NONE', #1642, #995, #1914, .T. ) ;
#1333 = CARTESIAN_POINT ( 'NONE',  ( 6.184466335694133068E-16, 20.00000000000000000, 5.049999999999999822 ) ) ;
#1334 = CARTESIAN_POINT ( 'NONE',  ( -1.564921755733318376, 0.000000000000000000, -1.073651703586010475 ) ) ;
#1335 = CARTESIAN_POINT ( 'NONE',  ( 1.198007939247910825, 0.4000000000000000222, 1.968063720138111039 ) ) ;
#1336 = EDGE_LOOP ( 'NONE', ( #2614, #1813, #1671, #1602 ) ) ;
#1337 = CARTESIAN_POINT ( 'NONE',  ( -0.3335296087708565782, 0.000000000000000000, -0.2885611658282551395 ) ) ;
#1338 = CARTESIAN_POINT ( 'NONE',  ( -1.234844469246214160, 0.4000000000000000222, 1.925333993044754832 ) ) ;
#1339 = CARTESIAN_POINT ( 'NONE',  ( 0.4482332217770583216, -5.421010862427522170E-17, -2.020972366736603743 ) ) ;
#1340 = EDGE_LOOP ( 'NONE', ( #2225, #1840, #1747, #2134 ) ) ;
#1341 = CARTESIAN_POINT ( 'NONE',  ( 0.6079782922283495372, 5.421010862427522170E-17, -0.8920395595575473235 ) ) ;
#1342 = CARTESIAN_POINT ( 'NONE',  ( -0.6703572716277040877, 0.000000000000000000, -0.9272576194450159459 ) ) ;
#1343 = CARTESIAN_POINT ( 'NONE',  ( 0.009177463314286260498, -0.000000000000000000, 1.774824410392987772 ) ) ;
#1344 = CARTESIAN_POINT ( 'NONE',  ( -0.6063444134277176101, 0.4000000000000000222, 1.256365044718809720 ) ) ;
#1345 = EDGE_CURVE ( 'NONE', #1136, #2598, #1439, .T. ) ;
#1346 = CARTESIAN_POINT ( 'NONE',  ( -0.6719760071997545881, 0.4000000000000000222, -0.8860397737789779127 ) ) ;
#1347 = CARTESIAN_POINT ( 'NONE',  ( -0.5275412331932902710, 0.000000000000000000, 1.001170946196096034 ) ) ;
#1348 = CARTESIAN_POINT ( 'NONE',  ( -1.439948586856617307, 0.4000000000000000222, 1.252883856280955666 ) ) ;
#1349 = VECTOR ( 'NONE', #1937, 1000.000000000000000 ) ;
#1350 = CARTESIAN_POINT ( 'NONE',  ( 0.5126237969861312527, 5.421010862427522170E-17, 1.483429637471408435 ) ) ;
#1351 = EDGE_LOOP ( 'NONE', ( #2381, #1420, #875, #2414 ) ) ;
#1352 = DIRECTION ( 'NONE',  ( -0.000000000000000000, -1.000000000000000000, -0.000000000000000000 ) ) ;
#1353 = CARTESIAN_POINT ( 'NONE',  ( -1.159871247195219057, 0.000000000000000000, 2.013831499106505607 ) ) ;
#1354 = CARTESIAN_POINT ( 'NONE',  ( 0.1066814558719722666, -5.421010862427522170E-17, -2.061730461496030120 ) ) ;
#1355 = EDGE_LOOP ( 'NONE', ( #2718, #1076, #1525, #2180 ) ) ;
#1356 = CARTESIAN_POINT ( 'NONE',  ( -1.330356231893978336, 0.000000000000000000, -0.2705426074623907828 ) ) ;
#1357 = CARTESIAN_POINT ( 'NONE',  ( 0.5423508460412955756, 0.4000000000000000222, 1.311060321360653091 ) ) ;
#1358 = CARTESIAN_POINT ( 'NONE',  ( -0.03699867896784364563, 5.421010862427522170E-17, 1.775865183312907991 ) ) ;
#1359 = CARTESIAN_POINT ( 'NONE',  ( -0.4595595781102480570, 0.4000000000000000222, 0.9169381923026329595 ) ) ;
#1360 = CARTESIAN_POINT ( 'NONE',  ( 1.074104529993695767, 0.000000000000000000, 0.6297259862371471506 ) ) ;
#1361 = CARTESIAN_POINT ( 'NONE',  ( -0.5750245291072062503, 0.000000000000000000, 1.091406178654915848 ) ) ;
#1362 = CARTESIAN_POINT ( 'NONE',  ( -1.007954614085858847, 0.4000000000000000222, 0.3933394089264717342 ) ) ;
#1363 = EDGE_CURVE ( 'NONE', #1230, #623, #30, .T. ) ;
#1364 = CARTESIAN_POINT ( 'NONE',  ( -0.03699867896784364563, 0.4000000000000000777, 1.775865183312907991 ) ) ;
#1365 = ORIENTED_EDGE ( 'NONE', *, *, #2039, .T. ) ;
#1366 = CARTESIAN_POINT ( 'NONE',  ( 1.236979913037135725, 0.4000000000000000222, -0.1449580777392820707 ) ) ;
#1367 = ADVANCED_FACE ( 'NONE', ( #1728 ), #2837, .T. ) ;
#1368 = CARTESIAN_POINT ( 'NONE',  ( -1.350209565443414528, 0.000000000000000000, 1.725579656549052876 ) ) ;
#1369 = CARTESIAN_POINT ( 'NONE',  ( 0.4690814405906679196, 0.000000000000000000, 1.573172140967451060 ) ) ;
#1370 = EDGE_LOOP ( 'NONE', ( #1705, #2270, #430, #2541 ) ) ;
#1371 = CARTESIAN_POINT ( 'NONE',  ( 0.5439805772569443754, 5.421010862427522170E-17, 1.273883106505948160 ) ) ;
#1372 = CARTESIAN_POINT ( 'NONE',  ( -1.567944016799427631, -5.421010862427522170E-17, -0.9440377029718139967 ) ) ;
#1373 = CARTESIAN_POINT ( 'NONE',  ( 0.2220737101408598313, 0.4000000000000000222, -0.2928559524038553685 ) ) ;
#1374 = CARTESIAN_POINT ( 'NONE',  ( -0.6672646771478665251, 0.4000000000000000222, -1.006004317904313883 ) ) ;
#1375 = DIRECTION ( 'NONE',  ( -1.000000000000000000, 0.000000000000000000, -0.000000000000000000 ) ) ;
#1376 = CARTESIAN_POINT ( 'NONE',  ( -1.007954614085858847, -5.421010862427522170E-17, 0.3933394089264717342 ) ) ;
#1377 = CARTESIAN_POINT ( 'NONE',  ( 1.490089039405267268, 0.4000000000000000222, -0.6504624894226022080 ) ) ;
#1378 = ORIENTED_EDGE ( 'NONE', *, *, #1132, .F. ) ;
#1379 = CARTESIAN_POINT ( 'NONE',  ( -1.438746904574933039, 0.4000000000000000222, 1.295268748352550681 ) ) ;
#1380 = FACE_OUTER_BOUND ( 'NONE', #1020, .T. ) ;
#1381 = CARTESIAN_POINT ( 'NONE',  ( 1.403345002801074548, -5.421010862427522170E-17, -1.352211303729524916 ) ) ;
#1382 = ADVANCED_FACE ( 'NONE', ( #893 ), #2412, .F. ) ;
#1383 = ORIENTED_EDGE ( 'NONE', *, *, #1566, .F. ) ;
#1384 = CARTESIAN_POINT ( 'NONE',  ( 0.5699695832812657903, 0.4000000000000000222, -0.6638675985771006482 ) ) ;
#1385 = DIRECTION ( 'NONE',  ( 0.000000000000000000, 0.000000000000000000, 1.000000000000000000 ) ) ;
#1386 = CARTESIAN_POINT ( 'NONE',  ( 0.5731944841109420929, 0.000000000000000000, -1.114080851450164111 ) ) ;
#1387 = DIRECTION ( 'NONE',  ( 0.000000000000000000, 0.000000000000000000, -1.000000000000000000 ) ) ;
#1388 = CARTESIAN_POINT ( 'NONE',  ( -1.437437656313922618, 0.4000000000000000222, 1.194686315309402724 ) ) ;
#1389 = CARTESIAN_POINT ( 'NONE',  ( -1.394846507835313831, -5.421010862427522170E-17, 0.9179133902636706921 ) ) ;
#1390 = ORIENTED_EDGE ( 'NONE', *, *, #2379, .F. ) ;
#1391 = CARTESIAN_POINT ( 'NONE',  ( -0.07399735793568706921, 5.421010862427522170E-17, -0.1250669441971127005 ) ) ;
#1392 = CARTESIAN_POINT ( 'NONE',  ( -0.02199921452142035438, 0.4000000000000000222, -1.424020565257352988 ) ) ;
#1393 = CARTESIAN_POINT ( 'NONE',  ( 1.480019468870558574, 0.4000000000000000222, -1.103919355131180335 ) ) ;
#1394 = VERTEX_POINT ( 'NONE', #658 ) ;
#1395 = CARTESIAN_POINT ( 'NONE',  ( 0.4701534560579639921, 0.000000000000000000, 0.9897528722496171660 ) ) ;
#1396 = CARTESIAN_POINT ( 'NONE',  ( -1.513956966890967593, 0.4000000000000000222, -0.5975800959906519827 ) ) ;
#1397 = EDGE_CURVE ( 'NONE', #1494, #935, #388, .T. ) ;
#1398 = CARTESIAN_POINT ( 'NONE',  ( -0.8967015425104619686, 0.4000000000000000222, 0.08923791705276033770 ) ) ;
#1399 = DIRECTION ( 'NONE',  ( 0.000000000000000000, -1.000000000000000000, 0.000000000000000000 ) ) ;
#1400 = LINE ( 'NONE', #1022, #698 ) ;
#1401 = B_SPLINE_CURVE_WITH_KNOTS ( 'NONE', 3,
 ( #2114, #2097, #272, #56, #537, #2536, #964, #1861, #774, #1388, #760 ),
 .UNSPECIFIED., .F., .F.,
 ( 4, 1, 1, 1, 1, 1, 1, 1, 4 ),
 ( 0.000000000000000000, 0.1389507443776183959, 0.2705026947870308729, 0.3957479780324771879, 0.5158745501172480319, 0.6329517442430293572, 0.7507123856491765279, 0.8719479895379226297, 1.000000000000000000 ),
 .UNSPECIFIED. ) ;
#1402 = VECTOR ( 'NONE', #2824, 1000.000000000000000 ) ;
#1403 = ORIENTED_EDGE ( 'NONE', *, *, #420, .F. ) ;
#1404 = LINE ( 'NONE', #932, #599 ) ;
#1405 = CARTESIAN_POINT ( 'NONE',  ( 0.000000000000000000, 2.000000000000000000, 0.000000000000000000 ) ) ;
#1406 = CARTESIAN_POINT ( 'NONE',  ( 1.198007939247910825, -5.421010862427522170E-17, 1.968063720138111039 ) ) ;
#1407 = ORIENTED_EDGE ( 'NONE', *, *, #669, .F. ) ;
#1408 = VECTOR ( 'NONE', #949, 1000.000000000000000 ) ;
#1409 = CARTESIAN_POINT ( 'NONE',  ( 0.08263551419288560351, 5.421010862427522170E-17, -0.2058737567262605983 ) ) ;
#1410 = CARTESIAN_POINT ( 'NONE',  ( -1.399705152094068206, 0.4000000000000000222, -0.3672346117929667919 ) ) ;
#1411 = CARTESIAN_POINT ( 'NONE',  ( 0.7012828638470128828, -0.000000000000000000, 0.2603331095139913010 ) ) ;
#1412 = CARTESIAN_POINT ( 'NONE',  ( -0.07399735793568706921, 0.4000000000000000777, -0.1250669441971127005 ) ) ;
#1413 = ADVANCED_FACE ( 'NONE', ( #1553 ), #2017, .F. ) ;
#1414 = CARTESIAN_POINT ( 'NONE',  ( 1.180042649219598117, 0.000000000000000000, 0.7607031525509135861 ) ) ;
#1415 = SURFACE_SIDE_STYLE ('',( #1637 ) ) ;
#1416 = EDGE_LOOP ( 'NONE', ( #2884, #751 ) ) ;
#1417 = DIRECTION ( 'NONE',  ( 0.000000000000000000, 1.000000000000000000, -0.000000000000000000 ) ) ;
#1418 = CARTESIAN_POINT ( 'NONE',  ( 0.9470424573237214982, 0.4000000000000000222, 0.5078535688496372824 ) ) ;
#1419 = CARTESIAN_POINT ( 'NONE',  ( 0.6359772925283394551, 0.4000000000000000222, 0.2959180245991621661 ) ) ;
#1420 = ORIENTED_EDGE ( 'NONE', *, *, #420, .T. ) ;
#1421 = CARTESIAN_POINT ( 'NONE',  ( 1.276380114230316387, 0.4000000000000000222, -0.1849342329804396501 ) ) ;
#1422 = CARTESIAN_POINT ( 'NONE',  ( -0.7673180744485176286, -5.421010862427522170E-17, 0.1594018338422101000 ) ) ;
#1423 = CARTESIAN_POINT ( 'NONE',  ( -0.07699725082497177464, 0.000000000000000000, -2.063997714971405273 ) ) ;
#1424 = CARTESIAN_POINT ( 'NONE',  ( -1.554837519589173045, -5.421010862427522170E-17, -0.7655595891981944456 ) ) ;
#1425 = DIRECTION ( 'NONE',  ( 0.000000000000000000, 0.000000000000000000, 1.000000000000000000 ) ) ;
#1426 = CARTESIAN_POINT ( 'NONE',  ( 0.7012828638470128828, 0.000000000000000000, 0.2603331095139913010 ) ) ;
#1427 = CARTESIAN_POINT ( 'NONE',  ( 0.6061828075014749073, 0.4000000000000000222, -0.9315661933097609815 ) ) ;
#1428 = DIRECTION ( 'NONE',  ( 0.000000000000000000, 0.000000000000000000, 1.000000000000000000 ) ) ;
#1429 = EDGE_CURVE ( 'NONE', #168, #1868, #1305, .T. ) ;
#1430 = VERTEX_POINT ( 'NONE', #1507 ) ;
#1431 = CARTESIAN_POINT ( 'NONE',  ( -0.6704156271124570576, 0.000000000000000000, -0.8478529168474324695 ) ) ;
#1432 = CARTESIAN_POINT ( 'NONE',  ( -0.01990190112616539025, 0.000000000000000000, -0.1529747605940274813 ) ) ;
#1433 = DIRECTION ( 'NONE',  ( 1.000000000000000000, -0.000000000000000000, 0.000000000000000000 ) ) ;
#1434 = EDGE_LOOP ( 'NONE', ( #1679, #1119, #2812, #4 ) ) ;
#1435 = DIRECTION ( 'NONE',  ( 0.000000000000000000, 1.000000000000000000, 0.000000000000000000 ) ) ;
#1436 = CARTESIAN_POINT ( 'NONE',  ( -0.8604348597266531229, -5.421010862427522170E-17, 0.2899696629325226871 ) ) ;
#1437 = VECTOR ( 'NONE', #2, 1000.000000000000000 ) ;
#1438 = CARTESIAN_POINT ( 'NONE',  ( -0.07699725082497177464, 0.000000000000000000, -2.063997714971405273 ) ) ;
#1439 = LINE ( 'NONE', #325, #1202 ) ;
#1440 = CARTESIAN_POINT ( 'NONE',  ( -0.03699867896784364563, 0.4000000000000000222, 1.775865183312907991 ) ) ;
#1441 = CARTESIAN_POINT ( 'NONE',  ( 1.132496614775913679, 0.4000000000000000222, 2.050008532936696604 ) ) ;
#1442 = CARTESIAN_POINT ( 'NONE',  ( 0.9470424573237214982, 0.4000000000000000222, 0.5078535688496372824 ) ) ;
#1443 = CARTESIAN_POINT ( 'NONE',  ( 0.6027503586489265652, 0.000000000000000000, -1.007129714757275307 ) ) ;
#1444 = ORIENTED_EDGE ( 'NONE', *, *, #2544, .T. ) ;
#1445 = EDGE_CURVE ( 'NONE', #2786, #1667, #1523, .T. ) ;
#1446 = CARTESIAN_POINT ( 'NONE',  ( -0.4716956630423849717, 0.4000000000000000222, 2.371747620228133790 ) ) ;
#1447 = AXIS2_PLACEMENT_3D ( 'NONE', #2449, #441, #244 ) ;
#1448 = CARTESIAN_POINT ( 'NONE',  ( 0.6079782922283495372, 0.000000000000000000, -0.8920395595575473235 ) ) ;
#1449 = CARTESIAN_POINT ( 'NONE',  ( 1.255701778395325263, -5.421010862427522170E-17, 1.880892425479035346 ) ) ;
#1450 = EDGE_LOOP ( 'NONE', ( #1403, #131, #457, #2433 ) ) ;
#1451 = CARTESIAN_POINT ( 'NONE',  ( -0.6999750074997446170, 0.4000000000000000222, 0.1959215949563415105 ) ) ;
#1452 = B_SPLINE_CURVE_WITH_KNOTS ( 'NONE', 3,
 ( #54, #2057, #2110, #1859, #1191, #84, #269, #2070, #2295, #2750, #2279, #1621, #1398, #1647, #990 ),
 .UNSPECIFIED., .F., .F.,
 ( 4, 1, 1, 1, 1, 1, 1, 1, 1, 1, 1, 1, 4 ),
 ( 0.000000000000000000, 0.06003831784040639108, 0.1185174089102424139, 0.1756767015595261383, 0.2320161616059254750, 0.2885905228496541963, 0.3446204230804460478, 0.4017302485697500924, 0.4593743358440074975, 0.5798017087899348665, 0.7089774919042215462, 0.8485250972179008144, 1.000000000000000000 ),
 .UNSPECIFIED. ) ;
#1453 = ADVANCED_FACE ( 'NONE', ( #1564 ), #2271, .T. ) ;
#1454 = CARTESIAN_POINT ( 'NONE',  ( -1.437437656313922618, -5.421010862427522170E-17, 1.194686315309402724 ) ) ;
#1455 = CARTESIAN_POINT ( 'NONE',  ( 1.472702756345575903, 0.000000000000000000, -0.5661966073361254237 ) ) ;
#1456 = DIRECTION ( 'NONE',  ( 0.000000000000000000, 0.000000000000000000, 1.000000000000000000 ) ) ;
#1457 = CARTESIAN_POINT ( 'NONE',  ( -0.3020071268946397103, 0.4000000000000000222, -1.393961566579365874 ) ) ;
#1458 = CARTESIAN_POINT ( 'NONE',  ( 1.373303198869541442, 0.4000000000000000222, 1.467684165188903211 ) ) ;
#1459 = ORIENTED_EDGE ( 'NONE', *, *, #2320, .F. ) ;
#1460 = CARTESIAN_POINT ( 'NONE',  ( 0.5439805772569444864, 0.4000000000000000222, 1.273883106505948382 ) ) ;
#1461 = CARTESIAN_POINT ( 'NONE',  ( 1.503059518121323102, -5.421010862427522170E-17, -0.8747935824225114843 ) ) ;
#1462 = EDGE_LOOP ( 'NONE', ( #2523, #1879, #2404, #780 ) ) ;
#1463 = CARTESIAN_POINT ( 'NONE',  ( -0.6147233684548747412, 0.000000000000000000, 2.334559345286322696 ) ) ;
#1464 = PRODUCT_DEFINITION_FORMATION_WITH_SPECIFIED_SOURCE ( 'ANY', '', #1481, .NOT_KNOWN. ) ;
#1465 = CARTESIAN_POINT ( 'NONE',  ( 0.2828935852210432977, 0.4000000000000000222, -2.044705977246266126 ) ) ;
#1466 = CARTESIAN_POINT ( 'NONE',  ( -0.5243499483971389985, 0.000000000000000000, -0.4656647986112716908 ) ) ;
#1467 = EDGE_LOOP ( 'NONE', ( #1824, #543 ) ) ;
#1468 = CARTESIAN_POINT ( 'NONE',  ( 1.472702756345575903, 0.4000000000000000222, -0.5661966073361254237 ) ) ;
#1469 = CARTESIAN_POINT ( 'NONE',  ( 1.334372619301406271, 0.4000000000000000222, 1.684964038911225925 ) ) ;
#1470 = CARTESIAN_POINT ( 'NONE',  ( -0.3020071268946397103, 0.4000000000000000222, -1.393961566579365874 ) ) ;
#1471 = EDGE_CURVE ( 'NONE', #1199, #288, #1094, .T. ) ;
#1472 = CARTESIAN_POINT ( 'NONE',  ( -0.8967015425104619686, 0.4000000000000000222, 0.08923791705276033770 ) ) ;
#1473 = CARTESIAN_POINT ( 'NONE',  ( -1.330356231893978336, 0.4000000000000000222, -0.2705426074623907828 ) ) ;
#1474 = CARTESIAN_POINT ( 'NONE',  ( -0.5910264949317018957, 0.4000000000000000222, -0.5619706249919602659 ) ) ;
#1475 = CARTESIAN_POINT ( 'NONE',  ( 1.375057805339863437, 0.4000000000000000222, 1.391603913517173829 ) ) ;
#1476 = ORIENTED_EDGE ( 'NONE', *, *, #2637, .T. ) ;
#1477 = CARTESIAN_POINT ( 'NONE',  ( -1.159871247195219057, 0.000000000000000000, 2.013831499106505607 ) ) ;
#1478 = CARTESIAN_POINT ( 'NONE',  ( 1.346389639794323356, 0.000000000000000000, -1.463796882099786867 ) ) ;
#1479 = ORIENTED_EDGE ( 'NONE', *, *, #2417, .T. ) ;
#1480 = CARTESIAN_POINT ( 'NONE',  ( -1.234844469246214160, 0.4000000000000000222, 1.925333993044754832 ) ) ;
#1481 = PRODUCT ( 'JK-RTF-02-15-01 Knob_8', 'JK-RTF-02-15-01 Knob_8', '', ( #2508 ) ) ;
#1482 = CARTESIAN_POINT ( 'NONE',  ( 1.501327167733558676, 0.4000000000000000222, -0.9680775242464959573 ) ) ;
#1483 = CARTESIAN_POINT ( 'NONE',  ( 0.4079173584646437201, 0.4000000000000000222, 0.9057640848510416509 ) ) ;
#1484 = ORIENTED_EDGE ( 'NONE', *, *, #1867, .T. ) ;
#1485 = CARTESIAN_POINT ( 'NONE',  ( -0.7544281242085429939, 0.4000000000000000222, 0.2278374315389530280 ) ) ;
#1486 = B_SPLINE_SURFACE_WITH_KNOTS ( 'NONE', 3, 1, ( 
 ( #69, #309 ),
 ( #1205, #976 ),
 ( #508, #2736 ),
 ( #43, #296 ),
 ( #482, #2764 ),
 ( #2504, #744 ),
 ( #2095, #2319 ),
 ( #939, #701 ),
 ( #962, #728 ),
 ( #283, #1153 ),
 ( #1886, #1166 ) ),
 .UNSPECIFIED., .F., .F., .F.,
 ( 4, 1, 1, 1, 1, 1, 1, 1, 4 ),
 ( 2, 2 ),
 ( 0.000000000000000000, 0.1046565004484280165, 0.2046262793345784980, 0.3051377930066048183, 0.4124766795195625724, 0.5314293496787417803, 0.6671015806974641693, 0.8219489542329886378, 1.000000000000000000 ),
 ( 0.000000000000000000, 1.000000000000000000 ),
 .UNSPECIFIED. ) ;
#1487 = CARTESIAN_POINT ( 'NONE',  ( -1.007954614085858847, -5.421010862427522170E-17, 0.3933394089264717342 ) ) ;
#1488 = AXIS2_PLACEMENT_3D ( 'NONE', #1057, #1088, #2223 ) ;
#1489 = CARTESIAN_POINT ( 'NONE',  ( -1.191989444025516987, 0.000000000000000000, -1.777706274102278883 ) ) ;
#1490 = CARTESIAN_POINT ( 'NONE',  ( -0.4595595781102480570, 0.4000000000000000222, 0.9169381923026329595 ) ) ;
#1491 = CARTESIAN_POINT ( 'NONE',  ( -1.483383555952318744, -5.421010862427522170E-17, -0.5177218696579892754 ) ) ;
#1492 = DIRECTION ( 'NONE',  ( 0.000000000000000000, -1.000000000000000000, 0.000000000000000000 ) ) ;
#1493 = VECTOR ( 'NONE', #1433, 1000.000000000000000 ) ;
#1494 = VERTEX_POINT ( 'NONE', #1841 ) ;
#1495 = CARTESIAN_POINT ( 'NONE',  ( -1.350209565443414528, 0.000000000000000000, 1.725579656549052876 ) ) ;
#1496 = CARTESIAN_POINT ( 'NONE',  ( 0.8749511794941270404, -5.421010862427522170E-17, -1.884486469569117029 ) ) ;
#1497 = CARTESIAN_POINT ( 'NONE',  ( 1.375950871885212701, 0.000000000000000000, 1.352880285923776515 ) ) ;
#1498 = CARTESIAN_POINT ( 'NONE',  ( 1.368590312143095566, 0.4000000000000000222, 1.196966393760249270 ) ) ;
#1499 = CARTESIAN_POINT ( 'NONE',  ( -1.438746904574933039, -0.000000000000000000, 1.295268748352550681 ) ) ;
#1500 = CARTESIAN_POINT ( 'NONE',  ( -0.8676062753182298692, 0.4000000000000000222, 2.233821177836880612 ) ) ;
#1501 = ORIENTED_EDGE ( 'NONE', *, *, #2544, .F. ) ;
#1502 = CARTESIAN_POINT ( 'NONE',  ( -1.567944016799427631, 0.4000000000000000222, -0.9440377029718139967 ) ) ;
#1503 = VECTOR ( 'NONE', #2557, 1000.000000000000000 ) ;
#1504 = DIRECTION ( 'NONE',  ( 0.000000000000000000, 0.000000000000000000, -1.000000000000000000 ) ) ;
#1505 = CARTESIAN_POINT ( 'NONE',  ( -1.564921755733318376, 0.000000000000000000, -1.073651703586010475 ) ) ;
#1506 = CARTESIAN_POINT ( 'NONE',  ( -1.517867507986575104, 0.000000000000000000, -1.315150078973171599 ) ) ;
#1507 = CARTESIAN_POINT ( 'NONE',  ( 1.375950871885212479, 0.4000000000000000222, 1.352880285923776293 ) ) ;
#1508 = CARTESIAN_POINT ( 'NONE',  ( -0.5315823043304828133, 0.4000000000000000222, 1.578114875441134268 ) ) ;
#1509 = CARTESIAN_POINT ( 'NONE',  ( 0.1205044412873673143, 0.4000000000000000222, -1.419502376006049005 ) ) ;
#1510 = CARTESIAN_POINT ( 'NONE',  ( 0.2413446449025103968, 0.4000000000000000222, 0.7467447266511495485 ) ) ;
#1511 =( GEOMETRIC_REPRESENTATION_CONTEXT ( 3 ) GLOBAL_UNCERTAINTY_ASSIGNED_CONTEXT ( ( #1708 ) ) GLOBAL_UNIT_ASSIGNED_CONTEXT ( ( #2459, #450, #1302 ) ) REPRESENTATION_CONTEXT ( 'NONE', 'WORKASPACE' ) );
#1512 = CARTESIAN_POINT ( 'NONE',  ( 0.7440882139549332974, -5.421010862427522170E-17, -1.938781977994613603 ) ) ;
#1513 = EDGE_CURVE ( 'NONE', #1041, #761, #1674, .T. ) ;
#1514 = ORIENTED_EDGE ( 'NONE', *, *, #178, .T. ) ;
#1515 = CARTESIAN_POINT ( 'NONE',  ( 1.276380114230316387, 0.000000000000000000, -0.1849342329804396501 ) ) ;
#1516 = DIRECTION ( 'NONE',  ( 0.000000000000000000, -1.000000000000000000, 0.000000000000000000 ) ) ;
#1517 = CARTESIAN_POINT ( 'NONE',  ( 0.4701534560579639921, 0.4000000000000000222, 0.9897528722496171660 ) ) ;
#1518 = VERTEX_POINT ( 'NONE', #1137 ) ;
#1519 = CARTESIAN_POINT ( 'NONE',  ( 0.000000000000000000, 20.50000000000001066, 4.349999999999999645 ) ) ;
#1520 = CARTESIAN_POINT ( 'NONE',  ( 1.264879221391959074, 0.000000000000000000, 0.8989750049347908778 ) ) ;
#1521 = DIRECTION ( 'NONE',  ( -0.000000000000000000, -1.000000000000000000, -0.000000000000000000 ) ) ;
#1522 = CARTESIAN_POINT ( 'NONE',  ( -0.5275412331932902710, 0.000000000000000000, 1.001170946196096034 ) ) ;
#1523 = LINE ( 'NONE', #405, #1967 ) ;
#1524 = CARTESIAN_POINT ( 'NONE',  ( 0.5400054404195678837, 0.4000000000000000222, 1.175565653959586232 ) ) ;
#1525 = ORIENTED_EDGE ( 'NONE', *, *, #135, .T. ) ;
#1526 = CARTESIAN_POINT ( 'NONE',  ( -1.074531951636190641, 0.000000000000000000, 2.095583861373350842 ) ) ;
#1527 = CARTESIAN_POINT ( 'NONE',  ( 0.4969477264321552901, 0.000000000000000000, 2.375764923677987195 ) ) ;
#1528 = CARTESIAN_POINT ( 'NONE',  ( 0.8275033032931372601, 0.4000000000000000222, 0.1915557674127215115 ) ) ;
#1529 = CARTESIAN_POINT ( 'NONE',  ( 1.264879221391959074, 0.4000000000000000222, 0.8989750049347908778 ) ) ;
#1530 = EDGE_CURVE ( 'NONE', #1667, #890, #2435, .T. ) ;
#1531 = CARTESIAN_POINT ( 'NONE',  ( 0.07769332679916693407, 0.4000000000000000222, 2.414865137277137475 ) ) ;
#1532 = CARTESIAN_POINT ( 'NONE',  ( -0.9766097512721420015, 0.4000000000000000222, 2.168633428461176127 ) ) ;
#1533 = EDGE_LOOP ( 'NONE', ( #1209, #2588, #2745, #23 ) ) ;
#1534 = CARTESIAN_POINT ( 'NONE',  ( -0.08209934519530642794, 0.4000000000000000777, 1.774492822991162955 ) ) ;
#1535 = LINE ( 'NONE', #2226, #1725 ) ;
#1536 = CARTESIAN_POINT ( 'NONE',  ( -0.5107003537661052306, 0.4000000000000000222, -1.290773019872018201 ) ) ;
#1537 = CARTESIAN_POINT ( 'NONE',  ( -1.439948586856617307, 0.000000000000000000, 1.252883856280955666 ) ) ;
#1538 = CARTESIAN_POINT ( 'NONE',  ( -0.02199921452142035438, 0.4000000000000000222, -1.424020565257352988 ) ) ;
#1539 = CARTESIAN_POINT ( 'NONE',  ( -0.02199921452142035438, 0.4000000000000000222, -1.424020565257352988 ) ) ;
#1540 = CARTESIAN_POINT ( 'NONE',  ( 0.5426519440411391448, -0.000000000000000000, 1.241021889775437481 ) ) ;
#1541 = B_SPLINE_CURVE_WITH_KNOTS ( 'NONE', 3,
 ( #1021, #2431, #1749, #2173, #150, #1054, #1698, #165, #1303, #2157, #2847 ),
 .UNSPECIFIED., .F., .F.,
 ( 4, 1, 1, 1, 1, 1, 1, 1, 4 ),
 ( 0.000000000000000000, 0.1551121076743002813, 0.2991065941053578925, 0.4322427015000950279, 0.5556460887368981361, 0.6710428445712872669, 0.7810564267867041721, 0.8900830131546878521, 1.000000000000000000 ),
 .UNSPECIFIED. ) ;
#1542 = CARTESIAN_POINT ( 'NONE',  ( -1.483383555952318744, 0.000000000000000000, -0.5177218696579892754 ) ) ;
#1543 = CARTESIAN_POINT ( 'NONE',  ( 1.357532961485036882, 0.000000000000000000, 1.578692003449586378 ) ) ;
#1544 = AXIS2_PLACEMENT_3D ( 'NONE', #1651, #2767, #1428 ) ;
#1545 = ORIENTED_EDGE ( 'NONE', *, *, #376, .F. ) ;
#1546 = CARTESIAN_POINT ( 'NONE',  ( -0.07699725082497177464, 0.000000000000000000, -2.063997714971405273 ) ) ;
#1547 = CARTESIAN_POINT ( 'NONE',  ( 0.5392231949186097051, 5.421010862427522170E-17, 1.382407888776762572 ) ) ;
#1548 = ORIENTED_EDGE ( 'NONE', *, *, #923, .T. ) ;
#1549 = CYLINDRICAL_SURFACE ( 'NONE', #1624, 5.049999999999999822 ) ;
#1550 = DIRECTION ( 'NONE',  ( 0.000000000000000000, 1.000000000000000000, 0.000000000000000000 ) ) ;
#1551 = CARTESIAN_POINT ( 'NONE',  ( -1.545840013579556249, 0.000000000000000000, -1.198128824498822409 ) ) ;
#1552 = EDGE_CURVE ( 'NONE', #1560, #2303, #1248, .T. ) ;
#1553 = FACE_OUTER_BOUND ( 'NONE', #1434, .T. ) ;
#1554 = CARTESIAN_POINT ( 'NONE',  ( -0.3861219820298277816, 0.4000000000000000222, 1.707414033076273485 ) ) ;
#1555 = CARTESIAN_POINT ( 'NONE',  ( -0.7544281242085429939, -0.000000000000000000, 0.2278374315389530280 ) ) ;
#1556 = CARTESIAN_POINT ( 'NONE',  ( 0.7440882139549332974, 0.000000000000000000, -1.938781977994613603 ) ) ;
#1557 = FACE_BOUND ( 'NONE', #1942, .T. ) ;
#1558 = CARTESIAN_POINT ( 'NONE',  ( -0.8573753273120852114, 0.000000000000000000, -1.952794825594315276 ) ) ;
#1559 = CARTESIAN_POINT ( 'NONE',  ( 0.4969477264321552901, 0.4000000000000000222, 2.375764923677987195 ) ) ;
#1560 = VERTEX_POINT ( 'NONE', #2277 ) ;
#1561 = CARTESIAN_POINT ( 'NONE',  ( -1.567944016799427631, 0.000000000000000000, -0.9440377029718139967 ) ) ;
#1562 = CARTESIAN_POINT ( 'NONE',  ( -1.281241428325084808, 0.000000000000000000, -1.702460893113681317 ) ) ;
#1563 = CARTESIAN_POINT ( 'NONE',  ( 1.501327167733558676, 0.4000000000000000222, -0.9680775242464959573 ) ) ;
#1564 = FACE_OUTER_BOUND ( 'NONE', #1336, .T. ) ;
#1565 = CARTESIAN_POINT ( 'NONE',  ( 0.4079173584646437201, 0.4000000000000000222, 0.9057640848510416509 ) ) ;
#1566 = EDGE_CURVE ( 'NONE', #2396, #2261, #968, .T. ) ;
#1567 = CARTESIAN_POINT ( 'NONE',  ( -1.394846507835313831, 0.000000000000000000, 0.9179133902636706921 ) ) ;
#1568 = CARTESIAN_POINT ( 'NONE',  ( 0.2157050395334451365, 0.4000000000000000222, 1.745831804434919032 ) ) ;
#1569 = CARTESIAN_POINT ( 'NONE',  ( 0.1205044412873673143, 0.4000000000000000222, -1.419502376006049005 ) ) ;
#1570 = CARTESIAN_POINT ( 'NONE',  ( 0.3187958739332997782, 0.4000000000000000777, 1.705947015358708629 ) ) ;
#1571 = ORIENTED_EDGE ( 'NONE', *, *, #2199, .T. ) ;
#1572 = B_SPLINE_CURVE_WITH_KNOTS ( 'NONE', 3,
 ( #2531, #507, #2094, #127, #2330, #988, #1250, #2123, #110, #546, #975, #324, #1472, #2345, #1634 ),
 .UNSPECIFIED., .F., .F.,
 ( 4, 1, 1, 1, 1, 1, 1, 1, 1, 1, 1, 1, 4 ),
 ( 0.000000000000000000, 0.06003831784040639108, 0.1185174089102424139, 0.1756767015595261383, 0.2320161616059254750, 0.2885905228496541963, 0.3446204230804460478, 0.4017302485697500924, 0.4593743358440074975, 0.5798017087899348665, 0.7089774919042215462, 0.8485250972179008144, 1.000000000000000000 ),
 .UNSPECIFIED. ) ;
#1573 = CARTESIAN_POINT ( 'NONE',  ( 1.503946301828022580, 0.4000000000000000222, -0.8270418802897139265 ) ) ;
#1574 = CARTESIAN_POINT ( 'NONE',  ( -1.567944016799427631, 0.000000000000000000, -0.9440377029718139967 ) ) ;
#1575 = CARTESIAN_POINT ( 'NONE',  ( -1.566916306630182110, 0.4000000000000000222, -0.9881125276126976331 ) ) ;
#1576 = ORIENTED_EDGE ( 'NONE', *, *, #2039, .F. ) ;
#1577 = CARTESIAN_POINT ( 'NONE',  ( 0.6063435978379100311, -0.000000000000000000, -0.8521231673945843799 ) ) ;
#1578 = CARTESIAN_POINT ( 'NONE',  ( 0.5439805772569443754, 5.421010862427522170E-17, 1.273883106505948160 ) ) ;
#1579 = EDGE_CURVE ( 'NONE', #1103, #1828, #2699, .T. ) ;
#1580 = CARTESIAN_POINT ( 'NONE',  ( -0.6999750074997446170, 0.4000000000000000222, 0.1959215949563415105 ) ) ;
#1581 = CARTESIAN_POINT ( 'NONE',  ( 1.373303198869541442, 0.000000000000000000, 1.467684165188903211 ) ) ;
#1582 = B_SPLINE_SURFACE_WITH_KNOTS ( 'NONE', 3, 1, ( 
 ( #2864, #1938 ),
 ( #2145, #2849 ),
 ( #1528, #394 ),
 ( #1306, #1717 ),
 ( #1766, #1291 ),
 ( #1072, #186 ),
 ( #2626, #1991 ),
 ( #2895, #1972 ),
 ( #1277, #2669 ),
 ( #2610, #377 ),
 ( #649, #604 ),
 ( #119, #1023 ),
 ( #586, #1259 ) ),
 .UNSPECIFIED., .F., .F., .F.,
 ( 4, 1, 1, 1, 1, 1, 1, 1, 1, 1, 4 ),
 ( 2, 2 ),
 ( 0.000000000000000000, 0.1488401616933228977, 0.2876733215377531017, 0.4174748824588686014, 0.5393220372385026939, 0.6550207751846648385, 0.7678741544607107228, 0.8240149571879443746, 0.8813490423102168236, 0.9398749119825381415, 1.000000000000000000 ),
 ( 0.000000000000000000, 1.000000000000000000 ),
 .UNSPECIFIED. ) ;
#1583 = EDGE_CURVE ( 'NONE', #1046, #2008, #1231, .T. ) ;
#1584 = DIRECTION ( 'NONE',  ( -0.000000000000000000, -1.000000000000000000, -0.000000000000000000 ) ) ;
#1585 = CARTESIAN_POINT ( 'NONE',  ( -0.07399735793568706921, 0.4000000000000000777, -0.1250669441971127005 ) ) ;
#1586 = CARTESIAN_POINT ( 'NONE',  ( -0.7544281242085429939, 0.4000000000000000222, 0.2278374315389530280 ) ) ;
#1587 = CARTESIAN_POINT ( 'NONE',  ( 0.009177463314286260498, 0.4000000000000000777, 1.774824410392987772 ) ) ;
#1588 = EDGE_LOOP ( 'NONE', ( #999, #2528, #2796, #2623 ) ) ;
#1589 = CARTESIAN_POINT ( 'NONE',  ( -0.08209934519530642794, 0.000000000000000000, 1.774492822991162955 ) ) ;
#1590 = CARTESIAN_POINT ( 'NONE',  ( -0.1523637654928110263, 0.4000000000000000222, 2.413555244290861879 ) ) ;
#1591 = CARTESIAN_POINT ( 'NONE',  ( 0.5392231949186097051, 0.4000000000000000777, 1.382407888776762572 ) ) ;
#1592 = ORIENTED_EDGE ( 'NONE', *, *, #1579, .F. ) ;
#1593 = CARTESIAN_POINT ( 'NONE',  ( 0.5400054404195678837, 0.000000000000000000, 1.175565653959586232 ) ) ;
#1594 = PLANE ( 'NONE',  #2693 ) ;
#1595 = CARTESIAN_POINT ( 'NONE',  ( -0.02199921452142035438, 0.000000000000000000, -1.424020565257352988 ) ) ;
#1596 = VECTOR ( 'NONE', #1659, 1000.000000000000000 ) ;
#1597 = FACE_OUTER_BOUND ( 'NONE', #916, .T. ) ;
#1598 = PLANE ( 'NONE',  #2101 ) ;
#1599 = CARTESIAN_POINT ( 'NONE',  ( -1.245787371818408928, 0.4000000000000000222, 0.6309673259169041870 ) ) ;
#1600 = EDGE_CURVE ( 'NONE', #553, #217, #1782, .T. ) ;
#1601 = CARTESIAN_POINT ( 'NONE',  ( 6.184466335694133068E-16, 23.00000000000000000, 5.049999999999999822 ) ) ;
#1602 = ORIENTED_EDGE ( 'NONE', *, *, #1005, .T. ) ;
#1603 = CARTESIAN_POINT ( 'NONE',  ( -0.03699867896784364563, 0.4000000000000000777, 1.775865183312907991 ) ) ;
#1604 = CARTESIAN_POINT ( 'NONE',  ( -1.438746904574933039, 0.000000000000000000, 1.295268748352550681 ) ) ;
#1605 = CARTESIAN_POINT ( 'NONE',  ( 1.194144312361261173, -5.421010862427522170E-17, -1.660167972451590757 ) ) ;
#1606 = ORIENTED_EDGE ( 'NONE', *, *, #2232, .F. ) ;
#1607 = CARTESIAN_POINT ( 'NONE',  ( -1.224649254970284540, 0.000000000000000000, -0.1558393767083770254 ) ) ;
#1608 = DIRECTION ( 'NONE',  ( -0.000000000000000000, -1.000000000000000000, 0.000000000000000000 ) ) ;
#1609 = CARTESIAN_POINT ( 'NONE',  ( 0.3622201948799326221, 0.000000000000000000, -1.350691196230342284 ) ) ;
#1610 = CARTESIAN_POINT ( 'NONE',  ( 1.373499510635327159, 0.000000000000000000, 1.300954714097830589 ) ) ;
#1611 = CARTESIAN_POINT ( 'NONE',  ( 1.132496614775913679, 0.000000000000000000, 2.050008532936696604 ) ) ;
#1612 = CARTESIAN_POINT ( 'NONE',  ( 1.503137201529950673, -0.000000000000000000, -0.7970056918893888565 ) ) ;
#1613 = ORIENTED_EDGE ( 'NONE', *, *, #634, .T. ) ;
#1614 = ADVANCED_FACE ( 'NONE', ( #1881, #1690 ), #2328, .T. ) ;
#1615 = CARTESIAN_POINT ( 'NONE',  ( -0.6079782922283495372, 0.000000000000000000, 1.290882499545227713 ) ) ;
#1616 = CARTESIAN_POINT ( 'NONE',  ( 1.074104529993695767, 0.4000000000000000222, 0.6297259862371471506 ) ) ;
#1617 = CARTESIAN_POINT ( 'NONE',  ( 0.5392231949186097051, 0.000000000000000000, 1.382407888776762572 ) ) ;
#1618 = VERTEX_POINT ( 'NONE', #1216 ) ;
#1619 = CARTESIAN_POINT ( 'NONE',  ( 0.5426519440411391448, -0.000000000000000000, 1.241021889775437481 ) ) ;
#1620 = CARTESIAN_POINT ( 'NONE',  ( -1.072661274730404957, -5.421010862427522170E-17, -0.03038591351774620752 ) ) ;
#1621 = CARTESIAN_POINT ( 'NONE',  ( -1.072661274730404957, 0.4000000000000000222, -0.03038591351774620752 ) ) ;
#1622 = CARTESIAN_POINT ( 'NONE',  ( -0.8604348597266531229, 0.000000000000000000, 0.2899696629325226871 ) ) ;
#1623 = CARTESIAN_POINT ( 'NONE',  ( -0.1268284912854910074, 0.000000000000000000, 0.6812554027255662836 ) ) ;
#1624 = AXIS2_PLACEMENT_3D ( 'NONE', #191, #1960, #876 ) ;
#1625 = EDGE_LOOP ( 'NONE', ( #64, #666, #539, #1061 ) ) ;
#1626 = CARTESIAN_POINT ( 'NONE',  ( -1.350209565443414528, 0.4000000000000000222, 1.725579656549052876 ) ) ;
#1627 = CIRCLE ( 'NONE', #360, 4.349999999999999645 ) ;
#1628 = CARTESIAN_POINT ( 'NONE',  ( -0.01990190112616539025, 0.4000000000000000777, -0.1529747605940274813 ) ) ;
#1629 = CARTESIAN_POINT ( 'NONE',  ( 1.298276542413782320, -5.421010862427522170E-17, 1.784921728761671211 ) ) ;
#1630 = ORIENTED_EDGE ( 'NONE', *, *, #2293, .T. ) ;
#1631 = CARTESIAN_POINT ( 'NONE',  ( -1.567944016799427631, 0.000000000000000000, -0.9440377029718139967 ) ) ;
#1632 = CARTESIAN_POINT ( 'NONE',  ( 0.000000000000000000, 20.00000000000000000, -3.049999999999999822 ) ) ;
#1633 = EDGE_CURVE ( 'NONE', #2315, #2303, #349, .T. ) ;
#1634 = CARTESIAN_POINT ( 'NONE',  ( -0.6999750074997446170, 0.4000000000000000222, 0.1959215949563415105 ) ) ;
#1635 = CARTESIAN_POINT ( 'NONE',  ( 0.3428720228116135527, 0.4000000000000000222, -0.3772314806557360289 ) ) ;
#1636 = CARTESIAN_POINT ( 'NONE',  ( -1.331989475509270049, 0.000000000000000000, 0.7681846941010778140 ) ) ;
#1637 = SURFACE_STYLE_FILL_AREA ( #258 ) ;
#1638 = EDGE_LOOP ( 'NONE', ( #2255, #1501, #2700, #653 ) ) ;
#1639 = CARTESIAN_POINT ( 'NONE',  ( 0.01999928592856417553, 0.000000000000000000, 2.415842333026959832 ) ) ;
#1640 = CARTESIAN_POINT ( 'NONE',  ( 0.5731944841109420929, 0.4000000000000000222, -1.114080851450164111 ) ) ;
#1641 = CARTESIAN_POINT ( 'NONE',  ( 1.375057805339863437, -5.421010862427522170E-17, 1.391603913517173829 ) ) ;
#1642 = VERTEX_POINT ( 'NONE', #576 ) ;
#1643 = AXIS2_PLACEMENT_3D ( 'NONE', #2139, #1917, #1068 ) ;
#1644 = CARTESIAN_POINT ( 'NONE',  ( 1.376366981742979778, 0.4000000000000000222, -0.3294373599087843107 ) ) ;
#1645 = CARTESIAN_POINT ( 'NONE',  ( -1.330356231893978336, -5.421010862427522170E-17, -0.2705426074623907828 ) ) ;
#1646 = CARTESIAN_POINT ( 'NONE',  ( -0.07399735793568706921, 0.4000000000000000222, -0.1250669441971127005 ) ) ;
#1647 = CARTESIAN_POINT ( 'NONE',  ( -0.7673180744485176286, 0.4000000000000000222, 0.1594018338422101000 ) ) ;
#1648 = EDGE_CURVE ( 'NONE', #123, #1618, #2030, .T. ) ;
#1649 = CARTESIAN_POINT ( 'NONE',  ( 0.000000000000000000, 20.00000000000000000, -5.049999999999999822 ) ) ;
#1650 = CARTESIAN_POINT ( 'NONE',  ( 1.264879221391959074, 0.000000000000000000, 0.8989750049347908778 ) ) ;
#1651 = CARTESIAN_POINT ( 'NONE',  ( 0.000000000000000000, 20.50000000000001066, 0.000000000000000000 ) ) ;
#1652 = ORIENTED_EDGE ( 'NONE', *, *, #2216, .T. ) ;
#1653 = CARTESIAN_POINT ( 'NONE',  ( -0.6673460608248429349, 0.4000000000000000777, -0.7727320603194487436 ) ) ;
#1654 = CARTESIAN_POINT ( 'NONE',  ( 0.5185231090490310946, 0.000000000000000000, -0.5605027395380078881 ) ) ;
#1655 = CARTESIAN_POINT ( 'NONE',  ( 0.07769332679916693407, 0.4000000000000000222, 2.414865137277137475 ) ) ;
#1656 = ORIENTED_EDGE ( 'NONE', *, *, #1043, .T. ) ;
#1657 = CARTESIAN_POINT ( 'NONE',  ( 1.437053486703623983, 0.4000000000000000222, -0.4587462474296751247 ) ) ;
#1658 = CARTESIAN_POINT ( 'NONE',  ( -0.7544281242085429939, 0.4000000000000000222, 0.2278374315389530280 ) ) ;
#1659 = DIRECTION ( 'NONE',  ( -0.000000000000000000, -1.000000000000000000, -0.000000000000000000 ) ) ;
#1660 = CARTESIAN_POINT ( 'NONE',  ( 0.1066814558719722666, 0.4000000000000000222, -2.061730461496030120 ) ) ;
#1661 = LINE ( 'NONE', #2394, #2723 ) ;
#1662 = CARTESIAN_POINT ( 'NONE',  ( 1.000247577127324483, 0.4000000000000000222, 0.07417363475488643332 ) ) ;
#1663 = EDGE_CURVE ( 'NONE', #261, #156, #2844, .T. ) ;
#1664 = CARTESIAN_POINT ( 'NONE',  ( 0.6359772925283394551, 0.000000000000000000, 0.2959180245991621661 ) ) ;
#1665 = CARTESIAN_POINT ( 'NONE',  ( 1.357532961485036882, 0.000000000000000000, 1.578692003449586378 ) ) ;
#1666 = EDGE_CURVE ( 'NONE', #2242, #1783, #835, .T. ) ;
#1667 = VERTEX_POINT ( 'NONE', #641 ) ;
#1668 = CARTESIAN_POINT ( 'NONE',  ( 0.01999928592856417553, 0.4000000000000000222, 2.415842333026959832 ) ) ;
#1669 = CARTESIAN_POINT ( 'NONE',  ( 1.180042649219598117, 0.4000000000000000222, 0.7607031525509135861 ) ) ;
#1670 = LINE ( 'NONE', #737, #312 ) ;
#1671 = ORIENTED_EDGE ( 'NONE', *, *, #2106, .T. ) ;
#1672 = CARTESIAN_POINT ( 'NONE',  ( -0.5315823043304828133, 0.000000000000000000, 1.578114875441134268 ) ) ;
#1673 = CARTESIAN_POINT ( 'NONE',  ( 0.8655541069393225539, 0.4000000000000000222, 2.248539654246168862 ) ) ;
#1674 = CIRCLE ( 'NONE', #29, 5.049999999999999822 ) ;
#1675 = CARTESIAN_POINT ( 'NONE',  ( 1.276958459264290413, 0.000000000000000000, -1.566936693758170129 ) ) ;
#1676 = CARTESIAN_POINT ( 'NONE',  ( -1.444682153515724155, -5.421010862427522170E-17, -0.4410127540440871852 ) ) ;
#1677 = CARTESIAN_POINT ( 'NONE',  ( -0.6079782922283495372, 0.4000000000000000222, 1.290882499545227713 ) ) ;
#1678 = CARTESIAN_POINT ( 'NONE',  ( 1.490089039405267268, 0.000000000000000000, -0.6504624894226022080 ) ) ;
#1679 = ORIENTED_EDGE ( 'NONE', *, *, #2724, .F. ) ;
#1680 = CARTESIAN_POINT ( 'NONE',  ( 0.1374241454456900380, -5.421010862427522170E-17, 0.6702530088581695189 ) ) ;
#1681 = CARTESIAN_POINT ( 'NONE',  ( 0.9927403741014735328, 0.000000000000000000, -1.818541298946570572 ) ) ;
#1682 = ORIENTED_EDGE ( 'NONE', *, *, #158, .F. ) ;
#1683 = CARTESIAN_POINT ( 'NONE',  ( -0.6719760071997546991, 0.4000000000000000777, -0.8860397737789780237 ) ) ;
#1684 = VECTOR ( 'NONE', #1763, 1000.000000000000000 ) ;
#1685 = EDGE_CURVE ( 'NONE', #905, #2438, #351, .T. ) ;
#1686 = CARTESIAN_POINT ( 'NONE',  ( -1.439948586856617307, 0.000000000000000000, 1.252883856280955666 ) ) ;
#1687 = B_SPLINE_CURVE_WITH_KNOTS ( 'NONE', 3,
 ( #2108, #1411, #82, #1016, #2318, #1915, #1871, #768, #1455, #2821, #2360, #2777, #801 ),
 .UNSPECIFIED., .F., .F.,
 ( 4, 1, 1, 1, 1, 1, 1, 1, 1, 1, 4 ),
 ( 0.000000000000000000, 0.1488401616933228977, 0.2876733215377531017, 0.4174748824588686014, 0.5393220372385026939, 0.6550207751846648385, 0.7678741544607107228, 0.8240149571879443746, 0.8813490423102168236, 0.9398749119825381415, 1.000000000000000000 ),
 .UNSPECIFIED. ) ;
#1688 = FACE_OUTER_BOUND ( 'NONE', #2040, .T. ) ;
#1689 = ORIENTED_EDGE ( 'NONE', *, *, #1066, .F. ) ;
#1690 = FACE_BOUND ( 'NONE', #2592, .T. ) ;
#1691 = CARTESIAN_POINT ( 'NONE',  ( -0.1210118399192654653, 0.4000000000000000777, -0.1524964931723358785 ) ) ;
#1692 = LINE ( 'NONE', #1646, #1503 ) ;
#1693 = CARTESIAN_POINT ( 'NONE',  ( -1.538413899267247809, -5.421010862427522170E-17, -0.6801256856053046196 ) ) ;
#1694 = B_SPLINE_CURVE_WITH_KNOTS ( 'NONE', 3,
 ( #2663, #643, #611, #386, #1267, #1536, #2633, #1470, #2840, #2442, #160 ),
 .UNSPECIFIED., .F., .F.,
 ( 4, 1, 1, 1, 1, 1, 1, 1, 4 ),
 ( 0.000000000000000000, 0.1283643655386380589, 0.2452401337976532480, 0.3546570560162607411, 0.4636032590767216743, 0.5778527962742375790, 0.7016736261317724210, 0.8416156249319951543, 1.000000000000000000 ),
 .UNSPECIFIED. ) ;
#1695 = CARTESIAN_POINT ( 'NONE',  ( -0.4689116967965274996, 0.4000000000000000222, 1.650728817840125595 ) ) ;
#1696 = CARTESIAN_POINT ( 'NONE',  ( 0.9662501175068936021, 0.4000000000000000222, 2.190746949478813210 ) ) ;
#1697 = ORIENTED_EDGE ( 'NONE', *, *, #2338, .T. ) ;
#1698 = CARTESIAN_POINT ( 'NONE',  ( 0.4701534560579639921, 0.4000000000000000222, 0.9897528722496171660 ) ) ;
#1699 = FACE_OUTER_BOUND ( 'NONE', #2342, .T. ) ;
#1700 = EDGE_LOOP ( 'NONE', ( #415, #1630, #1697, #103 ) ) ;
#1701 = LINE ( 'NONE', #2783, #2144 ) ;
#1702 = CARTESIAN_POINT ( 'NONE',  ( -0.07699725082497177464, 0.4000000000000000222, -2.063997714971405273 ) ) ;
#1703 = CARTESIAN_POINT ( 'NONE',  ( -0.6147233684548747412, 0.4000000000000000222, 2.334559345286322696 ) ) ;
#1704 = EDGE_CURVE ( 'NONE', #168, #400, #913, .T. ) ;
#1705 = ORIENTED_EDGE ( 'NONE', *, *, #2509, .F. ) ;
#1706 = CARTESIAN_POINT ( 'NONE',  ( -1.135361354923522192, 0.4000000000000000222, 0.5081668718672740503 ) ) ;
#1707 = CYLINDRICAL_SURFACE ( 'NONE', #1274, 4.349999999999999645 ) ;
#1708 = UNCERTAINTY_MEASURE_WITH_UNIT (LENGTH_MEASURE( 1.000000000000000082E-05 ), #2459, 'distance_accuracy_value', 'NONE');
#1709 = CARTESIAN_POINT ( 'NONE',  ( -1.091743597664720511, 0.4000000000000000222, -1.844842441328946370 ) ) ;
#1710 = DIRECTION ( 'NONE',  ( 0.000000000000000000, 0.000000000000000000, 1.000000000000000000 ) ) ;
#1711 = CARTESIAN_POINT ( 'NONE',  ( -1.566845482016446578, 0.4000000000000000222, -0.8537023869936855025 ) ) ;
#1712 = CARTESIAN_POINT ( 'NONE',  ( -0.07699725082497177464, 0.4000000000000000222, -2.063997714971405273 ) ) ;
#1713 = LINE ( 'NONE', #1649, #132 ) ;
#1714 = VERTEX_POINT ( 'NONE', #229 ) ;
#1715 = FACE_OUTER_BOUND ( 'NONE', #164, .T. ) ;
#1716 = CARTESIAN_POINT ( 'NONE',  ( 5.021051876504148371E-16, 20.00000000000000000, -3.850000000000000977 ) ) ;
#1717 = CARTESIAN_POINT ( 'NONE',  ( 1.000247577127324483, 0.000000000000000000, 0.07417363475488643332 ) ) ;
#1718 = CARTESIAN_POINT ( 'NONE',  ( 1.327091840873253048, 0.4000000000000000222, 1.045058674562870049 ) ) ;
#1719 = CARTESIAN_POINT ( 'NONE',  ( -1.390064163708334855, 0.000000000000000000, 1.615638646249138777 ) ) ;
#1720 = CARTESIAN_POINT ( 'NONE',  ( -0.6719760071997546991, 0.000000000000000000, -0.8860397737789780237 ) ) ;
#1721 = ORIENTED_EDGE ( 'NONE', *, *, #1748, .T. ) ;
#1722 = CARTESIAN_POINT ( 'NONE',  ( -0.03699867896784364563, 0.4000000000000000777, 1.775865183312907991 ) ) ;
#1723 = B_SPLINE_SURFACE_WITH_KNOTS ( 'NONE', 3, 1, ( 
 ( #435, #1984 ),
 ( #2486, #1342 ),
 ( #2245, #1790 ),
 ( #1082, #2651 ),
 ( #465, #2231 ),
 ( #866, #1762 ),
 ( #1966, #880 ),
 ( #907, #894 ),
 ( #208, #2027 ),
 ( #1108, #2920 ),
 ( #1539, #2473 ) ),
 .UNSPECIFIED., .F., .F., .F.,
 ( 4, 1, 1, 1, 1, 1, 1, 1, 4 ),
 ( 2, 2 ),
 ( 0.000000000000000000, 0.1283643655386380589, 0.2452401337976532480, 0.3546570560162607411, 0.4636032590767216743, 0.5778527962742375790, 0.7016736261317724210, 0.8416156249319951543, 1.000000000000000000 ),
 ( 0.000000000000000000, 1.000000000000000000 ),
 .UNSPECIFIED. ) ;
#1724 = CARTESIAN_POINT ( 'NONE',  ( 0.01999928592856417553, 0.4000000000000000222, 2.415842333026959832 ) ) ;
#1725 = VECTOR ( 'NONE', #2468, 1000.000000000000000 ) ;
#1726 = CARTESIAN_POINT ( 'NONE',  ( -0.2525268968764525779, 0.000000000000000000, -2.060774170520213833 ) ) ;
#1727 = CARTESIAN_POINT ( 'NONE',  ( -0.1268284912854910074, 0.4000000000000000222, 0.6812554027255662836 ) ) ;
#1728 = FACE_OUTER_BOUND ( 'NONE', #1588, .T. ) ;
#1729 = CARTESIAN_POINT ( 'NONE',  ( 0.6061828075014749073, -0.000000000000000000, -0.9315661933097609815 ) ) ;
#1730 = ADVANCED_FACE ( 'NONE', ( #1977 ), #2384, .F. ) ;
#1731 = VECTOR ( 'NONE', #910, 1000.000000000000000 ) ;
#1732 = CARTESIAN_POINT ( 'NONE',  ( -0.02199921452142035438, 0.4000000000000000222, -1.424020565257352988 ) ) ;
#1733 = CARTESIAN_POINT ( 'NONE',  ( -0.4716956630423849717, 0.000000000000000000, 2.371747620228133790 ) ) ;
#1734 = CARTESIAN_POINT ( 'NONE',  ( 0.2828935852210432977, -5.421010862427522170E-17, -2.044705977246266126 ) ) ;
#1735 = ORIENTED_EDGE ( 'NONE', *, *, #1666, .F. ) ;
#1736 = CARTESIAN_POINT ( 'NONE',  ( 0.8275033032931372601, 0.000000000000000000, 0.1915557674127215115 ) ) ;
#1737 = DIRECTION ( 'NONE',  ( 0.000000000000000000, 0.000000000000000000, -1.000000000000000000 ) ) ;
#1738 = CARTESIAN_POINT ( 'NONE',  ( 0.06075743458130803548, 0.4000000000000000222, 0.6245882045231909707 ) ) ;
#1739 = VERTEX_POINT ( 'NONE', #1502 ) ;
#1740 = CARTESIAN_POINT ( 'NONE',  ( -0.6704156271124570576, 0.4000000000000000222, -0.8478529168474324695 ) ) ;
#1741 = AXIS2_PLACEMENT_3D ( 'NONE', #842, #810, #1737 ) ;
#1742 = CARTESIAN_POINT ( 'NONE',  ( 1.074104529993695767, 0.000000000000000000, 0.6297259862371471506 ) ) ;
#1743 = CYLINDRICAL_SURFACE ( 'NONE', #2260, 3.049999999999999822 ) ;
#1744 = FACE_OUTER_BOUND ( 'NONE', #2418, .T. ) ;
#1745 = CARTESIAN_POINT ( 'NONE',  ( 0.4690814405906679196, 0.4000000000000000222, 1.573172140967451060 ) ) ;
#1746 = CARTESIAN_POINT ( 'NONE',  ( -0.1670312549608714836, 0.4000000000000000222, 1.771908444693414353 ) ) ;
#1747 = ORIENTED_EDGE ( 'NONE', *, *, #2832, .F. ) ;
#1748 = EDGE_CURVE ( 'NONE', #1783, #78, #2220, .T. ) ;
#1749 = CARTESIAN_POINT ( 'NONE',  ( 0.1374241454456900380, 0.4000000000000000222, 0.6702530088581695189 ) ) ;
#1750 = CARTESIAN_POINT ( 'NONE',  ( 0.4482332217770583216, 0.4000000000000000222, -2.020972366736603743 ) ) ;
#1751 = FACE_OUTER_BOUND ( 'NONE', #1638, .T. ) ;
#1752 = CARTESIAN_POINT ( 'NONE',  ( -1.423177211381425611, 0.000000000000000000, -1.525187584148822495 ) ) ;
#1753 = CARTESIAN_POINT ( 'NONE',  ( -0.03871018120390407741, -0.000000000000000000, 2.415063315947175493 ) ) ;
#1754 = CARTESIAN_POINT ( 'NONE',  ( -1.350209565443414528, 0.4000000000000000222, 1.725579656549052876 ) ) ;
#1755 = EDGE_LOOP ( 'NONE', ( #697, #808, #2741, #2733 ) ) ;
#1756 = CARTESIAN_POINT ( 'NONE',  ( -0.3335296087708565782, 0.4000000000000000222, -0.2885611658282551395 ) ) ;
#1757 = CARTESIAN_POINT ( 'NONE',  ( 0.6359772925283394551, 0.000000000000000000, 0.2959180245991621661 ) ) ;
#1758 = B_SPLINE_CURVE_WITH_KNOTS ( 'NONE', 3,
 ( #148, #2378, #2362, #2411, #355, #2843, #1018, #1457, #1252, #2125, #2860 ),
 .UNSPECIFIED., .F., .F.,
 ( 4, 1, 1, 1, 1, 1, 1, 1, 4 ),
 ( 0.000000000000000000, 0.1283643655386380589, 0.2452401337976532480, 0.3546570560162607411, 0.4636032590767216743, 0.5778527962742375790, 0.7016736261317724210, 0.8416156249319951543, 1.000000000000000000 ),
 .UNSPECIFIED. ) ;
#1759 = CARTESIAN_POINT ( 'NONE',  ( -1.517867507986575104, 0.000000000000000000, -1.315150078973171599 ) ) ;
#1760 = CARTESIAN_POINT ( 'NONE',  ( -0.6079782922283496482, 0.4000000000000000222, 1.290882499545227935 ) ) ;
#1761 = CARTESIAN_POINT ( 'NONE',  ( 0.2220737101408598313, 5.421010862427522170E-17, -0.2928559524038553685 ) ) ;
#1762 = CARTESIAN_POINT ( 'NONE',  ( -0.5107003537661052306, 0.000000000000000000, -1.290773019872018201 ) ) ;
#1763 = DIRECTION ( 'NONE',  ( 0.000000000000000000, -1.000000000000000000, 0.000000000000000000 ) ) ;
#1764 = CARTESIAN_POINT ( 'NONE',  ( 0.009177463314286260498, 0.4000000000000000222, 1.774824410392987772 ) ) ;
#1765 = ADVANCED_FACE ( 'NONE', ( #704 ), #1598, .T. ) ;
#1766 = CARTESIAN_POINT ( 'NONE',  ( 1.150826677194491499, 0.4000000000000000222, -0.05035678605928591012 ) ) ;
#1767 = CARTESIAN_POINT ( 'NONE',  ( -1.517867507986575104, 0.000000000000000000, -1.315150078973171599 ) ) ;
#1768 = EDGE_CURVE ( 'NONE', #2008, #711, #211, .T. ) ;
#1769 = CARTESIAN_POINT ( 'NONE',  ( 0.6314912941837775850, -5.421010862427522170E-17, 2.341311951367937905 ) ) ;
#1770 = CARTESIAN_POINT ( 'NONE',  ( 1.437053486703623983, 0.4000000000000000222, -0.4587462474296751247 ) ) ;
#1771 = ORIENTED_EDGE ( 'NONE', *, *, #1530, .T. ) ;
#1772 = CARTESIAN_POINT ( 'NONE',  ( -0.6704156271124570576, 0.4000000000000000777, -0.8478529168474324695 ) ) ;
#1773 = DIRECTION ( 'NONE',  ( 0.000000000000000000, 0.000000000000000000, 1.000000000000000000 ) ) ;
#1774 = CARTESIAN_POINT ( 'NONE',  ( -0.4595595781102480570, 0.000000000000000000, 0.9169381923026329595 ) ) ;
#1775 = CARTESIAN_POINT ( 'NONE',  ( 0.6027503586489265652, 0.4000000000000000222, -1.007129714757275307 ) ) ;
#1776 = CARTESIAN_POINT ( 'NONE',  ( 0.6079782922283495372, 0.4000000000000000222, -0.8920395595575473235 ) ) ;
#1777 = CARTESIAN_POINT ( 'NONE',  ( 0.4690814405906679196, 0.000000000000000000, 1.573172140967451060 ) ) ;
#1778 = CARTESIAN_POINT ( 'NONE',  ( -0.3701029854784829154, 0.4000000000000000222, 0.8376056590769316301 ) ) ;
#1779 = CARTESIAN_POINT ( 'NONE',  ( -0.07278244444641318589, 0.000000000000000000, -1.422430769530645733 ) ) ;
#1780 = CARTESIAN_POINT ( 'NONE',  ( 0.6359772925283394551, 0.000000000000000000, 0.2959180245991621661 ) ) ;
#1781 = FACE_OUTER_BOUND ( 'NONE', #1462, .T. ) ;
#1782 = B_SPLINE_CURVE_WITH_KNOTS ( 'NONE', 3,
 ( #1451, #1485, #2819, #2372, #1706, #79, #799, #985, #591, #530, #544 ),
 .UNSPECIFIED., .F., .F.,
 ( 4, 1, 1, 1, 1, 1, 1, 1, 4 ),
 ( 0.000000000000000000, 0.1389507443776183959, 0.2705026947870308729, 0.3957479780324771879, 0.5158745501172480319, 0.6329517442430293572, 0.7507123856491765279, 0.8719479895379226297, 1.000000000000000000 ),
 .UNSPECIFIED. ) ;
#1783 = VERTEX_POINT ( 'NONE', #1874 ) ;
#1784 = EDGE_CURVE ( 'NONE', #2768, #1560, #1933, .T. ) ;
#1785 = CARTESIAN_POINT ( 'NONE',  ( -0.6719760071997546991, 0.000000000000000000, -0.8860397737789780237 ) ) ;
#1786 = CARTESIAN_POINT ( 'NONE',  ( -1.423177211381425611, 0.4000000000000000222, -1.525187584148822495 ) ) ;
#1787 = B_SPLINE_CURVE_WITH_KNOTS ( 'NONE', 3,
 ( #2639, #2365, #343, #1239, #1777, #924, #2233, #2218, #2487, #1343, #1098 ),
 .UNSPECIFIED., .F., .F.,
 ( 4, 1, 1, 1, 1, 1, 1, 1, 4 ),
 ( 0.000000000000000000, 0.1272548774734977850, 0.2442174860341958798, 0.3556224735305132389, 0.4657009884288951795, 0.5804717095565063989, 0.7039721725096762528, 0.8420439772360940323, 1.000000000000000000 ),
 .UNSPECIFIED. ) ;
#1788 = CARTESIAN_POINT ( 'NONE',  ( -1.545840013579556249, 0.4000000000000000222, -1.198128824498822409 ) ) ;
#1789 = CARTESIAN_POINT ( 'NONE',  ( 0.5231804590072055561, 0.4000000000000000222, -1.207559707517101177 ) ) ;
#1790 = CARTESIAN_POINT ( 'NONE',  ( -0.6672646771478665251, 0.000000000000000000, -1.006004317904313883 ) ) ;
#1791 = VECTOR ( 'NONE', #407, 1000.000000000000000 ) ;
#1792 = CARTESIAN_POINT ( 'NONE',  ( -1.224649254970284540, 0.000000000000000000, -0.1558393767083770254 ) ) ;
#1793 = CARTESIAN_POINT ( 'NONE',  ( 0.5126237969861312527, 0.4000000000000000222, 1.483429637471408435 ) ) ;
#1794 = CONICAL_SURFACE ( 'NONE', #522, 5.049999999999999822, 0.7853981633974504994 ) ;
#1795 = CARTESIAN_POINT ( 'NONE',  ( -0.02199921452142035438, 0.000000000000000000, -1.424020565257352988 ) ) ;
#1796 = LINE ( 'NONE', #1170, #68 ) ;
#1797 = CARTESIAN_POINT ( 'NONE',  ( 0.9470424573237214982, 0.000000000000000000, 0.5078535688496372824 ) ) ;
#1798 = ORIENTED_EDGE ( 'NONE', *, *, #2099, .F. ) ;
#1799 = B_SPLINE_SURFACE_WITH_KNOTS ( 'NONE', 3, 1, ( 
 ( #1229, #764 ),
 ( #1655, #2314 ),
 ( #2816, #750 ),
 ( #2596, #1186 ),
 ( #2758, #278 ),
 ( #2118, #2580 ),
 ( #303, #1878 ),
 ( #2355, #2326 ),
 ( #2540, #779 ),
 ( #291, #557 ),
 ( #573, #2341 ),
 ( #2090, #1406 ),
 ( #63, #1449 ),
 ( #1866, #1629 ),
 ( #2133, #1894 ),
 ( #1213, #1198 ),
 ( #2771, #106 ),
 ( #1910, #1641 ),
 ( #2785, #2553 ) ),
 .UNSPECIFIED., .F., .F., .F.,
 ( 4, 1, 1, 1, 1, 1, 1, 1, 1, 1, 1, 1, 1, 1, 1, 1, 4 ),
 ( 2, 2 ),
 ( 0.000000000000000000, 0.08839591966342984219, 0.1704274833095095754, 0.2465011802907305649, 0.3171098247769649214, 0.3830098892388538734, 0.4454003687728356753, 0.5040027465178822386, 0.5604927099595381490, 0.6146847409890834335, 0.6680497345011179311, 0.7208940335537912247, 0.7743664603606301711, 0.8284790079355900394, 0.8834903853426658848, 0.9406984752297121721, 1.000000000000000000 ),
 ( 0.000000000000000000, 1.000000000000000000 ),
 .UNSPECIFIED. ) ;
#1800 = CARTESIAN_POINT ( 'NONE',  ( -0.6719760071997546991, 0.000000000000000000, -0.8860397737789780237 ) ) ;
#1801 = CARTESIAN_POINT ( 'NONE',  ( -0.6672646771478665251, 0.000000000000000000, -1.006004317904313883 ) ) ;
#1802 = EDGE_CURVE ( 'NONE', #1394, #979, #1401, .T. ) ;
#1803 = CARTESIAN_POINT ( 'NONE',  ( -0.07699725082497177464, 0.4000000000000000222, -2.063997714971405273 ) ) ;
#1804 = ORIENTED_EDGE ( 'NONE', *, *, #2560, .T. ) ;
#1805 = CARTESIAN_POINT ( 'NONE',  ( 0.4401560842037750554, 5.421010862427522170E-17, -0.4674358433335220608 ) ) ;
#1806 = CARTESIAN_POINT ( 'NONE',  ( 0.5439805772569443754, 0.4000000000000000222, 1.273883106505948160 ) ) ;
#1807 = CARTESIAN_POINT ( 'NONE',  ( -0.6999750074997446170, 0.000000000000000000, 0.1959215949563415105 ) ) ;
#1808 = CARTESIAN_POINT ( 'NONE',  ( 0.5423508460412955756, 0.4000000000000000222, 1.311060321360653091 ) ) ;
#1809 = CARTESIAN_POINT ( 'NONE',  ( 0.6917385663241966132, 0.000000000000000000, 0.3290984558066456511 ) ) ;
#1810 = CARTESIAN_POINT ( 'NONE',  ( -0.6029896541513689590, 0.000000000000000000, 1.395676683017937680 ) ) ;
#1811 = CARTESIAN_POINT ( 'NONE',  ( -0.6999750074997446170, 0.4000000000000000222, 0.1959215949563415105 ) ) ;
#1812 = CARTESIAN_POINT ( 'NONE',  ( 0.8655541069393225539, 0.4000000000000000222, 2.248539654246168862 ) ) ;
#1813 = ORIENTED_EDGE ( 'NONE', *, *, #1167, .F. ) ;
#1814 = CARTESIAN_POINT ( 'NONE',  ( -0.03699867896784364563, 0.000000000000000000, 1.775865183312907991 ) ) ;
#1815 = CARTESIAN_POINT ( 'NONE',  ( -1.159871247195219057, 0.4000000000000000222, 2.013831499106505607 ) ) ;
#1816 = CARTESIAN_POINT ( 'NONE',  ( -0.07699725082497177464, -5.421010862427522170E-17, -2.063997714971405273 ) ) ;
#1817 = ORIENTED_EDGE ( 'NONE', *, *, #1060, .T. ) ;
#1818 = CARTESIAN_POINT ( 'NONE',  ( 0.6031708292881896583, 0.4000000000000000222, -0.7746496809657799076 ) ) ;
#1819 = CARTESIAN_POINT ( 'NONE',  ( -1.423177211381425611, 0.4000000000000000222, -1.525187584148822495 ) ) ;
#1820 = CARTESIAN_POINT ( 'NONE',  ( 0.000000000000000000, 0.9999999999999974465, 0.000000000000000000 ) ) ;
#1821 = PLANE ( 'NONE',  #562 ) ;
#1822 = CARTESIAN_POINT ( 'NONE',  ( -0.6079782922283495372, 0.000000000000000000, 1.290882499545227713 ) ) ;
#1823 = CARTESIAN_POINT ( 'NONE',  ( 0.07769332679916693407, -5.421010862427522170E-17, 2.414865137277137475 ) ) ;
#1824 = ORIENTED_EDGE ( 'NONE', *, *, #1513, .T. ) ;
#1825 = CARTESIAN_POINT ( 'NONE',  ( -0.4689116967965274996, 0.4000000000000000777, 1.650728817840125595 ) ) ;
#1826 = CARTESIAN_POINT ( 'NONE',  ( -1.436390355996782775, 0.4000000000000000222, 1.378387271999585106 ) ) ;
#1827 = CARTESIAN_POINT ( 'NONE',  ( 0.8749511794941270404, 0.4000000000000000222, -1.884486469569117029 ) ) ;
#1828 = VERTEX_POINT ( 'NONE', #978 ) ;
#1829 = CARTESIAN_POINT ( 'NONE',  ( 0.5185231090490310946, 0.000000000000000000, -0.5605027395380078881 ) ) ;
#1830 = DIRECTION ( 'NONE',  ( 0.000000000000000000, 0.000000000000000000, 1.000000000000000000 ) ) ;
#1831 = CARTESIAN_POINT ( 'NONE',  ( 0.2507443145143440355, 0.000000000000000000, -1.393711620953622443 ) ) ;
#1832 = EDGE_CURVE ( 'NONE', #400, #2899, #2203, .T. ) ;
#1833 = CARTESIAN_POINT ( 'NONE',  ( -0.4159170715575069011, 0.4000000000000000222, -1.350953696270767557 ) ) ;
#1834 =( NAMED_UNIT ( * ) PLANE_ANGLE_UNIT ( ) SI_UNIT ( $, .RADIAN. ) );
#1835 = CARTESIAN_POINT ( 'NONE',  ( 1.334372619301406271, -5.421010862427522170E-17, 1.684964038911225925 ) ) ;
#1836 = ORIENTED_EDGE ( 'NONE', *, *, #2513, .F. ) ;
#1837 = CARTESIAN_POINT ( 'NONE',  ( 0.08263551419288560351, 0.000000000000000000, -0.2058737567262605983 ) ) ;
#1838 = CARTESIAN_POINT ( 'NONE',  ( 0.02746577526431996652, 0.4000000000000000222, -1.422452239280749930 ) ) ;
#1839 = CARTESIAN_POINT ( 'NONE',  ( -1.517867507986575104, 0.4000000000000000222, -1.315150078973171599 ) ) ;
#1840 = ORIENTED_EDGE ( 'NONE', *, *, #2929, .F. ) ;
#1841 = CARTESIAN_POINT ( 'NONE',  ( -2.565151067676131547, 20.00000000000000000, 1.649999999999999911 ) ) ;
#1842 = CARTESIAN_POINT ( 'NONE',  ( -0.6079782922283495372, 0.4000000000000000222, 1.290882499545227713 ) ) ;
#1843 = B_SPLINE_CURVE_WITH_KNOTS ( 'NONE', 3,
 ( #687, #227, #2248, #2668, #1527, #2475, #2695, #2462, #2205, #675, #1989, #648, #2722, #2003, #1086, #1543, #1581, #2488, #440 ),
 .UNSPECIFIED., .F., .F.,
 ( 4, 1, 1, 1, 1, 1, 1, 1, 1, 1, 1, 1, 1, 1, 1, 1, 4 ),
 ( 0.000000000000000000, 0.08839591966342984219, 0.1704274833095095754, 0.2465011802907305649, 0.3171098247769649214, 0.3830098892388538734, 0.4454003687728356753, 0.5040027465178822386, 0.5604927099595381490, 0.6146847409890834335, 0.6680497345011179311, 0.7208940335537912247, 0.7743664603606301711, 0.8284790079355900394, 0.8834903853426658848, 0.9406984752297121721, 1.000000000000000000 ),
 .UNSPECIFIED. ) ;
#1844 = DIRECTION ( 'NONE',  ( -0.000000000000000000, -1.000000000000000000, 0.000000000000000000 ) ) ;
#1845 = FACE_OUTER_BOUND ( 'NONE', #1340, .T. ) ;
#1846 = CARTESIAN_POINT ( 'NONE',  ( 0.5731944841109420929, 0.000000000000000000, -1.114080851450164111 ) ) ;
#1847 =( NAMED_UNIT ( * ) PLANE_ANGLE_UNIT ( ) SI_UNIT ( $, .RADIAN. ) );
#1848 = ORIENTED_EDGE ( 'NONE', *, *, #1060, .F. ) ;
#1849 = CARTESIAN_POINT ( 'NONE',  ( -0.1670312549608714836, 0.4000000000000000777, 1.771908444693414353 ) ) ;
#1850 = EDGE_CURVE ( 'NONE', #2563, #590, #2748, .T. ) ;
#1851 = CARTESIAN_POINT ( 'NONE',  ( 1.375950871885212479, 0.4000000000000000222, 1.352880285923776293 ) ) ;
#1852 = CARTESIAN_POINT ( 'NONE',  ( 0.009177463314286260498, 0.4000000000000000777, 1.774824410392987772 ) ) ;
#1853 = ORIENTED_EDGE ( 'NONE', *, *, #1583, .F. ) ;
#1854 = CARTESIAN_POINT ( 'NONE',  ( -0.6063444134277176101, 0.4000000000000000222, 1.256365044718809720 ) ) ;
#1855 = CARTESIAN_POINT ( 'NONE',  ( -1.224649254970284540, 0.4000000000000000222, -0.1558393767083770254 ) ) ;
#1856 = MANIFOLD_SOLID_BREP ( 'Boss-Extrude4', #279 ) ;
#1857 = B_SPLINE_CURVE_WITH_KNOTS ( 'NONE', 3,
 ( #1724, #94, #2359, #1913, #1882, #2107, #2374, #1673, #2616, #815, #592, #336, #80, #350, #1469, #109, #986, #2820, #767 ),
 .UNSPECIFIED., .F., .F.,
 ( 4, 1, 1, 1, 1, 1, 1, 1, 1, 1, 1, 1, 1, 1, 1, 1, 4 ),
 ( 0.000000000000000000, 0.08839591966342984219, 0.1704274833095095754, 0.2465011802907305649, 0.3171098247769649214, 0.3830098892388538734, 0.4454003687728356753, 0.5040027465178822386, 0.5604927099595381490, 0.6146847409890834335, 0.6680497345011179311, 0.7208940335537912247, 0.7743664603606301711, 0.8284790079355900394, 0.8834903853426658848, 0.9406984752297121721, 1.000000000000000000 ),
 .UNSPECIFIED. ) ;
#1858 = CARTESIAN_POINT ( 'NONE',  ( 1.403345002801074548, 0.000000000000000000, -1.352211303729524916 ) ) ;
#1859 = CARTESIAN_POINT ( 'NONE',  ( -1.554837519589173045, 0.4000000000000000222, -0.7655595891981944456 ) ) ;
#1860 = CARTESIAN_POINT ( 'NONE',  ( 0.8004263438049475932, 0.4000000000000000222, 0.3937725042689723676 ) ) ;
#1861 = CARTESIAN_POINT ( 'NONE',  ( -1.394846507835313831, 0.4000000000000000222, 0.9179133902636706921 ) ) ;
#1862 = ORIENTED_EDGE ( 'NONE', *, *, #1256, .T. ) ;
#1863 = CARTESIAN_POINT ( 'NONE',  ( -0.6029896541513689590, 0.4000000000000000777, 1.395676683017937680 ) ) ;
#1864 = CONICAL_SURFACE ( 'NONE', #1161, 5.049999999999999822, 0.7853981633974504994 ) ;
#1865 = CARTESIAN_POINT ( 'NONE',  ( -0.1684356730577247219, 0.000000000000000000, -1.419436294891742056 ) ) ;
#1866 = CARTESIAN_POINT ( 'NONE',  ( 1.298276542413782320, 0.4000000000000000222, 1.784921728761671211 ) ) ;
#1867 = EDGE_CURVE ( 'NONE', #623, #391, #1400, .T. ) ;
#1868 = VERTEX_POINT ( 'NONE', #1716 ) ;
#1869 = CARTESIAN_POINT ( 'NONE',  ( 0.6359772925283394551, 0.4000000000000000222, 0.2959180245991621661 ) ) ;
#1870 = CARTESIAN_POINT ( 'NONE',  ( -0.03699867896784364563, 0.4000000000000000777, 1.775865183312907991 ) ) ;
#1871 = CARTESIAN_POINT ( 'NONE',  ( 1.376366981742979778, 0.000000000000000000, -0.3294373599087843107 ) ) ;
#1872 = CARTESIAN_POINT ( 'NONE',  ( 0.4401560842037750554, 0.4000000000000000222, -0.4674358433335220608 ) ) ;
#1873 = CARTESIAN_POINT ( 'NONE',  ( 0.9470424573237214982, 0.000000000000000000, 0.5078535688496372824 ) ) ;
#1874 = CARTESIAN_POINT ( 'NONE',  ( -0.6079782922283495372, 0.000000000000000000, 1.290882499545227713 ) ) ;
#1875 = ORIENTED_EDGE ( 'NONE', *, *, #284, .T. ) ;
#1876 = CARTESIAN_POINT ( 'NONE',  ( -0.03871018120390407741, 0.000000000000000000, 2.415063315947175493 ) ) ;
#1877 = CARTESIAN_POINT ( 'NONE',  ( 1.264879221391959074, 0.4000000000000000222, 0.8989750049347908778 ) ) ;
#1878 = CARTESIAN_POINT ( 'NONE',  ( 0.7546844510325120270, -5.421010862427522170E-17, 2.299797950330249918 ) ) ;
#1879 = ORIENTED_EDGE ( 'NONE', *, *, #1297, .F. ) ;
#1880 = CIRCLE ( 'NONE', #1643, 3.049999999999999822 ) ;
#1881 = FACE_OUTER_BOUND ( 'NONE', #1467, .T. ) ;
#1882 = CARTESIAN_POINT ( 'NONE',  ( 0.4969477264321552901, 0.4000000000000000222, 2.375764923677987195 ) ) ;
#1883 = ADVANCED_FACE ( 'NONE', ( #1699 ), #2171, .F. ) ;
#1884 = CARTESIAN_POINT ( 'NONE',  ( 0.000000000000000000, 23.00000000000000000, -5.049999999999999822 ) ) ;
#1885 = CARTESIAN_POINT ( 'NONE',  ( 0.09571688639215419903, 0.000000000000000000, 1.772873881752144776 ) ) ;
#1886 = CARTESIAN_POINT ( 'NONE',  ( 0.02099925022499248353, 0.4000000000000000222, 0.6009071350097651143 ) ) ;
#1887 = EDGE_CURVE ( 'NONE', #1230, #2782, #1258, .T. ) ;
#1888 = CARTESIAN_POINT ( 'NONE',  ( 1.198007939247910825, 0.4000000000000000222, 1.968063720138111039 ) ) ;
#1889 = CARTESIAN_POINT ( 'NONE',  ( 0.6917385663241966132, 0.000000000000000000, 0.3290984558066456511 ) ) ;
#1890 = CARTESIAN_POINT ( 'NONE',  ( 0.3493386106350724885, 0.000000000000000000, 2.399136368894705829 ) ) ;
#1891 = VERTEX_POINT ( 'NONE', #2399 ) ;
#1892 = CARTESIAN_POINT ( 'NONE',  ( -0.07399735793568706921, 0.4000000000000000777, -0.1250669441971127005 ) ) ;
#1893 = CARTESIAN_POINT ( 'NONE',  ( 0.5699695832812657903, 0.4000000000000000777, -0.6638675985771006482 ) ) ;
#1894 = CARTESIAN_POINT ( 'NONE',  ( 1.334372619301406271, -5.421010862427522170E-17, 1.684964038911225925 ) ) ;
#1895 = ORIENTED_EDGE ( 'NONE', *, *, #721, .T. ) ;
#1896 = CARTESIAN_POINT ( 'NONE',  ( 1.000247577127324483, 0.4000000000000000222, 0.07417363475488643332 ) ) ;
#1897 = CARTESIAN_POINT ( 'NONE',  ( -1.437437656313922618, 0.4000000000000000222, 1.194686315309402724 ) ) ;
#1898 = CARTESIAN_POINT ( 'NONE',  ( -0.4209397683716232796, 0.000000000000000000, -2.048283332923836575 ) ) ;
#1899 = CARTESIAN_POINT ( 'NONE',  ( -1.567944016799427631, 0.4000000000000000222, -0.9440377029718139967 ) ) ;
#1900 = DIRECTION ( 'NONE',  ( 0.000000000000000000, 0.000000000000000000, 1.000000000000000000 ) ) ;
#1901 = CARTESIAN_POINT ( 'NONE',  ( 1.437053486703623983, 0.4000000000000000222, -0.4587462474296751247 ) ) ;
#1902 = ORIENTED_EDGE ( 'NONE', *, *, #870, .F. ) ;
#1903 = EDGE_CURVE ( 'NONE', #2156, #265, #61, .T. ) ;
#1904 = CARTESIAN_POINT ( 'NONE',  ( 0.6359772925283394551, 0.4000000000000000222, 0.2959180245991621661 ) ) ;
#1905 = CARTESIAN_POINT ( 'NONE',  ( 1.449058311676733934, 0.4000000000000000222, -1.232322797577810380 ) ) ;
#1906 = B_SPLINE_CURVE_WITH_KNOTS ( 'NONE', 3,
 ( #2809, #759, #2751, #1207, #271, #285, #2321, #2574, #550, #297, #730, #2073, #2350, #70, #328, #1192, #2765, #2779, #86 ),
 .UNSPECIFIED., .F., .F.,
 ( 4, 1, 1, 1, 1, 1, 1, 1, 1, 1, 1, 1, 1, 1, 1, 1, 4 ),
 ( 0.000000000000000000, 0.06024154434176438866, 0.1181361561437235808, 0.1743306221830834835, 0.2293441248101640573, 0.2840137640919032092, 0.3384199535373434431, 0.3928983066006920821, 0.4485306532461006412, 0.5060517977224238129, 0.5661833049414335406, 0.6287285985730345361, 0.6945137632296567443, 0.7645004946290925307, 0.8385005335306517926, 0.9165750233227022425, 1.000000000000000000 ),
 .UNSPECIFIED. ) ;
#1907 = ORIENTED_EDGE ( 'NONE', *, *, #2177, .T. ) ;
#1908 = CARTESIAN_POINT ( 'NONE',  ( -0.5243499483971389985, 0.4000000000000000777, -0.4656647986112716908 ) ) ;
#1909 = CARTESIAN_POINT ( 'NONE',  ( -0.07399735793568706921, 0.000000000000000000, -0.1250669441971127005 ) ) ;
#1910 = CARTESIAN_POINT ( 'NONE',  ( 1.375057805339863437, 0.4000000000000000222, 1.391603913517173829 ) ) ;
#1911 = ORIENTED_EDGE ( 'NONE', *, *, #754, .F. ) ;
#1912 = CARTESIAN_POINT ( 'NONE',  ( 0.3428720228116135527, 0.000000000000000000, -0.3772314806557360289 ) ) ;
#1913 = CARTESIAN_POINT ( 'NONE',  ( 0.3493386106350724885, 0.4000000000000000222, 2.399136368894705829 ) ) ;
#1914 = CIRCLE ( 'NONE', #1116, 5.049999999999999822 ) ;
#1915 = CARTESIAN_POINT ( 'NONE',  ( 1.276380114230316387, 0.000000000000000000, -0.1849342329804396501 ) ) ;
#1916 = CARTESIAN_POINT ( 'NONE',  ( -1.567944016799427631, -5.421010862427522170E-17, -0.9440377029718139967 ) ) ;
#1917 = DIRECTION ( 'NONE',  ( 0.000000000000000000, -1.000000000000000000, 0.000000000000000000 ) ) ;
#1918 = CARTESIAN_POINT ( 'NONE',  ( 1.357532961485036882, 0.4000000000000000222, 1.578692003449586378 ) ) ;
#1919 = ORIENTED_EDGE ( 'NONE', *, *, #2655, .T. ) ;
#1920 = CARTESIAN_POINT ( 'NONE',  ( -1.436390355996782775, 0.000000000000000000, 1.378387271999585106 ) ) ;
#1921 = CARTESIAN_POINT ( 'NONE',  ( 0.9927403741014735328, -5.421010862427522170E-17, -1.818541298946570572 ) ) ;
#1922 = ORIENTED_EDGE ( 'NONE', *, *, #2293, .F. ) ;
#1923 = CARTESIAN_POINT ( 'NONE',  ( -0.3173580954118367381, 0.4000000000000000222, 2.396804838086674661 ) ) ;
#1924 = CARTESIAN_POINT ( 'NONE',  ( 1.503059518121323102, 0.4000000000000000222, -0.8747935824225114843 ) ) ;
#1925 = CARTESIAN_POINT ( 'NONE',  ( -1.438746904574933039, 0.4000000000000000222, 1.295268748352550681 ) ) ;
#1926 = ORIENTED_EDGE ( 'NONE', *, *, #1167, .T. ) ;
#1927 = CARTESIAN_POINT ( 'NONE',  ( -0.02199921452142035438, 0.000000000000000000, -1.424020565257352988 ) ) ;
#1928 = CARTESIAN_POINT ( 'NONE',  ( -0.6719760071997546991, 0.4000000000000000222, -0.8860397737789780237 ) ) ;
#1929 = CARTESIAN_POINT ( 'NONE',  ( -0.8573753273120852114, 0.000000000000000000, -1.952794825594315276 ) ) ;
#1930 = CARTESIAN_POINT ( 'NONE',  ( -1.567944016799427631, 0.000000000000000000, -0.9440377029718139967 ) ) ;
#1931 = CARTESIAN_POINT ( 'NONE',  ( 1.503059518121323102, 0.4000000000000000222, -0.8747935824225114843 ) ) ;
#1932 = FACE_BOUND ( 'NONE', #1183, .T. ) ;
#1933 = B_SPLINE_CURVE_WITH_KNOTS ( 'NONE', 3,
 ( #731, #1182, #2085, #2795, #2521, #2780, #1169, #2738, #1623, #1193, #2562 ),
 .UNSPECIFIED., .F., .F.,
 ( 4, 1, 1, 1, 1, 1, 1, 1, 4 ),
 ( 0.000000000000000000, 0.1046565004484280165, 0.2046262793345784980, 0.3051377930066048183, 0.4124766795195625724, 0.5314293496787417803, 0.6671015806974641693, 0.8219489542329886378, 1.000000000000000000 ),
 .UNSPECIFIED. ) ;
#1934 = CARTESIAN_POINT ( 'NONE',  ( 1.276380114230316387, 0.4000000000000000222, -0.1849342329804396501 ) ) ;
#1935 = ORIENTED_EDGE ( 'NONE', *, *, #702, .F. ) ;
#1936 = CARTESIAN_POINT ( 'NONE',  ( 0.4701534560579639921, -5.421010862427522170E-17, 0.9897528722496171660 ) ) ;
#1937 = DIRECTION ( 'NONE',  ( -0.000000000000000000, -1.000000000000000000, -0.000000000000000000 ) ) ;
#1938 = CARTESIAN_POINT ( 'NONE',  ( 0.6359772925283394551, 0.000000000000000000, 0.2959180245991621661 ) ) ;
#1939 = CARTESIAN_POINT ( 'NONE',  ( -0.1210118399192654653, 0.4000000000000000777, -0.1524964931723358785 ) ) ;
#1940 = CARTESIAN_POINT ( 'NONE',  ( 0.01999928592856417553, 0.000000000000000000, 2.415842333026959832 ) ) ;
#1941 = CARTESIAN_POINT ( 'NONE',  ( -0.6673460608248429349, 0.000000000000000000, -0.7727320603194487436 ) ) ;
#1942 = EDGE_LOOP ( 'NONE', ( #1935, #274, #1459 ) ) ;
#1943 = CARTESIAN_POINT ( 'NONE',  ( -0.6062735024594276823, 0.4000000000000000777, 1.326694288067464145 ) ) ;
#1944 = EDGE_CURVE ( 'NONE', #1037, #2899, #2016, .T. ) ;
#1945 = CARTESIAN_POINT ( 'NONE',  ( -0.5243499483971389985, 0.4000000000000000777, -0.4656647986112716908 ) ) ;
#1946 = B_SPLINE_SURFACE_WITH_KNOTS ( 'NONE', 3, 1, ( 
 ( #1811, #2478 ),
 ( #1586, #471 ),
 ( #2925, #705 ),
 ( #1362, #1376 ),
 ( #2522, #497 ),
 ( #1599, #230 ),
 ( #246, #732 ),
 ( #287, #1389 ),
 ( #2268, #928 ),
 ( #2298, #2712 ),
 ( #1348, #273 ) ),
 .UNSPECIFIED., .F., .F., .F.,
 ( 4, 1, 1, 1, 1, 1, 1, 1, 4 ),
 ( 2, 2 ),
 ( 0.000000000000000000, 0.1389507443776183959, 0.2705026947870308729, 0.3957479780324771879, 0.5158745501172480319, 0.6329517442430293572, 0.7507123856491765279, 0.8719479895379226297, 1.000000000000000000 ),
 ( 0.000000000000000000, 1.000000000000000000 ),
 .UNSPECIFIED. ) ;
#1947 = FACE_OUTER_BOUND ( 'NONE', #1625, .T. ) ;
#1948 = CARTESIAN_POINT ( 'NONE',  ( -0.6063444134277176101, 0.000000000000000000, 1.256365044718809720 ) ) ;
#1949 = DIRECTION ( 'NONE',  ( -0.000000000000000000, -1.000000000000000000, -0.000000000000000000 ) ) ;
#1950 = CARTESIAN_POINT ( 'NONE',  ( -0.2106796061668248510, 0.4000000000000000222, -0.2048111477641993972 ) ) ;
#1951 = CARTESIAN_POINT ( 'NONE',  ( -0.6999750074997446170, 0.000000000000000000, 0.1959215949563415105 ) ) ;
#1952 = CARTESIAN_POINT ( 'NONE',  ( 0.4079173584646437201, -5.421010862427522170E-17, 0.9057640848510416509 ) ) ;
#1953 = CARTESIAN_POINT ( 'NONE',  ( 1.403345002801074548, 0.4000000000000000222, -1.352211303729524916 ) ) ;
#1954 = ORIENTED_EDGE ( 'NONE', *, *, #1332, .T. ) ;
#1955 = CARTESIAN_POINT ( 'NONE',  ( -0.07699725082497177464, 0.4000000000000000222, -2.063997714971405273 ) ) ;
#1956 = CARTESIAN_POINT ( 'NONE',  ( 1.276958459264290413, 0.4000000000000000222, -1.566936693758170129 ) ) ;
#1957 = CARTESIAN_POINT ( 'NONE',  ( -0.3173580954118367381, 0.4000000000000000222, 2.396804838086674661 ) ) ;
#1958 = VERTEX_POINT ( 'NONE', #184 ) ;
#1959 = CARTESIAN_POINT ( 'NONE',  ( -0.4384487974094471996, 0.4000000000000000222, -0.3748691557676007147 ) ) ;
#1960 = DIRECTION ( 'NONE',  ( -0.000000000000000000, -1.000000000000000000, -0.000000000000000000 ) ) ;
#1961 = CARTESIAN_POINT ( 'NONE',  ( -0.8573753273120852114, 0.4000000000000000222, -1.952794825594315276 ) ) ;
#1962 = B_SPLINE_CURVE_WITH_KNOTS ( 'NONE', 3,
 ( #2007, #18, #429, #1102, #2494, #2913, #3, #1797, #2698, #889, #678 ),
 .UNSPECIFIED., .F., .F.,
 ( 4, 1, 1, 1, 1, 1, 1, 1, 4 ),
 ( 0.000000000000000000, 0.1150147302747472206, 0.2303333058216729401, 0.3469414244120342938, 0.4664007010955688592, 0.5889261123782001395, 0.7196576052414275226, 0.8561728890492072974, 1.000000000000000000 ),
 .UNSPECIFIED. ) ;
#1963 = EDGE_CURVE ( 'NONE', #2315, #1518, #1173, .T. ) ;
#1964 = CARTESIAN_POINT ( 'NONE',  ( -0.8573753273120852114, 0.4000000000000000222, -1.952794825594315276 ) ) ;
#1965 = CARTESIAN_POINT ( 'NONE',  ( -0.6999750074997446170, -5.421010862427522170E-17, 0.1959215949563415105 ) ) ;
#1966 = CARTESIAN_POINT ( 'NONE',  ( -0.4159170715575069011, 0.4000000000000000222, -1.350953696270767557 ) ) ;
#1967 = VECTOR ( 'NONE', #2214, 1000.000000000000000 ) ;
#1968 = CARTESIAN_POINT ( 'NONE',  ( 0.2507443145143440355, 0.4000000000000000222, -1.393711620953622443 ) ) ;
#1969 = EDGE_LOOP ( 'NONE', ( #511, #479, #1222, #365 ) ) ;
#1970 = DIRECTION ( 'NONE',  ( 0.000000000000000000, -1.000000000000000000, 0.000000000000000000 ) ) ;
#1971 = CARTESIAN_POINT ( 'NONE',  ( 1.099805245833075151, -5.421010862427522170E-17, -1.744828514945854003 ) ) ;
#1972 = CARTESIAN_POINT ( 'NONE',  ( 1.437053486703623983, 0.000000000000000000, -0.4587462474296751247 ) ) ;
#1973 = CARTESIAN_POINT ( 'NONE',  ( -1.191989444025516987, 0.000000000000000000, -1.777706274102278883 ) ) ;
#1974 = CARTESIAN_POINT ( 'NONE',  ( 1.346389639794323356, 0.4000000000000000222, -1.463796882099786867 ) ) ;
#1975 = CARTESIAN_POINT ( 'NONE',  ( 0.5400054404195678837, -5.421010862427522170E-17, 1.175565653959586232 ) ) ;
#1976 = ORIENTED_EDGE ( 'NONE', *, *, #721, .F. ) ;
#1977 = FACE_OUTER_BOUND ( 'NONE', #2164, .T. ) ;
#1978 = AXIS2_PLACEMENT_3D ( 'NONE', #2841, #2229, #1710 ) ;
#1979 = CARTESIAN_POINT ( 'NONE',  ( 0.6063435978379100311, -0.000000000000000000, -0.8521231673945843799 ) ) ;
#1980 = B_SPLINE_CURVE_WITH_KNOTS ( 'NONE', 3,
 ( #1075, #1925, #2370, #639, #2192, #1754, #399, #2403, #2179, #2163, #1532, #1500, #1995, #1703, #2659, #1957, #2388, #2437, #155 ),
 .UNSPECIFIED., .F., .F.,
 ( 4, 1, 1, 1, 1, 1, 1, 1, 1, 1, 1, 1, 1, 1, 1, 1, 4 ),
 ( 0.000000000000000000, 0.06024154434176438866, 0.1181361561437235808, 0.1743306221830834835, 0.2293441248101640573, 0.2840137640919032092, 0.3384199535373434431, 0.3928983066006920821, 0.4485306532461006412, 0.5060517977224238129, 0.5661833049414335406, 0.6287285985730345361, 0.6945137632296567443, 0.7645004946290925307, 0.8385005335306517926, 0.9165750233227022425, 1.000000000000000000 ),
 .UNSPECIFIED. ) ;
#1981 = CARTESIAN_POINT ( 'NONE',  ( -0.1366811918743565113, -0.000000000000000000, -2.062901638944802940 ) ) ;
#1982 = CARTESIAN_POINT ( 'NONE',  ( -0.7234572250487545375, 0.000000000000000000, -1.993698532121102263 ) ) ;
#1983 = CARTESIAN_POINT ( 'NONE',  ( 0.000000000000000000, 20.00000000000000000, 0.000000000000000000 ) ) ;
#1984 = CARTESIAN_POINT ( 'NONE',  ( -0.6719760071997545881, 0.000000000000000000, -0.8860397737789779127 ) ) ;
#1985 = EDGE_CURVE ( 'NONE', #2846, #2598, #1843, .T. ) ;
#1986 = CARTESIAN_POINT ( 'NONE',  ( 0.02746577526431996652, 0.4000000000000000222, -1.422452239280749930 ) ) ;
#1987 = B_SPLINE_CURVE_WITH_KNOTS ( 'NONE', 3,
 ( #1851, #1212, #527, #2354, #1877, #1669, #1616, #1418, #2579, #277, #62 ),
 .UNSPECIFIED., .F., .F.,
 ( 4, 1, 1, 1, 1, 1, 1, 1, 4 ),
 ( 0.000000000000000000, 0.1150147302747472206, 0.2303333058216729401, 0.3469414244120342938, 0.4664007010955688592, 0.5889261123782001395, 0.7196576052414275226, 0.8561728890492072974, 1.000000000000000000 ),
 .UNSPECIFIED. ) ;
#1988 = CARTESIAN_POINT ( 'NONE',  ( 0.5121015309152276984, -5.421010862427522170E-17, 1.080719502568299850 ) ) ;
#1989 = CARTESIAN_POINT ( 'NONE',  ( 1.132496614775913679, 0.000000000000000000, 2.050008532936696604 ) ) ;
#1990 = EDGE_CURVE ( 'NONE', #1324, #1194, #2373, .T. ) ;
#1991 = CARTESIAN_POINT ( 'NONE',  ( 1.376366981742979778, 0.000000000000000000, -0.3294373599087843107 ) ) ;
#1992 = CARTESIAN_POINT ( 'NONE',  ( -1.567944016799427631, 0.4000000000000000222, -0.9440377029718139967 ) ) ;
#1993 = B_SPLINE_CURVE_WITH_KNOTS ( 'NONE', 3,
 ( #2533, #2306, #714, #1179, #2083, #1872, #1635, #1373, #2546, #520, #1412 ),
 .UNSPECIFIED., .F., .F.,
 ( 4, 1, 1, 1, 1, 1, 1, 1, 4 ),
 ( 0.000000000000000000, 0.1098389797032604392, 0.2131858177125055820, 0.3164343783355382245, 0.4263234099801994081, 0.5467296233304806963, 0.6817737376772511348, 0.8321140144251579773, 1.000000000000000000 ),
 .UNSPECIFIED. ) ;
#1994 = CARTESIAN_POINT ( 'NONE',  ( 0.6314912941837775850, 0.4000000000000000222, 2.341311951367937905 ) ) ;
#1995 = CARTESIAN_POINT ( 'NONE',  ( -0.7465869593799836501, 0.4000000000000000222, 2.288576956795188799 ) ) ;
#1996 = ORIENTED_EDGE ( 'NONE', *, *, #1633, .T. ) ;
#1997 = CARTESIAN_POINT ( 'NONE',  ( 5.327213576290986242E-16, 23.00000000000000000, 4.349999999999999645 ) ) ;
#1998 = CARTESIAN_POINT ( 'NONE',  ( -1.281241428325084808, 0.000000000000000000, -1.702460893113681317 ) ) ;
#1999 = FACE_OUTER_BOUND ( 'NONE', #516, .T. ) ;
#2000 = CARTESIAN_POINT ( 'NONE',  ( -0.8967015425104619686, 0.4000000000000000222, 0.08923791705276033770 ) ) ;
#2001 = CARTESIAN_POINT ( 'NONE',  ( 0.1205044412873673143, 0.000000000000000000, -1.419502376006049005 ) ) ;
#2002 = CARTESIAN_POINT ( 'NONE',  ( -1.513956966890967593, 0.000000000000000000, -0.5975800959906519827 ) ) ;
#2003 = CARTESIAN_POINT ( 'NONE',  ( 1.298276542413782320, 0.000000000000000000, 1.784921728761671211 ) ) ;
#2004 = ADVANCED_FACE ( 'NONE', ( #925 ), #1864, .T. ) ;
#2005 = CARTESIAN_POINT ( 'NONE',  ( 0.02099925022499248353, 0.000000000000000000, 0.6009071350097651143 ) ) ;
#2006 = FACE_OUTER_BOUND ( 'NONE', #1533, .T. ) ;
#2007 = CARTESIAN_POINT ( 'NONE',  ( 1.375950871885212479, 0.000000000000000000, 1.352880285923776293 ) ) ;
#2008 = VERTEX_POINT ( 'NONE', #2894 ) ;
#2009 = CARTESIAN_POINT ( 'NONE',  ( -0.6704156271124570576, -0.000000000000000000, -0.8478529168474324695 ) ) ;
#2010 = CARTESIAN_POINT ( 'NONE',  ( -1.566916306630182110, 0.4000000000000000222, -0.9881125276126976331 ) ) ;
#2011 = CARTESIAN_POINT ( 'NONE',  ( 1.276958459264290413, -5.421010862427522170E-17, -1.566936693758170129 ) ) ;
#2012 = CARTESIAN_POINT ( 'NONE',  ( -0.7673180744485176286, 0.4000000000000000222, 0.1594018338422101000 ) ) ;
#2013 = CIRCLE ( 'NONE', #2763, 4.349999999999999645 ) ;
#2014 = CARTESIAN_POINT ( 'NONE',  ( 0.6027503586489265652, 0.000000000000000000, -1.007129714757275307 ) ) ;
#2015 = CARTESIAN_POINT ( 'NONE',  ( -1.567574640909560779, -0.000000000000000000, -0.9136629818043300322 ) ) ;
#2016 = LINE ( 'NONE', #1140, #1731 ) ;
#2017 = CONICAL_SURFACE ( 'NONE', #839, 4.349999999999999645, 0.7853981633974361776 ) ;
#2018 = CARTESIAN_POINT ( 'NONE',  ( -0.6672646771478665251, 0.000000000000000000, -1.006004317904313883 ) ) ;
#2019 = APPLICATION_PROTOCOL_DEFINITION ( 'draft international standard', 'automotive_design', 1998, #57 ) ;
#2020 = CARTESIAN_POINT ( 'NONE',  ( 1.375950871885212479, 0.4000000000000000222, 1.352880285923776293 ) ) ;
#2021 = ORIENTED_EDGE ( 'NONE', *, *, #598, .T. ) ;
#2022 = DIRECTION ( 'NONE',  ( 0.000000000000000000, -1.000000000000000000, 0.000000000000000000 ) ) ;
#2023 = CARTESIAN_POINT ( 'NONE',  ( 0.000000000000000000, 23.00000000000000000, 0.000000000000000000 ) ) ;
#2024 = CARTESIAN_POINT ( 'NONE',  ( 1.503059518121323102, -5.421010862427522170E-17, -0.8747935824225114843 ) ) ;
#2025 = ORIENTED_EDGE ( 'NONE', *, *, #654, .T. ) ;
#2026 = CARTESIAN_POINT ( 'NONE',  ( 0.6063435978379100311, 5.421010862427522170E-17, -0.8521231673945843799 ) ) ;
#2027 = CARTESIAN_POINT ( 'NONE',  ( -0.1684356730577247219, 0.000000000000000000, -1.419436294891742056 ) ) ;
#2028 = CARTESIAN_POINT ( 'NONE',  ( 0.000000000000000000, 0.9999999999999974465, 0.000000000000000000 ) ) ;
#2029 = CARTESIAN_POINT ( 'NONE',  ( 0.1066814558719722666, 0.000000000000000000, -2.061730461496030120 ) ) ;
#2030 = B_SPLINE_CURVE_WITH_KNOTS ( 'NONE', 3,
 ( #1869, #2582, #2787, #1896, #2120, #1421, #1644, #1657, #1468, #2358, #1246, #2150, #766 ),
 .UNSPECIFIED., .F., .F.,
 ( 4, 1, 1, 1, 1, 1, 1, 1, 1, 1, 4 ),
 ( 0.000000000000000000, 0.1488401616933228977, 0.2876733215377531017, 0.4174748824588686014, 0.5393220372385026939, 0.6550207751846648385, 0.7678741544607107228, 0.8240149571879443746, 0.8813490423102168236, 0.9398749119825381415, 1.000000000000000000 ),
 .UNSPECIFIED. ) ;
#2031 = CIRCLE ( 'NONE', #757, 3.049999999999999822 ) ;
#2032 = CARTESIAN_POINT ( 'NONE',  ( 0.4528720391987486882, 0.4000000000000000222, -1.286873300238324358 ) ) ;
#2033 = CARTESIAN_POINT ( 'NONE',  ( -0.5315823043304828133, 0.4000000000000000777, 1.578114875441134268 ) ) ;
#2034 = CARTESIAN_POINT ( 'NONE',  ( -0.03699867896784364563, 5.421010862427522170E-17, 1.775865183312907991 ) ) ;
#2035 = ORIENTED_EDGE ( 'NONE', *, *, #115, .T. ) ;
#2036 = DIRECTION ( 'NONE',  ( 0.000000000000000000, -1.000000000000000000, -0.000000000000000000 ) ) ;
#2037 = CARTESIAN_POINT ( 'NONE',  ( -1.297849939208917558, 0.000000000000000000, 1.828742128836348790 ) ) ;
#2038 = CARTESIAN_POINT ( 'NONE',  ( 1.480019468870558574, -5.421010862427522170E-17, -1.103919355131180335 ) ) ;
#2039 = EDGE_CURVE ( 'NONE', #979, #1056, #869, .T. ) ;
#2040 = EDGE_LOOP ( 'NONE', ( #2091, #2452, #1976, #1907 ) ) ;
#2041 = CARTESIAN_POINT ( 'NONE',  ( -1.399705152094068206, 0.000000000000000000, -0.3672346117929667919 ) ) ;
#2042 = CARTESIAN_POINT ( 'NONE',  ( -1.567944016799427631, 0.4000000000000000222, -0.9440377029718139967 ) ) ;
#2043 = CARTESIAN_POINT ( 'NONE',  ( -1.554837519589173045, 0.000000000000000000, -0.7655595891981944456 ) ) ;
#2044 = CARTESIAN_POINT ( 'NONE',  ( -0.03699867896784364563, 0.4000000000000000777, 1.775865183312907991 ) ) ;
#2045 = LINE ( 'NONE', #2491, #185 ) ;
#2046 = CARTESIAN_POINT ( 'NONE',  ( -0.1268284912854910074, 0.000000000000000000, 0.6812554027255662836 ) ) ;
#2047 = SHAPE_DEFINITION_REPRESENTATION ( #595, #395 ) ;
#2048 = CARTESIAN_POINT ( 'NONE',  ( 0.4690814405906679196, 0.4000000000000000777, 1.573172140967451060 ) ) ;
#2049 = EDGE_LOOP ( 'NONE', ( #39, #1295, #529, #640 ) ) ;
#2050 = CARTESIAN_POINT ( 'NONE',  ( -0.1670312549608714836, 0.000000000000000000, 1.771908444693414353 ) ) ;
#2051 = CARTESIAN_POINT ( 'NONE',  ( -0.1523637654928110263, 0.000000000000000000, 2.413555244290861879 ) ) ;
#2052 = CARTESIAN_POINT ( 'NONE',  ( 1.449058311676733934, -5.421010862427522170E-17, -1.232322797577810380 ) ) ;
#2053 = ORIENTED_EDGE ( 'NONE', *, *, #299, .T. ) ;
#2054 = CARTESIAN_POINT ( 'NONE',  ( 0.6079782922283495372, 5.421010862427522170E-17, -0.8920395595575473235 ) ) ;
#2055 = CARTESIAN_POINT ( 'NONE',  ( -1.476393215957614524, 0.4000000000000000222, -1.424268136312736965 ) ) ;
#2056 = ADVANCED_FACE ( 'NONE', ( #2219 ), #198, .F. ) ;
#2057 = CARTESIAN_POINT ( 'NONE',  ( -1.567574640909560779, 0.4000000000000000222, -0.9136629818043300322 ) ) ;
#2058 = CARTESIAN_POINT ( 'NONE',  ( -0.3020071268946397103, 0.000000000000000000, -1.393961566579365874 ) ) ;
#2059 = CARTESIAN_POINT ( 'NONE',  ( 0.000000000000000000, 0.000000000000000000, 0.000000000000000000 ) ) ;
#2060 = VECTOR ( 'NONE', #108, 1000.000000000000000 ) ;
#2061 = CARTESIAN_POINT ( 'NONE',  ( 1.298276542413782320, -5.421010862427522170E-17, 1.784921728761671211 ) ) ;
#2062 = ORIENTED_EDGE ( 'NONE', *, *, #158, .T. ) ;
#2063 = CARTESIAN_POINT ( 'NONE',  ( -0.5315823043304828133, 0.4000000000000000777, 1.578114875441134268 ) ) ;
#2064 = CARTESIAN_POINT ( 'NONE',  ( 0.01999928592856417553, 0.4000000000000000222, 2.415842333026959832 ) ) ;
#2065 = CARTESIAN_POINT ( 'NONE',  ( 1.449058311676733934, 0.4000000000000000222, -1.232322797577810380 ) ) ;
#2066 = ORIENTED_EDGE ( 'NONE', *, *, #506, .F. ) ;
#2067 = CARTESIAN_POINT ( 'NONE',  ( -0.01990190112616539025, 5.421010862427522170E-17, -0.1529747605940274813 ) ) ;
#2068 = CARTESIAN_POINT ( 'NONE',  ( -1.545840013579556249, 0.4000000000000000222, -1.198128824498822409 ) ) ;
#2069 = B_SPLINE_CURVE_WITH_KNOTS ( 'NONE', 3,
 ( #661, #2015, #466, #2043, #2922, #2002, #1542, #2893, #674, #868, #1792, #209, #452, #2708, #1807 ),
 .UNSPECIFIED., .F., .F.,
 ( 4, 1, 1, 1, 1, 1, 1, 1, 1, 1, 1, 1, 4 ),
 ( 0.000000000000000000, 0.06003831784040639108, 0.1185174089102424139, 0.1756767015595261383, 0.2320161616059254750, 0.2885905228496541963, 0.3446204230804460478, 0.4017302485697500924, 0.4593743358440074975, 0.5798017087899348665, 0.7089774919042215462, 0.8485250972179008144, 1.000000000000000000 ),
 .UNSPECIFIED. ) ;
#2070 = CARTESIAN_POINT ( 'NONE',  ( -1.444682153515724155, 0.4000000000000000222, -0.4410127540440871852 ) ) ;
#2071 = CLOSED_SHELL ( 'NONE', ( #1413, #2527, #2576, #2056, #535, #2776, #95, #414, #1765, #538, #1614, #2440, #1083, #2004, #28, #7, #1147, #2853, #1367, #2911, #2755, #772, #12, #688, #268, #2072, #2721, #738, #855, #99, #2490, #1453, #2397, #2811 ) ) ;
#2072 = ADVANCED_FACE ( 'NONE', ( #951 ), #1486, .T. ) ;
#2073 = CARTESIAN_POINT ( 'NONE',  ( -0.8676062753182298692, 0.4000000000000000222, 2.233821177836880612 ) ) ;
#2074 = CARTESIAN_POINT ( 'NONE',  ( 0.5231804590072055561, 0.000000000000000000, -1.207559707517101177 ) ) ;
#2075 =( LENGTH_UNIT ( ) NAMED_UNIT ( * ) SI_UNIT ( .MILLI., .METRE. ) );
#2076 = ORIENTED_EDGE ( 'NONE', *, *, #252, .F. ) ;
#2077 = CARTESIAN_POINT ( 'NONE',  ( 5.327213576290986242E-16, 23.00000000000000000, 4.349999999999999645 ) ) ;
#2078 = CARTESIAN_POINT ( 'NONE',  ( 0.4528720391987486882, 0.4000000000000000222, -1.286873300238324358 ) ) ;
#2079 = CARTESIAN_POINT ( 'NONE',  ( 1.150826677194491499, 0.4000000000000000222, -0.05035678605928591012 ) ) ;
#2080 = EDGE_LOOP ( 'NONE', ( #2567, #1007, #1606, #342 ) ) ;
#2081 = CARTESIAN_POINT ( 'NONE',  ( -1.513956966890967593, 0.000000000000000000, -0.5975800959906519827 ) ) ;
#2082 = CARTESIAN_POINT ( 'NONE',  ( -1.517867507986575104, 0.4000000000000000222, -1.315150078973171599 ) ) ;
#2083 = CARTESIAN_POINT ( 'NONE',  ( 0.5185231090490310946, 0.4000000000000000222, -0.5605027395380078881 ) ) ;
#2084 = CARTESIAN_POINT ( 'NONE',  ( 0.6027503586489265652, 0.4000000000000000222, -1.007129714757275307 ) ) ;
#2085 = CARTESIAN_POINT ( 'NONE',  ( -0.6031498240957177126, 0.000000000000000000, 1.188875893801615735 ) ) ;
#2086 = EDGE_CURVE ( 'NONE', #234, #930, #2249, .T. ) ;
#2087 = ORIENTED_EDGE ( 'NONE', *, *, #212, .T. ) ;
#2088 = CARTESIAN_POINT ( 'NONE',  ( -0.4689116967965274996, 0.000000000000000000, 1.650728817840125595 ) ) ;
#2089 = DIRECTION ( 'NONE',  ( 0.000000000000000000, 0.000000000000000000, -1.000000000000000000 ) ) ;
#2090 = CARTESIAN_POINT ( 'NONE',  ( 1.198007939247910825, 0.4000000000000000222, 1.968063720138111039 ) ) ;
#2091 = ORIENTED_EDGE ( 'NONE', *, *, #1850, .T. ) ;
#2092 = CARTESIAN_POINT ( 'NONE',  ( -0.7673180744485176286, -0.000000000000000000, 0.1594018338422101000 ) ) ;
#2093 = CARTESIAN_POINT ( 'NONE',  ( -0.2525268968764525779, 0.4000000000000000222, -2.060774170520213833 ) ) ;
#2094 = CARTESIAN_POINT ( 'NONE',  ( -1.566845482016446578, 0.4000000000000000222, -0.8537023869936855025 ) ) ;
#2095 = CARTESIAN_POINT ( 'NONE',  ( -0.3701029854784829154, 0.4000000000000000222, 0.8376056590769316301 ) ) ;
#2096 = CARTESIAN_POINT ( 'NONE',  ( -1.437437656313922618, -0.000000000000000000, 1.194686315309402724 ) ) ;
#2097 = CARTESIAN_POINT ( 'NONE',  ( -0.7544281242085429939, 0.4000000000000000222, 0.2278374315389530280 ) ) ;
#2098 = ORIENTED_EDGE ( 'NONE', *, *, #1552, .F. ) ;
#2099 = EDGE_CURVE ( 'NONE', #2786, #1394, #1452, .T. ) ;
#2100 = CARTESIAN_POINT ( 'NONE',  ( -0.7465869593799836501, 0.4000000000000000222, 2.288576956795188799 ) ) ;
#2101 = AXIS2_PLACEMENT_3D ( 'NONE', #484, #174, #1375 ) ;
#2102 = PLANE ( 'NONE',  #38 ) ;
#2103 = CARTESIAN_POINT ( 'NONE',  ( 0.8275033032931372601, 0.4000000000000000222, 0.1915557674127215115 ) ) ;
#2104 = ORIENTED_EDGE ( 'NONE', *, *, #1887, .F. ) ;
#2105 = CARTESIAN_POINT ( 'NONE',  ( -0.02199921452142035438, 0.4000000000000000222, -1.424020565257352988 ) ) ;
#2106 = EDGE_CURVE ( 'NONE', #503, #905, #1993, .T. ) ;
#2107 = CARTESIAN_POINT ( 'NONE',  ( 0.6314912941837775850, 0.4000000000000000222, 2.341311951367937905 ) ) ;
#2108 = CARTESIAN_POINT ( 'NONE',  ( 0.6359772925283394551, 0.000000000000000000, 0.2959180245991621661 ) ) ;
#2109 = CARTESIAN_POINT ( 'NONE',  ( -1.513956966890967593, -5.421010862427522170E-17, -0.5975800959906519827 ) ) ;
#2110 = CARTESIAN_POINT ( 'NONE',  ( -1.566845482016446578, 0.4000000000000000222, -0.8537023869936855025 ) ) ;
#2111 = FACE_OUTER_BOUND ( 'NONE', #2484, .T. ) ;
#2112 = CIRCLE ( 'NONE', #1978, 5.049999999999999822 ) ;
#2113 = CARTESIAN_POINT ( 'NONE',  ( 0.6917385663241966132, 0.4000000000000000222, 0.3290984558066456511 ) ) ;
#2114 = CARTESIAN_POINT ( 'NONE',  ( -0.6999750074997446170, 0.4000000000000000222, 0.1959215949563415105 ) ) ;
#2115 = ORIENTED_EDGE ( 'NONE', *, *, #814, .T. ) ;
#2116 = CARTESIAN_POINT ( 'NONE',  ( -1.234844469246214160, 0.000000000000000000, 1.925333993044754832 ) ) ;
#2117 = FACE_OUTER_BOUND ( 'NONE', #559, .T. ) ;
#2118 = CARTESIAN_POINT ( 'NONE',  ( 0.6314912941837775850, 0.4000000000000000222, 2.341311951367937905 ) ) ;
#2119 = ORIENTED_EDGE ( 'NONE', *, *, #2159, .T. ) ;
#2120 = CARTESIAN_POINT ( 'NONE',  ( 1.150826677194491499, 0.4000000000000000222, -0.05035678605928591012 ) ) ;
#2121 = CARTESIAN_POINT ( 'NONE',  ( -0.8604348597266531229, 0.4000000000000000222, 0.2899696629325226871 ) ) ;
#2122 = EDGE_CURVE ( 'NONE', #1739, #2607, #2778, .T. ) ;
#2123 = CARTESIAN_POINT ( 'NONE',  ( -1.444682153515724155, 0.4000000000000000222, -0.4410127540440871852 ) ) ;
#2124 = CARTESIAN_POINT ( 'NONE',  ( -1.567574640909560779, -5.421010862427522170E-17, -0.9136629818043300322 ) ) ;
#2125 = CARTESIAN_POINT ( 'NONE',  ( -0.07278244444641318589, 0.4000000000000000222, -1.422430769530645733 ) ) ;
#2126 = CARTESIAN_POINT ( 'NONE',  ( 1.053880677908697994, 0.4000000000000000222, 2.123093763084305863 ) ) ;
#2127 = EDGE_LOOP ( 'NONE', ( #1514, #827, #583, #475 ) ) ;
#2128 = CARTESIAN_POINT ( 'NONE',  ( 0.6079782922283495372, 0.4000000000000000222, -0.8920395595575473235 ) ) ;
#2129 = CARTESIAN_POINT ( 'NONE',  ( 1.449058311676733934, -5.421010862427522170E-17, -1.232322797577810380 ) ) ;
#2130 = ORIENTED_EDGE ( 'NONE', *, *, #637, .F. ) ;
#2131 = DIRECTION ( 'NONE',  ( 8.659560562354830553E-17, 0.7071067811865561215, -0.7071067811865390240 ) ) ;
#2132 = CARTESIAN_POINT ( 'NONE',  ( 0.5699695832812657903, 0.000000000000000000, -0.6638675985771006482 ) ) ;
#2133 = CARTESIAN_POINT ( 'NONE',  ( 1.334372619301406271, 0.4000000000000000222, 1.684964038911225925 ) ) ;
#2134 = ORIENTED_EDGE ( 'NONE', *, *, #2876, .T. ) ;
#2135 = CARTESIAN_POINT ( 'NONE',  ( 0.2220737101408598313, 0.000000000000000000, -0.2928559524038553685 ) ) ;
#2136 = CARTESIAN_POINT ( 'NONE',  ( -1.245787371818408928, 0.4000000000000000222, 0.6309673259169041870 ) ) ;
#2137 = CARTESIAN_POINT ( 'NONE',  ( 0.7440882139549332974, 0.000000000000000000, -1.938781977994613603 ) ) ;
#2138 = CARTESIAN_POINT ( 'NONE',  ( 0.000000000000000000, 0.9999999999999974465, 0.000000000000000000 ) ) ;
#2139 = CARTESIAN_POINT ( 'NONE',  ( 0.000000000000000000, 1.999999999999998224, 0.000000000000000000 ) ) ;
#2140 = EDGE_CURVE ( 'NONE', #156, #1103, #793, .T. ) ;
#2141 = LINE ( 'NONE', #2587, #1402 ) ;
#2142 = CARTESIAN_POINT ( 'NONE',  ( -0.9766097512721420015, 0.000000000000000000, 2.168633428461176127 ) ) ;
#2143 = CARTESIAN_POINT ( 'NONE',  ( 0.9927403741014735328, 0.4000000000000000222, -1.818541298946570572 ) ) ;
#2144 = VECTOR ( 'NONE', #2131, 1000.000000000000000 ) ;
#2145 = CARTESIAN_POINT ( 'NONE',  ( 0.7012828638470128828, 0.4000000000000000222, 0.2603331095139913010 ) ) ;
#2146 = CARTESIAN_POINT ( 'NONE',  ( -1.159871247195219057, 0.4000000000000000222, 2.013831499106505607 ) ) ;
#2147 = CARTESIAN_POINT ( 'NONE',  ( -0.4716956630423849717, 0.000000000000000000, 2.371747620228133790 ) ) ;
#2148 = CARTESIAN_POINT ( 'NONE',  ( 0.4079173584646437201, -5.421010862427522170E-17, 0.9057640848510416509 ) ) ;
#2149 = ORIENTED_EDGE ( 'NONE', *, *, #2122, .F. ) ;
#2150 = CARTESIAN_POINT ( 'NONE',  ( 1.503137201529950673, 0.4000000000000000222, -0.7970056918893888565 ) ) ;
#2151 = CARTESIAN_POINT ( 'NONE',  ( -0.2106796061668248510, 0.000000000000000000, -0.2048111477641993972 ) ) ;
#2152 = CARTESIAN_POINT ( 'NONE',  ( -0.5779523392737498932, 0.4000000000000000222, -2.025351539703656112 ) ) ;
#2153 = CARTESIAN_POINT ( 'NONE',  ( 0.000000000000000000, 20.00000000000000000, -3.049999999999999822 ) ) ;
#2154 = CARTESIAN_POINT ( 'NONE',  ( -0.5773260926922259006, 0.4000000000000000222, 1.493332664160596401 ) ) ;
#2155 = CARTESIAN_POINT ( 'NONE',  ( 1.150826677194491499, 0.000000000000000000, -0.05035678605928591012 ) ) ;
#2156 = VERTEX_POINT ( 'NONE', #2636 ) ;
#2157 = CARTESIAN_POINT ( 'NONE',  ( 0.5426519440411391448, 0.4000000000000000222, 1.241021889775437481 ) ) ;
#2158 = CARTESIAN_POINT ( 'NONE',  ( -0.07699725082497177464, -5.421010862427522170E-17, -2.063997714971405273 ) ) ;
#2159 = EDGE_CURVE ( 'NONE', #1518, #1324, #2285, .T. ) ;
#2160 = CARTESIAN_POINT ( 'NONE',  ( 1.375950871885212701, 0.4000000000000000222, 1.352880285923776515 ) ) ;
#2161 = CARTESIAN_POINT ( 'NONE',  ( -0.3173580954118367381, 0.000000000000000000, 2.396804838086674661 ) ) ;
#2162 = DIRECTION ( 'NONE',  ( -0.000000000000000000, -1.000000000000000000, -0.000000000000000000 ) ) ;
#2163 = CARTESIAN_POINT ( 'NONE',  ( -1.074531951636190641, 0.4000000000000000222, 2.095583861373350842 ) ) ;
#2164 = EDGE_LOOP ( 'NONE', ( #2323, #2364, #292, #498 ) ) ;
#2165 = CARTESIAN_POINT ( 'NONE',  ( -0.3861219820298277816, 0.000000000000000000, 1.707414033076273485 ) ) ;
#2166 = CARTESIAN_POINT ( 'NONE',  ( -0.4384487974094471996, 0.4000000000000000777, -0.3748691557676007147 ) ) ;
#2167 = CARTESIAN_POINT ( 'NONE',  ( -1.357486624065476377, 0.000000000000000000, -1.617506711908638151 ) ) ;
#2168 = LINE ( 'NONE', #193, #472 ) ;
#2169 = CARTESIAN_POINT ( 'NONE',  ( 0.9927403741014735328, 0.4000000000000000222, -1.818541298946570572 ) ) ;
#2170 = CARTESIAN_POINT ( 'NONE',  ( -0.6704156271124570576, 0.4000000000000000222, -0.8478529168474324695 ) ) ;
#2171 = B_SPLINE_SURFACE_WITH_KNOTS ( 'NONE', 3, 1, ( 
 ( #2848, #151 ),
 ( #569, #1461 ),
 ( #2351, #633 ),
 ( #1240, #2383 ),
 ( #1905, #2129 ),
 ( #1953, #1040 ),
 ( #838, #2366 ),
 ( #117, #166 ),
 ( #2810, #822 ),
 ( #2625, #1971 ),
 ( #2143, #1921 ),
 ( #602, #1496 ),
 ( #1055, #1512 ),
 ( #359, #134 ),
 ( #1750, #2863 ),
 ( #1224, #1734 ),
 ( #807, #617 ),
 ( #2416, #2878 ),
 ( #2609, #2158 ) ),
 .UNSPECIFIED., .F., .F., .F.,
 ( 4, 1, 1, 1, 1, 1, 1, 1, 1, 1, 1, 1, 1, 1, 1, 1, 4 ),
 ( 2, 2 ),
 ( 0.000000000000000000, 0.06282592105328145549, 0.1227317415465955797, 0.1806473094286877579, 0.2364931263344308143, 0.2912659570617958660, 0.3453217307168494066, 0.3997469507730634364, 0.4550832560138087235, 0.5118292350899360521, 0.5705804923793743599, 0.6325417244804467654, 0.6980624161410500239, 0.7670567314646583590, 0.8403110917076146436, 0.9178859119836890734, 1.000000000000000000 ),
 ( 0.000000000000000000, 1.000000000000000000 ),
 .UNSPECIFIED. ) ;
#2172 = CARTESIAN_POINT ( 'NONE',  ( 0.4701534560579639921, 0.000000000000000000, 0.9897528722496171660 ) ) ;
#2173 = CARTESIAN_POINT ( 'NONE',  ( 0.2413446449025103968, 0.4000000000000000222, 0.7467447266511495485 ) ) ;
#2174 =( NAMED_UNIT ( * ) SI_UNIT ( $, .STERADIAN. ) SOLID_ANGLE_UNIT ( ) );
#2175 = FACE_OUTER_BOUND ( 'NONE', #1187, .T. ) ;
#2176 = CARTESIAN_POINT ( 'NONE',  ( -1.517867507986575104, 0.4000000000000000222, -1.315150078973171599 ) ) ;
#2177 = EDGE_CURVE ( 'NONE', #2772, #2563, #1661, .T. ) ;
#2178 = CARTESIAN_POINT ( 'NONE',  ( -1.159871247195219057, 0.000000000000000000, 2.013831499106505607 ) ) ;
#2179 = CARTESIAN_POINT ( 'NONE',  ( -1.159871247195219057, 0.4000000000000000222, 2.013831499106505607 ) ) ;
#2180 = ORIENTED_EDGE ( 'NONE', *, *, #2690, .F. ) ;
#2181 = CARTESIAN_POINT ( 'NONE',  ( 0.1205044412873673143, 0.000000000000000000, -1.419502376006049005 ) ) ;
#2182 = CARTESIAN_POINT ( 'NONE',  ( -0.6378851995394680952, 0.4000000000000000777, -0.6641084884841158553 ) ) ;
#2183 = CARTESIAN_POINT ( 'NONE',  ( -0.7234572250487545375, 0.4000000000000000222, -1.993698532121102263 ) ) ;
#2184 = CARTESIAN_POINT ( 'NONE',  ( -0.1366811918743565113, 0.4000000000000000222, -2.062901638944802940 ) ) ;
#2185 = CARTESIAN_POINT ( 'NONE',  ( -0.8967015425104619686, -5.421010862427522170E-17, 0.08923791705276033770 ) ) ;
#2186 = FACE_BOUND ( 'NONE', #2880, .T. ) ;
#2187 = ORIENTED_EDGE ( 'NONE', *, *, #1648, .T. ) ;
#2188 = LINE ( 'NONE', #806, #2640 ) ;
#2189 = ORIENTED_EDGE ( 'NONE', *, *, #2216, .F. ) ;
#2190 = CARTESIAN_POINT ( 'NONE',  ( 1.375950871885212479, 0.4000000000000000222, 1.352880285923776293 ) ) ;
#2191 = CARTESIAN_POINT ( 'NONE',  ( -0.6999750074997446170, 0.4000000000000000222, 0.1959215949563415105 ) ) ;
#2192 = CARTESIAN_POINT ( 'NONE',  ( -1.390064163708334855, 0.4000000000000000222, 1.615638646249138777 ) ) ;
#2193 = EDGE_CURVE ( 'NONE', #2630, #2242, #98, .T. ) ;
#2194 = EDGE_LOOP ( 'NONE', ( #1255, #19, #2808, #2928 ) ) ;
#2195 = CARTESIAN_POINT ( 'NONE',  ( -0.6031498240957177126, 0.000000000000000000, 1.188875893801615735 ) ) ;
#2196 = DIRECTION ( 'NONE',  ( -0.000000000000000000, -1.000000000000000000, -0.000000000000000000 ) ) ;
#2197 = CARTESIAN_POINT ( 'NONE',  ( -1.091743597664720511, 0.000000000000000000, -1.844842441328946370 ) ) ;
#2198 = CARTESIAN_POINT ( 'NONE',  ( -0.2597061308006856084, 0.4000000000000000222, 0.7598591295988326166 ) ) ;
#2199 = EDGE_CURVE ( 'NONE', #1958, #265, #2823, .T. ) ;
#2200 = DIRECTION ( 'NONE',  ( 0.000000000000000000, 0.000000000000000000, 1.000000000000000000 ) ) ;
#2201 = CARTESIAN_POINT ( 'NONE',  ( 0.2413446449025103968, 0.4000000000000000222, 0.7467447266511495485 ) ) ;
#2202 = B_SPLINE_SURFACE_WITH_KNOTS ( 'NONE', 3, 1, ( 
 ( #1955, #1546 ),
 ( #857, #1101 ),
 ( #2910, #824 ),
 ( #2465, #2627 ),
 ( #1073, #1322 ),
 ( #2434, #2207 ),
 ( #428, #1558 ),
 ( #841, #887 ),
 ( #2896, #411 ),
 ( #442, #1973 ),
 ( #187, #1114 ),
 ( #396, #378 ),
 ( #872, #1752 ),
 ( #2881, #1278 ),
 ( #2176, #1767 ),
 ( #2865, #1308 ),
 ( #605, #1334 ),
 ( #1292, #2657 ),
 ( #1992, #2236 ) ),
 .UNSPECIFIED., .F., .F., .F.,
 ( 4, 1, 1, 1, 1, 1, 1, 1, 1, 1, 1, 1, 1, 1, 1, 1, 4 ),
 ( 2, 2 ),
 ( 0.000000000000000000, 0.08452255404608126355, 0.1640571096661349870, 0.2389534905332945380, 0.3090416517698260090, 0.3747340365544375995, 0.4369676580754859319, 0.4960819482658066493, 0.5528977872137931238, 0.6074735330254281696, 0.6609419582370559265, 0.7141116223017772713, 0.7675321077793779700, 0.8220588444552031637, 0.8789550134395774927, 0.9376304892395358470, 1.000000000000000000 ),
 ( 0.000000000000000000, 1.000000000000000000 ),
 .UNSPECIFIED. ) ;
#2203 = CIRCLE ( 'NONE', #1544, 4.349999999999999645 ) ;
#2204 = CARTESIAN_POINT ( 'NONE',  ( -1.419322760028817632, 0.000000000000000000, 1.500139717772842829 ) ) ;
#2205 = CARTESIAN_POINT ( 'NONE',  ( 0.9662501175068936021, 0.000000000000000000, 2.190746949478813210 ) ) ;
#2206 = ORIENTED_EDGE ( 'NONE', *, *, #1552, .T. ) ;
#2207 = CARTESIAN_POINT ( 'NONE',  ( -0.7234572250487545375, 0.000000000000000000, -1.993698532121102263 ) ) ;
#2208 = CARTESIAN_POINT ( 'NONE',  ( 0.3493386106350724885, 0.4000000000000000222, 2.399136368894705829 ) ) ;
#2209 = CARTESIAN_POINT ( 'NONE',  ( 0.5426519440411391448, -5.421010862427522170E-17, 1.241021889775437481 ) ) ;
#2210 = ORIENTED_EDGE ( 'NONE', *, *, #954, .T. ) ;
#2211 = DIRECTION ( 'NONE',  ( -0.000000000000000000, 1.000000000000000000, -0.000000000000000000 ) ) ;
#2212 = DIRECTION ( 'NONE',  ( 8.659560562354953812E-17, 0.7071067811865460184, -0.7071067811865490160 ) ) ;
#2213 = CARTESIAN_POINT ( 'NONE',  ( -1.566916306630182110, -0.000000000000000000, -0.9881125276126976331 ) ) ;
#2214 = DIRECTION ( 'NONE',  ( -0.000000000000000000, -1.000000000000000000, -0.000000000000000000 ) ) ;
#2215 = CARTESIAN_POINT ( 'NONE',  ( 0.09571688639215419903, 0.4000000000000000222, 1.772873881752144776 ) ) ;
#2216 = EDGE_CURVE ( 'NONE', #288, #334, #275, .T. ) ;
#2217 = LINE ( 'NONE', #2921, #1791 ) ;
#2218 = CARTESIAN_POINT ( 'NONE',  ( 0.2157050395334451365, 0.000000000000000000, 1.745831804434919032 ) ) ;
#2219 = FACE_OUTER_BOUND ( 'NONE', #525, .T. ) ;
#2220 = B_SPLINE_CURVE_WITH_KNOTS ( 'NONE', 3,
 ( #416, #861, #2195, #1361, #1347, #2251, #2267, #1142, #2046, #2726, #927 ),
 .UNSPECIFIED., .F., .F.,
 ( 4, 1, 1, 1, 1, 1, 1, 1, 4 ),
 ( 0.000000000000000000, 0.1046565004484280165, 0.2046262793345784980, 0.3051377930066048183, 0.4124766795195625724, 0.5314293496787417803, 0.6671015806974641693, 0.8219489542329886378, 1.000000000000000000 ),
 .UNSPECIFIED. ) ;
#2221 = CARTESIAN_POINT ( 'NONE',  ( 1.264879221391959074, 0.000000000000000000, 0.8989750049347908778 ) ) ;
#2222 = B_SPLINE_CURVE_WITH_KNOTS ( 'NONE', 3,
 ( #1419, #318, #2103, #2302, #2079, #50, #958, #1770, #2883, #2422, #859, #1294, #1090 ),
 .UNSPECIFIED., .F., .F.,
 ( 4, 1, 1, 1, 1, 1, 1, 1, 1, 1, 4 ),
 ( 0.000000000000000000, 0.1488401616933228977, 0.2876733215377531017, 0.4174748824588686014, 0.5393220372385026939, 0.6550207751846648385, 0.7678741544607107228, 0.8240149571879443746, 0.8813490423102168236, 0.9398749119825381415, 1.000000000000000000 ),
 .UNSPECIFIED. ) ;
#2223 = DIRECTION ( 'NONE',  ( 0.000000000000000000, 0.000000000000000000, 1.000000000000000000 ) ) ;
#2224 = CARTESIAN_POINT ( 'NONE',  ( 1.255701778395325263, 0.4000000000000000222, 1.880892425479035346 ) ) ;
#2225 = ORIENTED_EDGE ( 'NONE', *, *, #754, .T. ) ;
#2226 = CARTESIAN_POINT ( 'NONE',  ( 0.02099925022499248353, 0.4000000000000000222, 0.6009071350097651143 ) ) ;
#2227 = B_SPLINE_CURVE_WITH_KNOTS ( 'NONE', 3,
 ( #1392, #1838, #1185, #749, #2301, #2078, #2798, #1640, #982, #969, #957 ),
 .UNSPECIFIED., .F., .F.,
 ( 4, 1, 1, 1, 1, 1, 1, 1, 4 ),
 ( 0.000000000000000000, 0.1580800013089742329, 0.2973325681540604504, 0.4226526225325380470, 0.5374198629468424082, 0.6484468294307172975, 0.7586362711459817554, 0.8737446915029239980, 1.000000000000000000 ),
 .UNSPECIFIED. ) ;
#2228 = CARTESIAN_POINT ( 'NONE',  ( -0.6147233684548747412, 0.4000000000000000222, 2.334559345286322696 ) ) ;
#2229 = DIRECTION ( 'NONE',  ( 0.000000000000000000, 1.000000000000000000, 0.000000000000000000 ) ) ;
#2230 = CARTESIAN_POINT ( 'NONE',  ( 0.4528720391987486882, 0.4000000000000000222, -1.286873300238324358 ) ) ;
#2231 = CARTESIAN_POINT ( 'NONE',  ( -0.5835369268137060583, 0.000000000000000000, -1.211319942658443338 ) ) ;
#2232 = EDGE_CURVE ( 'NONE', #334, #844, #1758, .T. ) ;
#2233 = CARTESIAN_POINT ( 'NONE',  ( 0.3187958739332997782, 0.000000000000000000, 1.705947015358708629 ) ) ;
#2234 = CARTESIAN_POINT ( 'NONE',  ( -0.5750245291072062503, 0.4000000000000000222, 1.091406178654915848 ) ) ;
#2235 = CARTESIAN_POINT ( 'NONE',  ( 1.074104529993695767, 0.4000000000000000222, 0.6297259862371471506 ) ) ;
#2236 = CARTESIAN_POINT ( 'NONE',  ( -1.567944016799427631, 0.000000000000000000, -0.9440377029718139967 ) ) ;
#2237 = CARTESIAN_POINT ( 'NONE',  ( 0.09571688639215419903, 0.4000000000000000777, 1.772873881752144776 ) ) ;
#2238 = ORIENTED_EDGE ( 'NONE', *, *, #2637, .F. ) ;
#2239 = CARTESIAN_POINT ( 'NONE',  ( -0.03699867896784364563, 5.421010862427522170E-17, 1.775865183312907991 ) ) ;
#2240 = CARTESIAN_POINT ( 'NONE',  ( -0.9766097512721420015, 0.000000000000000000, 2.168633428461176127 ) ) ;
#2241 = CARTESIAN_POINT ( 'NONE',  ( -0.01462164043683620435, 0.4000000000000000222, -2.063227776408715020 ) ) ;
#2242 = VERTEX_POINT ( 'NONE', #1035 ) ;
#2243 = CARTESIAN_POINT ( 'NONE',  ( 0.6031708292881896583, 0.4000000000000000777, -0.7746496809657799076 ) ) ;
#2244 = VECTOR ( 'NONE', #35, 1000.000000000000000 ) ;
#2245 = CARTESIAN_POINT ( 'NONE',  ( -0.6672646771478665251, 0.4000000000000000222, -1.006004317904313883 ) ) ;
#2246 = B_SPLINE_SURFACE_WITH_KNOTS ( 'NONE', 3, 1, ( 
 ( #919, #946 ),
 ( #2717, #696 ),
 ( #1591, #1617 ),
 ( #2498, #478 ),
 ( #2526, #1369 ),
 ( #251, #2732 ),
 ( #514, #1013 ),
 ( #970, #76 ),
 ( #333, #983 ),
 ( #1852, #998 ),
 ( #1175, #797 ) ),
 .UNSPECIFIED., .F., .F., .F.,
 ( 4, 1, 1, 1, 1, 1, 1, 1, 4 ),
 ( 2, 2 ),
 ( 0.000000000000000000, 0.1272548774734977850, 0.2442174860341958798, 0.3556224735305132389, 0.4657009884288951795, 0.5804717095565063989, 0.7039721725096762528, 0.8420439772360940323, 1.000000000000000000 ),
 ( 0.000000000000000000, 1.000000000000000000 ),
 .UNSPECIFIED. ) ;
#2247 = CARTESIAN_POINT ( 'NONE',  ( -0.4689116967965274996, 0.000000000000000000, 1.650728817840125595 ) ) ;
#2248 = CARTESIAN_POINT ( 'NONE',  ( 0.1889275356288384056, 0.000000000000000000, 2.412981102211073203 ) ) ;
#2249 = CIRCLE ( 'NONE', #974, 4.049999999999998046 ) ;
#2250 = CARTESIAN_POINT ( 'NONE',  ( -0.6356426134755013280, 0.4000000000000000222, -1.116411949799448688 ) ) ;
#2251 = CARTESIAN_POINT ( 'NONE',  ( -0.4595595781102480570, 0.000000000000000000, 0.9169381923026329595 ) ) ;
#2252 = CARTESIAN_POINT ( 'NONE',  ( 1.490089039405267268, 0.000000000000000000, -0.6504624894226022080 ) ) ;
#2253 = EDGE_CURVE ( 'NONE', #1037, #2714, #1627, .T. ) ;
#2254 = CARTESIAN_POINT ( 'NONE',  ( 1.357532961485036882, 0.4000000000000000222, 1.578692003449586378 ) ) ;
#2255 = ORIENTED_EDGE ( 'NONE', *, *, #987, .F. ) ;
#2256 = CARTESIAN_POINT ( 'NONE',  ( -1.439948586856617307, 0.4000000000000000222, 1.252883856280955666 ) ) ;
#2257 = B_SPLINE_CURVE_WITH_KNOTS ( 'NONE', 3,
 ( #1780, #2683, #1736, #2642, #619, #1515, #2419, #2493, #677, #2252, #717, #1612, #17 ),
 .UNSPECIFIED., .F., .F.,
 ( 4, 1, 1, 1, 1, 1, 1, 1, 1, 1, 4 ),
 ( 0.000000000000000000, 0.1488401616933228977, 0.2876733215377531017, 0.4174748824588686014, 0.5393220372385026939, 0.6550207751846648385, 0.7678741544607107228, 0.8240149571879443746, 0.8813490423102168236, 0.9398749119825381415, 1.000000000000000000 ),
 .UNSPECIFIED. ) ;
#2258 = CARTESIAN_POINT ( 'NONE',  ( -1.074531951636190641, 0.4000000000000000222, 2.095583861373350842 ) ) ;
#2259 = FACE_OUTER_BOUND ( 'NONE', #2868, .T. ) ;
#2260 = AXIS2_PLACEMENT_3D ( 'NONE', #2392, #1521, #2901 ) ;
#2261 = VERTEX_POINT ( 'NONE', #565 ) ;
#2262 = CARTESIAN_POINT ( 'NONE',  ( 0.2220737101408598313, 0.4000000000000000222, -0.2928559524038553685 ) ) ;
#2263 = CARTESIAN_POINT ( 'NONE',  ( 0.5392231949186097051, 0.4000000000000000222, 1.382407888776762572 ) ) ;
#2264 = CARTESIAN_POINT ( 'NONE',  ( -0.07399735793568706921, 0.4000000000000000777, -0.1250669441971127005 ) ) ;
#2265 = CARTESIAN_POINT ( 'NONE',  ( -0.6079782922283495372, 0.4000000000000000222, 1.290882499545227713 ) ) ;
#2266 = FACE_OUTER_BOUND ( 'NONE', #2674, .T. ) ;
#2267 = CARTESIAN_POINT ( 'NONE',  ( -0.3701029854784829154, 0.000000000000000000, 0.8376056590769316301 ) ) ;
#2268 = CARTESIAN_POINT ( 'NONE',  ( -1.432549455944946315, 0.4000000000000000222, 1.081389178485617997 ) ) ;
#2269 = CARTESIAN_POINT ( 'NONE',  ( 0.07769332679916693407, 0.4000000000000000222, 2.414865137277137475 ) ) ;
#2270 = ORIENTED_EDGE ( 'NONE', *, *, #506, .T. ) ;
#2271 = B_SPLINE_SURFACE_WITH_KNOTS ( 'NONE', 3, 1, ( 
 ( #2472, #1341 ),
 ( #2410, #2026 ),
 ( #2243, #224 ),
 ( #2429, #1124 ),
 ( #865, #2934 ),
 ( #906, #1805 ),
 ( #1286, #1301 ),
 ( #180, #1761 ),
 ( #2665, #1409 ),
 ( #517, #2067 ),
 ( #2746, #40 ) ),
 .UNSPECIFIED., .F., .F., .F.,
 ( 4, 1, 1, 1, 1, 1, 1, 1, 4 ),
 ( 2, 2 ),
 ( 0.000000000000000000, 0.1098389797032604392, 0.2131858177125055820, 0.3164343783355382245, 0.4263234099801994081, 0.5467296233304806963, 0.6817737376772511348, 0.8321140144251579773, 1.000000000000000000 ),
 ( 0.000000000000000000, 1.000000000000000000 ),
 .UNSPECIFIED. ) ;
#2272 = ADVANCED_FACE ( 'NONE', ( #2186, #1932, #819 ), #2805, .T. ) ;
#2273 = CARTESIAN_POINT ( 'NONE',  ( -1.390064163708334855, 0.4000000000000000222, 1.615638646249138777 ) ) ;
#2274 = CARTESIAN_POINT ( 'NONE',  ( -0.7465869593799836501, 0.000000000000000000, 2.288576956795188799 ) ) ;
#2275 = CARTESIAN_POINT ( 'NONE',  ( 0.9927403741014735328, 0.4000000000000000222, -1.818541298946570572 ) ) ;
#2276 = ORIENTED_EDGE ( 'NONE', *, *, #299, .F. ) ;
#2277 = CARTESIAN_POINT ( 'NONE',  ( 0.02099925022499248353, 0.000000000000000000, 0.6009071350097651143 ) ) ;
#2278 = CARTESIAN_POINT ( 'NONE',  ( -0.6999750074997446170, 0.4000000000000000222, 0.1959215949563415105 ) ) ;
#2279 = CARTESIAN_POINT ( 'NONE',  ( -1.224649254970284540, 0.4000000000000000222, -0.1558393767083770254 ) ) ;
#2280 = CARTESIAN_POINT ( 'NONE',  ( 0.9470424573237214982, 0.000000000000000000, 0.5078535688496372824 ) ) ;
#2281 = CARTESIAN_POINT ( 'NONE',  ( -0.2106796061668248510, 0.4000000000000000222, -0.2048111477641993972 ) ) ;
#2282 = DIRECTION ( 'NONE',  ( 0.000000000000000000, 0.000000000000000000, 1.000000000000000000 ) ) ;
#2283 = CARTESIAN_POINT ( 'NONE',  ( 0.8655541069393225539, 0.4000000000000000222, 2.248539654246168862 ) ) ;
#2284 = ORIENTED_EDGE ( 'NONE', *, *, #2420, .F. ) ;
#2285 = B_SPLINE_CURVE_WITH_KNOTS ( 'NONE', 3,
 ( #1270, #2621, #1287, #1220, #548, #1695, #1508, #2154, #613, #786, #1677 ),
 .UNSPECIFIED., .F., .F.,
 ( 4, 1, 1, 1, 1, 1, 1, 1, 4 ),
 ( 0.000000000000000000, 0.1585961183910913064, 0.2986623556385280542, 0.4232423639721589748, 0.5377621940837706838, 0.6483039324476275178, 0.7574370395045032511, 0.8740749222924355522, 0.9999999999999998890 ),
 .UNSPECIFIED. ) ;
#2286 = CARTESIAN_POINT ( 'NONE',  ( -1.439948586856617307, 0.000000000000000000, 1.252883856280955666 ) ) ;
#2287 = CARTESIAN_POINT ( 'NONE',  ( -0.6147233684548747412, 0.000000000000000000, 2.334559345286322696 ) ) ;
#2288 = EDGE_CURVE ( 'NONE', #935, #2554, #1880, .T. ) ;
#2289 = CARTESIAN_POINT ( 'NONE',  ( 0.9927403741014735328, -5.421010862427522170E-17, -1.818541298946570572 ) ) ;
#2290 = ORIENTED_EDGE ( 'NONE', *, *, #115, .F. ) ;
#2291 = CARTESIAN_POINT ( 'NONE',  ( 0.4079173584646437201, 0.000000000000000000, 0.9057640848510416509 ) ) ;
#2292 = LINE ( 'NONE', #2747, #1408 ) ;
#2293 = EDGE_CURVE ( 'NONE', #2261, #823, #558, .T. ) ;
#2294 = MANIFOLD_SOLID_BREP ( 'Cut-Extrude1', #2071 ) ;
#2295 = CARTESIAN_POINT ( 'NONE',  ( -1.399705152094068206, 0.4000000000000000222, -0.3672346117929667919 ) ) ;
#2296 = CARTESIAN_POINT ( 'NONE',  ( 1.368590312143095566, 0.000000000000000000, 1.196966393760249270 ) ) ;
#2297 = CARTESIAN_POINT ( 'NONE',  ( 0.6314912941837775850, 0.000000000000000000, 2.341311951367937905 ) ) ;
#2298 = CARTESIAN_POINT ( 'NONE',  ( -1.437437656313922618, 0.4000000000000000222, 1.194686315309402724 ) ) ;
#2299 = EDGE_LOOP ( 'NONE', ( #2076, #1576, #747, #860 ) ) ;
#2300 = CARTESIAN_POINT ( 'NONE',  ( -0.08209934519530642794, 0.4000000000000000777, 1.774492822991162955 ) ) ;
#2301 = CARTESIAN_POINT ( 'NONE',  ( 0.3622201948799326221, 0.4000000000000000222, -1.350691196230342284 ) ) ;
#2302 = CARTESIAN_POINT ( 'NONE',  ( 1.000247577127324483, 0.4000000000000000222, 0.07417363475488643332 ) ) ;
#2303 = VERTEX_POINT ( 'NONE', #1578 ) ;
#2304 = CARTESIAN_POINT ( 'NONE',  ( 0.3324814563097387432, 0.000000000000000000, 0.8242394864603436178 ) ) ;
#2305 = CARTESIAN_POINT ( 'NONE',  ( -1.072661274730404957, 0.4000000000000000222, -0.03038591351774620752 ) ) ;
#2306 = CARTESIAN_POINT ( 'NONE',  ( 0.6063435978379100311, 0.4000000000000000222, -0.8521231673945843799 ) ) ;
#2307 = CIRCLE ( 'NONE', #1031, 3.049999999999999822 ) ;
#2308 = ADVANCED_FACE ( 'NONE', ( #2890 ), #1723, .F. ) ;
#2309 = CARTESIAN_POINT ( 'NONE',  ( -1.135361354923522192, 0.000000000000000000, 0.5081668718672740503 ) ) ;
#2310 = CARTESIAN_POINT ( 'NONE',  ( 1.334372619301406271, 0.000000000000000000, 1.684964038911225925 ) ) ;
#2311 = ORIENTED_EDGE ( 'NONE', *, *, #2739, .F. ) ;
#2312 = CARTESIAN_POINT ( 'NONE',  ( 0.4401560842037750554, 0.000000000000000000, -0.4674358433335220608 ) ) ;
#2313 = CYLINDRICAL_SURFACE ( 'NONE', #81, 3.049999999999999822 ) ;
#2314 = CARTESIAN_POINT ( 'NONE',  ( 0.07769332679916693407, -5.421010862427522170E-17, 2.414865137277137475 ) ) ;
#2315 = VERTEX_POINT ( 'NONE', #2935 ) ;
#2316 = DIRECTION ( 'NONE',  ( 0.000000000000000000, 1.000000000000000000, 0.000000000000000000 ) ) ;
#2317 = CARTESIAN_POINT ( 'NONE',  ( -0.9797400848408628349, 0.4000000000000000222, -1.902633341112491383 ) ) ;
#2318 = CARTESIAN_POINT ( 'NONE',  ( 1.150826677194491499, 0.000000000000000000, -0.05035678605928591012 ) ) ;
#2319 = CARTESIAN_POINT ( 'NONE',  ( -0.3701029854784829154, 0.000000000000000000, 0.8376056590769316301 ) ) ;
#2320 = EDGE_CURVE ( 'NONE', #2371, #1494, #2031, .T. ) ;
#2321 = CARTESIAN_POINT ( 'NONE',  ( -1.297849939208917558, 0.4000000000000000222, 1.828742128836348790 ) ) ;
#2322 = SURFACE_STYLE_USAGE ( .BOTH. , #1415 ) ;
#2323 = ORIENTED_EDGE ( 'NONE', *, *, #1666, .T. ) ;
#2324 = CARTESIAN_POINT ( 'NONE',  ( -0.5910264949317018957, 0.4000000000000000777, -0.5619706249919602659 ) ) ;
#2325 = CARTESIAN_POINT ( 'NONE',  ( -0.5107003537661052306, 0.000000000000000000, -1.290773019872018201 ) ) ;
#2326 = CARTESIAN_POINT ( 'NONE',  ( 0.8655541069393225539, -5.421010862427522170E-17, 2.248539654246168862 ) ) ;
#2327 = EDGE_LOOP ( 'NONE', ( #1149, #1919, #1226, #679 ) ) ;
#2328 = PLANE ( 'NONE',  #463 ) ;
#2329 = CARTESIAN_POINT ( 'NONE',  ( -1.091743597664720511, 0.4000000000000000222, -1.844842441328946370 ) ) ;
#2330 = CARTESIAN_POINT ( 'NONE',  ( -1.538413899267247809, 0.4000000000000000222, -0.6801256856053046196 ) ) ;
#2331 = CARTESIAN_POINT ( 'NONE',  ( -1.538413899267247809, 0.4000000000000000222, -0.6801256856053046196 ) ) ;
#2332 = CARTESIAN_POINT ( 'NONE',  ( 0.000000000000000000, 0.000000000000000000, 0.000000000000000000 ) ) ;
#2333 = CARTESIAN_POINT ( 'NONE',  ( 1.503137201529950673, 0.4000000000000000222, -0.7970056918893888565 ) ) ;
#2334 = CARTESIAN_POINT ( 'NONE',  ( 0.8004263438049475932, 0.000000000000000000, 0.3937725042689723676 ) ) ;
#2335 = CARTESIAN_POINT ( 'NONE',  ( 0.1889275356288384056, 0.000000000000000000, 2.412981102211073203 ) ) ;
#2336 = ORIENTED_EDGE ( 'NONE', *, *, #337, .T. ) ;
#2337 = CARTESIAN_POINT ( 'NONE',  ( 0.01999928592856417553, 0.4000000000000000222, 2.415842333026959832 ) ) ;
#2338 = EDGE_CURVE ( 'NONE', #823, #2630, #2430, .T. ) ;
#2339 = AXIS2_PLACEMENT_3D ( 'NONE', #146, #594, #1095 ) ;
#2340 = CARTESIAN_POINT ( 'NONE',  ( -0.6999750074997446170, 0.4000000000000000222, 0.1959215949563415105 ) ) ;
#2341 = CARTESIAN_POINT ( 'NONE',  ( 1.132496614775913679, -5.421010862427522170E-17, 2.050008532936696604 ) ) ;
#2342 = EDGE_LOOP ( 'NONE', ( #805, #1156, #1407, #2825 ) ) ;
#2343 = CARTESIAN_POINT ( 'NONE',  ( 0.5439805772569443754, 0.4000000000000000222, 1.273883106505948160 ) ) ;
#2344 = CARTESIAN_POINT ( 'NONE',  ( -1.007954614085858847, 0.4000000000000000222, 0.3933394089264717342 ) ) ;
#2345 = CARTESIAN_POINT ( 'NONE',  ( -0.7673180744485176286, 0.4000000000000000222, 0.1594018338422101000 ) ) ;
#2346 = DIRECTION ( 'NONE',  ( -0.000000000000000000, 1.000000000000000000, -0.000000000000000000 ) ) ;
#2347 = DIRECTION ( 'NONE',  ( 0.000000000000000000, -1.000000000000000000, 0.000000000000000000 ) ) ;
#2348 = CARTESIAN_POINT ( 'NONE',  ( 1.375950871885212479, 0.4000000000000000222, 1.352880285923776293 ) ) ;
#2349 = VECTOR ( 'NONE', #1584, 1000.000000000000000 ) ;
#2350 = CARTESIAN_POINT ( 'NONE',  ( -0.7465869593799836501, 0.4000000000000000222, 2.288576956795188799 ) ) ;
#2351 = CARTESIAN_POINT ( 'NONE',  ( 1.501327167733558676, 0.4000000000000000222, -0.9680775242464959573 ) ) ;
#2352 = EDGE_LOOP ( 'NONE', ( #1281, #248, #856, #2367 ) ) ;
#2353 = CARTESIAN_POINT ( 'NONE',  ( -0.6079782922283495372, 0.000000000000000000, 1.290882499545227713 ) ) ;
#2354 = CARTESIAN_POINT ( 'NONE',  ( 1.327091840873253048, 0.4000000000000000222, 1.045058674562870049 ) ) ;
#2355 = CARTESIAN_POINT ( 'NONE',  ( 0.8655541069393225539, 0.4000000000000000222, 2.248539654246168862 ) ) ;
#2356 = ADVANCED_FACE ( 'NONE', ( #2502 ), #356, .F. ) ;
#2357 = ORIENTED_EDGE ( 'NONE', *, *, #718, .F. ) ;
#2358 = CARTESIAN_POINT ( 'NONE',  ( 1.490089039405267268, 0.4000000000000000222, -0.6504624894226022080 ) ) ;
#2359 = CARTESIAN_POINT ( 'NONE',  ( 0.1889275356288384056, 0.4000000000000000222, 2.412981102211073203 ) ) ;
#2360 = CARTESIAN_POINT ( 'NONE',  ( 1.501540521534979966, 0.000000000000000000, -0.7377322232499037291 ) ) ;
#2361 = CARTESIAN_POINT ( 'NONE',  ( -1.224649254970284540, 0.4000000000000000222, -0.1558393767083770254 ) ) ;
#2362 = CARTESIAN_POINT ( 'NONE',  ( -0.6672646771478665251, 0.4000000000000000222, -1.006004317904313883 ) ) ;
#2363 = LINE ( 'NONE', #942, #2879 ) ;
#2364 = ORIENTED_EDGE ( 'NONE', *, *, #888, .F. ) ;
#2365 = CARTESIAN_POINT ( 'NONE',  ( 0.5423508460412955756, -0.000000000000000000, 1.311060321360653091 ) ) ;
#2366 = CARTESIAN_POINT ( 'NONE',  ( 1.346389639794323356, -5.421010862427522170E-17, -1.463796882099786867 ) ) ;
#2367 = ORIENTED_EDGE ( 'NONE', *, *, #231, .F. ) ;
#2368 = CARTESIAN_POINT ( 'NONE',  ( -0.03871018120390407741, 0.4000000000000000222, 2.415063315947175493 ) ) ;
#2369 = PLANE ( 'NONE',  #1741 ) ;
#2370 = CARTESIAN_POINT ( 'NONE',  ( -1.436390355996782775, 0.4000000000000000222, 1.378387271999585106 ) ) ;
#2371 = VERTEX_POINT ( 'NONE', #1632 ) ;
#2372 = CARTESIAN_POINT ( 'NONE',  ( -1.007954614085858847, 0.4000000000000000222, 0.3933394089264717342 ) ) ;
#2373 = B_SPLINE_CURVE_WITH_KNOTS ( 'NONE', 3,
 ( #2265, #1344, #409, #2234, #467, #1359, #1778, #662, #14, #2681, #2432 ),
 .UNSPECIFIED., .F., .F.,
 ( 4, 1, 1, 1, 1, 1, 1, 1, 4 ),
 ( 0.000000000000000000, 0.1046565004484280165, 0.2046262793345784980, 0.3051377930066048183, 0.4124766795195625724, 0.5314293496787417803, 0.6671015806974641693, 0.8219489542329886378, 1.000000000000000000 ),
 .UNSPECIFIED. ) ;
#2374 = CARTESIAN_POINT ( 'NONE',  ( 0.7546844510325120270, 0.4000000000000000222, 2.299797950330249918 ) ) ;
#2375 = CARTESIAN_POINT ( 'NONE',  ( -0.1366811918743565113, 0.4000000000000000222, -2.062901638944802940 ) ) ;
#2376 = CARTESIAN_POINT ( 'NONE',  ( 0.9927403741014735328, 0.000000000000000000, -1.818541298946570572 ) ) ;
#2377 = CARTESIAN_POINT ( 'NONE',  ( 1.449058311676733934, 0.4000000000000000222, -1.232322797577810380 ) ) ;
#2378 = CARTESIAN_POINT ( 'NONE',  ( -0.6703572716277040877, 0.4000000000000000222, -0.9272576194450159459 ) ) ;
#2379 = EDGE_CURVE ( 'NONE', #623, #2786, #26, .T. ) ;
#2380 = CARTESIAN_POINT ( 'NONE',  ( 0.8275033032931372601, 0.4000000000000000222, 0.1915557674127215115 ) ) ;
#2381 = ORIENTED_EDGE ( 'NONE', *, *, #2417, .F. ) ;
#2382 = CARTESIAN_POINT ( 'NONE',  ( -0.6147233684548747412, 0.000000000000000000, 2.334559345286322696 ) ) ;
#2383 = CARTESIAN_POINT ( 'NONE',  ( 1.480019468870558574, -5.421010862427522170E-17, -1.103919355131180335 ) ) ;
#2384 = B_SPLINE_SURFACE_WITH_KNOTS ( 'NONE', 3, 1, ( 
 ( #1722, #2855 ),
 ( #1534, #2869 ),
 ( #2661, #2506 ),
 ( #16, #401 ),
 ( #157, #1296 ),
 ( #2492, #1129 ),
 ( #2033, #2439 ),
 ( #245, #2405 ),
 ( #470, #1810 ),
 ( #1943, #2711 ),
 ( #2885, #2631 ) ),
 .UNSPECIFIED., .F., .F., .F.,
 ( 4, 1, 1, 1, 1, 1, 1, 1, 4 ),
 ( 2, 2 ),
 ( 0.000000000000000000, 0.1585961183910913064, 0.2986623556385280542, 0.4232423639721589748, 0.5377621940837706838, 0.6483039324476275178, 0.7574370395045032511, 0.8740749222924355522, 0.9999999999999998890 ),
 ( 0.000000000000000000, 1.000000000000000000 ),
 .UNSPECIFIED. ) ;
#2385 = ORIENTED_EDGE ( 'NONE', *, *, #135, .F. ) ;
#2386 = CARTESIAN_POINT ( 'NONE',  ( -1.297849939208917558, 0.000000000000000000, 1.828742128836348790 ) ) ;
#2387 = CARTESIAN_POINT ( 'NONE',  ( 0.8749511794941270404, 0.4000000000000000222, -1.884486469569117029 ) ) ;
#2388 = CARTESIAN_POINT ( 'NONE',  ( -0.1523637654928110263, 0.4000000000000000222, 2.413555244290861879 ) ) ;
#2389 = ORIENTED_EDGE ( 'NONE', *, *, #60, .F. ) ;
#2390 = CARTESIAN_POINT ( 'NONE',  ( -0.6703572716277040877, -0.000000000000000000, -0.9272576194450159459 ) ) ;
#2391 = CARTESIAN_POINT ( 'NONE',  ( -1.245787371818408928, -5.421010862427522170E-17, 0.6309673259169041870 ) ) ;
#2392 = CARTESIAN_POINT ( 'NONE',  ( 0.000000000000000000, 20.00000000000000000, 0.000000000000000000 ) ) ;
#2393 = CARTESIAN_POINT ( 'NONE',  ( -0.1268284912854910074, 0.000000000000000000, 0.6812554027255662836 ) ) ;
#2394 = CARTESIAN_POINT ( 'NONE',  ( 0.01999928592856417553, 0.4000000000000000222, 2.415842333026959832 ) ) ;
#2395 = CARTESIAN_POINT ( 'NONE',  ( 0.4528720391987486882, 0.4000000000000000222, -1.286873300238324358 ) ) ;
#2396 = VERTEX_POINT ( 'NONE', #1842 ) ;
#2397 = ADVANCED_FACE ( 'NONE', ( #700 ), #1594, .F. ) ;
#2398 = CARTESIAN_POINT ( 'NONE',  ( 0.01999928592856417553, 0.000000000000000000, 2.415842333026959832 ) ) ;
#2399 = CARTESIAN_POINT ( 'NONE',  ( -0.6719760071997546991, 0.000000000000000000, -0.8860397737789780237 ) ) ;
#2400 = CARTESIAN_POINT ( 'NONE',  ( 1.373499510635327159, 0.4000000000000000222, 1.300954714097830589 ) ) ;
#2401 = CARTESIAN_POINT ( 'NONE',  ( 0.01999928592856417553, 0.000000000000000000, 2.415842333026959832 ) ) ;
#2402 = CARTESIAN_POINT ( 'NONE',  ( -0.6147233684548747412, 0.000000000000000000, 2.334559345286322696 ) ) ;
#2403 = CARTESIAN_POINT ( 'NONE',  ( -1.234844469246214160, 0.4000000000000000222, 1.925333993044754832 ) ) ;
#2404 = ORIENTED_EDGE ( 'NONE', *, *, #2476, .T. ) ;
#2405 = CARTESIAN_POINT ( 'NONE',  ( -0.5773260926922259006, 0.000000000000000000, 1.493332664160596401 ) ) ;
#2406 = CARTESIAN_POINT ( 'NONE',  ( 1.373499510635327159, -0.000000000000000000, 1.300954714097830589 ) ) ;
#2407 = CARTESIAN_POINT ( 'NONE',  ( -0.5779523392737498932, 0.000000000000000000, -2.025351539703656112 ) ) ;
#2408 = AXIS2_PLACEMENT_3D ( 'NONE', #2735, #1608, #1385 ) ;
#2409 = CARTESIAN_POINT ( 'NONE',  ( 0.02099925022499248353, 0.000000000000000000, 0.6009071350097651143 ) ) ;
#2410 = CARTESIAN_POINT ( 'NONE',  ( 0.6063435978379100311, 0.4000000000000000777, -0.8521231673945843799 ) ) ;
#2411 = CARTESIAN_POINT ( 'NONE',  ( -0.6356426134755013280, 0.4000000000000000222, -1.116411949799448688 ) ) ;
#2412 = B_SPLINE_SURFACE_WITH_KNOTS ( 'NONE', 3, 1, ( 
 ( #1538, #194 ),
 ( #879, #1107 ),
 ( #2444, #1096 ),
 ( #1067, #849 ),
 ( #1081, #162 ),
 ( #2230, #207 ),
 ( #1789, #2874 ),
 ( #449, #2650 ),
 ( #1775, #421 ),
 ( #2919, #1315 ),
 ( #2678, #2458 ) ),
 .UNSPECIFIED., .F., .F., .F.,
 ( 4, 1, 1, 1, 1, 1, 1, 1, 4 ),
 ( 2, 2 ),
 ( 0.000000000000000000, 0.1580800013089742329, 0.2973325681540604504, 0.4226526225325380470, 0.5374198629468424082, 0.6484468294307172975, 0.7586362711459817554, 0.8737446915029239980, 1.000000000000000000 ),
 ( 0.000000000000000000, 1.000000000000000000 ),
 .UNSPECIFIED. ) ;
#2413 = CARTESIAN_POINT ( 'NONE',  ( 0.3622201948799326221, 0.4000000000000000222, -1.350691196230342284 ) ) ;
#2414 = ORIENTED_EDGE ( 'NONE', *, *, #792, .F. ) ;
#2415 = CARTESIAN_POINT ( 'NONE',  ( -0.7465869593799836501, 0.000000000000000000, 2.288576956795188799 ) ) ;
#2416 = CARTESIAN_POINT ( 'NONE',  ( -0.01462164043683620435, 0.4000000000000000222, -2.063227776408715020 ) ) ;
#2417 = EDGE_CURVE ( 'NONE', #930, #234, #138, .T. ) ;
#2418 = EDGE_LOOP ( 'NONE', ( #136, #959, #683, #1954 ) ) ;
#2419 = CARTESIAN_POINT ( 'NONE',  ( 1.376366981742979778, 0.000000000000000000, -0.3294373599087843107 ) ) ;
#2420 = EDGE_CURVE ( 'NONE', #1199, #1103, #2292, .T. ) ;
#2421 = CARTESIAN_POINT ( 'NONE',  ( -1.234844469246214160, 0.000000000000000000, 1.925333993044754832 ) ) ;
#2422 = CARTESIAN_POINT ( 'NONE',  ( 1.490089039405267268, 0.4000000000000000222, -0.6504624894226022080 ) ) ;
#2423 = ORIENTED_EDGE ( 'NONE', *, *, #1345, .F. ) ;
#2424 = CARTESIAN_POINT ( 'NONE',  ( -0.5910264949317018957, 0.4000000000000000222, -0.5619706249919602659 ) ) ;
#2425 = CARTESIAN_POINT ( 'NONE',  ( -0.5243499483971389985, 0.000000000000000000, -0.4656647986112716908 ) ) ;
#2426 = CARTESIAN_POINT ( 'NONE',  ( -0.07699725082497177464, 0.000000000000000000, -2.063997714971405273 ) ) ;
#2427 = CARTESIAN_POINT ( 'NONE',  ( 0.02099925022499248353, 0.4000000000000000222, 0.6009071350097651143 ) ) ;
#2428 = PRODUCT_DEFINITION_CONTEXT ( 'detailed design', #468, 'design' ) ;
#2429 = CARTESIAN_POINT ( 'NONE',  ( 0.5699695832812657903, 0.4000000000000000777, -0.6638675985771006482 ) ) ;
#2430 = B_SPLINE_CURVE_WITH_KNOTS ( 'NONE', 3,
 ( #1806, #1357, #2263, #2875, #1745, #2445, #422, #1316, #2215, #195, #1870 ),
 .UNSPECIFIED., .F., .F.,
 ( 4, 1, 1, 1, 1, 1, 1, 1, 4 ),
 ( 0.000000000000000000, 0.1272548774734977850, 0.2442174860341958798, 0.3556224735305132389, 0.4657009884288951795, 0.5804717095565063989, 0.7039721725096762528, 0.8420439772360940323, 1.000000000000000000 ),
 .UNSPECIFIED. ) ;
#2431 = CARTESIAN_POINT ( 'NONE',  ( 0.06075743458130803548, 0.4000000000000000222, 0.6245882045231909707 ) ) ;
#2432 = CARTESIAN_POINT ( 'NONE',  ( 0.02099925022499248353, 0.4000000000000000222, 0.6009071350097651143 ) ) ;
#2433 = ORIENTED_EDGE ( 'NONE', *, *, #1332, .F. ) ;
#2434 = CARTESIAN_POINT ( 'NONE',  ( -0.7234572250487545375, 0.4000000000000000222, -1.993698532121102263 ) ) ;
#2435 = B_SPLINE_CURVE_WITH_KNOTS ( 'NONE', 3,
 ( #1631, #492, #464, #52, #266, #2081, #504, #1188, #2041, #1356, #1607, #293, #725, #2092, #699 ),
 .UNSPECIFIED., .F., .F.,
 ( 4, 1, 1, 1, 1, 1, 1, 1, 1, 1, 1, 1, 4 ),
 ( 0.000000000000000000, 0.06003831784040639108, 0.1185174089102424139, 0.1756767015595261383, 0.2320161616059254750, 0.2885905228496541963, 0.3446204230804460478, 0.4017302485697500924, 0.4593743358440074975, 0.5798017087899348665, 0.7089774919042215462, 0.8485250972179008144, 1.000000000000000000 ),
 .UNSPECIFIED. ) ;
#2436 = LINE ( 'NONE', #588, #426 ) ;
#2437 = CARTESIAN_POINT ( 'NONE',  ( -0.03871018120390407741, 0.4000000000000000222, 2.415063315947175493 ) ) ;
#2438 = VERTEX_POINT ( 'NONE', #1928 ) ;
#2439 = CARTESIAN_POINT ( 'NONE',  ( -0.5315823043304828133, 0.000000000000000000, 1.578114875441134268 ) ) ;
#2440 = ADVANCED_FACE ( 'NONE', ( #545 ), #1707, .F. ) ;
#2441 = CARTESIAN_POINT ( 'NONE',  ( -0.6673460608248429349, 0.000000000000000000, -0.7727320603194487436 ) ) ;
#2442 = CARTESIAN_POINT ( 'NONE',  ( -0.07278244444641318589, 0.4000000000000000222, -1.422430769530645733 ) ) ;
#2443 = CARTESIAN_POINT ( 'NONE',  ( -0.5779523392737498932, 0.000000000000000000, -2.025351539703656112 ) ) ;
#2444 = CARTESIAN_POINT ( 'NONE',  ( 0.1205044412873673143, 0.4000000000000000222, -1.419502376006049005 ) ) ;
#2445 = CARTESIAN_POINT ( 'NONE',  ( 0.4022541183559825706, 0.4000000000000000222, 1.646423463487482142 ) ) ;
#2446 = AXIS2_PLACEMENT_3D ( 'NONE', #1099, #1331, #533 ) ;
#2447 = CARTESIAN_POINT ( 'NONE',  ( -1.432549455944946315, 0.000000000000000000, 1.081389178485617997 ) ) ;
#2448 = CARTESIAN_POINT ( 'NONE',  ( 0.4690814405906679196, 0.4000000000000000222, 1.573172140967451060 ) ) ;
#2449 = CARTESIAN_POINT ( 'NONE',  ( 0.000000000000000000, 20.50000000000001066, 0.000000000000000000 ) ) ;
#2450 = CARTESIAN_POINT ( 'NONE',  ( 1.375950871885212479, 0.4000000000000000222, 1.352880285923776293 ) ) ;
#2451 = CARTESIAN_POINT ( 'NONE',  ( 1.375057805339863437, 0.4000000000000000222, 1.391603913517173829 ) ) ;
#2452 = ORIENTED_EDGE ( 'NONE', *, *, #2876, .F. ) ;
#2453 = VECTOR ( 'NONE', #1516, 1000.000000000000000 ) ;
#2454 = CARTESIAN_POINT ( 'NONE',  ( -0.1210118399192654653, -0.000000000000000000, -0.1524964931723358785 ) ) ;
#2455 = CARTESIAN_POINT ( 'NONE',  ( -0.6703572716277040877, -0.000000000000000000, -0.9272576194450159459 ) ) ;
#2456 = ADVANCED_FACE ( 'NONE', ( #1232 ), #1118, .F. ) ;
#2457 = CARTESIAN_POINT ( 'NONE',  ( -0.6031498240957177126, 0.000000000000000000, 1.188875893801615735 ) ) ;
#2458 = CARTESIAN_POINT ( 'NONE',  ( 0.6079782922283495372, 0.000000000000000000, -0.8920395595575473235 ) ) ;
#2459 =( LENGTH_UNIT ( ) NAMED_UNIT ( * ) SI_UNIT ( .MILLI., .METRE. ) );
#2460 = CARTESIAN_POINT ( 'NONE',  ( -0.4689116967965274996, 0.4000000000000000222, 1.650728817840125595 ) ) ;
#2461 = CARTESIAN_POINT ( 'NONE',  ( -0.8604348597266531229, 0.000000000000000000, 0.2899696629325226871 ) ) ;
#2462 = CARTESIAN_POINT ( 'NONE',  ( 0.8655541069393225539, 0.000000000000000000, 2.248539654246168862 ) ) ;
#2463 = B_SPLINE_SURFACE_WITH_KNOTS ( 'NONE', 3, 1, ( 
 ( #2927, #456 ),
 ( #202, #652 ),
 ( #706, #1547 ),
 ( #1323, #1350 ),
 ( #2048, #1117 ),
 ( #929, #247 ),
 ( #1570, #233 ),
 ( #691, #2728 ),
 ( #2237, #2510 ),
 ( #1587, #2672 ),
 ( #1364, #2034 ) ),
 .UNSPECIFIED., .F., .F., .F.,
 ( 4, 1, 1, 1, 1, 1, 1, 1, 4 ),
 ( 2, 2 ),
 ( 0.000000000000000000, 0.1272548774734977850, 0.2442174860341958798, 0.3556224735305132389, 0.4657009884288951795, 0.5804717095565063989, 0.7039721725096762528, 0.8420439772360940323, 1.000000000000000000 ),
 ( 0.000000000000000000, 1.000000000000000000 ),
 .UNSPECIFIED. ) ;
#2464 = CARTESIAN_POINT ( 'NONE',  ( 0.6359772925283394551, 0.000000000000000000, 0.2959180245991621661 ) ) ;
#2465 = CARTESIAN_POINT ( 'NONE',  ( -0.4209397683716232796, 0.4000000000000000222, -2.048283332923836575 ) ) ;
#2466 = CARTESIAN_POINT ( 'NONE',  ( 0.6314912941837775850, 0.4000000000000000222, 2.341311951367937905 ) ) ;
#2467 = VERTEX_POINT ( 'NONE', #2838 ) ;
#2468 = DIRECTION ( 'NONE',  ( -0.000000000000000000, -1.000000000000000000, -0.000000000000000000 ) ) ;
#2469 = CARTESIAN_POINT ( 'NONE',  ( -1.390064163708334855, 0.000000000000000000, 1.615638646249138777 ) ) ;
#2470 = CARTESIAN_POINT ( 'NONE',  ( 1.276958459264290413, 0.4000000000000000222, -1.566936693758170129 ) ) ;
#2471 = ORIENTED_EDGE ( 'NONE', *, *, #2288, .F. ) ;
#2472 = CARTESIAN_POINT ( 'NONE',  ( 0.6079782922283495372, 0.4000000000000000777, -0.8920395595575473235 ) ) ;
#2473 = CARTESIAN_POINT ( 'NONE',  ( -0.02199921452142035438, 0.000000000000000000, -1.424020565257352988 ) ) ;
#2474 = CARTESIAN_POINT ( 'NONE',  ( -0.2858485863873341248, 0.000000000000000000, 1.748733644226164063 ) ) ;
#2475 = CARTESIAN_POINT ( 'NONE',  ( 0.6314912941837775850, 0.000000000000000000, 2.341311951367937905 ) ) ;
#2476 = EDGE_CURVE ( 'NONE', #2467, #1136, #1857, .T. ) ;
#2477 = CARTESIAN_POINT ( 'NONE',  ( -0.6703572716277040877, 0.000000000000000000, -0.9272576194450159459 ) ) ;
#2478 = CARTESIAN_POINT ( 'NONE',  ( -0.6999750074997446170, -5.421010862427522170E-17, 0.1959215949563415105 ) ) ;
#2479 = CARTESIAN_POINT ( 'NONE',  ( 1.132496614775913679, 0.4000000000000000222, 2.050008532936696604 ) ) ;
#2480 = ORIENTED_EDGE ( 'NONE', *, *, #1850, .F. ) ;
#2481 = CARTESIAN_POINT ( 'NONE',  ( 0.3428720228116135527, 0.000000000000000000, -0.3772314806557360289 ) ) ;
#2482 = CARTESIAN_POINT ( 'NONE',  ( -1.357486624065476377, 0.4000000000000000222, -1.617506711908638151 ) ) ;
#2483 = CARTESIAN_POINT ( 'NONE',  ( 1.503946301828022580, -5.421010862427522170E-17, -0.8270418802897139265 ) ) ;
#2484 = EDGE_LOOP ( 'NONE', ( #2704, #2311, #203, #1160 ) ) ;
#2485 = CARTESIAN_POINT ( 'NONE',  ( 0.1374241454456900380, 0.000000000000000000, 0.6702530088581695189 ) ) ;
#2486 = CARTESIAN_POINT ( 'NONE',  ( -0.6703572716277040877, 0.4000000000000000222, -0.9272576194450159459 ) ) ;
#2487 = CARTESIAN_POINT ( 'NONE',  ( 0.09571688639215419903, 0.000000000000000000, 1.772873881752144776 ) ) ;
#2488 = CARTESIAN_POINT ( 'NONE',  ( 1.375057805339863437, -0.000000000000000000, 1.391603913517173829 ) ) ;
#2489 = VECTOR ( 'NONE', #142, 1000.000000000000000 ) ;
#2490 = ADVANCED_FACE ( 'NONE', ( #800 ), #574, .T. ) ;
#2491 = CARTESIAN_POINT ( 'NONE',  ( -0.03699867896784364563, 0.4000000000000000222, 1.775865183312907991 ) ) ;
#2492 = CARTESIAN_POINT ( 'NONE',  ( -0.4689116967965274996, 0.4000000000000000777, 1.650728817840125595 ) ) ;
#2493 = CARTESIAN_POINT ( 'NONE',  ( 1.437053486703623983, 0.000000000000000000, -0.4587462474296751247 ) ) ;
#2494 = CARTESIAN_POINT ( 'NONE',  ( 1.264879221391959074, 0.000000000000000000, 0.8989750049347908778 ) ) ;
#2495 = VERTEX_POINT ( 'NONE', #2239 ) ;
#2496 = CARTESIAN_POINT ( 'NONE',  ( -0.3861219820298277816, 0.000000000000000000, 1.707414033076273485 ) ) ;
#2497 = CARTESIAN_POINT ( 'NONE',  ( -0.8676062753182298692, 0.4000000000000000222, 2.233821177836880612 ) ) ;
#2498 = CARTESIAN_POINT ( 'NONE',  ( 0.5126237969861312527, 0.4000000000000000777, 1.483429637471408435 ) ) ;
#2499 = CIRCLE ( 'NONE', #2589, 3.049999999999999822 ) ;
#2500 = ORIENTED_EDGE ( 'NONE', *, *, #2253, .T. ) ;
#2501 = CARTESIAN_POINT ( 'NONE',  ( 0.2413446449025103968, 0.000000000000000000, 0.7467447266511495485 ) ) ;
#2502 = FACE_OUTER_BOUND ( 'NONE', #1755, .T. ) ;
#2503 = CARTESIAN_POINT ( 'NONE',  ( -0.5773260926922259006, 0.4000000000000000222, 1.493332664160596401 ) ) ;
#2504 = CARTESIAN_POINT ( 'NONE',  ( -0.4595595781102480570, 0.4000000000000000222, 0.9169381923026329595 ) ) ;
#2505 = CARTESIAN_POINT ( 'NONE',  ( -0.6719760071997545881, 0.000000000000000000, -0.8860397737789779127 ) ) ;
#2506 = CARTESIAN_POINT ( 'NONE',  ( -0.1670312549608714836, 0.000000000000000000, 1.771908444693414353 ) ) ;
#2507 = B_SPLINE_CURVE_WITH_KNOTS ( 'NONE', 3,
 ( #2190, #636, #1498, #1718, #1529, #664, #169, #201, #651, #153, #2850 ),
 .UNSPECIFIED., .F., .F.,
 ( 4, 1, 1, 1, 1, 1, 1, 1, 4 ),
 ( 0.000000000000000000, 0.1150147302747472206, 0.2303333058216729401, 0.3469414244120342938, 0.4664007010955688592, 0.5889261123782001395, 0.7196576052414275226, 0.8561728890492072974, 1.000000000000000000 ),
 .UNSPECIFIED. ) ;
#2508 = PRODUCT_CONTEXT ( 'NONE', #57, 'mechanical' ) ;
#2509 = EDGE_CURVE ( 'NONE', #2714, #400, #862, .T. ) ;
#2510 = CARTESIAN_POINT ( 'NONE',  ( 0.09571688639215419903, 5.421010862427522170E-17, 1.772873881752144776 ) ) ;
#2511 = ORIENTED_EDGE ( 'NONE', *, *, #598, .F. ) ;
#2512 = CARTESIAN_POINT ( 'NONE',  ( -0.01990190112616539025, -0.000000000000000000, -0.1529747605940274813 ) ) ;
#2513 = EDGE_CURVE ( 'NONE', #823, #575, #417, .T. ) ;
#2514 = CARTESIAN_POINT ( 'NONE',  ( -1.545840013579556249, 0.4000000000000000222, -1.198128824498822409 ) ) ;
#2515 = CARTESIAN_POINT ( 'NONE',  ( 1.099805245833075151, 0.4000000000000000222, -1.744828514945854003 ) ) ;
#2516 = EDGE_LOOP ( 'NONE', ( #319, #1836, #1922, #1817 ) ) ;
#2517 = CARTESIAN_POINT ( 'NONE',  ( -0.6079782922283495372, 0.4000000000000000222, 1.290882499545227713 ) ) ;
#2518 = CARTESIAN_POINT ( 'NONE',  ( -1.191989444025516987, 0.4000000000000000222, -1.777706274102278883 ) ) ;
#2519 = CARTESIAN_POINT ( 'NONE',  ( 0.4528720391987486882, 0.000000000000000000, -1.286873300238324358 ) ) ;
#2520 = CARTESIAN_POINT ( 'NONE',  ( 1.264879221391959074, 0.4000000000000000222, 0.8989750049347908778 ) ) ;
#2521 = CARTESIAN_POINT ( 'NONE',  ( -0.5275412331932902710, 0.000000000000000000, 1.001170946196096034 ) ) ;
#2522 = CARTESIAN_POINT ( 'NONE',  ( -1.135361354923522192, 0.4000000000000000222, 0.5081668718672740503 ) ) ;
#2523 = ORIENTED_EDGE ( 'NONE', *, *, #1985, .F. ) ;
#2524 = CARTESIAN_POINT ( 'NONE',  ( -1.436390355996782775, 0.000000000000000000, 1.378387271999585106 ) ) ;
#2525 = CARTESIAN_POINT ( 'NONE',  ( 0.3428720228116135527, 0.000000000000000000, -0.3772314806557360289 ) ) ;
#2526 = CARTESIAN_POINT ( 'NONE',  ( 0.4690814405906679196, 0.4000000000000000777, 1.573172140967451060 ) ) ;
#2527 = ADVANCED_FACE ( 'NONE', ( #2900 ), #1794, .T. ) ;
#2528 = ORIENTED_EDGE ( 'NONE', *, *, #1445, .F. ) ;
#2529 = CARTESIAN_POINT ( 'NONE',  ( 0.6079782922283495372, 0.4000000000000000222, -0.8920395595575473235 ) ) ;
#2530 = CARTESIAN_POINT ( 'NONE',  ( -0.4209397683716232796, 0.4000000000000000222, -2.048283332923836575 ) ) ;
#2531 = CARTESIAN_POINT ( 'NONE',  ( -1.567944016799427631, 0.4000000000000000222, -0.9440377029718139967 ) ) ;
#2532 = CIRCLE ( 'NONE', #735, 3.850000000000000977 ) ;
#2533 = CARTESIAN_POINT ( 'NONE',  ( 0.6079782922283495372, 0.4000000000000000222, -0.8920395595575473235 ) ) ;
#2534 = B_SPLINE_CURVE_WITH_KNOTS ( 'NONE', 3,
 ( #680, #2406, #1283, #2870, #1520, #846, #1742, #402, #1298, #175, #1757 ),
 .UNSPECIFIED., .F., .F.,
 ( 4, 1, 1, 1, 1, 1, 1, 1, 4 ),
 ( 0.000000000000000000, 0.1150147302747472206, 0.2303333058216729401, 0.3469414244120342938, 0.4664007010955688592, 0.5889261123782001395, 0.7196576052414275226, 0.8561728890492072974, 1.000000000000000000 ),
 .UNSPECIFIED. ) ;
#2535 = CARTESIAN_POINT ( 'NONE',  ( 0.5231804590072055561, 0.4000000000000000222, -1.207559707517101177 ) ) ;
#2536 = CARTESIAN_POINT ( 'NONE',  ( -1.245787371818408928, 0.4000000000000000222, 0.6309673259169041870 ) ) ;
#2537 = ORIENTED_EDGE ( 'NONE', *, *, #1784, .T. ) ;
#2538 = CARTESIAN_POINT ( 'NONE',  ( -1.350209565443414528, 0.000000000000000000, 1.725579656549052876 ) ) ;
#2539 = CARTESIAN_POINT ( 'NONE',  ( -0.07399735793568706921, 0.4000000000000000777, -0.1250669441971127005 ) ) ;
#2540 = CARTESIAN_POINT ( 'NONE',  ( 0.9662501175068936021, 0.4000000000000000222, 2.190746949478813210 ) ) ;
#2541 = ORIENTED_EDGE ( 'NONE', *, *, #2600, .T. ) ;
#2542 = CARTESIAN_POINT ( 'NONE',  ( 0.4401560842037750554, 0.4000000000000000222, -0.4674358433335220608 ) ) ;
#2543 = CARTESIAN_POINT ( 'NONE',  ( -1.566845482016446578, 0.4000000000000000222, -0.8537023869936855025 ) ) ;
#2544 = EDGE_CURVE ( 'NONE', #794, #1091, #655, .T. ) ;
#2545 = CARTESIAN_POINT ( 'NONE',  ( 0.000000000000000000, 1.999999999999998224, 1.649999999999999911 ) ) ;
#2546 = CARTESIAN_POINT ( 'NONE',  ( 0.08263551419288560351, 0.4000000000000000222, -0.2058737567262605983 ) ) ;
#2547 = CARTESIAN_POINT ( 'NONE',  ( 1.074104529993695767, 0.4000000000000000222, 0.6297259862371471506 ) ) ;
#2548 = CARTESIAN_POINT ( 'NONE',  ( 0.01999928592856417553, 0.000000000000000000, 2.415842333026959832 ) ) ;
#2549 = PRESENTATION_LAYER_ASSIGNMENT (  '', '', ( #241 ) ) ;
#2550 = EDGE_LOOP ( 'NONE', ( #190, #2800, #1311, #253 ) ) ;
#2551 = CARTESIAN_POINT ( 'NONE',  ( -0.1523637654928110263, 0.000000000000000000, 2.413555244290861879 ) ) ;
#2552 = CARTESIAN_POINT ( 'NONE',  ( 0.5439805772569443754, 5.421010862427522170E-17, 1.273883106505948160 ) ) ;
#2553 = CARTESIAN_POINT ( 'NONE',  ( 1.375950871885212479, -5.421010862427522170E-17, 1.352880285923776293 ) ) ;
#2554 = VERTEX_POINT ( 'NONE', #667 ) ;
#2555 = CARTESIAN_POINT ( 'NONE',  ( -0.4689116967965274996, 0.000000000000000000, 1.650728817840125595 ) ) ;
#2556 = CARTESIAN_POINT ( 'NONE',  ( -0.8967015425104619686, 0.4000000000000000222, 0.08923791705276033770 ) ) ;
#2557 = DIRECTION ( 'NONE',  ( -0.000000000000000000, -1.000000000000000000, -0.000000000000000000 ) ) ;
#2558 = DIRECTION ( 'NONE',  ( 0.000000000000000000, -1.000000000000000000, 0.000000000000000000 ) ) ;
#2559 = CARTESIAN_POINT ( 'NONE',  ( 0.6359772925283394551, 0.000000000000000000, 0.2959180245991621661 ) ) ;
#2560 = EDGE_CURVE ( 'NONE', #1194, #1560, #1535, .T. ) ;
#2561 = CARTESIAN_POINT ( 'NONE',  ( -1.245787371818408928, 0.000000000000000000, 0.6309673259169041870 ) ) ;
#2562 = CARTESIAN_POINT ( 'NONE',  ( 0.02099925022499248353, 0.000000000000000000, 0.6009071350097651143 ) ) ;
#2563 = VERTEX_POINT ( 'NONE', #2930 ) ;
#2564 = CARTESIAN_POINT ( 'NONE',  ( -0.6673460608248429349, 0.000000000000000000, -0.7727320603194487436 ) ) ;
#2565 = CARTESIAN_POINT ( 'NONE',  ( 0.5185231090490310946, 0.4000000000000000777, -0.5605027395380078881 ) ) ;
#2566 = LINE ( 'NONE', #2799, #1493 ) ;
#2567 = ORIENTED_EDGE ( 'NONE', *, *, #1663, .T. ) ;
#2568 = CARTESIAN_POINT ( 'NONE',  ( -0.3020071268946397103, 0.000000000000000000, -1.393961566579365874 ) ) ;
#2569 = CARTESIAN_POINT ( 'NONE',  ( -0.2106796061668248510, 0.4000000000000000777, -0.2048111477641993972 ) ) ;
#2570 = CARTESIAN_POINT ( 'NONE',  ( 1.503059518121323102, -0.000000000000000000, -0.8747935824225114843 ) ) ;
#2571 = CARTESIAN_POINT ( 'NONE',  ( 0.009177463314286260498, -0.000000000000000000, 1.774824410392987772 ) ) ;
#2572 = CARTESIAN_POINT ( 'NONE',  ( 0.1374241454456900380, 0.4000000000000000222, 0.6702530088581695189 ) ) ;
#2573 = CARTESIAN_POINT ( 'NONE',  ( 1.503946301828022580, 0.000000000000000000, -0.8270418802897139265 ) ) ;
#2574 = CARTESIAN_POINT ( 'NONE',  ( -1.234844469246214160, 0.4000000000000000222, 1.925333993044754832 ) ) ;
#2575 = CARTESIAN_POINT ( 'NONE',  ( 1.373303198869541442, 0.000000000000000000, 1.467684165188903211 ) ) ;
#2576 = ADVANCED_FACE ( 'NONE', ( #385 ), #1549, .T. ) ;
#2577 = VERTEX_POINT ( 'NONE', #2647 ) ;
#2578 = CARTESIAN_POINT ( 'NONE',  ( -1.297849939208917558, 0.4000000000000000222, 1.828742128836348790 ) ) ;
#2579 = CARTESIAN_POINT ( 'NONE',  ( 0.8004263438049475932, 0.4000000000000000222, 0.3937725042689723676 ) ) ;
#2580 = CARTESIAN_POINT ( 'NONE',  ( 0.6314912941837775850, -5.421010862427522170E-17, 2.341311951367937905 ) ) ;
#2581 = ORIENTED_EDGE ( 'NONE', *, *, #1903, .F. ) ;
#2582 = CARTESIAN_POINT ( 'NONE',  ( 0.7012828638470128828, 0.4000000000000000222, 0.2603331095139913010 ) ) ;
#2583 = CARTESIAN_POINT ( 'NONE',  ( 0.000000000000000000, 23.00000000000000000, 0.000000000000000000 ) ) ;
#2584 = CARTESIAN_POINT ( 'NONE',  ( 1.099805245833075151, 0.000000000000000000, -1.744828514945854003 ) ) ;
#2585 = CARTESIAN_POINT ( 'NONE',  ( -1.399705152094068206, 0.4000000000000000222, -0.3672346117929667919 ) ) ;
#2586 = DIRECTION ( 'NONE',  ( 0.000000000000000000, 1.000000000000000000, 0.000000000000000000 ) ) ;
#2587 = CARTESIAN_POINT ( 'NONE',  ( -0.6079782922283495372, 0.4000000000000000222, 1.290882499545227713 ) ) ;
#2588 = ORIENTED_EDGE ( 'NONE', *, *, #1867, .F. ) ;
#2589 = AXIS2_PLACEMENT_3D ( 'NONE', #1168, #1399, #1387 ) ;
#2590 = CARTESIAN_POINT ( 'NONE',  ( 0.5400054404195678837, -5.421010862427522170E-17, 1.175565653959586232 ) ) ;
#2591 = CARTESIAN_POINT ( 'NONE',  ( 0.8749511794941270404, 0.000000000000000000, -1.884486469569117029 ) ) ;
#2592 = EDGE_LOOP ( 'NONE', ( #984, #2066 ) ) ;
#2593 = PRODUCT_RELATED_PRODUCT_CATEGORY ( 'part', '', ( #1481 ) ) ;
#2594 = FACE_OUTER_BOUND ( 'NONE', #2327, .T. ) ;
#2595 = CARTESIAN_POINT ( 'NONE',  ( -0.7465869593799836501, 0.000000000000000000, 2.288576956795188799 ) ) ;
#2596 = CARTESIAN_POINT ( 'NONE',  ( 0.3493386106350724885, 0.4000000000000000222, 2.399136368894705829 ) ) ;
#2597 = B_SPLINE_CURVE_WITH_KNOTS ( 'NONE', 3,
 ( #896, #1555, #2461, #909, #647, #439, #1330, #1567, #2447, #226, #424 ),
 .UNSPECIFIED., .F., .F.,
 ( 4, 1, 1, 1, 1, 1, 1, 1, 4 ),
 ( 0.000000000000000000, 0.1389507443776183959, 0.2705026947870308729, 0.3957479780324771879, 0.5158745501172480319, 0.6329517442430293572, 0.7507123856491765279, 0.8719479895379226297, 1.000000000000000000 ),
 .UNSPECIFIED. ) ;
#2598 = VERTEX_POINT ( 'NONE', #2662 ) ;
#2599 = CARTESIAN_POINT ( 'NONE',  ( 0.4401560842037750554, 0.000000000000000000, -0.4674358433335220608 ) ) ;
#2600 = EDGE_CURVE ( 'NONE', #2899, #400, #2013, .T. ) ;
#2601 = CARTESIAN_POINT ( 'NONE',  ( -1.331989475509270049, -5.421010862427522170E-17, 0.7681846941010778140 ) ) ;
#2602 = CARTESIAN_POINT ( 'NONE',  ( -1.545840013579556249, 0.000000000000000000, -1.198128824498822409 ) ) ;
#2603 = CARTESIAN_POINT ( 'NONE',  ( -2.565151067676131547, 1.999999999999998224, 1.649999999999999911 ) ) ;
#2604 = CARTESIAN_POINT ( 'NONE',  ( -1.330356231893978336, -5.421010862427522170E-17, -0.2705426074623907828 ) ) ;
#2605 = CARTESIAN_POINT ( 'NONE',  ( -0.6378851995394680952, 0.4000000000000000222, -0.6641084884841158553 ) ) ;
#2606 = CARTESIAN_POINT ( 'NONE',  ( 1.255701778395325263, 0.4000000000000000222, 1.880892425479035346 ) ) ;
#2607 = VERTEX_POINT ( 'NONE', #1561 ) ;
#2608 = CARTESIAN_POINT ( 'NONE',  ( -0.6719760071997546991, 0.000000000000000000, -0.8860397737789780237 ) ) ;
#2609 = CARTESIAN_POINT ( 'NONE',  ( -0.07699725082497177464, 0.4000000000000000222, -2.063997714971405273 ) ) ;
#2610 = CARTESIAN_POINT ( 'NONE',  ( 1.490089039405267268, 0.4000000000000000222, -0.6504624894226022080 ) ) ;
#2611 = CARTESIAN_POINT ( 'NONE',  ( -1.074531951636190641, 0.000000000000000000, 2.095583861373350842 ) ) ;
#2612 = CARTESIAN_POINT ( 'NONE',  ( -1.297849939208917558, 0.000000000000000000, 1.828742128836348790 ) ) ;
#2613 = CARTESIAN_POINT ( 'NONE',  ( 0.5439805772569444864, -5.421010862427522170E-17, 1.273883106505948382 ) ) ;
#2614 = ORIENTED_EDGE ( 'NONE', *, *, #2655, .F. ) ;
#2615 = CARTESIAN_POINT ( 'NONE',  ( -0.08209934519530642794, -0.000000000000000000, 1.774492822991162955 ) ) ;
#2616 = CARTESIAN_POINT ( 'NONE',  ( 0.9662501175068936021, 0.4000000000000000222, 2.190746949478813210 ) ) ;
#2617 = CARTESIAN_POINT ( 'NONE',  ( -1.091743597664720511, 0.000000000000000000, -1.844842441328946370 ) ) ;
#2618 = EDGE_CURVE ( 'NONE', #410, #1891, #2926, .T. ) ;
#2619 = CARTESIAN_POINT ( 'NONE',  ( -0.03051442337428291948, 0.4000000000000000222, 0.6289061722343542993 ) ) ;
#2620 = CARTESIAN_POINT ( 'NONE',  ( 0.5126237969861312527, 0.000000000000000000, 1.483429637471408435 ) ) ;
#2621 = CARTESIAN_POINT ( 'NONE',  ( -0.08209934519530642794, 0.4000000000000000222, 1.774492822991162955 ) ) ;
#2622 = CARTESIAN_POINT ( 'NONE',  ( 1.472702756345575903, 0.4000000000000000222, -0.5661966073361254237 ) ) ;
#2623 = ORIENTED_EDGE ( 'NONE', *, *, #718, .T. ) ;
#2624 = CARTESIAN_POINT ( 'NONE',  ( -0.1523637654928110263, 0.000000000000000000, 2.413555244290861879 ) ) ;
#2625 = CARTESIAN_POINT ( 'NONE',  ( 1.099805245833075151, 0.4000000000000000222, -1.744828514945854003 ) ) ;
#2626 = CARTESIAN_POINT ( 'NONE',  ( 1.376366981742979778, 0.4000000000000000222, -0.3294373599087843107 ) ) ;
#2627 = CARTESIAN_POINT ( 'NONE',  ( -0.4209397683716232796, 0.000000000000000000, -2.048283332923836575 ) ) ;
#2628 = CARTESIAN_POINT ( 'NONE',  ( -0.01462164043683620435, 0.4000000000000000222, -2.063227776408715020 ) ) ;
#2629 = CARTESIAN_POINT ( 'NONE',  ( 0.5121015309152276984, -5.421010862427522170E-17, 1.080719502568299850 ) ) ;
#2630 = VERTEX_POINT ( 'NONE', #2701 ) ;
#2631 = CARTESIAN_POINT ( 'NONE',  ( -0.6079782922283495372, 0.000000000000000000, 1.290882499545227713 ) ) ;
#2632 = CARTESIAN_POINT ( 'NONE',  ( -0.5910264949317018957, 0.4000000000000000777, -0.5619706249919602659 ) ) ;
#2633 = CARTESIAN_POINT ( 'NONE',  ( -0.4159170715575069011, 0.4000000000000000222, -1.350953696270767557 ) ) ;
#2634 = CARTESIAN_POINT ( 'NONE',  ( -0.5750245291072062503, 0.4000000000000000222, 1.091406178654915848 ) ) ;
#2635 = CARTESIAN_POINT ( 'NONE',  ( -1.567574640909560779, 0.4000000000000000222, -0.9136629818043300322 ) ) ;
#2636 = CARTESIAN_POINT ( 'NONE',  ( 1.503946301828022580, 0.000000000000000000, -0.8270418802897139265 ) ) ;
#2637 = EDGE_CURVE ( 'NONE', #2598, #1091, #2534, .T. ) ;
#2638 = B_SPLINE_CURVE_WITH_KNOTS ( 'NONE', 3,
 ( #852, #660, #646, #372, #895, #1271, #2172, #1053, #1318, #1540, #1069 ),
 .UNSPECIFIED., .F., .F.,
 ( 4, 1, 1, 1, 1, 1, 1, 1, 4 ),
 ( 0.000000000000000000, 0.1551121076743002813, 0.2991065941053578925, 0.4322427015000950279, 0.5556460887368981361, 0.6710428445712872669, 0.7810564267867041721, 0.8900830131546878521, 1.000000000000000000 ),
 .UNSPECIFIED. ) ;
#2639 = CARTESIAN_POINT ( 'NONE',  ( 0.5439805772569443754, 5.421010862427522170E-17, 1.273883106505948160 ) ) ;
#2640 = VECTOR ( 'NONE', #1970, 1000.000000000000000 ) ;
#2641 = ORIENTED_EDGE ( 'NONE', *, *, #77, .T. ) ;
#2642 = CARTESIAN_POINT ( 'NONE',  ( 1.000247577127324483, 0.000000000000000000, 0.07417363475488643332 ) ) ;
#2643 = CARTESIAN_POINT ( 'NONE',  ( -1.419322760028817632, 0.000000000000000000, 1.500139717772842829 ) ) ;
#2644 = CARTESIAN_POINT ( 'NONE',  ( 0.3324814563097387432, -5.421010862427522170E-17, 0.8242394864603436178 ) ) ;
#2645 = ORIENTED_EDGE ( 'NONE', *, *, #1944, .F. ) ;
#2646 = CARTESIAN_POINT ( 'NONE',  ( 0.3622201948799326221, 0.000000000000000000, -1.350691196230342284 ) ) ;
#2647 = CARTESIAN_POINT ( 'NONE',  ( 2.565151067676131547, 20.00000000000000000, 1.649999999999999911 ) ) ;
#2648 = DIRECTION ( 'NONE',  ( -0.000000000000000000, 1.000000000000000000, -0.000000000000000000 ) ) ;
#2649 = CYLINDRICAL_SURFACE ( 'NONE', #2339, 5.049999999999999822 ) ;
#2650 = CARTESIAN_POINT ( 'NONE',  ( 0.5731944841109420929, 0.000000000000000000, -1.114080851450164111 ) ) ;
#2651 = CARTESIAN_POINT ( 'NONE',  ( -0.6356426134755013280, 0.000000000000000000, -1.116411949799448688 ) ) ;
#2652 = CARTESIAN_POINT ( 'NONE',  ( 0.2507443145143440355, 0.000000000000000000, -1.393711620953622443 ) ) ;
#2653 = CARTESIAN_POINT ( 'NONE',  ( -1.390064163708334855, 0.000000000000000000, 1.615638646249138777 ) ) ;
#2654 = CARTESIAN_POINT ( 'NONE',  ( 1.449058311676733934, 0.000000000000000000, -1.232322797577810380 ) ) ;
#2655 = EDGE_CURVE ( 'NONE', #711, #410, #2775, .T. ) ;
#2656 = ORIENTED_EDGE ( 'NONE', *, *, #2560, .F. ) ;
#2657 = CARTESIAN_POINT ( 'NONE',  ( -1.566916306630182110, 0.000000000000000000, -0.9881125276126976331 ) ) ;
#2658 = FACE_BOUND ( 'NONE', #2352, .T. ) ;
#2659 = CARTESIAN_POINT ( 'NONE',  ( -0.4716956630423849717, 0.4000000000000000222, 2.371747620228133790 ) ) ;
#2660 = ORIENTED_EDGE ( 'NONE', *, *, #1704, .T. ) ;
#2661 = CARTESIAN_POINT ( 'NONE',  ( -0.1670312549608714836, 0.4000000000000000777, 1.771908444693414353 ) ) ;
#2662 = CARTESIAN_POINT ( 'NONE',  ( 1.375950871885212479, 0.000000000000000000, 1.352880285923776293 ) ) ;
#2663 = CARTESIAN_POINT ( 'NONE',  ( -0.6719760071997546991, 0.4000000000000000222, -0.8860397737789780237 ) ) ;
#2664 = CARTESIAN_POINT ( 'NONE',  ( -1.476393215957614524, 0.000000000000000000, -1.424268136312736965 ) ) ;
#2665 = CARTESIAN_POINT ( 'NONE',  ( 0.08263551419288560351, 0.4000000000000000777, -0.2058737567262605983 ) ) ;
#2666 = SURFACE_STYLE_USAGE ( .BOTH. , #181 ) ;
#2667 = CARTESIAN_POINT ( 'NONE',  ( -0.6719760071997546991, 0.4000000000000000222, -0.8860397737789780237 ) ) ;
#2668 = CARTESIAN_POINT ( 'NONE',  ( 0.3493386106350724885, 0.000000000000000000, 2.399136368894705829 ) ) ;
#2669 = CARTESIAN_POINT ( 'NONE',  ( 1.472702756345575903, 0.000000000000000000, -0.5661966073361254237 ) ) ;
#2670 = LINE ( 'NONE', #2450, #884 ) ;
#2671 = ADVANCED_FACE ( 'NONE', ( #2742, #720, #235 ), #499, .F. ) ;
#2672 = CARTESIAN_POINT ( 'NONE',  ( 0.009177463314286260498, 5.421010862427522170E-17, 1.774824410392987772 ) ) ;
#2673 = CARTESIAN_POINT ( 'NONE',  ( -0.2106796061668248510, 0.000000000000000000, -0.2048111477641993972 ) ) ;
#2674 = EDGE_LOOP ( 'NONE', ( #300, #947, #2660, #567 ) ) ;
#2675 = CARTESIAN_POINT ( 'NONE',  ( 0.000000000000000000, 0.9999999999999974465, 0.000000000000000000 ) ) ;
#2676 = CARTESIAN_POINT ( 'NONE',  ( -1.234844469246214160, 0.000000000000000000, 1.925333993044754832 ) ) ;
#2677 = CARTESIAN_POINT ( 'NONE',  ( -1.357486624065476377, 0.000000000000000000, -1.617506711908638151 ) ) ;
#2678 = CARTESIAN_POINT ( 'NONE',  ( 0.6079782922283495372, 0.4000000000000000222, -0.8920395595575473235 ) ) ;
#2679 = CARTESIAN_POINT ( 'NONE',  ( 0.4528720391987486882, 0.000000000000000000, -1.286873300238324358 ) ) ;
#2680 = CARTESIAN_POINT ( 'NONE',  ( -0.6029896541513689590, 0.000000000000000000, 1.395676683017937680 ) ) ;
#2681 = CARTESIAN_POINT ( 'NONE',  ( -0.03051442337428291948, 0.4000000000000000222, 0.6289061722343542993 ) ) ;
#2682 = CARTESIAN_POINT ( 'NONE',  ( 0.8004263438049475932, 0.000000000000000000, 0.3937725042689723676 ) ) ;
#2683 = CARTESIAN_POINT ( 'NONE',  ( 0.7012828638470128828, -0.000000000000000000, 0.2603331095139913010 ) ) ;
#2684 = CARTESIAN_POINT ( 'NONE',  ( 0.01999928592856417553, -5.421010862427522170E-17, 2.415842333026959832 ) ) ;
#2685 = EDGE_LOOP ( 'NONE', ( #1689, #2641, #361, #238 ) ) ;
#2686 = VECTOR ( 'NONE', #2162, 1000.000000000000000 ) ;
#2687 = CARTESIAN_POINT ( 'NONE',  ( 0.000000000000000000, 20.50000000000001066, 0.000000000000000000 ) ) ;
#2688 = CARTESIAN_POINT ( 'NONE',  ( -1.545840013579556249, 0.000000000000000000, -1.198128824498822409 ) ) ;
#2689 = CARTESIAN_POINT ( 'NONE',  ( -1.567944016799427631, 0.4000000000000000222, -0.9440377029718139967 ) ) ;
#2690 = EDGE_CURVE ( 'NONE', #2577, #1241, #1404, .T. ) ;
#2691 = DIRECTION ( 'NONE',  ( -0.000000000000000000, -1.000000000000000000, -0.000000000000000000 ) ) ;
#2692 = DIRECTION ( 'NONE',  ( 0.000000000000000000, 0.000000000000000000, 1.000000000000000000 ) ) ;
#2693 = AXIS2_PLACEMENT_3D ( 'NONE', #937, #25, #1830 ) ;
#2694 = CARTESIAN_POINT ( 'NONE',  ( -0.6719760071997546991, 0.4000000000000000222, -0.8860397737789780237 ) ) ;
#2695 = CARTESIAN_POINT ( 'NONE',  ( 0.7546844510325120270, 0.000000000000000000, 2.299797950330249918 ) ) ;
#2696 = B_SPLINE_SURFACE_WITH_KNOTS ( 'NONE', 3, 1, ( 
 ( #1346, #2505 ),
 ( #1100, #2477 ),
 ( #1374, #2018 ),
 ( #2250, #2737 ),
 ( #1113, #257 ),
 ( #715, #2924 ),
 ( #1833, #1154 ),
 ( #427, #2058 ),
 ( #2909, #1321 ),
 ( #886, #1779 ),
 ( #898, #1795 ) ),
 .UNSPECIFIED., .F., .F., .F.,
 ( 4, 1, 1, 1, 1, 1, 1, 1, 4 ),
 ( 2, 2 ),
 ( 0.000000000000000000, 0.1283643655386380589, 0.2452401337976532480, 0.3546570560162607411, 0.4636032590767216743, 0.5778527962742375790, 0.7016736261317724210, 0.8416156249319951543, 1.000000000000000000 ),
 ( 0.000000000000000000, 1.000000000000000000 ),
 .UNSPECIFIED. ) ;
#2697 = CARTESIAN_POINT ( 'NONE',  ( -0.02199921452142035438, 0.4000000000000000222, -1.424020565257352988 ) ) ;
#2698 = CARTESIAN_POINT ( 'NONE',  ( 0.8004263438049475932, 0.000000000000000000, 0.3937725042689723676 ) ) ;
#2699 = B_SPLINE_CURVE_WITH_KNOTS ( 'NONE', 3,
 ( #2054, #1577, #936, #24, #1829, #2599, #1912, #2135, #335, #560, #1014 ),
 .UNSPECIFIED., .F., .F.,
 ( 4, 1, 1, 1, 1, 1, 1, 1, 4 ),
 ( 0.000000000000000000, 0.1098389797032604392, 0.2131858177125055820, 0.3164343783355382245, 0.4263234099801994081, 0.5467296233304806963, 0.6817737376772511348, 0.8321140144251579773, 1.000000000000000000 ),
 .UNSPECIFIED. ) ;
#2700 = ORIENTED_EDGE ( 'NONE', *, *, #1214, .T. ) ;
#2701 = CARTESIAN_POINT ( 'NONE',  ( -0.03699867896784364563, 0.4000000000000000777, 1.775865183312907991 ) ) ;
#2702 = CARTESIAN_POINT ( 'NONE',  ( -0.6356426134755013280, 0.000000000000000000, -1.116411949799448688 ) ) ;
#2703 = CARTESIAN_POINT ( 'NONE',  ( 0.7440882139549332974, 0.4000000000000000222, -1.938781977994613603 ) ) ;
#2704 = ORIENTED_EDGE ( 'NONE', *, *, #2892, .T. ) ;
#2705 = CARTESIAN_POINT ( 'NONE',  ( 0.02099925022499248353, 0.4000000000000000222, 0.6009071350097651143 ) ) ;
#2706 = FILL_AREA_STYLE_COLOUR ( '', #2781 ) ;
#2707 = EDGE_CURVE ( 'NONE', #217, #1087, #917, .T. ) ;
#2708 = CARTESIAN_POINT ( 'NONE',  ( -0.7673180744485176286, -0.000000000000000000, 0.1594018338422101000 ) ) ;
#2709 = CARTESIAN_POINT ( 'NONE',  ( 0.4022541183559825706, 0.4000000000000000222, 1.646423463487482142 ) ) ;
#2710 = CARTESIAN_POINT ( 'NONE',  ( 1.368590312143095566, 0.4000000000000000222, 1.196966393760249270 ) ) ;
#2711 = CARTESIAN_POINT ( 'NONE',  ( -0.6062735024594276823, 0.000000000000000000, 1.326694288067464145 ) ) ;
#2712 = CARTESIAN_POINT ( 'NONE',  ( -1.437437656313922618, -5.421010862427522170E-17, 1.194686315309402724 ) ) ;
#2713 = CARTESIAN_POINT ( 'NONE',  ( 1.334372619301406271, 0.4000000000000000222, 1.684964038911225925 ) ) ;
#2714 = VERTEX_POINT ( 'NONE', #2077 ) ;
#2715 = CARTESIAN_POINT ( 'NONE',  ( -1.436390355996782775, 0.4000000000000000222, 1.378387271999585106 ) ) ;
#2716 = CARTESIAN_POINT ( 'NONE',  ( -1.074531951636190641, 0.000000000000000000, 2.095583861373350842 ) ) ;
#2717 = CARTESIAN_POINT ( 'NONE',  ( 0.5423508460412955756, 0.4000000000000000777, 1.311060321360653091 ) ) ;
#2718 = ORIENTED_EDGE ( 'NONE', *, *, #702, .T. ) ;
#2719 = CARTESIAN_POINT ( 'NONE',  ( -0.01990190112616539025, 0.4000000000000000222, -0.1529747605940274813 ) ) ;
#2720 = CARTESIAN_POINT ( 'NONE',  ( -1.567944016799427631, 0.4000000000000000222, -0.9440377029718139967 ) ) ;
#2721 = ADVANCED_FACE ( 'NONE', ( #249 ), #149, .T. ) ;
#2722 = CARTESIAN_POINT ( 'NONE',  ( 1.255701778395325263, 0.000000000000000000, 1.880892425479035346 ) ) ;
#2723 = VECTOR ( 'NONE', #597, 1000.000000000000000 ) ;
#2724 = EDGE_CURVE ( 'NONE', #1868, #168, #2532, .T. ) ;
#2725 = DIRECTION ( 'NONE',  ( 0.000000000000000000, 1.000000000000000000, -0.000000000000000000 ) ) ;
#2726 = CARTESIAN_POINT ( 'NONE',  ( -0.03051442337428291948, -0.000000000000000000, 0.6289061722343542993 ) ) ;
#2727 =( NAMED_UNIT ( * ) SI_UNIT ( $, .STERADIAN. ) SOLID_ANGLE_UNIT ( ) );
#2728 = CARTESIAN_POINT ( 'NONE',  ( 0.2157050395334451365, 5.421010862427522170E-17, 1.745831804434919032 ) ) ;
#2729 = EDGE_LOOP ( 'NONE', ( #114, #2357, #448, #1365 ) ) ;
#2730 = DIRECTION ( 'NONE',  ( 0.000000000000000000, 1.000000000000000000, -0.000000000000000000 ) ) ;
#2731 = CARTESIAN_POINT ( 'NONE',  ( 0.01999928592856417553, 0.000000000000000000, 2.415842333026959832 ) ) ;
#2732 = CARTESIAN_POINT ( 'NONE',  ( 0.4022541183559825706, 0.000000000000000000, 1.646423463487482142 ) ) ;
#2733 = ORIENTED_EDGE ( 'NONE', *, *, #2122, .T. ) ;
#2734 = CARTESIAN_POINT ( 'NONE',  ( 0.000000000000000000, 23.00000000000000000, 0.000000000000000000 ) ) ;
#2735 = CARTESIAN_POINT ( 'NONE',  ( 0.000000000000000000, 0.000000000000000000, 0.000000000000000000 ) ) ;
#2736 = CARTESIAN_POINT ( 'NONE',  ( -0.6031498240957177126, 0.000000000000000000, 1.188875893801615735 ) ) ;
#2737 = CARTESIAN_POINT ( 'NONE',  ( -0.6356426134755013280, 0.000000000000000000, -1.116411949799448688 ) ) ;
#2738 = CARTESIAN_POINT ( 'NONE',  ( -0.2597061308006856084, 0.000000000000000000, 0.7598591295988326166 ) ) ;
#2739 = EDGE_CURVE ( 'NONE', #1618, #2156, #956, .T. ) ;
#2740 = CARTESIAN_POINT ( 'NONE',  ( 1.375057805339863437, -5.421010862427522170E-17, 1.391603913517173829 ) ) ;
#2741 = ORIENTED_EDGE ( 'NONE', *, *, #923, .F. ) ;
#2742 = FACE_BOUND ( 'NONE', #1245, .T. ) ;
#2743 = CARTESIAN_POINT ( 'NONE',  ( 1.375950871885212479, 0.000000000000000000, 1.352880285923776293 ) ) ;
#2744 = CARTESIAN_POINT ( 'NONE',  ( -1.423177211381425611, 0.4000000000000000222, -1.525187584148822495 ) ) ;
#2745 = ORIENTED_EDGE ( 'NONE', *, *, #2379, .T. ) ;
#2746 = CARTESIAN_POINT ( 'NONE',  ( -0.07399735793568706921, 0.4000000000000000777, -0.1250669441971127005 ) ) ;
#2747 = CARTESIAN_POINT ( 'NONE',  ( 0.6079782922283495372, 0.4000000000000000222, -0.8920395595575473235 ) ) ;
#2748 = B_SPLINE_CURVE_WITH_KNOTS ( 'NONE', 3,
 ( #2548, #72, #2335, #1890, #313, #2297, #524, #510, #46, #994, #1611, #953, #1208, #87, #2310, #1665, #2575, #746, #2752 ),
 .UNSPECIFIED., .F., .F.,
 ( 4, 1, 1, 1, 1, 1, 1, 1, 1, 1, 1, 1, 1, 1, 1, 1, 4 ),
 ( 0.000000000000000000, 0.08839591966342984219, 0.1704274833095095754, 0.2465011802907305649, 0.3171098247769649214, 0.3830098892388538734, 0.4454003687728356753, 0.5040027465178822386, 0.5604927099595381490, 0.6146847409890834335, 0.6680497345011179311, 0.7208940335537912247, 0.7743664603606301711, 0.8284790079355900394, 0.8834903853426658848, 0.9406984752297121721, 1.000000000000000000 ),
 .UNSPECIFIED. ) ;
#2749 = CARTESIAN_POINT ( 'NONE',  ( -0.6079782922283495372, 0.4000000000000000222, 1.290882499545227713 ) ) ;
#2750 = CARTESIAN_POINT ( 'NONE',  ( -1.330356231893978336, 0.4000000000000000222, -0.2705426074623907828 ) ) ;
#2751 = CARTESIAN_POINT ( 'NONE',  ( -1.436390355996782775, 0.4000000000000000222, 1.378387271999585106 ) ) ;
#2752 = CARTESIAN_POINT ( 'NONE',  ( 1.375950871885212479, 0.000000000000000000, 1.352880285923776293 ) ) ;
#2753 = CARTESIAN_POINT ( 'NONE',  ( 0.000000000000000000, 20.50000000000001066, -4.349999999999999645 ) ) ;
#2754 = ORIENTED_EDGE ( 'NONE', *, *, #814, .F. ) ;
#2755 = ADVANCED_FACE ( 'NONE', ( #459 ), #118, .T. ) ;
#2756 = CARTESIAN_POINT ( 'NONE',  ( -1.419322760028817632, 0.4000000000000000222, 1.500139717772842829 ) ) ;
#2757 = CARTESIAN_POINT ( 'NONE',  ( 0.08263551419288560351, 0.4000000000000000777, -0.2058737567262605983 ) ) ;
#2758 = CARTESIAN_POINT ( 'NONE',  ( 0.4969477264321552901, 0.4000000000000000222, 2.375764923677987195 ) ) ;
#2759 = ORIENTED_EDGE ( 'NONE', *, *, #2193, .F. ) ;
#2760 = CARTESIAN_POINT ( 'NONE',  ( 0.3428720228116135527, 0.4000000000000000222, -0.3772314806557360289 ) ) ;
#2761 = CARTESIAN_POINT ( 'NONE',  ( -1.224649254970284540, -5.421010862427522170E-17, -0.1558393767083770254 ) ) ;
#2762 = LINE ( 'NONE', #2545, #515 ) ;
#2763 = AXIS2_PLACEMENT_3D ( 'NONE', #2687, #204, #1092 ) ;
#2764 = CARTESIAN_POINT ( 'NONE',  ( -0.5275412331932902710, 0.000000000000000000, 1.001170946196096034 ) ) ;
#2765 = CARTESIAN_POINT ( 'NONE',  ( -0.1523637654928110263, 0.4000000000000000222, 2.413555244290861879 ) ) ;
#2766 = MECHANICAL_DESIGN_GEOMETRIC_PRESENTATION_REPRESENTATION (  '', ( #790 ), #603 ) ;
#2767 = DIRECTION ( 'NONE',  ( 0.000000000000000000, -1.000000000000000000, 0.000000000000000000 ) ) ;
#2768 = VERTEX_POINT ( 'NONE', #2353 ) ;
#2769 = CARTESIAN_POINT ( 'NONE',  ( 0.000000000000000000, 20.00000000000000000, 0.000000000000000000 ) ) ;
#2770 = CARTESIAN_POINT ( 'NONE',  ( -0.02199921452142035438, 0.000000000000000000, -1.424020565257352988 ) ) ;
#2771 = CARTESIAN_POINT ( 'NONE',  ( 1.373303198869541442, 0.4000000000000000222, 1.467684165188903211 ) ) ;
#2772 = VERTEX_POINT ( 'NONE', #1668 ) ;
#2773 = CARTESIAN_POINT ( 'NONE',  ( -0.5835369268137060583, 0.000000000000000000, -1.211319942658443338 ) ) ;
#2774 = CARTESIAN_POINT ( 'NONE',  ( -1.538413899267247809, 0.4000000000000000222, -0.6801256856053046196 ) ) ;
#2775 = B_SPLINE_CURVE_WITH_KNOTS ( 'NONE', 3,
 ( #1078, #1979, #642, #20, #708, #2312, #2481, #5, #1837, #2512, #1391 ),
 .UNSPECIFIED., .F., .F.,
 ( 4, 1, 1, 1, 1, 1, 1, 1, 4 ),
 ( 0.000000000000000000, 0.1098389797032604392, 0.2131858177125055820, 0.3164343783355382245, 0.4263234099801994081, 0.5467296233304806963, 0.6817737376772511348, 0.8321140144251579773, 1.000000000000000000 ),
 .UNSPECIFIED. ) ;
#2776 = ADVANCED_FACE ( 'NONE', ( #2831, #120 ), #89, .F. ) ;
#2777 = CARTESIAN_POINT ( 'NONE',  ( 1.503137201529950673, -0.000000000000000000, -0.7970056918893888565 ) ) ;
#2778 = LINE ( 'NONE', #756, #2814 ) ;
#2779 = CARTESIAN_POINT ( 'NONE',  ( -0.03871018120390407741, 0.4000000000000000222, 2.415063315947175493 ) ) ;
#2780 = CARTESIAN_POINT ( 'NONE',  ( -0.4595595781102480570, 0.000000000000000000, 0.9169381923026329595 ) ) ;
#2781 = COLOUR_RGB ( '',0.7921568627450980005, 0.8196078431372548767, 0.9333333333333333481 ) ;
#2782 = VERTEX_POINT ( 'NONE', #809 ) ;
#2783 = CARTESIAN_POINT ( 'NONE',  ( 5.327213576290986242E-16, 20.50000000000001066, -4.349999999999999645 ) ) ;
#2784 = CARTESIAN_POINT ( 'NONE',  ( 0.6063435978379100311, 0.000000000000000000, -0.8521231673945843799 ) ) ;
#2785 = CARTESIAN_POINT ( 'NONE',  ( 1.375950871885212479, 0.4000000000000000222, 1.352880285923776293 ) ) ;
#2786 = VERTEX_POINT ( 'NONE', #776 ) ;
#2787 = CARTESIAN_POINT ( 'NONE',  ( 0.8275033032931372601, 0.4000000000000000222, 0.1915557674127215115 ) ) ;
#2788 = CARTESIAN_POINT ( 'NONE',  ( -0.1210118399192654653, 0.000000000000000000, -0.1524964931723358785 ) ) ;
#2789 = CARTESIAN_POINT ( 'NONE',  ( 1.449058311676733934, 0.000000000000000000, -1.232322797577810380 ) ) ;
#2790 = CARTESIAN_POINT ( 'NONE',  ( 1.276958459264290413, 0.4000000000000000222, -1.566936693758170129 ) ) ;
#2791 = CARTESIAN_POINT ( 'NONE',  ( 0.02099925022499248353, 0.4000000000000000222, 0.6009071350097651143 ) ) ;
#2792 = EDGE_CURVE ( 'NONE', #1868, #2899, #1701, .T. ) ;
#2793 = DIRECTION ( 'NONE',  ( -0.000000000000000000, -1.000000000000000000, -0.000000000000000000 ) ) ;
#2794 = CARTESIAN_POINT ( 'NONE',  ( 1.373499510635327159, 0.4000000000000000222, 1.300954714097830589 ) ) ;
#2795 = CARTESIAN_POINT ( 'NONE',  ( -0.5750245291072062503, 0.000000000000000000, 1.091406178654915848 ) ) ;
#2796 = ORIENTED_EDGE ( 'NONE', *, *, #2099, .T. ) ;
#2797 = CARTESIAN_POINT ( 'NONE',  ( -0.8676062753182298692, 0.4000000000000000222, 2.233821177836880612 ) ) ;
#2798 = CARTESIAN_POINT ( 'NONE',  ( 0.5231804590072055561, 0.4000000000000000222, -1.207559707517101177 ) ) ;
#2799 = CARTESIAN_POINT ( 'NONE',  ( 0.000000000000000000, 20.00000000000000000, 1.649999999999999911 ) ) ;
#2800 = ORIENTED_EDGE ( 'NONE', *, *, #1633, .F. ) ;
#2801 = CARTESIAN_POINT ( 'NONE',  ( -0.1684356730577247219, 0.000000000000000000, -1.419436294891742056 ) ) ;
#2802 = CARTESIAN_POINT ( 'NONE',  ( -1.432549455944946315, -5.421010862427522170E-17, 1.081389178485617997 ) ) ;
#2803 = LINE ( 'NONE', #2153, #1596 ) ;
#2804 = CARTESIAN_POINT ( 'NONE',  ( -1.513956966890967593, 0.4000000000000000222, -0.5975800959906519827 ) ) ;
#2805 = PLANE ( 'NONE',  #742 ) ;
#2806 = CARTESIAN_POINT ( 'NONE',  ( 1.373303198869541442, -5.421010862427522170E-17, 1.467684165188903211 ) ) ;
#2807 = ADVANCED_FACE ( 'NONE', ( #137 ), #172, .F. ) ;
#2808 = ORIENTED_EDGE ( 'NONE', *, *, #1685, .T. ) ;
#2809 = CARTESIAN_POINT ( 'NONE',  ( -1.439948586856617307, 0.4000000000000000222, 1.252883856280955666 ) ) ;
#2810 = CARTESIAN_POINT ( 'NONE',  ( 1.194144312361261173, 0.4000000000000000222, -1.660167972451590757 ) ) ;
#2811 = ADVANCED_FACE ( 'NONE', ( #2594 ), #1242, .F. ) ;
#2812 = ORIENTED_EDGE ( 'NONE', *, *, #1832, .F. ) ;
#2813 = CARTESIAN_POINT ( 'NONE',  ( -0.5243499483971389985, 0.000000000000000000, -0.4656647986112716908 ) ) ;
#2814 = VECTOR ( 'NONE', #2558, 1000.000000000000000 ) ;
#2815 = CARTESIAN_POINT ( 'NONE',  ( 0.1889275356288384056, 0.4000000000000000222, 2.412981102211073203 ) ) ;
#2816 = CARTESIAN_POINT ( 'NONE',  ( 0.1889275356288384056, 0.4000000000000000222, 2.412981102211073203 ) ) ;
#2817 = B_SPLINE_CURVE_WITH_KNOTS ( 'NONE', 3,
 ( #607, #381, #1280, #2620, #83, #354, #1017, #97, #1885, #2571, #370 ),
 .UNSPECIFIED., .F., .F.,
 ( 4, 1, 1, 1, 1, 1, 1, 1, 4 ),
 ( 0.000000000000000000, 0.1272548774734977850, 0.2442174860341958798, 0.3556224735305132389, 0.4657009884288951795, 0.5804717095565063989, 0.7039721725096762528, 0.8420439772360940323, 1.000000000000000000 ),
 .UNSPECIFIED. ) ;
#2818 = ORIENTED_EDGE ( 'NONE', *, *, #555, .F. ) ;
#2819 = CARTESIAN_POINT ( 'NONE',  ( -0.8604348597266531229, 0.4000000000000000222, 0.2899696629325226871 ) ) ;
#2820 = CARTESIAN_POINT ( 'NONE',  ( 1.375057805339863437, 0.4000000000000000222, 1.391603913517173829 ) ) ;
#2821 = CARTESIAN_POINT ( 'NONE',  ( 1.490089039405267268, 0.000000000000000000, -0.6504624894226022080 ) ) ;
#2822 = CARTESIAN_POINT ( 'NONE',  ( -1.444682153515724155, 0.4000000000000000222, -0.4410127540440871852 ) ) ;
#2823 = LINE ( 'NONE', #1712, #2918 ) ;
#2824 = DIRECTION ( 'NONE',  ( -0.000000000000000000, -1.000000000000000000, -0.000000000000000000 ) ) ;
#2825 = ORIENTED_EDGE ( 'NONE', *, *, #2739, .T. ) ;
#2826 = CONICAL_SURFACE ( 'NONE', #1447, 4.349999999999999645, 0.7853981633974361776 ) ;
#2827 = CARTESIAN_POINT ( 'NONE',  ( -0.8676062753182298692, 0.000000000000000000, 2.233821177836880612 ) ) ;
#2828 = DIRECTION ( 'NONE',  ( -0.000000000000000000, -1.000000000000000000, -0.000000000000000000 ) ) ;
#2829 = B_SPLINE_CURVE_WITH_KNOTS ( 'NONE', 3,
 ( #2697, #676, #1569, #228, #1128, #2032, #2535, #993, #2084, #1427, #2128 ),
 .UNSPECIFIED., .F., .F.,
 ( 4, 1, 1, 1, 1, 1, 1, 1, 4 ),
 ( 0.000000000000000000, 0.1580800013089742329, 0.2973325681540604504, 0.4226526225325380470, 0.5374198629468424082, 0.6484468294307172975, 0.7586362711459817554, 0.8737446915029239980, 1.000000000000000000 ),
 .UNSPECIFIED. ) ;
#2830 = ORIENTED_EDGE ( 'NONE', *, *, #231, .T. ) ;
#2831 = FACE_OUTER_BOUND ( 'NONE', #900, .T. ) ;
#2832 = EDGE_CURVE ( 'NONE', #1430, #123, #2507, .T. ) ;
#2833 = CARTESIAN_POINT ( 'NONE',  ( -1.436390355996782775, 0.000000000000000000, 1.378387271999585106 ) ) ;
#2834 = CARTESIAN_POINT ( 'NONE',  ( 2.565151067676131547, 1.999999999999998224, 1.649999999999999911 ) ) ;
#2835 = EDGE_LOOP ( 'NONE', ( #314, #1176, #635, #2290 ) ) ;
#2836 = CARTESIAN_POINT ( 'NONE',  ( -0.03699867896784364563, 0.000000000000000000, 1.775865183312907991 ) ) ;
#2837 = B_SPLINE_SURFACE_WITH_KNOTS ( 'NONE', 3, 1, ( 
 ( #1899, #1916 ),
 ( #2635, #2124 ),
 ( #1711, #596 ),
 ( #1204, #1424 ),
 ( #2331, #1693 ),
 ( #2804, #2109 ),
 ( #784, #1491 ),
 ( #2822, #1676 ),
 ( #2585, #564 ),
 ( #1473, #2604 ),
 ( #2361, #339 ),
 ( #1235, #580 ),
 ( #2000, #2185 ),
 ( #2012, #2903 ),
 ( #645, #1965 ) ),
 .UNSPECIFIED., .F., .F., .F.,
 ( 4, 1, 1, 1, 1, 1, 1, 1, 1, 1, 1, 1, 4 ),
 ( 2, 2 ),
 ( 0.000000000000000000, 0.06003831784040639108, 0.1185174089102424139, 0.1756767015595261383, 0.2320161616059254750, 0.2885905228496541963, 0.3446204230804460478, 0.4017302485697500924, 0.4593743358440074975, 0.5798017087899348665, 0.7089774919042215462, 0.8485250972179008144, 1.000000000000000000 ),
 ( 0.000000000000000000, 1.000000000000000000 ),
 .UNSPECIFIED. ) ;
#2838 = CARTESIAN_POINT ( 'NONE',  ( 0.01999928592856417553, 0.4000000000000000222, 2.415842333026959832 ) ) ;
#2839 = UNCERTAINTY_MEASURE_WITH_UNIT (LENGTH_MEASURE( 1.000000000000000082E-05 ), #716, 'distance_accuracy_value', 'NONE');
#2840 = CARTESIAN_POINT ( 'NONE',  ( -0.1684356730577247219, 0.4000000000000000222, -1.419436294891742056 ) ) ;
#2841 = CARTESIAN_POINT ( 'NONE',  ( 0.000000000000000000, 23.00000000000000000, 0.000000000000000000 ) ) ;
#2842 = CARTESIAN_POINT ( 'NONE',  ( 0.4482332217770583216, 0.4000000000000000222, -2.020972366736603743 ) ) ;
#2843 = CARTESIAN_POINT ( 'NONE',  ( -0.5107003537661052306, 0.4000000000000000222, -1.290773019872018201 ) ) ;
#2844 = B_SPLINE_CURVE_WITH_KNOTS ( 'NONE', 3,
 ( #93, #2390, #1000, #124, #2773, #1029, #752, #2568, #2801, #781, #1927 ),
 .UNSPECIFIED., .F., .F.,
 ( 4, 1, 1, 1, 1, 1, 1, 1, 4 ),
 ( 0.000000000000000000, 0.1283643655386380589, 0.2452401337976532480, 0.3546570560162607411, 0.4636032590767216743, 0.5778527962742375790, 0.7016736261317724210, 0.8416156249319951543, 1.000000000000000000 ),
 .UNSPECIFIED. ) ;
#2845 = CARTESIAN_POINT ( 'NONE',  ( 1.276380114230316387, 0.000000000000000000, -0.1849342329804396501 ) ) ;
#2846 = VERTEX_POINT ( 'NONE', #2401 ) ;
#2847 = CARTESIAN_POINT ( 'NONE',  ( 0.5439805772569443754, 0.4000000000000000222, 1.273883106505948160 ) ) ;
#2848 = CARTESIAN_POINT ( 'NONE',  ( 1.503946301828022580, 0.4000000000000000222, -0.8270418802897139265 ) ) ;
#2849 = CARTESIAN_POINT ( 'NONE',  ( 0.7012828638470128828, 0.000000000000000000, 0.2603331095139913010 ) ) ;
#2850 = CARTESIAN_POINT ( 'NONE',  ( 0.6359772925283394551, 0.4000000000000000222, 0.2959180245991621661 ) ) ;
#2851 = CARTESIAN_POINT ( 'NONE',  ( 1.099805245833075151, 0.4000000000000000222, -1.744828514945854003 ) ) ;
#2852 = CARTESIAN_POINT ( 'NONE',  ( -0.6704156271124570576, -0.000000000000000000, -0.8478529168474324695 ) ) ;
#2853 = ADVANCED_FACE ( 'NONE', ( #2006 ), #2202, .T. ) ;
#2854 = ORIENTED_EDGE ( 'NONE', *, *, #1784, .F. ) ;
#2855 = CARTESIAN_POINT ( 'NONE',  ( -0.03699867896784364563, 0.000000000000000000, 1.775865183312907991 ) ) ;
#2856 = CARTESIAN_POINT ( 'NONE',  ( -1.394846507835313831, 0.4000000000000000222, 0.9179133902636706921 ) ) ;
#2857 = CARTESIAN_POINT ( 'NONE',  ( -0.07699725082497177464, 0.4000000000000000222, -2.063997714971405273 ) ) ;
#2858 = CARTESIAN_POINT ( 'NONE',  ( -0.6031498240957177126, 0.4000000000000000222, 1.188875893801615735 ) ) ;
#2859 = CARTESIAN_POINT ( 'NONE',  ( -0.07699725082497177464, 0.4000000000000000222, -2.063997714971405273 ) ) ;
#2860 = CARTESIAN_POINT ( 'NONE',  ( -0.02199921452142035438, 0.4000000000000000222, -1.424020565257352988 ) ) ;
#2861 = CARTESIAN_POINT ( 'NONE',  ( -0.08209934519530642794, 0.4000000000000000222, 1.774492822991162955 ) ) ;
#2862 = CARTESIAN_POINT ( 'NONE',  ( 0.5121015309152276984, 0.4000000000000000222, 1.080719502568299850 ) ) ;
#2863 = CARTESIAN_POINT ( 'NONE',  ( 0.4482332217770583216, -5.421010862427522170E-17, -2.020972366736603743 ) ) ;
#2864 = CARTESIAN_POINT ( 'NONE',  ( 0.6359772925283394551, 0.4000000000000000222, 0.2959180245991621661 ) ) ;
#2865 = CARTESIAN_POINT ( 'NONE',  ( -1.545840013579556249, 0.4000000000000000222, -1.198128824498822409 ) ) ;
#2866 = CARTESIAN_POINT ( 'NONE',  ( -1.350209565443414528, 0.000000000000000000, 1.725579656549052876 ) ) ;
#2867 = CARTESIAN_POINT ( 'NONE',  ( 0.06075743458130803548, -5.421010862427522170E-17, 0.6245882045231909707 ) ) ;
#2868 = EDGE_LOOP ( 'NONE', ( #2933, #2759, #920, #304 ) ) ;
#2869 = CARTESIAN_POINT ( 'NONE',  ( -0.08209934519530642794, 0.000000000000000000, 1.774492822991162955 ) ) ;
#2870 = CARTESIAN_POINT ( 'NONE',  ( 1.327091840873253048, 0.000000000000000000, 1.045058674562870049 ) ) ;
#2871 = PRESENTATION_LAYER_ASSIGNMENT (  '', '', ( #790 ) ) ;
#2872 = CARTESIAN_POINT ( 'NONE',  ( -0.9797400848408628349, 0.4000000000000000222, -1.902633341112491383 ) ) ;
#2873 = CARTESIAN_POINT ( 'NONE',  ( -0.9797400848408628349, 0.4000000000000000222, -1.902633341112491383 ) ) ;
#2874 = CARTESIAN_POINT ( 'NONE',  ( 0.5231804590072055561, 0.000000000000000000, -1.207559707517101177 ) ) ;
#2875 = CARTESIAN_POINT ( 'NONE',  ( 0.5126237969861312527, 0.4000000000000000222, 1.483429637471408435 ) ) ;
#2876 = EDGE_CURVE ( 'NONE', #1430, #590, #2670, .T. ) ;
#2877 = CARTESIAN_POINT ( 'NONE',  ( 0.2413446449025103968, -5.421010862427522170E-17, 0.7467447266511495485 ) ) ;
#2878 = CARTESIAN_POINT ( 'NONE',  ( -0.01462164043683620435, -5.421010862427522170E-17, -2.063227776408715020 ) ) ;
#2879 = VECTOR ( 'NONE', #1238, 1000.000000000000114 ) ;
#2880 = EDGE_LOOP ( 'NONE', ( #618, #486, #600, #1592 ) ) ;
#2881 = CARTESIAN_POINT ( 'NONE',  ( -1.476393215957614524, 0.4000000000000000222, -1.424268136312736965 ) ) ;
#2882 = CARTESIAN_POINT ( 'NONE',  ( -0.9766097512721420015, 0.000000000000000000, 2.168633428461176127 ) ) ;
#2883 = CARTESIAN_POINT ( 'NONE',  ( 1.472702756345575903, 0.4000000000000000222, -0.5661966073361254237 ) ) ;
#2884 = ORIENTED_EDGE ( 'NONE', *, *, #1429, .T. ) ;
#2885 = CARTESIAN_POINT ( 'NONE',  ( -0.6079782922283495372, 0.4000000000000000777, 1.290882499545227713 ) ) ;
#2886 = CARTESIAN_POINT ( 'NONE',  ( -0.6673460608248429349, 0.000000000000000000, -0.7727320603194487436 ) ) ;
#2887 = CARTESIAN_POINT ( 'NONE',  ( -0.7234572250487545375, 0.000000000000000000, -1.993698532121102263 ) ) ;
#2888 = CARTESIAN_POINT ( 'NONE',  ( 0.6079782922283495372, 5.421010862427522170E-17, -0.8920395595575473235 ) ) ;
#2889 = DIRECTION ( 'NONE',  ( 0.000000000000000000, 0.000000000000000000, 1.000000000000000000 ) ) ;
#2890 = FACE_OUTER_BOUND ( 'NONE', #2080, .T. ) ;
#2891 = CARTESIAN_POINT ( 'NONE',  ( 0.02746577526431996652, 0.000000000000000000, -1.422452239280749930 ) ) ;
#2892 = EDGE_CURVE ( 'NONE', #1714, #2156, #2257, .T. ) ;
#2893 = CARTESIAN_POINT ( 'NONE',  ( -1.444682153515724155, 0.000000000000000000, -0.4410127540440871852 ) ) ;
#2894 = CARTESIAN_POINT ( 'NONE',  ( -0.02199921452142035438, 0.000000000000000000, -1.424020565257352988 ) ) ;
#2895 = CARTESIAN_POINT ( 'NONE',  ( 1.437053486703623983, 0.4000000000000000222, -0.4587462474296751247 ) ) ;
#2896 = CARTESIAN_POINT ( 'NONE',  ( -1.091743597664720511, 0.4000000000000000222, -1.844842441328946370 ) ) ;
#2897 = CARTESIAN_POINT ( 'NONE',  ( 0.9662501175068936021, 0.4000000000000000222, 2.190746949478813210 ) ) ;
#2898 = CARTESIAN_POINT ( 'NONE',  ( 0.02099925022499248006, -5.421010862427522170E-17, 0.6009071350097650033 ) ) ;
#2899 = VERTEX_POINT ( 'NONE', #2753 ) ;
#2900 = FACE_OUTER_BOUND ( 'NONE', #1351, .T. ) ;
#2901 = DIRECTION ( 'NONE',  ( 0.000000000000000000, 0.000000000000000000, -1.000000000000000000 ) ) ;
#2902 = CARTESIAN_POINT ( 'NONE',  ( -0.5275412331932902710, 0.4000000000000000222, 1.001170946196096034 ) ) ;
#2903 = CARTESIAN_POINT ( 'NONE',  ( -0.7673180744485176286, -5.421010862427522170E-17, 0.1594018338422101000 ) ) ;
#2904 = CARTESIAN_POINT ( 'NONE',  ( 0.4701534560579639921, 0.4000000000000000222, 0.9897528722496171660 ) ) ;
#2905 = CARTESIAN_POINT ( 'NONE',  ( 0.6061828075014749073, 0.4000000000000000222, -0.9315661933097609815 ) ) ;
#2906 = B_SPLINE_CURVE_WITH_KNOTS ( 'NONE', 3,
 ( #1025, #1924, #1482, #1309, #139, #346, #1974, #1956, #121, #2851, #398, #2387, #1058, #363, #825, #1465, #1012, #2628, #412 ),
 .UNSPECIFIED., .F., .F.,
 ( 4, 1, 1, 1, 1, 1, 1, 1, 1, 1, 1, 1, 1, 1, 1, 1, 4 ),
 ( 0.000000000000000000, 0.06282592105328145549, 0.1227317415465955797, 0.1806473094286877579, 0.2364931263344308143, 0.2912659570617958660, 0.3453217307168494066, 0.3997469507730634364, 0.4550832560138087235, 0.5118292350899360521, 0.5705804923793743599, 0.6325417244804467654, 0.6980624161410500239, 0.7670567314646583590, 0.8403110917076146436, 0.9178859119836890734, 1.000000000000000000 ),
 .UNSPECIFIED. ) ;
#2907 = CARTESIAN_POINT ( 'NONE',  ( -0.3861219820298277816, 0.000000000000000000, 1.707414033076273485 ) ) ;
#2908 = DIRECTION ( 'NONE',  ( 0.000000000000000000, 0.000000000000000000, 1.000000000000000000 ) ) ;
#2909 = CARTESIAN_POINT ( 'NONE',  ( -0.1684356730577247219, 0.4000000000000000222, -1.419436294891742056 ) ) ;
#2910 = CARTESIAN_POINT ( 'NONE',  ( -0.2525268968764525779, 0.4000000000000000222, -2.060774170520213833 ) ) ;
#2911 = ADVANCED_FACE ( 'NONE', ( #455 ), #1946, .T. ) ;
#2912 = AXIS2_PLACEMENT_3D ( 'NONE', #2059, #2282, #259 ) ;
#2913 = CARTESIAN_POINT ( 'NONE',  ( 1.180042649219598117, 0.000000000000000000, 0.7607031525509135861 ) ) ;
#2914 = EDGE_LOOP ( 'NONE', ( #1272, #1911, #2480, #373, #1123, #788, #719, #2581 ) ) ;
#2915 = CARTESIAN_POINT ( 'NONE',  ( 0.6359772925283394551, 0.4000000000000000222, 0.2959180245991621661 ) ) ;
#2916 = CARTESIAN_POINT ( 'NONE',  ( -1.439948586856617307, 0.000000000000000000, 1.252883856280955666 ) ) ;
#2917 = CARTESIAN_POINT ( 'NONE',  ( 0.6020086515581258846, -5.421010862427522170E-17, -1.984699222369134652 ) ) ;
#2918 = VECTOR ( 'NONE', #2347, 1000.000000000000000 ) ;
#2919 = CARTESIAN_POINT ( 'NONE',  ( 0.6061828075014749073, 0.4000000000000000222, -0.9315661933097609815 ) ) ;
#2920 = CARTESIAN_POINT ( 'NONE',  ( -0.07278244444641318589, 0.000000000000000000, -1.422430769530645733 ) ) ;
#2921 = CARTESIAN_POINT ( 'NONE',  ( -0.6079782922283495372, 0.4000000000000000222, 1.290882499545227713 ) ) ;
#2922 = CARTESIAN_POINT ( 'NONE',  ( -1.538413899267247809, 0.000000000000000000, -0.6801256856053046196 ) ) ;
#2923 = CARTESIAN_POINT ( 'NONE',  ( 0.09571688639215419903, 0.4000000000000000222, 1.772873881752144776 ) ) ;
#2924 = CARTESIAN_POINT ( 'NONE',  ( -0.5107003537661052306, 0.000000000000000000, -1.290773019872018201 ) ) ;
#2925 = CARTESIAN_POINT ( 'NONE',  ( -0.8604348597266531229, 0.4000000000000000222, 0.2899696629325226871 ) ) ;
#2926 = B_SPLINE_CURVE_WITH_KNOTS ( 'NONE', 3,
 ( #901, #2454, #626, #1337, #1104, #2425, #431, #445, #2886, #2009, #1800 ),
 .UNSPECIFIED., .F., .F.,
 ( 4, 1, 1, 1, 1, 1, 1, 1, 4 ),
 ( 0.000000000000000000, 0.1600287939255009839, 0.3052128595525682164, 0.4367344963722023521, 0.5587880790980832568, 0.6716139206163920239, 0.7795036924405052137, 0.8879131397074535581, 1.000000000000000000 ),
 .UNSPECIFIED. ) ;
#2927 = CARTESIAN_POINT ( 'NONE',  ( 0.5439805772569443754, 0.4000000000000000777, 1.273883106505948160 ) ) ;
#2928 = ORIENTED_EDGE ( 'NONE', *, *, #637, .T. ) ;
#2929 = EDGE_CURVE ( 'NONE', #123, #1714, #1796, .T. ) ;
#2930 = CARTESIAN_POINT ( 'NONE',  ( 0.01999928592856417553, 0.000000000000000000, 2.415842333026959832 ) ) ;
#2931 = CARTESIAN_POINT ( 'NONE',  ( -1.436390355996782775, 0.000000000000000000, 1.378387271999585106 ) ) ;
#2932 = CARTESIAN_POINT ( 'NONE',  ( -1.281241428325084808, 0.4000000000000000222, -1.702460893113681317 ) ) ;
#2933 = ORIENTED_EDGE ( 'NONE', *, *, #1276, .T. ) ;
#2934 = CARTESIAN_POINT ( 'NONE',  ( 0.5185231090490310946, 5.421010862427522170E-17, -0.5605027395380078881 ) ) ;
#2935 = CARTESIAN_POINT ( 'NONE',  ( 0.5439805772569443754, 0.4000000000000000222, 1.273883106505948160 ) ) ;
#2936 = CARTESIAN_POINT ( 'NONE',  ( -0.08209934519530642794, -0.000000000000000000, 1.774492822991162955 ) ) ;
#2937 = CARTESIAN_POINT ( 'NONE',  ( -0.07699725082497177464, 0.000000000000000000, -2.063997714971405273 ) ) ;
ENDSEC;
END-ISO-10303-21;
