ISO-10303-21;
HEADER;
FILE_DESCRIPTION (( 'STEP AP214' ),
    '1' );
FILE_NAME ('JK-RTF-02-13-01 Knob_6.STEP',
    '2026-08-29T19:02:44',
    ( '' ),
    ( '' ),
    'SwSTEP 2.0',
    'SolidWorks 2025',
    '' );
FILE_SCHEMA (( 'AUTOMOTIVE_DESIGN' ));
ENDSEC;

DATA;
#1 = CARTESIAN_POINT ( 'NONE',  ( 0.7585493644625721510, 0.000000000000000000, 2.383523067660129779 ) ) ;
#2 = DIRECTION ( 'NONE',  ( 0.000000000000000000, -1.000000000000000000, 0.000000000000000000 ) ) ;
#3 = CARTESIAN_POINT ( 'NONE',  ( 1.247955441942401711, 0.4000000000000000222, 1.935859470741420507 ) ) ;
#4 = CARTESIAN_POINT ( 'NONE',  ( 1.247955441942401933, 0.4000000000000000222, 1.935859470741420729 ) ) ;
#5 = FACE_BOUND ( 'NONE', #2272, .T. ) ;
#6 = EDGE_CURVE ( 'NONE', #1938, #567, #2064, .T. ) ;
#7 = ORIENTED_EDGE ( 'NONE', *, *, #1128, .F. ) ;
#8 = VECTOR ( 'NONE', #2197, 1000.000000000000000 ) ;
#9 = CARTESIAN_POINT ( 'NONE',  ( 1.107469965817010182, 0.000000000000000000, -1.631043167194013321 ) ) ;
#10 = CARTESIAN_POINT ( 'NONE',  ( 1.503946301828022580, 0.4000000000000000222, -0.5350523057326774801 ) ) ;
#11 = DIRECTION ( 'NONE',  ( -0.000000000000000000, -1.000000000000000000, -0.000000000000000000 ) ) ;
#12 = CARTESIAN_POINT ( 'NONE',  ( -1.237667994902035717, 0.4000000000000000222, 1.471639768266399306 ) ) ;
#13 = CARTESIAN_POINT ( 'NONE',  ( -0.06592874783764153535, 0.000000000000000000, -1.357258257985625383 ) ) ;
#14 = CARTESIAN_POINT ( 'NONE',  ( 0.3102608232581833270, 0.000000000000000000, 2.414557920385136836 ) ) ;
#15 = CARTESIAN_POINT ( 'NONE',  ( -0.9349305148671402943, 0.000000000000000000, 1.925687113072190204 ) ) ;
#16 = B_SPLINE_CURVE_WITH_KNOTS ( 'NONE', 3,
 ( #331, #569, #785, #2253, #372, #343, #1226, #358, #2080, #733, #1437, #2239, #1186, #318, #164, #1588, #2039, #971, #122 ),
 .UNSPECIFIED., .F., .F.,
 ( 4, 1, 1, 1, 1, 1, 1, 1, 1, 1, 1, 1, 1, 1, 1, 1, 4 ),
 ( 0.000000000000000000, 0.1119261970326589362, 0.2251451456750430957, 0.3355252657556961338, 0.4389329017610922312, 0.5319004041431807384, 0.6108896061952105994, 0.6726152953793144151, 0.7120622608783739871, 0.7402705137878743402, 0.7674882167521831500, 0.7950491577784558617, 0.8247129237244011923, 0.8575418327256367768, 0.8967209689796649119, 0.9436235011633283820, 1.000000000000000000 ),
 .UNSPECIFIED. ) ;
#17 = CARTESIAN_POINT ( 'NONE',  ( 1.160723959909305103, 0.000000000000000000, 1.575606022814658669 ) ) ;
#18 = CARTESIAN_POINT ( 'NONE',  ( -0.03699867896784364563, 0.4000000000000000222, -2.063997714971405273 ) ) ;
#19 = CARTESIAN_POINT ( 'NONE',  ( -0.7246252955334693269, 0.000000000000000000, 2.108603648726985469 ) ) ;
#20 = EDGE_LOOP ( 'NONE', ( #1406, #2146, #718, #1795 ) ) ;
#21 = ADVANCED_FACE ( 'NONE', ( #1822 ), #1615, .F. ) ;
#22 = CARTESIAN_POINT ( 'NONE',  ( 1.216554618490732764, 0.000000000000000000, 0.4043917312098770922 ) ) ;
#23 = CARTESIAN_POINT ( 'NONE',  ( -0.4157577449978062667, 0.000000000000000000, -1.174761754412546599 ) ) ;
#24 = EDGE_LOOP ( 'NONE', ( #938, #2537, #1685, #2436 ) ) ;
#25 = PRODUCT_CONTEXT ( 'NONE', #2531, 'mechanical' ) ;
#26 = LINE ( 'NONE', #1111, #2089 ) ;
#27 = CARTESIAN_POINT ( 'NONE',  ( -0.5369248257273104841, 0.000000000000000000, -0.1228937636899803398 ) ) ;
#28 = ADVANCED_FACE ( 'NONE', ( #2556 ), #2047, .T. ) ;
#29 = CARTESIAN_POINT ( 'NONE',  ( -0.3978371634819592439, 0.4000000000000000222, 1.355428748825313612 ) ) ;
#30 = CARTESIAN_POINT ( 'NONE',  ( -0.4613859042132769650, 0.4000000000000000222, -0.08196822079208565537 ) ) ;
#31 = CARTESIAN_POINT ( 'NONE',  ( -0.03699867896784364563, 0.4000000000000000222, -2.063997714971405273 ) ) ;
#32 = CARTESIAN_POINT ( 'NONE',  ( -1.502703470600414315, -0.000000000000000000, 0.09361552242279350122 ) ) ;
#33 = CARTESIAN_POINT ( 'NONE',  ( 1.021265402008882051, 0.000000000000000000, 1.597266415211350044 ) ) ;
#34 = CARTESIAN_POINT ( 'NONE',  ( 1.396677557903621247, 0.4000000000000000222, 0.1104029721706967226 ) ) ;
#35 = CARTESIAN_POINT ( 'NONE',  ( 0.4595739664877392383, 0.000000000000000000, -1.151258362628605703 ) ) ;
#36 = ORIENTED_EDGE ( 'NONE', *, *, #82, .T. ) ;
#37 = DIRECTION ( 'NONE',  ( 0.000000000000000000, 0.000000000000000000, 1.000000000000000000 ) ) ;
#38 = CARTESIAN_POINT ( 'NONE',  ( 0.7585493644625721510, 0.4000000000000000222, 2.383523067660129779 ) ) ;
#39 = ORIENTED_EDGE ( 'NONE', *, *, #1505, .F. ) ;
#40 = DIRECTION ( 'NONE',  ( -0.000000000000000000, -1.000000000000000000, -0.000000000000000000 ) ) ;
#41 = CARTESIAN_POINT ( 'NONE',  ( 0.2232624183212995050, -0.000000000000000000, 0.7512031024937428914 ) ) ;
#42 = CARTESIAN_POINT ( 'NONE',  ( -0.3344969722525695244, 0.000000000000000000, 1.434670729890240803 ) ) ;
#43 = DIRECTION ( 'NONE',  ( -0.000000000000000000, -1.000000000000000000, -0.000000000000000000 ) ) ;
#44 = CARTESIAN_POINT ( 'NONE',  ( 1.502881458912854074, 0.4000000000000000222, -0.5887713369174855105 ) ) ;
#45 = CARTESIAN_POINT ( 'NONE',  ( 0.3719867182712931486, 0.000000000000000000, 1.711867468341502718 ) ) ;
#46 = SURFACE_STYLE_USAGE ( .BOTH. , #1961 ) ;
#47 = CARTESIAN_POINT ( 'NONE',  ( 1.188401159173702926, 0.4000000000000000222, 1.589788890452103809 ) ) ;
#48 = CARTESIAN_POINT ( 'NONE',  ( 0.6024521072262755128, 0.000000000000000000, -0.7733474605935476420 ) ) ;
#49 = VERTEX_POINT ( 'NONE', #668 ) ;
#50 = CARTESIAN_POINT ( 'NONE',  ( -0.3558880559560291812, 0.000000000000000000, 0.6393967983115668163 ) ) ;
#51 = CARTESIAN_POINT ( 'NONE',  ( -0.06592874783764153535, 0.000000000000000000, -1.357258257985625383 ) ) ;
#52 = B_SPLINE_CURVE_WITH_KNOTS ( 'NONE', 3,
 ( #907, #479, #2587, #33, #699, #1525, #2383, #1708, #465, #1554, #1752 ),
 .UNSPECIFIED., .F., .F.,
 ( 4, 1, 1, 1, 1, 1, 1, 1, 4 ),
 ( 0.000000000000000000, 0.05991645637863888402, 0.1376268791843416051, 0.2340214522537862607, 0.3475933569376453147, 0.4794748474632622437, 0.6307013383730877276, 0.8035719909920919779, 1.000000000000000000 ),
 .UNSPECIFIED. ) ;
#53 = ORIENTED_EDGE ( 'NONE', *, *, #1678, .F. ) ;
#54 = FACE_OUTER_BOUND ( 'NONE', #968, .T. ) ;
#55 = CARTESIAN_POINT ( 'NONE',  ( 0.2548615599445179791, 0.4000000000000000777, 0.02431796469564453250 ) ) ;
#56 = CARTESIAN_POINT ( 'NONE',  ( -0.6237820220164705942, 0.000000000000000000, 0.5409357773146262760 ) ) ;
#57 = EDGE_CURVE ( 'NONE', #563, #256, #2049, .T. ) ;
#58 = CARTESIAN_POINT ( 'NONE',  ( -0.5489080876114523777, 0.000000000000000000, -0.8514618844771597583 ) ) ;
#59 = CARTESIAN_POINT ( 'NONE',  ( 0.3237066154362601700, -0.000000000000000000, 0.7507712371887075298 ) ) ;
#60 = CARTESIAN_POINT ( 'NONE',  ( 0.07668247697382128691, 0.000000000000000000, 0.04729528951949234922 ) ) ;
#61 = VECTOR ( 'NONE', #1160, 1000.000000000000000 ) ;
#62 = CARTESIAN_POINT ( 'NONE',  ( 1.210736381138048268, 0.4000000000000000222, 1.613571377452304390 ) ) ;
#63 = CARTESIAN_POINT ( 'NONE',  ( 1.210736381138048268, 0.4000000000000000222, 1.613571377452304390 ) ) ;
#64 = FACE_OUTER_BOUND ( 'NONE', #384, .T. ) ;
#65 = ORIENTED_EDGE ( 'NONE', *, *, #1353, .T. ) ;
#66 = CARTESIAN_POINT ( 'NONE',  ( -0.004438797966525587398, 0.000000000000000000, 0.7317548996275882178 ) ) ;
#67 = CARTESIAN_POINT ( 'NONE',  ( 1.210196830143370095, 0.000000000000000000, 2.198795047959698046 ) ) ;
#68 = ORIENTED_EDGE ( 'NONE', *, *, #1440, .T. ) ;
#69 = DIRECTION ( 'NONE',  ( 0.000000000000000000, 0.000000000000000000, 1.000000000000000000 ) ) ;
#70 = CARTESIAN_POINT ( 'NONE',  ( 0.6079782922283495372, 0.4000000000000000777, -0.6240491281147878544 ) ) ;
#71 = CARTESIAN_POINT ( 'NONE',  ( -0.08959843530728267558, 0.4000000000000000222, 1.618464666938487007 ) ) ;
#72 = CARTESIAN_POINT ( 'NONE',  ( -1.444960260765508320, 0.4000000000000000222, 0.8143158615561078006 ) ) ;
#73 = DIRECTION ( 'NONE',  ( 0.000000000000000000, 0.000000000000000000, 1.000000000000000000 ) ) ;
#74 = EDGE_CURVE ( 'NONE', #366, #2134, #2544, .T. ) ;
#75 = CARTESIAN_POINT ( 'NONE',  ( 0.7071806195697314390, 0.4000000000000000222, 0.7040441181214833755 ) ) ;
#76 = CARTESIAN_POINT ( 'NONE',  ( 0.006999750074997493354, 0.4000000000000000222, -1.360022850285947715 ) ) ;
#77 = CARTESIAN_POINT ( 'NONE',  ( 0.8306947672069416866, 0.4000000000000000222, 0.6637440695855283401 ) ) ;
#78 = ORIENTED_EDGE ( 'NONE', *, *, #1299, .F. ) ;
#79 = CARTESIAN_POINT ( 'NONE',  ( 1.503946301828022580, 0.4000000000000000222, -0.5350523057326774801 ) ) ;
#80 = CARTESIAN_POINT ( 'NONE',  ( 1.247955441942401933, 0.4000000000000000222, 1.935859470741420729 ) ) ;
#81 = ORIENTED_EDGE ( 'NONE', *, *, #587, .T. ) ;
#82 = EDGE_CURVE ( 'NONE', #2299, #770, #1179, .T. ) ;
#83 = CARTESIAN_POINT ( 'NONE',  ( -0.4926273976488560469, 0.000000000000000000, -1.035842335792178881 ) ) ;
#84 = CARTESIAN_POINT ( 'NONE',  ( 0.1241874017706365019, 0.4000000000000000777, 0.04607979732328072731 ) ) ;
#85 = CARTESIAN_POINT ( 'NONE',  ( 0.7608425336782137505, 0.4000000000000000222, -1.888418386310342534 ) ) ;
#86 = CARTESIAN_POINT ( 'NONE',  ( -1.444960260765508320, 0.000000000000000000, 0.8143158615561078006 ) ) ;
#87 = CARTESIAN_POINT ( 'NONE',  ( 0.8741369528315586779, 0.4000000000000000222, 2.360263565049336876 ) ) ;
#88 = B_SPLINE_CURVE_WITH_KNOTS ( 'NONE', 3,
 ( #2268, #2693, #572, #1989, #2281, #1358, #2679, #361, #2216, #1132, #296 ),
 .UNSPECIFIED., .F., .F.,
 ( 4, 1, 1, 1, 1, 1, 1, 1, 4 ),
 ( 0.000000000000000000, 0.09741590308594595682, 0.2050152849259059828, 0.3198253752958257201, 0.4408081955258751350, 0.5690767849602487161, 0.7041683363533292050, 0.8483638127468398071, 1.000000000000000000 ),
 .UNSPECIFIED. ) ;
#89 = CARTESIAN_POINT ( 'NONE',  ( 1.503287945928592384, 0.4000000000000000222, -0.4873565822114037660 ) ) ;
#90 = CARTESIAN_POINT ( 'NONE',  ( 0.3719867182712930931, 0.4000000000000000222, 1.711867468341502496 ) ) ;
#91 = ORIENTED_EDGE ( 'NONE', *, *, #344, .T. ) ;
#92 = CARTESIAN_POINT ( 'NONE',  ( -1.484723300687193825, 0.000000000000000000, -0.5629300972360993249 ) ) ;
#93 = CARTESIAN_POINT ( 'NONE',  ( -0.6752878078060172706, 0.4000000000000000222, -1.960270036974205432 ) ) ;
#94 = ORIENTED_EDGE ( 'NONE', *, *, #1557, .T. ) ;
#95 = CARTESIAN_POINT ( 'NONE',  ( -0.2625818224507435739, 0.4000000000000000222, -1.305746499169352592 ) ) ;
#96 = CARTESIAN_POINT ( 'NONE',  ( 0.5818557828519007602, 5.421010862427522170E-17, -0.3392671702461257932 ) ) ;
#97 = CARTESIAN_POINT ( 'NONE',  ( 0.1460056663217687567, 0.4000000000000000222, -1.347146954702015398 ) ) ;
#98 = CARTESIAN_POINT ( 'NONE',  ( -1.502703470600414315, 0.4000000000000000222, 0.09361552242279350122 ) ) ;
#99 = CARTESIAN_POINT ( 'NONE',  ( -1.503946301828022802, 0.4000000000000000222, 0.006928342931410495266 ) ) ;
#100 = CARTESIAN_POINT ( 'NONE',  ( 0.4734984663251144976, 0.000000000000000000, -2.002898176321272761 ) ) ;
#101 = CARTESIAN_POINT ( 'NONE',  ( -1.108949447083573014, 0.4000000000000000222, -1.655894068287581788 ) ) ;
#102 = EDGE_LOOP ( 'NONE', ( #2645, #357, #94, #157 ) ) ;
#103 = AXIS2_PLACEMENT_3D ( 'NONE', #1638, #1861, #199 ) ;
#104 = CARTESIAN_POINT ( 'NONE',  ( -1.500159207892424851, 0.000000000000000000, -0.2835876764422250451 ) ) ;
#105 = CARTESIAN_POINT ( 'NONE',  ( -0.6079782922283495372, 0.000000000000000000, -0.1680654089435257570 ) ) ;
#106 = CARTESIAN_POINT ( 'NONE',  ( -1.293592559516105744, 0.000000000000000000, 1.345831542226201050 ) ) ;
#107 = EDGE_CURVE ( 'NONE', #352, #2342, #1591, .T. ) ;
#108 = CARTESIAN_POINT ( 'NONE',  ( -0.6075787057417099124, 0.4000000000000000222, -0.3291687566522367714 ) ) ;
#109 = CARTESIAN_POINT ( 'NONE',  ( -1.500159207892424851, 0.4000000000000000222, -0.2835876764422250451 ) ) ;
#110 = CARTESIAN_POINT ( 'NONE',  ( 0.03105395711206300827, 0.000000000000000000, -1.359666204481757346 ) ) ;
#111 = CARTESIAN_POINT ( 'NONE',  ( -0.3826000310090528767, 0.4000000000000000777, -0.04413080695455469382 ) ) ;
#112 = CARTESIAN_POINT ( 'NONE',  ( 0.9773793055942721075, 0.000000000000000000, 2.336210608206833239 ) ) ;
#113 = CARTESIAN_POINT ( 'NONE',  ( 1.287587279310891564, 0.4000000000000000222, 0.3159249181412370211 ) ) ;
#114 = CARTESIAN_POINT ( 'NONE',  ( -0.5654261140078035153, 0.000000000000000000, -1.998157950467637667 ) ) ;
#115 = ORIENTED_EDGE ( 'NONE', *, *, #784, .T. ) ;
#116 = CARTESIAN_POINT ( 'NONE',  ( -1.451141207157767399, 0.000000000000000000, -0.8240748681523288877 ) ) ;
#117 = CARTESIAN_POINT ( 'NONE',  ( -0.3185349434064781438, 0.4000000000000000222, -2.048587636692797087 ) ) ;
#118 = CARTESIAN_POINT ( 'NONE',  ( -0.6025411801437813297, 0.4000000000000000222, 2.185508027593683344 ) ) ;
#119 = ORIENTED_EDGE ( 'NONE', *, *, #501, .F. ) ;
#120 = CARTESIAN_POINT ( 'NONE',  ( -0.4157577449978062667, 0.4000000000000000222, -1.174761754412546599 ) ) ;
#121 = VECTOR ( 'NONE', #397, 1000.000000000000000 ) ;
#122 = CARTESIAN_POINT ( 'NONE',  ( 1.247955441942401933, 0.4000000000000000222, 1.935859470741420729 ) ) ;
#123 = PLANE ( 'NONE',  #2508 ) ;
#124 = CARTESIAN_POINT ( 'NONE',  ( -0.2145402931608147712, 0.4000000000000000777, 0.01401564182741386715 ) ) ;
#125 = CARTESIAN_POINT ( 'NONE',  ( 1.210736381138048268, 0.000000000000000000, 1.613571377452304390 ) ) ;
#126 = CARTESIAN_POINT ( 'NONE',  ( 1.243982465311853858, 0.4000000000000000222, 2.051838868718113051 ) ) ;
#127 = CARTESIAN_POINT ( 'NONE',  ( 0.2709903243320438970, 0.4000000000000000222, 0.7519017437704242912 ) ) ;
#128 = CARTESIAN_POINT ( 'NONE',  ( -0.3978371634819592439, 0.4000000000000000222, 1.355428748825313612 ) ) ;
#129 = ORIENTED_EDGE ( 'NONE', *, *, #973, .T. ) ;
#130 = CARTESIAN_POINT ( 'NONE',  ( 0.000000000000000000, 23.00000000000000000, 0.000000000000000000 ) ) ;
#131 = CARTESIAN_POINT ( 'NONE',  ( -1.500159207892424851, 0.4000000000000000222, -0.2835876764422250451 ) ) ;
#132 = VERTEX_POINT ( 'NONE', #504 ) ;
#133 = VERTEX_POINT ( 'NONE', #2242 ) ;
#134 = CARTESIAN_POINT ( 'NONE',  ( -1.502659978002853336, 0.4000000000000000222, -0.09174828977658186502 ) ) ;
#135 = DIRECTION ( 'NONE',  ( 0.000000000000000000, 1.000000000000000000, -0.000000000000000000 ) ) ;
#136 = CARTESIAN_POINT ( 'NONE',  ( 0.6024521072262755128, 0.4000000000000000222, -0.7733474605935476420 ) ) ;
#137 = CARTESIAN_POINT ( 'NONE',  ( 1.210736381138048268, 0.4000000000000000222, 1.613571377452304390 ) ) ;
#138 = CARTESIAN_POINT ( 'NONE',  ( 0.5818557828519007602, 0.000000000000000000, -0.3392671702461257932 ) ) ;
#139 = EDGE_CURVE ( 'NONE', #1938, #1833, #2584, .T. ) ;
#140 = CARTESIAN_POINT ( 'NONE',  ( 1.247831955353091882, 0.000000000000000000, 1.842802685295847676 ) ) ;
#141 = CARTESIAN_POINT ( 'NONE',  ( 0.2437282101191256267, 0.4000000000000000222, 1.708732700578398989 ) ) ;
#142 = VERTEX_POINT ( 'NONE', #280 ) ;
#143 = CARTESIAN_POINT ( 'NONE',  ( 0.000000000000000000, 23.00000000000000000, 0.000000000000000000 ) ) ;
#144 = CARTESIAN_POINT ( 'NONE',  ( 0.8306947672069416866, 0.4000000000000000222, 0.6637440695855283401 ) ) ;
#145 = CARTESIAN_POINT ( 'NONE',  ( -1.229593722297066316, 0.4000000000000000222, -1.485238411582298301 ) ) ;
#146 = CARTESIAN_POINT ( 'NONE',  ( -2.922526330762603394E-05, 0.4000000000000000222, 2.391436766776857237 ) ) ;
#147 = VERTEX_POINT ( 'NONE', #99 ) ;
#148 = LINE ( 'NONE', #2066, #305 ) ;
#149 = CARTESIAN_POINT ( 'NONE',  ( -0.6249776852676289796, 0.4000000000000000222, 0.4989107767740881827 ) ) ;
#150 = B_SPLINE_CURVE_WITH_KNOTS ( 'NONE', 3,
 ( #207, #1059, #1911, #1493, #429, #1282, #220, #1071, #1927, #857, #1231, #236, #85, #2167, #933, #475, #902, #1549, #1114 ),
 .UNSPECIFIED., .F., .F.,
 ( 4, 1, 1, 1, 1, 1, 1, 1, 1, 1, 1, 1, 1, 1, 1, 1, 4 ),
 ( 0.000000000000000000, 0.06575593526433944069, 0.1298960616783364219, 0.1920953724061056911, 0.2535497220677787045, 0.3135780225496817564, 0.3718518737415221209, 0.4296996768101433162, 0.4869846644545175463, 0.5447503413089255231, 0.6031155935587073635, 0.6629618570377145970, 0.7248766363694715276, 0.7887669564817372247, 0.8557016930851275571, 0.9256638464797183330, 1.000000000000000000 ),
 .UNSPECIFIED. ) ;
#151 = DIRECTION ( 'NONE',  ( 0.000000000000000000, -1.000000000000000000, 0.000000000000000000 ) ) ;
#152 = DIRECTION ( 'NONE',  ( -0.000000000000000000, -1.000000000000000000, -0.000000000000000000 ) ) ;
#153 = CARTESIAN_POINT ( 'NONE',  ( 0.9773793055942721075, 0.000000000000000000, 2.336210608206833239 ) ) ;
#154 = CARTESIAN_POINT ( 'NONE',  ( -0.6075787057417099124, 0.4000000000000000222, -0.3291687566522367714 ) ) ;
#155 = CARTESIAN_POINT ( 'NONE',  ( -0.5935809322443547087, 0.000000000000000000, 0.8599366933797908397 ) ) ;
#156 = EDGE_CURVE ( 'NONE', #895, #1276, #2413, .T. ) ;
#157 = ORIENTED_EDGE ( 'NONE', *, *, #1184, .F. ) ;
#158 =( GEOMETRIC_REPRESENTATION_CONTEXT ( 3 ) GLOBAL_UNCERTAINTY_ASSIGNED_CONTEXT ( ( #394 ) ) GLOBAL_UNIT_ASSIGNED_CONTEXT ( ( #1055, #2551, #2345 ) ) REPRESENTATION_CONTEXT ( 'NONE', 'WORKASPACE' ) );
#159 = CARTESIAN_POINT ( 'NONE',  ( 1.502881458912854074, 0.4000000000000000222, -0.5887713369174855105 ) ) ;
#160 = CARTESIAN_POINT ( 'NONE',  ( 0.4734984663251144976, 0.4000000000000000222, -2.002898176321272761 ) ) ;
#161 = CARTESIAN_POINT ( 'NONE',  ( 0.1416651359824126766, 0.4000000000000000222, -2.060658768469183055 ) ) ;
#162 = CARTESIAN_POINT ( 'NONE',  ( 0.3759865754570058671, 0.000000000000000000, 2.415842333026959832 ) ) ;
#163 = ORIENTED_EDGE ( 'NONE', *, *, #1987, .T. ) ;
#164 = CARTESIAN_POINT ( 'NONE',  ( 1.241670248817535738, 0.4000000000000000222, 2.097664290221880279 ) ) ;
#165 = CYLINDRICAL_SURFACE ( 'NONE', #2477, 5.049999999999999822 ) ;
#166 = CARTESIAN_POINT ( 'NONE',  ( -0.3190266907691747256, 0.4000000000000000222, -1.272333228690089246 ) ) ;
#167 = FACE_OUTER_BOUND ( 'NONE', #1651, .T. ) ;
#168 = AXIS2_PLACEMENT_3D ( 'NONE', #2365, #446, #2555 ) ;
#169 = DIRECTION ( 'NONE',  ( -0.000000000000000000, 1.000000000000000000, -0.000000000000000000 ) ) ;
#170 = CARTESIAN_POINT ( 'NONE',  ( -0.8347250770551306598, 0.4000000000000000222, 2.020873751968264909 ) ) ;
#171 = CARTESIAN_POINT ( 'NONE',  ( -0.6079782922283495372, 0.4000000000000000222, -0.1680654089435257570 ) ) ;
#172 = CIRCLE ( 'NONE', #2578, 3.049999999999999822 ) ;
#173 = CARTESIAN_POINT ( 'NONE',  ( 0.4226978509266583472, 0.4000000000000000222, 1.711083314722859461 ) ) ;
#174 = CARTESIAN_POINT ( 'NONE',  ( 0.3129311139769925254, 0.4000000000000000222, -2.037608386554000006 ) ) ;
#175 = CARTESIAN_POINT ( 'NONE',  ( 0.000000000000000000, 23.00000000000000000, -4.349999999999999645 ) ) ;
#176 = CARTESIAN_POINT ( 'NONE',  ( -1.503946301828022802, 0.000000000000000000, 0.006928342931410495266 ) ) ;
#177 = VERTEX_POINT ( 'NONE', #1328 ) ;
#178 = EDGE_CURVE ( 'NONE', #1833, #246, #2183, .T. ) ;
#179 = CARTESIAN_POINT ( 'NONE',  ( 1.238161995339051691, 0.000000000000000000, 1.697535944902550220 ) ) ;
#180 = CARTESIAN_POINT ( 'NONE',  ( 0.5180383958611499695, 0.4000000000000000222, 1.709609050012152354 ) ) ;
#181 = CARTESIAN_POINT ( 'NONE',  ( 0.006999750074997493354, 0.4000000000000000222, -1.360022850285947715 ) ) ;
#182 = CARTESIAN_POINT ( 'NONE',  ( -0.004438797966525587398, 0.4000000000000000222, 0.7317548996275882178 ) ) ;
#183 = CARTESIAN_POINT ( 'NONE',  ( 0.5055729100283093969, 0.000000000000000000, 2.413581034269868919 ) ) ;
#184 = CARTESIAN_POINT ( 'NONE',  ( -0.1701260788451311734, 0.4000000000000000222, 2.359859555126500030 ) ) ;
#185 = CARTESIAN_POINT ( 'NONE',  ( -0.5489080876114523777, 0.000000000000000000, -0.8514618844771597583 ) ) ;
#186 = CARTESIAN_POINT ( 'NONE',  ( 0.6517289156108295733, 0.000000000000000000, 1.694341658168746489 ) ) ;
#187 = CARTESIAN_POINT ( 'NONE',  ( 1.045712044255869166, -5.421010862427522170E-17, 0.5547913470144723025 ) ) ;
#188 = CARTESIAN_POINT ( 'NONE',  ( -0.2625818224507435739, 0.4000000000000000222, -1.305746499169352592 ) ) ;
#189 = CARTESIAN_POINT ( 'NONE',  ( 0.006999750074997493354, 0.000000000000000000, -1.360022850285947715 ) ) ;
#190 = ORIENTED_EDGE ( 'NONE', *, *, #2684, .F. ) ;
#191 = CARTESIAN_POINT ( 'NONE',  ( -0.08603315640549663579, -0.000000000000000000, -2.063393748209602307 ) ) ;
#192 = ADVANCED_FACE ( 'NONE', ( #1243 ), #1200, .F. ) ;
#193 = CARTESIAN_POINT ( 'NONE',  ( -0.3978371634819592439, 0.4000000000000000222, 1.355428748825313612 ) ) ;
#194 = AXIS2_PLACEMENT_3D ( 'NONE', #2547, #1697, #629 ) ;
#195 = CARTESIAN_POINT ( 'NONE',  ( -0.6078410172962542823, 0.4000000000000000222, -0.2234112523503316572 ) ) ;
#196 = CARTESIAN_POINT ( 'NONE',  ( 0.9431666891824916910, 0.4000000000000000222, 0.6135807768843812848 ) ) ;
#197 = CARTESIAN_POINT ( 'NONE',  ( 0.1241874017706365019, 0.000000000000000000, 0.04607979732328072731 ) ) ;
#198 = CARTESIAN_POINT ( 'NONE',  ( 0.6517289156108295733, 0.4000000000000000222, 1.694341658168746489 ) ) ;
#199 = DIRECTION ( 'NONE',  ( 0.000000000000000000, 0.000000000000000000, -1.000000000000000000 ) ) ;
#200 = CARTESIAN_POINT ( 'NONE',  ( 0.7071806195697314390, 0.4000000000000000222, 0.7040441181214833755 ) ) ;
#201 = CARTESIAN_POINT ( 'NONE',  ( 1.129959654963873295, 0.4000000000000000222, 1.573872395434410043 ) ) ;
#202 = CARTESIAN_POINT ( 'NONE',  ( 1.279745049157847259, 0.4000000000000000222, -1.406718229015606836 ) ) ;
#203 = ORIENTED_EDGE ( 'NONE', *, *, #1144, .T. ) ;
#204 = CARTESIAN_POINT ( 'NONE',  ( -1.484723300687193825, 0.000000000000000000, -0.5629300972360993249 ) ) ;
#205 = DIRECTION ( 'NONE',  ( -0.000000000000000000, -1.000000000000000000, -0.000000000000000000 ) ) ;
#206 = CARTESIAN_POINT ( 'NONE',  ( 1.436080664225350967, 0.4000000000000000222, -0.005232628780451329016 ) ) ;
#207 = CARTESIAN_POINT ( 'NONE',  ( 1.503946301828022580, 0.4000000000000000222, -0.5350523057326774801 ) ) ;
#208 = ADVANCED_FACE ( 'NONE', ( #376 ), #2010, .T. ) ;
#209 = CARTESIAN_POINT ( 'NONE',  ( -0.4926273976488560469, 0.000000000000000000, -1.035842335792178881 ) ) ;
#210 = CARTESIAN_POINT ( 'NONE',  ( 0.5055729100283093969, 0.000000000000000000, 2.413581034269868919 ) ) ;
#211 = CARTESIAN_POINT ( 'NONE',  ( -0.6214437569090350832, 0.000000000000000000, 0.6231207840953331134 ) ) ;
#212 =( NAMED_UNIT ( * ) PLANE_ANGLE_UNIT ( ) SI_UNIT ( $, .RADIAN. ) );
#213 = CARTESIAN_POINT ( 'NONE',  ( -0.3684214593006734373, 0.4000000000000000222, -1.227103062062299355 ) ) ;
#214 = CARTESIAN_POINT ( 'NONE',  ( 1.200606075108257897, 0.4000000000000000222, -1.524449076996165164 ) ) ;
#215 = ORIENTED_EDGE ( 'NONE', *, *, #2196, .T. ) ;
#216 = CARTESIAN_POINT ( 'NONE',  ( -1.108949447083573014, 0.000000000000000000, -1.655894068287581788 ) ) ;
#217 = CARTESIAN_POINT ( 'NONE',  ( -0.08959843530728267558, 0.4000000000000000222, 1.618464666938487007 ) ) ;
#218 = CARTESIAN_POINT ( 'NONE',  ( -1.229593722297066316, 0.4000000000000000222, -1.485238411582298301 ) ) ;
#219 = CARTESIAN_POINT ( 'NONE',  ( 1.045712044255869166, 0.4000000000000000222, 0.5547913470144723025 ) ) ;
#220 = CARTESIAN_POINT ( 'NONE',  ( 1.350378927346777447, 0.4000000000000000222, -1.281096199951931247 ) ) ;
#221 = CARTESIAN_POINT ( 'NONE',  ( -0.5708391890055269924, 0.000000000000000000, -0.7413035738708250166 ) ) ;
#222 = CARTESIAN_POINT ( 'NONE',  ( 1.279745049157847259, 0.4000000000000000222, -1.406718229015606836 ) ) ;
#223 = ADVANCED_FACE ( 'NONE', ( #1619 ), #765, .F. ) ;
#224 = CARTESIAN_POINT ( 'NONE',  ( -0.6025411801437813297, 0.000000000000000000, 2.185508027593683344 ) ) ;
#225 = CARTESIAN_POINT ( 'NONE',  ( 1.503946301828022580, 0.4000000000000000222, -0.5350523057326774801 ) ) ;
#226 = CARTESIAN_POINT ( 'NONE',  ( 1.045712044255869166, 0.4000000000000000222, 0.5547913470144723025 ) ) ;
#227 = CARTESIAN_POINT ( 'NONE',  ( 0.1460056663217687567, 0.4000000000000000222, -1.347146954702015398 ) ) ;
#228 = ORIENTED_EDGE ( 'NONE', *, *, #468, .F. ) ;
#229 = APPLICATION_CONTEXT ( 'automotive_design' ) ;
#230 = CONICAL_SURFACE ( 'NONE', #363, 4.349999999999999645, 0.7853981633974361776 ) ;
#231 = CARTESIAN_POINT ( 'NONE',  ( -0.03699867896784364563, 0.000000000000000000, -2.063997714971405273 ) ) ;
#232 = CARTESIAN_POINT ( 'NONE',  ( 0.05199814341426693687, 0.4000000000000000777, 0.04792687908496692795 ) ) ;
#233 = EDGE_CURVE ( 'NONE', #438, #2330, #2234, .T. ) ;
#234 = CARTESIAN_POINT ( 'NONE',  ( -1.278224315200916505, 0.4000000000000000222, -1.389272789281125631 ) ) ;
#235 = CARTESIAN_POINT ( 'NONE',  ( 0.8306947672069416866, 0.4000000000000000222, 0.6637440695855283401 ) ) ;
#236 = CARTESIAN_POINT ( 'NONE',  ( 0.8871906065285851684, 0.4000000000000000222, -1.812515059092834946 ) ) ;
#237 = CARTESIAN_POINT ( 'NONE',  ( -0.3190266907691747256, 0.000000000000000000, -1.272333228690089246 ) ) ;
#238 = CARTESIAN_POINT ( 'NONE',  ( 0.3129311139769925254, 0.000000000000000000, -2.037608386554000006 ) ) ;
#239 = CARTESIAN_POINT ( 'NONE',  ( -0.2471453564738679831, 0.4000000000000000222, 0.6757981666916837993 ) ) ;
#240 = CARTESIAN_POINT ( 'NONE',  ( 1.247955441942401711, 0.000000000000000000, 1.935859470741420507 ) ) ;
#241 = CARTESIAN_POINT ( 'NONE',  ( 1.247911638967609482, 0.4000000000000000222, 1.902850509607355578 ) ) ;
#242 = CARTESIAN_POINT ( 'NONE',  ( -0.4701942148146541212, 0.000000000000000000, 2.253794212860282808 ) ) ;
#243 = ORIENTED_EDGE ( 'NONE', *, *, #1512, .F. ) ;
#244 = LINE ( 'NONE', #79, #2382 ) ;
#245 = CARTESIAN_POINT ( 'NONE',  ( -0.5489080876114523777, 0.000000000000000000, -0.8514618844771597583 ) ) ;
#246 = VERTEX_POINT ( 'NONE', #2381 ) ;
#247 = CARTESIAN_POINT ( 'NONE',  ( -1.451141207157767399, 0.4000000000000000222, -0.8240748681523288877 ) ) ;
#248 = CARTESIAN_POINT ( 'NONE',  ( 5.021051876504148371E-16, 20.00000000000000000, -3.850000000000000977 ) ) ;
#249 = CARTESIAN_POINT ( 'NONE',  ( 0.3719867182712930931, 0.000000000000000000, 1.711867468341502496 ) ) ;
#250 = CARTESIAN_POINT ( 'NONE',  ( 1.114538375886968691, 0.4000000000000000222, 1.575416304213618002 ) ) ;
#251 = CARTESIAN_POINT ( 'NONE',  ( 0.6024521072262755128, 0.4000000000000000222, -0.7733474605935476420 ) ) ;
#252 = CARTESIAN_POINT ( 'NONE',  ( 0.05199814341426693687, 0.4000000000000000777, 0.04792687908496692795 ) ) ;
#253 = FILL_AREA_STYLE_COLOUR ( '', #1195 ) ;
#254 = CARTESIAN_POINT ( 'NONE',  ( 1.021265402008882051, 0.000000000000000000, 1.597266415211350044 ) ) ;
#255 = CARTESIAN_POINT ( 'NONE',  ( 0.5253735471882956531, 0.4000000000000000222, -1.040714663396445694 ) ) ;
#256 = VERTEX_POINT ( 'NONE', #2395 ) ;
#257 = CARTESIAN_POINT ( 'NONE',  ( 1.466877308994473772, 0.000000000000000000, -0.1280322677575854717 ) ) ;
#258 = LINE ( 'NONE', #897, #943 ) ;
#259 = ORIENTED_EDGE ( 'NONE', *, *, #926, .T. ) ;
#260 = EDGE_CURVE ( 'NONE', #1445, #246, #1329, .T. ) ;
#261 = DIRECTION ( 'NONE',  ( 8.659560562354953812E-17, 0.7071067811865460184, -0.7071067811865490160 ) ) ;
#262 = CARTESIAN_POINT ( 'NONE',  ( 0.3287880767730209652, 5.421010862427522170E-17, -0.0004561859262297856968 ) ) ;
#263 = CARTESIAN_POINT ( 'NONE',  ( -0.6100216951619940042, 0.4000000000000000222, 0.7439293984354806710 ) ) ;
#264 = CARTESIAN_POINT ( 'NONE',  ( 0.006999750074997493354, 0.000000000000000000, -1.360022850285947715 ) ) ;
#265 = CARTESIAN_POINT ( 'NONE',  ( 1.195137459543802239, 0.000000000000000000, 2.227186074266369165 ) ) ;
#266 = CARTESIAN_POINT ( 'NONE',  ( 0.2232624183212995050, 0.4000000000000000222, 0.7512031024937428914 ) ) ;
#267 = CARTESIAN_POINT ( 'NONE',  ( 1.188401159173702926, 0.4000000000000000222, 1.589788890452103809 ) ) ;
#268 = CARTESIAN_POINT ( 'NONE',  ( -0.08603315640549663579, 0.000000000000000000, -2.063393748209602307 ) ) ;
#269 = CARTESIAN_POINT ( 'NONE',  ( -1.025705857673708143, 0.000000000000000000, 1.823265710966915032 ) ) ;
#270 = VERTEX_POINT ( 'NONE', #1944 ) ;
#271 = CARTESIAN_POINT ( 'NONE',  ( 0.2709903243320438970, 0.000000000000000000, 0.7519017437704242912 ) ) ;
#272 = CARTESIAN_POINT ( 'NONE',  ( -0.5708391890055269924, 0.000000000000000000, -0.7413035738708250166 ) ) ;
#273 = ORIENTED_EDGE ( 'NONE', *, *, #905, .F. ) ;
#274 = APPLICATION_PROTOCOL_DEFINITION ( 'draft international standard', 'automotive_design', 1998, #2531 ) ;
#275 = CARTESIAN_POINT ( 'NONE',  ( -0.4926273976488560469, 0.4000000000000000222, -1.035842335792178881 ) ) ;
#276 = CARTESIAN_POINT ( 'NONE',  ( -0.6249776852676289796, -5.421010862427522170E-17, 0.4989107767740881827 ) ) ;
#277 = EDGE_CURVE ( 'NONE', #270, #2188, #529, .T. ) ;
#278 = CARTESIAN_POINT ( 'NONE',  ( 0.2437282101191256267, 0.4000000000000000222, 1.708732700578398989 ) ) ;
#279 = CARTESIAN_POINT ( 'NONE',  ( -0.03803086281240285887, 0.000000000000000000, 0.04567234372806619480 ) ) ;
#280 = CARTESIAN_POINT ( 'NONE',  ( -0.6249776852676289796, 0.4000000000000000222, 0.4989107767740881827 ) ) ;
#281 = CARTESIAN_POINT ( 'NONE',  ( 1.502881458912854074, -0.000000000000000000, -0.5887713369174855105 ) ) ;
#282 = PLANE ( 'NONE',  #878 ) ;
#283 = CARTESIAN_POINT ( 'NONE',  ( -0.4467774825210681366, 0.4000000000000000222, -2.028483091765266533 ) ) ;
#284 = VERTEX_POINT ( 'NONE', #45 ) ;
#285 = CARTESIAN_POINT ( 'NONE',  ( -0.5437556030265793261, 0.000000000000000000, 0.5484740700599507468 ) ) ;
#286 = CARTESIAN_POINT ( 'NONE',  ( 1.210196830143370095, 0.4000000000000000222, 2.198795047959698046 ) ) ;
#287 = VERTEX_POINT ( 'NONE', #2407 ) ;
#288 = SHAPE_DEFINITION_REPRESENTATION ( #1173, #2321 ) ;
#289 = CARTESIAN_POINT ( 'NONE',  ( -0.5231406946165486627, 0.000000000000000000, -0.9495412834703543803 ) ) ;
#290 = FACE_OUTER_BOUND ( 'NONE', #1622, .T. ) ;
#291 = CARTESIAN_POINT ( 'NONE',  ( -0.5390444443764870197, 0.4000000000000000222, 1.077155621029091792 ) ) ;
#292 = CARTESIAN_POINT ( 'NONE',  ( -1.500157625372474879, 0.000000000000000000, 0.2711876153418998348 ) ) ;
#293 = CARTESIAN_POINT ( 'NONE',  ( 0.4190163551453530144, 0.4000000000000000222, 2.415091457653803619 ) ) ;
#294 = EDGE_CURVE ( 'NONE', #770, #982, #889, .T. ) ;
#295 = DIRECTION ( 'NONE',  ( -1.000000000000000000, 0.000000000000000000, 0.000000000000000000 ) ) ;
#296 = CARTESIAN_POINT ( 'NONE',  ( 0.2709903243320438970, 0.000000000000000000, 0.7519017437704242912 ) ) ;
#297 = CARTESIAN_POINT ( 'NONE',  ( -0.6752878078060172706, 0.4000000000000000222, -1.960270036974205432 ) ) ;
#298 = EDGE_LOOP ( 'NONE', ( #1837, #119, #7, #1251 ) ) ;
#299 = DIRECTION ( 'NONE',  ( -0.000000000000000000, -1.000000000000000000, -0.000000000000000000 ) ) ;
#300 = AXIS2_PLACEMENT_3D ( 'NONE', #1644, #151, #830 ) ;
#301 = CARTESIAN_POINT ( 'NONE',  ( -0.7767102390260162137, 0.000000000000000000, -1.913753373138245006 ) ) ;
#302 = DIRECTION ( 'NONE',  ( 8.659560562354830553E-17, 0.7071067811865561215, -0.7071067811865390240 ) ) ;
#303 = CARTESIAN_POINT ( 'NONE',  ( -0.5988900808087005423, 0.000000000000000000, -0.4805473453624286573 ) ) ;
#304 = CARTESIAN_POINT ( 'NONE',  ( 1.503287945928592384, 0.4000000000000000222, -0.4873565822114037660 ) ) ;
#305 = VECTOR ( 'NONE', #543, 1000.000000000000000 ) ;
#306 = FILL_AREA_STYLE_COLOUR ( '', #589 ) ;
#307 = CARTESIAN_POINT ( 'NONE',  ( 0.000000000000000000, 20.50000000000001066, 0.000000000000000000 ) ) ;
#308 = CARTESIAN_POINT ( 'NONE',  ( 1.502000853267044578, 0.000000000000000000, -0.3941109444270726181 ) ) ;
#309 = LINE ( 'NONE', #2215, #2358 ) ;
#310 = CARTESIAN_POINT ( 'NONE',  ( -1.323531217220214051, 0.4000000000000000222, -1.288817146833954874 ) ) ;
#311 = EDGE_CURVE ( 'NONE', #777, #2218, #392, .T. ) ;
#312 = EDGE_LOOP ( 'NONE', ( #2697, #1771, #1893, #1607 ) ) ;
#313 = CARTESIAN_POINT ( 'NONE',  ( -0.9584595345767751295, 0.000000000000000000, -1.799747567451671193 ) ) ;
#314 = CARTESIAN_POINT ( 'NONE',  ( -0.08603315640549663579, 0.4000000000000000222, -2.063393748209602307 ) ) ;
#315 = ORIENTED_EDGE ( 'NONE', *, *, #2638, .T. ) ;
#316 = EDGE_LOOP ( 'NONE', ( #992, #643, #853, #337 ) ) ;
#317 = CARTESIAN_POINT ( 'NONE',  ( -0.2625818224507435739, 0.000000000000000000, -1.305746499169352592 ) ) ;
#318 = CARTESIAN_POINT ( 'NONE',  ( 1.232104787064420615, 0.4000000000000000222, 2.135616197999692378 ) ) ;
#319 = CARTESIAN_POINT ( 'NONE',  ( 0.000000000000000000, 0.000000000000000000, 0.000000000000000000 ) ) ;
#320 = CARTESIAN_POINT ( 'NONE',  ( -0.8347250770551306598, 0.000000000000000000, 2.020873751968264909 ) ) ;
#321 = CARTESIAN_POINT ( 'NONE',  ( 1.243982465311853858, 0.4000000000000000222, 2.051838868718113051 ) ) ;
#322 = CARTESIAN_POINT ( 'NONE',  ( -0.6025411801437813297, 0.4000000000000000222, 2.185508027593683344 ) ) ;
#323 = DIRECTION ( 'NONE',  ( 0.000000000000000000, 0.000000000000000000, 1.000000000000000000 ) ) ;
#324 = ORIENTED_EDGE ( 'NONE', *, *, #2055, .T. ) ;
#325 = VECTOR ( 'NONE', #778, 1000.000000000000000 ) ;
#326 = CARTESIAN_POINT ( 'NONE',  ( -1.278224315200916505, 0.000000000000000000, -1.389272789281125631 ) ) ;
#327 = CARTESIAN_POINT ( 'NONE',  ( -0.03699867896784364563, 0.4000000000000000222, -2.063997714971405273 ) ) ;
#328 = CARTESIAN_POINT ( 'NONE',  ( -1.025705857673708143, 0.4000000000000000222, 1.823265710966915032 ) ) ;
#329 = ORIENTED_EDGE ( 'NONE', *, *, #260, .F. ) ;
#330 = CARTESIAN_POINT ( 'NONE',  ( -0.6079782922283495372, 0.4000000000000000222, -0.1680654089435257570 ) ) ;
#331 = CARTESIAN_POINT ( 'NONE',  ( 0.3759865754570058671, 0.4000000000000000222, 2.415842333026959832 ) ) ;
#332 = CARTESIAN_POINT ( 'NONE',  ( 0.6024521072262755128, 0.4000000000000000222, -0.7733474605935476420 ) ) ;
#333 = CARTESIAN_POINT ( 'NONE',  ( -0.6079782922283495372, 0.000000000000000000, -0.1680654089435257570 ) ) ;
#334 = CARTESIAN_POINT ( 'NONE',  ( 0.000000000000000000, 0.9999999999999974465, 0.000000000000000000 ) ) ;
#335 = DIRECTION ( 'NONE',  ( -0.000000000000000000, -1.000000000000000000, -0.000000000000000000 ) ) ;
#336 = CARTESIAN_POINT ( 'NONE',  ( -0.3344969722525695244, 0.000000000000000000, 1.434670729890240803 ) ) ;
#337 = ORIENTED_EDGE ( 'NONE', *, *, #1373, .T. ) ;
#338 = CARTESIAN_POINT ( 'NONE',  ( 1.114538375886968691, 0.000000000000000000, 1.575416304213618002 ) ) ;
#339 = CARTESIAN_POINT ( 'NONE',  ( -1.451141207157767399, 0.000000000000000000, -0.8240748681523288877 ) ) ;
#340 = CARTESIAN_POINT ( 'NONE',  ( -0.3263473260372625195, 0.4000000000000000222, 2.311808083039142758 ) ) ;
#341 = VERTEX_POINT ( 'NONE', #561 ) ;
#342 = CARTESIAN_POINT ( 'NONE',  ( -0.4613859042132769650, 0.000000000000000000, -0.08196822079208565537 ) ) ;
#343 = CARTESIAN_POINT ( 'NONE',  ( 0.8741369528315586779, 0.4000000000000000222, 2.360263565049336876 ) ) ;
#344 = EDGE_CURVE ( 'NONE', #2330, #756, #1161, .T. ) ;
#345 = CARTESIAN_POINT ( 'NONE',  ( 0.000000000000000000, 23.00000000000000000, -4.349999999999999645 ) ) ;
#346 = B_SPLINE_SURFACE_WITH_KNOTS ( 'NONE', 3, 1, ( 
 ( #1355, #710 ),
 ( #2029, #974 ),
 ( #1578, #279 ),
 ( #2241, #1564 ),
 ( #124, #920 ),
 ( #1778, #1590 ),
 ( #111, #2444 ),
 ( #1616, #531 ),
 ( #2432, #1129 ),
 ( #2420, #1827 ),
 ( #2255, #333 ) ),
 .UNSPECIFIED., .F., .F., .F.,
 ( 4, 1, 1, 1, 1, 1, 1, 1, 4 ),
 ( 2, 2 ),
 ( 0.000000000000000000, 0.1278977627129007644, 0.2553930448116963348, 0.3818167522283568149, 0.5093673519592030186, 0.6343318745508210732, 0.7600681874290994289, 0.8814159469638217503, 1.000000000000000000 ),
 ( 0.000000000000000000, 1.000000000000000000 ),
 .UNSPECIFIED. ) ;
#347 = CARTESIAN_POINT ( 'NONE',  ( 0.6024521072262755128, 0.000000000000000000, -0.7733474605935476420 ) ) ;
#348 = CARTESIAN_POINT ( 'NONE',  ( 1.140459432139450335, 0.4000000000000000222, 1.574464077945371132 ) ) ;
#349 = CARTESIAN_POINT ( 'NONE',  ( 1.224410471984811899, 0.4000000000000000222, 2.169516475875218120 ) ) ;
#350 = CARTESIAN_POINT ( 'NONE',  ( 1.466877308994473772, 0.4000000000000000222, -0.1280322677575854717 ) ) ;
#351 = CARTESIAN_POINT ( 'NONE',  ( -1.503946301828022802, 0.000000000000000000, 0.006928342931410495266 ) ) ;
#352 = VERTEX_POINT ( 'NONE', #1780 ) ;
#353 = B_SPLINE_SURFACE_WITH_KNOTS ( 'NONE', 3, 1, ( 
 ( #2700, #1234 ),
 ( #593, #2092 ),
 ( #797, #1023 ),
 ( #2752, #1460 ),
 ( #200, #1862 ),
 ( #144, #2509 ),
 ( #1876, #2314 ),
 ( #779, #187 ),
 ( #2726, #1035 ),
 ( #1223, #811 ),
 ( #1848, #396 ),
 ( #1248, #1050 ),
 ( #2106, #1890 ),
 ( #2739, #836 ),
 ( #1682, #2534 ),
 ( #2327, #407 ),
 ( #654, #493 ),
 ( #876, #1510 ),
 ( #225, #1975 ) ),
 .UNSPECIFIED., .F., .F., .F.,
 ( 4, 1, 1, 1, 1, 1, 1, 1, 1, 1, 1, 1, 1, 1, 1, 1, 4 ),
 ( 2, 2 ),
 ( 0.000000000000000000, 0.07748449289190531553, 0.1495159045480578264, 0.2166015471281309557, 0.2799855673285174262, 0.3400927611851063959, 0.3974145300729933772, 0.4532893925080114239, 0.5083873508585727841, 0.5634918468275667003, 0.6195490794626495878, 0.6769838554888166771, 0.7366519462640243043, 0.7988136362078912533, 0.8629434650515755978, 0.9298947301663228471, 1.000000000000000000 ),
 ( 0.000000000000000000, 1.000000000000000000 ),
 .UNSPECIFIED. ) ;
#354 = CARTESIAN_POINT ( 'NONE',  ( -0.5654261140078035153, 0.000000000000000000, -1.998157950467637667 ) ) ;
#355 = CARTESIAN_POINT ( 'NONE',  ( -0.03803086281240285887, 0.4000000000000000777, 0.04567234372806619480 ) ) ;
#356 = CARTESIAN_POINT ( 'NONE',  ( -1.481788252514526727, 0.000000000000000000, 0.5408426264245004278 ) ) ;
#357 = ORIENTED_EDGE ( 'NONE', *, *, #2005, .T. ) ;
#358 = CARTESIAN_POINT ( 'NONE',  ( 1.061947422593220391, 0.4000000000000000222, 2.305829105895909947 ) ) ;
#359 = EDGE_CURVE ( 'NONE', #883, #284, #1817, .T. ) ;
#360 = CARTESIAN_POINT ( 'NONE',  ( 0.3282550274411938918, -0.000000000000000000, 1.710798621552192200 ) ) ;
#361 = CARTESIAN_POINT ( 'NONE',  ( -0.004438797966525587398, 0.000000000000000000, 0.7317548996275882178 ) ) ;
#362 = CARTESIAN_POINT ( 'NONE',  ( 0.7585493644625721510, 0.000000000000000000, 2.383523067660129779 ) ) ;
#363 = AXIS2_PLACEMENT_3D ( 'NONE', #1046, #807, #2554 ) ;
#364 = DIRECTION ( 'NONE',  ( 0.000000000000000000, 0.000000000000000000, 1.000000000000000000 ) ) ;
#365 = CARTESIAN_POINT ( 'NONE',  ( -0.5390444443764870197, 0.4000000000000000222, 1.077155621029091792 ) ) ;
#366 = VERTEX_POINT ( 'NONE', #2627 ) ;
#367 = EDGE_CURVE ( 'NONE', #1740, #2481, #309, .T. ) ;
#368 = DIRECTION ( 'NONE',  ( 0.000000000000000000, 0.000000000000000000, 1.000000000000000000 ) ) ;
#369 = CARTESIAN_POINT ( 'NONE',  ( 0.8871906065285851684, 0.000000000000000000, -1.812515059092834946 ) ) ;
#370 = CARTESIAN_POINT ( 'NONE',  ( 0.2709903243320438970, 0.4000000000000000222, 0.7519017437704242912 ) ) ;
#371 = CARTESIAN_POINT ( 'NONE',  ( 0.7608425336782137505, 0.000000000000000000, -1.888418386310342534 ) ) ;
#372 = CARTESIAN_POINT ( 'NONE',  ( 0.7585493644625721510, 0.4000000000000000222, 2.383523067660129779 ) ) ;
#373 = CARTESIAN_POINT ( 'NONE',  ( 0.6517289156108295733, 0.000000000000000000, 1.694341658168746489 ) ) ;
#374 = CARTESIAN_POINT ( 'NONE',  ( 0.3102608232581833270, 0.000000000000000000, 2.414557920385136836 ) ) ;
#375 = CARTESIAN_POINT ( 'NONE',  ( 1.247955441942401711, 0.4000000000000000222, 1.935859470741420507 ) ) ;
#376 = FACE_OUTER_BOUND ( 'NONE', #453, .T. ) ;
#377 = B_SPLINE_SURFACE_WITH_KNOTS ( 'NONE', 3, 1, ( 
 ( #70, #1099 ),
 ( #917, #2623 ),
 ( #1996, #885 ),
 ( #708, #96 ),
 ( #1534, #1562 ),
 ( #2223, #2376 ),
 ( #2417, #500 ),
 ( #2391, #262 ),
 ( #55, #900 ),
 ( #2608, #1352 ),
 ( #84, #932 ),
 ( #1156, #957 ),
 ( #2676, #1628 ) ),
 .UNSPECIFIED., .F., .F., .F.,
 ( 4, 1, 1, 1, 1, 1, 1, 1, 1, 1, 4 ),
 ( 2, 2 ),
 ( 0.000000000000000000, 0.1544136590672380571, 0.2897209857846921865, 0.4102556161918405331, 0.5200035191313310268, 0.6255607156903014721, 0.7360461558620663425, 0.7948979087056879944, 0.8581539877996704480, 0.9262944990604367046, 1.000000000000000000 ),
 ( 0.000000000000000000, 1.000000000000000000 ),
 .UNSPECIFIED. ) ;
#378 = CARTESIAN_POINT ( 'NONE',  ( 0.5454723248101498445, 0.000000000000000000, -0.2217031191542681301 ) ) ;
#379 = CARTESIAN_POINT ( 'NONE',  ( -0.4926273976488560469, 0.4000000000000000222, -1.035842335792178881 ) ) ;
#380 = EDGE_CURVE ( 'NONE', #1673, #2481, #2270, .T. ) ;
#381 = CARTESIAN_POINT ( 'NONE',  ( 1.449138002303328232, 0.4000000000000000222, -1.000979571404635671 ) ) ;
#382 = CARTESIAN_POINT ( 'NONE',  ( 0.05199814341426693687, 0.000000000000000000, 0.04792687908496692795 ) ) ;
#383 = CARTESIAN_POINT ( 'NONE',  ( 1.449138002303328232, 0.4000000000000000222, -1.000979571404635671 ) ) ;
#384 = EDGE_LOOP ( 'NONE', ( #1134, #1005, #743, #2506 ) ) ;
#385 = CARTESIAN_POINT ( 'NONE',  ( 1.200606075108257897, 0.000000000000000000, -1.524449076996165164 ) ) ;
#386 = CARTESIAN_POINT ( 'NONE',  ( 0.1222607413952057076, 0.4000000000000000222, 1.690608049977929461 ) ) ;
#387 = CARTESIAN_POINT ( 'NONE',  ( 0.6079782922283495372, 0.4000000000000000222, -0.6240491281147878544 ) ) ;
#388 = CARTESIAN_POINT ( 'NONE',  ( 1.345878635049035710, 0.4000000000000000222, 0.2168669628720387710 ) ) ;
#389 = DIRECTION ( 'NONE',  ( 0.000000000000000000, 0.7071067811865561215, 0.7071067811865390240 ) ) ;
#390 = CARTESIAN_POINT ( 'NONE',  ( 0.6070473581683160091, -0.000000000000000000, -0.5722690392445445307 ) ) ;
#391 = CARTESIAN_POINT ( 'NONE',  ( 0.000000000000000000, 20.00000000000000000, 0.000000000000000000 ) ) ;
#392 = B_SPLINE_CURVE_WITH_KNOTS ( 'NONE', 3,
 ( #1580, #1566, #2002, #2017, #2422, #1592, #2434, #1374, #2045, #505, #2474, #2243, #2459, #1792, #1806, #322, #518, #547, #1357, #2448, #1176, #2643, #2230 ),
 .UNSPECIFIED., .F., .F.,
 ( 4, 1, 1, 1, 1, 1, 1, 1, 1, 1, 1, 1, 1, 1, 1, 1, 1, 1, 1, 1, 4 ),
 ( 0.000000000000000000, 0.07457216931171280205, 0.1527554161514170228, 0.2323580946276342096, 0.3117290717927148069, 0.3512783660292334575, 0.3910143221912320000, 0.4301729294757697941, 0.4696691757824080216, 0.5091570943790160175, 0.5481579094544309916, 0.5871629406062947032, 0.6267132742870554774, 0.6669274303848016228, 0.7080523408140582120, 0.7506290821716646855, 0.7948772074630301443, 0.8413201872468037967, 0.8909758532619587168, 0.9434766307800890317, 1.000000000000000000 ),
 .UNSPECIFIED. ) ;
#393 = CARTESIAN_POINT ( 'NONE',  ( 0.9508079546018827211, 0.000000000000000000, 1.620318847936864870 ) ) ;
#394 = UNCERTAINTY_MEASURE_WITH_UNIT (LENGTH_MEASURE( 1.000000000000000082E-05 ), #1055, 'distance_accuracy_value', 'NONE');
#395 = ADVANCED_FACE ( 'NONE', ( #1146 ), #750, .F. ) ;
#396 = CARTESIAN_POINT ( 'NONE',  ( 1.287587279310891564, -5.421010862427522170E-17, 0.3159249181412370211 ) ) ;
#397 = DIRECTION ( 'NONE',  ( 0.000000000000000000, -1.000000000000000000, 0.000000000000000000 ) ) ;
#398 = CARTESIAN_POINT ( 'NONE',  ( 0.5055729100283093969, 0.000000000000000000, 2.413581034269868919 ) ) ;
#399 = EDGE_LOOP ( 'NONE', ( #1221, #596, #68, #581 ) ) ;
#400 = CARTESIAN_POINT ( 'NONE',  ( -0.03699867896784364563, 0.000000000000000000, -2.063997714971405273 ) ) ;
#401 = DIRECTION ( 'NONE',  ( 0.000000000000000000, 1.000000000000000000, -0.000000000000000000 ) ) ;
#402 = CARTESIAN_POINT ( 'NONE',  ( 0.6060977268776693849, -0.000000000000000000, -0.6748554747840538326 ) ) ;
#403 = CARTESIAN_POINT ( 'NONE',  ( -0.03803086281240285887, 0.000000000000000000, 0.04567234372806619480 ) ) ;
#404 = CARTESIAN_POINT ( 'NONE',  ( -0.3263473260372625195, 0.4000000000000000222, 2.311808083039142758 ) ) ;
#405 = CARTESIAN_POINT ( 'NONE',  ( 1.129959654963873295, 0.4000000000000000222, 1.573872395434410043 ) ) ;
#406 = CARTESIAN_POINT ( 'NONE',  ( 1.350378927346777447, 0.4000000000000000222, -1.281096199951931247 ) ) ;
#407 = CARTESIAN_POINT ( 'NONE',  ( 1.488751558957687182, -5.421010862427522170E-17, -0.2577526505612160457 ) ) ;
#408 = CARTESIAN_POINT ( 'NONE',  ( -0.2145402931608147712, 0.000000000000000000, 0.01401564182741386715 ) ) ;
#409 = CARTESIAN_POINT ( 'NONE',  ( 0.8871906065285851684, 0.4000000000000000222, -1.812515059092834946 ) ) ;
#410 = EDGE_LOOP ( 'NONE', ( #1194, #1394, #39, #423, #495, #1336, #688, #702, #1199 ) ) ;
#411 = CARTESIAN_POINT ( 'NONE',  ( -1.408337951277264022, 0.000000000000000000, -1.029262264355934597 ) ) ;
#412 = EDGE_CURVE ( 'NONE', #2134, #2342, #2660, .T. ) ;
#413 = DIRECTION ( 'NONE',  ( -0.000000000000000000, -1.000000000000000000, -0.000000000000000000 ) ) ;
#414 = CARTESIAN_POINT ( 'NONE',  ( 0.2232624183212995050, 0.4000000000000000222, 0.7512031024937428914 ) ) ;
#415 = B_SPLINE_CURVE_WITH_KNOTS ( 'NONE', 3,
 ( #2306, #1277, #2135, #1067, #1922, #272, #245, #1530, #1123, #2163, #23, #1096, #1950, #1785, #660, #1937, #51, #690, #1349 ),
 .UNSPECIFIED., .F., .F.,
 ( 4, 1, 1, 1, 1, 1, 1, 1, 1, 1, 1, 1, 1, 1, 1, 1, 4 ),
 ( 0.000000000000000000, 0.1094018186076292504, 0.2090502662862994132, 0.2996788401740699825, 0.3815062785036228421, 0.4554317817413853775, 0.5216111909853869966, 0.5818546827334303284, 0.6360851578732600320, 0.6856198147158454326, 0.7313716430393515378, 0.7752631713724227325, 0.8175316949613726791, 0.8601175312088524816, 0.9045645772747391566, 0.9511628626747796744, 1.000000000000000000 ),
 .UNSPECIFIED. ) ;
#416 = CARTESIAN_POINT ( 'NONE',  ( 0.3759865754570058671, 0.4000000000000000222, 2.415842333026959832 ) ) ;
#417 = CARTESIAN_POINT ( 'NONE',  ( 0.9508079546018827211, 0.4000000000000000222, 1.620318847936864870 ) ) ;
#418 = CARTESIAN_POINT ( 'NONE',  ( 1.481478336062664880, 0.4000000000000000222, -0.8508811246071331658 ) ) ;
#419 = CARTESIAN_POINT ( 'NONE',  ( -0.5935809322443547087, 0.000000000000000000, 0.8599366933797908397 ) ) ;
#420 = CARTESIAN_POINT ( 'NONE',  ( -0.03699867896784364563, 0.4000000000000000222, -2.063997714971405273 ) ) ;
#421 = CARTESIAN_POINT ( 'NONE',  ( 0.3237066154362601700, 0.4000000000000000222, 0.7507712371887075298 ) ) ;
#422 = CARTESIAN_POINT ( 'NONE',  ( 0.4190163551453530144, -0.000000000000000000, 2.415091457653803619 ) ) ;
#423 = ORIENTED_EDGE ( 'NONE', *, *, #1144, .F. ) ;
#424 = AXIS2_PLACEMENT_3D ( 'NONE', #1490, #401, #1895 ) ;
#425 = DIRECTION ( 'NONE',  ( 0.000000000000000000, 0.000000000000000000, -1.000000000000000000 ) ) ;
#426 = CARTESIAN_POINT ( 'NONE',  ( 0.1241874017706365019, 0.4000000000000000222, 0.04607979732328072731 ) ) ;
#427 = CARTESIAN_POINT ( 'NONE',  ( 1.466877308994473772, 0.000000000000000000, -0.1280322677575854717 ) ) ;
#428 = EDGE_CURVE ( 'NONE', #1833, #1938, #922, .T. ) ;
#429 = CARTESIAN_POINT ( 'NONE',  ( 1.449138002303328232, 0.4000000000000000222, -1.000979571404635671 ) ) ;
#430 = VECTOR ( 'NONE', #615, 1000.000000000000000 ) ;
#431 = CARTESIAN_POINT ( 'NONE',  ( -0.6075787057417099124, 0.000000000000000000, -0.3291687566522367714 ) ) ;
#432 = CARTESIAN_POINT ( 'NONE',  ( 1.500777939277243567, 0.4000000000000000222, -0.6948893711303837373 ) ) ;
#433 = CARTESIAN_POINT ( 'NONE',  ( -0.4543382057166248100, 0.4000000000000000222, 0.5946966549969864291 ) ) ;
#434 =( NAMED_UNIT ( * ) SI_UNIT ( $, .STERADIAN. ) SOLID_ANGLE_UNIT ( ) );
#435 = CARTESIAN_POINT ( 'NONE',  ( 0.3744299140773779122, 0.000000000000000000, -1.243119070397243009 ) ) ;
#436 = EDGE_CURVE ( 'NONE', #676, #2371, #1278, .T. ) ;
#437 = CARTESIAN_POINT ( 'NONE',  ( 0.2097000363139861212, 0.000000000000000000, -1.330762251780983840 ) ) ;
#438 = VERTEX_POINT ( 'NONE', #2088 ) ;
#439 = CARTESIAN_POINT ( 'NONE',  ( 1.396677557903621247, 0.000000000000000000, 0.1104029721706967226 ) ) ;
#440 = CARTESIAN_POINT ( 'NONE',  ( 2.565151067676131547, 20.00000000000000000, 1.649999999999999911 ) ) ;
#441 = VECTOR ( 'NONE', #1089, 1000.000000000000000 ) ;
#442 = CARTESIAN_POINT ( 'NONE',  ( -0.6249776852676289796, 0.000000000000000000, 0.4989107767740881827 ) ) ;
#443 = CYLINDRICAL_SURFACE ( 'NONE', #1016, 3.049999999999999822 ) ;
#444 = EDGE_CURVE ( 'NONE', #2203, #1542, #1232, .T. ) ;
#445 = CARTESIAN_POINT ( 'NONE',  ( 0.3719867182712931486, 0.4000000000000000222, 1.711867468341502718 ) ) ;
#446 = DIRECTION ( 'NONE',  ( 0.000000000000000000, 0.000000000000000000, -1.000000000000000000 ) ) ;
#447 = CARTESIAN_POINT ( 'NONE',  ( 1.200606075108257897, 0.4000000000000000222, -1.524449076996165164 ) ) ;
#448 = B_SPLINE_CURVE_WITH_KNOTS ( 'NONE', 3,
 ( #1382, #2025, #108, #1064, #2558, #1485, #2131, #1709, #2740, #2119, #120, #213, #1919, #188, #1249, #1036, #1261, #970, #1274 ),
 .UNSPECIFIED., .F., .F.,
 ( 4, 1, 1, 1, 1, 1, 1, 1, 1, 1, 1, 1, 1, 1, 1, 1, 4 ),
 ( 0.000000000000000000, 0.1094018186076292504, 0.2090502662862994132, 0.2996788401740699825, 0.3815062785036228421, 0.4554317817413853775, 0.5216111909853869966, 0.5818546827334303284, 0.6360851578732600320, 0.6856198147158454326, 0.7313716430393515378, 0.7752631713724227325, 0.8175316949613726791, 0.8601175312088524816, 0.9045645772747391566, 0.9511628626747796744, 1.000000000000000000 ),
 .UNSPECIFIED. ) ;
#449 = CARTESIAN_POINT ( 'NONE',  ( 0.1925791114706614515, 0.000000000000000000, 0.03840393688048595461 ) ) ;
#450 = CARTESIAN_POINT ( 'NONE',  ( 1.243838347766409447, 0.000000000000000000, 1.761757058553578892 ) ) ;
#451 = CARTESIAN_POINT ( 'NONE',  ( 0.4254292137871495405, 0.4000000000000000222, 0.7485897850315808011 ) ) ;
#452 = CARTESIAN_POINT ( 'NONE',  ( 0.03105395711206300827, 0.000000000000000000, -1.359666204481757346 ) ) ;
#453 = EDGE_LOOP ( 'NONE', ( #2590, #115, #1167, #1499 ) ) ;
#454 = AXIS2_PLACEMENT_3D ( 'NONE', #1770, #1513, #2370 ) ;
#455 = CARTESIAN_POINT ( 'NONE',  ( -0.4543382057166248100, 0.000000000000000000, 0.5946966549969864291 ) ) ;
#456 = CARTESIAN_POINT ( 'NONE',  ( 0.6079782922283495372, 0.4000000000000000222, -0.6240491281147878544 ) ) ;
#457 = ORIENTED_EDGE ( 'NONE', *, *, #2581, .F. ) ;
#458 = LINE ( 'NONE', #842, #1859 ) ;
#459 = CARTESIAN_POINT ( 'NONE',  ( 1.503946301828022580, 0.000000000000000000, -0.5350523057326774801 ) ) ;
#460 = CIRCLE ( 'NONE', #814, 4.349999999999999645 ) ;
#461 = CARTESIAN_POINT ( 'NONE',  ( -0.1803705875473952669, 0.000000000000000000, 1.566422035519254186 ) ) ;
#462 = CARTESIAN_POINT ( 'NONE',  ( 0.006999750074997493354, 0.4000000000000000222, -1.360022850285947715 ) ) ;
#463 = CARTESIAN_POINT ( 'NONE',  ( 0.3744299140773779122, 0.4000000000000000222, -1.243119070397243009 ) ) ;
#464 = CARTESIAN_POINT ( 'NONE',  ( 1.500777939277243567, 0.000000000000000000, -0.6948893711303837373 ) ) ;
#465 = CARTESIAN_POINT ( 'NONE',  ( 0.5180383958611499695, 0.000000000000000000, 1.709609050012152354 ) ) ;
#466 = CARTESIAN_POINT ( 'NONE',  ( 1.238161995339051691, 0.4000000000000000222, 1.697535944902550220 ) ) ;
#467 = CARTESIAN_POINT ( 'NONE',  ( 0.03105395711206300827, 0.4000000000000000222, -1.359666204481757346 ) ) ;
#468 = EDGE_CURVE ( 'NONE', #979, #1532, #533, .T. ) ;
#469 = ORIENTED_EDGE ( 'NONE', *, *, #57, .F. ) ;
#470 = CARTESIAN_POINT ( 'NONE',  ( 1.135984988793994788, 0.000000000000000000, 0.4838349434459537912 ) ) ;
#471 = CARTESIAN_POINT ( 'NONE',  ( 1.195137459543802239, 0.000000000000000000, 2.227186074266369165 ) ) ;
#472 = ORIENTED_EDGE ( 'NONE', *, *, #2331, .F. ) ;
#473 = CARTESIAN_POINT ( 'NONE',  ( 0.07668247697382128691, 0.4000000000000000222, 0.04729528951949234922 ) ) ;
#474 = CARTESIAN_POINT ( 'NONE',  ( -0.1301818870523685223, 0.000000000000000000, 0.7066014722997454589 ) ) ;
#475 = CARTESIAN_POINT ( 'NONE',  ( 0.3129311139769925254, 0.4000000000000000222, -2.037608386554000006 ) ) ;
#476 = FACE_OUTER_BOUND ( 'NONE', #24, .T. ) ;
#477 = CARTESIAN_POINT ( 'NONE',  ( 1.247955441942401933, 0.4000000000000000222, 1.935859470741420729 ) ) ;
#478 = CARTESIAN_POINT ( 'NONE',  ( 0.05199814341426693687, 0.000000000000000000, 0.04792687908496692795 ) ) ;
#479 = CARTESIAN_POINT ( 'NONE',  ( 1.114538375886968691, -0.000000000000000000, 1.575416304213618002 ) ) ;
#480 = CARTESIAN_POINT ( 'NONE',  ( 0.07668247697382128691, 0.4000000000000000222, 0.04729528951949234922 ) ) ;
#481 = FACE_OUTER_BOUND ( 'NONE', #1528, .T. ) ;
#482 = ORIENTED_EDGE ( 'NONE', *, *, #2351, .T. ) ;
#483 = ADVANCED_FACE ( 'NONE', ( #574 ), #2318, .T. ) ;
#484 = CARTESIAN_POINT ( 'NONE',  ( 0.2232624183212995050, 0.000000000000000000, 0.7512031024937428914 ) ) ;
#485 = CARTESIAN_POINT ( 'NONE',  ( 0.8741369528315586779, 0.4000000000000000222, 2.360263565049336876 ) ) ;
#486 = ORIENTED_EDGE ( 'NONE', *, *, #344, .F. ) ;
#487 = CARTESIAN_POINT ( 'NONE',  ( -0.03699867896784364563, 0.4000000000000000222, -2.063997714971405273 ) ) ;
#488 = CARTESIAN_POINT ( 'NONE',  ( -0.004438797966525587398, -5.421010862427522170E-17, 0.7317548996275882178 ) ) ;
#489 = CARTESIAN_POINT ( 'NONE',  ( -0.1803705875473952669, 0.4000000000000000222, 1.566422035519254186 ) ) ;
#490 = CARTESIAN_POINT ( 'NONE',  ( -1.105916684414767204, 0.000000000000000000, 1.712473838393966608 ) ) ;
#491 = CARTESIAN_POINT ( 'NONE',  ( 0.9431666891824916910, 0.000000000000000000, 0.6135807768843812848 ) ) ;
#492 = CARTESIAN_POINT ( 'NONE',  ( -0.6249776852676289796, 0.4000000000000000222, 0.4989107767740881827 ) ) ;
#493 = CARTESIAN_POINT ( 'NONE',  ( 1.502000853267044578, -5.421010862427522170E-17, -0.3941109444270726181 ) ) ;
#494 = CARTESIAN_POINT ( 'NONE',  ( 1.114538375886968691, -0.000000000000000000, 1.575416304213618002 ) ) ;
#495 = ORIENTED_EDGE ( 'NONE', *, *, #412, .F. ) ;
#496 = DIRECTION ( 'NONE',  ( 0.000000000000000000, 1.000000000000000000, 0.000000000000000000 ) ) ;
#497 = FACE_OUTER_BOUND ( 'NONE', #2755, .T. ) ;
#498 = ORIENTED_EDGE ( 'NONE', *, *, #2461, .F. ) ;
#499 = CARTESIAN_POINT ( 'NONE',  ( -0.5876121774117509799, 0.000000000000000000, -0.6177389277038214388 ) ) ;
#500 = CARTESIAN_POINT ( 'NONE',  ( 0.4109423878409573794, 5.421010862427522170E-17, -0.04472169061336859347 ) ) ;
#501 = EDGE_CURVE ( 'NONE', #1728, #2203, #1668, .T. ) ;
#502 = CARTESIAN_POINT ( 'NONE',  ( -0.4999805361427954176, 0.4000000000000000222, 1.176659284240900050 ) ) ;
#503 = CARTESIAN_POINT ( 'NONE',  ( -1.237667994902035717, 0.4000000000000000222, 1.471639768266399306 ) ) ;
#504 = CARTESIAN_POINT ( 'NONE',  ( -0.6079782922283495372, 0.000000000000000000, -0.1680654089435257570 ) ) ;
#505 = CARTESIAN_POINT ( 'NONE',  ( -1.176578319697092256, 0.4000000000000000222, 1.594730675415472421 ) ) ;
#506 = FACE_OUTER_BOUND ( 'NONE', #399, .T. ) ;
#507 = CARTESIAN_POINT ( 'NONE',  ( 0.5719598162604015990, 0.4000000000000000222, 0.7313602869893901515 ) ) ;
#508 = ORIENTED_EDGE ( 'NONE', *, *, #764, .F. ) ;
#509 = LINE ( 'NONE', #940, #679 ) ;
#510 = CARTESIAN_POINT ( 'NONE',  ( 0.9773793055942721075, 0.4000000000000000222, 2.336210608206833239 ) ) ;
#511 = EDGE_LOOP ( 'NONE', ( #1322, #2648, #2164, #1407 ) ) ;
#512 = CARTESIAN_POINT ( 'NONE',  ( 0.006999750074997493354, 0.000000000000000000, -1.360022850285947715 ) ) ;
#513 = CARTESIAN_POINT ( 'NONE',  ( 0.2709903243320438970, -5.421010862427522170E-17, 0.7519017437704242912 ) ) ;
#514 = CARTESIAN_POINT ( 'NONE',  ( 0.1460056663217687567, 0.000000000000000000, -1.347146954702015398 ) ) ;
#515 = EDGE_CURVE ( 'NONE', #132, #576, #2207, .T. ) ;
#516 = CARTESIAN_POINT ( 'NONE',  ( -1.341217941399238889, 0.000000000000000000, 1.216526694009389731 ) ) ;
#517 = CARTESIAN_POINT ( 'NONE',  ( 1.210196830143370095, 0.4000000000000000222, 2.198795047959698046 ) ) ;
#518 = CARTESIAN_POINT ( 'NONE',  ( -0.4701942148146541212, 0.4000000000000000222, 2.253794212860282808 ) ) ;
#519 = CARTESIAN_POINT ( 'NONE',  ( -1.278224315200916505, 0.4000000000000000222, -1.389272789281125631 ) ) ;
#520 = ORIENTED_EDGE ( 'NONE', *, *, #1830, .F. ) ;
#521 = CARTESIAN_POINT ( 'NONE',  ( -0.4467774825210681366, 0.000000000000000000, -2.028483091765266533 ) ) ;
#522 = CIRCLE ( 'NONE', #300, 3.049999999999999822 ) ;
#523 = FACE_OUTER_BOUND ( 'NONE', #1711, .T. ) ;
#524 = CARTESIAN_POINT ( 'NONE',  ( -1.502703470600414315, 0.000000000000000000, 0.09361552242279350122 ) ) ;
#525 = EDGE_LOOP ( 'NONE', ( #1808, #2512 ) ) ;
#526 = CARTESIAN_POINT ( 'NONE',  ( -0.6079782922283495372, 0.4000000000000000222, -0.1680654089435257570 ) ) ;
#527 = CARTESIAN_POINT ( 'NONE',  ( -1.038057419247566004, 0.4000000000000000222, -1.731603056397593265 ) ) ;
#528 = CONICAL_SURFACE ( 'NONE', #656, 5.049999999999999822, 0.7853981633974504994 ) ;
#529 = B_SPLINE_CURVE_WITH_KNOTS ( 'NONE', 3,
 ( #1117, #32, #2570, #1075, #875, #1974, #1344, #1509, #1735, #639, #1960, #2599, #15, #2170, #2200, #224, #2586, #860, #1988, #1496, #669, #2613, #698 ),
 .UNSPECIFIED., .F., .F.,
 ( 4, 1, 1, 1, 1, 1, 1, 1, 1, 1, 1, 1, 1, 1, 1, 1, 1, 1, 1, 1, 4 ),
 ( 0.000000000000000000, 0.07457216931171280205, 0.1527554161514170228, 0.2323580946276342096, 0.3117290717927148069, 0.3512783660292334575, 0.3910143221912320000, 0.4301729294757697941, 0.4696691757824080216, 0.5091570943790160175, 0.5481579094544309916, 0.5871629406062947032, 0.6267132742870554774, 0.6669274303848016228, 0.7080523408140582120, 0.7506290821716646855, 0.7948772074630301443, 0.8413201872468037967, 0.8909758532619587168, 0.9434766307800890317, 1.000000000000000000 ),
 .UNSPECIFIED. ) ;
#530 = CARTESIAN_POINT ( 'NONE',  ( -0.03699867896784364563, 0.4000000000000000222, -2.063997714971405273 ) ) ;
#531 = CARTESIAN_POINT ( 'NONE',  ( -0.4613859042132769650, 0.000000000000000000, -0.08196822079208565537 ) ) ;
#532 = CARTESIAN_POINT ( 'NONE',  ( 0.4254292137871495405, 0.000000000000000000, 0.7485897850315808011 ) ) ;
#533 = B_SPLINE_CURVE_WITH_KNOTS ( 'NONE', 3,
 ( #405, #1873, #791, #2071, #417, #2503, #2749, #198, #988, #833, #1444 ),
 .UNSPECIFIED., .F., .F.,
 ( 4, 1, 1, 1, 1, 1, 1, 1, 4 ),
 ( 0.000000000000000000, 0.05991645637863888402, 0.1376268791843416051, 0.2340214522537862607, 0.3475933569376453147, 0.4794748474632622437, 0.6307013383730877276, 0.8035719909920919779, 1.000000000000000000 ),
 .UNSPECIFIED. ) ;
#534 = CARTESIAN_POINT ( 'NONE',  ( -0.03699867896784364563, 0.000000000000000000, -2.063997714971405273 ) ) ;
#535 = VECTOR ( 'NONE', #389, 1000.000000000000000 ) ;
#536 = CARTESIAN_POINT ( 'NONE',  ( -1.484723300687193825, 0.000000000000000000, -0.5629300972360993249 ) ) ;
#537 = ORIENTED_EDGE ( 'NONE', *, *, #802, .T. ) ;
#538 = CARTESIAN_POINT ( 'NONE',  ( 0.07668247697382128691, -0.000000000000000000, 0.04729528951949234922 ) ) ;
#539 = CARTESIAN_POINT ( 'NONE',  ( -1.278224315200916505, 0.4000000000000000222, -1.389272789281125631 ) ) ;
#540 = CARTESIAN_POINT ( 'NONE',  ( -1.176578319697092256, 0.000000000000000000, 1.594730675415472421 ) ) ;
#541 = ORIENTED_EDGE ( 'NONE', *, *, #2617, .T. ) ;
#542 = CARTESIAN_POINT ( 'NONE',  ( -1.500159207892424851, 0.4000000000000000222, -0.2835876764422250451 ) ) ;
#543 = DIRECTION ( 'NONE',  ( -0.000000000000000000, -1.000000000000000000, -0.000000000000000000 ) ) ;
#544 = CARTESIAN_POINT ( 'NONE',  ( 0.5253735471882956531, 0.000000000000000000, -1.040714663396445694 ) ) ;
#545 = CARTESIAN_POINT ( 'NONE',  ( -0.1701260788451311734, 0.4000000000000000222, 2.359859555126500030 ) ) ;
#546 = CARTESIAN_POINT ( 'NONE',  ( 0.8741369528315586779, 0.000000000000000000, 2.360263565049336876 ) ) ;
#547 = CARTESIAN_POINT ( 'NONE',  ( -0.3263473260372625195, 0.4000000000000000222, 2.311808083039142758 ) ) ;
#548 = CARTESIAN_POINT ( 'NONE',  ( -0.2612329217334238285, 0.4000000000000000222, 1.504056535216019785 ) ) ;
#549 = ORIENTED_EDGE ( 'NONE', *, *, #602, .T. ) ;
#550 = CIRCLE ( 'NONE', #1038, 5.049999999999999822 ) ;
#551 = CARTESIAN_POINT ( 'NONE',  ( -1.323531217220214051, 0.000000000000000000, -1.288817146833954874 ) ) ;
#552 = EDGE_CURVE ( 'NONE', #352, #883, #2563, .T. ) ;
#553 = CARTESIAN_POINT ( 'NONE',  ( -1.408337951277264022, 0.000000000000000000, -1.029262264355934597 ) ) ;
#554 = CARTESIAN_POINT ( 'NONE',  ( -1.237667994902035717, 0.000000000000000000, 1.471639768266399306 ) ) ;
#555 = EDGE_LOOP ( 'NONE', ( #2065, #2389, #1304, #2656 ) ) ;
#556 = CARTESIAN_POINT ( 'NONE',  ( 0.1460056663217687567, 0.000000000000000000, -1.347146954702015398 ) ) ;
#557 = CARTESIAN_POINT ( 'NONE',  ( 1.481478336062664880, 0.000000000000000000, -0.8508811246071331658 ) ) ;
#558 = CARTESIAN_POINT ( 'NONE',  ( -0.2014086299560709503, 0.4000000000000000222, -1.329236919061376643 ) ) ;
#559 = CARTESIAN_POINT ( 'NONE',  ( 1.247831955353091882, 0.000000000000000000, 1.842802685295847676 ) ) ;
#560 = CARTESIAN_POINT ( 'NONE',  ( 0.6339983622819967968, 0.000000000000000000, 2.400794134260629153 ) ) ;
#561 = CARTESIAN_POINT ( 'NONE',  ( 0.2709903243320438970, -5.421010862427522170E-17, 0.7519017437704242912 ) ) ;
#562 = CARTESIAN_POINT ( 'NONE',  ( -1.038057419247566004, 0.4000000000000000222, -1.731603056397593265 ) ) ;
#563 = VERTEX_POINT ( 'NONE', #462 ) ;
#564 = LINE ( 'NONE', #1391, #1263 ) ;
#565 = CARTESIAN_POINT ( 'NONE',  ( -0.1269580112815559825, 0.000000000000000000, 0.03303627232582422024 ) ) ;
#566 = ORIENTED_EDGE ( 'NONE', *, *, #749, .F. ) ;
#567 = VERTEX_POINT ( 'NONE', #1912 ) ;
#568 = ADVANCED_FACE ( 'NONE', ( #1550 ), #845, .T. ) ;
#569 = CARTESIAN_POINT ( 'NONE',  ( 0.4190163551453530144, 0.4000000000000000222, 2.415091457653803619 ) ) ;
#570 = B_SPLINE_SURFACE_WITH_KNOTS ( 'NONE', 3, 1, ( 
 ( #330, #1600 ),
 ( #1574, #1812 ),
 ( #693, #707 ),
 ( #2222, #303 ),
 ( #2402, #499 ),
 ( #2607, #2194 ),
 ( #2622, #931 ),
 ( #1339, #289 ),
 ( #275, #83 ),
 ( #1351, #1155 ),
 ( #721, #2038 ),
 ( #2209, #2441 ),
 ( #2012, #1139 ),
 ( #95, #317 ),
 ( #1775, #899 ),
 ( #1995, #944 ),
 ( #956, #1169 ),
 ( #2429, #1125 ),
 ( #1561, #512 ) ),
 .UNSPECIFIED., .F., .F., .F.,
 ( 4, 1, 1, 1, 1, 1, 1, 1, 1, 1, 1, 1, 1, 1, 1, 1, 4 ),
 ( 2, 2 ),
 ( 0.000000000000000000, 0.1094018186076292504, 0.2090502662862994132, 0.2996788401740699825, 0.3815062785036228421, 0.4554317817413853775, 0.5216111909853869966, 0.5818546827334303284, 0.6360851578732600320, 0.6856198147158454326, 0.7313716430393515378, 0.7752631713724227325, 0.8175316949613726791, 0.8601175312088524816, 0.9045645772747391566, 0.9511628626747796744, 1.000000000000000000 ),
 ( 0.000000000000000000, 1.000000000000000000 ),
 .UNSPECIFIED. ) ;
#571 = CARTESIAN_POINT ( 'NONE',  ( 0.3744299140773779122, 0.000000000000000000, -1.243119070397243009 ) ) ;
#572 = CARTESIAN_POINT ( 'NONE',  ( -0.5437556030265793261, 0.000000000000000000, 0.5484740700599507468 ) ) ;
#573 = CARTESIAN_POINT ( 'NONE',  ( 1.247955441942401933, 0.4000000000000000222, 1.935859470741420729 ) ) ;
#574 = FACE_OUTER_BOUND ( 'NONE', #312, .T. ) ;
#575 = CARTESIAN_POINT ( 'NONE',  ( -0.6214437569090350832, 0.4000000000000000222, 0.6231207840953331134 ) ) ;
#576 = VERTEX_POINT ( 'NONE', #637 ) ;
#577 = CARTESIAN_POINT ( 'NONE',  ( -0.6079782922283495372, 0.000000000000000000, -0.1680654089435257570 ) ) ;
#578 = CARTESIAN_POINT ( 'NONE',  ( 1.350378927346777447, 0.000000000000000000, -1.281096199951931247 ) ) ;
#579 = CARTESIAN_POINT ( 'NONE',  ( -0.5369248257273104841, 0.4000000000000000777, -0.1228937636899803398 ) ) ;
#580 = ORIENTED_EDGE ( 'NONE', *, *, #704, .T. ) ;
#581 = ORIENTED_EDGE ( 'NONE', *, *, #436, .F. ) ;
#582 = CARTESIAN_POINT ( 'NONE',  ( -1.362540456492543628, 0.4000000000000000222, -1.181773637004406519 ) ) ;
#583 = B_SPLINE_CURVE_WITH_KNOTS ( 'NONE', 3,
 ( #1800, #2661, #2649, #2454, #732, #1395, #1185, #1587, #1546, #1982, #526 ),
 .UNSPECIFIED., .F., .F.,
 ( 4, 1, 1, 1, 1, 1, 1, 1, 4 ),
 ( 0.000000000000000000, 0.1278977627129007644, 0.2553930448116963348, 0.3818167522283568149, 0.5093673519592030186, 0.6343318745508210732, 0.7600681874290994289, 0.8814159469638217503, 1.000000000000000000 ),
 .UNSPECIFIED. ) ;
#584 = CARTESIAN_POINT ( 'NONE',  ( -0.6237820220164705942, 0.4000000000000000222, 0.5409357773146262760 ) ) ;
#585 = CARTESIAN_POINT ( 'NONE',  ( 0.000000000000000000, 0.9999999999999974465, -5.049999999999999822 ) ) ;
#586 = CARTESIAN_POINT ( 'NONE',  ( -0.5988152959186748836, 0.4000000000000000222, 0.5148755752695618471 ) ) ;
#587 = EDGE_CURVE ( 'NONE', #246, #567, #1372, .T. ) ;
#588 = CARTESIAN_POINT ( 'NONE',  ( 0.8741369528315586779, 0.4000000000000000222, 2.360263565049336876 ) ) ;
#589 = COLOUR_RGB ( '',0.7921568627450980005, 0.8196078431372548767, 0.9333333333333333481 ) ;
#590 = CARTESIAN_POINT ( 'NONE',  ( -0.5708391890055269924, 0.000000000000000000, -0.7413035738708250166 ) ) ;
#591 = ORIENTED_EDGE ( 'NONE', *, *, #1881, .F. ) ;
#592 = CARTESIAN_POINT ( 'NONE',  ( 1.405403717743610503, 0.4000000000000000222, -1.144625209184517933 ) ) ;
#593 = CARTESIAN_POINT ( 'NONE',  ( 0.3237066154362601700, 0.4000000000000000222, 0.7507712371887075298 ) ) ;
#594 = DIRECTION ( 'NONE',  ( 0.000000000000000000, 0.000000000000000000, 1.000000000000000000 ) ) ;
#595 = CARTESIAN_POINT ( 'NONE',  ( 0.2097000363139861212, 0.4000000000000000222, -1.330762251780983840 ) ) ;
#596 = ORIENTED_EDGE ( 'NONE', *, *, #939, .F. ) ;
#597 = CARTESIAN_POINT ( 'NONE',  ( 1.203367803595741137, 0.4000000000000000222, 0.4155234902910168171 ) ) ;
#598 = CARTESIAN_POINT ( 'NONE',  ( 1.129959654963873295, 0.4000000000000000222, 1.573872395434410043 ) ) ;
#599 = CARTESIAN_POINT ( 'NONE',  ( 0.3744299140773779122, 0.4000000000000000222, -1.243119070397243009 ) ) ;
#600 = CARTESIAN_POINT ( 'NONE',  ( 1.216554618490732764, 0.000000000000000000, 0.4043917312098770922 ) ) ;
#601 = CARTESIAN_POINT ( 'NONE',  ( 0.3287880767730209652, 0.000000000000000000, -0.0004561859262297856968 ) ) ;
#602 = EDGE_CURVE ( 'NONE', #1276, #2061, #1958, .T. ) ;
#603 = CARTESIAN_POINT ( 'NONE',  ( -0.6079782922283495372, 0.4000000000000000222, -0.1680654089435257570 ) ) ;
#604 = CARTESIAN_POINT ( 'NONE',  ( 1.140459432139450335, -0.000000000000000000, 1.574464077945371132 ) ) ;
#605 = CARTESIAN_POINT ( 'NONE',  ( -0.6100216951619940042, 0.000000000000000000, 0.7439293984354806710 ) ) ;
#606 = CARTESIAN_POINT ( 'NONE',  ( 0.000000000000000000, 2.000000000000000000, 0.000000000000000000 ) ) ;
#607 = CARTESIAN_POINT ( 'NONE',  ( 0.6024521072262755128, 0.000000000000000000, -0.7733474605935476420 ) ) ;
#608 = CARTESIAN_POINT ( 'NONE',  ( -0.03699867896784364563, 0.4000000000000000222, -2.063997714971405273 ) ) ;
#609 = ORIENTED_EDGE ( 'NONE', *, *, #2617, .F. ) ;
#610 = CARTESIAN_POINT ( 'NONE',  ( -0.7767102390260162137, 0.000000000000000000, -1.913753373138245006 ) ) ;
#611 = CARTESIAN_POINT ( 'NONE',  ( -0.6249776852676289796, 0.4000000000000000222, 0.4989107767740881827 ) ) ;
#612 = CARTESIAN_POINT ( 'NONE',  ( -0.6079782922283495372, 0.4000000000000000222, -0.1680654089435257570 ) ) ;
#613 = CARTESIAN_POINT ( 'NONE',  ( -0.2998000757898575674, 0.000000000000000000, -0.01176555552139983349 ) ) ;
#614 = CARTESIAN_POINT ( 'NONE',  ( -0.7246252955334693269, 0.4000000000000000222, 2.108603648726985469 ) ) ;
#615 = DIRECTION ( 'NONE',  ( -0.000000000000000000, -1.000000000000000000, -0.000000000000000000 ) ) ;
#616 = CARTESIAN_POINT ( 'NONE',  ( 0.01091882180168933514, 0.000000000000000000, 1.660914918797163464 ) ) ;
#617 = CARTESIAN_POINT ( 'NONE',  ( 0.1416651359824126766, 0.4000000000000000222, -2.060658768469183055 ) ) ;
#618 = CARTESIAN_POINT ( 'NONE',  ( 0.02195696254165246941, -0.000000000000000000, 0.04717457816241941992 ) ) ;
#619 = LINE ( 'NONE', #2523, #1569 ) ;
#620 = ORIENTED_EDGE ( 'NONE', *, *, #311, .T. ) ;
#621 = CARTESIAN_POINT ( 'NONE',  ( -0.9584595345767751295, 0.000000000000000000, -1.799747567451671193 ) ) ;
#622 = CARTESIAN_POINT ( 'NONE',  ( -0.5390444443764870197, 0.4000000000000000222, 1.077155621029091792 ) ) ;
#623 = CARTESIAN_POINT ( 'NONE',  ( -0.1809547272546559726, 0.4000000000000000222, -2.062224581599354067 ) ) ;
#624 = CARTESIAN_POINT ( 'NONE',  ( 0.2709903243320438970, 0.4000000000000000222, 0.7519017437704242912 ) ) ;
#625 = CARTESIAN_POINT ( 'NONE',  ( 0.05199814341426693687, 0.000000000000000000, 0.04792687908496692795 ) ) ;
#626 = CARTESIAN_POINT ( 'NONE',  ( -0.2014086299560709503, 0.4000000000000000222, -1.329236919061376643 ) ) ;
#627 = CARTESIAN_POINT ( 'NONE',  ( -0.08959843530728267558, 0.000000000000000000, 1.618464666938487007 ) ) ;
#628 = DIRECTION ( 'NONE',  ( 0.000000000000000000, -0.000000000000000000, -1.000000000000000000 ) ) ;
#629 = DIRECTION ( 'NONE',  ( 0.000000000000000000, 0.000000000000000000, -1.000000000000000000 ) ) ;
#630 = CARTESIAN_POINT ( 'NONE',  ( 0.2709903243320438970, 0.000000000000000000, 0.7519017437704242912 ) ) ;
#631 = ORIENTED_EDGE ( 'NONE', *, *, #367, .T. ) ;
#632 = ADVANCED_FACE ( 'NONE', ( #476 ), #346, .T. ) ;
#633 = FACE_OUTER_BOUND ( 'NONE', #1168, .T. ) ;
#634 = CARTESIAN_POINT ( 'NONE',  ( -0.8714804555449833234, 0.4000000000000000222, -1.860868509759071587 ) ) ;
#635 = CARTESIAN_POINT ( 'NONE',  ( 0.5719598162604015990, 0.4000000000000000222, 0.7313602869893901515 ) ) ;
#636 = CARTESIAN_POINT ( 'NONE',  ( -2.565151067676131547, 1.999999999999998224, 1.649999999999999911 ) ) ;
#637 = CARTESIAN_POINT ( 'NONE',  ( 0.006999750074997493354, 0.000000000000000000, -1.360022850285947715 ) ) ;
#638 = CARTESIAN_POINT ( 'NONE',  ( 1.503946301828022580, 0.000000000000000000, -0.5350523057326774801 ) ) ;
#639 = CARTESIAN_POINT ( 'NONE',  ( -1.176578319697092256, 0.000000000000000000, 1.594730675415472421 ) ) ;
#640 = CARTESIAN_POINT ( 'NONE',  ( 1.247831955353091882, 0.000000000000000000, 1.842802685295847676 ) ) ;
#641 = CARTESIAN_POINT ( 'NONE',  ( 0.07810139458267149892, 0.000000000000000000, -1.358968643712202162 ) ) ;
#642 = CARTESIAN_POINT ( 'NONE',  ( 0.006999750074997493354, 0.4000000000000000222, -1.360022850285947715 ) ) ;
#643 = ORIENTED_EDGE ( 'NONE', *, *, #602, .F. ) ;
#644 = CARTESIAN_POINT ( 'NONE',  ( 0.6222836873795793977, 0.000000000000000000, -1.950602118697870369 ) ) ;
#645 = EDGE_CURVE ( 'NONE', #567, #246, #2133, .T. ) ;
#646 = CARTESIAN_POINT ( 'NONE',  ( -0.2612329217334238285, 0.000000000000000000, 1.504056535216019785 ) ) ;
#647 = CARTESIAN_POINT ( 'NONE',  ( -0.6079782922283495372, 0.000000000000000000, -0.1680654089435257570 ) ) ;
#648 = CARTESIAN_POINT ( 'NONE',  ( -1.341217941399238889, 0.4000000000000000222, 1.216526694009389731 ) ) ;
#649 = AXIS2_PLACEMENT_3D ( 'NONE', #1470, #2312, #2115 ) ;
#650 = CARTESIAN_POINT ( 'NONE',  ( -0.06592874783764153535, 0.000000000000000000, -1.357258257985625383 ) ) ;
#651 = ADVANCED_FACE ( 'NONE', ( #2678 ), #990, .T. ) ;
#652 = CARTESIAN_POINT ( 'NONE',  ( 1.003303489287530104, 0.4000000000000000222, -1.727416337823281411 ) ) ;
#653 = CARTESIAN_POINT ( 'NONE',  ( 0.1241874017706365019, 0.4000000000000000777, 0.04607979732328072731 ) ) ;
#654 = CARTESIAN_POINT ( 'NONE',  ( 1.502000853267044578, 0.4000000000000000222, -0.3941109444270726181 ) ) ;
#655 = CARTESIAN_POINT ( 'NONE',  ( 0.6079782922283495372, 0.4000000000000000222, -0.6240491281147878544 ) ) ;
#656 = AXIS2_PLACEMENT_3D ( 'NONE', #1315, #2628, #789 ) ;
#657 = CARTESIAN_POINT ( 'NONE',  ( 0.3759865754570058671, 0.000000000000000000, 2.415842333026959832 ) ) ;
#658 = ORIENTED_EDGE ( 'NONE', *, *, #939, .T. ) ;
#659 = CARTESIAN_POINT ( 'NONE',  ( 0.2709903243320438970, -5.421010862427522170E-17, 0.7519017437704242912 ) ) ;
#660 = CARTESIAN_POINT ( 'NONE',  ( -0.2014086299560709503, 0.000000000000000000, -1.329236919061376643 ) ) ;
#661 = ORIENTED_EDGE ( 'NONE', *, *, #2073, .T. ) ;
#662 = B_SPLINE_CURVE_WITH_KNOTS ( 'NONE', 3,
 ( #1869, #2322, #2720, #2515, #2056, #1426, #599, #1453, #1215, #2733, #136, #2308, #387 ),
 .UNSPECIFIED., .F., .F.,
 ( 4, 1, 1, 1, 1, 1, 1, 1, 1, 1, 4 ),
 ( 0.000000000000000000, 0.06732887610035417914, 0.1316880279369291307, 0.1926550569959324111, 0.2513013160743755581, 0.3655971930543417403, 0.4799388861279362817, 0.5989931897383546922, 0.7240969136348831547, 0.8576774776366086206, 1.000000000000000000 ),
 .UNSPECIFIED. ) ;
#663 = CARTESIAN_POINT ( 'NONE',  ( -1.362540456492543628, 0.4000000000000000222, -1.181773637004406519 ) ) ;
#664 = CARTESIAN_POINT ( 'NONE',  ( -0.5988152959186748836, -0.000000000000000000, 0.5148755752695618471 ) ) ;
#665 = B_SPLINE_SURFACE_WITH_KNOTS ( 'NONE', 3, 1, ( 
 ( #1608, #1796 ),
 ( #2219, #338 ),
 ( #2090, #2725 ),
 ( #1446, #1874 ),
 ( #1483, #393 ),
 ( #835, #796 ),
 ( #2130, #2300 ),
 ( #2520, #186 ),
 ( #2287, #1681 ),
 ( #173, #2533 ),
 ( #1432, #1652 ) ),
 .UNSPECIFIED., .F., .F., .F.,
 ( 4, 1, 1, 1, 1, 1, 1, 1, 4 ),
 ( 2, 2 ),
 ( 0.000000000000000000, 0.05991645637863888402, 0.1376268791843416051, 0.2340214522537862607, 0.3475933569376453147, 0.4794748474632622437, 0.6307013383730877276, 0.8035719909920919779, 1.000000000000000000 ),
 ( 0.000000000000000000, 1.000000000000000000 ),
 .UNSPECIFIED. ) ;
#666 = CARTESIAN_POINT ( 'NONE',  ( -0.4999805361427954176, 0.4000000000000000222, 1.176659284240900050 ) ) ;
#667 = CARTESIAN_POINT ( 'NONE',  ( -0.1269580112815559825, 0.4000000000000000222, 0.03303627232582422024 ) ) ;
#668 = CARTESIAN_POINT ( 'NONE',  ( 0.006999750074997493354, 0.4000000000000000222, -1.360022850285947715 ) ) ;
#669 = CARTESIAN_POINT ( 'NONE',  ( 0.1834868154258906259, 0.000000000000000000, 2.412080502738826127 ) ) ;
#670 = CARTESIAN_POINT ( 'NONE',  ( 1.140459432139450335, 0.000000000000000000, 1.574464077945371132 ) ) ;
#671 = CARTESIAN_POINT ( 'NONE',  ( 1.436080664225350967, 0.4000000000000000222, -0.005232628780451329016 ) ) ;
#672 = CARTESIAN_POINT ( 'NONE',  ( -0.6025411801437813297, 0.000000000000000000, 2.185508027593683344 ) ) ;
#673 = ORIENTED_EDGE ( 'NONE', *, *, #2297, .T. ) ;
#674 = CARTESIAN_POINT ( 'NONE',  ( 1.502000853267044578, 0.000000000000000000, -0.3941109444270726181 ) ) ;
#675 = CARTESIAN_POINT ( 'NONE',  ( 1.126199657834789258, 0.000000000000000000, 2.279406156793164939 ) ) ;
#676 = VERTEX_POINT ( 'NONE', #585 ) ;
#677 = CARTESIAN_POINT ( 'NONE',  ( -0.1803705875473952669, 0.000000000000000000, 1.566422035519254186 ) ) ;
#678 = CARTESIAN_POINT ( 'NONE',  ( 0.1301485904593674137, -5.421010862427522170E-17, 0.7498401019137573842 ) ) ;
#679 = VECTOR ( 'NONE', #1820, 1000.000000000000114 ) ;
#680 = CARTESIAN_POINT ( 'NONE',  ( 0.3719867182712930931, 0.4000000000000000222, 1.711867468341502496 ) ) ;
#681 = CARTESIAN_POINT ( 'NONE',  ( 0.8667037140031104148, 0.4000000000000000222, 1.647159192265628791 ) ) ;
#682 = CARTESIAN_POINT ( 'NONE',  ( 1.107469965817010182, 0.000000000000000000, -1.631043167194013321 ) ) ;
#683 = B_SPLINE_CURVE_WITH_KNOTS ( 'NONE', 3,
 ( #176, #1025, #1250, #1262, #2120, #1332, #1498, #2187, #2160, #1289, #2573, #269, #1934, #2589, #19, #672, #242, #1120, #1724, #1977, #863, #909, #657 ),
 .UNSPECIFIED., .F., .F.,
 ( 4, 1, 1, 1, 1, 1, 1, 1, 1, 1, 1, 1, 1, 1, 1, 1, 1, 1, 1, 1, 4 ),
 ( 0.000000000000000000, 0.07457216931171280205, 0.1527554161514170228, 0.2323580946276342096, 0.3117290717927148069, 0.3512783660292334575, 0.3910143221912320000, 0.4301729294757697941, 0.4696691757824080216, 0.5091570943790160175, 0.5481579094544309916, 0.5871629406062947032, 0.6267132742870554774, 0.6669274303848016228, 0.7080523408140582120, 0.7506290821716646855, 0.7948772074630301443, 0.8413201872468037967, 0.8909758532619587168, 0.9434766307800890317, 1.000000000000000000 ),
 .UNSPECIFIED. ) ;
#684 = EDGE_CURVE ( 'NONE', #2203, #49, #1296, .T. ) ;
#685 = CARTESIAN_POINT ( 'NONE',  ( 0.1925791114706614515, 0.4000000000000000777, 0.03840393688048595461 ) ) ;
#686 = CARTESIAN_POINT ( 'NONE',  ( 0.6070473581683160091, 0.4000000000000000222, -0.5722690392445445307 ) ) ;
#687 = CARTESIAN_POINT ( 'NONE',  ( 0.006999750074997493354, 0.000000000000000000, -1.360022850285947715 ) ) ;
#688 = ORIENTED_EDGE ( 'NONE', *, *, #2364, .F. ) ;
#689 = CARTESIAN_POINT ( 'NONE',  ( 1.503946301828022580, 0.000000000000000000, -0.5350523057326774801 ) ) ;
#690 = CARTESIAN_POINT ( 'NONE',  ( -0.01768698915133480945, -0.000000000000000000, -1.359087019010951192 ) ) ;
#691 = B_SPLINE_SURFACE_WITH_KNOTS ( 'NONE', 3, 1, ( 
 ( #327, #1849 ),
 ( #314, #2220 ),
 ( #1379, #1835 ),
 ( #117, #730 ),
 ( #1609, #2274 ),
 ( #1625, #967 ),
 ( #93, #954 ),
 ( #2479, #301 ),
 ( #1797, #1821 ),
 ( #2701, #2452 ),
 ( #1420, #2438 ),
 ( #2063, #1584 ),
 ( #2235, #2672 ),
 ( #145, #1166 ),
 ( #539, #941 ),
 ( #1405, #2248 ),
 ( #1181, #2035 ),
 ( #2464, #553 ),
 ( #2261, #339 ),
 ( #1197, #2051 ),
 ( #131, #981 ),
 ( #2687, #768 ),
 ( #1065, #813 ) ),
 .UNSPECIFIED., .F., .F., .F.,
 ( 4, 1, 1, 1, 1, 1, 1, 1, 1, 1, 1, 1, 1, 1, 1, 1, 1, 1, 1, 1, 4 ),
 ( 2, 2 ),
 ( 0.000000000000000000, 0.05025167565890225480, 0.09727783879027665503, 0.1416029696478506572, 0.1832088957255121608, 0.2226551798744038357, 0.2605801249653060814, 0.2974559916644067825, 0.3337654241462503224, 0.3693848861249151572, 0.4046766430750205479, 0.4399535072422543491, 0.4758863142421118075, 0.5124137848377449123, 0.5501983723695139661, 0.5887947696224317129, 0.6291193718309893157, 0.7133695252665093189, 0.8033124542521751232, 0.8988296144637828444, 1.000000000000000000 ),
 ( 0.000000000000000000, 1.000000000000000000 ),
 .UNSPECIFIED. ) ;
#692 = VERTEX_POINT ( 'NONE', #985 ) ;
#693 = CARTESIAN_POINT ( 'NONE',  ( -0.6075787057417099124, 0.4000000000000000222, -0.3291687566522367714 ) ) ;
#694 = CARTESIAN_POINT ( 'NONE',  ( 1.503287945928592384, 0.000000000000000000, -0.4873565822114037660 ) ) ;
#695 = CARTESIAN_POINT ( 'NONE',  ( -0.6249776852676289796, 0.000000000000000000, 0.4989107767740881827 ) ) ;
#696 = CARTESIAN_POINT ( 'NONE',  ( -0.2145402931608147712, 0.4000000000000000222, 0.01401564182741386715 ) ) ;
#697 = CARTESIAN_POINT ( 'NONE',  ( 1.241670248817535738, 0.000000000000000000, 2.097664290221880279 ) ) ;
#698 = CARTESIAN_POINT ( 'NONE',  ( 0.3759865754570058671, 0.000000000000000000, 2.415842333026959832 ) ) ;
#699 = CARTESIAN_POINT ( 'NONE',  ( 0.9508079546018827211, 0.000000000000000000, 1.620318847936864870 ) ) ;
#700 = CARTESIAN_POINT ( 'NONE',  ( -0.3185349434064781438, 0.4000000000000000222, -2.048587636692797087 ) ) ;
#701 = FACE_OUTER_BOUND ( 'NONE', #1107, .T. ) ;
#702 = ORIENTED_EDGE ( 'NONE', *, *, #1389, .F. ) ;
#703 = CARTESIAN_POINT ( 'NONE',  ( 0.1301485904593674137, 0.000000000000000000, 0.7498401019137573842 ) ) ;
#704 = EDGE_CURVE ( 'NONE', #49, #2178, #662, .T. ) ;
#705 = CARTESIAN_POINT ( 'NONE',  ( 1.247878521276842401, 0.4000000000000000222, 1.957540027798899240 ) ) ;
#706 = ORIENTED_EDGE ( 'NONE', *, *, #1830, .T. ) ;
#707 = CARTESIAN_POINT ( 'NONE',  ( -0.6075787057417099124, 0.000000000000000000, -0.3291687566522367714 ) ) ;
#708 = CARTESIAN_POINT ( 'NONE',  ( 0.5818557828519007602, 0.4000000000000000777, -0.3392671702461257932 ) ) ;
#709 = CARTESIAN_POINT ( 'NONE',  ( -0.3344969722525695244, 0.4000000000000000222, 1.434670729890240803 ) ) ;
#710 = CARTESIAN_POINT ( 'NONE',  ( 0.05199814341426693687, 0.000000000000000000, 0.04792687908496692795 ) ) ;
#711 = CARTESIAN_POINT ( 'NONE',  ( 0.5055729100283093969, 0.4000000000000000222, 2.413581034269868919 ) ) ;
#712 = DIRECTION ( 'NONE',  ( -0.000000000000000000, -1.000000000000000000, -0.000000000000000000 ) ) ;
#713 = DIRECTION ( 'NONE',  ( 0.000000000000000000, -1.000000000000000000, 0.000000000000000000 ) ) ;
#714 = CARTESIAN_POINT ( 'NONE',  ( -0.03699867896784364563, 0.000000000000000000, -2.063997714971405273 ) ) ;
#715 = ORIENTED_EDGE ( 'NONE', *, *, #2126, .F. ) ;
#716 = CARTESIAN_POINT ( 'NONE',  ( 0.9431666891824916910, 0.000000000000000000, 0.6135807768843812848 ) ) ;
#717 = CARTESIAN_POINT ( 'NONE',  ( 1.241670248817535738, 0.000000000000000000, 2.097664290221880279 ) ) ;
#718 = ORIENTED_EDGE ( 'NONE', *, *, #2532, .F. ) ;
#719 = CIRCLE ( 'NONE', #1214, 3.049999999999999822 ) ;
#720 = EDGE_CURVE ( 'NONE', #2359, #827, #1163, .T. ) ;
#721 = CARTESIAN_POINT ( 'NONE',  ( -0.4157577449978062667, 0.4000000000000000222, -1.174761754412546599 ) ) ;
#722 = CARTESIAN_POINT ( 'NONE',  ( -0.5988152959186748836, 0.4000000000000000222, 0.5148755752695618471 ) ) ;
#723 = CARTESIAN_POINT ( 'NONE',  ( -0.4999805361427954176, 0.000000000000000000, 1.176659284240900050 ) ) ;
#724 = CARTESIAN_POINT ( 'NONE',  ( -0.6025411801437813297, 0.000000000000000000, 2.185508027593683344 ) ) ;
#725 = CARTESIAN_POINT ( 'NONE',  ( 1.061947422593220391, 0.4000000000000000222, 2.305829105895909947 ) ) ;
#726 = CARTESIAN_POINT ( 'NONE',  ( 0.6222836873795793977, 0.000000000000000000, -1.950602118697870369 ) ) ;
#727 = CARTESIAN_POINT ( 'NONE',  ( 0.3719867182712930931, 0.000000000000000000, 1.711867468341502496 ) ) ;
#728 = ORIENTED_EDGE ( 'NONE', *, *, #1915, .F. ) ;
#729 = CARTESIAN_POINT ( 'NONE',  ( -0.6752878078060172706, 0.000000000000000000, -1.960270036974205432 ) ) ;
#730 = CARTESIAN_POINT ( 'NONE',  ( -0.3185349434064781438, 0.000000000000000000, -2.048587636692797087 ) ) ;
#731 = CARTESIAN_POINT ( 'NONE',  ( -1.481788252514526727, 0.4000000000000000222, 0.5408426264245004278 ) ) ;
#732 = CARTESIAN_POINT ( 'NONE',  ( -0.2145402931608147712, 0.4000000000000000222, 0.01401564182741386715 ) ) ;
#733 = CARTESIAN_POINT ( 'NONE',  ( 1.168268646592542259, 0.4000000000000000222, 2.252558869627267590 ) ) ;
#734 = CARTESIAN_POINT ( 'NONE',  ( -0.5935809322443547087, 0.4000000000000000222, 0.8599366933797908397 ) ) ;
#735 = CARTESIAN_POINT ( 'NONE',  ( -1.176578319697092256, 0.000000000000000000, 1.594730675415472421 ) ) ;
#736 = CARTESIAN_POINT ( 'NONE',  ( 1.488751558957687182, 0.000000000000000000, -0.2577526505612160457 ) ) ;
#737 = CARTESIAN_POINT ( 'NONE',  ( 1.216554618490732764, 0.4000000000000000222, 0.4043917312098770922 ) ) ;
#738 = CARTESIAN_POINT ( 'NONE',  ( -0.9584595345767751295, 0.000000000000000000, -1.799747567451671193 ) ) ;
#739 = ORIENTED_EDGE ( 'NONE', *, *, #2364, .T. ) ;
#740 = DIRECTION ( 'NONE',  ( 0.000000000000000000, 1.000000000000000000, 0.000000000000000000 ) ) ;
#741 = CARTESIAN_POINT ( 'NONE',  ( -0.5844763810208887245, 0.000000000000000000, -0.1531242660532176614 ) ) ;
#742 = EDGE_LOOP ( 'NONE', ( #2669, #1782, #81, #190 ) ) ;
#743 = ORIENTED_EDGE ( 'NONE', *, *, #178, .T. ) ;
#744 = CARTESIAN_POINT ( 'NONE',  ( 0.000000000000000000, 0.000000000000000000, 0.000000000000000000 ) ) ;
#745 = CARTESIAN_POINT ( 'NONE',  ( -0.9584595345767751295, 0.4000000000000000222, -1.799747567451671193 ) ) ;
#746 = CARTESIAN_POINT ( 'NONE',  ( 0.4595739664877392383, 0.4000000000000000222, -1.151258362628605703 ) ) ;
#747 = CARTESIAN_POINT ( 'NONE',  ( -0.4701942148146541212, 0.000000000000000000, 2.253794212860282808 ) ) ;
#748 = CARTESIAN_POINT ( 'NONE',  ( 1.168268646592542259, 0.4000000000000000222, 2.252558869627267590 ) ) ;
#749 = EDGE_CURVE ( 'NONE', #2481, #1110, #522, .T. ) ;
#750 = CYLINDRICAL_SURFACE ( 'NONE', #1502, 3.049999999999999822 ) ;
#751 = DIRECTION ( 'NONE',  ( 0.000000000000000000, 1.000000000000000000, 0.000000000000000000 ) ) ;
#752 = EDGE_LOOP ( 'NONE', ( #508, #1347, #2577, #1921 ) ) ;
#753 = CARTESIAN_POINT ( 'NONE',  ( 0.6070473581683160091, -0.000000000000000000, -0.5722690392445445307 ) ) ;
#754 = CARTESIAN_POINT ( 'NONE',  ( -0.2998000757898575674, 0.4000000000000000777, -0.01176555552139983349 ) ) ;
#755 = CARTESIAN_POINT ( 'NONE',  ( -1.341217941399238889, 0.4000000000000000222, 1.216526694009389731 ) ) ;
#756 = VERTEX_POINT ( 'NONE', #2692 ) ;
#757 = CARTESIAN_POINT ( 'NONE',  ( 1.160723959909305103, 0.4000000000000000222, 1.575606022814658669 ) ) ;
#758 = CARTESIAN_POINT ( 'NONE',  ( -1.108949447083573014, 0.4000000000000000222, -1.655894068287581788 ) ) ;
#759 = CARTESIAN_POINT ( 'NONE',  ( 0.6079782922283496482, 0.000000000000000000, -0.6240491281147879654 ) ) ;
#760 = CARTESIAN_POINT ( 'NONE',  ( -1.503946301828022580, 0.4000000000000000222, 0.006928342931410494399 ) ) ;
#761 = CARTESIAN_POINT ( 'NONE',  ( 0.6070473581683160091, 0.4000000000000000777, -0.5722690392445445307 ) ) ;
#762 = CARTESIAN_POINT ( 'NONE',  ( 0.3719867182712931486, 0.4000000000000000222, 1.711867468341502718 ) ) ;
#763 = CARTESIAN_POINT ( 'NONE',  ( -0.5654261140078035153, 0.4000000000000000222, -1.998157950467637667 ) ) ;
#764 = EDGE_CURVE ( 'NONE', #1935, #1487, #1717, .T. ) ;
#765 = B_SPLINE_SURFACE_WITH_KNOTS ( 'NONE', 3, 1, ( 
 ( #2680, #2058 ),
 ( #761, #1414 ),
 ( #2269, #1443 ),
 ( #1206, #138 ),
 ( #987, #1019 ),
 ( #1427, #2283 ),
 ( #806, #1664 ),
 ( #2517, #601 ),
 ( #1455, #2310 ),
 ( #685, #449 ),
 ( #653, #1930 ),
 ( #2157, #60 ),
 ( #252, #478 ) ),
 .UNSPECIFIED., .F., .F., .F.,
 ( 4, 1, 1, 1, 1, 1, 1, 1, 1, 1, 4 ),
 ( 2, 2 ),
 ( 0.000000000000000000, 0.1544136590672380571, 0.2897209857846921865, 0.4102556161918405331, 0.5200035191313310268, 0.6255607156903014721, 0.7360461558620663425, 0.7948979087056879944, 0.8581539877996704480, 0.9262944990604367046, 1.000000000000000000 ),
 ( 0.000000000000000000, 1.000000000000000000 ),
 .UNSPECIFIED. ) ;
#766 = ORIENTED_EDGE ( 'NONE', *, *, #1678, .T. ) ;
#767 = CARTESIAN_POINT ( 'NONE',  ( 0.6079782922283495372, 0.4000000000000000222, -0.6240491281147878544 ) ) ;
#768 = CARTESIAN_POINT ( 'NONE',  ( -1.502659978002853336, 0.000000000000000000, -0.09174828977658186502 ) ) ;
#769 = CARTESIAN_POINT ( 'NONE',  ( -1.503946301828022580, 0.4000000000000000222, 0.006928342931410494399 ) ) ;
#770 = VERTEX_POINT ( 'NONE', #1924 ) ;
#771 = CARTESIAN_POINT ( 'NONE',  ( 1.247955441942401933, 0.000000000000000000, 1.935859470741420729 ) ) ;
#772 = CARTESIAN_POINT ( 'NONE',  ( 0.3719867182712931486, 0.000000000000000000, 1.711867468341502718 ) ) ;
#773 = LINE ( 'NONE', #2295, #2446 ) ;
#774 = CARTESIAN_POINT ( 'NONE',  ( 1.126199657834789258, 0.000000000000000000, 2.279406156793164939 ) ) ;
#775 = CARTESIAN_POINT ( 'NONE',  ( 1.160723959909305103, 0.000000000000000000, 1.575606022814658669 ) ) ;
#776 = CARTESIAN_POINT ( 'NONE',  ( -1.500159207892424851, 0.4000000000000000222, -0.2835876764422250451 ) ) ;
#777 = VERTEX_POINT ( 'NONE', #1533 ) ;
#778 = DIRECTION ( 'NONE',  ( -0.000000000000000000, -1.000000000000000000, -0.000000000000000000 ) ) ;
#779 = CARTESIAN_POINT ( 'NONE',  ( 1.045712044255869166, 0.4000000000000000222, 0.5547913470144723025 ) ) ;
#780 = CARTESIAN_POINT ( 'NONE',  ( -0.2998000757898575674, 0.000000000000000000, -0.01176555552139983349 ) ) ;
#781 = CARTESIAN_POINT ( 'NONE',  ( -1.500157625372474879, 0.4000000000000000222, 0.2711876153418998348 ) ) ;
#782 = ORIENTED_EDGE ( 'NONE', *, *, #436, .T. ) ;
#783 = AXIS2_PLACEMENT_3D ( 'NONE', #1494, #2168, #1115 ) ;
#784 = EDGE_CURVE ( 'NONE', #2685, #676, #458, .T. ) ;
#785 = CARTESIAN_POINT ( 'NONE',  ( 0.5055729100283093969, 0.4000000000000000222, 2.413581034269868919 ) ) ;
#786 = PLANE ( 'NONE',  #424 ) ;
#787 = MECHANICAL_DESIGN_GEOMETRIC_PRESENTATION_REPRESENTATION (  '', ( #2001 ), #2096 ) ;
#788 = CARTESIAN_POINT ( 'NONE',  ( -0.3684214593006734373, 0.4000000000000000222, -1.227103062062299355 ) ) ;
#789 = DIRECTION ( 'NONE',  ( 0.000000000000000000, 0.000000000000000000, 1.000000000000000000 ) ) ;
#790 = CARTESIAN_POINT ( 'NONE',  ( 1.247737606321703607, 0.000000000000000000, 1.997257764286304971 ) ) ;
#791 = CARTESIAN_POINT ( 'NONE',  ( 1.079116012138136904, 0.4000000000000000222, 1.578962631214081647 ) ) ;
#792 = CARTESIAN_POINT ( 'NONE',  ( -0.4999805361427954176, 0.4000000000000000222, 1.176659284240900050 ) ) ;
#793 = EDGE_LOOP ( 'NONE', ( #2052, #661, #1124, #1515, #673, #1361, #766, #969, #1333 ) ) ;
#794 = AXIS2_PLACEMENT_3D ( 'NONE', #334, #169, #2502 ) ;
#795 = B_SPLINE_SURFACE_WITH_KNOTS ( 'NONE', 3, 1, ( 
 ( #3, #240 ),
 ( #892, #2185 ),
 ( #2368, #640 ),
 ( #1918, #450 ),
 ( #2571, #1301 ),
 ( #1932, #2158 ),
 ( #62, #1736 ),
 ( #267, #1287 ),
 ( #2614, #17 ),
 ( #1090, #670 ),
 ( #850, #2171 ) ),
 .UNSPECIFIED., .F., .F., .F.,
 ( 4, 1, 1, 1, 1, 1, 1, 1, 4 ),
 ( 2, 2 ),
 ( 0.000000000000000000, 0.2360561594504511918, 0.4294185064704105215, 0.5805527769900714619, 0.6962089856467088556, 0.7836507939162782321, 0.8561659613897967258, 0.9254744362749430797, 0.9999999999999998890 ),
 ( 0.000000000000000000, 1.000000000000000000 ),
 .UNSPECIFIED. ) ;
#796 = CARTESIAN_POINT ( 'NONE',  ( 0.8667037140031104148, 0.000000000000000000, 1.647159192265628791 ) ) ;
#797 = CARTESIAN_POINT ( 'NONE',  ( 0.4254292137871495405, 0.4000000000000000222, 0.7485897850315808011 ) ) ;
#798 = CARTESIAN_POINT ( 'NONE',  ( 0.3759865754570058671, 0.000000000000000000, 2.415842333026959832 ) ) ;
#799 = CARTESIAN_POINT ( 'NONE',  ( 0.1416651359824126766, 0.000000000000000000, -2.060658768469183055 ) ) ;
#800 = ORIENTED_EDGE ( 'NONE', *, *, #2099, .F. ) ;
#801 = PLANE ( 'NONE',  #1731 ) ;
#802 = EDGE_CURVE ( 'NONE', #2398, #676, #26, .T. ) ;
#803 = CARTESIAN_POINT ( 'NONE',  ( 1.079116012138136904, 0.000000000000000000, 1.578962631214081647 ) ) ;
#804 = CARTESIAN_POINT ( 'NONE',  ( -0.2625818224507435739, 0.4000000000000000222, -1.305746499169352592 ) ) ;
#805 = CARTESIAN_POINT ( 'NONE',  ( 1.160723959909305103, 0.4000000000000000222, 1.575606022814658669 ) ) ;
#806 = CARTESIAN_POINT ( 'NONE',  ( 0.4109423878409573794, 0.4000000000000000777, -0.04472169061336859347 ) ) ;
#807 = DIRECTION ( 'NONE',  ( -0.000000000000000000, 1.000000000000000000, -0.000000000000000000 ) ) ;
#808 = CARTESIAN_POINT ( 'NONE',  ( -0.4564971039580408840, 0.4000000000000000222, -1.110671582415041714 ) ) ;
#809 = EDGE_CURVE ( 'NONE', #1978, #1291, #2124, .T. ) ;
#810 = CARTESIAN_POINT ( 'NONE',  ( -1.503946301828022802, 0.4000000000000000222, 0.006928342931410495266 ) ) ;
#811 = CARTESIAN_POINT ( 'NONE',  ( 1.216554618490732764, -5.421010862427522170E-17, 0.4043917312098770922 ) ) ;
#812 = FACE_OUTER_BOUND ( 'NONE', #742, .T. ) ;
#813 = CARTESIAN_POINT ( 'NONE',  ( -1.503946301828022802, 0.000000000000000000, 0.006928342931410495266 ) ) ;
#814 = AXIS2_PLACEMENT_3D ( 'NONE', #2387, #496, #37 ) ;
#815 = EDGE_LOOP ( 'NONE', ( #566, #2729, #2414 ) ) ;
#816 = CARTESIAN_POINT ( 'NONE',  ( 1.160723959909305103, 0.000000000000000000, 1.575606022814658669 ) ) ;
#817 = B_SPLINE_CURVE_WITH_KNOTS ( 'NONE', 3,
 ( #2140, #821, #1718, #1693, #2567, #1704, #648, #2087, #12, #1665, #2529, #2518, #1506, #170, #614, #2324, #1469, #404, #184, #1032, #1257, #1269, #844 ),
 .UNSPECIFIED., .F., .F.,
 ( 4, 1, 1, 1, 1, 1, 1, 1, 1, 1, 1, 1, 1, 1, 1, 1, 1, 1, 1, 1, 4 ),
 ( 0.000000000000000000, 0.07457216931171280205, 0.1527554161514170228, 0.2323580946276342096, 0.3117290717927148069, 0.3512783660292334575, 0.3910143221912320000, 0.4301729294757697941, 0.4696691757824080216, 0.5091570943790160175, 0.5481579094544309916, 0.5871629406062947032, 0.6267132742870554774, 0.6669274303848016228, 0.7080523408140582120, 0.7506290821716646855, 0.7948772074630301443, 0.8413201872468037967, 0.8909758532619587168, 0.9434766307800890317, 1.000000000000000000 ),
 .UNSPECIFIED. ) ;
#818 = CARTESIAN_POINT ( 'NONE',  ( -0.5935809322443547087, 0.4000000000000000222, 0.8599366933797908397 ) ) ;
#819 = CARTESIAN_POINT ( 'NONE',  ( -0.1362862536989596085, 0.4000000000000000222, -1.347903868065071009 ) ) ;
#820 = CARTESIAN_POINT ( 'NONE',  ( -0.5437556030265793261, 0.4000000000000000222, 0.5484740700599507468 ) ) ;
#821 = CARTESIAN_POINT ( 'NONE',  ( -1.502703470600414315, 0.4000000000000000222, 0.09361552242279350122 ) ) ;
#822 = CARTESIAN_POINT ( 'NONE',  ( -0.5231406946165486627, 0.4000000000000000222, -0.9495412834703543803 ) ) ;
#823 = CARTESIAN_POINT ( 'NONE',  ( -0.6249776852676289796, 0.000000000000000000, 0.4989107767740881827 ) ) ;
#824 = CARTESIAN_POINT ( 'NONE',  ( 0.7608425336782137505, 0.000000000000000000, -1.888418386310342534 ) ) ;
#825 = CARTESIAN_POINT ( 'NONE',  ( 1.247955441942401933, 0.4000000000000000222, 1.935859470741420729 ) ) ;
#826 = DIRECTION ( 'NONE',  ( 0.000000000000000000, 0.000000000000000000, -1.000000000000000000 ) ) ;
#827 = VERTEX_POINT ( 'NONE', #1503 ) ;
#828 = CARTESIAN_POINT ( 'NONE',  ( -1.038057419247566004, 0.000000000000000000, -1.731603056397593265 ) ) ;
#829 = CARTESIAN_POINT ( 'NONE',  ( 1.079116012138136904, 0.4000000000000000222, 1.578962631214081647 ) ) ;
#830 = DIRECTION ( 'NONE',  ( 0.000000000000000000, 0.000000000000000000, -1.000000000000000000 ) ) ;
#831 = CARTESIAN_POINT ( 'NONE',  ( 1.345878635049035710, 0.000000000000000000, 0.2168669628720387710 ) ) ;
#832 = CARTESIAN_POINT ( 'NONE',  ( 0.07668247697382128691, -0.000000000000000000, 0.04729528951949234922 ) ) ;
#833 = CARTESIAN_POINT ( 'NONE',  ( 0.4226978509266583472, 0.4000000000000000222, 1.711083314722859461 ) ) ;
#834 = EDGE_CURVE ( 'NONE', #256, #2121, #947, .T. ) ;
#835 = CARTESIAN_POINT ( 'NONE',  ( 0.8667037140031104148, 0.4000000000000000222, 1.647159192265628791 ) ) ;
#836 = CARTESIAN_POINT ( 'NONE',  ( 1.436080664225350967, -5.421010862427522170E-17, -0.005232628780451329016 ) ) ;
#837 = CARTESIAN_POINT ( 'NONE',  ( -0.5844763810208887245, -0.000000000000000000, -0.1531242660532176614 ) ) ;
#838 = CARTESIAN_POINT ( 'NONE',  ( 1.243982465311853858, 0.000000000000000000, 2.051838868718113051 ) ) ;
#839 = ORIENTED_EDGE ( 'NONE', *, *, #233, .F. ) ;
#840 = CARTESIAN_POINT ( 'NONE',  ( 6.184466335694133068E-16, 20.00000000000000000, 5.049999999999999822 ) ) ;
#841 = FACE_OUTER_BOUND ( 'NONE', #1039, .T. ) ;
#842 = CARTESIAN_POINT ( 'NONE',  ( 6.184466335694133068E-16, 0.9999999999999974465, -5.049999999999999822 ) ) ;
#843 = CARTESIAN_POINT ( 'NONE',  ( 1.488751558957687182, 0.4000000000000000222, -0.2577526505612160457 ) ) ;
#844 = CARTESIAN_POINT ( 'NONE',  ( 0.3759865754570058671, 0.4000000000000000222, 2.415842333026959832 ) ) ;
#845 = PLANE ( 'NONE',  #168 ) ;
#846 = CARTESIAN_POINT ( 'NONE',  ( 1.449138002303328232, 0.4000000000000000222, -1.000979571404635671 ) ) ;
#847 = CIRCLE ( 'NONE', #1926, 5.049999999999999822 ) ;
#848 = CARTESIAN_POINT ( 'NONE',  ( 1.449138002303328232, 0.000000000000000000, -1.000979571404635671 ) ) ;
#849 = ADVANCED_FACE ( 'NONE', ( #54 ), #1098, .F. ) ;
#850 = CARTESIAN_POINT ( 'NONE',  ( 1.129959654963873295, 0.4000000000000000222, 1.573872395434410043 ) ) ;
#851 = CARTESIAN_POINT ( 'NONE',  ( 1.226475284797709620, 0.4000000000000000222, 1.649271351526655494 ) ) ;
#852 = CARTESIAN_POINT ( 'NONE',  ( 0.9773793055942721075, 0.000000000000000000, 2.336210608206833239 ) ) ;
#853 = ORIENTED_EDGE ( 'NONE', *, *, #1094, .T. ) ;
#854 = CARTESIAN_POINT ( 'NONE',  ( 1.247911638967609482, -0.000000000000000000, 1.902850509607355578 ) ) ;
#855 = CARTESIAN_POINT ( 'NONE',  ( 0.5454723248101498445, 0.4000000000000000222, -0.2217031191542681301 ) ) ;
#856 = CARTESIAN_POINT ( 'NONE',  ( 0.8306947672069416866, 0.000000000000000000, 0.6637440695855283401 ) ) ;
#857 = CARTESIAN_POINT ( 'NONE',  ( 1.107469965817010182, 0.4000000000000000222, -1.631043167194013321 ) ) ;
#858 = CARTESIAN_POINT ( 'NONE',  ( -0.2625818224507435739, 0.000000000000000000, -1.305746499169352592 ) ) ;
#859 = CARTESIAN_POINT ( 'NONE',  ( 1.279745049157847259, 0.000000000000000000, -1.406718229015606836 ) ) ;
#860 = CARTESIAN_POINT ( 'NONE',  ( -0.3263473260372625195, 0.000000000000000000, 2.311808083039142758 ) ) ;
#861 = FACE_BOUND ( 'NONE', #2674, .T. ) ;
#862 = CARTESIAN_POINT ( 'NONE',  ( 1.287587279310891564, 0.4000000000000000222, 0.3159249181412370211 ) ) ;
#863 = CARTESIAN_POINT ( 'NONE',  ( 0.1834868154258906259, 0.000000000000000000, 2.412080502738826127 ) ) ;
#864 = ORIENTED_EDGE ( 'NONE', *, *, #2175, .T. ) ;
#865 = CARTESIAN_POINT ( 'NONE',  ( 1.287587279310891564, 0.000000000000000000, 0.3159249181412370211 ) ) ;
#866 = CARTESIAN_POINT ( 'NONE',  ( 0.8741369528315586779, 0.000000000000000000, 2.360263565049336876 ) ) ;
#867 = ORIENTED_EDGE ( 'NONE', *, *, #412, .T. ) ;
#868 = EDGE_CURVE ( 'NONE', #2635, #777, #2086, .T. ) ;
#869 = CARTESIAN_POINT ( 'NONE',  ( 0.4109423878409573794, 0.4000000000000000222, -0.04472169061336859347 ) ) ;
#870 = CARTESIAN_POINT ( 'NONE',  ( 1.135984988793994788, 0.4000000000000000222, 0.4838349434459537912 ) ) ;
#871 = CARTESIAN_POINT ( 'NONE',  ( -0.5390444443764870197, 0.4000000000000000222, 1.077155621029091792 ) ) ;
#872 = VECTOR ( 'NONE', #43, 1000.000000000000000 ) ;
#873 = CARTESIAN_POINT ( 'NONE',  ( -0.03803086281240285887, 0.4000000000000000222, 0.04567234372806619480 ) ) ;
#874 = CARTESIAN_POINT ( 'NONE',  ( 1.500777939277243567, 0.000000000000000000, -0.6948893711303837373 ) ) ;
#875 = CARTESIAN_POINT ( 'NONE',  ( -1.444960260765508320, 0.000000000000000000, 0.8143158615561078006 ) ) ;
#876 = CARTESIAN_POINT ( 'NONE',  ( 1.503287945928592384, 0.4000000000000000222, -0.4873565822114037660 ) ) ;
#877 = CARTESIAN_POINT ( 'NONE',  ( 1.129959654963873295, 0.000000000000000000, 1.573872395434410043 ) ) ;
#878 = AXIS2_PLACEMENT_3D ( 'NONE', #924, #2057, #1841 ) ;
#879 = CARTESIAN_POINT ( 'NONE',  ( 0.6060977268776693849, 0.4000000000000000222, -0.6748554747840538326 ) ) ;
#880 = EDGE_LOOP ( 'NONE', ( #1860, #2621 ) ) ;
#881 = DIRECTION ( 'NONE',  ( -0.000000000000000000, -1.000000000000000000, 0.000000000000000000 ) ) ;
#882 = CARTESIAN_POINT ( 'NONE',  ( 1.168268646592542259, 0.000000000000000000, 2.252558869627267590 ) ) ;
#883 = VERTEX_POINT ( 'NONE', #2636 ) ;
#884 = CARTESIAN_POINT ( 'NONE',  ( 0.2548615599445179791, 0.4000000000000000222, 0.02431796469564453250 ) ) ;
#885 = CARTESIAN_POINT ( 'NONE',  ( 0.6053006789224337769, 5.421010862427522170E-17, -0.4751158567985962478 ) ) ;
#886 = ADVANCED_FACE ( 'NONE', ( #2416 ), #570, .F. ) ;
#887 = CARTESIAN_POINT ( 'NONE',  ( -0.5935809322443547087, 0.4000000000000000222, 0.8599366933797908397 ) ) ;
#888 = CARTESIAN_POINT ( 'NONE',  ( 0.05199814341426693687, 0.4000000000000000777, 0.04792687908496692795 ) ) ;
#889 = B_SPLINE_CURVE_WITH_KNOTS ( 'NONE', 3,
 ( #2367, #281, #464, #1314, #848, #891, #906, #1767, #1751, #1553, #1707, #2557, #2353, #726, #100, #1207, #1620, #1192, #534 ),
 .UNSPECIFIED., .F., .F.,
 ( 4, 1, 1, 1, 1, 1, 1, 1, 1, 1, 1, 1, 1, 1, 1, 1, 4 ),
 ( 0.000000000000000000, 0.06575593526433944069, 0.1298960616783364219, 0.1920953724061056911, 0.2535497220677787045, 0.3135780225496817564, 0.3718518737415221209, 0.4296996768101433162, 0.4869846644545175463, 0.5447503413089255231, 0.6031155935587073635, 0.6629618570377145970, 0.7248766363694715276, 0.7887669564817372247, 0.8557016930851275571, 0.9256638464797183330, 1.000000000000000000 ),
 .UNSPECIFIED. ) ;
#890 = CARTESIAN_POINT ( 'NONE',  ( 0.6060977268776693849, 0.4000000000000000222, -0.6748554747840538326 ) ) ;
#891 = CARTESIAN_POINT ( 'NONE',  ( 1.405403717743610503, 0.000000000000000000, -1.144625209184517933 ) ) ;
#892 = CARTESIAN_POINT ( 'NONE',  ( 1.247911638967609482, 0.4000000000000000222, 1.902850509607355578 ) ) ;
#893 = CARTESIAN_POINT ( 'NONE',  ( 1.502000853267044578, 0.4000000000000000222, -0.3941109444270726181 ) ) ;
#894 = CARTESIAN_POINT ( 'NONE',  ( 0.6060977268776693849, 0.000000000000000000, -0.6748554747840538326 ) ) ;
#895 = VERTEX_POINT ( 'NONE', #1760 ) ;
#896 = CARTESIAN_POINT ( 'NONE',  ( -0.1301818870523685223, 0.000000000000000000, 0.7066014722997454589 ) ) ;
#897 = CARTESIAN_POINT ( 'NONE',  ( -0.03699867896784364563, 0.4000000000000000222, -2.063997714971405273 ) ) ;
#898 = ORIENTED_EDGE ( 'NONE', *, *, #1165, .F. ) ;
#899 = CARTESIAN_POINT ( 'NONE',  ( -0.2014086299560709503, 0.000000000000000000, -1.329236919061376643 ) ) ;
#900 = CARTESIAN_POINT ( 'NONE',  ( 0.2548615599445179791, 5.421010862427522170E-17, 0.02431796469564453250 ) ) ;
#901 = CIRCLE ( 'NONE', #103, 3.049999999999999822 ) ;
#902 = CARTESIAN_POINT ( 'NONE',  ( 0.1416651359824126766, 0.4000000000000000222, -2.060658768469183055 ) ) ;
#903 = CARTESIAN_POINT ( 'NONE',  ( -0.5844763810208887245, 0.4000000000000000222, -0.1531242660532176614 ) ) ;
#904 = CARTESIAN_POINT ( 'NONE',  ( 0.5719598162604015990, 0.000000000000000000, 0.7313602869893901515 ) ) ;
#905 = EDGE_CURVE ( 'NONE', #2425, #1237, #2251, .T. ) ;
#906 = CARTESIAN_POINT ( 'NONE',  ( 1.350378927346777447, 0.000000000000000000, -1.281096199951931247 ) ) ;
#907 = CARTESIAN_POINT ( 'NONE',  ( 1.129959654963873295, 0.000000000000000000, 1.573872395434410043 ) ) ;
#908 = CARTESIAN_POINT ( 'NONE',  ( 0.6517289156108295733, 0.000000000000000000, 1.694341658168746489 ) ) ;
#909 = CARTESIAN_POINT ( 'NONE',  ( 0.3102608232581833270, -0.000000000000000000, 2.414557920385136836 ) ) ;
#910 = ORIENTED_EDGE ( 'NONE', *, *, #277, .F. ) ;
#911 = CARTESIAN_POINT ( 'NONE',  ( -0.6214437569090350832, 0.000000000000000000, 0.6231207840953331134 ) ) ;
#912 = CARTESIAN_POINT ( 'NONE',  ( 1.224410471984811899, 0.000000000000000000, 2.169516475875218120 ) ) ;
#913 = B_SPLINE_SURFACE_WITH_KNOTS ( 'NONE', 3, 1, ( 
 ( #642, #687 ),
 ( #467, #452 ),
 ( #2173, #1303 ),
 ( #227, #2385 ),
 ( #2357, #437 ),
 ( #1317, #2145 ),
 ( #1092, #1078 ),
 ( #1947, #35 ),
 ( #255, #1541 ),
 ( #1738, #1106 ),
 ( #1963, #48 ),
 ( #879, #894 ),
 ( #1754, #2602 ) ),
 .UNSPECIFIED., .F., .F., .F.,
 ( 4, 1, 1, 1, 1, 1, 1, 1, 1, 1, 4 ),
 ( 2, 2 ),
 ( 0.000000000000000000, 0.06732887610035417914, 0.1316880279369291307, 0.1926550569959324111, 0.2513013160743755581, 0.3655971930543417403, 0.4799388861279362817, 0.5989931897383546922, 0.7240969136348831547, 0.8576774776366086206, 1.000000000000000000 ),
 ( 0.000000000000000000, 1.000000000000000000 ),
 .UNSPECIFIED. ) ;
#914 = EDGE_LOOP ( 'NONE', ( #927, #591, #609, #2466 ) ) ;
#915 = VECTOR ( 'NONE', #1202, 1000.000000000000000 ) ;
#916 = DIRECTION ( 'NONE',  ( -0.000000000000000000, -1.000000000000000000, 0.000000000000000000 ) ) ;
#917 = CARTESIAN_POINT ( 'NONE',  ( 0.6070473581683160091, 0.4000000000000000777, -0.5722690392445445307 ) ) ;
#918 = B_SPLINE_CURVE_WITH_KNOTS ( 'NONE', 3,
 ( #2027, #1825, #2650, #1813, #2265, #1213, #1852, #1643, #2662, #745, #527, #758, #998, #2704, #2497, #1396, #582, #1383, #2053, #1613, #109, #134, #1601 ),
 .UNSPECIFIED., .F., .F.,
 ( 4, 1, 1, 1, 1, 1, 1, 1, 1, 1, 1, 1, 1, 1, 1, 1, 1, 1, 1, 1, 4 ),
 ( 0.000000000000000000, 0.05025167565890225480, 0.09727783879027665503, 0.1416029696478506572, 0.1832088957255121608, 0.2226551798744038357, 0.2605801249653060814, 0.2974559916644067825, 0.3337654241462503224, 0.3693848861249151572, 0.4046766430750205479, 0.4399535072422543491, 0.4758863142421118075, 0.5124137848377449123, 0.5501983723695139661, 0.5887947696224317129, 0.6291193718309893157, 0.7133695252665093189, 0.8033124542521751232, 0.8988296144637828444, 1.000000000000000000 ),
 .UNSPECIFIED. ) ;
#919 = CARTESIAN_POINT ( 'NONE',  ( -0.1803705875473952669, 0.4000000000000000222, 1.566422035519254186 ) ) ;
#920 = CARTESIAN_POINT ( 'NONE',  ( -0.2145402931608147712, 0.000000000000000000, 0.01401564182741386715 ) ) ;
#921 = CARTESIAN_POINT ( 'NONE',  ( 0.6339983622819967968, 0.4000000000000000222, 2.400794134260629153 ) ) ;
#922 = CIRCLE ( 'NONE', #1013, 3.850000000000000977 ) ;
#923 = CARTESIAN_POINT ( 'NONE',  ( 1.345878635049035710, 0.4000000000000000222, 0.2168669628720387710 ) ) ;
#924 = CARTESIAN_POINT ( 'NONE',  ( 0.000000000000000000, 20.00000000000000000, 0.000000000000000000 ) ) ;
#925 = CARTESIAN_POINT ( 'NONE',  ( 0.5180383958611499695, 0.000000000000000000, 1.709609050012152354 ) ) ;
#926 = EDGE_CURVE ( 'NONE', #2121, #1627, #583, .T. ) ;
#927 = ORIENTED_EDGE ( 'NONE', *, *, #1505, .T. ) ;
#928 = CARTESIAN_POINT ( 'NONE',  ( 1.247955441942401933, 0.4000000000000000222, 1.935859470741420729 ) ) ;
#929 = CARTESIAN_POINT ( 'NONE',  ( 0.05199814341426693687, 0.000000000000000000, 0.04792687908496692795 ) ) ;
#930 = ORIENTED_EDGE ( 'NONE', *, *, #139, .F. ) ;
#931 = CARTESIAN_POINT ( 'NONE',  ( -0.5489080876114523777, 0.000000000000000000, -0.8514618844771597583 ) ) ;
#932 = CARTESIAN_POINT ( 'NONE',  ( 0.1241874017706365019, 5.421010862427522170E-17, 0.04607979732328072731 ) ) ;
#933 = CARTESIAN_POINT ( 'NONE',  ( 0.4734984663251144976, 0.4000000000000000222, -2.002898176321272761 ) ) ;
#934 = CARTESIAN_POINT ( 'NONE',  ( -1.176578319697092256, 0.4000000000000000222, 1.594730675415472421 ) ) ;
#935 = CARTESIAN_POINT ( 'NONE',  ( 0.9773793055942721075, 0.4000000000000000222, 2.336210608206833239 ) ) ;
#936 = CARTESIAN_POINT ( 'NONE',  ( 1.503946301828022580, 0.4000000000000000222, -0.5350523057326774801 ) ) ;
#937 = CARTESIAN_POINT ( 'NONE',  ( -0.8714804555449833234, 0.4000000000000000222, -1.860868509759071587 ) ) ;
#938 = ORIENTED_EDGE ( 'NONE', *, *, #1044, .F. ) ;
#939 = EDGE_CURVE ( 'NONE', #2630, #2685, #2750, .T. ) ;
#940 = CARTESIAN_POINT ( 'NONE',  ( 0.000000000000000000, 0.9999999999999974465, 5.049999999999999822 ) ) ;
#941 = CARTESIAN_POINT ( 'NONE',  ( -1.278224315200916505, 0.000000000000000000, -1.389272789281125631 ) ) ;
#942 = EDGE_LOOP ( 'NONE', ( #78, #2450, #1545, #1879 ) ) ;
#943 = VECTOR ( 'NONE', #1544, 1000.000000000000000 ) ;
#944 = CARTESIAN_POINT ( 'NONE',  ( -0.1362862536989596085, 0.000000000000000000, -1.347903868065071009 ) ) ;
#945 = CARTESIAN_POINT ( 'NONE',  ( 0.1301485904593674137, 0.000000000000000000, 0.7498401019137573842 ) ) ;
#946 = CARTESIAN_POINT ( 'NONE',  ( 0.3744299140773779122, 0.000000000000000000, -1.243119070397243009 ) ) ;
#947 = B_SPLINE_CURVE_WITH_KNOTS ( 'NONE', 3,
 ( #1691, #1745, #2594, #1715, #855, #1294, #869, #2540, #884, #1491, #426, #473, #1729 ),
 .UNSPECIFIED., .F., .F.,
 ( 4, 1, 1, 1, 1, 1, 1, 1, 1, 1, 4 ),
 ( 0.000000000000000000, 0.1544136590672380571, 0.2897209857846921865, 0.4102556161918405331, 0.5200035191313310268, 0.6255607156903014721, 0.7360461558620663425, 0.7948979087056879944, 0.8581539877996704480, 0.9262944990604367046, 1.000000000000000000 ),
 .UNSPECIFIED. ) ;
#948 = DIRECTION ( 'NONE',  ( 0.000000000000000000, -1.000000000000000000, 0.000000000000000000 ) ) ;
#949 = CARTESIAN_POINT ( 'NONE',  ( 1.045712044255869166, 0.000000000000000000, 0.5547913470144723025 ) ) ;
#950 = CARTESIAN_POINT ( 'NONE',  ( 1.045712044255869166, 0.4000000000000000222, 0.5547913470144723025 ) ) ;
#951 = CARTESIAN_POINT ( 'NONE',  ( -1.484723300687193825, 0.4000000000000000222, -0.5629300972360993249 ) ) ;
#952 = ORIENTED_EDGE ( 'NONE', *, *, #1845, .F. ) ;
#953 = CARTESIAN_POINT ( 'NONE',  ( -0.1809547272546559726, 0.000000000000000000, -2.062224581599354067 ) ) ;
#954 = CARTESIAN_POINT ( 'NONE',  ( -0.6752878078060172706, 0.000000000000000000, -1.960270036974205432 ) ) ;
#955 = CARTESIAN_POINT ( 'NONE',  ( -0.4701942148146541212, 0.4000000000000000222, 2.253794212860282808 ) ) ;
#956 = CARTESIAN_POINT ( 'NONE',  ( -0.06592874783764153535, 0.4000000000000000222, -1.357258257985625383 ) ) ;
#957 = CARTESIAN_POINT ( 'NONE',  ( 0.07668247697382128691, 5.421010862427522170E-17, 0.04729528951949234922 ) ) ;
#958 = EDGE_CURVE ( 'NONE', #1627, #563, #448, .T. ) ;
#959 = CARTESIAN_POINT ( 'NONE',  ( 0.07810139458267149892, 0.4000000000000000222, -1.358968643712202162 ) ) ;
#960 = CARTESIAN_POINT ( 'NONE',  ( -1.293592559516105744, 0.000000000000000000, 1.345831542226201050 ) ) ;
#961 = CARTESIAN_POINT ( 'NONE',  ( 1.243982465311853858, 0.000000000000000000, 2.051838868718113051 ) ) ;
#962 = CARTESIAN_POINT ( 'NONE',  ( 0.000000000000000000, 1.999999999999998224, 1.649999999999999911 ) ) ;
#963 = CARTESIAN_POINT ( 'NONE',  ( -0.8714804555449833234, 0.000000000000000000, -1.860868509759071587 ) ) ;
#964 = EDGE_LOOP ( 'NONE', ( #1183, #2713, #1436, #2206 ) ) ;
#965 = AXIS2_PLACEMENT_3D ( 'NONE', #1909, #413, #1280 ) ;
#966 = CARTESIAN_POINT ( 'NONE',  ( 0.05199814341426693687, 0.4000000000000000222, 0.04792687908496692795 ) ) ;
#967 = CARTESIAN_POINT ( 'NONE',  ( -0.5654261140078035153, 0.000000000000000000, -1.998157950467637667 ) ) ;
#968 = EDGE_LOOP ( 'NONE', ( #329, #2161, #1149, #2109 ) ) ;
#969 = ORIENTED_EDGE ( 'NONE', *, *, #764, .T. ) ;
#970 = CARTESIAN_POINT ( 'NONE',  ( -0.01768698915133480945, 0.4000000000000000222, -1.359087019010951192 ) ) ;
#971 = CARTESIAN_POINT ( 'NONE',  ( 1.247878521276842401, 0.4000000000000000222, 1.957540027798899240 ) ) ;
#972 = CARTESIAN_POINT ( 'NONE',  ( 0.6060977268776693849, 0.4000000000000000222, -0.6748554747840538326 ) ) ;
#973 = EDGE_CURVE ( 'NONE', #576, #692, #1636, .T. ) ;
#974 = CARTESIAN_POINT ( 'NONE',  ( 0.02195696254165246941, 0.000000000000000000, 0.04717457816241941992 ) ) ;
#975 = CARTESIAN_POINT ( 'NONE',  ( 1.188401159173702926, 0.4000000000000000222, 1.589788890452103809 ) ) ;
#976 = CARTESIAN_POINT ( 'NONE',  ( 0.7585493644625721510, 0.4000000000000000222, 2.383523067660129779 ) ) ;
#977 = CARTESIAN_POINT ( 'NONE',  ( 0.8306947672069416866, 0.4000000000000000222, 0.6637440695855283401 ) ) ;
#978 = CARTESIAN_POINT ( 'NONE',  ( -0.3978371634819592439, 0.000000000000000000, 1.355428748825313612 ) ) ;
#979 = VERTEX_POINT ( 'NONE', #201 ) ;
#980 = DIRECTION ( 'NONE',  ( 0.000000000000000000, -0.000000000000000000, 1.000000000000000000 ) ) ;
#981 = CARTESIAN_POINT ( 'NONE',  ( -1.500159207892424851, 0.000000000000000000, -0.2835876764422250451 ) ) ;
#982 = VERTEX_POINT ( 'NONE', #2328 ) ;
#983 = ORIENTED_EDGE ( 'NONE', *, *, #2470, .T. ) ;
#984 = CARTESIAN_POINT ( 'NONE',  ( 1.449138002303328232, 0.000000000000000000, -1.000979571404635671 ) ) ;
#985 = CARTESIAN_POINT ( 'NONE',  ( 0.6079782922283495372, 5.421010862427522170E-17, -0.6240491281147878544 ) ) ;
#986 = CARTESIAN_POINT ( 'NONE',  ( 1.243838347766409447, 0.000000000000000000, 1.761757058553578892 ) ) ;
#987 = CARTESIAN_POINT ( 'NONE',  ( 0.5454723248101498445, 0.4000000000000000777, -0.2217031191542681301 ) ) ;
#988 = CARTESIAN_POINT ( 'NONE',  ( 0.5180383958611499695, 0.4000000000000000222, 1.709609050012152354 ) ) ;
#989 = CARTESIAN_POINT ( 'NONE',  ( -0.9584595345767751295, 0.4000000000000000222, -1.799747567451671193 ) ) ;
#990 = B_SPLINE_SURFACE_WITH_KNOTS ( 'NONE', 3, 1, ( 
 ( #760, #1190 ),
 ( #98, #2641 ),
 ( #1985, #292 ),
 ( #1803, #2652 ),
 ( #72, #86 ),
 ( #2198, #2625 ),
 ( #2213, #516 ),
 ( #2227, #960 ),
 ( #503, #1369 ),
 ( #934, #735 ),
 ( #1157, #490 ),
 ( #1790, #1815 ),
 ( #1142, #2015 ),
 ( #1385, #320 ),
 ( #1172, #1342 ),
 ( #1999, #724 ),
 ( #2665, #747 ),
 ( #2042, #2457 ),
 ( #545, #1398 ),
 ( #2083, #1441 ),
 ( #1203, #1017 ),
 ( #2294, #374 ),
 ( #2112, #1029 ) ),
 .UNSPECIFIED., .F., .F., .F.,
 ( 4, 1, 1, 1, 1, 1, 1, 1, 1, 1, 1, 1, 1, 1, 1, 1, 1, 1, 1, 1, 4 ),
 ( 2, 2 ),
 ( 0.000000000000000000, 0.07457216931171280205, 0.1527554161514170228, 0.2323580946276342096, 0.3117290717927148069, 0.3512783660292334575, 0.3910143221912320000, 0.4301729294757697941, 0.4696691757824080216, 0.5091570943790160175, 0.5481579094544309916, 0.5871629406062947032, 0.6267132742870554774, 0.6669274303848016228, 0.7080523408140582120, 0.7506290821716646855, 0.7948772074630301443, 0.8413201872468037967, 0.8909758532619587168, 0.9434766307800890317, 1.000000000000000000 ),
 ( 0.000000000000000000, 1.000000000000000000 ),
 .UNSPECIFIED. ) ;
#991 = EDGE_CURVE ( 'NONE', #1967, #2134, #1497, .T. ) ;
#992 = ORIENTED_EDGE ( 'NONE', *, *, #2091, .F. ) ;
#993 = CARTESIAN_POINT ( 'NONE',  ( -1.503946301828022802, 0.000000000000000000, 0.006928342931410495266 ) ) ;
#994 = CARTESIAN_POINT ( 'NONE',  ( 1.279745049157847259, 0.4000000000000000222, -1.406718229015606836 ) ) ;
#995 = CARTESIAN_POINT ( 'NONE',  ( -0.1269580112815559825, 0.4000000000000000777, 0.03303627232582422024 ) ) ;
#996 = CARTESIAN_POINT ( 'NONE',  ( -2.922526330762603394E-05, 0.000000000000000000, 2.391436766776857237 ) ) ;
#997 = VERTEX_POINT ( 'NONE', #175 ) ;
#998 = CARTESIAN_POINT ( 'NONE',  ( -1.174022796288867410, 0.4000000000000000222, -1.574705077290193378 ) ) ;
#999 = DIRECTION ( 'NONE',  ( 0.000000000000000000, 0.000000000000000000, 1.000000000000000000 ) ) ;
#1000 = CARTESIAN_POINT ( 'NONE',  ( 0.07810139458267149892, 0.000000000000000000, -1.358968643712202162 ) ) ;
#1001 = CARTESIAN_POINT ( 'NONE',  ( 1.243838347766409447, 0.4000000000000000222, 1.761757058553578892 ) ) ;
#1002 = CARTESIAN_POINT ( 'NONE',  ( 0.9773793055942721075, 0.4000000000000000222, 2.336210608206833239 ) ) ;
#1003 = CARTESIAN_POINT ( 'NONE',  ( 1.129959654963873295, 0.000000000000000000, 1.573872395434410043 ) ) ;
#1004 = CARTESIAN_POINT ( 'NONE',  ( -0.6100216951619940042, 0.4000000000000000222, 0.7439293984354806710 ) ) ;
#1005 = ORIENTED_EDGE ( 'NONE', *, *, #428, .F. ) ;
#1006 = CARTESIAN_POINT ( 'NONE',  ( -0.5694163237399990640, 0.000000000000000000, 0.9711764745203871341 ) ) ;
#1007 = PRODUCT_DEFINITION_CONTEXT ( 'detailed design', #229, 'design' ) ;
#1008 = EDGE_CURVE ( 'NONE', #1967, #352, #2276, .T. ) ;
#1009 = FACE_OUTER_BOUND ( 'NONE', #942, .T. ) ;
#1010 = LINE ( 'NONE', #2094, #1074 ) ;
#1011 = CARTESIAN_POINT ( 'NONE',  ( 1.200606075108257897, 0.000000000000000000, -1.524449076996165164 ) ) ;
#1012 = ORIENTED_EDGE ( 'NONE', *, *, #2305, .F. ) ;
#1013 = AXIS2_PLACEMENT_3D ( 'NONE', #391, #1033, #364 ) ;
#1014 = CARTESIAN_POINT ( 'NONE',  ( -1.278224315200916505, 0.000000000000000000, -1.389272789281125631 ) ) ;
#1015 = CARTESIAN_POINT ( 'NONE',  ( 0.000000000000000000, 20.00000000000000000, 0.000000000000000000 ) ) ;
#1016 = AXIS2_PLACEMENT_3D ( 'NONE', #1677, #11, #1030 ) ;
#1017 = CARTESIAN_POINT ( 'NONE',  ( 0.1834868154258906259, 0.000000000000000000, 2.412080502738826127 ) ) ;
#1018 = CARTESIAN_POINT ( 'NONE',  ( 1.247911638967609482, 0.4000000000000000222, 1.902850509607355578 ) ) ;
#1019 = CARTESIAN_POINT ( 'NONE',  ( 0.5454723248101498445, 0.000000000000000000, -0.2217031191542681301 ) ) ;
#1020 = CARTESIAN_POINT ( 'NONE',  ( 0.4885312917008148292, 0.000000000000000000, -0.1234428337401637099 ) ) ;
#1021 = CARTESIAN_POINT ( 'NONE',  ( 1.210736381138048268, 0.000000000000000000, 1.613571377452304390 ) ) ;
#1022 = CARTESIAN_POINT ( 'NONE',  ( -0.4525760192265584347, 0.000000000000000000, 1.269323478335525390 ) ) ;
#1023 = CARTESIAN_POINT ( 'NONE',  ( 0.4254292137871495405, -5.421010862427522170E-17, 0.7485897850315808011 ) ) ;
#1024 = CARTESIAN_POINT ( 'NONE',  ( 0.05199814341426693687, 5.421010862427522170E-17, 0.04792687908496692795 ) ) ;
#1025 = CARTESIAN_POINT ( 'NONE',  ( -1.502703470600414315, -0.000000000000000000, 0.09361552242279350122 ) ) ;
#1026 = ORIENTED_EDGE ( 'NONE', *, *, #1712, .T. ) ;
#1027 = CARTESIAN_POINT ( 'NONE',  ( 1.129959654963873295, 0.000000000000000000, 1.573872395434410043 ) ) ;
#1028 = CARTESIAN_POINT ( 'NONE',  ( 0.3719867182712931486, 0.4000000000000000222, 1.711867468341502718 ) ) ;
#1029 = CARTESIAN_POINT ( 'NONE',  ( 0.3759865754570058671, 0.000000000000000000, 2.415842333026959832 ) ) ;
#1030 = DIRECTION ( 'NONE',  ( 0.000000000000000000, 0.000000000000000000, -1.000000000000000000 ) ) ;
#1031 = CARTESIAN_POINT ( 'NONE',  ( 1.195137459543802239, 0.4000000000000000222, 2.227186074266369165 ) ) ;
#1032 = CARTESIAN_POINT ( 'NONE',  ( -2.922526330762603394E-05, 0.4000000000000000222, 2.391436766776857237 ) ) ;
#1033 = DIRECTION ( 'NONE',  ( 0.000000000000000000, 1.000000000000000000, -0.000000000000000000 ) ) ;
#1034 = CARTESIAN_POINT ( 'NONE',  ( -0.3978371634819592439, 0.000000000000000000, 1.355428748825313612 ) ) ;
#1035 = CARTESIAN_POINT ( 'NONE',  ( 1.135984988793994788, -5.421010862427522170E-17, 0.4838349434459537912 ) ) ;
#1036 = CARTESIAN_POINT ( 'NONE',  ( -0.1362862536989596085, 0.4000000000000000222, -1.347903868065071009 ) ) ;
#1037 = CARTESIAN_POINT ( 'NONE',  ( 1.224410471984811899, 0.000000000000000000, 2.169516475875218120 ) ) ;
#1038 = AXIS2_PLACEMENT_3D ( 'NONE', #1635, #751, #323 ) ;
#1039 = EDGE_LOOP ( 'NONE', ( #715, #898, #537, #782 ) ) ;
#1040 = CARTESIAN_POINT ( 'NONE',  ( -0.6752878078060172706, 0.000000000000000000, -1.960270036974205432 ) ) ;
#1041 = CARTESIAN_POINT ( 'NONE',  ( 0.6517289156108295733, 0.4000000000000000222, 1.694341658168746489 ) ) ;
#1042 = CARTESIAN_POINT ( 'NONE',  ( 0.5253735471882956531, 0.000000000000000000, -1.040714663396445694 ) ) ;
#1043 = CARTESIAN_POINT ( 'NONE',  ( 0.9431666891824916910, 0.000000000000000000, 0.6135807768843812848 ) ) ;
#1044 = EDGE_CURVE ( 'NONE', #1994, #1542, #1370, .T. ) ;
#1045 = B_SPLINE_SURFACE_WITH_KNOTS ( 'NONE', 3, 1, ( 
 ( #2595, #276 ),
 ( #722, #2430 ),
 ( #1746, #1520 ),
 ( #1788, #2210 ),
 ( #1324, #1140 ),
 ( #2195, #1547 ),
 ( #1983, #2013 ),
 ( #2403, #488 ),
 ( #2166, #678 ),
 ( #1367, #1126 ),
 ( #2580, #513 ) ),
 .UNSPECIFIED., .F., .F., .F.,
 ( 4, 1, 1, 1, 1, 1, 1, 1, 4 ),
 ( 2, 2 ),
 ( 0.000000000000000000, 0.09741590308594595682, 0.2050152849259059828, 0.3198253752958257201, 0.4408081955258751350, 0.5690767849602487161, 0.7041683363533292050, 0.8483638127468398071, 1.000000000000000000 ),
 ( 0.000000000000000000, 1.000000000000000000 ),
 .UNSPECIFIED. ) ;
#1046 = CARTESIAN_POINT ( 'NONE',  ( 0.000000000000000000, 20.50000000000001066, 0.000000000000000000 ) ) ;
#1047 = CARTESIAN_POINT ( 'NONE',  ( 1.247955441942401933, 0.000000000000000000, 1.935859470741420729 ) ) ;
#1048 = B_SPLINE_CURVE_WITH_KNOTS ( 'NONE', 3,
 ( #659, #1936, #1741, #1571, #1081, #1726, #716, #1095, #470, #22, #865, #2591, #439, #2575, #257, #1348, #674, #1543, #1949 ),
 .UNSPECIFIED., .F., .F.,
 ( 4, 1, 1, 1, 1, 1, 1, 1, 1, 1, 1, 1, 1, 1, 1, 1, 4 ),
 ( 0.000000000000000000, 0.07748449289190531553, 0.1495159045480578264, 0.2166015471281309557, 0.2799855673285174262, 0.3400927611851063959, 0.3974145300729933772, 0.4532893925080114239, 0.5083873508585727841, 0.5634918468275667003, 0.6195490794626495878, 0.6769838554888166771, 0.7366519462640243043, 0.7988136362078912533, 0.8629434650515755978, 0.9298947301663228471, 1.000000000000000000 ),
 .UNSPECIFIED. ) ;
#1049 = CARTESIAN_POINT ( 'NONE',  ( 1.503946301828022580, 0.4000000000000000222, -0.5350523057326774801 ) ) ;
#1050 = CARTESIAN_POINT ( 'NONE',  ( 1.345878635049035710, -5.421010862427522170E-17, 0.2168669628720387710 ) ) ;
#1051 = CARTESIAN_POINT ( 'NONE',  ( -0.2998000757898575674, 0.000000000000000000, -0.01176555552139983349 ) ) ;
#1052 = CARTESIAN_POINT ( 'NONE',  ( 1.210196830143370095, 0.000000000000000000, 2.198795047959698046 ) ) ;
#1053 = EDGE_LOOP ( 'NONE', ( #867, #1093, #1725, #1657 ) ) ;
#1054 = CARTESIAN_POINT ( 'NONE',  ( -1.503946301828022802, 0.000000000000000000, 0.006928342931410495266 ) ) ;
#1055 =( LENGTH_UNIT ( ) NAMED_UNIT ( * ) SI_UNIT ( .MILLI., .METRE. ) );
#1056 = CARTESIAN_POINT ( 'NONE',  ( -0.6752878078060172706, 0.4000000000000000222, -1.960270036974205432 ) ) ;
#1057 = CARTESIAN_POINT ( 'NONE',  ( 0.02195696254165246941, -0.000000000000000000, 0.04717457816241941992 ) ) ;
#1058 = ADVANCED_FACE ( 'NONE', ( #812 ), #2522, .F. ) ;
#1059 = CARTESIAN_POINT ( 'NONE',  ( 1.502881458912854074, 0.4000000000000000222, -0.5887713369174855105 ) ) ;
#1060 = CARTESIAN_POINT ( 'NONE',  ( -0.5988900808087005423, 0.000000000000000000, -0.4805473453624286573 ) ) ;
#1061 = CARTESIAN_POINT ( 'NONE',  ( 0.6339983622819967968, 0.000000000000000000, 2.400794134260629153 ) ) ;
#1062 = CARTESIAN_POINT ( 'NONE',  ( 0.3282550274411938918, -0.000000000000000000, 1.710798621552192200 ) ) ;
#1063 = CARTESIAN_POINT ( 'NONE',  ( 1.203367803595741137, 0.4000000000000000222, 0.4155234902910168171 ) ) ;
#1064 = CARTESIAN_POINT ( 'NONE',  ( -0.5988900808087005423, 0.4000000000000000222, -0.4805473453624286573 ) ) ;
#1065 = CARTESIAN_POINT ( 'NONE',  ( -1.503946301828022802, 0.4000000000000000222, 0.006928342931410495266 ) ) ;
#1066 = ORIENTED_EDGE ( 'NONE', *, *, #2344, .F. ) ;
#1067 = CARTESIAN_POINT ( 'NONE',  ( -0.5988900808087005423, 0.000000000000000000, -0.4805473453624286573 ) ) ;
#1068 = DIRECTION ( 'NONE',  ( -0.000000000000000000, -1.000000000000000000, -0.000000000000000000 ) ) ;
#1069 = CARTESIAN_POINT ( 'NONE',  ( -0.6214437569090350832, 0.000000000000000000, 0.6231207840953331134 ) ) ;
#1070 = CARTESIAN_POINT ( 'NONE',  ( 1.436080664225350967, 0.000000000000000000, -0.005232628780451329016 ) ) ;
#1071 = CARTESIAN_POINT ( 'NONE',  ( 1.279745049157847259, 0.4000000000000000222, -1.406718229015606836 ) ) ;
#1072 = CARTESIAN_POINT ( 'NONE',  ( 0.6517289156108295733, 0.4000000000000000222, 1.694341658168746489 ) ) ;
#1073 = CARTESIAN_POINT ( 'NONE',  ( 0.1834868154258906259, 0.000000000000000000, 2.412080502738826127 ) ) ;
#1074 = VECTOR ( 'NONE', #1462, 1000.000000000000000 ) ;
#1075 = CARTESIAN_POINT ( 'NONE',  ( -1.481788252514526727, 0.000000000000000000, 0.5408426264245004278 ) ) ;
#1076 = PLANE ( 'NONE',  #1667 ) ;
#1077 = CARTESIAN_POINT ( 'NONE',  ( -0.4467774825210681366, 0.000000000000000000, -2.028483091765266533 ) ) ;
#1078 = CARTESIAN_POINT ( 'NONE',  ( 0.3744299140773779122, 0.000000000000000000, -1.243119070397243009 ) ) ;
#1079 = EDGE_CURVE ( 'NONE', #177, #1978, #1135, .T. ) ;
#1080 = ORIENTED_EDGE ( 'NONE', *, *, #2126, .T. ) ;
#1081 = CARTESIAN_POINT ( 'NONE',  ( 0.7071806195697314390, 0.000000000000000000, 0.7040441181214833755 ) ) ;
#1082 = CARTESIAN_POINT ( 'NONE',  ( 0.02195696254165246941, 0.4000000000000000777, 0.04717457816241941992 ) ) ;
#1083 = EDGE_LOOP ( 'NONE', ( #1991, #1586, #2618, #2074 ) ) ;
#1084 = CARTESIAN_POINT ( 'NONE',  ( -1.038057419247566004, 0.4000000000000000222, -1.731603056397593265 ) ) ;
#1085 = CARTESIAN_POINT ( 'NONE',  ( -0.1269580112815559825, 0.000000000000000000, 0.03303627232582422024 ) ) ;
#1086 = CARTESIAN_POINT ( 'NONE',  ( 0.1222607413952057076, 0.000000000000000000, 1.690608049977929461 ) ) ;
#1087 = CARTESIAN_POINT ( 'NONE',  ( -0.1362862536989596085, 0.4000000000000000222, -1.347903868065071009 ) ) ;
#1088 = CARTESIAN_POINT ( 'NONE',  ( 0.1416651359824126766, 0.4000000000000000222, -2.060658768469183055 ) ) ;
#1089 = DIRECTION ( 'NONE',  ( -0.000000000000000000, -1.000000000000000000, -0.000000000000000000 ) ) ;
#1090 = CARTESIAN_POINT ( 'NONE',  ( 1.140459432139450335, 0.4000000000000000222, 1.574464077945371132 ) ) ;
#1091 = CARTESIAN_POINT ( 'NONE',  ( 0.6053006789224337769, 0.4000000000000000222, -0.4751158567985962478 ) ) ;
#1092 = CARTESIAN_POINT ( 'NONE',  ( 0.3744299140773779122, 0.4000000000000000222, -1.243119070397243009 ) ) ;
#1093 = ORIENTED_EDGE ( 'NONE', *, *, #107, .F. ) ;
#1094 = EDGE_CURVE ( 'NONE', #1276, #979, #2504, .T. ) ;
#1095 = CARTESIAN_POINT ( 'NONE',  ( 1.045712044255869166, 0.000000000000000000, 0.5547913470144723025 ) ) ;
#1096 = CARTESIAN_POINT ( 'NONE',  ( -0.3684214593006734373, 0.000000000000000000, -1.227103062062299355 ) ) ;
#1097 = ORIENTED_EDGE ( 'NONE', *, *, #720, .F. ) ;
#1098 = CYLINDRICAL_SURFACE ( 'NONE', #965, 4.349999999999999645 ) ;
#1099 = CARTESIAN_POINT ( 'NONE',  ( 0.6079782922283495372, 5.421010862427522170E-17, -0.6240491281147878544 ) ) ;
#1100 = CARTESIAN_POINT ( 'NONE',  ( 0.01091882180168933514, 0.4000000000000000222, 1.660914918797163464 ) ) ;
#1101 = CARTESIAN_POINT ( 'NONE',  ( 1.021265402008882051, 0.4000000000000000222, 1.597266415211350044 ) ) ;
#1102 = CARTESIAN_POINT ( 'NONE',  ( 1.350378927346777447, 0.4000000000000000222, -1.281096199951931247 ) ) ;
#1103 = CARTESIAN_POINT ( 'NONE',  ( 0.2709903243320438970, 0.4000000000000000222, 0.7519017437704242912 ) ) ;
#1104 = FILL_AREA_STYLE ('',( #253 ) ) ;
#1105 = CARTESIAN_POINT ( 'NONE',  ( 0.9508079546018827211, 0.000000000000000000, 1.620318847936864870 ) ) ;
#1106 = CARTESIAN_POINT ( 'NONE',  ( 0.5733498228725788515, 0.000000000000000000, -0.9141805316441796725 ) ) ;
#1107 = EDGE_LOOP ( 'NONE', ( #129, #2020, #469, #1307 ) ) ;
#1108 = FACE_OUTER_BOUND ( 'NONE', #2259, .T. ) ;
#1109 = CARTESIAN_POINT ( 'NONE',  ( 1.243982465311853858, 0.000000000000000000, 2.051838868718113051 ) ) ;
#1110 = VERTEX_POINT ( 'NONE', #1302 ) ;
#1111 = CARTESIAN_POINT ( 'NONE',  ( 0.000000000000000000, 20.00000000000000000, -5.049999999999999822 ) ) ;
#1112 = CARTESIAN_POINT ( 'NONE',  ( -0.004438797966525587398, 0.000000000000000000, 0.7317548996275882178 ) ) ;
#1113 = B_SPLINE_SURFACE_WITH_KNOTS ( 'NONE', 3, 1, ( 
 ( #1335, #2373 ),
 ( #2400, #1742 ),
 ( #1572, #2605 ),
 ( #2427, #1727 ),
 ( #38, #2592 ),
 ( #485, #866 ),
 ( #510, #1517 ),
 ( #2190, #1980 ),
 ( #2576, #675 ),
 ( #1306, #882 ),
 ( #2388, #471 ),
 ( #286, #67 ),
 ( #2177, #912 ),
 ( #2620, #1137 ),
 ( #1993, #717 ),
 ( #1773, #1109 ),
 ( #1966, #1757 ),
 ( #705, #1363 ),
 ( #80, #1559 ) ),
 .UNSPECIFIED., .F., .F., .F.,
 ( 4, 1, 1, 1, 1, 1, 1, 1, 1, 1, 1, 1, 1, 1, 1, 1, 4 ),
 ( 2, 2 ),
 ( 0.000000000000000000, 0.1119261970326589362, 0.2251451456750430957, 0.3355252657556961338, 0.4389329017610922312, 0.5319004041431807384, 0.6108896061952105994, 0.6726152953793144151, 0.7120622608783739871, 0.7402705137878743402, 0.7674882167521831500, 0.7950491577784558617, 0.8247129237244011923, 0.8575418327256367768, 0.8967209689796649119, 0.9436235011633283820, 1.000000000000000000 ),
 ( 0.000000000000000000, 1.000000000000000000 ),
 .UNSPECIFIED. ) ;
#1114 = CARTESIAN_POINT ( 'NONE',  ( -0.03699867896784364563, 0.4000000000000000222, -2.063997714971405273 ) ) ;
#1115 = DIRECTION ( 'NONE',  ( 0.000000000000000000, 0.000000000000000000, 1.000000000000000000 ) ) ;
#1116 = CARTESIAN_POINT ( 'NONE',  ( 1.247878521276842401, -0.000000000000000000, 1.957540027798899240 ) ) ;
#1117 = CARTESIAN_POINT ( 'NONE',  ( -1.503946301828022802, 0.000000000000000000, 0.006928342931410495266 ) ) ;
#1118 = DIRECTION ( 'NONE',  ( 0.000000000000000000, 0.000000000000000000, -1.000000000000000000 ) ) ;
#1119 = CARTESIAN_POINT ( 'NONE',  ( 0.8667037140031104148, 0.000000000000000000, 1.647159192265628791 ) ) ;
#1120 = CARTESIAN_POINT ( 'NONE',  ( -0.3263473260372625195, 0.000000000000000000, 2.311808083039142758 ) ) ;
#1121 = ORIENTED_EDGE ( 'NONE', *, *, #139, .T. ) ;
#1122 = CARTESIAN_POINT ( 'NONE',  ( -0.3558880559560291812, 0.4000000000000000222, 0.6393967983115668163 ) ) ;
#1123 = CARTESIAN_POINT ( 'NONE',  ( -0.4926273976488560469, 0.000000000000000000, -1.035842335792178881 ) ) ;
#1124 = ORIENTED_EDGE ( 'NONE', *, *, #2099, .T. ) ;
#1125 = CARTESIAN_POINT ( 'NONE',  ( -0.01768698915133480945, 0.000000000000000000, -1.359087019010951192 ) ) ;
#1126 = CARTESIAN_POINT ( 'NONE',  ( 0.2232624183212995050, -5.421010862427522170E-17, 0.7512031024937428914 ) ) ;
#1127 = CARTESIAN_POINT ( 'NONE',  ( 0.1222607413952057076, 0.4000000000000000222, 1.690608049977929461 ) ) ;
#1128 = EDGE_CURVE ( 'NONE', #2178, #1728, #2007, .T. ) ;
#1129 = CARTESIAN_POINT ( 'NONE',  ( -0.5369248257273104841, 0.000000000000000000, -0.1228937636899803398 ) ) ;
#1130 = CARTESIAN_POINT ( 'NONE',  ( 1.210196830143370095, 0.000000000000000000, 2.198795047959698046 ) ) ;
#1131 = CARTESIAN_POINT ( 'NONE',  ( -0.5437556030265793261, 0.4000000000000000222, 0.5484740700599507468 ) ) ;
#1132 = CARTESIAN_POINT ( 'NONE',  ( 0.2232624183212995050, -0.000000000000000000, 0.7512031024937428914 ) ) ;
#1133 = CARTESIAN_POINT ( 'NONE',  ( 1.135984988793994788, 0.4000000000000000222, 0.4838349434459537912 ) ) ;
#1134 = ORIENTED_EDGE ( 'NONE', *, *, #6, .F. ) ;
#1135 = B_SPLINE_CURVE_WITH_KNOTS ( 'NONE', 3,
 ( #2340, #421, #451, #507, #2588, #77, #2202, #226, #1133, #1526, #862, #1511, #34, #671, #2144, #2369, #893, #2384, #1990 ),
 .UNSPECIFIED., .F., .F.,
 ( 4, 1, 1, 1, 1, 1, 1, 1, 1, 1, 1, 1, 1, 1, 1, 1, 4 ),
 ( 0.000000000000000000, 0.07748449289190531553, 0.1495159045480578264, 0.2166015471281309557, 0.2799855673285174262, 0.3400927611851063959, 0.3974145300729933772, 0.4532893925080114239, 0.5083873508585727841, 0.5634918468275667003, 0.6195490794626495878, 0.6769838554888166771, 0.7366519462640243043, 0.7988136362078912533, 0.8629434650515755978, 0.9298947301663228471, 1.000000000000000000 ),
 .UNSPECIFIED. ) ;
#1136 = CARTESIAN_POINT ( 'NONE',  ( -0.4543382057166248100, 0.4000000000000000222, 0.5946966549969864291 ) ) ;
#1137 = CARTESIAN_POINT ( 'NONE',  ( 1.232104787064420615, 0.000000000000000000, 2.135616197999692378 ) ) ;
#1138 = EDGE_LOOP ( 'NONE', ( #91, #1905, #2401, #620, #163, #1599, #1846, #541, #2037 ) ) ;
#1139 = CARTESIAN_POINT ( 'NONE',  ( -0.3190266907691747256, 0.000000000000000000, -1.272333228690089246 ) ) ;
#1140 = CARTESIAN_POINT ( 'NONE',  ( -0.3558880559560291812, -5.421010862427522170E-17, 0.6393967983115668163 ) ) ;
#1141 = CARTESIAN_POINT ( 'NONE',  ( -0.6214437569090350832, 0.000000000000000000, 0.6231207840953331134 ) ) ;
#1142 = CARTESIAN_POINT ( 'NONE',  ( -0.9349305148671402943, 0.4000000000000000222, 1.925687113072190204 ) ) ;
#1143 = CARTESIAN_POINT ( 'NONE',  ( 0.7585493644625721510, 0.4000000000000000222, 2.383523067660129779 ) ) ;
#1144 = EDGE_CURVE ( 'NONE', #2342, #284, #1501, .T. ) ;
#1145 = AXIS2_PLACEMENT_3D ( 'NONE', #307, #948, #1603 ) ;
#1146 = FACE_OUTER_BOUND ( 'NONE', #102, .T. ) ;
#1147 = FACE_OUTER_BOUND ( 'NONE', #316, .T. ) ;
#1148 = CARTESIAN_POINT ( 'NONE',  ( 0.1222607413952057076, 0.4000000000000000222, 1.690608049977929461 ) ) ;
#1149 = ORIENTED_EDGE ( 'NONE', *, *, #2684, .T. ) ;
#1150 = VECTOR ( 'NONE', #713, 1000.000000000000000 ) ;
#1151 = CARTESIAN_POINT ( 'NONE',  ( -0.8714804555449833234, 0.000000000000000000, -1.860868509759071587 ) ) ;
#1152 = CARTESIAN_POINT ( 'NONE',  ( -0.3826000310090528767, 0.000000000000000000, -0.04413080695455469382 ) ) ;
#1153 = CARTESIAN_POINT ( 'NONE',  ( -1.025705857673708143, 0.000000000000000000, 1.823265710966915032 ) ) ;
#1154 = ADVANCED_FACE ( 'NONE', ( #2629 ), #1908, .F. ) ;
#1155 = CARTESIAN_POINT ( 'NONE',  ( -0.4564971039580408840, 0.000000000000000000, -1.110671582415041714 ) ) ;
#1156 = CARTESIAN_POINT ( 'NONE',  ( 0.07668247697382128691, 0.4000000000000000777, 0.04729528951949234922 ) ) ;
#1157 = CARTESIAN_POINT ( 'NONE',  ( -1.105916684414767204, 0.4000000000000000222, 1.712473838393966608 ) ) ;
#1158 = CARTESIAN_POINT ( 'NONE',  ( 1.232104787064420615, 0.4000000000000000222, 2.135616197999692378 ) ) ;
#1159 = CARTESIAN_POINT ( 'NONE',  ( 1.135984988793994788, 0.4000000000000000222, 0.4838349434459537912 ) ) ;
#1160 = DIRECTION ( 'NONE',  ( -0.000000000000000000, -1.000000000000000000, -0.000000000000000000 ) ) ;
#1161 = B_SPLINE_CURVE_WITH_KNOTS ( 'NONE', 3,
 ( #127, #1415, #2654, #2031, #75, #977, #1831, #950, #1159, #737, #113, #923, #2681, #1401, #350, #2257, #1387, #89, #936 ),
 .UNSPECIFIED., .F., .F.,
 ( 4, 1, 1, 1, 1, 1, 1, 1, 1, 1, 1, 1, 1, 1, 1, 1, 4 ),
 ( 0.000000000000000000, 0.07748449289190531553, 0.1495159045480578264, 0.2166015471281309557, 0.2799855673285174262, 0.3400927611851063959, 0.3974145300729933772, 0.4532893925080114239, 0.5083873508585727841, 0.5634918468275667003, 0.6195490794626495878, 0.6769838554888166771, 0.7366519462640243043, 0.7988136362078912533, 0.8629434650515755978, 0.9298947301663228471, 1.000000000000000000 ),
 .UNSPECIFIED. ) ;
#1162 = ORIENTED_EDGE ( 'NONE', *, *, #57, .T. ) ;
#1163 = B_SPLINE_CURVE_WITH_KNOTS ( 'NONE', 3,
 ( #1412, #2485, #1000, #1241, #1631, #2267, #571, #2280, #1042, #1840, #347, #402, #1896 ),
 .UNSPECIFIED., .F., .F.,
 ( 4, 1, 1, 1, 1, 1, 1, 1, 1, 1, 4 ),
 ( 0.000000000000000000, 0.06732887610035417914, 0.1316880279369291307, 0.1926550569959324111, 0.2513013160743755581, 0.3655971930543417403, 0.4799388861279362817, 0.5989931897383546922, 0.7240969136348831547, 0.8576774776366086206, 1.000000000000000000 ),
 .UNSPECIFIED. ) ;
#1164 = DIRECTION ( 'NONE',  ( 0.000000000000000000, 1.000000000000000000, 0.000000000000000000 ) ) ;
#1165 = EDGE_CURVE ( 'NONE', #2398, #2742, #550, .T. ) ;
#1166 = CARTESIAN_POINT ( 'NONE',  ( -1.229593722297066316, 0.000000000000000000, -1.485238411582298301 ) ) ;
#1167 = ORIENTED_EDGE ( 'NONE', *, *, #2470, .F. ) ;
#1168 = EDGE_LOOP ( 'NONE', ( #1755, #520, #1318, #228, #2462, #2192, #498, #2232, #1066 ) ) ;
#1169 = CARTESIAN_POINT ( 'NONE',  ( -0.06592874783764153535, 0.000000000000000000, -1.357258257985625383 ) ) ;
#1170 = DIRECTION ( 'NONE',  ( 0.000000000000000000, 0.000000000000000000, 1.000000000000000000 ) ) ;
#1171 =( LENGTH_UNIT ( ) NAMED_UNIT ( * ) SI_UNIT ( .MILLI., .METRE. ) );
#1172 = CARTESIAN_POINT ( 'NONE',  ( -0.7246252955334693269, 0.4000000000000000222, 2.108603648726985469 ) ) ;
#1173 = PRODUCT_DEFINITION_SHAPE ( 'NONE', 'NONE',  #2147 ) ;
#1174 = VECTOR ( 'NONE', #2148, 1000.000000000000000 ) ;
#1175 = CARTESIAN_POINT ( 'NONE',  ( 1.247878521276842401, 0.4000000000000000222, 1.957540027798899240 ) ) ;
#1176 = CARTESIAN_POINT ( 'NONE',  ( 0.1834868154258906259, 0.4000000000000000222, 2.412080502738826127 ) ) ;
#1177 = CARTESIAN_POINT ( 'NONE',  ( -0.08959843530728267558, 0.000000000000000000, 1.618464666938487007 ) ) ;
#1178 = ORIENTED_EDGE ( 'NONE', *, *, #868, .F. ) ;
#1179 = B_SPLINE_CURVE_WITH_KNOTS ( 'NONE', 3,
 ( #1791, #59, #532, #904, #1537, #1386, #491, #949, #2000, #2666, #2421, #2228, #2642, #1779, #1764, #736, #308, #2394, #1551 ),
 .UNSPECIFIED., .F., .F.,
 ( 4, 1, 1, 1, 1, 1, 1, 1, 1, 1, 1, 1, 1, 1, 1, 1, 4 ),
 ( 0.000000000000000000, 0.07748449289190531553, 0.1495159045480578264, 0.2166015471281309557, 0.2799855673285174262, 0.3400927611851063959, 0.3974145300729933772, 0.4532893925080114239, 0.5083873508585727841, 0.5634918468275667003, 0.6195490794626495878, 0.6769838554888166771, 0.7366519462640243043, 0.7988136362078912533, 0.8629434650515755978, 0.9298947301663228471, 1.000000000000000000 ),
 .UNSPECIFIED. ) ;
#1180 = CARTESIAN_POINT ( 'NONE',  ( -0.08603315640549663579, -0.000000000000000000, -2.063393748209602307 ) ) ;
#1181 = CARTESIAN_POINT ( 'NONE',  ( -1.362540456492543628, 0.4000000000000000222, -1.181773637004406519 ) ) ;
#1182 = CARTESIAN_POINT ( 'NONE',  ( -0.8347250770551306598, 0.4000000000000000222, 2.020873751968264909 ) ) ;
#1183 = ORIENTED_EDGE ( 'NONE', *, *, #74, .T. ) ;
#1184 = EDGE_CURVE ( 'NONE', #2079, #1673, #1844, .T. ) ;
#1185 = CARTESIAN_POINT ( 'NONE',  ( -0.3826000310090528767, 0.4000000000000000222, -0.04413080695455469382 ) ) ;
#1186 = CARTESIAN_POINT ( 'NONE',  ( 1.224410471984811899, 0.4000000000000000222, 2.169516475875218120 ) ) ;
#1187 = B_SPLINE_CURVE_WITH_KNOTS ( 'NONE', 3,
 ( #2637, #664, #1575, #1969, #1310, #1955, #474, #1112, #945, #41, #1340 ),
 .UNSPECIFIED., .F., .F.,
 ( 4, 1, 1, 1, 1, 1, 1, 1, 4 ),
 ( 0.000000000000000000, 0.09741590308594595682, 0.2050152849259059828, 0.3198253752958257201, 0.4408081955258751350, 0.5690767849602487161, 0.7041683363533292050, 0.8483638127468398071, 1.000000000000000000 ),
 .UNSPECIFIED. ) ;
#1188 = B_SPLINE_CURVE_WITH_KNOTS ( 'NONE', 3,
 ( #1028, #1868, #2757, #386, #1439, #217, #1882, #1923, #1675, #193, #2539, #2293, #622, #2731, #818, #1478, #2526, #584, #611 ),
 .UNSPECIFIED., .F., .F.,
 ( 4, 1, 1, 1, 1, 1, 1, 1, 1, 1, 1, 1, 1, 1, 1, 1, 4 ),
 ( 0.000000000000000000, 0.07360890242769976832, 0.1422749985349699986, 0.2062743646621597315, 0.2671553263977909931, 0.3254993376348726541, 0.3819690673269469650, 0.4387392884392607995, 0.4950189967285443249, 0.5523195340389878139, 0.6103087518980346848, 0.6700350464462168087, 0.7320263128239695716, 0.7957716388051463419, 0.8615792867094483887, 0.9292190780445040987, 0.9999999999999998890 ),
 .UNSPECIFIED. ) ;
#1189 = CARTESIAN_POINT ( 'NONE',  ( 0.6024521072262755128, 0.000000000000000000, -0.7733474605935476420 ) ) ;
#1190 = CARTESIAN_POINT ( 'NONE',  ( -1.503946301828022580, 0.000000000000000000, 0.006928342931410494399 ) ) ;
#1191 = CARTESIAN_POINT ( 'NONE',  ( 0.4190163551453530144, 0.000000000000000000, 2.415091457653803619 ) ) ;
#1192 = CARTESIAN_POINT ( 'NONE',  ( 0.02374737520050454118, -0.000000000000000000, -2.062862466487285662 ) ) ;
#1193 = CARTESIAN_POINT ( 'NONE',  ( 0.2437282101191256267, 0.000000000000000000, 1.708732700578398989 ) ) ;
#1194 = ORIENTED_EDGE ( 'NONE', *, *, #82, .F. ) ;
#1195 = COLOUR_RGB ( '',0.7921568627450980005, 0.8196078431372548767, 0.9333333333333333481 ) ;
#1196 = CARTESIAN_POINT ( 'NONE',  ( 5.327213576290986242E-16, 23.00000000000000000, 4.349999999999999645 ) ) ;
#1197 = CARTESIAN_POINT ( 'NONE',  ( -1.484723300687193825, 0.4000000000000000222, -0.5629300972360993249 ) ) ;
#1198 = ORIENTED_EDGE ( 'NONE', *, *, #2040, .T. ) ;
#1199 = ORIENTED_EDGE ( 'NONE', *, *, #294, .F. ) ;
#1200 = B_SPLINE_SURFACE_WITH_KNOTS ( 'NONE', 3, 1, ( 
 ( #1230, #2102 ),
 ( #2473, #1191 ),
 ( #2488, #183 ),
 ( #2070, #560 ),
 ( #976, #362 ),
 ( #588, #546 ),
 ( #1002, #153 ),
 ( #1829, #2256 ),
 ( #1842, #774 ),
 ( #748, #1871 ),
 ( #1031, #2085 ),
 ( #2044, #2694 ),
 ( #349, #1856 ),
 ( #1633, #1604 ),
 ( #2722, #1217 ),
 ( #126, #2709 ),
 ( #2296, #790 ),
 ( #2458, #1647 ),
 ( #573, #1400 ) ),
 .UNSPECIFIED., .F., .F., .F.,
 ( 4, 1, 1, 1, 1, 1, 1, 1, 1, 1, 1, 1, 1, 1, 1, 1, 4 ),
 ( 2, 2 ),
 ( 0.000000000000000000, 0.1119261970326589362, 0.2251451456750430957, 0.3355252657556961338, 0.4389329017610922312, 0.5319004041431807384, 0.6108896061952105994, 0.6726152953793144151, 0.7120622608783739871, 0.7402705137878743402, 0.7674882167521831500, 0.7950491577784558617, 0.8247129237244011923, 0.8575418327256367768, 0.8967209689796649119, 0.9436235011633283820, 1.000000000000000000 ),
 ( 0.000000000000000000, 1.000000000000000000 ),
 .UNSPECIFIED. ) ;
#1201 = CARTESIAN_POINT ( 'NONE',  ( 1.503946301828022580, 0.4000000000000000222, -0.5350523057326774801 ) ) ;
#1202 = DIRECTION ( 'NONE',  ( -0.000000000000000000, -1.000000000000000000, -0.000000000000000000 ) ) ;
#1203 = CARTESIAN_POINT ( 'NONE',  ( 0.1834868154258906259, 0.4000000000000000222, 2.412080502738826127 ) ) ;
#1204 = FACE_BOUND ( 'NONE', #2095, .T. ) ;
#1205 = ADVANCED_FACE ( 'NONE', ( #2004 ), #2689, .F. ) ;
#1206 = CARTESIAN_POINT ( 'NONE',  ( 0.5818557828519007602, 0.4000000000000000777, -0.3392671702461257932 ) ) ;
#1207 = CARTESIAN_POINT ( 'NONE',  ( 0.3129311139769925254, 0.000000000000000000, -2.037608386554000006 ) ) ;
#1208 = CARTESIAN_POINT ( 'NONE',  ( -1.229593722297066316, 0.4000000000000000222, -1.485238411582298301 ) ) ;
#1209 = ORIENTED_EDGE ( 'NONE', *, *, #1283, .T. ) ;
#1210 = CARTESIAN_POINT ( 'NONE',  ( -1.362540456492543628, 0.000000000000000000, -1.181773637004406519 ) ) ;
#1211 = CARTESIAN_POINT ( 'NONE',  ( -0.2145402931608147712, 0.4000000000000000777, 0.01401564182741386715 ) ) ;
#1212 = CARTESIAN_POINT ( 'NONE',  ( -0.1701260788451311734, 0.000000000000000000, 2.359859555126500030 ) ) ;
#1213 = CARTESIAN_POINT ( 'NONE',  ( -0.5654261140078035153, 0.4000000000000000222, -1.998157950467637667 ) ) ;
#1214 = AXIS2_PLACEMENT_3D ( 'NONE', #2548, #1475, #594 ) ;
#1215 = CARTESIAN_POINT ( 'NONE',  ( 0.5253735471882956531, 0.4000000000000000222, -1.040714663396445694 ) ) ;
#1216 = CYLINDRICAL_SURFACE ( 'NONE', #2229, 5.049999999999999822 ) ;
#1217 = CARTESIAN_POINT ( 'NONE',  ( 1.241670248817535738, 0.000000000000000000, 2.097664290221880279 ) ) ;
#1218 = EDGE_CURVE ( 'NONE', #997, #1445, #460, .T. ) ;
#1219 = DIRECTION ( 'NONE',  ( 0.000000000000000000, 0.000000000000000000, -1.000000000000000000 ) ) ;
#1220 = CARTESIAN_POINT ( 'NONE',  ( -0.5694163237399990640, 0.4000000000000000222, 0.9711764745203871341 ) ) ;
#1221 = ORIENTED_EDGE ( 'NONE', *, *, #784, .F. ) ;
#1222 = CARTESIAN_POINT ( 'NONE',  ( 0.3719867182712931486, 0.000000000000000000, 1.711867468341502718 ) ) ;
#1223 = CARTESIAN_POINT ( 'NONE',  ( 1.216554618490732764, 0.4000000000000000222, 0.4043917312098770922 ) ) ;
#1224 = CARTESIAN_POINT ( 'NONE',  ( 0.4734984663251144976, 0.4000000000000000222, -2.002898176321272761 ) ) ;
#1225 = CARTESIAN_POINT ( 'NONE',  ( 0.5733498228725788515, 0.4000000000000000222, -0.9141805316441796725 ) ) ;
#1226 = CARTESIAN_POINT ( 'NONE',  ( 0.9773793055942721075, 0.4000000000000000222, 2.336210608206833239 ) ) ;
#1227 = CARTESIAN_POINT ( 'NONE',  ( 0.8667037140031104148, 0.4000000000000000222, 1.647159192265628791 ) ) ;
#1228 = CARTESIAN_POINT ( 'NONE',  ( -0.5708391890055269924, 0.4000000000000000222, -0.7413035738708250166 ) ) ;
#1229 = CARTESIAN_POINT ( 'NONE',  ( 1.129959654963873295, 0.000000000000000000, 1.573872395434410043 ) ) ;
#1230 = CARTESIAN_POINT ( 'NONE',  ( 0.3759865754570058671, 0.4000000000000000222, 2.415842333026959832 ) ) ;
#1231 = CARTESIAN_POINT ( 'NONE',  ( 1.003303489287530104, 0.4000000000000000222, -1.727416337823281411 ) ) ;
#1232 = LINE ( 'NONE', #171, #430 ) ;
#1233 = FACE_OUTER_BOUND ( 'NONE', #20, .T. ) ;
#1234 = CARTESIAN_POINT ( 'NONE',  ( 0.2709903243320438970, -5.421010862427522170E-17, 0.7519017437704242912 ) ) ;
#1235 = CARTESIAN_POINT ( 'NONE',  ( 0.006999750074997493354, 0.000000000000000000, -1.360022850285947715 ) ) ;
#1236 = CARTESIAN_POINT ( 'NONE',  ( 0.02374737520050454118, 0.4000000000000000222, -2.062862466487285662 ) ) ;
#1237 = VERTEX_POINT ( 'NONE', #231 ) ;
#1238 = CARTESIAN_POINT ( 'NONE',  ( 1.247831955353091882, 0.000000000000000000, 1.842802685295847676 ) ) ;
#1239 = CARTESIAN_POINT ( 'NONE',  ( 0.4226978509266583472, 0.4000000000000000222, 1.711083314722859461 ) ) ;
#1240 = PRESENTATION_LAYER_ASSIGNMENT (  '', '', ( #2001 ) ) ;
#1241 = CARTESIAN_POINT ( 'NONE',  ( 0.1460056663217687567, 0.000000000000000000, -1.347146954702015398 ) ) ;
#1242 = CARTESIAN_POINT ( 'NONE',  ( -0.3826000310090528767, 0.000000000000000000, -0.04413080695455469382 ) ) ;
#1243 = FACE_OUTER_BOUND ( 'NONE', #964, .T. ) ;
#1244 = CARTESIAN_POINT ( 'NONE',  ( 0.4109423878409573794, 0.000000000000000000, -0.04472169061336859347 ) ) ;
#1245 = CARTESIAN_POINT ( 'NONE',  ( -0.6078410172962542823, 0.000000000000000000, -0.2234112523503316572 ) ) ;
#1246 = CLOSED_SHELL ( 'NONE', ( #2431, #208, #1805, #1058, #395, #2747, #1784, #1866, #568, #1595, #1337, #849, #2699, #1687, #2380, #1624, #28, #2263, #651, #2212, #1765, #1458, #2564, #1931, #2139, #2664, #483, #632, #1953, #2631 ) ) ;
#1247 = DIRECTION ( 'NONE',  ( 0.000000000000000000, 1.000000000000000000, 0.000000000000000000 ) ) ;
#1248 = CARTESIAN_POINT ( 'NONE',  ( 1.345878635049035710, 0.4000000000000000222, 0.2168669628720387710 ) ) ;
#1249 = CARTESIAN_POINT ( 'NONE',  ( -0.2014086299560709503, 0.4000000000000000222, -1.329236919061376643 ) ) ;
#1250 = CARTESIAN_POINT ( 'NONE',  ( -1.500157625372474879, 0.000000000000000000, 0.2711876153418998348 ) ) ;
#1251 = ORIENTED_EDGE ( 'NONE', *, *, #704, .F. ) ;
#1252 = EDGE_CURVE ( 'NONE', #756, #770, #244, .T. ) ;
#1253 = CARTESIAN_POINT ( 'NONE',  ( 0.02374737520050454118, -0.000000000000000000, -2.062862466487285662 ) ) ;
#1254 = CARTESIAN_POINT ( 'NONE',  ( 0.7673014850672964515, 0.4000000000000000222, 1.671875180088952195 ) ) ;
#1255 = CARTESIAN_POINT ( 'NONE',  ( -0.5876121774117509799, 0.4000000000000000222, -0.6177389277038214388 ) ) ;
#1256 = CARTESIAN_POINT ( 'NONE',  ( 0.2709903243320438970, 0.4000000000000000222, 0.7519017437704242912 ) ) ;
#1257 = CARTESIAN_POINT ( 'NONE',  ( 0.1834868154258906259, 0.4000000000000000222, 2.412080502738826127 ) ) ;
#1258 = CARTESIAN_POINT ( 'NONE',  ( -0.5231406946165486627, 0.000000000000000000, -0.9495412834703543803 ) ) ;
#1259 = CARTESIAN_POINT ( 'NONE',  ( -0.3344969722525695244, 0.000000000000000000, 1.434670729890240803 ) ) ;
#1260 = PLANE ( 'NONE',  #2468 ) ;
#1261 = CARTESIAN_POINT ( 'NONE',  ( -0.06592874783764153535, 0.4000000000000000222, -1.357258257985625383 ) ) ;
#1262 = CARTESIAN_POINT ( 'NONE',  ( -1.481788252514526727, 0.000000000000000000, 0.5408426264245004278 ) ) ;
#1263 = VECTOR ( 'NONE', #299, 1000.000000000000000 ) ;
#1264 = ORIENTED_EDGE ( 'NONE', *, *, #973, .F. ) ;
#1265 = CARTESIAN_POINT ( 'NONE',  ( -1.451141207157767399, 0.000000000000000000, -0.8240748681523288877 ) ) ;
#1266 = EDGE_CURVE ( 'NONE', #2178, #827, #2162, .T. ) ;
#1267 = CARTESIAN_POINT ( 'NONE',  ( -0.5935809322443547087, 0.000000000000000000, 0.8599366933797908397 ) ) ;
#1268 = LINE ( 'NONE', #2323, #1956 ) ;
#1269 = CARTESIAN_POINT ( 'NONE',  ( 0.3102608232581833270, 0.4000000000000000222, 2.414557920385136836 ) ) ;
#1270 = CARTESIAN_POINT ( 'NONE',  ( -0.1362862536989596085, 0.000000000000000000, -1.347903868065071009 ) ) ;
#1271 = CARTESIAN_POINT ( 'NONE',  ( 0.4190163551453530144, -0.000000000000000000, 2.415091457653803619 ) ) ;
#1272 = CARTESIAN_POINT ( 'NONE',  ( 0.1222607413952057076, 0.000000000000000000, 1.690608049977929461 ) ) ;
#1273 = CARTESIAN_POINT ( 'NONE',  ( 1.107469965817010182, 0.000000000000000000, -1.631043167194013321 ) ) ;
#1274 = CARTESIAN_POINT ( 'NONE',  ( 0.006999750074997493354, 0.4000000000000000222, -1.360022850285947715 ) ) ;
#1275 = CARTESIAN_POINT ( 'NONE',  ( 1.503946301828022580, 0.4000000000000000222, -0.5350523057326774801 ) ) ;
#1276 = VERTEX_POINT ( 'NONE', #928 ) ;
#1277 = CARTESIAN_POINT ( 'NONE',  ( -0.6078410172962542823, -0.000000000000000000, -0.2234112523503316572 ) ) ;
#1278 = CIRCLE ( 'NONE', #649, 5.049999999999999822 ) ;
#1279 = CARTESIAN_POINT ( 'NONE',  ( 1.129959654963873295, 0.000000000000000000, 1.573872395434410043 ) ) ;
#1280 = DIRECTION ( 'NONE',  ( 0.000000000000000000, 0.000000000000000000, -1.000000000000000000 ) ) ;
#1281 = CARTESIAN_POINT ( 'NONE',  ( 1.502000853267044578, 0.4000000000000000222, -0.3941109444270726181 ) ) ;
#1282 = CARTESIAN_POINT ( 'NONE',  ( 1.405403717743610503, 0.4000000000000000222, -1.144625209184517933 ) ) ;
#1283 = EDGE_CURVE ( 'NONE', #2685, #2630, #1758, .T. ) ;
#1284 = CARTESIAN_POINT ( 'NONE',  ( -0.5876121774117509799, 0.000000000000000000, -0.6177389277038214388 ) ) ;
#1285 = CARTESIAN_POINT ( 'NONE',  ( 1.107469965817010182, 0.4000000000000000222, -1.631043167194013321 ) ) ;
#1286 = CARTESIAN_POINT ( 'NONE',  ( 0.1301485904593674137, 0.4000000000000000222, 0.7498401019137573842 ) ) ;
#1287 = CARTESIAN_POINT ( 'NONE',  ( 1.188401159173702926, 0.000000000000000000, 1.589788890452103809 ) ) ;
#1288 = CARTESIAN_POINT ( 'NONE',  ( 1.243838347766409447, 0.4000000000000000222, 1.761757058553578892 ) ) ;
#1289 = CARTESIAN_POINT ( 'NONE',  ( -1.176578319697092256, 0.000000000000000000, 1.594730675415472421 ) ) ;
#1290 = VECTOR ( 'NONE', #2626, 1000.000000000000000 ) ;
#1291 = VERTEX_POINT ( 'NONE', #689 ) ;
#1292 = CARTESIAN_POINT ( 'NONE',  ( -0.5988152959186748836, 0.4000000000000000222, 0.5148755752695618471 ) ) ;
#1293 = CARTESIAN_POINT ( 'NONE',  ( 0.1416651359824126766, 0.000000000000000000, -2.060658768469183055 ) ) ;
#1294 = CARTESIAN_POINT ( 'NONE',  ( 0.4885312917008148292, 0.4000000000000000222, -0.1234428337401637099 ) ) ;
#1295 = CARTESIAN_POINT ( 'NONE',  ( 0.2709903243320438970, 0.000000000000000000, 0.7519017437704242912 ) ) ;
#1296 = B_SPLINE_CURVE_WITH_KNOTS ( 'NONE', 3,
 ( #612, #195, #1883, #1676, #1255, #1228, #1661, #2471, #2527, #1466, #2500, #788, #166, #804, #558, #819, #2100, #2745, #181 ),
 .UNSPECIFIED., .F., .F.,
 ( 4, 1, 1, 1, 1, 1, 1, 1, 1, 1, 1, 1, 1, 1, 1, 1, 4 ),
 ( 0.000000000000000000, 0.1094018186076292504, 0.2090502662862994132, 0.2996788401740699825, 0.3815062785036228421, 0.4554317817413853775, 0.5216111909853869966, 0.5818546827334303284, 0.6360851578732600320, 0.6856198147158454326, 0.7313716430393515378, 0.7752631713724227325, 0.8175316949613726791, 0.8601175312088524816, 0.9045645772747391566, 0.9511628626747796744, 1.000000000000000000 ),
 .UNSPECIFIED. ) ;
#1297 = CARTESIAN_POINT ( 'NONE',  ( -0.3978371634819592439, 0.000000000000000000, 1.355428748825313612 ) ) ;
#1298 = CARTESIAN_POINT ( 'NONE',  ( 0.4226978509266583472, 0.4000000000000000222, 1.711083314722859461 ) ) ;
#1299 = EDGE_CURVE ( 'NONE', #341, #1291, #1048, .T. ) ;
#1300 = CARTESIAN_POINT ( 'NONE',  ( -0.3558880559560291812, 0.4000000000000000222, 0.6393967983115668163 ) ) ;
#1301 = CARTESIAN_POINT ( 'NONE',  ( 1.238161995339051691, 0.000000000000000000, 1.697535944902550220 ) ) ;
#1302 = CARTESIAN_POINT ( 'NONE',  ( 0.000000000000000000, 1.999999999999998224, -3.049999999999999822 ) ) ;
#1303 = CARTESIAN_POINT ( 'NONE',  ( 0.07810139458267149892, 0.000000000000000000, -1.358968643712202162 ) ) ;
#1304 = ORIENTED_EDGE ( 'NONE', *, *, #2344, .T. ) ;
#1305 = CARTESIAN_POINT ( 'NONE',  ( -0.1301818870523685223, 0.4000000000000000222, 0.7066014722997454589 ) ) ;
#1306 = CARTESIAN_POINT ( 'NONE',  ( 1.168268646592542259, 0.4000000000000000222, 2.252558869627267590 ) ) ;
#1307 = ORIENTED_EDGE ( 'NONE', *, *, #1748, .T. ) ;
#1308 = ADVANCED_FACE ( 'NONE', ( #1108 ), #1488, .F. ) ;
#1309 = CARTESIAN_POINT ( 'NONE',  ( -0.9584595345767751295, 0.4000000000000000222, -1.799747567451671193 ) ) ;
#1310 = CARTESIAN_POINT ( 'NONE',  ( -0.3558880559560291812, 0.000000000000000000, 0.6393967983115668163 ) ) ;
#1311 = CARTESIAN_POINT ( 'NONE',  ( -0.2612329217334238285, 0.000000000000000000, 1.504056535216019785 ) ) ;
#1312 = CARTESIAN_POINT ( 'NONE',  ( -0.6078410172962542823, -0.000000000000000000, -0.2234112523503316572 ) ) ;
#1313 = CARTESIAN_POINT ( 'NONE',  ( 0.4595739664877392383, 0.4000000000000000222, -1.151258362628605703 ) ) ;
#1314 = CARTESIAN_POINT ( 'NONE',  ( 1.481478336062664880, 0.000000000000000000, -0.8508811246071331658 ) ) ;
#1315 = CARTESIAN_POINT ( 'NONE',  ( 0.000000000000000000, 0.9999999999999974465, 0.000000000000000000 ) ) ;
#1316 = CARTESIAN_POINT ( 'NONE',  ( 1.226475284797709620, 0.4000000000000000222, 1.649271351526655494 ) ) ;
#1317 = CARTESIAN_POINT ( 'NONE',  ( 0.2868367382353417816, 0.4000000000000000222, -1.298401368298114145 ) ) ;
#1318 = ORIENTED_EDGE ( 'NONE', *, *, #2735, .F. ) ;
#1319 = B_SPLINE_CURVE_WITH_KNOTS ( 'NONE', 3,
 ( #2292, #2455, #2469, #557, #984, #2483, #1906, #1489, #385, #9, #2743, #1713, #1894, #644, #1500, #1880, #1293, #1253, #2097 ),
 .UNSPECIFIED., .F., .F.,
 ( 4, 1, 1, 1, 1, 1, 1, 1, 1, 1, 1, 1, 1, 1, 1, 1, 4 ),
 ( 0.000000000000000000, 0.06575593526433944069, 0.1298960616783364219, 0.1920953724061056911, 0.2535497220677787045, 0.3135780225496817564, 0.3718518737415221209, 0.4296996768101433162, 0.4869846644545175463, 0.5447503413089255231, 0.6031155935587073635, 0.6629618570377145970, 0.7248766363694715276, 0.7887669564817372247, 0.8557016930851275571, 0.9256638464797183330, 1.000000000000000000 ),
 .UNSPECIFIED. ) ;
#1320 = DIRECTION ( 'NONE',  ( 0.000000000000000000, -1.000000000000000000, 0.000000000000000000 ) ) ;
#1321 = CARTESIAN_POINT ( 'NONE',  ( -0.6079782922283495372, 0.4000000000000000222, -0.1680654089435257570 ) ) ;
#1322 = ORIENTED_EDGE ( 'NONE', *, *, #1360, .F. ) ;
#1323 = CARTESIAN_POINT ( 'NONE',  ( -0.4525760192265584347, 0.000000000000000000, 1.269323478335525390 ) ) ;
#1324 = CARTESIAN_POINT ( 'NONE',  ( -0.3558880559560291812, 0.4000000000000000222, 0.6393967983115668163 ) ) ;
#1325 = AXIS2_PLACEMENT_3D ( 'NONE', #744, #916, #69 ) ;
#1326 = CARTESIAN_POINT ( 'NONE',  ( -0.6100216951619940042, 0.000000000000000000, 0.7439293984354806710 ) ) ;
#1327 = CARTESIAN_POINT ( 'NONE',  ( 0.006999750074997493354, 0.4000000000000000222, -1.360022850285947715 ) ) ;
#1328 = CARTESIAN_POINT ( 'NONE',  ( 0.2709903243320438970, 0.4000000000000000222, 0.7519017437704242912 ) ) ;
#1329 = LINE ( 'NONE', #2184, #441 ) ;
#1330 = FACE_OUTER_BOUND ( 'NONE', #1053, .T. ) ;
#1331 = CARTESIAN_POINT ( 'NONE',  ( 0.05199814341426693687, 0.4000000000000000777, 0.04792687908496692795 ) ) ;
#1332 = CARTESIAN_POINT ( 'NONE',  ( -1.394330255923356576, 0.000000000000000000, 1.039834747114317670 ) ) ;
#1333 = ORIENTED_EDGE ( 'NONE', *, *, #1915, .T. ) ;
#1334 = DIRECTION ( 'NONE',  ( 0.000000000000000000, 0.000000000000000000, 1.000000000000000000 ) ) ;
#1335 = CARTESIAN_POINT ( 'NONE',  ( 0.3759865754570058671, 0.4000000000000000222, 2.415842333026959832 ) ) ;
#1336 = ORIENTED_EDGE ( 'NONE', *, *, #74, .F. ) ;
#1337 = ADVANCED_FACE ( 'NONE', ( #1979, #1992 ), #2050, .T. ) ;
#1338 = DIRECTION ( 'NONE',  ( 0.000000000000000000, 0.000000000000000000, 1.000000000000000000 ) ) ;
#1339 = CARTESIAN_POINT ( 'NONE',  ( -0.5231406946165486627, 0.4000000000000000222, -0.9495412834703543803 ) ) ;
#1340 = CARTESIAN_POINT ( 'NONE',  ( 0.2709903243320438970, -5.421010862427522170E-17, 0.7519017437704242912 ) ) ;
#1341 = CARTESIAN_POINT ( 'NONE',  ( -0.2612329217334238285, 0.4000000000000000222, 1.504056535216019785 ) ) ;
#1342 = CARTESIAN_POINT ( 'NONE',  ( -0.7246252955334693269, 0.000000000000000000, 2.108603648726985469 ) ) ;
#1343 = CARTESIAN_POINT ( 'NONE',  ( 1.232104787064420615, 0.000000000000000000, 2.135616197999692378 ) ) ;
#1344 = CARTESIAN_POINT ( 'NONE',  ( -1.341217941399238889, 0.000000000000000000, 1.216526694009389731 ) ) ;
#1345 = FACE_OUTER_BOUND ( 'NONE', #1573, .T. ) ;
#1346 = CARTESIAN_POINT ( 'NONE',  ( -0.3185349434064781438, 0.000000000000000000, -2.048587636692797087 ) ) ;
#1347 = ORIENTED_EDGE ( 'NONE', *, *, #2505, .F. ) ;
#1348 = CARTESIAN_POINT ( 'NONE',  ( 1.488751558957687182, 0.000000000000000000, -0.2577526505612160457 ) ) ;
#1349 = CARTESIAN_POINT ( 'NONE',  ( 0.006999750074997493354, 0.000000000000000000, -1.360022850285947715 ) ) ;
#1350 = ORIENTED_EDGE ( 'NONE', *, *, #2498, .F. ) ;
#1351 = CARTESIAN_POINT ( 'NONE',  ( -0.4564971039580408840, 0.4000000000000000222, -1.110671582415041714 ) ) ;
#1352 = CARTESIAN_POINT ( 'NONE',  ( 0.1925791114706614515, 5.421010862427522170E-17, 0.03840393688048595461 ) ) ;
#1353 = EDGE_CURVE ( 'NONE', #256, #692, #1378, .T. ) ;
#1354 = CARTESIAN_POINT ( 'NONE',  ( -0.5694163237399990640, 0.4000000000000000222, 0.9711764745203871341 ) ) ;
#1355 = CARTESIAN_POINT ( 'NONE',  ( 0.05199814341426693687, 0.4000000000000000777, 0.04792687908496692795 ) ) ;
#1356 = CARTESIAN_POINT ( 'NONE',  ( 0.000000000000000000, 20.00000000000000000, 0.000000000000000000 ) ) ;
#1357 = CARTESIAN_POINT ( 'NONE',  ( -0.1701260788451311734, 0.4000000000000000222, 2.359859555126500030 ) ) ;
#1358 = CARTESIAN_POINT ( 'NONE',  ( -0.2471453564738679831, 0.000000000000000000, 0.6757981666916837993 ) ) ;
#1359 = CARTESIAN_POINT ( 'NONE',  ( -1.323531217220214051, 0.000000000000000000, -1.288817146833954874 ) ) ;
#1360 = EDGE_CURVE ( 'NONE', #827, #1994, #2224, .T. ) ;
#1361 = ORIENTED_EDGE ( 'NONE', *, *, #2091, .T. ) ;
#1362 = DIRECTION ( 'NONE',  ( 0.000000000000000000, -1.000000000000000000, 0.000000000000000000 ) ) ;
#1363 = CARTESIAN_POINT ( 'NONE',  ( 1.247878521276842401, 0.000000000000000000, 1.957540027798899240 ) ) ;
#1364 = ORIENTED_EDGE ( 'NONE', *, *, #1393, .T. ) ;
#1365 = VECTOR ( 'NONE', #2691, 1000.000000000000000 ) ;
#1366 = DIRECTION ( 'NONE',  ( -0.000000000000000000, -1.000000000000000000, -0.000000000000000000 ) ) ;
#1367 = CARTESIAN_POINT ( 'NONE',  ( 0.2232624183212995050, 0.4000000000000000222, 0.7512031024937428914 ) ) ;
#1368 = CARTESIAN_POINT ( 'NONE',  ( 0.2097000363139861212, 0.000000000000000000, -1.330762251780983840 ) ) ;
#1369 = CARTESIAN_POINT ( 'NONE',  ( -1.237667994902035717, 0.000000000000000000, 1.471639768266399306 ) ) ;
#1370 = B_SPLINE_CURVE_WITH_KNOTS ( 'NONE', 3,
 ( #1024, #618, #2467, #2264, #408, #1051, #1903, #342, #2753, #837, #1877 ),
 .UNSPECIFIED., .F., .F.,
 ( 4, 1, 1, 1, 1, 1, 1, 1, 4 ),
 ( 0.000000000000000000, 0.1278977627129007644, 0.2553930448116963348, 0.3818167522283568149, 0.5093673519592030186, 0.6343318745508210732, 0.7600681874290994289, 0.8814159469638217503, 1.000000000000000000 ),
 .UNSPECIFIED. ) ;
#1371 = CARTESIAN_POINT ( 'NONE',  ( 0.8741369528315586779, 0.000000000000000000, 2.360263565049336876 ) ) ;
#1372 = CIRCLE ( 'NONE', #783, 4.349999999999999645 ) ;
#1373 = EDGE_CURVE ( 'NONE', #979, #287, #564, .T. ) ;
#1374 = CARTESIAN_POINT ( 'NONE',  ( -1.293592559516105744, 0.4000000000000000222, 1.345831542226201050 ) ) ;
#1375 = CARTESIAN_POINT ( 'NONE',  ( -1.451141207157767399, 0.000000000000000000, -0.8240748681523288877 ) ) ;
#1376 = ORIENTED_EDGE ( 'NONE', *, *, #468, .T. ) ;
#1377 = VECTOR ( 'NONE', #1801, 1000.000000000000000 ) ;
#1378 = LINE ( 'NONE', #767, #1531 ) ;
#1379 = CARTESIAN_POINT ( 'NONE',  ( -0.1809547272546559726, 0.4000000000000000222, -2.062224581599354067 ) ) ;
#1380 = CARTESIAN_POINT ( 'NONE',  ( -1.176578319697092256, 0.4000000000000000222, 1.594730675415472421 ) ) ;
#1381 = ORIENTED_EDGE ( 'NONE', *, *, #1373, .F. ) ;
#1382 = CARTESIAN_POINT ( 'NONE',  ( -0.6079782922283495372, 0.4000000000000000222, -0.1680654089435257570 ) ) ;
#1383 = CARTESIAN_POINT ( 'NONE',  ( -1.408337951277264022, 0.4000000000000000222, -1.029262264355934597 ) ) ;
#1384 = CARTESIAN_POINT ( 'NONE',  ( -0.6237820220164705942, 0.4000000000000000222, 0.5409357773146262760 ) ) ;
#1385 = CARTESIAN_POINT ( 'NONE',  ( -0.8347250770551306598, 0.4000000000000000222, 2.020873751968264909 ) ) ;
#1386 = CARTESIAN_POINT ( 'NONE',  ( 0.8306947672069416866, 0.000000000000000000, 0.6637440695855283401 ) ) ;
#1387 = CARTESIAN_POINT ( 'NONE',  ( 1.502000853267044578, 0.4000000000000000222, -0.3941109444270726181 ) ) ;
#1388 = CARTESIAN_POINT ( 'NONE',  ( 0.1222607413952057076, 0.000000000000000000, 1.690608049977929461 ) ) ;
#1389 = EDGE_CURVE ( 'NONE', #982, #1463, #1418, .T. ) ;
#1390 = ORIENTED_EDGE ( 'NONE', *, *, #1184, .T. ) ;
#1391 = CARTESIAN_POINT ( 'NONE',  ( 1.129959654963873295, 0.4000000000000000222, 1.573872395434410043 ) ) ;
#1392 = CARTESIAN_POINT ( 'NONE',  ( -0.5844763810208887245, 0.4000000000000000777, -0.1531242660532176614 ) ) ;
#1393 = EDGE_CURVE ( 'NONE', #895, #2188, #1809, .T. ) ;
#1394 = ORIENTED_EDGE ( 'NONE', *, *, #1712, .F. ) ;
#1395 = CARTESIAN_POINT ( 'NONE',  ( -0.2998000757898575674, 0.4000000000000000222, -0.01176555552139983349 ) ) ;
#1396 = CARTESIAN_POINT ( 'NONE',  ( -1.323531217220214051, 0.4000000000000000222, -1.288817146833954874 ) ) ;
#1397 = CARTESIAN_POINT ( 'NONE',  ( 0.5733498228725788515, 0.4000000000000000222, -0.9141805316441796725 ) ) ;
#1398 = CARTESIAN_POINT ( 'NONE',  ( -0.1701260788451311734, 0.000000000000000000, 2.359859555126500030 ) ) ;
#1399 = VECTOR ( 'NONE', #2657, 1000.000000000000000 ) ;
#1400 = CARTESIAN_POINT ( 'NONE',  ( 1.247955441942401933, 0.000000000000000000, 1.935859470741420729 ) ) ;
#1401 = CARTESIAN_POINT ( 'NONE',  ( 1.436080664225350967, 0.4000000000000000222, -0.005232628780451329016 ) ) ;
#1402 = CARTESIAN_POINT ( 'NONE',  ( -0.2612329217334238285, 0.000000000000000000, 1.504056535216019785 ) ) ;
#1403 = ORIENTED_EDGE ( 'NONE', *, *, #1970, .F. ) ;
#1404 = CARTESIAN_POINT ( 'NONE',  ( 0.1241874017706365019, 0.000000000000000000, 0.04607979732328072731 ) ) ;
#1405 = CARTESIAN_POINT ( 'NONE',  ( -1.323531217220214051, 0.4000000000000000222, -1.288817146833954874 ) ) ;
#1406 = ORIENTED_EDGE ( 'NONE', *, *, #294, .T. ) ;
#1407 = ORIENTED_EDGE ( 'NONE', *, *, #1408, .T. ) ;
#1408 = EDGE_CURVE ( 'NONE', #1728, #1994, #2698, .T. ) ;
#1409 = CARTESIAN_POINT ( 'NONE',  ( 0.2868367382353417816, 0.000000000000000000, -1.298401368298114145 ) ) ;
#1410 = LINE ( 'NONE', #1423, #1377 ) ;
#1411 = CARTESIAN_POINT ( 'NONE',  ( 0.03105395711206300827, 0.4000000000000000222, -1.359666204481757346 ) ) ;
#1412 = CARTESIAN_POINT ( 'NONE',  ( 0.006999750074997493354, 0.000000000000000000, -1.360022850285947715 ) ) ;
#1413 = CARTESIAN_POINT ( 'NONE',  ( 1.188401159173702926, 0.000000000000000000, 1.589788890452103809 ) ) ;
#1414 = CARTESIAN_POINT ( 'NONE',  ( 0.6070473581683160091, 0.000000000000000000, -0.5722690392445445307 ) ) ;
#1415 = CARTESIAN_POINT ( 'NONE',  ( 0.3237066154362601700, 0.4000000000000000222, 0.7507712371887075298 ) ) ;
#1416 = CARTESIAN_POINT ( 'NONE',  ( -1.408337951277264022, 0.4000000000000000222, -1.029262264355934597 ) ) ;
#1417 = EDGE_LOOP ( 'NONE', ( #739, #2174, #1774, #1556 ) ) ;
#1418 = B_SPLINE_CURVE_WITH_KNOTS ( 'NONE', 3,
 ( #2646, #1180, #953, #2273, #521, #354, #729, #1834, #1151, #313, #1596, #2008, #1419, #2246, #326, #551, #1210, #2034, #116, #92, #104, #2686, #993 ),
 .UNSPECIFIED., .F., .F.,
 ( 4, 1, 1, 1, 1, 1, 1, 1, 1, 1, 1, 1, 1, 1, 1, 1, 1, 1, 1, 1, 4 ),
 ( 0.000000000000000000, 0.05025167565890225480, 0.09727783879027665503, 0.1416029696478506572, 0.1832088957255121608, 0.2226551798744038357, 0.2605801249653060814, 0.2974559916644067825, 0.3337654241462503224, 0.3693848861249151572, 0.4046766430750205479, 0.4399535072422543491, 0.4758863142421118075, 0.5124137848377449123, 0.5501983723695139661, 0.5887947696224317129, 0.6291193718309893157, 0.7133695252665093189, 0.8033124542521751232, 0.8988296144637828444, 1.000000000000000000 ),
 .UNSPECIFIED. ) ;
#1419 = CARTESIAN_POINT ( 'NONE',  ( -1.174022796288867410, 0.000000000000000000, -1.574705077290193378 ) ) ;
#1420 = CARTESIAN_POINT ( 'NONE',  ( -1.038057419247566004, 0.4000000000000000222, -1.731603056397593265 ) ) ;
#1421 = CARTESIAN_POINT ( 'NONE',  ( -0.8347250770551306598, 0.000000000000000000, 2.020873751968264909 ) ) ;
#1422 = ORIENTED_EDGE ( 'NONE', *, *, #107, .T. ) ;
#1423 = CARTESIAN_POINT ( 'NONE',  ( 0.05199814341426693687, 0.4000000000000000222, 0.04792687908496692795 ) ) ;
#1424 = EDGE_CURVE ( 'NONE', #2742, #2398, #1888, .T. ) ;
#1425 = SURFACE_STYLE_USAGE ( .BOTH. , #1853 ) ;
#1426 = CARTESIAN_POINT ( 'NONE',  ( 0.2868367382353417816, 0.4000000000000000222, -1.298401368298114145 ) ) ;
#1427 = CARTESIAN_POINT ( 'NONE',  ( 0.4885312917008148292, 0.4000000000000000777, -0.1234428337401637099 ) ) ;
#1428 = B_SPLINE_SURFACE_WITH_KNOTS ( 'NONE', 3, 1, ( 
 ( #1049, #2105 ),
 ( #159, #1901 ),
 ( #2545, #2751 ),
 ( #2738, #2507 ),
 ( #381, #1669 ),
 ( #592, #2326 ),
 ( #406, #578 ),
 ( #994, #1902 ),
 ( #1639, #2289 ),
 ( #1447, #1273 ),
 ( #1670, #2301 ),
 ( #1696, #369 ),
 ( #1484, #824 ),
 ( #2546, #1473 ),
 ( #160, #2076 ),
 ( #174, #2118 ),
 ( #617, #1654 ),
 ( #2339, #2521 ),
 ( #420, #2493 ) ),
 .UNSPECIFIED., .F., .F., .F.,
 ( 4, 1, 1, 1, 1, 1, 1, 1, 1, 1, 1, 1, 1, 1, 1, 1, 4 ),
 ( 2, 2 ),
 ( 0.000000000000000000, 0.06575593526433944069, 0.1298960616783364219, 0.1920953724061056911, 0.2535497220677787045, 0.3135780225496817564, 0.3718518737415221209, 0.4296996768101433162, 0.4869846644545175463, 0.5447503413089255231, 0.6031155935587073635, 0.6629618570377145970, 0.7248766363694715276, 0.7887669564817372247, 0.8557016930851275571, 0.9256638464797183330, 1.000000000000000000 ),
 ( 0.000000000000000000, 1.000000000000000000 ),
 .UNSPECIFIED. ) ;
#1429 = CARTESIAN_POINT ( 'NONE',  ( -0.2625818224507435739, 0.4000000000000000222, -1.305746499169352592 ) ) ;
#1430 = CARTESIAN_POINT ( 'NONE',  ( -0.4525760192265584347, 0.000000000000000000, 1.269323478335525390 ) ) ;
#1431 = ORIENTED_EDGE ( 'NONE', *, *, #6, .T. ) ;
#1432 = CARTESIAN_POINT ( 'NONE',  ( 0.3719867182712931486, 0.4000000000000000222, 1.711867468341502718 ) ) ;
#1433 = FACE_OUTER_BOUND ( 'NONE', #815, .T. ) ;
#1434 = CARTESIAN_POINT ( 'NONE',  ( 0.7608425336782137505, 0.4000000000000000222, -1.888418386310342534 ) ) ;
#1435 = CARTESIAN_POINT ( 'NONE',  ( 5.327213576290986242E-16, 20.50000000000001066, -4.349999999999999645 ) ) ;
#1436 = ORIENTED_EDGE ( 'NONE', *, *, #1987, .F. ) ;
#1437 = CARTESIAN_POINT ( 'NONE',  ( 1.195137459543802239, 0.4000000000000000222, 2.227186074266369165 ) ) ;
#1438 = PRESENTATION_LAYER_ASSIGNMENT (  '', '', ( #2640 ) ) ;
#1439 = CARTESIAN_POINT ( 'NONE',  ( 0.01091882180168933514, 0.4000000000000000222, 1.660914918797163464 ) ) ;
#1440 = EDGE_CURVE ( 'NONE', #2630, #2371, #509, .T. ) ;
#1441 = CARTESIAN_POINT ( 'NONE',  ( -2.922526330762603394E-05, 0.000000000000000000, 2.391436766776857237 ) ) ;
#1442 = CARTESIAN_POINT ( 'NONE',  ( 1.226475284797709620, 0.4000000000000000222, 1.649271351526655494 ) ) ;
#1443 = CARTESIAN_POINT ( 'NONE',  ( 0.6053006789224337769, 0.000000000000000000, -0.4751158567985962478 ) ) ;
#1444 = CARTESIAN_POINT ( 'NONE',  ( 0.3719867182712931486, 0.4000000000000000222, 1.711867468341502718 ) ) ;
#1445 = VERTEX_POINT ( 'NONE', #1196 ) ;
#1446 = CARTESIAN_POINT ( 'NONE',  ( 1.021265402008882051, 0.4000000000000000222, 1.597266415211350044 ) ) ;
#1447 = CARTESIAN_POINT ( 'NONE',  ( 1.107469965817010182, 0.4000000000000000222, -1.631043167194013321 ) ) ;
#1448 = CARTESIAN_POINT ( 'NONE',  ( 1.405403717743610503, 0.4000000000000000222, -1.144625209184517933 ) ) ;
#1449 = CARTESIAN_POINT ( 'NONE',  ( 0.3759865754570058671, 0.000000000000000000, 2.415842333026959832 ) ) ;
#1450 = ORIENTED_EDGE ( 'NONE', *, *, #1266, .T. ) ;
#1451 = DIRECTION ( 'NONE',  ( 0.000000000000000000, -1.000000000000000000, -0.000000000000000000 ) ) ;
#1452 = CARTESIAN_POINT ( 'NONE',  ( 0.3719867182712931486, 0.000000000000000000, 1.711867468341502718 ) ) ;
#1453 = CARTESIAN_POINT ( 'NONE',  ( 0.4595739664877392383, 0.4000000000000000222, -1.151258362628605703 ) ) ;
#1454 = CARTESIAN_POINT ( 'NONE',  ( 1.287587279310891564, 0.4000000000000000222, 0.3159249181412370211 ) ) ;
#1455 = CARTESIAN_POINT ( 'NONE',  ( 0.2548615599445179791, 0.4000000000000000777, 0.02431796469564453250 ) ) ;
#1456 = CARTESIAN_POINT ( 'NONE',  ( 0.000000000000000000, 0.9999999999999974465, 0.000000000000000000 ) ) ;
#1457 = CARTESIAN_POINT ( 'NONE',  ( 1.238161995339051691, 0.000000000000000000, 1.697535944902550220 ) ) ;
#1458 = ADVANCED_FACE ( 'NONE', ( #2671 ), #665, .T. ) ;
#1459 = CARTESIAN_POINT ( 'NONE',  ( 0.000000000000000000, 23.00000000000000000, 0.000000000000000000 ) ) ;
#1460 = CARTESIAN_POINT ( 'NONE',  ( 0.5719598162604015990, -5.421010862427522170E-17, 0.7313602869893901515 ) ) ;
#1461 = CARTESIAN_POINT ( 'NONE',  ( 0.5253735471882956531, 0.000000000000000000, -1.040714663396445694 ) ) ;
#1462 = DIRECTION ( 'NONE',  ( -0.000000000000000000, -1.000000000000000000, -0.000000000000000000 ) ) ;
#1463 = VERTEX_POINT ( 'NONE', #1889 ) ;
#1464 = CARTESIAN_POINT ( 'NONE',  ( -0.1809547272546559726, 0.000000000000000000, -2.062224581599354067 ) ) ;
#1465 = FACE_OUTER_BOUND ( 'NONE', #1819, .T. ) ;
#1466 = CARTESIAN_POINT ( 'NONE',  ( -0.4564971039580408840, 0.4000000000000000222, -1.110671582415041714 ) ) ;
#1467 = FACE_OUTER_BOUND ( 'NONE', #1594, .T. ) ;
#1468 = PRODUCT ( 'JK-RTF-02-13-01 Knob_6', 'JK-RTF-02-13-01 Knob_6', '', ( #25 ) ) ;
#1469 = CARTESIAN_POINT ( 'NONE',  ( -0.4701942148146541212, 0.4000000000000000222, 2.253794212860282808 ) ) ;
#1470 = CARTESIAN_POINT ( 'NONE',  ( 0.000000000000000000, 0.9999999999999974465, 0.000000000000000000 ) ) ;
#1471 = CARTESIAN_POINT ( 'NONE',  ( -0.4999805361427954176, 0.000000000000000000, 1.176659284240900050 ) ) ;
#1472 = EDGE_CURVE ( 'NONE', #1445, #997, #2116, .T. ) ;
#1473 = CARTESIAN_POINT ( 'NONE',  ( 0.6222836873795793977, 0.000000000000000000, -1.950602118697870369 ) ) ;
#1474 = CARTESIAN_POINT ( 'NONE',  ( 0.03105395711206300827, -0.000000000000000000, -1.359666204481757346 ) ) ;
#1475 = DIRECTION ( 'NONE',  ( 0.000000000000000000, 1.000000000000000000, -0.000000000000000000 ) ) ;
#1476 = ORIENTED_EDGE ( 'NONE', *, *, #720, .T. ) ;
#1477 = CARTESIAN_POINT ( 'NONE',  ( -1.174022796288867410, 0.000000000000000000, -1.574705077290193378 ) ) ;
#1478 = CARTESIAN_POINT ( 'NONE',  ( -0.6100216951619940042, 0.4000000000000000222, 0.7439293984354806710 ) ) ;
#1479 = CARTESIAN_POINT ( 'NONE',  ( -0.4467774825210681366, 0.4000000000000000222, -2.028483091765266533 ) ) ;
#1480 = CARTESIAN_POINT ( 'NONE',  ( -0.4613859042132769650, 0.000000000000000000, -0.08196822079208565537 ) ) ;
#1481 = LINE ( 'NONE', #2127, #2419 ) ;
#1482 = CARTESIAN_POINT ( 'NONE',  ( 1.188401159173702926, 0.000000000000000000, 1.589788890452103809 ) ) ;
#1483 = CARTESIAN_POINT ( 'NONE',  ( 0.9508079546018827211, 0.4000000000000000222, 1.620318847936864870 ) ) ;
#1484 = CARTESIAN_POINT ( 'NONE',  ( 0.7608425336782137505, 0.4000000000000000222, -1.888418386310342534 ) ) ;
#1485 = CARTESIAN_POINT ( 'NONE',  ( -0.5708391890055269924, 0.4000000000000000222, -0.7413035738708250166 ) ) ;
#1486 = CARTESIAN_POINT ( 'NONE',  ( 1.247878521276842401, -0.000000000000000000, 1.957540027798899240 ) ) ;
#1487 = VERTEX_POINT ( 'NONE', #823 ) ;
#1488 = B_SPLINE_SURFACE_WITH_KNOTS ( 'NONE', 3, 1, ( 
 ( #1516, #1529 ),
 ( #1292, #2372 ),
 ( #1965, #285 ),
 ( #1136, #455 ),
 ( #1122, #50 ),
 ( #2619, #2204 ),
 ( #1305, #896 ),
 ( #2411, #66 ),
 ( #1756, #703 ),
 ( #2399, #484 ),
 ( #2189, #271 ) ),
 .UNSPECIFIED., .F., .F., .F.,
 ( 4, 1, 1, 1, 1, 1, 1, 1, 4 ),
 ( 2, 2 ),
 ( 0.000000000000000000, 0.09741590308594595682, 0.2050152849259059828, 0.3198253752958257201, 0.4408081955258751350, 0.5690767849602487161, 0.7041683363533292050, 0.8483638127468398071, 1.000000000000000000 ),
 ( 0.000000000000000000, 1.000000000000000000 ),
 .UNSPECIFIED. ) ;
#1489 = CARTESIAN_POINT ( 'NONE',  ( 1.279745049157847259, 0.000000000000000000, -1.406718229015606836 ) ) ;
#1490 = CARTESIAN_POINT ( 'NONE',  ( 0.000000000000000000, 0.000000000000000000, 0.000000000000000000 ) ) ;
#1491 = CARTESIAN_POINT ( 'NONE',  ( 0.1925791114706614515, 0.4000000000000000222, 0.03840393688048595461 ) ) ;
#1492 = CARTESIAN_POINT ( 'NONE',  ( 1.396677557903621247, 0.4000000000000000222, 0.1104029721706967226 ) ) ;
#1493 = CARTESIAN_POINT ( 'NONE',  ( 1.481478336062664880, 0.4000000000000000222, -0.8508811246071331658 ) ) ;
#1494 = CARTESIAN_POINT ( 'NONE',  ( 0.000000000000000000, 20.50000000000001066, 0.000000000000000000 ) ) ;
#1495 = CARTESIAN_POINT ( 'NONE',  ( 0.8871906065285851684, 0.4000000000000000222, -1.812515059092834946 ) ) ;
#1496 = CARTESIAN_POINT ( 'NONE',  ( -2.922526330762603394E-05, 0.000000000000000000, 2.391436766776857237 ) ) ;
#1497 = LINE ( 'NONE', #4, #121 ) ;
#1498 = CARTESIAN_POINT ( 'NONE',  ( -1.341217941399238889, 0.000000000000000000, 1.216526694009389731 ) ) ;
#1499 = ORIENTED_EDGE ( 'NONE', *, *, #1440, .F. ) ;
#1500 = CARTESIAN_POINT ( 'NONE',  ( 0.4734984663251144976, 0.000000000000000000, -2.002898176321272761 ) ) ;
#1501 = B_SPLINE_CURVE_WITH_KNOTS ( 'NONE', 3,
 ( #877, #494, #2186, #254, #1105, #1119, #1962, #908, #925, #2409, #2601 ),
 .UNSPECIFIED., .F., .F.,
 ( 4, 1, 1, 1, 1, 1, 1, 1, 4 ),
 ( 0.000000000000000000, 0.05991645637863888402, 0.1376268791843416051, 0.2340214522537862607, 0.3475933569376453147, 0.4794748474632622437, 0.6307013383730877276, 0.8035719909920919779, 1.000000000000000000 ),
 .UNSPECIFIED. ) ;
#1502 = AXIS2_PLACEMENT_3D ( 'NONE', #1605, #335, #1219 ) ;
#1503 = CARTESIAN_POINT ( 'NONE',  ( 0.6079782922283495372, 5.421010862427522170E-17, -0.6240491281147878544 ) ) ;
#1504 = CARTESIAN_POINT ( 'NONE',  ( 1.502000853267044578, 0.000000000000000000, -0.3941109444270726181 ) ) ;
#1505 = EDGE_CURVE ( 'NONE', #284, #133, #2354, .T. ) ;
#1506 = CARTESIAN_POINT ( 'NONE',  ( -0.9349305148671402943, 0.4000000000000000222, 1.925687113072190204 ) ) ;
#1507 = CARTESIAN_POINT ( 'NONE',  ( 0.7673014850672964515, 0.4000000000000000222, 1.671875180088952195 ) ) ;
#1508 = CARTESIAN_POINT ( 'NONE',  ( 0.3759865754570058671, 0.4000000000000000222, 2.415842333026959832 ) ) ;
#1509 = CARTESIAN_POINT ( 'NONE',  ( -1.293592559516105744, 0.000000000000000000, 1.345831542226201050 ) ) ;
#1510 = CARTESIAN_POINT ( 'NONE',  ( 1.503287945928592384, -5.421010862427522170E-17, -0.4873565822114037660 ) ) ;
#1511 = CARTESIAN_POINT ( 'NONE',  ( 1.345878635049035710, 0.4000000000000000222, 0.2168669628720387710 ) ) ;
#1512 = EDGE_CURVE ( 'NONE', #777, #1463, #1695, .T. ) ;
#1513 = DIRECTION ( 'NONE',  ( -0.000000000000000000, 1.000000000000000000, -0.000000000000000000 ) ) ;
#1514 = CLOSED_SHELL ( 'NONE', ( #1899, #1576, #1154, #21, #192, #1642, #2706, #1205, #1308, #1663, #2282, #2415, #886, #2247, #223 ) ) ;
#1515 = ORIENTED_EDGE ( 'NONE', *, *, #277, .T. ) ;
#1516 = CARTESIAN_POINT ( 'NONE',  ( -0.6249776852676289796, 0.4000000000000000222, 0.4989107767740881827 ) ) ;
#1517 = CARTESIAN_POINT ( 'NONE',  ( 0.9773793055942721075, 0.000000000000000000, 2.336210608206833239 ) ) ;
#1518 = ORIENTED_EDGE ( 'NONE', *, *, #428, .T. ) ;
#1519 = CARTESIAN_POINT ( 'NONE',  ( -1.408337951277264022, 0.4000000000000000222, -1.029262264355934597 ) ) ;
#1520 = CARTESIAN_POINT ( 'NONE',  ( -0.5437556030265793261, -5.421010862427522170E-17, 0.5484740700599507468 ) ) ;
#1521 = CARTESIAN_POINT ( 'NONE',  ( 0.3282550274411938918, 0.000000000000000000, 1.710798621552192200 ) ) ;
#1522 = CARTESIAN_POINT ( 'NONE',  ( -0.4157577449978062667, 0.000000000000000000, -1.174761754412546599 ) ) ;
#1523 = CARTESIAN_POINT ( 'NONE',  ( 0.006999750074997493354, 0.4000000000000000222, -1.360022850285947715 ) ) ;
#1524 = CARTESIAN_POINT ( 'NONE',  ( -0.004438797966525587398, 0.4000000000000000222, 0.7317548996275882178 ) ) ;
#1525 = CARTESIAN_POINT ( 'NONE',  ( 0.8667037140031104148, 0.000000000000000000, 1.647159192265628791 ) ) ;
#1526 = CARTESIAN_POINT ( 'NONE',  ( 1.216554618490732764, 0.4000000000000000222, 0.4043917312098770922 ) ) ;
#1527 = CARTESIAN_POINT ( 'NONE',  ( 0.000000000000000000, 23.00000000000000000, -5.049999999999999822 ) ) ;
#1528 = EDGE_LOOP ( 'NONE', ( #930, #1431, #1744, #2560 ) ) ;
#1529 = CARTESIAN_POINT ( 'NONE',  ( -0.6249776852676289796, 0.000000000000000000, 0.4989107767740881827 ) ) ;
#1530 = CARTESIAN_POINT ( 'NONE',  ( -0.5231406946165486627, 0.000000000000000000, -0.9495412834703543803 ) ) ;
#1531 = VECTOR ( 'NONE', #1362, 1000.000000000000000 ) ;
#1532 = VERTEX_POINT ( 'NONE', #2075 ) ;
#1533 = CARTESIAN_POINT ( 'NONE',  ( -1.503946301828022802, 0.4000000000000000222, 0.006928342931410495266 ) ) ;
#1534 = CARTESIAN_POINT ( 'NONE',  ( 0.5454723248101498445, 0.4000000000000000777, -0.2217031191542681301 ) ) ;
#1535 = FACE_OUTER_BOUND ( 'NONE', #752, .T. ) ;
#1536 = CARTESIAN_POINT ( 'NONE',  ( 1.247955441942401933, 0.4000000000000000222, 1.935859470741420729 ) ) ;
#1537 = CARTESIAN_POINT ( 'NONE',  ( 0.7071806195697314390, 0.000000000000000000, 0.7040441181214833755 ) ) ;
#1538 = CARTESIAN_POINT ( 'NONE',  ( -0.1301818870523685223, 0.4000000000000000222, 0.7066014722997454589 ) ) ;
#1539 =( LENGTH_UNIT ( ) NAMED_UNIT ( * ) SI_UNIT ( .MILLI., .METRE. ) );
#1540 = CARTESIAN_POINT ( 'NONE',  ( 1.129959654963873295, 0.4000000000000000222, 1.573872395434410043 ) ) ;
#1541 = CARTESIAN_POINT ( 'NONE',  ( 0.5253735471882956531, 0.000000000000000000, -1.040714663396445694 ) ) ;
#1542 = VERTEX_POINT ( 'NONE', #577 ) ;
#1543 = CARTESIAN_POINT ( 'NONE',  ( 1.503287945928592384, -0.000000000000000000, -0.4873565822114037660 ) ) ;
#1544 = DIRECTION ( 'NONE',  ( 0.000000000000000000, -1.000000000000000000, 0.000000000000000000 ) ) ;
#1545 = ORIENTED_EDGE ( 'NONE', *, *, #1079, .T. ) ;
#1546 = CARTESIAN_POINT ( 'NONE',  ( -0.5369248257273104841, 0.4000000000000000222, -0.1228937636899803398 ) ) ;
#1547 = CARTESIAN_POINT ( 'NONE',  ( -0.2471453564738679831, -5.421010862427522170E-17, 0.6757981666916837993 ) ) ;
#1548 = B_SPLINE_CURVE_WITH_KNOTS ( 'NONE', 3,
 ( #2501, #586, #820, #1925, #2101, #2528, #2541, #182, #2362, #414, #624 ),
 .UNSPECIFIED., .F., .F.,
 ( 4, 1, 1, 1, 1, 1, 1, 1, 4 ),
 ( 0.000000000000000000, 0.09741590308594595682, 0.2050152849259059828, 0.3198253752958257201, 0.4408081955258751350, 0.5690767849602487161, 0.7041683363533292050, 0.8483638127468398071, 1.000000000000000000 ),
 .UNSPECIFIED. ) ;
#1549 = CARTESIAN_POINT ( 'NONE',  ( 0.02374737520050454118, 0.4000000000000000222, -2.062862466487285662 ) ) ;
#1550 = FACE_OUTER_BOUND ( 'NONE', #2603, .T. ) ;
#1551 = CARTESIAN_POINT ( 'NONE',  ( 1.503946301828022580, 0.000000000000000000, -0.5350523057326774801 ) ) ;
#1552 = B_SPLINE_CURVE_WITH_KNOTS ( 'NONE', 3,
 ( #400, #191, #1464, #2110, #1674, #2525, #1040, #610, #2149, #621, #828, #216, #1477, #1658, #1014, #2332, #1867, #411, #1265, #204, #2513, #2122, #1054 ),
 .UNSPECIFIED., .F., .F.,
 ( 4, 1, 1, 1, 1, 1, 1, 1, 1, 1, 1, 1, 1, 1, 1, 1, 1, 1, 1, 1, 4 ),
 ( 0.000000000000000000, 0.05025167565890225480, 0.09727783879027665503, 0.1416029696478506572, 0.1832088957255121608, 0.2226551798744038357, 0.2605801249653060814, 0.2974559916644067825, 0.3337654241462503224, 0.3693848861249151572, 0.4046766430750205479, 0.4399535072422543491, 0.4758863142421118075, 0.5124137848377449123, 0.5501983723695139661, 0.5887947696224317129, 0.6291193718309893157, 0.7133695252665093189, 0.8033124542521751232, 0.8988296144637828444, 1.000000000000000000 ),
 .UNSPECIFIED. ) ;
#1553 = CARTESIAN_POINT ( 'NONE',  ( 1.107469965817010182, 0.000000000000000000, -1.631043167194013321 ) ) ;
#1554 = CARTESIAN_POINT ( 'NONE',  ( 0.4226978509266583472, -0.000000000000000000, 1.711083314722859461 ) ) ;
#1555 = CARTESIAN_POINT ( 'NONE',  ( 1.140459432139450335, 0.4000000000000000222, 1.574464077945371132 ) ) ;
#1556 = ORIENTED_EDGE ( 'NONE', *, *, #1512, .T. ) ;
#1557 = EDGE_CURVE ( 'NONE', #1110, #1673, #901, .T. ) ;
#1558 = CARTESIAN_POINT ( 'NONE',  ( 0.6079782922283495372, 0.4000000000000000222, -0.6240491281147878544 ) ) ;
#1559 = CARTESIAN_POINT ( 'NONE',  ( 1.247955441942401933, 0.000000000000000000, 1.935859470741420729 ) ) ;
#1560 = EDGE_LOOP ( 'NONE', ( #53, #1381, #1376, #1786 ) ) ;
#1561 = CARTESIAN_POINT ( 'NONE',  ( 0.006999750074997493354, 0.4000000000000000222, -1.360022850285947715 ) ) ;
#1562 = CARTESIAN_POINT ( 'NONE',  ( 0.5454723248101498445, 5.421010862427522170E-17, -0.2217031191542681301 ) ) ;
#1563 = CARTESIAN_POINT ( 'NONE',  ( -0.3978371634819592439, 0.4000000000000000222, 1.355428748825313612 ) ) ;
#1564 = CARTESIAN_POINT ( 'NONE',  ( -0.1269580112815559825, 0.000000000000000000, 0.03303627232582422024 ) ) ;
#1565 = CARTESIAN_POINT ( 'NONE',  ( 1.168268646592542259, 0.000000000000000000, 2.252558869627267590 ) ) ;
#1566 = CARTESIAN_POINT ( 'NONE',  ( -1.502703470600414315, 0.4000000000000000222, 0.09361552242279350122 ) ) ;
#1567 = CARTESIAN_POINT ( 'NONE',  ( 0.2709903243320438970, 0.4000000000000000222, 0.7519017437704242912 ) ) ;
#1568 = CARTESIAN_POINT ( 'NONE',  ( -0.08603315640549663579, 0.4000000000000000222, -2.063393748209602307 ) ) ;
#1569 = VECTOR ( 'NONE', #2329, 1000.000000000000000 ) ;
#1570 = ORIENTED_EDGE ( 'NONE', *, *, #367, .F. ) ;
#1571 = CARTESIAN_POINT ( 'NONE',  ( 0.5719598162604015990, 0.000000000000000000, 0.7313602869893901515 ) ) ;
#1572 = CARTESIAN_POINT ( 'NONE',  ( 0.5055729100283093969, 0.4000000000000000222, 2.413581034269868919 ) ) ;
#1573 = EDGE_LOOP ( 'NONE', ( #1518, #1121 ) ) ;
#1574 = CARTESIAN_POINT ( 'NONE',  ( -0.6078410172962542823, 0.4000000000000000222, -0.2234112523503316572 ) ) ;
#1575 = CARTESIAN_POINT ( 'NONE',  ( -0.5437556030265793261, 0.000000000000000000, 0.5484740700599507468 ) ) ;
#1576 = ADVANCED_FACE ( 'NONE', ( #1233 ), #1428, .F. ) ;
#1577 = FACE_OUTER_BOUND ( 'NONE', #2033, .T. ) ;
#1578 = CARTESIAN_POINT ( 'NONE',  ( -0.03803086281240285887, 0.4000000000000000777, 0.04567234372806619480 ) ) ;
#1579 = CARTESIAN_POINT ( 'NONE',  ( 1.126199657834789258, 0.4000000000000000222, 2.279406156793164939 ) ) ;
#1580 = CARTESIAN_POINT ( 'NONE',  ( -1.503946301828022802, 0.4000000000000000222, 0.006928342931410495266 ) ) ;
#1581 = CARTESIAN_POINT ( 'NONE',  ( -1.038057419247566004, 0.000000000000000000, -1.731603056397593265 ) ) ;
#1582 = ORIENTED_EDGE ( 'NONE', *, *, #2447, .F. ) ;
#1583 = CARTESIAN_POINT ( 'NONE',  ( 0.2548615599445179791, 0.000000000000000000, 0.02431796469564453250 ) ) ;
#1584 = CARTESIAN_POINT ( 'NONE',  ( -1.108949447083573014, 0.000000000000000000, -1.655894068287581788 ) ) ;
#1585 = CARTESIAN_POINT ( 'NONE',  ( -1.444960260765508320, 0.000000000000000000, 0.8143158615561078006 ) ) ;
#1586 = ORIENTED_EDGE ( 'NONE', *, *, #1748, .F. ) ;
#1587 = CARTESIAN_POINT ( 'NONE',  ( -0.4613859042132769650, 0.4000000000000000222, -0.08196822079208565537 ) ) ;
#1588 = CARTESIAN_POINT ( 'NONE',  ( 1.243982465311853858, 0.4000000000000000222, 2.051838868718113051 ) ) ;
#1589 = SURFACE_STYLE_FILL_AREA ( #2484 ) ;
#1590 = CARTESIAN_POINT ( 'NONE',  ( -0.2998000757898575674, 0.000000000000000000, -0.01176555552139983349 ) ) ;
#1591 = LINE ( 'NONE', #1986, #1290 ) ;
#1592 = CARTESIAN_POINT ( 'NONE',  ( -1.394330255923356576, 0.4000000000000000222, 1.039834747114317670 ) ) ;
#1593 = CARTESIAN_POINT ( 'NONE',  ( 2.565151067676131547, 20.00000000000000000, 1.649999999999999911 ) ) ;
#1594 = EDGE_LOOP ( 'NONE', ( #2440, #1700, #631, #2304 ) ) ;
#1595 = ADVANCED_FACE ( 'NONE', ( #1433 ), #1260, .F. ) ;
#1596 = CARTESIAN_POINT ( 'NONE',  ( -1.038057419247566004, 0.000000000000000000, -1.731603056397593265 ) ) ;
#1597 = CARTESIAN_POINT ( 'NONE',  ( -0.4613859042132769650, 0.000000000000000000, -0.08196822079208565537 ) ) ;
#1598 = CARTESIAN_POINT ( 'NONE',  ( -1.500157625372474879, 0.000000000000000000, 0.2711876153418998348 ) ) ;
#1599 = ORIENTED_EDGE ( 'NONE', *, *, #1008, .T. ) ;
#1600 = CARTESIAN_POINT ( 'NONE',  ( -0.6079782922283495372, 0.000000000000000000, -0.1680654089435257570 ) ) ;
#1601 = CARTESIAN_POINT ( 'NONE',  ( -1.503946301828022802, 0.4000000000000000222, 0.006928342931410495266 ) ) ;
#1602 = CARTESIAN_POINT ( 'NONE',  ( 0.4595739664877392383, 0.000000000000000000, -1.151258362628605703 ) ) ;
#1603 = DIRECTION ( 'NONE',  ( 0.000000000000000000, 0.000000000000000000, 1.000000000000000000 ) ) ;
#1604 = CARTESIAN_POINT ( 'NONE',  ( 1.232104787064420615, 0.000000000000000000, 2.135616197999692378 ) ) ;
#1605 = CARTESIAN_POINT ( 'NONE',  ( 0.000000000000000000, 20.00000000000000000, 0.000000000000000000 ) ) ;
#1606 = CARTESIAN_POINT ( 'NONE',  ( -1.500159207892424851, 0.000000000000000000, -0.2835876764422250451 ) ) ;
#1607 = ORIENTED_EDGE ( 'NONE', *, *, #1799, .T. ) ;
#1608 = CARTESIAN_POINT ( 'NONE',  ( 1.129959654963873295, 0.4000000000000000222, 1.573872395434410043 ) ) ;
#1609 = CARTESIAN_POINT ( 'NONE',  ( -0.4467774825210681366, 0.4000000000000000222, -2.028483091765266533 ) ) ;
#1610 = ORIENTED_EDGE ( 'NONE', *, *, #359, .F. ) ;
#1611 = VERTEX_POINT ( 'NONE', #382 ) ;
#1612 = CARTESIAN_POINT ( 'NONE',  ( 1.129959654963873295, 0.4000000000000000222, 1.573872395434410043 ) ) ;
#1613 = CARTESIAN_POINT ( 'NONE',  ( -1.484723300687193825, 0.4000000000000000222, -0.5629300972360993249 ) ) ;
#1614 = CARTESIAN_POINT ( 'NONE',  ( 0.006999750074997493354, 0.4000000000000000222, -1.360022850285947715 ) ) ;
#1615 = B_SPLINE_SURFACE_WITH_KNOTS ( 'NONE', 3, 1, ( 
 ( #769, #1798 ),
 ( #2673, #524 ),
 ( #781, #1598 ),
 ( #731, #356 ),
 ( #2495, #1585 ),
 ( #2023, #2659 ),
 ( #755, #2453 ),
 ( #2439, #106 ),
 ( #2465, #554 ),
 ( #1380, #540 ),
 ( #2011, #2236 ),
 ( #328, #1153 ),
 ( #1626, #1836 ),
 ( #1182, #1421 ),
 ( #2036, #2262 ),
 ( #118, #1641 ),
 ( #955, #1811 ),
 ( #340, #2688 ),
 ( #2275, #1212 ),
 ( #146, #996 ),
 ( #1850, #1073 ),
 ( #2142, #14 ),
 ( #1508, #162 ) ),
 .UNSPECIFIED., .F., .F., .F.,
 ( 4, 1, 1, 1, 1, 1, 1, 1, 1, 1, 1, 1, 1, 1, 1, 1, 1, 1, 1, 1, 4 ),
 ( 2, 2 ),
 ( 0.000000000000000000, 0.07457216931171280205, 0.1527554161514170228, 0.2323580946276342096, 0.3117290717927148069, 0.3512783660292334575, 0.3910143221912320000, 0.4301729294757697941, 0.4696691757824080216, 0.5091570943790160175, 0.5481579094544309916, 0.5871629406062947032, 0.6267132742870554774, 0.6669274303848016228, 0.7080523408140582120, 0.7506290821716646855, 0.7948772074630301443, 0.8413201872468037967, 0.8909758532619587168, 0.9434766307800890317, 1.000000000000000000 ),
 ( 0.000000000000000000, 1.000000000000000000 ),
 .UNSPECIFIED. ) ;
#1616 = CARTESIAN_POINT ( 'NONE',  ( -0.4613859042132769650, 0.4000000000000000777, -0.08196822079208565537 ) ) ;
#1617 = LINE ( 'NONE', #1567, #1150 ) ;
#1618 = AXIS2_PLACEMENT_3D ( 'NONE', #143, #740, #1847 ) ;
#1619 = FACE_OUTER_BOUND ( 'NONE', #1948, .T. ) ;
#1620 = CARTESIAN_POINT ( 'NONE',  ( 0.1416651359824126766, 0.000000000000000000, -2.060658768469183055 ) ) ;
#1621 = CARTESIAN_POINT ( 'NONE',  ( -0.7767102390260162137, 0.4000000000000000222, -1.913753373138245006 ) ) ;
#1622 = EDGE_LOOP ( 'NONE', ( #728, #472, #706, #482 ) ) ;
#1623 = CARTESIAN_POINT ( 'NONE',  ( 0.5818557828519007602, 0.000000000000000000, -0.3392671702461257932 ) ) ;
#1624 = ADVANCED_FACE ( 'NONE', ( #1009 ), #353, .T. ) ;
#1625 = CARTESIAN_POINT ( 'NONE',  ( -0.5654261140078035153, 0.4000000000000000222, -1.998157950467637667 ) ) ;
#1626 = CARTESIAN_POINT ( 'NONE',  ( -0.9349305148671402943, 0.4000000000000000222, 1.925687113072190204 ) ) ;
#1627 = VERTEX_POINT ( 'NONE', #2143 ) ;
#1628 = CARTESIAN_POINT ( 'NONE',  ( 0.05199814341426693687, 5.421010862427522170E-17, 0.04792687908496692795 ) ) ;
#1629 =( GEOMETRIC_REPRESENTATION_CONTEXT ( 3 ) GLOBAL_UNCERTAINTY_ASSIGNED_CONTEXT ( ( #1653 ) ) GLOBAL_UNIT_ASSIGNED_CONTEXT ( ( #1171, #1839, #2705 ) ) REPRESENTATION_CONTEXT ( 'NONE', 'WORKASPACE' ) );
#1630 = FACE_OUTER_BOUND ( 'NONE', #2237, .T. ) ;
#1631 = CARTESIAN_POINT ( 'NONE',  ( 0.2097000363139861212, 0.000000000000000000, -1.330762251780983840 ) ) ;
#1632 = CARTESIAN_POINT ( 'NONE',  ( 1.160723959909305103, 0.000000000000000000, 1.575606022814658669 ) ) ;
#1633 = CARTESIAN_POINT ( 'NONE',  ( 1.232104787064420615, 0.4000000000000000222, 2.135616197999692378 ) ) ;
#1634 = CARTESIAN_POINT ( 'NONE',  ( -0.3684214593006734373, 0.000000000000000000, -1.227103062062299355 ) ) ;
#1635 = CARTESIAN_POINT ( 'NONE',  ( 0.000000000000000000, 23.00000000000000000, 0.000000000000000000 ) ) ;
#1636 = B_SPLINE_CURVE_WITH_KNOTS ( 'NONE', 3,
 ( #1235, #1474, #641, #556, #2315, #1409, #435, #2675, #1461, #2107, #607, #1891, #2727 ),
 .UNSPECIFIED., .F., .F.,
 ( 4, 1, 1, 1, 1, 1, 1, 1, 1, 1, 4 ),
 ( 0.000000000000000000, 0.06732887610035417914, 0.1316880279369291307, 0.1926550569959324111, 0.2513013160743755581, 0.3655971930543417403, 0.4799388861279362817, 0.5989931897383546922, 0.7240969136348831547, 0.8576774776366086206, 1.000000000000000000 ),
 .UNSPECIFIED. ) ;
#1637 = ORIENTED_EDGE ( 'NONE', *, *, #834, .T. ) ;
#1638 = CARTESIAN_POINT ( 'NONE',  ( 0.000000000000000000, 1.999999999999998224, 0.000000000000000000 ) ) ;
#1639 = CARTESIAN_POINT ( 'NONE',  ( 1.200606075108257897, 0.4000000000000000222, -1.524449076996165164 ) ) ;
#1640 = CARTESIAN_POINT ( 'NONE',  ( -0.03803086281240285887, 0.000000000000000000, 0.04567234372806619480 ) ) ;
#1641 = CARTESIAN_POINT ( 'NONE',  ( -0.6025411801437813297, 0.000000000000000000, 2.185508027593683344 ) ) ;
#1642 = ADVANCED_FACE ( 'NONE', ( #1330 ), #795, .F. ) ;
#1643 = CARTESIAN_POINT ( 'NONE',  ( -0.7767102390260162137, 0.4000000000000000222, -1.913753373138245006 ) ) ;
#1644 = CARTESIAN_POINT ( 'NONE',  ( 0.000000000000000000, 1.999999999999998224, 0.000000000000000000 ) ) ;
#1645 = CARTESIAN_POINT ( 'NONE',  ( 1.238161995339051691, 0.000000000000000000, 1.697535944902550220 ) ) ;
#1646 = VECTOR ( 'NONE', #302, 1000.000000000000000 ) ;
#1647 = CARTESIAN_POINT ( 'NONE',  ( 1.247878521276842401, 0.000000000000000000, 1.957540027798899240 ) ) ;
#1648 = B_SPLINE_SURFACE_WITH_KNOTS ( 'NONE', 3, 1, ( 
 ( #1256, #1295 ),
 ( #2125, #2553 ),
 ( #1884, #2309 ),
 ( #635, #2113 ),
 ( #2348, #2335 ),
 ( #235, #856 ),
 ( #196, #1043 ),
 ( #219, #1940 ),
 ( #870, #1910 ),
 ( #2566, #600 ),
 ( #1454, #2746 ),
 ( #388, #831 ),
 ( #1492, #1692 ),
 ( #206, #1070 ),
 ( #2759, #427 ),
 ( #843, #1703 ),
 ( #1281, #1504 ),
 ( #304, #694 ),
 ( #1776, #459 ) ),
 .UNSPECIFIED., .F., .F., .F.,
 ( 4, 1, 1, 1, 1, 1, 1, 1, 1, 1, 1, 1, 1, 1, 1, 1, 4 ),
 ( 2, 2 ),
 ( 0.000000000000000000, 0.07748449289190531553, 0.1495159045480578264, 0.2166015471281309557, 0.2799855673285174262, 0.3400927611851063959, 0.3974145300729933772, 0.4532893925080114239, 0.5083873508585727841, 0.5634918468275667003, 0.6195490794626495878, 0.6769838554888166771, 0.7366519462640243043, 0.7988136362078912533, 0.8629434650515755978, 0.9298947301663228471, 1.000000000000000000 ),
 ( 0.000000000000000000, 1.000000000000000000 ),
 .UNSPECIFIED. ) ;
#1649 = CARTESIAN_POINT ( 'NONE',  ( -0.3684214593006734373, 0.4000000000000000222, -1.227103062062299355 ) ) ;
#1650 = CARTESIAN_POINT ( 'NONE',  ( -0.5935809322443547087, 0.4000000000000000222, 0.8599366933797908397 ) ) ;
#1651 = EDGE_LOOP ( 'NONE', ( #2703, #1080, #983, #1964 ) ) ;
#1652 = CARTESIAN_POINT ( 'NONE',  ( 0.3719867182712931486, 0.000000000000000000, 1.711867468341502718 ) ) ;
#1653 = UNCERTAINTY_MEASURE_WITH_UNIT (LENGTH_MEASURE( 1.000000000000000082E-05 ), #1171, 'distance_accuracy_value', 'NONE');
#1654 = CARTESIAN_POINT ( 'NONE',  ( 0.1416651359824126766, 0.000000000000000000, -2.060658768469183055 ) ) ;
#1655 = CARTESIAN_POINT ( 'NONE',  ( 1.502881458912854074, 0.4000000000000000222, -0.5887713369174855105 ) ) ;
#1656 = CARTESIAN_POINT ( 'NONE',  ( 1.503946301828022580, 0.4000000000000000222, -0.5350523057326774801 ) ) ;
#1657 = ORIENTED_EDGE ( 'NONE', *, *, #991, .T. ) ;
#1658 = CARTESIAN_POINT ( 'NONE',  ( -1.229593722297066316, 0.000000000000000000, -1.485238411582298301 ) ) ;
#1659 = CONICAL_SURFACE ( 'NONE', #454, 4.349999999999999645, 0.7853981633974361776 ) ;
#1660 = CARTESIAN_POINT ( 'NONE',  ( 0.9508079546018827211, 0.4000000000000000222, 1.620318847936864870 ) ) ;
#1661 = CARTESIAN_POINT ( 'NONE',  ( -0.5489080876114523777, 0.4000000000000000222, -0.8514618844771597583 ) ) ;
#1662 = DIRECTION ( 'NONE',  ( 0.000000000000000000, -1.000000000000000000, 0.000000000000000000 ) ) ;
#1663 = ADVANCED_FACE ( 'NONE', ( #861, #1722 ), #1076, .F. ) ;
#1664 = CARTESIAN_POINT ( 'NONE',  ( 0.4109423878409573794, 0.000000000000000000, -0.04472169061336859347 ) ) ;
#1665 = CARTESIAN_POINT ( 'NONE',  ( -1.176578319697092256, 0.4000000000000000222, 1.594730675415472421 ) ) ;
#1666 = CARTESIAN_POINT ( 'NONE',  ( 1.226475284797709620, 0.000000000000000000, 1.649271351526655494 ) ) ;
#1667 = AXIS2_PLACEMENT_3D ( 'NONE', #1063, #1945, #1118 ) ;
#1668 = B_SPLINE_CURVE_WITH_KNOTS ( 'NONE', 3,
 ( #888, #2761, #873, #667, #696, #1972, #1942, #30, #2182, #903, #2597 ),
 .UNSPECIFIED., .F., .F.,
 ( 4, 1, 1, 1, 1, 1, 1, 1, 4 ),
 ( 0.000000000000000000, 0.1278977627129007644, 0.2553930448116963348, 0.3818167522283568149, 0.5093673519592030186, 0.6343318745508210732, 0.7600681874290994289, 0.8814159469638217503, 1.000000000000000000 ),
 .UNSPECIFIED. ) ;
#1669 = CARTESIAN_POINT ( 'NONE',  ( 1.449138002303328232, 0.000000000000000000, -1.000979571404635671 ) ) ;
#1670 = CARTESIAN_POINT ( 'NONE',  ( 1.003303489287530104, 0.4000000000000000222, -1.727416337823281411 ) ) ;
#1671 = CARTESIAN_POINT ( 'NONE',  ( 1.247911638967609482, 0.4000000000000000222, 1.902850509607355578 ) ) ;
#1672 = CARTESIAN_POINT ( 'NONE',  ( 1.168268646592542259, 0.000000000000000000, 2.252558869627267590 ) ) ;
#1673 = VERTEX_POINT ( 'NONE', #1768 ) ;
#1674 = CARTESIAN_POINT ( 'NONE',  ( -0.4467774825210681366, 0.000000000000000000, -2.028483091765266533 ) ) ;
#1675 = CARTESIAN_POINT ( 'NONE',  ( -0.3344969722525695244, 0.4000000000000000222, 1.434670729890240803 ) ) ;
#1676 = CARTESIAN_POINT ( 'NONE',  ( -0.5988900808087005423, 0.4000000000000000222, -0.4805473453624286573 ) ) ;
#1677 = CARTESIAN_POINT ( 'NONE',  ( 0.000000000000000000, 20.00000000000000000, 0.000000000000000000 ) ) ;
#1678 = EDGE_CURVE ( 'NONE', #287, #1935, #52, .T. ) ;
#1679 = LINE ( 'NONE', #603, #1794 ) ;
#1680 = CARTESIAN_POINT ( 'NONE',  ( 1.243838347766409447, 0.000000000000000000, 1.761757058553578892 ) ) ;
#1681 = CARTESIAN_POINT ( 'NONE',  ( 0.5180383958611499695, 0.000000000000000000, 1.709609050012152354 ) ) ;
#1682 = CARTESIAN_POINT ( 'NONE',  ( 1.466877308994473772, 0.4000000000000000222, -0.1280322677575854717 ) ) ;
#1683 = CARTESIAN_POINT ( 'NONE',  ( 1.238161995339051691, 0.4000000000000000222, 1.697535944902550220 ) ) ;
#1684 = CARTESIAN_POINT ( 'NONE',  ( 1.203367803595741137, 0.000000000000000000, 0.4155234902910168171 ) ) ;
#1685 = ORIENTED_EDGE ( 'NONE', *, *, #501, .T. ) ;
#1686 = MANIFOLD_SOLID_BREP ( 'Boss-Extrude4', #1514 ) ;
#1687 = ADVANCED_FACE ( 'NONE', ( #506 ), #528, .T. ) ;
#1688 = CARTESIAN_POINT ( 'NONE',  ( 1.243838347766409447, 0.000000000000000000, 1.761757058553578892 ) ) ;
#1689 = B_SPLINE_CURVE_WITH_KNOTS ( 'NONE', 3,
 ( #798, #422, #398, #2132, #2316, #1920, #852, #2302, #1710, #1672, #2510, #1052, #1037, #2108, #2716, #838, #2536, #1486, #1698 ),
 .UNSPECIFIED., .F., .F.,
 ( 4, 1, 1, 1, 1, 1, 1, 1, 1, 1, 1, 1, 1, 1, 1, 1, 4 ),
 ( 0.000000000000000000, 0.1119261970326589362, 0.2251451456750430957, 0.3355252657556961338, 0.4389329017610922312, 0.5319004041431807384, 0.6108896061952105994, 0.6726152953793144151, 0.7120622608783739871, 0.7402705137878743402, 0.7674882167521831500, 0.7950491577784558617, 0.8247129237244011923, 0.8575418327256367768, 0.8967209689796649119, 0.9436235011633283820, 1.000000000000000000 ),
 .UNSPECIFIED. ) ;
#1690 = CARTESIAN_POINT ( 'NONE',  ( 1.021265402008882051, 0.4000000000000000222, 1.597266415211350044 ) ) ;
#1691 = CARTESIAN_POINT ( 'NONE',  ( 0.6079782922283495372, 0.4000000000000000222, -0.6240491281147878544 ) ) ;
#1692 = CARTESIAN_POINT ( 'NONE',  ( 1.396677557903621247, 0.000000000000000000, 0.1104029721706967226 ) ) ;
#1693 = CARTESIAN_POINT ( 'NONE',  ( -1.481788252514526727, 0.4000000000000000222, 0.5408426264245004278 ) ) ;
#1694 = CARTESIAN_POINT ( 'NONE',  ( -0.4564971039580408840, 0.000000000000000000, -1.110671582415041714 ) ) ;
#1695 = LINE ( 'NONE', #810, #2600 ) ;
#1696 = CARTESIAN_POINT ( 'NONE',  ( 0.8871906065285851684, 0.4000000000000000222, -1.812515059092834946 ) ) ;
#1697 = DIRECTION ( 'NONE',  ( -0.000000000000000000, -1.000000000000000000, -0.000000000000000000 ) ) ;
#1698 = CARTESIAN_POINT ( 'NONE',  ( 1.247955441942401933, 0.000000000000000000, 1.935859470741420729 ) ) ;
#1699 = EDGE_CURVE ( 'NONE', #2330, #2299, #1617, .T. ) ;
#1700 = ORIENTED_EDGE ( 'NONE', *, *, #2305, .T. ) ;
#1701 = CARTESIAN_POINT ( 'NONE',  ( 1.247955441942401933, 0.000000000000000000, 1.935859470741420729 ) ) ;
#1702 = CARTESIAN_POINT ( 'NONE',  ( -0.7767102390260162137, 0.4000000000000000222, -1.913753373138245006 ) ) ;
#1703 = CARTESIAN_POINT ( 'NONE',  ( 1.488751558957687182, 0.000000000000000000, -0.2577526505612160457 ) ) ;
#1704 = CARTESIAN_POINT ( 'NONE',  ( -1.394330255923356576, 0.4000000000000000222, 1.039834747114317670 ) ) ;
#1705 = CARTESIAN_POINT ( 'NONE',  ( -0.5231406946165486627, 0.000000000000000000, -0.9495412834703543803 ) ) ;
#1706 = CARTESIAN_POINT ( 'NONE',  ( 1.003303489287530104, 0.000000000000000000, -1.727416337823281411 ) ) ;
#1707 = CARTESIAN_POINT ( 'NONE',  ( 1.003303489287530104, 0.000000000000000000, -1.727416337823281411 ) ) ;
#1708 = CARTESIAN_POINT ( 'NONE',  ( 0.6517289156108295733, 0.000000000000000000, 1.694341658168746489 ) ) ;
#1709 = CARTESIAN_POINT ( 'NONE',  ( -0.5231406946165486627, 0.4000000000000000222, -0.9495412834703543803 ) ) ;
#1710 = CARTESIAN_POINT ( 'NONE',  ( 1.126199657834789258, 0.000000000000000000, 2.279406156793164939 ) ) ;
#1711 = EDGE_LOOP ( 'NONE', ( #800, #273, #324, #1823 ) ) ;
#1712 = EDGE_CURVE ( 'NONE', #133, #2299, #88, .T. ) ;
#1713 = CARTESIAN_POINT ( 'NONE',  ( 0.8871906065285851684, 0.000000000000000000, -1.812515059092834946 ) ) ;
#1714 = APPLICATION_PROTOCOL_DEFINITION ( 'draft international standard', 'automotive_design', 1998, #229 ) ;
#1715 = CARTESIAN_POINT ( 'NONE',  ( 0.5818557828519007602, 0.4000000000000000222, -0.3392671702461257932 ) ) ;
#1716 = CARTESIAN_POINT ( 'NONE',  ( 0.05199814341426693687, 0.000000000000000000, 0.04792687908496692795 ) ) ;
#1717 = B_SPLINE_CURVE_WITH_KNOTS ( 'NONE', 3,
 ( #772, #360, #2068, #1854, #2707, #2361, #677, #646, #2390, #2565, #1323, #2179, #2552, #1968, #1267, #2137, #1069, #2375, #442 ),
 .UNSPECIFIED., .F., .F.,
 ( 4, 1, 1, 1, 1, 1, 1, 1, 1, 1, 1, 1, 1, 1, 1, 1, 4 ),
 ( 0.000000000000000000, 0.07360890242769976832, 0.1422749985349699986, 0.2062743646621597315, 0.2671553263977909931, 0.3254993376348726541, 0.3819690673269469650, 0.4387392884392607995, 0.4950189967285443249, 0.5523195340389878139, 0.6103087518980346848, 0.6700350464462168087, 0.7320263128239695716, 0.7957716388051463419, 0.8615792867094483887, 0.9292190780445040987, 0.9999999999999998890 ),
 .UNSPECIFIED. ) ;
#1718 = CARTESIAN_POINT ( 'NONE',  ( -1.500157625372474879, 0.4000000000000000222, 0.2711876153418998348 ) ) ;
#1719 = CARTESIAN_POINT ( 'NONE',  ( -0.01768698915133480945, 0.000000000000000000, -1.359087019010951192 ) ) ;
#1720 = CARTESIAN_POINT ( 'NONE',  ( 0.6222836873795793977, 0.000000000000000000, -1.950602118697870369 ) ) ;
#1721 = CARTESIAN_POINT ( 'NONE',  ( -0.5988152959186748836, 0.4000000000000000222, 0.5148755752695618471 ) ) ;
#1722 = FACE_OUTER_BOUND ( 'NONE', #1138, .T. ) ;
#1723 = CARTESIAN_POINT ( 'NONE',  ( 1.243838347766409447, 0.4000000000000000222, 1.761757058553578892 ) ) ;
#1724 = CARTESIAN_POINT ( 'NONE',  ( -0.1701260788451311734, 0.000000000000000000, 2.359859555126500030 ) ) ;
#1725 = ORIENTED_EDGE ( 'NONE', *, *, #1008, .F. ) ;
#1726 = CARTESIAN_POINT ( 'NONE',  ( 0.8306947672069416866, 0.000000000000000000, 0.6637440695855283401 ) ) ;
#1727 = CARTESIAN_POINT ( 'NONE',  ( 0.6339983622819967968, 0.000000000000000000, 2.400794134260629153 ) ) ;
#1728 = VERTEX_POINT ( 'NONE', #2423 ) ;
#1729 = CARTESIAN_POINT ( 'NONE',  ( 0.05199814341426693687, 0.4000000000000000777, 0.04792687908496692795 ) ) ;
#1730 = DIRECTION ( 'NONE',  ( 0.000000000000000000, -1.000000000000000000, 0.000000000000000000 ) ) ;
#1731 = AXIS2_PLACEMENT_3D ( 'NONE', #597, #1451, #425 ) ;
#1732 = CARTESIAN_POINT ( 'NONE',  ( -0.5694163237399990640, 0.4000000000000000222, 0.9711764745203871341 ) ) ;
#1733 = CARTESIAN_POINT ( 'NONE',  ( -0.1362862536989596085, 0.000000000000000000, -1.347903868065071009 ) ) ;
#1734 = CARTESIAN_POINT ( 'NONE',  ( -0.03699867896784364563, 0.000000000000000000, -2.063997714971405273 ) ) ;
#1735 = CARTESIAN_POINT ( 'NONE',  ( -1.237667994902035717, 0.000000000000000000, 1.471639768266399306 ) ) ;
#1736 = CARTESIAN_POINT ( 'NONE',  ( 1.210736381138048268, 0.000000000000000000, 1.613571377452304390 ) ) ;
#1737 = CARTESIAN_POINT ( 'NONE',  ( 0.5818557828519007602, 0.4000000000000000222, -0.3392671702461257932 ) ) ;
#1738 = CARTESIAN_POINT ( 'NONE',  ( 0.5733498228725788515, 0.4000000000000000222, -0.9141805316441796725 ) ) ;
#1739 = AXIS2_PLACEMENT_3D ( 'NONE', #1356, #2199, #73 ) ;
#1740 = VERTEX_POINT ( 'NONE', #2721 ) ;
#1741 = CARTESIAN_POINT ( 'NONE',  ( 0.4254292137871495405, 0.000000000000000000, 0.7485897850315808011 ) ) ;
#1742 = CARTESIAN_POINT ( 'NONE',  ( 0.4190163551453530144, 0.000000000000000000, 2.415091457653803619 ) ) ;
#1743 = B_SPLINE_SURFACE_WITH_KNOTS ( 'NONE', 3, 1, ( 
 ( #232, #929 ),
 ( #1082, #1810 ),
 ( #355, #1640 ),
 ( #995, #565 ),
 ( #1211, #2658 ),
 ( #754, #780 ),
 ( #2494, #1152 ),
 ( #2647, #1597 ),
 ( #579, #2009 ),
 ( #1392, #741 ),
 ( #2022, #105 ) ),
 .UNSPECIFIED., .F., .F., .F.,
 ( 4, 1, 1, 1, 1, 1, 1, 1, 4 ),
 ( 2, 2 ),
 ( 0.000000000000000000, 0.1278977627129007644, 0.2553930448116963348, 0.3818167522283568149, 0.5093673519592030186, 0.6343318745508210732, 0.7600681874290994289, 0.8814159469638217503, 1.000000000000000000 ),
 ( 0.000000000000000000, 1.000000000000000000 ),
 .UNSPECIFIED. ) ;
#1744 = ORIENTED_EDGE ( 'NONE', *, *, #587, .F. ) ;
#1745 = CARTESIAN_POINT ( 'NONE',  ( 0.6070473581683160091, 0.4000000000000000222, -0.5722690392445445307 ) ) ;
#1746 = CARTESIAN_POINT ( 'NONE',  ( -0.5437556030265793261, 0.4000000000000000222, 0.5484740700599507468 ) ) ;
#1747 = CARTESIAN_POINT ( 'NONE',  ( -0.5694163237399990640, 0.000000000000000000, 0.9711764745203871341 ) ) ;
#1748 = EDGE_CURVE ( 'NONE', #563, #576, #2472, .T. ) ;
#1749 = CARTESIAN_POINT ( 'NONE',  ( 0.5180383958611499695, 0.4000000000000000222, 1.709609050012152354 ) ) ;
#1750 = CARTESIAN_POINT ( 'NONE',  ( 0.1460056663217687567, 0.4000000000000000222, -1.347146954702015398 ) ) ;
#1751 = CARTESIAN_POINT ( 'NONE',  ( 1.200606075108257897, 0.000000000000000000, -1.524449076996165164 ) ) ;
#1752 = CARTESIAN_POINT ( 'NONE',  ( 0.3719867182712931486, 0.000000000000000000, 1.711867468341502718 ) ) ;
#1753 = CARTESIAN_POINT ( 'NONE',  ( 0.4885312917008148292, 0.4000000000000000222, -0.1234428337401637099 ) ) ;
#1754 = CARTESIAN_POINT ( 'NONE',  ( 0.6079782922283496482, 0.4000000000000000222, -0.6240491281147879654 ) ) ;
#1755 = ORIENTED_EDGE ( 'NONE', *, *, #1079, .F. ) ;
#1756 = CARTESIAN_POINT ( 'NONE',  ( 0.1301485904593674137, 0.4000000000000000222, 0.7498401019137573842 ) ) ;
#1757 = CARTESIAN_POINT ( 'NONE',  ( 1.247737606321703607, 0.000000000000000000, 1.997257764286304971 ) ) ;
#1758 = CIRCLE ( 'NONE', #2732, 4.049999999999998046 ) ;
#1759 = ORIENTED_EDGE ( 'NONE', *, *, #1389, .T. ) ;
#1760 = CARTESIAN_POINT ( 'NONE',  ( 0.3759865754570058671, 0.4000000000000000222, 2.415842333026959832 ) ) ;
#1761 = FACE_OUTER_BOUND ( 'NONE', #511, .T. ) ;
#1762 = CARTESIAN_POINT ( 'NONE',  ( -0.08959843530728267558, 0.4000000000000000222, 1.618464666938487007 ) ) ;
#1763 = CARTESIAN_POINT ( 'NONE',  ( -0.01768698915133480945, -0.000000000000000000, -1.359087019010951192 ) ) ;
#1764 = CARTESIAN_POINT ( 'NONE',  ( 1.466877308994473772, 0.000000000000000000, -0.1280322677575854717 ) ) ;
#1765 = ADVANCED_FACE ( 'NONE', ( #1147 ), #2562, .T. ) ;
#1766 = B_SPLINE_SURFACE_WITH_KNOTS ( 'NONE', 3, 1, ( 
 ( #598, #1279 ),
 ( #2111, #2744 ),
 ( #829, #803 ),
 ( #1690, #2719 ),
 ( #1660, #2514 ),
 ( #1227, #2499 ),
 ( #1254, #1907 ),
 ( #1041, #373 ),
 ( #180, #2333 ),
 ( #1239, #2136 ),
 ( #2307, #1452 ) ),
 .UNSPECIFIED., .F., .F., .F.,
 ( 4, 1, 1, 1, 1, 1, 1, 1, 4 ),
 ( 2, 2 ),
 ( 0.000000000000000000, 0.05991645637863888402, 0.1376268791843416051, 0.2340214522537862607, 0.3475933569376453147, 0.4794748474632622437, 0.6307013383730877276, 0.8035719909920919779, 1.000000000000000000 ),
 ( 0.000000000000000000, 1.000000000000000000 ),
 .UNSPECIFIED. ) ;
#1767 = CARTESIAN_POINT ( 'NONE',  ( 1.279745049157847259, 0.000000000000000000, -1.406718229015606836 ) ) ;
#1768 = CARTESIAN_POINT ( 'NONE',  ( 2.565151067676131547, 1.999999999999998224, 1.649999999999999911 ) ) ;
#1769 = CARTESIAN_POINT ( 'NONE',  ( -0.1809547272546559726, 0.4000000000000000222, -2.062224581599354067 ) ) ;
#1770 = CARTESIAN_POINT ( 'NONE',  ( 0.000000000000000000, 20.50000000000001066, 0.000000000000000000 ) ) ;
#1771 = ORIENTED_EDGE ( 'NONE', *, *, #444, .F. ) ;
#1772 = CARTESIAN_POINT ( 'NONE',  ( -0.6237820220164705942, 0.4000000000000000222, 0.5409357773146262760 ) ) ;
#1773 = CARTESIAN_POINT ( 'NONE',  ( 1.243982465311853858, 0.4000000000000000222, 2.051838868718113051 ) ) ;
#1774 = ORIENTED_EDGE ( 'NONE', *, *, #311, .F. ) ;
#1775 = CARTESIAN_POINT ( 'NONE',  ( -0.2014086299560709503, 0.4000000000000000222, -1.329236919061376643 ) ) ;
#1776 = CARTESIAN_POINT ( 'NONE',  ( 1.503946301828022580, 0.4000000000000000222, -0.5350523057326774801 ) ) ;
#1777 = CARTESIAN_POINT ( 'NONE',  ( -0.2612329217334238285, 0.4000000000000000222, 1.504056535216019785 ) ) ;
#1778 = CARTESIAN_POINT ( 'NONE',  ( -0.2998000757898575674, 0.4000000000000000777, -0.01176555552139983349 ) ) ;
#1779 = CARTESIAN_POINT ( 'NONE',  ( 1.436080664225350967, 0.000000000000000000, -0.005232628780451329016 ) ) ;
#1780 = CARTESIAN_POINT ( 'NONE',  ( 1.129959654963873295, 0.4000000000000000222, 1.573872395434410043 ) ) ;
#1781 = CARTESIAN_POINT ( 'NONE',  ( 1.247955441942401933, 0.4000000000000000222, 1.935859470741420729 ) ) ;
#1782 = ORIENTED_EDGE ( 'NONE', *, *, #260, .T. ) ;
#1783 = CARTESIAN_POINT ( 'NONE',  ( -0.6237820220164705942, 0.000000000000000000, 0.5409357773146262760 ) ) ;
#1784 = ADVANCED_FACE ( 'NONE', ( #1345, #1204 ), #282, .T. ) ;
#1785 = CARTESIAN_POINT ( 'NONE',  ( -0.2625818224507435739, 0.000000000000000000, -1.305746499169352592 ) ) ;
#1786 = ORIENTED_EDGE ( 'NONE', *, *, #2505, .T. ) ;
#1787 = CARTESIAN_POINT ( 'NONE',  ( -1.502659978002853336, 0.4000000000000000222, -0.09174828977658186502 ) ) ;
#1788 = CARTESIAN_POINT ( 'NONE',  ( -0.4543382057166248100, 0.4000000000000000222, 0.5946966549969864291 ) ) ;
#1789 = CARTESIAN_POINT ( 'NONE',  ( 0.01091882180168933514, 0.000000000000000000, 1.660914918797163464 ) ) ;
#1790 = CARTESIAN_POINT ( 'NONE',  ( -1.025705857673708143, 0.4000000000000000222, 1.823265710966915032 ) ) ;
#1791 = CARTESIAN_POINT ( 'NONE',  ( 0.2709903243320438970, 0.000000000000000000, 0.7519017437704242912 ) ) ;
#1792 = CARTESIAN_POINT ( 'NONE',  ( -0.8347250770551306598, 0.4000000000000000222, 2.020873751968264909 ) ) ;
#1793 = CARTESIAN_POINT ( 'NONE',  ( -1.362540456492543628, 0.4000000000000000222, -1.181773637004406519 ) ) ;
#1794 = VECTOR ( 'NONE', #2349, 1000.000000000000000 ) ;
#1795 = ORIENTED_EDGE ( 'NONE', *, *, #1252, .T. ) ;
#1796 = CARTESIAN_POINT ( 'NONE',  ( 1.129959654963873295, 0.000000000000000000, 1.573872395434410043 ) ) ;
#1797 = CARTESIAN_POINT ( 'NONE',  ( -0.8714804555449833234, 0.4000000000000000222, -1.860868509759071587 ) ) ;
#1798 = CARTESIAN_POINT ( 'NONE',  ( -1.503946301828022580, 0.000000000000000000, 0.006928342931410494399 ) ) ;
#1799 = EDGE_CURVE ( 'NONE', #49, #2359, #773, .T. ) ;
#1800 = CARTESIAN_POINT ( 'NONE',  ( 0.05199814341426693687, 0.4000000000000000777, 0.04792687908496692795 ) ) ;
#1801 = DIRECTION ( 'NONE',  ( 0.000000000000000000, -1.000000000000000000, 0.000000000000000000 ) ) ;
#1802 = CARTESIAN_POINT ( 'NONE',  ( 0.3744299140773779122, 0.4000000000000000222, -1.243119070397243009 ) ) ;
#1803 = CARTESIAN_POINT ( 'NONE',  ( -1.481788252514526727, 0.4000000000000000222, 0.5408426264245004278 ) ) ;
#1804 = CARTESIAN_POINT ( 'NONE',  ( 1.241670248817535738, 0.4000000000000000222, 2.097664290221880279 ) ) ;
#1805 = ADVANCED_FACE ( 'NONE', ( #167 ), #1216, .T. ) ;
#1806 = CARTESIAN_POINT ( 'NONE',  ( -0.7246252955334693269, 0.4000000000000000222, 2.108603648726985469 ) ) ;
#1807 = CARTESIAN_POINT ( 'NONE',  ( -1.502659978002853336, 0.4000000000000000222, -0.09174828977658186502 ) ) ;
#1808 = ORIENTED_EDGE ( 'NONE', *, *, #1165, .T. ) ;
#1809 = LINE ( 'NONE', #2062, #325 ) ;
#1810 = CARTESIAN_POINT ( 'NONE',  ( 0.02195696254165246941, 0.000000000000000000, 0.04717457816241941992 ) ) ;
#1811 = CARTESIAN_POINT ( 'NONE',  ( -0.4701942148146541212, 0.000000000000000000, 2.253794212860282808 ) ) ;
#1812 = CARTESIAN_POINT ( 'NONE',  ( -0.6078410172962542823, 0.000000000000000000, -0.2234112523503316572 ) ) ;
#1813 = CARTESIAN_POINT ( 'NONE',  ( -0.3185349434064781438, 0.4000000000000000222, -2.048587636692797087 ) ) ;
#1814 = CARTESIAN_POINT ( 'NONE',  ( 0.07810139458267149892, 0.000000000000000000, -1.358968643712202162 ) ) ;
#1815 = CARTESIAN_POINT ( 'NONE',  ( -1.025705857673708143, 0.000000000000000000, 1.823265710966915032 ) ) ;
#1816 = CARTESIAN_POINT ( 'NONE',  ( 1.247955441942401933, 0.000000000000000000, 1.935859470741420729 ) ) ;
#1817 = LINE ( 'NONE', #762, #1997 ) ;
#1818 = CARTESIAN_POINT ( 'NONE',  ( -1.174022796288867410, 0.000000000000000000, -1.574705077290193378 ) ) ;
#1819 = EDGE_LOOP ( 'NONE', ( #658, #1209 ) ) ;
#1820 = DIRECTION ( 'NONE',  ( 0.000000000000000000, 0.7071067811865460184, 0.7071067811865490160 ) ) ;
#1821 = CARTESIAN_POINT ( 'NONE',  ( -0.8714804555449833234, 0.000000000000000000, -1.860868509759071587 ) ) ;
#1822 = FACE_OUTER_BOUND ( 'NONE', #1417, .T. ) ;
#1823 = ORIENTED_EDGE ( 'NONE', *, *, #2581, .T. ) ;
#1824 = CARTESIAN_POINT ( 'NONE',  ( 1.188401159173702926, 0.4000000000000000222, 1.589788890452103809 ) ) ;
#1825 = CARTESIAN_POINT ( 'NONE',  ( -0.08603315640549663579, 0.4000000000000000222, -2.063393748209602307 ) ) ;
#1826 = CARTESIAN_POINT ( 'NONE',  ( 0.6060977268776693849, 0.000000000000000000, -0.6748554747840538326 ) ) ;
#1827 = CARTESIAN_POINT ( 'NONE',  ( -0.5844763810208887245, 0.000000000000000000, -0.1531242660532176614 ) ) ;
#1828 = CARTESIAN_POINT ( 'NONE',  ( 1.247955441942401711, 0.000000000000000000, 1.935859470741420507 ) ) ;
#1829 = CARTESIAN_POINT ( 'NONE',  ( 1.061947422593220391, 0.4000000000000000222, 2.305829105895909947 ) ) ;
#1830 = EDGE_CURVE ( 'NONE', #142, #177, #1548, .T. ) ;
#1831 = CARTESIAN_POINT ( 'NONE',  ( 0.9431666891824916910, 0.4000000000000000222, 0.6135807768843812848 ) ) ;
#1832 = CARTESIAN_POINT ( 'NONE',  ( -0.4525760192265584347, 0.4000000000000000222, 1.269323478335525390 ) ) ;
#1833 = VERTEX_POINT ( 'NONE', #2151 ) ;
#1834 = CARTESIAN_POINT ( 'NONE',  ( -0.7767102390260162137, 0.000000000000000000, -1.913753373138245006 ) ) ;
#1835 = CARTESIAN_POINT ( 'NONE',  ( -0.1809547272546559726, 0.000000000000000000, -2.062224581599354067 ) ) ;
#1836 = CARTESIAN_POINT ( 'NONE',  ( -0.9349305148671402943, 0.000000000000000000, 1.925687113072190204 ) ) ;
#1837 = ORIENTED_EDGE ( 'NONE', *, *, #684, .F. ) ;
#1838 = CARTESIAN_POINT ( 'NONE',  ( 0.05199814341426693687, 5.421010862427522170E-17, 0.04792687908496692795 ) ) ;
#1839 =( NAMED_UNIT ( * ) PLANE_ANGLE_UNIT ( ) SI_UNIT ( $, .RADIAN. ) );
#1840 = CARTESIAN_POINT ( 'NONE',  ( 0.5733498228725788515, 0.000000000000000000, -0.9141805316441796725 ) ) ;
#1841 = DIRECTION ( 'NONE',  ( 0.000000000000000000, 0.000000000000000000, 1.000000000000000000 ) ) ;
#1842 = CARTESIAN_POINT ( 'NONE',  ( 1.126199657834789258, 0.4000000000000000222, 2.279406156793164939 ) ) ;
#1843 = CARTESIAN_POINT ( 'NONE',  ( -0.6078410172962542823, 0.4000000000000000222, -0.2234112523503316572 ) ) ;
#1844 = LINE ( 'NONE', #1593, #61 ) ;
#1845 = EDGE_CURVE ( 'NONE', #1611, #132, #1951, .T. ) ;
#1846 = ORIENTED_EDGE ( 'NONE', *, *, #552, .T. ) ;
#1847 = DIRECTION ( 'NONE',  ( 0.000000000000000000, 0.000000000000000000, 1.000000000000000000 ) ) ;
#1848 = CARTESIAN_POINT ( 'NONE',  ( 1.287587279310891564, 0.4000000000000000222, 0.3159249181412370211 ) ) ;
#1849 = CARTESIAN_POINT ( 'NONE',  ( -0.03699867896784364563, 0.000000000000000000, -2.063997714971405273 ) ) ;
#1850 = CARTESIAN_POINT ( 'NONE',  ( 0.1834868154258906259, 0.4000000000000000222, 2.412080502738826127 ) ) ;
#1851 = ORIENTED_EDGE ( 'NONE', *, *, #2461, .T. ) ;
#1852 = CARTESIAN_POINT ( 'NONE',  ( -0.6752878078060172706, 0.4000000000000000222, -1.960270036974205432 ) ) ;
#1853 = SURFACE_SIDE_STYLE ('',( #1589 ) ) ;
#1854 = CARTESIAN_POINT ( 'NONE',  ( 0.1222607413952057076, 0.000000000000000000, 1.690608049977929461 ) ) ;
#1855 = DIRECTION ( 'NONE',  ( 0.000000000000000000, 0.000000000000000000, -1.000000000000000000 ) ) ;
#1856 = CARTESIAN_POINT ( 'NONE',  ( 1.224410471984811899, 0.000000000000000000, 2.169516475875218120 ) ) ;
#1857 = CARTESIAN_POINT ( 'NONE',  ( -0.6079782922283495372, 0.000000000000000000, -0.1680654089435257570 ) ) ;
#1858 = CARTESIAN_POINT ( 'NONE',  ( -0.5390444443764870197, 0.000000000000000000, 1.077155621029091792 ) ) ;
#1859 = VECTOR ( 'NONE', #261, 1000.000000000000114 ) ;
#1860 = ORIENTED_EDGE ( 'NONE', *, *, #1218, .F. ) ;
#1861 = DIRECTION ( 'NONE',  ( 0.000000000000000000, -1.000000000000000000, 0.000000000000000000 ) ) ;
#1862 = CARTESIAN_POINT ( 'NONE',  ( 0.7071806195697314390, -5.421010862427522170E-17, 0.7040441181214833755 ) ) ;
#1863 = PLANE ( 'NONE',  #2019 ) ;
#1864 = CARTESIAN_POINT ( 'NONE',  ( 0.07810139458267149892, 0.4000000000000000222, -1.358968643712202162 ) ) ;
#1865 = VECTOR ( 'NONE', #2343, 1000.000000000000000 ) ;
#1866 = ADVANCED_FACE ( 'NONE', ( #1467 ), #443, .F. ) ;
#1867 = CARTESIAN_POINT ( 'NONE',  ( -1.362540456492543628, 0.000000000000000000, -1.181773637004406519 ) ) ;
#1868 = CARTESIAN_POINT ( 'NONE',  ( 0.3282550274411938918, 0.4000000000000000222, 1.710798621552192200 ) ) ;
#1869 = CARTESIAN_POINT ( 'NONE',  ( 0.006999750074997493354, 0.4000000000000000222, -1.360022850285947715 ) ) ;
#1870 = CARTESIAN_POINT ( 'NONE',  ( 1.247911638967609482, 0.000000000000000000, 1.902850509607355578 ) ) ;
#1871 = CARTESIAN_POINT ( 'NONE',  ( 1.168268646592542259, 0.000000000000000000, 2.252558869627267590 ) ) ;
#1872 = CARTESIAN_POINT ( 'NONE',  ( 0.6053006789224337769, 0.000000000000000000, -0.4751158567985962478 ) ) ;
#1873 = CARTESIAN_POINT ( 'NONE',  ( 1.114538375886968691, 0.4000000000000000222, 1.575416304213618002 ) ) ;
#1874 = CARTESIAN_POINT ( 'NONE',  ( 1.021265402008882051, 0.000000000000000000, 1.597266415211350044 ) ) ;
#1875 = UNCERTAINTY_MEASURE_WITH_UNIT (LENGTH_MEASURE( 1.000000000000000082E-05 ), #1539, 'distance_accuracy_value', 'NONE');
#1876 = CARTESIAN_POINT ( 'NONE',  ( 0.9431666891824916910, 0.4000000000000000222, 0.6135807768843812848 ) ) ;
#1877 = CARTESIAN_POINT ( 'NONE',  ( -0.6079782922283495372, 0.000000000000000000, -0.1680654089435257570 ) ) ;
#1878 = CARTESIAN_POINT ( 'NONE',  ( 1.107469965817010182, 0.4000000000000000222, -1.631043167194013321 ) ) ;
#1879 = ORIENTED_EDGE ( 'NONE', *, *, #809, .T. ) ;
#1880 = CARTESIAN_POINT ( 'NONE',  ( 0.3129311139769925254, 0.000000000000000000, -2.037608386554000006 ) ) ;
#1881 = EDGE_CURVE ( 'NONE', #438, #133, #1268, .T. ) ;
#1882 = CARTESIAN_POINT ( 'NONE',  ( -0.1803705875473952669, 0.4000000000000000222, 1.566422035519254186 ) ) ;
#1883 = CARTESIAN_POINT ( 'NONE',  ( -0.6075787057417099124, 0.4000000000000000222, -0.3291687566522367714 ) ) ;
#1884 = CARTESIAN_POINT ( 'NONE',  ( 0.4254292137871495405, 0.4000000000000000222, 0.7485897850315808011 ) ) ;
#1885 = CARTESIAN_POINT ( 'NONE',  ( 0.000000000000000000, 20.50000000000001066, 4.349999999999999645 ) ) ;
#1886 = CARTESIAN_POINT ( 'NONE',  ( 0.1925791114706614515, 0.000000000000000000, 0.03840393688048595461 ) ) ;
#1887 = CARTESIAN_POINT ( 'NONE',  ( -0.4926273976488560469, 0.000000000000000000, -1.035842335792178881 ) ) ;
#1888 = CIRCLE ( 'NONE', #1618, 5.049999999999999822 ) ;
#1889 = CARTESIAN_POINT ( 'NONE',  ( -1.503946301828022802, 0.000000000000000000, 0.006928342931410495266 ) ) ;
#1890 = CARTESIAN_POINT ( 'NONE',  ( 1.396677557903621247, -5.421010862427522170E-17, 0.1104029721706967226 ) ) ;
#1891 = CARTESIAN_POINT ( 'NONE',  ( 0.6060977268776693849, -0.000000000000000000, -0.6748554747840538326 ) ) ;
#1892 = CARTESIAN_POINT ( 'NONE',  ( 1.500777939277243567, 0.4000000000000000222, -0.6948893711303837373 ) ) ;
#1893 = ORIENTED_EDGE ( 'NONE', *, *, #684, .T. ) ;
#1894 = CARTESIAN_POINT ( 'NONE',  ( 0.7608425336782137505, 0.000000000000000000, -1.888418386310342534 ) ) ;
#1895 = DIRECTION ( 'NONE',  ( 0.000000000000000000, 0.000000000000000000, 1.000000000000000000 ) ) ;
#1896 = CARTESIAN_POINT ( 'NONE',  ( 0.6079782922283495372, 5.421010862427522170E-17, -0.6240491281147878544 ) ) ;
#1897 = CARTESIAN_POINT ( 'NONE',  ( -0.2145402931608147712, 0.000000000000000000, 0.01401564182741386715 ) ) ;
#1898 = DIRECTION ( 'NONE',  ( -0.000000000000000000, 1.000000000000000000, -0.000000000000000000 ) ) ;
#1899 = ADVANCED_FACE ( 'NONE', ( #2734 ), #1648, .F. ) ;
#1900 = CARTESIAN_POINT ( 'NONE',  ( 1.247911638967609482, -0.000000000000000000, 1.902850509607355578 ) ) ;
#1901 = CARTESIAN_POINT ( 'NONE',  ( 1.502881458912854074, 0.000000000000000000, -0.5887713369174855105 ) ) ;
#1902 = CARTESIAN_POINT ( 'NONE',  ( 1.279745049157847259, 0.000000000000000000, -1.406718229015606836 ) ) ;
#1903 = CARTESIAN_POINT ( 'NONE',  ( -0.3826000310090528767, 0.000000000000000000, -0.04413080695455469382 ) ) ;
#1904 = CARTESIAN_POINT ( 'NONE',  ( 1.481478336062664880, 0.4000000000000000222, -0.8508811246071331658 ) ) ;
#1905 = ORIENTED_EDGE ( 'NONE', *, *, #2532, .T. ) ;
#1906 = CARTESIAN_POINT ( 'NONE',  ( 1.350378927346777447, 0.000000000000000000, -1.281096199951931247 ) ) ;
#1907 = CARTESIAN_POINT ( 'NONE',  ( 0.7673014850672964515, 0.000000000000000000, 1.671875180088952195 ) ) ;
#1908 = B_SPLINE_SURFACE_WITH_KNOTS ( 'NONE', 3, 1, ( 
 ( #18, #714 ),
 ( #1568, #268 ),
 ( #1769, #2615 ),
 ( #700, #1346 ),
 ( #283, #1077 ),
 ( #763, #114 ),
 ( #297, #2018 ),
 ( #1621, #2696 ),
 ( #937, #963 ),
 ( #989, #738 ),
 ( #562, #1581 ),
 ( #101, #2655 ),
 ( #2435, #1818 ),
 ( #1208, #2231 ),
 ( #519, #2682 ),
 ( #310, #1359 ),
 ( #1793, #2475 ),
 ( #1416, #2271 ),
 ( #2668, #1375 ),
 ( #951, #536 ),
 ( #776, #1606 ),
 ( #1807, #2060 ),
 ( #2217, #351 ) ),
 .UNSPECIFIED., .F., .F., .F.,
 ( 4, 1, 1, 1, 1, 1, 1, 1, 1, 1, 1, 1, 1, 1, 1, 1, 1, 1, 1, 1, 4 ),
 ( 2, 2 ),
 ( 0.000000000000000000, 0.05025167565890225480, 0.09727783879027665503, 0.1416029696478506572, 0.1832088957255121608, 0.2226551798744038357, 0.2605801249653060814, 0.2974559916644067825, 0.3337654241462503224, 0.3693848861249151572, 0.4046766430750205479, 0.4399535072422543491, 0.4758863142421118075, 0.5124137848377449123, 0.5501983723695139661, 0.5887947696224317129, 0.6291193718309893157, 0.7133695252665093189, 0.8033124542521751232, 0.8988296144637828444, 1.000000000000000000 ),
 ( 0.000000000000000000, 1.000000000000000000 ),
 .UNSPECIFIED. ) ;
#1909 = CARTESIAN_POINT ( 'NONE',  ( 0.000000000000000000, 23.00000000000000000, 0.000000000000000000 ) ) ;
#1910 = CARTESIAN_POINT ( 'NONE',  ( 1.135984988793994788, 0.000000000000000000, 0.4838349434459537912 ) ) ;
#1911 = CARTESIAN_POINT ( 'NONE',  ( 1.500777939277243567, 0.4000000000000000222, -0.6948893711303837373 ) ) ;
#1912 = CARTESIAN_POINT ( 'NONE',  ( 0.000000000000000000, 20.50000000000001066, -4.349999999999999645 ) ) ;
#1913 = B_SPLINE_CURVE_WITH_KNOTS ( 'NONE', 3,
 ( #445, #2154, #278, #1127, #1984, #71, #919, #1777, #709, #1563, #1941, #502, #871, #1732, #734, #2226, #2067, #1384, #149 ),
 .UNSPECIFIED., .F., .F.,
 ( 4, 1, 1, 1, 1, 1, 1, 1, 1, 1, 1, 1, 1, 1, 1, 1, 4 ),
 ( 0.000000000000000000, 0.07360890242769976832, 0.1422749985349699986, 0.2062743646621597315, 0.2671553263977909931, 0.3254993376348726541, 0.3819690673269469650, 0.4387392884392607995, 0.4950189967285443249, 0.5523195340389878139, 0.6103087518980346848, 0.6700350464462168087, 0.7320263128239695716, 0.7957716388051463419, 0.8615792867094483887, 0.9292190780445040987, 0.9999999999999998890 ),
 .UNSPECIFIED. ) ;
#1914 = CARTESIAN_POINT ( 'NONE',  ( 0.02374737520050454118, 0.4000000000000000222, -2.062862466487285662 ) ) ;
#1915 = EDGE_CURVE ( 'NONE', #1487, #341, #1187, .T. ) ;
#1916 = CARTESIAN_POINT ( 'NONE',  ( -0.6249776852676289796, 0.000000000000000000, 0.4989107767740881827 ) ) ;
#1917 = B_SPLINE_CURVE_WITH_KNOTS ( 'NONE', 3,
 ( #2542, #390, #1872, #2736, #378, #1020, #1244, #2103, #2723, #1886, #197, #832, #625 ),
 .UNSPECIFIED., .F., .F.,
 ( 4, 1, 1, 1, 1, 1, 1, 1, 1, 1, 4 ),
 ( 0.000000000000000000, 0.1544136590672380571, 0.2897209857846921865, 0.4102556161918405331, 0.5200035191313310268, 0.6255607156903014721, 0.7360461558620663425, 0.7948979087056879944, 0.8581539877996704480, 0.9262944990604367046, 1.000000000000000000 ),
 .UNSPECIFIED. ) ;
#1918 = CARTESIAN_POINT ( 'NONE',  ( 1.243838347766409447, 0.4000000000000000222, 1.761757058553578892 ) ) ;
#1919 = CARTESIAN_POINT ( 'NONE',  ( -0.3190266907691747256, 0.4000000000000000222, -1.272333228690089246 ) ) ;
#1920 = CARTESIAN_POINT ( 'NONE',  ( 0.8741369528315586779, 0.000000000000000000, 2.360263565049336876 ) ) ;
#1921 = ORIENTED_EDGE ( 'NONE', *, *, #2331, .T. ) ;
#1922 = CARTESIAN_POINT ( 'NONE',  ( -0.5876121774117509799, 0.000000000000000000, -0.6177389277038214388 ) ) ;
#1923 = CARTESIAN_POINT ( 'NONE',  ( -0.2612329217334238285, 0.4000000000000000222, 1.504056535216019785 ) ) ;
#1924 = CARTESIAN_POINT ( 'NONE',  ( 1.503946301828022580, 0.000000000000000000, -0.5350523057326774801 ) ) ;
#1925 = CARTESIAN_POINT ( 'NONE',  ( -0.4543382057166248100, 0.4000000000000000222, 0.5946966549969864291 ) ) ;
#1926 = AXIS2_PLACEMENT_3D ( 'NONE', #1456, #1898, #2311 ) ;
#1927 = CARTESIAN_POINT ( 'NONE',  ( 1.200606075108257897, 0.4000000000000000222, -1.524449076996165164 ) ) ;
#1928 = CARTESIAN_POINT ( 'NONE',  ( 0.3719867182712931486, 0.4000000000000000222, 1.711867468341502718 ) ) ;
#1929 = CARTESIAN_POINT ( 'NONE',  ( 0.6222836873795793977, 0.4000000000000000222, -1.950602118697870369 ) ) ;
#1930 = CARTESIAN_POINT ( 'NONE',  ( 0.1241874017706365019, 0.000000000000000000, 0.04607979732328072731 ) ) ;
#1931 = ADVANCED_FACE ( 'NONE', ( #290 ), #1045, .T. ) ;
#1932 = CARTESIAN_POINT ( 'NONE',  ( 1.226475284797709620, 0.4000000000000000222, 1.649271351526655494 ) ) ;
#1933 = CARTESIAN_POINT ( 'NONE',  ( 0.2548615599445179791, 0.4000000000000000222, 0.02431796469564453250 ) ) ;
#1934 = CARTESIAN_POINT ( 'NONE',  ( -0.9349305148671402943, 0.000000000000000000, 1.925687113072190204 ) ) ;
#1935 = VERTEX_POINT ( 'NONE', #2180 ) ;
#1936 = CARTESIAN_POINT ( 'NONE',  ( 0.3237066154362601700, -0.000000000000000000, 0.7507712371887075298 ) ) ;
#1937 = CARTESIAN_POINT ( 'NONE',  ( -0.1362862536989596085, 0.000000000000000000, -1.347903868065071009 ) ) ;
#1938 = VERTEX_POINT ( 'NONE', #248 ) ;
#1939 = CARTESIAN_POINT ( 'NONE',  ( -1.323531217220214051, 0.4000000000000000222, -1.288817146833954874 ) ) ;
#1940 = CARTESIAN_POINT ( 'NONE',  ( 1.045712044255869166, 0.000000000000000000, 0.5547913470144723025 ) ) ;
#1941 = CARTESIAN_POINT ( 'NONE',  ( -0.4525760192265584347, 0.4000000000000000222, 1.269323478335525390 ) ) ;
#1942 = CARTESIAN_POINT ( 'NONE',  ( -0.3826000310090528767, 0.4000000000000000222, -0.04413080695455469382 ) ) ;
#1943 = CARTESIAN_POINT ( 'NONE',  ( 0.02374737520050454118, 0.000000000000000000, -2.062862466487285662 ) ) ;
#1944 = CARTESIAN_POINT ( 'NONE',  ( -1.503946301828022802, 0.000000000000000000, 0.006928342931410495266 ) ) ;
#1945 = DIRECTION ( 'NONE',  ( 0.000000000000000000, -1.000000000000000000, -0.000000000000000000 ) ) ;
#1946 = CARTESIAN_POINT ( 'NONE',  ( 0.1925791114706614515, 0.4000000000000000222, 0.03840393688048595461 ) ) ;
#1947 = CARTESIAN_POINT ( 'NONE',  ( 0.4595739664877392383, 0.4000000000000000222, -1.151258362628605703 ) ) ;
#1948 = EDGE_LOOP ( 'NONE', ( #2606, #2024, #2249, #65 ) ) ;
#1949 = CARTESIAN_POINT ( 'NONE',  ( 1.503946301828022580, 0.000000000000000000, -0.5350523057326774801 ) ) ;
#1950 = CARTESIAN_POINT ( 'NONE',  ( -0.3190266907691747256, 0.000000000000000000, -1.272333228690089246 ) ) ;
#1951 = B_SPLINE_CURVE_WITH_KNOTS ( 'NONE', 3,
 ( #1716, #1057, #403, #1085, #1897, #613, #1242, #1480, #27, #2138, #647 ),
 .UNSPECIFIED., .F., .F.,
 ( 4, 1, 1, 1, 1, 1, 1, 1, 4 ),
 ( 0.000000000000000000, 0.1278977627129007644, 0.2553930448116963348, 0.3818167522283568149, 0.5093673519592030186, 0.6343318745508210732, 0.7600681874290994289, 0.8814159469638217503, 1.000000000000000000 ),
 .UNSPECIFIED. ) ;
#1952 = EDGE_LOOP ( 'NONE', ( #203, #1610, #2593, #1422 ) ) ;
#1953 = ADVANCED_FACE ( 'NONE', ( #1761 ), #377, .T. ) ;
#1954 = CARTESIAN_POINT ( 'NONE',  ( -1.484723300687193825, 0.4000000000000000222, -0.5629300972360993249 ) ) ;
#1955 = CARTESIAN_POINT ( 'NONE',  ( -0.2471453564738679831, 0.000000000000000000, 0.6757981666916837993 ) ) ;
#1956 = VECTOR ( 'NONE', #1730, 1000.000000000000000 ) ;
#1957 = CARTESIAN_POINT ( 'NONE',  ( -0.3344969722525695244, 0.4000000000000000222, 1.434670729890240803 ) ) ;
#1958 = LINE ( 'NONE', #1536, #872 ) ;
#1959 = CARTESIAN_POINT ( 'NONE',  ( 0.2868367382353417816, 0.4000000000000000222, -1.298401368298114145 ) ) ;
#1960 = CARTESIAN_POINT ( 'NONE',  ( -1.105916684414767204, 0.000000000000000000, 1.712473838393966608 ) ) ;
#1961 = SURFACE_SIDE_STYLE ('',( #2355 ) ) ;
#1962 = CARTESIAN_POINT ( 'NONE',  ( 0.7673014850672964515, 0.000000000000000000, 1.671875180088952195 ) ) ;
#1963 = CARTESIAN_POINT ( 'NONE',  ( 0.6024521072262755128, 0.4000000000000000222, -0.7733474605935476420 ) ) ;
#1964 = ORIENTED_EDGE ( 'NONE', *, *, #802, .F. ) ;
#1965 = CARTESIAN_POINT ( 'NONE',  ( -0.5437556030265793261, 0.4000000000000000222, 0.5484740700599507468 ) ) ;
#1966 = CARTESIAN_POINT ( 'NONE',  ( 1.247737606321703607, 0.4000000000000000222, 1.997257764286304971 ) ) ;
#1967 = VERTEX_POINT ( 'NONE', #2442 ) ;
#1968 = CARTESIAN_POINT ( 'NONE',  ( -0.5694163237399990640, 0.000000000000000000, 0.9711764745203871341 ) ) ;
#1969 = CARTESIAN_POINT ( 'NONE',  ( -0.4543382057166248100, 0.000000000000000000, 0.5946966549969864291 ) ) ;
#1970 = EDGE_CURVE ( 'NONE', #2079, #2476, #172, .T. ) ;
#1971 = CARTESIAN_POINT ( 'NONE',  ( 0.2437282101191256267, 0.4000000000000000222, 1.708732700578398989 ) ) ;
#1972 = CARTESIAN_POINT ( 'NONE',  ( -0.2998000757898575674, 0.4000000000000000222, -0.01176555552139983349 ) ) ;
#1973 = CARTESIAN_POINT ( 'NONE',  ( 1.061947422593220391, 0.000000000000000000, 2.305829105895909947 ) ) ;
#1974 = CARTESIAN_POINT ( 'NONE',  ( -1.394330255923356576, 0.000000000000000000, 1.039834747114317670 ) ) ;
#1975 = CARTESIAN_POINT ( 'NONE',  ( 1.503946301828022580, -5.421010862427522170E-17, -0.5350523057326774801 ) ) ;
#1976 = CARTESIAN_POINT ( 'NONE',  ( 0.3287880767730209652, 0.4000000000000000222, -0.0004561859262297856968 ) ) ;
#1977 = CARTESIAN_POINT ( 'NONE',  ( -2.922526330762603394E-05, 0.000000000000000000, 2.391436766776857237 ) ) ;
#1978 = VERTEX_POINT ( 'NONE', #1201 ) ;
#1979 = FACE_OUTER_BOUND ( 'NONE', #525, .T. ) ;
#1980 = CARTESIAN_POINT ( 'NONE',  ( 1.061947422593220391, 0.000000000000000000, 2.305829105895909947 ) ) ;
#1981 = ORIENTED_EDGE ( 'NONE', *, *, #380, .T. ) ;
#1982 = CARTESIAN_POINT ( 'NONE',  ( -0.5844763810208887245, 0.4000000000000000222, -0.1531242660532176614 ) ) ;
#1983 = CARTESIAN_POINT ( 'NONE',  ( -0.1301818870523685223, 0.4000000000000000222, 0.7066014722997454589 ) ) ;
#1984 = CARTESIAN_POINT ( 'NONE',  ( 0.01091882180168933514, 0.4000000000000000222, 1.660914918797163464 ) ) ;
#1985 = CARTESIAN_POINT ( 'NONE',  ( -1.500157625372474879, 0.4000000000000000222, 0.2711876153418998348 ) ) ;
#1986 = CARTESIAN_POINT ( 'NONE',  ( 1.129959654963873295, 0.4000000000000000222, 1.573872395434410043 ) ) ;
#1987 = EDGE_CURVE ( 'NONE', #2218, #1967, #16, .T. ) ;
#1988 = CARTESIAN_POINT ( 'NONE',  ( -0.1701260788451311734, 0.000000000000000000, 2.359859555126500030 ) ) ;
#1989 = CARTESIAN_POINT ( 'NONE',  ( -0.4543382057166248100, 0.000000000000000000, 0.5946966549969864291 ) ) ;
#1990 = CARTESIAN_POINT ( 'NONE',  ( 1.503946301828022580, 0.4000000000000000222, -0.5350523057326774801 ) ) ;
#1991 = ORIENTED_EDGE ( 'NONE', *, *, #515, .T. ) ;
#1992 = FACE_BOUND ( 'NONE', #880, .T. ) ;
#1993 = CARTESIAN_POINT ( 'NONE',  ( 1.241670248817535738, 0.4000000000000000222, 2.097664290221880279 ) ) ;
#1994 = VERTEX_POINT ( 'NONE', #1838 ) ;
#1995 = CARTESIAN_POINT ( 'NONE',  ( -0.1362862536989596085, 0.4000000000000000222, -1.347903868065071009 ) ) ;
#1996 = CARTESIAN_POINT ( 'NONE',  ( 0.6053006789224337769, 0.4000000000000000777, -0.4751158567985962478 ) ) ;
#1997 = VECTOR ( 'NONE', #2667, 1000.000000000000000 ) ;
#1998 = CARTESIAN_POINT ( 'NONE',  ( -0.6237820220164705942, 0.4000000000000000222, 0.5409357773146262760 ) ) ;
#1999 = CARTESIAN_POINT ( 'NONE',  ( -0.6025411801437813297, 0.4000000000000000222, 2.185508027593683344 ) ) ;
#2000 = CARTESIAN_POINT ( 'NONE',  ( 1.135984988793994788, 0.000000000000000000, 0.4838349434459537912 ) ) ;
#2001 = STYLED_ITEM ( 'NONE', ( #2408 ), #1686 ) ;
#2002 = CARTESIAN_POINT ( 'NONE',  ( -1.500157625372474879, 0.4000000000000000222, 0.2711876153418998348 ) ) ;
#2003 = CARTESIAN_POINT ( 'NONE',  ( 1.238161995339051691, 0.4000000000000000222, 1.697535944902550220 ) ) ;
#2004 = FACE_OUTER_BOUND ( 'NONE', #914, .T. ) ;
#2005 = EDGE_CURVE ( 'NONE', #2476, #1110, #148, .T. ) ;
#2006 = ORIENTED_EDGE ( 'NONE', *, *, #515, .F. ) ;
#2007 = B_SPLINE_CURVE_WITH_KNOTS ( 'NONE', 3,
 ( #655, #686, #1091, #1737, #2159, #1753, #2172, #1976, #1933, #1946, #2396, #480, #1331 ),
 .UNSPECIFIED., .F., .F.,
 ( 4, 1, 1, 1, 1, 1, 1, 1, 1, 1, 4 ),
 ( 0.000000000000000000, 0.1544136590672380571, 0.2897209857846921865, 0.4102556161918405331, 0.5200035191313310268, 0.6255607156903014721, 0.7360461558620663425, 0.7948979087056879944, 0.8581539877996704480, 0.9262944990604367046, 1.000000000000000000 ),
 .UNSPECIFIED. ) ;
#2008 = CARTESIAN_POINT ( 'NONE',  ( -1.108949447083573014, 0.000000000000000000, -1.655894068287581788 ) ) ;
#2009 = CARTESIAN_POINT ( 'NONE',  ( -0.5369248257273104841, 0.000000000000000000, -0.1228937636899803398 ) ) ;
#2010 = CONICAL_SURFACE ( 'NONE', #794, 5.049999999999999822, 0.7853981633974504994 ) ;
#2011 = CARTESIAN_POINT ( 'NONE',  ( -1.105916684414767204, 0.4000000000000000222, 1.712473838393966608 ) ) ;
#2012 = CARTESIAN_POINT ( 'NONE',  ( -0.3190266907691747256, 0.4000000000000000222, -1.272333228690089246 ) ) ;
#2013 = CARTESIAN_POINT ( 'NONE',  ( -0.1301818870523685223, -5.421010862427522170E-17, 0.7066014722997454589 ) ) ;
#2014 = PRESENTATION_STYLE_ASSIGNMENT (( #1425 ) ) ;
#2015 = CARTESIAN_POINT ( 'NONE',  ( -0.9349305148671402943, 0.000000000000000000, 1.925687113072190204 ) ) ;
#2016 = CARTESIAN_POINT ( 'NONE',  ( 1.247737606321703607, 0.000000000000000000, 1.997257764286304971 ) ) ;
#2017 = CARTESIAN_POINT ( 'NONE',  ( -1.481788252514526727, 0.4000000000000000222, 0.5408426264245004278 ) ) ;
#2018 = CARTESIAN_POINT ( 'NONE',  ( -0.6752878078060172706, 0.000000000000000000, -1.960270036974205432 ) ) ;
#2019 = AXIS2_PLACEMENT_3D ( 'NONE', #1684, #2741, #826 ) ;
#2020 = ORIENTED_EDGE ( 'NONE', *, *, #1353, .F. ) ;
#2021 = CARTESIAN_POINT ( 'NONE',  ( 0.4885312917008148292, 0.000000000000000000, -0.1234428337401637099 ) ) ;
#2022 = CARTESIAN_POINT ( 'NONE',  ( -0.6079782922283495372, 0.4000000000000000777, -0.1680654089435257570 ) ) ;
#2023 = CARTESIAN_POINT ( 'NONE',  ( -1.394330255923356576, 0.4000000000000000222, 1.039834747114317670 ) ) ;
#2024 = ORIENTED_EDGE ( 'NONE', *, *, #2040, .F. ) ;
#2025 = CARTESIAN_POINT ( 'NONE',  ( -0.6078410172962542823, 0.4000000000000000222, -0.2234112523503316572 ) ) ;
#2026 = AXIS2_PLACEMENT_3D ( 'NONE', #130, #1164, #980 ) ;
#2027 = CARTESIAN_POINT ( 'NONE',  ( -0.03699867896784364563, 0.4000000000000000222, -2.063997714971405273 ) ) ;
#2028 = CARTESIAN_POINT ( 'NONE',  ( 0.000000000000000000, 20.00000000000000000, 1.649999999999999911 ) ) ;
#2029 = CARTESIAN_POINT ( 'NONE',  ( 0.02195696254165246941, 0.4000000000000000777, 0.04717457816241941992 ) ) ;
#2030 = CARTESIAN_POINT ( 'NONE',  ( 1.224410471984811899, 0.4000000000000000222, 2.169516475875218120 ) ) ;
#2031 = CARTESIAN_POINT ( 'NONE',  ( 0.5719598162604015990, 0.4000000000000000222, 0.7313602869893901515 ) ) ;
#2032 = CARTESIAN_POINT ( 'NONE',  ( -0.1803705875473952669, 0.4000000000000000222, 1.566422035519254186 ) ) ;
#2033 = EDGE_LOOP ( 'NONE', ( #1097, #2277, #580, #1450 ) ) ;
#2034 = CARTESIAN_POINT ( 'NONE',  ( -1.408337951277264022, 0.000000000000000000, -1.029262264355934597 ) ) ;
#2035 = CARTESIAN_POINT ( 'NONE',  ( -1.362540456492543628, 0.000000000000000000, -1.181773637004406519 ) ) ;
#2036 = CARTESIAN_POINT ( 'NONE',  ( -0.7246252955334693269, 0.4000000000000000222, 2.108603648726985469 ) ) ;
#2037 = ORIENTED_EDGE ( 'NONE', *, *, #233, .T. ) ;
#2038 = CARTESIAN_POINT ( 'NONE',  ( -0.4157577449978062667, 0.000000000000000000, -1.174761754412546599 ) ) ;
#2039 = CARTESIAN_POINT ( 'NONE',  ( 1.247737606321703607, 0.4000000000000000222, 1.997257764286304971 ) ) ;
#2040 = EDGE_CURVE ( 'NONE', #2121, #1611, #1410, .T. ) ;
#2041 = CARTESIAN_POINT ( 'NONE',  ( 0.2097000363139861212, 0.4000000000000000222, -1.330762251780983840 ) ) ;
#2042 = CARTESIAN_POINT ( 'NONE',  ( -0.3263473260372625195, 0.4000000000000000222, 2.311808083039142758 ) ) ;
#2043 = VECTOR ( 'NONE', #1366, 1000.000000000000000 ) ;
#2044 = CARTESIAN_POINT ( 'NONE',  ( 1.210196830143370095, 0.4000000000000000222, 2.198795047959698046 ) ) ;
#2045 = CARTESIAN_POINT ( 'NONE',  ( -1.237667994902035717, 0.4000000000000000222, 1.471639768266399306 ) ) ;
#2046 = CARTESIAN_POINT ( 'NONE',  ( 0.01091882180168933514, 0.000000000000000000, 1.660914918797163464 ) ) ;
#2047 = B_SPLINE_SURFACE_WITH_KNOTS ( 'NONE', 3, 1, ( 
 ( #1656, #638 ),
 ( #44, #2129 ),
 ( #432, #874 ),
 ( #418, #2291 ),
 ( #846, #2366 ),
 ( #2078, #2303 ),
 ( #1102, #2717 ),
 ( #222, #859 ),
 ( #447, #1011 ),
 ( #1285, #682 ),
 ( #652, #1706 ),
 ( #1495, #2511 ),
 ( #2352, #371 ),
 ( #1929, #1720 ),
 ( #2585, #2569 ),
 ( #2156, #238 ),
 ( #1088, #799 ),
 ( #1914, #1943 ),
 ( #31, #1734 ) ),
 .UNSPECIFIED., .F., .F., .F.,
 ( 4, 1, 1, 1, 1, 1, 1, 1, 1, 1, 1, 1, 1, 1, 1, 1, 4 ),
 ( 2, 2 ),
 ( 0.000000000000000000, 0.06575593526433944069, 0.1298960616783364219, 0.1920953724061056911, 0.2535497220677787045, 0.3135780225496817564, 0.3718518737415221209, 0.4296996768101433162, 0.4869846644545175463, 0.5447503413089255231, 0.6031155935587073635, 0.6629618570377145970, 0.7248766363694715276, 0.7887669564817372247, 0.8557016930851275571, 0.9256638464797183330, 1.000000000000000000 ),
 ( 0.000000000000000000, 1.000000000000000000 ),
 .UNSPECIFIED. ) ;
#2048 = ORIENTED_EDGE ( 'NONE', *, *, #2638, .F. ) ;
#2049 = B_SPLINE_CURVE_WITH_KNOTS ( 'NONE', 3,
 ( #1523, #2379, #1864, #1750, #595, #1959, #463, #1313, #2169, #1225, #251, #890, #2598 ),
 .UNSPECIFIED., .F., .F.,
 ( 4, 1, 1, 1, 1, 1, 1, 1, 1, 1, 4 ),
 ( 0.000000000000000000, 0.06732887610035417914, 0.1316880279369291307, 0.1926550569959324111, 0.2513013160743755581, 0.3655971930543417403, 0.4799388861279362817, 0.5989931897383546922, 0.7240969136348831547, 0.8576774776366086206, 1.000000000000000000 ),
 .UNSPECIFIED. ) ;
#2050 = PLANE ( 'NONE',  #2026 ) ;
#2051 = CARTESIAN_POINT ( 'NONE',  ( -1.484723300687193825, 0.000000000000000000, -0.5629300972360993249 ) ) ;
#2052 = ORIENTED_EDGE ( 'NONE', *, *, #1299, .T. ) ;
#2053 = CARTESIAN_POINT ( 'NONE',  ( -1.451141207157767399, 0.4000000000000000222, -0.8240748681523288877 ) ) ;
#2054 = CARTESIAN_POINT ( 'NONE',  ( 5.572142936120455355E-16, 0.000000000000000000, -4.049999999999998046 ) ) ;
#2055 = EDGE_CURVE ( 'NONE', #2425, #147, #918, .T. ) ;
#2056 = CARTESIAN_POINT ( 'NONE',  ( 0.2097000363139861212, 0.4000000000000000222, -1.330762251780983840 ) ) ;
#2057 = DIRECTION ( 'NONE',  ( 0.000000000000000000, 1.000000000000000000, -0.000000000000000000 ) ) ;
#2058 = CARTESIAN_POINT ( 'NONE',  ( 0.6079782922283495372, 0.000000000000000000, -0.6240491281147878544 ) ) ;
#2059 = CARTESIAN_POINT ( 'NONE',  ( -0.4157577449978062667, 0.000000000000000000, -1.174761754412546599 ) ) ;
#2060 = CARTESIAN_POINT ( 'NONE',  ( -1.502659978002853336, 0.000000000000000000, -0.09174828977658186502 ) ) ;
#2061 = VERTEX_POINT ( 'NONE', #771 ) ;
#2062 = CARTESIAN_POINT ( 'NONE',  ( 0.3759865754570058671, 0.4000000000000000222, 2.415842333026959832 ) ) ;
#2063 = CARTESIAN_POINT ( 'NONE',  ( -1.108949447083573014, 0.4000000000000000222, -1.655894068287581788 ) ) ;
#2064 = LINE ( 'NONE', #1435, #1646 ) ;
#2065 = ORIENTED_EDGE ( 'NONE', *, *, #2073, .F. ) ;
#2066 = CARTESIAN_POINT ( 'NONE',  ( 0.000000000000000000, 20.00000000000000000, -3.049999999999999822 ) ) ;
#2067 = CARTESIAN_POINT ( 'NONE',  ( -0.6214437569090350832, 0.4000000000000000222, 0.6231207840953331134 ) ) ;
#2068 = CARTESIAN_POINT ( 'NONE',  ( 0.2437282101191256267, 0.000000000000000000, 1.708732700578398989 ) ) ;
#2069 = CARTESIAN_POINT ( 'NONE',  ( 0.000000000000000000, 20.00000000000000000, 0.000000000000000000 ) ) ;
#2070 = CARTESIAN_POINT ( 'NONE',  ( 0.6339983622819967968, 0.4000000000000000222, 2.400794134260629153 ) ) ;
#2071 = CARTESIAN_POINT ( 'NONE',  ( 1.021265402008882051, 0.4000000000000000222, 1.597266415211350044 ) ) ;
#2072 = CARTESIAN_POINT ( 'NONE',  ( -0.5694163237399990640, 0.000000000000000000, 0.9711764745203871341 ) ) ;
#2073 = EDGE_CURVE ( 'NONE', #1291, #1237, #1319, .T. ) ;
#2074 = ORIENTED_EDGE ( 'NONE', *, *, #2447, .T. ) ;
#2075 = CARTESIAN_POINT ( 'NONE',  ( 0.3719867182712931486, 0.4000000000000000222, 1.711867468341502718 ) ) ;
#2076 = CARTESIAN_POINT ( 'NONE',  ( 0.4734984663251144976, 0.000000000000000000, -2.002898176321272761 ) ) ;
#2077 = CARTESIAN_POINT ( 'NONE',  ( 0.3129311139769925254, 0.4000000000000000222, -2.037608386554000006 ) ) ;
#2078 = CARTESIAN_POINT ( 'NONE',  ( 1.405403717743610503, 0.4000000000000000222, -1.144625209184517933 ) ) ;
#2079 = VERTEX_POINT ( 'NONE', #440 ) ;
#2080 = CARTESIAN_POINT ( 'NONE',  ( 1.126199657834789258, 0.4000000000000000222, 2.279406156793164939 ) ) ;
#2081 = AXIS2_PLACEMENT_3D ( 'NONE', #2208, #1338, #2193 ) ;
#2082 = CARTESIAN_POINT ( 'NONE',  ( 6.184466335694133068E-16, 23.00000000000000000, 5.049999999999999822 ) ) ;
#2083 = CARTESIAN_POINT ( 'NONE',  ( -2.922526330762603394E-05, 0.4000000000000000222, 2.391436766776857237 ) ) ;
#2084 = CARTESIAN_POINT ( 'NONE',  ( 1.140459432139450335, 0.000000000000000000, 1.574464077945371132 ) ) ;
#2085 = CARTESIAN_POINT ( 'NONE',  ( 1.195137459543802239, 0.000000000000000000, 2.227186074266369165 ) ) ;
#2086 = B_SPLINE_CURVE_WITH_KNOTS ( 'NONE', 3,
 ( #2150, #2334, #623, #2758, #1479, #2579, #1056, #1702, #634, #1309, #1084, #2347, #2165, #218, #234, #1939, #663, #1519, #247, #1954, #542, #1787, #2238 ),
 .UNSPECIFIED., .F., .F.,
 ( 4, 1, 1, 1, 1, 1, 1, 1, 1, 1, 1, 1, 1, 1, 1, 1, 1, 1, 1, 1, 4 ),
 ( 0.000000000000000000, 0.05025167565890225480, 0.09727783879027665503, 0.1416029696478506572, 0.1832088957255121608, 0.2226551798744038357, 0.2605801249653060814, 0.2974559916644067825, 0.3337654241462503224, 0.3693848861249151572, 0.4046766430750205479, 0.4399535072422543491, 0.4758863142421118075, 0.5124137848377449123, 0.5501983723695139661, 0.5887947696224317129, 0.6291193718309893157, 0.7133695252665093189, 0.8033124542521751232, 0.8988296144637828444, 1.000000000000000000 ),
 .UNSPECIFIED. ) ;
#2087 = CARTESIAN_POINT ( 'NONE',  ( -1.293592559516105744, 0.4000000000000000222, 1.345831542226201050 ) ) ;
#2088 = CARTESIAN_POINT ( 'NONE',  ( -0.6249776852676289796, 0.4000000000000000222, 0.4989107767740881827 ) ) ;
#2089 = VECTOR ( 'NONE', #40, 1000.000000000000000 ) ;
#2090 = CARTESIAN_POINT ( 'NONE',  ( 1.079116012138136904, 0.4000000000000000222, 1.578962631214081647 ) ) ;
#2091 = EDGE_CURVE ( 'NONE', #2061, #287, #2683, .T. ) ;
#2092 = CARTESIAN_POINT ( 'NONE',  ( 0.3237066154362601700, -5.421010862427522170E-17, 0.7507712371887075298 ) ) ;
#2093 = CARTESIAN_POINT ( 'NONE',  ( 1.247831955353091882, 0.4000000000000000222, 1.842802685295847676 ) ) ;
#2094 = CARTESIAN_POINT ( 'NONE',  ( 0.2709903243320438970, 0.4000000000000000222, 0.7519017437704242912 ) ) ;
#2095 = EDGE_LOOP ( 'NONE', ( #1403, #2048, #1012 ) ) ;
#2096 =( GEOMETRIC_REPRESENTATION_CONTEXT ( 3 ) GLOBAL_UNCERTAINTY_ASSIGNED_CONTEXT ( ( #1875 ) ) GLOBAL_UNIT_ASSIGNED_CONTEXT ( ( #1539, #212, #434 ) ) REPRESENTATION_CONTEXT ( 'NONE', 'WORKASPACE' ) );
#2097 = CARTESIAN_POINT ( 'NONE',  ( -0.03699867896784364563, 0.000000000000000000, -2.063997714971405273 ) ) ;
#2098 = FACE_OUTER_BOUND ( 'NONE', #1952, .T. ) ;
#2099 = EDGE_CURVE ( 'NONE', #1237, #270, #1552, .T. ) ;
#2100 = CARTESIAN_POINT ( 'NONE',  ( -0.06592874783764153535, 0.4000000000000000222, -1.357258257985625383 ) ) ;
#2101 = CARTESIAN_POINT ( 'NONE',  ( -0.3558880559560291812, 0.4000000000000000222, 0.6393967983115668163 ) ) ;
#2102 = CARTESIAN_POINT ( 'NONE',  ( 0.3759865754570058671, 0.000000000000000000, 2.415842333026959832 ) ) ;
#2103 = CARTESIAN_POINT ( 'NONE',  ( 0.3287880767730209652, 0.000000000000000000, -0.0004561859262297856968 ) ) ;
#2104 = CARTESIAN_POINT ( 'NONE',  ( -0.6075787057417099124, 0.000000000000000000, -0.3291687566522367714 ) ) ;
#2105 = CARTESIAN_POINT ( 'NONE',  ( 1.503946301828022580, 0.000000000000000000, -0.5350523057326774801 ) ) ;
#2106 = CARTESIAN_POINT ( 'NONE',  ( 1.396677557903621247, 0.4000000000000000222, 0.1104029721706967226 ) ) ;
#2107 = CARTESIAN_POINT ( 'NONE',  ( 0.5733498228725788515, 0.000000000000000000, -0.9141805316441796725 ) ) ;
#2108 = CARTESIAN_POINT ( 'NONE',  ( 1.232104787064420615, 0.000000000000000000, 2.135616197999692378 ) ) ;
#2109 = ORIENTED_EDGE ( 'NONE', *, *, #645, .T. ) ;
#2110 = CARTESIAN_POINT ( 'NONE',  ( -0.3185349434064781438, 0.000000000000000000, -2.048587636692797087 ) ) ;
#2111 = CARTESIAN_POINT ( 'NONE',  ( 1.114538375886968691, 0.4000000000000000222, 1.575416304213618002 ) ) ;
#2112 = CARTESIAN_POINT ( 'NONE',  ( 0.3759865754570058671, 0.4000000000000000222, 2.415842333026959832 ) ) ;
#2113 = CARTESIAN_POINT ( 'NONE',  ( 0.5719598162604015990, 0.000000000000000000, 0.7313602869893901515 ) ) ;
#2114 = CARTESIAN_POINT ( 'NONE',  ( 0.000000000000000000, 20.00000000000000000, -3.049999999999999822 ) ) ;
#2115 = DIRECTION ( 'NONE',  ( 0.000000000000000000, 0.000000000000000000, 1.000000000000000000 ) ) ;
#2116 = CIRCLE ( 'NONE', #2252, 4.349999999999999645 ) ;
#2117 = CARTESIAN_POINT ( 'NONE',  ( -0.5390444443764870197, 0.000000000000000000, 1.077155621029091792 ) ) ;
#2118 = CARTESIAN_POINT ( 'NONE',  ( 0.3129311139769925254, 0.000000000000000000, -2.037608386554000006 ) ) ;
#2119 = CARTESIAN_POINT ( 'NONE',  ( -0.4564971039580408840, 0.4000000000000000222, -1.110671582415041714 ) ) ;
#2120 = CARTESIAN_POINT ( 'NONE',  ( -1.444960260765508320, 0.000000000000000000, 0.8143158615561078006 ) ) ;
#2121 = VERTEX_POINT ( 'NONE', #2756 ) ;
#2122 = CARTESIAN_POINT ( 'NONE',  ( -1.502659978002853336, -0.000000000000000000, -0.09174828977658186502 ) ) ;
#2123 = DIRECTION ( 'NONE',  ( 0.000000000000000000, 0.000000000000000000, -1.000000000000000000 ) ) ;
#2124 = LINE ( 'NONE', #10, #2225 ) ;
#2125 = CARTESIAN_POINT ( 'NONE',  ( 0.3237066154362601700, 0.4000000000000000222, 0.7507712371887075298 ) ) ;
#2126 = EDGE_CURVE ( 'NONE', #2742, #2371, #2718, .T. ) ;
#2127 = CARTESIAN_POINT ( 'NONE',  ( 0.3719867182712931486, 0.4000000000000000222, 1.711867468341502718 ) ) ;
#2128 = CARTESIAN_POINT ( 'NONE',  ( 0.006999750074997493354, 0.000000000000000000, -1.360022850285947715 ) ) ;
#2129 = CARTESIAN_POINT ( 'NONE',  ( 1.502881458912854074, 0.000000000000000000, -0.5887713369174855105 ) ) ;
#2130 = CARTESIAN_POINT ( 'NONE',  ( 0.7673014850672964515, 0.4000000000000000222, 1.671875180088952195 ) ) ;
#2131 = CARTESIAN_POINT ( 'NONE',  ( -0.5489080876114523777, 0.4000000000000000222, -0.8514618844771597583 ) ) ;
#2132 = CARTESIAN_POINT ( 'NONE',  ( 0.6339983622819967968, 0.000000000000000000, 2.400794134260629153 ) ) ;
#2133 = CIRCLE ( 'NONE', #1145, 4.349999999999999645 ) ;
#2134 = VERTEX_POINT ( 'NONE', #1701 ) ;
#2135 = CARTESIAN_POINT ( 'NONE',  ( -0.6075787057417099124, 0.000000000000000000, -0.3291687566522367714 ) ) ;
#2136 = CARTESIAN_POINT ( 'NONE',  ( 0.4226978509266583472, 0.000000000000000000, 1.711083314722859461 ) ) ;
#2137 = CARTESIAN_POINT ( 'NONE',  ( -0.6100216951619940042, 0.000000000000000000, 0.7439293984354806710 ) ) ;
#2138 = CARTESIAN_POINT ( 'NONE',  ( -0.5844763810208887245, -0.000000000000000000, -0.1531242660532176614 ) ) ;
#2139 = ADVANCED_FACE ( 'NONE', ( #2550, #633 ), #801, .T. ) ;
#2140 = CARTESIAN_POINT ( 'NONE',  ( -1.503946301828022802, 0.4000000000000000222, 0.006928342931410495266 ) ) ;
#2141 = CARTESIAN_POINT ( 'NONE',  ( 1.129959654963873295, 0.4000000000000000222, 1.573872395434410043 ) ) ;
#2142 = CARTESIAN_POINT ( 'NONE',  ( 0.3102608232581833270, 0.4000000000000000222, 2.414557920385136836 ) ) ;
#2143 = CARTESIAN_POINT ( 'NONE',  ( -0.6079782922283495372, 0.4000000000000000222, -0.1680654089435257570 ) ) ;
#2144 = CARTESIAN_POINT ( 'NONE',  ( 1.466877308994473772, 0.4000000000000000222, -0.1280322677575854717 ) ) ;
#2145 = CARTESIAN_POINT ( 'NONE',  ( 0.2868367382353417816, 0.000000000000000000, -1.298401368298114145 ) ) ;
#2146 = ORIENTED_EDGE ( 'NONE', *, *, #2196, .F. ) ;
#2147 = PRODUCT_DEFINITION ( 'UNKNOWN', '', #2346, #1007 ) ;
#2148 = DIRECTION ( 'NONE',  ( -0.000000000000000000, -1.000000000000000000, -0.000000000000000000 ) ) ;
#2149 = CARTESIAN_POINT ( 'NONE',  ( -0.8714804555449833234, 0.000000000000000000, -1.860868509759071587 ) ) ;
#2150 = CARTESIAN_POINT ( 'NONE',  ( -0.03699867896784364563, 0.4000000000000000222, -2.063997714971405273 ) ) ;
#2151 = CARTESIAN_POINT ( 'NONE',  ( 0.000000000000000000, 20.00000000000000000, 3.850000000000000977 ) ) ;
#2152 = MECHANICAL_DESIGN_GEOMETRIC_PRESENTATION_REPRESENTATION (  '', ( #2640 ), #1629 ) ;
#2153 = B_SPLINE_CURVE_WITH_KNOTS ( 'NONE', 3,
 ( #1275, #1655, #1892, #1904, #383, #1448, #2728, #202, #214, #1878, #2559, #409, #1434, #2290, #1224, #2077, #161, #1236, #608 ),
 .UNSPECIFIED., .F., .F.,
 ( 4, 1, 1, 1, 1, 1, 1, 1, 1, 1, 1, 1, 1, 1, 1, 1, 4 ),
 ( 0.000000000000000000, 0.06575593526433944069, 0.1298960616783364219, 0.1920953724061056911, 0.2535497220677787045, 0.3135780225496817564, 0.3718518737415221209, 0.4296996768101433162, 0.4869846644545175463, 0.5447503413089255231, 0.6031155935587073635, 0.6629618570377145970, 0.7248766363694715276, 0.7887669564817372247, 0.8557016930851275571, 0.9256638464797183330, 1.000000000000000000 ),
 .UNSPECIFIED. ) ;
#2154 = CARTESIAN_POINT ( 'NONE',  ( 0.3282550274411938918, 0.4000000000000000222, 1.710798621552192200 ) ) ;
#2155 = CARTESIAN_POINT ( 'NONE',  ( -0.06592874783764153535, 0.4000000000000000222, -1.357258257985625383 ) ) ;
#2156 = CARTESIAN_POINT ( 'NONE',  ( 0.3129311139769925254, 0.4000000000000000222, -2.037608386554000006 ) ) ;
#2157 = CARTESIAN_POINT ( 'NONE',  ( 0.07668247697382128691, 0.4000000000000000777, 0.04729528951949234922 ) ) ;
#2158 = CARTESIAN_POINT ( 'NONE',  ( 1.226475284797709620, 0.000000000000000000, 1.649271351526655494 ) ) ;
#2159 = CARTESIAN_POINT ( 'NONE',  ( 0.5454723248101498445, 0.4000000000000000222, -0.2217031191542681301 ) ) ;
#2160 = CARTESIAN_POINT ( 'NONE',  ( -1.237667994902035717, 0.000000000000000000, 1.471639768266399306 ) ) ;
#2161 = ORIENTED_EDGE ( 'NONE', *, *, #1472, .T. ) ;
#2162 = LINE ( 'NONE', #1558, #1174 ) ;
#2163 = CARTESIAN_POINT ( 'NONE',  ( -0.4564971039580408840, 0.000000000000000000, -1.110671582415041714 ) ) ;
#2164 = ORIENTED_EDGE ( 'NONE', *, *, #1128, .T. ) ;
#2165 = CARTESIAN_POINT ( 'NONE',  ( -1.174022796288867410, 0.4000000000000000222, -1.574705077290193378 ) ) ;
#2166 = CARTESIAN_POINT ( 'NONE',  ( 0.1301485904593674137, 0.4000000000000000222, 0.7498401019137573842 ) ) ;
#2167 = CARTESIAN_POINT ( 'NONE',  ( 0.6222836873795793977, 0.4000000000000000222, -1.950602118697870369 ) ) ;
#2168 = DIRECTION ( 'NONE',  ( 0.000000000000000000, -1.000000000000000000, 0.000000000000000000 ) ) ;
#2169 = CARTESIAN_POINT ( 'NONE',  ( 0.5253735471882956531, 0.4000000000000000222, -1.040714663396445694 ) ) ;
#2170 = CARTESIAN_POINT ( 'NONE',  ( -0.8347250770551306598, 0.000000000000000000, 2.020873751968264909 ) ) ;
#2171 = CARTESIAN_POINT ( 'NONE',  ( 1.129959654963873295, 0.000000000000000000, 1.573872395434410043 ) ) ;
#2172 = CARTESIAN_POINT ( 'NONE',  ( 0.4109423878409573794, 0.4000000000000000222, -0.04472169061336859347 ) ) ;
#2173 = CARTESIAN_POINT ( 'NONE',  ( 0.07810139458267149892, 0.4000000000000000222, -1.358968643712202162 ) ) ;
#2174 = ORIENTED_EDGE ( 'NONE', *, *, #2482, .F. ) ;
#2175 = EDGE_CURVE ( 'NONE', #1542, #2359, #415, .T. ) ;
#2176 = CARTESIAN_POINT ( 'NONE',  ( -0.6249776852676289796, 0.4000000000000000222, 0.4989107767740881827 ) ) ;
#2177 = CARTESIAN_POINT ( 'NONE',  ( 1.224410471984811899, 0.4000000000000000222, 2.169516475875218120 ) ) ;
#2178 = VERTEX_POINT ( 'NONE', #456 ) ;
#2179 = CARTESIAN_POINT ( 'NONE',  ( -0.4999805361427954176, 0.000000000000000000, 1.176659284240900050 ) ) ;
#2180 = CARTESIAN_POINT ( 'NONE',  ( 0.3719867182712931486, 0.000000000000000000, 1.711867468341502718 ) ) ;
#2181 = CARTESIAN_POINT ( 'NONE',  ( -0.6214437569090350832, 0.4000000000000000222, 0.6231207840953331134 ) ) ;
#2182 = CARTESIAN_POINT ( 'NONE',  ( -0.5369248257273104841, 0.4000000000000000222, -0.1228937636899803398 ) ) ;
#2183 = LINE ( 'NONE', #1885, #535 ) ;
#2184 = CARTESIAN_POINT ( 'NONE',  ( 5.327213576290986242E-16, 23.00000000000000000, 4.349999999999999645 ) ) ;
#2185 = CARTESIAN_POINT ( 'NONE',  ( 1.247911638967609482, 0.000000000000000000, 1.902850509607355578 ) ) ;
#2186 = CARTESIAN_POINT ( 'NONE',  ( 1.079116012138136904, 0.000000000000000000, 1.578962631214081647 ) ) ;
#2187 = CARTESIAN_POINT ( 'NONE',  ( -1.293592559516105744, 0.000000000000000000, 1.345831542226201050 ) ) ;
#2188 = VERTEX_POINT ( 'NONE', #2205 ) ;
#2189 = CARTESIAN_POINT ( 'NONE',  ( 0.2709903243320438970, 0.4000000000000000222, 0.7519017437704242912 ) ) ;
#2190 = CARTESIAN_POINT ( 'NONE',  ( 1.061947422593220391, 0.4000000000000000222, 2.305829105895909947 ) ) ;
#2191 = B_SPLINE_SURFACE_WITH_KNOTS ( 'NONE', 3, 1, ( 
 ( #1614, #2240 ),
 ( #1411, #110 ),
 ( #959, #1814 ),
 ( #97, #514 ),
 ( #2041, #1368 ),
 ( #2663, #2651 ),
 ( #1802, #946 ),
 ( #746, #1602 ),
 ( #2456, #544 ),
 ( #1397, #2254 ),
 ( #332, #1189 ),
 ( #972, #1826 ),
 ( #2677, #759 ) ),
 .UNSPECIFIED., .F., .F., .F.,
 ( 4, 1, 1, 1, 1, 1, 1, 1, 1, 1, 4 ),
 ( 2, 2 ),
 ( 0.000000000000000000, 0.06732887610035417914, 0.1316880279369291307, 0.1926550569959324111, 0.2513013160743755581, 0.3655971930543417403, 0.4799388861279362817, 0.5989931897383546922, 0.7240969136348831547, 0.8576774776366086206, 1.000000000000000000 ),
 ( 0.000000000000000000, 1.000000000000000000 ),
 .UNSPECIFIED. ) ;
#2192 = ORIENTED_EDGE ( 'NONE', *, *, #156, .F. ) ;
#2193 = DIRECTION ( 'NONE',  ( 1.000000000000000000, 0.000000000000000000, 0.000000000000000000 ) ) ;
#2194 = CARTESIAN_POINT ( 'NONE',  ( -0.5708391890055269924, 0.000000000000000000, -0.7413035738708250166 ) ) ;
#2195 = CARTESIAN_POINT ( 'NONE',  ( -0.2471453564738679831, 0.4000000000000000222, 0.6757981666916837993 ) ) ;
#2196 = EDGE_CURVE ( 'NONE', #2635, #982, #258, .T. ) ;
#2197 = DIRECTION ( 'NONE',  ( -0.000000000000000000, -1.000000000000000000, -0.000000000000000000 ) ) ;
#2198 = CARTESIAN_POINT ( 'NONE',  ( -1.394330255923356576, 0.4000000000000000222, 1.039834747114317670 ) ) ;
#2199 = DIRECTION ( 'NONE',  ( 0.000000000000000000, 1.000000000000000000, -0.000000000000000000 ) ) ;
#2200 = CARTESIAN_POINT ( 'NONE',  ( -0.7246252955334693269, 0.000000000000000000, 2.108603648726985469 ) ) ;
#2201 = CARTESIAN_POINT ( 'NONE',  ( 1.129959654963873295, 0.4000000000000000222, 1.573872395434410043 ) ) ;
#2202 = CARTESIAN_POINT ( 'NONE',  ( 0.9431666891824916910, 0.4000000000000000222, 0.6135807768843812848 ) ) ;
#2203 = VERTEX_POINT ( 'NONE', #1321 ) ;
#2204 = CARTESIAN_POINT ( 'NONE',  ( -0.2471453564738679831, 0.000000000000000000, 0.6757981666916837993 ) ) ;
#2205 = CARTESIAN_POINT ( 'NONE',  ( 0.3759865754570058671, 0.000000000000000000, 2.415842333026959832 ) ) ;
#2206 = ORIENTED_EDGE ( 'NONE', *, *, #2482, .T. ) ;
#2207 = B_SPLINE_CURVE_WITH_KNOTS ( 'NONE', 3,
 ( #2568, #1312, #431, #1060, #1284, #221, #58, #1705, #209, #2583, #1522, #2393, #237, #858, #2350, #1270, #650, #1763, #264 ),
 .UNSPECIFIED., .F., .F.,
 ( 4, 1, 1, 1, 1, 1, 1, 1, 1, 1, 1, 1, 1, 1, 1, 1, 4 ),
 ( 0.000000000000000000, 0.1094018186076292504, 0.2090502662862994132, 0.2996788401740699825, 0.3815062785036228421, 0.4554317817413853775, 0.5216111909853869966, 0.5818546827334303284, 0.6360851578732600320, 0.6856198147158454326, 0.7313716430393515378, 0.7752631713724227325, 0.8175316949613726791, 0.8601175312088524816, 0.9045645772747391566, 0.9511628626747796744, 1.000000000000000000 ),
 .UNSPECIFIED. ) ;
#2208 = CARTESIAN_POINT ( 'NONE',  ( 0.000000000000000000, 0.000000000000000000, 0.000000000000000000 ) ) ;
#2209 = CARTESIAN_POINT ( 'NONE',  ( -0.3684214593006734373, 0.4000000000000000222, -1.227103062062299355 ) ) ;
#2210 = CARTESIAN_POINT ( 'NONE',  ( -0.4543382057166248100, -5.421010862427522170E-17, 0.5946966549969864291 ) ) ;
#2211 = CARTESIAN_POINT ( 'NONE',  ( -0.5935809322443547087, 0.000000000000000000, 0.8599366933797908397 ) ) ;
#2212 = ADVANCED_FACE ( 'NONE', ( #2633 ), #1113, .T. ) ;
#2213 = CARTESIAN_POINT ( 'NONE',  ( -1.341217941399238889, 0.4000000000000000222, 1.216526694009389731 ) ) ;
#2214 = CARTESIAN_POINT ( 'NONE',  ( 0.3759865754570058671, 0.4000000000000000222, 2.415842333026959832 ) ) ;
#2215 = CARTESIAN_POINT ( 'NONE',  ( -2.565151067676131547, 20.00000000000000000, 1.649999999999999911 ) ) ;
#2216 = CARTESIAN_POINT ( 'NONE',  ( 0.1301485904593674137, 0.000000000000000000, 0.7498401019137573842 ) ) ;
#2217 = CARTESIAN_POINT ( 'NONE',  ( -1.503946301828022802, 0.4000000000000000222, 0.006928342931410495266 ) ) ;
#2218 = VERTEX_POINT ( 'NONE', #2412 ) ;
#2219 = CARTESIAN_POINT ( 'NONE',  ( 1.114538375886968691, 0.4000000000000000222, 1.575416304213618002 ) ) ;
#2220 = CARTESIAN_POINT ( 'NONE',  ( -0.08603315640549663579, 0.000000000000000000, -2.063393748209602307 ) ) ;
#2221 = EDGE_LOOP ( 'NONE', ( #910, #457, #1851, #1364 ) ) ;
#2222 = CARTESIAN_POINT ( 'NONE',  ( -0.5988900808087005423, 0.4000000000000000222, -0.4805473453624286573 ) ) ;
#2223 = CARTESIAN_POINT ( 'NONE',  ( 0.4885312917008148292, 0.4000000000000000777, -0.1234428337401637099 ) ) ;
#2224 = B_SPLINE_CURVE_WITH_KNOTS ( 'NONE', 3,
 ( #2451, #753, #2426, #1623, #2233, #2021, #2478, #2463, #1583, #2437, #1404, #538, #2260 ),
 .UNSPECIFIED., .F., .F.,
 ( 4, 1, 1, 1, 1, 1, 1, 1, 1, 1, 4 ),
 ( 0.000000000000000000, 0.1544136590672380571, 0.2897209857846921865, 0.4102556161918405331, 0.5200035191313310268, 0.6255607156903014721, 0.7360461558620663425, 0.7948979087056879944, 0.8581539877996704480, 0.9262944990604367046, 1.000000000000000000 ),
 .UNSPECIFIED. ) ;
#2225 = VECTOR ( 'NONE', #205, 1000.000000000000000 ) ;
#2226 = CARTESIAN_POINT ( 'NONE',  ( -0.6100216951619940042, 0.4000000000000000222, 0.7439293984354806710 ) ) ;
#2227 = CARTESIAN_POINT ( 'NONE',  ( -1.293592559516105744, 0.4000000000000000222, 1.345831542226201050 ) ) ;
#2228 = CARTESIAN_POINT ( 'NONE',  ( 1.345878635049035710, 0.000000000000000000, 0.2168669628720387710 ) ) ;
#2229 = AXIS2_PLACEMENT_3D ( 'NONE', #2069, #152, #1855 ) ;
#2230 = CARTESIAN_POINT ( 'NONE',  ( 0.3759865754570058671, 0.4000000000000000222, 2.415842333026959832 ) ) ;
#2231 = CARTESIAN_POINT ( 'NONE',  ( -1.229593722297066316, 0.000000000000000000, -1.485238411582298301 ) ) ;
#2232 = ORIENTED_EDGE ( 'NONE', *, *, #2055, .F. ) ;
#2233 = CARTESIAN_POINT ( 'NONE',  ( 0.5454723248101498445, 0.000000000000000000, -0.2217031191542681301 ) ) ;
#2234 = B_SPLINE_CURVE_WITH_KNOTS ( 'NONE', 3,
 ( #492, #1721, #1131, #433, #1300, #239, #1538, #1524, #1286, #266, #1103 ),
 .UNSPECIFIED., .F., .F.,
 ( 4, 1, 1, 1, 1, 1, 1, 1, 4 ),
 ( 0.000000000000000000, 0.09741590308594595682, 0.2050152849259059828, 0.3198253752958257201, 0.4408081955258751350, 0.5690767849602487161, 0.7041683363533292050, 0.8483638127468398071, 1.000000000000000000 ),
 .UNSPECIFIED. ) ;
#2235 = CARTESIAN_POINT ( 'NONE',  ( -1.174022796288867410, 0.4000000000000000222, -1.574705077290193378 ) ) ;
#2236 = CARTESIAN_POINT ( 'NONE',  ( -1.105916684414767204, 0.000000000000000000, 1.712473838393966608 ) ) ;
#2237 = EDGE_LOOP ( 'NONE', ( #1476, #2410, #2524, #864 ) ) ;
#2238 = CARTESIAN_POINT ( 'NONE',  ( -1.503946301828022802, 0.4000000000000000222, 0.006928342931410495266 ) ) ;
#2239 = CARTESIAN_POINT ( 'NONE',  ( 1.210196830143370095, 0.4000000000000000222, 2.198795047959698046 ) ) ;
#2240 = CARTESIAN_POINT ( 'NONE',  ( 0.006999750074997493354, 0.000000000000000000, -1.360022850285947715 ) ) ;
#2241 = CARTESIAN_POINT ( 'NONE',  ( -0.1269580112815559825, 0.4000000000000000777, 0.03303627232582422024 ) ) ;
#2242 = CARTESIAN_POINT ( 'NONE',  ( -0.6249776852676289796, 0.000000000000000000, 0.4989107767740881827 ) ) ;
#2243 = CARTESIAN_POINT ( 'NONE',  ( -1.025705857673708143, 0.4000000000000000222, 1.823265710966915032 ) ) ;
#2244 = CARTESIAN_POINT ( 'NONE',  ( -0.08959843530728267558, 0.4000000000000000222, 1.618464666938487007 ) ) ;
#2245 = ORIENTED_EDGE ( 'NONE', *, *, #156, .T. ) ;
#2246 = CARTESIAN_POINT ( 'NONE',  ( -1.229593722297066316, 0.000000000000000000, -1.485238411582298301 ) ) ;
#2247 = ADVANCED_FACE ( 'NONE', ( #497 ), #1743, .F. ) ;
#2248 = CARTESIAN_POINT ( 'NONE',  ( -1.323531217220214051, 0.000000000000000000, -1.288817146833954874 ) ) ;
#2249 = ORIENTED_EDGE ( 'NONE', *, *, #834, .F. ) ;
#2250 = ORIENTED_EDGE ( 'NONE', *, *, #1699, .T. ) ;
#2251 = LINE ( 'NONE', #487, #2043 ) ;
#2252 = AXIS2_PLACEMENT_3D ( 'NONE', #1459, #1247, #368 ) ;
#2253 = CARTESIAN_POINT ( 'NONE',  ( 0.6339983622819967968, 0.4000000000000000222, 2.400794134260629153 ) ) ;
#2254 = CARTESIAN_POINT ( 'NONE',  ( 0.5733498228725788515, 0.000000000000000000, -0.9141805316441796725 ) ) ;
#2255 = CARTESIAN_POINT ( 'NONE',  ( -0.6079782922283495372, 0.4000000000000000777, -0.1680654089435257570 ) ) ;
#2256 = CARTESIAN_POINT ( 'NONE',  ( 1.061947422593220391, 0.000000000000000000, 2.305829105895909947 ) ) ;
#2257 = CARTESIAN_POINT ( 'NONE',  ( 1.488751558957687182, 0.4000000000000000222, -0.2577526505612160457 ) ) ;
#2258 = CARTESIAN_POINT ( 'NONE',  ( -0.3344969722525695244, 0.4000000000000000222, 1.434670729890240803 ) ) ;
#2259 = EDGE_LOOP ( 'NONE', ( #1026, #2386, #839, #2549 ) ) ;
#2260 = CARTESIAN_POINT ( 'NONE',  ( 0.05199814341426693687, 5.421010862427522170E-17, 0.04792687908496692795 ) ) ;
#2261 = CARTESIAN_POINT ( 'NONE',  ( -1.451141207157767399, 0.4000000000000000222, -0.8240748681523288877 ) ) ;
#2262 = CARTESIAN_POINT ( 'NONE',  ( -0.7246252955334693269, 0.000000000000000000, 2.108603648726985469 ) ) ;
#2263 = ADVANCED_FACE ( 'NONE', ( #523 ), #691, .T. ) ;
#2264 = CARTESIAN_POINT ( 'NONE',  ( -0.1269580112815559825, 0.000000000000000000, 0.03303627232582422024 ) ) ;
#2265 = CARTESIAN_POINT ( 'NONE',  ( -0.4467774825210681366, 0.4000000000000000222, -2.028483091765266533 ) ) ;
#2266 = LINE ( 'NONE', #345, #915 ) ;
#2267 = CARTESIAN_POINT ( 'NONE',  ( 0.2868367382353417816, 0.000000000000000000, -1.298401368298114145 ) ) ;
#2268 = CARTESIAN_POINT ( 'NONE',  ( -0.6249776852676289796, 0.000000000000000000, 0.4989107767740881827 ) ) ;
#2269 = CARTESIAN_POINT ( 'NONE',  ( 0.6053006789224337769, 0.4000000000000000777, -0.4751158567985962478 ) ) ;
#2270 = LINE ( 'NONE', #962, #2487 ) ;
#2271 = CARTESIAN_POINT ( 'NONE',  ( -1.408337951277264022, 0.000000000000000000, -1.029262264355934597 ) ) ;
#2272 = EDGE_LOOP ( 'NONE', ( #1264, #2006, #952, #1350 ) ) ;
#2273 = CARTESIAN_POINT ( 'NONE',  ( -0.3185349434064781438, 0.000000000000000000, -2.048587636692797087 ) ) ;
#2274 = CARTESIAN_POINT ( 'NONE',  ( -0.4467774825210681366, 0.000000000000000000, -2.028483091765266533 ) ) ;
#2275 = CARTESIAN_POINT ( 'NONE',  ( -0.1701260788451311734, 0.4000000000000000222, 2.359859555126500030 ) ) ;
#2276 = B_SPLINE_CURVE_WITH_KNOTS ( 'NONE', 3,
 ( #825, #1671, #2093, #1288, #1683, #851, #2356, #1824, #757, #2535, #1612 ),
 .UNSPECIFIED., .F., .F.,
 ( 4, 1, 1, 1, 1, 1, 1, 1, 4 ),
 ( 0.000000000000000000, 0.2360561594504511918, 0.4294185064704105215, 0.5805527769900714619, 0.6962089856467088556, 0.7836507939162782321, 0.8561659613897967258, 0.9254744362749430797, 0.9999999999999998890 ),
 .UNSPECIFIED. ) ;
#2277 = ORIENTED_EDGE ( 'NONE', *, *, #1799, .F. ) ;
#2278 = DIRECTION ( 'NONE',  ( 0.000000000000000000, 1.000000000000000000, -0.000000000000000000 ) ) ;
#2279 = CARTESIAN_POINT ( 'NONE',  ( 0.000000000000000000, 0.000000000000000000, 4.049999999999998046 ) ) ;
#2280 = CARTESIAN_POINT ( 'NONE',  ( 0.4595739664877392383, 0.000000000000000000, -1.151258362628605703 ) ) ;
#2281 = CARTESIAN_POINT ( 'NONE',  ( -0.3558880559560291812, 0.000000000000000000, 0.6393967983115668163 ) ) ;
#2282 = ADVANCED_FACE ( 'NONE', ( #5, #2754 ), #1863, .T. ) ;
#2283 = CARTESIAN_POINT ( 'NONE',  ( 0.4885312917008148292, 0.000000000000000000, -0.1234428337401637099 ) ) ;
#2284 = CARTESIAN_POINT ( 'NONE',  ( -0.2014086299560709503, 0.000000000000000000, -1.329236919061376643 ) ) ;
#2285 = CARTESIAN_POINT ( 'NONE',  ( -0.4999805361427954176, 0.000000000000000000, 1.176659284240900050 ) ) ;
#2286 = EDGE_LOOP ( 'NONE', ( #1759, #243, #1178, #215 ) ) ;
#2287 = CARTESIAN_POINT ( 'NONE',  ( 0.5180383958611499695, 0.4000000000000000222, 1.709609050012152354 ) ) ;
#2288 = VECTOR ( 'NONE', #2748, 1000.000000000000000 ) ;
#2289 = CARTESIAN_POINT ( 'NONE',  ( 1.200606075108257897, 0.000000000000000000, -1.524449076996165164 ) ) ;
#2290 = CARTESIAN_POINT ( 'NONE',  ( 0.6222836873795793977, 0.4000000000000000222, -1.950602118697870369 ) ) ;
#2291 = CARTESIAN_POINT ( 'NONE',  ( 1.481478336062664880, 0.000000000000000000, -0.8508811246071331658 ) ) ;
#2292 = CARTESIAN_POINT ( 'NONE',  ( 1.503946301828022580, 0.000000000000000000, -0.5350523057326774801 ) ) ;
#2293 = CARTESIAN_POINT ( 'NONE',  ( -0.4999805361427954176, 0.4000000000000000222, 1.176659284240900050 ) ) ;
#2294 = CARTESIAN_POINT ( 'NONE',  ( 0.3102608232581833270, 0.4000000000000000222, 2.414557920385136836 ) ) ;
#2295 = CARTESIAN_POINT ( 'NONE',  ( 0.006999750074997493354, 0.4000000000000000222, -1.360022850285947715 ) ) ;
#2296 = CARTESIAN_POINT ( 'NONE',  ( 1.247737606321703607, 0.4000000000000000222, 1.997257764286304971 ) ) ;
#2297 = EDGE_CURVE ( 'NONE', #2188, #2061, #1689, .T. ) ;
#2298 = CARTESIAN_POINT ( 'NONE',  ( -0.5988900808087005423, 0.000000000000000000, -0.4805473453624286573 ) ) ;
#2299 = VERTEX_POINT ( 'NONE', #630 ) ;
#2300 = CARTESIAN_POINT ( 'NONE',  ( 0.7673014850672964515, 0.000000000000000000, 1.671875180088952195 ) ) ;
#2301 = CARTESIAN_POINT ( 'NONE',  ( 1.003303489287530104, 0.000000000000000000, -1.727416337823281411 ) ) ;
#2302 = CARTESIAN_POINT ( 'NONE',  ( 1.061947422593220391, 0.000000000000000000, 2.305829105895909947 ) ) ;
#2303 = CARTESIAN_POINT ( 'NONE',  ( 1.405403717743610503, 0.000000000000000000, -1.144625209184517933 ) ) ;
#2304 = ORIENTED_EDGE ( 'NONE', *, *, #749, .T. ) ;
#2305 = EDGE_CURVE ( 'NONE', #2476, #1740, #719, .T. ) ;
#2306 = CARTESIAN_POINT ( 'NONE',  ( -0.6079782922283495372, 0.000000000000000000, -0.1680654089435257570 ) ) ;
#2307 = CARTESIAN_POINT ( 'NONE',  ( 0.3719867182712931486, 0.4000000000000000222, 1.711867468341502718 ) ) ;
#2308 = CARTESIAN_POINT ( 'NONE',  ( 0.6060977268776693849, 0.4000000000000000222, -0.6748554747840538326 ) ) ;
#2309 = CARTESIAN_POINT ( 'NONE',  ( 0.4254292137871495405, 0.000000000000000000, 0.7485897850315808011 ) ) ;
#2310 = CARTESIAN_POINT ( 'NONE',  ( 0.2548615599445179791, 0.000000000000000000, 0.02431796469564453250 ) ) ;
#2311 = DIRECTION ( 'NONE',  ( 0.000000000000000000, 0.000000000000000000, 1.000000000000000000 ) ) ;
#2312 = DIRECTION ( 'NONE',  ( -0.000000000000000000, 1.000000000000000000, -0.000000000000000000 ) ) ;
#2313 = CARTESIAN_POINT ( 'NONE',  ( -0.6237820220164705942, -0.000000000000000000, 0.5409357773146262760 ) ) ;
#2314 = CARTESIAN_POINT ( 'NONE',  ( 0.9431666891824916910, -5.421010862427522170E-17, 0.6135807768843812848 ) ) ;
#2315 = CARTESIAN_POINT ( 'NONE',  ( 0.2097000363139861212, 0.000000000000000000, -1.330762251780983840 ) ) ;
#2316 = CARTESIAN_POINT ( 'NONE',  ( 0.7585493644625721510, 0.000000000000000000, 2.383523067660129779 ) ) ;
#2317 = ORIENTED_EDGE ( 'NONE', *, *, #1252, .F. ) ;
#2318 = B_SPLINE_SURFACE_WITH_KNOTS ( 'NONE', 3, 1, ( 
 ( #2543, #1857 ),
 ( #1843, #1245 ),
 ( #154, #2104 ),
 ( #2489, #2298 ),
 ( #2337, #2695 ),
 ( #2724, #590 ),
 ( #2530, #185 ),
 ( #822, #1258 ),
 ( #379, #1887 ),
 ( #808, #1694 ),
 ( #2710, #2059 ),
 ( #1649, #1634 ),
 ( #2519, #2737 ),
 ( #1429, #2325 ),
 ( #626, #2284 ),
 ( #1087, #1733 ),
 ( #2155, #13 ),
 ( #2405, #1719 ),
 ( #1327, #2128 ) ),
 .UNSPECIFIED., .F., .F., .F.,
 ( 4, 1, 1, 1, 1, 1, 1, 1, 1, 1, 1, 1, 1, 1, 1, 1, 4 ),
 ( 2, 2 ),
 ( 0.000000000000000000, 0.1094018186076292504, 0.2090502662862994132, 0.2996788401740699825, 0.3815062785036228421, 0.4554317817413853775, 0.5216111909853869966, 0.5818546827334303284, 0.6360851578732600320, 0.6856198147158454326, 0.7313716430393515378, 0.7752631713724227325, 0.8175316949613726791, 0.8601175312088524816, 0.9045645772747391566, 0.9511628626747796744, 1.000000000000000000 ),
 ( 0.000000000000000000, 1.000000000000000000 ),
 .UNSPECIFIED. ) ;
#2319 = CARTESIAN_POINT ( 'NONE',  ( 1.210736381138048268, 0.000000000000000000, 1.613571377452304390 ) ) ;
#2320 = FACE_BOUND ( 'NONE', #793, .T. ) ;
#2321 = ADVANCED_BREP_SHAPE_REPRESENTATION ( 'JK-RTF-02-13-01 Knob_6', ( #2634, #1686, #2081 ), #158 ) ;
#2322 = CARTESIAN_POINT ( 'NONE',  ( 0.03105395711206300827, 0.4000000000000000222, -1.359666204481757346 ) ) ;
#2323 = CARTESIAN_POINT ( 'NONE',  ( -0.6249776852676289796, 0.4000000000000000222, 0.4989107767740881827 ) ) ;
#2324 = CARTESIAN_POINT ( 'NONE',  ( -0.6025411801437813297, 0.4000000000000000222, 2.185508027593683344 ) ) ;
#2325 = CARTESIAN_POINT ( 'NONE',  ( -0.2625818224507435739, 0.000000000000000000, -1.305746499169352592 ) ) ;
#2326 = CARTESIAN_POINT ( 'NONE',  ( 1.405403717743610503, 0.000000000000000000, -1.144625209184517933 ) ) ;
#2327 = CARTESIAN_POINT ( 'NONE',  ( 1.488751558957687182, 0.4000000000000000222, -0.2577526505612160457 ) ) ;
#2328 = CARTESIAN_POINT ( 'NONE',  ( -0.03699867896784364563, 0.000000000000000000, -2.063997714971405273 ) ) ;
#2329 = DIRECTION ( 'NONE',  ( -0.000000000000000000, -1.000000000000000000, -0.000000000000000000 ) ) ;
#2330 = VERTEX_POINT ( 'NONE', #370 ) ;
#2331 = EDGE_CURVE ( 'NONE', #142, #1487, #619, .T. ) ;
#2332 = CARTESIAN_POINT ( 'NONE',  ( -1.323531217220214051, 0.000000000000000000, -1.288817146833954874 ) ) ;
#2333 = CARTESIAN_POINT ( 'NONE',  ( 0.5180383958611499695, 0.000000000000000000, 1.709609050012152354 ) ) ;
#2334 = CARTESIAN_POINT ( 'NONE',  ( -0.08603315640549663579, 0.4000000000000000222, -2.063393748209602307 ) ) ;
#2335 = CARTESIAN_POINT ( 'NONE',  ( 0.7071806195697314390, 0.000000000000000000, 0.7040441181214833755 ) ) ;
#2336 = DIRECTION ( 'NONE',  ( -0.000000000000000000, -1.000000000000000000, -0.000000000000000000 ) ) ;
#2337 = CARTESIAN_POINT ( 'NONE',  ( -0.5876121774117509799, 0.4000000000000000222, -0.6177389277038214388 ) ) ;
#2338 = CARTESIAN_POINT ( 'NONE',  ( -0.1803705875473952669, 0.000000000000000000, 1.566422035519254186 ) ) ;
#2339 = CARTESIAN_POINT ( 'NONE',  ( 0.02374737520050454118, 0.4000000000000000222, -2.062862466487285662 ) ) ;
#2340 = CARTESIAN_POINT ( 'NONE',  ( 0.2709903243320438970, 0.4000000000000000222, 0.7519017437704242912 ) ) ;
#2341 = CARTESIAN_POINT ( 'NONE',  ( 1.129959654963873295, 0.000000000000000000, 1.573872395434410043 ) ) ;
#2342 = VERTEX_POINT ( 'NONE', #2341 ) ;
#2343 = DIRECTION ( 'NONE',  ( -0.000000000000000000, -1.000000000000000000, -0.000000000000000000 ) ) ;
#2344 = EDGE_CURVE ( 'NONE', #1978, #2425, #2153, .T. ) ;
#2345 =( NAMED_UNIT ( * ) SI_UNIT ( $, .STERADIAN. ) SOLID_ANGLE_UNIT ( ) );
#2346 = PRODUCT_DEFINITION_FORMATION_WITH_SPECIFIED_SOURCE ( 'ANY', '', #1468, .NOT_KNOWN. ) ;
#2347 = CARTESIAN_POINT ( 'NONE',  ( -1.108949447083573014, 0.4000000000000000222, -1.655894068287581788 ) ) ;
#2348 = CARTESIAN_POINT ( 'NONE',  ( 0.7071806195697314390, 0.4000000000000000222, 0.7040441181214833755 ) ) ;
#2349 = DIRECTION ( 'NONE',  ( 0.000000000000000000, -1.000000000000000000, 0.000000000000000000 ) ) ;
#2350 = CARTESIAN_POINT ( 'NONE',  ( -0.2014086299560709503, 0.000000000000000000, -1.329236919061376643 ) ) ;
#2351 = EDGE_CURVE ( 'NONE', #177, #341, #1010, .T. ) ;
#2352 = CARTESIAN_POINT ( 'NONE',  ( 0.7608425336782137505, 0.4000000000000000222, -1.888418386310342534 ) ) ;
#2353 = CARTESIAN_POINT ( 'NONE',  ( 0.7608425336782137505, 0.000000000000000000, -1.888418386310342534 ) ) ;
#2354 = B_SPLINE_CURVE_WITH_KNOTS ( 'NONE', 3,
 ( #1222, #1062, #2714, #1272, #616, #627, #2338, #2492, #1259, #1034, #1022, #1471, #2117, #1006, #419, #605, #211, #2313, #1916 ),
 .UNSPECIFIED., .F., .F.,
 ( 4, 1, 1, 1, 1, 1, 1, 1, 1, 1, 1, 1, 1, 1, 1, 1, 4 ),
 ( 0.000000000000000000, 0.07360890242769976832, 0.1422749985349699986, 0.2062743646621597315, 0.2671553263977909931, 0.3254993376348726541, 0.3819690673269469650, 0.4387392884392607995, 0.4950189967285443249, 0.5523195340389878139, 0.6103087518980346848, 0.6700350464462168087, 0.7320263128239695716, 0.7957716388051463419, 0.8615792867094483887, 0.9292190780445040987, 0.9999999999999998890 ),
 .UNSPECIFIED. ) ;
#2355 = SURFACE_STYLE_FILL_AREA ( #1104 ) ;
#2356 = CARTESIAN_POINT ( 'NONE',  ( 1.210736381138048268, 0.4000000000000000222, 1.613571377452304390 ) ) ;
#2357 = CARTESIAN_POINT ( 'NONE',  ( 0.2097000363139861212, 0.4000000000000000222, -1.330762251780983840 ) ) ;
#2358 = VECTOR ( 'NONE', #712, 1000.000000000000000 ) ;
#2359 = VERTEX_POINT ( 'NONE', #189 ) ;
#2360 = CARTESIAN_POINT ( 'NONE',  ( 1.140459432139450335, -0.000000000000000000, 1.574464077945371132 ) ) ;
#2361 = CARTESIAN_POINT ( 'NONE',  ( -0.08959843530728267558, 0.000000000000000000, 1.618464666938487007 ) ) ;
#2362 = CARTESIAN_POINT ( 'NONE',  ( 0.1301485904593674137, 0.4000000000000000222, 0.7498401019137573842 ) ) ;
#2363 = CARTESIAN_POINT ( 'NONE',  ( -1.503946301828022802, 0.4000000000000000222, 0.006928342931410495266 ) ) ;
#2364 = EDGE_CURVE ( 'NONE', #1463, #366, #683, .T. ) ;
#2365 = CARTESIAN_POINT ( 'NONE',  ( 0.000000000000000000, 20.00000000000000000, 1.649999999999999911 ) ) ;
#2366 = CARTESIAN_POINT ( 'NONE',  ( 1.449138002303328232, 0.000000000000000000, -1.000979571404635671 ) ) ;
#2367 = CARTESIAN_POINT ( 'NONE',  ( 1.503946301828022580, 0.000000000000000000, -0.5350523057326774801 ) ) ;
#2368 = CARTESIAN_POINT ( 'NONE',  ( 1.247831955353091882, 0.4000000000000000222, 1.842802685295847676 ) ) ;
#2369 = CARTESIAN_POINT ( 'NONE',  ( 1.488751558957687182, 0.4000000000000000222, -0.2577526505612160457 ) ) ;
#2370 = DIRECTION ( 'NONE',  ( 0.000000000000000000, 0.000000000000000000, 1.000000000000000000 ) ) ;
#2371 = VERTEX_POINT ( 'NONE', #2616 ) ;
#2372 = CARTESIAN_POINT ( 'NONE',  ( -0.5988152959186748836, 0.000000000000000000, 0.5148755752695618471 ) ) ;
#2373 = CARTESIAN_POINT ( 'NONE',  ( 0.3759865754570058671, 0.000000000000000000, 2.415842333026959832 ) ) ;
#2374 = EDGE_LOOP ( 'NONE', ( #36, #2317, #486, #2250 ) ) ;
#2375 = CARTESIAN_POINT ( 'NONE',  ( -0.6237820220164705942, -0.000000000000000000, 0.5409357773146262760 ) ) ;
#2376 = CARTESIAN_POINT ( 'NONE',  ( 0.4885312917008148292, 5.421010862427522170E-17, -0.1234428337401637099 ) ) ;
#2377 = CARTESIAN_POINT ( 'NONE',  ( 0.1222607413952057076, 0.4000000000000000222, 1.690608049977929461 ) ) ;
#2378 = CARTESIAN_POINT ( 'NONE',  ( 1.079116012138136904, 0.4000000000000000222, 1.578962631214081647 ) ) ;
#2379 = CARTESIAN_POINT ( 'NONE',  ( 0.03105395711206300827, 0.4000000000000000222, -1.359666204481757346 ) ) ;
#2380 = ADVANCED_FACE ( 'NONE', ( #64 ), #1659, .F. ) ;
#2381 = CARTESIAN_POINT ( 'NONE',  ( 5.327213576290986242E-16, 20.50000000000001066, 4.349999999999999645 ) ) ;
#2382 = VECTOR ( 'NONE', #1320, 1000.000000000000000 ) ;
#2383 = CARTESIAN_POINT ( 'NONE',  ( 0.7673014850672964515, 0.000000000000000000, 1.671875180088952195 ) ) ;
#2384 = CARTESIAN_POINT ( 'NONE',  ( 1.503287945928592384, 0.4000000000000000222, -0.4873565822114037660 ) ) ;
#2385 = CARTESIAN_POINT ( 'NONE',  ( 0.1460056663217687567, 0.000000000000000000, -1.347146954702015398 ) ) ;
#2386 = ORIENTED_EDGE ( 'NONE', *, *, #1699, .F. ) ;
#2387 = CARTESIAN_POINT ( 'NONE',  ( 0.000000000000000000, 23.00000000000000000, 0.000000000000000000 ) ) ;
#2388 = CARTESIAN_POINT ( 'NONE',  ( 1.195137459543802239, 0.4000000000000000222, 2.227186074266369165 ) ) ;
#2389 = ORIENTED_EDGE ( 'NONE', *, *, #809, .F. ) ;
#2390 = CARTESIAN_POINT ( 'NONE',  ( -0.3344969722525695244, 0.000000000000000000, 1.434670729890240803 ) ) ;
#2391 = CARTESIAN_POINT ( 'NONE',  ( 0.3287880767730209652, 0.4000000000000000777, -0.0004561859262297856968 ) ) ;
#2392 = CARTESIAN_POINT ( 'NONE',  ( -0.4525760192265584347, 0.4000000000000000222, 1.269323478335525390 ) ) ;
#2393 = CARTESIAN_POINT ( 'NONE',  ( -0.3684214593006734373, 0.000000000000000000, -1.227103062062299355 ) ) ;
#2394 = CARTESIAN_POINT ( 'NONE',  ( 1.503287945928592384, -0.000000000000000000, -0.4873565822114037660 ) ) ;
#2395 = CARTESIAN_POINT ( 'NONE',  ( 0.6079782922283495372, 0.4000000000000000222, -0.6240491281147878544 ) ) ;
#2396 = CARTESIAN_POINT ( 'NONE',  ( 0.1241874017706365019, 0.4000000000000000222, 0.04607979732328072731 ) ) ;
#2397 = CARTESIAN_POINT ( 'NONE',  ( -0.03699867896784364563, 0.4000000000000000222, -2.063997714971405273 ) ) ;
#2398 = VERTEX_POINT ( 'NONE', #1527 ) ;
#2399 = CARTESIAN_POINT ( 'NONE',  ( 0.2232624183212995050, 0.4000000000000000222, 0.7512031024937428914 ) ) ;
#2400 = CARTESIAN_POINT ( 'NONE',  ( 0.4190163551453530144, 0.4000000000000000222, 2.415091457653803619 ) ) ;
#2401 = ORIENTED_EDGE ( 'NONE', *, *, #868, .T. ) ;
#2402 = CARTESIAN_POINT ( 'NONE',  ( -0.5876121774117509799, 0.4000000000000000222, -0.6177389277038214388 ) ) ;
#2403 = CARTESIAN_POINT ( 'NONE',  ( -0.004438797966525587398, 0.4000000000000000222, 0.7317548996275882178 ) ) ;
#2404 = CARTESIAN_POINT ( 'NONE',  ( -0.08959843530728267558, 0.000000000000000000, 1.618464666938487007 ) ) ;
#2405 = CARTESIAN_POINT ( 'NONE',  ( -0.01768698915133480945, 0.4000000000000000222, -1.359087019010951192 ) ) ;
#2406 = CARTESIAN_POINT ( 'NONE',  ( 1.224410471984811899, 0.000000000000000000, 2.169516475875218120 ) ) ;
#2407 = CARTESIAN_POINT ( 'NONE',  ( 1.129959654963873295, 0.000000000000000000, 1.573872395434410043 ) ) ;
#2408 = PRESENTATION_STYLE_ASSIGNMENT (( #46 ) ) ;
#2409 = CARTESIAN_POINT ( 'NONE',  ( 0.4226978509266583472, -0.000000000000000000, 1.711083314722859461 ) ) ;
#2410 = ORIENTED_EDGE ( 'NONE', *, *, #1360, .T. ) ;
#2411 = CARTESIAN_POINT ( 'NONE',  ( -0.004438797966525587398, 0.4000000000000000222, 0.7317548996275882178 ) ) ;
#2412 = CARTESIAN_POINT ( 'NONE',  ( 0.3759865754570058671, 0.4000000000000000222, 2.415842333026959832 ) ) ;
#2413 = B_SPLINE_CURVE_WITH_KNOTS ( 'NONE', 3,
 ( #2214, #293, #711, #921, #1143, #87, #935, #725, #1579, #2445, #2433, #517, #2030, #1158, #1804, #321, #2653, #1175, #477 ),
 .UNSPECIFIED., .F., .F.,
 ( 4, 1, 1, 1, 1, 1, 1, 1, 1, 1, 1, 1, 1, 1, 1, 1, 4 ),
 ( 0.000000000000000000, 0.1119261970326589362, 0.2251451456750430957, 0.3355252657556961338, 0.4389329017610922312, 0.5319004041431807384, 0.6108896061952105994, 0.6726152953793144151, 0.7120622608783739871, 0.7402705137878743402, 0.7674882167521831500, 0.7950491577784558617, 0.8247129237244011923, 0.8575418327256367768, 0.8967209689796649119, 0.9436235011633283820, 1.000000000000000000 ),
 .UNSPECIFIED. ) ;
#2414 = ORIENTED_EDGE ( 'NONE', *, *, #1557, .F. ) ;
#2415 = ADVANCED_FACE ( 'NONE', ( #701 ), #913, .F. ) ;
#2416 = FACE_OUTER_BOUND ( 'NONE', #1083, .T. ) ;
#2417 = CARTESIAN_POINT ( 'NONE',  ( 0.4109423878409573794, 0.4000000000000000777, -0.04472169061336859347 ) ) ;
#2418 = CARTESIAN_POINT ( 'NONE',  ( -0.5390444443764870197, 0.000000000000000000, 1.077155621029091792 ) ) ;
#2419 = VECTOR ( 'NONE', #2336, 1000.000000000000000 ) ;
#2420 = CARTESIAN_POINT ( 'NONE',  ( -0.5844763810208887245, 0.4000000000000000777, -0.1531242660532176614 ) ) ;
#2421 = CARTESIAN_POINT ( 'NONE',  ( 1.287587279310891564, 0.000000000000000000, 0.3159249181412370211 ) ) ;
#2422 = CARTESIAN_POINT ( 'NONE',  ( -1.444960260765508320, 0.4000000000000000222, 0.8143158615561078006 ) ) ;
#2423 = CARTESIAN_POINT ( 'NONE',  ( 0.05199814341426693687, 0.4000000000000000777, 0.04792687908496692795 ) ) ;
#2424 = CARTESIAN_POINT ( 'NONE',  ( 1.247831955353091882, 0.4000000000000000222, 1.842802685295847676 ) ) ;
#2425 = VERTEX_POINT ( 'NONE', #2397 ) ;
#2426 = CARTESIAN_POINT ( 'NONE',  ( 0.6053006789224337769, 0.000000000000000000, -0.4751158567985962478 ) ) ;
#2427 = CARTESIAN_POINT ( 'NONE',  ( 0.6339983622819967968, 0.4000000000000000222, 2.400794134260629153 ) ) ;
#2428 = ORIENTED_EDGE ( 'NONE', *, *, #1845, .T. ) ;
#2429 = CARTESIAN_POINT ( 'NONE',  ( -0.01768698915133480945, 0.4000000000000000222, -1.359087019010951192 ) ) ;
#2430 = CARTESIAN_POINT ( 'NONE',  ( -0.5988152959186748836, -5.421010862427522170E-17, 0.5148755752695618471 ) ) ;
#2431 = ADVANCED_FACE ( 'NONE', ( #481 ), #230, .F. ) ;
#2432 = CARTESIAN_POINT ( 'NONE',  ( -0.5369248257273104841, 0.4000000000000000777, -0.1228937636899803398 ) ) ;
#2433 = CARTESIAN_POINT ( 'NONE',  ( 1.195137459543802239, 0.4000000000000000222, 2.227186074266369165 ) ) ;
#2434 = CARTESIAN_POINT ( 'NONE',  ( -1.341217941399238889, 0.4000000000000000222, 1.216526694009389731 ) ) ;
#2435 = CARTESIAN_POINT ( 'NONE',  ( -1.174022796288867410, 0.4000000000000000222, -1.574705077290193378 ) ) ;
#2436 = ORIENTED_EDGE ( 'NONE', *, *, #444, .T. ) ;
#2437 = CARTESIAN_POINT ( 'NONE',  ( 0.1925791114706614515, 0.000000000000000000, 0.03840393688048595461 ) ) ;
#2438 = CARTESIAN_POINT ( 'NONE',  ( -1.038057419247566004, 0.000000000000000000, -1.731603056397593265 ) ) ;
#2439 = CARTESIAN_POINT ( 'NONE',  ( -1.293592559516105744, 0.4000000000000000222, 1.345831542226201050 ) ) ;
#2440 = ORIENTED_EDGE ( 'NONE', *, *, #2005, .F. ) ;
#2441 = CARTESIAN_POINT ( 'NONE',  ( -0.3684214593006734373, 0.000000000000000000, -1.227103062062299355 ) ) ;
#2442 = CARTESIAN_POINT ( 'NONE',  ( 1.247955441942401933, 0.4000000000000000222, 1.935859470741420729 ) ) ;
#2443 = LINE ( 'NONE', #2028, #1365 ) ;
#2444 = CARTESIAN_POINT ( 'NONE',  ( -0.3826000310090528767, 0.000000000000000000, -0.04413080695455469382 ) ) ;
#2445 = CARTESIAN_POINT ( 'NONE',  ( 1.168268646592542259, 0.4000000000000000222, 2.252558869627267590 ) ) ;
#2446 = VECTOR ( 'NONE', #2486, 1000.000000000000000 ) ;
#2447 = EDGE_CURVE ( 'NONE', #1627, #132, #1679, .T. ) ;
#2448 = CARTESIAN_POINT ( 'NONE',  ( -2.922526330762603394E-05, 0.4000000000000000222, 2.391436766776857237 ) ) ;
#2449 = CARTESIAN_POINT ( 'NONE',  ( 0.3282550274411938918, 0.4000000000000000222, 1.710798621552192200 ) ) ;
#2450 = ORIENTED_EDGE ( 'NONE', *, *, #2351, .F. ) ;
#2451 = CARTESIAN_POINT ( 'NONE',  ( 0.6079782922283495372, 5.421010862427522170E-17, -0.6240491281147878544 ) ) ;
#2452 = CARTESIAN_POINT ( 'NONE',  ( -0.9584595345767751295, 0.000000000000000000, -1.799747567451671193 ) ) ;
#2453 = CARTESIAN_POINT ( 'NONE',  ( -1.341217941399238889, 0.000000000000000000, 1.216526694009389731 ) ) ;
#2454 = CARTESIAN_POINT ( 'NONE',  ( -0.1269580112815559825, 0.4000000000000000222, 0.03303627232582422024 ) ) ;
#2455 = CARTESIAN_POINT ( 'NONE',  ( 1.502881458912854074, -0.000000000000000000, -0.5887713369174855105 ) ) ;
#2456 = CARTESIAN_POINT ( 'NONE',  ( 0.5253735471882956531, 0.4000000000000000222, -1.040714663396445694 ) ) ;
#2457 = CARTESIAN_POINT ( 'NONE',  ( -0.3263473260372625195, 0.000000000000000000, 2.311808083039142758 ) ) ;
#2458 = CARTESIAN_POINT ( 'NONE',  ( 1.247878521276842401, 0.4000000000000000222, 1.957540027798899240 ) ) ;
#2459 = CARTESIAN_POINT ( 'NONE',  ( -0.9349305148671402943, 0.4000000000000000222, 1.925687113072190204 ) ) ;
#2460 = CARTESIAN_POINT ( 'NONE',  ( -0.1803705875473952669, 0.000000000000000000, 1.566422035519254186 ) ) ;
#2461 = EDGE_CURVE ( 'NONE', #147, #895, #817, .T. ) ;
#2462 = ORIENTED_EDGE ( 'NONE', *, *, #1094, .F. ) ;
#2463 = CARTESIAN_POINT ( 'NONE',  ( 0.3287880767730209652, 0.000000000000000000, -0.0004561859262297856968 ) ) ;
#2464 = CARTESIAN_POINT ( 'NONE',  ( -1.408337951277264022, 0.4000000000000000222, -1.029262264355934597 ) ) ;
#2465 = CARTESIAN_POINT ( 'NONE',  ( -1.237667994902035717, 0.4000000000000000222, 1.471639768266399306 ) ) ;
#2466 = ORIENTED_EDGE ( 'NONE', *, *, #359, .T. ) ;
#2467 = CARTESIAN_POINT ( 'NONE',  ( -0.03803086281240285887, 0.000000000000000000, 0.04567234372806619480 ) ) ;
#2468 = AXIS2_PLACEMENT_3D ( 'NONE', #606, #2715, #628 ) ;
#2469 = CARTESIAN_POINT ( 'NONE',  ( 1.500777939277243567, 0.000000000000000000, -0.6948893711303837373 ) ) ;
#2470 = EDGE_CURVE ( 'NONE', #2371, #676, #847, .T. ) ;
#2471 = CARTESIAN_POINT ( 'NONE',  ( -0.5231406946165486627, 0.4000000000000000222, -0.9495412834703543803 ) ) ;
#2472 = LINE ( 'NONE', #76, #2712 ) ;
#2473 = CARTESIAN_POINT ( 'NONE',  ( 0.4190163551453530144, 0.4000000000000000222, 2.415091457653803619 ) ) ;
#2474 = CARTESIAN_POINT ( 'NONE',  ( -1.105916684414767204, 0.4000000000000000222, 1.712473838393966608 ) ) ;
#2475 = CARTESIAN_POINT ( 'NONE',  ( -1.362540456492543628, 0.000000000000000000, -1.181773637004406519 ) ) ;
#2476 = VERTEX_POINT ( 'NONE', #2114 ) ;
#2477 = AXIS2_PLACEMENT_3D ( 'NONE', #1015, #1068, #2123 ) ;
#2478 = CARTESIAN_POINT ( 'NONE',  ( 0.4109423878409573794, 0.000000000000000000, -0.04472169061336859347 ) ) ;
#2479 = CARTESIAN_POINT ( 'NONE',  ( -0.7767102390260162137, 0.4000000000000000222, -1.913753373138245006 ) ) ;
#2480 = ORIENTED_EDGE ( 'NONE', *, *, #2297, .F. ) ;
#2481 = VERTEX_POINT ( 'NONE', #636 ) ;
#2482 = EDGE_CURVE ( 'NONE', #2218, #366, #2760, .T. ) ;
#2483 = CARTESIAN_POINT ( 'NONE',  ( 1.405403717743610503, 0.000000000000000000, -1.144625209184517933 ) ) ;
#2484 = FILL_AREA_STYLE ('',( #306 ) ) ;
#2485 = CARTESIAN_POINT ( 'NONE',  ( 0.03105395711206300827, -0.000000000000000000, -1.359666204481757346 ) ) ;
#2486 = DIRECTION ( 'NONE',  ( -0.000000000000000000, -1.000000000000000000, -0.000000000000000000 ) ) ;
#2487 = VECTOR ( 'NONE', #295, 1000.000000000000000 ) ;
#2488 = CARTESIAN_POINT ( 'NONE',  ( 0.5055729100283093969, 0.4000000000000000222, 2.413581034269868919 ) ) ;
#2489 = CARTESIAN_POINT ( 'NONE',  ( -0.5988900808087005423, 0.4000000000000000222, -0.4805473453624286573 ) ) ;
#2490 = CARTESIAN_POINT ( 'NONE',  ( 0.3282550274411938918, 0.000000000000000000, 1.710798621552192200 ) ) ;
#2491 = ORIENTED_EDGE ( 'NONE', *, *, #926, .F. ) ;
#2492 = CARTESIAN_POINT ( 'NONE',  ( -0.2612329217334238285, 0.000000000000000000, 1.504056535216019785 ) ) ;
#2493 = CARTESIAN_POINT ( 'NONE',  ( -0.03699867896784364563, 0.000000000000000000, -2.063997714971405273 ) ) ;
#2494 = CARTESIAN_POINT ( 'NONE',  ( -0.3826000310090528767, 0.4000000000000000777, -0.04413080695455469382 ) ) ;
#2495 = CARTESIAN_POINT ( 'NONE',  ( -1.444960260765508320, 0.4000000000000000222, 0.8143158615561078006 ) ) ;
#2496 = ORIENTED_EDGE ( 'NONE', *, *, #1393, .F. ) ;
#2497 = CARTESIAN_POINT ( 'NONE',  ( -1.278224315200916505, 0.4000000000000000222, -1.389272789281125631 ) ) ;
#2498 = EDGE_CURVE ( 'NONE', #692, #1611, #1917, .T. ) ;
#2499 = CARTESIAN_POINT ( 'NONE',  ( 0.8667037140031104148, 0.000000000000000000, 1.647159192265628791 ) ) ;
#2500 = CARTESIAN_POINT ( 'NONE',  ( -0.4157577449978062667, 0.4000000000000000222, -1.174761754412546599 ) ) ;
#2501 = CARTESIAN_POINT ( 'NONE',  ( -0.6249776852676289796, 0.4000000000000000222, 0.4989107767740881827 ) ) ;
#2502 = DIRECTION ( 'NONE',  ( 0.000000000000000000, 0.000000000000000000, 1.000000000000000000 ) ) ;
#2503 = CARTESIAN_POINT ( 'NONE',  ( 0.8667037140031104148, 0.4000000000000000222, 1.647159192265628791 ) ) ;
#2504 = B_SPLINE_CURVE_WITH_KNOTS ( 'NONE', 3,
 ( #1781, #241, #2424, #1723, #466, #1316, #63, #47, #2572, #1555, #1540 ),
 .UNSPECIFIED., .F., .F.,
 ( 4, 1, 1, 1, 1, 1, 1, 1, 4 ),
 ( 0.000000000000000000, 0.2360561594504511918, 0.4294185064704105215, 0.5805527769900714619, 0.6962089856467088556, 0.7836507939162782321, 0.8561659613897967258, 0.9254744362749430797, 0.9999999999999998890 ),
 .UNSPECIFIED. ) ;
#2505 = EDGE_CURVE ( 'NONE', #1532, #1935, #1481, .T. ) ;
#2506 = ORIENTED_EDGE ( 'NONE', *, *, #645, .F. ) ;
#2507 = CARTESIAN_POINT ( 'NONE',  ( 1.481478336062664880, 0.000000000000000000, -0.8508811246071331658 ) ) ;
#2508 = AXIS2_PLACEMENT_3D ( 'NONE', #319, #135, #999 ) ;
#2509 = CARTESIAN_POINT ( 'NONE',  ( 0.8306947672069416866, -5.421010862427522170E-17, 0.6637440695855283401 ) ) ;
#2510 = CARTESIAN_POINT ( 'NONE',  ( 1.195137459543802239, 0.000000000000000000, 2.227186074266369165 ) ) ;
#2511 = CARTESIAN_POINT ( 'NONE',  ( 0.8871906065285851684, 0.000000000000000000, -1.812515059092834946 ) ) ;
#2512 = ORIENTED_EDGE ( 'NONE', *, *, #1424, .T. ) ;
#2513 = CARTESIAN_POINT ( 'NONE',  ( -1.500159207892424851, 0.000000000000000000, -0.2835876764422250451 ) ) ;
#2514 = CARTESIAN_POINT ( 'NONE',  ( 0.9508079546018827211, 0.000000000000000000, 1.620318847936864870 ) ) ;
#2515 = CARTESIAN_POINT ( 'NONE',  ( 0.1460056663217687567, 0.4000000000000000222, -1.347146954702015398 ) ) ;
#2516 = CARTESIAN_POINT ( 'NONE',  ( 1.247831955353091882, 0.4000000000000000222, 1.842802685295847676 ) ) ;
#2517 = CARTESIAN_POINT ( 'NONE',  ( 0.3287880767730209652, 0.4000000000000000777, -0.0004561859262297856968 ) ) ;
#2518 = CARTESIAN_POINT ( 'NONE',  ( -1.025705857673708143, 0.4000000000000000222, 1.823265710966915032 ) ) ;
#2519 = CARTESIAN_POINT ( 'NONE',  ( -0.3190266907691747256, 0.4000000000000000222, -1.272333228690089246 ) ) ;
#2520 = CARTESIAN_POINT ( 'NONE',  ( 0.6517289156108295733, 0.4000000000000000222, 1.694341658168746489 ) ) ;
#2521 = CARTESIAN_POINT ( 'NONE',  ( 0.02374737520050454118, 0.000000000000000000, -2.062862466487285662 ) ) ;
#2522 = CYLINDRICAL_SURFACE ( 'NONE', #194, 4.349999999999999645 ) ;
#2523 = CARTESIAN_POINT ( 'NONE',  ( -0.6249776852676289796, 0.4000000000000000222, 0.4989107767740881827 ) ) ;
#2524 = ORIENTED_EDGE ( 'NONE', *, *, #1044, .T. ) ;
#2525 = CARTESIAN_POINT ( 'NONE',  ( -0.5654261140078035153, 0.000000000000000000, -1.998157950467637667 ) ) ;
#2526 = CARTESIAN_POINT ( 'NONE',  ( -0.6214437569090350832, 0.4000000000000000222, 0.6231207840953331134 ) ) ;
#2527 = CARTESIAN_POINT ( 'NONE',  ( -0.4926273976488560469, 0.4000000000000000222, -1.035842335792178881 ) ) ;
#2528 = CARTESIAN_POINT ( 'NONE',  ( -0.2471453564738679831, 0.4000000000000000222, 0.6757981666916837993 ) ) ;
#2529 = CARTESIAN_POINT ( 'NONE',  ( -1.105916684414767204, 0.4000000000000000222, 1.712473838393966608 ) ) ;
#2530 = CARTESIAN_POINT ( 'NONE',  ( -0.5489080876114523777, 0.4000000000000000222, -0.8514618844771597583 ) ) ;
#2531 = APPLICATION_CONTEXT ( 'automotive_design' ) ;
#2532 = EDGE_CURVE ( 'NONE', #756, #2635, #150, .T. ) ;
#2533 = CARTESIAN_POINT ( 'NONE',  ( 0.4226978509266583472, 0.000000000000000000, 1.711083314722859461 ) ) ;
#2534 = CARTESIAN_POINT ( 'NONE',  ( 1.466877308994473772, -5.421010862427522170E-17, -0.1280322677575854717 ) ) ;
#2535 = CARTESIAN_POINT ( 'NONE',  ( 1.140459432139450335, 0.4000000000000000222, 1.574464077945371132 ) ) ;
#2536 = CARTESIAN_POINT ( 'NONE',  ( 1.247737606321703607, 0.000000000000000000, 1.997257764286304971 ) ) ;
#2537 = ORIENTED_EDGE ( 'NONE', *, *, #1408, .F. ) ;
#2538 = CARTESIAN_POINT ( 'NONE',  ( 1.226475284797709620, 0.000000000000000000, 1.649271351526655494 ) ) ;
#2539 = CARTESIAN_POINT ( 'NONE',  ( -0.4525760192265584347, 0.4000000000000000222, 1.269323478335525390 ) ) ;
#2540 = CARTESIAN_POINT ( 'NONE',  ( 0.3287880767730209652, 0.4000000000000000222, -0.0004561859262297856968 ) ) ;
#2541 = CARTESIAN_POINT ( 'NONE',  ( -0.1301818870523685223, 0.4000000000000000222, 0.7066014722997454589 ) ) ;
#2542 = CARTESIAN_POINT ( 'NONE',  ( 0.6079782922283495372, 5.421010862427522170E-17, -0.6240491281147878544 ) ) ;
#2543 = CARTESIAN_POINT ( 'NONE',  ( -0.6079782922283495372, 0.4000000000000000222, -0.1680654089435257570 ) ) ;
#2544 = B_SPLINE_CURVE_WITH_KNOTS ( 'NONE', 3,
 ( #1449, #1271, #210, #1061, #1, #1371, #112, #1973, #2612, #1565, #265, #1130, #2406, #1343, #697, #961, #2016, #1116, #1816 ),
 .UNSPECIFIED., .F., .F.,
 ( 4, 1, 1, 1, 1, 1, 1, 1, 1, 1, 1, 1, 1, 1, 1, 1, 4 ),
 ( 0.000000000000000000, 0.1119261970326589362, 0.2251451456750430957, 0.3355252657556961338, 0.4389329017610922312, 0.5319004041431807384, 0.6108896061952105994, 0.6726152953793144151, 0.7120622608783739871, 0.7402705137878743402, 0.7674882167521831500, 0.7950491577784558617, 0.8247129237244011923, 0.8575418327256367768, 0.8967209689796649119, 0.9436235011633283820, 1.000000000000000000 ),
 .UNSPECIFIED. ) ;
#2545 = CARTESIAN_POINT ( 'NONE',  ( 1.500777939277243567, 0.4000000000000000222, -0.6948893711303837373 ) ) ;
#2546 = CARTESIAN_POINT ( 'NONE',  ( 0.6222836873795793977, 0.4000000000000000222, -1.950602118697870369 ) ) ;
#2547 = CARTESIAN_POINT ( 'NONE',  ( 0.000000000000000000, 23.00000000000000000, 0.000000000000000000 ) ) ;
#2548 = CARTESIAN_POINT ( 'NONE',  ( 0.000000000000000000, 20.00000000000000000, 0.000000000000000000 ) ) ;
#2549 = ORIENTED_EDGE ( 'NONE', *, *, #1881, .T. ) ;
#2550 = FACE_BOUND ( 'NONE', #298, .T. ) ;
#2551 =( NAMED_UNIT ( * ) PLANE_ANGLE_UNIT ( ) SI_UNIT ( $, .RADIAN. ) );
#2552 = CARTESIAN_POINT ( 'NONE',  ( -0.5390444443764870197, 0.000000000000000000, 1.077155621029091792 ) ) ;
#2553 = CARTESIAN_POINT ( 'NONE',  ( 0.3237066154362601700, 0.000000000000000000, 0.7507712371887075298 ) ) ;
#2554 = DIRECTION ( 'NONE',  ( 0.000000000000000000, 0.000000000000000000, 1.000000000000000000 ) ) ;
#2555 = DIRECTION ( 'NONE',  ( -1.000000000000000000, 0.000000000000000000, -0.000000000000000000 ) ) ;
#2556 = FACE_OUTER_BOUND ( 'NONE', #555, .T. ) ;
#2557 = CARTESIAN_POINT ( 'NONE',  ( 0.8871906065285851684, 0.000000000000000000, -1.812515059092834946 ) ) ;
#2558 = CARTESIAN_POINT ( 'NONE',  ( -0.5876121774117509799, 0.4000000000000000222, -0.6177389277038214388 ) ) ;
#2559 = CARTESIAN_POINT ( 'NONE',  ( 1.003303489287530104, 0.4000000000000000222, -1.727416337823281411 ) ) ;
#2560 = ORIENTED_EDGE ( 'NONE', *, *, #178, .F. ) ;
#2561 = CARTESIAN_POINT ( 'NONE',  ( 1.188401159173702926, 0.000000000000000000, 1.589788890452103809 ) ) ;
#2562 = B_SPLINE_SURFACE_WITH_KNOTS ( 'NONE', 3, 1, ( 
 ( #375, #1828 ),
 ( #1018, #1870 ),
 ( #2516, #559 ),
 ( #1001, #986 ),
 ( #2003, #1645 ),
 ( #1442, #2708 ),
 ( #137, #125 ),
 ( #975, #1413 ),
 ( #805, #1632 ),
 ( #348, #2084 ),
 ( #2201, #1229 ) ),
 .UNSPECIFIED., .F., .F., .F.,
 ( 4, 1, 1, 1, 1, 1, 1, 1, 4 ),
 ( 2, 2 ),
 ( 0.000000000000000000, 0.2360561594504511918, 0.4294185064704105215, 0.5805527769900714619, 0.6962089856467088556, 0.7836507939162782321, 0.8561659613897967258, 0.9254744362749430797, 0.9999999999999998890 ),
 ( 0.000000000000000000, 1.000000000000000000 ),
 .UNSPECIFIED. ) ;
#2563 = B_SPLINE_CURVE_WITH_KNOTS ( 'NONE', 3,
 ( #2141, #250, #2378, #1101, #2611, #681, #1507, #1072, #1749, #1298, #1928 ),
 .UNSPECIFIED., .F., .F.,
 ( 4, 1, 1, 1, 1, 1, 1, 1, 4 ),
 ( 0.000000000000000000, 0.05991645637863888402, 0.1376268791843416051, 0.2340214522537862607, 0.3475933569376453147, 0.4794748474632622437, 0.6307013383730877276, 0.8035719909920919779, 1.000000000000000000 ),
 .UNSPECIFIED. ) ;
#2564 = ADVANCED_FACE ( 'NONE', ( #1535 ), #2609, .T. ) ;
#2565 = CARTESIAN_POINT ( 'NONE',  ( -0.3978371634819592439, 0.000000000000000000, 1.355428748825313612 ) ) ;
#2566 = CARTESIAN_POINT ( 'NONE',  ( 1.216554618490732764, 0.4000000000000000222, 0.4043917312098770922 ) ) ;
#2567 = CARTESIAN_POINT ( 'NONE',  ( -1.444960260765508320, 0.4000000000000000222, 0.8143158615561078006 ) ) ;
#2568 = CARTESIAN_POINT ( 'NONE',  ( -0.6079782922283495372, 0.000000000000000000, -0.1680654089435257570 ) ) ;
#2569 = CARTESIAN_POINT ( 'NONE',  ( 0.4734984663251144976, 0.000000000000000000, -2.002898176321272761 ) ) ;
#2570 = CARTESIAN_POINT ( 'NONE',  ( -1.500157625372474879, 0.000000000000000000, 0.2711876153418998348 ) ) ;
#2571 = CARTESIAN_POINT ( 'NONE',  ( 1.238161995339051691, 0.4000000000000000222, 1.697535944902550220 ) ) ;
#2572 = CARTESIAN_POINT ( 'NONE',  ( 1.160723959909305103, 0.4000000000000000222, 1.575606022814658669 ) ) ;
#2573 = CARTESIAN_POINT ( 'NONE',  ( -1.105916684414767204, 0.000000000000000000, 1.712473838393966608 ) ) ;
#2574 = ORIENTED_EDGE ( 'NONE', *, *, #958, .T. ) ;
#2575 = CARTESIAN_POINT ( 'NONE',  ( 1.436080664225350967, 0.000000000000000000, -0.005232628780451329016 ) ) ;
#2576 = CARTESIAN_POINT ( 'NONE',  ( 1.126199657834789258, 0.4000000000000000222, 2.279406156793164939 ) ) ;
#2577 = ORIENTED_EDGE ( 'NONE', *, *, #2735, .T. ) ;
#2578 = AXIS2_PLACEMENT_3D ( 'NONE', #2690, #2278, #1170 ) ;
#2579 = CARTESIAN_POINT ( 'NONE',  ( -0.5654261140078035153, 0.4000000000000000222, -1.998157950467637667 ) ) ;
#2580 = CARTESIAN_POINT ( 'NONE',  ( 0.2709903243320438970, 0.4000000000000000222, 0.7519017437704242912 ) ) ;
#2581 = EDGE_CURVE ( 'NONE', #147, #270, #2639, .T. ) ;
#2582 = CARTESIAN_POINT ( 'NONE',  ( 0.2437282101191256267, 0.000000000000000000, 1.708732700578398989 ) ) ;
#2583 = CARTESIAN_POINT ( 'NONE',  ( -0.4564971039580408840, 0.000000000000000000, -1.110671582415041714 ) ) ;
#2584 = CIRCLE ( 'NONE', #1739, 3.850000000000000977 ) ;
#2585 = CARTESIAN_POINT ( 'NONE',  ( 0.4734984663251144976, 0.4000000000000000222, -2.002898176321272761 ) ) ;
#2586 = CARTESIAN_POINT ( 'NONE',  ( -0.4701942148146541212, 0.000000000000000000, 2.253794212860282808 ) ) ;
#2587 = CARTESIAN_POINT ( 'NONE',  ( 1.079116012138136904, 0.000000000000000000, 1.578962631214081647 ) ) ;
#2588 = CARTESIAN_POINT ( 'NONE',  ( 0.7071806195697314390, 0.4000000000000000222, 0.7040441181214833755 ) ) ;
#2589 = CARTESIAN_POINT ( 'NONE',  ( -0.8347250770551306598, 0.000000000000000000, 2.020873751968264909 ) ) ;
#2590 = ORIENTED_EDGE ( 'NONE', *, *, #1283, .F. ) ;
#2591 = CARTESIAN_POINT ( 'NONE',  ( 1.345878635049035710, 0.000000000000000000, 0.2168669628720387710 ) ) ;
#2592 = CARTESIAN_POINT ( 'NONE',  ( 0.7585493644625721510, 0.000000000000000000, 2.383523067660129779 ) ) ;
#2593 = ORIENTED_EDGE ( 'NONE', *, *, #552, .F. ) ;
#2594 = CARTESIAN_POINT ( 'NONE',  ( 0.6053006789224337769, 0.4000000000000000222, -0.4751158567985962478 ) ) ;
#2595 = CARTESIAN_POINT ( 'NONE',  ( -0.6249776852676289796, 0.4000000000000000222, 0.4989107767740881827 ) ) ;
#2596 = CARTESIAN_POINT ( 'NONE',  ( 0.3282550274411938918, 0.4000000000000000222, 1.710798621552192200 ) ) ;
#2597 = CARTESIAN_POINT ( 'NONE',  ( -0.6079782922283495372, 0.4000000000000000222, -0.1680654089435257570 ) ) ;
#2598 = CARTESIAN_POINT ( 'NONE',  ( 0.6079782922283495372, 0.4000000000000000222, -0.6240491281147878544 ) ) ;
#2599 = CARTESIAN_POINT ( 'NONE',  ( -1.025705857673708143, 0.000000000000000000, 1.823265710966915032 ) ) ;
#2600 = VECTOR ( 'NONE', #2, 1000.000000000000000 ) ;
#2601 = CARTESIAN_POINT ( 'NONE',  ( 0.3719867182712931486, 0.000000000000000000, 1.711867468341502718 ) ) ;
#2602 = CARTESIAN_POINT ( 'NONE',  ( 0.6079782922283496482, 0.000000000000000000, -0.6240491281147879654 ) ) ;
#2603 = EDGE_LOOP ( 'NONE', ( #1390, #1981, #1570, #315 ) ) ;
#2604 = CARTESIAN_POINT ( 'NONE',  ( 0.000000000000000000, 0.000000000000000000, 0.000000000000000000 ) ) ;
#2605 = CARTESIAN_POINT ( 'NONE',  ( 0.5055729100283093969, 0.000000000000000000, 2.413581034269868919 ) ) ;
#2606 = ORIENTED_EDGE ( 'NONE', *, *, #2498, .T. ) ;
#2607 = CARTESIAN_POINT ( 'NONE',  ( -0.5708391890055269924, 0.4000000000000000222, -0.7413035738708250166 ) ) ;
#2608 = CARTESIAN_POINT ( 'NONE',  ( 0.1925791114706614515, 0.4000000000000000777, 0.03840393688048595461 ) ) ;
#2609 = B_SPLINE_SURFACE_WITH_KNOTS ( 'NONE', 3, 1, ( 
 ( #680, #249 ),
 ( #2596, #1521 ),
 ( #1971, #2582 ),
 ( #2377, #1086 ),
 ( #1100, #1789 ),
 ( #1762, #2404 ),
 ( #489, #461 ),
 ( #1341, #1311 ),
 ( #1957, #42 ),
 ( #29, #1297 ),
 ( #2392, #2624 ),
 ( #666, #723 ),
 ( #291, #2418 ),
 ( #1354, #1747 ),
 ( #887, #2211 ),
 ( #263, #1326 ),
 ( #2181, #1141 ),
 ( #1998, #56 ),
 ( #2610, #695 ) ),
 .UNSPECIFIED., .F., .F., .F.,
 ( 4, 1, 1, 1, 1, 1, 1, 1, 1, 1, 1, 1, 1, 1, 1, 1, 4 ),
 ( 2, 2 ),
 ( 0.000000000000000000, 0.07360890242769976832, 0.1422749985349699986, 0.2062743646621597315, 0.2671553263977909931, 0.3254993376348726541, 0.3819690673269469650, 0.4387392884392607995, 0.4950189967285443249, 0.5523195340389878139, 0.6103087518980346848, 0.6700350464462168087, 0.7320263128239695716, 0.7957716388051463419, 0.8615792867094483887, 0.9292190780445040987, 0.9999999999999998890 ),
 ( 0.000000000000000000, 1.000000000000000000 ),
 .UNSPECIFIED. ) ;
#2610 = CARTESIAN_POINT ( 'NONE',  ( -0.6249776852676289796, 0.4000000000000000222, 0.4989107767740881827 ) ) ;
#2611 = CARTESIAN_POINT ( 'NONE',  ( 0.9508079546018827211, 0.4000000000000000222, 1.620318847936864870 ) ) ;
#2612 = CARTESIAN_POINT ( 'NONE',  ( 1.126199657834789258, 0.000000000000000000, 2.279406156793164939 ) ) ;
#2613 = CARTESIAN_POINT ( 'NONE',  ( 0.3102608232581833270, -0.000000000000000000, 2.414557920385136836 ) ) ;
#2614 = CARTESIAN_POINT ( 'NONE',  ( 1.160723959909305103, 0.4000000000000000222, 1.575606022814658669 ) ) ;
#2615 = CARTESIAN_POINT ( 'NONE',  ( -0.1809547272546559726, 0.000000000000000000, -2.062224581599354067 ) ) ;
#2616 = CARTESIAN_POINT ( 'NONE',  ( 6.184466335694133068E-16, 0.9999999999999974465, 5.049999999999999822 ) ) ;
#2617 = EDGE_CURVE ( 'NONE', #883, #438, #1913, .T. ) ;
#2618 = ORIENTED_EDGE ( 'NONE', *, *, #958, .F. ) ;
#2619 = CARTESIAN_POINT ( 'NONE',  ( -0.2471453564738679831, 0.4000000000000000222, 0.6757981666916837993 ) ) ;
#2620 = CARTESIAN_POINT ( 'NONE',  ( 1.232104787064420615, 0.4000000000000000222, 2.135616197999692378 ) ) ;
#2621 = ORIENTED_EDGE ( 'NONE', *, *, #1472, .F. ) ;
#2622 = CARTESIAN_POINT ( 'NONE',  ( -0.5489080876114523777, 0.4000000000000000222, -0.8514618844771597583 ) ) ;
#2623 = CARTESIAN_POINT ( 'NONE',  ( 0.6070473581683160091, 5.421010862427522170E-17, -0.5722690392445445307 ) ) ;
#2624 = CARTESIAN_POINT ( 'NONE',  ( -0.4525760192265584347, 0.000000000000000000, 1.269323478335525390 ) ) ;
#2625 = CARTESIAN_POINT ( 'NONE',  ( -1.394330255923356576, 0.000000000000000000, 1.039834747114317670 ) ) ;
#2626 = DIRECTION ( 'NONE',  ( 0.000000000000000000, -1.000000000000000000, 0.000000000000000000 ) ) ;
#2627 = CARTESIAN_POINT ( 'NONE',  ( 0.3759865754570058671, 0.000000000000000000, 2.415842333026959832 ) ) ;
#2628 = DIRECTION ( 'NONE',  ( -0.000000000000000000, 1.000000000000000000, -0.000000000000000000 ) ) ;
#2629 = FACE_OUTER_BOUND ( 'NONE', #2286, .T. ) ;
#2630 = VERTEX_POINT ( 'NONE', #2279 ) ;
#2631 = ADVANCED_FACE ( 'NONE', ( #1630 ), #123, .F. ) ;
#2632 = CARTESIAN_POINT ( 'NONE',  ( -0.6249776852676289796, 0.000000000000000000, 0.4989107767740881827 ) ) ;
#2633 = FACE_OUTER_BOUND ( 'NONE', #2702, .T. ) ;
#2634 = MANIFOLD_SOLID_BREP ( 'Cut-Extrude1', #1246 ) ;
#2635 = VERTEX_POINT ( 'NONE', #530 ) ;
#2636 = CARTESIAN_POINT ( 'NONE',  ( 0.3719867182712931486, 0.4000000000000000222, 1.711867468341502718 ) ) ;
#2637 = CARTESIAN_POINT ( 'NONE',  ( -0.6249776852676289796, 0.000000000000000000, 0.4989107767740881827 ) ) ;
#2638 = EDGE_CURVE ( 'NONE', #1740, #2079, #2443, .T. ) ;
#2639 = LINE ( 'NONE', #2363, #8 ) ;
#2640 = STYLED_ITEM ( 'NONE', ( #2014 ), #2634 ) ;
#2641 = CARTESIAN_POINT ( 'NONE',  ( -1.502703470600414315, 0.000000000000000000, 0.09361552242279350122 ) ) ;
#2642 = CARTESIAN_POINT ( 'NONE',  ( 1.396677557903621247, 0.000000000000000000, 0.1104029721706967226 ) ) ;
#2643 = CARTESIAN_POINT ( 'NONE',  ( 0.3102608232581833270, 0.4000000000000000222, 2.414557920385136836 ) ) ;
#2644 = CARTESIAN_POINT ( 'NONE',  ( 0.01091882180168933514, 0.4000000000000000222, 1.660914918797163464 ) ) ;
#2645 = ORIENTED_EDGE ( 'NONE', *, *, #1970, .T. ) ;
#2646 = CARTESIAN_POINT ( 'NONE',  ( -0.03699867896784364563, 0.000000000000000000, -2.063997714971405273 ) ) ;
#2647 = CARTESIAN_POINT ( 'NONE',  ( -0.4613859042132769650, 0.4000000000000000777, -0.08196822079208565537 ) ) ;
#2648 = ORIENTED_EDGE ( 'NONE', *, *, #1266, .F. ) ;
#2649 = CARTESIAN_POINT ( 'NONE',  ( -0.03803086281240285887, 0.4000000000000000222, 0.04567234372806619480 ) ) ;
#2650 = CARTESIAN_POINT ( 'NONE',  ( -0.1809547272546559726, 0.4000000000000000222, -2.062224581599354067 ) ) ;
#2651 = CARTESIAN_POINT ( 'NONE',  ( 0.2868367382353417816, 0.000000000000000000, -1.298401368298114145 ) ) ;
#2652 = CARTESIAN_POINT ( 'NONE',  ( -1.481788252514526727, 0.000000000000000000, 0.5408426264245004278 ) ) ;
#2653 = CARTESIAN_POINT ( 'NONE',  ( 1.247737606321703607, 0.4000000000000000222, 1.997257764286304971 ) ) ;
#2654 = CARTESIAN_POINT ( 'NONE',  ( 0.4254292137871495405, 0.4000000000000000222, 0.7485897850315808011 ) ) ;
#2655 = CARTESIAN_POINT ( 'NONE',  ( -1.108949447083573014, 0.000000000000000000, -1.655894068287581788 ) ) ;
#2656 = ORIENTED_EDGE ( 'NONE', *, *, #905, .T. ) ;
#2657 = DIRECTION ( 'NONE',  ( -0.000000000000000000, -1.000000000000000000, -0.000000000000000000 ) ) ;
#2658 = CARTESIAN_POINT ( 'NONE',  ( -0.2145402931608147712, 0.000000000000000000, 0.01401564182741386715 ) ) ;
#2659 = CARTESIAN_POINT ( 'NONE',  ( -1.394330255923356576, 0.000000000000000000, 1.039834747114317670 ) ) ;
#2660 = B_SPLINE_CURVE_WITH_KNOTS ( 'NONE', 3,
 ( #1047, #1900, #140, #1680, #1457, #1666, #1021, #1482, #775, #604, #1003 ),
 .UNSPECIFIED., .F., .F.,
 ( 4, 1, 1, 1, 1, 1, 1, 1, 4 ),
 ( 0.000000000000000000, 0.2360561594504511918, 0.4294185064704105215, 0.5805527769900714619, 0.6962089856467088556, 0.7836507939162782321, 0.8561659613897967258, 0.9254744362749430797, 0.9999999999999998890 ),
 .UNSPECIFIED. ) ;
#2661 = CARTESIAN_POINT ( 'NONE',  ( 0.02195696254165246941, 0.4000000000000000222, 0.04717457816241941992 ) ) ;
#2662 = CARTESIAN_POINT ( 'NONE',  ( -0.8714804555449833234, 0.4000000000000000222, -1.860868509759071587 ) ) ;
#2663 = CARTESIAN_POINT ( 'NONE',  ( 0.2868367382353417816, 0.4000000000000000222, -1.298401368298114145 ) ) ;
#2664 = ADVANCED_FACE ( 'NONE', ( #1577 ), #2191, .T. ) ;
#2665 = CARTESIAN_POINT ( 'NONE',  ( -0.4701942148146541212, 0.4000000000000000222, 2.253794212860282808 ) ) ;
#2666 = CARTESIAN_POINT ( 'NONE',  ( 1.216554618490732764, 0.000000000000000000, 0.4043917312098770922 ) ) ;
#2667 = DIRECTION ( 'NONE',  ( 0.000000000000000000, -1.000000000000000000, 0.000000000000000000 ) ) ;
#2668 = CARTESIAN_POINT ( 'NONE',  ( -1.451141207157767399, 0.4000000000000000222, -0.8240748681523288877 ) ) ;
#2669 = ORIENTED_EDGE ( 'NONE', *, *, #1218, .T. ) ;
#2670 = PRODUCT_RELATED_PRODUCT_CATEGORY ( 'part', '', ( #1468 ) ) ;
#2671 = FACE_OUTER_BOUND ( 'NONE', #1560, .T. ) ;
#2672 = CARTESIAN_POINT ( 'NONE',  ( -1.174022796288867410, 0.000000000000000000, -1.574705077290193378 ) ) ;
#2673 = CARTESIAN_POINT ( 'NONE',  ( -1.502703470600414315, 0.4000000000000000222, 0.09361552242279350122 ) ) ;
#2674 = EDGE_LOOP ( 'NONE', ( #2574, #1162, #1637, #259 ) ) ;
#2675 = CARTESIAN_POINT ( 'NONE',  ( 0.4595739664877392383, 0.000000000000000000, -1.151258362628605703 ) ) ;
#2676 = CARTESIAN_POINT ( 'NONE',  ( 0.05199814341426693687, 0.4000000000000000777, 0.04792687908496692795 ) ) ;
#2677 = CARTESIAN_POINT ( 'NONE',  ( 0.6079782922283496482, 0.4000000000000000222, -0.6240491281147879654 ) ) ;
#2678 = FACE_OUTER_BOUND ( 'NONE', #2221, .T. ) ;
#2679 = CARTESIAN_POINT ( 'NONE',  ( -0.1301818870523685223, 0.000000000000000000, 0.7066014722997454589 ) ) ;
#2680 = CARTESIAN_POINT ( 'NONE',  ( 0.6079782922283495372, 0.4000000000000000777, -0.6240491281147878544 ) ) ;
#2681 = CARTESIAN_POINT ( 'NONE',  ( 1.396677557903621247, 0.4000000000000000222, 0.1104029721706967226 ) ) ;
#2682 = CARTESIAN_POINT ( 'NONE',  ( -1.278224315200916505, 0.000000000000000000, -1.389272789281125631 ) ) ;
#2683 = B_SPLINE_CURVE_WITH_KNOTS ( 'NONE', 3,
 ( #2730, #854, #1238, #1688, #179, #2538, #2319, #2561, #816, #2360, #1027 ),
 .UNSPECIFIED., .F., .F.,
 ( 4, 1, 1, 1, 1, 1, 1, 1, 4 ),
 ( 0.000000000000000000, 0.2360561594504511918, 0.4294185064704105215, 0.5805527769900714619, 0.6962089856467088556, 0.7836507939162782321, 0.8561659613897967258, 0.9254744362749430797, 0.9999999999999998890 ),
 .UNSPECIFIED. ) ;
#2684 = EDGE_CURVE ( 'NONE', #997, #567, #2266, .T. ) ;
#2685 = VERTEX_POINT ( 'NONE', #2054 ) ;
#2686 = CARTESIAN_POINT ( 'NONE',  ( -1.502659978002853336, -0.000000000000000000, -0.09174828977658186502 ) ) ;
#2687 = CARTESIAN_POINT ( 'NONE',  ( -1.502659978002853336, 0.4000000000000000222, -0.09174828977658186502 ) ) ;
#2688 = CARTESIAN_POINT ( 'NONE',  ( -0.3263473260372625195, 0.000000000000000000, 2.311808083039142758 ) ) ;
#2689 = B_SPLINE_SURFACE_WITH_KNOTS ( 'NONE', 3, 1, ( 
 ( #90, #727 ),
 ( #2449, #2490 ),
 ( #141, #1193 ),
 ( #1148, #1388 ),
 ( #2644, #2046 ),
 ( #2244, #1177 ),
 ( #2032, #2460 ),
 ( #548, #1402 ),
 ( #2258, #336 ),
 ( #128, #978 ),
 ( #1832, #1430 ),
 ( #792, #2285 ),
 ( #365, #1858 ),
 ( #1220, #2072 ),
 ( #1650, #155 ),
 ( #1004, #2711 ),
 ( #575, #911 ),
 ( #1772, #1783 ),
 ( #2176, #2632 ) ),
 .UNSPECIFIED., .F., .F., .F.,
 ( 4, 1, 1, 1, 1, 1, 1, 1, 1, 1, 1, 1, 1, 1, 1, 1, 4 ),
 ( 2, 2 ),
 ( 0.000000000000000000, 0.07360890242769976832, 0.1422749985349699986, 0.2062743646621597315, 0.2671553263977909931, 0.3254993376348726541, 0.3819690673269469650, 0.4387392884392607995, 0.4950189967285443249, 0.5523195340389878139, 0.6103087518980346848, 0.6700350464462168087, 0.7320263128239695716, 0.7957716388051463419, 0.8615792867094483887, 0.9292190780445040987, 0.9999999999999998890 ),
 ( 0.000000000000000000, 1.000000000000000000 ),
 .UNSPECIFIED. ) ;
#2690 = CARTESIAN_POINT ( 'NONE',  ( 0.000000000000000000, 20.00000000000000000, 0.000000000000000000 ) ) ;
#2691 = DIRECTION ( 'NONE',  ( 1.000000000000000000, -0.000000000000000000, 0.000000000000000000 ) ) ;
#2692 = CARTESIAN_POINT ( 'NONE',  ( 1.503946301828022580, 0.4000000000000000222, -0.5350523057326774801 ) ) ;
#2693 = CARTESIAN_POINT ( 'NONE',  ( -0.5988152959186748836, -0.000000000000000000, 0.5148755752695618471 ) ) ;
#2694 = CARTESIAN_POINT ( 'NONE',  ( 1.210196830143370095, 0.000000000000000000, 2.198795047959698046 ) ) ;
#2695 = CARTESIAN_POINT ( 'NONE',  ( -0.5876121774117509799, 0.000000000000000000, -0.6177389277038214388 ) ) ;
#2696 = CARTESIAN_POINT ( 'NONE',  ( -0.7767102390260162137, 0.000000000000000000, -1.913753373138245006 ) ) ;
#2697 = ORIENTED_EDGE ( 'NONE', *, *, #2175, .F. ) ;
#2698 = LINE ( 'NONE', #966, #1399 ) ;
#2699 = ADVANCED_FACE ( 'NONE', ( #841 ), #165, .T. ) ;
#2700 = CARTESIAN_POINT ( 'NONE',  ( 0.2709903243320438970, 0.4000000000000000222, 0.7519017437704242912 ) ) ;
#2701 = CARTESIAN_POINT ( 'NONE',  ( -0.9584595345767751295, 0.4000000000000000222, -1.799747567451671193 ) ) ;
#2702 = EDGE_LOOP ( 'NONE', ( #2480, #2496, #2245, #549 ) ) ;
#2703 = ORIENTED_EDGE ( 'NONE', *, *, #1424, .F. ) ;
#2704 = CARTESIAN_POINT ( 'NONE',  ( -1.229593722297066316, 0.4000000000000000222, -1.485238411582298301 ) ) ;
#2705 =( NAMED_UNIT ( * ) SI_UNIT ( $, .STERADIAN. ) SOLID_ANGLE_UNIT ( ) );
#2706 = ADVANCED_FACE ( 'NONE', ( #2098 ), #1766, .F. ) ;
#2707 = CARTESIAN_POINT ( 'NONE',  ( 0.01091882180168933514, 0.000000000000000000, 1.660914918797163464 ) ) ;
#2708 = CARTESIAN_POINT ( 'NONE',  ( 1.226475284797709620, 0.000000000000000000, 1.649271351526655494 ) ) ;
#2709 = CARTESIAN_POINT ( 'NONE',  ( 1.243982465311853858, 0.000000000000000000, 2.051838868718113051 ) ) ;
#2710 = CARTESIAN_POINT ( 'NONE',  ( -0.4157577449978062667, 0.4000000000000000222, -1.174761754412546599 ) ) ;
#2711 = CARTESIAN_POINT ( 'NONE',  ( -0.6100216951619940042, 0.000000000000000000, 0.7439293984354806710 ) ) ;
#2712 = VECTOR ( 'NONE', #1662, 1000.000000000000000 ) ;
#2713 = ORIENTED_EDGE ( 'NONE', *, *, #991, .F. ) ;
#2714 = CARTESIAN_POINT ( 'NONE',  ( 0.2437282101191256267, 0.000000000000000000, 1.708732700578398989 ) ) ;
#2715 = DIRECTION ( 'NONE',  ( 0.000000000000000000, -1.000000000000000000, 0.000000000000000000 ) ) ;
#2716 = CARTESIAN_POINT ( 'NONE',  ( 1.241670248817535738, 0.000000000000000000, 2.097664290221880279 ) ) ;
#2717 = CARTESIAN_POINT ( 'NONE',  ( 1.350378927346777447, 0.000000000000000000, -1.281096199951931247 ) ) ;
#2718 = LINE ( 'NONE', #840, #1865 ) ;
#2719 = CARTESIAN_POINT ( 'NONE',  ( 1.021265402008882051, 0.000000000000000000, 1.597266415211350044 ) ) ;
#2720 = CARTESIAN_POINT ( 'NONE',  ( 0.07810139458267149892, 0.4000000000000000222, -1.358968643712202162 ) ) ;
#2721 = CARTESIAN_POINT ( 'NONE',  ( -2.565151067676131547, 20.00000000000000000, 1.649999999999999911 ) ) ;
#2722 = CARTESIAN_POINT ( 'NONE',  ( 1.241670248817535738, 0.4000000000000000222, 2.097664290221880279 ) ) ;
#2723 = CARTESIAN_POINT ( 'NONE',  ( 0.2548615599445179791, 0.000000000000000000, 0.02431796469564453250 ) ) ;
#2724 = CARTESIAN_POINT ( 'NONE',  ( -0.5708391890055269924, 0.4000000000000000222, -0.7413035738708250166 ) ) ;
#2725 = CARTESIAN_POINT ( 'NONE',  ( 1.079116012138136904, 0.000000000000000000, 1.578962631214081647 ) ) ;
#2726 = CARTESIAN_POINT ( 'NONE',  ( 1.135984988793994788, 0.4000000000000000222, 0.4838349434459537912 ) ) ;
#2727 = CARTESIAN_POINT ( 'NONE',  ( 0.6079782922283495372, 5.421010862427522170E-17, -0.6240491281147878544 ) ) ;
#2728 = CARTESIAN_POINT ( 'NONE',  ( 1.350378927346777447, 0.4000000000000000222, -1.281096199951931247 ) ) ;
#2729 = ORIENTED_EDGE ( 'NONE', *, *, #380, .F. ) ;
#2730 = CARTESIAN_POINT ( 'NONE',  ( 1.247955441942401933, 0.000000000000000000, 1.935859470741420729 ) ) ;
#2731 = CARTESIAN_POINT ( 'NONE',  ( -0.5694163237399990640, 0.4000000000000000222, 0.9711764745203871341 ) ) ;
#2732 = AXIS2_PLACEMENT_3D ( 'NONE', #2604, #881, #1334 ) ;
#2733 = CARTESIAN_POINT ( 'NONE',  ( 0.5733498228725788515, 0.4000000000000000222, -0.9141805316441796725 ) ) ;
#2734 = FACE_OUTER_BOUND ( 'NONE', #2374, .T. ) ;
#2735 = EDGE_CURVE ( 'NONE', #1532, #142, #1188, .T. ) ;
#2736 = CARTESIAN_POINT ( 'NONE',  ( 0.5818557828519007602, 0.000000000000000000, -0.3392671702461257932 ) ) ;
#2737 = CARTESIAN_POINT ( 'NONE',  ( -0.3190266907691747256, 0.000000000000000000, -1.272333228690089246 ) ) ;
#2738 = CARTESIAN_POINT ( 'NONE',  ( 1.481478336062664880, 0.4000000000000000222, -0.8508811246071331658 ) ) ;
#2739 = CARTESIAN_POINT ( 'NONE',  ( 1.436080664225350967, 0.4000000000000000222, -0.005232628780451329016 ) ) ;
#2740 = CARTESIAN_POINT ( 'NONE',  ( -0.4926273976488560469, 0.4000000000000000222, -1.035842335792178881 ) ) ;
#2741 = DIRECTION ( 'NONE',  ( 0.000000000000000000, -1.000000000000000000, -0.000000000000000000 ) ) ;
#2742 = VERTEX_POINT ( 'NONE', #2082 ) ;
#2743 = CARTESIAN_POINT ( 'NONE',  ( 1.003303489287530104, 0.000000000000000000, -1.727416337823281411 ) ) ;
#2744 = CARTESIAN_POINT ( 'NONE',  ( 1.114538375886968691, 0.000000000000000000, 1.575416304213618002 ) ) ;
#2745 = CARTESIAN_POINT ( 'NONE',  ( -0.01768698915133480945, 0.4000000000000000222, -1.359087019010951192 ) ) ;
#2746 = CARTESIAN_POINT ( 'NONE',  ( 1.287587279310891564, 0.000000000000000000, 0.3159249181412370211 ) ) ;
#2747 = ADVANCED_FACE ( 'NONE', ( #1465, #2320 ), #786, .F. ) ;
#2748 = DIRECTION ( 'NONE',  ( 0.000000000000000000, -1.000000000000000000, 0.000000000000000000 ) ) ;
#2749 = CARTESIAN_POINT ( 'NONE',  ( 0.7673014850672964515, 0.4000000000000000222, 1.671875180088952195 ) ) ;
#2750 = CIRCLE ( 'NONE', #1325, 4.049999999999998046 ) ;
#2751 = CARTESIAN_POINT ( 'NONE',  ( 1.500777939277243567, 0.000000000000000000, -0.6948893711303837373 ) ) ;
#2752 = CARTESIAN_POINT ( 'NONE',  ( 0.5719598162604015990, 0.4000000000000000222, 0.7313602869893901515 ) ) ;
#2753 = CARTESIAN_POINT ( 'NONE',  ( -0.5369248257273104841, 0.000000000000000000, -0.1228937636899803398 ) ) ;
#2754 = FACE_OUTER_BOUND ( 'NONE', #410, .T. ) ;
#2755 = EDGE_LOOP ( 'NONE', ( #2428, #1582, #2491, #1198 ) ) ;
#2756 = CARTESIAN_POINT ( 'NONE',  ( 0.05199814341426693687, 0.4000000000000000777, 0.04792687908496692795 ) ) ;
#2757 = CARTESIAN_POINT ( 'NONE',  ( 0.2437282101191256267, 0.4000000000000000222, 1.708732700578398989 ) ) ;
#2758 = CARTESIAN_POINT ( 'NONE',  ( -0.3185349434064781438, 0.4000000000000000222, -2.048587636692797087 ) ) ;
#2759 = CARTESIAN_POINT ( 'NONE',  ( 1.466877308994473772, 0.4000000000000000222, -0.1280322677575854717 ) ) ;
#2760 = LINE ( 'NONE', #416, #2288 ) ;
#2761 = CARTESIAN_POINT ( 'NONE',  ( 0.02195696254165246941, 0.4000000000000000222, 0.04717457816241941992 ) ) ;
ENDSEC;
END-ISO-10303-21;
