ISO-10303-21;
HEADER;
FILE_DESCRIPTION (( 'STEP AP214' ),
    '1' );
FILE_NAME ('JK-RTF-02-08-01 Knob_1.STEP',
    '2026-08-29T19:01:22',
    ( '' ),
    ( '' ),
    'SwSTEP 2.0',
    'SolidWorks 2025',
    '' );
FILE_SCHEMA (( 'AUTOMOTIVE_DESIGN' ));
ENDSEC;

DATA;
#1 = CARTESIAN_POINT ( 'NONE',  ( -0.9939645106496370897, 0.4000000000000000222, 1.071890318627450656 ) ) ;
#2 = ORIENTED_EDGE ( 'NONE', *, *, #93, .F. ) ;
#3 = CARTESIAN_POINT ( 'NONE',  ( 0.6079782922283495372, 0.4000000000000000222, -1.296025135314542664 ) ) ;
#4 = CARTESIAN_POINT ( 'NONE',  ( -1.247303600510941246, 0.4000000000000000222, -1.683026325934069201 ) ) ;
#5 = EDGE_CURVE ( 'NONE', #1290, #1262, #803, .T. ) ;
#6 = CARTESIAN_POINT ( 'NONE',  ( 0.1749874402712375543, 0.4000000000000000222, 2.352122395716062631 ) ) ;
#7 = CARTESIAN_POINT ( 'NONE',  ( -1.191525203778907471, 0.4000000000000000222, -1.958680581649898889 ) ) ;
#8 = ORIENTED_EDGE ( 'NONE', *, *, #1965, .T. ) ;
#9 = ADVANCED_FACE ( 'NONE', ( #323 ), #48, .F. ) ;
#10 = CARTESIAN_POINT ( 'NONE',  ( -1.245945240561503464, 0.4000000000000000222, 1.481671813099323609 ) ) ;
#11 = CARTESIAN_POINT ( 'NONE',  ( -1.247955441942401711, 0.4000000000000000222, -1.653012389139412175 ) ) ;
#12 = CARTESIAN_POINT ( 'NONE',  ( 1.383622281854527625, 0.000000000000000000, -1.959101707617327159 ) ) ;
#13 = CARTESIAN_POINT ( 'NONE',  ( 0.03968667099101923224, 0.4000000000000000222, 2.349651098486976952 ) ) ;
#14 = CARTESIAN_POINT ( 'NONE',  ( -0.2879897173713233394, 0.4000000000000000222, -1.296025135314542664 ) ) ;
#15 = ORIENTED_EDGE ( 'NONE', *, *, #1639, .T. ) ;
#16 = CARTESIAN_POINT ( 'NONE',  ( -1.245945240561503464, 0.000000000000000000, 1.481671813099323609 ) ) ;
#17 = VECTOR ( 'NONE', #1099, 1000.000000000000227 ) ;
#18 = VERTEX_POINT ( 'NONE', #619 ) ;
#19 = EDGE_CURVE ( 'NONE', #357, #330, #1226, .T. ) ;
#20 = AXIS2_PLACEMENT_3D ( 'NONE', #1191, #895, #1982 ) ;
#21 = CARTESIAN_POINT ( 'NONE',  ( 1.431271471070305390, 0.000000000000000000, -1.813705894597389845 ) ) ;
#22 = CARTESIAN_POINT ( 'NONE',  ( -1.228440349777396579, 0.4000000000000000222, -1.875430660757366086 ) ) ;
#23 = CARTESIAN_POINT ( 'NONE',  ( 0.1173028005275161822, 0.000000000000000000, 2.352623049352057016 ) ) ;
#24 = DIRECTION ( 'NONE',  ( 0.000000000000000000, 0.000000000000000000, 1.000000000000000000 ) ) ;
#25 = ORIENTED_EDGE ( 'NONE', *, *, #433, .T. ) ;
#26 = EDGE_CURVE ( 'NONE', #832, #425, #1573, .T. ) ;
#27 = CARTESIAN_POINT ( 'NONE',  ( 1.303953442542381325, 0.000000000000000000, -2.000000000000000000 ) ) ;
#28 = EDGE_LOOP ( 'NONE', ( #265, #569, #1758, #1073 ) ) ;
#29 = LINE ( 'NONE', #612, #1173 ) ;
#30 = CARTESIAN_POINT ( 'NONE',  ( -0.9939645106496370897, 0.000000000000000000, 1.071890318627450656 ) ) ;
#31 = CARTESIAN_POINT ( 'NONE',  ( -1.245930838078705305, 0.4000000000000000222, 1.243521995094935884 ) ) ;
#32 = DIRECTION ( 'NONE',  ( 0.000000000000000000, 0.000000000000000000, 1.000000000000000000 ) ) ;
#33 = ORIENTED_EDGE ( 'NONE', *, *, #1657, .T. ) ;
#34 = LINE ( 'NONE', #650, #732 ) ;
#35 = ORIENTED_EDGE ( 'NONE', *, *, #1074, .T. ) ;
#36 = EDGE_CURVE ( 'NONE', #402, #304, #215, .T. ) ;
#37 = CARTESIAN_POINT ( 'NONE',  ( 0.000000000000000000, 0.9999999999999974465, 0.000000000000000000 ) ) ;
#38 = ORIENTED_EDGE ( 'NONE', *, *, #1363, .F. ) ;
#39 = DIRECTION ( 'NONE',  ( 0.000000000000000000, 0.000000000000000000, 1.000000000000000000 ) ) ;
#40 = CARTESIAN_POINT ( 'NONE',  ( -1.241056946738474220, 0.000000000000000000, 1.154646881944770387 ) ) ;
#41 = CARTESIAN_POINT ( 'NONE',  ( 0.000000000000000000, 20.00000000000000000, 1.649999999999999911 ) ) ;
#42 = CARTESIAN_POINT ( 'NONE',  ( -1.115960154813878447, 0.000000000000000000, -2.000000000000000000 ) ) ;
#43 = ORIENTED_EDGE ( 'NONE', *, *, #1714, .T. ) ;
#44 = CARTESIAN_POINT ( 'NONE',  ( -1.164016875979065224, 0.4000000000000000222, 1.022727864467815273 ) ) ;
#45 = ADVANCED_FACE ( 'NONE', ( #1433 ), #1913, .T. ) ;
#46 = ORIENTED_EDGE ( 'NONE', *, *, #1307, .T. ) ;
#47 = CARTESIAN_POINT ( 'NONE',  ( 0.2069926093606388184, 0.000000000000000000, 2.351844618055555447 ) ) ;
#48 = CONICAL_SURFACE ( 'NONE', #1266, 4.349999999999999645, 0.7853981633974361776 ) ;
#49 = CARTESIAN_POINT ( 'NONE',  ( -1.194485579654366969, 0.000000000000000000, -1.341252685089074470 ) ) ;
#50 = VECTOR ( 'NONE', #1543, 1000.000000000000000 ) ;
#51 = CARTESIAN_POINT ( 'NONE',  ( 1.336487341028419040, 0.000000000000000000, -1.299098295520539459 ) ) ;
#52 = CARTESIAN_POINT ( 'NONE',  ( 1.439948586856617752, 0.000000000000000000, -1.653012389139412397 ) ) ;
#53 = EDGE_CURVE ( 'NONE', #1626, #1379, #1454, .T. ) ;
#54 = CIRCLE ( 'NONE', #923, 3.850000000000000977 ) ;
#55 = CARTESIAN_POINT ( 'NONE',  ( -1.143493064026161354, 0.000000000000000000, -1.299098496375922007 ) ) ;
#56 = FACE_OUTER_BOUND ( 'NONE', #1282, .T. ) ;
#57 = ORIENTED_EDGE ( 'NONE', *, *, #1676, .T. ) ;
#58 = CARTESIAN_POINT ( 'NONE',  ( -1.017440506791301713, 0.4000000000000000222, 1.061445685289198471 ) ) ;
#59 = CARTESIAN_POINT ( 'NONE',  ( -0.1649094595555035681, 0.4000000000000000222, 2.321521016533844683 ) ) ;
#60 = VERTEX_POINT ( 'NONE', #513 ) ;
#61 = PLANE ( 'NONE',  #762 ) ;
#62 = DIRECTION ( 'NONE',  ( -0.000000000000000000, -1.000000000000000000, -0.000000000000000000 ) ) ;
#63 = LINE ( 'NONE', #386, #1271 ) ;
#64 = LINE ( 'NONE', #539, #1370 ) ;
#65 = CARTESIAN_POINT ( 'NONE',  ( -1.113960226221021976, 0.000000000000000000, -1.296025135314542664 ) ) ;
#66 = CARTESIAN_POINT ( 'NONE',  ( 0.5342013113828417703, 0.000000000000000000, 2.331725802865157071 ) ) ;
#67 = ORIENTED_EDGE ( 'NONE', *, *, #36, .T. ) ;
#68 = CARTESIAN_POINT ( 'NONE',  ( -1.247955441942401711, 0.4000000000000000222, 1.349880393034492032 ) ) ;
#69 = CARTESIAN_POINT ( 'NONE',  ( -0.1090920662642525379, 0.000000000000000000, 2.338056381919136228 ) ) ;
#70 = ORIENTED_EDGE ( 'NONE', *, *, #415, .T. ) ;
#71 = DIRECTION ( 'NONE',  ( 1.000000000000000000, 0.000000000000000000, -0.000000000000000000 ) ) ;
#72 = CARTESIAN_POINT ( 'NONE',  ( -1.190963524010397734, 0.4000000000000000222, 1.639477581552106100 ) ) ;
#73 = EDGE_CURVE ( 'NONE', #1106, #311, #864, .T. ) ;
#74 = CARTESIAN_POINT ( 'NONE',  ( -0.1392226488738425583, 0.4000000000000000222, 2.329492174564235629 ) ) ;
#75 = CARTESIAN_POINT ( 'NONE',  ( -1.115600787140471617, 0.4000000000000000222, 1.024261243022364543 ) ) ;
#76 = CARTESIAN_POINT ( 'NONE',  ( -1.113960226221021976, 0.000000000000000000, -1.296025135314542664 ) ) ;
#77 = CARTESIAN_POINT ( 'NONE',  ( 0.2069926093606388184, 0.4000000000000000222, 2.351844618055555447 ) ) ;
#78 = DIRECTION ( 'NONE',  ( -0.000000000000000000, -1.000000000000000000, -0.000000000000000000 ) ) ;
#79 = DIRECTION ( 'NONE',  ( 0.000000000000000000, -1.000000000000000000, -0.000000000000000000 ) ) ;
#80 = EDGE_LOOP ( 'NONE', ( #340, #113, #799 ) ) ;
#81 = DIRECTION ( 'NONE',  ( 0.000000000000000000, 0.000000000000000000, -1.000000000000000000 ) ) ;
#82 = CARTESIAN_POINT ( 'NONE',  ( -1.247653425370066627, 0.4000000000000000222, 1.374880401507527772 ) ) ;
#83 = B_SPLINE_CURVE_WITH_KNOTS ( 'NONE', 3,
 ( #1193, #137, #761, #413, #1058, #1330, #743, #574, #1351, #1834, #1984 ),
 .UNSPECIFIED., .F., .F.,
 ( 4, 1, 1, 1, 1, 1, 1, 1, 4 ),
 ( 0.000000000000000000, 0.1451387150339319421, 0.2548070928105535260, 0.3376810941349838169, 0.4110220030708902073, 0.4988601050949793003, 0.6171457489187798240, 0.7814973660904738217, 1.000000000000000000 ),
 .UNSPECIFIED. ) ;
#84 = CARTESIAN_POINT ( 'NONE',  ( 1.313801842410227794, 0.4000000000000000222, -1.999386808588778486 ) ) ;
#85 = EDGE_CURVE ( 'NONE', #1783, #1052, #1218, .T. ) ;
#86 = AXIS2_PLACEMENT_3D ( 'NONE', #245, #1012, #1923 ) ;
#87 = CARTESIAN_POINT ( 'NONE',  ( -1.211674260903818690, 0.000000000000000000, -1.923370628717683495 ) ) ;
#88 = CARTESIAN_POINT ( 'NONE',  ( 1.306953335431666030, 0.4000000000000000222, -1.296025135314542664 ) ) ;
#89 = VECTOR ( 'NONE', #1093, 1000.000000000000114 ) ;
#90 = LINE ( 'NONE', #971, #1460 ) ;
#91 = VERTEX_POINT ( 'NONE', #856 ) ;
#92 = CARTESIAN_POINT ( 'NONE',  ( 0.3163814563246558076, 0.000000000000000000, 2.351743661546677355 ) ) ;
#93 = EDGE_CURVE ( 'NONE', #1713, #1652, #1273, .T. ) ;
#94 = CARTESIAN_POINT ( 'NONE',  ( -1.214570877800384086, 0.000000000000000000, -1.378346331871961317 ) ) ;
#95 = CARTESIAN_POINT ( 'NONE',  ( 1.420527775447011809, 0.000000000000000000, -1.875466605955288246 ) ) ;
#96 = CARTESIAN_POINT ( 'NONE',  ( -1.247955441942401711, 0.000000000000000000, -1.653012389139412175 ) ) ;
#97 = CARTESIAN_POINT ( 'NONE',  ( 1.439573219848613972, 0.000000000000000000, -1.566161665059731645 ) ) ;
#98 = DIRECTION ( 'NONE',  ( 1.000000000000000000, 0.000000000000000000, 0.000000000000000000 ) ) ;
#99 = EDGE_CURVE ( 'NONE', #1337, #304, #556, .T. ) ;
#100 = DIRECTION ( 'NONE',  ( 0.000000000000000000, 0.000000000000000000, -1.000000000000000000 ) ) ;
#101 = ORIENTED_EDGE ( 'NONE', *, *, #1265, .F. ) ;
#102 = DIRECTION ( 'NONE',  ( 0.000000000000000000, 1.000000000000000000, -0.000000000000000000 ) ) ;
#103 = DIRECTION ( 'NONE',  ( -0.000000000000000000, -1.000000000000000000, -0.000000000000000000 ) ) ;
#104 = B_SPLINE_SURFACE_WITH_KNOTS ( 'NONE', 3, 1, ( 
 ( #1695, #486 ),
 ( #1684, #1228 ),
 ( #478, #1544 ),
 ( #1086, #180 ),
 ( #166, #1392 ),
 ( #655, #1256 ),
 ( #22, #638 ),
 ( #1248, #309 ),
 ( #1875, #1866 ),
 ( #4, #1537 ),
 ( #775, #1094 ) ),
 .UNSPECIFIED., .F., .F., .F.,
 ( 4, 1, 1, 1, 1, 1, 1, 1, 4 ),
 ( 2, 2 ),
 ( 0.000000000000000000, 0.06522939618511702786, 0.1351009759154859213, 0.2140224219184149457, 0.3118350904383251354, 0.4357679664553557042, 0.5899256090055892132, 0.7767075898654186572, 1.000000000000000000 ),
 ( 0.000000000000000000, 1.000000000000000000 ),
 .UNSPECIFIED. ) ;
#105 = ADVANCED_FACE ( 'NONE', ( #1123 ), #1749, .F. ) ;
#106 = DIRECTION ( 'NONE',  ( 0.000000000000000000, 0.000000000000000000, -1.000000000000000000 ) ) ;
#107 = FACE_OUTER_BOUND ( 'NONE', #713, .T. ) ;
#108 = ORIENTED_EDGE ( 'NONE', *, *, #916, .T. ) ;
#109 = CARTESIAN_POINT ( 'NONE',  ( 0.4100690559814312852, 0.4000000000000000222, 2.347873638594501156 ) ) ;
#110 = CARTESIAN_POINT ( 'NONE',  ( 0.2069926093606388184, 0.4000000000000000222, 2.351844618055555447 ) ) ;
#111 = SHAPE_DEFINITION_REPRESENTATION ( #313, #1403 ) ;
#112 = CARTESIAN_POINT ( 'NONE',  ( -1.143493064026161354, 0.4000000000000000222, -1.299098496375922007 ) ) ;
#113 = ORIENTED_EDGE ( 'NONE', *, *, #1699, .F. ) ;
#114 = EDGE_CURVE ( 'NONE', #1656, #1734, #1120, .T. ) ;
#115 = CARTESIAN_POINT ( 'NONE',  ( 6.184466335694133068E-16, 0.9999999999999974465, -5.049999999999999822 ) ) ;
#116 = CARTESIAN_POINT ( 'NONE',  ( 1.387502527575293243, 0.4000000000000000222, -1.341248584928382837 ) ) ;
#117 = FILL_AREA_STYLE_COLOUR ( '', #187 ) ;
#118 = CARTESIAN_POINT ( 'NONE',  ( 0.6072172424582088501, 0.4000000000000000222, 2.276119035241231714 ) ) ;
#119 = ORIENTED_EDGE ( 'NONE', *, *, #1748, .T. ) ;
#120 = CARTESIAN_POINT ( 'NONE',  ( 0.5947798896630431820, 0.000000000000000000, 2.300462138408003732 ) ) ;
#121 = CARTESIAN_POINT ( 'NONE',  ( 0.6079782922283495372, 0.4000000000000000222, 2.248848295523449892 ) ) ;
#122 = ADVANCED_FACE ( 'NONE', ( #258 ), #1987, .T. ) ;
#123 = CARTESIAN_POINT ( 'NONE',  ( 0.000000000000000000, 0.000000000000000000, 0.000000000000000000 ) ) ;
#124 = AXIS2_PLACEMENT_3D ( 'NONE', #682, #1745, #1767 ) ;
#125 = UNCERTAINTY_MEASURE_WITH_UNIT (LENGTH_MEASURE( 1.000000000000000082E-05 ), #200, 'distance_accuracy_value', 'NONE');
#126 = CARTESIAN_POINT ( 'NONE',  ( -1.017440506791301713, 0.000000000000000000, 1.061445685289198471 ) ) ;
#127 = VECTOR ( 'NONE', #298, 1000.000000000000000 ) ;
#128 = ORIENTED_EDGE ( 'NONE', *, *, #205, .T. ) ;
#129 = VECTOR ( 'NONE', #1859, 1000.000000000000000 ) ;
#130 = LINE ( 'NONE', #115, #1954 ) ;
#131 = CARTESIAN_POINT ( 'NONE',  ( -1.246106499911462384, 0.4000000000000000222, -1.738146635867557466 ) ) ;
#132 = CARTESIAN_POINT ( 'NONE',  ( 1.439815919629455099, 0.4000000000000000222, -1.622316444916723110 ) ) ;
#133 = CARTESIAN_POINT ( 'NONE',  ( 1.439876698963563184, 0.000000000000000000, -1.683045127942228048 ) ) ;
#134 = ORIENTED_EDGE ( 'NONE', *, *, #719, .T. ) ;
#135 = CARTESIAN_POINT ( 'NONE',  ( -0.2879897173713233394, 0.4000000000000000222, -1.296025135314542664 ) ) ;
#136 = LINE ( 'NONE', #121, #1362 ) ;
#137 = CARTESIAN_POINT ( 'NONE',  ( -1.017440506791301713, -0.000000000000000000, 1.061445685289198471 ) ) ;
#138 = EDGE_LOOP ( 'NONE', ( #38, #836, #641, #610 ) ) ;
#139 = DIRECTION ( 'NONE',  ( 0.000000000000000000, 0.000000000000000000, 1.000000000000000000 ) ) ;
#140 = CARTESIAN_POINT ( 'NONE',  ( -1.240636396606087377, 0.4000000000000000222, 1.532510166338658664 ) ) ;
#141 =( NAMED_UNIT ( * ) PLANE_ANGLE_UNIT ( ) SI_UNIT ( $, .RADIAN. ) );
#142 = CARTESIAN_POINT ( 'NONE',  ( 1.313801842410227794, 0.4000000000000000222, -1.999386808588778486 ) ) ;
#143 = EDGE_LOOP ( 'NONE', ( #1801, #1718, #1778, #440 ) ) ;
#144 = APPLICATION_CONTEXT ( 'automotive_design' ) ;
#145 = CARTESIAN_POINT ( 'NONE',  ( 0.5721230934191442463, 0.4000000000000000222, 2.320729808527303373 ) ) ;
#146 = CARTESIAN_POINT ( 'NONE',  ( 1.364369455762918237, 0.4000000000000000222, -1.314540951507824795 ) ) ;
#147 = CARTESIAN_POINT ( 'NONE',  ( -1.247955441942401711, 0.000000000000000000, 1.349880393034492032 ) ) ;
#148 = B_SPLINE_CURVE_WITH_KNOTS ( 'NONE', 3,
 ( #419, #1662, #579, #590, #1509, #1018, #1499, #1354, #1345, #132, #1207 ),
 .UNSPECIFIED., .F., .F.,
 ( 4, 1, 1, 1, 1, 1, 1, 1, 4 ),
 ( 0.000000000000000000, 0.07093367111402687497, 0.1421126467219813172, 0.2239961462819389237, 0.3232634932300506025, 0.4452223862126236109, 0.5942209251601585640, 0.7781885730878279617, 1.000000000000000000 ),
 .UNSPECIFIED. ) ;
#149 = VERTEX_POINT ( 'NONE', #1780 ) ;
#150 = EDGE_CURVE ( 'NONE', #198, #940, #1334, .T. ) ;
#151 = CARTESIAN_POINT ( 'NONE',  ( -1.161196376581145495, 0.000000000000000000, 1.665121532856354891 ) ) ;
#152 = CARTESIAN_POINT ( 'NONE',  ( 0.4100690559814312852, 0.4000000000000000222, 2.347873638594501156 ) ) ;
#153 = ORIENTED_EDGE ( 'NONE', *, *, #1836, .T. ) ;
#154 = CARTESIAN_POINT ( 'NONE',  ( 1.420527775447011809, 0.000000000000000000, -1.875466605955288246 ) ) ;
#155 = CARTESIAN_POINT ( 'NONE',  ( 1.336487341028419040, 0.000000000000000000, -1.299098295520539459 ) ) ;
#156 = CARTESIAN_POINT ( 'NONE',  ( -1.171381330558701084, 0.4000000000000000222, -1.314540094279099680 ) ) ;
#157 = VECTOR ( 'NONE', #327, 1000.000000000000000 ) ;
#158 = EDGE_LOOP ( 'NONE', ( #168, #1933, #15, #370, #705, #932, #1194, #1314, #57, #1041, #1669, #108, #1063, #1823, #1128 ) ) ;
#159 = CLOSED_SHELL ( 'NONE', ( #9, #701, #1627, #801, #938, #461, #1184, #105, #237, #169, #1003, #1221, #1841, #1476, #875, #1545, #1867, #1890, #1508, #534, #1911, #1410, #318, #388, #122, #448, #482, #681, #45, #672, #218 ) ) ;
#160 = B_SPLINE_CURVE_WITH_KNOTS ( 'NONE', 3,
 ( #1602, #1010, #1753, #1168, #529, #66, #689, #678, #210, #991, #232 ),
 .UNSPECIFIED., .F., .F.,
 ( 4, 1, 1, 1, 1, 1, 1, 1, 4 ),
 ( 0.000000000000000000, 0.2619946231375901435, 0.4664472536817086401, 0.6248467031110532810, 0.7402337526803483003, 0.8231283380195367760, 0.8828681786443063340, 0.9374782147758515816, 1.000000000000000000 ),
 .UNSPECIFIED. ) ;
#161 = AXIS2_PLACEMENT_3D ( 'NONE', #459, #1070, #1529 ) ;
#162 = B_SPLINE_SURFACE_WITH_KNOTS ( 'NONE', 3, 1, ( 
 ( #935, #1095 ),
 ( #336, #182 ),
 ( #1413, #1685 ),
 ( #310, #1377 ),
 ( #192, #956 ),
 ( #167, #469 ),
 ( #1842, #1394 ),
 ( #13, #769 ),
 ( #1696, #23 ),
 ( #6, #630 ),
 ( #201, #1868 ) ),
 .UNSPECIFIED., .F., .F., .F.,
 ( 4, 1, 1, 1, 1, 1, 1, 1, 4 ),
 ( 2, 2 ),
 ( 0.000000000000000000, 0.05777032151365822654, 0.1220908396959871633, 0.2000030215864105898, 0.2940630297019338757, 0.4151651073472477638, 0.5658116749317160243, 0.7590992884381000394, 1.000000000000000000 ),
 ( 0.000000000000000000, 1.000000000000000000 ),
 .UNSPECIFIED. ) ;
#163 = LINE ( 'NONE', #780, #1526 ) ;
#164 = EDGE_LOOP ( 'NONE', ( #489, #175, #383, #1151 ) ) ;
#165 = CARTESIAN_POINT ( 'NONE',  ( 1.439948586856617752, 0.4000000000000000222, -1.653012389139412397 ) ) ;
#166 = CARTESIAN_POINT ( 'NONE',  ( -1.191525203778907471, 0.4000000000000000222, -1.958680581649898889 ) ) ;
#167 = CARTESIAN_POINT ( 'NONE',  ( -0.07043328361661951864, 0.4000000000000000222, 2.343481309969263293 ) ) ;
#168 = ORIENTED_EDGE ( 'NONE', *, *, #888, .T. ) ;
#169 = ADVANCED_FACE ( 'NONE', ( #1016 ), #267, .F. ) ;
#170 = CARTESIAN_POINT ( 'NONE',  ( 1.306953335431666030, 0.4000000000000000222, -1.296025135314542664 ) ) ;
#171 = LINE ( 'NONE', #1839, #412 ) ;
#172 = CARTESIAN_POINT ( 'NONE',  ( 0.2069926093606388184, 0.4000000000000000222, 2.351844618055555447 ) ) ;
#173 = CARTESIAN_POINT ( 'NONE',  ( -1.143000862127236505, 0.000000000000000000, -1.997651168282686962 ) ) ;
#174 = DIRECTION ( 'NONE',  ( 0.000000000000000000, -1.000000000000000000, 0.000000000000000000 ) ) ;
#175 = ORIENTED_EDGE ( 'NONE', *, *, #5, .F. ) ;
#176 = EDGE_CURVE ( 'NONE', #357, #587, #715, .T. ) ;
#177 = CARTESIAN_POINT ( 'NONE',  ( -1.247653425370066627, 0.000000000000000000, 1.374880401507527772 ) ) ;
#178 = ORIENTED_EDGE ( 'NONE', *, *, #1149, .F. ) ;
#179 = CARTESIAN_POINT ( 'NONE',  ( 0.6079782922283495372, 0.4000000000000000222, -1.296025135314542664 ) ) ;
#180 = CARTESIAN_POINT ( 'NONE',  ( -1.169069324165282531, 0.000000000000000000, -1.983552129906265504 ) ) ;
#181 = EDGE_CURVE ( 'NONE', #1290, #1626, #1983, .T. ) ;
#182 = CARTESIAN_POINT ( 'NONE',  ( -0.1778637740217369756, 0.000000000000000000, 2.311559679448506266 ) ) ;
#183 = CARTESIAN_POINT ( 'NONE',  ( -1.143493064026161354, 0.000000000000000000, -1.299098496375922007 ) ) ;
#184 = EDGE_LOOP ( 'NONE', ( #1117, #532, #1217, #128 ) ) ;
#185 = VECTOR ( 'NONE', #299, 1000.000000000000000 ) ;
#186 = LINE ( 'NONE', #931, #1825 ) ;
#187 = COLOUR_RGB ( '',0.7921568627450980005, 0.8196078431372548767, 0.9333333333333333481 ) ;
#188 = VERTEX_POINT ( 'NONE', #382 ) ;
#189 = CIRCLE ( 'NONE', #1629, 5.049999999999999822 ) ;
#190 = CARTESIAN_POINT ( 'NONE',  ( 1.439744579525166657, 0.4000000000000000222, -1.738240911481489626 ) ) ;
#191 = CARTESIAN_POINT ( 'NONE',  ( -1.227168973227554138, 0.000000000000000000, 1.090535396977271976 ) ) ;
#192 = CARTESIAN_POINT ( 'NONE',  ( -0.1090920662642525379, 0.4000000000000000222, 2.338056381919136228 ) ) ;
#193 = CARTESIAN_POINT ( 'NONE',  ( -1.247955441942401711, 0.4000000000000000222, -1.653012389139412175 ) ) ;
#194 = ORIENTED_EDGE ( 'NONE', *, *, #1899, .T. ) ;
#195 = CARTESIAN_POINT ( 'NONE',  ( 1.439948586856617752, 0.000000000000000000, -1.653012389139412397 ) ) ;
#196 = ORIENTED_EDGE ( 'NONE', *, *, #1265, .T. ) ;
#197 = DIRECTION ( 'NONE',  ( 0.000000000000000000, 0.000000000000000000, 1.000000000000000000 ) ) ;
#198 = VERTEX_POINT ( 'NONE', #1472 ) ;
#199 = DIRECTION ( 'NONE',  ( 0.8365313087106446277, 0.000000000000000000, 0.5479191268306448093 ) ) ;
#200 =( LENGTH_UNIT ( ) NAMED_UNIT ( * ) SI_UNIT ( .MILLI., .METRE. ) );
#201 = CARTESIAN_POINT ( 'NONE',  ( 0.2069926093606388184, 0.4000000000000000222, 2.351844618055555447 ) ) ;
#202 = CARTESIAN_POINT ( 'NONE',  ( -1.242082903947122174, 0.4000000000000000222, -1.489472136240786559 ) ) ;
#203 = ORIENTED_EDGE ( 'NONE', *, *, #1060, .F. ) ;
#204 = ORIENTED_EDGE ( 'NONE', *, *, #466, .T. ) ;
#205 = EDGE_CURVE ( 'NONE', #1523, #1139, #1451, .T. ) ;
#206 = CARTESIAN_POINT ( 'NONE',  ( 1.439948586856617752, 0.4000000000000000222, -1.653012389139412397 ) ) ;
#207 = CARTESIAN_POINT ( 'NONE',  ( 1.439948586856617752, 0.000000000000000000, -1.653012389139412397 ) ) ;
#208 = CARTESIAN_POINT ( 'NONE',  ( -1.124764855728540569, -0.000000000000000000, -1.999235198971307970 ) ) ;
#209 = CARTESIAN_POINT ( 'NONE',  ( -1.247653425370066627, 0.4000000000000000222, 1.374880401507527772 ) ) ;
#210 = CARTESIAN_POINT ( 'NONE',  ( 0.6072172424582088501, 0.000000000000000000, 2.276119035241231714 ) ) ;
#211 = ORIENTED_EDGE ( 'NONE', *, *, #745, .F. ) ;
#212 = CARTESIAN_POINT ( 'NONE',  ( -1.245930838078705305, 0.4000000000000000222, 1.243521995094935884 ) ) ;
#213 = CARTESIAN_POINT ( 'NONE',  ( -0.1839934305427899097, 0.4000000000000000222, 2.306846224716284866 ) ) ;
#214 = VERTEX_POINT ( 'NONE', #521 ) ;
#215 = B_SPLINE_CURVE_WITH_KNOTS ( 'NONE', 3,
 ( #1617, #1133, #1892, #248, #385, #1294, #674, #228, #845, #996, #826 ),
 .UNSPECIFIED., .F., .F.,
 ( 4, 1, 1, 1, 1, 1, 1, 1, 4 ),
 ( 0.000000000000000000, 0.1953917962139281594, 0.3517781494829242406, 0.4829622150161109739, 0.5935440658976531836, 0.6937939757302394872, 0.7828984254103387164, 0.8806811103320599798, 0.9999999999999998890 ),
 .UNSPECIFIED. ) ;
#216 = AXIS2_PLACEMENT_3D ( 'NONE', #1584, #62, #1903 ) ;
#217 = CARTESIAN_POINT ( 'NONE',  ( 0.6079782922283495372, 0.4000000000000000222, 2.248848295523449892 ) ) ;
#218 = ADVANCED_FACE ( 'NONE', ( #225 ), #392, .T. ) ;
#219 = VECTOR ( 'NONE', #716, 1000.000000000000000 ) ;
#220 = DIRECTION ( 'NONE',  ( 1.000000000000000000, 0.000000000000000000, 0.000000000000000000 ) ) ;
#221 = CARTESIAN_POINT ( 'NONE',  ( -1.123793170649313611, 0.4000000000000000222, -1.297048409431442950 ) ) ;
#222 = CARTESIAN_POINT ( 'NONE',  ( 1.439948586856617530, 0.4000000000000000222, -1.653012389139412175 ) ) ;
#223 = ORIENTED_EDGE ( 'NONE', *, *, #1157, .F. ) ;
#224 = CARTESIAN_POINT ( 'NONE',  ( -1.164016875979065224, 0.000000000000000000, 1.022727864467815273 ) ) ;
#225 = FACE_OUTER_BOUND ( 'NONE', #510, .T. ) ;
#226 = ORIENTED_EDGE ( 'NONE', *, *, #1646, .F. ) ;
#227 = CARTESIAN_POINT ( 'NONE',  ( -1.115960154813878447, 0.000000000000000000, -2.000000000000000000 ) ) ;
#228 = CARTESIAN_POINT ( 'NONE',  ( -1.190963524010397734, 0.000000000000000000, 1.639477581552106100 ) ) ;
#229 = CARTESIAN_POINT ( 'NONE',  ( 1.333129744089488478, 0.4000000000000000222, -1.998183394484386310 ) ) ;
#230 = LINE ( 'NONE', #1297, #441 ) ;
#231 = CARTESIAN_POINT ( 'NONE',  ( 0.2069926093606387907, 0.000000000000000000, 2.351844618055555003 ) ) ;
#232 = CARTESIAN_POINT ( 'NONE',  ( 0.6079782922283495372, 0.000000000000000000, 2.248848295523449892 ) ) ;
#233 = DIRECTION ( 'NONE',  ( -0.000000000000000000, -1.000000000000000000, -0.000000000000000000 ) ) ;
#234 = CARTESIAN_POINT ( 'NONE',  ( 0.000000000000000000, 0.000000000000000000, 0.000000000000000000 ) ) ;
#235 = B_SPLINE_SURFACE_WITH_KNOTS ( 'NONE', 3, 1, ( 
 ( #618, #314 ),
 ( #1232, #177 ),
 ( #772, #475 ),
 ( #10, #16 ),
 ( #1389, #925 ),
 ( #457, #1989 ),
 ( #1525, #792 ),
 ( #483, #1853 ),
 ( #635, #609 ),
 ( #939, #1845 ),
 ( #1680, #1863 ) ),
 .UNSPECIFIED., .F., .F., .F.,
 ( 4, 1, 1, 1, 1, 1, 1, 1, 4 ),
 ( 2, 2 ),
 ( 0.000000000000000000, 0.1953917962139281594, 0.3517781494829242406, 0.4829622150161109739, 0.5935440658976531836, 0.6937939757302394872, 0.7828984254103387164, 0.8806811103320599798, 0.9999999999999998890 ),
 ( 0.000000000000000000, 1.000000000000000000 ),
 .UNSPECIFIED. ) ;
#236 = EDGE_LOOP ( 'NONE', ( #1209, #1243, #414, #1813 ) ) ;
#237 = ADVANCED_FACE ( 'NONE', ( #552 ), #704, .T. ) ;
#238 = CARTESIAN_POINT ( 'NONE',  ( -0.2879897173713233394, 0.4000000000000000222, 1.455876608455881627 ) ) ;
#239 = CARTESIAN_POINT ( 'NONE',  ( -1.246849977318279068, 0.4000000000000000222, -1.566281259687044125 ) ) ;
#240 = CARTESIAN_POINT ( 'NONE',  ( -0.1839934305427899097, 0.000000000000000000, 2.306846224716284866 ) ) ;
#241 = CARTESIAN_POINT ( 'NONE',  ( 0.000000000000000000, 23.00000000000000000, 0.000000000000000000 ) ) ;
#242 = CARTESIAN_POINT ( 'NONE',  ( -1.240636396606087377, 0.4000000000000000222, 1.532510166338658664 ) ) ;
#243 = CARTESIAN_POINT ( 'NONE',  ( 1.364369455762918237, 0.000000000000000000, -1.314540951507824795 ) ) ;
#244 = EDGE_CURVE ( 'NONE', #1656, #1179, #1459, .T. ) ;
#245 = CARTESIAN_POINT ( 'NONE',  ( -0.2879897173713233394, 0.4000000000000000222, 1.455876608455881627 ) ) ;
#246 = ORIENTED_EDGE ( 'NONE', *, *, #1450, .T. ) ;
#247 = CARTESIAN_POINT ( 'NONE',  ( 1.313801842410227794, -0.000000000000000000, -1.999386808588778486 ) ) ;
#248 = CARTESIAN_POINT ( 'NONE',  ( -1.245945240561503464, 0.000000000000000000, 1.481671813099323609 ) ) ;
#249 = CARTESIAN_POINT ( 'NONE',  ( -1.169069324165282531, 0.000000000000000000, -1.983552129906265504 ) ) ;
#250 = VECTOR ( 'NONE', #1647, 1000.000000000000000 ) ;
#251 = CARTESIAN_POINT ( 'NONE',  ( 0.3163814563246558076, 0.4000000000000000222, 2.351743661546677355 ) ) ;
#252 = CARTESIAN_POINT ( 'NONE',  ( 0.6072172424582088501, 0.4000000000000000222, 2.276119035241231714 ) ) ;
#253 = VECTOR ( 'NONE', #1335, 1000.000000000000000 ) ;
#254 = MECHANICAL_DESIGN_GEOMETRIC_PRESENTATION_REPRESENTATION (  '', ( #1988 ), #1623 ) ;
#255 = CARTESIAN_POINT ( 'NONE',  ( 1.439815919629455099, 0.4000000000000000222, -1.622316444916723110 ) ) ;
#256 = ORIENTED_EDGE ( 'NONE', *, *, #398, .F. ) ;
#257 = CARTESIAN_POINT ( 'NONE',  ( -1.113960226221021976, 0.4000000000000000222, -1.296025135314542664 ) ) ;
#258 = FACE_OUTER_BOUND ( 'NONE', #1331, .T. ) ;
#259 = CARTESIAN_POINT ( 'NONE',  ( 1.303953442542381325, 0.000000000000000000, -2.000000000000000000 ) ) ;
#260 = CARTESIAN_POINT ( 'NONE',  ( 0.000000000000000000, 20.50000000000001066, 0.000000000000000000 ) ) ;
#261 = ORIENTED_EDGE ( 'NONE', *, *, #1385, .F. ) ;
#262 = FACE_OUTER_BOUND ( 'NONE', #184, .T. ) ;
#263 = CARTESIAN_POINT ( 'NONE',  ( 0.000000000000000000, 20.00000000000000000, 0.000000000000000000 ) ) ;
#264 = CARTESIAN_POINT ( 'NONE',  ( -1.247955441942401711, 0.4000000000000000222, -1.653012389139412175 ) ) ;
#265 = ORIENTED_EDGE ( 'NONE', *, *, #1397, .T. ) ;
#266 = CARTESIAN_POINT ( 'NONE',  ( -1.143493064026161354, 0.000000000000000000, -1.299098496375922007 ) ) ;
#267 = PLANE ( 'NONE',  #1524 ) ;
#268 = ADVANCED_FACE ( 'NONE', ( #692 ), #835, .F. ) ;
#269 = CARTESIAN_POINT ( 'NONE',  ( -1.125959797778160576, 0.4000000000000000222, 1.689868253820081989 ) ) ;
#270 = CARTESIAN_POINT ( 'NONE',  ( 1.316786668675624883, -0.000000000000000000, -1.297048342556738065 ) ) ;
#271 = ORIENTED_EDGE ( 'NONE', *, *, #1110, .F. ) ;
#272 = CARTESIAN_POINT ( 'NONE',  ( 0.5721230934191442463, 0.4000000000000000222, 2.320729808527303373 ) ) ;
#273 = CARTESIAN_POINT ( 'NONE',  ( 1.439948586856617530, 0.4000000000000000222, -1.653012389139412175 ) ) ;
#274 = DIRECTION ( 'NONE',  ( 0.000000000000000000, 0.000000000000000000, 1.000000000000000000 ) ) ;
#275 = CARTESIAN_POINT ( 'NONE',  ( -1.242082903947122174, 0.4000000000000000222, -1.489472136240786559 ) ) ;
#276 = VERTEX_POINT ( 'NONE', #1313 ) ;
#277 = CARTESIAN_POINT ( 'NONE',  ( -1.123793170649313611, -0.000000000000000000, -1.297048409431442950 ) ) ;
#278 = CARTESIAN_POINT ( 'NONE',  ( -1.143000862127236505, 0.4000000000000000222, -1.997651168282686962 ) ) ;
#279 = CARTESIAN_POINT ( 'NONE',  ( 1.439948586856617752, 0.4000000000000000222, -1.653012389139412397 ) ) ;
#280 = VERTEX_POINT ( 'NONE', #1777 ) ;
#281 = EDGE_CURVE ( 'NONE', #1806, #1483, #1688, .T. ) ;
#282 = CARTESIAN_POINT ( 'NONE',  ( 6.184466335694133068E-16, 23.00000000000000000, 5.049999999999999822 ) ) ;
#283 = CARTESIAN_POINT ( 'NONE',  ( 1.306953335431666030, 0.4000000000000000222, -1.296025135314542664 ) ) ;
#284 = CARTESIAN_POINT ( 'NONE',  ( 0.1173028005275161822, 0.000000000000000000, 2.352623049352057016 ) ) ;
#285 = VECTOR ( 'NONE', #1412, 1000.000000000000000 ) ;
#286 = ORIENTED_EDGE ( 'NONE', *, *, #381, .T. ) ;
#287 = CIRCLE ( 'NONE', #1756, 4.349999999999999645 ) ;
#288 = CARTESIAN_POINT ( 'NONE',  ( 1.383622281854527625, 0.4000000000000000222, -1.959101707617327159 ) ) ;
#289 = CARTESIAN_POINT ( 'NONE',  ( -1.161196376581145495, 0.4000000000000000222, 1.665121532856354891 ) ) ;
#290 = SURFACE_STYLE_FILL_AREA ( #1631 ) ;
#291 = CARTESIAN_POINT ( 'NONE',  ( 0.000000000000000000, 20.00000000000000000, 0.000000000000000000 ) ) ;
#292 = ORIENTED_EDGE ( 'NONE', *, *, #1699, .T. ) ;
#293 = CARTESIAN_POINT ( 'NONE',  ( -1.246106499911462384, 0.4000000000000000222, -1.738146635867557466 ) ) ;
#294 = CARTESIAN_POINT ( 'NONE',  ( 1.439948586856617530, 0.000000000000000000, -1.653012389139412175 ) ) ;
#295 = CARTESIAN_POINT ( 'NONE',  ( -1.241056946738474220, 0.000000000000000000, 1.154646881944770387 ) ) ;
#296 = ORIENTED_EDGE ( 'NONE', *, *, #1329, .T. ) ;
#297 = EDGE_CURVE ( 'NONE', #1183, #456, #695, .T. ) ;
#298 = DIRECTION ( 'NONE',  ( -0.000000000000000000, -1.000000000000000000, -0.000000000000000000 ) ) ;
#299 = DIRECTION ( 'NONE',  ( 0.000000000000000000, 0.000000000000000000, 1.000000000000000000 ) ) ;
#300 = ORIENTED_EDGE ( 'NONE', *, *, #794, .F. ) ;
#301 = CARTESIAN_POINT ( 'NONE',  ( 0.6079782922283495372, 0.4000000000000000222, 2.248848295523449892 ) ) ;
#302 = CARTESIAN_POINT ( 'NONE',  ( 1.316786668675624883, 0.000000000000000000, -1.297048342556738065 ) ) ;
#303 = CARTESIAN_POINT ( 'NONE',  ( -1.229908593205470968, 0.4000000000000000222, -1.427530804573784895 ) ) ;
#304 = VERTEX_POINT ( 'NONE', #1604 ) ;
#305 = EDGE_CURVE ( 'NONE', #1889, #1204, #1169, .T. ) ;
#306 = CARTESIAN_POINT ( 'NONE',  ( 0.6079782922283495372, 0.000000000000000000, -1.296025135314542664 ) ) ;
#307 = ORIENTED_EDGE ( 'NONE', *, *, #381, .F. ) ;
#308 = LINE ( 'NONE', #1255, #921 ) ;
#309 = CARTESIAN_POINT ( 'NONE',  ( -1.239612899765657916, 0.000000000000000000, -1.813779169520080004 ) ) ;
#310 = CARTESIAN_POINT ( 'NONE',  ( -0.1392226488738425583, 0.4000000000000000222, 2.329492174564235629 ) ) ;
#311 = VERTEX_POINT ( 'NONE', #1786 ) ;
#312 = AXIS2_PLACEMENT_3D ( 'NONE', #37, #371, #1880 ) ;
#313 = PRODUCT_DEFINITION_SHAPE ( 'NONE', 'NONE',  #868 ) ;
#314 = CARTESIAN_POINT ( 'NONE',  ( -1.247955441942401933, 0.000000000000000000, 1.349880393034492254 ) ) ;
#315 = EDGE_LOOP ( 'NONE', ( #1942, #1681, #504, #1855 ) ) ;
#316 = CARTESIAN_POINT ( 'NONE',  ( 1.439876698963563184, 0.000000000000000000, -1.683045127942228048 ) ) ;
#317 =( NAMED_UNIT ( * ) PLANE_ANGLE_UNIT ( ) SI_UNIT ( $, .RADIAN. ) );
#318 = ADVANCED_FACE ( 'NONE', ( #369 ), #401, .T. ) ;
#319 = CARTESIAN_POINT ( 'NONE',  ( 6.184466335694133068E-16, 20.00000000000000000, 5.049999999999999822 ) ) ;
#320 = DIRECTION ( 'NONE',  ( -0.000000000000000000, -1.000000000000000000, -0.000000000000000000 ) ) ;
#321 = ORIENTED_EDGE ( 'NONE', *, *, #1210, .T. ) ;
#322 = CARTESIAN_POINT ( 'NONE',  ( -1.113960226221021976, 0.4000000000000000222, -1.296025135314542664 ) ) ;
#323 = FACE_OUTER_BOUND ( 'NONE', #138, .T. ) ;
#324 = EDGE_CURVE ( 'NONE', #649, #421, #90, .T. ) ;
#325 = CARTESIAN_POINT ( 'NONE',  ( 1.303953442542381325, 0.4000000000000000222, -2.000000000000000000 ) ) ;
#326 = CARTESIAN_POINT ( 'NONE',  ( 0.6079782922283495372, 0.4000000000000000222, -1.296025135314542664 ) ) ;
#327 = DIRECTION ( 'NONE',  ( 1.000000000000000000, -0.000000000000000000, 0.000000000000000000 ) ) ;
#328 = CARTESIAN_POINT ( 'NONE',  ( -1.194485579654366969, 0.4000000000000000222, -1.341252685089074470 ) ) ;
#329 = PRODUCT ( 'JK-RTF-02-08-01 Knob_1', 'JK-RTF-02-08-01 Knob_1', '', ( #1481 ) ) ;
#330 = VERTEX_POINT ( 'NONE', #1624 ) ;
#331 = B_SPLINE_CURVE_WITH_KNOTS ( 'NONE', 3,
 ( #1355, #1651, #429, #152, #891, #1165, #717, #1051, #118, #1188, #1019 ),
 .UNSPECIFIED., .F., .F.,
 ( 4, 1, 1, 1, 1, 1, 1, 1, 4 ),
 ( 0.000000000000000000, 0.2619946231375901435, 0.4664472536817086401, 0.6248467031110532810, 0.7402337526803483003, 0.8231283380195367760, 0.8828681786443063340, 0.9374782147758515816, 1.000000000000000000 ),
 .UNSPECIFIED. ) ;
#332 = CARTESIAN_POINT ( 'NONE',  ( -1.245945240561503464, 0.000000000000000000, 1.481671813099323609 ) ) ;
#333 = EDGE_LOOP ( 'NONE', ( #1953, #43 ) ) ;
#334 = DIRECTION ( 'NONE',  ( 0.8365313087106446277, 0.000000000000000000, 0.5479191268306448093 ) ) ;
#335 = CARTESIAN_POINT ( 'NONE',  ( 2.565151067676131547, 1.999999999999998224, 1.649999999999999911 ) ) ;
#336 = CARTESIAN_POINT ( 'NONE',  ( -0.1778637740217369756, 0.4000000000000000222, 2.311559679448506266 ) ) ;
#337 = LINE ( 'NONE', #929, #344 ) ;
#338 = ORIENTED_EDGE ( 'NONE', *, *, #1816, .F. ) ;
#339 = AXIS2_PLACEMENT_3D ( 'NONE', #1743, #368, #1449 ) ;
#340 = ORIENTED_EDGE ( 'NONE', *, *, #1991, .F. ) ;
#341 = ADVANCED_FACE ( 'NONE', ( #1581 ), #1678, .F. ) ;
#342 = CARTESIAN_POINT ( 'NONE',  ( 0.000000000000000000, 23.00000000000000000, 0.000000000000000000 ) ) ;
#343 = ORIENTED_EDGE ( 'NONE', *, *, #1976, .T. ) ;
#344 = VECTOR ( 'NONE', #174, 1000.000000000000000 ) ;
#345 = DIRECTION ( 'NONE',  ( 0.000000000000000000, -1.000000000000000000, 0.000000000000000000 ) ) ;
#346 = CARTESIAN_POINT ( 'NONE',  ( -0.2879897173713233394, 0.000000000000000000, -1.296025135314542664 ) ) ;
#347 = CARTESIAN_POINT ( 'NONE',  ( -1.214570877800384086, 0.4000000000000000222, -1.378346331871961317 ) ) ;
#348 = ORIENTED_EDGE ( 'NONE', *, *, #1420, .F. ) ;
#349 = EDGE_CURVE ( 'NONE', #740, #1864, #1812, .T. ) ;
#350 = ORIENTED_EDGE ( 'NONE', *, *, #433, .F. ) ;
#351 = DIRECTION ( 'NONE',  ( -0.4778056398006961802, 0.000000000000000000, 0.8784655773419055569 ) ) ;
#352 = DIRECTION ( 'NONE',  ( -1.000000000000000000, 0.000000000000000000, 0.000000000000000000 ) ) ;
#353 = CARTESIAN_POINT ( 'NONE',  ( -0.1778637740217369756, 0.4000000000000000222, 2.311559679448506266 ) ) ;
#354 = CARTESIAN_POINT ( 'NONE',  ( -1.247955441942401711, 0.000000000000000000, 1.349880393034492032 ) ) ;
#355 = CARTESIAN_POINT ( 'NONE',  ( -1.113960226221021976, 0.4000000000000000222, -1.296025135314542664 ) ) ;
#356 = FACE_OUTER_BOUND ( 'NONE', #1108, .T. ) ;
#357 = VERTEX_POINT ( 'NONE', #1034 ) ;
#358 = CARTESIAN_POINT ( 'NONE',  ( -1.113960226221021976, 0.4000000000000000222, -1.296025135314542664 ) ) ;
#359 = ORIENTED_EDGE ( 'NONE', *, *, #114, .F. ) ;
#360 = EDGE_CURVE ( 'NONE', #1734, #1582, #614, .T. ) ;
#361 = DIRECTION ( 'NONE',  ( 0.000000000000000000, -1.000000000000000000, -0.000000000000000000 ) ) ;
#362 = CARTESIAN_POINT ( 'NONE',  ( -1.229908593205470968, 0.000000000000000000, -1.427530804573784895 ) ) ;
#363 = CARTESIAN_POINT ( 'NONE',  ( 1.431911749366390429, 0.000000000000000000, -1.489804249308158024 ) ) ;
#364 = CARTESIAN_POINT ( 'NONE',  ( 1.439876698963563184, -0.000000000000000000, -1.683045127942228048 ) ) ;
#365 = DIRECTION ( 'NONE',  ( 0.000000000000000000, -1.000000000000000000, 0.000000000000000000 ) ) ;
#366 = CARTESIAN_POINT ( 'NONE',  ( 1.407443487650167357, 0.4000000000000000222, -1.378367057269303420 ) ) ;
#367 = ORIENTED_EDGE ( 'NONE', *, *, #1639, .F. ) ;
#368 = DIRECTION ( 'NONE',  ( 0.000000000000000000, -1.000000000000000000, 0.000000000000000000 ) ) ;
#369 = FACE_OUTER_BOUND ( 'NONE', #143, .T. ) ;
#370 = ORIENTED_EDGE ( 'NONE', *, *, #1807, .T. ) ;
#371 = DIRECTION ( 'NONE',  ( -0.000000000000000000, 1.000000000000000000, -0.000000000000000000 ) ) ;
#372 = VECTOR ( 'NONE', #1849, 1000.000000000000000 ) ;
#373 = CARTESIAN_POINT ( 'NONE',  ( -1.214570877800384086, 0.4000000000000000222, -1.378346331871961317 ) ) ;
#374 = CIRCLE ( 'NONE', #1367, 3.850000000000000977 ) ;
#375 = CARTESIAN_POINT ( 'NONE',  ( -0.07043328361661951864, 0.000000000000000000, 2.343481309969263293 ) ) ;
#376 = CARTESIAN_POINT ( 'NONE',  ( -1.125959797778160576, 0.000000000000000000, 1.689868253820081989 ) ) ;
#377 = VECTOR ( 'NONE', #1456, 1000.000000000000000 ) ;
#378 = CARTESIAN_POINT ( 'NONE',  ( -1.247955441942401711, 0.000000000000000000, -1.653012389139412175 ) ) ;
#379 = CARTESIAN_POINT ( 'NONE',  ( -1.239612899765657916, 0.000000000000000000, -1.813779169520080004 ) ) ;
#380 = CARTESIAN_POINT ( 'NONE',  ( -1.247219803442398689, 0.4000000000000000222, 1.311235138164668523 ) ) ;
#381 = EDGE_CURVE ( 'NONE', #1452, #402, #83, .T. ) ;
#382 = CARTESIAN_POINT ( 'NONE',  ( 0.6079782922283495372, 0.000000000000000000, 2.248848295523449892 ) ) ;
#383 = ORIENTED_EDGE ( 'NONE', *, *, #466, .F. ) ;
#384 = DIRECTION ( 'NONE',  ( 0.000000000000000000, 0.000000000000000000, -1.000000000000000000 ) ) ;
#385 = CARTESIAN_POINT ( 'NONE',  ( -1.240636396606087377, 0.000000000000000000, 1.532510166338658664 ) ) ;
#386 = CARTESIAN_POINT ( 'NONE',  ( -1.113960226221021976, 0.000000000000000000, -1.296025135314542664 ) ) ;
#387 = CARTESIAN_POINT ( 'NONE',  ( 5.327213576290986242E-16, 23.00000000000000000, 4.349999999999999645 ) ) ;
#388 = ADVANCED_FACE ( 'NONE', ( #722 ), #877, .T. ) ;
#389 = CARTESIAN_POINT ( 'NONE',  ( -1.242082903947122174, 0.4000000000000000222, -1.489472136240786559 ) ) ;
#390 = CARTESIAN_POINT ( 'NONE',  ( 1.316786668675624883, 0.4000000000000000222, -1.297048342556738065 ) ) ;
#391 = CARTESIAN_POINT ( 'NONE',  ( -1.204048063310042771, 0.000000000000000000, 1.044740206273224503 ) ) ;
#392 = PLANE ( 'NONE',  #1015 ) ;
#393 = ORIENTED_EDGE ( 'NONE', *, *, #1570, .T. ) ;
#394 = CARTESIAN_POINT ( 'NONE',  ( 0.5721230934191442463, 0.000000000000000000, 2.320729808527303373 ) ) ;
#395 = CARTESIAN_POINT ( 'NONE',  ( -1.123793170649313611, -0.000000000000000000, -1.297048409431442950 ) ) ;
#396 = LINE ( 'NONE', #804, #285 ) ;
#397 = CARTESIAN_POINT ( 'NONE',  ( -1.239612899765657916, 0.000000000000000000, -1.813779169520080004 ) ) ;
#398 = EDGE_CURVE ( 'NONE', #214, #587, #752, .T. ) ;
#399 = CARTESIAN_POINT ( 'NONE',  ( 0.2463358852592353598, 0.4000000000000000222, 2.351808307591620295 ) ) ;
#400 = CARTESIAN_POINT ( 'NONE',  ( 1.423481289622233081, 0.4000000000000000222, -1.427311654974843025 ) ) ;
#401 = PLANE ( 'NONE',  #86 ) ;
#402 = VERTEX_POINT ( 'NONE', #615 ) ;
#403 = CARTESIAN_POINT ( 'NONE',  ( 1.439948586856617752, 0.4000000000000000222, -1.653012389139412397 ) ) ;
#404 = DIRECTION ( 'NONE',  ( 0.000000000000000000, 0.7071067811865561215, 0.7071067811865390240 ) ) ;
#405 = CARTESIAN_POINT ( 'NONE',  ( 0.000000000000000000, 0.000000000000000000, 0.000000000000000000 ) ) ;
#406 = CYLINDRICAL_SURFACE ( 'NONE', #1915, 5.049999999999999822 ) ;
#407 = ORIENTED_EDGE ( 'NONE', *, *, #360, .T. ) ;
#408 = CIRCLE ( 'NONE', #858, 4.049999999999998046 ) ;
#409 = B_SPLINE_SURFACE_WITH_KNOTS ( 'NONE', 3, 1, ( 
 ( #283, #1181 ),
 ( #1043, #302 ),
 ( #604, #155 ),
 ( #146, #1369 ),
 ( #751, #613 ),
 ( #1359, #1840 ),
 ( #1056, #1666 ),
 ( #885, #1654 ),
 ( #1993, #913 ),
 ( #1328, #1065 ),
 ( #273, #294 ) ),
 .UNSPECIFIED., .F., .F., .F.,
 ( 4, 1, 1, 1, 1, 1, 1, 1, 4 ),
 ( 2, 2 ),
 ( 0.000000000000000000, 0.07093367111402687497, 0.1421126467219813172, 0.2239961462819389237, 0.3232634932300506025, 0.4452223862126236109, 0.5942209251601585640, 0.7781885730878279617, 1.000000000000000000 ),
 ( 0.000000000000000000, 1.000000000000000000 ),
 .UNSPECIFIED. ) ;
#410 = CARTESIAN_POINT ( 'NONE',  ( -1.228440349777396579, 0.4000000000000000222, -1.875430660757366086 ) ) ;
#411 = CARTESIAN_POINT ( 'NONE',  ( 1.439573219848613972, 0.4000000000000000222, -1.566161665059731645 ) ) ;
#412 = VECTOR ( 'NONE', #345, 1000.000000000000000 ) ;
#413 = CARTESIAN_POINT ( 'NONE',  ( -1.115600787140471617, 0.000000000000000000, 1.024261243022364543 ) ) ;
#414 = ORIENTED_EDGE ( 'NONE', *, *, #1873, .F. ) ;
#415 = EDGE_CURVE ( 'NONE', #60, #1637, #834, .T. ) ;
#416 = DIRECTION ( 'NONE',  ( 0.000000000000000000, 1.000000000000000000, -0.000000000000000000 ) ) ;
#417 = CARTESIAN_POINT ( 'NONE',  ( 1.364369455762918237, 0.4000000000000000222, -1.314540951507824795 ) ) ;
#418 = B_SPLINE_CURVE_WITH_KNOTS ( 'NONE', 3,
 ( #879, #546, #92, #426, #867, #565, #394, #1779, #577, #1014, #1484 ),
 .UNSPECIFIED., .F., .F.,
 ( 4, 1, 1, 1, 1, 1, 1, 1, 4 ),
 ( 0.000000000000000000, 0.2619946231375901435, 0.4664472536817086401, 0.6248467031110532810, 0.7402337526803483003, 0.8231283380195367760, 0.8828681786443063340, 0.9374782147758515816, 1.000000000000000000 ),
 .UNSPECIFIED. ) ;
#419 = CARTESIAN_POINT ( 'NONE',  ( 1.306953335431666030, 0.4000000000000000222, -1.296025135314542664 ) ) ;
#420 = CARTESIAN_POINT ( 'NONE',  ( 1.431271471070305390, 0.000000000000000000, -1.813705894597389845 ) ) ;
#421 = VERTEX_POINT ( 'NONE', #1876 ) ;
#422 = CARTESIAN_POINT ( 'NONE',  ( -1.115960154813878447, 0.4000000000000000222, -2.000000000000000000 ) ) ;
#423 = CARTESIAN_POINT ( 'NONE',  ( -0.1090920662642525379, 0.000000000000000000, 2.338056381919136228 ) ) ;
#424 = CARTESIAN_POINT ( 'NONE',  ( 0.1749874402712375543, 0.000000000000000000, 2.352122395716062631 ) ) ;
#425 = VERTEX_POINT ( 'NONE', #1088 ) ;
#426 = CARTESIAN_POINT ( 'NONE',  ( 0.4100690559814312852, 0.000000000000000000, 2.347873638594501156 ) ) ;
#427 = CARTESIAN_POINT ( 'NONE',  ( -1.247109682833337896, 0.4000000000000000222, 1.419889746260534436 ) ) ;
#428 = DIRECTION ( 'NONE',  ( -0.000000000000000000, -1.000000000000000000, 0.000000000000000000 ) ) ;
#429 = CARTESIAN_POINT ( 'NONE',  ( 0.3163814563246558076, 0.4000000000000000222, 2.351743661546677355 ) ) ;
#430 = ORIENTED_EDGE ( 'NONE', *, *, #562, .F. ) ;
#431 = CARTESIAN_POINT ( 'NONE',  ( 0.6077134370374104311, 0.000000000000000000, 2.258338866650843713 ) ) ;
#432 = CARTESIAN_POINT ( 'NONE',  ( -0.1778637740217369756, -0.000000000000000000, 2.311559679448506266 ) ) ;
#433 = EDGE_CURVE ( 'NONE', #1562, #18, #1249, .T. ) ;
#434 = CARTESIAN_POINT ( 'NONE',  ( 0.1173028005275161822, 0.4000000000000000222, 2.352623049352057016 ) ) ;
#435 = ORIENTED_EDGE ( 'NONE', *, *, #1796, .T. ) ;
#436 = CARTESIAN_POINT ( 'NONE',  ( -1.113960226221021976, 0.000000000000000000, -1.296025135314542664 ) ) ;
#437 = CARTESIAN_POINT ( 'NONE',  ( -1.124764855728540569, 0.4000000000000000222, -1.999235198971307970 ) ) ;
#438 = CARTESIAN_POINT ( 'NONE',  ( 0.2069926093606388184, 0.000000000000000000, 2.351844618055555447 ) ) ;
#439 = LINE ( 'NONE', #902, #185 ) ;
#440 = ORIENTED_EDGE ( 'NONE', *, *, #1066, .T. ) ;
#441 = VECTOR ( 'NONE', #709, 1000.000000000000000 ) ;
#442 = CARTESIAN_POINT ( 'NONE',  ( -1.124764855728540569, 0.4000000000000000222, -1.999235198971307970 ) ) ;
#443 = PLANE ( 'NONE',  #1498 ) ;
#444 = VECTOR ( 'NONE', #1316, 1000.000000000000000 ) ;
#445 = CARTESIAN_POINT ( 'NONE',  ( -1.164016875979065224, 0.000000000000000000, 1.022727864467815273 ) ) ;
#446 = AXIS2_PLACEMENT_3D ( 'NONE', #567, #1978, #106 ) ;
#447 = ORIENTED_EDGE ( 'NONE', *, *, #1442, .F. ) ;
#448 = ADVANCED_FACE ( 'NONE', ( #806 ), #656, .T. ) ;
#449 = CARTESIAN_POINT ( 'NONE',  ( -1.138457222593702189, -0.000000000000000000, 1.681091286952651975 ) ) ;
#450 = CARTESIAN_POINT ( 'NONE',  ( 1.431271471070305390, 0.4000000000000000222, -1.813705894597389845 ) ) ;
#451 = ORIENTED_EDGE ( 'NONE', *, *, #99, .T. ) ;
#452 = CARTESIAN_POINT ( 'NONE',  ( 0.6077134370374104311, 0.4000000000000000222, 2.258338866650843713 ) ) ;
#453 = CARTESIAN_POINT ( 'NONE',  ( -1.247955441942401711, 0.4000000000000000222, 1.349880393034492032 ) ) ;
#454 = EDGE_CURVE ( 'NONE', #421, #1830, #462, .T. ) ;
#455 = CARTESIAN_POINT ( 'NONE',  ( -1.247955441942401711, 0.4000000000000000222, 1.349880393034492032 ) ) ;
#456 = VERTEX_POINT ( 'NONE', #1704 ) ;
#457 = CARTESIAN_POINT ( 'NONE',  ( -1.229320790128327401, 0.4000000000000000222, 1.574897869009211027 ) ) ;
#458 = ORIENTED_EDGE ( 'NONE', *, *, #1469, .F. ) ;
#459 = CARTESIAN_POINT ( 'NONE',  ( 0.000000000000000000, 23.00000000000000000, 0.000000000000000000 ) ) ;
#460 = PLANE ( 'NONE',  #20 ) ;
#461 = ADVANCED_FACE ( 'NONE', ( #1556, #922 ), #1565, .F. ) ;
#462 = LINE ( 'NONE', #346, #918 ) ;
#463 = EDGE_LOOP ( 'NONE', ( #1552, #465, #1768, #246 ) ) ;
#464 = DIRECTION ( 'NONE',  ( -0.000000000000000000, -1.000000000000000000, -0.000000000000000000 ) ) ;
#465 = ORIENTED_EDGE ( 'NONE', *, *, #1657, .F. ) ;
#466 = EDGE_CURVE ( 'NONE', #1679, #1290, #797, .T. ) ;
#467 = CARTESIAN_POINT ( 'NONE',  ( 1.431271471070305390, 0.4000000000000000222, -1.813705894597389845 ) ) ;
#468 = CARTESIAN_POINT ( 'NONE',  ( 0.000000000000000000, 20.00000000000000000, 0.000000000000000000 ) ) ;
#469 = CARTESIAN_POINT ( 'NONE',  ( -0.07043328361661951864, 0.000000000000000000, 2.343481309969263293 ) ) ;
#470 = CARTESIAN_POINT ( 'NONE',  ( 0.000000000000000000, 0.9999999999999974465, 0.000000000000000000 ) ) ;
#471 = VECTOR ( 'NONE', #1382, 1000.000000000000227 ) ;
#472 = ORIENTED_EDGE ( 'NONE', *, *, #852, .T. ) ;
#473 =( GEOMETRIC_REPRESENTATION_CONTEXT ( 3 ) GLOBAL_UNCERTAINTY_ASSIGNED_CONTEXT ( ( #1811 ) ) GLOBAL_UNIT_ASSIGNED_CONTEXT ( ( #1618, #141, #1467 ) ) REPRESENTATION_CONTEXT ( 'NONE', 'WORKASPACE' ) );
#474 = EDGE_CURVE ( 'NONE', #607, #276, #1860, .T. ) ;
#475 = CARTESIAN_POINT ( 'NONE',  ( -1.247109682833337896, 0.000000000000000000, 1.419889746260534436 ) ) ;
#476 = ORIENTED_EDGE ( 'NONE', *, *, #1450, .F. ) ;
#477 = CARTESIAN_POINT ( 'NONE',  ( 1.439876698963563184, 0.4000000000000000222, -1.683045127942228048 ) ) ;
#478 = CARTESIAN_POINT ( 'NONE',  ( -1.143000862127236505, 0.4000000000000000222, -1.997651168282686962 ) ) ;
#479 = CARTESIAN_POINT ( 'NONE',  ( -1.164016875979065224, 0.4000000000000000222, 1.022727864467815273 ) ) ;
#480 = DIRECTION ( 'NONE',  ( -0.000000000000000000, 1.000000000000000000, -0.000000000000000000 ) ) ;
#481 = EDGE_LOOP ( 'NONE', ( #1166, #348, #643, #679 ) ) ;
#482 = ADVANCED_FACE ( 'NONE', ( #928 ), #162, .T. ) ;
#483 = CARTESIAN_POINT ( 'NONE',  ( -1.190963524010397734, 0.4000000000000000222, 1.639477581552106100 ) ) ;
#484 = ORIENTED_EDGE ( 'NONE', *, *, #1738, .T. ) ;
#485 = CARTESIAN_POINT ( 'NONE',  ( 1.439948586856617752, 0.000000000000000000, -1.653012389139412397 ) ) ;
#486 = CARTESIAN_POINT ( 'NONE',  ( -1.115960154813878447, 0.000000000000000000, -2.000000000000000000 ) ) ;
#487 = CARTESIAN_POINT ( 'NONE',  ( -1.115960154813878447, 0.000000000000000000, -2.000000000000000000 ) ) ;
#488 = DIRECTION ( 'NONE',  ( 1.000000000000000000, 0.000000000000000000, 0.000000000000000000 ) ) ;
#489 = ORIENTED_EDGE ( 'NONE', *, *, #611, .T. ) ;
#490 = EDGE_CURVE ( 'NONE', #60, #1452, #623, .T. ) ;
#491 = DIRECTION ( 'NONE',  ( 0.000000000000000000, 1.000000000000000000, -0.000000000000000000 ) ) ;
#492 = EDGE_LOOP ( 'NONE', ( #575, #980, #321, #1910 ) ) ;
#493 = CARTESIAN_POINT ( 'NONE',  ( 1.360105213338926644, 0.4000000000000000222, -1.983267514660195463 ) ) ;
#494 = PRESENTATION_STYLE_ASSIGNMENT (( #1848 ) ) ;
#495 = EDGE_CURVE ( 'NONE', #1179, #1664, #1192, .T. ) ;
#496 = CARTESIAN_POINT ( 'NONE',  ( 0.000000000000000000, 0.000000000000000000, 0.000000000000000000 ) ) ;
#497 = CARTESIAN_POINT ( 'NONE',  ( -1.113960226221021976, 0.000000000000000000, -1.296025135314542664 ) ) ;
#498 = VERTEX_POINT ( 'NONE', #1906 ) ;
#499 = CARTESIAN_POINT ( 'NONE',  ( -1.245930838078705305, 0.000000000000000000, 1.243521995094935884 ) ) ;
#500 = VECTOR ( 'NONE', #1178, 1000.000000000000000 ) ;
#501 = ORIENTED_EDGE ( 'NONE', *, *, #349, .T. ) ;
#502 = CARTESIAN_POINT ( 'NONE',  ( 1.306953335431666030, 0.000000000000000000, -1.296025135314542664 ) ) ;
#503 = VECTOR ( 'NONE', #1381, 1000.000000000000000 ) ;
#504 = ORIENTED_EDGE ( 'NONE', *, *, #766, .T. ) ;
#505 = VECTOR ( 'NONE', #1023, 1000.000000000000000 ) ;
#506 = CARTESIAN_POINT ( 'NONE',  ( -0.1839934305427899097, 0.4000000000000000222, 2.306846224716284866 ) ) ;
#507 = CARTESIAN_POINT ( 'NONE',  ( -1.247303600510941246, -0.000000000000000000, -1.683026325934069201 ) ) ;
#508 = CARTESIAN_POINT ( 'NONE',  ( -1.229908593205470968, 0.000000000000000000, -1.427530804573784895 ) ) ;
#509 = CARTESIAN_POINT ( 'NONE',  ( -1.171381330558701084, 0.000000000000000000, -1.314540094279099680 ) ) ;
#510 = EDGE_LOOP ( 'NONE', ( #1558, #211, #1473, #1231, #734, #1542, #1431, #1746, #878, #953, #1897, #817, #718, #203, #519 ) ) ;
#511 = EDGE_LOOP ( 'NONE', ( #910, #1408, #1396, #1223 ) ) ;
#512 = CARTESIAN_POINT ( 'NONE',  ( -2.565151067676131547, 20.00000000000000000, 1.649999999999999911 ) ) ;
#513 = CARTESIAN_POINT ( 'NONE',  ( -0.9939645106496370897, 0.4000000000000000222, 1.071890318627450656 ) ) ;
#514 = EDGE_CURVE ( 'NONE', #1734, #1664, #830, .T. ) ;
#515 = CARTESIAN_POINT ( 'NONE',  ( 0.1173028005275161822, 0.4000000000000000222, 2.352623049352057016 ) ) ;
#516 = CARTESIAN_POINT ( 'NONE',  ( 1.383622281854527625, 0.000000000000000000, -1.959101707617327159 ) ) ;
#517 = CARTESIAN_POINT ( 'NONE',  ( -1.171381330558701084, 0.000000000000000000, -1.314540094279099680 ) ) ;
#518 = CARTESIAN_POINT ( 'NONE',  ( 0.2463358852592353598, 0.4000000000000000222, 2.351808307591620295 ) ) ;
#519 = ORIENTED_EDGE ( 'NONE', *, *, #810, .F. ) ;
#520 = CARTESIAN_POINT ( 'NONE',  ( -1.204048063310042771, 0.4000000000000000222, 1.044740206273224503 ) ) ;
#521 = CARTESIAN_POINT ( 'NONE',  ( -0.2879897173713233394, 0.000000000000000000, -1.296025135314542664 ) ) ;
#522 = VERTEX_POINT ( 'NONE', #978 ) ;
#523 = LINE ( 'NONE', #985, #660 ) ;
#524 = CARTESIAN_POINT ( 'NONE',  ( -1.115960154813878447, 0.4000000000000000222, -2.000000000000000000 ) ) ;
#525 = CARTESIAN_POINT ( 'NONE',  ( 1.407443487650167357, 0.000000000000000000, -1.378367057269303420 ) ) ;
#526 = EDGE_CURVE ( 'NONE', #587, #149, #541, .T. ) ;
#527 = CARTESIAN_POINT ( 'NONE',  ( 1.313801842410227794, -0.000000000000000000, -1.999386808588778486 ) ) ;
#528 = CARTESIAN_POINT ( 'NONE',  ( -1.247109682833337896, 0.4000000000000000222, 1.419889746260534436 ) ) ;
#529 = CARTESIAN_POINT ( 'NONE',  ( 0.4818203587973586832, 0.000000000000000000, 2.341824656540095528 ) ) ;
#530 = FACE_OUTER_BOUND ( 'NONE', #907, .T. ) ;
#531 = CARTESIAN_POINT ( 'NONE',  ( -0.02215370671699561783, 0.4000000000000000222, 2.349044370458397868 ) ) ;
#532 = ORIENTED_EDGE ( 'NONE', *, *, #1074, .F. ) ;
#533 = CARTESIAN_POINT ( 'NONE',  ( -1.247955441942401711, 0.4000000000000000222, 1.349880393034492032 ) ) ;
#534 = ADVANCED_FACE ( 'NONE', ( #1311 ), #570, .T. ) ;
#535 = VECTOR ( 'NONE', #712, 1000.000000000000000 ) ;
#536 = CARTESIAN_POINT ( 'NONE',  ( -1.194485579654366969, 0.4000000000000000222, -1.341252685089074470 ) ) ;
#537 = AXIS2_PLACEMENT_3D ( 'NONE', #342, #673, #384 ) ;
#538 = CARTESIAN_POINT ( 'NONE',  ( -1.125959797778160576, 0.000000000000000000, 1.689868253820081989 ) ) ;
#539 = CARTESIAN_POINT ( 'NONE',  ( 0.000000000000000000, 20.00000000000000000, -3.049999999999999822 ) ) ;
#540 = CIRCLE ( 'NONE', #339, 3.049999999999999822 ) ;
#541 = LINE ( 'NONE', #1731, #632 ) ;
#542 = CARTESIAN_POINT ( 'NONE',  ( -1.211674260903818690, 0.4000000000000000222, -1.923370628717683495 ) ) ;
#543 = CARTESIAN_POINT ( 'NONE',  ( 1.439948586856617752, 0.4000000000000000222, -1.653012389139412397 ) ) ;
#544 = CARTESIAN_POINT ( 'NONE',  ( 0.000000000000000000, 20.00000000000000000, 1.649999999999999911 ) ) ;
#545 = ORIENTED_EDGE ( 'NONE', *, *, #514, .T. ) ;
#546 = CARTESIAN_POINT ( 'NONE',  ( 0.2463358852592353598, -0.000000000000000000, 2.351808307591620295 ) ) ;
#547 = CARTESIAN_POINT ( 'NONE',  ( -1.247955441942401711, 0.000000000000000000, -1.653012389139412175 ) ) ;
#548 = CARTESIAN_POINT ( 'NONE',  ( 0.03968667099101923224, 0.4000000000000000222, 2.349651098486976952 ) ) ;
#549 = LINE ( 'NONE', #1310, #377 ) ;
#550 = DIRECTION ( 'NONE',  ( 1.000000000000000000, 0.000000000000000000, 0.000000000000000000 ) ) ;
#551 = LINE ( 'NONE', #1320, #505 ) ;
#552 = FACE_OUTER_BOUND ( 'NONE', #1862, .T. ) ;
#553 = B_SPLINE_SURFACE_WITH_KNOTS ( 'NONE', 3, 1, ( 
 ( #193, #798 ),
 ( #1258, #1089 ),
 ( #1081, #1705 ),
 ( #202, #1387 ),
 ( #1887, #631 ),
 ( #347, #957 ),
 ( #328, #1547 ),
 ( #1877, #509 ),
 ( #807, #183 ),
 ( #1732, #1116 ),
 ( #1566, #497 ) ),
 .UNSPECIFIED., .F., .F., .F.,
 ( 4, 1, 1, 1, 1, 1, 1, 1, 4 ),
 ( 2, 2 ),
 ( 0.000000000000000000, 0.2216673373434025485, 0.4053102121452808460, 0.5550668319873989232, 0.6769464999970203900, 0.7761493624890609677, 0.8579796702080701998, 0.9291124076756205330, 1.000000000000000000 ),
 ( 0.000000000000000000, 1.000000000000000000 ),
 .UNSPECIFIED. ) ;
#554 = ORIENTED_EDGE ( 'NONE', *, *, #1796, .F. ) ;
#555 = CARTESIAN_POINT ( 'NONE',  ( -1.171381330558701084, 0.000000000000000000, -1.314540094279099680 ) ) ;
#556 = LINE ( 'NONE', #1728, #1587 ) ;
#557 = CARTESIAN_POINT ( 'NONE',  ( -1.113960226221021976, 0.4000000000000000222, -1.296025135314542664 ) ) ;
#558 = CARTESIAN_POINT ( 'NONE',  ( 1.403574072301211562, 0.4000000000000000222, -1.923288417506024972 ) ) ;
#559 = ORIENTED_EDGE ( 'NONE', *, *, #324, .F. ) ;
#560 = FACE_OUTER_BOUND ( 'NONE', #463, .T. ) ;
#561 = CARTESIAN_POINT ( 'NONE',  ( 1.439948586856617530, 0.000000000000000000, -1.653012389139412175 ) ) ;
#562 = EDGE_CURVE ( 'NONE', #809, #421, #967, .T. ) ;
#563 = DIRECTION ( 'NONE',  ( 0.000000000000000000, 0.000000000000000000, 1.000000000000000000 ) ) ;
#564 = ORIENTED_EDGE ( 'NONE', *, *, #454, .F. ) ;
#565 = CARTESIAN_POINT ( 'NONE',  ( 0.5342013113828417703, 0.000000000000000000, 2.331725802865157071 ) ) ;
#566 = DIRECTION ( 'NONE',  ( 0.000000000000000000, -1.000000000000000000, 0.000000000000000000 ) ) ;
#567 = CARTESIAN_POINT ( 'NONE',  ( 0.000000000000000000, 20.00000000000000000, 0.000000000000000000 ) ) ;
#568 = DIRECTION ( 'NONE',  ( 0.000000000000000000, 0.000000000000000000, 1.000000000000000000 ) ) ;
#569 = ORIENTED_EDGE ( 'NONE', *, *, #852, .F. ) ;
#570 = B_SPLINE_SURFACE_WITH_KNOTS ( 'NONE', 3, 1, ( 
 ( #1126, #378 ),
 ( #1267, #1436 ),
 ( #1929, #990 ),
 ( #389, #1611 ),
 ( #1886, #508 ),
 ( #1009, #1457 ),
 ( #1298, #1447 ),
 ( #1920, #517 ),
 ( #1588, #55 ),
 ( #221, #1115 ),
 ( #355, #65 ) ),
 .UNSPECIFIED., .F., .F., .F.,
 ( 4, 1, 1, 1, 1, 1, 1, 1, 4 ),
 ( 2, 2 ),
 ( 0.000000000000000000, 0.2216673373434025485, 0.4053102121452808460, 0.5550668319873989232, 0.6769464999970203900, 0.7761493624890609677, 0.8579796702080701998, 0.9291124076756205330, 1.000000000000000000 ),
 ( 0.000000000000000000, 1.000000000000000000 ),
 .UNSPECIFIED. ) ;
#571 = CARTESIAN_POINT ( 'NONE',  ( 0.4818203587973586832, 0.000000000000000000, 2.341824656540095528 ) ) ;
#572 = CARTESIAN_POINT ( 'NONE',  ( -0.1392226488738425583, 0.000000000000000000, 2.329492174564235629 ) ) ;
#573 = AXIS2_PLACEMENT_3D ( 'NONE', #899, #102, #1506 ) ;
#574 = CARTESIAN_POINT ( 'NONE',  ( -1.241056946738474220, 0.000000000000000000, 1.154646881944770387 ) ) ;
#575 = ORIENTED_EDGE ( 'NONE', *, *, #1776, .F. ) ;
#576 = B_SPLINE_CURVE_WITH_KNOTS ( 'NONE', 3,
 ( #814, #1763, #1125, #75, #687, #1610, #1916, #1586, #1114, #966, #828 ),
 .UNSPECIFIED., .F., .F.,
 ( 4, 1, 1, 1, 1, 1, 1, 1, 4 ),
 ( 0.000000000000000000, 0.1451387150339319421, 0.2548070928105535260, 0.3376810941349838169, 0.4110220030708902073, 0.4988601050949793003, 0.6171457489187798240, 0.7814973660904738217, 1.000000000000000000 ),
 .UNSPECIFIED. ) ;
#577 = CARTESIAN_POINT ( 'NONE',  ( 0.6072172424582088501, 0.000000000000000000, 2.276119035241231714 ) ) ;
#578 = CARTESIAN_POINT ( 'NONE',  ( 1.407443487650167357, 0.4000000000000000222, -1.378367057269303420 ) ) ;
#579 = CARTESIAN_POINT ( 'NONE',  ( 1.336487341028419040, 0.4000000000000000222, -1.299098295520539459 ) ) ;
#580 = CARTESIAN_POINT ( 'NONE',  ( 1.407443487650167357, 0.000000000000000000, -1.378367057269303420 ) ) ;
#581 = VERTEX_POINT ( 'NONE', #1146 ) ;
#582 = EDGE_CURVE ( 'NONE', #1924, #1411, #1764, .T. ) ;
#583 = CARTESIAN_POINT ( 'NONE',  ( 0.3163814563246558076, 0.000000000000000000, 2.351743661546677355 ) ) ;
#584 = CARTESIAN_POINT ( 'NONE',  ( 0.1173028005275161822, 0.000000000000000000, 2.352623049352057016 ) ) ;
#585 = PRODUCT_DEFINITION_CONTEXT ( 'detailed design', #144, 'design' ) ;
#586 = CARTESIAN_POINT ( 'NONE',  ( -1.247219803442398689, 0.000000000000000000, 1.311235138164668523 ) ) ;
#587 = VERTEX_POINT ( 'NONE', #1577 ) ;
#588 = CARTESIAN_POINT ( 'NONE',  ( 0.000000000000000000, 23.00000000000000000, -4.349999999999999645 ) ) ;
#589 = CARTESIAN_POINT ( 'NONE',  ( -1.229320790128327401, 0.000000000000000000, 1.574897869009211027 ) ) ;
#590 = CARTESIAN_POINT ( 'NONE',  ( 1.364369455762918237, 0.4000000000000000222, -1.314540951507824795 ) ) ;
#591 = DIRECTION ( 'NONE',  ( 0.000000000000000000, -1.000000000000000000, 0.000000000000000000 ) ) ;
#592 = ORIENTED_EDGE ( 'NONE', *, *, #1234, .T. ) ;
#593 = EDGE_CURVE ( 'NONE', #1637, #1337, #1739, .T. ) ;
#594 = CARTESIAN_POINT ( 'NONE',  ( 0.4818203587973586832, 0.000000000000000000, 2.341824656540095528 ) ) ;
#595 = CARTESIAN_POINT ( 'NONE',  ( 1.439948586856617752, 0.4000000000000000222, -1.653012389139412397 ) ) ;
#596 = CARTESIAN_POINT ( 'NONE',  ( -1.058655218705285783, 0.000000000000000000, 1.043108974400101863 ) ) ;
#597 = ORIENTED_EDGE ( 'NONE', *, *, #593, .F. ) ;
#598 = CARTESIAN_POINT ( 'NONE',  ( -1.138457222593702189, 0.4000000000000000222, 1.681091286952651975 ) ) ;
#599 = ADVANCED_FACE ( 'NONE', ( #1601 ), #1788, .F. ) ;
#600 = CARTESIAN_POINT ( 'NONE',  ( -2.565151067676131547, 1.999999999999998224, 1.649999999999999911 ) ) ;
#601 = CARTESIAN_POINT ( 'NONE',  ( 1.439573219848613972, 0.000000000000000000, -1.566161665059731645 ) ) ;
#602 = ORIENTED_EDGE ( 'NONE', *, *, #1021, .T. ) ;
#603 = DIRECTION ( 'NONE',  ( 0.000000000000000000, 0.000000000000000000, -1.000000000000000000 ) ) ;
#604 = CARTESIAN_POINT ( 'NONE',  ( 1.336487341028419040, 0.4000000000000000222, -1.299098295520539459 ) ) ;
#605 = CARTESIAN_POINT ( 'NONE',  ( -1.115600787140471617, 0.4000000000000000222, 1.024261243022364543 ) ) ;
#606 = PRESENTATION_LAYER_ASSIGNMENT (  '', '', ( #1305 ) ) ;
#607 = VERTEX_POINT ( 'NONE', #282 ) ;
#608 = AXIS2_PLACEMENT_3D ( 'NONE', #645, #629, #934 ) ;
#609 = CARTESIAN_POINT ( 'NONE',  ( -1.161196376581145495, 0.000000000000000000, 1.665121532856354891 ) ) ;
#610 = ORIENTED_EDGE ( 'NONE', *, *, #150, .F. ) ;
#611 = EDGE_CURVE ( 'NONE', #1068, #1262, #1784, .T. ) ;
#612 = CARTESIAN_POINT ( 'NONE',  ( 1.303953442542381325, 0.4000000000000000222, -2.000000000000000000 ) ) ;
#613 = CARTESIAN_POINT ( 'NONE',  ( 1.387502527575293243, 0.000000000000000000, -1.341248584928382837 ) ) ;
#614 = B_SPLINE_CURVE_WITH_KNOTS ( 'NONE', 3,
 ( #264, #1044, #1504, #275, #303, #1655, #914, #156, #112, #1491, #1482 ),
 .UNSPECIFIED., .F., .F.,
 ( 4, 1, 1, 1, 1, 1, 1, 1, 4 ),
 ( 0.000000000000000000, 0.2216673373434025485, 0.4053102121452808460, 0.5550668319873989232, 0.6769464999970203900, 0.7761493624890609677, 0.8579796702080701998, 0.9291124076756205330, 1.000000000000000000 ),
 .UNSPECIFIED. ) ;
#615 = CARTESIAN_POINT ( 'NONE',  ( -1.247955441942401711, 0.000000000000000000, 1.349880393034492032 ) ) ;
#616 = ORIENTED_EDGE ( 'NONE', *, *, #1919, .T. ) ;
#617 = EDGE_CURVE ( 'NONE', #91, #188, #904, .T. ) ;
#618 = CARTESIAN_POINT ( 'NONE',  ( -1.247955441942401933, 0.4000000000000000222, 1.349880393034492254 ) ) ;
#619 = CARTESIAN_POINT ( 'NONE',  ( 2.565151067676131547, 20.00000000000000000, 1.649999999999999911 ) ) ;
#620 = CARTESIAN_POINT ( 'NONE',  ( -1.113960226221021976, 0.000000000000000000, -1.296025135314542664 ) ) ;
#621 = CARTESIAN_POINT ( 'NONE',  ( 0.1749874402712375543, -0.000000000000000000, 2.352122395716062631 ) ) ;
#622 = EDGE_CURVE ( 'NONE', #1569, #1708, #1017, .T. ) ;
#623 = LINE ( 'NONE', #1229, #372 ) ;
#624 = CARTESIAN_POINT ( 'NONE',  ( -1.191525203778907471, 0.000000000000000000, -1.958680581649898889 ) ) ;
#625 = ORIENTED_EDGE ( 'NONE', *, *, #776, .F. ) ;
#626 = LINE ( 'NONE', #1707, #503 ) ;
#627 = CARTESIAN_POINT ( 'NONE',  ( -1.247564605938853655, 0.4000000000000000222, -1.622348677900993463 ) ) ;
#628 = DIRECTION ( 'NONE',  ( 0.000000000000000000, -1.000000000000000000, 0.000000000000000000 ) ) ;
#629 = DIRECTION ( 'NONE',  ( 0.000000000000000000, 1.000000000000000000, 0.000000000000000000 ) ) ;
#630 = CARTESIAN_POINT ( 'NONE',  ( 0.1749874402712375543, 0.000000000000000000, 2.352122395716062631 ) ) ;
#631 = CARTESIAN_POINT ( 'NONE',  ( -1.229908593205470968, 0.000000000000000000, -1.427530804573784895 ) ) ;
#632 = VECTOR ( 'NONE', #688, 1000.000000000000227 ) ;
#633 = ORIENTED_EDGE ( 'NONE', *, *, #965, .T. ) ;
#634 = VECTOR ( 'NONE', #840, 1000.000000000000227 ) ;
#635 = CARTESIAN_POINT ( 'NONE',  ( -1.161196376581145495, 0.4000000000000000222, 1.665121532856354891 ) ) ;
#636 = EDGE_LOOP ( 'NONE', ( #1131, #793, #359, #1326 ) ) ;
#637 = CARTESIAN_POINT ( 'NONE',  ( 1.333129744089488478, 0.4000000000000000222, -1.998183394484386310 ) ) ;
#638 = CARTESIAN_POINT ( 'NONE',  ( -1.228440349777396579, 0.000000000000000000, -1.875430660757366086 ) ) ;
#639 = CARTESIAN_POINT ( 'NONE',  ( -1.241056946738474220, 0.4000000000000000222, 1.154646881944770387 ) ) ;
#640 = CARTESIAN_POINT ( 'NONE',  ( -1.124764855728540569, 0.4000000000000000222, -1.999235198971307970 ) ) ;
#641 = ORIENTED_EDGE ( 'NONE', *, *, #766, .F. ) ;
#642 = LINE ( 'NONE', #322, #697 ) ;
#643 = ORIENTED_EDGE ( 'NONE', *, *, #305, .T. ) ;
#644 = CARTESIAN_POINT ( 'NONE',  ( 1.431271471070305390, 0.4000000000000000222, -1.813705894597389845 ) ) ;
#645 = CARTESIAN_POINT ( 'NONE',  ( 0.000000000000000000, 23.00000000000000000, 0.000000000000000000 ) ) ;
#646 = EDGE_CURVE ( 'NONE', #937, #832, #1054, .T. ) ;
#647 = DIRECTION ( 'NONE',  ( -0.8365313087106446277, 0.000000000000000000, -0.5479191268306448093 ) ) ;
#648 = CARTESIAN_POINT ( 'NONE',  ( 0.000000000000000000, 23.00000000000000000, -4.349999999999999645 ) ) ;
#649 = VERTEX_POINT ( 'NONE', #135 ) ;
#650 = CARTESIAN_POINT ( 'NONE',  ( -0.1839934305427899097, 0.4000000000000000222, 2.306846224716284866 ) ) ;
#651 = ORIENTED_EDGE ( 'NONE', *, *, #1676, .F. ) ;
#652 = LINE ( 'NONE', #512, #1393 ) ;
#653 = DIRECTION ( 'NONE',  ( -0.000000000000000000, 1.000000000000000000, -0.000000000000000000 ) ) ;
#654 = CARTESIAN_POINT ( 'NONE',  ( 1.316786668675624883, -0.000000000000000000, -1.297048342556738065 ) ) ;
#655 = CARTESIAN_POINT ( 'NONE',  ( -1.211674260903818690, 0.4000000000000000222, -1.923370628717683495 ) ) ;
#656 = PLANE ( 'NONE',  #1423 ) ;
#657 = CARTESIAN_POINT ( 'NONE',  ( 0.000000000000000000, 20.50000000000001066, -4.349999999999999645 ) ) ;
#658 = ORIENTED_EDGE ( 'NONE', *, *, #495, .F. ) ;
#659 = ORIENTED_EDGE ( 'NONE', *, *, #1224, .F. ) ;
#660 = VECTOR ( 'NONE', #1132, 1000.000000000000000 ) ;
#661 = FACE_OUTER_BOUND ( 'NONE', #1025, .T. ) ;
#662 = CIRCLE ( 'NONE', #573, 3.049999999999999822 ) ;
#663 = CARTESIAN_POINT ( 'NONE',  ( -1.171381330558701084, 0.000000000000000000, -1.314540094279099680 ) ) ;
#664 = CARTESIAN_POINT ( 'NONE',  ( -0.02215370671699561783, 0.4000000000000000222, 2.349044370458397868 ) ) ;
#665 = CARTESIAN_POINT ( 'NONE',  ( 1.403574072301211562, 0.000000000000000000, -1.923288417506024972 ) ) ;
#666 = CARTESIAN_POINT ( 'NONE',  ( -1.247955441942401711, 0.4000000000000000222, -1.653012389139412175 ) ) ;
#667 = CARTESIAN_POINT ( 'NONE',  ( 0.5947798896630431820, 0.4000000000000000222, 2.300462138408003732 ) ) ;
#668 = ORIENTED_EDGE ( 'NONE', *, *, #617, .F. ) ;
#669 = DIRECTION ( 'NONE',  ( 0.000000000000000000, -1.000000000000000000, 0.000000000000000000 ) ) ;
#670 = CARTESIAN_POINT ( 'NONE',  ( -0.1649094595555035681, 0.000000000000000000, 2.321521016533844683 ) ) ;
#671 = ORIENTED_EDGE ( 'NONE', *, *, #708, .T. ) ;
#672 = ADVANCED_FACE ( 'NONE', ( #262 ), #710, .T. ) ;
#673 = DIRECTION ( 'NONE',  ( -0.000000000000000000, -1.000000000000000000, -0.000000000000000000 ) ) ;
#674 = CARTESIAN_POINT ( 'NONE',  ( -1.214108206683587099, 0.000000000000000000, 1.610487857534117273 ) ) ;
#675 = CARTESIAN_POINT ( 'NONE',  ( -0.1778637740217369756, -0.000000000000000000, 2.311559679448506266 ) ) ;
#676 = CARTESIAN_POINT ( 'NONE',  ( 1.360105213338926644, 0.000000000000000000, -1.983267514660195463 ) ) ;
#677 = DIRECTION ( 'NONE',  ( 8.659560562354830553E-17, 0.7071067811865561215, -0.7071067811865390240 ) ) ;
#678 = CARTESIAN_POINT ( 'NONE',  ( 0.5947798896630431820, 0.000000000000000000, 2.300462138408003732 ) ) ;
#679 = ORIENTED_EDGE ( 'NONE', *, *, #1261, .T. ) ;
#680 = CARTESIAN_POINT ( 'NONE',  ( 1.439815919629455099, -0.000000000000000000, -1.622316444916723110 ) ) ;
#681 = ADVANCED_FACE ( 'NONE', ( #560 ), #857, .T. ) ;
#682 = CARTESIAN_POINT ( 'NONE',  ( 0.000000000000000000, 23.00000000000000000, 0.000000000000000000 ) ) ;
#683 = EDGE_LOOP ( 'NONE', ( #651, #1888, #1084, #1259 ) ) ;
#684 = FACE_BOUND ( 'NONE', #1252, .T. ) ;
#685 = CARTESIAN_POINT ( 'NONE',  ( -1.161196376581145495, 0.4000000000000000222, 1.665121532856354891 ) ) ;
#686 = CARTESIAN_POINT ( 'NONE',  ( -0.02215370671699561783, 0.4000000000000000222, 2.349044370458397868 ) ) ;
#687 = CARTESIAN_POINT ( 'NONE',  ( -1.164016875979065224, 0.4000000000000000222, 1.022727864467815273 ) ) ;
#688 = DIRECTION ( 'NONE',  ( -0.8784655773419055569, 0.000000000000000000, -0.4778056398006961247 ) ) ;
#689 = CARTESIAN_POINT ( 'NONE',  ( 0.5721230934191442463, 0.000000000000000000, 2.320729808527303373 ) ) ;
#690 = B_SPLINE_CURVE_WITH_KNOTS ( 'NONE', 3,
 ( #240, #675, #846, #964, #1421, #375, #1285, #1598, #1904, #1486, #438 ),
 .UNSPECIFIED., .F., .F.,
 ( 4, 1, 1, 1, 1, 1, 1, 1, 4 ),
 ( 0.000000000000000000, 0.05777032151365822654, 0.1220908396959871633, 0.2000030215864105898, 0.2940630297019338757, 0.4151651073472477638, 0.5658116749317160243, 0.7590992884381000394, 1.000000000000000000 ),
 .UNSPECIFIED. ) ;
#691 = CARTESIAN_POINT ( 'NONE',  ( -1.227168973227554138, 0.4000000000000000222, 1.090535396977271976 ) ) ;
#692 = FACE_OUTER_BOUND ( 'NONE', #236, .T. ) ;
#693 = VECTOR ( 'NONE', #1405, 1000.000000000000000 ) ;
#694 = CARTESIAN_POINT ( 'NONE',  ( 0.000000000000000000, 0.000000000000000000, 4.049999999999998046 ) ) ;
#695 = CIRCLE ( 'NONE', #1050, 4.049999999999998046 ) ;
#696 = CARTESIAN_POINT ( 'NONE',  ( -1.125959797778160576, 0.4000000000000000222, 1.689868253820081989 ) ) ;
#697 = VECTOR ( 'NONE', #1670, 1000.000000000000000 ) ;
#698 = CARTESIAN_POINT ( 'NONE',  ( -0.1778637740217369756, 0.4000000000000000222, 2.311559679448506266 ) ) ;
#699 = CARTESIAN_POINT ( 'NONE',  ( -1.211674260903818690, 0.000000000000000000, -1.923370628717683495 ) ) ;
#700 = PRODUCT_DEFINITION_FORMATION_WITH_SPECIFIED_SOURCE ( 'ANY', '', #329, .NOT_KNOWN. ) ;
#701 = ADVANCED_FACE ( 'NONE', ( #1683 ), #823, .T. ) ;
#702 = CARTESIAN_POINT ( 'NONE',  ( -1.247303600510941246, -0.000000000000000000, -1.683026325934069201 ) ) ;
#703 = CARTESIAN_POINT ( 'NONE',  ( -1.211674260903818690, 0.000000000000000000, -1.923370628717683495 ) ) ;
#704 = PLANE ( 'NONE',  #1625 ) ;
#705 = ORIENTED_EDGE ( 'NONE', *, *, #85, .T. ) ;
#706 = CARTESIAN_POINT ( 'NONE',  ( 0.6079782922283495372, 0.4000000000000000222, -1.296025135314542664 ) ) ;
#707 = CARTESIAN_POINT ( 'NONE',  ( 0.6079782922283495372, 0.000000000000000000, 2.248848295523449892 ) ) ;
#708 = EDGE_CURVE ( 'NONE', #1183, #276, #1375, .T. ) ;
#709 = DIRECTION ( 'NONE',  ( 0.000000000000000000, 0.000000000000000000, 1.000000000000000000 ) ) ;
#710 = PLANE ( 'NONE',  #1659 ) ;
#711 = CARTESIAN_POINT ( 'NONE',  ( 0.5342013113828417703, 0.4000000000000000222, 2.331725802865157071 ) ) ;
#712 = DIRECTION ( 'NONE',  ( -0.000000000000000000, -1.000000000000000000, -0.000000000000000000 ) ) ;
#713 = EDGE_LOOP ( 'NONE', ( #338, #1100, #969, #501 ) ) ;
#714 = CARTESIAN_POINT ( 'NONE',  ( 1.303953442542381325, 0.000000000000000000, -2.000000000000000000 ) ) ;
#715 = LINE ( 'NONE', #1475, #1302 ) ;
#716 = DIRECTION ( 'NONE',  ( -1.000000000000000000, 0.000000000000000000, 0.000000000000000000 ) ) ;
#717 = CARTESIAN_POINT ( 'NONE',  ( 0.5721230934191442463, 0.4000000000000000222, 2.320729808527303373 ) ) ;
#718 = ORIENTED_EDGE ( 'NONE', *, *, #646, .F. ) ;
#719 = EDGE_CURVE ( 'NONE', #1337, #1540, #308, .T. ) ;
#720 = CARTESIAN_POINT ( 'NONE',  ( 0.6072172424582088501, 0.000000000000000000, 2.276119035241231714 ) ) ;
#721 = DIRECTION ( 'NONE',  ( 0.000000000000000000, 0.000000000000000000, -1.000000000000000000 ) ) ;
#722 = FACE_OUTER_BOUND ( 'NONE', #683, .T. ) ;
#723 = ORIENTED_EDGE ( 'NONE', *, *, #1210, .F. ) ;
#724 = CARTESIAN_POINT ( 'NONE',  ( 1.431271471070305390, 0.4000000000000000222, -1.813705894597389845 ) ) ;
#725 = CARTESIAN_POINT ( 'NONE',  ( -1.240636396606087377, 0.000000000000000000, 1.532510166338658664 ) ) ;
#726 = LINE ( 'NONE', #1641, #253 ) ;
#727 = CARTESIAN_POINT ( 'NONE',  ( 1.360105213338926644, 0.000000000000000000, -1.983267514660195463 ) ) ;
#728 = VERTEX_POINT ( 'NONE', #1709 ) ;
#729 = AXIS2_PLACEMENT_3D ( 'NONE', #1391, #628, #1865 ) ;
#730 = CARTESIAN_POINT ( 'NONE',  ( 0.6072172424582088501, 0.000000000000000000, 2.276119035241231714 ) ) ;
#731 = FACE_OUTER_BOUND ( 'NONE', #1342, .T. ) ;
#732 = VECTOR ( 'NONE', #669, 1000.000000000000000 ) ;
#733 = CARTESIAN_POINT ( 'NONE',  ( -1.204048063310042771, 0.000000000000000000, 1.044740206273224503 ) ) ;
#734 = ORIENTED_EDGE ( 'NONE', *, *, #829, .F. ) ;
#735 = CARTESIAN_POINT ( 'NONE',  ( 0.000000000000000000, 20.00000000000000000, 0.000000000000000000 ) ) ;
#736 = CARTESIAN_POINT ( 'NONE',  ( -1.191525203778907471, 0.4000000000000000222, -1.958680581649898889 ) ) ;
#737 = ADVANCED_FACE ( 'NONE', ( #1219 ), #1843, .F. ) ;
#738 = SURFACE_SIDE_STYLE ('',( #290 ) ) ;
#739 = CARTESIAN_POINT ( 'NONE',  ( 1.439744579525166657, 0.000000000000000000, -1.738240911481489626 ) ) ;
#740 = VERTEX_POINT ( 'NONE', #1553 ) ;
#741 = CARTESIAN_POINT ( 'NONE',  ( 0.6079782922283495372, 0.4000000000000000222, -1.296025135314542664 ) ) ;
#742 = CYLINDRICAL_SURFACE ( 'NONE', #1465, 5.049999999999999822 ) ;
#743 = CARTESIAN_POINT ( 'NONE',  ( -1.227168973227554138, 0.000000000000000000, 1.090535396977271976 ) ) ;
#744 = ORIENTED_EDGE ( 'NONE', *, *, #1831, .T. ) ;
#745 = EDGE_CURVE ( 'NONE', #1352, #1523, #1101, .T. ) ;
#746 = CARTESIAN_POINT ( 'NONE',  ( -1.247955441942401933, 0.4000000000000000222, 1.349880393034492254 ) ) ;
#747 = LINE ( 'NONE', #259, #219 ) ;
#748 = CARTESIAN_POINT ( 'NONE',  ( 1.306953335431666030, 0.000000000000000000, -1.296025135314542664 ) ) ;
#749 = ORIENTED_EDGE ( 'NONE', *, *, #281, .T. ) ;
#750 = CARTESIAN_POINT ( 'NONE',  ( 0.5342013113828417703, 0.000000000000000000, 2.331725802865157071 ) ) ;
#751 = CARTESIAN_POINT ( 'NONE',  ( 1.387502527575293243, 0.4000000000000000222, -1.341248584928382837 ) ) ;
#752 = LINE ( 'NONE', #1677, #1365 ) ;
#753 = EDGE_LOOP ( 'NONE', ( #808, #1975, #1872, #1427 ) ) ;
#754 = EDGE_CURVE ( 'NONE', #581, #1830, #171, .T. ) ;
#755 = LINE ( 'NONE', #1364, #1854 ) ;
#756 = CARTESIAN_POINT ( 'NONE',  ( 1.333129744089488478, 0.4000000000000000222, -1.998183394484386310 ) ) ;
#757 = ORIENTED_EDGE ( 'NONE', *, *, #1667, .F. ) ;
#758 = VECTOR ( 'NONE', #1905, 1000.000000000000000 ) ;
#759 = CARTESIAN_POINT ( 'NONE',  ( 1.313801842410227794, 0.4000000000000000222, -1.999386808588778486 ) ) ;
#760 = PLANE ( 'NONE',  #1881 ) ;
#761 = CARTESIAN_POINT ( 'NONE',  ( -1.058655218705285783, 0.000000000000000000, 1.043108974400101863 ) ) ;
#762 = AXIS2_PLACEMENT_3D ( 'NONE', #1443, #1902, #71 ) ;
#763 = VERTEX_POINT ( 'NONE', #783 ) ;
#764 = DIRECTION ( 'NONE',  ( -1.000000000000000000, 0.000000000000000000, 0.000000000000000000 ) ) ;
#765 = CARTESIAN_POINT ( 'NONE',  ( 0.000000000000000000, 20.50000000000001066, 0.000000000000000000 ) ) ;
#766 = EDGE_CURVE ( 'NONE', #940, #1411, #1986, .T. ) ;
#767 = CARTESIAN_POINT ( 'NONE',  ( 1.439744579525166657, 0.4000000000000000222, -1.738240911481489626 ) ) ;
#768 = CARTESIAN_POINT ( 'NONE',  ( 0.6079782922283495372, 0.000000000000000000, -1.296025135314542664 ) ) ;
#769 = CARTESIAN_POINT ( 'NONE',  ( 0.03968667099101923224, 0.000000000000000000, 2.349651098486976952 ) ) ;
#770 = CARTESIAN_POINT ( 'NONE',  ( -1.169069324165282531, 0.4000000000000000222, -1.983552129906265504 ) ) ;
#771 = ORIENTED_EDGE ( 'NONE', *, *, #5, .T. ) ;
#772 = CARTESIAN_POINT ( 'NONE',  ( -1.247109682833337896, 0.4000000000000000222, 1.419889746260534436 ) ) ;
#773 = ORIENTED_EDGE ( 'NONE', *, *, #1380, .T. ) ;
#774 = CARTESIAN_POINT ( 'NONE',  ( 0.000000000000000000, 0.9999999999999974465, 0.000000000000000000 ) ) ;
#775 = CARTESIAN_POINT ( 'NONE',  ( -1.247955441942401711, 0.4000000000000000222, -1.653012389139412175 ) ) ;
#776 = EDGE_CURVE ( 'NONE', #1679, #1068, #1236, .T. ) ;
#777 = CARTESIAN_POINT ( 'NONE',  ( -1.191525203778907471, 0.000000000000000000, -1.958680581649898889 ) ) ;
#778 = DIRECTION ( 'NONE',  ( -0.000000000000000000, 1.000000000000000000, -0.000000000000000000 ) ) ;
#779 = EDGE_LOOP ( 'NONE', ( #119, #1706, #1399, #451 ) ) ;
#780 = CARTESIAN_POINT ( 'NONE',  ( 1.303953442542381325, 0.4000000000000000222, -2.000000000000000000 ) ) ;
#781 = B_SPLINE_CURVE_WITH_KNOTS ( 'NONE', 3,
 ( #165, #1847, #767, #467, #1077, #1694, #1585, #1737, #229, #84, #1309 ),
 .UNSPECIFIED., .F., .F.,
 ( 4, 1, 1, 1, 1, 1, 1, 1, 4 ),
 ( 0.000000000000000000, 0.2211726172025622328, 0.4064829379723456926, 0.5592242054201972401, 0.6820184065259273787, 0.7789323883112897473, 0.8588466837340277271, 0.9280762948648706434, 1.000000000000000000 ),
 .UNSPECIFIED. ) ;
#782 = ORIENTED_EDGE ( 'NONE', *, *, #1721, .T. ) ;
#783 = CARTESIAN_POINT ( 'NONE',  ( 1.439948586856617752, 0.4000000000000000222, -1.653012389139412397 ) ) ;
#784 = DIRECTION ( 'NONE',  ( 0.000000000000000000, 0.000000000000000000, 1.000000000000000000 ) ) ;
#785 = VECTOR ( 'NONE', #1894, 1000.000000000000000 ) ;
#786 = DIRECTION ( 'NONE',  ( 0.000000000000000000, 0.000000000000000000, 1.000000000000000000 ) ) ;
#787 = CARTESIAN_POINT ( 'NONE',  ( -1.115960154813878447, 0.4000000000000000222, -2.000000000000000000 ) ) ;
#788 = VECTOR ( 'NONE', #1150, 1000.000000000000000 ) ;
#789 = EDGE_LOOP ( 'NONE', ( #1870, #659, #1901, #8 ) ) ;
#790 = AXIS2_PLACEMENT_3D ( 'NONE', #1972, #1200, #912 ) ;
#791 = AXIS2_PLACEMENT_3D ( 'NONE', #1697, #1712, #1268 ) ;
#792 = CARTESIAN_POINT ( 'NONE',  ( -1.214108206683587099, 0.000000000000000000, 1.610487857534117273 ) ) ;
#793 = ORIENTED_EDGE ( 'NONE', *, *, #514, .F. ) ;
#794 = EDGE_CURVE ( 'NONE', #958, #1656, #29, .T. ) ;
#795 = CARTESIAN_POINT ( 'NONE',  ( 1.403574072301211562, 0.4000000000000000222, -1.923288417506024972 ) ) ;
#796 = CARTESIAN_POINT ( 'NONE',  ( -1.247219803442398689, -0.000000000000000000, 1.311235138164668523 ) ) ;
#797 = LINE ( 'NONE', #1722, #1171 ) ;
#798 = CARTESIAN_POINT ( 'NONE',  ( -1.247955441942401711, 0.000000000000000000, -1.653012389139412175 ) ) ;
#799 = ORIENTED_EDGE ( 'NONE', *, *, #622, .F. ) ;
#800 = PLANE ( 'NONE',  #1300 ) ;
#801 = ADVANCED_FACE ( 'NONE', ( #1368 ), #1227, .F. ) ;
#802 = DIRECTION ( 'NONE',  ( 0.8784655773419055569, 0.000000000000000000, 0.4778056398006961802 ) ) ;
#803 = LINE ( 'NONE', #170, #855 ) ;
#804 = CARTESIAN_POINT ( 'NONE',  ( 1.303953442542381325, 0.4000000000000000222, -2.000000000000000000 ) ) ;
#805 = CARTESIAN_POINT ( 'NONE',  ( -1.164016875979065224, 0.000000000000000000, 1.022727864467815273 ) ) ;
#806 = FACE_OUTER_BOUND ( 'NONE', #753, .T. ) ;
#807 = CARTESIAN_POINT ( 'NONE',  ( -1.143493064026161354, 0.4000000000000000222, -1.299098496375922007 ) ) ;
#808 = ORIENTED_EDGE ( 'NONE', *, *, #819, .F. ) ;
#809 = VERTEX_POINT ( 'NONE', #620 ) ;
#810 = EDGE_CURVE ( 'NONE', #763, #740, #781, .T. ) ;
#811 = CARTESIAN_POINT ( 'NONE',  ( -1.247955441942401711, 0.000000000000000000, -1.653012389139412175 ) ) ;
#812 = CARTESIAN_POINT ( 'NONE',  ( -1.113960226221021976, 0.4000000000000000222, -1.296025135314542664 ) ) ;
#813 = CARTESIAN_POINT ( 'NONE',  ( 0.2069926093606388184, 0.4000000000000000222, 2.351844618055555447 ) ) ;
#814 = CARTESIAN_POINT ( 'NONE',  ( -0.9939645106496370897, 0.4000000000000000222, 1.071890318627450656 ) ) ;
#815 = CARTESIAN_POINT ( 'NONE',  ( -1.229320790128327401, 0.4000000000000000222, 1.574897869009211027 ) ) ;
#816 = CARTESIAN_POINT ( 'NONE',  ( -1.228440349777396579, 0.000000000000000000, -1.875430660757366086 ) ) ;
#817 = ORIENTED_EDGE ( 'NONE', *, *, #26, .F. ) ;
#818 = CARTESIAN_POINT ( 'NONE',  ( -1.115600787140471617, 0.000000000000000000, 1.024261243022364543 ) ) ;
#819 = EDGE_CURVE ( 'NONE', #280, #972, #1134, .T. ) ;
#820 = CARTESIAN_POINT ( 'NONE',  ( -0.1839934305427899097, 0.000000000000000000, 2.306846224716284866 ) ) ;
#821 = VECTOR ( 'NONE', #1531, 1000.000000000000000 ) ;
#822 = ORIENTED_EDGE ( 'NONE', *, *, #1087, .F. ) ;
#823 = CONICAL_SURFACE ( 'NONE', #1690, 5.049999999999999822, 0.7853981633974504994 ) ;
#824 = CARTESIAN_POINT ( 'NONE',  ( 1.425496338600575230, 0.000000000000000000, -1.446279410477495420 ) ) ;
#825 = VECTOR ( 'NONE', #320, 1000.000000000000000 ) ;
#826 = CARTESIAN_POINT ( 'NONE',  ( -1.125959797778160576, 0.000000000000000000, 1.689868253820081989 ) ) ;
#827 = CARTESIAN_POINT ( 'NONE',  ( 1.306953335431666030, 0.000000000000000000, -1.296025135314542664 ) ) ;
#828 = CARTESIAN_POINT ( 'NONE',  ( -1.247955441942401711, 0.4000000000000000222, 1.349880393034492032 ) ) ;
#829 = EDGE_CURVE ( 'NONE', #522, #915, #1673, .T. ) ;
#830 = LINE ( 'NONE', #666, #1493 ) ;
#831 = CARTESIAN_POINT ( 'NONE',  ( 1.306953335431666030, 0.000000000000000000, -1.296025135314542664 ) ) ;
#832 = VERTEX_POINT ( 'NONE', #1455 ) ;
#833 = CARTESIAN_POINT ( 'NONE',  ( -1.241056946738474220, 0.4000000000000000222, 1.154646881944770387 ) ) ;
#834 = B_SPLINE_CURVE_WITH_KNOTS ( 'NONE', 3,
 ( #1636, #1182, #876, #1800, #479, #1257, #1404, #639, #31, #1711, #1104 ),
 .UNSPECIFIED., .F., .F.,
 ( 4, 1, 1, 1, 1, 1, 1, 1, 4 ),
 ( 0.000000000000000000, 0.1451387150339319421, 0.2548070928105535260, 0.3376810941349838169, 0.4110220030708902073, 0.4988601050949793003, 0.6171457489187798240, 0.7814973660904738217, 1.000000000000000000 ),
 .UNSPECIFIED. ) ;
#835 = PLANE ( 'NONE',  #1917 ) ;
#836 = ORIENTED_EDGE ( 'NONE', *, *, #582, .T. ) ;
#837 = DIRECTION ( 'NONE',  ( 0.000000000000000000, 1.000000000000000000, -0.000000000000000000 ) ) ;
#838 = CARTESIAN_POINT ( 'NONE',  ( -1.229320790128327401, 0.4000000000000000222, 1.574897869009211027 ) ) ;
#839 = CARTESIAN_POINT ( 'NONE',  ( 0.1173028005275161822, 0.4000000000000000222, 2.352623049352057016 ) ) ;
#840 = DIRECTION ( 'NONE',  ( 0.8365313087106446277, 0.000000000000000000, 0.5479191268306448093 ) ) ;
#841 = CARTESIAN_POINT ( 'NONE',  ( -1.228440349777396579, 0.000000000000000000, -1.875430660757366086 ) ) ;
#842 = CARTESIAN_POINT ( 'NONE',  ( -1.247955441942401711, 0.4000000000000000222, -1.653012389139412175 ) ) ;
#843 = DIRECTION ( 'NONE',  ( -1.000000000000000000, 0.000000000000000000, -0.000000000000000000 ) ) ;
#844 = FACE_OUTER_BOUND ( 'NONE', #1441, .T. ) ;
#845 = CARTESIAN_POINT ( 'NONE',  ( -1.161196376581145495, 0.000000000000000000, 1.665121532856354891 ) ) ;
#846 = CARTESIAN_POINT ( 'NONE',  ( -0.1649094595555035681, 0.000000000000000000, 2.321521016533844683 ) ) ;
#847 = LINE ( 'NONE', #989, #785 ) ;
#848 = CARTESIAN_POINT ( 'NONE',  ( -1.190963524010397734, 0.4000000000000000222, 1.639477581552106100 ) ) ;
#849 = CARTESIAN_POINT ( 'NONE',  ( 1.306953335431666030, 0.4000000000000000222, -1.296025135314542664 ) ) ;
#850 = DIRECTION ( 'NONE',  ( 0.000000000000000000, 0.000000000000000000, -1.000000000000000000 ) ) ;
#851 = EDGE_LOOP ( 'NONE', ( #1161, #223, #1643, #1279 ) ) ;
#852 = EDGE_CURVE ( 'NONE', #958, #1076, #396, .T. ) ;
#853 = AXIS2_PLACEMENT_3D ( 'NONE', #123, #274, #98 ) ;
#854 = CARTESIAN_POINT ( 'NONE',  ( 1.360105213338926644, 0.4000000000000000222, -1.983267514660195463 ) ) ;
#855 = VECTOR ( 'NONE', #1882, 1000.000000000000000 ) ;
#856 = CARTESIAN_POINT ( 'NONE',  ( 0.6079782922283495372, 0.4000000000000000222, 2.248848295523449892 ) ) ;
#857 = B_SPLINE_SURFACE_WITH_KNOTS ( 'NONE', 3, 1, ( 
 ( #1808, #1022 ),
 ( #1798, #1634 ),
 ( #873, #583 ),
 ( #109, #1327 ),
 ( #1948, #571 ),
 ( #1180, #1644 ),
 ( #272, #1338 ),
 ( #884, #120 ),
 ( #1489, #730 ),
 ( #1961, #431 ),
 ( #1042, #1247 ) ),
 .UNSPECIFIED., .F., .F., .F.,
 ( 4, 1, 1, 1, 1, 1, 1, 1, 4 ),
 ( 2, 2 ),
 ( 0.000000000000000000, 0.2619946231375901435, 0.4664472536817086401, 0.6248467031110532810, 0.7402337526803483003, 0.8231283380195367760, 0.8828681786443063340, 0.9374782147758515816, 1.000000000000000000 ),
 ( 0.000000000000000000, 1.000000000000000000 ),
 .UNSPECIFIED. ) ;
#858 = AXIS2_PLACEMENT_3D ( 'NONE', #405, #428, #1028 ) ;
#859 = LINE ( 'NONE', #269, #1333 ) ;
#860 = CARTESIAN_POINT ( 'NONE',  ( 1.439744579525166657, 0.000000000000000000, -1.738240911481489626 ) ) ;
#861 = CIRCLE ( 'NONE', #1240, 3.049999999999999822 ) ;
#862 = CARTESIAN_POINT ( 'NONE',  ( 0.3163814563246558076, 0.000000000000000000, 2.351743661546677355 ) ) ;
#863 = CARTESIAN_POINT ( 'NONE',  ( 0.6077134370374104311, 0.4000000000000000222, 2.258338866650843713 ) ) ;
#864 = B_SPLINE_CURVE_WITH_KNOTS ( 'NONE', 3,
 ( #1736, #82, #1607, #1419, #1444, #838, #975, #72, #685, #1760, #696 ),
 .UNSPECIFIED., .F., .F.,
 ( 4, 1, 1, 1, 1, 1, 1, 1, 4 ),
 ( 0.000000000000000000, 0.1953917962139281594, 0.3517781494829242406, 0.4829622150161109739, 0.5935440658976531836, 0.6937939757302394872, 0.7828984254103387164, 0.8806811103320599798, 0.9999999999999998890 ),
 .UNSPECIFIED. ) ;
#865 = CARTESIAN_POINT ( 'NONE',  ( -0.2879897173713233394, 0.4000000000000000222, -1.296025135314542664 ) ) ;
#866 = ORIENTED_EDGE ( 'NONE', *, *, #888, .F. ) ;
#867 = CARTESIAN_POINT ( 'NONE',  ( 0.4818203587973586832, 0.000000000000000000, 2.341824656540095528 ) ) ;
#868 = PRODUCT_DEFINITION ( 'UNKNOWN', '', #700, #585 ) ;
#869 = DIRECTION ( 'NONE',  ( 0.000000000000000000, -0.000000000000000000, -1.000000000000000000 ) ) ;
#870 = FACE_BOUND ( 'NONE', #1795, .T. ) ;
#871 = DIRECTION ( 'NONE',  ( 1.000000000000000000, 0.000000000000000000, -0.000000000000000000 ) ) ;
#872 = EDGE_LOOP ( 'NONE', ( #67, #1835, #597, #983 ) ) ;
#873 = CARTESIAN_POINT ( 'NONE',  ( 0.3163814563246558076, 0.4000000000000000222, 2.351743661546677355 ) ) ;
#874 = DIRECTION ( 'NONE',  ( 0.000000000000000000, 0.000000000000000000, -1.000000000000000000 ) ) ;
#875 = ADVANCED_FACE ( 'NONE', ( #1124 ), #1079, .F. ) ;
#876 = CARTESIAN_POINT ( 'NONE',  ( -1.058655218705285783, 0.4000000000000000222, 1.043108974400101863 ) ) ;
#877 = B_SPLINE_SURFACE_WITH_KNOTS ( 'NONE', 3, 1, ( 
 ( #1974, #1222 ),
 ( #1341, #126 ),
 ( #1024, #596 ),
 ( #605, #1203 ),
 ( #1822, #445 ),
 ( #1214, #733 ),
 ( #1522, #1668 ),
 ( #1371, #295 ),
 ( #1963, #906 ),
 ( #1514, #586 ),
 ( #455, #147 ) ),
 .UNSPECIFIED., .F., .F., .F.,
 ( 4, 1, 1, 1, 1, 1, 1, 1, 4 ),
 ( 2, 2 ),
 ( 0.000000000000000000, 0.1451387150339319421, 0.2548070928105535260, 0.3376810941349838169, 0.4110220030708902073, 0.4988601050949793003, 0.6171457489187798240, 0.7814973660904738217, 1.000000000000000000 ),
 ( 0.000000000000000000, 1.000000000000000000 ),
 .UNSPECIFIED. ) ;
#878 = ORIENTED_EDGE ( 'NONE', *, *, #19, .F. ) ;
#879 = CARTESIAN_POINT ( 'NONE',  ( 0.2069926093606388184, 0.000000000000000000, 2.351844618055555447 ) ) ;
#880 = CARTESIAN_POINT ( 'NONE',  ( -1.214108206683587099, 0.4000000000000000222, 1.610487857534117273 ) ) ;
#881 = PLANE ( 'NONE',  #1463 ) ;
#882 = CARTESIAN_POINT ( 'NONE',  ( 1.387502527575293243, 0.000000000000000000, -1.341248584928382837 ) ) ;
#883 = ORIENTED_EDGE ( 'NONE', *, *, #1357, .T. ) ;
#884 = CARTESIAN_POINT ( 'NONE',  ( 0.5947798896630431820, 0.4000000000000000222, 2.300462138408003732 ) ) ;
#885 = CARTESIAN_POINT ( 'NONE',  ( 1.431911749366390429, 0.4000000000000000222, -1.489804249308158024 ) ) ;
#886 = CARTESIAN_POINT ( 'NONE',  ( 1.303953442542381325, 0.4000000000000000222, -2.000000000000000000 ) ) ;
#887 = ORIENTED_EDGE ( 'NONE', *, *, #36, .F. ) ;
#888 = EDGE_CURVE ( 'NONE', #1139, #1615, #1967, .T. ) ;
#889 = CARTESIAN_POINT ( 'NONE',  ( 1.439948586856617752, 0.000000000000000000, -1.653012389139412397 ) ) ;
#890 = CARTESIAN_POINT ( 'NONE',  ( -1.247303600510941246, 0.4000000000000000222, -1.683026325934069201 ) ) ;
#891 = CARTESIAN_POINT ( 'NONE',  ( 0.4818203587973586832, 0.4000000000000000222, 2.341824656540095528 ) ) ;
#892 = VERTEX_POINT ( 'NONE', #1884 ) ;
#893 = VECTOR ( 'NONE', #1716, 1000.000000000000000 ) ;
#894 = CARTESIAN_POINT ( 'NONE',  ( 0.5342013113828417703, 0.4000000000000000222, 2.331725802865157071 ) ) ;
#895 = DIRECTION ( 'NONE',  ( 0.5479191268306448093, 0.000000000000000000, -0.8365313087106446277 ) ) ;
#896 = EDGE_CURVE ( 'NONE', #1052, #214, #63, .T. ) ;
#897 = CARTESIAN_POINT ( 'NONE',  ( 0.2069926093606388184, 0.4000000000000000222, 2.351844618055555447 ) ) ;
#898 = ORIENTED_EDGE ( 'NONE', *, *, #1307, .F. ) ;
#899 = CARTESIAN_POINT ( 'NONE',  ( 0.000000000000000000, 20.00000000000000000, 0.000000000000000000 ) ) ;
#900 = CARTESIAN_POINT ( 'NONE',  ( -1.211674260903818690, 0.4000000000000000222, -1.923370628717683495 ) ) ;
#901 = SURFACE_STYLE_USAGE ( .BOTH. , #738 ) ;
#902 = CARTESIAN_POINT ( 'NONE',  ( -0.2879897173713233394, 0.4000000000000000222, -1.296025135314542664 ) ) ;
#903 = VERTEX_POINT ( 'NONE', #988 ) ;
#904 = LINE ( 'NONE', #1190, #949 ) ;
#905 = DIRECTION ( 'NONE',  ( 0.000000000000000000, -1.000000000000000000, -0.000000000000000000 ) ) ;
#906 = CARTESIAN_POINT ( 'NONE',  ( -1.245930838078705305, 0.000000000000000000, 1.243521995094935884 ) ) ;
#907 = EDGE_LOOP ( 'NONE', ( #286, #1715, #1492, #1947 ) ) ;
#908 = CARTESIAN_POINT ( 'NONE',  ( -1.247955441942401711, 0.4000000000000000222, 1.349880393034492032 ) ) ;
#909 = CARTESIAN_POINT ( 'NONE',  ( 1.303953442542381325, 0.000000000000000000, -2.000000000000000000 ) ) ;
#910 = ORIENTED_EDGE ( 'NONE', *, *, #896, .F. ) ;
#911 = EDGE_CURVE ( 'NONE', #1540, #1591, #1597, .T. ) ;
#912 = DIRECTION ( 'NONE',  ( 0.000000000000000000, 0.000000000000000000, -1.000000000000000000 ) ) ;
#913 = CARTESIAN_POINT ( 'NONE',  ( 1.439573219848613972, 0.000000000000000000, -1.566161665059731645 ) ) ;
#914 = CARTESIAN_POINT ( 'NONE',  ( -1.194485579654366969, 0.4000000000000000222, -1.341252685089074470 ) ) ;
#915 = VERTEX_POINT ( 'NONE', #813 ) ;
#916 = EDGE_CURVE ( 'NONE', #972, #1519, #690, .T. ) ;
#917 = EDGE_LOOP ( 'NONE', ( #367, #1091, #1082, #343 ) ) ;
#918 = VECTOR ( 'NONE', #1072, 1000.000000000000000 ) ;
#919 = CARTESIAN_POINT ( 'NONE',  ( 1.420527775447011809, 0.4000000000000000222, -1.875466605955288246 ) ) ;
#920 = SURFACE_SIDE_STYLE ('',( #955 ) ) ;
#921 = VECTOR ( 'NONE', #334, 1000.000000000000227 ) ;
#922 = FACE_BOUND ( 'NONE', #158, .T. ) ;
#923 = AXIS2_PLACEMENT_3D ( 'NONE', #735, #416, #139 ) ;
#924 = ORIENTED_EDGE ( 'NONE', *, *, #1038, .F. ) ;
#925 = CARTESIAN_POINT ( 'NONE',  ( -1.240636396606087377, 0.000000000000000000, 1.532510166338658664 ) ) ;
#926 = EDGE_LOOP ( 'NONE', ( #1170, #602 ) ) ;
#927 = CARTESIAN_POINT ( 'NONE',  ( 1.383622281854527625, 0.4000000000000000222, -1.959101707617327159 ) ) ;
#928 = FACE_OUTER_BOUND ( 'NONE', #1097, .T. ) ;
#929 = CARTESIAN_POINT ( 'NONE',  ( -1.113960226221021976, 0.4000000000000000222, -1.296025135314542664 ) ) ;
#930 = ORIENTED_EDGE ( 'NONE', *, *, #1276, .T. ) ;
#931 = CARTESIAN_POINT ( 'NONE',  ( -1.247955441942401711, 0.4000000000000000222, 1.349880393034492032 ) ) ;
#932 = ORIENTED_EDGE ( 'NONE', *, *, #896, .T. ) ;
#933 = CARTESIAN_POINT ( 'NONE',  ( 1.439948586856617752, 0.4000000000000000222, -1.653012389139412397 ) ) ;
#934 = DIRECTION ( 'NONE',  ( 0.000000000000000000, 0.000000000000000000, 1.000000000000000000 ) ) ;
#935 = CARTESIAN_POINT ( 'NONE',  ( -0.1839934305427899097, 0.4000000000000000222, 2.306846224716284866 ) ) ;
#936 = PLANE ( 'NONE',  #791 ) ;
#937 = VERTEX_POINT ( 'NONE', #1164 ) ;
#938 = ADVANCED_FACE ( 'NONE', ( #1958 ), #1817, .F. ) ;
#939 = CARTESIAN_POINT ( 'NONE',  ( -1.138457222593702189, 0.4000000000000000222, 1.681091286952651975 ) ) ;
#940 = VERTEX_POINT ( 'NONE', #1969 ) ;
#941 = CARTESIAN_POINT ( 'NONE',  ( 1.303953442542381325, 0.000000000000000000, -2.000000000000000000 ) ) ;
#942 = FILL_AREA_STYLE_COLOUR ( '', #1057 ) ;
#943 = VECTOR ( 'NONE', #992, 1000.000000000000000 ) ;
#944 = EDGE_CURVE ( 'NONE', #1076, #1179, #747, .T. ) ;
#945 = CARTESIAN_POINT ( 'NONE',  ( -1.169069324165282531, 0.000000000000000000, -1.983552129906265504 ) ) ;
#946 = CARTESIAN_POINT ( 'NONE',  ( 0.6079782922283495372, 0.4000000000000000222, 2.248848295523449892 ) ) ;
#947 = VECTOR ( 'NONE', #1301, 1000.000000000000000 ) ;
#948 = VERTEX_POINT ( 'NONE', #600 ) ;
#949 = VECTOR ( 'NONE', #1512, 1000.000000000000000 ) ;
#950 = ORIENTED_EDGE ( 'NONE', *, *, #794, .T. ) ;
#951 = PRESENTATION_LAYER_ASSIGNMENT (  '', '', ( #1988 ) ) ;
#952 = DIRECTION ( 'NONE',  ( 0.000000000000000000, 0.000000000000000000, 1.000000000000000000 ) ) ;
#953 = ORIENTED_EDGE ( 'NONE', *, *, #1738, .F. ) ;
#954 = CARTESIAN_POINT ( 'NONE',  ( 0.000000000000000000, 0.9999999999999974465, 5.049999999999999822 ) ) ;
#955 = SURFACE_STYLE_FILL_AREA ( #1384 ) ;
#956 = CARTESIAN_POINT ( 'NONE',  ( -0.1090920662642525379, 0.000000000000000000, 2.338056381919136228 ) ) ;
#957 = CARTESIAN_POINT ( 'NONE',  ( -1.214570877800384086, 0.000000000000000000, -1.378346331871961317 ) ) ;
#958 = VERTEX_POINT ( 'NONE', #1039 ) ;
#959 = CARTESIAN_POINT ( 'NONE',  ( -1.058655218705285783, 0.000000000000000000, 1.043108974400101863 ) ) ;
#960 = EDGE_LOOP ( 'NONE', ( #1579, #668, #1361, #1501 ) ) ;
#961 = B_SPLINE_CURVE_WITH_KNOTS ( 'NONE', 3,
 ( #889, #1814, #1323, #1474, #1046, #1658, #1925, #1152, #1628, #247, #714 ),
 .UNSPECIFIED., .F., .F.,
 ( 4, 1, 1, 1, 1, 1, 1, 1, 4 ),
 ( 0.000000000000000000, 0.2211726172025622328, 0.4064829379723456926, 0.5592242054201972401, 0.6820184065259273787, 0.7789323883112897473, 0.8588466837340277271, 0.9280762948648706434, 1.000000000000000000 ),
 .UNSPECIFIED. ) ;
#962 = DIRECTION ( 'NONE',  ( -0.000000000000000000, -1.000000000000000000, -0.000000000000000000 ) ) ;
#963 = CARTESIAN_POINT ( 'NONE',  ( -1.143493064026161354, 0.000000000000000000, -1.299098496375922007 ) ) ;
#964 = CARTESIAN_POINT ( 'NONE',  ( -0.1392226488738425583, 0.000000000000000000, 2.329492174564235629 ) ) ;
#965 = EDGE_CURVE ( 'NONE', #1523, #763, #148, .T. ) ;
#966 = CARTESIAN_POINT ( 'NONE',  ( -1.247219803442398689, 0.4000000000000000222, 1.311235138164668523 ) ) ;
#967 = LINE ( 'NONE', #76, #984 ) ;
#968 = CARTESIAN_POINT ( 'NONE',  ( -1.124764855728540569, 0.000000000000000000, -1.999235198971307970 ) ) ;
#969 = ORIENTED_EDGE ( 'NONE', *, *, #810, .T. ) ;
#970 = CARTESIAN_POINT ( 'NONE',  ( -0.9939645106496370897, 0.4000000000000000222, 1.071890318627450656 ) ) ;
#971 = CARTESIAN_POINT ( 'NONE',  ( -0.2879897173713233394, 0.4000000000000000222, -1.296025135314542664 ) ) ;
#972 = VERTEX_POINT ( 'NONE', #1793 ) ;
#973 = CARTESIAN_POINT ( 'NONE',  ( 0.000000000000000000, 0.9999999999999974465, -5.049999999999999822 ) ) ;
#974 = EDGE_CURVE ( 'NONE', #311, #522, #859, .T. ) ;
#975 = CARTESIAN_POINT ( 'NONE',  ( -1.214108206683587099, 0.4000000000000000222, 1.610487857534117273 ) ) ;
#976 = CARTESIAN_POINT ( 'NONE',  ( -0.1392226488738425583, 0.4000000000000000222, 2.329492174564235629 ) ) ;
#977 = CARTESIAN_POINT ( 'NONE',  ( 1.333129744089488478, 0.000000000000000000, -1.998183394484386310 ) ) ;
#978 = CARTESIAN_POINT ( 'NONE',  ( -0.1839934305427899097, 0.4000000000000000222, 2.306846224716284866 ) ) ;
#979 = CARTESIAN_POINT ( 'NONE',  ( 1.431911749366390429, 0.4000000000000000222, -1.489804249308158024 ) ) ;
#980 = ORIENTED_EDGE ( 'NONE', *, *, #1667, .T. ) ;
#981 =( LENGTH_UNIT ( ) NAMED_UNIT ( * ) SI_UNIT ( .MILLI., .METRE. ) );
#982 = DIRECTION ( 'NONE',  ( 0.000000000000000000, -1.000000000000000000, 0.000000000000000000 ) ) ;
#983 = ORIENTED_EDGE ( 'NONE', *, *, #1102, .T. ) ;
#984 = VECTOR ( 'NONE', #550, 1000.000000000000000 ) ;
#985 = CARTESIAN_POINT ( 'NONE',  ( 0.2069926093606388184, 0.4000000000000000222, 2.351844618055555447 ) ) ;
#986 = CONICAL_SURFACE ( 'NONE', #1109, 5.049999999999999822, 0.7853981633974504994 ) ;
#987 = CARTESIAN_POINT ( 'NONE',  ( -1.143493064026161354, 0.4000000000000000222, -1.299098496375922007 ) ) ;
#988 = CARTESIAN_POINT ( 'NONE',  ( -1.115960154813878447, 0.000000000000000000, -2.000000000000000000 ) ) ;
#989 = CARTESIAN_POINT ( 'NONE',  ( 0.6079782922283495372, 0.4000000000000000222, 2.248848295523449892 ) ) ;
#990 = CARTESIAN_POINT ( 'NONE',  ( -1.246849977318279068, 0.000000000000000000, -1.566281259687044125 ) ) ;
#991 = CARTESIAN_POINT ( 'NONE',  ( 0.6077134370374104311, -0.000000000000000000, 2.258338866650843713 ) ) ;
#992 = DIRECTION ( 'NONE',  ( -0.000000000000000000, -1.000000000000000000, -0.000000000000000000 ) ) ;
#993 = DIRECTION ( 'NONE',  ( 1.000000000000000000, 0.000000000000000000, -0.000000000000000000 ) ) ;
#994 = ORIENTED_EDGE ( 'NONE', *, *, #1714, .F. ) ;
#995 = CYLINDRICAL_SURFACE ( 'NONE', #537, 4.349999999999999645 ) ;
#996 = CARTESIAN_POINT ( 'NONE',  ( -1.138457222593702189, -0.000000000000000000, 1.681091286952651975 ) ) ;
#997 = CARTESIAN_POINT ( 'NONE',  ( -0.1649094595555035681, 0.4000000000000000222, 2.321521016533844683 ) ) ;
#998 = LINE ( 'NONE', #376, #634 ) ;
#999 = CARTESIAN_POINT ( 'NONE',  ( -1.245945240561503464, 0.4000000000000000222, 1.481671813099323609 ) ) ;
#1000 = CARTESIAN_POINT ( 'NONE',  ( -1.246106499911462384, 0.000000000000000000, -1.738146635867557466 ) ) ;
#1001 = CARTESIAN_POINT ( 'NONE',  ( 0.000000000000000000, 20.00000000000000000, -5.049999999999999822 ) ) ;
#1002 = ORIENTED_EDGE ( 'NONE', *, *, #1899, .F. ) ;
#1003 = ADVANCED_FACE ( 'NONE', ( #1177, #870 ), #881, .T. ) ;
#1004 = CARTESIAN_POINT ( 'NONE',  ( 1.303953442542381325, 0.4000000000000000222, -2.000000000000000000 ) ) ;
#1005 = CARTESIAN_POINT ( 'NONE',  ( -1.113960226221021976, 0.000000000000000000, -1.296025135314542664 ) ) ;
#1006 = PRESENTATION_STYLE_ASSIGNMENT (( #901 ) ) ;
#1007 = CARTESIAN_POINT ( 'NONE',  ( 0.000000000000000000, 1.999999999999998224, 1.649999999999999911 ) ) ;
#1008 = MANIFOLD_SOLID_BREP ( 'Boss-Extrude4', #1883 ) ;
#1009 = CARTESIAN_POINT ( 'NONE',  ( -1.214570877800384086, 0.4000000000000000222, -1.378346331871961317 ) ) ;
#1010 = CARTESIAN_POINT ( 'NONE',  ( 0.2463358852592353598, -0.000000000000000000, 2.351808307591620295 ) ) ;
#1011 = ADVANCED_FACE ( 'NONE', ( #1317 ), #1936, .F. ) ;
#1012 = DIRECTION ( 'NONE',  ( -0.4778056398006961802, 0.000000000000000000, 0.8784655773419055569 ) ) ;
#1013 = EDGE_LOOP ( 'NONE', ( #1990, #101, #1406, #1527 ) ) ;
#1014 = CARTESIAN_POINT ( 'NONE',  ( 0.6077134370374104311, -0.000000000000000000, 2.258338866650843713 ) ) ;
#1015 = AXIS2_PLACEMENT_3D ( 'NONE', #1932, #79, #100 ) ;
#1016 = FACE_OUTER_BOUND ( 'NONE', #80, .T. ) ;
#1017 = CIRCLE ( 'NONE', #790, 3.049999999999999822 ) ;
#1018 = CARTESIAN_POINT ( 'NONE',  ( 1.407443487650167357, 0.4000000000000000222, -1.378367057269303420 ) ) ;
#1019 = CARTESIAN_POINT ( 'NONE',  ( 0.6079782922283495372, 0.4000000000000000222, 2.248848295523449892 ) ) ;
#1020 = ORIENTED_EDGE ( 'NONE', *, *, #1442, .T. ) ;
#1021 = EDGE_CURVE ( 'NONE', #456, #1183, #408, .T. ) ;
#1022 = CARTESIAN_POINT ( 'NONE',  ( 0.2069926093606387907, 0.000000000000000000, 2.351844618055555003 ) ) ;
#1023 = DIRECTION ( 'NONE',  ( -0.000000000000000000, -1.000000000000000000, -0.000000000000000000 ) ) ;
#1024 = CARTESIAN_POINT ( 'NONE',  ( -1.058655218705285783, 0.4000000000000000222, 1.043108974400101863 ) ) ;
#1025 = EDGE_LOOP ( 'NONE', ( #1701, #1215 ) ) ;
#1026 = CARTESIAN_POINT ( 'NONE',  ( -1.214570877800384086, 0.000000000000000000, -1.378346331871961317 ) ) ;
#1027 = CARTESIAN_POINT ( 'NONE',  ( -1.190963524010397734, 0.000000000000000000, 1.639477581552106100 ) ) ;
#1028 = DIRECTION ( 'NONE',  ( 0.000000000000000000, 0.000000000000000000, 1.000000000000000000 ) ) ;
#1029 = CARTESIAN_POINT ( 'NONE',  ( 0.000000000000000000, 23.00000000000000000, -5.049999999999999822 ) ) ;
#1030 = ORIENTED_EDGE ( 'NONE', *, *, #244, .F. ) ;
#1031 = EDGE_CURVE ( 'NONE', #1652, #1139, #726, .T. ) ;
#1032 = DIRECTION ( 'NONE',  ( -1.000000000000000000, 0.000000000000000000, -0.000000000000000000 ) ) ;
#1033 = CARTESIAN_POINT ( 'NONE',  ( 1.303953442542381325, 0.000000000000000000, -2.000000000000000000 ) ) ;
#1034 = CARTESIAN_POINT ( 'NONE',  ( -0.2879897173713233394, 0.4000000000000000222, 1.455876608455881627 ) ) ;
#1035 = ORIENTED_EDGE ( 'NONE', *, *, #205, .F. ) ;
#1036 = CARTESIAN_POINT ( 'NONE',  ( -0.1839934305427899097, 0.000000000000000000, 2.306846224716284866 ) ) ;
#1037 = CARTESIAN_POINT ( 'NONE',  ( 1.431911749366390429, 0.4000000000000000222, -1.489804249308158024 ) ) ;
#1038 = EDGE_CURVE ( 'NONE', #1806, #940, #1075, .T. ) ;
#1039 = CARTESIAN_POINT ( 'NONE',  ( 1.303953442542381325, 0.4000000000000000222, -2.000000000000000000 ) ) ;
#1040 = CARTESIAN_POINT ( 'NONE',  ( 1.431911749366390429, 0.000000000000000000, -1.489804249308158024 ) ) ;
#1041 = ORIENTED_EDGE ( 'NONE', *, *, #1087, .T. ) ;
#1042 = CARTESIAN_POINT ( 'NONE',  ( 0.6079782922283495372, 0.4000000000000000222, 2.248848295523449892 ) ) ;
#1043 = CARTESIAN_POINT ( 'NONE',  ( 1.316786668675624883, 0.4000000000000000222, -1.297048342556738065 ) ) ;
#1044 = CARTESIAN_POINT ( 'NONE',  ( -1.247564605938853655, 0.4000000000000000222, -1.622348677900993463 ) ) ;
#1045 = ORIENTED_EDGE ( 'NONE', *, *, #1021, .F. ) ;
#1046 = CARTESIAN_POINT ( 'NONE',  ( 1.420527775447011809, 0.000000000000000000, -1.875466605955288246 ) ) ;
#1047 = CARTESIAN_POINT ( 'NONE',  ( -1.169069324165282531, 0.4000000000000000222, -1.983552129906265504 ) ) ;
#1048 = AXIS2_PLACEMENT_3D ( 'NONE', #1937, #1959, #871 ) ;
#1049 = CARTESIAN_POINT ( 'NONE',  ( 0.000000000000000000, 23.00000000000000000, 0.000000000000000000 ) ) ;
#1050 = AXIS2_PLACEMENT_3D ( 'NONE', #234, #1130, #563 ) ;
#1051 = CARTESIAN_POINT ( 'NONE',  ( 0.5947798896630431820, 0.4000000000000000222, 2.300462138408003732 ) ) ;
#1052 = VERTEX_POINT ( 'NONE', #1245 ) ;
#1053 = ADVANCED_FACE ( 'NONE', ( #1533 ), #235, .F. ) ;
#1054 = B_SPLINE_CURVE_WITH_KNOTS ( 'NONE', 3,
 ( #422, #442, #1939, #1479, #1820, #1832, #410, #1502, #293, #1981, #1520 ),
 .UNSPECIFIED., .F., .F.,
 ( 4, 1, 1, 1, 1, 1, 1, 1, 4 ),
 ( 0.000000000000000000, 0.06522939618511702786, 0.1351009759154859213, 0.2140224219184149457, 0.3118350904383251354, 0.4357679664553557042, 0.5899256090055892132, 0.7767075898654186572, 1.000000000000000000 ),
 .UNSPECIFIED. ) ;
#1055 = CARTESIAN_POINT ( 'NONE',  ( 0.4818203587973586832, 0.4000000000000000222, 2.341824656540095528 ) ) ;
#1056 = CARTESIAN_POINT ( 'NONE',  ( 1.423481289622233081, 0.4000000000000000222, -1.427311654974843025 ) ) ;
#1057 = COLOUR_RGB ( '',0.7921568627450980005, 0.8196078431372548767, 0.9333333333333333481 ) ;
#1058 = CARTESIAN_POINT ( 'NONE',  ( -1.164016875979065224, 0.000000000000000000, 1.022727864467815273 ) ) ;
#1059 = ORIENTED_EDGE ( 'NONE', *, *, #1976, .F. ) ;
#1060 = EDGE_CURVE ( 'NONE', #740, #937, #163, .T. ) ;
#1061 = DIRECTION ( 'NONE',  ( 0.000000000000000000, -1.000000000000000000, 0.000000000000000000 ) ) ;
#1062 = CARTESIAN_POINT ( 'NONE',  ( 1.439744579525166657, 0.4000000000000000222, -1.738240911481489626 ) ) ;
#1063 = ORIENTED_EDGE ( 'NONE', *, *, #1296, .T. ) ;
#1064 = DIRECTION ( 'NONE',  ( 1.000000000000000000, 0.000000000000000000, 0.000000000000000000 ) ) ;
#1065 = CARTESIAN_POINT ( 'NONE',  ( 1.439815919629455099, 0.000000000000000000, -1.622316444916723110 ) ) ;
#1066 = EDGE_CURVE ( 'NONE', #330, #149, #1373, .T. ) ;
#1067 = CARTESIAN_POINT ( 'NONE',  ( 0.1749874402712375543, 0.4000000000000000222, 2.352122395716062631 ) ) ;
#1068 = VERTEX_POINT ( 'NONE', #306 ) ;
#1069 = ORIENTED_EDGE ( 'NONE', *, *, #53, .F. ) ;
#1070 = DIRECTION ( 'NONE',  ( -0.000000000000000000, -1.000000000000000000, -0.000000000000000000 ) ) ;
#1071 = LINE ( 'NONE', #172, #129 ) ;
#1072 = DIRECTION ( 'NONE',  ( 0.000000000000000000, 0.000000000000000000, 1.000000000000000000 ) ) ;
#1073 = ORIENTED_EDGE ( 'NONE', *, *, #53, .T. ) ;
#1074 = EDGE_CURVE ( 'NONE', #1352, #1652, #626, .T. ) ;
#1075 = LINE ( 'NONE', #1541, #127 ) ;
#1076 = VERTEX_POINT ( 'NONE', #27 ) ;
#1077 = CARTESIAN_POINT ( 'NONE',  ( 1.420527775447011809, 0.4000000000000000222, -1.875466605955288246 ) ) ;
#1078 = CARTESIAN_POINT ( 'NONE',  ( -1.058655218705285783, 0.000000000000000000, 1.043108974400101863 ) ) ;
#1079 = CONICAL_SURFACE ( 'NONE', #1107, 4.349999999999999645, 0.7853981633974361776 ) ;
#1080 = CARTESIAN_POINT ( 'NONE',  ( -1.124764855728540569, -0.000000000000000000, -1.999235198971307970 ) ) ;
#1081 = CARTESIAN_POINT ( 'NONE',  ( -1.246849977318279068, 0.4000000000000000222, -1.566281259687044125 ) ) ;
#1082 = ORIENTED_EDGE ( 'NONE', *, *, #1060, .T. ) ;
#1083 = CARTESIAN_POINT ( 'NONE',  ( -1.214108206683587099, 0.000000000000000000, 1.610487857534117273 ) ) ;
#1084 = ORIENTED_EDGE ( 'NONE', *, *, #1761, .T. ) ;
#1085 = CARTESIAN_POINT ( 'NONE',  ( 1.403574072301211562, 0.000000000000000000, -1.923288417506024972 ) ) ;
#1086 = CARTESIAN_POINT ( 'NONE',  ( -1.169069324165282531, 0.4000000000000000222, -1.983552129906265504 ) ) ;
#1087 = EDGE_CURVE ( 'NONE', #1733, #280, #1797, .T. ) ;
#1088 = CARTESIAN_POINT ( 'NONE',  ( -1.113960226221021976, 0.4000000000000000222, -1.296025135314542664 ) ) ;
#1089 = CARTESIAN_POINT ( 'NONE',  ( -1.247564605938853655, 0.000000000000000000, -1.622348677900993463 ) ) ;
#1090 = ORIENTED_EDGE ( 'NONE', *, *, #1682, .F. ) ;
#1091 = ORIENTED_EDGE ( 'NONE', *, *, #349, .F. ) ;
#1092 = EDGE_CURVE ( 'NONE', #425, #892, #642, .T. ) ;
#1093 = DIRECTION ( 'NONE',  ( 0.000000000000000000, 0.7071067811865460184, 0.7071067811865490160 ) ) ;
#1094 = CARTESIAN_POINT ( 'NONE',  ( -1.247955441942401711, 0.000000000000000000, -1.653012389139412175 ) ) ;
#1095 = CARTESIAN_POINT ( 'NONE',  ( -0.1839934305427899097, 0.000000000000000000, 2.306846224716284866 ) ) ;
#1096 = CARTESIAN_POINT ( 'NONE',  ( -0.9939645106496370897, 0.000000000000000000, 1.071890318627450656 ) ) ;
#1097 = EDGE_LOOP ( 'NONE', ( #1461, #271, #1851, #33 ) ) ;
#1098 = ORIENTED_EDGE ( 'NONE', *, *, #562, .T. ) ;
#1099 = DIRECTION ( 'NONE',  ( -0.8784655773419055569, 0.000000000000000000, -0.4778056398006961247 ) ) ;
#1100 = ORIENTED_EDGE ( 'NONE', *, *, #1919, .F. ) ;
#1101 = LINE ( 'NONE', #179, #50 ) ;
#1102 = EDGE_CURVE ( 'NONE', #1637, #402, #186, .T. ) ;
#1103 = CIRCLE ( 'NONE', #1661, 5.049999999999999822 ) ;
#1104 = CARTESIAN_POINT ( 'NONE',  ( -1.247955441942401711, 0.4000000000000000222, 1.349880393034492032 ) ) ;
#1105 = DIRECTION ( 'NONE',  ( 0.000000000000000000, 0.000000000000000000, 1.000000000000000000 ) ) ;
#1106 = VERTEX_POINT ( 'NONE', #908 ) ;
#1107 = AXIS2_PLACEMENT_3D ( 'NONE', #1274, #1762, #39 ) ;
#1108 = EDGE_LOOP ( 'NONE', ( #1304, #1293, #671, #1478 ) ) ;
#1109 = AXIS2_PLACEMENT_3D ( 'NONE', #1869, #778, #24 ) ;
#1110 = EDGE_CURVE ( 'NONE', #522, #972, #755, .T. ) ;
#1111 = LINE ( 'NONE', #533, #1238 ) ;
#1112 = ORIENTED_EDGE ( 'NONE', *, *, #1873, .T. ) ;
#1113 = CARTESIAN_POINT ( 'NONE',  ( -0.07043328361661951864, 0.4000000000000000222, 2.343481309969263293 ) ) ;
#1114 = CARTESIAN_POINT ( 'NONE',  ( -1.245930838078705305, 0.4000000000000000222, 1.243521995094935884 ) ) ;
#1115 = CARTESIAN_POINT ( 'NONE',  ( -1.123793170649313611, 0.000000000000000000, -1.297048409431442950 ) ) ;
#1116 = CARTESIAN_POINT ( 'NONE',  ( -1.123793170649313611, 0.000000000000000000, -1.297048409431442950 ) ) ;
#1117 = ORIENTED_EDGE ( 'NONE', *, *, #1031, .F. ) ;
#1118 = APPLICATION_CONTEXT ( 'automotive_design' ) ;
#1119 = EDGE_CURVE ( 'NONE', #581, #60, #1837, .T. ) ;
#1120 = B_SPLINE_CURVE_WITH_KNOTS ( 'NONE', 3,
 ( #524, #437, #278, #1047, #736, #900, #1497, #1163, #131, #890, #1968 ),
 .UNSPECIFIED., .F., .F.,
 ( 4, 1, 1, 1, 1, 1, 1, 1, 4 ),
 ( 0.000000000000000000, 0.06522939618511702786, 0.1351009759154859213, 0.2140224219184149457, 0.3118350904383251354, 0.4357679664553557042, 0.5899256090055892132, 0.7767075898654186572, 1.000000000000000000 ),
 .UNSPECIFIED. ) ;
#1121 = ORIENTED_EDGE ( 'NONE', *, *, #1957, .T. ) ;
#1122 = CARTESIAN_POINT ( 'NONE',  ( -1.247564605938853655, -0.000000000000000000, -1.622348677900993463 ) ) ;
#1123 = FACE_OUTER_BOUND ( 'NONE', #492, .T. ) ;
#1124 = FACE_OUTER_BOUND ( 'NONE', #851, .T. ) ;
#1125 = CARTESIAN_POINT ( 'NONE',  ( -1.058655218705285783, 0.4000000000000000222, 1.043108974400101863 ) ) ;
#1126 = CARTESIAN_POINT ( 'NONE',  ( -1.247955441942401711, 0.4000000000000000222, -1.653012389139412175 ) ) ;
#1127 = CARTESIAN_POINT ( 'NONE',  ( 1.387502527575293243, 0.4000000000000000222, -1.341248584928382837 ) ) ;
#1128 = ORIENTED_EDGE ( 'NONE', *, *, #1031, .T. ) ;
#1129 = CARTESIAN_POINT ( 'NONE',  ( -1.125959797778160576, 0.4000000000000000222, 1.689868253820081989 ) ) ;
#1130 = DIRECTION ( 'NONE',  ( -0.000000000000000000, -1.000000000000000000, 0.000000000000000000 ) ) ;
#1131 = ORIENTED_EDGE ( 'NONE', *, *, #495, .T. ) ;
#1132 = DIRECTION ( 'NONE',  ( 0.000000000000000000, -1.000000000000000000, 0.000000000000000000 ) ) ;
#1133 = CARTESIAN_POINT ( 'NONE',  ( -1.247653425370066627, -0.000000000000000000, 1.374880401507527772 ) ) ;
#1134 = LINE ( 'NONE', #538, #1952 ) ;
#1135 = CARTESIAN_POINT ( 'NONE',  ( 1.303953442542381325, 0.000000000000000000, -2.000000000000000000 ) ) ;
#1136 = CARTESIAN_POINT ( 'NONE',  ( -1.138457222593702189, 0.4000000000000000222, 1.681091286952651975 ) ) ;
#1137 = CARTESIAN_POINT ( 'NONE',  ( 1.336487341028419040, 0.4000000000000000222, -1.299098295520539459 ) ) ;
#1138 = CARTESIAN_POINT ( 'NONE',  ( -0.02215370671699561783, 0.000000000000000000, 2.349044370458397868 ) ) ;
#1139 = VERTEX_POINT ( 'NONE', #1912 ) ;
#1140 = VECTOR ( 'NONE', #1400, 1000.000000000000000 ) ;
#1141 = PLANE ( 'NONE',  #1496 ) ;
#1142 = CIRCLE ( 'NONE', #608, 4.349999999999999645 ) ;
#1143 = CARTESIAN_POINT ( 'NONE',  ( -1.171381330558701084, 0.4000000000000000222, -1.314540094279099680 ) ) ;
#1144 = CARTESIAN_POINT ( 'NONE',  ( -0.1839934305427899097, 0.4000000000000000222, 2.306846224716284866 ) ) ;
#1145 = CARTESIAN_POINT ( 'NONE',  ( -1.247955441942401711, 0.4000000000000000222, -1.653012389139412175 ) ) ;
#1146 = CARTESIAN_POINT ( 'NONE',  ( -0.2879897173713233394, 0.4000000000000000222, 1.455876608455881627 ) ) ;
#1147 = CARTESIAN_POINT ( 'NONE',  ( 0.5721230934191442463, 0.4000000000000000222, 2.320729808527303373 ) ) ;
#1148 = LINE ( 'NONE', #1129, #943 ) ;
#1149 = EDGE_CURVE ( 'NONE', #1106, #1733, #1111, .T. ) ;
#1150 = DIRECTION ( 'NONE',  ( 0.000000000000000000, -1.000000000000000000, 0.000000000000000000 ) ) ;
#1151 = ORIENTED_EDGE ( 'NONE', *, *, #776, .T. ) ;
#1152 = CARTESIAN_POINT ( 'NONE',  ( 1.360105213338926644, 0.000000000000000000, -1.983267514660195463 ) ) ;
#1153 = CARTESIAN_POINT ( 'NONE',  ( -1.242082903947122174, 0.4000000000000000222, -1.489472136240786559 ) ) ;
#1154 = B_SPLINE_CURVE_WITH_KNOTS ( 'NONE', 3,
 ( #77, #518, #1159, #1741, #1448, #711, #1147, #667, #252, #863, #1458 ),
 .UNSPECIFIED., .F., .F.,
 ( 4, 1, 1, 1, 1, 1, 1, 1, 4 ),
 ( 0.000000000000000000, 0.2619946231375901435, 0.4664472536817086401, 0.6248467031110532810, 0.7402337526803483003, 0.8231283380195367760, 0.8828681786443063340, 0.9374782147758515816, 1.000000000000000000 ),
 .UNSPECIFIED. ) ;
#1155 = CARTESIAN_POINT ( 'NONE',  ( 1.439573219848613972, 0.000000000000000000, -1.566161665059731645 ) ) ;
#1156 = DIRECTION ( 'NONE',  ( -0.000000000000000000, -1.000000000000000000, -0.000000000000000000 ) ) ;
#1157 = EDGE_CURVE ( 'NONE', #198, #1924, #374, .T. ) ;
#1158 = CARTESIAN_POINT ( 'NONE',  ( -1.247955441942401711, 0.4000000000000000222, 1.349880393034492032 ) ) ;
#1159 = CARTESIAN_POINT ( 'NONE',  ( 0.3163814563246558076, 0.4000000000000000222, 2.351743661546677355 ) ) ;
#1160 = CARTESIAN_POINT ( 'NONE',  ( 1.306953335431666030, 0.4000000000000000222, -1.296025135314542664 ) ) ;
#1161 = ORIENTED_EDGE ( 'NONE', *, *, #582, .F. ) ;
#1162 = CARTESIAN_POINT ( 'NONE',  ( 1.333129744089488478, 0.4000000000000000222, -1.998183394484386310 ) ) ;
#1163 = CARTESIAN_POINT ( 'NONE',  ( -1.239612899765657916, 0.4000000000000000222, -1.813779169520080004 ) ) ;
#1164 = CARTESIAN_POINT ( 'NONE',  ( -1.115960154813878447, 0.4000000000000000222, -2.000000000000000000 ) ) ;
#1165 = CARTESIAN_POINT ( 'NONE',  ( 0.5342013113828417703, 0.4000000000000000222, 2.331725802865157071 ) ) ;
#1166 = ORIENTED_EDGE ( 'NONE', *, *, #474, .F. ) ;
#1167 = CARTESIAN_POINT ( 'NONE',  ( 0.4100690559814312852, 0.000000000000000000, 2.347873638594501156 ) ) ;
#1168 = CARTESIAN_POINT ( 'NONE',  ( 0.4100690559814312852, 0.000000000000000000, 2.347873638594501156 ) ) ;
#1169 = LINE ( 'NONE', #1001, #947 ) ;
#1170 = ORIENTED_EDGE ( 'NONE', *, *, #297, .T. ) ;
#1171 = VECTOR ( 'NONE', #1546, 1000.000000000000000 ) ;
#1172 = CARTESIAN_POINT ( 'NONE',  ( 1.420527775447011809, 0.4000000000000000222, -1.875466605955288246 ) ) ;
#1173 = VECTOR ( 'NONE', #1719, 1000.000000000000000 ) ;
#1174 = CARTESIAN_POINT ( 'NONE',  ( -1.125959797778160576, 0.4000000000000000222, 1.689868253820081989 ) ) ;
#1175 = ADVANCED_FACE ( 'NONE', ( #1606 ), #1141, .T. ) ;
#1176 = VECTOR ( 'NONE', #1306, 1000.000000000000000 ) ;
#1177 = FACE_OUTER_BOUND ( 'NONE', #333, .T. ) ;
#1178 = DIRECTION ( 'NONE',  ( -0.000000000000000000, -1.000000000000000000, -0.000000000000000000 ) ) ;
#1179 = VERTEX_POINT ( 'NONE', #227 ) ;
#1180 = CARTESIAN_POINT ( 'NONE',  ( 0.5342013113828417703, 0.4000000000000000222, 2.331725802865157071 ) ) ;
#1181 = CARTESIAN_POINT ( 'NONE',  ( 1.306953335431666030, 0.000000000000000000, -1.296025135314542664 ) ) ;
#1182 = CARTESIAN_POINT ( 'NONE',  ( -1.017440506791301713, 0.4000000000000000222, 1.061445685289198471 ) ) ;
#1183 = VERTEX_POINT ( 'NONE', #694 ) ;
#1184 = ADVANCED_FACE ( 'NONE', ( #661, #684 ), #1432, .T. ) ;
#1185 = DIRECTION ( 'NONE',  ( 8.659560562354953812E-17, 0.7071067811865460184, -0.7071067811865490160 ) ) ;
#1186 = CARTESIAN_POINT ( 'NONE',  ( -1.214108206683587099, 0.000000000000000000, 1.610487857534117273 ) ) ;
#1187 = DIRECTION ( 'NONE',  ( 0.8365313087106446277, 0.000000000000000000, 0.5479191268306448093 ) ) ;
#1188 = CARTESIAN_POINT ( 'NONE',  ( 0.6077134370374104311, 0.4000000000000000222, 2.258338866650843713 ) ) ;
#1189 = ORIENTED_EDGE ( 'NONE', *, *, #1385, .T. ) ;
#1190 = CARTESIAN_POINT ( 'NONE',  ( 0.6079782922283495372, 0.4000000000000000222, 2.248848295523449892 ) ) ;
#1191 = CARTESIAN_POINT ( 'NONE',  ( -1.125959797778160576, 0.4000000000000000222, 1.689868253820081989 ) ) ;
#1192 = B_SPLINE_CURVE_WITH_KNOTS ( 'NONE', 3,
 ( #487, #1080, #173, #945, #777, #87, #841, #1752, #1740, #702, #96 ),
 .UNSPECIFIED., .F., .F.,
 ( 4, 1, 1, 1, 1, 1, 1, 1, 4 ),
 ( 0.000000000000000000, 0.06522939618511702786, 0.1351009759154859213, 0.2140224219184149457, 0.3118350904383251354, 0.4357679664553557042, 0.5899256090055892132, 0.7767075898654186572, 1.000000000000000000 ),
 .UNSPECIFIED. ) ;
#1193 = CARTESIAN_POINT ( 'NONE',  ( -0.9939645106496370897, 0.000000000000000000, 1.071890318627450656 ) ) ;
#1194 = ORIENTED_EDGE ( 'NONE', *, *, #398, .T. ) ;
#1195 = CARTESIAN_POINT ( 'NONE',  ( -1.246849977318279068, 0.000000000000000000, -1.566281259687044125 ) ) ;
#1196 = PRODUCT_RELATED_PRODUCT_CATEGORY ( 'part', '', ( #329 ) ) ;
#1197 = CARTESIAN_POINT ( 'NONE',  ( -1.190963524010397734, 0.4000000000000000222, 1.639477581552106100 ) ) ;
#1198 = LINE ( 'NONE', #1487, #500 ) ;
#1199 = EDGE_LOOP ( 'NONE', ( #1233, #1059, #1348, #196 ) ) ;
#1200 = DIRECTION ( 'NONE',  ( 0.000000000000000000, -1.000000000000000000, 0.000000000000000000 ) ) ;
#1201 = DIRECTION ( 'NONE',  ( -0.000000000000000000, -1.000000000000000000, -0.000000000000000000 ) ) ;
#1202 = ADVANCED_FACE ( 'NONE', ( #844 ), #61, .F. ) ;
#1203 = CARTESIAN_POINT ( 'NONE',  ( -1.115600787140471617, 0.000000000000000000, 1.024261243022364543 ) ) ;
#1204 = VERTEX_POINT ( 'NONE', #973 ) ;
#1205 = CARTESIAN_POINT ( 'NONE',  ( -1.138457222593702189, 0.000000000000000000, 1.681091286952651975 ) ) ;
#1206 = VECTOR ( 'NONE', #233, 1000.000000000000000 ) ;
#1207 = CARTESIAN_POINT ( 'NONE',  ( 1.439948586856617752, 0.4000000000000000222, -1.653012389139412397 ) ) ;
#1208 = CARTESIAN_POINT ( 'NONE',  ( 1.420527775447011809, 0.4000000000000000222, -1.875466605955288246 ) ) ;
#1209 = ORIENTED_EDGE ( 'NONE', *, *, #454, .T. ) ;
#1210 = EDGE_CURVE ( 'NONE', #1562, #948, #652, .T. ) ;
#1211 = CARTESIAN_POINT ( 'NONE',  ( 0.6072172424582088501, 0.4000000000000000222, 2.276119035241231714 ) ) ;
#1212 = CARTESIAN_POINT ( 'NONE',  ( 1.425496338600575230, 0.4000000000000000222, -1.446279410477495420 ) ) ;
#1213 = VECTOR ( 'NONE', #1675, 1000.000000000000000 ) ;
#1214 = CARTESIAN_POINT ( 'NONE',  ( -1.204048063310042771, 0.4000000000000000222, 1.044740206273224503 ) ) ;
#1215 = ORIENTED_EDGE ( 'NONE', *, *, #1363, .T. ) ;
#1216 = DIRECTION ( 'NONE',  ( -0.000000000000000000, -1.000000000000000000, -0.000000000000000000 ) ) ;
#1217 = ORIENTED_EDGE ( 'NONE', *, *, #745, .T. ) ;
#1218 = B_SPLINE_CURVE_WITH_KNOTS ( 'NONE', 3,
 ( #547, #1308, #1926, #1770, #362, #94, #49, #663, #963, #395, #1005 ),
 .UNSPECIFIED., .F., .F.,
 ( 4, 1, 1, 1, 1, 1, 1, 1, 4 ),
 ( 0.000000000000000000, 0.2216673373434025485, 0.4053102121452808460, 0.5550668319873989232, 0.6769464999970203900, 0.7761493624890609677, 0.8579796702080701998, 0.9291124076756205330, 1.000000000000000000 ),
 .UNSPECIFIED. ) ;
#1219 = FACE_OUTER_BOUND ( 'NONE', #28, .T. ) ;
#1220 = FACE_OUTER_BOUND ( 'NONE', #779, .T. ) ;
#1221 = ADVANCED_FACE ( 'NONE', ( #1759 ), #995, .F. ) ;
#1222 = CARTESIAN_POINT ( 'NONE',  ( -0.9939645106496370897, 0.000000000000000000, 1.071890318627450656 ) ) ;
#1223 = ORIENTED_EDGE ( 'NONE', *, *, #1516, .T. ) ;
#1224 = EDGE_CURVE ( 'NONE', #1591, #1270, #523, .T. ) ;
#1225 = CARTESIAN_POINT ( 'NONE',  ( -1.240636396606087377, 0.000000000000000000, 1.532510166338658664 ) ) ;
#1226 = LINE ( 'NONE', #1691, #471 ) ;
#1227 = CYLINDRICAL_SURFACE ( 'NONE', #161, 4.349999999999999645 ) ;
#1228 = CARTESIAN_POINT ( 'NONE',  ( -1.124764855728540569, 0.000000000000000000, -1.999235198971307970 ) ) ;
#1229 = CARTESIAN_POINT ( 'NONE',  ( -0.9939645106496370897, 0.4000000000000000222, 1.071890318627450656 ) ) ;
#1230 = CARTESIAN_POINT ( 'NONE',  ( 0.000000000000000000, 23.00000000000000000, 0.000000000000000000 ) ) ;
#1231 = ORIENTED_EDGE ( 'NONE', *, *, #1535, .F. ) ;
#1232 = CARTESIAN_POINT ( 'NONE',  ( -1.247653425370066627, 0.4000000000000000222, 1.374880401507527772 ) ) ;
#1233 = ORIENTED_EDGE ( 'NONE', *, *, #1807, .F. ) ;
#1234 = EDGE_CURVE ( 'NONE', #188, #1068, #1453, .T. ) ;
#1235 = AXIS2_PLACEMENT_3D ( 'NONE', #217, #352, #1935 ) ;
#1236 = LINE ( 'NONE', #3, #1140 ) ;
#1237 = FACE_OUTER_BOUND ( 'NONE', #636, .T. ) ;
#1238 = VECTOR ( 'NONE', #1871, 1000.000000000000000 ) ;
#1239 = DIRECTION ( 'NONE',  ( 0.5479191268306448093, 0.000000000000000000, -0.8365313087106446277 ) ) ;
#1240 = AXIS2_PLACEMENT_3D ( 'NONE', #468, #1703, #784 ) ;
#1241 = FACE_OUTER_BOUND ( 'NONE', #1698, .T. ) ;
#1242 = B_SPLINE_SURFACE_WITH_KNOTS ( 'NONE', 3, 1, ( 
 ( #970, #1428 ),
 ( #58, #1766 ),
 ( #1407, #959 ),
 ( #1580, #818 ),
 ( #44, #224 ),
 ( #520, #391 ),
 ( #691, #1559 ),
 ( #833, #1568 ),
 ( #212, #499 ),
 ( #380, #1439 ),
 ( #68, #1603 ) ),
 .UNSPECIFIED., .F., .F., .F.,
 ( 4, 1, 1, 1, 1, 1, 1, 1, 4 ),
 ( 2, 2 ),
 ( 0.000000000000000000, 0.1451387150339319421, 0.2548070928105535260, 0.3376810941349838169, 0.4110220030708902073, 0.4988601050949793003, 0.6171457489187798240, 0.7814973660904738217, 1.000000000000000000 ),
 ( 0.000000000000000000, 1.000000000000000000 ),
 .UNSPECIFIED. ) ;
#1243 = ORIENTED_EDGE ( 'NONE', *, *, #754, .F. ) ;
#1244 = ADVANCED_FACE ( 'NONE', ( #1747 ), #1409, .F. ) ;
#1245 = CARTESIAN_POINT ( 'NONE',  ( -1.113960226221021976, 0.000000000000000000, -1.296025135314542664 ) ) ;
#1246 = ORIENTED_EDGE ( 'NONE', *, *, #593, .T. ) ;
#1247 = CARTESIAN_POINT ( 'NONE',  ( 0.6079782922283495372, 0.000000000000000000, 2.248848295523449892 ) ) ;
#1248 = CARTESIAN_POINT ( 'NONE',  ( -1.239612899765657916, 0.4000000000000000222, -1.813779169520080004 ) ) ;
#1249 = LINE ( 'NONE', #41, #157 ) ;
#1250 = CARTESIAN_POINT ( 'NONE',  ( -1.143000862127236505, 0.4000000000000000222, -1.997651168282686962 ) ) ;
#1251 = B_SPLINE_CURVE_WITH_KNOTS ( 'NONE', 3,
 ( #403, #1802, #1343, #724, #1172, #1332, #288, #854, #1162, #1495, #1004 ),
 .UNSPECIFIED., .F., .F.,
 ( 4, 1, 1, 1, 1, 1, 1, 1, 4 ),
 ( 0.000000000000000000, 0.2211726172025622328, 0.4064829379723456926, 0.5592242054201972401, 0.6820184065259273787, 0.7789323883112897473, 0.8588466837340277271, 0.9280762948648706434, 1.000000000000000000 ),
 .UNSPECIFIED. ) ;
#1252 = EDGE_LOOP ( 'NONE', ( #898, #350, #757 ) ) ;
#1253 = CARTESIAN_POINT ( 'NONE',  ( -1.247653425370066627, -0.000000000000000000, 1.374880401507527772 ) ) ;
#1254 = ORIENTED_EDGE ( 'NONE', *, *, #1776, .T. ) ;
#1255 = CARTESIAN_POINT ( 'NONE',  ( -1.125959797778160576, 0.4000000000000000222, 1.689868253820081989 ) ) ;
#1256 = CARTESIAN_POINT ( 'NONE',  ( -1.211674260903818690, 0.000000000000000000, -1.923370628717683495 ) ) ;
#1257 = CARTESIAN_POINT ( 'NONE',  ( -1.204048063310042771, 0.4000000000000000222, 1.044740206273224503 ) ) ;
#1258 = CARTESIAN_POINT ( 'NONE',  ( -1.247564605938853655, 0.4000000000000000222, -1.622348677900993463 ) ) ;
#1259 = ORIENTED_EDGE ( 'NONE', *, *, #1149, .T. ) ;
#1260 = LINE ( 'NONE', #1280, #1206 ) ;
#1261 = EDGE_CURVE ( 'NONE', #1204, #276, #1528, .T. ) ;
#1262 = VERTEX_POINT ( 'NONE', #502 ) ;
#1263 = CARTESIAN_POINT ( 'NONE',  ( 1.439815919629455099, -0.000000000000000000, -1.622316444916723110 ) ) ;
#1264 = CARTESIAN_POINT ( 'NONE',  ( -1.247955441942401711, 0.000000000000000000, 1.349880393034492032 ) ) ;
#1265 = EDGE_CURVE ( 'NONE', #832, #1783, #1735, .T. ) ;
#1266 = AXIS2_PLACEMENT_3D ( 'NONE', #765, #653, #1374 ) ;
#1267 = CARTESIAN_POINT ( 'NONE',  ( -1.247564605938853655, 0.4000000000000000222, -1.622348677900993463 ) ) ;
#1268 = DIRECTION ( 'NONE',  ( -1.000000000000000000, 0.000000000000000000, -0.000000000000000000 ) ) ;
#1269 = MECHANICAL_DESIGN_GEOMETRIC_PRESENTATION_REPRESENTATION (  '', ( #1305 ), #473 ) ;
#1270 = VERTEX_POINT ( 'NONE', #47 ) ;
#1271 = VECTOR ( 'NONE', #220, 1000.000000000000000 ) ;
#1272 = ORIENTED_EDGE ( 'NONE', *, *, #1836, .F. ) ;
#1273 = LINE ( 'NONE', #707, #444 ) ;
#1274 = CARTESIAN_POINT ( 'NONE',  ( 0.000000000000000000, 20.50000000000001066, 0.000000000000000000 ) ) ;
#1275 = DIRECTION ( 'NONE',  ( 0.000000000000000000, 0.000000000000000000, 1.000000000000000000 ) ) ;
#1276 = EDGE_CURVE ( 'NONE', #1664, #809, #1810, .T. ) ;
#1277 = CARTESIAN_POINT ( 'NONE',  ( 5.327213576290986242E-16, 20.50000000000001066, -4.349999999999999645 ) ) ;
#1278 = CARTESIAN_POINT ( 'NONE',  ( 1.336487341028419040, 0.000000000000000000, -1.299098295520539459 ) ) ;
#1279 = ORIENTED_EDGE ( 'NONE', *, *, #1831, .F. ) ;
#1280 = CARTESIAN_POINT ( 'NONE',  ( -1.115960154813878447, 0.4000000000000000222, -2.000000000000000000 ) ) ;
#1281 = CARTESIAN_POINT ( 'NONE',  ( -0.1392226488738425583, 0.4000000000000000222, 2.329492174564235629 ) ) ;
#1282 = EDGE_LOOP ( 'NONE', ( #866, #1035, #633, #616 ) ) ;
#1283 = CARTESIAN_POINT ( 'NONE',  ( -0.2879897173713233394, 0.4000000000000000222, 1.455876608455881627 ) ) ;
#1284 = DIRECTION ( 'NONE',  ( 0.000000000000000000, -1.000000000000000000, 0.000000000000000000 ) ) ;
#1285 = CARTESIAN_POINT ( 'NONE',  ( -0.02215370671699561783, 0.000000000000000000, 2.349044370458397868 ) ) ;
#1286 = CARTESIAN_POINT ( 'NONE',  ( -1.143000862127236505, 0.000000000000000000, -1.997651168282686962 ) ) ;
#1287 = B_SPLINE_CURVE_WITH_KNOTS ( 'NONE', 3,
 ( #30, #1564, #1078, #1554, #805, #1402, #191, #40, #1710, #796, #1264 ),
 .UNSPECIFIED., .F., .F.,
 ( 4, 1, 1, 1, 1, 1, 1, 1, 4 ),
 ( 0.000000000000000000, 0.1451387150339319421, 0.2548070928105535260, 0.3376810941349838169, 0.4110220030708902073, 0.4988601050949793003, 0.6171457489187798240, 0.7814973660904738217, 1.000000000000000000 ),
 .UNSPECIFIED. ) ;
#1288 = CARTESIAN_POINT ( 'NONE',  ( -1.161196376581145495, 0.4000000000000000222, 1.665121532856354891 ) ) ;
#1289 = CARTESIAN_POINT ( 'NONE',  ( -1.228440349777396579, 0.4000000000000000222, -1.875430660757366086 ) ) ;
#1290 = VERTEX_POINT ( 'NONE', #1955 ) ;
#1291 = DIRECTION ( 'NONE',  ( -1.000000000000000000, 0.000000000000000000, -0.000000000000000000 ) ) ;
#1292 = CARTESIAN_POINT ( 'NONE',  ( -0.07043328361661951864, 0.4000000000000000222, 2.343481309969263293 ) ) ;
#1293 = ORIENTED_EDGE ( 'NONE', *, *, #297, .F. ) ;
#1294 = CARTESIAN_POINT ( 'NONE',  ( -1.229320790128327401, 0.000000000000000000, 1.574897869009211027 ) ) ;
#1295 = CARTESIAN_POINT ( 'NONE',  ( 0.1749874402712375543, 0.4000000000000000222, 2.352122395716062631 ) ) ;
#1296 = EDGE_CURVE ( 'NONE', #1519, #1713, #418, .T. ) ;
#1297 = CARTESIAN_POINT ( 'NONE',  ( -0.2879897173713233394, 0.4000000000000000222, -1.296025135314542664 ) ) ;
#1298 = CARTESIAN_POINT ( 'NONE',  ( -1.194485579654366969, 0.4000000000000000222, -1.341252685089074470 ) ) ;
#1299 = CARTESIAN_POINT ( 'NONE',  ( -1.247303600510941246, 0.000000000000000000, -1.683026325934069201 ) ) ;
#1300 = AXIS2_PLACEMENT_3D ( 'NONE', #358, #1755, #1291 ) ;
#1301 = DIRECTION ( 'NONE',  ( -0.000000000000000000, -1.000000000000000000, -0.000000000000000000 ) ) ;
#1302 = VECTOR ( 'NONE', #103, 1000.000000000000000 ) ;
#1303 = B_SPLINE_SURFACE_WITH_KNOTS ( 'NONE', 3, 1, ( 
 ( #279, #1500 ),
 ( #1794, #133 ),
 ( #1062, #739 ),
 ( #450, #420 ),
 ( #1208, #1979 ),
 ( #558, #1970 ),
 ( #1946, #1642 ),
 ( #1518, #727 ),
 ( #756, #1782 ),
 ( #142, #1663 ),
 ( #1336, #909 ) ),
 .UNSPECIFIED., .F., .F., .F.,
 ( 4, 1, 1, 1, 1, 1, 1, 1, 4 ),
 ( 2, 2 ),
 ( 0.000000000000000000, 0.2211726172025622328, 0.4064829379723456926, 0.5592242054201972401, 0.6820184065259273787, 0.7789323883112897473, 0.8588466837340277271, 0.9280762948648706434, 1.000000000000000000 ),
 ( 0.000000000000000000, 1.000000000000000000 ),
 .UNSPECIFIED. ) ;
#1304 = ORIENTED_EDGE ( 'NONE', *, *, #1329, .F. ) ;
#1305 = STYLED_ITEM ( 'NONE', ( #1006 ), #1008 ) ;
#1306 = DIRECTION ( 'NONE',  ( -0.000000000000000000, -1.000000000000000000, -0.000000000000000000 ) ) ;
#1307 = EDGE_CURVE ( 'NONE', #18, #728, #662, .T. ) ;
#1308 = CARTESIAN_POINT ( 'NONE',  ( -1.247564605938853655, -0.000000000000000000, -1.622348677900993463 ) ) ;
#1309 = CARTESIAN_POINT ( 'NONE',  ( 1.303953442542381325, 0.4000000000000000222, -2.000000000000000000 ) ) ;
#1310 = CARTESIAN_POINT ( 'NONE',  ( -1.113960226221021976, 0.4000000000000000222, -1.296025135314542664 ) ) ;
#1311 = FACE_OUTER_BOUND ( 'NONE', #1013, .T. ) ;
#1312 = CARTESIAN_POINT ( 'NONE',  ( 1.316786668675624883, 0.000000000000000000, -1.297048342556738065 ) ) ;
#1313 = CARTESIAN_POINT ( 'NONE',  ( 6.184466335694133068E-16, 0.9999999999999974465, 5.049999999999999822 ) ) ;
#1314 = ORIENTED_EDGE ( 'NONE', *, *, #526, .T. ) ;
#1315 = DIRECTION ( 'NONE',  ( -0.8784655773419055569, 0.000000000000000000, -0.4778056398006961247 ) ) ;
#1316 = DIRECTION ( 'NONE',  ( 0.000000000000000000, 0.000000000000000000, -1.000000000000000000 ) ) ;
#1317 = FACE_OUTER_BOUND ( 'NONE', #1322, .T. ) ;
#1318 = CARTESIAN_POINT ( 'NONE',  ( -1.115960154813878447, 0.000000000000000000, -2.000000000000000000 ) ) ;
#1319 = CARTESIAN_POINT ( 'NONE',  ( 0.6079782922283495372, 0.000000000000000000, -1.296025135314542664 ) ) ;
#1320 = CARTESIAN_POINT ( 'NONE',  ( -0.2879897173713233394, 0.4000000000000000222, -1.296025135314542664 ) ) ;
#1321 = CARTESIAN_POINT ( 'NONE',  ( -1.115960154813878447, 0.4000000000000000222, -2.000000000000000000 ) ) ;
#1322 = EDGE_LOOP ( 'NONE', ( #1098, #559, #1567, #1020 ) ) ;
#1323 = CARTESIAN_POINT ( 'NONE',  ( 1.439744579525166657, 0.000000000000000000, -1.738240911481489626 ) ) ;
#1324 = CARTESIAN_POINT ( 'NONE',  ( 1.316786668675624883, 0.4000000000000000222, -1.297048342556738065 ) ) ;
#1325 = CARTESIAN_POINT ( 'NONE',  ( 1.364369455762918237, 0.000000000000000000, -1.314540951507824795 ) ) ;
#1326 = ORIENTED_EDGE ( 'NONE', *, *, #244, .T. ) ;
#1327 = CARTESIAN_POINT ( 'NONE',  ( 0.4100690559814312852, 0.000000000000000000, 2.347873638594501156 ) ) ;
#1328 = CARTESIAN_POINT ( 'NONE',  ( 1.439815919629455099, 0.4000000000000000222, -1.622316444916723110 ) ) ;
#1329 = EDGE_CURVE ( 'NONE', #456, #1204, #130, .T. ) ;
#1330 = CARTESIAN_POINT ( 'NONE',  ( -1.204048063310042771, 0.000000000000000000, 1.044740206273224503 ) ) ;
#1331 = EDGE_LOOP ( 'NONE', ( #822, #178, #1633, #1121 ) ) ;
#1332 = CARTESIAN_POINT ( 'NONE',  ( 1.403574072301211562, 0.4000000000000000222, -1.923288417506024972 ) ) ;
#1333 = VECTOR ( 'NONE', #1187, 1000.000000000000227 ) ;
#1334 = LINE ( 'NONE', #1944, #1824 ) ;
#1335 = DIRECTION ( 'NONE',  ( 1.000000000000000000, 0.000000000000000000, 0.000000000000000000 ) ) ;
#1336 = CARTESIAN_POINT ( 'NONE',  ( 1.303953442542381325, 0.4000000000000000222, -2.000000000000000000 ) ) ;
#1337 = VERTEX_POINT ( 'NONE', #1966 ) ;
#1338 = CARTESIAN_POINT ( 'NONE',  ( 0.5721230934191442463, 0.000000000000000000, 2.320729808527303373 ) ) ;
#1339 = DIRECTION ( 'NONE',  ( 0.000000000000000000, 0.000000000000000000, -1.000000000000000000 ) ) ;
#1340 = UNCERTAINTY_MEASURE_WITH_UNIT (LENGTH_MEASURE( 1.000000000000000082E-05 ), #981, 'distance_accuracy_value', 'NONE');
#1341 = CARTESIAN_POINT ( 'NONE',  ( -1.017440506791301713, 0.4000000000000000222, 1.061445685289198471 ) ) ;
#1342 = EDGE_LOOP ( 'NONE', ( #592, #625, #554, #1971 ) ) ;
#1343 = CARTESIAN_POINT ( 'NONE',  ( 1.439744579525166657, 0.4000000000000000222, -1.738240911481489626 ) ) ;
#1344 = CARTESIAN_POINT ( 'NONE',  ( -1.247109682833337896, 0.000000000000000000, 1.419889746260534436 ) ) ;
#1345 = CARTESIAN_POINT ( 'NONE',  ( 1.439573219848613972, 0.4000000000000000222, -1.566161665059731645 ) ) ;
#1346 = B_SPLINE_CURVE_WITH_KNOTS ( 'NONE', 3,
 ( #1821, #432, #1513, #572, #423, #1645, #1490, #1962, #584, #621, #1885 ),
 .UNSPECIFIED., .F., .F.,
 ( 4, 1, 1, 1, 1, 1, 1, 1, 4 ),
 ( 0.000000000000000000, 0.05777032151365822654, 0.1220908396959871633, 0.2000030215864105898, 0.2940630297019338757, 0.4151651073472477638, 0.5658116749317160243, 0.7590992884381000394, 1.000000000000000000 ),
 .UNSPECIFIED. ) ;
#1347 = FACE_OUTER_BOUND ( 'NONE', #481, .T. ) ;
#1348 = ORIENTED_EDGE ( 'NONE', *, *, #646, .T. ) ;
#1349 = CARTESIAN_POINT ( 'NONE',  ( 0.6079782922283495372, 0.000000000000000000, 2.248848295523449892 ) ) ;
#1350 = DIRECTION ( 'NONE',  ( -0.000000000000000000, 0.000000000000000000, 1.000000000000000000 ) ) ;
#1351 = CARTESIAN_POINT ( 'NONE',  ( -1.245930838078705305, 0.000000000000000000, 1.243521995094935884 ) ) ;
#1352 = VERTEX_POINT ( 'NONE', #706 ) ;
#1353 = CARTESIAN_POINT ( 'NONE',  ( -1.229320790128327401, 0.4000000000000000222, 1.574897869009211027 ) ) ;
#1354 = CARTESIAN_POINT ( 'NONE',  ( 1.431911749366390429, 0.4000000000000000222, -1.489804249308158024 ) ) ;
#1355 = CARTESIAN_POINT ( 'NONE',  ( 0.2069926093606388184, 0.4000000000000000222, 2.351844618055555447 ) ) ;
#1356 = EDGE_LOOP ( 'NONE', ( #1388, #883, #950, #1511, #407, #782, #1112, #1789, #70, #1246, #134, #1605, #1742, #435, #204 ) ) ;
#1357 = EDGE_CURVE ( 'NONE', #1626, #958, #1251, .T. ) ;
#1358 = CARTESIAN_POINT ( 'NONE',  ( 0.5947798896630431820, 0.4000000000000000222, 2.300462138408003732 ) ) ;
#1359 = CARTESIAN_POINT ( 'NONE',  ( 1.407443487650167357, 0.4000000000000000222, -1.378367057269303420 ) ) ;
#1360 = CARTESIAN_POINT ( 'NONE',  ( 0.03968667099101923224, 0.000000000000000000, 2.349651098486976952 ) ) ;
#1361 = ORIENTED_EDGE ( 'NONE', *, *, #1858, .F. ) ;
#1362 = VECTOR ( 'NONE', #721, 1000.000000000000000 ) ;
#1363 = EDGE_CURVE ( 'NONE', #1924, #198, #54, .T. ) ;
#1364 = CARTESIAN_POINT ( 'NONE',  ( -0.1839934305427899097, 0.4000000000000000222, 2.306846224716284866 ) ) ;
#1365 = VECTOR ( 'NONE', #1994, 1000.000000000000000 ) ;
#1366 = EDGE_LOOP ( 'NONE', ( #930, #447, #1980, #545 ) ) ;
#1367 = AXIS2_PLACEMENT_3D ( 'NONE', #1583, #837, #952 ) ;
#1368 = FACE_OUTER_BOUND ( 'NONE', #315, .T. ) ;
#1369 = CARTESIAN_POINT ( 'NONE',  ( 1.364369455762918237, 0.000000000000000000, -1.314540951507824795 ) ) ;
#1370 = VECTOR ( 'NONE', #1156, 1000.000000000000000 ) ;
#1371 = CARTESIAN_POINT ( 'NONE',  ( -1.241056946738474220, 0.4000000000000000222, 1.154646881944770387 ) ) ;
#1372 = VERTEX_POINT ( 'NONE', #1036 ) ;
#1373 = LINE ( 'NONE', #1, #1590 ) ;
#1374 = DIRECTION ( 'NONE',  ( 0.000000000000000000, 0.000000000000000000, 1.000000000000000000 ) ) ;
#1375 = LINE ( 'NONE', #954, #89 ) ;
#1376 = CARTESIAN_POINT ( 'NONE',  ( -1.247955441942401711, 0.000000000000000000, -1.653012389139412175 ) ) ;
#1377 = CARTESIAN_POINT ( 'NONE',  ( -0.1392226488738425583, 0.000000000000000000, 2.329492174564235629 ) ) ;
#1378 = CARTESIAN_POINT ( 'NONE',  ( -1.169069324165282531, 0.000000000000000000, -1.983552129906265504 ) ) ;
#1379 = VERTEX_POINT ( 'NONE', #1769 ) ;
#1380 = EDGE_CURVE ( 'NONE', #1483, #1411, #1791, .T. ) ;
#1381 = DIRECTION ( 'NONE',  ( -0.000000000000000000, -1.000000000000000000, -0.000000000000000000 ) ) ;
#1382 = DIRECTION ( 'NONE',  ( -0.8784655773419055569, 0.000000000000000000, -0.4778056398006961247 ) ) ;
#1383 = CARTESIAN_POINT ( 'NONE',  ( 1.333129744089488478, 0.000000000000000000, -1.998183394484386310 ) ) ;
#1384 = FILL_AREA_STYLE ('',( #942 ) ) ;
#1385 = EDGE_CURVE ( 'NONE', #1830, #1452, #1616, .T. ) ;
#1386 = CARTESIAN_POINT ( 'NONE',  ( -1.125959797778160576, 0.4000000000000000222, 1.689868253820081989 ) ) ;
#1387 = CARTESIAN_POINT ( 'NONE',  ( -1.242082903947122174, 0.000000000000000000, -1.489472136240786559 ) ) ;
#1388 = ORIENTED_EDGE ( 'NONE', *, *, #181, .T. ) ;
#1389 = CARTESIAN_POINT ( 'NONE',  ( -1.240636396606087377, 0.4000000000000000222, 1.532510166338658664 ) ) ;
#1390 = ORIENTED_EDGE ( 'NONE', *, *, #1748, .F. ) ;
#1391 = CARTESIAN_POINT ( 'NONE',  ( 0.000000000000000000, 20.50000000000001066, 0.000000000000000000 ) ) ;
#1392 = CARTESIAN_POINT ( 'NONE',  ( -1.191525203778907471, 0.000000000000000000, -1.958680581649898889 ) ) ;
#1393 = VECTOR ( 'NONE', #1418, 1000.000000000000000 ) ;
#1394 = CARTESIAN_POINT ( 'NONE',  ( -0.02215370671699561783, 0.000000000000000000, 2.349044370458397868 ) ) ;
#1395 = PLANE ( 'NONE',  #1723 ) ;
#1396 = ORIENTED_EDGE ( 'NONE', *, *, #1092, .T. ) ;
#1397 = EDGE_CURVE ( 'NONE', #1379, #1076, #961, .T. ) ;
#1398 = CARTESIAN_POINT ( 'NONE',  ( -1.229320790128327401, 0.000000000000000000, 1.574897869009211027 ) ) ;
#1399 = ORIENTED_EDGE ( 'NONE', *, *, #719, .F. ) ;
#1400 = DIRECTION ( 'NONE',  ( 0.000000000000000000, -1.000000000000000000, 0.000000000000000000 ) ) ;
#1401 = EDGE_CURVE ( 'NONE', #425, #1052, #1934, .T. ) ;
#1402 = CARTESIAN_POINT ( 'NONE',  ( -1.204048063310042771, 0.000000000000000000, 1.044740206273224503 ) ) ;
#1403 = ADVANCED_BREP_SHAPE_REPRESENTATION ( 'JK-RTF-02-08-01 Knob_1', ( #1693, #1008, #853 ), #1717 ) ;
#1404 = CARTESIAN_POINT ( 'NONE',  ( -1.227168973227554138, 0.4000000000000000222, 1.090535396977271976 ) ) ;
#1405 = DIRECTION ( 'NONE',  ( -0.000000000000000000, -1.000000000000000000, -0.000000000000000000 ) ) ;
#1406 = ORIENTED_EDGE ( 'NONE', *, *, #26, .T. ) ;
#1407 = CARTESIAN_POINT ( 'NONE',  ( -1.058655218705285783, 0.4000000000000000222, 1.043108974400101863 ) ) ;
#1408 = ORIENTED_EDGE ( 'NONE', *, *, #1401, .F. ) ;
#1409 = PLANE ( 'NONE',  #1790 ) ;
#1410 = ADVANCED_FACE ( 'NONE', ( #1241 ), #1395, .T. ) ;
#1411 = VERTEX_POINT ( 'NONE', #657 ) ;
#1412 = DIRECTION ( 'NONE',  ( 0.000000000000000000, -1.000000000000000000, 0.000000000000000000 ) ) ;
#1413 = CARTESIAN_POINT ( 'NONE',  ( -0.1649094595555035681, 0.4000000000000000222, 2.321521016533844683 ) ) ;
#1414 = FACE_OUTER_BOUND ( 'NONE', #1199, .T. ) ;
#1415 = ORIENTED_EDGE ( 'NONE', *, *, #1469, .T. ) ;
#1416 =( NAMED_UNIT ( * ) SI_UNIT ( $, .STERADIAN. ) SOLID_ANGLE_UNIT ( ) );
#1417 = ORIENTED_EDGE ( 'NONE', *, *, #1276, .F. ) ;
#1418 = DIRECTION ( 'NONE',  ( -0.000000000000000000, -1.000000000000000000, -0.000000000000000000 ) ) ;
#1419 = CARTESIAN_POINT ( 'NONE',  ( -1.245945240561503464, 0.4000000000000000222, 1.481671813099323609 ) ) ;
#1420 = EDGE_CURVE ( 'NONE', #1889, #607, #1103, .T. ) ;
#1421 = CARTESIAN_POINT ( 'NONE',  ( -0.1090920662642525379, 0.000000000000000000, 2.338056381919136228 ) ) ;
#1422 = CARTESIAN_POINT ( 'NONE',  ( 1.431271471070305390, 0.000000000000000000, -1.813705894597389845 ) ) ;
#1423 = AXIS2_PLACEMENT_3D ( 'NONE', #1386, #1239, #647 ) ;
#1424 = CARTESIAN_POINT ( 'NONE',  ( -1.125959797778160576, 0.4000000000000000222, 1.689868253820081989 ) ) ;
#1425 = CARTESIAN_POINT ( 'NONE',  ( -1.247303600510941246, 0.4000000000000000222, -1.683026325934069201 ) ) ;
#1426 = VECTOR ( 'NONE', #677, 1000.000000000000000 ) ;
#1427 = ORIENTED_EDGE ( 'NONE', *, *, #1110, .T. ) ;
#1428 = CARTESIAN_POINT ( 'NONE',  ( -0.9939645106496370897, 0.000000000000000000, 1.071890318627450656 ) ) ;
#1429 = VECTOR ( 'NONE', #962, 1000.000000000000000 ) ;
#1430 = CARTESIAN_POINT ( 'NONE',  ( -0.1778637740217369756, 0.000000000000000000, 2.311559679448506266 ) ) ;
#1431 = ORIENTED_EDGE ( 'NONE', *, *, #73, .F. ) ;
#1432 = PLANE ( 'NONE',  #1754 ) ;
#1433 = FACE_OUTER_BOUND ( 'NONE', #1878, .T. ) ;
#1434 = CARTESIAN_POINT ( 'NONE',  ( -0.1090920662642525379, 0.4000000000000000222, 2.338056381919136228 ) ) ;
#1435 = CARTESIAN_POINT ( 'NONE',  ( -1.247955441942401711, 0.000000000000000000, -1.653012389139412175 ) ) ;
#1436 = CARTESIAN_POINT ( 'NONE',  ( -1.247564605938853655, 0.000000000000000000, -1.622348677900993463 ) ) ;
#1437 = FACE_OUTER_BOUND ( 'NONE', #1938, .T. ) ;
#1438 = ORIENTED_EDGE ( 'NONE', *, *, #1119, .F. ) ;
#1439 = CARTESIAN_POINT ( 'NONE',  ( -1.247219803442398689, 0.000000000000000000, 1.311235138164668523 ) ) ;
#1440 = CARTESIAN_POINT ( 'NONE',  ( -0.1392226488738425583, 0.000000000000000000, 2.329492174564235629 ) ) ;
#1441 = EDGE_LOOP ( 'NONE', ( #1548, #1030, #300, #472 ) ) ;
#1442 = EDGE_CURVE ( 'NONE', #1582, #809, #337, .T. ) ;
#1443 = CARTESIAN_POINT ( 'NONE',  ( 1.303953442542381325, 0.4000000000000000222, -2.000000000000000000 ) ) ;
#1444 = CARTESIAN_POINT ( 'NONE',  ( -1.240636396606087377, 0.4000000000000000222, 1.532510166338658664 ) ) ;
#1445 = CARTESIAN_POINT ( 'NONE',  ( 1.364369455762918237, 0.000000000000000000, -1.314540951507824795 ) ) ;
#1446 = CARTESIAN_POINT ( 'NONE',  ( 0.6079782922283495372, 0.000000000000000000, 2.248848295523449892 ) ) ;
#1447 = CARTESIAN_POINT ( 'NONE',  ( -1.194485579654366969, 0.000000000000000000, -1.341252685089074470 ) ) ;
#1448 = CARTESIAN_POINT ( 'NONE',  ( 0.4818203587973586832, 0.4000000000000000222, 2.341824656540095528 ) ) ;
#1449 = DIRECTION ( 'NONE',  ( 0.000000000000000000, 0.000000000000000000, -1.000000000000000000 ) ) ;
#1450 = EDGE_CURVE ( 'NONE', #498, #1713, #1850, .T. ) ;
#1451 = LINE ( 'NONE', #1160, #535 ) ;
#1452 = VERTEX_POINT ( 'NONE', #1096 ) ;
#1453 = LINE ( 'NONE', #1572, #893 ) ;
#1454 = LINE ( 'NONE', #206, #1852 ) ;
#1455 = CARTESIAN_POINT ( 'NONE',  ( -1.247955441942401711, 0.4000000000000000222, -1.653012389139412175 ) ) ;
#1456 = DIRECTION ( 'NONE',  ( 1.000000000000000000, 0.000000000000000000, 0.000000000000000000 ) ) ;
#1457 = CARTESIAN_POINT ( 'NONE',  ( -1.214570877800384086, 0.000000000000000000, -1.378346331871961317 ) ) ;
#1458 = CARTESIAN_POINT ( 'NONE',  ( 0.6079782922283495372, 0.4000000000000000222, 2.248848295523449892 ) ) ;
#1459 = LINE ( 'NONE', #1321, #788 ) ;
#1460 = VECTOR ( 'NONE', #982, 1000.000000000000000 ) ;
#1461 = ORIENTED_EDGE ( 'NONE', *, *, #916, .F. ) ;
#1462 = ADVANCED_FACE ( 'NONE', ( #1861 ), #936, .F. ) ;
#1463 = AXIS2_PLACEMENT_3D ( 'NONE', #1049, #1828, #1804 ) ;
#1464 = CARTESIAN_POINT ( 'NONE',  ( -1.242082903947122174, 0.000000000000000000, -1.489472136240786559 ) ) ;
#1465 = AXIS2_PLACEMENT_3D ( 'NONE', #263, #1201, #874 ) ;
#1466 = DIRECTION ( 'NONE',  ( 0.000000000000000000, -1.000000000000000000, 0.000000000000000000 ) ) ;
#1467 =( NAMED_UNIT ( * ) SI_UNIT ( $, .STERADIAN. ) SOLID_ANGLE_UNIT ( ) );
#1468 = CARTESIAN_POINT ( 'NONE',  ( -1.191525203778907471, 0.000000000000000000, -1.958680581649898889 ) ) ;
#1469 = EDGE_CURVE ( 'NONE', #276, #1204, #1856, .T. ) ;
#1470 = CARTESIAN_POINT ( 'NONE',  ( 0.4100690559814312852, 0.4000000000000000222, 2.347873638594501156 ) ) ;
#1471 = CARTESIAN_POINT ( 'NONE',  ( 1.431911749366390429, 0.000000000000000000, -1.489804249308158024 ) ) ;
#1472 = CARTESIAN_POINT ( 'NONE',  ( 0.000000000000000000, 20.00000000000000000, 3.850000000000000977 ) ) ;
#1473 = ORIENTED_EDGE ( 'NONE', *, *, #1570, .F. ) ;
#1474 = CARTESIAN_POINT ( 'NONE',  ( 1.431271471070305390, 0.000000000000000000, -1.813705894597389845 ) ) ;
#1475 = CARTESIAN_POINT ( 'NONE',  ( -0.2879897173713233394, 0.4000000000000000222, 1.455876608455881627 ) ) ;
#1476 = ADVANCED_FACE ( 'NONE', ( #356 ), #986, .T. ) ;
#1477 = CARTESIAN_POINT ( 'NONE',  ( 1.336487341028419040, 0.000000000000000000, -1.299098295520539459 ) ) ;
#1478 = ORIENTED_EDGE ( 'NONE', *, *, #1261, .F. ) ;
#1479 = CARTESIAN_POINT ( 'NONE',  ( -1.169069324165282531, 0.4000000000000000222, -1.983552129906265504 ) ) ;
#1480 = LINE ( 'NONE', #1033, #1213 ) ;
#1481 = PRODUCT_CONTEXT ( 'NONE', #1118, 'mechanical' ) ;
#1482 = CARTESIAN_POINT ( 'NONE',  ( -1.113960226221021976, 0.4000000000000000222, -1.296025135314542664 ) ) ;
#1483 = VERTEX_POINT ( 'NONE', #648 ) ;
#1484 = CARTESIAN_POINT ( 'NONE',  ( 0.6079782922283495372, 0.000000000000000000, 2.248848295523449892 ) ) ;
#1485 = CARTESIAN_POINT ( 'NONE',  ( 1.306953335431666030, 0.4000000000000000222, -1.296025135314542664 ) ) ;
#1486 = CARTESIAN_POINT ( 'NONE',  ( 0.1749874402712375543, -0.000000000000000000, 2.352122395716062631 ) ) ;
#1487 = CARTESIAN_POINT ( 'NONE',  ( 2.565151067676131547, 20.00000000000000000, 1.649999999999999911 ) ) ;
#1488 = EDGE_LOOP ( 'NONE', ( #46, #1254, #1879, #1272 ) ) ;
#1489 = CARTESIAN_POINT ( 'NONE',  ( 0.6072172424582088501, 0.4000000000000000222, 2.276119035241231714 ) ) ;
#1490 = CARTESIAN_POINT ( 'NONE',  ( -0.02215370671699561783, 0.000000000000000000, 2.349044370458397868 ) ) ;
#1491 = CARTESIAN_POINT ( 'NONE',  ( -1.123793170649313611, 0.4000000000000000222, -1.297048409431442950 ) ) ;
#1492 = ORIENTED_EDGE ( 'NONE', *, *, #415, .F. ) ;
#1493 = VECTOR ( 'NONE', #365, 1000.000000000000000 ) ;
#1494 = ADVANCED_FACE ( 'NONE', ( #1539 ), #553, .F. ) ;
#1495 = CARTESIAN_POINT ( 'NONE',  ( 1.313801842410227794, 0.4000000000000000222, -1.999386808588778486 ) ) ;
#1496 = AXIS2_PLACEMENT_3D ( 'NONE', #824, #361, #81 ) ;
#1497 = CARTESIAN_POINT ( 'NONE',  ( -1.228440349777396579, 0.4000000000000000222, -1.875430660757366086 ) ) ;
#1498 = AXIS2_PLACEMENT_3D ( 'NONE', #1212, #905, #1339 ) ;
#1499 = CARTESIAN_POINT ( 'NONE',  ( 1.423481289622233081, 0.4000000000000000222, -1.427311654974843025 ) ) ;
#1500 = CARTESIAN_POINT ( 'NONE',  ( 1.439948586856617752, 0.000000000000000000, -1.653012389139412397 ) ) ;
#1501 = ORIENTED_EDGE ( 'NONE', *, *, #1224, .T. ) ;
#1502 = CARTESIAN_POINT ( 'NONE',  ( -1.239612899765657916, 0.4000000000000000222, -1.813779169520080004 ) ) ;
#1503 = CARTESIAN_POINT ( 'NONE',  ( -2.565151067676131547, 20.00000000000000000, 1.649999999999999911 ) ) ;
#1504 = CARTESIAN_POINT ( 'NONE',  ( -1.246849977318279068, 0.4000000000000000222, -1.566281259687044125 ) ) ;
#1505 = ORIENTED_EDGE ( 'NONE', *, *, #1516, .F. ) ;
#1506 = DIRECTION ( 'NONE',  ( 0.000000000000000000, 0.000000000000000000, 1.000000000000000000 ) ) ;
#1507 = CARTESIAN_POINT ( 'NONE',  ( -1.247653425370066627, 0.4000000000000000222, 1.374880401507527772 ) ) ;
#1508 = ADVANCED_FACE ( 'NONE', ( #1414 ), #1918, .T. ) ;
#1509 = CARTESIAN_POINT ( 'NONE',  ( 1.387502527575293243, 0.4000000000000000222, -1.341248584928382837 ) ) ;
#1510 = FACE_OUTER_BOUND ( 'NONE', #917, .T. ) ;
#1511 = ORIENTED_EDGE ( 'NONE', *, *, #114, .T. ) ;
#1512 = DIRECTION ( 'NONE',  ( 0.000000000000000000, -1.000000000000000000, 0.000000000000000000 ) ) ;
#1513 = CARTESIAN_POINT ( 'NONE',  ( -0.1649094595555035681, 0.000000000000000000, 2.321521016533844683 ) ) ;
#1514 = CARTESIAN_POINT ( 'NONE',  ( -1.247219803442398689, 0.4000000000000000222, 1.311235138164668523 ) ) ;
#1515 = ORIENTED_EDGE ( 'NONE', *, *, #708, .F. ) ;
#1516 = EDGE_CURVE ( 'NONE', #892, #214, #551, .T. ) ;
#1517 = CARTESIAN_POINT ( 'NONE',  ( -1.247955441942401711, 0.000000000000000000, 1.349880393034492032 ) ) ;
#1518 = CARTESIAN_POINT ( 'NONE',  ( 1.360105213338926644, 0.4000000000000000222, -1.983267514660195463 ) ) ;
#1519 = VERTEX_POINT ( 'NONE', #1785 ) ;
#1520 = CARTESIAN_POINT ( 'NONE',  ( -1.247955441942401711, 0.4000000000000000222, -1.653012389139412175 ) ) ;
#1521 = CARTESIAN_POINT ( 'NONE',  ( 0.000000000000000000, 1.999999999999998224, -3.049999999999999822 ) ) ;
#1522 = CARTESIAN_POINT ( 'NONE',  ( -1.227168973227554138, 0.4000000000000000222, 1.090535396977271976 ) ) ;
#1523 = VERTEX_POINT ( 'NONE', #849 ) ;
#1524 = AXIS2_PLACEMENT_3D ( 'NONE', #1630, #566, #869 ) ;
#1525 = CARTESIAN_POINT ( 'NONE',  ( -1.214108206683587099, 0.4000000000000000222, 1.610487857534117273 ) ) ;
#1526 = VECTOR ( 'NONE', #764, 1000.000000000000000 ) ;
#1527 = ORIENTED_EDGE ( 'NONE', *, *, #1401, .T. ) ;
#1528 = CIRCLE ( 'NONE', #312, 5.049999999999999822 ) ;
#1529 = DIRECTION ( 'NONE',  ( 0.000000000000000000, 0.000000000000000000, -1.000000000000000000 ) ) ;
#1530 = EDGE_CURVE ( 'NONE', #1270, #188, #160, .T. ) ;
#1531 = DIRECTION ( 'NONE',  ( -0.000000000000000000, -1.000000000000000000, -0.000000000000000000 ) ) ;
#1532 = ORIENTED_EDGE ( 'NONE', *, *, #305, .F. ) ;
#1533 = FACE_OUTER_BOUND ( 'NONE', #872, .T. ) ;
#1534 = ORIENTED_EDGE ( 'NONE', *, *, #181, .F. ) ;
#1535 = EDGE_CURVE ( 'NONE', #915, #498, #1154, .T. ) ;
#1536 = CARTESIAN_POINT ( 'NONE',  ( 1.313801842410227794, 0.000000000000000000, -1.999386808588778486 ) ) ;
#1537 = CARTESIAN_POINT ( 'NONE',  ( -1.247303600510941246, 0.000000000000000000, -1.683026325934069201 ) ) ;
#1538 = DIRECTION ( 'NONE',  ( 0.000000000000000000, 1.000000000000000000, -0.000000000000000000 ) ) ;
#1539 = FACE_OUTER_BOUND ( 'NONE', #1366, .T. ) ;
#1540 = VERTEX_POINT ( 'NONE', #1765 ) ;
#1541 = CARTESIAN_POINT ( 'NONE',  ( 5.327213576290986242E-16, 23.00000000000000000, 4.349999999999999645 ) ) ;
#1542 = ORIENTED_EDGE ( 'NONE', *, *, #974, .F. ) ;
#1543 = DIRECTION ( 'NONE',  ( 1.000000000000000000, 0.000000000000000000, 0.000000000000000000 ) ) ;
#1544 = CARTESIAN_POINT ( 'NONE',  ( -1.143000862127236505, 0.000000000000000000, -1.997651168282686962 ) ) ;
#1545 = ADVANCED_FACE ( 'NONE', ( #56 ), #1608, .T. ) ;
#1546 = DIRECTION ( 'NONE',  ( 1.000000000000000000, 0.000000000000000000, 0.000000000000000000 ) ) ;
#1547 = CARTESIAN_POINT ( 'NONE',  ( -1.194485579654366969, 0.000000000000000000, -1.341252685089074470 ) ) ;
#1548 = ORIENTED_EDGE ( 'NONE', *, *, #944, .T. ) ;
#1549 = ADVANCED_FACE ( 'NONE', ( #1437 ), #409, .F. ) ;
#1550 = CARTESIAN_POINT ( 'NONE',  ( -1.190963524010397734, 0.000000000000000000, 1.639477581552106100 ) ) ;
#1551 = VECTOR ( 'NONE', #78, 1000.000000000000000 ) ;
#1552 = ORIENTED_EDGE ( 'NONE', *, *, #1296, .F. ) ;
#1553 = CARTESIAN_POINT ( 'NONE',  ( 1.303953442542381325, 0.4000000000000000222, -2.000000000000000000 ) ) ;
#1554 = CARTESIAN_POINT ( 'NONE',  ( -1.115600787140471617, 0.000000000000000000, 1.024261243022364543 ) ) ;
#1555 = AXIS2_PLACEMENT_3D ( 'NONE', #557, #1945, #1781 ) ;
#1556 = FACE_OUTER_BOUND ( 'NONE', #926, .T. ) ;
#1557 = DIRECTION ( 'NONE',  ( 0.000000000000000000, 1.000000000000000000, 0.000000000000000000 ) ) ;
#1558 = ORIENTED_EDGE ( 'NONE', *, *, #965, .F. ) ;
#1559 = CARTESIAN_POINT ( 'NONE',  ( -1.227168973227554138, 0.000000000000000000, 1.090535396977271976 ) ) ;
#1560 = ADVANCED_FACE ( 'NONE', ( #1220 ), #460, .F. ) ;
#1561 = ORIENTED_EDGE ( 'NONE', *, *, #1234, .F. ) ;
#1562 = VERTEX_POINT ( 'NONE', #1503 ) ;
#1563 = CARTESIAN_POINT ( 'NONE',  ( 1.423481289622233081, 0.000000000000000000, -1.427311654974843025 ) ) ;
#1564 = CARTESIAN_POINT ( 'NONE',  ( -1.017440506791301713, -0.000000000000000000, 1.061445685289198471 ) ) ;
#1565 = PLANE ( 'NONE',  #1950 ) ;
#1566 = CARTESIAN_POINT ( 'NONE',  ( -1.113960226221021976, 0.4000000000000000222, -1.296025135314542664 ) ) ;
#1567 = ORIENTED_EDGE ( 'NONE', *, *, #1721, .F. ) ;
#1568 = CARTESIAN_POINT ( 'NONE',  ( -1.241056946738474220, 0.000000000000000000, 1.154646881944770387 ) ) ;
#1569 = VERTEX_POINT ( 'NONE', #1521 ) ;
#1570 = EDGE_CURVE ( 'NONE', #498, #1352, #136, .T. ) ;
#1571 = B_SPLINE_CURVE_WITH_KNOTS ( 'NONE', 3,
 ( #748, #270, #1477, #1325, #882, #580, #1805, #1040, #601, #680, #195 ),
 .UNSPECIFIED., .F., .F.,
 ( 4, 1, 1, 1, 1, 1, 1, 1, 4 ),
 ( 0.000000000000000000, 0.07093367111402687497, 0.1421126467219813172, 0.2239961462819389237, 0.3232634932300506025, 0.4452223862126236109, 0.5942209251601585640, 0.7781885730878279617, 1.000000000000000000 ),
 .UNSPECIFIED. ) ;
#1572 = CARTESIAN_POINT ( 'NONE',  ( 0.6079782922283495372, 0.000000000000000000, 2.248848295523449892 ) ) ;
#1573 = B_SPLINE_CURVE_WITH_KNOTS ( 'NONE', 3,
 ( #11, #627, #239, #1153, #1574, #373, #536, #1143, #987, #1596, #812 ),
 .UNSPECIFIED., .F., .F.,
 ( 4, 1, 1, 1, 1, 1, 1, 1, 4 ),
 ( 0.000000000000000000, 0.2216673373434025485, 0.4053102121452808460, 0.5550668319873989232, 0.6769464999970203900, 0.7761493624890609677, 0.8579796702080701998, 0.9291124076756205330, 1.000000000000000000 ),
 .UNSPECIFIED. ) ;
#1574 = CARTESIAN_POINT ( 'NONE',  ( -1.229908593205470968, 0.4000000000000000222, -1.427530804573784895 ) ) ;
#1575 = CARTESIAN_POINT ( 'NONE',  ( -0.1649094595555035681, 0.4000000000000000222, 2.321521016533844683 ) ) ;
#1576 = LINE ( 'NONE', #1007, #758 ) ;
#1577 = CARTESIAN_POINT ( 'NONE',  ( -0.2879897173713233394, 0.000000000000000000, 1.455876608455881627 ) ) ;
#1578 = CARTESIAN_POINT ( 'NONE',  ( -1.143000862127236505, 0.000000000000000000, -1.997651168282686962 ) ) ;
#1579 = ORIENTED_EDGE ( 'NONE', *, *, #1530, .T. ) ;
#1580 = CARTESIAN_POINT ( 'NONE',  ( -1.115600787140471617, 0.4000000000000000222, 1.024261243022364543 ) ) ;
#1581 = FACE_OUTER_BOUND ( 'NONE', #789, .T. ) ;
#1582 = VERTEX_POINT ( 'NONE', #1949 ) ;
#1583 = CARTESIAN_POINT ( 'NONE',  ( 0.000000000000000000, 20.00000000000000000, 0.000000000000000000 ) ) ;
#1584 = CARTESIAN_POINT ( 'NONE',  ( 0.000000000000000000, 20.00000000000000000, 0.000000000000000000 ) ) ;
#1585 = CARTESIAN_POINT ( 'NONE',  ( 1.383622281854527625, 0.4000000000000000222, -1.959101707617327159 ) ) ;
#1586 = CARTESIAN_POINT ( 'NONE',  ( -1.241056946738474220, 0.4000000000000000222, 1.154646881944770387 ) ) ;
#1587 = VECTOR ( 'NONE', #1284, 1000.000000000000000 ) ;
#1588 = CARTESIAN_POINT ( 'NONE',  ( -1.143493064026161354, 0.4000000000000000222, -1.299098496375922007 ) ) ;
#1589 = CARTESIAN_POINT ( 'NONE',  ( 1.439815919629455099, 0.000000000000000000, -1.622316444916723110 ) ) ;
#1590 = VECTOR ( 'NONE', #464, 1000.000000000000000 ) ;
#1591 = VERTEX_POINT ( 'NONE', #110 ) ;
#1592 =( NAMED_UNIT ( * ) PLANE_ANGLE_UNIT ( ) SI_UNIT ( $, .RADIAN. ) );
#1593 = ADVANCED_FACE ( 'NONE', ( #731 ), #760, .F. ) ;
#1594 = CARTESIAN_POINT ( 'NONE',  ( -0.1778637740217369756, 0.4000000000000000222, 2.311559679448506266 ) ) ;
#1595 = ORIENTED_EDGE ( 'NONE', *, *, #474, .T. ) ;
#1596 = CARTESIAN_POINT ( 'NONE',  ( -1.123793170649313611, 0.4000000000000000222, -1.297048409431442950 ) ) ;
#1597 = B_SPLINE_CURVE_WITH_KNOTS ( 'NONE', 3,
 ( #506, #353, #997, #976, #1434, #1113, #664, #1609, #515, #1750, #1729 ),
 .UNSPECIFIED., .F., .F.,
 ( 4, 1, 1, 1, 1, 1, 1, 1, 4 ),
 ( 0.000000000000000000, 0.05777032151365822654, 0.1220908396959871633, 0.2000030215864105898, 0.2940630297019338757, 0.4151651073472477638, 0.5658116749317160243, 0.7590992884381000394, 1.000000000000000000 ),
 .UNSPECIFIED. ) ;
#1598 = CARTESIAN_POINT ( 'NONE',  ( 0.03968667099101923224, 0.000000000000000000, 2.349651098486976952 ) ) ;
#1599 = CARTESIAN_POINT ( 'NONE',  ( -1.246106499911462384, 0.000000000000000000, -1.738146635867557466 ) ) ;
#1600 = ADVANCED_FACE ( 'NONE', ( #1635 ), #443, .F. ) ;
#1601 = FACE_OUTER_BOUND ( 'NONE', #960, .T. ) ;
#1602 = CARTESIAN_POINT ( 'NONE',  ( 0.2069926093606388184, 0.000000000000000000, 2.351844618055555447 ) ) ;
#1603 = CARTESIAN_POINT ( 'NONE',  ( -1.247955441942401711, 0.000000000000000000, 1.349880393034492032 ) ) ;
#1604 = CARTESIAN_POINT ( 'NONE',  ( -1.125959797778160576, 0.000000000000000000, 1.689868253820081989 ) ) ;
#1605 = ORIENTED_EDGE ( 'NONE', *, *, #911, .T. ) ;
#1606 = FACE_OUTER_BOUND ( 'NONE', #1964, .T. ) ;
#1607 = CARTESIAN_POINT ( 'NONE',  ( -1.247109682833337896, 0.4000000000000000222, 1.419889746260534436 ) ) ;
#1608 = B_SPLINE_SURFACE_WITH_KNOTS ( 'NONE', 3, 1, ( 
 ( #88, #831 ),
 ( #390, #1312 ),
 ( #1137, #1278 ),
 ( #1612, #243 ),
 ( #1127, #1930 ),
 ( #366, #1775 ),
 ( #400, #1621 ),
 ( #979, #1471 ),
 ( #411, #97 ),
 ( #1940, #1589 ),
 ( #222, #561 ) ),
 .UNSPECIFIED., .F., .F., .F.,
 ( 4, 1, 1, 1, 1, 1, 1, 1, 4 ),
 ( 2, 2 ),
 ( 0.000000000000000000, 0.07093367111402687497, 0.1421126467219813172, 0.2239961462819389237, 0.3232634932300506025, 0.4452223862126236109, 0.5942209251601585640, 0.7781885730878279617, 1.000000000000000000 ),
 ( 0.000000000000000000, 1.000000000000000000 ),
 .UNSPECIFIED. ) ;
#1609 = CARTESIAN_POINT ( 'NONE',  ( 0.03968667099101923224, 0.4000000000000000222, 2.349651098486976952 ) ) ;
#1610 = CARTESIAN_POINT ( 'NONE',  ( -1.204048063310042771, 0.4000000000000000222, 1.044740206273224503 ) ) ;
#1611 = CARTESIAN_POINT ( 'NONE',  ( -1.242082903947122174, 0.000000000000000000, -1.489472136240786559 ) ) ;
#1612 = CARTESIAN_POINT ( 'NONE',  ( 1.364369455762918237, 0.4000000000000000222, -1.314540951507824795 ) ) ;
#1613 = APPLICATION_PROTOCOL_DEFINITION ( 'draft international standard', 'automotive_design', 1998, #144 ) ;
#1614 = CARTESIAN_POINT ( 'NONE',  ( 1.439948586856617752, 0.4000000000000000222, -1.653012389139412397 ) ) ;
#1615 = VERTEX_POINT ( 'NONE', #1833 ) ;
#1616 = LINE ( 'NONE', #1649, #1692 ) ;
#1617 = CARTESIAN_POINT ( 'NONE',  ( -1.247955441942401711, 0.000000000000000000, 1.349880393034492032 ) ) ;
#1618 =( LENGTH_UNIT ( ) NAMED_UNIT ( * ) SI_UNIT ( .MILLI., .METRE. ) );
#1619 = CARTESIAN_POINT ( 'NONE',  ( -1.247955441942401711, 0.000000000000000000, -1.653012389139412175 ) ) ;
#1620 = CARTESIAN_POINT ( 'NONE',  ( 0.2463358852592353598, 0.000000000000000000, 2.351808307591620295 ) ) ;
#1621 = CARTESIAN_POINT ( 'NONE',  ( 1.423481289622233081, 0.000000000000000000, -1.427311654974843025 ) ) ;
#1622 = APPLICATION_PROTOCOL_DEFINITION ( 'draft international standard', 'automotive_design', 1998, #1118 ) ;
#1623 =( GEOMETRIC_REPRESENTATION_CONTEXT ( 3 ) GLOBAL_UNCERTAINTY_ASSIGNED_CONTEXT ( ( #125 ) ) GLOBAL_UNIT_ASSIGNED_CONTEXT ( ( #200, #317, #1928 ) ) REPRESENTATION_CONTEXT ( 'NONE', 'WORKASPACE' ) );
#1624 = CARTESIAN_POINT ( 'NONE',  ( -0.9939645106496370897, 0.4000000000000000222, 1.071890318627450656 ) ) ;
#1625 = AXIS2_PLACEMENT_3D ( 'NONE', #544, #850, #843 ) ;
#1626 = VERTEX_POINT ( 'NONE', #595 ) ;
#1627 = ADVANCED_FACE ( 'NONE', ( #1809 ), #742, .T. ) ;
#1628 = CARTESIAN_POINT ( 'NONE',  ( 1.333129744089488478, 0.000000000000000000, -1.998183394484386310 ) ) ;
#1629 = AXIS2_PLACEMENT_3D ( 'NONE', #241, #1730, #1275 ) ;
#1630 = CARTESIAN_POINT ( 'NONE',  ( 0.000000000000000000, 2.000000000000000000, 0.000000000000000000 ) ) ;
#1631 = FILL_AREA_STYLE ('',( #117 ) ) ;
#1632 = PLANE ( 'NONE',  #1048 ) ;
#1633 = ORIENTED_EDGE ( 'NONE', *, *, #73, .T. ) ;
#1634 = CARTESIAN_POINT ( 'NONE',  ( 0.2463358852592353598, 0.000000000000000000, 2.351808307591620295 ) ) ;
#1635 = FACE_OUTER_BOUND ( 'NONE', #1356, .T. ) ;
#1636 = CARTESIAN_POINT ( 'NONE',  ( -0.9939645106496370897, 0.4000000000000000222, 1.071890318627450656 ) ) ;
#1637 = VERTEX_POINT ( 'NONE', #453 ) ;
#1638 = CARTESIAN_POINT ( 'NONE',  ( -1.229908593205470968, 0.000000000000000000, -1.427530804573784895 ) ) ;
#1639 = EDGE_CURVE ( 'NONE', #1864, #903, #1480, .T. ) ;
#1640 = CARTESIAN_POINT ( 'NONE',  ( -1.245945240561503464, 0.000000000000000000, 1.481671813099323609 ) ) ;
#1641 = CARTESIAN_POINT ( 'NONE',  ( 0.6079782922283495372, 0.000000000000000000, -1.296025135314542664 ) ) ;
#1642 = CARTESIAN_POINT ( 'NONE',  ( 1.383622281854527625, 0.000000000000000000, -1.959101707617327159 ) ) ;
#1643 = ORIENTED_EDGE ( 'NONE', *, *, #150, .T. ) ;
#1644 = CARTESIAN_POINT ( 'NONE',  ( 0.5342013113828417703, 0.000000000000000000, 2.331725802865157071 ) ) ;
#1645 = CARTESIAN_POINT ( 'NONE',  ( -0.07043328361661951864, 0.000000000000000000, 2.343481309969263293 ) ) ;
#1646 = EDGE_CURVE ( 'NONE', #1372, #1270, #1346, .T. ) ;
#1647 = DIRECTION ( 'NONE',  ( -0.000000000000000000, -1.000000000000000000, -0.000000000000000000 ) ) ;
#1648 = ORIENTED_EDGE ( 'NONE', *, *, #490, .F. ) ;
#1649 = CARTESIAN_POINT ( 'NONE',  ( -0.2879897173713233394, 0.000000000000000000, 1.455876608455881627 ) ) ;
#1650 = CARTESIAN_POINT ( 'NONE',  ( 1.439573219848613972, 0.4000000000000000222, -1.566161665059731645 ) ) ;
#1651 = CARTESIAN_POINT ( 'NONE',  ( 0.2463358852592353598, 0.4000000000000000222, 2.351808307591620295 ) ) ;
#1652 = VERTEX_POINT ( 'NONE', #768 ) ;
#1653 = CARTESIAN_POINT ( 'NONE',  ( 0.5947798896630431820, 0.000000000000000000, 2.300462138408003732 ) ) ;
#1654 = CARTESIAN_POINT ( 'NONE',  ( 1.431911749366390429, 0.000000000000000000, -1.489804249308158024 ) ) ;
#1655 = CARTESIAN_POINT ( 'NONE',  ( -1.214570877800384086, 0.4000000000000000222, -1.378346331871961317 ) ) ;
#1656 = VERTEX_POINT ( 'NONE', #1720 ) ;
#1657 = EDGE_CURVE ( 'NONE', #915, #1519, #1071, .T. ) ;
#1658 = CARTESIAN_POINT ( 'NONE',  ( 1.403574072301211562, 0.000000000000000000, -1.923288417506024972 ) ) ;
#1659 = AXIS2_PLACEMENT_3D ( 'NONE', #741, #603, #1032 ) ;
#1660 = CARTESIAN_POINT ( 'NONE',  ( -1.245945240561503464, 0.4000000000000000222, 1.481671813099323609 ) ) ;
#1661 = AXIS2_PLACEMENT_3D ( 'NONE', #1230, #1557, #1105 ) ;
#1662 = CARTESIAN_POINT ( 'NONE',  ( 1.316786668675624883, 0.4000000000000000222, -1.297048342556738065 ) ) ;
#1663 = CARTESIAN_POINT ( 'NONE',  ( 1.313801842410227794, 0.000000000000000000, -1.999386808588778486 ) ) ;
#1664 = VERTEX_POINT ( 'NONE', #1376 ) ;
#1665 = CARTESIAN_POINT ( 'NONE',  ( 0.6077134370374104311, 0.000000000000000000, 2.258338866650843713 ) ) ;
#1666 = CARTESIAN_POINT ( 'NONE',  ( 1.423481289622233081, 0.000000000000000000, -1.427311654974843025 ) ) ;
#1667 = EDGE_CURVE ( 'NONE', #728, #1562, #861, .T. ) ;
#1668 = CARTESIAN_POINT ( 'NONE',  ( -1.227168973227554138, 0.000000000000000000, 1.090535396977271976 ) ) ;
#1669 = ORIENTED_EDGE ( 'NONE', *, *, #819, .T. ) ;
#1670 = DIRECTION ( 'NONE',  ( 1.000000000000000000, 0.000000000000000000, 0.000000000000000000 ) ) ;
#1671 = DIRECTION ( 'NONE',  ( 0.000000000000000000, 0.000000000000000000, -1.000000000000000000 ) ) ;
#1672 = ORIENTED_EDGE ( 'NONE', *, *, #281, .F. ) ;
#1673 = B_SPLINE_CURVE_WITH_KNOTS ( 'NONE', 3,
 ( #1144, #698, #1575, #74, #1927, #1914, #686, #548, #839, #1295, #1772 ),
 .UNSPECIFIED., .F., .F.,
 ( 4, 1, 1, 1, 1, 1, 1, 1, 4 ),
 ( 0.000000000000000000, 0.05777032151365822654, 0.1220908396959871633, 0.2000030215864105898, 0.2940630297019338757, 0.4151651073472477638, 0.5658116749317160243, 0.7590992884381000394, 1.000000000000000000 ),
 .UNSPECIFIED. ) ;
#1674 = CARTESIAN_POINT ( 'NONE',  ( 0.5721230934191442463, 0.000000000000000000, 2.320729808527303373 ) ) ;
#1675 = DIRECTION ( 'NONE',  ( -1.000000000000000000, 0.000000000000000000, 0.000000000000000000 ) ) ;
#1676 = EDGE_CURVE ( 'NONE', #149, #1733, #1287, .T. ) ;
#1677 = CARTESIAN_POINT ( 'NONE',  ( -0.2879897173713233394, 0.000000000000000000, -1.296025135314542664 ) ) ;
#1678 = B_SPLINE_SURFACE_WITH_KNOTS ( 'NONE', 3, 1, ( 
 ( #213, #820 ),
 ( #1594, #1430 ),
 ( #59, #670 ),
 ( #1281, #1440 ),
 ( #1900, #69 ),
 ( #1292, #1909 ),
 ( #531, #1138 ),
 ( #1757, #1360 ),
 ( #434, #284 ),
 ( #1067, #424 ),
 ( #897, #1951 ) ),
 .UNSPECIFIED., .F., .F., .F.,
 ( 4, 1, 1, 1, 1, 1, 1, 1, 4 ),
 ( 2, 2 ),
 ( 0.000000000000000000, 0.05777032151365822654, 0.1220908396959871633, 0.2000030215864105898, 0.2940630297019338757, 0.4151651073472477638, 0.5658116749317160243, 0.7590992884381000394, 1.000000000000000000 ),
 ( 0.000000000000000000, 1.000000000000000000 ),
 .UNSPECIFIED. ) ;
#1679 = VERTEX_POINT ( 'NONE', #326 ) ;
#1680 = CARTESIAN_POINT ( 'NONE',  ( -1.125959797778160576, 0.4000000000000000222, 1.689868253820081989 ) ) ;
#1681 = ORIENTED_EDGE ( 'NONE', *, *, #1038, .T. ) ;
#1682 = EDGE_CURVE ( 'NONE', #1483, #1806, #1142, .T. ) ;
#1683 = FACE_OUTER_BOUND ( 'NONE', #1726, .T. ) ;
#1684 = CARTESIAN_POINT ( 'NONE',  ( -1.124764855728540569, 0.4000000000000000222, -1.999235198971307970 ) ) ;
#1685 = CARTESIAN_POINT ( 'NONE',  ( -0.1649094595555035681, 0.000000000000000000, 2.321521016533844683 ) ) ;
#1686 = ORIENTED_EDGE ( 'NONE', *, *, #176, .T. ) ;
#1687 = ADVANCED_FACE ( 'NONE', ( #1237 ), #104, .F. ) ;
#1688 = CIRCLE ( 'NONE', #124, 4.349999999999999645 ) ;
#1689 = CARTESIAN_POINT ( 'NONE',  ( -1.247109682833337896, 0.000000000000000000, 1.419889746260534436 ) ) ;
#1690 = AXIS2_PLACEMENT_3D ( 'NONE', #774, #1857, #1992 ) ;
#1691 = CARTESIAN_POINT ( 'NONE',  ( -0.2879897173713233394, 0.4000000000000000222, 1.455876608455881627 ) ) ;
#1692 = VECTOR ( 'NONE', #1315, 1000.000000000000227 ) ;
#1693 = MANIFOLD_SOLID_BREP ( 'Cut-Extrude1', #159 ) ;
#1694 = CARTESIAN_POINT ( 'NONE',  ( 1.403574072301211562, 0.4000000000000000222, -1.923288417506024972 ) ) ;
#1695 = CARTESIAN_POINT ( 'NONE',  ( -1.115960154813878447, 0.4000000000000000222, -2.000000000000000000 ) ) ;
#1696 = CARTESIAN_POINT ( 'NONE',  ( 0.1173028005275161822, 0.4000000000000000222, 2.352623049352057016 ) ) ;
#1697 = CARTESIAN_POINT ( 'NONE',  ( 0.6079782922283495372, 0.4000000000000000222, -1.296025135314542664 ) ) ;
#1698 = EDGE_LOOP ( 'NONE', ( #256, #1505, #484, #1686 ) ) ;
#1699 = EDGE_CURVE ( 'NONE', #1708, #948, #1576, .T. ) ;
#1700 = CARTESIAN_POINT ( 'NONE',  ( -1.125959797778160576, 0.000000000000000000, 1.689868253820081989 ) ) ;
#1701 = ORIENTED_EDGE ( 'NONE', *, *, #1157, .T. ) ;
#1702 = CARTESIAN_POINT ( 'NONE',  ( 1.360105213338926644, 0.000000000000000000, -1.983267514660195463 ) ) ;
#1703 = DIRECTION ( 'NONE',  ( 0.000000000000000000, 1.000000000000000000, -0.000000000000000000 ) ) ;
#1704 = CARTESIAN_POINT ( 'NONE',  ( 5.572142936120455355E-16, 0.000000000000000000, -4.049999999999998046 ) ) ;
#1705 = CARTESIAN_POINT ( 'NONE',  ( -1.246849977318279068, 0.000000000000000000, -1.566281259687044125 ) ) ;
#1706 = ORIENTED_EDGE ( 'NONE', *, *, #1965, .F. ) ;
#1707 = CARTESIAN_POINT ( 'NONE',  ( 0.6079782922283495372, 0.4000000000000000222, -1.296025135314542664 ) ) ;
#1708 = VERTEX_POINT ( 'NONE', #335 ) ;
#1709 = CARTESIAN_POINT ( 'NONE',  ( 0.000000000000000000, 20.00000000000000000, -3.049999999999999822 ) ) ;
#1710 = CARTESIAN_POINT ( 'NONE',  ( -1.245930838078705305, 0.000000000000000000, 1.243521995094935884 ) ) ;
#1711 = CARTESIAN_POINT ( 'NONE',  ( -1.247219803442398689, 0.4000000000000000222, 1.311235138164668523 ) ) ;
#1712 = DIRECTION ( 'NONE',  ( 0.000000000000000000, 0.000000000000000000, -1.000000000000000000 ) ) ;
#1713 = VERTEX_POINT ( 'NONE', #1446 ) ;
#1714 = EDGE_CURVE ( 'NONE', #607, #1889, #189, .T. ) ;
#1715 = ORIENTED_EDGE ( 'NONE', *, *, #1102, .F. ) ;
#1716 = DIRECTION ( 'NONE',  ( 0.000000000000000000, 0.000000000000000000, -1.000000000000000000 ) ) ;
#1717 =( GEOMETRIC_REPRESENTATION_CONTEXT ( 3 ) GLOBAL_UNCERTAINTY_ASSIGNED_CONTEXT ( ( #1340 ) ) GLOBAL_UNIT_ASSIGNED_CONTEXT ( ( #981, #1592, #1416 ) ) REPRESENTATION_CONTEXT ( 'NONE', 'WORKASPACE' ) );
#1718 = ORIENTED_EDGE ( 'NONE', *, *, #176, .F. ) ;
#1719 = DIRECTION ( 'NONE',  ( -1.000000000000000000, 0.000000000000000000, 0.000000000000000000 ) ) ;
#1720 = CARTESIAN_POINT ( 'NONE',  ( -1.115960154813878447, 0.4000000000000000222, -2.000000000000000000 ) ) ;
#1721 = EDGE_CURVE ( 'NONE', #1582, #649, #549, .T. ) ;
#1722 = CARTESIAN_POINT ( 'NONE',  ( 0.6079782922283495372, 0.4000000000000000222, -1.296025135314542664 ) ) ;
#1723 = AXIS2_PLACEMENT_3D ( 'NONE', #14, #488, #1724 ) ;
#1724 = DIRECTION ( 'NONE',  ( 0.000000000000000000, 0.000000000000000000, -1.000000000000000000 ) ) ;
#1725 = EDGE_LOOP ( 'NONE', ( #1189, #1648, #1438, #1995 ) ) ;
#1726 = EDGE_LOOP ( 'NONE', ( #1045, #296, #458, #1515 ) ) ;
#1727 = CARTESIAN_POINT ( 'NONE',  ( -1.247955441942401711, 0.4000000000000000222, -1.653012389139412175 ) ) ;
#1728 = CARTESIAN_POINT ( 'NONE',  ( -1.125959797778160576, 0.4000000000000000222, 1.689868253820081989 ) ) ;
#1729 = CARTESIAN_POINT ( 'NONE',  ( 0.2069926093606388184, 0.4000000000000000222, 2.351844618055555447 ) ) ;
#1730 = DIRECTION ( 'NONE',  ( 0.000000000000000000, 1.000000000000000000, 0.000000000000000000 ) ) ;
#1731 = CARTESIAN_POINT ( 'NONE',  ( -0.2879897173713233394, 0.000000000000000000, 1.455876608455881627 ) ) ;
#1732 = CARTESIAN_POINT ( 'NONE',  ( -1.123793170649313611, 0.4000000000000000222, -1.297048409431442950 ) ) ;
#1733 = VERTEX_POINT ( 'NONE', #354 ) ;
#1734 = VERTEX_POINT ( 'NONE', #1145 ) ;
#1735 = LINE ( 'NONE', #1727, #1429 ) ;
#1736 = CARTESIAN_POINT ( 'NONE',  ( -1.247955441942401711, 0.4000000000000000222, 1.349880393034492032 ) ) ;
#1737 = CARTESIAN_POINT ( 'NONE',  ( 1.360105213338926644, 0.4000000000000000222, -1.983267514660195463 ) ) ;
#1738 = EDGE_CURVE ( 'NONE', #892, #357, #230, .T. ) ;
#1739 = B_SPLINE_CURVE_WITH_KNOTS ( 'NONE', 3,
 ( #1158, #209, #528, #999, #242, #815, #1895, #848, #1288, #1136, #1424 ),
 .UNSPECIFIED., .F., .F.,
 ( 4, 1, 1, 1, 1, 1, 1, 1, 4 ),
 ( 0.000000000000000000, 0.1953917962139281594, 0.3517781494829242406, 0.4829622150161109739, 0.5935440658976531836, 0.6937939757302394872, 0.7828984254103387164, 0.8806811103320599798, 0.9999999999999998890 ),
 .UNSPECIFIED. ) ;
#1740 = CARTESIAN_POINT ( 'NONE',  ( -1.246106499911462384, 0.000000000000000000, -1.738146635867557466 ) ) ;
#1741 = CARTESIAN_POINT ( 'NONE',  ( 0.4100690559814312852, 0.4000000000000000222, 2.347873638594501156 ) ) ;
#1742 = ORIENTED_EDGE ( 'NONE', *, *, #1858, .T. ) ;
#1743 = CARTESIAN_POINT ( 'NONE',  ( 0.000000000000000000, 1.999999999999998224, 0.000000000000000000 ) ) ;
#1744 = B_SPLINE_CURVE_WITH_KNOTS ( 'NONE', 3,
 ( #52, #364, #860, #1422, #95, #665, #516, #676, #977, #527, #1135 ),
 .UNSPECIFIED., .F., .F.,
 ( 4, 1, 1, 1, 1, 1, 1, 1, 4 ),
 ( 0.000000000000000000, 0.2211726172025622328, 0.4064829379723456926, 0.5592242054201972401, 0.6820184065259273787, 0.7789323883112897473, 0.8588466837340277271, 0.9280762948648706434, 1.000000000000000000 ),
 .UNSPECIFIED. ) ;
#1745 = DIRECTION ( 'NONE',  ( 0.000000000000000000, 1.000000000000000000, 0.000000000000000000 ) ) ;
#1746 = ORIENTED_EDGE ( 'NONE', *, *, #1761, .F. ) ;
#1747 = FACE_OUTER_BOUND ( 'NONE', #1725, .T. ) ;
#1748 = EDGE_CURVE ( 'NONE', #304, #1372, #998, .T. ) ;
#1749 = CYLINDRICAL_SURFACE ( 'NONE', #216, 3.049999999999999822 ) ;
#1750 = CARTESIAN_POINT ( 'NONE',  ( 0.1749874402712375543, 0.4000000000000000222, 2.352122395716062631 ) ) ;
#1751 = CARTESIAN_POINT ( 'NONE',  ( -0.2879897173713233394, 0.000000000000000000, 1.455876608455881627 ) ) ;
#1752 = CARTESIAN_POINT ( 'NONE',  ( -1.239612899765657916, 0.000000000000000000, -1.813779169520080004 ) ) ;
#1753 = CARTESIAN_POINT ( 'NONE',  ( 0.3163814563246558076, 0.000000000000000000, 2.351743661546677355 ) ) ;
#1754 = AXIS2_PLACEMENT_3D ( 'NONE', #1891, #491, #197 ) ;
#1755 = DIRECTION ( 'NONE',  ( 0.000000000000000000, 0.000000000000000000, -1.000000000000000000 ) ) ;
#1756 = AXIS2_PLACEMENT_3D ( 'NONE', #260, #591, #568 ) ;
#1757 = CARTESIAN_POINT ( 'NONE',  ( 0.03968667099101923224, 0.4000000000000000222, 2.349651098486976952 ) ) ;
#1758 = ORIENTED_EDGE ( 'NONE', *, *, #1357, .F. ) ;
#1759 = FACE_OUTER_BOUND ( 'NONE', #1819, .T. ) ;
#1760 = CARTESIAN_POINT ( 'NONE',  ( -1.138457222593702189, 0.4000000000000000222, 1.681091286952651975 ) ) ;
#1761 = EDGE_CURVE ( 'NONE', #330, #1106, #576, .T. ) ;
#1762 = DIRECTION ( 'NONE',  ( -0.000000000000000000, 1.000000000000000000, -0.000000000000000000 ) ) ;
#1763 = CARTESIAN_POINT ( 'NONE',  ( -1.017440506791301713, 0.4000000000000000222, 1.061445685289198471 ) ) ;
#1764 = LINE ( 'NONE', #1277, #1426 ) ;
#1765 = CARTESIAN_POINT ( 'NONE',  ( -0.1839934305427899097, 0.4000000000000000222, 2.306846224716284866 ) ) ;
#1766 = CARTESIAN_POINT ( 'NONE',  ( -1.017440506791301713, 0.000000000000000000, 1.061445685289198471 ) ) ;
#1767 = DIRECTION ( 'NONE',  ( 0.000000000000000000, 0.000000000000000000, 1.000000000000000000 ) ) ;
#1768 = ORIENTED_EDGE ( 'NONE', *, *, #1535, .T. ) ;
#1769 = CARTESIAN_POINT ( 'NONE',  ( 1.439948586856617752, 0.000000000000000000, -1.653012389139412397 ) ) ;
#1770 = CARTESIAN_POINT ( 'NONE',  ( -1.242082903947122174, 0.000000000000000000, -1.489472136240786559 ) ) ;
#1771 = B_SPLINE_CURVE_WITH_KNOTS ( 'NONE', 3,
 ( #1318, #208, #1286, #249, #1468, #699, #1773, #397, #1599, #507, #1619 ),
 .UNSPECIFIED., .F., .F.,
 ( 4, 1, 1, 1, 1, 1, 1, 1, 4 ),
 ( 0.000000000000000000, 0.06522939618511702786, 0.1351009759154859213, 0.2140224219184149457, 0.3118350904383251354, 0.4357679664553557042, 0.5899256090055892132, 0.7767075898654186572, 1.000000000000000000 ),
 .UNSPECIFIED. ) ;
#1772 = CARTESIAN_POINT ( 'NONE',  ( 0.2069926093606388184, 0.4000000000000000222, 2.351844618055555447 ) ) ;
#1773 = CARTESIAN_POINT ( 'NONE',  ( -1.228440349777396579, 0.000000000000000000, -1.875430660757366086 ) ) ;
#1774 = CARTESIAN_POINT ( 'NONE',  ( 0.2069926093606387907, 0.4000000000000000222, 2.351844618055555003 ) ) ;
#1775 = CARTESIAN_POINT ( 'NONE',  ( 1.407443487650167357, 0.000000000000000000, -1.378367057269303420 ) ) ;
#1776 = EDGE_CURVE ( 'NONE', #728, #1569, #64, .T. ) ;
#1777 = CARTESIAN_POINT ( 'NONE',  ( -1.125959797778160576, 0.000000000000000000, 1.689868253820081989 ) ) ;
#1778 = ORIENTED_EDGE ( 'NONE', *, *, #19, .T. ) ;
#1779 = CARTESIAN_POINT ( 'NONE',  ( 0.5947798896630431820, 0.000000000000000000, 2.300462138408003732 ) ) ;
#1780 = CARTESIAN_POINT ( 'NONE',  ( -0.9939645106496370897, 0.000000000000000000, 1.071890318627450656 ) ) ;
#1781 = DIRECTION ( 'NONE',  ( -1.000000000000000000, 0.000000000000000000, -0.000000000000000000 ) ) ;
#1782 = CARTESIAN_POINT ( 'NONE',  ( 1.333129744089488478, 0.000000000000000000, -1.998183394484386310 ) ) ;
#1783 = VERTEX_POINT ( 'NONE', #1435 ) ;
#1784 = LINE ( 'NONE', #1319, #1787 ) ;
#1785 = CARTESIAN_POINT ( 'NONE',  ( 0.2069926093606388184, 0.000000000000000000, 2.351844618055555447 ) ) ;
#1786 = CARTESIAN_POINT ( 'NONE',  ( -1.125959797778160576, 0.4000000000000000222, 1.689868253820081989 ) ) ;
#1787 = VECTOR ( 'NONE', #1064, 1000.000000000000000 ) ;
#1788 = B_SPLINE_SURFACE_WITH_KNOTS ( 'NONE', 3, 1, ( 
 ( #1774, #231 ),
 ( #399, #1620 ),
 ( #251, #862 ),
 ( #1470, #1167 ),
 ( #1055, #594 ),
 ( #894, #750 ),
 ( #145, #1674 ),
 ( #1358, #1653 ),
 ( #1211, #720 ),
 ( #452, #1665 ),
 ( #301, #1349 ) ),
 .UNSPECIFIED., .F., .F., .F.,
 ( 4, 1, 1, 1, 1, 1, 1, 1, 4 ),
 ( 2, 2 ),
 ( 0.000000000000000000, 0.2619946231375901435, 0.4664472536817086401, 0.6248467031110532810, 0.7402337526803483003, 0.8231283380195367760, 0.8828681786443063340, 0.9374782147758515816, 1.000000000000000000 ),
 ( 0.000000000000000000, 1.000000000000000000 ),
 .UNSPECIFIED. ) ;
#1789 = ORIENTED_EDGE ( 'NONE', *, *, #1119, .T. ) ;
#1790 = AXIS2_PLACEMENT_3D ( 'NONE', #238, #351, #802 ) ;
#1791 = LINE ( 'NONE', #588, #1176 ) ;
#1792 = CARTESIAN_POINT ( 'NONE',  ( -1.247955441942401933, 0.000000000000000000, 1.349880393034492254 ) ) ;
#1793 = CARTESIAN_POINT ( 'NONE',  ( -0.1839934305427899097, 0.000000000000000000, 2.306846224716284866 ) ) ;
#1794 = CARTESIAN_POINT ( 'NONE',  ( 1.439876698963563184, 0.4000000000000000222, -1.683045127942228048 ) ) ;
#1795 = EDGE_LOOP ( 'NONE', ( #1090, #1672 ) ) ;
#1796 = EDGE_CURVE ( 'NONE', #91, #1679, #847, .T. ) ;
#1797 = B_SPLINE_CURVE_WITH_KNOTS ( 'NONE', 3,
 ( #1517, #1253, #1689, #332, #1225, #1398, #1083, #1550, #151, #449, #1700 ),
 .UNSPECIFIED., .F., .F.,
 ( 4, 1, 1, 1, 1, 1, 1, 1, 4 ),
 ( 0.000000000000000000, 0.1953917962139281594, 0.3517781494829242406, 0.4829622150161109739, 0.5935440658976531836, 0.6937939757302394872, 0.7828984254103387164, 0.8806811103320599798, 0.9999999999999998890 ),
 .UNSPECIFIED. ) ;
#1798 = CARTESIAN_POINT ( 'NONE',  ( 0.2463358852592353598, 0.4000000000000000222, 2.351808307591620295 ) ) ;
#1799 = CARTESIAN_POINT ( 'NONE',  ( 0.6079782922283495372, 0.4000000000000000222, 2.248848295523449892 ) ) ;
#1800 = CARTESIAN_POINT ( 'NONE',  ( -1.115600787140471617, 0.4000000000000000222, 1.024261243022364543 ) ) ;
#1801 = ORIENTED_EDGE ( 'NONE', *, *, #526, .F. ) ;
#1802 = CARTESIAN_POINT ( 'NONE',  ( 1.439876698963563184, 0.4000000000000000222, -1.683045127942228048 ) ) ;
#1803 = CARTESIAN_POINT ( 'NONE',  ( 1.423481289622233081, 0.4000000000000000222, -1.427311654974843025 ) ) ;
#1804 = DIRECTION ( 'NONE',  ( 0.000000000000000000, -0.000000000000000000, 1.000000000000000000 ) ) ;
#1805 = CARTESIAN_POINT ( 'NONE',  ( 1.423481289622233081, 0.000000000000000000, -1.427311654974843025 ) ) ;
#1806 = VERTEX_POINT ( 'NONE', #387 ) ;
#1807 = EDGE_CURVE ( 'NONE', #903, #1783, #1771, .T. ) ;
#1808 = CARTESIAN_POINT ( 'NONE',  ( 0.2069926093606387907, 0.4000000000000000222, 2.351844618055555003 ) ) ;
#1809 = FACE_OUTER_BOUND ( 'NONE', #1846, .T. ) ;
#1810 = B_SPLINE_CURVE_WITH_KNOTS ( 'NONE', 3,
 ( #811, #1122, #1195, #1464, #1638, #1026, #1943, #555, #266, #277, #436 ),
 .UNSPECIFIED., .F., .F.,
 ( 4, 1, 1, 1, 1, 1, 1, 1, 4 ),
 ( 0.000000000000000000, 0.2216673373434025485, 0.4053102121452808460, 0.5550668319873989232, 0.6769464999970203900, 0.7761493624890609677, 0.8579796702080701998, 0.9291124076756205330, 1.000000000000000000 ),
 .UNSPECIFIED. ) ;
#1811 = UNCERTAINTY_MEASURE_WITH_UNIT (LENGTH_MEASURE( 1.000000000000000082E-05 ), #1618, 'distance_accuracy_value', 'NONE');
#1812 = LINE ( 'NONE', #886, #250 ) ;
#1813 = ORIENTED_EDGE ( 'NONE', *, *, #324, .T. ) ;
#1814 = CARTESIAN_POINT ( 'NONE',  ( 1.439876698963563184, -0.000000000000000000, -1.683045127942228048 ) ) ;
#1815 = CARTESIAN_POINT ( 'NONE',  ( -1.161196376581145495, 0.000000000000000000, 1.665121532856354891 ) ) ;
#1816 = EDGE_CURVE ( 'NONE', #1615, #1864, #1744, .T. ) ;
#1817 = CYLINDRICAL_SURFACE ( 'NONE', #446, 3.049999999999999822 ) ;
#1818 = DIRECTION ( 'NONE',  ( -0.000000000000000000, -1.000000000000000000, -0.000000000000000000 ) ) ;
#1819 = EDGE_LOOP ( 'NONE', ( #924, #749, #773, #744 ) ) ;
#1820 = CARTESIAN_POINT ( 'NONE',  ( -1.191525203778907471, 0.4000000000000000222, -1.958680581649898889 ) ) ;
#1821 = CARTESIAN_POINT ( 'NONE',  ( -0.1839934305427899097, 0.000000000000000000, 2.306846224716284866 ) ) ;
#1822 = CARTESIAN_POINT ( 'NONE',  ( -1.164016875979065224, 0.4000000000000000222, 1.022727864467815273 ) ) ;
#1823 = ORIENTED_EDGE ( 'NONE', *, *, #93, .T. ) ;
#1824 = VECTOR ( 'NONE', #404, 1000.000000000000000 ) ;
#1825 = VECTOR ( 'NONE', #1061, 1000.000000000000000 ) ;
#1826 = CARTESIAN_POINT ( 'NONE',  ( -1.125959797778160576, 0.000000000000000000, 1.689868253820081989 ) ) ;
#1827 = AXIS2_PLACEMENT_3D ( 'NONE', #470, #480, #32 ) ;
#1828 = DIRECTION ( 'NONE',  ( 0.000000000000000000, 1.000000000000000000, 0.000000000000000000 ) ) ;
#1829 = CARTESIAN_POINT ( 'NONE',  ( 1.303953442542381325, 0.000000000000000000, -2.000000000000000000 ) ) ;
#1830 = VERTEX_POINT ( 'NONE', #1751 ) ;
#1831 = EDGE_CURVE ( 'NONE', #1411, #940, #287, .T. ) ;
#1832 = CARTESIAN_POINT ( 'NONE',  ( -1.211674260903818690, 0.4000000000000000222, -1.923370628717683495 ) ) ;
#1833 = CARTESIAN_POINT ( 'NONE',  ( 1.439948586856617752, 0.000000000000000000, -1.653012389139412397 ) ) ;
#1834 = CARTESIAN_POINT ( 'NONE',  ( -1.247219803442398689, -0.000000000000000000, 1.311235138164668523 ) ) ;
#1835 = ORIENTED_EDGE ( 'NONE', *, *, #99, .F. ) ;
#1836 = EDGE_CURVE ( 'NONE', #18, #1708, #1198, .T. ) ;
#1837 = LINE ( 'NONE', #1283, #17 ) ;
#1838 = ORIENTED_EDGE ( 'NONE', *, *, #1530, .F. ) ;
#1839 = CARTESIAN_POINT ( 'NONE',  ( -0.2879897173713233394, 0.4000000000000000222, 1.455876608455881627 ) ) ;
#1840 = CARTESIAN_POINT ( 'NONE',  ( 1.407443487650167357, 0.000000000000000000, -1.378367057269303420 ) ) ;
#1841 = ADVANCED_FACE ( 'NONE', ( #1347 ), #406, .T. ) ;
#1842 = CARTESIAN_POINT ( 'NONE',  ( -0.02215370671699561783, 0.4000000000000000222, 2.349044370458397868 ) ) ;
#1843 = B_SPLINE_SURFACE_WITH_KNOTS ( 'NONE', 3, 1, ( 
 ( #933, #485 ),
 ( #477, #316 ),
 ( #190, #1874 ),
 ( #644, #21 ),
 ( #919, #154 ),
 ( #795, #1085 ),
 ( #927, #12 ),
 ( #493, #1702 ),
 ( #637, #1383 ),
 ( #759, #1536 ),
 ( #325, #941 ) ),
 .UNSPECIFIED., .F., .F., .F.,
 ( 4, 1, 1, 1, 1, 1, 1, 1, 4 ),
 ( 2, 2 ),
 ( 0.000000000000000000, 0.2211726172025622328, 0.4064829379723456926, 0.5592242054201972401, 0.6820184065259273787, 0.7789323883112897473, 0.8588466837340277271, 0.9280762948648706434, 1.000000000000000000 ),
 ( 0.000000000000000000, 1.000000000000000000 ),
 .UNSPECIFIED. ) ;
#1844 = ORIENTED_EDGE ( 'NONE', *, *, #944, .F. ) ;
#1845 = CARTESIAN_POINT ( 'NONE',  ( -1.138457222593702189, 0.000000000000000000, 1.681091286952651975 ) ) ;
#1846 = EDGE_LOOP ( 'NONE', ( #994, #1595, #1415, #1532 ) ) ;
#1847 = CARTESIAN_POINT ( 'NONE',  ( 1.439876698963563184, 0.4000000000000000222, -1.683045127942228048 ) ) ;
#1848 = SURFACE_STYLE_USAGE ( .BOTH. , #920 ) ;
#1849 = DIRECTION ( 'NONE',  ( 0.000000000000000000, -1.000000000000000000, 0.000000000000000000 ) ) ;
#1850 = LINE ( 'NONE', #946, #693 ) ;
#1851 = ORIENTED_EDGE ( 'NONE', *, *, #829, .T. ) ;
#1852 = VECTOR ( 'NONE', #1466, 1000.000000000000000 ) ;
#1853 = CARTESIAN_POINT ( 'NONE',  ( -1.190963524010397734, 0.000000000000000000, 1.639477581552106100 ) ) ;
#1854 = VECTOR ( 'NONE', #1216, 1000.000000000000000 ) ;
#1855 = ORIENTED_EDGE ( 'NONE', *, *, #1380, .F. ) ;
#1856 = CIRCLE ( 'NONE', #1827, 5.049999999999999822 ) ;
#1857 = DIRECTION ( 'NONE',  ( -0.000000000000000000, 1.000000000000000000, -0.000000000000000000 ) ) ;
#1858 = EDGE_CURVE ( 'NONE', #1591, #91, #331, .T. ) ;
#1859 = DIRECTION ( 'NONE',  ( -0.000000000000000000, -1.000000000000000000, -0.000000000000000000 ) ) ;
#1860 = LINE ( 'NONE', #319, #821 ) ;
#1861 = FACE_OUTER_BOUND ( 'NONE', #164, .T. ) ;
#1862 = EDGE_LOOP ( 'NONE', ( #153, #292, #723, #25 ) ) ;
#1863 = CARTESIAN_POINT ( 'NONE',  ( -1.125959797778160576, 0.000000000000000000, 1.689868253820081989 ) ) ;
#1864 = VERTEX_POINT ( 'NONE', #1829 ) ;
#1865 = DIRECTION ( 'NONE',  ( 0.000000000000000000, 0.000000000000000000, 1.000000000000000000 ) ) ;
#1866 = CARTESIAN_POINT ( 'NONE',  ( -1.246106499911462384, 0.000000000000000000, -1.738146635867557466 ) ) ;
#1867 = ADVANCED_FACE ( 'NONE', ( #107 ), #1303, .T. ) ;
#1868 = CARTESIAN_POINT ( 'NONE',  ( 0.2069926093606388184, 0.000000000000000000, 2.351844618055555447 ) ) ;
#1869 = CARTESIAN_POINT ( 'NONE',  ( 0.000000000000000000, 0.9999999999999974465, 0.000000000000000000 ) ) ;
#1870 = ORIENTED_EDGE ( 'NONE', *, *, #1646, .T. ) ;
#1871 = DIRECTION ( 'NONE',  ( -0.000000000000000000, -1.000000000000000000, -0.000000000000000000 ) ) ;
#1872 = ORIENTED_EDGE ( 'NONE', *, *, #974, .T. ) ;
#1873 = EDGE_CURVE ( 'NONE', #649, #581, #439, .T. ) ;
#1874 = CARTESIAN_POINT ( 'NONE',  ( 1.439744579525166657, 0.000000000000000000, -1.738240911481489626 ) ) ;
#1875 = CARTESIAN_POINT ( 'NONE',  ( -1.246106499911462384, 0.4000000000000000222, -1.738146635867557466 ) ) ;
#1876 = CARTESIAN_POINT ( 'NONE',  ( -0.2879897173713233394, 0.000000000000000000, -1.296025135314542664 ) ) ;
#1877 = CARTESIAN_POINT ( 'NONE',  ( -1.171381330558701084, 0.4000000000000000222, -1.314540094279099680 ) ) ;
#1878 = EDGE_LOOP ( 'NONE', ( #2, #476, #393, #35 ) ) ;
#1879 = ORIENTED_EDGE ( 'NONE', *, *, #622, .T. ) ;
#1880 = DIRECTION ( 'NONE',  ( 0.000000000000000000, 0.000000000000000000, 1.000000000000000000 ) ) ;
#1881 = AXIS2_PLACEMENT_3D ( 'NONE', #1799, #1973, #1350 ) ;
#1882 = DIRECTION ( 'NONE',  ( 0.000000000000000000, -1.000000000000000000, 0.000000000000000000 ) ) ;
#1883 = CLOSED_SHELL ( 'NONE', ( #1549, #737, #1202, #1687, #1494, #1011, #268, #1244, #1931, #1053, #1560, #341, #599, #1593, #1462, #1600, #1175 ) ) ;
#1884 = CARTESIAN_POINT ( 'NONE',  ( -0.2879897173713233394, 0.4000000000000000222, -1.296025135314542664 ) ) ;
#1885 = CARTESIAN_POINT ( 'NONE',  ( 0.2069926093606388184, 0.000000000000000000, 2.351844618055555447 ) ) ;
#1886 = CARTESIAN_POINT ( 'NONE',  ( -1.229908593205470968, 0.4000000000000000222, -1.427530804573784895 ) ) ;
#1887 = CARTESIAN_POINT ( 'NONE',  ( -1.229908593205470968, 0.4000000000000000222, -1.427530804573784895 ) ) ;
#1888 = ORIENTED_EDGE ( 'NONE', *, *, #1066, .F. ) ;
#1889 = VERTEX_POINT ( 'NONE', #1029 ) ;
#1890 = ADVANCED_FACE ( 'NONE', ( #1510 ), #1632, .T. ) ;
#1891 = CARTESIAN_POINT ( 'NONE',  ( 0.000000000000000000, 20.00000000000000000, 0.000000000000000000 ) ) ;
#1892 = CARTESIAN_POINT ( 'NONE',  ( -1.247109682833337896, 0.000000000000000000, 1.419889746260534436 ) ) ;
#1893 = CARTESIAN_POINT ( 'NONE',  ( 1.387502527575293243, 0.000000000000000000, -1.341248584928382837 ) ) ;
#1894 = DIRECTION ( 'NONE',  ( 0.000000000000000000, 0.000000000000000000, -1.000000000000000000 ) ) ;
#1895 = CARTESIAN_POINT ( 'NONE',  ( -1.214108206683587099, 0.4000000000000000222, 1.610487857534117273 ) ) ;
#1896 = CARTESIAN_POINT ( 'NONE',  ( -1.246106499911462384, 0.4000000000000000222, -1.738146635867557466 ) ) ;
#1897 = ORIENTED_EDGE ( 'NONE', *, *, #1092, .F. ) ;
#1898 = FACE_OUTER_BOUND ( 'NONE', #511, .T. ) ;
#1899 = EDGE_CURVE ( 'NONE', #1262, #1379, #1571, .T. ) ;
#1900 = CARTESIAN_POINT ( 'NONE',  ( -0.1090920662642525379, 0.4000000000000000222, 2.338056381919136228 ) ) ;
#1901 = ORIENTED_EDGE ( 'NONE', *, *, #911, .F. ) ;
#1902 = DIRECTION ( 'NONE',  ( 0.000000000000000000, 0.000000000000000000, 1.000000000000000000 ) ) ;
#1903 = DIRECTION ( 'NONE',  ( 0.000000000000000000, 0.000000000000000000, -1.000000000000000000 ) ) ;
#1904 = CARTESIAN_POINT ( 'NONE',  ( 0.1173028005275161822, 0.000000000000000000, 2.352623049352057016 ) ) ;
#1905 = DIRECTION ( 'NONE',  ( -1.000000000000000000, 0.000000000000000000, 0.000000000000000000 ) ) ;
#1906 = CARTESIAN_POINT ( 'NONE',  ( 0.6079782922283495372, 0.4000000000000000222, 2.248848295523449892 ) ) ;
#1907 = CARTESIAN_POINT ( 'NONE',  ( -1.239612899765657916, 0.4000000000000000222, -1.813779169520080004 ) ) ;
#1908 = CARTESIAN_POINT ( 'NONE',  ( 5.021051876504148371E-16, 20.00000000000000000, -3.850000000000000977 ) ) ;
#1909 = CARTESIAN_POINT ( 'NONE',  ( -0.07043328361661951864, 0.000000000000000000, 2.343481309969263293 ) ) ;
#1910 = ORIENTED_EDGE ( 'NONE', *, *, #1991, .T. ) ;
#1911 = ADVANCED_FACE ( 'NONE', ( #1898 ), #800, .T. ) ;
#1912 = CARTESIAN_POINT ( 'NONE',  ( 1.306953335431666030, 0.000000000000000000, -1.296025135314542664 ) ) ;
#1913 = PLANE ( 'NONE',  #1235 ) ;
#1914 = CARTESIAN_POINT ( 'NONE',  ( -0.07043328361661951864, 0.4000000000000000222, 2.343481309969263293 ) ) ;
#1915 = AXIS2_PLACEMENT_3D ( 'NONE', #291, #1818, #1671 ) ;
#1916 = CARTESIAN_POINT ( 'NONE',  ( -1.227168973227554138, 0.4000000000000000222, 1.090535396977271976 ) ) ;
#1917 = AXIS2_PLACEMENT_3D ( 'NONE', #865, #993, #1941 ) ;
#1918 = B_SPLINE_SURFACE_WITH_KNOTS ( 'NONE', 3, 1, ( 
 ( #787, #42 ),
 ( #640, #968 ),
 ( #1250, #1578 ),
 ( #770, #1378 ),
 ( #7, #624 ),
 ( #542, #703 ),
 ( #1289, #816 ),
 ( #1907, #379 ),
 ( #1896, #1000 ),
 ( #1425, #1299 ),
 ( #842, #1921 ) ),
 .UNSPECIFIED., .F., .F., .F.,
 ( 4, 1, 1, 1, 1, 1, 1, 1, 4 ),
 ( 2, 2 ),
 ( 0.000000000000000000, 0.06522939618511702786, 0.1351009759154859213, 0.2140224219184149457, 0.3118350904383251354, 0.4357679664553557042, 0.5899256090055892132, 0.7767075898654186572, 1.000000000000000000 ),
 ( 0.000000000000000000, 1.000000000000000000 ),
 .UNSPECIFIED. ) ;
#1919 = EDGE_CURVE ( 'NONE', #763, #1615, #1922, .T. ) ;
#1920 = CARTESIAN_POINT ( 'NONE',  ( -1.171381330558701084, 0.4000000000000000222, -1.314540094279099680 ) ) ;
#1921 = CARTESIAN_POINT ( 'NONE',  ( -1.247955441942401711, 0.000000000000000000, -1.653012389139412175 ) ) ;
#1922 = LINE ( 'NONE', #543, #1551 ) ;
#1923 = DIRECTION ( 'NONE',  ( 0.8784655773419055569, 0.000000000000000000, 0.4778056398006961802 ) ) ;
#1924 = VERTEX_POINT ( 'NONE', #1908 ) ;
#1925 = CARTESIAN_POINT ( 'NONE',  ( 1.383622281854527625, 0.000000000000000000, -1.959101707617327159 ) ) ;
#1926 = CARTESIAN_POINT ( 'NONE',  ( -1.246849977318279068, 0.000000000000000000, -1.566281259687044125 ) ) ;
#1927 = CARTESIAN_POINT ( 'NONE',  ( -0.1090920662642525379, 0.4000000000000000222, 2.338056381919136228 ) ) ;
#1928 =( NAMED_UNIT ( * ) SI_UNIT ( $, .STERADIAN. ) SOLID_ANGLE_UNIT ( ) );
#1929 = CARTESIAN_POINT ( 'NONE',  ( -1.246849977318279068, 0.4000000000000000222, -1.566281259687044125 ) ) ;
#1930 = CARTESIAN_POINT ( 'NONE',  ( 1.387502527575293243, 0.000000000000000000, -1.341248584928382837 ) ) ;
#1931 = ADVANCED_FACE ( 'NONE', ( #530 ), #1242, .F. ) ;
#1932 = CARTESIAN_POINT ( 'NONE',  ( 1.425496338600575230, 0.4000000000000000222, -1.446279410477495420 ) ) ;
#1933 = ORIENTED_EDGE ( 'NONE', *, *, #1816, .T. ) ;
#1934 = LINE ( 'NONE', #257, #825 ) ;
#1935 = DIRECTION ( 'NONE',  ( 0.000000000000000000, 0.000000000000000000, 1.000000000000000000 ) ) ;
#1936 = PLANE ( 'NONE',  #1555 ) ;
#1937 = CARTESIAN_POINT ( 'NONE',  ( 1.303953442542381325, 0.4000000000000000222, -2.000000000000000000 ) ) ;
#1938 = EDGE_LOOP ( 'NONE', ( #194, #1069, #1534, #771 ) ) ;
#1939 = CARTESIAN_POINT ( 'NONE',  ( -1.143000862127236505, 0.4000000000000000222, -1.997651168282686962 ) ) ;
#1940 = CARTESIAN_POINT ( 'NONE',  ( 1.439815919629455099, 0.4000000000000000222, -1.622316444916723110 ) ) ;
#1941 = DIRECTION ( 'NONE',  ( -0.000000000000000000, 0.000000000000000000, -1.000000000000000000 ) ) ;
#1942 = ORIENTED_EDGE ( 'NONE', *, *, #1682, .T. ) ;
#1943 = CARTESIAN_POINT ( 'NONE',  ( -1.194485579654366969, 0.000000000000000000, -1.341252685089074470 ) ) ;
#1944 = CARTESIAN_POINT ( 'NONE',  ( 0.000000000000000000, 20.50000000000001066, 4.349999999999999645 ) ) ;
#1945 = DIRECTION ( 'NONE',  ( 0.000000000000000000, 0.000000000000000000, -1.000000000000000000 ) ) ;
#1946 = CARTESIAN_POINT ( 'NONE',  ( 1.383622281854527625, 0.4000000000000000222, -1.959101707617327159 ) ) ;
#1947 = ORIENTED_EDGE ( 'NONE', *, *, #490, .T. ) ;
#1948 = CARTESIAN_POINT ( 'NONE',  ( 0.4818203587973586832, 0.4000000000000000222, 2.341824656540095528 ) ) ;
#1949 = CARTESIAN_POINT ( 'NONE',  ( -1.113960226221021976, 0.4000000000000000222, -1.296025135314542664 ) ) ;
#1950 = AXIS2_PLACEMENT_3D ( 'NONE', #496, #1538, #786 ) ;
#1951 = CARTESIAN_POINT ( 'NONE',  ( 0.2069926093606388184, 0.000000000000000000, 2.351844618055555447 ) ) ;
#1952 = VECTOR ( 'NONE', #199, 1000.000000000000227 ) ;
#1953 = ORIENTED_EDGE ( 'NONE', *, *, #1420, .T. ) ;
#1954 = VECTOR ( 'NONE', #1185, 1000.000000000000114 ) ;
#1955 = CARTESIAN_POINT ( 'NONE',  ( 1.306953335431666030, 0.4000000000000000222, -1.296025135314542664 ) ) ;
#1956 = CARTESIAN_POINT ( 'NONE',  ( 1.336487341028419040, 0.4000000000000000222, -1.299098295520539459 ) ) ;
#1957 = EDGE_CURVE ( 'NONE', #311, #280, #1148, .T. ) ;
#1958 = FACE_OUTER_BOUND ( 'NONE', #1488, .T. ) ;
#1959 = DIRECTION ( 'NONE',  ( 0.000000000000000000, -0.000000000000000000, 1.000000000000000000 ) ) ;
#1960 = ORIENTED_EDGE ( 'NONE', *, *, #611, .F. ) ;
#1961 = CARTESIAN_POINT ( 'NONE',  ( 0.6077134370374104311, 0.4000000000000000222, 2.258338866650843713 ) ) ;
#1962 = CARTESIAN_POINT ( 'NONE',  ( 0.03968667099101923224, 0.000000000000000000, 2.349651098486976952 ) ) ;
#1963 = CARTESIAN_POINT ( 'NONE',  ( -1.245930838078705305, 0.4000000000000000222, 1.243521995094935884 ) ) ;
#1964 = EDGE_LOOP ( 'NONE', ( #1002, #1960, #1561, #1838, #226, #1390, #887, #307, #261, #564, #430, #1417, #658, #1844, #1985 ) ) ;
#1965 = EDGE_CURVE ( 'NONE', #1540, #1372, #34, .T. ) ;
#1966 = CARTESIAN_POINT ( 'NONE',  ( -1.125959797778160576, 0.4000000000000000222, 1.689868253820081989 ) ) ;
#1967 = B_SPLINE_CURVE_WITH_KNOTS ( 'NONE', 3,
 ( #827, #654, #51, #1445, #1893, #525, #1563, #363, #1155, #1263, #207 ),
 .UNSPECIFIED., .F., .F.,
 ( 4, 1, 1, 1, 1, 1, 1, 1, 4 ),
 ( 0.000000000000000000, 0.07093367111402687497, 0.1421126467219813172, 0.2239961462819389237, 0.3232634932300506025, 0.4452223862126236109, 0.5942209251601585640, 0.7781885730878279617, 1.000000000000000000 ),
 .UNSPECIFIED. ) ;
#1968 = CARTESIAN_POINT ( 'NONE',  ( -1.247955441942401711, 0.4000000000000000222, -1.653012389139412175 ) ) ;
#1969 = CARTESIAN_POINT ( 'NONE',  ( 5.327213576290986242E-16, 20.50000000000001066, 4.349999999999999645 ) ) ;
#1970 = CARTESIAN_POINT ( 'NONE',  ( 1.403574072301211562, 0.000000000000000000, -1.923288417506024972 ) ) ;
#1971 = ORIENTED_EDGE ( 'NONE', *, *, #617, .T. ) ;
#1972 = CARTESIAN_POINT ( 'NONE',  ( 0.000000000000000000, 1.999999999999998224, 0.000000000000000000 ) ) ;
#1973 = DIRECTION ( 'NONE',  ( -1.000000000000000000, 0.000000000000000000, -0.000000000000000000 ) ) ;
#1974 = CARTESIAN_POINT ( 'NONE',  ( -0.9939645106496370897, 0.4000000000000000222, 1.071890318627450656 ) ) ;
#1975 = ORIENTED_EDGE ( 'NONE', *, *, #1957, .F. ) ;
#1976 = EDGE_CURVE ( 'NONE', #937, #903, #1260, .T. ) ;
#1977 = CARTESIAN_POINT ( 'NONE',  ( -1.247653425370066627, 0.000000000000000000, 1.374880401507527772 ) ) ;
#1978 = DIRECTION ( 'NONE',  ( -0.000000000000000000, -1.000000000000000000, -0.000000000000000000 ) ) ;
#1979 = CARTESIAN_POINT ( 'NONE',  ( 1.420527775447011809, 0.000000000000000000, -1.875466605955288246 ) ) ;
#1980 = ORIENTED_EDGE ( 'NONE', *, *, #360, .F. ) ;
#1981 = CARTESIAN_POINT ( 'NONE',  ( -1.247303600510941246, 0.4000000000000000222, -1.683026325934069201 ) ) ;
#1982 = DIRECTION ( 'NONE',  ( -0.8365313087106446277, 0.000000000000000000, -0.5479191268306448093 ) ) ;
#1983 = B_SPLINE_CURVE_WITH_KNOTS ( 'NONE', 3,
 ( #1485, #1324, #1956, #417, #116, #578, #1803, #1037, #1650, #255, #1614 ),
 .UNSPECIFIED., .F., .F.,
 ( 4, 1, 1, 1, 1, 1, 1, 1, 4 ),
 ( 0.000000000000000000, 0.07093367111402687497, 0.1421126467219813172, 0.2239961462819389237, 0.3232634932300506025, 0.4452223862126236109, 0.5942209251601585640, 0.7781885730878279617, 1.000000000000000000 ),
 .UNSPECIFIED. ) ;
#1984 = CARTESIAN_POINT ( 'NONE',  ( -1.247955441942401711, 0.000000000000000000, 1.349880393034492032 ) ) ;
#1985 = ORIENTED_EDGE ( 'NONE', *, *, #1397, .F. ) ;
#1986 = CIRCLE ( 'NONE', #729, 4.349999999999999645 ) ;
#1987 = B_SPLINE_SURFACE_WITH_KNOTS ( 'NONE', 3, 1, ( 
 ( #746, #1792 ),
 ( #1507, #1977 ),
 ( #427, #1344 ),
 ( #1660, #1640 ),
 ( #140, #725 ),
 ( #1353, #589 ),
 ( #880, #1186 ),
 ( #1197, #1027 ),
 ( #289, #1815 ),
 ( #598, #1205 ),
 ( #1174, #1826 ) ),
 .UNSPECIFIED., .F., .F., .F.,
 ( 4, 1, 1, 1, 1, 1, 1, 1, 4 ),
 ( 2, 2 ),
 ( 0.000000000000000000, 0.1953917962139281594, 0.3517781494829242406, 0.4829622150161109739, 0.5935440658976531836, 0.6937939757302394872, 0.7828984254103387164, 0.8806811103320599798, 0.9999999999999998890 ),
 ( 0.000000000000000000, 1.000000000000000000 ),
 .UNSPECIFIED. ) ;
#1988 = STYLED_ITEM ( 'NONE', ( #494 ), #1693 ) ;
#1989 = CARTESIAN_POINT ( 'NONE',  ( -1.229320790128327401, 0.000000000000000000, 1.574897869009211027 ) ) ;
#1990 = ORIENTED_EDGE ( 'NONE', *, *, #85, .F. ) ;
#1991 = EDGE_CURVE ( 'NONE', #948, #1569, #540, .T. ) ;
#1992 = DIRECTION ( 'NONE',  ( 0.000000000000000000, 0.000000000000000000, 1.000000000000000000 ) ) ;
#1993 = CARTESIAN_POINT ( 'NONE',  ( 1.439573219848613972, 0.4000000000000000222, -1.566161665059731645 ) ) ;
#1994 = DIRECTION ( 'NONE',  ( 0.000000000000000000, 0.000000000000000000, 1.000000000000000000 ) ) ;
#1995 = ORIENTED_EDGE ( 'NONE', *, *, #754, .T. ) ;
ENDSEC;
END-ISO-10303-21;
