ISO-10303-21;
HEADER;
FILE_DESCRIPTION (( 'STEP AP214' ),
    '1' );
FILE_NAME ('JK-RTF-02-09-01 Knob_2.STEP',
    '2026-08-29T19:03:34',
    ( '' ),
    ( '' ),
    'SwSTEP 2.0',
    'SolidWorks 2025',
    '' );
FILE_SCHEMA (( 'AUTOMOTIVE_DESIGN' ));
ENDSEC;

DATA;
#1 = CARTESIAN_POINT ( 'NONE',  ( -1.359473665717620960, 0.4000000000000000222, 1.416162587200118006 ) ) ;
#2 = DIRECTION ( 'NONE',  ( 0.000000000000000000, 0.000000000000000000, 1.000000000000000000 ) ) ;
#3 = LINE ( 'NONE', #576, #2324 ) ;
#4 = EDGE_CURVE ( 'NONE', #943, #2450, #1907, .T. ) ;
#5 = VERTEX_POINT ( 'NONE', #170 ) ;
#6 = DIRECTION ( 'NONE',  ( 0.000000000000000000, -1.000000000000000000, 0.000000000000000000 ) ) ;
#7 = CARTESIAN_POINT ( 'NONE',  ( -0.04899825052498202327, 0.000000000000000000, 2.415842333026959832 ) ) ;
#8 = ORIENTED_EDGE ( 'NONE', *, *, #1034, .F. ) ;
#9 = CARTESIAN_POINT ( 'NONE',  ( 1.487293187973200315, 0.4000000000000000222, -1.868599811998180371 ) ) ;
#10 = CARTESIAN_POINT ( 'NONE',  ( 1.444699437104998374, 0.000000000000000000, -1.341104260689882866 ) ) ;
#11 = CARTESIAN_POINT ( 'NONE',  ( 1.386659483808899918, 0.4000000000000000222, -1.298798843257643609 ) ) ;
#12 = CARTESIAN_POINT ( 'NONE',  ( -1.369532054084340977, 0.4000000000000000222, 1.490259328810275896 ) ) ;
#13 = CARTESIAN_POINT ( 'NONE',  ( 0.8860482839845158498, 0.000000000000000000, 2.166433060145051215 ) ) ;
#14 = CARTESIAN_POINT ( 'NONE',  ( 1.036919582541268037, 0.4000000000000000222, 0.2906146293782671530 ) ) ;
#15 = CARTESIAN_POINT ( 'NONE',  ( -1.363372901273212978, 0.4000000000000000222, -1.246306319270333640 ) ) ;
#16 = CARTESIAN_POINT ( 'NONE',  ( 1.306091410615025872, 0.000000000000000000, 1.067958786193640375 ) ) ;
#17 = ORIENTED_EDGE ( 'NONE', *, *, #2053, .T. ) ;
#18 = CARTESIAN_POINT ( 'NONE',  ( 0.4145565649450869139, 0.000000000000000000, 2.370915896951341750 ) ) ;
#19 = VERTEX_POINT ( 'NONE', #939 ) ;
#20 =( GEOMETRIC_REPRESENTATION_CONTEXT ( 3 ) GLOBAL_UNCERTAINTY_ASSIGNED_CONTEXT ( ( #557 ) ) GLOBAL_UNIT_ASSIGNED_CONTEXT ( ( #2184, #1694, #365 ) ) REPRESENTATION_CONTEXT ( 'NONE', 'WORKASPACE' ) );
#21 = CARTESIAN_POINT ( 'NONE',  ( 0.1479947158713745825, 0.000000000000000000, -0.7800435583575880960 ) ) ;
#22 = ADVANCED_FACE ( 'NONE', ( #749 ), #2188, .T. ) ;
#23 = AXIS2_PLACEMENT_3D ( 'NONE', #128, #1633, #2193 ) ;
#24 = CARTESIAN_POINT ( 'NONE',  ( -1.285890084054245541, 0.4000000000000000222, -1.989774462687071921 ) ) ;
#25 = CARTESIAN_POINT ( 'NONE',  ( -1.375937001651095670, 0.4000000000000000222, 1.709545239001569072 ) ) ;
#26 = AXIS2_PLACEMENT_3D ( 'NONE', #552, #1309, #2446 ) ;
#27 = CARTESIAN_POINT ( 'NONE',  ( -1.375617812717186306, 0.4000000000000000222, 1.648529507664816762 ) ) ;
#28 = CARTESIAN_POINT ( 'NONE',  ( -0.05651355770865753442, 0.4000000000000000222, 0.2617460003042441086 ) ) ;
#29 = CARTESIAN_POINT ( 'NONE',  ( 0.1137084690288938243, 0.000000000000000000, 2.413465576164745663 ) ) ;
#30 = CARTESIAN_POINT ( 'NONE',  ( 0.6262367992909766423, 0.4000000000000000222, -0.2662610192260099207 ) ) ;
#31 = VERTEX_POINT ( 'NONE', #550 ) ;
#32 = DIRECTION ( 'NONE',  ( 0.000000000000000000, 0.000000000000000000, 1.000000000000000000 ) ) ;
#33 = ORIENTED_EDGE ( 'NONE', *, *, #875, .F. ) ;
#34 = CARTESIAN_POINT ( 'NONE',  ( 0.1041210583095085601, -5.421010862427522170E-17, 0.5470348627418794019 ) ) ;
#35 = CARTESIAN_POINT ( 'NONE',  ( -1.439198718730649640, 0.4000000000000000222, -1.670030243967590922 ) ) ;
#36 = CARTESIAN_POINT ( 'NONE',  ( 1.466398066736739114, 0.000000000000000000, -1.379302909175204928 ) ) ;
#37 = CARTESIAN_POINT ( 'NONE',  ( -1.333989673933361653, 0.4000000000000000222, 1.314859808654929907 ) ) ;
#38 = CARTESIAN_POINT ( 'NONE',  ( -1.437946587035864532, 0.000000000000000000, -1.538249657902997392 ) ) ;
#39 = EDGE_CURVE ( 'NONE', #1925, #239, #909, .T. ) ;
#40 = CARTESIAN_POINT ( 'NONE',  ( 1.231167287517722198, 0.000000000000000000, 1.730209237946816803 ) ) ;
#41 = CARTESIAN_POINT ( 'NONE',  ( 0.1479947158713745825, 0.000000000000000000, -0.7800435583575880960 ) ) ;
#42 = VERTEX_POINT ( 'NONE', #143 ) ;
#43 = CARTESIAN_POINT ( 'NONE',  ( 0.1920507687824580256, 0.4000000000000000222, 1.276220615261893787 ) ) ;
#44 = EDGE_LOOP ( 'NONE', ( #103, #227, #930, #2140 ) ) ;
#45 = CARTESIAN_POINT ( 'NONE',  ( 0.1977763388226135843, 0.4000000000000000222, 0.8180847349796850354 ) ) ;
#46 = CARTESIAN_POINT ( 'NONE',  ( 0.008353365146479420356, 0.4000000000000000222, 1.503649766048927416 ) ) ;
#47 = CARTESIAN_POINT ( 'NONE',  ( -1.371523325992450415, 0.4000000000000000222, 1.815972977081918627 ) ) ;
#48 = CARTESIAN_POINT ( 'NONE',  ( 0.9768270938798540026, 0.4000000000000000222, 2.093884489684724404 ) ) ;
#49 = CARTESIAN_POINT ( 'NONE',  ( -1.437844272851934946, 0.000000000000000000, -1.733279923553957325 ) ) ;
#50 = CARTESIAN_POINT ( 'NONE',  ( -1.157958655263862990, 0.4000000000000000222, -2.000000000000000000 ) ) ;
#51 = EDGE_CURVE ( 'NONE', #1966, #2447, #462, .T. ) ;
#52 = CARTESIAN_POINT ( 'NONE',  ( 1.292559641758807665, 0.4000000000000000222, 1.511830329124648875 ) ) ;
#53 = CARTESIAN_POINT ( 'NONE',  ( -1.172462711261192503, 0.000000000000000000, 1.292012095134142058 ) ) ;
#54 = ORIENTED_EDGE ( 'NONE', *, *, #1885, .F. ) ;
#55 = CARTESIAN_POINT ( 'NONE',  ( 0.000000000000000000, 2.000000000000000000, 0.000000000000000000 ) ) ;
#56 = ORIENTED_EDGE ( 'NONE', *, *, #233, .T. ) ;
#57 = CARTESIAN_POINT ( 'NONE',  ( -1.375911861346498455, 0.000000000000000000, 1.754272849999809702 ) ) ;
#58 = CARTESIAN_POINT ( 'NONE',  ( 1.416925115273658609, 0.4000000000000000222, -1.315800150317865347 ) ) ;
#59 = CARTESIAN_POINT ( 'NONE',  ( -0.04899825052498202327, 0.4000000000000000222, 2.415842333026959832 ) ) ;
#60 = VECTOR ( 'NONE', #475, 1000.000000000000000 ) ;
#61 = CARTESIAN_POINT ( 'NONE',  ( 1.126183469312230123, 0.4000000000000000222, 1.926723625495435410 ) ) ;
#62 = LINE ( 'NONE', #849, #2121 ) ;
#63 = AXIS2_PLACEMENT_3D ( 'NONE', #1057, #1797, #444 ) ;
#64 = CARTESIAN_POINT ( 'NONE',  ( -0.8190788802959969583, 0.000000000000000000, 1.486687777024460866 ) ) ;
#65 = VECTOR ( 'NONE', #1410, 1000.000000000000000 ) ;
#66 = CARTESIAN_POINT ( 'NONE',  ( 0.6262367992909766423, 0.4000000000000000222, -0.2662610192260099207 ) ) ;
#67 = CARTESIAN_POINT ( 'NONE',  ( -0.5148740869149124322, 0.000000000000000000, 1.573403740109329263 ) ) ;
#68 = EDGE_LOOP ( 'NONE', ( #1442, #1986 ) ) ;
#69 = PLANE ( 'NONE',  #1923 ) ;
#70 = ORIENTED_EDGE ( 'NONE', *, *, #249, .T. ) ;
#71 = CARTESIAN_POINT ( 'NONE',  ( -1.375937001651095670, -0.000000000000000000, 1.709545239001569072 ) ) ;
#72 = CARTESIAN_POINT ( 'NONE',  ( 1.397106460815331186, 0.000000000000000000, -1.996710382788193128 ) ) ;
#73 = CARTESIAN_POINT ( 'NONE',  ( -0.4417720730669424389, -0.000000000000000000, -0.2255870560241160505 ) ) ;
#74 = CARTESIAN_POINT ( 'NONE',  ( -1.268547004723318716, -0.000000000000000000, 1.264741423386565033 ) ) ;
#75 = CARTESIAN_POINT ( 'NONE',  ( 0.000000000000000000, 20.00000000000000000, 0.000000000000000000 ) ) ;
#76 = CARTESIAN_POINT ( 'NONE',  ( -1.375950871885212035, 0.000000000000000000, 1.684868432337941035 ) ) ;
#77 = FACE_OUTER_BOUND ( 'NONE', #594, .T. ) ;
#78 = ORIENTED_EDGE ( 'NONE', *, *, #1990, .F. ) ;
#79 = FACE_OUTER_BOUND ( 'NONE', #1975, .T. ) ;
#80 = ORIENTED_EDGE ( 'NONE', *, *, #1280, .T. ) ;
#81 = CARTESIAN_POINT ( 'NONE',  ( -1.375950871885212035, 0.000000000000000000, 1.684868432337941035 ) ) ;
#82 = EDGE_CURVE ( 'NONE', #466, #1632, #644, .T. ) ;
#83 = CARTESIAN_POINT ( 'NONE',  ( 1.495116282519875162, 0.4000000000000000222, -1.490023895319741776 ) ) ;
#84 = CARTESIAN_POINT ( 'NONE',  ( -1.428283700242348297, 0.4000000000000000222, -1.818630591401038110 ) ) ;
#85 = CARTESIAN_POINT ( 'NONE',  ( -1.207017469783062014, 0.4000000000000000222, 2.102610931541303074 ) ) ;
#86 = CARTESIAN_POINT ( 'NONE',  ( 0.1977763388226135843, 0.4000000000000000222, 0.8180847349796850354 ) ) ;
#87 = MANIFOLD_SOLID_BREP ( 'Boss-Extrude4', #2202 ) ;
#88 = CARTESIAN_POINT ( 'NONE',  ( -0.9798266790455851805, 0.4000000000000000222, 2.223031824672335066 ) ) ;
#89 = CARTESIAN_POINT ( 'NONE',  ( -0.6543141702976762453, 0.000000000000000000, 2.333995034671359381 ) ) ;
#90 = DIRECTION ( 'NONE',  ( -0.000000000000000000, -1.000000000000000000, -0.000000000000000000 ) ) ;
#91 = ORIENTED_EDGE ( 'NONE', *, *, #2100, .F. ) ;
#92 = CARTESIAN_POINT ( 'NONE',  ( -0.2861103287834316222, 0.4000000000000000222, 1.582220674599654764 ) ) ;
#93 = ORIENTED_EDGE ( 'NONE', *, *, #920, .F. ) ;
#94 = CARTESIAN_POINT ( 'NONE',  ( 0.2224805082088561203, 0.4000000000000000222, 1.039159601302749758 ) ) ;
#95 = CARTESIAN_POINT ( 'NONE',  ( 1.503946301828022580, 0.4000000000000000222, -1.646012639064414973 ) ) ;
#96 = CARTESIAN_POINT ( 'NONE',  ( -0.1946035097839349526, 0.000000000000000000, 0.06536146041877405333 ) ) ;
#97 = ADVANCED_FACE ( 'NONE', ( #154 ), #1092, .T. ) ;
#98 =( NAMED_UNIT ( * ) PLANE_ANGLE_UNIT ( ) SI_UNIT ( $, .RADIAN. ) );
#99 = EDGE_CURVE ( 'NONE', #816, #1781, #2090, .T. ) ;
#100 = CARTESIAN_POINT ( 'NONE',  ( -1.371523325992450415, 0.000000000000000000, 1.815972977081918627 ) ) ;
#101 = STYLED_ITEM ( 'NONE', ( #297 ), #921 ) ;
#102 = CARTESIAN_POINT ( 'NONE',  ( 1.364951264624502114, 0.4000000000000000222, -2.000000000000000000 ) ) ;
#103 = ORIENTED_EDGE ( 'NONE', *, *, #848, .F. ) ;
#104 = VECTOR ( 'NONE', #701, 1000.000000000000000 ) ;
#105 = CARTESIAN_POINT ( 'NONE',  ( -0.3736820135121893816, 0.4000000000000000222, -0.1511850886402051064 ) ) ;
#106 = ORIENTED_EDGE ( 'NONE', *, *, #2145, .T. ) ;
#107 = CARTESIAN_POINT ( 'NONE',  ( -1.163511995256536924, 0.000000000000000000, 2.130041563187643039 ) ) ;
#108 = PLANE ( 'NONE',  #1999 ) ;
#109 = CARTESIAN_POINT ( 'NONE',  ( -0.6543141702976762453, 0.4000000000000000222, 2.333995034671359381 ) ) ;
#110 = CARTESIAN_POINT ( 'NONE',  ( -1.303909620551843451, 0.4000000000000000222, 2.018746991594490670 ) ) ;
#111 = PRODUCT_RELATED_PRODUCT_CATEGORY ( 'part', '', ( #2221 ) ) ;
#112 = LINE ( 'NONE', #689, #2207 ) ;
#113 = CARTESIAN_POINT ( 'NONE',  ( -1.375911861346498455, 0.000000000000000000, 1.754272849999809702 ) ) ;
#114 = ADVANCED_FACE ( 'NONE', ( #2094 ), #1065, .T. ) ;
#115 = EDGE_LOOP ( 'NONE', ( #605, #891, #1382, #414 ) ) ;
#116 = CARTESIAN_POINT ( 'NONE',  ( 1.309995891891493125, 0.000000000000000000, 1.208454351919946879 ) ) ;
#117 = EDGE_LOOP ( 'NONE', ( #253, #479, #1337, #2072 ) ) ;
#118 = CARTESIAN_POINT ( 'NONE',  ( 0.000000000000000000, 20.00000000000000000, 0.000000000000000000 ) ) ;
#119 = LINE ( 'NONE', #1634, #2285 ) ;
#120 = CARTESIAN_POINT ( 'NONE',  ( 1.484653852550705366, 0.000000000000000000, -1.428051082086727597 ) ) ;
#121 = CARTESIAN_POINT ( 'NONE',  ( 1.386659483808899918, 0.000000000000000000, -1.298798843257643609 ) ) ;
#122 = CARTESIAN_POINT ( 'NONE',  ( 0.08676475820539850115, 0.4000000000000000222, 1.439677842634454752 ) ) ;
#123 = CARTESIAN_POINT ( 'NONE',  ( -0.2603227834559417864, 0.4000000000000000222, 2.410454495266260544 ) ) ;
#124 = FACE_OUTER_BOUND ( 'NONE', #752, .T. ) ;
#125 = EDGE_LOOP ( 'NONE', ( #280, #2294, #1720, #1273 ) ) ;
#126 = CARTESIAN_POINT ( 'NONE',  ( 1.165445164922567001, 0.000000000000000000, 0.5305577935324901073 ) ) ;
#127 = VERTEX_POINT ( 'NONE', #2270 ) ;
#128 = CARTESIAN_POINT ( 'NONE',  ( 0.000000000000000000, 0.9999999999999974465, 0.000000000000000000 ) ) ;
#129 = CARTESIAN_POINT ( 'NONE',  ( -1.313745240989664387, 0.4000000000000000222, 1.284987712655410785 ) ) ;
#130 = CARTESIAN_POINT ( 'NONE',  ( -0.0001099017923228263300, 0.000000000000000000, 0.3529850787482262664 ) ) ;
#131 = CARTESIAN_POINT ( 'NONE',  ( -0.3299882178213081052, 0.4000000000000000222, 1.583872038398692172 ) ) ;
#132 = CARTESIAN_POINT ( 'NONE',  ( -1.375937001651095670, 0.000000000000000000, 1.709545239001569072 ) ) ;
#133 = CARTESIAN_POINT ( 'NONE',  ( -1.205137877504947941, 0.000000000000000000, 1.277565428198685016 ) ) ;
#134 = ORIENTED_EDGE ( 'NONE', *, *, #1135, .T. ) ;
#135 = VECTOR ( 'NONE', #489, 1000.000000000000000 ) ;
#136 = CARTESIAN_POINT ( 'NONE',  ( 0.8594361635379685893, 0.4000000000000000222, 0.02686423546831087639 ) ) ;
#137 = EDGE_CURVE ( 'NONE', #2025, #1966, #1292, .T. ) ;
#138 = ORIENTED_EDGE ( 'NONE', *, *, #2024, .T. ) ;
#139 = VECTOR ( 'NONE', #429, 1000.000000000000000 ) ;
#140 = CARTESIAN_POINT ( 'NONE',  ( 1.056791700231731523, 0.4000000000000000222, 2.014173678334721718 ) ) ;
#141 = CARTESIAN_POINT ( 'NONE',  ( 0.1479947158713745825, 0.4000000000000000222, -0.7800435583575880960 ) ) ;
#142 = EDGE_CURVE ( 'NONE', #802, #229, #607, .T. ) ;
#143 = CARTESIAN_POINT ( 'NONE',  ( -0.3519874323427286678, 0.000000000000000000, -1.296025135314542664 ) ) ;
#144 = LINE ( 'NONE', #547, #1294 ) ;
#145 = CARTESIAN_POINT ( 'NONE',  ( -1.268547004723318716, -5.421010862427522170E-17, 1.264741423386565033 ) ) ;
#146 = CARTESIAN_POINT ( 'NONE',  ( -0.2035937903802550741, 0.4000000000000000222, 1.579115128108499633 ) ) ;
#147 = EDGE_LOOP ( 'NONE', ( #2389, #1733, #643, #1998 ) ) ;
#148 = CARTESIAN_POINT ( 'NONE',  ( -0.5148740869149124322, 0.4000000000000000222, 1.573403740109329263 ) ) ;
#149 = CARTESIAN_POINT ( 'NONE',  ( 0.2193434073825115682, 0.4000000000000000222, 0.9525483126017884050 ) ) ;
#150 = ORIENTED_EDGE ( 'NONE', *, *, #1152, .F. ) ;
#151 = CARTESIAN_POINT ( 'NONE',  ( -1.313745240989664387, 0.000000000000000000, 1.284987712655410785 ) ) ;
#152 = CARTESIAN_POINT ( 'NONE',  ( 1.503520326821477404, 0.4000000000000000222, -1.730533460712629923 ) ) ;
#153 = EDGE_CURVE ( 'NONE', #1545, #2423, #418, .T. ) ;
#154 = FACE_OUTER_BOUND ( 'NONE', #855, .T. ) ;
#155 = CARTESIAN_POINT ( 'NONE',  ( 0.2222206887140679710, 0.4000000000000000222, 1.114393803371186653 ) ) ;
#156 = CARTESIAN_POINT ( 'NONE',  ( -1.333989673933361653, 0.4000000000000000222, 1.314859808654929907 ) ) ;
#157 = CARTESIAN_POINT ( 'NONE',  ( -1.258955049203112075, 0.000000000000000000, 1.263883463541666030 ) ) ;
#158 = CARTESIAN_POINT ( 'NONE',  ( -1.313745240989664387, 0.4000000000000000222, 1.284987712655410785 ) ) ;
#159 = CARTESIAN_POINT ( 'NONE',  ( 0.4841614837756813006, 0.000000000000000000, -0.4279992094384541534 ) ) ;
#160 = CARTESIAN_POINT ( 'NONE',  ( 0.3227602950983564090, 0.4000000000000000222, -0.6007412898562914938 ) ) ;
#161 = VERTEX_POINT ( 'NONE', #1498 ) ;
#162 = DIRECTION ( 'NONE',  ( 0.000000000000000000, 0.000000000000000000, -1.000000000000000000 ) ) ;
#163 = CARTESIAN_POINT ( 'NONE',  ( -1.287866310602100883, 0.4000000000000000222, 1.266469453571901216 ) ) ;
#164 = DIRECTION ( 'NONE',  ( 1.000000000000000000, 0.000000000000000000, 0.000000000000000000 ) ) ;
#165 = CARTESIAN_POINT ( 'NONE',  ( 1.311953156913807206, 0.000000000000000000, 1.278882927988088891 ) ) ;
#166 = CARTESIAN_POINT ( 'NONE',  ( 0.000000000000000000, 20.00000000000000000, 0.000000000000000000 ) ) ;
#167 = DIRECTION ( 'NONE',  ( -0.000000000000000000, -1.000000000000000000, -0.000000000000000000 ) ) ;
#168 = CARTESIAN_POINT ( 'NONE',  ( 0.5484791751841316954, 0.4000000000000000222, 2.332310401831982016 ) ) ;
#169 = EDGE_CURVE ( 'NONE', #1176, #842, #220, .T. ) ;
#170 = CARTESIAN_POINT ( 'NONE',  ( 1.503946301828022580, 0.4000000000000000222, -1.646012639064414973 ) ) ;
#171 = CARTESIAN_POINT ( 'NONE',  ( 1.165445164922567001, 0.000000000000000000, 0.5305577935324901073 ) ) ;
#172 = B_SPLINE_SURFACE_WITH_KNOTS ( 'NONE', 3, 1, ( 
 ( #2255, #192 ),
 ( #1913, #2265 ),
 ( #960, #391 ),
 ( #1155, #204 ),
 ( #744, #946 ),
 ( #1692, #2449 ),
 ( #754, #841 ),
 ( #2167, #1237 ),
 ( #1043, #1421 ),
 ( #642, #655 ),
 ( #467, #478 ) ),
 .UNSPECIFIED., .F., .F., .F.,
 ( 4, 1, 1, 1, 1, 1, 1, 1, 4 ),
 ( 2, 2 ),
 ( 0.000000000000000000, 0.2125596540086788777, 0.3924160409346733047, 0.5423671396236803277, 0.6647240662839135616, 0.7640366431311232942, 0.8467837279931033079, 0.9226662726103702639, 1.000000000000000000 ),
 ( 0.000000000000000000, 1.000000000000000000 ),
 .UNSPECIFIED. ) ;
#173 = CARTESIAN_POINT ( 'NONE',  ( 1.210908684254397905, 0.4000000000000000222, 0.6440059841012557573 ) ) ;
#174 = ORIENTED_EDGE ( 'NONE', *, *, #863, .F. ) ;
#175 = CIRCLE ( 'NONE', #1562, 3.049999999999999822 ) ;
#176 = B_SPLINE_CURVE_WITH_KNOTS ( 'NONE', 3,
 ( #940, #2087, #200, #1516, #1662, #1479, #171, #1297, #1504, #1715, #777, #2047, #1111, #159, #738, #1491, #551 ),
 .UNSPECIFIED., .F., .F.,
 ( 4, 1, 1, 1, 1, 1, 1, 1, 1, 1, 1, 1, 1, 1, 4 ),
 ( 0.000000000000000000, 0.08676398741854557395, 0.1730825210102859002, 0.2174161023636817236, 0.2641758710344836447, 0.3142881637312707199, 0.3679258763677660249, 0.4254958286875710760, 0.4882803729081047761, 0.5560840280760110943, 0.6290356780713680651, 0.7087123511461398406, 0.7971966633485703113, 0.8942658614569144460, 1.000000000000000000 ),
 .UNSPECIFIED. ) ;
#177 = CARTESIAN_POINT ( 'NONE',  ( 0.000000000000000000, 0.000000000000000000, 0.000000000000000000 ) ) ;
#178 = CARTESIAN_POINT ( 'NONE',  ( 1.311129707782956011, 0.000000000000000000, 1.318608878799343076 ) ) ;
#179 = VERTEX_POINT ( 'NONE', #2283 ) ;
#180 = CARTESIAN_POINT ( 'NONE',  ( -1.224943687711999019, 0.4000000000000000222, -1.998605888256103302 ) ) ;
#181 = AXIS2_PLACEMENT_3D ( 'NONE', #1137, #954, #2 ) ;
#182 = CARTESIAN_POINT ( 'NONE',  ( -1.337523452978791161, 0.4000000000000000222, -1.969798779054436455 ) ) ;
#183 = CARTESIAN_POINT ( 'NONE',  ( -0.9426492287229997213, 0.000000000000000000, 1.428835107791535775 ) ) ;
#184 = CARTESIAN_POINT ( 'NONE',  ( -1.325730063797660563, 0.4000000000000000222, -1.184944158728525432 ) ) ;
#185 = CARTESIAN_POINT ( 'NONE',  ( 0.2222206887140679710, 0.000000000000000000, 1.114393803371186653 ) ) ;
#186 = CARTESIAN_POINT ( 'NONE',  ( -1.375617812717186306, -5.421010862427522170E-17, 1.648529507664816762 ) ) ;
#187 = CARTESIAN_POINT ( 'NONE',  ( -0.7029305834876538039, 0.4000000000000000222, 1.529683380601373877 ) ) ;
#188 = ADVANCED_FACE ( 'NONE', ( #1535 ), #2296, .F. ) ;
#189 = LINE ( 'NONE', #2251, #2041 ) ;
#190 = EDGE_LOOP ( 'NONE', ( #1590, #506 ) ) ;
#191 = CARTESIAN_POINT ( 'NONE',  ( 1.311953156913807206, 0.4000000000000000222, 1.278882927988088891 ) ) ;
#192 = CARTESIAN_POINT ( 'NONE',  ( 1.503946301828022580, 0.000000000000000000, -1.646012639064414973 ) ) ;
#193 = CARTESIAN_POINT ( 'NONE',  ( -1.439948586856617307, 0.4000000000000000222, -1.635013031803704608 ) ) ;
#194 = CARTESIAN_POINT ( 'NONE',  ( 1.503855039287026685, -0.000000000000000000, -1.617310390206483151 ) ) ;
#195 = CARTESIAN_POINT ( 'NONE',  ( 1.484653852550705366, 0.4000000000000000222, -1.428051082086727597 ) ) ;
#196 = B_SPLINE_CURVE_WITH_KNOTS ( 'NONE', 3,
 ( #2120, #775, #38, #1560, #809, #2134, #1345, #224, #976, #1920, #1897 ),
 .UNSPECIFIED., .F., .F.,
 ( 4, 1, 1, 1, 1, 1, 1, 1, 4 ),
 ( 0.000000000000000000, 0.1599712788654227280, 0.2952365893011674181, 0.4133018671802116129, 0.5208786191783082442, 0.6281465213387974478, 0.7373219615724334597, 0.8590057180128242154, 0.9999999999999998890 ),
 .UNSPECIFIED. ) ;
#197 = CARTESIAN_POINT ( 'NONE',  ( -0.2785993704347727307, 0.4000000000000000222, -0.04043513865777748767 ) ) ;
#198 = CARTESIAN_POINT ( 'NONE',  ( 1.292559641758807665, 0.000000000000000000, 1.511830329124648875 ) ) ;
#199 = CARTESIAN_POINT ( 'NONE',  ( -1.241920999244936930, 0.000000000000000000, 2.078117721221027114 ) ) ;
#200 = CARTESIAN_POINT ( 'NONE',  ( 1.306091410615025872, 0.000000000000000000, 1.067958786193640375 ) ) ;
#201 = CARTESIAN_POINT ( 'NONE',  ( 0.8594361635379685893, 0.4000000000000000222, 0.02686423546831087639 ) ) ;
#202 = EDGE_LOOP ( 'NONE', ( #1769, #514, #2353, #603 ) ) ;
#203 = EDGE_CURVE ( 'NONE', #2415, #877, #1878, .T. ) ;
#204 = CARTESIAN_POINT ( 'NONE',  ( 1.495832603499797964, 0.000000000000000000, -1.805869400753204124 ) ) ;
#205 = VERTEX_POINT ( 'NONE', #165 ) ;
#206 = CARTESIAN_POINT ( 'NONE',  ( -1.379494230206715244, 0.4000000000000000222, -1.935892980519779982 ) ) ;
#207 = CARTESIAN_POINT ( 'NONE',  ( -1.437844272851934946, 0.000000000000000000, -1.733279923553957325 ) ) ;
#208 = CARTESIAN_POINT ( 'NONE',  ( 0.000000000000000000, 23.00000000000000000, 0.000000000000000000 ) ) ;
#209 = CARTESIAN_POINT ( 'NONE',  ( 0.5484791751841316954, 0.4000000000000000222, 2.332310401831982016 ) ) ;
#210 = CARTESIAN_POINT ( 'NONE',  ( 1.309510378798593555, 0.4000000000000000222, 1.396730745918821626 ) ) ;
#211 = CARTESIAN_POINT ( 'NONE',  ( 0.006376737389871830509, -0.000000000000000000, 2.415033436609635764 ) ) ;
#212 = CARTESIAN_POINT ( 'NONE',  ( 0.4841614837756813006, 0.000000000000000000, -0.4279992094384541534 ) ) ;
#213 = ORIENTED_EDGE ( 'NONE', *, *, #1596, .F. ) ;
#214 = EDGE_CURVE ( 'NONE', #516, #343, #522, .T. ) ;
#215 = CARTESIAN_POINT ( 'NONE',  ( 0.8860482839845158498, 0.000000000000000000, 2.166433060145051215 ) ) ;
#216 = ORIENTED_EDGE ( 'NONE', *, *, #771, .F. ) ;
#217 = CARTESIAN_POINT ( 'NONE',  ( -1.408860562078962264, 0.4000000000000000222, -1.885251871311480310 ) ) ;
#218 = B_SPLINE_CURVE_WITH_KNOTS ( 'NONE', 3,
 ( #2133, #434, #609, #1956, #37, #422, #2119, #12, #2322, #27, #2287 ),
 .UNSPECIFIED., .F., .F.,
 ( 4, 1, 1, 1, 1, 1, 1, 1, 4 ),
 ( 0.000000000000000000, 0.06071160275442197968, 0.1222801775438647764, 0.1957270468438817579, 0.2889148096347177730, 0.4132486554527929901, 0.5726378294203248176, 0.7672996532708792339, 1.000000000000000000 ),
 .UNSPECIFIED. ) ;
#219 = CIRCLE ( 'NONE', #1921, 3.850000000000000977 ) ;
#220 = LINE ( 'NONE', #1547, #1960 ) ;
#221 = CARTESIAN_POINT ( 'NONE',  ( 1.484653852550705366, 0.000000000000000000, -1.428051082086727597 ) ) ;
#222 = VECTOR ( 'NONE', #1918, 1000.000000000000000 ) ;
#223 = DIRECTION ( 'NONE',  ( 0.000000000000000000, -1.000000000000000000, -0.000000000000000000 ) ) ;
#224 = CARTESIAN_POINT ( 'NONE',  ( -1.325730063797660563, 0.000000000000000000, -1.184944158728525432 ) ) ;
#225 = CARTESIAN_POINT ( 'NONE',  ( 1.056791700231731523, 0.000000000000000000, 2.014173678334721718 ) ) ;
#226 = CARTESIAN_POINT ( 'NONE',  ( 1.503946301828022580, 0.000000000000000000, -1.646012639064414973 ) ) ;
#227 = ORIENTED_EDGE ( 'NONE', *, *, #480, .F. ) ;
#228 = CARTESIAN_POINT ( 'NONE',  ( 0.4145565649450869139, 0.4000000000000000222, 2.370915896951341750 ) ) ;
#229 = VERTEX_POINT ( 'NONE', #432 ) ;
#230 = CARTESIAN_POINT ( 'NONE',  ( -0.4769829693962543971, -5.421010862427522170E-17, -0.2640619814006334165 ) ) ;
#231 = CARTESIAN_POINT ( 'NONE',  ( -1.439948586856617307, 0.000000000000000000, -1.635013031803704608 ) ) ;
#232 = CARTESIAN_POINT ( 'NONE',  ( -1.205137877504947941, 0.4000000000000000222, 1.277565428198685016 ) ) ;
#233 = EDGE_CURVE ( 'NONE', #2391, #5, #2000, .T. ) ;
#234 = CARTESIAN_POINT ( 'NONE',  ( 1.266736397943765802, 0.4000000000000000222, 1.622963463230916892 ) ) ;
#235 = CARTESIAN_POINT ( 'NONE',  ( -1.428283700242348297, 0.000000000000000000, -1.818630591401038110 ) ) ;
#236 = CARTESIAN_POINT ( 'NONE',  ( -0.04899825052498202327, 0.000000000000000000, 2.415842333026959832 ) ) ;
#237 = CARTESIAN_POINT ( 'NONE',  ( 1.311953156913807206, 0.000000000000000000, 1.278882927988088891 ) ) ;
#238 = CARTESIAN_POINT ( 'NONE',  ( -1.325730063797660563, 0.4000000000000000222, -1.184944158728525432 ) ) ;
#239 = VERTEX_POINT ( 'NONE', #658 ) ;
#240 = FACE_OUTER_BOUND ( 'NONE', #2303, .T. ) ;
#241 = ORIENTED_EDGE ( 'NONE', *, *, #693, .F. ) ;
#242 = LINE ( 'NONE', #2169, #2326 ) ;
#243 = CARTESIAN_POINT ( 'NONE',  ( 1.503796634493013151, -0.000000000000000000, -1.675709231433726742 ) ) ;
#244 = CARTESIAN_POINT ( 'NONE',  ( -1.363372901273212978, 0.000000000000000000, -1.246306319270333640 ) ) ;
#245 = CARTESIAN_POINT ( 'NONE',  ( 1.353951657363791750, 0.4000000000000000222, -1.296025135314542664 ) ) ;
#246 = EDGE_CURVE ( 'NONE', #1651, #1620, #582, .T. ) ;
#247 = FACE_OUTER_BOUND ( 'NONE', #2102, .T. ) ;
#248 = CARTESIAN_POINT ( 'NONE',  ( 0.000000000000000000, 23.00000000000000000, 0.000000000000000000 ) ) ;
#249 = EDGE_CURVE ( 'NONE', #1661, #1397, #822, .T. ) ;
#250 = PLANE ( 'NONE',  #900 ) ;
#251 = EDGE_LOOP ( 'NONE', ( #1033, #1940, #213, #2075 ) ) ;
#252 = FACE_OUTER_BOUND ( 'NONE', #1225, .T. ) ;
#253 = ORIENTED_EDGE ( 'NONE', *, *, #1646, .F. ) ;
#254 = PLANE ( 'NONE',  #903 ) ;
#255 = CARTESIAN_POINT ( 'NONE',  ( 0.2187117665654125798, 0.4000000000000000222, 1.180763892499397061 ) ) ;
#256 = CARTESIAN_POINT ( 'NONE',  ( -1.395715272017991504, 0.000000000000000000, -1.307311278368958218 ) ) ;
#257 = AXIS2_PLACEMENT_3D ( 'NONE', #177, #931, #1936 ) ;
#258 = CARTESIAN_POINT ( 'NONE',  ( 1.503855039287026685, 0.4000000000000000222, -1.617310390206483151 ) ) ;
#259 = CARTESIAN_POINT ( 'NONE',  ( 0.1920507687824580256, 0.000000000000000000, 1.276220615261893787 ) ) ;
#260 = AXIS2_PLACEMENT_3D ( 'NONE', #1544, #1178, #32 ) ;
#261 = CARTESIAN_POINT ( 'NONE',  ( -0.4241728077018487864, 0.000000000000000000, 1.582209663157773116 ) ) ;
#262 = CIRCLE ( 'NONE', #2083, 5.049999999999999822 ) ;
#263 = CARTESIAN_POINT ( 'NONE',  ( -1.303909620551843451, 0.000000000000000000, 2.018746991594490670 ) ) ;
#264 = CARTESIAN_POINT ( 'NONE',  ( 0.4841614837756813006, 0.000000000000000000, -0.4279992094384541534 ) ) ;
#265 = ORIENTED_EDGE ( 'NONE', *, *, #1646, .T. ) ;
#266 = EDGE_CURVE ( 'NONE', #1902, #19, #1177, .T. ) ;
#267 = CARTESIAN_POINT ( 'NONE',  ( -0.3519874323427286678, 0.4000000000000000222, -1.296025135314542664 ) ) ;
#268 = ORIENTED_EDGE ( 'NONE', *, *, #1959, .F. ) ;
#269 = DIRECTION ( 'NONE',  ( 0.000000000000000000, -1.000000000000000000, -0.000000000000000000 ) ) ;
#270 = DIRECTION ( 'NONE',  ( 0.000000000000000000, 1.000000000000000000, -0.000000000000000000 ) ) ;
#271 = CARTESIAN_POINT ( 'NONE',  ( -0.4769829693962543971, 0.000000000000000000, -0.2640619814006334165 ) ) ;
#272 = CARTESIAN_POINT ( 'NONE',  ( -1.258955049203112075, 0.000000000000000000, 1.263883463541666030 ) ) ;
#273 = CARTESIAN_POINT ( 'NONE',  ( -0.2035937903802550741, 0.000000000000000000, 1.579115128108499633 ) ) ;
#274 = FACE_OUTER_BOUND ( 'NONE', #1837, .T. ) ;
#275 = CARTESIAN_POINT ( 'NONE',  ( -1.241920999244936930, 0.4000000000000000222, 2.078117721221027114 ) ) ;
#276 = CARTESIAN_POINT ( 'NONE',  ( 0.6262367992909766423, 0.000000000000000000, -0.2662610192260099207 ) ) ;
#277 = VERTEX_POINT ( 'NONE', #1191 ) ;
#278 = DIRECTION ( 'NONE',  ( 0.000000000000000000, -1.000000000000000000, 0.000000000000000000 ) ) ;
#279 = EDGE_CURVE ( 'NONE', #1781, #229, #1205, .T. ) ;
#280 = ORIENTED_EDGE ( 'NONE', *, *, #2286, .F. ) ;
#281 = CARTESIAN_POINT ( 'NONE',  ( 0.1977763388226135843, -5.421010862427522170E-17, 0.8180847349796850354 ) ) ;
#282 = CARTESIAN_POINT ( 'NONE',  ( 1.386659483808899918, 0.4000000000000000222, -1.298798843257643609 ) ) ;
#283 = CARTESIAN_POINT ( 'NONE',  ( -1.418165093985374936, 0.000000000000000000, -1.374786106084850301 ) ) ;
#284 = CARTESIAN_POINT ( 'NONE',  ( 0.000000000000000000, 20.50000000000001066, -4.349999999999999645 ) ) ;
#285 = CARTESIAN_POINT ( 'NONE',  ( 1.503946301828022580, 0.4000000000000000222, -1.646012639064414973 ) ) ;
#286 = CARTESIAN_POINT ( 'NONE',  ( -1.163511995256536924, 0.4000000000000000222, 2.130041563187643039 ) ) ;
#287 = CARTESIAN_POINT ( 'NONE',  ( -1.275231611431123735, 0.4000000000000000222, 2.050212392110437154 ) ) ;
#288 = ORIENTED_EDGE ( 'NONE', *, *, #2115, .F. ) ;
#289 = DIRECTION ( 'NONE',  ( -0.000000000000000000, -1.000000000000000000, -0.000000000000000000 ) ) ;
#290 = EDGE_LOOP ( 'NONE', ( #2280, #1262, #56, #1296 ) ) ;
#291 = CARTESIAN_POINT ( 'NONE',  ( -1.157958655263862990, 0.000000000000000000, -2.000000000000000000 ) ) ;
#292 = ADVANCED_FACE ( 'NONE', ( #1399 ), #2156, .T. ) ;
#293 = CARTESIAN_POINT ( 'NONE',  ( -0.3299882178213081052, 0.000000000000000000, 1.583872038398692172 ) ) ;
#294 = CARTESIAN_POINT ( 'NONE',  ( -1.207017469783062014, 0.4000000000000000222, 2.102610931541303074 ) ) ;
#295 = CARTESIAN_POINT ( 'NONE',  ( 1.364951264624502114, 0.4000000000000000222, -2.000000000000000000 ) ) ;
#296 = EDGE_CURVE ( 'NONE', #2391, #2025, #2240, .T. ) ;
#297 = PRESENTATION_STYLE_ASSIGNMENT (( #2198 ) ) ;
#298 = CARTESIAN_POINT ( 'NONE',  ( -0.3299882178213081052, 0.000000000000000000, 1.583872038398692172 ) ) ;
#299 = CARTESIAN_POINT ( 'NONE',  ( -1.375911861346498455, 0.4000000000000000222, 1.754272849999809702 ) ) ;
#300 = ORIENTED_EDGE ( 'NONE', *, *, #169, .F. ) ;
#301 = PRESENTATION_LAYER_ASSIGNMENT (  '', '', ( #101 ) ) ;
#302 = CARTESIAN_POINT ( 'NONE',  ( -0.05651355770865753442, 0.4000000000000000222, 0.2617460003042441086 ) ) ;
#303 = ORIENTED_EDGE ( 'NONE', *, *, #82, .F. ) ;
#304 = DIRECTION ( 'NONE',  ( -0.000000000000000000, -1.000000000000000000, -0.000000000000000000 ) ) ;
#305 = DIRECTION ( 'NONE',  ( 1.000000000000000000, 0.000000000000000000, -0.000000000000000000 ) ) ;
#306 = CARTESIAN_POINT ( 'NONE',  ( 1.466398066736739114, 0.4000000000000000222, -1.379302909175204928 ) ) ;
#307 = CARTESIAN_POINT ( 'NONE',  ( 1.454314250196435010, 0.000000000000000000, -1.957451391060876622 ) ) ;
#308 = CARTESIAN_POINT ( 'NONE',  ( 0.1920507687824580256, 0.4000000000000000222, 1.276220615261893787 ) ) ;
#309 = EDGE_CURVE ( 'NONE', #2369, #161, #2416, .T. ) ;
#310 = CARTESIAN_POINT ( 'NONE',  ( 6.184466335694133068E-16, 0.9999999999999974465, 5.049999999999999822 ) ) ;
#311 = DIRECTION ( 'NONE',  ( -0.6813675717312719371, 0.000000000000000000, -0.7319414130878439950 ) ) ;
#312 = ORIENTED_EDGE ( 'NONE', *, *, #766, .T. ) ;
#313 = CARTESIAN_POINT ( 'NONE',  ( 0.8594361635379685893, 0.000000000000000000, 0.02686423546831087639 ) ) ;
#314 = VERTEX_POINT ( 'NONE', #1644 ) ;
#315 = CARTESIAN_POINT ( 'NONE',  ( 0.5484791751841316954, 0.000000000000000000, 2.332310401831982016 ) ) ;
#316 = CARTESIAN_POINT ( 'NONE',  ( -1.157958655263862990, 0.4000000000000000222, -2.000000000000000000 ) ) ;
#317 = PRESENTATION_STYLE_ASSIGNMENT (( #351 ) ) ;
#318 = CARTESIAN_POINT ( 'NONE',  ( -0.2861103287834316222, 0.4000000000000000222, 1.582220674599654764 ) ) ;
#319 = CARTESIAN_POINT ( 'NONE',  ( -1.366099700537232842, 0.4000000000000000222, 1.867524035424464657 ) ) ;
#320 = CARTESIAN_POINT ( 'NONE',  ( 0.9768270938798540026, 0.4000000000000000222, 2.093884489684724404 ) ) ;
#321 = ORIENTED_EDGE ( 'NONE', *, *, #1101, .F. ) ;
#322 = ADVANCED_FACE ( 'NONE', ( #2407 ), #1241, .T. ) ;
#323 = CARTESIAN_POINT ( 'NONE',  ( 1.311953156913807206, 0.4000000000000000222, 1.278882927988088891 ) ) ;
#324 = ORIENTED_EDGE ( 'NONE', *, *, #539, .F. ) ;
#325 = DIRECTION ( 'NONE',  ( -0.000000000000000000, -1.000000000000000000, -0.000000000000000000 ) ) ;
#326 = LINE ( 'NONE', #141, #781 ) ;
#327 = CARTESIAN_POINT ( 'NONE',  ( -0.7029305834876538039, 0.4000000000000000222, 1.529683380601373877 ) ) ;
#328 = CARTESIAN_POINT ( 'NONE',  ( 1.503684812302531482, 0.4000000000000000222, -1.563773668370709968 ) ) ;
#329 = CARTESIAN_POINT ( 'NONE',  ( -0.5148740869149124322, 0.000000000000000000, 1.573403740109329263 ) ) ;
#330 = VERTEX_POINT ( 'NONE', #1991 ) ;
#331 = CARTESIAN_POINT ( 'NONE',  ( -1.275906435540452355, 0.4000000000000000222, -1.123330328232140518 ) ) ;
#332 = AXIS2_PLACEMENT_3D ( 'NONE', #1353, #985, #1180 ) ;
#333 = CARTESIAN_POINT ( 'NONE',  ( 0.3227602950983564090, 0.000000000000000000, -0.6007412898562914938 ) ) ;
#334 = ORIENTED_EDGE ( 'NONE', *, *, #2160, .F. ) ;
#335 = CIRCLE ( 'NONE', #1061, 4.049999999999998046 ) ;
#336 = EDGE_CURVE ( 'NONE', #1478, #1925, #1821, .T. ) ;
#337 = DIRECTION ( 'NONE',  ( -1.000000000000000000, 0.000000000000000000, 0.000000000000000000 ) ) ;
#338 = CARTESIAN_POINT ( 'NONE',  ( -0.3299882178213081052, 0.4000000000000000222, 1.583872038398692172 ) ) ;
#339 = CARTESIAN_POINT ( 'NONE',  ( 1.364825015433529076, -0.000000000000000000, -1.296947224090353901 ) ) ;
#340 = CARTESIAN_POINT ( 'NONE',  ( -0.8190788802959969583, 0.4000000000000000222, 1.486687777024460866 ) ) ;
#341 = CARTESIAN_POINT ( 'NONE',  ( -1.359473665717620960, -5.421010862427522170E-17, 1.416162587200118006 ) ) ;
#342 = CARTESIAN_POINT ( 'NONE',  ( -1.172462711261192503, 0.000000000000000000, 1.292012095134142058 ) ) ;
#343 = VERTEX_POINT ( 'NONE', #293 ) ;
#344 = CARTESIAN_POINT ( 'NONE',  ( -1.047088338247899042, 0.4000000000000000222, 1.370419263196841930 ) ) ;
#345 = CARTESIAN_POINT ( 'NONE',  ( 2.565151067676131547, 20.00000000000000000, 1.649999999999999911 ) ) ;
#346 = EDGE_LOOP ( 'NONE', ( #708, #78, #1373, #813 ) ) ;
#347 = EDGE_CURVE ( 'NONE', #679, #769, #1831, .T. ) ;
#348 = CARTESIAN_POINT ( 'NONE',  ( 1.165445164922567001, 0.4000000000000000222, 0.5305577935324901073 ) ) ;
#349 = CARTESIAN_POINT ( 'NONE',  ( -1.348244131697871717, 0.4000000000000000222, 1.358394833554781522 ) ) ;
#350 = ADVANCED_FACE ( 'NONE', ( #918, #1809 ), #108, .T. ) ;
#351 = SURFACE_STYLE_USAGE ( .BOTH. , #1256 ) ;
#352 = CARTESIAN_POINT ( 'NONE',  ( -1.172462711261192503, 0.4000000000000000222, 1.292012095134142058 ) ) ;
#353 = B_SPLINE_CURVE_WITH_KNOTS ( 'NONE', 3,
 ( #1372, #2368, #1396, #43, #1939, #815, #1227, #1977, #1792, #92, #803 ),
 .UNSPECIFIED., .F., .F.,
 ( 4, 1, 1, 1, 1, 1, 1, 1, 4 ),
 ( 0.000000000000000000, 0.1190740995003664038, 0.2358824122489697750, 0.3499123681096924510, 0.4645635106026431704, 0.5818044927262985277, 0.7069823708440025056, 0.8441888708972604682, 1.000000000000000000 ),
 .UNSPECIFIED. ) ;
#354 = CARTESIAN_POINT ( 'NONE',  ( 1.444699437104998374, 0.4000000000000000222, -1.341104260689882866 ) ) ;
#355 = CARTESIAN_POINT ( 'NONE',  ( -1.363372901273212978, 0.4000000000000000222, -1.246306319270333640 ) ) ;
#356 = CARTESIAN_POINT ( 'NONE',  ( -1.371523325992450415, 0.000000000000000000, 1.815972977081918627 ) ) ;
#357 = CARTESIAN_POINT ( 'NONE',  ( -0.9426492287229997213, 0.4000000000000000222, 1.428835107791535775 ) ) ;
#358 = CARTESIAN_POINT ( 'NONE',  ( 6.184466335694133068E-16, 0.9999999999999974465, -5.049999999999999822 ) ) ;
#359 = ORIENTED_EDGE ( 'NONE', *, *, #477, .F. ) ;
#360 = B_SPLINE_CURVE_WITH_KNOTS ( 'NONE', 3,
 ( #1415, #1206, #1957, #259, #1025, #2159, #1983, #2374, #273, #460, #1586 ),
 .UNSPECIFIED., .F., .F.,
 ( 4, 1, 1, 1, 1, 1, 1, 1, 4 ),
 ( 0.000000000000000000, 0.1190740995003664038, 0.2358824122489697750, 0.3499123681096924510, 0.4645635106026431704, 0.5818044927262985277, 0.7069823708440025056, 0.8441888708972604682, 1.000000000000000000 ),
 .UNSPECIFIED. ) ;
#361 = CARTESIAN_POINT ( 'NONE',  ( 1.231167287517722198, 0.4000000000000000222, 1.730209237946816803 ) ) ;
#362 = CARTESIAN_POINT ( 'NONE',  ( 0.1137084690288938243, 0.4000000000000000222, 2.413465576164745663 ) ) ;
#363 = ORIENTED_EDGE ( 'NONE', *, *, #2331, .T. ) ;
#364 = EDGE_CURVE ( 'NONE', #127, #330, #1147, .T. ) ;
#365 =( NAMED_UNIT ( * ) SI_UNIT ( $, .STERADIAN. ) SOLID_ANGLE_UNIT ( ) );
#366 = CARTESIAN_POINT ( 'NONE',  ( 1.495116282519875162, 0.000000000000000000, -1.490023895319741776 ) ) ;
#367 = LINE ( 'NONE', #2271, #222 ) ;
#368 = ADVANCED_FACE ( 'NONE', ( #1446 ), #1018, .T. ) ;
#369 = CARTESIAN_POINT ( 'NONE',  ( -1.375617812717186306, -5.421010862427522170E-17, 1.648529507664816762 ) ) ;
#370 = CARTESIAN_POINT ( 'NONE',  ( -1.238197206551705731, 0.4000000000000000222, -1.082141795552072905 ) ) ;
#371 = CARTESIAN_POINT ( 'NONE',  ( -1.275231611431123735, 0.000000000000000000, 2.050212392110437154 ) ) ;
#372 = CARTESIAN_POINT ( 'NONE',  ( -1.325730063797660563, 0.4000000000000000222, -1.184944158728525432 ) ) ;
#373 = DIRECTION ( 'NONE',  ( -0.000000000000000000, -1.000000000000000000, -0.000000000000000000 ) ) ;
#374 = ORIENTED_EDGE ( 'NONE', *, *, #1243, .T. ) ;
#375 = PRESENTATION_LAYER_ASSIGNMENT (  '', '', ( #660 ) ) ;
#376 = CARTESIAN_POINT ( 'NONE',  ( 1.183750037892273399, 0.000000000000000000, 1.831780781803811209 ) ) ;
#377 = VECTOR ( 'NONE', #1265, 1000.000000000000000 ) ;
#378 = CARTESIAN_POINT ( 'NONE',  ( 1.309510378798593555, 0.000000000000000000, 1.396730745918821626 ) ) ;
#379 = CARTESIAN_POINT ( 'NONE',  ( -0.1211750158373710862, 0.4000000000000000222, 0.1659767382961744031 ) ) ;
#380 = VECTOR ( 'NONE', #167, 1000.000000000000000 ) ;
#381 = UNCERTAINTY_MEASURE_WITH_UNIT (LENGTH_MEASURE( 1.000000000000000082E-05 ), #1774, 'distance_accuracy_value', 'NONE');
#382 = CARTESIAN_POINT ( 'NONE',  ( 1.466398066736739114, 0.000000000000000000, -1.379302909175204928 ) ) ;
#383 = CARTESIAN_POINT ( 'NONE',  ( -1.232842043170191637, 0.000000000000000000, 1.265883101227063268 ) ) ;
#384 = CARTESIAN_POINT ( 'NONE',  ( -0.4417720730669424389, 0.4000000000000000222, -0.2255870560241160505 ) ) ;
#385 = CARTESIAN_POINT ( 'NONE',  ( -1.157958655263862990, 0.000000000000000000, -2.000000000000000000 ) ) ;
#386 = CARTESIAN_POINT ( 'NONE',  ( -1.345047237731310741, 0.000000000000000000, 1.948985947308060851 ) ) ;
#387 = CARTESIAN_POINT ( 'NONE',  ( -1.325730063797660563, 0.000000000000000000, -1.184944158728525432 ) ) ;
#388 = CARTESIAN_POINT ( 'NONE',  ( -1.437946587035864532, 0.000000000000000000, -1.538249657902997392 ) ) ;
#389 = ORIENTED_EDGE ( 'NONE', *, *, #2378, .F. ) ;
#390 = B_SPLINE_CURVE_WITH_KNOTS ( 'NONE', 3,
 ( #879, #2001, #105, #717, #692, #1285, #302, #2227, #1805, #1067, #1100, #1851, #149, #1457, #1819 ),
 .UNSPECIFIED., .F., .F.,
 ( 4, 1, 1, 1, 1, 1, 1, 1, 1, 1, 1, 1, 4 ),
 ( 0.000000000000000000, 0.1007892974677444681, 0.1949041343019543293, 0.2820266560370146003, 0.3617814418800571197, 0.4355690289743320287, 0.5052852619814821589, 0.5690449810901474503, 0.6289665523597616215, 0.7375849886712971815, 0.8326168421480383275, 0.9193527129729790470, 1.000000000000000000 ),
 .UNSPECIFIED. ) ;
#391 = CARTESIAN_POINT ( 'NONE',  ( 1.503520326821477404, 0.000000000000000000, -1.730533460712629923 ) ) ;
#392 = ORIENTED_EDGE ( 'NONE', *, *, #1814, .F. ) ;
#393 = CARTESIAN_POINT ( 'NONE',  ( -0.2785993704347727307, -5.421010862427522170E-17, -0.04043513865777748767 ) ) ;
#394 = CARTESIAN_POINT ( 'NONE',  ( -1.428283700242348297, 0.4000000000000000222, -1.818630591401038110 ) ) ;
#395 = CARTESIAN_POINT ( 'NONE',  ( -1.047088338247899042, 0.000000000000000000, 1.370419263196841930 ) ) ;
#396 = CARTESIAN_POINT ( 'NONE',  ( 1.364825015433529076, 0.000000000000000000, -1.296947224090353901 ) ) ;
#397 = CARTESIAN_POINT ( 'NONE',  ( 0.2695019763408006419, 0.000000000000000000, 2.397082982618199853 ) ) ;
#398 = CARTESIAN_POINT ( 'NONE',  ( -1.268547004723318716, 0.4000000000000000222, 1.264741423386565033 ) ) ;
#399 = DIRECTION ( 'NONE',  ( 0.000000000000000000, 1.000000000000000000, -0.000000000000000000 ) ) ;
#400 = ADVANCED_FACE ( 'NONE', ( #517 ), #1239, .F. ) ;
#401 = CARTESIAN_POINT ( 'NONE',  ( 0.8594361635379685893, 0.000000000000000000, 0.02686423546831087639 ) ) ;
#402 = ORIENTED_EDGE ( 'NONE', *, *, #137, .T. ) ;
#403 = EDGE_CURVE ( 'NONE', #1509, #2201, #617, .T. ) ;
#404 = B_SPLINE_CURVE_WITH_KNOTS ( 'NONE', 3,
 ( #1332, #965, #1183, #1713, #1527, #1909, #28, #787, #1539, #599, #486, #86, #498, #861, #1598 ),
 .UNSPECIFIED., .F., .F.,
 ( 4, 1, 1, 1, 1, 1, 1, 1, 1, 1, 1, 1, 4 ),
 ( 0.000000000000000000, 0.1007892974677444681, 0.1949041343019543293, 0.2820266560370146003, 0.3617814418800571197, 0.4355690289743320287, 0.5052852619814821589, 0.5690449810901474503, 0.6289665523597616215, 0.7375849886712971815, 0.8326168421480383275, 0.9193527129729790470, 1.000000000000000000 ),
 .UNSPECIFIED. ) ;
#405 = CARTESIAN_POINT ( 'NONE',  ( 1.292559641758807665, 0.000000000000000000, 1.511830329124648875 ) ) ;
#406 = EDGE_LOOP ( 'NONE', ( #490, #888, #1664, #568 ) ) ;
#407 = CARTESIAN_POINT ( 'NONE',  ( -0.05651355770865753442, -5.421010862427522170E-17, 0.2617460003042441086 ) ) ;
#408 = CARTESIAN_POINT ( 'NONE',  ( 1.503946301828022580, 0.000000000000000000, -1.646012639064414973 ) ) ;
#409 = CARTESIAN_POINT ( 'NONE',  ( 1.503684812302531482, 0.000000000000000000, -1.563773668370709968 ) ) ;
#410 = CARTESIAN_POINT ( 'NONE',  ( 0.2224805082088561203, 0.4000000000000000222, 1.039159601302749758 ) ) ;
#411 = CARTESIAN_POINT ( 'NONE',  ( 1.364951264624502114, 0.4000000000000000222, -2.000000000000000000 ) ) ;
#412 = CARTESIAN_POINT ( 'NONE',  ( -0.5148740869149124322, 0.4000000000000000222, 1.573403740109329263 ) ) ;
#413 = CARTESIAN_POINT ( 'NONE',  ( -0.8190788802959969583, 0.000000000000000000, 1.486687777024460866 ) ) ;
#414 = ORIENTED_EDGE ( 'NONE', *, *, #1210, .F. ) ;
#415 = CARTESIAN_POINT ( 'NONE',  ( 1.231167287517722198, 0.000000000000000000, 1.730209237946816803 ) ) ;
#416 = EDGE_CURVE ( 'NONE', #2062, #31, #1863, .T. ) ;
#417 = CARTESIAN_POINT ( 'NONE',  ( 0.1479947158713745825, 0.000000000000000000, -0.7800435583575880960 ) ) ;
#418 = CIRCLE ( 'NONE', #1094, 4.349999999999999645 ) ;
#419 = CARTESIAN_POINT ( 'NONE',  ( 1.466398066736739114, 0.000000000000000000, -1.379302909175204928 ) ) ;
#420 = CARTESIAN_POINT ( 'NONE',  ( 1.495116282519875162, 0.000000000000000000, -1.490023895319741776 ) ) ;
#421 = AXIS2_PLACEMENT_3D ( 'NONE', #2279, #1339, #604 ) ;
#422 = CARTESIAN_POINT ( 'NONE',  ( -1.348244131697871717, 0.4000000000000000222, 1.358394833554781522 ) ) ;
#423 = CARTESIAN_POINT ( 'NONE',  ( 0.006376737389871830509, -0.000000000000000000, 2.415033436609635764 ) ) ;
#424 = CARTESIAN_POINT ( 'NONE',  ( -1.258955049203112075, 0.4000000000000000222, 1.263883463541666030 ) ) ;
#425 = CARTESIAN_POINT ( 'NONE',  ( 1.126183469312230123, 0.000000000000000000, 1.926723625495435410 ) ) ;
#426 = CARTESIAN_POINT ( 'NONE',  ( -0.3620051037949730821, -0.000000000000000000, 1.583306934504292496 ) ) ;
#427 = VERTEX_POINT ( 'NONE', #1563 ) ;
#428 = ADVANCED_BREP_SHAPE_REPRESENTATION ( 'JK-RTF-02-09-01 Knob_2', ( #921, #87, #699 ), #20 ) ;
#429 = DIRECTION ( 'NONE',  ( 0.000000000000000000, -1.000000000000000000, 0.000000000000000000 ) ) ;
#430 = ORIENTED_EDGE ( 'NONE', *, *, #2024, .F. ) ;
#431 = DIRECTION ( 'NONE',  ( -0.6958849567674446623, 0.000000000000000000, -0.7181532753840029759 ) ) ;
#432 = CARTESIAN_POINT ( 'NONE',  ( 1.364951264624502114, 0.000000000000000000, -2.000000000000000000 ) ) ;
#433 = CARTESIAN_POINT ( 'NONE',  ( -1.089415302980122346, 0.4000000000000000222, 2.169731560706411155 ) ) ;
#434 = CARTESIAN_POINT ( 'NONE',  ( -1.268547004723318716, 0.4000000000000000222, 1.264741423386565033 ) ) ;
#435 = CARTESIAN_POINT ( 'NONE',  ( -0.04899825052498202327, 0.000000000000000000, 2.415842333026959832 ) ) ;
#436 = CARTESIAN_POINT ( 'NONE',  ( -0.9426492287229997213, 0.4000000000000000222, 1.428835107791535775 ) ) ;
#437 = CARTESIAN_POINT ( 'NONE',  ( 1.036919582541268037, 0.4000000000000000222, 0.2906146293782671530 ) ) ;
#438 = CARTESIAN_POINT ( 'NONE',  ( -1.363372901273212978, 0.4000000000000000222, -1.246306319270333640 ) ) ;
#439 = ORIENTED_EDGE ( 'NONE', *, *, #1135, .F. ) ;
#440 = CARTESIAN_POINT ( 'NONE',  ( -1.439198718730649640, 0.000000000000000000, -1.670030243967590922 ) ) ;
#441 = ORIENTED_EDGE ( 'NONE', *, *, #1616, .F. ) ;
#442 = CARTESIAN_POINT ( 'NONE',  ( -0.6543141702976762453, 0.000000000000000000, 2.333995034671359381 ) ) ;
#443 = CARTESIAN_POINT ( 'NONE',  ( 1.454314250196435010, 0.000000000000000000, -1.957451391060876622 ) ) ;
#444 = DIRECTION ( 'NONE',  ( 0.000000000000000000, 0.000000000000000000, 1.000000000000000000 ) ) ;
#445 = ADVANCED_FACE ( 'NONE', ( #1691 ), #2278, .F. ) ;
#446 = CARTESIAN_POINT ( 'NONE',  ( 1.056791700231731523, 0.4000000000000000222, 2.014173678334721718 ) ) ;
#447 = ADVANCED_FACE ( 'NONE', ( #1576, #2264 ), #1751, .F. ) ;
#448 = CARTESIAN_POINT ( 'NONE',  ( -0.5996652218306767201, 0.000000000000000000, 1.557205822608034529 ) ) ;
#449 = CARTESIAN_POINT ( 'NONE',  ( -1.345047237731310741, 0.4000000000000000222, 1.948985947308060851 ) ) ;
#450 = DIRECTION ( 'NONE',  ( -0.000000000000000000, 1.000000000000000000, -0.000000000000000000 ) ) ;
#451 = ORIENTED_EDGE ( 'NONE', *, *, #1828, .F. ) ;
#452 = CARTESIAN_POINT ( 'NONE',  ( -1.437844272851934946, 0.000000000000000000, -1.733279923553957325 ) ) ;
#453 = ORIENTED_EDGE ( 'NONE', *, *, #989, .F. ) ;
#454 = DIRECTION ( 'NONE',  ( -1.000000000000000000, 0.000000000000000000, -0.000000000000000000 ) ) ;
#455 = B_SPLINE_CURVE_WITH_KNOTS ( 'NONE', 3,
 ( #2257, #934, #911, #746, #559, #1500, #340, #713, #2441, #1636, #352, #1647, #2232, #2010, #1452 ),
 .UNSPECIFIED., .F., .F.,
 ( 4, 1, 1, 1, 1, 1, 1, 1, 1, 1, 1, 1, 4 ),
 ( 0.000000000000000000, 0.09632968593450158545, 0.1870449049149951193, 0.2737923683049425794, 0.3557765738543074985, 0.5083857306672145970, 0.6456829527214201780, 0.7659903311154179217, 0.8681627770293165458, 0.9104770572793997596, 0.9459223180760689687, 0.9757420056829014809, 1.000000000000000000 ),
 .UNSPECIFIED. ) ;
#456 = CARTESIAN_POINT ( 'NONE',  ( -1.437844272851934946, 0.000000000000000000, -1.733279923553957325 ) ) ;
#457 = CARTESIAN_POINT ( 'NONE',  ( -1.379494230206715244, 0.4000000000000000222, -1.935892980519779982 ) ) ;
#458 = AXIS2_PLACEMENT_3D ( 'NONE', #2299, #2108, #1172 ) ;
#459 = CARTESIAN_POINT ( 'NONE',  ( -1.163511995256536924, 0.4000000000000000222, 2.130041563187643039 ) ) ;
#460 = CARTESIAN_POINT ( 'NONE',  ( -0.2861103287834316222, -0.000000000000000000, 1.582220674599654764 ) ) ;
#461 = AXIS2_PLACEMENT_3D ( 'NONE', #1602, #1014, #1211 ) ;
#462 = B_SPLINE_CURVE_WITH_KNOTS ( 'NONE', 3,
 ( #910, #1303, #1438, #700, #1267, #1657, #307, #1118, #2419, #2396, #1106 ),
 .UNSPECIFIED., .F., .F.,
 ( 4, 1, 1, 1, 1, 1, 1, 1, 4 ),
 ( 0.000000000000000000, 0.2125596540086788777, 0.3924160409346733047, 0.5423671396236803277, 0.6647240662839135616, 0.7640366431311232942, 0.8467837279931033079, 0.9226662726103702639, 1.000000000000000000 ),
 .UNSPECIFIED. ) ;
#463 = CARTESIAN_POINT ( 'NONE',  ( -0.9798266790455851805, 0.000000000000000000, 2.223031824672335066 ) ) ;
#464 = CARTESIAN_POINT ( 'NONE',  ( -1.345047237731310741, 0.000000000000000000, 1.948985947308060851 ) ) ;
#465 = CARTESIAN_POINT ( 'NONE',  ( -1.238197206551705731, 0.4000000000000000222, -1.082141795552072905 ) ) ;
#466 = VERTEX_POINT ( 'NONE', #1126 ) ;
#467 = CARTESIAN_POINT ( 'NONE',  ( 1.364951264624502114, 0.4000000000000000222, -2.000000000000000000 ) ) ;
#468 = EDGE_LOOP ( 'NONE', ( #656, #439, #755, #1444 ) ) ;
#469 = FACE_OUTER_BOUND ( 'NONE', #1350, .T. ) ;
#470 = CARTESIAN_POINT ( 'NONE',  ( 1.484653852550705366, 0.4000000000000000222, -1.428051082086727597 ) ) ;
#471 = CARTESIAN_POINT ( 'NONE',  ( -1.224943687711999019, 0.4000000000000000222, -1.998605888256103302 ) ) ;
#472 = CARTESIAN_POINT ( 'NONE',  ( -0.2603227834559417864, 0.4000000000000000222, 2.410454495266260544 ) ) ;
#473 = SURFACE_SIDE_STYLE ('',( #1439 ) ) ;
#474 = CARTESIAN_POINT ( 'NONE',  ( -1.345047237731310741, 0.4000000000000000222, 1.948985947308060851 ) ) ;
#475 = DIRECTION ( 'NONE',  ( -0.000000000000000000, -1.000000000000000000, -0.000000000000000000 ) ) ;
#476 = EDGE_LOOP ( 'NONE', ( #2236, #1952, #2092, #1642, #1804, #374, #691, #70, #17, #1251, #1384, #1236, #2426, #779, #1554 ) ) ;
#477 = EDGE_CURVE ( 'NONE', #2369, #880, #2267, .T. ) ;
#478 = CARTESIAN_POINT ( 'NONE',  ( 1.364951264624502114, 0.000000000000000000, -2.000000000000000000 ) ) ;
#479 = ORIENTED_EDGE ( 'NONE', *, *, #1705, .T. ) ;
#480 = EDGE_CURVE ( 'NONE', #2204, #239, #1324, .T. ) ;
#481 = CARTESIAN_POINT ( 'NONE',  ( -0.8275012825452021659, 0.000000000000000000, 2.280650325876854900 ) ) ;
#482 = CARTESIAN_POINT ( 'NONE',  ( -0.2035937903802550741, 0.000000000000000000, 1.579115128108499633 ) ) ;
#483 = FACE_OUTER_BOUND ( 'NONE', #2305, .T. ) ;
#484 = CARTESIAN_POINT ( 'NONE',  ( -1.089415302980122346, 0.4000000000000000222, 2.169731560706411155 ) ) ;
#485 = B_SPLINE_SURFACE_WITH_KNOTS ( 'NONE', 3, 1, ( 
 ( #2399, #1097 ),
 ( #2259, #185 ),
 ( #715, #524 ),
 ( #2224, #1660 ),
 ( #1685, #1085 ),
 ( #1848, #913 ),
 ( #704, #1870 ),
 ( #1884, #2248 ),
 ( #146, #1638 ),
 ( #2412, #1109 ),
 ( #1858, #2045 ) ),
 .UNSPECIFIED., .F., .F., .F.,
 ( 4, 1, 1, 1, 1, 1, 1, 1, 4 ),
 ( 2, 2 ),
 ( 0.000000000000000000, 0.1190740995003664038, 0.2358824122489697750, 0.3499123681096924510, 0.4645635106026431704, 0.5818044927262985277, 0.7069823708440025056, 0.8441888708972604682, 1.000000000000000000 ),
 ( 0.000000000000000000, 1.000000000000000000 ),
 .UNSPECIFIED. ) ;
#486 = CARTESIAN_POINT ( 'NONE',  ( 0.1566146397587653838, 0.4000000000000000222, 0.6732423975849536335 ) ) ;
#487 = CARTESIAN_POINT ( 'NONE',  ( -0.6543141702976762453, 0.4000000000000000222, 2.333995034671359381 ) ) ;
#488 = B_SPLINE_CURVE_WITH_KNOTS ( 'NONE', 3,
 ( #271, #73, #1572, #1010, #96, #834, #1610, #821, #858, #2132, #1758, #1981, #2372, #674, #2157 ),
 .UNSPECIFIED., .F., .F.,
 ( 4, 1, 1, 1, 1, 1, 1, 1, 1, 1, 1, 1, 4 ),
 ( 0.000000000000000000, 0.1007892974677444681, 0.1949041343019543293, 0.2820266560370146003, 0.3617814418800571197, 0.4355690289743320287, 0.5052852619814821589, 0.5690449810901474503, 0.6289665523597616215, 0.7375849886712971815, 0.8326168421480383275, 0.9193527129729790470, 1.000000000000000000 ),
 .UNSPECIFIED. ) ;
#489 = DIRECTION ( 'NONE',  ( -0.000000000000000000, -1.000000000000000000, -0.000000000000000000 ) ) ;
#490 = ORIENTED_EDGE ( 'NONE', *, *, #680, .F. ) ;
#491 = CARTESIAN_POINT ( 'NONE',  ( 1.036919582541268037, 0.000000000000000000, 0.2906146293782671530 ) ) ;
#492 = ORIENTED_EDGE ( 'NONE', *, *, #937, .F. ) ;
#493 = CARTESIAN_POINT ( 'NONE',  ( 0.5484791751841316954, 0.4000000000000000222, 2.332310401831982016 ) ) ;
#494 = CARTESIAN_POINT ( 'NONE',  ( 1.472061145160846962, 0.4000000000000000222, -1.918250208072729057 ) ) ;
#495 = B_SPLINE_SURFACE_WITH_KNOTS ( 'NONE', 3, 1, ( 
 ( #2237, #538 ),
 ( #1123, #2070 ),
 ( #928, #2275 ),
 ( #2424, #2290 ),
 ( #1673, #1283 ),
 ( #1529, #1899 ),
 ( #15, #2035 ),
 ( #372, #387 ),
 ( #331, #2434 ),
 ( #1151, #1099 ),
 ( #2250, #750 ) ),
 .UNSPECIFIED., .F., .F., .F.,
 ( 4, 1, 1, 1, 1, 1, 1, 1, 4 ),
 ( 2, 2 ),
 ( 0.000000000000000000, 0.1599712788654227280, 0.2952365893011674181, 0.4133018671802116129, 0.5208786191783082442, 0.6281465213387974478, 0.7373219615724334597, 0.8590057180128242154, 0.9999999999999998890 ),
 ( 0.000000000000000000, 1.000000000000000000 ),
 .UNSPECIFIED. ) ;
#496 = DIRECTION ( 'NONE',  ( -0.000000000000000000, -1.000000000000000000, -0.000000000000000000 ) ) ;
#497 = DIRECTION ( 'NONE',  ( -1.000000000000000000, 0.000000000000000000, -0.000000000000000000 ) ) ;
#498 = CARTESIAN_POINT ( 'NONE',  ( 0.2193434073825115682, 0.4000000000000000222, 0.9525483126017884050 ) ) ;
#499 = CIRCLE ( 'NONE', #1215, 3.049999999999999822 ) ;
#500 = CARTESIAN_POINT ( 'NONE',  ( 1.397106460815331186, 0.4000000000000000222, -1.996710382788193128 ) ) ;
#501 = AXIS2_PLACEMENT_3D ( 'NONE', #1381, #450, #1924 ) ;
#502 = CARTESIAN_POINT ( 'NONE',  ( -1.163511995256536924, 0.000000000000000000, 2.130041563187643039 ) ) ;
#503 = ORIENTED_EDGE ( 'NONE', *, *, #892, .F. ) ;
#504 = AXIS2_PLACEMENT_3D ( 'NONE', #75, #399, #1162 ) ;
#505 = DIRECTION ( 'NONE',  ( -0.000000000000000000, -1.000000000000000000, 0.000000000000000000 ) ) ;
#506 = ORIENTED_EDGE ( 'NONE', *, *, #814, .F. ) ;
#507 = DIRECTION ( 'NONE',  ( 0.000000000000000000, 0.000000000000000000, 1.000000000000000000 ) ) ;
#508 = CARTESIAN_POINT ( 'NONE',  ( -0.4769829693962543971, 0.4000000000000000222, -0.2640619814006334165 ) ) ;
#509 = DIRECTION ( 'NONE',  ( -1.000000000000000000, 0.000000000000000000, 0.000000000000000000 ) ) ;
#510 = CARTESIAN_POINT ( 'NONE',  ( 0.2193434073825115682, 0.000000000000000000, 0.9525483126017884050 ) ) ;
#511 = CARTESIAN_POINT ( 'NONE',  ( -0.08904801796822529869, 0.000000000000000000, 1.549215472332171384 ) ) ;
#512 = CARTESIAN_POINT ( 'NONE',  ( -1.303909620551843451, 0.000000000000000000, 2.018746991594490670 ) ) ;
#513 = CARTESIAN_POINT ( 'NONE',  ( 0.4145565649450869139, 0.4000000000000000222, 2.370915896951341750 ) ) ;
#514 = ORIENTED_EDGE ( 'NONE', *, *, #1327, .F. ) ;
#515 = CARTESIAN_POINT ( 'NONE',  ( -1.258955049203112075, 0.4000000000000000222, 1.263883463541666030 ) ) ;
#516 = VERTEX_POINT ( 'NONE', #1706 ) ;
#517 = FACE_OUTER_BOUND ( 'NONE', #2129, .T. ) ;
#518 = CARTESIAN_POINT ( 'NONE',  ( 1.454314250196435010, 0.4000000000000000222, -1.957451391060876622 ) ) ;
#519 = APPLICATION_PROTOCOL_DEFINITION ( 'draft international standard', 'automotive_design', 1998, #904 ) ;
#520 =( NAMED_UNIT ( * ) PLANE_ANGLE_UNIT ( ) SI_UNIT ( $, .RADIAN. ) );
#521 = CARTESIAN_POINT ( 'NONE',  ( -0.5148740869149124322, 0.4000000000000000222, 1.573403740109329263 ) ) ;
#522 = B_SPLINE_CURVE_WITH_KNOTS ( 'NONE', 3,
 ( #1679, #2256, #1594, #1796, #2131, #1009, #1230, #1424, #482, #2357, #2170 ),
 .UNSPECIFIED., .F., .F.,
 ( 4, 1, 1, 1, 1, 1, 1, 1, 4 ),
 ( 0.000000000000000000, 0.1190740995003664038, 0.2358824122489697750, 0.3499123681096924510, 0.4645635106026431704, 0.5818044927262985277, 0.7069823708440025056, 0.8441888708972604682, 1.000000000000000000 ),
 .UNSPECIFIED. ) ;
#523 = CARTESIAN_POINT ( 'NONE',  ( -1.375950871885212035, 0.4000000000000000222, 1.684868432337941035 ) ) ;
#524 = CARTESIAN_POINT ( 'NONE',  ( 0.2187117665654125798, 0.000000000000000000, 1.180763892499397061 ) ) ;
#525 = EDGE_CURVE ( 'NONE', #2252, #1902, #2051, .T. ) ;
#526 = ORIENTED_EDGE ( 'NONE', *, *, #680, .T. ) ;
#527 = CARTESIAN_POINT ( 'NONE',  ( -1.207017469783062014, 0.000000000000000000, 2.102610931541303074 ) ) ;
#528 = CARTESIAN_POINT ( 'NONE',  ( 1.106374762649301680, 0.000000000000000000, 0.4135894621412644634 ) ) ;
#529 = EDGE_LOOP ( 'NONE', ( #430, #1963, #565, #1310 ) ) ;
#530 = CARTESIAN_POINT ( 'NONE',  ( -1.375617812717186306, -0.000000000000000000, 1.648529507664816762 ) ) ;
#531 = CARTESIAN_POINT ( 'NONE',  ( 1.495832603499797964, 0.4000000000000000222, -1.805869400753204124 ) ) ;
#532 = CARTESIAN_POINT ( 'NONE',  ( 0.2224805082088561203, -0.000000000000000000, 1.039159601302749758 ) ) ;
#533 = CARTESIAN_POINT ( 'NONE',  ( -1.217956513049555545, 0.4000000000000000222, -1.060033561357485832 ) ) ;
#534 = CARTESIAN_POINT ( 'NONE',  ( -1.359473665717620960, 0.4000000000000000222, 1.416162587200118006 ) ) ;
#535 = CARTESIAN_POINT ( 'NONE',  ( -1.122366571513130129, 0.000000000000000000, 1.325003869575238191 ) ) ;
#536 = B_SPLINE_CURVE_WITH_KNOTS ( 'NONE', 3,
 ( #1546, #1341, #180, #606, #2130, #206, #217, #756, #2093, #1721, #2116 ),
 .UNSPECIFIED., .F., .F.,
 ( 4, 1, 1, 1, 1, 1, 1, 1, 4 ),
 ( 0.000000000000000000, 0.1282437271512832377, 0.2395809738902378305, 0.3364525062807825484, 0.4287911537071141810, 0.5298768099994627390, 0.6526073843651681861, 0.8076714221256795501, 1.000000000000000000 ),
 .UNSPECIFIED. ) ;
#537 = ORIENTED_EDGE ( 'NONE', *, *, #1300, .F. ) ;
#538 = CARTESIAN_POINT ( 'NONE',  ( -1.439948586856617530, 0.000000000000000000, -1.635013031803704830 ) ) ;
#539 = EDGE_CURVE ( 'NONE', #2111, #577, #175, .T. ) ;
#540 = VECTOR ( 'NONE', #1470, 1000.000000000000000 ) ;
#541 = CARTESIAN_POINT ( 'NONE',  ( 6.184466335694133068E-16, 20.00000000000000000, 5.049999999999999822 ) ) ;
#542 = ORIENTED_EDGE ( 'NONE', *, *, #4, .F. ) ;
#543 =( GEOMETRIC_REPRESENTATION_CONTEXT ( 3 ) GLOBAL_UNCERTAINTY_ASSIGNED_CONTEXT ( ( #381 ) ) GLOBAL_UNIT_ASSIGNED_CONTEXT ( ( #1774, #98, #1574 ) ) REPRESENTATION_CONTEXT ( 'NONE', 'WORKASPACE' ) );
#544 = CARTESIAN_POINT ( 'NONE',  ( 0.4841614837756813006, 0.4000000000000000222, -0.4279992094384541534 ) ) ;
#545 = CARTESIAN_POINT ( 'NONE',  ( 1.364951264624502114, 0.4000000000000000222, -2.000000000000000000 ) ) ;
#546 = CARTESIAN_POINT ( 'NONE',  ( -1.207017469783062014, 0.000000000000000000, 2.102610931541303074 ) ) ;
#547 = CARTESIAN_POINT ( 'NONE',  ( 0.000000000000000000, 1.999999999999998224, 1.649999999999999911 ) ) ;
#548 = CARTESIAN_POINT ( 'NONE',  ( -1.431888841403253787, 0.4000000000000000222, -1.450483652896451758 ) ) ;
#549 = CARTESIAN_POINT ( 'NONE',  ( -0.7029305834876538039, 0.000000000000000000, 1.529683380601373877 ) ) ;
#550 = CARTESIAN_POINT ( 'NONE',  ( -1.217956513049555545, 0.000000000000000000, -1.060033561357485832 ) ) ;
#551 = CARTESIAN_POINT ( 'NONE',  ( 0.1479947158713745825, 0.000000000000000000, -0.7800435583575880960 ) ) ;
#552 = CARTESIAN_POINT ( 'NONE',  ( 0.000000000000000000, 0.9999999999999974465, 0.000000000000000000 ) ) ;
#553 = ADVANCED_FACE ( 'NONE', ( #1338 ), #2124, .F. ) ;
#554 = ORIENTED_EDGE ( 'NONE', *, *, #863, .T. ) ;
#555 = CARTESIAN_POINT ( 'NONE',  ( -0.04899825052498202327, 0.4000000000000000222, 2.415842333026959832 ) ) ;
#556 = CARTESIAN_POINT ( 'NONE',  ( 0.006376737389871830509, 0.000000000000000000, 2.415033436609635764 ) ) ;
#557 = UNCERTAINTY_MEASURE_WITH_UNIT (LENGTH_MEASURE( 1.000000000000000082E-05 ), #2184, 'distance_accuracy_value', 'NONE');
#558 = DIRECTION ( 'NONE',  ( 0.000000000000000000, -1.000000000000000000, 0.000000000000000000 ) ) ;
#559 = CARTESIAN_POINT ( 'NONE',  ( -0.5996652218306767201, 0.4000000000000000222, 1.557205822608034529 ) ) ;
#560 = CARTESIAN_POINT ( 'NONE',  ( -1.287866310602100883, 0.4000000000000000222, 1.266469453571901216 ) ) ;
#561 = CARTESIAN_POINT ( 'NONE',  ( -1.439948586856617307, 0.4000000000000000222, -1.635013031803704608 ) ) ;
#562 = CARTESIAN_POINT ( 'NONE',  ( -1.375950871885212035, 0.000000000000000000, 1.684868432337941035 ) ) ;
#563 = CARTESIAN_POINT ( 'NONE',  ( -0.4769829693962543971, 0.4000000000000000222, -0.2640619814006334165 ) ) ;
#564 = CARTESIAN_POINT ( 'NONE',  ( -1.439948586856617530, 0.4000000000000000222, -1.635013031803704830 ) ) ;
#565 = ORIENTED_EDGE ( 'NONE', *, *, #347, .T. ) ;
#566 = CARTESIAN_POINT ( 'NONE',  ( 0.8594361635379685893, 0.4000000000000000222, 0.02686423546831087639 ) ) ;
#567 = CARTESIAN_POINT ( 'NONE',  ( 1.309510378798593555, 0.4000000000000000222, 1.396730745918821626 ) ) ;
#568 = ORIENTED_EDGE ( 'NONE', *, *, #614, .T. ) ;
#569 = CARTESIAN_POINT ( 'NONE',  ( -0.1946035097839349526, 0.4000000000000000222, 0.06536146041877405333 ) ) ;
#570 = CARTESIAN_POINT ( 'NONE',  ( -1.181313286424234388, 0.4000000000000000222, -1.999513936705184847 ) ) ;
#571 = CARTESIAN_POINT ( 'NONE',  ( 1.353951657363791750, 0.000000000000000000, -1.296025135314542664 ) ) ;
#572 = CARTESIAN_POINT ( 'NONE',  ( -0.4769829693962543971, -5.421010862427522170E-17, -0.2640619814006334165 ) ) ;
#573 = CARTESIAN_POINT ( 'NONE',  ( 1.266736397943765802, 0.000000000000000000, 1.622963463230916892 ) ) ;
#574 = CARTESIAN_POINT ( 'NONE',  ( -1.258955049203112075, -5.421010862427522170E-17, 1.263883463541666030 ) ) ;
#575 = CARTESIAN_POINT ( 'NONE',  ( -1.122366571513130129, 0.4000000000000000222, 1.325003869575238191 ) ) ;
#576 = CARTESIAN_POINT ( 'NONE',  ( 0.000000000000000000, 20.50000000000001066, 4.349999999999999645 ) ) ;
#577 = VERTEX_POINT ( 'NONE', #1973 ) ;
#578 = DIRECTION ( 'NONE',  ( 0.000000000000000000, 0.000000000000000000, -1.000000000000000000 ) ) ;
#579 = VECTOR ( 'NONE', #289, 1000.000000000000000 ) ;
#580 = CARTESIAN_POINT ( 'NONE',  ( 0.6715970288145020062, 0.000000000000000000, 2.285498208758889760 ) ) ;
#581 = ORIENTED_EDGE ( 'NONE', *, *, #2392, .F. ) ;
#582 = B_SPLINE_CURVE_WITH_KNOTS ( 'NONE', 3,
 ( #845, #1609, #1954, #2371, #673, #646, #1583, #2182, #456, #1929, #231 ),
 .UNSPECIFIED., .F., .F.,
 ( 4, 1, 1, 1, 1, 1, 1, 1, 4 ),
 ( 0.000000000000000000, 0.1282437271512832377, 0.2395809738902378305, 0.3364525062807825484, 0.4287911537071141810, 0.5298768099994627390, 0.6526073843651681861, 0.8076714221256795501, 1.000000000000000000 ),
 .UNSPECIFIED. ) ;
#583 = CARTESIAN_POINT ( 'NONE',  ( 1.503520326821477404, 0.4000000000000000222, -1.730533460712629923 ) ) ;
#584 = AXIS2_PLACEMENT_3D ( 'NONE', #1621, #269, #1782 ) ;
#585 = DIRECTION ( 'NONE',  ( -0.000000000000000000, -1.000000000000000000, -0.000000000000000000 ) ) ;
#586 = CARTESIAN_POINT ( 'NONE',  ( -1.258955049203112075, 0.4000000000000000222, 1.263883463541666030 ) ) ;
#587 = CARTESIAN_POINT ( 'NONE',  ( -0.3519874323427286678, 0.4000000000000000222, -1.296025135314542664 ) ) ;
#588 = CARTESIAN_POINT ( 'NONE',  ( -1.408860562078962264, 0.000000000000000000, -1.885251871311480310 ) ) ;
#589 = CARTESIAN_POINT ( 'NONE',  ( 0.1479947158713745825, 0.4000000000000000222, -0.7800435583575880960 ) ) ;
#590 = DIRECTION ( 'NONE',  ( 1.000000000000000000, 0.000000000000000000, 0.000000000000000000 ) ) ;
#591 = CARTESIAN_POINT ( 'NONE',  ( 1.036919582541268037, 0.4000000000000000222, 0.2906146293782671530 ) ) ;
#592 = ORIENTED_EDGE ( 'NONE', *, *, #2007, .T. ) ;
#593 = CARTESIAN_POINT ( 'NONE',  ( 1.183750037892273399, 0.4000000000000000222, 1.831780781803811209 ) ) ;
#594 = EDGE_LOOP ( 'NONE', ( #1755, #526, #1592, #2413 ) ) ;
#595 = CARTESIAN_POINT ( 'NONE',  ( -1.439948586856617307, 0.4000000000000000222, -1.635013031803704608 ) ) ;
#596 = DIRECTION ( 'NONE',  ( 0.000000000000000000, 0.000000000000000000, -1.000000000000000000 ) ) ;
#597 = CARTESIAN_POINT ( 'NONE',  ( 1.416925115273658609, 0.000000000000000000, -1.315800150317865347 ) ) ;
#598 = CARTESIAN_POINT ( 'NONE',  ( 0.8860482839845158498, 0.4000000000000000222, 2.166433060145051215 ) ) ;
#599 = CARTESIAN_POINT ( 'NONE',  ( 0.1041210583095085601, 0.4000000000000000222, 0.5470348627418794019 ) ) ;
#600 = B_SPLINE_CURVE_WITH_KNOTS ( 'NONE', 3,
 ( #770, #1521, #583, #1534, #9, #1144, #2451, #2306, #2281, #1179, #2076 ),
 .UNSPECIFIED., .F., .F.,
 ( 4, 1, 1, 1, 1, 1, 1, 1, 4 ),
 ( 0.000000000000000000, 0.2125596540086788777, 0.3924160409346733047, 0.5423671396236803277, 0.6647240662839135616, 0.7640366431311232942, 0.8467837279931033079, 0.9226662726103702639, 1.000000000000000000 ),
 .UNSPECIFIED. ) ;
#601 = CARTESIAN_POINT ( 'NONE',  ( 0.5484791751841316954, 0.000000000000000000, 2.332310401831982016 ) ) ;
#602 = CARTESIAN_POINT ( 'NONE',  ( 0.7503322603136658442, 0.4000000000000000222, -0.1149420601866166097 ) ) ;
#603 = ORIENTED_EDGE ( 'NONE', *, *, #2021, .T. ) ;
#604 = DIRECTION ( 'NONE',  ( 0.6958849567674446623, 0.000000000000000000, 0.7181532753840029759 ) ) ;
#605 = ORIENTED_EDGE ( 'NONE', *, *, #878, .F. ) ;
#606 = CARTESIAN_POINT ( 'NONE',  ( -1.285890084054245541, 0.4000000000000000222, -1.989774462687071921 ) ) ;
#607 = LINE ( 'NONE', #1879, #739 ) ;
#608 = CARTESIAN_POINT ( 'NONE',  ( -0.9426492287229997213, 0.4000000000000000222, 1.428835107791535775 ) ) ;
#609 = CARTESIAN_POINT ( 'NONE',  ( -1.287866310602100883, 0.4000000000000000222, 1.266469453571901216 ) ) ;
#610 = CARTESIAN_POINT ( 'NONE',  ( 1.056791700231731523, 0.000000000000000000, 2.014173678334721718 ) ) ;
#611 = CARTESIAN_POINT ( 'NONE',  ( 1.309510378798593555, 0.000000000000000000, 1.396730745918821626 ) ) ;
#612 = CARTESIAN_POINT ( 'NONE',  ( -1.217956513049555545, 0.000000000000000000, -1.060033561357485832 ) ) ;
#613 = ORIENTED_EDGE ( 'NONE', *, *, #2286, .T. ) ;
#614 = EDGE_CURVE ( 'NONE', #1282, #2111, #499, .T. ) ;
#615 = CARTESIAN_POINT ( 'NONE',  ( -0.3519874323427286678, 0.4000000000000000222, -1.296025135314542664 ) ) ;
#616 = EDGE_LOOP ( 'NONE', ( #402, #1340, #138, #2343, #1198, #1200, #1214, #1422, #312, #1408, #2263, #1238, #1080, #1839, #1877 ) ) ;
#617 = CIRCLE ( 'NONE', #2282, 4.349999999999999645 ) ;
#618 = ADVANCED_FACE ( 'NONE', ( #124 ), #866, .T. ) ;
#619 = CARTESIAN_POINT ( 'NONE',  ( -0.3736820135121893816, -5.421010862427522170E-17, -0.1511850886402051064 ) ) ;
#620 = AXIS2_PLACEMENT_3D ( 'NONE', #1016, #1768, #1780 ) ;
#621 = DIRECTION ( 'NONE',  ( 0.000000000000000000, 0.000000000000000000, 1.000000000000000000 ) ) ;
#622 = CARTESIAN_POINT ( 'NONE',  ( -1.439245034712617777, -0.000000000000000000, -1.601007994209397767 ) ) ;
#623 = AXIS2_PLACEMENT_3D ( 'NONE', #2335, #635, #1992 ) ;
#624 = CARTESIAN_POINT ( 'NONE',  ( 0.7845709959655736698, 0.4000000000000000222, 2.230714038065635396 ) ) ;
#625 = CARTESIAN_POINT ( 'NONE',  ( -1.439948586856617307, 0.000000000000000000, -1.635013031803704608 ) ) ;
#626 = CARTESIAN_POINT ( 'NONE',  ( -0.7029305834876538039, 0.000000000000000000, 1.529683380601373877 ) ) ;
#627 = CARTESIAN_POINT ( 'NONE',  ( 1.266736397943765802, 0.4000000000000000222, 1.622963463230916892 ) ) ;
#628 = CARTESIAN_POINT ( 'NONE',  ( -1.217956513049555545, 0.4000000000000000222, -1.060033561357485832 ) ) ;
#629 = ORIENTED_EDGE ( 'NONE', *, *, #955, .T. ) ;
#630 = CARTESIAN_POINT ( 'NONE',  ( -1.224943687711999019, 0.000000000000000000, -1.998605888256103302 ) ) ;
#631 = ORIENTED_EDGE ( 'NONE', *, *, #2269, .F. ) ;
#632 = DIRECTION ( 'NONE',  ( 0.000000000000000000, 1.000000000000000000, 0.000000000000000000 ) ) ;
#633 = EDGE_CURVE ( 'NONE', #679, #2447, #666, .T. ) ;
#634 = CARTESIAN_POINT ( 'NONE',  ( 1.495832603499797964, 0.000000000000000000, -1.805869400753204124 ) ) ;
#635 = DIRECTION ( 'NONE',  ( -0.000000000000000000, 1.000000000000000000, -0.000000000000000000 ) ) ;
#636 = CARTESIAN_POINT ( 'NONE',  ( 0.1977763388226135843, 0.4000000000000000222, 0.8180847349796850354 ) ) ;
#637 = LINE ( 'NONE', #1390, #1217 ) ;
#638 = CARTESIAN_POINT ( 'NONE',  ( -0.3620051037949730821, 0.4000000000000000222, 1.583306934504292496 ) ) ;
#639 = CARTESIAN_POINT ( 'NONE',  ( -1.366099700537232842, 0.000000000000000000, 1.867524035424464657 ) ) ;
#640 = CARTESIAN_POINT ( 'NONE',  ( -1.250868706142768794, -0.000000000000000000, 1.264502685867128218 ) ) ;
#641 = ORIENTED_EDGE ( 'NONE', *, *, #1315, .T. ) ;
#642 = CARTESIAN_POINT ( 'NONE',  ( 1.375737129655474122, 0.4000000000000000222, -1.998896558831749992 ) ) ;
#643 = ORIENTED_EDGE ( 'NONE', *, *, #1552, .F. ) ;
#644 = B_SPLINE_CURVE_WITH_KNOTS ( 'NONE', 3,
 ( #1451, #721, #2054, #2429, #732, #2019, #1473, #130, #2030, #1072, #1866, #2231, #510, #532, #884 ),
 .UNSPECIFIED., .F., .F.,
 ( 4, 1, 1, 1, 1, 1, 1, 1, 1, 1, 1, 1, 4 ),
 ( 0.000000000000000000, 0.1007892974677444681, 0.1949041343019543293, 0.2820266560370146003, 0.3617814418800571197, 0.4355690289743320287, 0.5052852619814821589, 0.5690449810901474503, 0.6289665523597616215, 0.7375849886712971815, 0.8326168421480383275, 0.9193527129729790470, 1.000000000000000000 ),
 .UNSPECIFIED. ) ;
#645 = DIRECTION ( 'NONE',  ( -0.000000000000000000, -1.000000000000000000, -0.000000000000000000 ) ) ;
#646 = CARTESIAN_POINT ( 'NONE',  ( -1.379494230206715244, 0.000000000000000000, -1.935892980519779982 ) ) ;
#647 = CARTESIAN_POINT ( 'NONE',  ( -1.437946587035864532, 0.000000000000000000, -1.538249657902997392 ) ) ;
#648 = CARTESIAN_POINT ( 'NONE',  ( 1.444699437104998374, 0.000000000000000000, -1.341104260689882866 ) ) ;
#649 = DIRECTION ( 'NONE',  ( 8.659560562354830553E-17, 0.7071067811865561215, -0.7071067811865390240 ) ) ;
#650 = CARTESIAN_POINT ( 'NONE',  ( -0.1201124485347392218, 0.000000000000000000, 2.414029236572682979 ) ) ;
#651 = CARTESIAN_POINT ( 'NONE',  ( -1.371523325992450415, 0.000000000000000000, 1.815972977081918627 ) ) ;
#652 = DIRECTION ( 'NONE',  ( 0.6958849567674446623, 0.000000000000000000, 0.7181532753840029759 ) ) ;
#653 = ORIENTED_EDGE ( 'NONE', *, *, #1389, .T. ) ;
#654 = B_SPLINE_SURFACE_WITH_KNOTS ( 'NONE', 3, 1, ( 
 ( #131, #2410 ),
 ( #1463, #1485 ),
 ( #1668, #2222 ),
 ( #521, #1277 ),
 ( #2043, #2031 ),
 ( #327, #2246 ),
 ( #1093, #963 ),
 ( #608, #183 ),
 ( #2095, #395 ),
 ( #1880, #1548 ),
 ( #2066, #759 ),
 ( #232, #1724 ),
 ( #2453, #383 ),
 ( #1930, #1711 ),
 ( #586, #1170 ) ),
 .UNSPECIFIED., .F., .F., .F.,
 ( 4, 1, 1, 1, 1, 1, 1, 1, 1, 1, 1, 1, 4 ),
 ( 2, 2 ),
 ( 0.000000000000000000, 0.09632968593450158545, 0.1870449049149951193, 0.2737923683049425794, 0.3557765738543074985, 0.5083857306672145970, 0.6456829527214201780, 0.7659903311154179217, 0.8681627770293165458, 0.9104770572793997596, 0.9459223180760689687, 0.9757420056829014809, 1.000000000000000000 ),
 ( 0.000000000000000000, 1.000000000000000000 ),
 .UNSPECIFIED. ) ;
#655 = CARTESIAN_POINT ( 'NONE',  ( 1.375737129655474122, 0.000000000000000000, -1.998896558831749992 ) ) ;
#656 = ORIENTED_EDGE ( 'NONE', *, *, #766, .F. ) ;
#657 = DIRECTION ( 'NONE',  ( 0.000000000000000000, -1.000000000000000000, 0.000000000000000000 ) ) ;
#658 = CARTESIAN_POINT ( 'NONE',  ( -0.04899825052498202327, 0.000000000000000000, 2.415842333026959832 ) ) ;
#659 = CARTESIAN_POINT ( 'NONE',  ( -1.431888841403253787, 0.000000000000000000, -1.450483652896451758 ) ) ;
#660 = STYLED_ITEM ( 'NONE', ( #317 ), #87 ) ;
#661 = CARTESIAN_POINT ( 'NONE',  ( -1.333989673933361653, 0.000000000000000000, 1.314859808654929907 ) ) ;
#662 = PLANE ( 'NONE',  #2367 ) ;
#663 = PRODUCT_DEFINITION ( 'UNKNOWN', '', #1174, #1893 ) ;
#664 = AXIS2_PLACEMENT_3D ( 'NONE', #166, #1119, #1867 ) ;
#665 = CARTESIAN_POINT ( 'NONE',  ( 1.427848022015438811, 0.4000000000000000222, -1.983130150475330922 ) ) ;
#666 = LINE ( 'NONE', #1418, #60 ) ;
#667 = EDGE_CURVE ( 'NONE', #1874, #42, #2376, .T. ) ;
#668 = ORIENTED_EDGE ( 'NONE', *, *, #1280, .F. ) ;
#669 = B_SPLINE_CURVE_WITH_KNOTS ( 'NONE', 3,
 ( #272, #74, #1437, #2196, #661, #2008, #1038, #1823, #1785, #1232, #1635 ),
 .UNSPECIFIED., .F., .F.,
 ( 4, 1, 1, 1, 1, 1, 1, 1, 4 ),
 ( 0.000000000000000000, 0.06071160275442197968, 0.1222801775438647764, 0.1957270468438817579, 0.2889148096347177730, 0.4132486554527929901, 0.5726378294203248176, 0.7672996532708792339, 1.000000000000000000 ),
 .UNSPECIFIED. ) ;
#670 = CARTESIAN_POINT ( 'NONE',  ( -1.408860562078962264, 0.4000000000000000222, -1.885251871311480310 ) ) ;
#671 = ORIENTED_EDGE ( 'NONE', *, *, #2080, .F. ) ;
#672 = CARTESIAN_POINT ( 'NONE',  ( 0.000000000000000000, 23.00000000000000000, 0.000000000000000000 ) ) ;
#673 = CARTESIAN_POINT ( 'NONE',  ( -1.337523452978791161, 0.000000000000000000, -1.969798779054436455 ) ) ;
#674 = CARTESIAN_POINT ( 'NONE',  ( 0.2224805082088561203, -0.000000000000000000, 1.039159601302749758 ) ) ;
#675 = CARTESIAN_POINT ( 'NONE',  ( -0.8275012825452021659, 0.4000000000000000222, 2.280650325876854900 ) ) ;
#676 = DIRECTION ( 'NONE',  ( -0.000000000000000000, -1.000000000000000000, -0.000000000000000000 ) ) ;
#677 = CARTESIAN_POINT ( 'NONE',  ( 1.503520326821477404, 0.4000000000000000222, -1.730533460712629923 ) ) ;
#678 = CARTESIAN_POINT ( 'NONE',  ( -1.163511995256536924, 0.4000000000000000222, 2.130041563187643039 ) ) ;
#679 = VERTEX_POINT ( 'NONE', #102 ) ;
#680 = EDGE_CURVE ( 'NONE', #19, #2111, #1441, .T. ) ;
#681 = CARTESIAN_POINT ( 'NONE',  ( 0.4841614837756813006, 0.000000000000000000, -0.4279992094384541534 ) ) ;
#682 = ORIENTED_EDGE ( 'NONE', *, *, #2195, .F. ) ;
#683 = DIRECTION ( 'NONE',  ( 0.000000000000000000, 0.000000000000000000, -1.000000000000000000 ) ) ;
#684 = CARTESIAN_POINT ( 'NONE',  ( -0.04899825052498202327, 0.000000000000000000, 2.415842333026959832 ) ) ;
#685 = LINE ( 'NONE', #1275, #1684 ) ;
#686 = CARTESIAN_POINT ( 'NONE',  ( -0.1201124485347392218, 0.4000000000000000222, 2.414029236572682979 ) ) ;
#687 = CARTESIAN_POINT ( 'NONE',  ( -0.1201124485347392218, -0.000000000000000000, 2.414029236572682979 ) ) ;
#688 = CARTESIAN_POINT ( 'NONE',  ( 5.572142936120455355E-16, 0.000000000000000000, -4.049999999999998046 ) ) ;
#689 = CARTESIAN_POINT ( 'NONE',  ( 0.000000000000000000, 0.9999999999999974465, 5.049999999999999822 ) ) ;
#690 = CARTESIAN_POINT ( 'NONE',  ( -0.4639793380369840459, 0.4000000000000000222, 2.379209561102449744 ) ) ;
#691 = ORIENTED_EDGE ( 'NONE', *, *, #1596, .T. ) ;
#692 = CARTESIAN_POINT ( 'NONE',  ( -0.1946035097839349526, 0.4000000000000000222, 0.06536146041877405333 ) ) ;
#693 = EDGE_CURVE ( 'NONE', #983, #2038, #1247, .T. ) ;
#694 = EDGE_LOOP ( 'NONE', ( #971, #1605, #2355, #1731 ) ) ;
#695 = CARTESIAN_POINT ( 'NONE',  ( 1.311953156913807206, 0.4000000000000000222, 1.278882927988088891 ) ) ;
#696 = LINE ( 'NONE', #508, #377 ) ;
#697 = PRODUCT_DEFINITION_SHAPE ( 'NONE', 'NONE',  #663 ) ;
#698 = CARTESIAN_POINT ( 'NONE',  ( -1.275231611431123735, 0.4000000000000000222, 2.050212392110437154 ) ) ;
#699 = AXIS2_PLACEMENT_3D ( 'NONE', #2244, #757, #164 ) ;
#700 = CARTESIAN_POINT ( 'NONE',  ( 1.495832603499797964, 0.000000000000000000, -1.805869400753204124 ) ) ;
#701 = DIRECTION ( 'NONE',  ( 0.000000000000000000, -1.000000000000000000, 0.000000000000000000 ) ) ;
#702 = CARTESIAN_POINT ( 'NONE',  ( -0.04899825052498202327, 0.4000000000000000222, 2.415842333026959832 ) ) ;
#703 = VECTOR ( 'NONE', #1070, 1000.000000000000000 ) ;
#704 = CARTESIAN_POINT ( 'NONE',  ( 0.008353365146479420356, 0.4000000000000000222, 1.503649766048927416 ) ) ;
#705 = ORIENTED_EDGE ( 'NONE', *, *, #99, .T. ) ;
#706 = VECTOR ( 'NONE', #1625, 1000.000000000000000 ) ;
#707 = CARTESIAN_POINT ( 'NONE',  ( 0.2078859428767765027, 0.000000000000000000, -0.7185976322610792000 ) ) ;
#708 = ORIENTED_EDGE ( 'NONE', *, *, #1641, .F. ) ;
#709 = ADVANCED_FACE ( 'NONE', ( #2013 ), #485, .F. ) ;
#710 = DIRECTION ( 'NONE',  ( 0.000000000000000000, 0.000000000000000000, -1.000000000000000000 ) ) ;
#711 = FACE_OUTER_BOUND ( 'NONE', #44, .T. ) ;
#712 = EDGE_CURVE ( 'NONE', #1862, #2062, #1617, .T. ) ;
#713 = CARTESIAN_POINT ( 'NONE',  ( -0.9426492287229997213, 0.4000000000000000222, 1.428835107791535775 ) ) ;
#714 = CARTESIAN_POINT ( 'NONE',  ( -0.1211750158373710862, 0.4000000000000000222, 0.1659767382961744031 ) ) ;
#715 = CARTESIAN_POINT ( 'NONE',  ( 0.2187117665654125798, 0.4000000000000000222, 1.180763892499397061 ) ) ;
#716 = ORIENTED_EDGE ( 'NONE', *, *, #889, .F. ) ;
#717 = CARTESIAN_POINT ( 'NONE',  ( -0.2785993704347727307, 0.4000000000000000222, -0.04043513865777748767 ) ) ;
#718 = ORIENTED_EDGE ( 'NONE', *, *, #142, .F. ) ;
#719 = CARTESIAN_POINT ( 'NONE',  ( -1.375006138128043842, 0.000000000000000000, 1.581791825735552326 ) ) ;
#720 = DIRECTION ( 'NONE',  ( -0.000000000000000000, -1.000000000000000000, -0.000000000000000000 ) ) ;
#721 = CARTESIAN_POINT ( 'NONE',  ( -0.4417720730669424389, -0.000000000000000000, -0.2255870560241160505 ) ) ;
#722 = CARTESIAN_POINT ( 'NONE',  ( 0.1490925237922307856, 0.000000000000000000, 1.364067272366148886 ) ) ;
#723 = EDGE_CURVE ( 'NONE', #427, #1781, #1671, .T. ) ;
#724 = CARTESIAN_POINT ( 'NONE',  ( -0.4417720730669424389, -5.421010862427522170E-17, -0.2255870560241160505 ) ) ;
#725 = CARTESIAN_POINT ( 'NONE',  ( -0.9426492287229997213, 0.000000000000000000, 1.428835107791535775 ) ) ;
#726 = ORIENTED_EDGE ( 'NONE', *, *, #296, .T. ) ;
#727 = CARTESIAN_POINT ( 'NONE',  ( -0.3299882178213081052, 0.4000000000000000222, 1.583872038398692172 ) ) ;
#728 = DIRECTION ( 'NONE',  ( -0.000000000000000000, -1.000000000000000000, -0.000000000000000000 ) ) ;
#729 = ORIENTED_EDGE ( 'NONE', *, *, #2234, .T. ) ;
#730 = CARTESIAN_POINT ( 'NONE',  ( 0.7845709959655736698, 0.000000000000000000, 2.230714038065635396 ) ) ;
#731 = CARTESIAN_POINT ( 'NONE',  ( 1.495832603499797964, 0.000000000000000000, -1.805869400753204124 ) ) ;
#732 = CARTESIAN_POINT ( 'NONE',  ( -0.1946035097839349526, 0.000000000000000000, 0.06536146041877405333 ) ) ;
#733 = CARTESIAN_POINT ( 'NONE',  ( -0.2861103287834316222, 0.000000000000000000, 1.582220674599654764 ) ) ;
#734 = B_SPLINE_SURFACE_WITH_KNOTS ( 'NONE', 3, 1, ( 
 ( #323, #1272 ),
 ( #868, #116 ),
 ( #2026, #2190 ),
 ( #1829, #1087 ),
 ( #2379, #2425 ),
 ( #2414, #2037 ),
 ( #1079, #126 ),
 ( #1619, #528 ),
 ( #1053, #491 ),
 ( #2390, #1838 ),
 ( #136, #313 ),
 ( #905, #890 ),
 ( #1468, #1640 ),
 ( #2402, #681 ),
 ( #1431, #333 ),
 ( #1250, #707 ),
 ( #1298, #1652 ) ),
 .UNSPECIFIED., .F., .F., .F.,
 ( 4, 1, 1, 1, 1, 1, 1, 1, 1, 1, 1, 1, 1, 1, 4 ),
 ( 2, 2 ),
 ( 0.000000000000000000, 0.08676398741854557395, 0.1730825210102859002, 0.2174161023636817236, 0.2641758710344836447, 0.3142881637312707199, 0.3679258763677660249, 0.4254958286875710760, 0.4882803729081047761, 0.5560840280760110943, 0.6290356780713680651, 0.7087123511461398406, 0.7971966633485703113, 0.8942658614569144460, 1.000000000000000000 ),
 ( 0.000000000000000000, 1.000000000000000000 ),
 .UNSPECIFIED. ) ;
#735 = DIRECTION ( 'NONE',  ( 0.6813675717312719371, 0.000000000000000000, 0.7319414130878439950 ) ) ;
#736 = CARTESIAN_POINT ( 'NONE',  ( -1.275906435540452355, 0.4000000000000000222, -1.123330328232140518 ) ) ;
#737 = CARTESIAN_POINT ( 'NONE',  ( -1.375006138128043842, -5.421010862427522170E-17, 1.581791825735552326 ) ) ;
#738 = CARTESIAN_POINT ( 'NONE',  ( 0.3227602950983564090, 0.000000000000000000, -0.6007412898562914938 ) ) ;
#739 = VECTOR ( 'NONE', #558, 1000.000000000000000 ) ;
#740 = CARTESIAN_POINT ( 'NONE',  ( 1.311953156913807206, 0.4000000000000000222, 1.278882927988088891 ) ) ;
#741 = EDGE_LOOP ( 'NONE', ( #2228, #1764, #1569, #1044 ) ) ;
#742 = VECTOR ( 'NONE', #1943, 1000.000000000000000 ) ;
#743 = CARTESIAN_POINT ( 'NONE',  ( 0.9547156091466457717, 0.4000000000000000222, 0.1618490902333113157 ) ) ;
#744 = CARTESIAN_POINT ( 'NONE',  ( 1.487293187973200315, 0.4000000000000000222, -1.868599811998180371 ) ) ;
#745 = CARTESIAN_POINT ( 'NONE',  ( -1.408860562078962264, 0.4000000000000000222, -1.885251871311480310 ) ) ;
#746 = CARTESIAN_POINT ( 'NONE',  ( -0.5148740869149124322, 0.4000000000000000222, 1.573403740109329263 ) ) ;
#747 = CARTESIAN_POINT ( 'NONE',  ( 1.503855039287026685, 0.4000000000000000222, -1.617310390206483151 ) ) ;
#748 = CARTESIAN_POINT ( 'NONE',  ( -1.217956513049555545, 0.4000000000000000222, -1.060033561357485832 ) ) ;
#749 = FACE_OUTER_BOUND ( 'NONE', #1299, .T. ) ;
#750 = CARTESIAN_POINT ( 'NONE',  ( -1.217956513049555545, 0.000000000000000000, -1.060033561357485832 ) ) ;
#751 = CARTESIAN_POINT ( 'NONE',  ( 1.248307550021295675, 0.4000000000000000222, 0.7524701870438060824 ) ) ;
#752 = EDGE_LOOP ( 'NONE', ( #1518, #2014, #1098, #2152 ) ) ;
#753 = CARTESIAN_POINT ( 'NONE',  ( 1.306091410615025872, 0.4000000000000000222, 1.067958786193640375 ) ) ;
#754 = CARTESIAN_POINT ( 'NONE',  ( 1.454314250196435010, 0.4000000000000000222, -1.957451391060876622 ) ) ;
#755 = ORIENTED_EDGE ( 'NONE', *, *, #1034, .T. ) ;
#756 = CARTESIAN_POINT ( 'NONE',  ( -1.428283700242348297, 0.4000000000000000222, -1.818630591401038110 ) ) ;
#757 = DIRECTION ( 'NONE',  ( 0.000000000000000000, 0.000000000000000000, 1.000000000000000000 ) ) ;
#758 = CARTESIAN_POINT ( 'NONE',  ( -1.337523452978791161, 0.000000000000000000, -1.969798779054436455 ) ) ;
#759 = CARTESIAN_POINT ( 'NONE',  ( -1.172462711261192503, 0.000000000000000000, 1.292012095134142058 ) ) ;
#760 = CARTESIAN_POINT ( 'NONE',  ( 1.416925115273658609, 0.4000000000000000222, -1.315800150317865347 ) ) ;
#761 = CARTESIAN_POINT ( 'NONE',  ( -1.224943687711999019, 0.000000000000000000, -1.998605888256103302 ) ) ;
#762 = CARTESIAN_POINT ( 'NONE',  ( -1.375950871885212035, 0.4000000000000000222, 1.684868432337941035 ) ) ;
#763 = CARTESIAN_POINT ( 'NONE',  ( 0.000000000000000000, 1.999999999999998224, -3.049999999999999822 ) ) ;
#764 = CARTESIAN_POINT ( 'NONE',  ( 0.6262367992909766423, 0.000000000000000000, -0.2662610192260099207 ) ) ;
#765 = ORIENTED_EDGE ( 'NONE', *, *, #1718, .F. ) ;
#766 = EDGE_CURVE ( 'NONE', #343, #2176, #1497, .T. ) ;
#767 = CARTESIAN_POINT ( 'NONE',  ( 0.1479947158713745825, 0.4000000000000000222, -0.7800435583575880960 ) ) ;
#768 = CARTESIAN_POINT ( 'NONE',  ( 1.292559641758807665, 0.4000000000000000222, 1.511830329124648875 ) ) ;
#769 = VERTEX_POINT ( 'NONE', #926 ) ;
#770 = CARTESIAN_POINT ( 'NONE',  ( 1.503946301828022580, 0.4000000000000000222, -1.646012639064414973 ) ) ;
#771 = EDGE_CURVE ( 'NONE', #2204, #2369, #1060, .T. ) ;
#772 = CARTESIAN_POINT ( 'NONE',  ( 1.503684812302531482, 0.000000000000000000, -1.563773668370709968 ) ) ;
#773 = CARTESIAN_POINT ( 'NONE',  ( 1.503855039287026685, 0.4000000000000000222, -1.617310390206483151 ) ) ;
#774 = CARTESIAN_POINT ( 'NONE',  ( 0.04980576194691325315, 0.4000000000000000222, 0.4397597589361201265 ) ) ;
#775 = CARTESIAN_POINT ( 'NONE',  ( -1.439245034712617777, -0.000000000000000000, -1.601007994209397767 ) ) ;
#776 = CARTESIAN_POINT ( 'NONE',  ( 1.248307550021295675, 0.4000000000000000222, 0.7524701870438060824 ) ) ;
#777 = CARTESIAN_POINT ( 'NONE',  ( 0.8594361635379685893, 0.000000000000000000, 0.02686423546831087639 ) ) ;
#778 = CARTESIAN_POINT ( 'NONE',  ( -1.437946587035864532, 0.4000000000000000222, -1.538249657902997392 ) ) ;
#779 = ORIENTED_EDGE ( 'NONE', *, *, #1868, .T. ) ;
#780 = VECTOR ( 'NONE', #676, 1000.000000000000000 ) ;
#781 = VECTOR ( 'NONE', #720, 1000.000000000000000 ) ;
#782 = CARTESIAN_POINT ( 'NONE',  ( 1.266736397943765802, 0.4000000000000000222, 1.622963463230916892 ) ) ;
#783 = CARTESIAN_POINT ( 'NONE',  ( -0.4417720730669424389, 0.4000000000000000222, -0.2255870560241160505 ) ) ;
#784 = CARTESIAN_POINT ( 'NONE',  ( 1.484653852550705366, 0.000000000000000000, -1.428051082086727597 ) ) ;
#785 = CARTESIAN_POINT ( 'NONE',  ( -1.345047237731310741, 0.4000000000000000222, 1.948985947308060851 ) ) ;
#786 = CARTESIAN_POINT ( 'NONE',  ( 0.4145565649450869139, 0.4000000000000000222, 2.370915896951341750 ) ) ;
#787 = CARTESIAN_POINT ( 'NONE',  ( -0.0001099017923228263300, 0.4000000000000000222, 0.3529850787482262664 ) ) ;
#788 = B_SPLINE_CURVE_WITH_KNOTS ( 'NONE', 3,
 ( #236, #211, #29, #1541, #2300, #601, #1551, #1947, #1357, #1922, #225, #991, #1740, #40, #800, #2311, #611, #1367, #2122 ),
 .UNSPECIFIED., .F., .F.,
 ( 4, 1, 1, 1, 1, 1, 1, 1, 1, 1, 1, 1, 1, 1, 1, 1, 4 ),
 ( 0.000000000000000000, 0.08280625327774163158, 0.1605009570115931983, 0.2340416456983340221, 0.3030099687333678293, 0.3686634304020092734, 0.4308774826825809146, 0.4904959200961371280, 0.5479634544286922093, 0.6043743656829380084, 0.6590394930498949533, 0.7145373555973003610, 0.7700822341126956072, 0.8263718195790527021, 0.8832151728887061015, 0.9406134483418242542, 1.000000000000000000 ),
 .UNSPECIFIED. ) ;
#789 = CARTESIAN_POINT ( 'NONE',  ( -1.205137877504947941, 0.4000000000000000222, 1.277565428198685016 ) ) ;
#790 = CARTESIAN_POINT ( 'NONE',  ( 1.309995891891493125, 0.000000000000000000, 1.208454351919946879 ) ) ;
#791 = EDGE_LOOP ( 'NONE', ( #1793, #1456, #324 ) ) ;
#792 = CARTESIAN_POINT ( 'NONE',  ( 1.056791700231731523, 0.000000000000000000, 2.014173678334721718 ) ) ;
#793 = ORIENTED_EDGE ( 'NONE', *, *, #364, .F. ) ;
#794 = CARTESIAN_POINT ( 'NONE',  ( -0.4769829693962543971, 0.4000000000000000222, -0.2640619814006334165 ) ) ;
#795 = CARTESIAN_POINT ( 'NONE',  ( -1.157958655263862990, 0.4000000000000000222, -2.000000000000000000 ) ) ;
#796 = CARTESIAN_POINT ( 'NONE',  ( 1.364825015433529076, 0.4000000000000000222, -1.296947224090353901 ) ) ;
#797 = CARTESIAN_POINT ( 'NONE',  ( 1.386659483808899918, 0.4000000000000000222, -1.298798843257643609 ) ) ;
#798 = CARTESIAN_POINT ( 'NONE',  ( 0.4145565649450869139, 0.000000000000000000, 2.370915896951341750 ) ) ;
#799 = EDGE_CURVE ( 'NONE', #2027, #1988, #1263, .T. ) ;
#800 = CARTESIAN_POINT ( 'NONE',  ( 1.266736397943765802, 0.000000000000000000, 1.622963463230916892 ) ) ;
#801 = CYLINDRICAL_SURFACE ( 'NONE', #461, 3.049999999999999822 ) ;
#802 = VERTEX_POINT ( 'NONE', #411 ) ;
#803 = CARTESIAN_POINT ( 'NONE',  ( -0.3299882178213081052, 0.4000000000000000222, 1.583872038398692172 ) ) ;
#804 = ORIENTED_EDGE ( 'NONE', *, *, #1522, .T. ) ;
#805 = DIRECTION ( 'NONE',  ( -0.000000000000000000, -1.000000000000000000, -0.000000000000000000 ) ) ;
#806 = CARTESIAN_POINT ( 'NONE',  ( -0.08904801796822529869, 0.4000000000000000222, 1.549215472332171384 ) ) ;
#807 = CARTESIAN_POINT ( 'NONE',  ( -1.357104508504098472, 0.4000000000000000222, 1.911433051327473986 ) ) ;
#808 = CARTESIAN_POINT ( 'NONE',  ( 1.292559641758807665, 0.4000000000000000222, 1.511830329124648875 ) ) ;
#809 = CARTESIAN_POINT ( 'NONE',  ( -1.418165093985374936, 0.000000000000000000, -1.374786106084850301 ) ) ;
#810 = CARTESIAN_POINT ( 'NONE',  ( -1.258955049203112075, 0.000000000000000000, 1.263883463541666030 ) ) ;
#811 = CARTESIAN_POINT ( 'NONE',  ( 1.106374762649301680, 0.4000000000000000222, 0.4135894621412644634 ) ) ;
#812 = CARTESIAN_POINT ( 'NONE',  ( -1.205137877504947941, 0.000000000000000000, 1.277565428198685016 ) ) ;
#813 = ORIENTED_EDGE ( 'NONE', *, *, #1688, .T. ) ;
#814 = EDGE_CURVE ( 'NONE', #2201, #1509, #1842, .T. ) ;
#815 = CARTESIAN_POINT ( 'NONE',  ( 0.08676475820539850115, 0.4000000000000000222, 1.439677842634454752 ) ) ;
#816 = VERTEX_POINT ( 'NONE', #1739 ) ;
#817 = AXIS2_PLACEMENT_3D ( 'NONE', #1665, #2005, #710 ) ;
#818 = CARTESIAN_POINT ( 'NONE',  ( -1.345047237731310741, 0.000000000000000000, 1.948985947308060851 ) ) ;
#819 = VECTOR ( 'NONE', #1784, 1000.000000000000114 ) ;
#820 = CARTESIAN_POINT ( 'NONE',  ( 0.2239920023999184828, 0.4000000000000000222, 1.080889997295304328 ) ) ;
#821 = CARTESIAN_POINT ( 'NONE',  ( -0.0001099017923228263300, 0.000000000000000000, 0.3529850787482262664 ) ) ;
#822 = B_SPLINE_CURVE_WITH_KNOTS ( 'NONE', 3,
 ( #820, #997, #255, #1746, #1036, #1021, #46, #806, #1375, #1557, #1571 ),
 .UNSPECIFIED., .F., .F.,
 ( 4, 1, 1, 1, 1, 1, 1, 1, 4 ),
 ( 0.000000000000000000, 0.1190740995003664038, 0.2358824122489697750, 0.3499123681096924510, 0.4645635106026431704, 0.5818044927262985277, 0.7069823708440025056, 0.8441888708972604682, 1.000000000000000000 ),
 .UNSPECIFIED. ) ;
#823 = AXIS2_PLACEMENT_3D ( 'NONE', #2161, #1063, #1222 ) ;
#824 = CARTESIAN_POINT ( 'NONE',  ( 1.183750037892273399, 0.4000000000000000222, 1.831780781803811209 ) ) ;
#825 = FILL_AREA_STYLE ('',( #1233 ) ) ;
#826 = CARTESIAN_POINT ( 'NONE',  ( -1.047088338247899042, 0.000000000000000000, 1.370419263196841930 ) ) ;
#827 = DIRECTION ( 'NONE',  ( -0.000000000000000000, -1.000000000000000000, -0.000000000000000000 ) ) ;
#828 = CARTESIAN_POINT ( 'NONE',  ( 1.165445164922567001, 0.000000000000000000, 0.5305577935324901073 ) ) ;
#829 = ORIENTED_EDGE ( 'NONE', *, *, #1327, .T. ) ;
#830 = CARTESIAN_POINT ( 'NONE',  ( -1.379494230206715244, 0.000000000000000000, -1.935892980519779982 ) ) ;
#831 = ORIENTED_EDGE ( 'NONE', *, *, #633, .T. ) ;
#832 = CARTESIAN_POINT ( 'NONE',  ( -1.357104508504098472, 0.000000000000000000, 1.911433051327473986 ) ) ;
#833 = CARTESIAN_POINT ( 'NONE',  ( 1.375737129655474122, -0.000000000000000000, -1.998896558831749992 ) ) ;
#834 = CARTESIAN_POINT ( 'NONE',  ( -0.1211750158373710862, 0.000000000000000000, 0.1659767382961744031 ) ) ;
#835 = LINE ( 'NONE', #1024, #1643 ) ;
#836 = DIRECTION ( 'NONE',  ( 0.000000000000000000, 0.000000000000000000, 1.000000000000000000 ) ) ;
#837 = CARTESIAN_POINT ( 'NONE',  ( -1.172462711261192503, 0.000000000000000000, 1.292012095134142058 ) ) ;
#838 = CARTESIAN_POINT ( 'NONE',  ( -1.371523325992450415, 0.4000000000000000222, 1.815972977081918627 ) ) ;
#839 = CARTESIAN_POINT ( 'NONE',  ( 0.3227602950983564090, 0.000000000000000000, -0.6007412898562914938 ) ) ;
#840 = ORIENTED_EDGE ( 'NONE', *, *, #142, .T. ) ;
#841 = CARTESIAN_POINT ( 'NONE',  ( 1.454314250196435010, 0.000000000000000000, -1.957451391060876622 ) ) ;
#842 = VERTEX_POINT ( 'NONE', #1149 ) ;
#843 = CARTESIAN_POINT ( 'NONE',  ( -1.241920999244936930, 0.000000000000000000, 2.078117721221027114 ) ) ;
#844 = EDGE_CURVE ( 'NONE', #1620, #2038, #196, .T. ) ;
#845 = CARTESIAN_POINT ( 'NONE',  ( -1.157958655263862990, 0.000000000000000000, -2.000000000000000000 ) ) ;
#846 = CARTESIAN_POINT ( 'NONE',  ( -1.437844272851934946, 0.4000000000000000222, -1.733279923553957325 ) ) ;
#847 = CARTESIAN_POINT ( 'NONE',  ( 1.466398066736739114, 0.000000000000000000, -1.379302909175204928 ) ) ;
#848 = EDGE_CURVE ( 'NONE', #239, #161, #2056, .T. ) ;
#849 = CARTESIAN_POINT ( 'NONE',  ( 5.327213576290986242E-16, 20.50000000000001066, -4.349999999999999645 ) ) ;
#850 = CARTESIAN_POINT ( 'NONE',  ( -0.2603227834559417864, 0.000000000000000000, 2.410454495266260544 ) ) ;
#851 = CARTESIAN_POINT ( 'NONE',  ( -1.217956513049555545, 0.4000000000000000222, -1.060033561357485832 ) ) ;
#852 = CARTESIAN_POINT ( 'NONE',  ( -0.3299882178213081052, 0.000000000000000000, 1.583872038398692172 ) ) ;
#853 = ORIENTED_EDGE ( 'NONE', *, *, #892, .T. ) ;
#854 = CARTESIAN_POINT ( 'NONE',  ( -1.285890084054245541, 0.000000000000000000, -1.989774462687071921 ) ) ;
#855 = EDGE_LOOP ( 'NONE', ( #2165, #2403, #1820, #726 ) ) ;
#856 = CARTESIAN_POINT ( 'NONE',  ( 0.2224805082088561203, -5.421010862427522170E-17, 1.039159601302749758 ) ) ;
#857 = CARTESIAN_POINT ( 'NONE',  ( 1.503684812302531482, 0.4000000000000000222, -1.563773668370709968 ) ) ;
#858 = CARTESIAN_POINT ( 'NONE',  ( 0.04980576194691325315, 0.000000000000000000, 0.4397597589361201265 ) ) ;
#859 = VECTOR ( 'NONE', #1760, 1000.000000000000114 ) ;
#860 = CARTESIAN_POINT ( 'NONE',  ( -1.375950871885212035, 0.4000000000000000222, 1.684868432337941035 ) ) ;
#861 = CARTESIAN_POINT ( 'NONE',  ( 0.2224805082088561203, 0.4000000000000000222, 1.039159601302749758 ) ) ;
#862 = VECTOR ( 'NONE', #1876, 1000.000000000000114 ) ;
#863 = EDGE_CURVE ( 'NONE', #2046, #1778, #404, .T. ) ;
#864 = CARTESIAN_POINT ( 'NONE',  ( -1.241920999244936930, 0.000000000000000000, 2.078117721221027114 ) ) ;
#865 = CARTESIAN_POINT ( 'NONE',  ( 0.000000000000000000, 1.999999999999998224, 0.000000000000000000 ) ) ;
#866 = B_SPLINE_SURFACE_WITH_KNOTS ( 'NONE', 3, 1, ( 
 ( #2200, #76 ),
 ( #1629, #887 ),
 ( #299, #113 ),
 ( #838, #651 ),
 ( #1064, #639 ),
 ( #2150, #1392 ),
 ( #449, #464 ),
 ( #1404, #1209 ),
 ( #876, #263 ),
 ( #287, #1961 ),
 ( #275, #1615 ),
 ( #1816, #1028 ),
 ( #678, #502 ),
 ( #1041, #2163 ),
 ( #1428, #1223 ),
 ( #1776, #2388 ),
 ( #1803, #89 ),
 ( #690, #1588 ),
 ( #2175, #2351 ),
 ( #1235, #1601 ),
 ( #1789, #2364 ) ),
 .UNSPECIFIED., .F., .F., .F.,
 ( 4, 1, 1, 1, 1, 1, 1, 1, 1, 1, 1, 1, 1, 1, 1, 1, 1, 1, 4 ),
 ( 2, 2 ),
 ( 0.000000000000000000, 0.04379402042414315410, 0.07937825733615888613, 0.1097660049712414626, 0.1357629371159047860, 0.1587806893059567903, 0.1796940903283828495, 0.2034971455830507925, 0.2349048987824120249, 0.2550594179131312478, 0.2805118513475772235, 0.3105577295648790925, 0.3463088682141611807, 0.4296815366228660671, 0.5267188686097379335, 0.6350944522770985978, 0.7512146186379660140, 0.8738169131251591892, 1.000000000000000000 ),
 ( 0.000000000000000000, 1.000000000000000000 ),
 .UNSPECIFIED. ) ;
#867 = VERTEX_POINT ( 'NONE', #2349 ) ;
#868 = CARTESIAN_POINT ( 'NONE',  ( 1.309995891891493125, 0.4000000000000000222, 1.208454351919946879 ) ) ;
#869 = EDGE_LOOP ( 'NONE', ( #705, #1938, #631, #592 ) ) ;
#870 = CYLINDRICAL_SURFACE ( 'NONE', #1964, 4.349999999999999645 ) ;
#871 = CARTESIAN_POINT ( 'NONE',  ( -1.348244131697871717, 0.000000000000000000, 1.358394833554781522 ) ) ;
#872 = CARTESIAN_POINT ( 'NONE',  ( -0.2603227834559417864, 0.4000000000000000222, 2.410454495266260544 ) ) ;
#873 = CARTESIAN_POINT ( 'NONE',  ( 1.364951264624502114, 0.000000000000000000, -2.000000000000000000 ) ) ;
#874 = CARTESIAN_POINT ( 'NONE',  ( -1.241920999244936930, 0.4000000000000000222, 2.078117721221027114 ) ) ;
#875 = EDGE_CURVE ( 'NONE', #1509, #2423, #1245, .T. ) ;
#876 = CARTESIAN_POINT ( 'NONE',  ( -1.303909620551843451, 0.4000000000000000222, 2.018746991594490670 ) ) ;
#877 = VERTEX_POINT ( 'NONE', #688 ) ;
#878 = EDGE_CURVE ( 'NONE', #1653, #2423, #62, .T. ) ;
#879 = CARTESIAN_POINT ( 'NONE',  ( -0.4769829693962543971, 0.4000000000000000222, -0.2640619814006334165 ) ) ;
#880 = VERTEX_POINT ( 'NONE', #2386 ) ;
#881 = CARTESIAN_POINT ( 'NONE',  ( -1.369532054084340977, 0.000000000000000000, 1.490259328810275896 ) ) ;
#882 = CARTESIAN_POINT ( 'NONE',  ( 1.503946301828022580, 0.4000000000000000222, -1.646012639064414973 ) ) ;
#883 = CARTESIAN_POINT ( 'NONE',  ( 1.503946301828022580, 0.4000000000000000222, -1.646012639064414973 ) ) ;
#884 = CARTESIAN_POINT ( 'NONE',  ( 0.2239920023999184828, 0.000000000000000000, 1.080889997295304328 ) ) ;
#885 = CARTESIAN_POINT ( 'NONE',  ( 0.2239920023999185106, 0.000000000000000000, 1.080889997295304550 ) ) ;
#886 = CARTESIAN_POINT ( 'NONE',  ( -1.275231611431123735, 0.000000000000000000, 2.050212392110437154 ) ) ;
#887 = CARTESIAN_POINT ( 'NONE',  ( -1.375937001651095670, 0.000000000000000000, 1.709545239001569072 ) ) ;
#888 = ORIENTED_EDGE ( 'NONE', *, *, #989, .T. ) ;
#889 = EDGE_CURVE ( 'NONE', #5, #1966, #1800, .T. ) ;
#890 = CARTESIAN_POINT ( 'NONE',  ( 0.7503322603136658442, 0.000000000000000000, -0.1149420601866166097 ) ) ;
#891 = ORIENTED_EDGE ( 'NONE', *, *, #2145, .F. ) ;
#892 = EDGE_CURVE ( 'NONE', #1653, #2266, #219, .T. ) ;
#893 = CARTESIAN_POINT ( 'NONE',  ( 0.9768270938798540026, 0.000000000000000000, 2.093884489684724404 ) ) ;
#894 = CARTESIAN_POINT ( 'NONE',  ( -0.3299882178213081052, 0.4000000000000000222, 1.583872038398692172 ) ) ;
#895 = B_SPLINE_SURFACE_WITH_KNOTS ( 'NONE', 3, 1, ( 
 ( #740, #2302 ),
 ( #956, #790 ),
 ( #2048, #16 ),
 ( #2071, #2088 ),
 ( #751, #1138 ),
 ( #173, #942 ),
 ( #1703, #1873 ),
 ( #1861, #1716 ),
 ( #591, #1493 ),
 ( #1112, #929 ),
 ( #201, #401 ),
 ( #602, #2262 ),
 ( #30, #764 ),
 ( #1163, #212 ),
 ( #160, #1674 ),
 ( #2435, #2276 ),
 ( #1542, #978 ) ),
 .UNSPECIFIED., .F., .F., .F.,
 ( 4, 1, 1, 1, 1, 1, 1, 1, 1, 1, 1, 1, 1, 1, 4 ),
 ( 2, 2 ),
 ( 0.000000000000000000, 0.08676398741854557395, 0.1730825210102859002, 0.2174161023636817236, 0.2641758710344836447, 0.3142881637312707199, 0.3679258763677660249, 0.4254958286875710760, 0.4882803729081047761, 0.5560840280760110943, 0.6290356780713680651, 0.7087123511461398406, 0.7971966633485703113, 0.8942658614569144460, 1.000000000000000000 ),
 ( 0.000000000000000000, 1.000000000000000000 ),
 .UNSPECIFIED. ) ;
#896 = FILL_AREA_STYLE_COLOUR ( '', #2077 ) ;
#897 = CARTESIAN_POINT ( 'NONE',  ( 0.08676475820539850115, 0.000000000000000000, 1.439677842634454752 ) ) ;
#898 = VECTOR ( 'NONE', #1985, 1000.000000000000114 ) ;
#899 = CARTESIAN_POINT ( 'NONE',  ( -0.6543141702976762453, 0.000000000000000000, 2.333995034671359381 ) ) ;
#900 = AXIS2_PLACEMENT_3D ( 'NONE', #1790, #1029, #652 ) ;
#901 = CARTESIAN_POINT ( 'NONE',  ( 0.8860482839845158498, 0.4000000000000000222, 2.166433060145051215 ) ) ;
#902 = ORIENTED_EDGE ( 'NONE', *, *, #153, .T. ) ;
#903 = AXIS2_PLACEMENT_3D ( 'NONE', #1770, #2155, #454 ) ;
#904 = APPLICATION_CONTEXT ( 'automotive_design' ) ;
#905 = CARTESIAN_POINT ( 'NONE',  ( 0.7503322603136658442, 0.4000000000000000222, -0.1149420601866166097 ) ) ;
#906 = VERTEX_POINT ( 'NONE', #1994 ) ;
#907 = CARTESIAN_POINT ( 'NONE',  ( 0.9768270938798540026, 0.4000000000000000222, 2.093884489684724404 ) ) ;
#908 = CARTESIAN_POINT ( 'NONE',  ( -1.375617812717186306, 0.4000000000000000222, 1.648529507664816762 ) ) ;
#909 = B_SPLINE_CURVE_WITH_KNOTS ( 'NONE', 3,
 ( #562, #1307, #2059, #356, #1503, #2069, #386, #1122, #1871, #371, #199, #546, #1276, #1462, #922, #1484, #1289, #2245, #2212, #687, #1845 ),
 .UNSPECIFIED., .F., .F.,
 ( 4, 1, 1, 1, 1, 1, 1, 1, 1, 1, 1, 1, 1, 1, 1, 1, 1, 1, 4 ),
 ( 0.000000000000000000, 0.04379402042414315410, 0.07937825733615888613, 0.1097660049712414626, 0.1357629371159047860, 0.1587806893059567903, 0.1796940903283828495, 0.2034971455830507925, 0.2349048987824120249, 0.2550594179131312478, 0.2805118513475772235, 0.3105577295648790925, 0.3463088682141611807, 0.4296815366228660671, 0.5267188686097379335, 0.6350944522770985978, 0.7512146186379660140, 0.8738169131251591892, 1.000000000000000000 ),
 .UNSPECIFIED. ) ;
#910 = CARTESIAN_POINT ( 'NONE',  ( 1.503946301828022580, 0.000000000000000000, -1.646012639064414973 ) ) ;
#911 = CARTESIAN_POINT ( 'NONE',  ( -0.4241728077018487864, 0.4000000000000000222, 1.582209663157773116 ) ) ;
#912 = CARTESIAN_POINT ( 'NONE',  ( -1.369532054084340977, -5.421010862427522170E-17, 1.490259328810275896 ) ) ;
#913 = CARTESIAN_POINT ( 'NONE',  ( 0.08676475820539850115, 0.000000000000000000, 1.439677842634454752 ) ) ;
#914 = ORIENTED_EDGE ( 'NONE', *, *, #2406, .F. ) ;
#915 = CARTESIAN_POINT ( 'NONE',  ( -1.172462711261192503, 0.4000000000000000222, 1.292012095134142058 ) ) ;
#916 = LINE ( 'NONE', #1631, #2081 ) ;
#917 = ORIENTED_EDGE ( 'NONE', *, *, #203, .T. ) ;
#918 = FACE_OUTER_BOUND ( 'NONE', #2225, .T. ) ;
#919 = CARTESIAN_POINT ( 'NONE',  ( 1.503796634493013151, 0.000000000000000000, -1.675709231433726742 ) ) ;
#920 = EDGE_CURVE ( 'NONE', #31, #466, #2148, .T. ) ;
#921 = MANIFOLD_SOLID_BREP ( 'Cut-Extrude1', #1807 ) ;
#922 = CARTESIAN_POINT ( 'NONE',  ( -0.9798266790455851805, 0.000000000000000000, 2.223031824672335066 ) ) ;
#923 = CARTESIAN_POINT ( 'NONE',  ( -0.3299882178213081052, 0.4000000000000000222, 1.583872038398692172 ) ) ;
#924 = EDGE_CURVE ( 'NONE', #2192, #1458, #2123, .T. ) ;
#925 = CARTESIAN_POINT ( 'NONE',  ( -1.375006138128043842, -5.421010862427522170E-17, 1.581791825735552326 ) ) ;
#926 = CARTESIAN_POINT ( 'NONE',  ( -1.157958655263862990, 0.4000000000000000222, -2.000000000000000000 ) ) ;
#927 = CARTESIAN_POINT ( 'NONE',  ( -1.333989673933361653, -5.421010862427522170E-17, 1.314859808654929907 ) ) ;
#928 = CARTESIAN_POINT ( 'NONE',  ( -1.437946587035864532, 0.4000000000000000222, -1.538249657902997392 ) ) ;
#929 = CARTESIAN_POINT ( 'NONE',  ( 0.9547156091466457717, 0.000000000000000000, 0.1618490902333113157 ) ) ;
#930 = ORIENTED_EDGE ( 'NONE', *, *, #771, .T. ) ;
#931 = DIRECTION ( 'NONE',  ( 0.000000000000000000, 1.000000000000000000, -0.000000000000000000 ) ) ;
#932 = FACE_OUTER_BOUND ( 'NONE', #529, .T. ) ;
#933 = DIRECTION ( 'NONE',  ( 0.000000000000000000, -1.000000000000000000, 0.000000000000000000 ) ) ;
#934 = CARTESIAN_POINT ( 'NONE',  ( -0.3620051037949730821, 0.4000000000000000222, 1.583306934504292496 ) ) ;
#935 = FACE_OUTER_BOUND ( 'NONE', #251, .T. ) ;
#936 = CARTESIAN_POINT ( 'NONE',  ( 0.6715970288145020062, 0.4000000000000000222, 2.285498208758889760 ) ) ;
#937 = EDGE_CURVE ( 'NONE', #1052, #330, #637, .T. ) ;
#938 = VECTOR ( 'NONE', #959, 1000.000000000000000 ) ;
#939 = CARTESIAN_POINT ( 'NONE',  ( 0.000000000000000000, 20.00000000000000000, -3.049999999999999822 ) ) ;
#940 = CARTESIAN_POINT ( 'NONE',  ( 1.311953156913807206, 0.000000000000000000, 1.278882927988088891 ) ) ;
#941 = VECTOR ( 'NONE', #2284, 1000.000000000000000 ) ;
#942 = CARTESIAN_POINT ( 'NONE',  ( 1.210908684254397905, 0.000000000000000000, 0.6440059841012557573 ) ) ;
#943 = VERTEX_POINT ( 'NONE', #1612 ) ;
#944 = VECTOR ( 'NONE', #2060, 1000.000000000000000 ) ;
#945 = CARTESIAN_POINT ( 'NONE',  ( -1.217956513049555545, 0.4000000000000000222, -1.060033561357485832 ) ) ;
#946 = CARTESIAN_POINT ( 'NONE',  ( 1.487293187973200315, 0.000000000000000000, -1.868599811998180371 ) ) ;
#947 = ORIENTED_EDGE ( 'NONE', *, *, #279, .T. ) ;
#948 = LINE ( 'NONE', #595, #2166 ) ;
#949 = CARTESIAN_POINT ( 'NONE',  ( -1.428283700242348297, 0.000000000000000000, -1.818630591401038110 ) ) ;
#950 = CARTESIAN_POINT ( 'NONE',  ( 1.503855039287026685, 0.000000000000000000, -1.617310390206483151 ) ) ;
#951 = CARTESIAN_POINT ( 'NONE',  ( -1.238197206551705731, 0.4000000000000000222, -1.082141795552072905 ) ) ;
#952 = CARTESIAN_POINT ( 'NONE',  ( 0.6715970288145020062, 0.000000000000000000, 2.285498208758889760 ) ) ;
#953 = CARTESIAN_POINT ( 'NONE',  ( 0.4841614837756813006, 0.4000000000000000222, -0.4279992094384541534 ) ) ;
#954 = DIRECTION ( 'NONE',  ( 0.000000000000000000, 1.000000000000000000, 0.000000000000000000 ) ) ;
#955 = EDGE_CURVE ( 'NONE', #1632, #2189, #360, .T. ) ;
#956 = CARTESIAN_POINT ( 'NONE',  ( 1.309995891891493125, 0.4000000000000000222, 1.208454351919946879 ) ) ;
#957 = ORIENTED_EDGE ( 'NONE', *, *, #937, .T. ) ;
#958 = ADVANCED_FACE ( 'NONE', ( #2361 ), #662, .F. ) ;
#959 = DIRECTION ( 'NONE',  ( -0.000000000000000000, -1.000000000000000000, -0.000000000000000000 ) ) ;
#960 = CARTESIAN_POINT ( 'NONE',  ( 1.503520326821477404, 0.4000000000000000222, -1.730533460712629923 ) ) ;
#961 = CARTESIAN_POINT ( 'NONE',  ( 0.1566146397587653838, -5.421010862427522170E-17, 0.6732423975849536335 ) ) ;
#962 = DIRECTION ( 'NONE',  ( 0.000000000000000000, -1.000000000000000000, 0.000000000000000000 ) ) ;
#963 = CARTESIAN_POINT ( 'NONE',  ( -0.8190788802959969583, 0.000000000000000000, 1.486687777024460866 ) ) ;
#964 = CARTESIAN_POINT ( 'NONE',  ( 0.1566146397587653838, 0.4000000000000000222, 0.6732423975849536335 ) ) ;
#965 = CARTESIAN_POINT ( 'NONE',  ( -0.4417720730669424389, 0.4000000000000000222, -0.2255870560241160505 ) ) ;
#966 = CARTESIAN_POINT ( 'NONE',  ( 1.309995891891493125, 0.4000000000000000222, 1.208454351919946879 ) ) ;
#967 = CARTESIAN_POINT ( 'NONE',  ( -1.205137877504947941, 0.4000000000000000222, 1.277565428198685016 ) ) ;
#968 = CARTESIAN_POINT ( 'NONE',  ( -1.431888841403253787, 0.4000000000000000222, -1.450483652896451758 ) ) ;
#969 = ORIENTED_EDGE ( 'NONE', *, *, #1814, .T. ) ;
#970 = CARTESIAN_POINT ( 'NONE',  ( 0.5484791751841316954, 0.000000000000000000, 2.332310401831982016 ) ) ;
#971 = ORIENTED_EDGE ( 'NONE', *, *, #844, .F. ) ;
#972 = CARTESIAN_POINT ( 'NONE',  ( -0.0001099017923228263300, 0.4000000000000000222, 0.3529850787482262664 ) ) ;
#973 = CARTESIAN_POINT ( 'NONE',  ( -1.439948586856617307, 0.000000000000000000, -1.635013031803704608 ) ) ;
#974 = PLANE ( 'NONE',  #1881 ) ;
#975 = CARTESIAN_POINT ( 'NONE',  ( 1.416925115273658609, 0.4000000000000000222, -1.315800150317865347 ) ) ;
#976 = CARTESIAN_POINT ( 'NONE',  ( -1.275906435540452355, 0.000000000000000000, -1.123330328232140518 ) ) ;
#977 = CARTESIAN_POINT ( 'NONE',  ( -1.232842043170191637, 0.4000000000000000222, 1.265883101227063268 ) ) ;
#978 = CARTESIAN_POINT ( 'NONE',  ( 0.1479947158713745825, 0.000000000000000000, -0.7800435583575880960 ) ) ;
#979 = ORIENTED_EDGE ( 'NONE', *, *, #955, .F. ) ;
#980 = AXIS2_PLACEMENT_3D ( 'NONE', #2319, #270, #621 ) ;
#981 = CIRCLE ( 'NONE', #664, 3.049999999999999822 ) ;
#982 = CARTESIAN_POINT ( 'NONE',  ( 0.1137084690288938243, 0.000000000000000000, 2.413465576164745663 ) ) ;
#983 = VERTEX_POINT ( 'NONE', #533 ) ;
#984 = LINE ( 'NONE', #1928, #1411 ) ;
#985 = DIRECTION ( 'NONE',  ( -0.000000000000000000, -1.000000000000000000, 0.000000000000000000 ) ) ;
#986 = CARTESIAN_POINT ( 'NONE',  ( -1.329254918167563915, 0.4000000000000000222, 1.983916950799454515 ) ) ;
#987 = B_SPLINE_CURVE_WITH_KNOTS ( 'NONE', 3,
 ( #81, #71, #57, #2333, #1570, #832, #818, #1229, #1434, #2226, #843, #527, #107, #1593, #1581, #481, #442, #1979, #1398, #1045, #1794 ),
 .UNSPECIFIED., .F., .F.,
 ( 4, 1, 1, 1, 1, 1, 1, 1, 1, 1, 1, 1, 1, 1, 1, 1, 1, 1, 4 ),
 ( 0.000000000000000000, 0.04379402042414315410, 0.07937825733615888613, 0.1097660049712414626, 0.1357629371159047860, 0.1587806893059567903, 0.1796940903283828495, 0.2034971455830507925, 0.2349048987824120249, 0.2550594179131312478, 0.2805118513475772235, 0.3105577295648790925, 0.3463088682141611807, 0.4296815366228660671, 0.5267188686097379335, 0.6350944522770985978, 0.7512146186379660140, 0.8738169131251591892, 1.000000000000000000 ),
 .UNSPECIFIED. ) ;
#988 = DIRECTION ( 'NONE',  ( 0.000000000000000000, 0.000000000000000000, -1.000000000000000000 ) ) ;
#989 = EDGE_CURVE ( 'NONE', #19, #2252, #981, .T. ) ;
#990 = CARTESIAN_POINT ( 'NONE',  ( 1.231167287517722198, 0.000000000000000000, 1.730209237946816803 ) ) ;
#991 = CARTESIAN_POINT ( 'NONE',  ( 1.126183469312230123, 0.000000000000000000, 1.926723625495435410 ) ) ;
#992 = CARTESIAN_POINT ( 'NONE',  ( -0.4241728077018487864, 0.000000000000000000, 1.582209663157773116 ) ) ;
#993 = ORIENTED_EDGE ( 'NONE', *, *, #712, .F. ) ;
#994 = CARTESIAN_POINT ( 'NONE',  ( 0.000000000000000000, 23.00000000000000000, -4.349999999999999645 ) ) ;
#995 = ORIENTED_EDGE ( 'NONE', *, *, #169, .T. ) ;
#996 = CARTESIAN_POINT ( 'NONE',  ( 0.04980576194691325315, -5.421010862427522170E-17, 0.4397597589361201265 ) ) ;
#997 = CARTESIAN_POINT ( 'NONE',  ( 0.2222206887140679710, 0.4000000000000000222, 1.114393803371186653 ) ) ;
#998 = DIRECTION ( 'NONE',  ( 0.000000000000000000, 1.000000000000000000, 0.000000000000000000 ) ) ;
#999 = CARTESIAN_POINT ( 'NONE',  ( 0.1041210583095085601, 0.4000000000000000222, 0.5470348627418794019 ) ) ;
#1000 = CARTESIAN_POINT ( 'NONE',  ( 1.311129707782956011, 0.4000000000000000222, 1.318608878799343076 ) ) ;
#1001 = EDGE_CURVE ( 'NONE', #577, #1282, #144, .T. ) ;
#1002 = LINE ( 'NONE', #1750, #1023 ) ;
#1003 = CARTESIAN_POINT ( 'NONE',  ( 0.000000000000000000, 20.00000000000000000, 0.000000000000000000 ) ) ;
#1004 = CARTESIAN_POINT ( 'NONE',  ( 1.309995891891493125, -0.000000000000000000, 1.208454351919946879 ) ) ;
#1005 = EDGE_LOOP ( 'NONE', ( #947, #718, #1565, #1753 ) ) ;
#1006 = CARTESIAN_POINT ( 'NONE',  ( -1.181313286424234388, 0.000000000000000000, -1.999513936705184847 ) ) ;
#1007 = ORIENTED_EDGE ( 'NONE', *, *, #2312, .F. ) ;
#1008 = CARTESIAN_POINT ( 'NONE',  ( 0.2193434073825115682, -5.421010862427522170E-17, 0.9525483126017884050 ) ) ;
#1009 = CARTESIAN_POINT ( 'NONE',  ( 0.08676475820539850115, 0.000000000000000000, 1.439677842634454752 ) ) ;
#1010 = CARTESIAN_POINT ( 'NONE',  ( -0.2785993704347727307, 0.000000000000000000, -0.04043513865777748767 ) ) ;
#1011 = CARTESIAN_POINT ( 'NONE',  ( 0.1977763388226135843, -5.421010862427522170E-17, 0.8180847349796850354 ) ) ;
#1012 = CARTESIAN_POINT ( 'NONE',  ( -1.375950871885212035, 0.000000000000000000, 1.684868432337941035 ) ) ;
#1013 = CARTESIAN_POINT ( 'NONE',  ( 1.311129707782956011, 0.000000000000000000, 1.318608878799343076 ) ) ;
#1014 = DIRECTION ( 'NONE',  ( -0.000000000000000000, -1.000000000000000000, -0.000000000000000000 ) ) ;
#1015 = ORIENTED_EDGE ( 'NONE', *, *, #2112, .F. ) ;
#1016 = CARTESIAN_POINT ( 'NONE',  ( 0.000000000000000000, 20.00000000000000000, 0.000000000000000000 ) ) ;
#1017 = ORIENTED_EDGE ( 'NONE', *, *, #2234, .F. ) ;
#1018 = CONICAL_SURFACE ( 'NONE', #23, 5.049999999999999822, 0.7853981633974504994 ) ;
#1019 = CARTESIAN_POINT ( 'NONE',  ( 0.2239920023999184828, -5.421010862427522170E-17, 1.080889997295304328 ) ) ;
#1020 = VECTOR ( 'NONE', #1124, 1000.000000000000114 ) ;
#1021 = CARTESIAN_POINT ( 'NONE',  ( 0.08676475820539850115, 0.4000000000000000222, 1.439677842634454752 ) ) ;
#1022 = CARTESIAN_POINT ( 'NONE',  ( -1.238197206551705731, -0.000000000000000000, -1.082141795552072905 ) ) ;
#1023 = VECTOR ( 'NONE', #1173, 1000.000000000000000 ) ;
#1024 = CARTESIAN_POINT ( 'NONE',  ( -2.565151067676131547, 20.00000000000000000, 1.649999999999999911 ) ) ;
#1025 = CARTESIAN_POINT ( 'NONE',  ( 0.1490925237922307856, 0.000000000000000000, 1.364067272366148886 ) ) ;
#1026 = CARTESIAN_POINT ( 'NONE',  ( -0.3620051037949730821, 0.000000000000000000, 1.583306934504292496 ) ) ;
#1027 = B_SPLINE_CURVE_WITH_KNOTS ( 'NONE', 3,
 ( #1972, #2012, #677, #1637, #1600, #1825, #2363, #665, #500, #1258, #1815 ),
 .UNSPECIFIED., .F., .F.,
 ( 4, 1, 1, 1, 1, 1, 1, 1, 4 ),
 ( 0.000000000000000000, 0.2125596540086788777, 0.3924160409346733047, 0.5423671396236803277, 0.6647240662839135616, 0.7640366431311232942, 0.8467837279931033079, 0.9226662726103702639, 1.000000000000000000 ),
 .UNSPECIFIED. ) ;
#1028 = CARTESIAN_POINT ( 'NONE',  ( -1.207017469783062014, 0.000000000000000000, 2.102610931541303074 ) ) ;
#1029 = DIRECTION ( 'NONE',  ( -0.7181532753840030869, 0.000000000000000000, 0.6958849567674447734 ) ) ;
#1030 = ORIENTED_EDGE ( 'NONE', *, *, #667, .F. ) ;
#1031 = EDGE_CURVE ( 'NONE', #2450, #1874, #2430, .T. ) ;
#1032 = DIRECTION ( 'NONE',  ( 1.000000000000000000, 0.000000000000000000, 0.000000000000000000 ) ) ;
#1033 = ORIENTED_EDGE ( 'NONE', *, *, #82, .T. ) ;
#1034 = EDGE_CURVE ( 'NONE', #1744, #867, #455, .T. ) ;
#1035 = CARTESIAN_POINT ( 'NONE',  ( 0.2239920023999184828, 0.4000000000000000222, 1.080889997295304328 ) ) ;
#1036 = CARTESIAN_POINT ( 'NONE',  ( 0.1490925237922307856, 0.4000000000000000222, 1.364067272366148886 ) ) ;
#1037 = CARTESIAN_POINT ( 'NONE',  ( -1.408860562078962264, 0.4000000000000000222, -1.885251871311480310 ) ) ;
#1038 = CARTESIAN_POINT ( 'NONE',  ( -1.359473665717620960, 0.000000000000000000, 1.416162587200118006 ) ) ;
#1039 = DIRECTION ( 'NONE',  ( 0.000000000000000000, 1.000000000000000000, -0.000000000000000000 ) ) ;
#1040 = CARTESIAN_POINT ( 'NONE',  ( -1.375937001651095670, 0.4000000000000000222, 1.709545239001569072 ) ) ;
#1041 = CARTESIAN_POINT ( 'NONE',  ( -1.089415302980122346, 0.4000000000000000222, 2.169731560706411155 ) ) ;
#1042 = ORIENTED_EDGE ( 'NONE', *, *, #1613, .T. ) ;
#1043 = CARTESIAN_POINT ( 'NONE',  ( 1.397106460815331186, 0.4000000000000000222, -1.996710382788193128 ) ) ;
#1044 = ORIENTED_EDGE ( 'NONE', *, *, #1311, .T. ) ;
#1045 = CARTESIAN_POINT ( 'NONE',  ( -0.1201124485347392218, -0.000000000000000000, 2.414029236572682979 ) ) ;
#1046 = ADVANCED_FACE ( 'NONE', ( #1846 ), #1812, .T. ) ;
#1047 = CARTESIAN_POINT ( 'NONE',  ( 1.466398066736739114, 0.4000000000000000222, -1.379302909175204928 ) ) ;
#1048 = CARTESIAN_POINT ( 'NONE',  ( -1.439948586856617307, 0.000000000000000000, -1.635013031803704608 ) ) ;
#1049 = CARTESIAN_POINT ( 'NONE',  ( 1.364951264624502114, 0.000000000000000000, -2.000000000000000000 ) ) ;
#1050 = CARTESIAN_POINT ( 'NONE',  ( -1.357104508504098472, 0.4000000000000000222, 1.911433051327473986 ) ) ;
#1051 = CARTESIAN_POINT ( 'NONE',  ( 0.1479947158713745825, 0.000000000000000000, -0.7800435583575880960 ) ) ;
#1052 = VERTEX_POINT ( 'NONE', #1474 ) ;
#1053 = CARTESIAN_POINT ( 'NONE',  ( 1.036919582541268037, 0.4000000000000000222, 0.2906146293782671530 ) ) ;
#1054 = EDGE_LOOP ( 'NONE', ( #1167, #1849, #993, #2400 ) ) ;
#1055 = DIRECTION ( 'NONE',  ( -0.000000000000000000, -1.000000000000000000, -0.000000000000000000 ) ) ;
#1056 = CARTESIAN_POINT ( 'NONE',  ( 1.364951264624502114, 0.4000000000000000222, -2.000000000000000000 ) ) ;
#1057 = CARTESIAN_POINT ( 'NONE',  ( 0.000000000000000000, 20.50000000000001066, 0.000000000000000000 ) ) ;
#1058 = AXIS2_PLACEMENT_3D ( 'NONE', #851, #2339, #311 ) ;
#1059 = CARTESIAN_POINT ( 'NONE',  ( -1.345047237731310741, 0.4000000000000000222, 1.948985947308060851 ) ) ;
#1060 = B_SPLINE_CURVE_WITH_KNOTS ( 'NONE', 3,
 ( #1489, #2215, #2432, #1121, #513, #168, #936, #2023, #901, #320, #1836, #1650, #1749, #1933, #1550, #2323, #210, #1000, #1378 ),
 .UNSPECIFIED., .F., .F.,
 ( 4, 1, 1, 1, 1, 1, 1, 1, 1, 1, 1, 1, 1, 1, 1, 1, 4 ),
 ( 0.000000000000000000, 0.08280625327774163158, 0.1605009570115931983, 0.2340416456983340221, 0.3030099687333678293, 0.3686634304020092734, 0.4308774826825809146, 0.4904959200961371280, 0.5479634544286922093, 0.6043743656829380084, 0.6590394930498949533, 0.7145373555973003610, 0.7700822341126956072, 0.8263718195790527021, 0.8832151728887061015, 0.9406134483418242542, 1.000000000000000000 ),
 .UNSPECIFIED. ) ;
#1061 = AXIS2_PLACEMENT_3D ( 'NONE', #2203, #505, #1261 ) ;
#1062 = ADVANCED_FACE ( 'NONE', ( #1834 ), #654, .T. ) ;
#1063 = DIRECTION ( 'NONE',  ( 0.000000000000000000, 0.000000000000000000, -1.000000000000000000 ) ) ;
#1064 = CARTESIAN_POINT ( 'NONE',  ( -1.366099700537232842, 0.4000000000000000222, 1.867524035424464657 ) ) ;
#1065 = B_SPLINE_SURFACE_WITH_KNOTS ( 'NONE', 3, 1, ( 
 ( #795, #1735 ),
 ( #570, #1905 ),
 ( #1342, #2065 ),
 ( #24, #1511 ),
 ( #182, #758 ),
 ( #1169, #2105 ),
 ( #745, #1710 ),
 ( #394, #949 ),
 ( #1695, #207 ),
 ( #35, #2452 ),
 ( #2078, #973 ) ),
 .UNSPECIFIED., .F., .F., .F.,
 ( 4, 1, 1, 1, 1, 1, 1, 1, 4 ),
 ( 2, 2 ),
 ( 0.000000000000000000, 0.1282437271512832377, 0.2395809738902378305, 0.3364525062807825484, 0.4287911537071141810, 0.5298768099994627390, 0.6526073843651681861, 0.8076714221256795501, 1.000000000000000000 ),
 ( 0.000000000000000000, 1.000000000000000000 ),
 .UNSPECIFIED. ) ;
#1066 = CARTESIAN_POINT ( 'NONE',  ( 1.311953156913807206, 0.4000000000000000222, 1.278882927988088891 ) ) ;
#1067 = CARTESIAN_POINT ( 'NONE',  ( 0.1041210583095085601, 0.4000000000000000222, 0.5470348627418794019 ) ) ;
#1068 = VERTEX_POINT ( 'NONE', #2320 ) ;
#1069 = CARTESIAN_POINT ( 'NONE',  ( 1.353951657363791750, 0.4000000000000000222, -1.296025135314542664 ) ) ;
#1070 = DIRECTION ( 'NONE',  ( 0.000000000000000000, -1.000000000000000000, 0.000000000000000000 ) ) ;
#1071 = CARTESIAN_POINT ( 'NONE',  ( 0.000000000000000000, 0.000000000000000000, 4.049999999999998046 ) ) ;
#1072 = CARTESIAN_POINT ( 'NONE',  ( 0.1041210583095085601, 0.000000000000000000, 0.5470348627418794019 ) ) ;
#1073 = CARTESIAN_POINT ( 'NONE',  ( 0.2239920023999185106, 0.4000000000000000222, 1.080889997295304550 ) ) ;
#1074 = B_SPLINE_SURFACE_WITH_KNOTS ( 'NONE', 3, 1, ( 
 ( #2220, #7 ),
 ( #1520, #556 ),
 ( #362, #982 ),
 ( #1313, #1707 ),
 ( #228, #18 ),
 ( #1732, #970 ),
 ( #2064, #580 ),
 ( #1166, #1719 ),
 ( #1325, #215 ),
 ( #1127, #1677 ),
 ( #2113, #792 ),
 ( #1926, #2304 ),
 ( #593, #2074 ),
 ( #2103, #415 ),
 ( #782, #1496 ),
 ( #768, #405 ),
 ( #567, #378 ),
 ( #1508, #178 ),
 ( #1351, #1142 ) ),
 .UNSPECIFIED., .F., .F., .F.,
 ( 4, 1, 1, 1, 1, 1, 1, 1, 1, 1, 1, 1, 1, 1, 1, 1, 4 ),
 ( 2, 2 ),
 ( 0.000000000000000000, 0.08280625327774163158, 0.1605009570115931983, 0.2340416456983340221, 0.3030099687333678293, 0.3686634304020092734, 0.4308774826825809146, 0.4904959200961371280, 0.5479634544286922093, 0.6043743656829380084, 0.6590394930498949533, 0.7145373555973003610, 0.7700822341126956072, 0.8263718195790527021, 0.8832151728887061015, 0.9406134483418242542, 1.000000000000000000 ),
 ( 0.000000000000000000, 1.000000000000000000 ),
 .UNSPECIFIED. ) ;
#1075 = CARTESIAN_POINT ( 'NONE',  ( -0.8275012825452021659, 0.000000000000000000, 2.280650325876854900 ) ) ;
#1076 = DIRECTION ( 'NONE',  ( 0.000000000000000000, -1.000000000000000000, 0.000000000000000000 ) ) ;
#1077 = EDGE_CURVE ( 'NONE', #1467, #1458, #2106, .T. ) ;
#1078 = ORIENTED_EDGE ( 'NONE', *, *, #1795, .F. ) ;
#1079 = CARTESIAN_POINT ( 'NONE',  ( 1.165445164922567001, 0.4000000000000000222, 0.5305577935324901073 ) ) ;
#1080 = ORIENTED_EDGE ( 'NONE', *, *, #2080, .T. ) ;
#1081 = CARTESIAN_POINT ( 'NONE',  ( 0.7845709959655736698, 0.4000000000000000222, 2.230714038065635396 ) ) ;
#1082 = CARTESIAN_POINT ( 'NONE',  ( 1.503796634493013151, 0.4000000000000000222, -1.675709231433726742 ) ) ;
#1083 = CARTESIAN_POINT ( 'NONE',  ( -0.3299882178213081052, 0.000000000000000000, 1.583872038398692172 ) ) ;
#1084 = CARTESIAN_POINT ( 'NONE',  ( -1.375911861346498455, 0.000000000000000000, 1.754272849999809702 ) ) ;
#1085 = CARTESIAN_POINT ( 'NONE',  ( 0.1490925237922307856, 0.000000000000000000, 1.364067272366148886 ) ) ;
#1086 = EDGE_LOOP ( 'NONE', ( #2329, #1927, #1543, #359, #216, #914, #2114, #8, #1978, #174, #1017, #1429, #668, #2034, #682 ) ) ;
#1087 = CARTESIAN_POINT ( 'NONE',  ( 1.280552537173535121, 0.000000000000000000, 0.8929424609810279190 ) ) ;
#1088 = ORIENTED_EDGE ( 'NONE', *, *, #1688, .F. ) ;
#1089 = CARTESIAN_POINT ( 'NONE',  ( 0.1137084690288938243, 0.000000000000000000, 2.413465576164745663 ) ) ;
#1090 = CARTESIAN_POINT ( 'NONE',  ( -1.258955049203112075, 0.4000000000000000222, 1.263883463541666030 ) ) ;
#1091 = B_SPLINE_SURFACE_WITH_KNOTS ( 'NONE', 3, 1, ( 
 ( #1561, #1012 ),
 ( #1040, #132 ),
 ( #1246, #1084 ),
 ( #2350, #100 ),
 ( #319, #1802 ),
 ( #1050, #1427 ),
 ( #474, #1234 ),
 ( #1996, #2174 ),
 ( #1835, #512 ),
 ( #1984, #886 ),
 ( #874, #864 ),
 ( #1269, #1454 ),
 ( #286, #1628 ),
 ( #2022, #2398 ),
 ( #88, #463 ),
 ( #1614, #1075 ),
 ( #487, #899 ),
 ( #2186, #2214 ),
 ( #123, #850 ),
 ( #1788, #650 ),
 ( #2387, #2375 ) ),
 .UNSPECIFIED., .F., .F., .F.,
 ( 4, 1, 1, 1, 1, 1, 1, 1, 1, 1, 1, 1, 1, 1, 1, 1, 1, 1, 4 ),
 ( 2, 2 ),
 ( 0.000000000000000000, 0.04379402042414315410, 0.07937825733615888613, 0.1097660049712414626, 0.1357629371159047860, 0.1587806893059567903, 0.1796940903283828495, 0.2034971455830507925, 0.2349048987824120249, 0.2550594179131312478, 0.2805118513475772235, 0.3105577295648790925, 0.3463088682141611807, 0.4296815366228660671, 0.5267188686097379335, 0.6350944522770985978, 0.7512146186379660140, 0.8738169131251591892, 1.000000000000000000 ),
 ( 0.000000000000000000, 1.000000000000000000 ),
 .UNSPECIFIED. ) ;
#1092 = PLANE ( 'NONE',  #1370 ) ;
#1093 = CARTESIAN_POINT ( 'NONE',  ( -0.8190788802959969583, 0.4000000000000000222, 1.486687777024460866 ) ) ;
#1094 = AXIS2_PLACEMENT_3D ( 'NONE', #1723, #962, #1316 ) ;
#1095 = CARTESIAN_POINT ( 'NONE',  ( -1.375617812717186306, 0.4000000000000000222, 1.648529507664816762 ) ) ;
#1096 = AXIS2_PLACEMENT_3D ( 'NONE', #2295, #1374, #1190 ) ;
#1097 = CARTESIAN_POINT ( 'NONE',  ( 0.2239920023999185106, 0.000000000000000000, 1.080889997295304550 ) ) ;
#1098 = ORIENTED_EDGE ( 'NONE', *, *, #2406, .T. ) ;
#1099 = CARTESIAN_POINT ( 'NONE',  ( -1.238197206551705731, 0.000000000000000000, -1.082141795552072905 ) ) ;
#1100 = CARTESIAN_POINT ( 'NONE',  ( 0.1566146397587653838, 0.4000000000000000222, 0.6732423975849536335 ) ) ;
#1101 = EDGE_CURVE ( 'NONE', #769, #1651, #367, .T. ) ;
#1102 = ORIENTED_EDGE ( 'NONE', *, *, #249, .F. ) ;
#1103 = CARTESIAN_POINT ( 'NONE',  ( 0.4145565649450869139, 0.4000000000000000222, 2.370915896951341750 ) ) ;
#1104 = CARTESIAN_POINT ( 'NONE',  ( -1.268547004723318716, 0.4000000000000000222, 1.264741423386565033 ) ) ;
#1105 = ADVANCED_FACE ( 'NONE', ( #2308 ), #1995, .T. ) ;
#1106 = CARTESIAN_POINT ( 'NONE',  ( 1.364951264624502114, 0.000000000000000000, -2.000000000000000000 ) ) ;
#1107 = CARTESIAN_POINT ( 'NONE',  ( 0.2187117665654125798, 0.000000000000000000, 1.180763892499397061 ) ) ;
#1108 = FACE_OUTER_BOUND ( 'NONE', #1369, .T. ) ;
#1109 = CARTESIAN_POINT ( 'NONE',  ( -0.2861103287834316222, 0.000000000000000000, 1.582220674599654764 ) ) ;
#1110 = CARTESIAN_POINT ( 'NONE',  ( 1.306091410615025872, 0.4000000000000000222, 1.067958786193640375 ) ) ;
#1111 = CARTESIAN_POINT ( 'NONE',  ( 0.6262367992909766423, 0.000000000000000000, -0.2662610192260099207 ) ) ;
#1112 = CARTESIAN_POINT ( 'NONE',  ( 0.9547156091466457717, 0.4000000000000000222, 0.1618490902333113157 ) ) ;
#1113 = ORIENTED_EDGE ( 'NONE', *, *, #214, .F. ) ;
#1114 = CARTESIAN_POINT ( 'NONE',  ( 0.000000000000000000, 20.00000000000000000, 1.649999999999999911 ) ) ;
#1115 = CARTESIAN_POINT ( 'NONE',  ( 1.427848022015438811, 0.000000000000000000, -1.983130150475330922 ) ) ;
#1116 = SHAPE_DEFINITION_REPRESENTATION ( #697, #428 ) ;
#1117 = ADVANCED_FACE ( 'NONE', ( #1330, #1181 ), #974, .T. ) ;
#1118 = CARTESIAN_POINT ( 'NONE',  ( 1.427848022015438811, 0.000000000000000000, -1.983130150475330922 ) ) ;
#1119 = DIRECTION ( 'NONE',  ( 0.000000000000000000, 1.000000000000000000, -0.000000000000000000 ) ) ;
#1120 = CARTESIAN_POINT ( 'NONE',  ( -1.258955049203112075, -5.421010862427522170E-17, 1.263883463541666030 ) ) ;
#1121 = CARTESIAN_POINT ( 'NONE',  ( 0.2695019763408006419, 0.4000000000000000222, 2.397082982618199853 ) ) ;
#1122 = CARTESIAN_POINT ( 'NONE',  ( -1.329254918167563915, 0.000000000000000000, 1.983916950799454515 ) ) ;
#1123 = CARTESIAN_POINT ( 'NONE',  ( -1.439245034712617777, 0.4000000000000000222, -1.601007994209397767 ) ) ;
#1124 = DIRECTION ( 'NONE',  ( 8.659560562354953812E-17, 0.7071067811865460184, -0.7071067811865490160 ) ) ;
#1125 = ORIENTED_EDGE ( 'NONE', *, *, #525, .F. ) ;
#1126 = CARTESIAN_POINT ( 'NONE',  ( -0.4769829693962543971, 0.000000000000000000, -0.2640619814006334165 ) ) ;
#1127 = CARTESIAN_POINT ( 'NONE',  ( 0.9768270938798540026, 0.4000000000000000222, 2.093884489684724404 ) ) ;
#1128 = EDGE_LOOP ( 'NONE', ( #2314, #2366, #1494, #1088 ) ) ;
#1129 = CARTESIAN_POINT ( 'NONE',  ( 1.444699437104998374, 0.000000000000000000, -1.341104260689882866 ) ) ;
#1130 = CARTESIAN_POINT ( 'NONE',  ( -1.366099700537232842, 0.4000000000000000222, 1.867524035424464657 ) ) ;
#1131 = EDGE_CURVE ( 'NONE', #1052, #1176, #1818, .T. ) ;
#1132 = CARTESIAN_POINT ( 'NONE',  ( -1.395715272017991504, 0.4000000000000000222, -1.307311278368958218 ) ) ;
#1133 = CARTESIAN_POINT ( 'NONE',  ( 1.503946301828022580, 0.4000000000000000222, -1.646012639064414973 ) ) ;
#1134 =( GEOMETRIC_REPRESENTATION_CONTEXT ( 3 ) GLOBAL_UNCERTAINTY_ASSIGNED_CONTEXT ( ( #1523 ) ) GLOBAL_UNIT_ASSIGNED_CONTEXT ( ( #2009, #520, #1626 ) ) REPRESENTATION_CONTEXT ( 'NONE', 'WORKASPACE' ) );
#1135 = EDGE_CURVE ( 'NONE', #1744, #343, #1623, .T. ) ;
#1136 = CARTESIAN_POINT ( 'NONE',  ( 1.106374762649301680, 0.4000000000000000222, 0.4135894621412644634 ) ) ;
#1137 = CARTESIAN_POINT ( 'NONE',  ( 0.000000000000000000, 23.00000000000000000, 0.000000000000000000 ) ) ;
#1138 = CARTESIAN_POINT ( 'NONE',  ( 1.248307550021295675, 0.000000000000000000, 0.7524701870438060824 ) ) ;
#1139 = VERTEX_POINT ( 'NONE', #1413 ) ;
#1140 = VECTOR ( 'NONE', #735, 1000.000000000000114 ) ;
#1141 = CARTESIAN_POINT ( 'NONE',  ( 1.183750037892273399, 0.4000000000000000222, 1.831780781803811209 ) ) ;
#1142 = CARTESIAN_POINT ( 'NONE',  ( 1.311953156913807206, 0.000000000000000000, 1.278882927988088891 ) ) ;
#1143 = ORIENTED_EDGE ( 'NONE', *, *, #2362, .T. ) ;
#1144 = CARTESIAN_POINT ( 'NONE',  ( 1.472061145160846962, 0.4000000000000000222, -1.918250208072729057 ) ) ;
#1145 = CARTESIAN_POINT ( 'NONE',  ( 1.503684812302531482, 0.000000000000000000, -1.563773668370709968 ) ) ;
#1146 = CARTESIAN_POINT ( 'NONE',  ( -1.375911861346498455, 0.4000000000000000222, 1.754272849999809702 ) ) ;
#1147 = B_SPLINE_CURVE_WITH_KNOTS ( 'NONE', 3,
 ( #1459, #2229, #1622, #151, #2219, #871, #2382, #881, #719, #530, #1287 ),
 .UNSPECIFIED., .F., .F.,
 ( 4, 1, 1, 1, 1, 1, 1, 1, 4 ),
 ( 0.000000000000000000, 0.06071160275442197968, 0.1222801775438647764, 0.1957270468438817579, 0.2889148096347177730, 0.4132486554527929901, 0.5726378294203248176, 0.7672996532708792339, 1.000000000000000000 ),
 .UNSPECIFIED. ) ;
#1148 = CARTESIAN_POINT ( 'NONE',  ( -0.3736820135121893816, 0.4000000000000000222, -0.1511850886402051064 ) ) ;
#1149 = CARTESIAN_POINT ( 'NONE',  ( -0.04899825052498202327, 0.000000000000000000, 2.415842333026959832 ) ) ;
#1150 = CARTESIAN_POINT ( 'NONE',  ( 1.280552537173535121, 0.4000000000000000222, 0.8929424609810279190 ) ) ;
#1151 = CARTESIAN_POINT ( 'NONE',  ( -1.238197206551705731, 0.4000000000000000222, -1.082141795552072905 ) ) ;
#1152 = EDGE_CURVE ( 'NONE', #1778, #516, #2358, .T. ) ;
#1153 = CARTESIAN_POINT ( 'NONE',  ( 5.021051876504148371E-16, 20.00000000000000000, -3.850000000000000977 ) ) ;
#1154 = EDGE_LOOP ( 'NONE', ( #1113, #150, #804, #134 ) ) ;
#1155 = CARTESIAN_POINT ( 'NONE',  ( 1.495832603499797964, 0.4000000000000000222, -1.805869400753204124 ) ) ;
#1156 = CARTESIAN_POINT ( 'NONE',  ( -0.05651355770865753442, 0.4000000000000000222, 0.2617460003042441086 ) ) ;
#1157 = CARTESIAN_POINT ( 'NONE',  ( 1.386659483808899918, 0.000000000000000000, -1.298798843257643609 ) ) ;
#1158 = CARTESIAN_POINT ( 'NONE',  ( 1.444699437104998374, 0.000000000000000000, -1.341104260689882866 ) ) ;
#1159 = CARTESIAN_POINT ( 'NONE',  ( 1.386659483808899918, 0.000000000000000000, -1.298798843257643609 ) ) ;
#1160 = CARTESIAN_POINT ( 'NONE',  ( 1.311129707782956011, -0.000000000000000000, 1.318608878799343076 ) ) ;
#1161 = CARTESIAN_POINT ( 'NONE',  ( -1.287866310602100883, -5.421010862427522170E-17, 1.266469453571901216 ) ) ;
#1162 = DIRECTION ( 'NONE',  ( 0.000000000000000000, 0.000000000000000000, 1.000000000000000000 ) ) ;
#1163 = CARTESIAN_POINT ( 'NONE',  ( 0.4841614837756813006, 0.4000000000000000222, -0.4279992094384541534 ) ) ;
#1164 = ORIENTED_EDGE ( 'NONE', *, *, #667, .T. ) ;
#1165 = B_SPLINE_CURVE_WITH_KNOTS ( 'NONE', 3,
 ( #852, #426, #992, #67, #2110, #1553, #413, #1577, #2125, #1937, #53, #812, #1564, #640, #1362 ),
 .UNSPECIFIED., .F., .F.,
 ( 4, 1, 1, 1, 1, 1, 1, 1, 1, 1, 1, 1, 4 ),
 ( 0.000000000000000000, 0.09632968593450158545, 0.1870449049149951193, 0.2737923683049425794, 0.3557765738543074985, 0.5083857306672145970, 0.6456829527214201780, 0.7659903311154179217, 0.8681627770293165458, 0.9104770572793997596, 0.9459223180760689687, 0.9757420056829014809, 1.000000000000000000 ),
 .UNSPECIFIED. ) ;
#1166 = CARTESIAN_POINT ( 'NONE',  ( 0.7845709959655736698, 0.4000000000000000222, 2.230714038065635396 ) ) ;
#1167 = ORIENTED_EDGE ( 'NONE', *, *, #1207, .T. ) ;
#1168 = CARTESIAN_POINT ( 'NONE',  ( -0.1211750158373710862, -5.421010862427522170E-17, 0.1659767382961744031 ) ) ;
#1169 = CARTESIAN_POINT ( 'NONE',  ( -1.379494230206715244, 0.4000000000000000222, -1.935892980519779982 ) ) ;
#1170 = CARTESIAN_POINT ( 'NONE',  ( -1.258955049203112075, 0.000000000000000000, 1.263883463541666030 ) ) ;
#1171 = CARTESIAN_POINT ( 'NONE',  ( 1.311953156913807206, 0.4000000000000000222, 1.278882927988088891 ) ) ;
#1172 = DIRECTION ( 'NONE',  ( 0.000000000000000000, 0.000000000000000000, 1.000000000000000000 ) ) ;
#1173 = DIRECTION ( 'NONE',  ( 0.000000000000000000, -1.000000000000000000, 0.000000000000000000 ) ) ;
#1174 = PRODUCT_DEFINITION_FORMATION_WITH_SPECIFIED_SOURCE ( 'ANY', '', #2221, .NOT_KNOWN. ) ;
#1175 = CARTESIAN_POINT ( 'NONE',  ( -1.395715272017991504, 0.000000000000000000, -1.307311278368958218 ) ) ;
#1176 = VERTEX_POINT ( 'NONE', #59 ) ;
#1177 = CIRCLE ( 'NONE', #980, 3.049999999999999822 ) ;
#1178 = DIRECTION ( 'NONE',  ( -0.000000000000000000, 1.000000000000000000, -0.000000000000000000 ) ) ;
#1179 = CARTESIAN_POINT ( 'NONE',  ( 1.375737129655474122, 0.4000000000000000222, -1.998896558831749992 ) ) ;
#1180 = DIRECTION ( 'NONE',  ( 0.000000000000000000, 0.000000000000000000, 1.000000000000000000 ) ) ;
#1181 = FACE_BOUND ( 'NONE', #190, .T. ) ;
#1182 = CARTESIAN_POINT ( 'NONE',  ( 0.1041210583095085601, -5.421010862427522170E-17, 0.5470348627418794019 ) ) ;
#1183 = CARTESIAN_POINT ( 'NONE',  ( -0.3736820135121893816, 0.4000000000000000222, -0.1511850886402051064 ) ) ;
#1184 = CARTESIAN_POINT ( 'NONE',  ( -0.9426492287229997213, 0.000000000000000000, 1.428835107791535775 ) ) ;
#1185 = CARTESIAN_POINT ( 'NONE',  ( 1.309510378798593555, 0.4000000000000000222, 1.396730745918821626 ) ) ;
#1186 = CARTESIAN_POINT ( 'NONE',  ( -1.275906435540452355, 0.4000000000000000222, -1.123330328232140518 ) ) ;
#1187 = ORIENTED_EDGE ( 'NONE', *, *, #1031, .F. ) ;
#1188 = CARTESIAN_POINT ( 'NONE',  ( -1.375950871885212035, 0.4000000000000000222, 1.684868432337941035 ) ) ;
#1189 = EDGE_LOOP ( 'NONE', ( #1164, #1212, #1675, #2341 ) ) ;
#1190 = DIRECTION ( 'NONE',  ( -0.6813675717312719371, 0.000000000000000000, -0.7319414130878439950 ) ) ;
#1191 = CARTESIAN_POINT ( 'NONE',  ( -0.4769829693962543971, 0.4000000000000000222, -0.2640619814006334165 ) ) ;
#1192 = CARTESIAN_POINT ( 'NONE',  ( -0.3299882178213081052, 0.4000000000000000222, 1.583872038398692172 ) ) ;
#1193 = FACE_OUTER_BOUND ( 'NONE', #869, .T. ) ;
#1194 = CARTESIAN_POINT ( 'NONE',  ( -1.181313286424234388, -0.000000000000000000, -1.999513936705184847 ) ) ;
#1195 = CARTESIAN_POINT ( 'NONE',  ( -1.172462711261192503, 0.4000000000000000222, 1.292012095134142058 ) ) ;
#1196 = CARTESIAN_POINT ( 'NONE',  ( 0.7503322603136658442, 0.4000000000000000222, -0.1149420601866166097 ) ) ;
#1197 = CARTESIAN_POINT ( 'NONE',  ( 0.7503322603136658442, 0.000000000000000000, -0.1149420601866166097 ) ) ;
#1198 = ORIENTED_EDGE ( 'NONE', *, *, #844, .T. ) ;
#1199 = CARTESIAN_POINT ( 'NONE',  ( -1.439948586856617307, 0.4000000000000000222, -1.635013031803704608 ) ) ;
#1200 = ORIENTED_EDGE ( 'NONE', *, *, #1433, .T. ) ;
#1201 = CARTESIAN_POINT ( 'NONE',  ( -0.3519874323427286678, 0.4000000000000000222, -1.296025135314542664 ) ) ;
#1202 = CARTESIAN_POINT ( 'NONE',  ( 1.503855039287026685, 0.4000000000000000222, -1.617310390206483151 ) ) ;
#1203 = CARTESIAN_POINT ( 'NONE',  ( -1.275906435540452355, 0.000000000000000000, -1.123330328232140518 ) ) ;
#1204 = CARTESIAN_POINT ( 'NONE',  ( 1.311129707782956011, 0.4000000000000000222, 1.318608878799343076 ) ) ;
#1205 = B_SPLINE_CURVE_WITH_KNOTS ( 'NONE', 3,
 ( #1942, #243, #2334, #634, #1386, #2143, #443, #1771, #72, #833, #2346 ),
 .UNSPECIFIED., .F., .F.,
 ( 4, 1, 1, 1, 1, 1, 1, 1, 4 ),
 ( 0.000000000000000000, 0.2125596540086788777, 0.3924160409346733047, 0.5423671396236803277, 0.6647240662839135616, 0.7640366431311232942, 0.8467837279931033079, 0.9226662726103702639, 1.000000000000000000 ),
 .UNSPECIFIED. ) ;
#1206 = CARTESIAN_POINT ( 'NONE',  ( 0.2222206887140679710, -0.000000000000000000, 1.114393803371186653 ) ) ;
#1207 = EDGE_CURVE ( 'NONE', #1988, #31, #2142, .T. ) ;
#1208 = CARTESIAN_POINT ( 'NONE',  ( -1.122366571513130129, 0.4000000000000000222, 1.325003869575238191 ) ) ;
#1209 = CARTESIAN_POINT ( 'NONE',  ( -1.329254918167563915, 0.000000000000000000, 1.983916950799454515 ) ) ;
#1210 = EDGE_CURVE ( 'NONE', #2423, #1545, #1765, .T. ) ;
#1211 = DIRECTION ( 'NONE',  ( 0.000000000000000000, 0.000000000000000000, -1.000000000000000000 ) ) ;
#1212 = ORIENTED_EDGE ( 'NONE', *, *, #1477, .F. ) ;
#1213 = CARTESIAN_POINT ( 'NONE',  ( 5.327213576290986242E-16, 20.50000000000001066, 4.349999999999999645 ) ) ;
#1214 = ORIENTED_EDGE ( 'NONE', *, *, #1226, .T. ) ;
#1215 = AXIS2_PLACEMENT_3D ( 'NONE', #865, #1076, #1826 ) ;
#1216 = CARTESIAN_POINT ( 'NONE',  ( -1.217956513049555545, 0.000000000000000000, -1.060033561357485832 ) ) ;
#1217 = VECTOR ( 'NONE', #1627, 1000.000000000000000 ) ;
#1218 = DIRECTION ( 'NONE',  ( 0.000000000000000000, -1.000000000000000000, -0.000000000000000000 ) ) ;
#1219 = CARTESIAN_POINT ( 'NONE',  ( -0.04899825052498202327, 0.4000000000000000222, 2.415842333026959832 ) ) ;
#1220 = CARTESIAN_POINT ( 'NONE',  ( 1.495116282519875162, 0.4000000000000000222, -1.490023895319741776 ) ) ;
#1221 = CARTESIAN_POINT ( 'NONE',  ( 1.364951264624502114, 0.4000000000000000222, -2.000000000000000000 ) ) ;
#1222 = DIRECTION ( 'NONE',  ( -1.000000000000000000, 0.000000000000000000, -0.000000000000000000 ) ) ;
#1223 = CARTESIAN_POINT ( 'NONE',  ( -0.9798266790455851805, 0.000000000000000000, 2.223031824672335066 ) ) ;
#1224 = CARTESIAN_POINT ( 'NONE',  ( -0.3299882178213081052, 0.4000000000000000222, 1.583872038398692172 ) ) ;
#1225 = EDGE_LOOP ( 'NONE', ( #91, #1481, #1639, #1618 ) ) ;
#1226 = EDGE_CURVE ( 'NONE', #1406, #516, #488, .T. ) ;
#1227 = CARTESIAN_POINT ( 'NONE',  ( 0.008353365146479420356, 0.4000000000000000222, 1.503649766048927416 ) ) ;
#1228 = ORIENTED_EDGE ( 'NONE', *, *, #1959, .T. ) ;
#1229 = CARTESIAN_POINT ( 'NONE',  ( -1.329254918167563915, 0.000000000000000000, 1.983916950799454515 ) ) ;
#1230 = CARTESIAN_POINT ( 'NONE',  ( 0.008353365146479420356, 0.000000000000000000, 1.503649766048927416 ) ) ;
#1231 = CARTESIAN_POINT ( 'NONE',  ( -1.325730063797660563, 0.000000000000000000, -1.184944158728525432 ) ) ;
#1232 = CARTESIAN_POINT ( 'NONE',  ( -1.375617812717186306, -0.000000000000000000, 1.648529507664816762 ) ) ;
#1233 = FILL_AREA_STYLE_COLOUR ( '', #2241 ) ;
#1234 = CARTESIAN_POINT ( 'NONE',  ( -1.345047237731310741, 0.000000000000000000, 1.948985947308060851 ) ) ;
#1235 = CARTESIAN_POINT ( 'NONE',  ( -0.1201124485347392218, 0.4000000000000000222, 2.414029236572682979 ) ) ;
#1236 = ORIENTED_EDGE ( 'NONE', *, *, #2312, .T. ) ;
#1237 = CARTESIAN_POINT ( 'NONE',  ( 1.427848022015438811, 0.000000000000000000, -1.983130150475330922 ) ) ;
#1238 = ORIENTED_EDGE ( 'NONE', *, *, #848, .T. ) ;
#1239 = B_SPLINE_SURFACE_WITH_KNOTS ( 'NONE', 3, 1, ( 
 ( #2208, #684 ),
 ( #2393, #1274 ),
 ( #2028, #1089 ),
 ( #1264, #2017 ),
 ( #1103, #1841 ),
 ( #493, #315 ),
 ( #1252, #2427 ),
 ( #1081, #730 ),
 ( #2039, #1482 ),
 ( #907, #893 ),
 ( #140, #1654 ),
 ( #1519, #425 ),
 ( #1141, #376 ),
 ( #361, #1312 ),
 ( #627, #2327 ),
 ( #52, #1380 ),
 ( #1185, #1948 ),
 ( #2136, #1013 ),
 ( #191, #237 ) ),
 .UNSPECIFIED., .F., .F., .F.,
 ( 4, 1, 1, 1, 1, 1, 1, 1, 1, 1, 1, 1, 1, 1, 1, 1, 4 ),
 ( 2, 2 ),
 ( 0.000000000000000000, 0.08280625327774163158, 0.1605009570115931983, 0.2340416456983340221, 0.3030099687333678293, 0.3686634304020092734, 0.4308774826825809146, 0.4904959200961371280, 0.5479634544286922093, 0.6043743656829380084, 0.6590394930498949533, 0.7145373555973003610, 0.7700822341126956072, 0.8263718195790527021, 0.8832151728887061015, 0.9406134483418242542, 1.000000000000000000 ),
 ( 0.000000000000000000, 1.000000000000000000 ),
 .UNSPECIFIED. ) ;
#1240 = PLANE ( 'NONE',  #584 ) ;
#1241 = CYLINDRICAL_SURFACE ( 'NONE', #817, 5.049999999999999822 ) ;
#1242 = CARTESIAN_POINT ( 'NONE',  ( -0.1201124485347392218, 0.4000000000000000222, 2.414029236572682979 ) ) ;
#1243 = EDGE_CURVE ( 'NONE', #2062, #277, #1376, .T. ) ;
#1244 = CARTESIAN_POINT ( 'NONE',  ( -1.366099700537232842, 0.4000000000000000222, 1.867524035424464657 ) ) ;
#1245 = LINE ( 'NONE', #2185, #780 ) ;
#1246 = CARTESIAN_POINT ( 'NONE',  ( -1.375911861346498455, 0.4000000000000000222, 1.754272849999809702 ) ) ;
#1247 = LINE ( 'NONE', #1997, #2162 ) ;
#1248 = ORIENTED_EDGE ( 'NONE', *, *, #246, .F. ) ;
#1249 = B_SPLINE_SURFACE_WITH_KNOTS ( 'NONE', 3, 1, ( 
 ( #882, #2194 ),
 ( #1082, #919 ),
 ( #152, #1436 ),
 ( #531, #731 ),
 ( #1460, #1448 ),
 ( #494, #2052 ),
 ( #518, #1471 ),
 ( #2417, #1115 ),
 ( #2006, #2230 ),
 ( #1864, #1483 ),
 ( #545, #1302 ) ),
 .UNSPECIFIED., .F., .F., .F.,
 ( 4, 1, 1, 1, 1, 1, 1, 1, 4 ),
 ( 2, 2 ),
 ( 0.000000000000000000, 0.2125596540086788777, 0.3924160409346733047, 0.5423671396236803277, 0.6647240662839135616, 0.7640366431311232942, 0.8467837279931033079, 0.9226662726103702639, 1.000000000000000000 ),
 ( 0.000000000000000000, 1.000000000000000000 ),
 .UNSPECIFIED. ) ;
#1250 = CARTESIAN_POINT ( 'NONE',  ( 0.2078859428767765027, 0.4000000000000000222, -0.7185976322610792000 ) ) ;
#1251 = ORIENTED_EDGE ( 'NONE', *, *, #1300, .T. ) ;
#1252 = CARTESIAN_POINT ( 'NONE',  ( 0.6715970288145020062, 0.4000000000000000222, 2.285498208758889760 ) ) ;
#1253 = LINE ( 'NONE', #316, #703 ) ;
#1254 = CARTESIAN_POINT ( 'NONE',  ( -1.375911861346498455, 0.4000000000000000222, 1.754272849999809702 ) ) ;
#1255 = ADVANCED_FACE ( 'NONE', ( #483 ), #1449, .F. ) ;
#1256 = SURFACE_SIDE_STYLE ('',( #1833 ) ) ;
#1257 = CIRCLE ( 'NONE', #181, 5.049999999999999822 ) ;
#1258 = CARTESIAN_POINT ( 'NONE',  ( 1.375737129655474122, 0.4000000000000000222, -1.998896558831749992 ) ) ;
#1259 = DIRECTION ( 'NONE',  ( -0.000000000000000000, -1.000000000000000000, -0.000000000000000000 ) ) ;
#1260 = EDGE_LOOP ( 'NONE', ( #1248, #321, #80, #1532 ) ) ;
#1261 = DIRECTION ( 'NONE',  ( 0.000000000000000000, 0.000000000000000000, 1.000000000000000000 ) ) ;
#1262 = ORIENTED_EDGE ( 'NONE', *, *, #296, .F. ) ;
#1263 = B_SPLINE_CURVE_WITH_KNOTS ( 'NONE', 3,
 ( #385, #1194, #761, #2310, #2084, #1356, #588, #235, #49, #2273, #625 ),
 .UNSPECIFIED., .F., .F.,
 ( 4, 1, 1, 1, 1, 1, 1, 1, 4 ),
 ( 0.000000000000000000, 0.1282437271512832377, 0.2395809738902378305, 0.3364525062807825484, 0.4287911537071141810, 0.5298768099994627390, 0.6526073843651681861, 0.8076714221256795501, 1.000000000000000000 ),
 .UNSPECIFIED. ) ;
#1264 = CARTESIAN_POINT ( 'NONE',  ( 0.2695019763408006419, 0.4000000000000000222, 2.397082982618199853 ) ) ;
#1265 = DIRECTION ( 'NONE',  ( 0.000000000000000000, -1.000000000000000000, 0.000000000000000000 ) ) ;
#1266 = CARTESIAN_POINT ( 'NONE',  ( -0.04899825052498202327, 0.4000000000000000222, 2.415842333026959832 ) ) ;
#1267 = CARTESIAN_POINT ( 'NONE',  ( 1.487293187973200315, 0.000000000000000000, -1.868599811998180371 ) ) ;
#1268 = CARTESIAN_POINT ( 'NONE',  ( -0.2035937903802550741, 0.4000000000000000222, 1.579115128108499633 ) ) ;
#1269 = CARTESIAN_POINT ( 'NONE',  ( -1.207017469783062014, 0.4000000000000000222, 2.102610931541303074 ) ) ;
#1270 = CARTESIAN_POINT ( 'NONE',  ( -0.5996652218306767201, 0.000000000000000000, 1.557205822608034529 ) ) ;
#1271 = VERTEX_POINT ( 'NONE', #1387 ) ;
#1272 = CARTESIAN_POINT ( 'NONE',  ( 1.311953156913807206, 0.000000000000000000, 1.278882927988088891 ) ) ;
#1273 = ORIENTED_EDGE ( 'NONE', *, *, #1210, .T. ) ;
#1274 = CARTESIAN_POINT ( 'NONE',  ( 0.006376737389871830509, 0.000000000000000000, 2.415033436609635764 ) ) ;
#1275 = CARTESIAN_POINT ( 'NONE',  ( 0.2239920023999184828, 0.4000000000000000222, 1.080889997295304328 ) ) ;
#1276 = CARTESIAN_POINT ( 'NONE',  ( -1.163511995256536924, 0.000000000000000000, 2.130041563187643039 ) ) ;
#1277 = CARTESIAN_POINT ( 'NONE',  ( -0.5148740869149124322, 0.000000000000000000, 1.573403740109329263 ) ) ;
#1278 = B_SPLINE_CURVE_WITH_KNOTS ( 'NONE', 3,
 ( #1405, #1004, #1974, #1358, #1368, #2328, #828, #2340, #1962, #2365, #1949, #1197, #276, #264, #839, #2137, #41 ),
 .UNSPECIFIED., .F., .F.,
 ( 4, 1, 1, 1, 1, 1, 1, 1, 1, 1, 1, 1, 1, 1, 4 ),
 ( 0.000000000000000000, 0.08676398741854557395, 0.1730825210102859002, 0.2174161023636817236, 0.2641758710344836447, 0.3142881637312707199, 0.3679258763677660249, 0.4254958286875710760, 0.4882803729081047761, 0.5560840280760110943, 0.6290356780713680651, 0.7087123511461398406, 0.7971966633485703113, 0.8942658614569144460, 1.000000000000000000 ),
 .UNSPECIFIED. ) ;
#1279 = CARTESIAN_POINT ( 'NONE',  ( -0.1946035097839349526, 0.4000000000000000222, 0.06536146041877405333 ) ) ;
#1280 = EDGE_CURVE ( 'NONE', #769, #1717, #1697, .T. ) ;
#1281 = CARTESIAN_POINT ( 'NONE',  ( -1.325730063797660563, 0.4000000000000000222, -1.184944158728525432 ) ) ;
#1282 = VERTEX_POINT ( 'NONE', #1645 ) ;
#1283 = CARTESIAN_POINT ( 'NONE',  ( -1.418165093985374936, 0.000000000000000000, -1.374786106084850301 ) ) ;
#1284 = EDGE_CURVE ( 'NONE', #2126, #2027, #1253, .T. ) ;
#1285 = CARTESIAN_POINT ( 'NONE',  ( -0.1211750158373710862, 0.4000000000000000222, 0.1659767382961744031 ) ) ;
#1286 = ORIENTED_EDGE ( 'NONE', *, *, #1226, .F. ) ;
#1287 = CARTESIAN_POINT ( 'NONE',  ( -1.375950871885212035, 0.000000000000000000, 1.684868432337941035 ) ) ;
#1288 = DIRECTION ( 'NONE',  ( 0.000000000000000000, -1.000000000000000000, 0.000000000000000000 ) ) ;
#1289 = CARTESIAN_POINT ( 'NONE',  ( -0.6543141702976762453, 0.000000000000000000, 2.333995034671359381 ) ) ;
#1290 = CARTESIAN_POINT ( 'NONE',  ( 0.008353365146479420356, 0.000000000000000000, 1.503649766048927416 ) ) ;
#1291 = VECTOR ( 'NONE', #337, 1000.000000000000000 ) ;
#1292 = B_SPLINE_CURVE_WITH_KNOTS ( 'NONE', 3,
 ( #1329, #2440, #1157, #1363, #1129, #382, #2117, #366, #772, #1894, #1917 ),
 .UNSPECIFIED., .F., .F.,
 ( 4, 1, 1, 1, 1, 1, 1, 1, 4 ),
 ( 0.000000000000000000, 0.07750016113402444229, 0.1556257787625622002, 0.2436747312468897086, 0.3446290407118454691, 0.4672959835762097169, 0.6160571621708931245, 0.7941595506651271119, 0.9999999999999998890 ),
 .UNSPECIFIED. ) ;
#1293 = CARTESIAN_POINT ( 'NONE',  ( -1.275906435540452355, 0.4000000000000000222, -1.123330328232140518 ) ) ;
#1294 = VECTOR ( 'NONE', #1304, 1000.000000000000000 ) ;
#1295 = CARTESIAN_POINT ( 'NONE',  ( -0.3299882178213081052, 0.000000000000000000, 1.583872038398692172 ) ) ;
#1296 = ORIENTED_EDGE ( 'NONE', *, *, #889, .T. ) ;
#1297 = CARTESIAN_POINT ( 'NONE',  ( 1.106374762649301680, 0.000000000000000000, 0.4135894621412644634 ) ) ;
#1298 = CARTESIAN_POINT ( 'NONE',  ( 0.1479947158713745825, 0.4000000000000000222, -0.7800435583575880960 ) ) ;
#1299 = EDGE_LOOP ( 'NONE', ( #1830, #441, #363, #1469 ) ) ;
#1300 = EDGE_CURVE ( 'NONE', #1068, #1052, #1786, .T. ) ;
#1301 = CARTESIAN_POINT ( 'NONE',  ( 0.2078859428767765027, 0.4000000000000000222, -0.7185976322610792000 ) ) ;
#1302 = CARTESIAN_POINT ( 'NONE',  ( 1.364951264624502114, 0.000000000000000000, -2.000000000000000000 ) ) ;
#1303 = CARTESIAN_POINT ( 'NONE',  ( 1.503796634493013151, -0.000000000000000000, -1.675709231433726742 ) ) ;
#1304 = DIRECTION ( 'NONE',  ( -1.000000000000000000, 0.000000000000000000, 0.000000000000000000 ) ) ;
#1305 = CARTESIAN_POINT ( 'NONE',  ( -1.313745240989664387, -5.421010862427522170E-17, 1.284987712655410785 ) ) ;
#1306 = CARTESIAN_POINT ( 'NONE',  ( -0.4241728077018487864, 0.000000000000000000, 1.582209663157773116 ) ) ;
#1307 = CARTESIAN_POINT ( 'NONE',  ( -1.375937001651095670, -0.000000000000000000, 1.709545239001569072 ) ) ;
#1308 = LINE ( 'NONE', #2445, #944 ) ;
#1309 = DIRECTION ( 'NONE',  ( -0.000000000000000000, 1.000000000000000000, -0.000000000000000000 ) ) ;
#1310 = ORIENTED_EDGE ( 'NONE', *, *, #1101, .T. ) ;
#1311 = EDGE_CURVE ( 'NONE', #1397, #2189, #2018, .T. ) ;
#1312 = CARTESIAN_POINT ( 'NONE',  ( 1.231167287517722198, 0.000000000000000000, 1.730209237946816803 ) ) ;
#1313 = CARTESIAN_POINT ( 'NONE',  ( 0.2695019763408006419, 0.4000000000000000222, 2.397082982618199853 ) ) ;
#1314 = PRODUCT_CONTEXT ( 'NONE', #1499, 'mechanical' ) ;
#1315 = EDGE_CURVE ( 'NONE', #1661, #1632, #685, .T. ) ;
#1316 = DIRECTION ( 'NONE',  ( 0.000000000000000000, 0.000000000000000000, 1.000000000000000000 ) ) ;
#1317 = CARTESIAN_POINT ( 'NONE',  ( 1.495116282519875162, 0.4000000000000000222, -1.490023895319741776 ) ) ;
#1318 = CARTESIAN_POINT ( 'NONE',  ( -1.375006138128043842, 0.4000000000000000222, 1.581791825735552326 ) ) ;
#1319 = CARTESIAN_POINT ( 'NONE',  ( -1.395715272017991504, 0.4000000000000000222, -1.307311278368958218 ) ) ;
#1320 = CARTESIAN_POINT ( 'NONE',  ( -1.348244131697871717, 0.4000000000000000222, 1.358394833554781522 ) ) ;
#1321 = FACE_OUTER_BOUND ( 'NONE', #1054, .T. ) ;
#1322 = CARTESIAN_POINT ( 'NONE',  ( -1.439948586856617307, 0.4000000000000000222, -1.635013031803704608 ) ) ;
#1323 = ORIENTED_EDGE ( 'NONE', *, *, #2362, .F. ) ;
#1324 = LINE ( 'NONE', #555, #938 ) ;
#1325 = CARTESIAN_POINT ( 'NONE',  ( 0.8860482839845158498, 0.4000000000000000222, 2.166433060145051215 ) ) ;
#1326 = ORIENTED_EDGE ( 'NONE', *, *, #2160, .T. ) ;
#1327 = EDGE_CURVE ( 'NONE', #880, #1139, #326, .T. ) ;
#1328 = FACE_OUTER_BOUND ( 'NONE', #1950, .T. ) ;
#1329 = CARTESIAN_POINT ( 'NONE',  ( 1.353951657363791750, 0.000000000000000000, -1.296025135314542664 ) ) ;
#1330 = FACE_OUTER_BOUND ( 'NONE', #68, .T. ) ;
#1331 = LINE ( 'NONE', #2454, #1140 ) ;
#1332 = CARTESIAN_POINT ( 'NONE',  ( -0.4769829693962543971, 0.4000000000000000222, -0.2640619814006334165 ) ) ;
#1333 = AXIS2_PLACEMENT_3D ( 'NONE', #1003, #827, #162 ) ;
#1334 = CARTESIAN_POINT ( 'NONE',  ( -1.369532054084340977, -5.421010862427522170E-17, 1.490259328810275896 ) ) ;
#1335 = CARTESIAN_POINT ( 'NONE',  ( -0.8190788802959969583, 0.4000000000000000222, 1.486687777024460866 ) ) ;
#1336 = CARTESIAN_POINT ( 'NONE',  ( -1.439245034712617777, 0.000000000000000000, -1.601007994209397767 ) ) ;
#1337 = ORIENTED_EDGE ( 'NONE', *, *, #924, .F. ) ;
#1338 = FACE_OUTER_BOUND ( 'NONE', #1806, .T. ) ;
#1339 = DIRECTION ( 'NONE',  ( -0.7181532753840030869, 0.000000000000000000, 0.6958849567674447734 ) ) ;
#1340 = ORIENTED_EDGE ( 'NONE', *, *, #51, .T. ) ;
#1341 = CARTESIAN_POINT ( 'NONE',  ( -1.181313286424234388, 0.4000000000000000222, -1.999513936705184847 ) ) ;
#1342 = CARTESIAN_POINT ( 'NONE',  ( -1.224943687711999019, 0.4000000000000000222, -1.998605888256103302 ) ) ;
#1343 = CARTESIAN_POINT ( 'NONE',  ( 1.353951657363791750, 0.4000000000000000222, -1.296025135314542664 ) ) ;
#1344 = CARTESIAN_POINT ( 'NONE',  ( 0.04980576194691325315, -5.421010862427522170E-17, 0.4397597589361201265 ) ) ;
#1345 = CARTESIAN_POINT ( 'NONE',  ( -1.363372901273212978, 0.000000000000000000, -1.246306319270333640 ) ) ;
#1346 = ADVANCED_FACE ( 'NONE', ( #2242 ), #1249, .F. ) ;
#1347 = CARTESIAN_POINT ( 'NONE',  ( -1.287866310602100883, 0.4000000000000000222, 1.266469453571901216 ) ) ;
#1348 = CARTESIAN_POINT ( 'NONE',  ( -1.205137877504947941, 0.000000000000000000, 1.277565428198685016 ) ) ;
#1349 = LINE ( 'NONE', #345, #2439 ) ;
#1350 = EDGE_LOOP ( 'NONE', ( #2317, #613, #902, #33 ) ) ;
#1351 = CARTESIAN_POINT ( 'NONE',  ( 1.311953156913807206, 0.4000000000000000222, 1.278882927988088891 ) ) ;
#1352 = CARTESIAN_POINT ( 'NONE',  ( -0.2785993704347727307, 0.4000000000000000222, -0.04043513865777748767 ) ) ;
#1353 = CARTESIAN_POINT ( 'NONE',  ( 0.000000000000000000, 0.000000000000000000, 0.000000000000000000 ) ) ;
#1354 = CARTESIAN_POINT ( 'NONE',  ( 1.364825015433529076, 0.000000000000000000, -1.296947224090353901 ) ) ;
#1355 = CARTESIAN_POINT ( 'NONE',  ( 0.1137084690288938243, 0.4000000000000000222, 2.413465576164745663 ) ) ;
#1356 = CARTESIAN_POINT ( 'NONE',  ( -1.379494230206715244, 0.000000000000000000, -1.935892980519779982 ) ) ;
#1357 = CARTESIAN_POINT ( 'NONE',  ( 0.8860482839845158498, 0.000000000000000000, 2.166433060145051215 ) ) ;
#1358 = CARTESIAN_POINT ( 'NONE',  ( 1.280552537173535121, 0.000000000000000000, 0.8929424609810279190 ) ) ;
#1359 = EDGE_LOOP ( 'NONE', ( #671, #2180, #2050, #829 ) ) ;
#1360 = ADVANCED_FACE ( 'NONE', ( #932 ), #2383, .T. ) ;
#1361 = PLANE ( 'NONE',  #421 ) ;
#1362 = CARTESIAN_POINT ( 'NONE',  ( -1.258955049203112075, 0.000000000000000000, 1.263883463541666030 ) ) ;
#1363 = CARTESIAN_POINT ( 'NONE',  ( 1.416925115273658609, 0.000000000000000000, -1.315800150317865347 ) ) ;
#1364 = CARTESIAN_POINT ( 'NONE',  ( 1.386659483808899918, 0.000000000000000000, -1.298798843257643609 ) ) ;
#1365 = CARTESIAN_POINT ( 'NONE',  ( -0.0001099017923228263300, 0.4000000000000000222, 0.3529850787482262664 ) ) ;
#1366 = CARTESIAN_POINT ( 'NONE',  ( 1.309510378798593555, 0.000000000000000000, 1.396730745918821626 ) ) ;
#1367 = CARTESIAN_POINT ( 'NONE',  ( 1.311129707782956011, -0.000000000000000000, 1.318608878799343076 ) ) ;
#1368 = CARTESIAN_POINT ( 'NONE',  ( 1.248307550021295675, 0.000000000000000000, 0.7524701870438060824 ) ) ;
#1369 = EDGE_LOOP ( 'NONE', ( #1603, #492, #537, #1042 ) ) ;
#1370 = AXIS2_PLACEMENT_3D ( 'NONE', #2197, #2385, #497 ) ;
#1371 = CONICAL_SURFACE ( 'NONE', #260, 5.049999999999999822, 0.7853981633974504994 ) ;
#1372 = CARTESIAN_POINT ( 'NONE',  ( 0.2239920023999184828, 0.4000000000000000222, 1.080889997295304328 ) ) ;
#1373 = ORIENTED_EDGE ( 'NONE', *, *, #1077, .T. ) ;
#1374 = DIRECTION ( 'NONE',  ( 0.7319414130878441060, 0.000000000000000000, -0.6813675717312720481 ) ) ;
#1375 = CARTESIAN_POINT ( 'NONE',  ( -0.2035937903802550741, 0.4000000000000000222, 1.579115128108499633 ) ) ;
#1376 = LINE ( 'NONE', #1425, #819 ) ;
#1377 = CARTESIAN_POINT ( 'NONE',  ( 1.309510378798593555, 0.4000000000000000222, 1.396730745918821626 ) ) ;
#1378 = CARTESIAN_POINT ( 'NONE',  ( 1.311953156913807206, 0.4000000000000000222, 1.278882927988088891 ) ) ;
#1379 = LINE ( 'NONE', #1934, #1883 ) ;
#1380 = CARTESIAN_POINT ( 'NONE',  ( 1.292559641758807665, 0.000000000000000000, 1.511830329124648875 ) ) ;
#1381 = CARTESIAN_POINT ( 'NONE',  ( 0.000000000000000000, 20.50000000000001066, 0.000000000000000000 ) ) ;
#1382 = ORIENTED_EDGE ( 'NONE', *, *, #1718, .T. ) ;
#1383 = CARTESIAN_POINT ( 'NONE',  ( -1.157958655263862990, 0.000000000000000000, -2.000000000000000000 ) ) ;
#1384 = ORIENTED_EDGE ( 'NONE', *, *, #1131, .T. ) ;
#1385 = LINE ( 'NONE', #2141, #1648 ) ;
#1386 = CARTESIAN_POINT ( 'NONE',  ( 1.487293187973200315, 0.000000000000000000, -1.868599811998180371 ) ) ;
#1387 = CARTESIAN_POINT ( 'NONE',  ( -0.3519874323427286678, 0.4000000000000000222, -1.296025135314542664 ) ) ;
#1388 = CARTESIAN_POINT ( 'NONE',  ( 0.2239920023999184828, -5.421010862427522170E-17, 1.080889997295304328 ) ) ;
#1389 = EDGE_CURVE ( 'NONE', #943, #205, #119, .T. ) ;
#1390 = CARTESIAN_POINT ( 'NONE',  ( -1.375950871885212035, 0.4000000000000000222, 1.684868432337941035 ) ) ;
#1391 = CARTESIAN_POINT ( 'NONE',  ( -0.8190788802959969583, 0.4000000000000000222, 1.486687777024460866 ) ) ;
#1392 = CARTESIAN_POINT ( 'NONE',  ( -1.357104508504098472, 0.000000000000000000, 1.911433051327473986 ) ) ;
#1393 = B_SPLINE_CURVE_WITH_KNOTS ( 'NONE', 3,
 ( #727, #1702, #1850, #148, #1887, #187, #1335, #357, #344, #575, #915, #967, #1687, #1872, #1860 ),
 .UNSPECIFIED., .F., .F.,
 ( 4, 1, 1, 1, 1, 1, 1, 1, 1, 1, 1, 1, 4 ),
 ( 0.000000000000000000, 0.09632968593450158545, 0.1870449049149951193, 0.2737923683049425794, 0.3557765738543074985, 0.5083857306672145970, 0.6456829527214201780, 0.7659903311154179217, 0.8681627770293165458, 0.9104770572793997596, 0.9459223180760689687, 0.9757420056829014809, 1.000000000000000000 ),
 .UNSPECIFIED. ) ;
#1394 = CARTESIAN_POINT ( 'NONE',  ( -1.395715272017991504, 0.4000000000000000222, -1.307311278368958218 ) ) ;
#1395 = EDGE_LOOP ( 'NONE', ( #629, #1432, #1102, #641 ) ) ;
#1396 = CARTESIAN_POINT ( 'NONE',  ( 0.2187117665654125798, 0.4000000000000000222, 1.180763892499397061 ) ) ;
#1397 = VERTEX_POINT ( 'NONE', #894 ) ;
#1398 = CARTESIAN_POINT ( 'NONE',  ( -0.2603227834559417864, 0.000000000000000000, 2.410454495266260544 ) ) ;
#1399 = FACE_OUTER_BOUND ( 'NONE', #1852, .T. ) ;
#1400 = CARTESIAN_POINT ( 'NONE',  ( -1.337523452978791161, 0.4000000000000000222, -1.969798779054436455 ) ) ;
#1401 = CARTESIAN_POINT ( 'NONE',  ( 1.503855039287026685, 0.000000000000000000, -1.617310390206483151 ) ) ;
#1402 = DIRECTION ( 'NONE',  ( -0.000000000000000000, 1.000000000000000000, -0.000000000000000000 ) ) ;
#1403 = PLANE ( 'NONE',  #823 ) ;
#1404 = CARTESIAN_POINT ( 'NONE',  ( -1.329254918167563915, 0.4000000000000000222, 1.983916950799454515 ) ) ;
#1405 = CARTESIAN_POINT ( 'NONE',  ( 1.311953156913807206, 0.000000000000000000, 1.278882927988088891 ) ) ;
#1406 = VERTEX_POINT ( 'NONE', #2394 ) ;
#1407 = CARTESIAN_POINT ( 'NONE',  ( -1.224943687711999019, 0.4000000000000000222, -1.998605888256103302 ) ) ;
#1408 = ORIENTED_EDGE ( 'NONE', *, *, #2418, .T. ) ;
#1409 = VECTOR ( 'NONE', #1813, 1000.000000000000000 ) ;
#1410 = DIRECTION ( 'NONE',  ( 1.000000000000000000, 0.000000000000000000, 0.000000000000000000 ) ) ;
#1411 = VECTOR ( 'NONE', #1904, 1000.000000000000114 ) ;
#1412 = CARTESIAN_POINT ( 'NONE',  ( 1.444699437104998374, 0.4000000000000000222, -1.341104260689882866 ) ) ;
#1413 = CARTESIAN_POINT ( 'NONE',  ( 0.1479947158713745825, 0.000000000000000000, -0.7800435583575880960 ) ) ;
#1414 = CARTESIAN_POINT ( 'NONE',  ( 1.353951657363791750, 0.4000000000000000222, -1.296025135314542664 ) ) ;
#1415 = CARTESIAN_POINT ( 'NONE',  ( 0.2239920023999184828, 0.000000000000000000, 1.080889997295304328 ) ) ;
#1416 = CARTESIAN_POINT ( 'NONE',  ( 5.327213576290986242E-16, 23.00000000000000000, 4.349999999999999645 ) ) ;
#1417 = EDGE_CURVE ( 'NONE', #277, #466, #696, .T. ) ;
#1418 = CARTESIAN_POINT ( 'NONE',  ( 1.364951264624502114, 0.4000000000000000222, -2.000000000000000000 ) ) ;
#1419 = ORIENTED_EDGE ( 'NONE', *, *, #878, .T. ) ;
#1420 = ADVANCED_FACE ( 'NONE', ( #711 ), #1074, .T. ) ;
#1421 = CARTESIAN_POINT ( 'NONE',  ( 1.397106460815331186, 0.000000000000000000, -1.996710382788193128 ) ) ;
#1422 = ORIENTED_EDGE ( 'NONE', *, *, #214, .T. ) ;
#1423 = CARTESIAN_POINT ( 'NONE',  ( 1.353951657363791750, 0.000000000000000000, -1.296025135314542664 ) ) ;
#1424 = CARTESIAN_POINT ( 'NONE',  ( -0.08904801796822529869, 0.000000000000000000, 1.549215472332171384 ) ) ;
#1425 = CARTESIAN_POINT ( 'NONE',  ( -1.217956513049555545, 0.4000000000000000222, -1.060033561357485832 ) ) ;
#1426 = CARTESIAN_POINT ( 'NONE',  ( 0.000000000000000000, 20.00000000000000000, 0.000000000000000000 ) ) ;
#1427 = CARTESIAN_POINT ( 'NONE',  ( -1.357104508504098472, 0.000000000000000000, 1.911433051327473986 ) ) ;
#1428 = CARTESIAN_POINT ( 'NONE',  ( -0.9798266790455851805, 0.4000000000000000222, 2.223031824672335066 ) ) ;
#1429 = ORIENTED_EDGE ( 'NONE', *, *, #2211, .F. ) ;
#1430 = ADVANCED_FACE ( 'NONE', ( #1533 ), #1371, .T. ) ;
#1431 = CARTESIAN_POINT ( 'NONE',  ( 0.3227602950983564090, 0.4000000000000000222, -0.6007412898562914938 ) ) ;
#1432 = ORIENTED_EDGE ( 'NONE', *, *, #1311, .F. ) ;
#1433 = EDGE_CURVE ( 'NONE', #2038, #1406, #1891, .T. ) ;
#1434 = CARTESIAN_POINT ( 'NONE',  ( -1.303909620551843451, 0.000000000000000000, 2.018746991594490670 ) ) ;
#1435 = CARTESIAN_POINT ( 'NONE',  ( -1.375950871885212035, 0.4000000000000000222, 1.684868432337941035 ) ) ;
#1436 = CARTESIAN_POINT ( 'NONE',  ( 1.503520326821477404, 0.000000000000000000, -1.730533460712629923 ) ) ;
#1437 = CARTESIAN_POINT ( 'NONE',  ( -1.287866310602100883, 0.000000000000000000, 1.266469453571901216 ) ) ;
#1438 = CARTESIAN_POINT ( 'NONE',  ( 1.503520326821477404, 0.000000000000000000, -1.730533460712629923 ) ) ;
#1439 = SURFACE_STYLE_FILL_AREA ( #825 ) ;
#1440 = DIRECTION ( 'NONE',  ( 0.000000000000000000, 0.7071067811865460184, 0.7071067811865490160 ) ) ;
#1441 = LINE ( 'NONE', #2187, #135 ) ;
#1442 = ORIENTED_EDGE ( 'NONE', *, *, #1990, .T. ) ;
#1443 = LINE ( 'NONE', #541, #579 ) ;
#1444 = ORIENTED_EDGE ( 'NONE', *, *, #1616, .T. ) ;
#1445 = ADVANCED_FACE ( 'NONE', ( #1903 ), #1361, .T. ) ;
#1446 = FACE_OUTER_BOUND ( 'NONE', #1128, .T. ) ;
#1447 = VECTOR ( 'NONE', #304, 1000.000000000000000 ) ;
#1448 = CARTESIAN_POINT ( 'NONE',  ( 1.487293187973200315, 0.000000000000000000, -1.868599811998180371 ) ) ;
#1449 = CONICAL_SURFACE ( 'NONE', #623, 4.349999999999999645, 0.7853981633974361776 ) ;
#1450 = CARTESIAN_POINT ( 'NONE',  ( 1.311953156913807206, 0.4000000000000000222, 1.278882927988088891 ) ) ;
#1451 = CARTESIAN_POINT ( 'NONE',  ( -0.4769829693962543971, 0.000000000000000000, -0.2640619814006334165 ) ) ;
#1452 = CARTESIAN_POINT ( 'NONE',  ( -1.258955049203112075, 0.4000000000000000222, 1.263883463541666030 ) ) ;
#1453 = VECTOR ( 'NONE', #657, 1000.000000000000000 ) ;
#1454 = CARTESIAN_POINT ( 'NONE',  ( -1.207017469783062014, 0.000000000000000000, 2.102610931541303074 ) ) ;
#1455 = CARTESIAN_POINT ( 'NONE',  ( -1.232842043170191637, 0.000000000000000000, 1.265883101227063268 ) ) ;
#1456 = ORIENTED_EDGE ( 'NONE', *, *, #1001, .F. ) ;
#1457 = CARTESIAN_POINT ( 'NONE',  ( 0.2224805082088561203, 0.4000000000000000222, 1.039159601302749758 ) ) ;
#1458 = VERTEX_POINT ( 'NONE', #2438 ) ;
#1459 = CARTESIAN_POINT ( 'NONE',  ( -1.258955049203112075, 0.000000000000000000, 1.263883463541666030 ) ) ;
#1460 = CARTESIAN_POINT ( 'NONE',  ( 1.487293187973200315, 0.4000000000000000222, -1.868599811998180371 ) ) ;
#1461 = ADVANCED_FACE ( 'NONE', ( #2091 ), #172, .T. ) ;
#1462 = CARTESIAN_POINT ( 'NONE',  ( -1.089415302980122346, 0.000000000000000000, 2.169731560706411155 ) ) ;
#1463 = CARTESIAN_POINT ( 'NONE',  ( -0.3620051037949730821, 0.4000000000000000222, 1.583306934504292496 ) ) ;
#1464 = B_SPLINE_CURVE_WITH_KNOTS ( 'NONE', 3,
 ( #2199, #1882, #2032, #548, #1487, #1132, #1682, #184, #1293, #951, #1698 ),
 .UNSPECIFIED., .F., .F.,
 ( 4, 1, 1, 1, 1, 1, 1, 1, 4 ),
 ( 0.000000000000000000, 0.1599712788654227280, 0.2952365893011674181, 0.4133018671802116129, 0.5208786191783082442, 0.6281465213387974478, 0.7373219615724334597, 0.8590057180128242154, 0.9999999999999998890 ),
 .UNSPECIFIED. ) ;
#1465 = CARTESIAN_POINT ( 'NONE',  ( -1.333989673933361653, -5.421010862427522170E-17, 1.314859808654929907 ) ) ;
#1466 = CARTESIAN_POINT ( 'NONE',  ( -1.418165093985374936, 0.4000000000000000222, -1.374786106084850301 ) ) ;
#1467 = VERTEX_POINT ( 'NONE', #2128 ) ;
#1468 = CARTESIAN_POINT ( 'NONE',  ( 0.6262367992909766423, 0.4000000000000000222, -0.2662610192260099207 ) ) ;
#1469 = ORIENTED_EDGE ( 'NONE', *, *, #336, .T. ) ;
#1470 = DIRECTION ( 'NONE',  ( -0.000000000000000000, -1.000000000000000000, -0.000000000000000000 ) ) ;
#1471 = CARTESIAN_POINT ( 'NONE',  ( 1.454314250196435010, 0.000000000000000000, -1.957451391060876622 ) ) ;
#1472 = APPLICATION_PROTOCOL_DEFINITION ( 'draft international standard', 'automotive_design', 1998, #1499 ) ;
#1473 = CARTESIAN_POINT ( 'NONE',  ( -0.05651355770865753442, 0.000000000000000000, 0.2617460003042441086 ) ) ;
#1474 = CARTESIAN_POINT ( 'NONE',  ( -1.375950871885212035, 0.4000000000000000222, 1.684868432337941035 ) ) ;
#1475 = CARTESIAN_POINT ( 'NONE',  ( -1.258955049203112075, 0.4000000000000000222, 1.263883463541666030 ) ) ;
#1476 = CARTESIAN_POINT ( 'NONE',  ( -1.047088338247899042, 0.000000000000000000, 1.370419263196841930 ) ) ;
#1477 = EDGE_CURVE ( 'NONE', #1271, #42, #2179, .T. ) ;
#1478 = VERTEX_POINT ( 'NONE', #1188 ) ;
#1479 = CARTESIAN_POINT ( 'NONE',  ( 1.210908684254397905, 0.000000000000000000, 0.6440059841012557573 ) ) ;
#1480 = CARTESIAN_POINT ( 'NONE',  ( -1.439948586856617307, 0.000000000000000000, -1.635013031803704608 ) ) ;
#1481 = ORIENTED_EDGE ( 'NONE', *, *, #1641, .T. ) ;
#1482 = CARTESIAN_POINT ( 'NONE',  ( 0.8860482839845158498, 0.000000000000000000, 2.166433060145051215 ) ) ;
#1483 = CARTESIAN_POINT ( 'NONE',  ( 1.375737129655474122, 0.000000000000000000, -1.998896558831749992 ) ) ;
#1484 = CARTESIAN_POINT ( 'NONE',  ( -0.8275012825452021659, 0.000000000000000000, 2.280650325876854900 ) ) ;
#1485 = CARTESIAN_POINT ( 'NONE',  ( -0.3620051037949730821, 0.000000000000000000, 1.583306934504292496 ) ) ;
#1486 = AXIS2_PLACEMENT_3D ( 'NONE', #2307, #585, #596 ) ;
#1487 = CARTESIAN_POINT ( 'NONE',  ( -1.418165093985374936, 0.4000000000000000222, -1.374786106084850301 ) ) ;
#1488 = MECHANICAL_DESIGN_GEOMETRIC_PRESENTATION_REPRESENTATION (  '', ( #101 ), #543 ) ;
#1489 = CARTESIAN_POINT ( 'NONE',  ( -0.04899825052498202327, 0.4000000000000000222, 2.415842333026959832 ) ) ;
#1490 = CARTESIAN_POINT ( 'NONE',  ( 1.165445164922567001, 0.4000000000000000222, 0.5305577935324901073 ) ) ;
#1491 = CARTESIAN_POINT ( 'NONE',  ( 0.2078859428767765027, -0.000000000000000000, -0.7185976322610792000 ) ) ;
#1492 = ADVANCED_FACE ( 'NONE', ( #1987 ), #69, .F. ) ;
#1493 = CARTESIAN_POINT ( 'NONE',  ( 1.036919582541268037, 0.000000000000000000, 0.2906146293782671530 ) ) ;
#1494 = ORIENTED_EDGE ( 'NONE', *, *, #2206, .T. ) ;
#1495 = DIRECTION ( 'NONE',  ( 0.000000000000000000, 1.000000000000000000, 0.000000000000000000 ) ) ;
#1496 = CARTESIAN_POINT ( 'NONE',  ( 1.266736397943765802, 0.000000000000000000, 1.622963463230916892 ) ) ;
#1497 = B_SPLINE_CURVE_WITH_KNOTS ( 'NONE', 3,
 ( #1295, #2235, #1306, #329, #1270, #549, #2422, #725, #1476, #535, #342, #133, #1455, #2058, #157 ),
 .UNSPECIFIED., .F., .F.,
 ( 4, 1, 1, 1, 1, 1, 1, 1, 1, 1, 1, 1, 4 ),
 ( 0.000000000000000000, 0.09632968593450158545, 0.1870449049149951193, 0.2737923683049425794, 0.3557765738543074985, 0.5083857306672145970, 0.6456829527214201780, 0.7659903311154179217, 0.8681627770293165458, 0.9104770572793997596, 0.9459223180760689687, 0.9757420056829014809, 1.000000000000000000 ),
 .UNSPECIFIED. ) ;
#1498 = CARTESIAN_POINT ( 'NONE',  ( 1.311953156913807206, 0.000000000000000000, 1.278882927988088891 ) ) ;
#1499 = APPLICATION_CONTEXT ( 'automotive_design' ) ;
#1500 = CARTESIAN_POINT ( 'NONE',  ( -0.7029305834876538039, 0.4000000000000000222, 1.529683380601373877 ) ) ;
#1501 = CARTESIAN_POINT ( 'NONE',  ( 1.466398066736739114, 0.4000000000000000222, -1.379302909175204928 ) ) ;
#1502 = CARTESIAN_POINT ( 'NONE',  ( -1.431888841403253787, 0.4000000000000000222, -1.450483652896451758 ) ) ;
#1503 = CARTESIAN_POINT ( 'NONE',  ( -1.366099700537232842, 0.000000000000000000, 1.867524035424464657 ) ) ;
#1504 = CARTESIAN_POINT ( 'NONE',  ( 1.036919582541268037, 0.000000000000000000, 0.2906146293782671530 ) ) ;
#1505 = FACE_OUTER_BOUND ( 'NONE', #694, .T. ) ;
#1506 = ORIENTED_EDGE ( 'NONE', *, *, #1207, .F. ) ;
#1507 = CARTESIAN_POINT ( 'NONE',  ( 1.248307550021295675, 0.4000000000000000222, 0.7524701870438060824 ) ) ;
#1508 = CARTESIAN_POINT ( 'NONE',  ( 1.311129707782956011, 0.4000000000000000222, 1.318608878799343076 ) ) ;
#1509 = VERTEX_POINT ( 'NONE', #994 ) ;
#1510 = LINE ( 'NONE', #21, #1729 ) ;
#1511 = CARTESIAN_POINT ( 'NONE',  ( -1.285890084054245541, 0.000000000000000000, -1.989774462687071921 ) ) ;
#1512 = CARTESIAN_POINT ( 'NONE',  ( 1.416925115273658609, 0.4000000000000000222, -1.315800150317865347 ) ) ;
#1513 = CARTESIAN_POINT ( 'NONE',  ( 1.503946301828022580, 0.4000000000000000222, -1.646012639064414973 ) ) ;
#1514 = CARTESIAN_POINT ( 'NONE',  ( 1.183750037892273399, 0.000000000000000000, 1.831780781803811209 ) ) ;
#1515 = CARTESIAN_POINT ( 'NONE',  ( -1.333989673933361653, 0.4000000000000000222, 1.314859808654929907 ) ) ;
#1516 = CARTESIAN_POINT ( 'NONE',  ( 1.280552537173535121, 0.000000000000000000, 0.8929424609810279190 ) ) ;
#1517 = DIRECTION ( 'NONE',  ( -0.6958849567674446623, 0.000000000000000000, -0.7181532753840029759 ) ) ;
#1518 = ORIENTED_EDGE ( 'NONE', *, *, #39, .F. ) ;
#1519 = CARTESIAN_POINT ( 'NONE',  ( 1.126183469312230123, 0.4000000000000000222, 1.926723625495435410 ) ) ;
#1520 = CARTESIAN_POINT ( 'NONE',  ( 0.006376737389871830509, 0.4000000000000000222, 2.415033436609635764 ) ) ;
#1521 = CARTESIAN_POINT ( 'NONE',  ( 1.503796634493013151, 0.4000000000000000222, -1.675709231433726742 ) ) ;
#1522 = EDGE_CURVE ( 'NONE', #1778, #1744, #353, .T. ) ;
#1523 = UNCERTAINTY_MEASURE_WITH_UNIT (LENGTH_MEASURE( 1.000000000000000082E-05 ), #2009, 'distance_accuracy_value', 'NONE');
#1524 = CARTESIAN_POINT ( 'NONE',  ( 1.495116282519875162, 0.000000000000000000, -1.490023895319741776 ) ) ;
#1525 = CARTESIAN_POINT ( 'NONE',  ( 1.503946301828022580, 0.000000000000000000, -1.646012639064414973 ) ) ;
#1526 = CARTESIAN_POINT ( 'NONE',  ( 0.6715970288145020062, 0.4000000000000000222, 2.285498208758889760 ) ) ;
#1527 = CARTESIAN_POINT ( 'NONE',  ( -0.1946035097839349526, 0.4000000000000000222, 0.06536146041877405333 ) ) ;
#1528 = CARTESIAN_POINT ( 'NONE',  ( 0.2078859428767765027, 0.4000000000000000222, -0.7185976322610792000 ) ) ;
#1529 = CARTESIAN_POINT ( 'NONE',  ( -1.395715272017991504, 0.4000000000000000222, -1.307311278368958218 ) ) ;
#1530 = AXIS2_PLACEMENT_3D ( 'NONE', #2337, #1402, #836 ) ;
#1531 = CARTESIAN_POINT ( 'NONE',  ( -1.418165093985374936, 0.4000000000000000222, -1.374786106084850301 ) ) ;
#1532 = ORIENTED_EDGE ( 'NONE', *, *, #1853, .T. ) ;
#1533 = FACE_OUTER_BOUND ( 'NONE', #117, .T. ) ;
#1534 = CARTESIAN_POINT ( 'NONE',  ( 1.495832603499797964, 0.4000000000000000222, -1.805869400753204124 ) ) ;
#1535 = FACE_OUTER_BOUND ( 'NONE', #125, .T. ) ;
#1536 = DIRECTION ( 'NONE',  ( 0.000000000000000000, -0.000000000000000000, 1.000000000000000000 ) ) ;
#1537 = ADVANCED_FACE ( 'NONE', ( #240 ), #1779, .F. ) ;
#1538 = CARTESIAN_POINT ( 'NONE',  ( -0.04899825052498202327, 0.4000000000000000222, 2.415842333026959832 ) ) ;
#1539 = CARTESIAN_POINT ( 'NONE',  ( 0.04980576194691325315, 0.4000000000000000222, 0.4397597589361201265 ) ) ;
#1540 = ADVANCED_FACE ( 'NONE', ( #252 ), #2354, .T. ) ;
#1541 = CARTESIAN_POINT ( 'NONE',  ( 0.2695019763408006419, 0.000000000000000000, 2.397082982618199853 ) ) ;
#1542 = CARTESIAN_POINT ( 'NONE',  ( 0.1479947158713745825, 0.4000000000000000222, -0.7800435583575880960 ) ) ;
#1543 = ORIENTED_EDGE ( 'NONE', *, *, #1683, .F. ) ;
#1544 = CARTESIAN_POINT ( 'NONE',  ( 0.000000000000000000, 0.9999999999999974465, 0.000000000000000000 ) ) ;
#1545 = VERTEX_POINT ( 'NONE', #1213 ) ;
#1546 = CARTESIAN_POINT ( 'NONE',  ( -1.157958655263862990, 0.4000000000000000222, -2.000000000000000000 ) ) ;
#1547 = CARTESIAN_POINT ( 'NONE',  ( -0.04899825052498202327, 0.4000000000000000222, 2.415842333026959832 ) ) ;
#1548 = CARTESIAN_POINT ( 'NONE',  ( -1.122366571513130129, 0.000000000000000000, 1.325003869575238191 ) ) ;
#1549 = CARTESIAN_POINT ( 'NONE',  ( -0.0001099017923228263300, -5.421010862427522170E-17, 0.3529850787482262664 ) ) ;
#1550 = CARTESIAN_POINT ( 'NONE',  ( 1.266736397943765802, 0.4000000000000000222, 1.622963463230916892 ) ) ;
#1551 = CARTESIAN_POINT ( 'NONE',  ( 0.6715970288145020062, 0.000000000000000000, 2.285498208758889760 ) ) ;
#1552 = EDGE_CURVE ( 'NONE', #1271, #906, #1965, .T. ) ;
#1553 = CARTESIAN_POINT ( 'NONE',  ( -0.7029305834876538039, 0.000000000000000000, 1.529683380601373877 ) ) ;
#1554 = ORIENTED_EDGE ( 'NONE', *, *, #1552, .T. ) ;
#1555 = CARTESIAN_POINT ( 'NONE',  ( -1.408860562078962264, 0.000000000000000000, -1.885251871311480310 ) ) ;
#1556 = PLANE ( 'NONE',  #1096 ) ;
#1557 = CARTESIAN_POINT ( 'NONE',  ( -0.2861103287834316222, 0.4000000000000000222, 1.582220674599654764 ) ) ;
#1558 = CARTESIAN_POINT ( 'NONE',  ( -1.303909620551843451, 0.4000000000000000222, 2.018746991594490670 ) ) ;
#1559 = PLANE ( 'NONE',  #1767 ) ;
#1560 = CARTESIAN_POINT ( 'NONE',  ( -1.431888841403253787, 0.000000000000000000, -1.450483652896451758 ) ) ;
#1561 = CARTESIAN_POINT ( 'NONE',  ( -1.375950871885212035, 0.4000000000000000222, 1.684868432337941035 ) ) ;
#1562 = AXIS2_PLACEMENT_3D ( 'NONE', #2073, #6, #578 ) ;
#1563 = CARTESIAN_POINT ( 'NONE',  ( 1.503946301828022580, 0.4000000000000000222, -1.646012639064414973 ) ) ;
#1564 = CARTESIAN_POINT ( 'NONE',  ( -1.232842043170191637, 0.000000000000000000, 1.265883101227063268 ) ) ;
#1565 = ORIENTED_EDGE ( 'NONE', *, *, #1840, .F. ) ;
#1566 = CONICAL_SURFACE ( 'NONE', #501, 4.349999999999999645, 0.7853981633974361776 ) ;
#1567 = CIRCLE ( 'NONE', #504, 3.850000000000000977 ) ;
#1568 = CARTESIAN_POINT ( 'NONE',  ( -1.181313286424234388, 0.4000000000000000222, -1.999513936705184847 ) ) ;
#1569 = ORIENTED_EDGE ( 'NONE', *, *, #2053, .F. ) ;
#1570 = CARTESIAN_POINT ( 'NONE',  ( -1.366099700537232842, 0.000000000000000000, 1.867524035424464657 ) ) ;
#1571 = CARTESIAN_POINT ( 'NONE',  ( -0.3299882178213081052, 0.4000000000000000222, 1.583872038398692172 ) ) ;
#1572 = CARTESIAN_POINT ( 'NONE',  ( -0.3736820135121893816, 0.000000000000000000, -0.1511850886402051064 ) ) ;
#1573 = CARTESIAN_POINT ( 'NONE',  ( -0.1211750158373710862, -5.421010862427522170E-17, 0.1659767382961744031 ) ) ;
#1574 =( NAMED_UNIT ( * ) SI_UNIT ( $, .STERADIAN. ) SOLID_ANGLE_UNIT ( ) );
#1575 = CARTESIAN_POINT ( 'NONE',  ( -0.3299882178213081052, 0.4000000000000000222, 1.583872038398692172 ) ) ;
#1576 = FACE_OUTER_BOUND ( 'NONE', #1704, .T. ) ;
#1577 = CARTESIAN_POINT ( 'NONE',  ( -0.9426492287229997213, 0.000000000000000000, 1.428835107791535775 ) ) ;
#1578 = ORIENTED_EDGE ( 'NONE', *, *, #153, .F. ) ;
#1579 = CARTESIAN_POINT ( 'NONE',  ( -1.428283700242348297, 0.000000000000000000, -1.818630591401038110 ) ) ;
#1580 = ORIENTED_EDGE ( 'NONE', *, *, #99, .F. ) ;
#1581 = CARTESIAN_POINT ( 'NONE',  ( -0.9798266790455851805, 0.000000000000000000, 2.223031824672335066 ) ) ;
#1582 = ADVANCED_FACE ( 'NONE', ( #79 ), #734, .F. ) ;
#1583 = CARTESIAN_POINT ( 'NONE',  ( -1.408860562078962264, 0.000000000000000000, -1.885251871311480310 ) ) ;
#1584 = CARTESIAN_POINT ( 'NONE',  ( -1.181313286424234388, 0.4000000000000000222, -1.999513936705184847 ) ) ;
#1585 = LINE ( 'NONE', #873, #706 ) ;
#1586 = CARTESIAN_POINT ( 'NONE',  ( -0.3299882178213081052, 0.000000000000000000, 1.583872038398692172 ) ) ;
#1587 = FACE_OUTER_BOUND ( 'NONE', #741, .T. ) ;
#1588 = CARTESIAN_POINT ( 'NONE',  ( -0.4639793380369840459, 0.000000000000000000, 2.379209561102449744 ) ) ;
#1589 = CARTESIAN_POINT ( 'NONE',  ( 0.2239920023999184828, 0.4000000000000000222, 1.080889997295304328 ) ) ;
#1590 = ORIENTED_EDGE ( 'NONE', *, *, #403, .F. ) ;
#1591 = CARTESIAN_POINT ( 'NONE',  ( -1.337523452978791161, 0.000000000000000000, -1.969798779054436455 ) ) ;
#1592 = ORIENTED_EDGE ( 'NONE', *, *, #539, .T. ) ;
#1593 = CARTESIAN_POINT ( 'NONE',  ( -1.089415302980122346, 0.000000000000000000, 2.169731560706411155 ) ) ;
#1594 = CARTESIAN_POINT ( 'NONE',  ( 0.2187117665654125798, 0.000000000000000000, 1.180763892499397061 ) ) ;
#1595 = CARTESIAN_POINT ( 'NONE',  ( -0.9798266790455851805, 0.4000000000000000222, 2.223031824672335066 ) ) ;
#1596 = EDGE_CURVE ( 'NONE', #277, #1661, #390, .T. ) ;
#1597 = CARTESIAN_POINT ( 'NONE',  ( -1.375937001651095670, 0.4000000000000000222, 1.709545239001569072 ) ) ;
#1598 = CARTESIAN_POINT ( 'NONE',  ( 0.2239920023999184828, 0.4000000000000000222, 1.080889997295304328 ) ) ;
#1599 = B_SPLINE_SURFACE_WITH_KNOTS ( 'NONE', 3, 1, ( 
 ( #1475, #1120 ),
 ( #2247, #145 ),
 ( #560, #2044 ),
 ( #1857, #1305 ),
 ( #156, #1465 ),
 ( #2057, #2067 ),
 ( #534, #341 ),
 ( #2233, #912 ),
 ( #1318, #925 ),
 ( #1095, #369 ),
 ( #523, #2258 ) ),
 .UNSPECIFIED., .F., .F., .F.,
 ( 4, 1, 1, 1, 1, 1, 1, 1, 4 ),
 ( 2, 2 ),
 ( 0.000000000000000000, 0.06071160275442197968, 0.1222801775438647764, 0.1957270468438817579, 0.2889148096347177730, 0.4132486554527929901, 0.5726378294203248176, 0.7672996532708792339, 1.000000000000000000 ),
 ( 0.000000000000000000, 1.000000000000000000 ),
 .UNSPECIFIED. ) ;
#1600 = CARTESIAN_POINT ( 'NONE',  ( 1.487293187973200315, 0.4000000000000000222, -1.868599811998180371 ) ) ;
#1601 = CARTESIAN_POINT ( 'NONE',  ( -0.1201124485347392218, 0.000000000000000000, 2.414029236572682979 ) ) ;
#1602 = CARTESIAN_POINT ( 'NONE',  ( 0.000000000000000000, 20.00000000000000000, 0.000000000000000000 ) ) ;
#1603 = ORIENTED_EDGE ( 'NONE', *, *, #364, .T. ) ;
#1604 = CARTESIAN_POINT ( 'NONE',  ( -1.379494230206715244, 0.4000000000000000222, -1.935892980519779982 ) ) ;
#1605 = ORIENTED_EDGE ( 'NONE', *, *, #1853, .F. ) ;
#1606 = VECTOR ( 'NONE', #2033, 1000.000000000000000 ) ;
#1607 = CARTESIAN_POINT ( 'NONE',  ( 1.503946301828022580, 0.000000000000000000, -1.646012639064414973 ) ) ;
#1608 = CIRCLE ( 'NONE', #26, 5.049999999999999822 ) ;
#1609 = CARTESIAN_POINT ( 'NONE',  ( -1.181313286424234388, -0.000000000000000000, -1.999513936705184847 ) ) ;
#1610 = CARTESIAN_POINT ( 'NONE',  ( -0.05651355770865753442, 0.000000000000000000, 0.2617460003042441086 ) ) ;
#1611 = CARTESIAN_POINT ( 'NONE',  ( 1.503946301828022580, 0.000000000000000000, -1.646012639064414973 ) ) ;
#1612 = CARTESIAN_POINT ( 'NONE',  ( 1.311953156913807206, 0.4000000000000000222, 1.278882927988088891 ) ) ;
#1613 = EDGE_CURVE ( 'NONE', #1068, #127, #916, .T. ) ;
#1614 = CARTESIAN_POINT ( 'NONE',  ( -0.8275012825452021659, 0.4000000000000000222, 2.280650325876854900 ) ) ;
#1615 = CARTESIAN_POINT ( 'NONE',  ( -1.241920999244936930, 0.000000000000000000, 2.078117721221027114 ) ) ;
#1616 = EDGE_CURVE ( 'NONE', #867, #2176, #1663, .T. ) ;
#1617 = B_SPLINE_CURVE_WITH_KNOTS ( 'NONE', 3,
 ( #561, #2443, #2068, #1502, #1466, #1319, #355, #1281, #736, #370, #748 ),
 .UNSPECIFIED., .F., .F.,
 ( 4, 1, 1, 1, 1, 1, 1, 1, 4 ),
 ( 0.000000000000000000, 0.1599712788654227280, 0.2952365893011674181, 0.4133018671802116129, 0.5208786191783082442, 0.6281465213387974478, 0.7373219615724334597, 0.8590057180128242154, 0.9999999999999998890 ),
 .UNSPECIFIED. ) ;
#1618 = ORIENTED_EDGE ( 'NONE', *, *, #1077, .F. ) ;
#1619 = CARTESIAN_POINT ( 'NONE',  ( 1.106374762649301680, 0.4000000000000000222, 0.4135894621412644634 ) ) ;
#1620 = VERTEX_POINT ( 'NONE', #1480 ) ;
#1621 = CARTESIAN_POINT ( 'NONE',  ( 1.485327932993094402, 0.4000000000000000222, -1.438249116665492267 ) ) ;
#1622 = CARTESIAN_POINT ( 'NONE',  ( -1.287866310602100883, 0.000000000000000000, 1.266469453571901216 ) ) ;
#1623 = LINE ( 'NONE', #1192, #2243 ) ;
#1624 = B_SPLINE_SURFACE_WITH_KNOTS ( 'NONE', 3, 1, ( 
 ( #564, #1888 ),
 ( #1911, #1336 ),
 ( #778, #388 ),
 ( #968, #1901 ),
 ( #1531, #2291 ),
 ( #1394, #1175 ),
 ( #438, #1777 ),
 ( #238, #1752 ),
 ( #1186, #2313 ),
 ( #465, #2151 ),
 ( #628, #612 ) ),
 .UNSPECIFIED., .F., .F., .F.,
 ( 4, 1, 1, 1, 1, 1, 1, 1, 4 ),
 ( 2, 2 ),
 ( 0.000000000000000000, 0.1599712788654227280, 0.2952365893011674181, 0.4133018671802116129, 0.5208786191783082442, 0.6281465213387974478, 0.7373219615724334597, 0.8590057180128242154, 0.9999999999999998890 ),
 ( 0.000000000000000000, 1.000000000000000000 ),
 .UNSPECIFIED. ) ;
#1625 = DIRECTION ( 'NONE',  ( -1.000000000000000000, 0.000000000000000000, 0.000000000000000000 ) ) ;
#1626 =( NAMED_UNIT ( * ) SI_UNIT ( $, .STERADIAN. ) SOLID_ANGLE_UNIT ( ) );
#1627 = DIRECTION ( 'NONE',  ( 0.000000000000000000, -1.000000000000000000, 0.000000000000000000 ) ) ;
#1628 = CARTESIAN_POINT ( 'NONE',  ( -1.163511995256536924, 0.000000000000000000, 2.130041563187643039 ) ) ;
#1629 = CARTESIAN_POINT ( 'NONE',  ( -1.375937001651095670, 0.4000000000000000222, 1.709545239001569072 ) ) ;
#1630 = ORIENTED_EDGE ( 'NONE', *, *, #1001, .T. ) ;
#1631 = CARTESIAN_POINT ( 'NONE',  ( -1.258955049203112075, 0.4000000000000000222, 1.263883463541666030 ) ) ;
#1632 = VERTEX_POINT ( 'NONE', #2238 ) ;
#1633 = DIRECTION ( 'NONE',  ( -0.000000000000000000, 1.000000000000000000, -0.000000000000000000 ) ) ;
#1634 = CARTESIAN_POINT ( 'NONE',  ( 1.311953156913807206, 0.4000000000000000222, 1.278882927988088891 ) ) ;
#1635 = CARTESIAN_POINT ( 'NONE',  ( -1.375950871885212035, 0.000000000000000000, 1.684868432337941035 ) ) ;
#1636 = CARTESIAN_POINT ( 'NONE',  ( -1.122366571513130129, 0.4000000000000000222, 1.325003869575238191 ) ) ;
#1637 = CARTESIAN_POINT ( 'NONE',  ( 1.495832603499797964, 0.4000000000000000222, -1.805869400753204124 ) ) ;
#1638 = CARTESIAN_POINT ( 'NONE',  ( -0.2035937903802550741, 0.000000000000000000, 1.579115128108499633 ) ) ;
#1639 = ORIENTED_EDGE ( 'NONE', *, *, #924, .T. ) ;
#1640 = CARTESIAN_POINT ( 'NONE',  ( 0.6262367992909766423, 0.000000000000000000, -0.2662610192260099207 ) ) ;
#1641 = EDGE_CURVE ( 'NONE', #179, #2192, #1443, .T. ) ;
#1642 = ORIENTED_EDGE ( 'NONE', *, *, #1885, .T. ) ;
#1643 = VECTOR ( 'NONE', #496, 1000.000000000000000 ) ;
#1644 = CARTESIAN_POINT ( 'NONE',  ( -0.3519874323427286678, 0.000000000000000000, -1.296025135314542664 ) ) ;
#1645 = CARTESIAN_POINT ( 'NONE',  ( -2.565151067676131547, 1.999999999999998224, 1.649999999999999911 ) ) ;
#1646 = EDGE_CURVE ( 'NONE', #877, #2415, #335, .T. ) ;
#1647 = CARTESIAN_POINT ( 'NONE',  ( -1.205137877504947941, 0.4000000000000000222, 1.277565428198685016 ) ) ;
#1648 = VECTOR ( 'NONE', #1953, 1000.000000000000000 ) ;
#1649 = CARTESIAN_POINT ( 'NONE',  ( -0.2785993704347727307, -5.421010862427522170E-17, -0.04043513865777748767 ) ) ;
#1650 = CARTESIAN_POINT ( 'NONE',  ( 1.126183469312230123, 0.4000000000000000222, 1.926723625495435410 ) ) ;
#1651 = VERTEX_POINT ( 'NONE', #2015 ) ;
#1652 = CARTESIAN_POINT ( 'NONE',  ( 0.1479947158713745825, 0.000000000000000000, -0.7800435583575880960 ) ) ;
#1653 = VERTEX_POINT ( 'NONE', #1153 ) ;
#1654 = CARTESIAN_POINT ( 'NONE',  ( 1.056791700231731523, 0.000000000000000000, 2.014173678334721718 ) ) ;
#1655 = CARTESIAN_POINT ( 'NONE',  ( -1.439198718730649640, 0.4000000000000000222, -1.670030243967590922 ) ) ;
#1656 = ADVANCED_FACE ( 'NONE', ( #2101 ), #895, .T. ) ;
#1657 = CARTESIAN_POINT ( 'NONE',  ( 1.472061145160846962, 0.000000000000000000, -1.918250208072729057 ) ) ;
#1658 = CARTESIAN_POINT ( 'NONE',  ( 0.2222206887140679710, 0.000000000000000000, 1.114393803371186653 ) ) ;
#1659 = CARTESIAN_POINT ( 'NONE',  ( 1.364825015433529076, 0.4000000000000000222, -1.296947224090353901 ) ) ;
#1660 = CARTESIAN_POINT ( 'NONE',  ( 0.1920507687824580256, 0.000000000000000000, 1.276220615261893787 ) ) ;
#1661 = VERTEX_POINT ( 'NONE', #1730 ) ;
#1662 = CARTESIAN_POINT ( 'NONE',  ( 1.248307550021295675, 0.000000000000000000, 0.7524701870438060824 ) ) ;
#1663 = LINE ( 'NONE', #515, #2003 ) ;
#1664 = ORIENTED_EDGE ( 'NONE', *, *, #2392, .T. ) ;
#1665 = CARTESIAN_POINT ( 'NONE',  ( 0.000000000000000000, 20.00000000000000000, 0.000000000000000000 ) ) ;
#1666 = DIRECTION ( 'NONE',  ( 0.000000000000000000, -1.000000000000000000, 0.000000000000000000 ) ) ;
#1667 = CARTESIAN_POINT ( 'NONE',  ( 1.416925115273658609, 0.000000000000000000, -1.315800150317865347 ) ) ;
#1668 = CARTESIAN_POINT ( 'NONE',  ( -0.4241728077018487864, 0.4000000000000000222, 1.582209663157773116 ) ) ;
#1669 = EDGE_CURVE ( 'NONE', #1902, #577, #1349, .T. ) ;
#1670 = CARTESIAN_POINT ( 'NONE',  ( 1.353951657363791750, 0.4000000000000000222, -1.296025135314542664 ) ) ;
#1671 = LINE ( 'NONE', #1133, #1606 ) ;
#1672 = CARTESIAN_POINT ( 'NONE',  ( -1.348244131697871717, -5.421010862427522170E-17, 1.358394833554781522 ) ) ;
#1673 = CARTESIAN_POINT ( 'NONE',  ( -1.418165093985374936, 0.4000000000000000222, -1.374786106084850301 ) ) ;
#1674 = CARTESIAN_POINT ( 'NONE',  ( 0.3227602950983564090, 0.000000000000000000, -0.6007412898562914938 ) ) ;
#1675 = ORIENTED_EDGE ( 'NONE', *, *, #1868, .F. ) ;
#1676 = DIRECTION ( 'NONE',  ( 0.000000000000000000, -1.000000000000000000, 0.000000000000000000 ) ) ;
#1677 = CARTESIAN_POINT ( 'NONE',  ( 0.9768270938798540026, 0.000000000000000000, 2.093884489684724404 ) ) ;
#1678 = AXIS2_PLACEMENT_3D ( 'NONE', #1783, #1218, #1968 ) ;
#1679 = CARTESIAN_POINT ( 'NONE',  ( 0.2239920023999184828, 0.000000000000000000, 1.080889997295304328 ) ) ;
#1680 = CARTESIAN_POINT ( 'NONE',  ( 0.2187117665654125798, 0.4000000000000000222, 1.180763892499397061 ) ) ;
#1681 = MECHANICAL_DESIGN_GEOMETRIC_PRESENTATION_REPRESENTATION (  '', ( #660 ), #1134 ) ;
#1682 = CARTESIAN_POINT ( 'NONE',  ( -1.363372901273212978, 0.4000000000000000222, -1.246306319270333640 ) ) ;
#1683 = EDGE_CURVE ( 'NONE', #880, #2332, #189, .T. ) ;
#1684 = VECTOR ( 'NONE', #1288, 1000.000000000000000 ) ;
#1685 = CARTESIAN_POINT ( 'NONE',  ( 0.1490925237922307856, 0.4000000000000000222, 1.364067272366148886 ) ) ;
#1686 = CARTESIAN_POINT ( 'NONE',  ( -1.369532054084340977, 0.4000000000000000222, 1.490259328810275896 ) ) ;
#1687 = CARTESIAN_POINT ( 'NONE',  ( -1.232842043170191637, 0.4000000000000000222, 1.265883101227063268 ) ) ;
#1688 = EDGE_CURVE ( 'NONE', #1458, #2192, #1608, .T. ) ;
#1689 = DIRECTION ( 'NONE',  ( 0.000000000000000000, 0.7071067811865561215, 0.7071067811865390240 ) ) ;
#1690 = ORIENTED_EDGE ( 'NONE', *, *, #416, .T. ) ;
#1691 = FACE_OUTER_BOUND ( 'NONE', #406, .T. ) ;
#1692 = CARTESIAN_POINT ( 'NONE',  ( 1.472061145160846962, 0.4000000000000000222, -1.918250208072729057 ) ) ;
#1693 = CARTESIAN_POINT ( 'NONE',  ( -0.3736820135121893816, 0.4000000000000000222, -0.1511850886402051064 ) ) ;
#1694 =( NAMED_UNIT ( * ) PLANE_ANGLE_UNIT ( ) SI_UNIT ( $, .RADIAN. ) );
#1695 = CARTESIAN_POINT ( 'NONE',  ( -1.437844272851934946, 0.4000000000000000222, -1.733279923553957325 ) ) ;
#1696 = CARTESIAN_POINT ( 'NONE',  ( -1.275231611431123735, 0.4000000000000000222, 2.050212392110437154 ) ) ;
#1697 = B_SPLINE_CURVE_WITH_KNOTS ( 'NONE', 3,
 ( #2171, #1584, #471, #2347, #1400, #457, #1037, #84, #846, #1655, #1822 ),
 .UNSPECIFIED., .F., .F.,
 ( 4, 1, 1, 1, 1, 1, 1, 1, 4 ),
 ( 0.000000000000000000, 0.1282437271512832377, 0.2395809738902378305, 0.3364525062807825484, 0.4287911537071141810, 0.5298768099994627390, 0.6526073843651681861, 0.8076714221256795501, 1.000000000000000000 ),
 .UNSPECIFIED. ) ;
#1698 = CARTESIAN_POINT ( 'NONE',  ( -1.217956513049555545, 0.4000000000000000222, -1.060033561357485832 ) ) ;
#1699 = CARTESIAN_POINT ( 'NONE',  ( 0.1137084690288938243, 0.000000000000000000, 2.413465576164745663 ) ) ;
#1700 = B_SPLINE_CURVE_WITH_KNOTS ( 'NONE', 3,
 ( #1538, #2298, #1355, #2309, #786, #209, #1526, #624, #598, #48, #446, #61, #824, #2107, #234, #808, #1377, #1204, #1171 ),
 .UNSPECIFIED., .F., .F.,
 ( 4, 1, 1, 1, 1, 1, 1, 1, 1, 1, 1, 1, 1, 1, 1, 1, 4 ),
 ( 0.000000000000000000, 0.08280625327774163158, 0.1605009570115931983, 0.2340416456983340221, 0.3030099687333678293, 0.3686634304020092734, 0.4308774826825809146, 0.4904959200961371280, 0.5479634544286922093, 0.6043743656829380084, 0.6590394930498949533, 0.7145373555973003610, 0.7700822341126956072, 0.8263718195790527021, 0.8832151728887061015, 0.9406134483418242542, 1.000000000000000000 ),
 .UNSPECIFIED. ) ;
#1701 = CARTESIAN_POINT ( 'NONE',  ( -1.268547004723318716, -5.421010862427522170E-17, 1.264741423386565033 ) ) ;
#1702 = CARTESIAN_POINT ( 'NONE',  ( -0.3620051037949730821, 0.4000000000000000222, 1.583306934504292496 ) ) ;
#1703 = CARTESIAN_POINT ( 'NONE',  ( 1.165445164922567001, 0.4000000000000000222, 0.5305577935324901073 ) ) ;
#1704 = EDGE_LOOP ( 'NONE', ( #917, #265 ) ) ;
#1705 = EDGE_CURVE ( 'NONE', #877, #1458, #2061, .T. ) ;
#1706 = CARTESIAN_POINT ( 'NONE',  ( 0.2239920023999184828, 0.000000000000000000, 1.080889997295304328 ) ) ;
#1707 = CARTESIAN_POINT ( 'NONE',  ( 0.2695019763408006419, 0.000000000000000000, 2.397082982618199853 ) ) ;
#1708 = ORIENTED_EDGE ( 'NONE', *, *, #1131, .F. ) ;
#1709 = CARTESIAN_POINT ( 'NONE',  ( -0.4417720730669424389, -5.421010862427522170E-17, -0.2255870560241160505 ) ) ;
#1710 = CARTESIAN_POINT ( 'NONE',  ( -1.408860562078962264, 0.000000000000000000, -1.885251871311480310 ) ) ;
#1711 = CARTESIAN_POINT ( 'NONE',  ( -1.250868706142768794, 0.000000000000000000, 1.264502685867128218 ) ) ;
#1712 = CARTESIAN_POINT ( 'NONE',  ( -0.05651355770865753442, -5.421010862427522170E-17, 0.2617460003042441086 ) ) ;
#1713 = CARTESIAN_POINT ( 'NONE',  ( -0.2785993704347727307, 0.4000000000000000222, -0.04043513865777748767 ) ) ;
#1714 = CARTESIAN_POINT ( 'NONE',  ( 0.9547156091466457717, 0.4000000000000000222, 0.1618490902333113157 ) ) ;
#1715 = CARTESIAN_POINT ( 'NONE',  ( 0.9547156091466457717, 0.000000000000000000, 0.1618490902333113157 ) ) ;
#1716 = CARTESIAN_POINT ( 'NONE',  ( 1.106374762649301680, 0.000000000000000000, 0.4135894621412644634 ) ) ;
#1717 = VERTEX_POINT ( 'NONE', #1322 ) ;
#1718 = EDGE_CURVE ( 'NONE', #2266, #1545, #3, .T. ) ;
#1719 = CARTESIAN_POINT ( 'NONE',  ( 0.7845709959655736698, 0.000000000000000000, 2.230714038065635396 ) ) ;
#1720 = ORIENTED_EDGE ( 'NONE', *, *, #875, .T. ) ;
#1721 = CARTESIAN_POINT ( 'NONE',  ( -1.439198718730649640, 0.4000000000000000222, -1.670030243967590922 ) ) ;
#1722 = ADVANCED_FACE ( 'NONE', ( #1505 ), #1624, .T. ) ;
#1723 = CARTESIAN_POINT ( 'NONE',  ( 0.000000000000000000, 20.50000000000001066, 0.000000000000000000 ) ) ;
#1724 = CARTESIAN_POINT ( 'NONE',  ( -1.205137877504947941, 0.000000000000000000, 1.277565428198685016 ) ) ;
#1725 = CARTESIAN_POINT ( 'NONE',  ( 1.416925115273658609, 0.000000000000000000, -1.315800150317865347 ) ) ;
#1726 = CARTESIAN_POINT ( 'NONE',  ( 1.311953156913807206, 0.000000000000000000, 1.278882927988088891 ) ) ;
#1727 = VECTOR ( 'NONE', #325, 1000.000000000000000 ) ;
#1728 = CARTESIAN_POINT ( 'NONE',  ( -1.250868706142768794, 0.000000000000000000, 1.264502685867128218 ) ) ;
#1729 = VECTOR ( 'NONE', #431, 1000.000000000000114 ) ;
#1730 = CARTESIAN_POINT ( 'NONE',  ( 0.2239920023999184828, 0.4000000000000000222, 1.080889997295304328 ) ) ;
#1731 = ORIENTED_EDGE ( 'NONE', *, *, #693, .T. ) ;
#1732 = CARTESIAN_POINT ( 'NONE',  ( 0.5484791751841316954, 0.4000000000000000222, 2.332310401831982016 ) ) ;
#1733 = ORIENTED_EDGE ( 'NONE', *, *, #2007, .F. ) ;
#1734 = CARTESIAN_POINT ( 'NONE',  ( 0.1041210583095085601, 0.4000000000000000222, 0.5470348627418794019 ) ) ;
#1735 = CARTESIAN_POINT ( 'NONE',  ( -1.157958655263862990, 0.000000000000000000, -2.000000000000000000 ) ) ;
#1736 = CARTESIAN_POINT ( 'NONE',  ( 0.000000000000000000, 20.00000000000000000, -5.049999999999999822 ) ) ;
#1737 = ADVANCED_FACE ( 'NONE', ( #1741 ), #1566, .F. ) ;
#1738 = CARTESIAN_POINT ( 'NONE',  ( 1.364825015433529076, 0.4000000000000000222, -1.296947224090353901 ) ) ;
#1739 = CARTESIAN_POINT ( 'NONE',  ( 1.353951657363791750, 0.000000000000000000, -1.296025135314542664 ) ) ;
#1740 = CARTESIAN_POINT ( 'NONE',  ( 1.183750037892273399, 0.000000000000000000, 1.831780781803811209 ) ) ;
#1741 = FACE_OUTER_BOUND ( 'NONE', #115, .T. ) ;
#1742 = ORIENTED_EDGE ( 'NONE', *, *, #266, .F. ) ;
#1743 = DIRECTION ( 'NONE',  ( 0.000000000000000000, -0.000000000000000000, -1.000000000000000000 ) ) ;
#1744 = VERTEX_POINT ( 'NONE', #1224 ) ;
#1745 = CARTESIAN_POINT ( 'NONE',  ( 0.1566146397587653838, 0.4000000000000000222, 0.6732423975849536335 ) ) ;
#1746 = CARTESIAN_POINT ( 'NONE',  ( 0.1920507687824580256, 0.4000000000000000222, 1.276220615261893787 ) ) ;
#1747 = CARTESIAN_POINT ( 'NONE',  ( -1.375950871885212035, 0.4000000000000000222, 1.684868432337941035 ) ) ;
#1748 = CARTESIAN_POINT ( 'NONE',  ( 0.2224805082088561203, -5.421010862427522170E-17, 1.039159601302749758 ) ) ;
#1749 = CARTESIAN_POINT ( 'NONE',  ( 1.183750037892273399, 0.4000000000000000222, 1.831780781803811209 ) ) ;
#1750 = CARTESIAN_POINT ( 'NONE',  ( -1.439948586856617307, 0.4000000000000000222, -1.635013031803704608 ) ) ;
#1751 = PLANE ( 'NONE',  #257 ) ;
#1752 = CARTESIAN_POINT ( 'NONE',  ( -1.325730063797660563, 0.000000000000000000, -1.184944158728525432 ) ) ;
#1753 = ORIENTED_EDGE ( 'NONE', *, *, #723, .T. ) ;
#1754 = CARTESIAN_POINT ( 'NONE',  ( -1.285890084054245541, 0.4000000000000000222, -1.989774462687071921 ) ) ;
#1755 = ORIENTED_EDGE ( 'NONE', *, *, #266, .T. ) ;
#1756 = FACE_OUTER_BOUND ( 'NONE', #476, .T. ) ;
#1757 = CARTESIAN_POINT ( 'NONE',  ( 1.353951657363791750, 0.4000000000000000222, -1.296025135314542664 ) ) ;
#1758 = CARTESIAN_POINT ( 'NONE',  ( 0.1566146397587653838, 0.000000000000000000, 0.6732423975849536335 ) ) ;
#1759 = CARTESIAN_POINT ( 'NONE',  ( 1.485327932993094402, 0.4000000000000000222, -1.438249116665492267 ) ) ;
#1760 = DIRECTION ( 'NONE',  ( 0.6813675717312719371, 0.000000000000000000, 0.7319414130878439950 ) ) ;
#1761 = CARTESIAN_POINT ( 'NONE',  ( -1.047088338247899042, 0.4000000000000000222, 1.370419263196841930 ) ) ;
#1762 = CARTESIAN_POINT ( 'NONE',  ( 0.3227602950983564090, 0.4000000000000000222, -0.6007412898562914938 ) ) ;
#1763 = CARTESIAN_POINT ( 'NONE',  ( -0.4769829693962543971, 0.4000000000000000222, -0.2640619814006334165 ) ) ;
#1764 = ORIENTED_EDGE ( 'NONE', *, *, #1613, .F. ) ;
#1765 = CIRCLE ( 'NONE', #63, 4.349999999999999645 ) ;
#1766 = ADVANCED_FACE ( 'NONE', ( #77 ), #801, .F. ) ;
#1767 = AXIS2_PLACEMENT_3D ( 'NONE', #1759, #223, #988 ) ;
#1768 = DIRECTION ( 'NONE',  ( -0.000000000000000000, -1.000000000000000000, -0.000000000000000000 ) ) ;
#1769 = ORIENTED_EDGE ( 'NONE', *, *, #1900, .F. ) ;
#1770 = CARTESIAN_POINT ( 'NONE',  ( -0.3519874323427286678, 0.4000000000000000222, -1.296025135314542664 ) ) ;
#1771 = CARTESIAN_POINT ( 'NONE',  ( 1.427848022015438811, 0.000000000000000000, -1.983130150475330922 ) ) ;
#1772 = CARTESIAN_POINT ( 'NONE',  ( -1.217956513049555545, 0.000000000000000000, -1.060033561357485832 ) ) ;
#1773 = CARTESIAN_POINT ( 'NONE',  ( 1.484653852550705366, 0.4000000000000000222, -1.428051082086727597 ) ) ;
#1774 =( LENGTH_UNIT ( ) NAMED_UNIT ( * ) SI_UNIT ( .MILLI., .METRE. ) );
#1775 = CARTESIAN_POINT ( 'NONE',  ( -0.3299882178213081052, 0.000000000000000000, 1.583872038398692172 ) ) ;
#1776 = CARTESIAN_POINT ( 'NONE',  ( -0.8275012825452021659, 0.4000000000000000222, 2.280650325876854900 ) ) ;
#1777 = CARTESIAN_POINT ( 'NONE',  ( -1.363372901273212978, 0.000000000000000000, -1.246306319270333640 ) ) ;
#1778 = VERTEX_POINT ( 'NONE', #1589 ) ;
#1779 = B_SPLINE_SURFACE_WITH_KNOTS ( 'NONE', 3, 1, ( 
 ( #2330, #1383 ),
 ( #1568, #1006 ),
 ( #1407, #630 ),
 ( #1754, #854 ),
 ( #2316, #1591 ),
 ( #1604, #830 ),
 ( #670, #1555 ),
 ( #2153, #1579 ),
 ( #2342, #452 ),
 ( #2139, #440 ),
 ( #1199, #1951 ) ),
 .UNSPECIFIED., .F., .F., .F.,
 ( 4, 1, 1, 1, 1, 1, 1, 1, 4 ),
 ( 2, 2 ),
 ( 0.000000000000000000, 0.1282437271512832377, 0.2395809738902378305, 0.3364525062807825484, 0.4287911537071141810, 0.5298768099994627390, 0.6526073843651681861, 0.8076714221256795501, 1.000000000000000000 ),
 ( 0.000000000000000000, 1.000000000000000000 ),
 .UNSPECIFIED. ) ;
#1780 = DIRECTION ( 'NONE',  ( 0.000000000000000000, 0.000000000000000000, -1.000000000000000000 ) ) ;
#1781 = VERTEX_POINT ( 'NONE', #226 ) ;
#1782 = DIRECTION ( 'NONE',  ( 0.000000000000000000, 0.000000000000000000, -1.000000000000000000 ) ) ;
#1783 = CARTESIAN_POINT ( 'NONE',  ( 1.485327932993094402, 0.000000000000000000, -1.438249116665492267 ) ) ;
#1784 = DIRECTION ( 'NONE',  ( 0.6813675717312719371, 0.000000000000000000, 0.7319414130878439950 ) ) ;
#1785 = CARTESIAN_POINT ( 'NONE',  ( -1.375006138128043842, 0.000000000000000000, 1.581791825735552326 ) ) ;
#1786 = B_SPLINE_CURVE_WITH_KNOTS ( 'NONE', 3,
 ( #1090, #1104, #163, #129, #2428, #349, #1843, #2029, #2040, #908, #1855 ),
 .UNSPECIFIED., .F., .F.,
 ( 4, 1, 1, 1, 1, 1, 1, 1, 4 ),
 ( 0.000000000000000000, 0.06071160275442197968, 0.1222801775438647764, 0.1957270468438817579, 0.2889148096347177730, 0.4132486554527929901, 0.5726378294203248176, 0.7672996532708792339, 1.000000000000000000 ),
 .UNSPECIFIED. ) ;
#1787 = DIRECTION ( 'NONE',  ( 0.000000000000000000, 0.000000000000000000, 1.000000000000000000 ) ) ;
#1788 = CARTESIAN_POINT ( 'NONE',  ( -0.1201124485347392218, 0.4000000000000000222, 2.414029236572682979 ) ) ;
#1789 = CARTESIAN_POINT ( 'NONE',  ( -0.04899825052498202327, 0.4000000000000000222, 2.415842333026959832 ) ) ;
#1790 = CARTESIAN_POINT ( 'NONE',  ( 0.1479947158713745825, 0.4000000000000000222, -0.7800435583575880960 ) ) ;
#1791 = ORIENTED_EDGE ( 'NONE', *, *, #1152, .T. ) ;
#1792 = CARTESIAN_POINT ( 'NONE',  ( -0.2035937903802550741, 0.4000000000000000222, 1.579115128108499633 ) ) ;
#1793 = ORIENTED_EDGE ( 'NONE', *, *, #614, .F. ) ;
#1794 = CARTESIAN_POINT ( 'NONE',  ( -0.04899825052498202327, 0.000000000000000000, 2.415842333026959832 ) ) ;
#1795 = EDGE_CURVE ( 'NONE', #205, #1874, #1278, .T. ) ;
#1796 = CARTESIAN_POINT ( 'NONE',  ( 0.1920507687824580256, 0.000000000000000000, 1.276220615261893787 ) ) ;
#1797 = DIRECTION ( 'NONE',  ( 0.000000000000000000, -1.000000000000000000, 0.000000000000000000 ) ) ;
#1798 = CARTESIAN_POINT ( 'NONE',  ( 0.1479947158713745825, 0.4000000000000000222, -0.7800435583575880960 ) ) ;
#1799 = ADVANCED_FACE ( 'NONE', ( #2352 ), #250, .F. ) ;
#1800 = LINE ( 'NONE', #285, #1409 ) ;
#1801 = B_SPLINE_SURFACE_WITH_KNOTS ( 'NONE', 3, 1, ( 
 ( #245, #2096 ),
 ( #1738, #396 ),
 ( #797, #1159 ),
 ( #975, #1725 ),
 ( #2158, #648 ),
 ( #306, #847 ),
 ( #1773, #120 ),
 ( #1220, #2373 ),
 ( #1993, #2395 ),
 ( #258, #1401 ),
 ( #883, #1611 ) ),
 .UNSPECIFIED., .F., .F., .F.,
 ( 4, 1, 1, 1, 1, 1, 1, 1, 4 ),
 ( 2, 2 ),
 ( 0.000000000000000000, 0.07750016113402444229, 0.1556257787625622002, 0.2436747312468897086, 0.3446290407118454691, 0.4672959835762097169, 0.6160571621708931245, 0.7941595506651271119, 0.9999999999999998890 ),
 ( 0.000000000000000000, 1.000000000000000000 ),
 .UNSPECIFIED. ) ;
#1802 = CARTESIAN_POINT ( 'NONE',  ( -1.366099700537232842, 0.000000000000000000, 1.867524035424464657 ) ) ;
#1803 = CARTESIAN_POINT ( 'NONE',  ( -0.6543141702976762453, 0.4000000000000000222, 2.333995034671359381 ) ) ;
#1804 = ORIENTED_EDGE ( 'NONE', *, *, #712, .T. ) ;
#1805 = CARTESIAN_POINT ( 'NONE',  ( 0.04980576194691325315, 0.4000000000000000222, 0.4397597589361201265 ) ) ;
#1806 = EDGE_LOOP ( 'NONE', ( #1912, #2377, #2168, #1690 ) ) ;
#1807 = CLOSED_SHELL ( 'NONE', ( #1255, #1430, #1540, #1946, #1766, #447, #350, #445, #2191, #1492, #1117, #188, #322, #368, #1737, #1105, #1461, #1360, #114, #1722, #1865, #1914, #1046, #1062, #22, #618, #1420, #1656, #1445, #97, #2315 ) ) ;
#1808 = FACE_OUTER_BOUND ( 'NONE', #147, .T. ) ;
#1809 = FACE_BOUND ( 'NONE', #2138, .T. ) ;
#1810 = CARTESIAN_POINT ( 'NONE',  ( -0.8275012825452021659, 0.4000000000000000222, 2.280650325876854900 ) ) ;
#1811 = CARTESIAN_POINT ( 'NONE',  ( -1.329254918167563915, 0.4000000000000000222, 1.983916950799454515 ) ) ;
#1812 = B_SPLINE_SURFACE_WITH_KNOTS ( 'NONE', 3, 1, ( 
 ( #1073, #885 ),
 ( #155, #1658 ),
 ( #1680, #1107 ),
 ( #308, #2420 ),
 ( #1856, #722 ),
 ( #122, #897 ),
 ( #2397, #1290 ),
 ( #2213, #511 ),
 ( #1268, #2020 ),
 ( #318, #733 ),
 ( #923, #1083 ) ),
 .UNSPECIFIED., .F., .F., .F.,
 ( 4, 1, 1, 1, 1, 1, 1, 1, 4 ),
 ( 2, 2 ),
 ( 0.000000000000000000, 0.1190740995003664038, 0.2358824122489697750, 0.3499123681096924510, 0.4645635106026431704, 0.5818044927262985277, 0.7069823708440025056, 0.8441888708972604682, 1.000000000000000000 ),
 ( 0.000000000000000000, 1.000000000000000000 ),
 .UNSPECIFIED. ) ;
#1813 = DIRECTION ( 'NONE',  ( -0.000000000000000000, -1.000000000000000000, -0.000000000000000000 ) ) ;
#1814 = EDGE_CURVE ( 'NONE', #2046, #1406, #2164, .T. ) ;
#1815 = CARTESIAN_POINT ( 'NONE',  ( 1.364951264624502114, 0.4000000000000000222, -2.000000000000000000 ) ) ;
#1816 = CARTESIAN_POINT ( 'NONE',  ( -1.207017469783062014, 0.4000000000000000222, 2.102610931541303074 ) ) ;
#1817 = ORIENTED_EDGE ( 'NONE', *, *, #1284, .T. ) ;
#1818 = B_SPLINE_CURVE_WITH_KNOTS ( 'NONE', 3,
 ( #1747, #25, #1146, #47, #1130, #807, #785, #986, #1558, #1696, #2079, #294, #1955, #433, #1595, #1810, #109, #1969, #872, #1242, #1219 ),
 .UNSPECIFIED., .F., .F.,
 ( 4, 1, 1, 1, 1, 1, 1, 1, 1, 1, 1, 1, 1, 1, 1, 1, 1, 1, 4 ),
 ( 0.000000000000000000, 0.04379402042414315410, 0.07937825733615888613, 0.1097660049712414626, 0.1357629371159047860, 0.1587806893059567903, 0.1796940903283828495, 0.2034971455830507925, 0.2349048987824120249, 0.2550594179131312478, 0.2805118513475772235, 0.3105577295648790925, 0.3463088682141611807, 0.4296815366228660671, 0.5267188686097379335, 0.6350944522770985978, 0.7512146186379660140, 0.8738169131251591892, 1.000000000000000000 ),
 .UNSPECIFIED. ) ;
#1819 = CARTESIAN_POINT ( 'NONE',  ( 0.2239920023999184828, 0.4000000000000000222, 1.080889997295304328 ) ) ;
#1820 = ORIENTED_EDGE ( 'NONE', *, *, #2011, .T. ) ;
#1821 = LINE ( 'NONE', #1435, #1447 ) ;
#1822 = CARTESIAN_POINT ( 'NONE',  ( -1.439948586856617307, 0.4000000000000000222, -1.635013031803704608 ) ) ;
#1823 = CARTESIAN_POINT ( 'NONE',  ( -1.369532054084340977, 0.000000000000000000, 1.490259328810275896 ) ) ;
#1824 = DIRECTION ( 'NONE',  ( 1.000000000000000000, 0.000000000000000000, -0.000000000000000000 ) ) ;
#1825 = CARTESIAN_POINT ( 'NONE',  ( 1.472061145160846962, 0.4000000000000000222, -1.918250208072729057 ) ) ;
#1826 = DIRECTION ( 'NONE',  ( 0.000000000000000000, 0.000000000000000000, -1.000000000000000000 ) ) ;
#1827 = ORIENTED_EDGE ( 'NONE', *, *, #51, .F. ) ;
#1828 = EDGE_CURVE ( 'NONE', #2189, #127, #1165, .T. ) ;
#1829 = CARTESIAN_POINT ( 'NONE',  ( 1.280552537173535121, 0.4000000000000000222, 0.8929424609810279190 ) ) ;
#1830 = ORIENTED_EDGE ( 'NONE', *, *, #2418, .F. ) ;
#1831 = LINE ( 'NONE', #1056, #1291 ) ;
#1832 = DIRECTION ( 'NONE',  ( 0.000000000000000000, -0.000000000000000000, 1.000000000000000000 ) ) ;
#1833 = SURFACE_STYLE_FILL_AREA ( #2409 ) ;
#1834 = FACE_OUTER_BOUND ( 'NONE', #468, .T. ) ;
#1835 = CARTESIAN_POINT ( 'NONE',  ( -1.303909620551843451, 0.4000000000000000222, 2.018746991594490670 ) ) ;
#1836 = CARTESIAN_POINT ( 'NONE',  ( 1.056791700231731523, 0.4000000000000000222, 2.014173678334721718 ) ) ;
#1837 = EDGE_LOOP ( 'NONE', ( #2380, #1630, #581, #2239 ) ) ;
#1838 = CARTESIAN_POINT ( 'NONE',  ( 0.9547156091466457717, 0.000000000000000000, 0.1618490902333113157 ) ) ;
#1839 = ORIENTED_EDGE ( 'NONE', *, *, #1900, .T. ) ;
#1840 = EDGE_CURVE ( 'NONE', #427, #802, #600, .T. ) ;
#1841 = CARTESIAN_POINT ( 'NONE',  ( 0.4145565649450869139, 0.000000000000000000, 2.370915896951341750 ) ) ;
#1842 = CIRCLE ( 'NONE', #458, 4.349999999999999645 ) ;
#1843 = CARTESIAN_POINT ( 'NONE',  ( -1.359473665717620960, 0.4000000000000000222, 1.416162587200118006 ) ) ;
#1844 = VECTOR ( 'NONE', #90, 1000.000000000000000 ) ;
#1845 = CARTESIAN_POINT ( 'NONE',  ( -0.04899825052498202327, 0.000000000000000000, 2.415842333026959832 ) ) ;
#1846 = FACE_OUTER_BOUND ( 'NONE', #1154, .T. ) ;
#1847 = CARTESIAN_POINT ( 'NONE',  ( 1.495116282519875162, 0.4000000000000000222, -1.490023895319741776 ) ) ;
#1848 = CARTESIAN_POINT ( 'NONE',  ( 0.08676475820539850115, 0.4000000000000000222, 1.439677842634454752 ) ) ;
#1849 = ORIENTED_EDGE ( 'NONE', *, *, #416, .F. ) ;
#1850 = CARTESIAN_POINT ( 'NONE',  ( -0.4241728077018487864, 0.4000000000000000222, 1.582209663157773116 ) ) ;
#1851 = CARTESIAN_POINT ( 'NONE',  ( 0.1977763388226135843, 0.4000000000000000222, 0.8180847349796850354 ) ) ;
#1852 = EDGE_LOOP ( 'NONE', ( #1580, #288, #1030, #1078, #334, #268, #793, #451, #979, #303, #93, #1506, #2292, #1323, #1889 ) ) ;
#1853 = EDGE_CURVE ( 'NONE', #1717, #1620, #948, .T. ) ;
#1854 = DIRECTION ( 'NONE',  ( 0.000000000000000000, 1.000000000000000000, -0.000000000000000000 ) ) ;
#1855 = CARTESIAN_POINT ( 'NONE',  ( -1.375950871885212035, 0.4000000000000000222, 1.684868432337941035 ) ) ;
#1856 = CARTESIAN_POINT ( 'NONE',  ( 0.1490925237922307856, 0.4000000000000000222, 1.364067272366148886 ) ) ;
#1857 = CARTESIAN_POINT ( 'NONE',  ( -1.313745240989664387, 0.4000000000000000222, 1.284987712655410785 ) ) ;
#1858 = CARTESIAN_POINT ( 'NONE',  ( -0.3299882178213081052, 0.4000000000000000222, 1.583872038398692172 ) ) ;
#1859 = CARTESIAN_POINT ( 'NONE',  ( 0.7503322603136658442, 0.4000000000000000222, -0.1149420601866166097 ) ) ;
#1860 = CARTESIAN_POINT ( 'NONE',  ( -1.258955049203112075, 0.4000000000000000222, 1.263883463541666030 ) ) ;
#1861 = CARTESIAN_POINT ( 'NONE',  ( 1.106374762649301680, 0.4000000000000000222, 0.4135894621412644634 ) ) ;
#1862 = VERTEX_POINT ( 'NONE', #193 ) ;
#1863 = LINE ( 'NONE', #945, #2401 ) ;
#1864 = CARTESIAN_POINT ( 'NONE',  ( 1.375737129655474122, 0.4000000000000000222, -1.998896558831749992 ) ) ;
#1865 = ADVANCED_FACE ( 'NONE', ( #1328 ), #1556, .T. ) ;
#1866 = CARTESIAN_POINT ( 'NONE',  ( 0.1566146397587653838, 0.000000000000000000, 0.6732423975849536335 ) ) ;
#1867 = DIRECTION ( 'NONE',  ( 0.000000000000000000, 0.000000000000000000, 1.000000000000000000 ) ) ;
#1868 = EDGE_CURVE ( 'NONE', #2450, #1271, #984, .T. ) ;
#1869 = CARTESIAN_POINT ( 'NONE',  ( 1.484653852550705366, 0.4000000000000000222, -1.428051082086727597 ) ) ;
#1870 = CARTESIAN_POINT ( 'NONE',  ( 0.008353365146479420356, 0.000000000000000000, 1.503649766048927416 ) ) ;
#1871 = CARTESIAN_POINT ( 'NONE',  ( -1.303909620551843451, 0.000000000000000000, 2.018746991594490670 ) ) ;
#1872 = CARTESIAN_POINT ( 'NONE',  ( -1.250868706142768794, 0.4000000000000000222, 1.264502685867128218 ) ) ;
#1873 = CARTESIAN_POINT ( 'NONE',  ( 1.165445164922567001, 0.000000000000000000, 0.5305577935324901073 ) ) ;
#1874 = VERTEX_POINT ( 'NONE', #417 ) ;
#1875 = CARTESIAN_POINT ( 'NONE',  ( 1.311953156913807206, 0.4000000000000000222, 1.278882927988088891 ) ) ;
#1876 = DIRECTION ( 'NONE',  ( 0.6813675717312719371, 0.000000000000000000, 0.7319414130878439950 ) ) ;
#1877 = ORIENTED_EDGE ( 'NONE', *, *, #2085, .T. ) ;
#1878 = CIRCLE ( 'NONE', #332, 4.049999999999998046 ) ;
#1879 = CARTESIAN_POINT ( 'NONE',  ( 1.364951264624502114, 0.4000000000000000222, -2.000000000000000000 ) ) ;
#1880 = CARTESIAN_POINT ( 'NONE',  ( -1.122366571513130129, 0.4000000000000000222, 1.325003869575238191 ) ) ;
#1881 = AXIS2_PLACEMENT_3D ( 'NONE', #208, #998, #1536 ) ;
#1882 = CARTESIAN_POINT ( 'NONE',  ( -1.439245034712617777, 0.4000000000000000222, -1.601007994209397767 ) ) ;
#1883 = VECTOR ( 'NONE', #590, 1000.000000000000000 ) ;
#1884 = CARTESIAN_POINT ( 'NONE',  ( -0.08904801796822529869, 0.4000000000000000222, 1.549215472332171384 ) ) ;
#1885 = EDGE_CURVE ( 'NONE', #2126, #1862, #536, .T. ) ;
#1886 = CARTESIAN_POINT ( 'NONE',  ( 0.3227602950983564090, 0.4000000000000000222, -0.6007412898562914938 ) ) ;
#1887 = CARTESIAN_POINT ( 'NONE',  ( -0.5996652218306767201, 0.4000000000000000222, 1.557205822608034529 ) ) ;
#1888 = CARTESIAN_POINT ( 'NONE',  ( -1.439948586856617530, 0.000000000000000000, -1.635013031803704830 ) ) ;
#1889 = ORIENTED_EDGE ( 'NONE', *, *, #279, .F. ) ;
#1890 = CARTESIAN_POINT ( 'NONE',  ( 1.280552537173535121, 0.4000000000000000222, 0.8929424609810279190 ) ) ;
#1891 = LINE ( 'NONE', #2293, #862 ) ;
#1892 = CARTESIAN_POINT ( 'NONE',  ( -0.0001099017923228263300, -5.421010862427522170E-17, 0.3529850787482262664 ) ) ;
#1893 = PRODUCT_DEFINITION_CONTEXT ( 'detailed design', #904, 'design' ) ;
#1894 = CARTESIAN_POINT ( 'NONE',  ( 1.503855039287026685, -0.000000000000000000, -1.617310390206483151 ) ) ;
#1895 = CARTESIAN_POINT ( 'NONE',  ( 1.503946301828022580, 0.4000000000000000222, -1.646012639064414973 ) ) ;
#1896 = CARTESIAN_POINT ( 'NONE',  ( -0.3736820135121893816, -5.421010862427522170E-17, -0.1511850886402051064 ) ) ;
#1897 = CARTESIAN_POINT ( 'NONE',  ( -1.217956513049555545, 0.000000000000000000, -1.060033561357485832 ) ) ;
#1898 = CARTESIAN_POINT ( 'NONE',  ( -1.375006138128043842, 0.4000000000000000222, 1.581791825735552326 ) ) ;
#1899 = CARTESIAN_POINT ( 'NONE',  ( -1.395715272017991504, 0.000000000000000000, -1.307311278368958218 ) ) ;
#1900 = EDGE_CURVE ( 'NONE', #1139, #314, #1510, .T. ) ;
#1901 = CARTESIAN_POINT ( 'NONE',  ( -1.431888841403253787, 0.000000000000000000, -1.450483652896451758 ) ) ;
#1902 = VERTEX_POINT ( 'NONE', #2104 ) ;
#1903 = FACE_OUTER_BOUND ( 'NONE', #202, .T. ) ;
#1904 = DIRECTION ( 'NONE',  ( -0.6958849567674446623, 0.000000000000000000, -0.7181532753840029759 ) ) ;
#1905 = CARTESIAN_POINT ( 'NONE',  ( -1.181313286424234388, 0.000000000000000000, -1.999513936705184847 ) ) ;
#1906 = CARTESIAN_POINT ( 'NONE',  ( 1.503684812302531482, 0.4000000000000000222, -1.563773668370709968 ) ) ;
#1907 = B_SPLINE_CURVE_WITH_KNOTS ( 'NONE', 3,
 ( #1066, #966, #1110, #1150, #776, #2433, #1490, #1136, #14, #1714, #2274, #1859, #2098, #953, #1886, #1528, #589 ),
 .UNSPECIFIED., .F., .F.,
 ( 4, 1, 1, 1, 1, 1, 1, 1, 1, 1, 1, 1, 1, 1, 4 ),
 ( 0.000000000000000000, 0.08676398741854557395, 0.1730825210102859002, 0.2174161023636817236, 0.2641758710344836447, 0.3142881637312707199, 0.3679258763677660249, 0.4254958286875710760, 0.4882803729081047761, 0.5560840280760110943, 0.6290356780713680651, 0.7087123511461398406, 0.7971966633485703113, 0.8942658614569144460, 1.000000000000000000 ),
 .UNSPECIFIED. ) ;
#1908 = CARTESIAN_POINT ( 'NONE',  ( 0.2193434073825115682, -5.421010862427522170E-17, 0.9525483126017884050 ) ) ;
#1909 = CARTESIAN_POINT ( 'NONE',  ( -0.1211750158373710862, 0.4000000000000000222, 0.1659767382961744031 ) ) ;
#1910 = CARTESIAN_POINT ( 'NONE',  ( -1.258955049203112075, 0.000000000000000000, 1.263883463541666030 ) ) ;
#1911 = CARTESIAN_POINT ( 'NONE',  ( -1.439245034712617777, 0.4000000000000000222, -1.601007994209397767 ) ) ;
#1912 = ORIENTED_EDGE ( 'NONE', *, *, #920, .T. ) ;
#1913 = CARTESIAN_POINT ( 'NONE',  ( 1.503796634493013151, 0.4000000000000000222, -1.675709231433726742 ) ) ;
#1914 = ADVANCED_FACE ( 'NONE', ( #2318 ), #2359, .T. ) ;
#1915 = EDGE_LOOP ( 'NONE', ( #1827, #716, #2089, #831 ) ) ;
#1916 = CARTESIAN_POINT ( 'NONE',  ( 0.04980576194691325315, 0.4000000000000000222, 0.4397597589361201265 ) ) ;
#1917 = CARTESIAN_POINT ( 'NONE',  ( 1.503946301828022580, 0.000000000000000000, -1.646012639064414973 ) ) ;
#1918 = DIRECTION ( 'NONE',  ( -0.000000000000000000, -1.000000000000000000, -0.000000000000000000 ) ) ;
#1919 = FACE_OUTER_BOUND ( 'NONE', #1086, .T. ) ;
#1920 = CARTESIAN_POINT ( 'NONE',  ( -1.238197206551705731, -0.000000000000000000, -1.082141795552072905 ) ) ;
#1921 = AXIS2_PLACEMENT_3D ( 'NONE', #1426, #1039, #2173 ) ;
#1922 = CARTESIAN_POINT ( 'NONE',  ( 0.9768270938798540026, 0.000000000000000000, 2.093884489684724404 ) ) ;
#1923 = AXIS2_PLACEMENT_3D ( 'NONE', #55, #278, #1743 ) ;
#1924 = DIRECTION ( 'NONE',  ( 0.000000000000000000, 0.000000000000000000, 1.000000000000000000 ) ) ;
#1925 = VERTEX_POINT ( 'NONE', #2181 ) ;
#1926 = CARTESIAN_POINT ( 'NONE',  ( 1.126183469312230123, 0.4000000000000000222, 1.926723625495435410 ) ) ;
#1927 = ORIENTED_EDGE ( 'NONE', *, *, #2011, .F. ) ;
#1928 = CARTESIAN_POINT ( 'NONE',  ( 0.1479947158713745825, 0.4000000000000000222, -0.7800435583575880960 ) ) ;
#1929 = CARTESIAN_POINT ( 'NONE',  ( -1.439198718730649640, -0.000000000000000000, -1.670030243967590922 ) ) ;
#1930 = CARTESIAN_POINT ( 'NONE',  ( -1.250868706142768794, 0.4000000000000000222, 1.264502685867128218 ) ) ;
#1931 = CARTESIAN_POINT ( 'NONE',  ( 0.2239920023999184828, 0.4000000000000000222, 1.080889997295304328 ) ) ;
#1932 = ADVANCED_FACE ( 'NONE', ( #1756 ), #1240, .F. ) ;
#1933 = CARTESIAN_POINT ( 'NONE',  ( 1.231167287517722198, 0.4000000000000000222, 1.730209237946816803 ) ) ;
#1934 = CARTESIAN_POINT ( 'NONE',  ( -0.3519874323427286678, 0.000000000000000000, -1.296025135314542664 ) ) ;
#1935 = B_SPLINE_CURVE_WITH_KNOTS ( 'NONE', 3,
 ( #1670, #1659, #2421, #760, #354, #1501, #1869, #1847, #328, #747, #1513 ),
 .UNSPECIFIED., .F., .F.,
 ( 4, 1, 1, 1, 1, 1, 1, 1, 4 ),
 ( 0.000000000000000000, 0.07750016113402444229, 0.1556257787625622002, 0.2436747312468897086, 0.3446290407118454691, 0.4672959835762097169, 0.6160571621708931245, 0.7941595506651271119, 0.9999999999999998890 ),
 .UNSPECIFIED. ) ;
#1936 = DIRECTION ( 'NONE',  ( 0.000000000000000000, 0.000000000000000000, 1.000000000000000000 ) ) ;
#1937 = CARTESIAN_POINT ( 'NONE',  ( -1.122366571513130129, 0.000000000000000000, 1.325003869575238191 ) ) ;
#1938 = ORIENTED_EDGE ( 'NONE', *, *, #723, .F. ) ;
#1939 = CARTESIAN_POINT ( 'NONE',  ( 0.1490925237922307856, 0.4000000000000000222, 1.364067272366148886 ) ) ;
#1940 = ORIENTED_EDGE ( 'NONE', *, *, #1315, .F. ) ;
#1941 = LINE ( 'NONE', #2356, #1453 ) ;
#1942 = CARTESIAN_POINT ( 'NONE',  ( 1.503946301828022580, 0.000000000000000000, -1.646012639064414973 ) ) ;
#1943 = DIRECTION ( 'NONE',  ( -0.000000000000000000, -1.000000000000000000, -0.000000000000000000 ) ) ;
#1944 = CARTESIAN_POINT ( 'NONE',  ( 0.2193434073825115682, 0.4000000000000000222, 0.9525483126017884050 ) ) ;
#1945 = CARTESIAN_POINT ( 'NONE',  ( 0.5484791751841316954, 0.000000000000000000, 2.332310401831982016 ) ) ;
#1946 = ADVANCED_FACE ( 'NONE', ( #469 ), #870, .F. ) ;
#1947 = CARTESIAN_POINT ( 'NONE',  ( 0.7845709959655736698, 0.000000000000000000, 2.230714038065635396 ) ) ;
#1948 = CARTESIAN_POINT ( 'NONE',  ( 1.309510378798593555, 0.000000000000000000, 1.396730745918821626 ) ) ;
#1949 = CARTESIAN_POINT ( 'NONE',  ( 0.8594361635379685893, 0.000000000000000000, 0.02686423546831087639 ) ) ;
#1950 = EDGE_LOOP ( 'NONE', ( #2216, #241, #729, #969 ) ) ;
#1951 = CARTESIAN_POINT ( 'NONE',  ( -1.439948586856617307, 0.000000000000000000, -1.635013031803704608 ) ) ;
#1952 = ORIENTED_EDGE ( 'NONE', *, *, #1840, .T. ) ;
#1953 = DIRECTION ( 'NONE',  ( -1.000000000000000000, 0.000000000000000000, 0.000000000000000000 ) ) ;
#1954 = CARTESIAN_POINT ( 'NONE',  ( -1.224943687711999019, 0.000000000000000000, -1.998605888256103302 ) ) ;
#1955 = CARTESIAN_POINT ( 'NONE',  ( -1.163511995256536924, 0.4000000000000000222, 2.130041563187643039 ) ) ;
#1956 = CARTESIAN_POINT ( 'NONE',  ( -1.313745240989664387, 0.4000000000000000222, 1.284987712655410785 ) ) ;
#1957 = CARTESIAN_POINT ( 'NONE',  ( 0.2187117665654125798, 0.000000000000000000, 1.180763892499397061 ) ) ;
#1958 = CARTESIAN_POINT ( 'NONE',  ( -1.232842043170191637, 0.000000000000000000, 1.265883101227063268 ) ) ;
#1959 = EDGE_CURVE ( 'NONE', #330, #842, #987, .T. ) ;
#1960 = VECTOR ( 'NONE', #933, 1000.000000000000000 ) ;
#1961 = CARTESIAN_POINT ( 'NONE',  ( -1.275231611431123735, 0.000000000000000000, 2.050212392110437154 ) ) ;
#1962 = CARTESIAN_POINT ( 'NONE',  ( 1.036919582541268037, 0.000000000000000000, 0.2906146293782671530 ) ) ;
#1963 = ORIENTED_EDGE ( 'NONE', *, *, #633, .F. ) ;
#1964 = AXIS2_PLACEMENT_3D ( 'NONE', #2381, #1055, #683 ) ;
#1965 = LINE ( 'NONE', #267, #2404 ) ;
#1966 = VERTEX_POINT ( 'NONE', #1607 ) ;
#1967 = DIRECTION ( 'NONE',  ( 0.000000000000000000, 0.000000000000000000, 1.000000000000000000 ) ) ;
#1968 = DIRECTION ( 'NONE',  ( 0.000000000000000000, 0.000000000000000000, -1.000000000000000000 ) ) ;
#1969 = CARTESIAN_POINT ( 'NONE',  ( -0.4639793380369840459, 0.4000000000000000222, 2.379209561102449744 ) ) ;
#1970 = CARTESIAN_POINT ( 'NONE',  ( -1.371523325992450415, 0.4000000000000000222, 1.815972977081918627 ) ) ;
#1971 = CARTESIAN_POINT ( 'NONE',  ( -1.217956513049555545, 0.000000000000000000, -1.060033561357485832 ) ) ;
#1972 = CARTESIAN_POINT ( 'NONE',  ( 1.503946301828022580, 0.4000000000000000222, -1.646012639064414973 ) ) ;
#1973 = CARTESIAN_POINT ( 'NONE',  ( 2.565151067676131547, 1.999999999999998224, 1.649999999999999911 ) ) ;
#1974 = CARTESIAN_POINT ( 'NONE',  ( 1.306091410615025872, 0.000000000000000000, 1.067958786193640375 ) ) ;
#1975 = EDGE_LOOP ( 'NONE', ( #2277, #1187, #542, #653 ) ) ;
#1976 = B_SPLINE_SURFACE_WITH_KNOTS ( 'NONE', 3, 1, ( 
 ( #1575, #1775 ),
 ( #638, #1026 ),
 ( #2109, #261 ),
 ( #412, #2135 ),
 ( #2149, #448 ),
 ( #2325, #626 ),
 ( #1391, #64 ),
 ( #436, #1184 ),
 ( #1761, #826 ),
 ( #1208, #2338 ),
 ( #1195, #837 ),
 ( #789, #1348 ),
 ( #977, #1958 ),
 ( #2099, #1728 ),
 ( #424, #1910 ) ),
 .UNSPECIFIED., .F., .F., .F.,
 ( 4, 1, 1, 1, 1, 1, 1, 1, 1, 1, 1, 1, 4 ),
 ( 2, 2 ),
 ( 0.000000000000000000, 0.09632968593450158545, 0.1870449049149951193, 0.2737923683049425794, 0.3557765738543074985, 0.5083857306672145970, 0.6456829527214201780, 0.7659903311154179217, 0.8681627770293165458, 0.9104770572793997596, 0.9459223180760689687, 0.9757420056829014809, 1.000000000000000000 ),
 ( 0.000000000000000000, 1.000000000000000000 ),
 .UNSPECIFIED. ) ;
#1977 = CARTESIAN_POINT ( 'NONE',  ( -0.08904801796822529869, 0.4000000000000000222, 1.549215472332171384 ) ) ;
#1978 = ORIENTED_EDGE ( 'NONE', *, *, #1522, .F. ) ;
#1979 = CARTESIAN_POINT ( 'NONE',  ( -0.4639793380369840459, 0.000000000000000000, 2.379209561102449744 ) ) ;
#1980 = CARTESIAN_POINT ( 'NONE',  ( 1.364825015433529076, 0.4000000000000000222, -1.296947224090353901 ) ) ;
#1981 = CARTESIAN_POINT ( 'NONE',  ( 0.1977763388226135843, 0.000000000000000000, 0.8180847349796850354 ) ) ;
#1982 = CARTESIAN_POINT ( 'NONE',  ( -0.4639793380369840459, 0.4000000000000000222, 2.379209561102449744 ) ) ;
#1983 = CARTESIAN_POINT ( 'NONE',  ( 0.008353365146479420356, 0.000000000000000000, 1.503649766048927416 ) ) ;
#1984 = CARTESIAN_POINT ( 'NONE',  ( -1.275231611431123735, 0.4000000000000000222, 2.050212392110437154 ) ) ;
#1985 = DIRECTION ( 'NONE',  ( -0.6958849567674446623, 0.000000000000000000, -0.7181532753840029759 ) ) ;
#1986 = ORIENTED_EDGE ( 'NONE', *, *, #2100, .T. ) ;
#1987 = FACE_OUTER_BOUND ( 'NONE', #791, .T. ) ;
#1988 = VERTEX_POINT ( 'NONE', #2344 ) ;
#1989 = LINE ( 'NONE', #1201, #65 ) ;
#1990 = EDGE_CURVE ( 'NONE', #1467, #179, #262, .T. ) ;
#1991 = CARTESIAN_POINT ( 'NONE',  ( -1.375950871885212035, 0.000000000000000000, 1.684868432337941035 ) ) ;
#1992 = DIRECTION ( 'NONE',  ( 0.000000000000000000, 0.000000000000000000, 1.000000000000000000 ) ) ;
#1993 = CARTESIAN_POINT ( 'NONE',  ( 1.503684812302531482, 0.4000000000000000222, -1.563773668370709968 ) ) ;
#1994 = CARTESIAN_POINT ( 'NONE',  ( 1.353951657363791750, 0.4000000000000000222, -1.296025135314542664 ) ) ;
#1995 = B_SPLINE_SURFACE_WITH_KNOTS ( 'NONE', 3, 1, ( 
 ( #1343, #571 ),
 ( #796, #1354 ),
 ( #11, #1364 ),
 ( #1512, #597 ),
 ( #2297, #1158 ),
 ( #2118, #36 ),
 ( #195, #221 ),
 ( #1317, #420 ),
 ( #1906, #409 ),
 ( #773, #950 ),
 ( #1895, #1525 ) ),
 .UNSPECIFIED., .F., .F., .F.,
 ( 4, 1, 1, 1, 1, 1, 1, 1, 4 ),
 ( 2, 2 ),
 ( 0.000000000000000000, 0.07750016113402444229, 0.1556257787625622002, 0.2436747312468897086, 0.3446290407118454691, 0.4672959835762097169, 0.6160571621708931245, 0.7941595506651271119, 0.9999999999999998890 ),
 ( 0.000000000000000000, 1.000000000000000000 ),
 .UNSPECIFIED. ) ;
#1996 = CARTESIAN_POINT ( 'NONE',  ( -1.329254918167563915, 0.4000000000000000222, 1.983916950799454515 ) ) ;
#1997 = CARTESIAN_POINT ( 'NONE',  ( -1.217956513049555545, 0.4000000000000000222, -1.060033561357485832 ) ) ;
#1998 = ORIENTED_EDGE ( 'NONE', *, *, #1477, .T. ) ;
#1999 = AXIS2_PLACEMENT_3D ( 'NONE', #118, #1854, #507 ) ;
#2000 = B_SPLINE_CURVE_WITH_KNOTS ( 'NONE', 3,
 ( #1757, #1980, #282, #58, #1412, #1047, #470, #83, #857, #1202, #95 ),
 .UNSPECIFIED., .F., .F.,
 ( 4, 1, 1, 1, 1, 1, 1, 1, 4 ),
 ( 0.000000000000000000, 0.07750016113402444229, 0.1556257787625622002, 0.2436747312468897086, 0.3446290407118454691, 0.4672959835762097169, 0.6160571621708931245, 0.7941595506651271119, 0.9999999999999998890 ),
 .UNSPECIFIED. ) ;
#2001 = CARTESIAN_POINT ( 'NONE',  ( -0.4417720730669424389, 0.4000000000000000222, -0.2255870560241160505 ) ) ;
#2002 = ORIENTED_EDGE ( 'NONE', *, *, #1389, .F. ) ;
#2003 = VECTOR ( 'NONE', #728, 1000.000000000000000 ) ;
#2004 = VECTOR ( 'NONE', #1666, 1000.000000000000000 ) ;
#2005 = DIRECTION ( 'NONE',  ( -0.000000000000000000, -1.000000000000000000, -0.000000000000000000 ) ) ;
#2006 = CARTESIAN_POINT ( 'NONE',  ( 1.397106460815331186, 0.4000000000000000222, -1.996710382788193128 ) ) ;
#2007 = EDGE_CURVE ( 'NONE', #906, #816, #1941, .T. ) ;
#2008 = CARTESIAN_POINT ( 'NONE',  ( -1.348244131697871717, 0.000000000000000000, 1.358394833554781522 ) ) ;
#2009 =( LENGTH_UNIT ( ) NAMED_UNIT ( * ) SI_UNIT ( .MILLI., .METRE. ) );
#2010 = CARTESIAN_POINT ( 'NONE',  ( -1.250868706142768794, 0.4000000000000000222, 1.264502685867128218 ) ) ;
#2011 = EDGE_CURVE ( 'NONE', #2332, #2391, #1989, .T. ) ;
#2012 = CARTESIAN_POINT ( 'NONE',  ( 1.503796634493013151, 0.4000000000000000222, -1.675709231433726742 ) ) ;
#2013 = FACE_OUTER_BOUND ( 'NONE', #1395, .T. ) ;
#2014 = ORIENTED_EDGE ( 'NONE', *, *, #336, .F. ) ;
#2015 = CARTESIAN_POINT ( 'NONE',  ( -1.157958655263862990, 0.000000000000000000, -2.000000000000000000 ) ) ;
#2016 = EDGE_LOOP ( 'NONE', ( #1286, #392, #554, #1791 ) ) ;
#2017 = CARTESIAN_POINT ( 'NONE',  ( 0.2695019763408006419, 0.000000000000000000, 2.397082982618199853 ) ) ;
#2018 = LINE ( 'NONE', #338, #2004 ) ;
#2019 = CARTESIAN_POINT ( 'NONE',  ( -0.1211750158373710862, 0.000000000000000000, 0.1659767382961744031 ) ) ;
#2020 = CARTESIAN_POINT ( 'NONE',  ( -0.2035937903802550741, 0.000000000000000000, 1.579115128108499633 ) ) ;
#2021 = EDGE_CURVE ( 'NONE', #2332, #314, #242, .T. ) ;
#2022 = CARTESIAN_POINT ( 'NONE',  ( -1.089415302980122346, 0.4000000000000000222, 2.169731560706411155 ) ) ;
#2023 = CARTESIAN_POINT ( 'NONE',  ( 0.7845709959655736698, 0.4000000000000000222, 2.230714038065635396 ) ) ;
#2024 = EDGE_CURVE ( 'NONE', #2447, #1651, #1385, .T. ) ;
#2025 = VERTEX_POINT ( 'NONE', #1423 ) ;
#2026 = CARTESIAN_POINT ( 'NONE',  ( 1.306091410615025872, 0.4000000000000000222, 1.067958786193640375 ) ) ;
#2027 = VERTEX_POINT ( 'NONE', #291 ) ;
#2028 = CARTESIAN_POINT ( 'NONE',  ( 0.1137084690288938243, 0.4000000000000000222, 2.413465576164745663 ) ) ;
#2029 = CARTESIAN_POINT ( 'NONE',  ( -1.369532054084340977, 0.4000000000000000222, 1.490259328810275896 ) ) ;
#2030 = CARTESIAN_POINT ( 'NONE',  ( 0.04980576194691325315, 0.000000000000000000, 0.4397597589361201265 ) ) ;
#2031 = CARTESIAN_POINT ( 'NONE',  ( -0.5996652218306767201, 0.000000000000000000, 1.557205822608034529 ) ) ;
#2032 = CARTESIAN_POINT ( 'NONE',  ( -1.437946587035864532, 0.4000000000000000222, -1.538249657902997392 ) ) ;
#2033 = DIRECTION ( 'NONE',  ( 0.000000000000000000, -1.000000000000000000, 0.000000000000000000 ) ) ;
#2034 = ORIENTED_EDGE ( 'NONE', *, *, #347, .F. ) ;
#2035 = CARTESIAN_POINT ( 'NONE',  ( -1.363372901273212978, 0.000000000000000000, -1.246306319270333640 ) ) ;
#2036 = ADVANCED_FACE ( 'NONE', ( #1808 ), #254, .F. ) ;
#2037 = CARTESIAN_POINT ( 'NONE',  ( 1.210908684254397905, 0.000000000000000000, 0.6440059841012557573 ) ) ;
#2038 = VERTEX_POINT ( 'NONE', #1216 ) ;
#2039 = CARTESIAN_POINT ( 'NONE',  ( 0.8860482839845158498, 0.4000000000000000222, 2.166433060145051215 ) ) ;
#2040 = CARTESIAN_POINT ( 'NONE',  ( -1.375006138128043842, 0.4000000000000000222, 1.581791825735552326 ) ) ;
#2041 = VECTOR ( 'NONE', #1517, 1000.000000000000114 ) ;
#2042 = CARTESIAN_POINT ( 'NONE',  ( 1.353951657363791750, 0.000000000000000000, -1.296025135314542664 ) ) ;
#2043 = CARTESIAN_POINT ( 'NONE',  ( -0.5996652218306767201, 0.4000000000000000222, 1.557205822608034529 ) ) ;
#2044 = CARTESIAN_POINT ( 'NONE',  ( -1.287866310602100883, -5.421010862427522170E-17, 1.266469453571901216 ) ) ;
#2045 = CARTESIAN_POINT ( 'NONE',  ( -0.3299882178213081052, 0.000000000000000000, 1.583872038398692172 ) ) ;
#2046 = VERTEX_POINT ( 'NONE', #563 ) ;
#2047 = CARTESIAN_POINT ( 'NONE',  ( 0.7503322603136658442, 0.000000000000000000, -0.1149420601866166097 ) ) ;
#2048 = CARTESIAN_POINT ( 'NONE',  ( 1.306091410615025872, 0.4000000000000000222, 1.067958786193640375 ) ) ;
#2049 = ADVANCED_FACE ( 'NONE', ( #1321 ), #495, .F. ) ;
#2050 = ORIENTED_EDGE ( 'NONE', *, *, #477, .T. ) ;
#2051 = LINE ( 'NONE', #1114, #2321 ) ;
#2052 = CARTESIAN_POINT ( 'NONE',  ( 1.472061145160846962, 0.000000000000000000, -1.918250208072729057 ) ) ;
#2053 = EDGE_CURVE ( 'NONE', #1397, #1068, #1393, .T. ) ;
#2054 = CARTESIAN_POINT ( 'NONE',  ( -0.3736820135121893816, 0.000000000000000000, -0.1511850886402051064 ) ) ;
#2055 = CARTESIAN_POINT ( 'NONE',  ( 0.1479947158713745825, 0.4000000000000000222, -0.7800435583575880960 ) ) ;
#2056 = B_SPLINE_CURVE_WITH_KNOTS ( 'NONE', 3,
 ( #435, #423, #1699, #397, #798, #1945, #952, #2097, #13, #2288, #610, #2455, #1514, #990, #573, #198, #1366, #1160, #1726 ),
 .UNSPECIFIED., .F., .F.,
 ( 4, 1, 1, 1, 1, 1, 1, 1, 1, 1, 1, 1, 1, 1, 1, 1, 4 ),
 ( 0.000000000000000000, 0.08280625327774163158, 0.1605009570115931983, 0.2340416456983340221, 0.3030099687333678293, 0.3686634304020092734, 0.4308774826825809146, 0.4904959200961371280, 0.5479634544286922093, 0.6043743656829380084, 0.6590394930498949533, 0.7145373555973003610, 0.7700822341126956072, 0.8263718195790527021, 0.8832151728887061015, 0.9406134483418242542, 1.000000000000000000 ),
 .UNSPECIFIED. ) ;
#2057 = CARTESIAN_POINT ( 'NONE',  ( -1.348244131697871717, 0.4000000000000000222, 1.358394833554781522 ) ) ;
#2058 = CARTESIAN_POINT ( 'NONE',  ( -1.250868706142768794, -0.000000000000000000, 1.264502685867128218 ) ) ;
#2059 = CARTESIAN_POINT ( 'NONE',  ( -1.375911861346498455, 0.000000000000000000, 1.754272849999809702 ) ) ;
#2060 = DIRECTION ( 'NONE',  ( 1.000000000000000000, 0.000000000000000000, 0.000000000000000000 ) ) ;
#2061 = LINE ( 'NONE', #358, #1020 ) ;
#2062 = VERTEX_POINT ( 'NONE', #2261 ) ;
#2063 = DIRECTION ( 'NONE',  ( 0.000000000000000000, 0.000000000000000000, 1.000000000000000000 ) ) ;
#2064 = CARTESIAN_POINT ( 'NONE',  ( 0.6715970288145020062, 0.4000000000000000222, 2.285498208758889760 ) ) ;
#2065 = CARTESIAN_POINT ( 'NONE',  ( -1.224943687711999019, 0.000000000000000000, -1.998605888256103302 ) ) ;
#2066 = CARTESIAN_POINT ( 'NONE',  ( -1.172462711261192503, 0.4000000000000000222, 1.292012095134142058 ) ) ;
#2067 = CARTESIAN_POINT ( 'NONE',  ( -1.348244131697871717, -5.421010862427522170E-17, 1.358394833554781522 ) ) ;
#2068 = CARTESIAN_POINT ( 'NONE',  ( -1.437946587035864532, 0.4000000000000000222, -1.538249657902997392 ) ) ;
#2069 = CARTESIAN_POINT ( 'NONE',  ( -1.357104508504098472, 0.000000000000000000, 1.911433051327473986 ) ) ;
#2070 = CARTESIAN_POINT ( 'NONE',  ( -1.439245034712617777, 0.000000000000000000, -1.601007994209397767 ) ) ;
#2071 = CARTESIAN_POINT ( 'NONE',  ( 1.280552537173535121, 0.4000000000000000222, 0.8929424609810279190 ) ) ;
#2072 = ORIENTED_EDGE ( 'NONE', *, *, #2206, .F. ) ;
#2073 = CARTESIAN_POINT ( 'NONE',  ( 0.000000000000000000, 1.999999999999998224, 0.000000000000000000 ) ) ;
#2074 = CARTESIAN_POINT ( 'NONE',  ( 1.183750037892273399, 0.000000000000000000, 1.831780781803811209 ) ) ;
#2075 = ORIENTED_EDGE ( 'NONE', *, *, #1417, .T. ) ;
#2076 = CARTESIAN_POINT ( 'NONE',  ( 1.364951264624502114, 0.4000000000000000222, -2.000000000000000000 ) ) ;
#2077 = COLOUR_RGB ( '',0.7921568627450980005, 0.8196078431372548767, 0.9333333333333333481 ) ;
#2078 = CARTESIAN_POINT ( 'NONE',  ( -1.439948586856617307, 0.4000000000000000222, -1.635013031803704608 ) ) ;
#2079 = CARTESIAN_POINT ( 'NONE',  ( -1.241920999244936930, 0.4000000000000000222, 2.078117721221027114 ) ) ;
#2080 = EDGE_CURVE ( 'NONE', #161, #1139, #176, .T. ) ;
#2081 = VECTOR ( 'NONE', #2217, 1000.000000000000000 ) ;
#2082 = CARTESIAN_POINT ( 'NONE',  ( -2.565151067676131547, 20.00000000000000000, 1.649999999999999911 ) ) ;
#2083 = AXIS2_PLACEMENT_3D ( 'NONE', #672, #632, #1967 ) ;
#2084 = CARTESIAN_POINT ( 'NONE',  ( -1.337523452978791161, 0.000000000000000000, -1.969798779054436455 ) ) ;
#2085 = EDGE_CURVE ( 'NONE', #314, #2025, #1308, .T. ) ;
#2086 = CARTESIAN_POINT ( 'NONE',  ( -1.375950871885212035, -5.421010862427522170E-17, 1.684868432337941035 ) ) ;
#2087 = CARTESIAN_POINT ( 'NONE',  ( 1.309995891891493125, -0.000000000000000000, 1.208454351919946879 ) ) ;
#2088 = CARTESIAN_POINT ( 'NONE',  ( 1.280552537173535121, 0.000000000000000000, 0.8929424609810279190 ) ) ;
#2089 = ORIENTED_EDGE ( 'NONE', *, *, #2195, .T. ) ;
#2090 = B_SPLINE_CURVE_WITH_KNOTS ( 'NONE', 3,
 ( #2042, #339, #121, #1667, #10, #419, #784, #1524, #1145, #194, #408 ),
 .UNSPECIFIED., .F., .F.,
 ( 4, 1, 1, 1, 1, 1, 1, 1, 4 ),
 ( 0.000000000000000000, 0.07750016113402444229, 0.1556257787625622002, 0.2436747312468897086, 0.3446290407118454691, 0.4672959835762097169, 0.6160571621708931245, 0.7941595506651271119, 0.9999999999999998890 ),
 .UNSPECIFIED. ) ;
#2091 = FACE_OUTER_BOUND ( 'NONE', #1915, .T. ) ;
#2092 = ORIENTED_EDGE ( 'NONE', *, *, #2378, .T. ) ;
#2093 = CARTESIAN_POINT ( 'NONE',  ( -1.437844272851934946, 0.4000000000000000222, -1.733279923553957325 ) ) ;
#2094 = FACE_OUTER_BOUND ( 'NONE', #1260, .T. ) ;
#2095 = CARTESIAN_POINT ( 'NONE',  ( -1.047088338247899042, 0.4000000000000000222, 1.370419263196841930 ) ) ;
#2096 = CARTESIAN_POINT ( 'NONE',  ( 1.353951657363791750, 0.000000000000000000, -1.296025135314542664 ) ) ;
#2097 = CARTESIAN_POINT ( 'NONE',  ( 0.7845709959655736698, 0.000000000000000000, 2.230714038065635396 ) ) ;
#2098 = CARTESIAN_POINT ( 'NONE',  ( 0.6262367992909766423, 0.4000000000000000222, -0.2662610192260099207 ) ) ;
#2099 = CARTESIAN_POINT ( 'NONE',  ( -1.250868706142768794, 0.4000000000000000222, 1.264502685867128218 ) ) ;
#2100 = EDGE_CURVE ( 'NONE', #179, #1467, #1257, .T. ) ;
#2101 = FACE_OUTER_BOUND ( 'NONE', #1359, .T. ) ;
#2102 = EDGE_LOOP ( 'NONE', ( #1228, #300, #1708, #957 ) ) ;
#2103 = CARTESIAN_POINT ( 'NONE',  ( 1.231167287517722198, 0.4000000000000000222, 1.730209237946816803 ) ) ;
#2104 = CARTESIAN_POINT ( 'NONE',  ( 2.565151067676131547, 20.00000000000000000, 1.649999999999999911 ) ) ;
#2105 = CARTESIAN_POINT ( 'NONE',  ( -1.379494230206715244, 0.000000000000000000, -1.935892980519779982 ) ) ;
#2106 = LINE ( 'NONE', #1736, #941 ) ;
#2107 = CARTESIAN_POINT ( 'NONE',  ( 1.231167287517722198, 0.4000000000000000222, 1.730209237946816803 ) ) ;
#2108 = DIRECTION ( 'NONE',  ( 0.000000000000000000, 1.000000000000000000, 0.000000000000000000 ) ) ;
#2109 = CARTESIAN_POINT ( 'NONE',  ( -0.4241728077018487864, 0.4000000000000000222, 1.582209663157773116 ) ) ;
#2110 = CARTESIAN_POINT ( 'NONE',  ( -0.5996652218306767201, 0.000000000000000000, 1.557205822608034529 ) ) ;
#2111 = VERTEX_POINT ( 'NONE', #763 ) ;
#2112 = EDGE_CURVE ( 'NONE', #1862, #1988, #1002, .T. ) ;
#2113 = CARTESIAN_POINT ( 'NONE',  ( 1.056791700231731523, 0.4000000000000000222, 2.014173678334721718 ) ) ;
#2114 = ORIENTED_EDGE ( 'NONE', *, *, #2331, .F. ) ;
#2115 = EDGE_CURVE ( 'NONE', #42, #816, #1379, .T. ) ;
#2116 = CARTESIAN_POINT ( 'NONE',  ( -1.439948586856617307, 0.4000000000000000222, -1.635013031803704608 ) ) ;
#2117 = CARTESIAN_POINT ( 'NONE',  ( 1.484653852550705366, 0.000000000000000000, -1.428051082086727597 ) ) ;
#2118 = CARTESIAN_POINT ( 'NONE',  ( 1.466398066736739114, 0.4000000000000000222, -1.379302909175204928 ) ) ;
#2119 = CARTESIAN_POINT ( 'NONE',  ( -1.359473665717620960, 0.4000000000000000222, 1.416162587200118006 ) ) ;
#2120 = CARTESIAN_POINT ( 'NONE',  ( -1.439948586856617307, 0.000000000000000000, -1.635013031803704608 ) ) ;
#2121 = VECTOR ( 'NONE', #649, 1000.000000000000000 ) ;
#2122 = CARTESIAN_POINT ( 'NONE',  ( 1.311953156913807206, 0.000000000000000000, 1.278882927988088891 ) ) ;
#2123 = CIRCLE ( 'NONE', #1530, 5.049999999999999822 ) ;
#2124 = PLANE ( 'NONE',  #1058 ) ;
#2125 = CARTESIAN_POINT ( 'NONE',  ( -1.047088338247899042, 0.000000000000000000, 1.370419263196841930 ) ) ;
#2126 = VERTEX_POINT ( 'NONE', #50 ) ;
#2127 = ADVANCED_FACE ( 'NONE', ( #1587 ), #1976, .F. ) ;
#2128 = CARTESIAN_POINT ( 'NONE',  ( 0.000000000000000000, 23.00000000000000000, -5.049999999999999822 ) ) ;
#2129 = EDGE_LOOP ( 'NONE', ( #1326, #2002, #1007, #995 ) ) ;
#2130 = CARTESIAN_POINT ( 'NONE',  ( -1.337523452978791161, 0.4000000000000000222, -1.969798779054436455 ) ) ;
#2131 = CARTESIAN_POINT ( 'NONE',  ( 0.1490925237922307856, 0.000000000000000000, 1.364067272366148886 ) ) ;
#2132 = CARTESIAN_POINT ( 'NONE',  ( 0.1041210583095085601, 0.000000000000000000, 0.5470348627418794019 ) ) ;
#2133 = CARTESIAN_POINT ( 'NONE',  ( -1.258955049203112075, 0.4000000000000000222, 1.263883463541666030 ) ) ;
#2134 = CARTESIAN_POINT ( 'NONE',  ( -1.395715272017991504, 0.000000000000000000, -1.307311278368958218 ) ) ;
#2135 = CARTESIAN_POINT ( 'NONE',  ( -0.5148740869149124322, 0.000000000000000000, 1.573403740109329263 ) ) ;
#2136 = CARTESIAN_POINT ( 'NONE',  ( 1.311129707782956011, 0.4000000000000000222, 1.318608878799343076 ) ) ;
#2137 = CARTESIAN_POINT ( 'NONE',  ( 0.2078859428767765027, -0.000000000000000000, -0.7185976322610792000 ) ) ;
#2138 = EDGE_LOOP ( 'NONE', ( #1742, #1125, #453 ) ) ;
#2139 = CARTESIAN_POINT ( 'NONE',  ( -1.439198718730649640, 0.4000000000000000222, -1.670030243967590922 ) ) ;
#2140 = ORIENTED_EDGE ( 'NONE', *, *, #309, .T. ) ;
#2141 = CARTESIAN_POINT ( 'NONE',  ( 1.364951264624502114, 0.000000000000000000, -2.000000000000000000 ) ) ;
#2142 = B_SPLINE_CURVE_WITH_KNOTS ( 'NONE', 3,
 ( #1048, #622, #647, #659, #283, #256, #244, #1231, #1203, #1022, #1772 ),
 .UNSPECIFIED., .F., .F.,
 ( 4, 1, 1, 1, 1, 1, 1, 1, 4 ),
 ( 0.000000000000000000, 0.1599712788654227280, 0.2952365893011674181, 0.4133018671802116129, 0.5208786191783082442, 0.6281465213387974478, 0.7373219615724334597, 0.8590057180128242154, 0.9999999999999998890 ),
 .UNSPECIFIED. ) ;
#2143 = CARTESIAN_POINT ( 'NONE',  ( 1.472061145160846962, 0.000000000000000000, -1.918250208072729057 ) ) ;
#2144 = DIRECTION ( 'NONE',  ( -0.000000000000000000, -1.000000000000000000, -0.000000000000000000 ) ) ;
#2145 = EDGE_CURVE ( 'NONE', #2266, #1653, #1567, .T. ) ;
#2146 = B_SPLINE_CURVE_WITH_KNOTS ( 'NONE', 3,
 ( #860, #1597, #1254, #1970, #1244, #2172, #1059, #1811, #110, #698, #2348, #85, #459, #484, #2360, #675, #2384, #1982, #472, #686, #1266 ),
 .UNSPECIFIED., .F., .F.,
 ( 4, 1, 1, 1, 1, 1, 1, 1, 1, 1, 1, 1, 1, 1, 1, 1, 1, 1, 4 ),
 ( 0.000000000000000000, 0.04379402042414315410, 0.07937825733615888613, 0.1097660049712414626, 0.1357629371159047860, 0.1587806893059567903, 0.1796940903283828495, 0.2034971455830507925, 0.2349048987824120249, 0.2550594179131312478, 0.2805118513475772235, 0.3105577295648790925, 0.3463088682141611807, 0.4296815366228660671, 0.5267188686097379335, 0.6350944522770985978, 0.7512146186379660140, 0.8738169131251591892, 1.000000000000000000 ),
 .UNSPECIFIED. ) ;
#2147 = CARTESIAN_POINT ( 'NONE',  ( 0.1566146397587653838, -5.421010862427522170E-17, 0.6732423975849536335 ) ) ;
#2148 = LINE ( 'NONE', #1971, #859 ) ;
#2149 = CARTESIAN_POINT ( 'NONE',  ( -0.5996652218306767201, 0.4000000000000000222, 1.557205822608034529 ) ) ;
#2150 = CARTESIAN_POINT ( 'NONE',  ( -1.357104508504098472, 0.4000000000000000222, 1.911433051327473986 ) ) ;
#2151 = CARTESIAN_POINT ( 'NONE',  ( -1.238197206551705731, 0.000000000000000000, -1.082141795552072905 ) ) ;
#2152 = ORIENTED_EDGE ( 'NONE', *, *, #480, .T. ) ;
#2153 = CARTESIAN_POINT ( 'NONE',  ( -1.428283700242348297, 0.4000000000000000222, -1.818630591401038110 ) ) ;
#2154 = ORIENTED_EDGE ( 'NONE', *, *, #799, .T. ) ;
#2155 = DIRECTION ( 'NONE',  ( 0.000000000000000000, 0.000000000000000000, -1.000000000000000000 ) ) ;
#2156 = PLANE ( 'NONE',  #1678 ) ;
#2157 = CARTESIAN_POINT ( 'NONE',  ( 0.2239920023999184828, 0.000000000000000000, 1.080889997295304328 ) ) ;
#2158 = CARTESIAN_POINT ( 'NONE',  ( 1.444699437104998374, 0.4000000000000000222, -1.341104260689882866 ) ) ;
#2159 = CARTESIAN_POINT ( 'NONE',  ( 0.08676475820539850115, 0.000000000000000000, 1.439677842634454752 ) ) ;
#2160 = EDGE_CURVE ( 'NONE', #842, #205, #788, .T. ) ;
#2161 = CARTESIAN_POINT ( 'NONE',  ( 0.000000000000000000, 20.00000000000000000, 1.649999999999999911 ) ) ;
#2162 = VECTOR ( 'NONE', #1259, 1000.000000000000000 ) ;
#2163 = CARTESIAN_POINT ( 'NONE',  ( -1.089415302980122346, 0.000000000000000000, 2.169731560706411155 ) ) ;
#2164 = LINE ( 'NONE', #1763, #1844 ) ;
#2165 = ORIENTED_EDGE ( 'NONE', *, *, #2085, .F. ) ;
#2166 = VECTOR ( 'NONE', #805, 1000.000000000000000 ) ;
#2167 = CARTESIAN_POINT ( 'NONE',  ( 1.427848022015438811, 0.4000000000000000222, -1.983130150475330922 ) ) ;
#2168 = ORIENTED_EDGE ( 'NONE', *, *, #1243, .F. ) ;
#2169 = CARTESIAN_POINT ( 'NONE',  ( -0.3519874323427286678, 0.4000000000000000222, -1.296025135314542664 ) ) ;
#2170 = CARTESIAN_POINT ( 'NONE',  ( -0.3299882178213081052, 0.000000000000000000, 1.583872038398692172 ) ) ;
#2171 = CARTESIAN_POINT ( 'NONE',  ( -1.157958655263862990, 0.4000000000000000222, -2.000000000000000000 ) ) ;
#2172 = CARTESIAN_POINT ( 'NONE',  ( -1.357104508504098472, 0.4000000000000000222, 1.911433051327473986 ) ) ;
#2173 = DIRECTION ( 'NONE',  ( 0.000000000000000000, 0.000000000000000000, 1.000000000000000000 ) ) ;
#2174 = CARTESIAN_POINT ( 'NONE',  ( -1.329254918167563915, 0.000000000000000000, 1.983916950799454515 ) ) ;
#2175 = CARTESIAN_POINT ( 'NONE',  ( -0.2603227834559417864, 0.4000000000000000222, 2.410454495266260544 ) ) ;
#2176 = VERTEX_POINT ( 'NONE', #810 ) ;
#2177 = ADVANCED_FACE ( 'NONE', ( #247 ), #1091, .F. ) ;
#2178 = B_SPLINE_SURFACE_WITH_KNOTS ( 'NONE', 3, 1, ( 
 ( #2272, #572 ),
 ( #384, #724 ),
 ( #1148, #1896 ),
 ( #197, #1649 ),
 ( #1279, #2411 ),
 ( #714, #1573 ),
 ( #2336, #1712 ),
 ( #1365, #1549 ),
 ( #774, #1344 ),
 ( #999, #1182 ),
 ( #964, #2147 ),
 ( #636, #1011 ),
 ( #1944, #1908 ),
 ( #410, #1748 ),
 ( #1931, #1388 ) ),
 .UNSPECIFIED., .F., .F., .F.,
 ( 4, 1, 1, 1, 1, 1, 1, 1, 1, 1, 1, 1, 4 ),
 ( 2, 2 ),
 ( 0.000000000000000000, 0.1007892974677444681, 0.1949041343019543293, 0.2820266560370146003, 0.3617814418800571197, 0.4355690289743320287, 0.5052852619814821589, 0.5690449810901474503, 0.6289665523597616215, 0.7375849886712971815, 0.8326168421480383275, 0.9193527129729790470, 1.000000000000000000 ),
 ( 0.000000000000000000, 1.000000000000000000 ),
 .UNSPECIFIED. ) ;
#2179 = LINE ( 'NONE', #615, #139 ) ;
#2180 = ORIENTED_EDGE ( 'NONE', *, *, #309, .F. ) ;
#2181 = CARTESIAN_POINT ( 'NONE',  ( -1.375950871885212035, 0.000000000000000000, 1.684868432337941035 ) ) ;
#2182 = CARTESIAN_POINT ( 'NONE',  ( -1.428283700242348297, 0.000000000000000000, -1.818630591401038110 ) ) ;
#2183 = CARTESIAN_POINT ( 'NONE',  ( 0.2239920023999184828, 0.4000000000000000222, 1.080889997295304328 ) ) ;
#2184 =( LENGTH_UNIT ( ) NAMED_UNIT ( * ) SI_UNIT ( .MILLI., .METRE. ) );
#2185 = CARTESIAN_POINT ( 'NONE',  ( 0.000000000000000000, 23.00000000000000000, -4.349999999999999645 ) ) ;
#2186 = CARTESIAN_POINT ( 'NONE',  ( -0.4639793380369840459, 0.4000000000000000222, 2.379209561102449744 ) ) ;
#2187 = CARTESIAN_POINT ( 'NONE',  ( 0.000000000000000000, 20.00000000000000000, -3.049999999999999822 ) ) ;
#2188 = B_SPLINE_SURFACE_WITH_KNOTS ( 'NONE', 3, 1, ( 
 ( #2289, #574 ),
 ( #398, #1701 ),
 ( #1347, #1161 ),
 ( #158, #2444 ),
 ( #1515, #927 ),
 ( #1320, #1672 ),
 ( #1, #2260 ),
 ( #1686, #1334 ),
 ( #1898, #737 ),
 ( #2249, #186 ),
 ( #762, #2086 ) ),
 .UNSPECIFIED., .F., .F., .F.,
 ( 4, 1, 1, 1, 1, 1, 1, 1, 4 ),
 ( 2, 2 ),
 ( 0.000000000000000000, 0.06071160275442197968, 0.1222801775438647764, 0.1957270468438817579, 0.2889148096347177730, 0.4132486554527929901, 0.5726378294203248176, 0.7672996532708792339, 1.000000000000000000 ),
 ( 0.000000000000000000, 1.000000000000000000 ),
 .UNSPECIFIED. ) ;
#2189 = VERTEX_POINT ( 'NONE', #298 ) ;
#2190 = CARTESIAN_POINT ( 'NONE',  ( 1.306091410615025872, 0.000000000000000000, 1.067958786193640375 ) ) ;
#2191 = ADVANCED_FACE ( 'NONE', ( #274 ), #1403, .T. ) ;
#2192 = VERTEX_POINT ( 'NONE', #310 ) ;
#2193 = DIRECTION ( 'NONE',  ( 0.000000000000000000, 0.000000000000000000, 1.000000000000000000 ) ) ;
#2194 = CARTESIAN_POINT ( 'NONE',  ( 1.503946301828022580, 0.000000000000000000, -1.646012639064414973 ) ) ;
#2195 = EDGE_CURVE ( 'NONE', #5, #679, #1027, .T. ) ;
#2196 = CARTESIAN_POINT ( 'NONE',  ( -1.313745240989664387, 0.000000000000000000, 1.284987712655410785 ) ) ;
#2197 = CARTESIAN_POINT ( 'NONE',  ( -0.3519874323427286678, 0.4000000000000000222, -1.296025135314542664 ) ) ;
#2198 = SURFACE_STYLE_USAGE ( .BOTH. , #473 ) ;
#2199 = CARTESIAN_POINT ( 'NONE',  ( -1.439948586856617307, 0.4000000000000000222, -1.635013031803704608 ) ) ;
#2200 = CARTESIAN_POINT ( 'NONE',  ( -1.375950871885212035, 0.4000000000000000222, 1.684868432337941035 ) ) ;
#2201 = VERTEX_POINT ( 'NONE', #1416 ) ;
#2202 = CLOSED_SHELL ( 'NONE', ( #2345, #1346, #958, #1537, #2049, #553, #2301, #709, #2127, #2253, #2177, #400, #1582, #1799, #2036, #1932, #292 ) ) ;
#2203 = CARTESIAN_POINT ( 'NONE',  ( 0.000000000000000000, 0.000000000000000000, 0.000000000000000000 ) ) ;
#2204 = VERTEX_POINT ( 'NONE', #702 ) ;
#2205 = AXIS2_PLACEMENT_3D ( 'NONE', #2408, #1832, #305 ) ;
#2206 = EDGE_CURVE ( 'NONE', #2415, #2192, #112, .T. ) ;
#2207 = VECTOR ( 'NONE', #1440, 1000.000000000000114 ) ;
#2208 = CARTESIAN_POINT ( 'NONE',  ( -0.04899825052498202327, 0.4000000000000000222, 2.415842333026959832 ) ) ;
#2209 = DIRECTION ( 'NONE',  ( 0.000000000000000000, -1.000000000000000000, 0.000000000000000000 ) ) ;
#2210 = LINE ( 'NONE', #295, #2405 ) ;
#2211 = EDGE_CURVE ( 'NONE', #1717, #983, #1464, .T. ) ;
#2212 = CARTESIAN_POINT ( 'NONE',  ( -0.2603227834559417864, 0.000000000000000000, 2.410454495266260544 ) ) ;
#2213 = CARTESIAN_POINT ( 'NONE',  ( -0.08904801796822529869, 0.4000000000000000222, 1.549215472332171384 ) ) ;
#2214 = CARTESIAN_POINT ( 'NONE',  ( -0.4639793380369840459, 0.000000000000000000, 2.379209561102449744 ) ) ;
#2215 = CARTESIAN_POINT ( 'NONE',  ( 0.006376737389871830509, 0.4000000000000000222, 2.415033436609635764 ) ) ;
#2216 = ORIENTED_EDGE ( 'NONE', *, *, #1433, .F. ) ;
#2217 = DIRECTION ( 'NONE',  ( 0.000000000000000000, -1.000000000000000000, 0.000000000000000000 ) ) ;
#2218 = EDGE_LOOP ( 'NONE', ( #1143, #2436, #389, #840 ) ) ;
#2219 = CARTESIAN_POINT ( 'NONE',  ( -1.333989673933361653, 0.000000000000000000, 1.314859808654929907 ) ) ;
#2220 = CARTESIAN_POINT ( 'NONE',  ( -0.04899825052498202327, 0.4000000000000000222, 2.415842333026959832 ) ) ;
#2221 = PRODUCT ( 'JK-RTF-02-09-01 Knob_2', 'JK-RTF-02-09-01 Knob_2', '', ( #1314 ) ) ;
#2222 = CARTESIAN_POINT ( 'NONE',  ( -0.4241728077018487864, 0.000000000000000000, 1.582209663157773116 ) ) ;
#2223 = LINE ( 'NONE', #2431, #380 ) ;
#2224 = CARTESIAN_POINT ( 'NONE',  ( 0.1920507687824580256, 0.4000000000000000222, 1.276220615261893787 ) ) ;
#2225 = EDGE_LOOP ( 'NONE', ( #106, #853 ) ) ;
#2226 = CARTESIAN_POINT ( 'NONE',  ( -1.275231611431123735, 0.000000000000000000, 2.050212392110437154 ) ) ;
#2227 = CARTESIAN_POINT ( 'NONE',  ( -0.0001099017923228263300, 0.4000000000000000222, 0.3529850787482262664 ) ) ;
#2228 = ORIENTED_EDGE ( 'NONE', *, *, #1828, .T. ) ;
#2229 = CARTESIAN_POINT ( 'NONE',  ( -1.268547004723318716, -0.000000000000000000, 1.264741423386565033 ) ) ;
#2230 = CARTESIAN_POINT ( 'NONE',  ( 1.397106460815331186, 0.000000000000000000, -1.996710382788193128 ) ) ;
#2231 = CARTESIAN_POINT ( 'NONE',  ( 0.1977763388226135843, 0.000000000000000000, 0.8180847349796850354 ) ) ;
#2232 = CARTESIAN_POINT ( 'NONE',  ( -1.232842043170191637, 0.4000000000000000222, 1.265883101227063268 ) ) ;
#2233 = CARTESIAN_POINT ( 'NONE',  ( -1.369532054084340977, 0.4000000000000000222, 1.490259328810275896 ) ) ;
#2234 = EDGE_CURVE ( 'NONE', #983, #2046, #1331, .T. ) ;
#2235 = CARTESIAN_POINT ( 'NONE',  ( -0.3620051037949730821, -0.000000000000000000, 1.583306934504292496 ) ) ;
#2236 = ORIENTED_EDGE ( 'NONE', *, *, #2269, .T. ) ;
#2237 = CARTESIAN_POINT ( 'NONE',  ( -1.439948586856617530, 0.4000000000000000222, -1.635013031803704830 ) ) ;
#2238 = CARTESIAN_POINT ( 'NONE',  ( 0.2239920023999184828, 0.000000000000000000, 1.080889997295304328 ) ) ;
#2239 = ORIENTED_EDGE ( 'NONE', *, *, #525, .T. ) ;
#2240 = LINE ( 'NONE', #1069, #540 ) ;
#2241 = COLOUR_RGB ( '',0.7921568627450980005, 0.8196078431372548767, 0.9333333333333333481 ) ;
#2242 = FACE_OUTER_BOUND ( 'NONE', #1005, .T. ) ;
#2243 = VECTOR ( 'NONE', #2144, 1000.000000000000000 ) ;
#2244 = CARTESIAN_POINT ( 'NONE',  ( 0.000000000000000000, 0.000000000000000000, 0.000000000000000000 ) ) ;
#2245 = CARTESIAN_POINT ( 'NONE',  ( -0.4639793380369840459, 0.000000000000000000, 2.379209561102449744 ) ) ;
#2246 = CARTESIAN_POINT ( 'NONE',  ( -0.7029305834876538039, 0.000000000000000000, 1.529683380601373877 ) ) ;
#2247 = CARTESIAN_POINT ( 'NONE',  ( -1.268547004723318716, 0.4000000000000000222, 1.264741423386565033 ) ) ;
#2248 = CARTESIAN_POINT ( 'NONE',  ( -0.08904801796822529869, 0.000000000000000000, 1.549215472332171384 ) ) ;
#2249 = CARTESIAN_POINT ( 'NONE',  ( -1.375617812717186306, 0.4000000000000000222, 1.648529507664816762 ) ) ;
#2250 = CARTESIAN_POINT ( 'NONE',  ( -1.217956513049555545, 0.4000000000000000222, -1.060033561357485832 ) ) ;
#2251 = CARTESIAN_POINT ( 'NONE',  ( 0.1479947158713745825, 0.4000000000000000222, -0.7800435583575880960 ) ) ;
#2252 = VERTEX_POINT ( 'NONE', #2082 ) ;
#2253 = ADVANCED_FACE ( 'NONE', ( #1108 ), #1599, .F. ) ;
#2254 = CARTESIAN_POINT ( 'NONE',  ( 1.210908684254397905, 0.4000000000000000222, 0.6440059841012557573 ) ) ;
#2255 = CARTESIAN_POINT ( 'NONE',  ( 1.503946301828022580, 0.4000000000000000222, -1.646012639064414973 ) ) ;
#2256 = CARTESIAN_POINT ( 'NONE',  ( 0.2222206887140679710, -0.000000000000000000, 1.114393803371186653 ) ) ;
#2257 = CARTESIAN_POINT ( 'NONE',  ( -0.3299882178213081052, 0.4000000000000000222, 1.583872038398692172 ) ) ;
#2258 = CARTESIAN_POINT ( 'NONE',  ( -1.375950871885212035, -5.421010862427522170E-17, 1.684868432337941035 ) ) ;
#2259 = CARTESIAN_POINT ( 'NONE',  ( 0.2222206887140679710, 0.4000000000000000222, 1.114393803371186653 ) ) ;
#2260 = CARTESIAN_POINT ( 'NONE',  ( -1.359473665717620960, -5.421010862427522170E-17, 1.416162587200118006 ) ) ;
#2261 = CARTESIAN_POINT ( 'NONE',  ( -1.217956513049555545, 0.4000000000000000222, -1.060033561357485832 ) ) ;
#2262 = CARTESIAN_POINT ( 'NONE',  ( 0.7503322603136658442, 0.000000000000000000, -0.1149420601866166097 ) ) ;
#2263 = ORIENTED_EDGE ( 'NONE', *, *, #39, .T. ) ;
#2264 = FACE_BOUND ( 'NONE', #616, .T. ) ;
#2265 = CARTESIAN_POINT ( 'NONE',  ( 1.503796634493013151, 0.000000000000000000, -1.675709231433726742 ) ) ;
#2266 = VERTEX_POINT ( 'NONE', #2442 ) ;
#2267 = B_SPLINE_CURVE_WITH_KNOTS ( 'NONE', 3,
 ( #1875, #2448, #753, #1890, #1507, #2254, #348, #811, #437, #743, #566, #1196, #66, #544, #1762, #1301, #767 ),
 .UNSPECIFIED., .F., .F.,
 ( 4, 1, 1, 1, 1, 1, 1, 1, 1, 1, 1, 1, 1, 1, 4 ),
 ( 0.000000000000000000, 0.08676398741854557395, 0.1730825210102859002, 0.2174161023636817236, 0.2641758710344836447, 0.3142881637312707199, 0.3679258763677660249, 0.4254958286875710760, 0.4882803729081047761, 0.5560840280760110943, 0.6290356780713680651, 0.7087123511461398406, 0.7971966633485703113, 0.8942658614569144460, 1.000000000000000000 ),
 .UNSPECIFIED. ) ;
#2268 = CARTESIAN_POINT ( 'NONE',  ( -0.1946035097839349526, -5.421010862427522170E-17, 0.06536146041877405333 ) ) ;
#2269 = EDGE_CURVE ( 'NONE', #906, #427, #1935, .T. ) ;
#2270 = CARTESIAN_POINT ( 'NONE',  ( -1.258955049203112075, 0.000000000000000000, 1.263883463541666030 ) ) ;
#2271 = CARTESIAN_POINT ( 'NONE',  ( -1.157958655263862990, 0.4000000000000000222, -2.000000000000000000 ) ) ;
#2272 = CARTESIAN_POINT ( 'NONE',  ( -0.4769829693962543971, 0.4000000000000000222, -0.2640619814006334165 ) ) ;
#2273 = CARTESIAN_POINT ( 'NONE',  ( -1.439198718730649640, -0.000000000000000000, -1.670030243967590922 ) ) ;
#2274 = CARTESIAN_POINT ( 'NONE',  ( 0.8594361635379685893, 0.4000000000000000222, 0.02686423546831087639 ) ) ;
#2275 = CARTESIAN_POINT ( 'NONE',  ( -1.437946587035864532, 0.000000000000000000, -1.538249657902997392 ) ) ;
#2276 = CARTESIAN_POINT ( 'NONE',  ( 0.2078859428767765027, 0.000000000000000000, -0.7185976322610792000 ) ) ;
#2277 = ORIENTED_EDGE ( 'NONE', *, *, #1795, .T. ) ;
#2278 = CYLINDRICAL_SURFACE ( 'NONE', #1333, 3.049999999999999822 ) ;
#2279 = CARTESIAN_POINT ( 'NONE',  ( 0.1479947158713745825, 0.4000000000000000222, -0.7800435583575880960 ) ) ;
#2280 = ORIENTED_EDGE ( 'NONE', *, *, #137, .F. ) ;
#2281 = CARTESIAN_POINT ( 'NONE',  ( 1.397106460815331186, 0.4000000000000000222, -1.996710382788193128 ) ) ;
#2282 = AXIS2_PLACEMENT_3D ( 'NONE', #248, #1495, #2063 ) ;
#2283 = CARTESIAN_POINT ( 'NONE',  ( 6.184466335694133068E-16, 23.00000000000000000, 5.049999999999999822 ) ) ;
#2284 = DIRECTION ( 'NONE',  ( -0.000000000000000000, -1.000000000000000000, -0.000000000000000000 ) ) ;
#2285 = VECTOR ( 'NONE', #2209, 1000.000000000000000 ) ;
#2286 = EDGE_CURVE ( 'NONE', #2201, #1545, #2223, .T. ) ;
#2287 = CARTESIAN_POINT ( 'NONE',  ( -1.375950871885212035, 0.4000000000000000222, 1.684868432337941035 ) ) ;
#2288 = CARTESIAN_POINT ( 'NONE',  ( 0.9768270938798540026, 0.000000000000000000, 2.093884489684724404 ) ) ;
#2289 = CARTESIAN_POINT ( 'NONE',  ( -1.258955049203112075, 0.4000000000000000222, 1.263883463541666030 ) ) ;
#2290 = CARTESIAN_POINT ( 'NONE',  ( -1.431888841403253787, 0.000000000000000000, -1.450483652896451758 ) ) ;
#2291 = CARTESIAN_POINT ( 'NONE',  ( -1.418165093985374936, 0.000000000000000000, -1.374786106084850301 ) ) ;
#2292 = ORIENTED_EDGE ( 'NONE', *, *, #799, .F. ) ;
#2293 = CARTESIAN_POINT ( 'NONE',  ( -1.217956513049555545, 0.000000000000000000, -1.060033561357485832 ) ) ;
#2294 = ORIENTED_EDGE ( 'NONE', *, *, #814, .T. ) ;
#2295 = CARTESIAN_POINT ( 'NONE',  ( -1.217956513049555545, 0.4000000000000000222, -1.060033561357485832 ) ) ;
#2296 = CYLINDRICAL_SURFACE ( 'NONE', #1486, 4.349999999999999645 ) ;
#2297 = CARTESIAN_POINT ( 'NONE',  ( 1.444699437104998374, 0.4000000000000000222, -1.341104260689882866 ) ) ;
#2298 = CARTESIAN_POINT ( 'NONE',  ( 0.006376737389871830509, 0.4000000000000000222, 2.415033436609635764 ) ) ;
#2299 = CARTESIAN_POINT ( 'NONE',  ( 0.000000000000000000, 23.00000000000000000, 0.000000000000000000 ) ) ;
#2300 = CARTESIAN_POINT ( 'NONE',  ( 0.4145565649450869139, 0.000000000000000000, 2.370915896951341750 ) ) ;
#2301 = ADVANCED_FACE ( 'NONE', ( #935 ), #2178, .F. ) ;
#2302 = CARTESIAN_POINT ( 'NONE',  ( 1.311953156913807206, 0.000000000000000000, 1.278882927988088891 ) ) ;
#2303 = EDGE_LOOP ( 'NONE', ( #2154, #1015, #54, #1817 ) ) ;
#2304 = CARTESIAN_POINT ( 'NONE',  ( 1.126183469312230123, 0.000000000000000000, 1.926723625495435410 ) ) ;
#2305 = EDGE_LOOP ( 'NONE', ( #503, #1419, #1578, #765 ) ) ;
#2306 = CARTESIAN_POINT ( 'NONE',  ( 1.427848022015438811, 0.4000000000000000222, -1.983130150475330922 ) ) ;
#2307 = CARTESIAN_POINT ( 'NONE',  ( 0.000000000000000000, 23.00000000000000000, 0.000000000000000000 ) ) ;
#2308 = FACE_OUTER_BOUND ( 'NONE', #290, .T. ) ;
#2309 = CARTESIAN_POINT ( 'NONE',  ( 0.2695019763408006419, 0.4000000000000000222, 2.397082982618199853 ) ) ;
#2310 = CARTESIAN_POINT ( 'NONE',  ( -1.285890084054245541, 0.000000000000000000, -1.989774462687071921 ) ) ;
#2311 = CARTESIAN_POINT ( 'NONE',  ( 1.292559641758807665, 0.000000000000000000, 1.511830329124648875 ) ) ;
#2312 = EDGE_CURVE ( 'NONE', #1176, #943, #1700, .T. ) ;
#2313 = CARTESIAN_POINT ( 'NONE',  ( -1.275906435540452355, 0.000000000000000000, -1.123330328232140518 ) ) ;
#2314 = ORIENTED_EDGE ( 'NONE', *, *, #1705, .F. ) ;
#2315 = ADVANCED_FACE ( 'NONE', ( #1919 ), #1559, .T. ) ;
#2316 = CARTESIAN_POINT ( 'NONE',  ( -1.337523452978791161, 0.4000000000000000222, -1.969798779054436455 ) ) ;
#2317 = ORIENTED_EDGE ( 'NONE', *, *, #403, .T. ) ;
#2318 = FACE_OUTER_BOUND ( 'NONE', #2016, .T. ) ;
#2319 = CARTESIAN_POINT ( 'NONE',  ( 0.000000000000000000, 20.00000000000000000, 0.000000000000000000 ) ) ;
#2320 = CARTESIAN_POINT ( 'NONE',  ( -1.258955049203112075, 0.4000000000000000222, 1.263883463541666030 ) ) ;
#2321 = VECTOR ( 'NONE', #2437, 1000.000000000000000 ) ;
#2322 = CARTESIAN_POINT ( 'NONE',  ( -1.375006138128043842, 0.4000000000000000222, 1.581791825735552326 ) ) ;
#2323 = CARTESIAN_POINT ( 'NONE',  ( 1.292559641758807665, 0.4000000000000000222, 1.511830329124648875 ) ) ;
#2324 = VECTOR ( 'NONE', #1689, 1000.000000000000000 ) ;
#2325 = CARTESIAN_POINT ( 'NONE',  ( -0.7029305834876538039, 0.4000000000000000222, 1.529683380601373877 ) ) ;
#2326 = VECTOR ( 'NONE', #645, 1000.000000000000000 ) ;
#2327 = CARTESIAN_POINT ( 'NONE',  ( 1.266736397943765802, 0.000000000000000000, 1.622963463230916892 ) ) ;
#2328 = CARTESIAN_POINT ( 'NONE',  ( 1.210908684254397905, 0.000000000000000000, 0.6440059841012557573 ) ) ;
#2329 = ORIENTED_EDGE ( 'NONE', *, *, #233, .F. ) ;
#2330 = CARTESIAN_POINT ( 'NONE',  ( -1.157958655263862990, 0.4000000000000000222, -2.000000000000000000 ) ) ;
#2331 = EDGE_CURVE ( 'NONE', #867, #1478, #218, .T. ) ;
#2332 = VERTEX_POINT ( 'NONE', #587 ) ;
#2333 = CARTESIAN_POINT ( 'NONE',  ( -1.371523325992450415, 0.000000000000000000, 1.815972977081918627 ) ) ;
#2334 = CARTESIAN_POINT ( 'NONE',  ( 1.503520326821477404, 0.000000000000000000, -1.730533460712629923 ) ) ;
#2335 = CARTESIAN_POINT ( 'NONE',  ( 0.000000000000000000, 20.50000000000001066, 0.000000000000000000 ) ) ;
#2336 = CARTESIAN_POINT ( 'NONE',  ( -0.05651355770865753442, 0.4000000000000000222, 0.2617460003042441086 ) ) ;
#2337 = CARTESIAN_POINT ( 'NONE',  ( 0.000000000000000000, 0.9999999999999974465, 0.000000000000000000 ) ) ;
#2338 = CARTESIAN_POINT ( 'NONE',  ( -1.122366571513130129, 0.000000000000000000, 1.325003869575238191 ) ) ;
#2339 = DIRECTION ( 'NONE',  ( 0.7319414130878441060, 0.000000000000000000, -0.6813675717312720481 ) ) ;
#2340 = CARTESIAN_POINT ( 'NONE',  ( 1.106374762649301680, 0.000000000000000000, 0.4135894621412644634 ) ) ;
#2341 = ORIENTED_EDGE ( 'NONE', *, *, #1031, .T. ) ;
#2342 = CARTESIAN_POINT ( 'NONE',  ( -1.437844272851934946, 0.4000000000000000222, -1.733279923553957325 ) ) ;
#2343 = ORIENTED_EDGE ( 'NONE', *, *, #246, .T. ) ;
#2344 = CARTESIAN_POINT ( 'NONE',  ( -1.439948586856617307, 0.000000000000000000, -1.635013031803704608 ) ) ;
#2345 = ADVANCED_FACE ( 'NONE', ( #1193 ), #1801, .F. ) ;
#2346 = CARTESIAN_POINT ( 'NONE',  ( 1.364951264624502114, 0.000000000000000000, -2.000000000000000000 ) ) ;
#2347 = CARTESIAN_POINT ( 'NONE',  ( -1.285890084054245541, 0.4000000000000000222, -1.989774462687071921 ) ) ;
#2348 = CARTESIAN_POINT ( 'NONE',  ( -1.241920999244936930, 0.4000000000000000222, 2.078117721221027114 ) ) ;
#2349 = CARTESIAN_POINT ( 'NONE',  ( -1.258955049203112075, 0.4000000000000000222, 1.263883463541666030 ) ) ;
#2350 = CARTESIAN_POINT ( 'NONE',  ( -1.371523325992450415, 0.4000000000000000222, 1.815972977081918627 ) ) ;
#2351 = CARTESIAN_POINT ( 'NONE',  ( -0.2603227834559417864, 0.000000000000000000, 2.410454495266260544 ) ) ;
#2352 = FACE_OUTER_BOUND ( 'NONE', #1189, .T. ) ;
#2353 = ORIENTED_EDGE ( 'NONE', *, *, #1683, .T. ) ;
#2354 = CYLINDRICAL_SURFACE ( 'NONE', #620, 5.049999999999999822 ) ;
#2355 = ORIENTED_EDGE ( 'NONE', *, *, #2211, .T. ) ;
#2356 = CARTESIAN_POINT ( 'NONE',  ( 1.353951657363791750, 0.4000000000000000222, -1.296025135314542664 ) ) ;
#2357 = CARTESIAN_POINT ( 'NONE',  ( -0.2861103287834316222, -0.000000000000000000, 1.582220674599654764 ) ) ;
#2358 = LINE ( 'NONE', #2183, #742 ) ;
#2359 = B_SPLINE_SURFACE_WITH_KNOTS ( 'NONE', 3, 1, ( 
 ( #794, #230 ),
 ( #783, #1709 ),
 ( #1693, #619 ),
 ( #1352, #393 ),
 ( #569, #2268 ),
 ( #379, #1168 ),
 ( #1156, #407 ),
 ( #972, #1892 ),
 ( #1916, #996 ),
 ( #1734, #34 ),
 ( #1745, #961 ),
 ( #45, #281 ),
 ( #2370, #1008 ),
 ( #94, #856 ),
 ( #1035, #1019 ) ),
 .UNSPECIFIED., .F., .F., .F.,
 ( 4, 1, 1, 1, 1, 1, 1, 1, 1, 1, 1, 1, 4 ),
 ( 2, 2 ),
 ( 0.000000000000000000, 0.1007892974677444681, 0.1949041343019543293, 0.2820266560370146003, 0.3617814418800571197, 0.4355690289743320287, 0.5052852619814821589, 0.5690449810901474503, 0.6289665523597616215, 0.7375849886712971815, 0.8326168421480383275, 0.9193527129729790470, 1.000000000000000000 ),
 ( 0.000000000000000000, 1.000000000000000000 ),
 .UNSPECIFIED. ) ;
#2360 = CARTESIAN_POINT ( 'NONE',  ( -0.9798266790455851805, 0.4000000000000000222, 2.223031824672335066 ) ) ;
#2361 = FACE_OUTER_BOUND ( 'NONE', #2218, .T. ) ;
#2362 = EDGE_CURVE ( 'NONE', #229, #2027, #1585, .T. ) ;
#2363 = CARTESIAN_POINT ( 'NONE',  ( 1.454314250196435010, 0.4000000000000000222, -1.957451391060876622 ) ) ;
#2364 = CARTESIAN_POINT ( 'NONE',  ( -0.04899825052498202327, 0.000000000000000000, 2.415842333026959832 ) ) ;
#2365 = CARTESIAN_POINT ( 'NONE',  ( 0.9547156091466457717, 0.000000000000000000, 0.1618490902333113157 ) ) ;
#2366 = ORIENTED_EDGE ( 'NONE', *, *, #203, .F. ) ;
#2367 = AXIS2_PLACEMENT_3D ( 'NONE', #1221, #1787, #1824 ) ;
#2368 = CARTESIAN_POINT ( 'NONE',  ( 0.2222206887140679710, 0.4000000000000000222, 1.114393803371186653 ) ) ;
#2369 = VERTEX_POINT ( 'NONE', #1450 ) ;
#2370 = CARTESIAN_POINT ( 'NONE',  ( 0.2193434073825115682, 0.4000000000000000222, 0.9525483126017884050 ) ) ;
#2371 = CARTESIAN_POINT ( 'NONE',  ( -1.285890084054245541, 0.000000000000000000, -1.989774462687071921 ) ) ;
#2372 = CARTESIAN_POINT ( 'NONE',  ( 0.2193434073825115682, 0.000000000000000000, 0.9525483126017884050 ) ) ;
#2373 = CARTESIAN_POINT ( 'NONE',  ( 1.495116282519875162, 0.000000000000000000, -1.490023895319741776 ) ) ;
#2374 = CARTESIAN_POINT ( 'NONE',  ( -0.08904801796822529869, 0.000000000000000000, 1.549215472332171384 ) ) ;
#2375 = CARTESIAN_POINT ( 'NONE',  ( -0.04899825052498202327, 0.000000000000000000, 2.415842333026959832 ) ) ;
#2376 = LINE ( 'NONE', #1051, #898 ) ;
#2377 = ORIENTED_EDGE ( 'NONE', *, *, #1417, .F. ) ;
#2378 = EDGE_CURVE ( 'NONE', #802, #2126, #2210, .T. ) ;
#2379 = CARTESIAN_POINT ( 'NONE',  ( 1.248307550021295675, 0.4000000000000000222, 0.7524701870438060824 ) ) ;
#2380 = ORIENTED_EDGE ( 'NONE', *, *, #1669, .T. ) ;
#2381 = CARTESIAN_POINT ( 'NONE',  ( 0.000000000000000000, 23.00000000000000000, 0.000000000000000000 ) ) ;
#2382 = CARTESIAN_POINT ( 'NONE',  ( -1.359473665717620960, 0.000000000000000000, 1.416162587200118006 ) ) ;
#2383 = PLANE ( 'NONE',  #2205 ) ;
#2384 = CARTESIAN_POINT ( 'NONE',  ( -0.6543141702976762453, 0.4000000000000000222, 2.333995034671359381 ) ) ;
#2385 = DIRECTION ( 'NONE',  ( 0.000000000000000000, 0.000000000000000000, -1.000000000000000000 ) ) ;
#2386 = CARTESIAN_POINT ( 'NONE',  ( 0.1479947158713745825, 0.4000000000000000222, -0.7800435583575880960 ) ) ;
#2387 = CARTESIAN_POINT ( 'NONE',  ( -0.04899825052498202327, 0.4000000000000000222, 2.415842333026959832 ) ) ;
#2388 = CARTESIAN_POINT ( 'NONE',  ( -0.8275012825452021659, 0.000000000000000000, 2.280650325876854900 ) ) ;
#2389 = ORIENTED_EDGE ( 'NONE', *, *, #2115, .T. ) ;
#2390 = CARTESIAN_POINT ( 'NONE',  ( 0.9547156091466457717, 0.4000000000000000222, 0.1618490902333113157 ) ) ;
#2391 = VERTEX_POINT ( 'NONE', #1414 ) ;
#2392 = EDGE_CURVE ( 'NONE', #2252, #1282, #835, .T. ) ;
#2393 = CARTESIAN_POINT ( 'NONE',  ( 0.006376737389871830509, 0.4000000000000000222, 2.415033436609635764 ) ) ;
#2394 = CARTESIAN_POINT ( 'NONE',  ( -0.4769829693962543971, 0.000000000000000000, -0.2640619814006334165 ) ) ;
#2395 = CARTESIAN_POINT ( 'NONE',  ( 1.503684812302531482, 0.000000000000000000, -1.563773668370709968 ) ) ;
#2396 = CARTESIAN_POINT ( 'NONE',  ( 1.375737129655474122, -0.000000000000000000, -1.998896558831749992 ) ) ;
#2397 = CARTESIAN_POINT ( 'NONE',  ( 0.008353365146479420356, 0.4000000000000000222, 1.503649766048927416 ) ) ;
#2398 = CARTESIAN_POINT ( 'NONE',  ( -1.089415302980122346, 0.000000000000000000, 2.169731560706411155 ) ) ;
#2399 = CARTESIAN_POINT ( 'NONE',  ( 0.2239920023999185106, 0.4000000000000000222, 1.080889997295304550 ) ) ;
#2400 = ORIENTED_EDGE ( 'NONE', *, *, #2112, .T. ) ;
#2401 = VECTOR ( 'NONE', #1676, 1000.000000000000000 ) ;
#2402 = CARTESIAN_POINT ( 'NONE',  ( 0.4841614837756813006, 0.4000000000000000222, -0.4279992094384541534 ) ) ;
#2403 = ORIENTED_EDGE ( 'NONE', *, *, #2021, .F. ) ;
#2404 = VECTOR ( 'NONE', #1032, 1000.000000000000000 ) ;
#2405 = VECTOR ( 'NONE', #509, 1000.000000000000000 ) ;
#2406 = EDGE_CURVE ( 'NONE', #1478, #2204, #2146, .T. ) ;
#2407 = FACE_OUTER_BOUND ( 'NONE', #346, .T. ) ;
#2408 = CARTESIAN_POINT ( 'NONE',  ( 1.364951264624502114, 0.4000000000000000222, -2.000000000000000000 ) ) ;
#2409 = FILL_AREA_STYLE ('',( #896 ) ) ;
#2410 = CARTESIAN_POINT ( 'NONE',  ( -0.3299882178213081052, 0.000000000000000000, 1.583872038398692172 ) ) ;
#2411 = CARTESIAN_POINT ( 'NONE',  ( -0.1946035097839349526, -5.421010862427522170E-17, 0.06536146041877405333 ) ) ;
#2412 = CARTESIAN_POINT ( 'NONE',  ( -0.2861103287834316222, 0.4000000000000000222, 1.582220674599654764 ) ) ;
#2413 = ORIENTED_EDGE ( 'NONE', *, *, #1669, .F. ) ;
#2414 = CARTESIAN_POINT ( 'NONE',  ( 1.210908684254397905, 0.4000000000000000222, 0.6440059841012557573 ) ) ;
#2415 = VERTEX_POINT ( 'NONE', #1071 ) ;
#2416 = LINE ( 'NONE', #695, #1727 ) ;
#2417 = CARTESIAN_POINT ( 'NONE',  ( 1.427848022015438811, 0.4000000000000000222, -1.983130150475330922 ) ) ;
#2418 = EDGE_CURVE ( 'NONE', #2176, #1925, #669, .T. ) ;
#2419 = CARTESIAN_POINT ( 'NONE',  ( 1.397106460815331186, 0.000000000000000000, -1.996710382788193128 ) ) ;
#2420 = CARTESIAN_POINT ( 'NONE',  ( 0.1920507687824580256, 0.000000000000000000, 1.276220615261893787 ) ) ;
#2421 = CARTESIAN_POINT ( 'NONE',  ( 1.386659483808899918, 0.4000000000000000222, -1.298798843257643609 ) ) ;
#2422 = CARTESIAN_POINT ( 'NONE',  ( -0.8190788802959969583, 0.000000000000000000, 1.486687777024460866 ) ) ;
#2423 = VERTEX_POINT ( 'NONE', #284 ) ;
#2424 = CARTESIAN_POINT ( 'NONE',  ( -1.431888841403253787, 0.4000000000000000222, -1.450483652896451758 ) ) ;
#2425 = CARTESIAN_POINT ( 'NONE',  ( 1.248307550021295675, 0.000000000000000000, 0.7524701870438060824 ) ) ;
#2426 = ORIENTED_EDGE ( 'NONE', *, *, #4, .T. ) ;
#2427 = CARTESIAN_POINT ( 'NONE',  ( 0.6715970288145020062, 0.000000000000000000, 2.285498208758889760 ) ) ;
#2428 = CARTESIAN_POINT ( 'NONE',  ( -1.333989673933361653, 0.4000000000000000222, 1.314859808654929907 ) ) ;
#2429 = CARTESIAN_POINT ( 'NONE',  ( -0.2785993704347727307, 0.000000000000000000, -0.04043513865777748767 ) ) ;
#2430 = LINE ( 'NONE', #2055, #104 ) ;
#2431 = CARTESIAN_POINT ( 'NONE',  ( 5.327213576290986242E-16, 23.00000000000000000, 4.349999999999999645 ) ) ;
#2432 = CARTESIAN_POINT ( 'NONE',  ( 0.1137084690288938243, 0.4000000000000000222, 2.413465576164745663 ) ) ;
#2433 = CARTESIAN_POINT ( 'NONE',  ( 1.210908684254397905, 0.4000000000000000222, 0.6440059841012557573 ) ) ;
#2434 = CARTESIAN_POINT ( 'NONE',  ( -1.275906435540452355, 0.000000000000000000, -1.123330328232140518 ) ) ;
#2435 = CARTESIAN_POINT ( 'NONE',  ( 0.2078859428767765027, 0.4000000000000000222, -0.7185976322610792000 ) ) ;
#2436 = ORIENTED_EDGE ( 'NONE', *, *, #1284, .F. ) ;
#2437 = DIRECTION ( 'NONE',  ( 1.000000000000000000, -0.000000000000000000, 0.000000000000000000 ) ) ;
#2438 = CARTESIAN_POINT ( 'NONE',  ( 0.000000000000000000, 0.9999999999999974465, -5.049999999999999822 ) ) ;
#2439 = VECTOR ( 'NONE', #373, 1000.000000000000000 ) ;
#2440 = CARTESIAN_POINT ( 'NONE',  ( 1.364825015433529076, -0.000000000000000000, -1.296947224090353901 ) ) ;
#2441 = CARTESIAN_POINT ( 'NONE',  ( -1.047088338247899042, 0.4000000000000000222, 1.370419263196841930 ) ) ;
#2442 = CARTESIAN_POINT ( 'NONE',  ( 0.000000000000000000, 20.00000000000000000, 3.850000000000000977 ) ) ;
#2443 = CARTESIAN_POINT ( 'NONE',  ( -1.439245034712617777, 0.4000000000000000222, -1.601007994209397767 ) ) ;
#2444 = CARTESIAN_POINT ( 'NONE',  ( -1.313745240989664387, -5.421010862427522170E-17, 1.284987712655410785 ) ) ;
#2445 = CARTESIAN_POINT ( 'NONE',  ( -0.3519874323427286678, 0.000000000000000000, -1.296025135314542664 ) ) ;
#2446 = DIRECTION ( 'NONE',  ( 0.000000000000000000, 0.000000000000000000, 1.000000000000000000 ) ) ;
#2447 = VERTEX_POINT ( 'NONE', #1049 ) ;
#2448 = CARTESIAN_POINT ( 'NONE',  ( 1.309995891891493125, 0.4000000000000000222, 1.208454351919946879 ) ) ;
#2449 = CARTESIAN_POINT ( 'NONE',  ( 1.472061145160846962, 0.000000000000000000, -1.918250208072729057 ) ) ;
#2450 = VERTEX_POINT ( 'NONE', #1798 ) ;
#2451 = CARTESIAN_POINT ( 'NONE',  ( 1.454314250196435010, 0.4000000000000000222, -1.957451391060876622 ) ) ;
#2452 = CARTESIAN_POINT ( 'NONE',  ( -1.439198718730649640, 0.000000000000000000, -1.670030243967590922 ) ) ;
#2453 = CARTESIAN_POINT ( 'NONE',  ( -1.232842043170191637, 0.4000000000000000222, 1.265883101227063268 ) ) ;
#2454 = CARTESIAN_POINT ( 'NONE',  ( -1.217956513049555545, 0.4000000000000000222, -1.060033561357485832 ) ) ;
#2455 = CARTESIAN_POINT ( 'NONE',  ( 1.126183469312230123, 0.000000000000000000, 1.926723625495435410 ) ) ;
ENDSEC;
END-ISO-10303-21;
