ISO-10303-21;
HEADER;
FILE_DESCRIPTION (( 'STEP AP214' ),
    '1' );
FILE_NAME ('JK-RTF-02-12-01 Knob_5.STEP',
    '2026-08-29T19:02:59',
    ( '' ),
    ( '' ),
    'SwSTEP 2.0',
    'SolidWorks 2025',
    '' );
FILE_SCHEMA (( 'AUTOMOTIVE_DESIGN' ));
ENDSEC;

DATA;
#1 = CARTESIAN_POINT ( 'NONE',  ( -0.4169851116105620648, 0.4000000000000000222, 0.04792687908496692795 ) ) ;
#2 = EDGE_LOOP ( 'NONE', ( #455, #1048, #633, #1840 ) ) ;
#3 = CARTESIAN_POINT ( 'NONE',  ( 1.150121645516674063, 0.4000000000000000222, 2.263110253584544651 ) ) ;
#4 = CARTESIAN_POINT ( 'NONE',  ( 1.166544530321070638, 0.000000000000000000, 2.210872955257438655 ) ) ;
#5 = CARTESIAN_POINT ( 'NONE',  ( 0.1572910862111071284, 0.000000000000000000, 0.6851135501775132974 ) ) ;
#6 = EDGE_CURVE ( 'NONE', #32, #1358, #2084, .T. ) ;
#7 = VECTOR ( 'NONE', #1918, 1000.000000000000114 ) ;
#8 = LINE ( 'NONE', #1759, #198 ) ;
#9 = CARTESIAN_POINT ( 'NONE',  ( 0.1235763555961989640, 0.4000000000000000222, -1.268409695981870033 ) ) ;
#10 = CARTESIAN_POINT ( 'NONE',  ( 1.183303525602266593, 0.000000000000000000, 1.882052544933299432 ) ) ;
#11 = CARTESIAN_POINT ( 'NONE',  ( 1.108692381320709242, 0.000000000000000000, 1.606959558563933133 ) ) ;
#12 = FACE_OUTER_BOUND ( 'NONE', #961, .T. ) ;
#13 = DIRECTION ( 'NONE',  ( -0.000000000000000000, 1.000000000000000000, -0.000000000000000000 ) ) ;
#14 = DIRECTION ( 'NONE',  ( -0.000000000000000000, -1.000000000000000000, -0.000000000000000000 ) ) ;
#15 = LINE ( 'NONE', #1, #188 ) ;
#16 = ORIENTED_EDGE ( 'NONE', *, *, #1035, .T. ) ;
#17 = CARTESIAN_POINT ( 'NONE',  ( 1.318915978421096202, 0.000000000000000000, -1.208054895400812345 ) ) ;
#18 = CARTESIAN_POINT ( 'NONE',  ( 1.166544530321070638, 0.000000000000000000, 2.210872955257438655 ) ) ;
#19 = CARTESIAN_POINT ( 'NONE',  ( 0.2579105973405547148, 0.000000000000000000, -2.010815217650203657 ) ) ;
#20 = DIRECTION ( 'NONE',  ( -1.000000000000000000, 0.000000000000000000, -0.000000000000000000 ) ) ;
#21 = CARTESIAN_POINT ( 'NONE',  ( 1.079866992665335479, 0.4000000000000000222, 1.587443271178232251 ) ) ;
#22 = B_SPLINE_SURFACE_WITH_KNOTS ( 'NONE', 3, 1, ( 
 ( #2066, #1872 ),
 ( #2250, #1650 ),
 ( #1415, #181 ),
 ( #362, #1628 ),
 ( #597, #2493 ),
 ( #1206, #1437 ),
 ( #2714, #817 ) ),
 .UNSPECIFIED., .F., .F., .F.,
 ( 4, 1, 1, 1, 4 ),
 ( 2, 2 ),
 ( 0.000000000000000000, 0.2470226549002673966, 0.4890366114064085279, 0.7392319736313518463, 0.9999999999999998890 ),
 ( 0.000000000000000000, 1.000000000000000000 ),
 .UNSPECIFIED. ) ;
#23 = CARTESIAN_POINT ( 'NONE',  ( 1.075220294728182147, 0.4000000000000000222, -1.576249809280601433 ) ) ;
#24 = CARTESIAN_POINT ( 'NONE',  ( -1.247955441942401711, 0.4000000000000000222, 2.102853508244931557 ) ) ;
#25 = DIRECTION ( 'NONE',  ( 0.000000000000000000, 0.000000000000000000, -1.000000000000000000 ) ) ;
#26 = CARTESIAN_POINT ( 'NONE',  ( -1.247955441942401711, 0.000000000000000000, 0.2339202382206132524 ) ) ;
#27 = CARTESIAN_POINT ( 'NONE',  ( 0.2729052283002285084, 0.000000000000000000, -0.1276755592543554751 ) ) ;
#28 = ORIENTED_EDGE ( 'NONE', *, *, #1111, .T. ) ;
#29 = CARTESIAN_POINT ( 'NONE',  ( 1.079866992665335479, 0.4000000000000000222, 1.587443271178232251 ) ) ;
#30 = CARTESIAN_POINT ( 'NONE',  ( -1.426467820698710698, 0.000000000000000000, -1.712510456895407485 ) ) ;
#31 = CARTESIAN_POINT ( 'NONE',  ( -1.385501075057311127, 0.4000000000000000222, -1.820189227209224381 ) ) ;
#32 = VERTEX_POINT ( 'NONE', #1926 ) ;
#33 = DIRECTION ( 'NONE',  ( 0.000000000000000000, -1.000000000000000000, 0.000000000000000000 ) ) ;
#34 = CARTESIAN_POINT ( 'NONE',  ( 1.132612222574930216, 0.000000000000000000, 1.636851912259617015 ) ) ;
#35 = CARTESIAN_POINT ( 'NONE',  ( 0.6074803189997154407, 0.000000000000000000, 0.6086226621750586707 ) ) ;
#36 = AXIS2_PLACEMENT_3D ( 'NONE', #2076, #2489, #1215 ) ;
#37 = CARTESIAN_POINT ( 'NONE',  ( -1.165564434028181884, 0.4000000000000000222, 2.320945401227476612 ) ) ;
#38 = CARTESIAN_POINT ( 'NONE',  ( 0.3469427678981449326, -5.421010862427522170E-17, -1.086622050769344927 ) ) ;
#39 = CARTESIAN_POINT ( 'NONE',  ( 0.000000000000000000, 20.00000000000000000, 0.000000000000000000 ) ) ;
#40 = CARTESIAN_POINT ( 'NONE',  ( 1.439948586856617530, 0.4000000000000000222, -0.5790507347755186052 ) ) ;
#41 = CARTESIAN_POINT ( 'NONE',  ( 0.3669165962275048321, 0.000000000000000000, -0.2258280920905098577 ) ) ;
#42 = EDGE_LOOP ( 'NONE', ( #1941, #2261, #1372, #1546 ) ) ;
#43 = ORIENTED_EDGE ( 'NONE', *, *, #521, .F. ) ;
#44 = CARTESIAN_POINT ( 'NONE',  ( -1.385501075057311127, 0.4000000000000000222, -1.820189227209224381 ) ) ;
#45 = ADVANCED_FACE ( 'NONE', ( #2151 ), #2407, .T. ) ;
#46 = AXIS2_PLACEMENT_3D ( 'NONE', #2291, #1671, #1883 ) ;
#47 = CARTESIAN_POINT ( 'NONE',  ( -1.426467820698710698, 0.4000000000000000222, -1.712510456895407485 ) ) ;
#48 = EDGE_LOOP ( 'NONE', ( #2210, #306, #474, #1673 ) ) ;
#49 = CARTESIAN_POINT ( 'NONE',  ( -1.247955441942401711, 0.4000000000000000222, 0.2339202382206132524 ) ) ;
#50 = CARTESIAN_POINT ( 'NONE',  ( 1.439948586856617530, 0.000000000000000000, -0.5790507347755186052 ) ) ;
#51 = CARTESIAN_POINT ( 'NONE',  ( -1.067961868585324492, 0.4000000000000000222, 0.007928307227838583826 ) ) ;
#52 = CARTESIAN_POINT ( 'NONE',  ( 0.000000000000000000, 20.00000000000000000, 1.649999999999999911 ) ) ;
#53 = CARTESIAN_POINT ( 'NONE',  ( -1.219394696958852053, 0.000000000000000000, -1.148761369538511934 ) ) ;
#54 = CARTESIAN_POINT ( 'NONE',  ( 0.3240857160353843858, 0.4000000000000000222, -0.1737728200484391083 ) ) ;
#55 = CARTESIAN_POINT ( 'NONE',  ( 0.4204035565596511148, 0.4000000000000000222, -0.9615443644103793819 ) ) ;
#56 = ORIENTED_EDGE ( 'NONE', *, *, #2074, .T. ) ;
#57 = CARTESIAN_POINT ( 'NONE',  ( 1.183303525602266593, 0.4000000000000000222, 1.882052544933299432 ) ) ;
#58 = CARTESIAN_POINT ( 'NONE',  ( 1.293613642184917145, 0.000000000000000000, 0.08255514505798217106 ) ) ;
#59 = CARTESIAN_POINT ( 'NONE',  ( -0.6650440217982035440, 0.000000000000000000, -2.043493230371892455 ) ) ;
#60 = ORIENTED_EDGE ( 'NONE', *, *, #2059, .F. ) ;
#61 = LINE ( 'NONE', #1084, #1634 ) ;
#62 = CARTESIAN_POINT ( 'NONE',  ( 0.4799828622855393245, 0.4000000000000000222, -0.6360486996719262320 ) ) ;
#63 = CARTESIAN_POINT ( 'NONE',  ( 0.4799828622855393245, 0.4000000000000000222, -0.6360486996719262320 ) ) ;
#64 = EDGE_CURVE ( 'NONE', #1766, #667, #2578, .T. ) ;
#65 = CARTESIAN_POINT ( 'NONE',  ( -1.226922392080145974, 0.4000000000000000222, 0.08736376679943498591 ) ) ;
#66 = CARTESIAN_POINT ( 'NONE',  ( 1.435351129028050510, 0.000000000000000000, -0.7477542444208726824 ) ) ;
#67 = CARTESIAN_POINT ( 'NONE',  ( 0.1883305849817723254, 0.4000000000000000222, -1.231138855090800011 ) ) ;
#68 = CARTESIAN_POINT ( 'NONE',  ( -1.182818226839047693, 0.4000000000000000222, 0.03287285059877303323 ) ) ;
#69 = CARTESIAN_POINT ( 'NONE',  ( -1.439033403155897117, 0.4000000000000000222, -1.531346414460372785 ) ) ;
#70 = ORIENTED_EDGE ( 'NONE', *, *, #1740, .F. ) ;
#71 = CARTESIAN_POINT ( 'NONE',  ( 0.1883305849817723254, 0.000000000000000000, -1.231138855090800011 ) ) ;
#72 = CARTESIAN_POINT ( 'NONE',  ( 0.000000000000000000, 20.00000000000000000, -3.049999999999999822 ) ) ;
#73 = CARTESIAN_POINT ( 'NONE',  ( -1.247955441942401711, 0.000000000000000000, 0.2339202382206132524 ) ) ;
#74 = ORIENTED_EDGE ( 'NONE', *, *, #1681, .F. ) ;
#75 = CARTESIAN_POINT ( 'NONE',  ( 1.075220294728182147, 0.4000000000000000222, -1.576249809280601433 ) ) ;
#76 = CARTESIAN_POINT ( 'NONE',  ( -0.008999678667853672209, 0.4000000000000000222, 0.6879040287990192404 ) ) ;
#77 =( LENGTH_UNIT ( ) NAMED_UNIT ( * ) SI_UNIT ( .MILLI., .METRE. ) );
#78 = CARTESIAN_POINT ( 'NONE',  ( 0.4695635321099979609, 0.4000000000000000222, -0.4820344490799955972 ) ) ;
#80 = EDGE_CURVE ( 'NONE', #2150, #1271, #104, .T. ) ;
#79 = CARTESIAN_POINT ( 'NONE',  ( 1.346679340680902559, 0.4000000000000000222, -0.03184324285252575909 ) ) ;
#81 = FACE_OUTER_BOUND ( 'NONE', #1022, .T. ) ;
#82 = CARTESIAN_POINT ( 'NONE',  ( -1.439948586856617530, 0.000000000000000000, -1.452019565557343128 ) ) ;
#83 = CARTESIAN_POINT ( 'NONE',  ( -0.3799864326427184191, 0.000000000000000000, -1.360022850285947715 ) ) ;
#84 = ORIENTED_EDGE ( 'NONE', *, *, #1273, .T. ) ;
#85 = CARTESIAN_POINT ( 'NONE',  ( -0.3799864326427184191, 0.000000000000000000, -1.360022850285947715 ) ) ;
#86 = CARTESIAN_POINT ( 'NONE',  ( 1.439948586856617530, 0.000000000000000000, -0.5790507347755186052 ) ) ;
#87 = CARTESIAN_POINT ( 'NONE',  ( 0.4208393670021004507, 0.000000000000000000, -1.966886317447066990 ) ) ;
#88 = ORIENTED_EDGE ( 'NONE', *, *, #2112, .F. ) ;
#89 = SURFACE_STYLE_USAGE ( .BOTH. , #2199 ) ;
#90 = CARTESIAN_POINT ( 'NONE',  ( 1.047962582656760455, 0.4000000000000000222, 1.583872038398692172 ) ) ;
#91 = CARTESIAN_POINT ( 'NONE',  ( -1.182818226839047693, 0.4000000000000000222, 0.03287285059877303323 ) ) ;
#92 = CARTESIAN_POINT ( 'NONE',  ( -0.2487200812594669574, 0.4000000000000000222, 0.6857080440154654788 ) ) ;
#93 = CARTESIAN_POINT ( 'NONE',  ( 0.4665027956307871149, 0.4000000000000000222, -0.8111255698121729862 ) ) ;
#94 = EDGE_CURVE ( 'NONE', #575, #622, #588, .T. ) ;
#95 = CARTESIAN_POINT ( 'NONE',  ( -1.363906932439563846, 0.000000000000000000, -1.843835104744938391 ) ) ;
#96 = DIRECTION ( 'NONE',  ( -0.000000000000000000, -1.000000000000000000, -0.000000000000000000 ) ) ;
#97 = VERTEX_POINT ( 'NONE', #1109 ) ;
#98 = CARTESIAN_POINT ( 'NONE',  ( 0.4025385084273851999, 0.4000000000000000222, -0.2831287806419268693 ) ) ;
#99 = CARTESIAN_POINT ( 'NONE',  ( 0.8475437187956009755, 0.4000000000000000222, -1.765655744537869332 ) ) ;
#100 = CARTESIAN_POINT ( 'NONE',  ( -1.139980308970711231, 0.4000000000000000222, -1.189907737873334037 ) ) ;
#101 = EDGE_LOOP ( 'NONE', ( #668, #2264, #650 ) ) ;
#102 = CARTESIAN_POINT ( 'NONE',  ( 1.183468775929148009, 0.4000000000000000222, 2.063693255299706042 ) ) ;
#103 = CARTESIAN_POINT ( 'NONE',  ( 1.436738317860785097, 0.000000000000000000, -0.4305489760204638250 ) ) ;
#104 = B_SPLINE_CURVE_WITH_KNOTS ( 'NONE', 3,
 ( #1492, #2132, #2331, #439, #869, #1282, #254, #684, #29, #1094, #1525 ),
 .UNSPECIFIED., .F., .F.,
 ( 4, 1, 1, 1, 1, 1, 1, 1, 4 ),
 ( 0.000000000000000000, 0.2131923673497059246, 0.3978394130439615872, 0.5501753220271278222, 0.6737585725198482756, 0.7731137772225545879, 0.8575709911369205907, 0.9291565985966739882, 1.000000000000000000 ),
 .UNSPECIFIED. ) ;
#105 = VECTOR ( 'NONE', #2255, 1000.000000000000000 ) ;
#106 = AXIS2_PLACEMENT_3D ( 'NONE', #2009, #2174, #2628 ) ;
#107 = CARTESIAN_POINT ( 'NONE',  ( -1.027963296728195974, 0.000000000000000000, 2.351844618055555003 ) ) ;
#108 = CARTESIAN_POINT ( 'NONE',  ( 0.3171540006644647525, 0.4000000000000000222, 0.6704224575574091460 ) ) ;
#109 = CARTESIAN_POINT ( 'NONE',  ( 0.4799828622855393245, -5.421010862427522170E-17, -0.6360486996719262320 ) ) ;
#110 = CARTESIAN_POINT ( 'NONE',  ( -0.3779768581267559657, 0.4000000000000000222, 0.04728406233777898704 ) ) ;
#111 = LINE ( 'NONE', #1829, #2024 ) ;
#112 = ORIENTED_EDGE ( 'NONE', *, *, #2529, .T. ) ;
#113 = CARTESIAN_POINT ( 'NONE',  ( 0.4483204212902122676, 0.000000000000000000, -0.8899229145148969122 ) ) ;
#114 = VECTOR ( 'NONE', #789, 1000.000000000000000 ) ;
#115 = AXIS2_PLACEMENT_3D ( 'NONE', #1536, #1729, #1263 ) ;
#116 = CARTESIAN_POINT ( 'NONE',  ( -1.439948586856617307, 0.4000000000000000222, -1.452019565557342906 ) ) ;
#117 = CARTESIAN_POINT ( 'NONE',  ( 0.4531772219950167546, 0.4000000000000000222, -0.4115006254630734772 ) ) ;
#118 = EDGE_LOOP ( 'NONE', ( #595, #1843, #518, #2184 ) ) ;
#119 = EDGE_CURVE ( 'NONE', #1646, #2118, #1956, .T. ) ;
#120 = CARTESIAN_POINT ( 'NONE',  ( -0.3648574541644944991, 0.000000000000000000, 0.6798638048647928089 ) ) ;
#121 = CARTESIAN_POINT ( 'NONE',  ( -0.005965991870497382860, 0.000000000000000000, 0.005981896194280635418 ) ) ;
#122 = FACE_BOUND ( 'NONE', #913, .T. ) ;
#123 = DIRECTION ( 'NONE',  ( 0.000000000000000000, -1.000000000000000000, 0.000000000000000000 ) ) ;
#124 = LINE ( 'NONE', #1818, #554 ) ;
#125 = ORIENTED_EDGE ( 'NONE', *, *, #890, .T. ) ;
#126 = CARTESIAN_POINT ( 'NONE',  ( 0.1235763555961989640, 0.000000000000000000, -1.268409695981870033 ) ) ;
#127 = CARTESIAN_POINT ( 'NONE',  ( -1.438376195047441186, -1.084202172485504434E-16, -1.367329788436739024 ) ) ;
#128 = DIRECTION ( 'NONE',  ( 0.000000000000000000, 0.000000000000000000, 1.000000000000000000 ) ) ;
#129 = ORIENTED_EDGE ( 'NONE', *, *, #142, .F. ) ;
#130 = CARTESIAN_POINT ( 'NONE',  ( -0.005965991870497382860, 0.000000000000000000, 0.005981896194280635418 ) ) ;
#131 = ADVANCED_FACE ( 'NONE', ( #2399 ), #2609, .F. ) ;
#132 = CARTESIAN_POINT ( 'NONE',  ( -1.139980308970711231, 0.4000000000000000222, -1.189907737873334037 ) ) ;
#133 = DIRECTION ( 'NONE',  ( -0.000000000000000000, 0.000000000000000000, 1.000000000000000000 ) ) ;
#134 = VECTOR ( 'NONE', #1177, 1000.000000000000000 ) ;
#135 = CARTESIAN_POINT ( 'NONE',  ( -1.247955441942401711, 0.4000000000000000222, 0.2339202382206132524 ) ) ;
#136 = EDGE_LOOP ( 'NONE', ( #1163, #654, #397, #1017 ) ) ;
#137 = CARTESIAN_POINT ( 'NONE',  ( 1.438859316988277515, 0.000000000000000000, -0.5286629039060950497 ) ) ;
#138 = CARTESIAN_POINT ( 'NONE',  ( -1.247955441942401711, 0.4000000000000000222, 2.102853508244931557 ) ) ;
#139 = ORIENTED_EDGE ( 'NONE', *, *, #1905, .T. ) ;
#140 = FILL_AREA_STYLE_COLOUR ( '', #1394 ) ;
#141 = CARTESIAN_POINT ( 'NONE',  ( -1.426872986434473578, 0.4000000000000000222, -1.231030920226127590 ) ) ;
#142 = EDGE_CURVE ( 'NONE', #857, #940, #338, .T. ) ;
#143 = LINE ( 'NONE', #364, #2093 ) ;
#144 = EDGE_CURVE ( 'NONE', #1181, #2019, #1723, .T. ) ;
#145 = PRODUCT_DEFINITION ( 'UNKNOWN', '', #844, #803 ) ;
#146 = CARTESIAN_POINT ( 'NONE',  ( -1.197941012570358010, 0.4000000000000000222, 2.294775721742916552 ) ) ;
#147 = ORIENTED_EDGE ( 'NONE', *, *, #851, .T. ) ;
#148 = CARTESIAN_POINT ( 'NONE',  ( 0.1235763555961989640, 0.4000000000000000222, -1.268409695981870033 ) ) ;
#149 = CARTESIAN_POINT ( 'NONE',  ( -0.2819899315927542061, 0.4000000000000000222, -2.063997714971405273 ) ) ;
#150 = PRODUCT_DEFINITION_SHAPE ( 'NONE', 'NONE',  #145 ) ;
#151 = CARTESIAN_POINT ( 'NONE',  ( 0.4025385084273851999, 0.4000000000000000222, -0.2831287806419268693 ) ) ;
#152 = ORIENTED_EDGE ( 'NONE', *, *, #2512, .T. ) ;
#153 = CARTESIAN_POINT ( 'NONE',  ( -1.247955441942401711, 0.000000000000000000, 0.2339202382206132524 ) ) ;
#154 = CARTESIAN_POINT ( 'NONE',  ( -1.314380114619044138, 0.4000000000000000222, -1.106692493975250713 ) ) ;
#155 = EDGE_LOOP ( 'NONE', ( #152, #530, #1975, #2055 ) ) ;
#156 = CARTESIAN_POINT ( 'NONE',  ( -0.5883514775486594628, 0.000000000000000000, -1.351644762751338158 ) ) ;
#157 = B_SPLINE_CURVE_WITH_KNOTS ( 'NONE', 3,
 ( #323, #948, #2222, #544, #2211, #2638, #2457, #2430, #531, #2417, #2034 ),
 .UNSPECIFIED., .F., .F.,
 ( 4, 1, 1, 1, 1, 1, 1, 1, 4 ),
 ( 0.000000000000000000, 0.06924044578327213928, 0.1426589713602619269, 0.2247749432160125460, 0.3245570504637176334, 0.4462440293682085612, 0.5985730100914052887, 0.7813978397191543301, 1.000000000000000000 ),
 .UNSPECIFIED. ) ;
#158 = EDGE_CURVE ( 'NONE', #2244, #1603, #787, .T. ) ;
#159 = CARTESIAN_POINT ( 'NONE',  ( -0.4799828622855391025, 0.4000000000000000222, 1.583872038398692172 ) ) ;
#160 = CARTESIAN_POINT ( 'NONE',  ( 1.439948586856617530, 0.000000000000000000, -0.5790507347755186052 ) ) ;
#161 = CARTESIAN_POINT ( 'NONE',  ( -1.328952549953086315, 0.000000000000000000, -1.104031990400327068 ) ) ;
#162 = CARTESIAN_POINT ( 'NONE',  ( 0.000000000000000000, 23.00000000000000000, -5.049999999999999822 ) ) ;
#163 = B_SPLINE_CURVE_WITH_KNOTS ( 'NONE', 3,
 ( #2296, #2306, #2121, #856, #611, #1478, #1258, #1452, #1037, #841, #2550, #1245, #2318, #220, #1705, #2283, #653, #2095, #195, #2727, #828 ),
 .UNSPECIFIED., .F., .F.,
 ( 4, 1, 1, 1, 1, 1, 1, 1, 1, 1, 1, 1, 1, 1, 1, 1, 1, 1, 4 ),
 ( 0.000000000000000000, 0.1306752112654220310, 0.2545745579850597351, 0.3701481710488373489, 0.4748063812327901201, 0.5654174981725611504, 0.6388947687929286134, 0.6686345176865096107, 0.6941736277732589722, 0.7135557382652975011, 0.7290464160393709259, 0.7531983634708723230, 0.7761616228554111263, 0.7998270582353894653, 0.8268895189503111531, 0.8593777350118977365, 0.8982418496444529721, 0.9455180763175817793, 1.000000000000000000 ),
 .UNSPECIFIED. ) ;
#164 = ORIENTED_EDGE ( 'NONE', *, *, #2259, .T. ) ;
#165 = CARTESIAN_POINT ( 'NONE',  ( -0.8377479958039110164, 0.4000000000000000222, -2.016303457376916519 ) ) ;
#166 = VECTOR ( 'NONE', #1884, 1000.000000000000000 ) ;
#167 = CARTESIAN_POINT ( 'NONE',  ( -1.277664882511115652, 0.4000000000000000222, -1.113395629315237834 ) ) ;
#168 = CARTESIAN_POINT ( 'NONE',  ( 0.8580397322318509268, 0.4000000000000000222, 0.5077100116917139250 ) ) ;
#169 = ORIENTED_EDGE ( 'NONE', *, *, #1961, .T. ) ;
#170 = CARTESIAN_POINT ( 'NONE',  ( -0.3799864326427184191, 0.4000000000000000222, -1.360022850285947715 ) ) ;
#171 = CARTESIAN_POINT ( 'NONE',  ( -0.3648574541644944991, 0.000000000000000000, 0.6798638048647928089 ) ) ;
#172 = B_SPLINE_SURFACE_WITH_KNOTS ( 'NONE', 3, 1, ( 
 ( #1538, #1775 ),
 ( #2176, #482 ),
 ( #1326, #2590 ),
 ( #2191, #1119 ),
 ( #1340, #280 ),
 ( #695, #292 ),
 ( #67, #1968 ),
 ( #911, #1134 ),
 ( #1763, #2603 ),
 ( #497, #1553 ),
 ( #1983, #2395 ),
 ( #55, #438 ),
 ( #2592, #867 ),
 ( #896, #1281 ),
 ( #2397, #217 ),
 ( #2163, #1748 ),
 ( #697, #648 ) ),
 .UNSPECIFIED., .F., .F., .F.,
 ( 4, 1, 1, 1, 1, 1, 1, 1, 1, 1, 1, 1, 1, 1, 4 ),
 ( 2, 2 ),
 ( 0.000000000000000000, 0.1451987480583907808, 0.2791343565692988027, 0.3420048425868865705, 0.4025112953498243273, 0.4597510955262692489, 0.5162052508072205725, 0.5719444934671177316, 0.6272404637962367691, 0.6828050090856863097, 0.7396292891646502055, 0.7988414723140656593, 0.8621789737589887759, 0.9282170845184235519, 1.000000000000000000 ),
 ( 0.000000000000000000, 1.000000000000000000 ),
 .UNSPECIFIED. ) ;
#173 = CARTESIAN_POINT ( 'NONE',  ( 0.5740475459581070306, 0.4000000000000000222, -1.910923319205970250 ) ) ;
#174 = CARTESIAN_POINT ( 'NONE',  ( 0.4671804990632407728, 0.4000000000000000222, 0.6441881245754571550 ) ) ;
#175 = EDGE_CURVE ( 'NONE', #667, #374, #1213, .T. ) ;
#176 = CARTESIAN_POINT ( 'NONE',  ( 0.000000000000000000, 23.00000000000000000, -4.349999999999999645 ) ) ;
#177 = CARTESIAN_POINT ( 'NONE',  ( -0.4169851116105620648, 0.4000000000000000222, 0.04792687908496692795 ) ) ;
#178 = EDGE_LOOP ( 'NONE', ( #957, #426, #1749, #2563 ) ) ;
#179 = ADVANCED_FACE ( 'NONE', ( #823 ), #2190, .F. ) ;
#180 = CARTESIAN_POINT ( 'NONE',  ( -1.217306518483291633, 0.4000000000000000222, -1.916285096505051300 ) ) ;
#181 = CARTESIAN_POINT ( 'NONE',  ( -0.3648574541644944991, 0.000000000000000000, 0.6798638048647928089 ) ) ;
#182 = CARTESIAN_POINT ( 'NONE',  ( -0.5966688927941965481, 0.000000000000000000, 0.04584169567052152200 ) ) ;
#183 = CARTESIAN_POINT ( 'NONE',  ( -1.027963296728195974, 0.000000000000000000, 2.351844618055555003 ) ) ;
#184 = CARTESIAN_POINT ( 'NONE',  ( -0.4163233305853540345, 0.000000000000000000, -1.359273710955382963 ) ) ;
#185 = B_SPLINE_CURVE_WITH_KNOTS ( 'NONE', 3,
 ( #1919, #1934, #5, #643, #1516, #35, #2540, #1292, #862, #1695, #2556, #1711, #446, #1070, #847, #226, #2325, #2141, #246 ),
 .UNSPECIFIED., .F., .F.,
 ( 4, 1, 1, 1, 1, 1, 1, 1, 1, 1, 1, 1, 1, 1, 1, 1, 4 ),
 ( 0.000000000000000000, 0.07710240741114715579, 0.1503867858756681719, 0.2193616382886609262, 0.2852824920776791395, 0.3481680369406243147, 0.4079511667121843432, 0.4660602653797479844, 0.5219752895218560118, 0.5771244849844293645, 0.6319635961168931226, 0.6878916360771109018, 0.7448093034803578982, 0.8040806283300560020, 0.8658113544318024601, 0.9310854745784004072, 1.000000000000000000 ),
 .UNSPECIFIED. ) ;
#186 = CARTESIAN_POINT ( 'NONE',  ( 1.439948586856617530, 0.4000000000000000222, -0.5790507347755186052 ) ) ;
#187 = CARTESIAN_POINT ( 'NONE',  ( 1.418518228835005335, 0.000000000000000000, -0.2882346421359870958 ) ) ;
#188 = VECTOR ( 'NONE', #1231, 1000.000000000000000 ) ;
#189 = DIRECTION ( 'NONE',  ( -0.000000000000000000, -1.000000000000000000, 0.000000000000000000 ) ) ;
#190 = CARTESIAN_POINT ( 'NONE',  ( 1.108692381320709242, 0.4000000000000000222, 1.606959558563933133 ) ) ;
#191 = ORIENTED_EDGE ( 'NONE', *, *, #1460, .T. ) ;
#192 = DIRECTION ( 'NONE',  ( 0.000000000000000000, 0.7071067811865561215, 0.7071067811865390240 ) ) ;
#193 = LINE ( 'NONE', #1036, #1648 ) ;
#194 = EDGE_CURVE ( 'NONE', #2090, #2244, #1554, .T. ) ;
#195 = CARTESIAN_POINT ( 'NONE',  ( -1.439033403155897117, 0.000000000000000000, -1.531346414460372785 ) ) ;
#196 = ORIENTED_EDGE ( 'NONE', *, *, #1476, .F. ) ;
#197 = CARTESIAN_POINT ( 'NONE',  ( -1.165564434028181884, 0.000000000000000000, 2.320945401227476612 ) ) ;
#198 = VECTOR ( 'NONE', #213, 1000.000000000000114 ) ;
#199 = CARTESIAN_POINT ( 'NONE',  ( 1.438393196965378262, -0.000000000000000000, -0.6361256973534341608 ) ) ;
#200 = CARTESIAN_POINT ( 'NONE',  ( -1.404423486916956731, 0.000000000000000000, -1.789260602169717718 ) ) ;
#201 = DIRECTION ( 'NONE',  ( 1.000000000000000000, 0.000000000000000000, -0.000000000000000000 ) ) ;
#202 = CARTESIAN_POINT ( 'NONE',  ( 0.1883305849817723254, -5.421010862427522170E-17, -1.231138855090800011 ) ) ;
#203 = CARTESIAN_POINT ( 'NONE',  ( -1.139980308970711231, 0.000000000000000000, -1.189907737873334037 ) ) ;
#204 = CARTESIAN_POINT ( 'NONE',  ( 0.07556161281690439158, 0.4000000000000000222, -0.01932537229841123014 ) ) ;
#205 = EDGE_LOOP ( 'NONE', ( #2424, #88, #741, #1754 ) ) ;
#206 = CARTESIAN_POINT ( 'NONE',  ( -1.404423486916956731, 0.000000000000000000, -1.789260602169717718 ) ) ;
#207 = CARTESIAN_POINT ( 'NONE',  ( 0.000000000000000000, 0.000000000000000000, 0.000000000000000000 ) ) ;
#208 = ORIENTED_EDGE ( 'NONE', *, *, #1427, .T. ) ;
#209 = ADVANCED_FACE ( 'NONE', ( #576 ), #1772, .T. ) ;
#210 = CARTESIAN_POINT ( 'NONE',  ( 1.055190007189203083, 0.4000000000000000222, 2.350926616873618258 ) ) ;
#211 = CARTESIAN_POINT ( 'NONE',  ( -1.221311877350775399, -5.421010862427522170E-17, 2.259127894737020359 ) ) ;
#212 = CARTESIAN_POINT ( 'NONE',  ( -0.4169851116105620648, 0.4000000000000000222, 0.04792687908496692795 ) ) ;
#213 = DIRECTION ( 'NONE',  ( 8.659560562354953812E-17, 0.7071067811865460184, -0.7071067811865490160 ) ) ;
#214 = CARTESIAN_POINT ( 'NONE',  ( 0.05127625478736871217, 0.4000000000000000222, -1.296118816148819519 ) ) ;
#215 = FACE_OUTER_BOUND ( 'NONE', #2547, .T. ) ;
#216 = CARTESIAN_POINT ( 'NONE',  ( 1.047962582656760455, 0.4000000000000000222, 1.583872038398692172 ) ) ;
#217 = CARTESIAN_POINT ( 'NONE',  ( 0.4777294008000858017, -5.421010862427522170E-17, -0.7257034415549945550 ) ) ;
#218 = CARTESIAN_POINT ( 'NONE',  ( 1.047962582656760455, 0.4000000000000000222, 1.583872038398692172 ) ) ;
#219 = LINE ( 'NONE', #1063, #2363 ) ;
#220 = CARTESIAN_POINT ( 'NONE',  ( -1.404423486916956731, 0.000000000000000000, -1.789260602169717718 ) ) ;
#221 = ORIENTED_EDGE ( 'NONE', *, *, #1997, .T. ) ;
#222 = CARTESIAN_POINT ( 'NONE',  ( 1.412109355121003773, 0.4000000000000000222, -0.9107249189582751203 ) ) ;
#223 = CARTESIAN_POINT ( 'NONE',  ( -1.226922392080145974, 0.000000000000000000, 0.08736376679943498591 ) ) ;
#224 = CARTESIAN_POINT ( 'NONE',  ( -0.05367092498090912656, 0.4000000000000000222, -1.329255576571228614 ) ) ;
#225 = CARTESIAN_POINT ( 'NONE',  ( -1.415744931974540100, 0.000000000000000000, -1.753411740495854909 ) ) ;
#226 = CARTESIAN_POINT ( 'NONE',  ( 1.418518228835005335, 0.000000000000000000, -0.2882346421359870958 ) ) ;
#227 = EDGE_CURVE ( 'NONE', #973, #2104, #1683, .T. ) ;
#228 =( GEOMETRIC_REPRESENTATION_CONTEXT ( 3 ) GLOBAL_UNCERTAINTY_ASSIGNED_CONTEXT ( ( #586 ) ) GLOBAL_UNIT_ASSIGNED_CONTEXT ( ( #1728, #676, #2125 ) ) REPRESENTATION_CONTEXT ( 'NONE', 'WORKASPACE' ) );
#230 = EDGE_CURVE ( 'NONE', #2412, #1439, #2265, .T. ) ;
#229 = CARTESIAN_POINT ( 'NONE',  ( -1.245874591538054466, 0.4000000000000000222, 0.1777764374268639980 ) ) ;
#231 = CARTESIAN_POINT ( 'NONE',  ( 1.044962689767475750, 0.000000000000000000, 2.351844618055555003 ) ) ;
#232 = CARTESIAN_POINT ( 'NONE',  ( -0.5883514775486594628, 0.000000000000000000, -1.351644762751338158 ) ) ;
#233 = CARTESIAN_POINT ( 'NONE',  ( -1.226922392080145974, 0.4000000000000000222, 0.08736376679943498591 ) ) ;
#234 = CLOSED_SHELL ( 'NONE', ( #179, #335, #1574, #634, #2548, #960, #1995, #131, #2433, #1182, #1624, #652, #2142, #2404, #395, #1999, #1838, #2381, #1443 ) ) ;
#235 = CARTESIAN_POINT ( 'NONE',  ( 0.4794129848490676915, -0.000000000000000000, -0.6093623996183051839 ) ) ;
#236 = VERTEX_POINT ( 'NONE', #1296 ) ;
#237 = ORIENTED_EDGE ( 'NONE', *, *, #409, .F. ) ;
#238 = DIRECTION ( 'NONE',  ( 0.000000000000000000, -1.000000000000000000, 0.000000000000000000 ) ) ;
#239 = DIRECTION ( 'NONE',  ( 0.000000000000000000, 1.000000000000000000, 0.000000000000000000 ) ) ;
#240 = ORIENTED_EDGE ( 'NONE', *, *, #2110, .F. ) ;
#241 = CARTESIAN_POINT ( 'NONE',  ( 5.327213576290986242E-16, 23.00000000000000000, 4.349999999999999645 ) ) ;
#242 = CARTESIAN_POINT ( 'NONE',  ( -0.4169851116105620648, 0.4000000000000000222, 0.04792687908496692795 ) ) ;
#243 = CARTESIAN_POINT ( 'NONE',  ( -1.165564434028181884, 0.4000000000000000222, 2.320945401227476612 ) ) ;
#244 = CARTESIAN_POINT ( 'NONE',  ( -0.4787026817218706376, 0.4000000000000000222, 0.04721066278136827610 ) ) ;
#245 = VECTOR ( 'NONE', #238, 1000.000000000000000 ) ;
#246 = CARTESIAN_POINT ( 'NONE',  ( 1.439948586856617530, 0.000000000000000000, -0.5790507347755186052 ) ) ;
#247 = CARTESIAN_POINT ( 'NONE',  ( 0.9670795134015615080, 0.000000000000000000, -1.676505713564996780 ) ) ;
#248 = CARTESIAN_POINT ( 'NONE',  ( 0.3010759788225487732, -5.421010862427522170E-17, -1.141322813040843043 ) ) ;
#249 = CARTESIAN_POINT ( 'NONE',  ( 1.176380949153819522, 0.000000000000000000, 1.800537041225318768 ) ) ;
#250 = EDGE_CURVE ( 'NONE', #1701, #1113, #263, .T. ) ;
#251 = CARTESIAN_POINT ( 'NONE',  ( 1.228161183951024249, 0.4000000000000000222, 0.1864889154479509592 ) ) ;
#252 = CARTESIAN_POINT ( 'NONE',  ( -1.432590838524436361, 0.4000000000000000222, -1.662801926726630519 ) ) ;
#253 = ORIENTED_EDGE ( 'NONE', *, *, #603, .T. ) ;
#254 = CARTESIAN_POINT ( 'NONE',  ( 1.132612222574930216, 0.4000000000000000222, 1.636851912259617015 ) ) ;
#255 = CARTESIAN_POINT ( 'NONE',  ( 0.1572910862111071284, 0.4000000000000000222, 0.6851135501775132974 ) ) ;
#256 = CARTESIAN_POINT ( 'NONE',  ( -1.438004466498163492, 0.000000000000000000, -1.602800040900503653 ) ) ;
#257 = VERTEX_POINT ( 'NONE', #2573 ) ;
#258 = CARTESIAN_POINT ( 'NONE',  ( 0.08558212190270077235, 0.000000000000000000, -2.041361107357480886 ) ) ;
#259 = CARTESIAN_POINT ( 'NONE',  ( 1.076261774804988525, 0.4000000000000000222, 2.349035220842855765 ) ) ;
#260 = CARTESIAN_POINT ( 'NONE',  ( 0.4483204212902122676, 0.4000000000000000222, -0.8899229145148969122 ) ) ;
#261 = CARTESIAN_POINT ( 'NONE',  ( -0.5966688927941965481, 0.4000000000000000222, 0.04584169567052152200 ) ) ;
#262 = CARTESIAN_POINT ( 'NONE',  ( -1.150138262448394677, 0.4000000000000000222, 0.01843101909304522418 ) ) ;
#263 = LINE ( 'NONE', #24, #1166 ) ;
#264 = CYLINDRICAL_SURFACE ( 'NONE', #271, 4.349999999999999645 ) ;
#265 = CARTESIAN_POINT ( 'NONE',  ( -1.240169466493149519, 0.000000000000000000, 0.1276388434555551232 ) ) ;
#266 = CARTESIAN_POINT ( 'NONE',  ( 0.3240857160353843858, 0.000000000000000000, -0.1737728200484391083 ) ) ;
#267 = VERTEX_POINT ( 'NONE', #1951 ) ;
#268 = DIRECTION ( 'NONE',  ( 0.000000000000000000, 0.000000000000000000, -1.000000000000000000 ) ) ;
#269 = ADVANCED_FACE ( 'NONE', ( #2527 ), #864, .T. ) ;
#270 = CARTESIAN_POINT ( 'NONE',  ( -0.008999678667853672209, 0.000000000000000000, 0.6879040287990192404 ) ) ;
#271 = AXIS2_PLACEMENT_3D ( 'NONE', #620, #2544, #646 ) ;
#272 = CARTESIAN_POINT ( 'NONE',  ( 0.8475437187956009755, 0.000000000000000000, -1.765655744537869332 ) ) ;
#273 = ORIENTED_EDGE ( 'NONE', *, *, #2112, .T. ) ;
#274 = CARTESIAN_POINT ( 'NONE',  ( 1.251228015446590902, 0.4000000000000000222, -1.341503153997387177 ) ) ;
#275 = CARTESIAN_POINT ( 'NONE',  ( 1.439948586856617530, 0.4000000000000000222, -0.5790507347755186052 ) ) ;
#276 = LINE ( 'NONE', #1533, #2557 ) ;
#277 = ORIENTED_EDGE ( 'NONE', *, *, #1295, .T. ) ;
#278 = CARTESIAN_POINT ( 'NONE',  ( -1.067961868585324492, 0.4000000000000000222, 0.007928307227838583826 ) ) ;
#279 = CARTESIAN_POINT ( 'NONE',  ( 1.439948586856617530, 0.000000000000000000, -0.5790507347755186052 ) ) ;
#280 = CARTESIAN_POINT ( 'NONE',  ( 0.05127625478736871217, -5.421010862427522170E-17, -1.296118816148819519 ) ) ;
#281 = CARTESIAN_POINT ( 'NONE',  ( 1.346679340680902559, 0.4000000000000000222, -0.03184324285252575909 ) ) ;
#282 = CARTESIAN_POINT ( 'NONE',  ( -0.4169851116105620648, 0.000000000000000000, 0.04792687908496692795 ) ) ;
#283 = ORIENTED_EDGE ( 'NONE', *, *, #1041, .T. ) ;
#284 = CARTESIAN_POINT ( 'NONE',  ( 0.4777294008000858017, 0.000000000000000000, -0.7257034415549945550 ) ) ;
#285 = CARTESIAN_POINT ( 'NONE',  ( -1.354577757578232067, -1.084202172485504434E-16, -1.106070399510945546 ) ) ;
#286 = CARTESIAN_POINT ( 'NONE',  ( -1.385501075057311127, 0.000000000000000000, -1.820189227209224381 ) ) ;
#287 = ORIENTED_EDGE ( 'NONE', *, *, #549, .T. ) ;
#288 = EDGE_CURVE ( 'NONE', #2456, #2403, #630, .T. ) ;
#289 = CARTESIAN_POINT ( 'NONE',  ( -0.04999801181359505436, 0.000000000000000000, 0.6875929107068848856 ) ) ;
#290 = CARTESIAN_POINT ( 'NONE',  ( 0.4794129848490676915, 0.4000000000000000222, -0.6093623996183051839 ) ) ;
#291 = CARTESIAN_POINT ( 'NONE',  ( 1.438859316988277515, 0.4000000000000000222, -0.5286629039060950497 ) ) ;
#292 = CARTESIAN_POINT ( 'NONE',  ( 0.1235763555961989640, -5.421010862427522170E-17, -1.268409695981870033 ) ) ;
#293 = CARTESIAN_POINT ( 'NONE',  ( 0.07556161281690439158, 0.4000000000000000222, -0.01932537229841123014 ) ) ;
#294 = CARTESIAN_POINT ( 'NONE',  ( -1.027963296728195974, 0.4000000000000000222, 2.351844618055555003 ) ) ;
#295 = VERTEX_POINT ( 'NONE', #1670 ) ;
#296 = CARTESIAN_POINT ( 'NONE',  ( -0.4787026817218706376, 0.000000000000000000, 0.04721066278136827610 ) ) ;
#297 = CARTESIAN_POINT ( 'NONE',  ( -1.378219461417371283, 0.4000000000000000222, -1.120833074830319687 ) ) ;
#298 = CARTESIAN_POINT ( 'NONE',  ( -0.4413465930850527519, 0.4000000000000000222, 0.6719182230060714023 ) ) ;
#299 = ORIENTED_EDGE ( 'NONE', *, *, #2529, .F. ) ;
#300 = CARTESIAN_POINT ( 'NONE',  ( 1.055190007189203083, 0.4000000000000000222, 2.350926616873618258 ) ) ;
#301 = ADVANCED_FACE ( 'NONE', ( #2514 ), #2234, .T. ) ;
#302 = CARTESIAN_POINT ( 'NONE',  ( 0.2729052283002285084, 0.000000000000000000, -0.1276755592543554751 ) ) ;
#303 = CARTESIAN_POINT ( 'NONE',  ( -1.027963296728195974, 0.000000000000000000, 2.351844618055555003 ) ) ;
#304 = CARTESIAN_POINT ( 'NONE',  ( -1.219394696958852053, 0.4000000000000000222, -1.148761369538511934 ) ) ;
#305 = CARTESIAN_POINT ( 'NONE',  ( 0.000000000000000000, 23.00000000000000000, 0.000000000000000000 ) ) ;
#306 = ORIENTED_EDGE ( 'NONE', *, *, #2338, .F. ) ;
#307 = CARTESIAN_POINT ( 'NONE',  ( 0.4204035565596511148, 0.000000000000000000, -0.9615443644103793819 ) ) ;
#308 = CARTESIAN_POINT ( 'NONE',  ( 1.251228015446590902, 0.4000000000000000222, -1.341503153997387177 ) ) ;
#309 = CARTESIAN_POINT ( 'NONE',  ( -1.328952549953086315, 0.4000000000000000222, -1.104031990400327068 ) ) ;
#310 = VERTEX_POINT ( 'NONE', #1745 ) ;
#311 = CARTESIAN_POINT ( 'NONE',  ( 0.4783053923404966823, 0.000000000000000000, -0.5574959031943037546 ) ) ;
#312 = CARTESIAN_POINT ( 'NONE',  ( 1.176134645459914196, 0.4000000000000000222, 2.144447295916679597 ) ) ;
#313 =( NAMED_UNIT ( * ) PLANE_ANGLE_UNIT ( ) SI_UNIT ( $, .RADIAN. ) );
#314 = CARTESIAN_POINT ( 'NONE',  ( -1.209177811116239010, 0.4000000000000000222, 0.05548653007597902087 ) ) ;
#315 = CARTESIAN_POINT ( 'NONE',  ( 1.026796304516508052, 0.000000000000000000, 0.3946330581267017412 ) ) ;
#316 = EDGE_CURVE ( 'NONE', #1168, #1228, #1175, .T. ) ;
#317 = CARTESIAN_POINT ( 'NONE',  ( -1.277664882511115652, 0.000000000000000000, -1.113395629315237834 ) ) ;
#318 = CARTESIAN_POINT ( 'NONE',  ( -1.247955441942401711, 0.000000000000000000, 2.102853508244931557 ) ) ;
#319 = VERTEX_POINT ( 'NONE', #481 ) ;
#320 = CARTESIAN_POINT ( 'NONE',  ( 0.3010759788225487732, 0.000000000000000000, -1.141322813040843043 ) ) ;
#321 = CARTESIAN_POINT ( 'NONE',  ( 1.075220294728182147, 0.4000000000000000222, -1.576249809280601433 ) ) ;
#322 = EDGE_LOOP ( 'NONE', ( #2697, #1304, #1316, #2440 ) ) ;
#323 = CARTESIAN_POINT ( 'NONE',  ( 1.044962689767475750, 0.4000000000000000222, 2.351844618055555003 ) ) ;
#324 = CARTESIAN_POINT ( 'NONE',  ( -1.397910531904414055, -1.084202172485504434E-16, -1.146168540090392263 ) ) ;
#325 = CARTESIAN_POINT ( 'NONE',  ( 1.228161183951024249, 0.000000000000000000, 0.1864889154479509592 ) ) ;
#326 = VECTOR ( 'NONE', #2213, 1000.000000000000000 ) ;
#327 = CARTESIAN_POINT ( 'NONE',  ( -1.150138262448394677, 0.000000000000000000, 0.01843101909304522418 ) ) ;
#328 = CARTESIAN_POINT ( 'NONE',  ( 0.4671804990632407728, 0.4000000000000000222, 0.6441881245754571550 ) ) ;
#329 = APPLICATION_CONTEXT ( 'automotive_design' ) ;
#330 = CARTESIAN_POINT ( 'NONE',  ( -0.4867306414422888916, 0.000000000000000000, -1.357822159262515038 ) ) ;
#331 = CARTESIAN_POINT ( 'NONE',  ( -1.165564434028181884, -5.421010862427522170E-17, 2.320945401227476612 ) ) ;
#332 = ORIENTED_EDGE ( 'NONE', *, *, #2732, .F. ) ;
#333 = CARTESIAN_POINT ( 'NONE',  ( 0.4792111209050008425, -0.000000000000000000, -0.6667526964871793860 ) ) ;
#334 = STYLED_ITEM ( 'NONE', ( #766 ), #413 ) ;
#335 = ADVANCED_FACE ( 'NONE', ( #1582 ), #1993, .F. ) ;
#336 = VECTOR ( 'NONE', #818, 1000.000000000000000 ) ;
#337 = CARTESIAN_POINT ( 'NONE',  ( 1.436738317860785097, 0.000000000000000000, -0.4305489760204638250 ) ) ;
#338 = B_SPLINE_CURVE_WITH_KNOTS ( 'NONE', 3,
 ( #85, #1386, #927, #1359, #1179, #2206, #515, #1972, #750, #1780, #739, #307, #113, #1600, #284, #333, #2619 ),
 .UNSPECIFIED., .F., .F.,
 ( 4, 1, 1, 1, 1, 1, 1, 1, 1, 1, 1, 1, 1, 1, 4 ),
 ( 0.000000000000000000, 0.1451987480583907808, 0.2791343565692988027, 0.3420048425868865705, 0.4025112953498243273, 0.4597510955262692489, 0.5162052508072205725, 0.5719444934671177316, 0.6272404637962367691, 0.6828050090856863097, 0.7396292891646502055, 0.7988414723140656593, 0.8621789737589887759, 0.9282170845184235519, 1.000000000000000000 ),
 .UNSPECIFIED. ) ;
#339 = CARTESIAN_POINT ( 'NONE',  ( 0.4025385084273851999, 0.000000000000000000, -0.2831287806419268693 ) ) ;
#340 = VERTEX_POINT ( 'NONE', #49 ) ;
#341 = B_SPLINE_CURVE_WITH_KNOTS ( 'NONE', 3,
 ( #573, #2447, #344, #2483, #1406, #560, #587, #2272, #2498, #1185, #183 ),
 .UNSPECIFIED., .F., .F.,
 ( 4, 1, 1, 1, 1, 1, 1, 1, 4 ),
 ( 0.000000000000000000, 0.1613810746840897425, 0.2990519594130366388, 0.4183351230022069323, 0.5250569008281217309, 0.6265854126764042187, 0.7393734159551941243, 0.8592219057615544386, 0.9999999999999998890 ),
 .UNSPECIFIED. ) ;
#342 = CARTESIAN_POINT ( 'NONE',  ( 0.4799828622855393245, 0.000000000000000000, -0.6360486996719262320 ) ) ;
#343 = CARTESIAN_POINT ( 'NONE',  ( -1.037695886607396423, 0.4000000000000000222, -1.236395845463457155 ) ) ;
#344 = CARTESIAN_POINT ( 'NONE',  ( -1.246941268628276367, 0.000000000000000000, 2.161977120088527826 ) ) ;
#345 = CARTESIAN_POINT ( 'NONE',  ( 1.418518228835005335, 0.4000000000000000222, -0.2882346421359870958 ) ) ;
#346 = DIRECTION ( 'NONE',  ( 0.000000000000000000, 1.000000000000000000, 0.000000000000000000 ) ) ;
#347 = ORIENTED_EDGE ( 'NONE', *, *, #430, .T. ) ;
#348 = CARTESIAN_POINT ( 'NONE',  ( 1.436738317860785097, 0.4000000000000000222, -0.4305489760204638250 ) ) ;
#349 = CARTESIAN_POINT ( 'NONE',  ( -1.150138262448394677, 0.4000000000000000222, 0.01843101909304522418 ) ) ;
#350 = ORIENTED_EDGE ( 'NONE', *, *, #2201, .F. ) ;
#351 =( NAMED_UNIT ( * ) PLANE_ANGLE_UNIT ( ) SI_UNIT ( $, .RADIAN. ) );
#352 = DIRECTION ( 'NONE',  ( 0.000000000000000000, 0.000000000000000000, -1.000000000000000000 ) ) ;
#353 = EDGE_CURVE ( 'NONE', #470, #1168, #2537, .T. ) ;
#354 = B_SPLINE_SURFACE_WITH_KNOTS ( 'NONE', 3, 1, ( 
 ( #2734, #808 ),
 ( #1682, #2289 ),
 ( #1237, #2086 ),
 ( #822, #2253 ),
 ( #1669, #2513 ),
 ( #618, #464 ),
 ( #51, #661 ) ),
 .UNSPECIFIED., .F., .F., .F.,
 ( 4, 1, 1, 1, 4 ),
 ( 2, 2 ),
 ( 0.000000000000000000, 0.2836042771905770699, 0.5420777578206683600, 0.7776646396935757988, 1.000000000000000000 ),
 ( 0.000000000000000000, 1.000000000000000000 ),
 .UNSPECIFIED. ) ;
#355 = CARTESIAN_POINT ( 'NONE',  ( 0.4799828622855393245, 0.000000000000000000, -0.6360486996719262320 ) ) ;
#356 = CARTESIAN_POINT ( 'NONE',  ( -0.4169851116105620648, 0.4000000000000000222, 0.04792687908496692795 ) ) ;
#357 = ORIENTED_EDGE ( 'NONE', *, *, #158, .F. ) ;
#358 = CARTESIAN_POINT ( 'NONE',  ( 0.3171540006644647525, 0.000000000000000000, 0.6704224575574091460 ) ) ;
#359 = DIRECTION ( 'NONE',  ( 0.000000000000000000, 0.000000000000000000, 1.000000000000000000 ) ) ;
#360 = VERTEX_POINT ( 'NONE', #241 ) ;
#361 = CARTESIAN_POINT ( 'NONE',  ( -1.217306518483291633, 0.4000000000000000222, -1.916285096505051300 ) ) ;
#362 = CARTESIAN_POINT ( 'NONE',  ( -0.2487200812594669574, 0.4000000000000000222, 0.6857080440154654788 ) ) ;
#363 = EDGE_CURVE ( 'NONE', #2150, #470, #61, .T. ) ;
#364 = CARTESIAN_POINT ( 'NONE',  ( 1.047962582656760455, 0.4000000000000000222, 1.583872038398692172 ) ) ;
#365 = CARTESIAN_POINT ( 'NONE',  ( -0.5883514775486594628, 0.4000000000000000222, -1.351644762751338158 ) ) ;
#366 = CARTESIAN_POINT ( 'NONE',  ( 0.08558212190270077235, 0.4000000000000000222, -2.041361107357480886 ) ) ;
#367 = EDGE_LOOP ( 'NONE', ( #1098, #2673, #765, #1570 ) ) ;
#368 = CARTESIAN_POINT ( 'NONE',  ( 1.152941218360432618, 0.4000000000000000222, 0.2820298444381529879 ) ) ;
#369 = CARTESIAN_POINT ( 'NONE',  ( 0.000000000000000000, 23.00000000000000000, 0.000000000000000000 ) ) ;
#370 = CARTESIAN_POINT ( 'NONE',  ( -0.1949314738977100392, 0.000000000000000000, 0.03854867855827060624 ) ) ;
#371 = ORIENTED_EDGE ( 'NONE', *, *, #942, .F. ) ;
#372 = CARTESIAN_POINT ( 'NONE',  ( -1.123968138826837437, 0.4000000000000000222, -1.947577220031924350 ) ) ;
#373 = LINE ( 'NONE', #975, #1743 ) ;
#374 = VERTEX_POINT ( 'NONE', #1724 ) ;
#375 = PLANE ( 'NONE',  #1293 ) ;
#376 = CARTESIAN_POINT ( 'NONE',  ( -1.139980308970711231, 0.4000000000000000222, -1.189907737873334037 ) ) ;
#377 = EDGE_CURVE ( 'NONE', #1403, #1181, #903, .T. ) ;
#378 = CARTESIAN_POINT ( 'NONE',  ( -1.165564434028181884, 0.4000000000000000222, 2.320945401227476612 ) ) ;
#379 = CARTESIAN_POINT ( 'NONE',  ( -0.1949314738977100392, 0.4000000000000000222, 0.03854867855827060624 ) ) ;
#380 = CARTESIAN_POINT ( 'NONE',  ( -1.354577757578232067, 0.000000000000000000, -1.106070399510945546 ) ) ;
#381 = CARTESIAN_POINT ( 'NONE',  ( 1.183957726970996660, 0.000000000000000000, 1.972858149709264097 ) ) ;
#382 = VERTEX_POINT ( 'NONE', #507 ) ;
#383 = CARTESIAN_POINT ( 'NONE',  ( -1.363906932439563846, 0.4000000000000000222, -1.843835104744938391 ) ) ;
#384 = VECTOR ( 'NONE', #882, 1000.000000000000000 ) ;
#385 = CARTESIAN_POINT ( 'NONE',  ( -0.7914593429918070910, 0.4000000000000000222, -1.316487465053869821 ) ) ;
#386 = CARTESIAN_POINT ( 'NONE',  ( -0.2819899315927542061, 0.000000000000000000, -2.063997714971405273 ) ) ;
#387 = VERTEX_POINT ( 'NONE', #2650 ) ;
#388 = B_SPLINE_CURVE_WITH_KNOTS ( 'NONE', 3,
 ( #1381, #2214, #2037, #108, #328, #1339, #2189, #168, #2242, #1996, #2010, #1173, #1607, #79, #921, #345, #2026, #291, #1804 ),
 .UNSPECIFIED., .F., .F.,
 ( 4, 1, 1, 1, 1, 1, 1, 1, 1, 1, 1, 1, 1, 1, 1, 1, 4 ),
 ( 0.000000000000000000, 0.07710240741114715579, 0.1503867858756681719, 0.2193616382886609262, 0.2852824920776791395, 0.3481680369406243147, 0.4079511667121843432, 0.4660602653797479844, 0.5219752895218560118, 0.5771244849844293645, 0.6319635961168931226, 0.6878916360771109018, 0.7448093034803578982, 0.8040806283300560020, 0.8658113544318024601, 0.9310854745784004072, 1.000000000000000000 ),
 .UNSPECIFIED. ) ;
#389 = CARTESIAN_POINT ( 'NONE',  ( -0.4799828622855391025, 0.4000000000000000222, 0.6679047428704547595 ) ) ;
#390 = CARTESIAN_POINT ( 'NONE',  ( -1.278293623812788216, 0.000000000000000000, -1.892493495253110281 ) ) ;
#391 = CIRCLE ( 'NONE', #533, 3.850000000000000977 ) ;
#392 = DIRECTION ( 'NONE',  ( -1.000000000000000000, 0.000000000000000000, 0.000000000000000000 ) ) ;
#393 = CARTESIAN_POINT ( 'NONE',  ( 1.293613642184917145, 0.4000000000000000222, 0.08255514505798217106 ) ) ;
#394 = FACE_OUTER_BOUND ( 'NONE', #2509, .T. ) ;
#395 = ADVANCED_FACE ( 'NONE', ( #2006 ), #1183, .F. ) ;
#396 = LINE ( 'NONE', #1031, #2687 ) ;
#397 = ORIENTED_EDGE ( 'NONE', *, *, #1207, .T. ) ;
#398 = CARTESIAN_POINT ( 'NONE',  ( -0.8377479958039110164, 0.4000000000000000222, -2.016303457376916519 ) ) ;
#399 = CARTESIAN_POINT ( 'NONE',  ( -0.4799828622855391025, 0.4000000000000000222, 1.583872038398692172 ) ) ;
#400 = CARTESIAN_POINT ( 'NONE',  ( -0.4799828622855391025, 0.4000000000000000222, 1.583872038398692172 ) ) ;
#401 = ORIENTED_EDGE ( 'NONE', *, *, #1813, .T. ) ;
#402 = CARTESIAN_POINT ( 'NONE',  ( 1.104894282187753873, 0.000000000000000000, 2.331034014925651654 ) ) ;
#403 = CARTESIAN_POINT ( 'NONE',  ( -1.067961868585324492, 0.4000000000000000222, 0.007928307227838583826 ) ) ;
#404 = CARTESIAN_POINT ( 'NONE',  ( 0.9670795134015615080, 0.4000000000000000222, -1.676505713564996780 ) ) ;
#405 = CARTESIAN_POINT ( 'NONE',  ( 1.104894282187753873, 0.4000000000000000222, 2.331034014925651654 ) ) ;
#406 = CYLINDRICAL_SURFACE ( 'NONE', #1949, 5.049999999999999822 ) ;
#407 = CARTESIAN_POINT ( 'NONE',  ( 1.058560375976348444, 0.000000000000000000, 1.585058306594328226 ) ) ;
#408 = ORIENTED_EDGE ( 'NONE', *, *, #1681, .T. ) ;
#409 = EDGE_CURVE ( 'NONE', #791, #1875, #1349, .T. ) ;
#410 = CARTESIAN_POINT ( 'NONE',  ( -0.3483568364702203657, 0.000000000000000000, -2.062827871151883929 ) ) ;
#411 = CARTESIAN_POINT ( 'NONE',  ( -1.435474416481652193, 0.4000000000000000222, -1.292072512818564389 ) ) ;
#412 = VERTEX_POINT ( 'NONE', #1784 ) ;
#413 = MANIFOLD_SOLID_BREP ( 'Boss-Extrude4', #234 ) ;
#414 = CARTESIAN_POINT ( 'NONE',  ( 1.044962689767475750, 0.4000000000000000222, 2.351844618055555003 ) ) ;
#415 = CARTESIAN_POINT ( 'NONE',  ( -1.079383337265433340, -5.421010862427522170E-17, 2.349443273945992949 ) ) ;
#416 = DIRECTION ( 'NONE',  ( 0.000000000000000000, -1.000000000000000000, 0.000000000000000000 ) ) ;
#417 = CARTESIAN_POINT ( 'NONE',  ( -1.126711766484590482, 0.4000000000000000222, 2.339974478029833271 ) ) ;
#418 = CARTESIAN_POINT ( 'NONE',  ( -0.3799864326427184191, 0.4000000000000000222, -1.360022850285947715 ) ) ;
#419 = CARTESIAN_POINT ( 'NONE',  ( -1.378219461417371283, 0.000000000000000000, -1.120833074830319687 ) ) ;
#420 = CARTESIAN_POINT ( 'NONE',  ( 1.079866992665335479, 0.000000000000000000, 1.587443271178232251 ) ) ;
#421 = CARTESIAN_POINT ( 'NONE',  ( 1.079866992665335479, 0.4000000000000000222, 1.587443271178232251 ) ) ;
#422 = CARTESIAN_POINT ( 'NONE',  ( -1.438004466498163492, 0.4000000000000000222, -1.602800040900503653 ) ) ;
#423 = EDGE_CURVE ( 'NONE', #667, #32, #157, .T. ) ;
#424 = B_SPLINE_CURVE_WITH_KNOTS ( 'NONE', 3,
 ( #309, #1153, #2004, #1796, #100, #1863, #780, #2704, #1455, #365, #1209, #805, #2499 ),
 .UNSPECIFIED., .F., .F.,
 ( 4, 1, 1, 1, 1, 1, 1, 1, 1, 1, 4 ),
 ( 0.000000000000000000, 0.04440116609463947567, 0.1118686809485512496, 0.2027427457445154235, 0.3152785245669230130, 0.4501835653801198878, 0.6058794642477436376, 0.6930609070005437911, 0.7875047180595161622, 0.8903321362627725222, 1.000000000000000000 ),
 .UNSPECIFIED. ) ;
#425 = CARTESIAN_POINT ( 'NONE',  ( -1.019577938762752822, -0.000000000000000000, 0.008821698906628904976 ) ) ;
#426 = ORIENTED_EDGE ( 'NONE', *, *, #2259, .F. ) ;
#427 = VECTOR ( 'NONE', #2391, 1000.000000000000000 ) ;
#428 = CARTESIAN_POINT ( 'NONE',  ( -0.2189397291078156171, 0.000000000000000000, -2.062982383946963427 ) ) ;
#429 = CARTESIAN_POINT ( 'NONE',  ( -1.150138262448394677, 0.000000000000000000, 0.01843101909304522418 ) ) ;
#430 = EDGE_CURVE ( 'NONE', #2019, #1199, #2225, .T. ) ;
#431 = CARTESIAN_POINT ( 'NONE',  ( 1.373272888127306190, 0.000000000000000000, -1.064316235156247403 ) ) ;
#432 = LINE ( 'NONE', #2310, #584 ) ;
#433 = CARTESIAN_POINT ( 'NONE',  ( 1.251228015446590902, 0.4000000000000000222, -1.341503153997387177 ) ) ;
#434 = CARTESIAN_POINT ( 'NONE',  ( 1.183957726970996660, 0.000000000000000000, 1.972858149709264097 ) ) ;
#435 = CARTESIAN_POINT ( 'NONE',  ( -1.354577757578232067, 0.000000000000000000, -1.106070399510945546 ) ) ;
#436 = B_SPLINE_SURFACE_WITH_KNOTS ( 'NONE', 3, 1, ( 
 ( #2664, #2057 ),
 ( #154, #1020 ),
 ( #167, #2239 ),
 ( #1857, #2688 ),
 ( #132, #545 ),
 ( #343, #570 ),
 ( #1184, #778 ),
 ( #385, #559 ),
 ( #1639, #1836 ),
 ( #2480, #1230 ),
 ( #583, #996 ),
 ( #1218, #1426 ),
 ( #2079, #767 ) ),
 .UNSPECIFIED., .F., .F., .F.,
 ( 4, 1, 1, 1, 1, 1, 1, 1, 1, 1, 4 ),
 ( 2, 2 ),
 ( 0.000000000000000000, 0.04440116609463947567, 0.1118686809485512496, 0.2027427457445154235, 0.3152785245669230130, 0.4501835653801198878, 0.6058794642477436376, 0.6930609070005437911, 0.7875047180595161622, 0.8903321362627725222, 1.000000000000000000 ),
 ( 0.000000000000000000, 1.000000000000000000 ),
 .UNSPECIFIED. ) ;
#437 = CARTESIAN_POINT ( 'NONE',  ( 1.293613642184917145, 0.4000000000000000222, 0.08255514505798217106 ) ) ;
#438 = CARTESIAN_POINT ( 'NONE',  ( 0.4204035565596511148, -5.421010862427522170E-17, -0.9615443644103793819 ) ) ;
#439 = CARTESIAN_POINT ( 'NONE',  ( 1.176380949153819522, 0.4000000000000000222, 1.800537041225318768 ) ) ;
#440 = CARTESIAN_POINT ( 'NONE',  ( 1.228161183951024249, 0.000000000000000000, 0.1864889154479509592 ) ) ;
#441 = CARTESIAN_POINT ( 'NONE',  ( -0.2819899315927542061, 0.4000000000000000222, -2.063997714971405273 ) ) ;
#442 = ORIENTED_EDGE ( 'NONE', *, *, #1637, .T. ) ;
#443 = CARTESIAN_POINT ( 'NONE',  ( 1.251228015446590902, 0.000000000000000000, -1.341503153997387177 ) ) ;
#444 = CARTESIAN_POINT ( 'NONE',  ( 1.183957726970996660, 0.000000000000000000, 1.972858149709264097 ) ) ;
#445 = CARTESIAN_POINT ( 'NONE',  ( 1.104894282187753873, 0.000000000000000000, 2.331034014925651654 ) ) ;
#446 = CARTESIAN_POINT ( 'NONE',  ( 1.293613642184917145, 0.000000000000000000, 0.08255514505798217106 ) ) ;
#447 = EDGE_CURVE ( 'NONE', #1376, #973, #1194, .T. ) ;
#448 = CARTESIAN_POINT ( 'NONE',  ( 1.047962582656760455, 0.4000000000000000222, 1.583872038398692172 ) ) ;
#449 = CARTESIAN_POINT ( 'NONE',  ( 0.000000000000000000, 23.00000000000000000, 0.000000000000000000 ) ) ;
#450 = CARTESIAN_POINT ( 'NONE',  ( 0.000000000000000000, 20.00000000000000000, 0.000000000000000000 ) ) ;
#451 = CARTESIAN_POINT ( 'NONE',  ( -1.240169466493149519, 0.4000000000000000222, 0.1276388434555551232 ) ) ;
#452 = CARTESIAN_POINT ( 'NONE',  ( -0.8377479958039110164, 0.4000000000000000222, -2.016303457376916519 ) ) ;
#453 = VECTOR ( 'NONE', #1023, 1000.000000000000000 ) ;
#454 = ORIENTED_EDGE ( 'NONE', *, *, #2683, .T. ) ;
#455 = ORIENTED_EDGE ( 'NONE', *, *, #144, .F. ) ;
#456 = CARTESIAN_POINT ( 'NONE',  ( 0.000000000000000000, 20.00000000000000000, 0.000000000000000000 ) ) ;
#457 = CARTESIAN_POINT ( 'NONE',  ( -1.339664895513898113, 0.4000000000000000222, -1.861712221881329565 ) ) ;
#458 = ORIENTED_EDGE ( 'NONE', *, *, #1873, .F. ) ;
#459 = CARTESIAN_POINT ( 'NONE',  ( -1.240169466493149519, 0.000000000000000000, 0.1276388434555551232 ) ) ;
#460 = CARTESIAN_POINT ( 'NONE',  ( 1.183303525602266593, 0.4000000000000000222, 1.882052544933299432 ) ) ;
#461 = CARTESIAN_POINT ( 'NONE',  ( 1.047962582656760455, 0.4000000000000000222, 1.583872038398692172 ) ) ;
#462 = CONICAL_SURFACE ( 'NONE', #1880, 4.349999999999999645, 0.7853981633974361776 ) ;
#463 = ADVANCED_FACE ( 'NONE', ( #1563 ), #1800, .T. ) ;
#464 = CARTESIAN_POINT ( 'NONE',  ( -1.019577938762752822, 0.000000000000000000, 0.008821698906628904976 ) ) ;
#465 = CARTESIAN_POINT ( 'NONE',  ( 1.183785338698627676, 0.4000000000000000222, 2.004883660615231378 ) ) ;
#466 = CARTESIAN_POINT ( 'NONE',  ( 1.151442780573800340, 0.000000000000000000, 1.678865964479668849 ) ) ;
#467 = CARTESIAN_POINT ( 'NONE',  ( 0.4314323460761125273, 0.4000000000000000222, -0.3449003130532533046 ) ) ;
#468 = CARTESIAN_POINT ( 'NONE',  ( -0.6650440217982035440, 0.4000000000000000222, -2.043493230371892455 ) ) ;
#469 = VERTEX_POINT ( 'NONE', #2686 ) ;
#470 = VERTEX_POINT ( 'NONE', #1662 ) ;
#471 = CARTESIAN_POINT ( 'NONE',  ( 1.228161183951024249, 0.4000000000000000222, 0.1864889154479509592 ) ) ;
#472 = B_SPLINE_CURVE_WITH_KNOTS ( 'NONE', 3,
 ( #2092, #2056, #569, #623, #165, #1464, #1019, #361, #995, #609, #2519, #1870, #1217, #1856, #596, #2674, #2479, #2269, #2506, #1450, #2078 ),
 .UNSPECIFIED., .F., .F.,
 ( 4, 1, 1, 1, 1, 1, 1, 1, 1, 1, 1, 1, 1, 1, 1, 1, 1, 1, 4 ),
 ( 0.000000000000000000, 0.1306752112654220310, 0.2545745579850597351, 0.3701481710488373489, 0.4748063812327901201, 0.5654174981725611504, 0.6388947687929286134, 0.6686345176865096107, 0.6941736277732589722, 0.7135557382652975011, 0.7290464160393709259, 0.7531983634708723230, 0.7761616228554111263, 0.7998270582353894653, 0.8268895189503111531, 0.8593777350118977365, 0.8982418496444529721, 0.9455180763175817793, 1.000000000000000000 ),
 .UNSPECIFIED. ) ;
#473 = CARTESIAN_POINT ( 'NONE',  ( -1.432590838524436361, 0.4000000000000000222, -1.662801926726630519 ) ) ;
#474 = ORIENTED_EDGE ( 'NONE', *, *, #64, .T. ) ;
#475 = CARTESIAN_POINT ( 'NONE',  ( 1.168775155160074464, 0.4000000000000000222, -1.463629965350327744 ) ) ;
#476 = CARTESIAN_POINT ( 'NONE',  ( -1.426872986434473578, 0.4000000000000000222, -1.231030920226127590 ) ) ;
#477 = CARTESIAN_POINT ( 'NONE',  ( -1.067961868585324492, 0.000000000000000000, 0.007928307227838583826 ) ) ;
#478 = CARTESIAN_POINT ( 'NONE',  ( -1.245874591538054466, 0.4000000000000000222, 0.1777764374268639980 ) ) ;
#479 = CARTESIAN_POINT ( 'NONE',  ( -0.4799828622855391025, 0.4000000000000000222, 1.583872038398692172 ) ) ;
#480 = SHAPE_DEFINITION_REPRESENTATION ( #150, #581 ) ;
#481 = CARTESIAN_POINT ( 'NONE',  ( 1.044962689767475750, 0.4000000000000000222, 2.351844618055555003 ) ) ;
#482 = CARTESIAN_POINT ( 'NONE',  ( -0.3178803195302268847, -5.421010862427522170E-17, -1.358275737286072316 ) ) ;
#483 = CARTESIAN_POINT ( 'NONE',  ( -1.150138262448394677, 0.000000000000000000, 0.01843101909304522418 ) ) ;
#484 = CARTESIAN_POINT ( 'NONE',  ( 0.07556161281690439158, 0.000000000000000000, -0.01932537229841123014 ) ) ;
#485 = ORIENTED_EDGE ( 'NONE', *, *, #1195, .F. ) ;
#486 = CARTESIAN_POINT ( 'NONE',  ( -1.019577938762752822, 0.4000000000000000222, 0.008821698906628904976 ) ) ;
#487 = EDGE_CURVE ( 'NONE', #1453, #257, #2305, .T. ) ;
#488 = FACE_BOUND ( 'NONE', #101, .T. ) ;
#489 = VECTOR ( 'NONE', #666, 1000.000000000000000 ) ;
#490 = CARTESIAN_POINT ( 'NONE',  ( -1.439629456384841300, 0.4000000000000000222, -1.479681350502807247 ) ) ;
#491 = VERTEX_POINT ( 'NONE', #2492 ) ;
#492 = CARTESIAN_POINT ( 'NONE',  ( 0.5740475459581070306, 0.000000000000000000, -1.910923319205970250 ) ) ;
#493 = CARTESIAN_POINT ( 'NONE',  ( -0.008999678667853672209, 0.000000000000000000, 0.6879040287990192404 ) ) ;
#494 = LINE ( 'NONE', #1337, #2427 ) ;
#495 = CARTESIAN_POINT ( 'NONE',  ( -1.182818226839047693, 0.000000000000000000, 0.03287285059877303323 ) ) ;
#496 = CARTESIAN_POINT ( 'NONE',  ( -0.2819899315927542061, 0.4000000000000000222, -2.063997714971405273 ) ) ;
#497 = CARTESIAN_POINT ( 'NONE',  ( 0.3469427678981449326, 0.4000000000000000222, -1.086622050769344927 ) ) ;
#498 = VECTOR ( 'NONE', #1397, 1000.000000000000000 ) ;
#499 = CARTESIAN_POINT ( 'NONE',  ( -1.247955441942401711, 0.4000000000000000222, 0.2339202382206132524 ) ) ;
#500 = CARTESIAN_POINT ( 'NONE',  ( -1.217306518483291633, 0.4000000000000000222, -1.916285096505051300 ) ) ;
#501 = EDGE_LOOP ( 'NONE', ( #2336, #1479, #1006, #649 ) ) ;
#502 = CARTESIAN_POINT ( 'NONE',  ( -0.9199263241960743409, 0.4000000000000000222, 0.01066172975072042159 ) ) ;
#503 = CARTESIAN_POINT ( 'NONE',  ( -1.439391636922004114, 0.4000000000000000222, -1.422021974909466469 ) ) ;
#504 = EDGE_CURVE ( 'NONE', #1585, #1113, #1436, .T. ) ;
#505 = CARTESIAN_POINT ( 'NONE',  ( 0.5740475459581070306, 0.000000000000000000, -1.910923319205970250 ) ) ;
#506 = VERTEX_POINT ( 'NONE', #777 ) ;
#507 = CARTESIAN_POINT ( 'NONE',  ( 0.000000000000000000, 20.00000000000000000, 3.850000000000000977 ) ) ;
#508 = CARTESIAN_POINT ( 'NONE',  ( -1.435474416481652193, -1.084202172485504434E-16, -1.292072512818564389 ) ) ;
#509 = CARTESIAN_POINT ( 'NONE',  ( 1.346679340680902559, 0.000000000000000000, -0.03184324285252575909 ) ) ;
#510 = CARTESIAN_POINT ( 'NONE',  ( 0.3240857160353843858, 0.4000000000000000222, -0.1737728200484391083 ) ) ;
#511 = CARTESIAN_POINT ( 'NONE',  ( 0.4208393670021004507, 0.4000000000000000222, -1.966886317447066990 ) ) ;
#512 = CARTESIAN_POINT ( 'NONE',  ( -0.5883514775486594628, 0.4000000000000000222, -1.351644762751338158 ) ) ;
#513 = DIRECTION ( 'NONE',  ( -1.000000000000000000, 0.000000000000000000, 0.000000000000000000 ) ) ;
#514 = EDGE_LOOP ( 'NONE', ( #552, #1254, #1661, #579 ) ) ;
#515 = CARTESIAN_POINT ( 'NONE',  ( 0.1883305849817723254, 0.000000000000000000, -1.231138855090800011 ) ) ;
#516 = CARTESIAN_POINT ( 'NONE',  ( 1.412109355121003773, 0.4000000000000000222, -0.9107249189582751203 ) ) ;
#517 = CARTESIAN_POINT ( 'NONE',  ( 0.08558212190270077235, 0.000000000000000000, -2.041361107357480886 ) ) ;
#518 = ORIENTED_EDGE ( 'NONE', *, *, #119, .F. ) ;
#519 = DIRECTION ( 'NONE',  ( 1.000000000000000000, 0.000000000000000000, -0.000000000000000000 ) ) ;
#520 = CARTESIAN_POINT ( 'NONE',  ( -1.247955441942401711, 0.4000000000000000222, 2.102853508244931557 ) ) ;
#521 = EDGE_CURVE ( 'NONE', #791, #563, #472, .T. ) ;
#522 = DIRECTION ( 'NONE',  ( 0.000000000000000000, 1.000000000000000000, -0.000000000000000000 ) ) ;
#523 = FACE_OUTER_BOUND ( 'NONE', #980, .T. ) ;
#524 = CARTESIAN_POINT ( 'NONE',  ( 1.439948586856617530, 0.4000000000000000222, -0.5790507347755186052 ) ) ;
#525 = CARTESIAN_POINT ( 'NONE',  ( 0.000000000000000000, 23.00000000000000000, -4.349999999999999645 ) ) ;
#526 = ORIENTED_EDGE ( 'NONE', *, *, #316, .F. ) ;
#527 = CARTESIAN_POINT ( 'NONE',  ( 0.4799828622855393245, 0.4000000000000000222, -0.6360486996719262320 ) ) ;
#528 = CARTESIAN_POINT ( 'NONE',  ( -1.397910531904414055, 0.4000000000000000222, -1.146168540090392263 ) ) ;
#529 = CARTESIAN_POINT ( 'NONE',  ( 0.4695635321099979609, 0.4000000000000000222, -0.4820344490799955972 ) ) ;
#530 = ORIENTED_EDGE ( 'NONE', *, *, #2683, .F. ) ;
#531 = CARTESIAN_POINT ( 'NONE',  ( 1.183468775929148009, 0.4000000000000000222, 2.063693255299706042 ) ) ;
#532 = CARTESIAN_POINT ( 'NONE',  ( -1.354577757578232067, 0.4000000000000000222, -1.106070399510945546 ) ) ;
#533 = AXIS2_PLACEMENT_3D ( 'NONE', #922, #708, #2380 ) ;
#534 = CARTESIAN_POINT ( 'NONE',  ( 0.7375971850620909320, 0.000000000000000000, 0.5625804604183575197 ) ) ;
#535 = CARTESIAN_POINT ( 'NONE',  ( -1.067961868585324492, 0.000000000000000000, 0.007928307227838583826 ) ) ;
#537 = EDGE_CURVE ( 'NONE', #340, #1701, #1835, .T. ) ;
#536 = FACE_OUTER_BOUND ( 'NONE', #1300, .T. ) ;
#538 = DIRECTION ( 'NONE',  ( 0.000000000000000000, 0.000000000000000000, 1.000000000000000000 ) ) ;
#539 = FACE_OUTER_BOUND ( 'NONE', #2221, .T. ) ;
#540 = ORIENTED_EDGE ( 'NONE', *, *, #537, .F. ) ;
#541 = CARTESIAN_POINT ( 'NONE',  ( -0.4169851116105620648, 0.4000000000000000222, 0.04792687908496692795 ) ) ;
#542 = CARTESIAN_POINT ( 'NONE',  ( 0.08558212190270077235, 0.4000000000000000222, -2.041361107357480886 ) ) ;
#543 = ORIENTED_EDGE ( 'NONE', *, *, #1195, .T. ) ;
#544 = CARTESIAN_POINT ( 'NONE',  ( 1.104894282187753873, 0.4000000000000000222, 2.331034014925651654 ) ) ;
#545 = CARTESIAN_POINT ( 'NONE',  ( -1.139980308970711231, 0.000000000000000000, -1.189907737873334037 ) ) ;
#546 = CARTESIAN_POINT ( 'NONE',  ( -0.09615893481445500490, 0.4000000000000000222, 0.02419082877157912106 ) ) ;
#547 = B_SPLINE_CURVE_WITH_KNOTS ( 'NONE', 3,
 ( #2146, #1909, #10, #249, #2364, #466, #1046, #894, #2161, #850, #1698 ),
 .UNSPECIFIED., .F., .F.,
 ( 4, 1, 1, 1, 1, 1, 1, 1, 4 ),
 ( 0.000000000000000000, 0.2131923673497059246, 0.3978394130439615872, 0.5501753220271278222, 0.6737585725198482756, 0.7731137772225545879, 0.8575709911369205907, 0.9291565985966739882, 1.000000000000000000 ),
 .UNSPECIFIED. ) ;
#548 = CARTESIAN_POINT ( 'NONE',  ( 0.08558212190270077235, 0.4000000000000000222, -2.041361107357480886 ) ) ;
#549 = EDGE_CURVE ( 'NONE', #382, #2349, #1638, .T. ) ;
#550 = CARTESIAN_POINT ( 'NONE',  ( -0.7914593429918070910, 0.000000000000000000, -1.316487465053869821 ) ) ;
#551 = CARTESIAN_POINT ( 'NONE',  ( -1.247599975745953715, 0.4000000000000000222, 2.123576243826304832 ) ) ;
#552 = ORIENTED_EDGE ( 'NONE', *, *, #1592, .F. ) ;
#553 = CARTESIAN_POINT ( 'NONE',  ( 1.152941218360432618, 0.000000000000000000, 0.2820298444381529879 ) ) ;
#554 = VECTOR ( 'NONE', #2038, 1000.000000000000000 ) ;
#555 = LINE ( 'NONE', #72, #1172 ) ;
#556 = ADVANCED_FACE ( 'NONE', ( #1007 ), #1573, .T. ) ;
#557 = ORIENTED_EDGE ( 'NONE', *, *, #2636, .F. ) ;
#558 = CARTESIAN_POINT ( 'NONE',  ( 0.3240857160353843858, 0.000000000000000000, -0.1737728200484391083 ) ) ;
#559 = CARTESIAN_POINT ( 'NONE',  ( -0.7914593429918070910, 0.000000000000000000, -1.316487465053869821 ) ) ;
#560 = CARTESIAN_POINT ( 'NONE',  ( -1.197941012570358010, 0.000000000000000000, 2.294775721742916552 ) ) ;
#561 = B_SPLINE_CURVE_WITH_KNOTS ( 'NONE', 3,
 ( #535, #1117, #965, #327, #495, #705, #1338, #908, #1534, #1550, #1815 ),
 .UNSPECIFIED., .F., .F.,
 ( 4, 1, 1, 1, 1, 1, 1, 1, 4 ),
 ( 0.000000000000000000, 0.1338109135970822205, 0.2496755714262058334, 0.3545325358231947721, 0.4491511402244596773, 0.5529533909819657200, 0.6749251856205606970, 0.8247214487060134935, 1.000000000000000000 ),
 .UNSPECIFIED. ) ;
#562 = CARTESIAN_POINT ( 'NONE',  ( -1.045997006109599781, 0.4000000000000000222, 2.351002433931541624 ) ) ;
#563 = VERTEX_POINT ( 'NONE', #1751 ) ;
#564 = CARTESIAN_POINT ( 'NONE',  ( -0.1984856955786215016, 0.4000000000000000222, -1.354917035716014739 ) ) ;
#565 = CARTESIAN_POINT ( 'NONE',  ( 1.176134645459914196, 0.000000000000000000, 2.144447295916679597 ) ) ;
#566 = CARTESIAN_POINT ( 'NONE',  ( 0.4783053923404966823, 0.000000000000000000, -0.5574959031943037546 ) ) ;
#567 = ORIENTED_EDGE ( 'NONE', *, *, #1313, .F. ) ;
#568 = EDGE_CURVE ( 'NONE', #563, #2473, #700, .T. ) ;
#569 = CARTESIAN_POINT ( 'NONE',  ( -0.4776493419914117911, 0.4000000000000000222, -2.060548843091532412 ) ) ;
#570 = CARTESIAN_POINT ( 'NONE',  ( -1.037695886607396423, 0.000000000000000000, -1.236395845463457155 ) ) ;
#571 = B_SPLINE_SURFACE_WITH_KNOTS ( 'NONE', 3, 1, ( 
 ( #2539, #1948 ),
 ( #1276, #2124 ),
 ( #460, #861 ),
 ( #1710, #2511 ),
 ( #821, #2555 ),
 ( #1291, #1666 ),
 ( #1456, #34 ),
 ( #2098, #877 ),
 ( #21, #660 ),
 ( #1501, #2342 ),
 ( #461, #1484 ) ),
 .UNSPECIFIED., .F., .F., .F.,
 ( 4, 1, 1, 1, 1, 1, 1, 1, 4 ),
 ( 2, 2 ),
 ( 0.000000000000000000, 0.2131923673497059246, 0.3978394130439615872, 0.5501753220271278222, 0.6737585725198482756, 0.7731137772225545879, 0.8575709911369205907, 0.9291565985966739882, 1.000000000000000000 ),
 ( 0.000000000000000000, 1.000000000000000000 ),
 .UNSPECIFIED. ) ;
#572 = ORIENTED_EDGE ( 'NONE', *, *, #906, .T. ) ;
#573 = CARTESIAN_POINT ( 'NONE',  ( -1.247955441942401711, 0.000000000000000000, 2.102853508244931557 ) ) ;
#574 = CARTESIAN_POINT ( 'NONE',  ( 1.438393196965378262, 0.4000000000000000222, -0.6361256973534341608 ) ) ;
#575 = VERTEX_POINT ( 'NONE', #2120 ) ;
#576 = FACE_OUTER_BOUND ( 'NONE', #712, .T. ) ;
#577 = CARTESIAN_POINT ( 'NONE',  ( -1.240169466493149519, 0.000000000000000000, 0.1276388434555551232 ) ) ;
#578 = CARTESIAN_POINT ( 'NONE',  ( 0.3240857160353843858, 0.4000000000000000222, -0.1737728200484391083 ) ) ;
#579 = ORIENTED_EDGE ( 'NONE', *, *, #487, .T. ) ;
#580 = CARTESIAN_POINT ( 'NONE',  ( 0.000000000000000000, 20.50000000000001066, 4.349999999999999645 ) ) ;
#581 = ADVANCED_BREP_SHAPE_REPRESENTATION ( 'JK-RTF-02-12-01 Knob_5', ( #2170, #413, #937 ), #228 ) ;
#582 = ADVANCED_FACE ( 'NONE', ( #1110, #488 ), #1049, .T. ) ;
#583 = CARTESIAN_POINT ( 'NONE',  ( -0.4867306414422888916, 0.4000000000000000222, -1.357822159262515038 ) ) ;
#584 = VECTOR ( 'NONE', #1069, 1000.000000000000000 ) ;
#585 = ORIENTED_EDGE ( 'NONE', *, *, #1535, .T. ) ;
#586 = UNCERTAINTY_MEASURE_WITH_UNIT (LENGTH_MEASURE( 1.000000000000000082E-05 ), #1728, 'distance_accuracy_value', 'NONE');
#587 = CARTESIAN_POINT ( 'NONE',  ( -1.165564434028181884, 0.000000000000000000, 2.320945401227476612 ) ) ;
#588 = CIRCLE ( 'NONE', #944, 3.049999999999999822 ) ;
#589 = CARTESIAN_POINT ( 'NONE',  ( 1.318915978421096202, 0.4000000000000000222, -1.208054895400812345 ) ) ;
#590 = CARTESIAN_POINT ( 'NONE',  ( 0.1883305849817723254, 0.4000000000000000222, -1.231138855090800011 ) ) ;
#591 = CARTESIAN_POINT ( 'NONE',  ( 1.104894282187753873, 0.000000000000000000, 2.331034014925651654 ) ) ;
#592 = CARTESIAN_POINT ( 'NONE',  ( 0.07556161281690439158, 0.000000000000000000, -0.01932537229841123014 ) ) ;
#593 = AXIS2_PLACEMENT_3D ( 'NONE', #456, #685, #2739 ) ;
#594 = ORIENTED_EDGE ( 'NONE', *, *, #1593, .T. ) ;
#595 = ORIENTED_EDGE ( 'NONE', *, *, #2275, .T. ) ;
#596 = CARTESIAN_POINT ( 'NONE',  ( -1.415744931974540100, 0.4000000000000000222, -1.753411740495854909 ) ) ;
#597 = CARTESIAN_POINT ( 'NONE',  ( -0.1303324282777587051, 0.4000000000000000222, 0.6869832885962932068 ) ) ;
#598 = CARTESIAN_POINT ( 'NONE',  ( -1.439948586856617530, 0.4000000000000000222, -1.452019565557343128 ) ) ;
#599 = ORIENTED_EDGE ( 'NONE', *, *, #2361, .T. ) ;
#600 = LINE ( 'NONE', #2082, #453 ) ;
#601 = CARTESIAN_POINT ( 'NONE',  ( 0.000000000000000000, 0.000000000000000000, 4.049999999999998046 ) ) ;
#602 = CARTESIAN_POINT ( 'NONE',  ( -0.04999801181359505436, -0.000000000000000000, 0.6875929107068848856 ) ) ;
#603 = EDGE_CURVE ( 'NONE', #2077, #1797, #219, .T. ) ;
#604 = FACE_OUTER_BOUND ( 'NONE', #42, .T. ) ;
#605 = CARTESIAN_POINT ( 'NONE',  ( -0.3028741982520095077, 0.4000000000000000222, 0.04604644611007761845 ) ) ;
#606 = CARTESIAN_POINT ( 'NONE',  ( -1.438376195047441186, 0.000000000000000000, -1.367329788436739024 ) ) ;
#607 = CARTESIAN_POINT ( 'NONE',  ( -1.439948586856617530, 0.000000000000000000, -1.452019565557343128 ) ) ;
#608 = ORIENTED_EDGE ( 'NONE', *, *, #2732, .T. ) ;
#609 = CARTESIAN_POINT ( 'NONE',  ( -1.312122515481977114, 0.4000000000000000222, -1.875368598061878389 ) ) ;
#610 = CARTESIAN_POINT ( 'NONE',  ( -1.378219461417371283, 0.4000000000000000222, -1.120833074830319687 ) ) ;
#611 = CARTESIAN_POINT ( 'NONE',  ( -0.8377479958039110164, 0.000000000000000000, -2.016303457376916519 ) ) ;
#612 = VERTEX_POINT ( 'NONE', #2316 ) ;
#613 = PRESENTATION_STYLE_ASSIGNMENT (( #2510 ) ) ;
#614 = CARTESIAN_POINT ( 'NONE',  ( -1.439033403155897117, 0.000000000000000000, -1.531346414460372785 ) ) ;
#615 = B_SPLINE_SURFACE_WITH_KNOTS ( 'NONE', 3, 1, ( 
 ( #2175, #279 ),
 ( #1118, #1966 ),
 ( #848, #66 ),
 ( #629, #2542 ),
 ( #644, #1485 ),
 ( #2326, #1277 ),
 ( #433, #2127 ),
 ( #1073, #1920 ),
 ( #23, #863 ),
 ( #1294, #247 ),
 ( #1186, #1551 ),
 ( #2203, #1158 ),
 ( #2642, #706 ),
 ( #511, #2393 ),
 ( #1133, #2654 ),
 ( #548, #1146 ),
 ( #2226, #759 ),
 ( #1980, #1395 ),
 ( #496, #953 ) ),
 .UNSPECIFIED., .F., .F., .F.,
 ( 4, 1, 1, 1, 1, 1, 1, 1, 1, 1, 1, 1, 1, 1, 1, 1, 4 ),
 ( 2, 2 ),
 ( 0.000000000000000000, 0.06668567623027281399, 0.1304254056694791053, 0.1919321636410383225, 0.2514770662600572804, 0.3096660375387171871, 0.3663878515825531590, 0.4233472701047408249, 0.4803985275882508565, 0.5382855084801243528, 0.5973429329442643265, 0.6585070322163868450, 0.7219747762422163984, 0.7877439247664642652, 0.8554425030463731483, 0.9263382158012243295, 1.000000000000000000 ),
 ( 0.000000000000000000, 1.000000000000000000 ),
 .UNSPECIFIED. ) ;
#616 = ADVANCED_FACE ( 'NONE', ( #2350 ), #1030, .T. ) ;
#617 = CIRCLE ( 'NONE', #2173, 3.049999999999999822 ) ;
#618 = CARTESIAN_POINT ( 'NONE',  ( -1.019577938762752822, 0.4000000000000000222, 0.008821698906628904976 ) ) ;
#619 = CARTESIAN_POINT ( 'NONE',  ( -0.1984856955786215016, 0.4000000000000000222, -1.354917035716014739 ) ) ;
#620 = CARTESIAN_POINT ( 'NONE',  ( 0.000000000000000000, 23.00000000000000000, 0.000000000000000000 ) ) ;
#621 = CARTESIAN_POINT ( 'NONE',  ( 1.058560375976348444, 0.4000000000000000222, 1.585058306594328226 ) ) ;
#622 = VERTEX_POINT ( 'NONE', #2181 ) ;
#623 = CARTESIAN_POINT ( 'NONE',  ( -0.6650440217982035440, 0.4000000000000000222, -2.043493230371892455 ) ) ;
#624 = CARTESIAN_POINT ( 'NONE',  ( -0.4169851116105620648, 0.000000000000000000, 0.04792687908496692795 ) ) ;
#625 = VERTEX_POINT ( 'NONE', #1822 ) ;
#626 = CARTESIAN_POINT ( 'NONE',  ( -1.067961868585324492, 0.000000000000000000, 0.007928307227838583826 ) ) ;
#627 = CARTESIAN_POINT ( 'NONE',  ( -1.045997006109599781, 0.4000000000000000222, 2.351002433931541624 ) ) ;
#628 = CARTESIAN_POINT ( 'NONE',  ( 0.000000000000000000, 0.9999999999999974465, 5.049999999999999822 ) ) ;
#629 = CARTESIAN_POINT ( 'NONE',  ( 1.412109355121003773, 0.4000000000000000222, -0.9107249189582751203 ) ) ;
#630 = LINE ( 'NONE', #1520, #1205 ) ;
#631 = CARTESIAN_POINT ( 'NONE',  ( -0.3799864326427184191, 0.000000000000000000, -1.360022850285947715 ) ) ;
#632 = CYLINDRICAL_SURFACE ( 'NONE', #1939, 5.049999999999999822 ) ;
#633 = ORIENTED_EDGE ( 'NONE', *, *, #1649, .T. ) ;
#634 = ADVANCED_FACE ( 'NONE', ( #1781 ), #2147, .F. ) ;
#635 = CARTESIAN_POINT ( 'NONE',  ( 0.9670404567535788587, 0.4000000000000000222, 0.4418186147307928691 ) ) ;
#636 = B_SPLINE_SURFACE_WITH_KNOTS ( 'NONE', 3, 1, ( 
 ( #1771, #718 ),
 ( #2639, #2223 ),
 ( #2651, #754 ),
 ( #2390, #508 ),
 ( #476, #1351 ),
 ( #2626, #1548 ),
 ( #2200, #324 ),
 ( #1589, #2431 ),
 ( #532, #1143 ),
 ( #1992, #1378 ),
 ( #1605, #1115 ) ),
 .UNSPECIFIED., .F., .F., .F.,
 ( 4, 1, 1, 1, 1, 1, 1, 1, 4 ),
 ( 2, 2 ),
 ( 0.000000000000000000, 0.2278627500649795801, 0.4154437655687070463, 0.5715174470384146721, 0.6949499522240210059, 0.7957215748553370105, 0.8712340353797133341, 0.9359155541655415078, 1.000000000000000000 ),
 ( 0.000000000000000000, 1.000000000000000000 ),
 .UNSPECIFIED. ) ;
#637 = DIRECTION ( 'NONE',  ( -0.000000000000000000, 1.000000000000000000, -0.000000000000000000 ) ) ;
#638 = ORIENTED_EDGE ( 'NONE', *, *, #2620, .T. ) ;
#639 = CARTESIAN_POINT ( 'NONE',  ( 0.5740475459581070306, 0.4000000000000000222, -1.910923319205970250 ) ) ;
#640 = CARTESIAN_POINT ( 'NONE',  ( 1.183468775929148009, 0.000000000000000000, 2.063693255299706042 ) ) ;
#641 = CARTESIAN_POINT ( 'NONE',  ( -1.236732111800200373, -5.421010862427522170E-17, 2.214876364216857407 ) ) ;
#642 = CARTESIAN_POINT ( 'NONE',  ( 1.044962689767475750, 0.000000000000000000, 2.351844618055555003 ) ) ;
#643 = CARTESIAN_POINT ( 'NONE',  ( 0.3171540006644647525, 0.000000000000000000, 0.6704224575574091460 ) ) ;
#644 = CARTESIAN_POINT ( 'NONE',  ( 1.373272888127306190, 0.4000000000000000222, -1.064316235156247403 ) ) ;
#645 = DIRECTION ( 'NONE',  ( 0.000000000000000000, 0.000000000000000000, -1.000000000000000000 ) ) ;
#646 = DIRECTION ( 'NONE',  ( 0.000000000000000000, 0.000000000000000000, -1.000000000000000000 ) ) ;
#647 = CARTESIAN_POINT ( 'NONE',  ( -0.1949314738977100392, 0.4000000000000000222, 0.03854867855827060624 ) ) ;
#648 = CARTESIAN_POINT ( 'NONE',  ( 0.4799828622855393245, -5.421010862427522170E-17, -0.6360486996719262320 ) ) ;
#649 = ORIENTED_EDGE ( 'NONE', *, *, #377, .T. ) ;
#650 = ORIENTED_EDGE ( 'NONE', *, *, #835, .F. ) ;
#651 = CARTESIAN_POINT ( 'NONE',  ( 1.346679340680902559, 0.4000000000000000222, -0.03184324285252575909 ) ) ;
#652 = ADVANCED_FACE ( 'NONE', ( #1139 ), #1374, .F. ) ;
#653 = CARTESIAN_POINT ( 'NONE',  ( -1.432590838524436361, 0.000000000000000000, -1.662801926726630519 ) ) ;
#654 = ORIENTED_EDGE ( 'NONE', *, *, #1539, .F. ) ;
#655 = VECTOR ( 'NONE', #2522, 1000.000000000000000 ) ;
#656 = CARTESIAN_POINT ( 'NONE',  ( -0.2819899315927542061, 0.4000000000000000222, -2.063997714971405273 ) ) ;
#657 = CARTESIAN_POINT ( 'NONE',  ( 1.131333877481113026, 0.4000000000000000222, 2.304065642525505719 ) ) ;
#658 = CARTESIAN_POINT ( 'NONE',  ( -1.027963296728195974, -5.421010862427522170E-17, 2.351844618055555003 ) ) ;
#659 = CARTESIAN_POINT ( 'NONE',  ( -1.439629456384841300, -0.000000000000000000, -1.479681350502807247 ) ) ;
#660 = CARTESIAN_POINT ( 'NONE',  ( 1.079866992665335479, 0.000000000000000000, 1.587443271178232251 ) ) ;
#661 = CARTESIAN_POINT ( 'NONE',  ( -1.067961868585324492, 0.000000000000000000, 0.007928307227838583826 ) ) ;
#662 = CARTESIAN_POINT ( 'NONE',  ( -0.3178803195302268847, -5.421010862427522170E-17, -1.358275737286072316 ) ) ;
#663 = CARTESIAN_POINT ( 'NONE',  ( -1.247226500219700274, 0.000000000000000000, 0.2142525298720908133 ) ) ;
#664 = B_SPLINE_SURFACE_WITH_KNOTS ( 'NONE', 3, 1, ( 
 ( #1488, #381 ),
 ( #1672, #1473 ),
 ( #2710, #2314 ),
 ( #1060, #812 ),
 ( #1910, #1660 ),
 ( #1448, #2292 ),
 ( #1241, #2063 ),
 ( #190, #11 ),
 ( #852, #420 ),
 ( #621, #407 ),
 ( #1461, #1699 ) ),
 .UNSPECIFIED., .F., .F., .F.,
 ( 4, 1, 1, 1, 1, 1, 1, 1, 4 ),
 ( 2, 2 ),
 ( 0.000000000000000000, 0.2131923673497059246, 0.3978394130439615872, 0.5501753220271278222, 0.6737585725198482756, 0.7731137772225545879, 0.8575709911369205907, 0.9291565985966739882, 1.000000000000000000 ),
 ( 0.000000000000000000, 1.000000000000000000 ),
 .UNSPECIFIED. ) ;
#665 = CARTESIAN_POINT ( 'NONE',  ( -1.245874591538054466, 0.4000000000000000222, 0.1777764374268639980 ) ) ;
#666 = DIRECTION ( 'NONE',  ( -0.000000000000000000, -1.000000000000000000, -0.000000000000000000 ) ) ;
#667 = VERTEX_POINT ( 'NONE', #1973 ) ;
#668 = ORIENTED_EDGE ( 'NONE', *, *, #1943, .F. ) ;
#669 = CARTESIAN_POINT ( 'NONE',  ( 0.3171540006644647525, 0.000000000000000000, 0.6704224575574091460 ) ) ;
#670 = CARTESIAN_POINT ( 'NONE',  ( -0.4776493419914117911, 0.000000000000000000, -2.060548843091532412 ) ) ;
#671 = ORIENTED_EDGE ( 'NONE', *, *, #923, .T. ) ;
#672 = DIRECTION ( 'NONE',  ( -0.000000000000000000, -1.000000000000000000, -0.000000000000000000 ) ) ;
#673 = EDGE_CURVE ( 'NONE', #1631, #575, #555, .T. ) ;
#674 = CARTESIAN_POINT ( 'NONE',  ( 1.183785338698627676, 0.4000000000000000222, 2.004883660615231378 ) ) ;
#675 = DIRECTION ( 'NONE',  ( -0.000000000000000000, -1.000000000000000000, -0.000000000000000000 ) ) ;
#676 =( NAMED_UNIT ( * ) PLANE_ANGLE_UNIT ( ) SI_UNIT ( $, .RADIAN. ) );
#677 = CARTESIAN_POINT ( 'NONE',  ( -0.1303324282777587051, 0.000000000000000000, 0.6869832885962932068 ) ) ;
#678 = CARTESIAN_POINT ( 'NONE',  ( -0.4799828622855391025, 0.4000000000000000222, 0.6679047428704547595 ) ) ;
#679 = CARTESIAN_POINT ( 'NONE',  ( -1.328952549953086315, 0.000000000000000000, -1.104031990400327068 ) ) ;
#680 = CARTESIAN_POINT ( 'NONE',  ( -1.083020530736518827, 0.4000000000000000222, 0.008392877504424758883 ) ) ;
#681 = CARTESIAN_POINT ( 'NONE',  ( -0.005965991870497382860, 0.000000000000000000, 0.005981896194280635418 ) ) ;
#682 = AXIS2_PLACEMENT_3D ( 'NONE', #1579, #522, #2224 ) ;
#683 = ORIENTED_EDGE ( 'NONE', *, *, #2652, .F. ) ;
#684 = CARTESIAN_POINT ( 'NONE',  ( 1.108692381320709242, 0.4000000000000000222, 1.606959558563933133 ) ) ;
#685 = DIRECTION ( 'NONE',  ( 0.000000000000000000, 1.000000000000000000, -0.000000000000000000 ) ) ;
#686 = CARTESIAN_POINT ( 'NONE',  ( 1.075220294728182147, 0.000000000000000000, -1.576249809280601433 ) ) ;
#687 = EDGE_LOOP ( 'NONE', ( #1150, #2478, #485, #2597 ) ) ;
#688 = CARTESIAN_POINT ( 'NONE',  ( 1.183303525602266593, 0.000000000000000000, 1.882052544933299432 ) ) ;
#689 = CARTESIAN_POINT ( 'NONE',  ( -1.126711766484590482, -5.421010862427522170E-17, 2.339974478029833271 ) ) ;
#690 = CARTESIAN_POINT ( 'NONE',  ( 0.1572910862111071284, 0.000000000000000000, 0.6851135501775132974 ) ) ;
#691 = MECHANICAL_DESIGN_GEOMETRIC_PRESENTATION_REPRESENTATION (  '', ( #334 ), #2238 ) ;
#692 = AXIS2_PLACEMENT_3D ( 'NONE', #305, #346, #2439 ) ;
#694 = EDGE_CURVE ( 'NONE', #1123, #360, #952, .T. ) ;
#693 = CYLINDRICAL_SURFACE ( 'NONE', #115, 3.049999999999999822 ) ;
#695 = CARTESIAN_POINT ( 'NONE',  ( 0.1235763555961989640, 0.4000000000000000222, -1.268409695981870033 ) ) ;
#696 = CARTESIAN_POINT ( 'NONE',  ( -1.245874591538054466, 0.000000000000000000, 0.1777764374268639980 ) ) ;
#697 = CARTESIAN_POINT ( 'NONE',  ( 0.4799828622855393245, 0.4000000000000000222, -0.6360486996719262320 ) ) ;
#698 = ORIENTED_EDGE ( 'NONE', *, *, #726, .F. ) ;
#699 = VERTEX_POINT ( 'NONE', #2220 ) ;
#700 = LINE ( 'NONE', #1544, #245 ) ;
#701 = CARTESIAN_POINT ( 'NONE',  ( -1.432590838524436361, 0.000000000000000000, -1.662801926726630519 ) ) ;
#702 = EDGE_LOOP ( 'NONE', ( #1717, #2315, #84, #253 ) ) ;
#703 = CARTESIAN_POINT ( 'NONE',  ( 1.076261774804988525, 0.4000000000000000222, 2.349035220842855765 ) ) ;
#704 = LINE ( 'NONE', #1549, #427 ) ;
#705 = CARTESIAN_POINT ( 'NONE',  ( -1.209177811116239010, 0.000000000000000000, 0.05548653007597902087 ) ) ;
#706 = CARTESIAN_POINT ( 'NONE',  ( 0.5740475459581070306, 0.000000000000000000, -1.910923319205970250 ) ) ;
#707 = CARTESIAN_POINT ( 'NONE',  ( 1.435351129028050510, 0.000000000000000000, -0.7477542444208726824 ) ) ;
#708 = DIRECTION ( 'NONE',  ( 0.000000000000000000, 1.000000000000000000, -0.000000000000000000 ) ) ;
#709 = EDGE_CURVE ( 'NONE', #1738, #791, #1861, .T. ) ;
#710 = CARTESIAN_POINT ( 'NONE',  ( -1.226922392080145974, 0.000000000000000000, 0.08736376679943498591 ) ) ;
#711 = PLANE ( 'NONE',  #755 ) ;
#712 = EDGE_LOOP ( 'NONE', ( #1886, #2611, #1792, #401 ) ) ;
#713 = CARTESIAN_POINT ( 'NONE',  ( 0.05127625478736871217, 0.000000000000000000, -1.296118816148819519 ) ) ;
#714 = CARTESIAN_POINT ( 'NONE',  ( 0.000000000000000000, 23.00000000000000000, 0.000000000000000000 ) ) ;
#715 = CARTESIAN_POINT ( 'NONE',  ( -1.312122515481977114, 0.4000000000000000222, -1.875368598061878389 ) ) ;
#716 = ORIENTED_EDGE ( 'NONE', *, *, #1131, .F. ) ;
#717 = DIRECTION ( 'NONE',  ( 0.000000000000000000, 0.000000000000000000, -1.000000000000000000 ) ) ;
#718 = CARTESIAN_POINT ( 'NONE',  ( -1.439948586856617307, -1.084202172485504434E-16, -1.452019565557342906 ) ) ;
#719 = CARTESIAN_POINT ( 'NONE',  ( 1.293613642184917145, 0.000000000000000000, 0.08255514505798217106 ) ) ;
#720 = CARTESIAN_POINT ( 'NONE',  ( 0.4025385084273851999, 0.4000000000000000222, -0.2831287806419268693 ) ) ;
#721 = CARTESIAN_POINT ( 'NONE',  ( -0.4413465930850527519, 0.4000000000000000222, 0.6719182230060714023 ) ) ;
#722 = CARTESIAN_POINT ( 'NONE',  ( -1.209177811116239010, 0.4000000000000000222, 0.05548653007597902087 ) ) ;
#723 = CARTESIAN_POINT ( 'NONE',  ( -1.247955441942401711, -5.421010862427522170E-17, 2.102853508244931557 ) ) ;
#724 = VERTEX_POINT ( 'NONE', #2278 ) ;
#725 = CARTESIAN_POINT ( 'NONE',  ( -0.3178803195302268847, -0.000000000000000000, -1.358275737286072316 ) ) ;
#726 = EDGE_CURVE ( 'NONE', #2403, #1530, #2351, .T. ) ;
#727 = CARTESIAN_POINT ( 'NONE',  ( 1.439948586856617530, 0.4000000000000000222, -0.5790507347755186052 ) ) ;
#728 = AXIS2_PLACEMENT_3D ( 'NONE', #2119, #13, #1062 ) ;
#729 = CARTESIAN_POINT ( 'NONE',  ( -1.438004466498163492, 0.4000000000000000222, -1.602800040900503653 ) ) ;
#730 = ORIENTED_EDGE ( 'NONE', *, *, #2288, .T. ) ;
#731 = EDGE_CURVE ( 'NONE', #1621, #310, #881, .T. ) ;
#732 = CARTESIAN_POINT ( 'NONE',  ( -0.4413465930850527519, 0.4000000000000000222, 0.6719182230060714023 ) ) ;
#733 = CARTESIAN_POINT ( 'NONE',  ( -1.083020530736518827, 0.4000000000000000222, 0.008392877504424758883 ) ) ;
#734 = CARTESIAN_POINT ( 'NONE',  ( 6.184466335694133068E-16, 23.00000000000000000, 5.049999999999999822 ) ) ;
#735 = CARTESIAN_POINT ( 'NONE',  ( 0.4799828622855393245, 0.4000000000000000222, -0.6360486996719262320 ) ) ;
#736 = LINE ( 'NONE', #1568, #1422 ) ;
#737 = CARTESIAN_POINT ( 'NONE',  ( 0.000000000000000000, 20.50000000000001066, 0.000000000000000000 ) ) ;
#738 = VERTEX_POINT ( 'NONE', #138 ) ;
#739 = CARTESIAN_POINT ( 'NONE',  ( 0.3877509541771188561, 0.000000000000000000, -1.027445408763209889 ) ) ;
#740 = CARTESIAN_POINT ( 'NONE',  ( -1.426872986434473578, 0.4000000000000000222, -1.231030920226127590 ) ) ;
#741 = ORIENTED_EDGE ( 'NONE', *, *, #2464, .T. ) ;
#742 = EDGE_CURVE ( 'NONE', #1123, #724, #2682, .T. ) ;
#743 = DIRECTION ( 'NONE',  ( 0.000000000000000000, -1.000000000000000000, 0.000000000000000000 ) ) ;
#744 = CARTESIAN_POINT ( 'NONE',  ( -1.019577938762752822, -0.000000000000000000, 0.008821698906628904976 ) ) ;
#745 = CARTESIAN_POINT ( 'NONE',  ( 0.2157932359309306103, 0.4000000000000000222, -0.08468908735868489746 ) ) ;
#746 = CARTESIAN_POINT ( 'NONE',  ( -0.04999801181359505436, 0.4000000000000000222, 0.6875929107068848856 ) ) ;
#747 = CARTESIAN_POINT ( 'NONE',  ( -0.1303324282777587051, 0.000000000000000000, 0.6869832885962932068 ) ) ;
#748 = CARTESIAN_POINT ( 'NONE',  ( -1.246941268628276367, -5.421010862427522170E-17, 2.161977120088527826 ) ) ;
#749 = ORIENTED_EDGE ( 'NONE', *, *, #194, .F. ) ;
#750 = CARTESIAN_POINT ( 'NONE',  ( 0.3010759788225487732, 0.000000000000000000, -1.141322813040843043 ) ) ;
#751 = CARTESIAN_POINT ( 'NONE',  ( -0.09520692039594712275, 0.4000000000000000222, -2.060989848562855276 ) ) ;
#752 = EDGE_LOOP ( 'NONE', ( #585, #350, #557, #2198 ) ) ;
#753 = CARTESIAN_POINT ( 'NONE',  ( 0.3669165962275048321, 0.000000000000000000, -0.2258280920905098577 ) ) ;
#754 = CARTESIAN_POINT ( 'NONE',  ( -1.438376195047441186, -1.084202172485504434E-16, -1.367329788436739024 ) ) ;
#755 = AXIS2_PLACEMENT_3D ( 'NONE', #1700, #1507, #2347 ) ;
#756 = ADVANCED_FACE ( 'NONE', ( #2256, #2088 ), #1447, .F. ) ;
#757 = FACE_OUTER_BOUND ( 'NONE', #2218, .T. ) ;
#758 = B_SPLINE_CURVE_WITH_KNOTS ( 'NONE', 3,
 ( #624, #1465, #182, #2107, #802, #425, #2508 ),
 .UNSPECIFIED., .F., .F.,
 ( 4, 1, 1, 1, 4 ),
 ( 0.000000000000000000, 0.2836042771905770699, 0.5420777578206683600, 0.7776646396935757988, 1.000000000000000000 ),
 .UNSPECIFIED. ) ;
#759 = CARTESIAN_POINT ( 'NONE',  ( -0.09520692039594712275, 0.000000000000000000, -2.060989848562855276 ) ) ;
#760 = CARTESIAN_POINT ( 'NONE',  ( -0.3028741982520095077, 0.4000000000000000222, 0.04604644611007761845 ) ) ;
#761 = DIRECTION ( 'NONE',  ( 0.000000000000000000, 0.000000000000000000, 1.000000000000000000 ) ) ;
#762 = EDGE_LOOP ( 'NONE', ( #1971, #2005 ) ) ;
#763 = CARTESIAN_POINT ( 'NONE',  ( -0.1984856955786215016, 0.000000000000000000, -1.354917035716014739 ) ) ;
#764 = CARTESIAN_POINT ( 'NONE',  ( -1.337467840255959439, 0.4000000000000000222, -1.104709356437193701 ) ) ;
#765 = ORIENTED_EDGE ( 'NONE', *, *, #742, .T. ) ;
#766 = PRESENTATION_STYLE_ASSIGNMENT (( #89 ) ) ;
#767 = CARTESIAN_POINT ( 'NONE',  ( -0.3799864326427184191, 0.000000000000000000, -1.360022850285947715 ) ) ;
#768 = FACE_OUTER_BOUND ( 'NONE', #839, .T. ) ;
#769 = B_SPLINE_CURVE_WITH_KNOTS ( 'NONE', 3,
 ( #924, #1715, #1747, #1777, #1341, #2192, #866, #2177, #1298, #2329, #1969, #251, #437, #281, #2148, #1121, #1280, #1091, #40 ),
 .UNSPECIFIED., .F., .F.,
 ( 4, 1, 1, 1, 1, 1, 1, 1, 1, 1, 1, 1, 1, 1, 1, 1, 4 ),
 ( 0.000000000000000000, 0.07710240741114715579, 0.1503867858756681719, 0.2193616382886609262, 0.2852824920776791395, 0.3481680369406243147, 0.4079511667121843432, 0.4660602653797479844, 0.5219752895218560118, 0.5771244849844293645, 0.6319635961168931226, 0.6878916360771109018, 0.7448093034803578982, 0.8040806283300560020, 0.8658113544318024601, 0.9310854745784004072, 1.000000000000000000 ),
 .UNSPECIFIED. ) ;
#770 = EDGE_CURVE ( 'NONE', #374, #2165, #1668, .T. ) ;
#771 = CARTESIAN_POINT ( 'NONE',  ( -1.079383337265433340, -5.421010862427522170E-17, 2.349443273945992949 ) ) ;
#772 = ORIENTED_EDGE ( 'NONE', *, *, #2274, .T. ) ;
#773 = CARTESIAN_POINT ( 'NONE',  ( 0.4671804990632407728, 0.000000000000000000, 0.6441881245754571550 ) ) ;
#774 = CARTESIAN_POINT ( 'NONE',  ( -1.226922392080145974, 0.000000000000000000, 0.08736376679943498591 ) ) ;
#775 = CARTESIAN_POINT ( 'NONE',  ( 0.4794129848490676915, 0.4000000000000000222, -0.6093623996183051839 ) ) ;
#776 = ORIENTED_EDGE ( 'NONE', *, *, #731, .F. ) ;
#777 = CARTESIAN_POINT ( 'NONE',  ( -0.4799828622855391025, 0.000000000000000000, 1.583872038398692172 ) ) ;
#778 = CARTESIAN_POINT ( 'NONE',  ( -0.9119053798167283675, 0.000000000000000000, -1.281593662860509797 ) ) ;
#779 = CARTESIAN_POINT ( 'NONE',  ( -0.3799864326427184191, 0.4000000000000000222, -1.360022850285947715 ) ) ;
#780 = CARTESIAN_POINT ( 'NONE',  ( -0.9119053798167283675, 0.4000000000000000222, -1.281593662860509797 ) ) ;
#781 = CARTESIAN_POINT ( 'NONE',  ( -1.247955441942401711, 0.4000000000000000222, 0.2339202382206132524 ) ) ;
#782 = ORIENTED_EDGE ( 'NONE', *, *, #2274, .F. ) ;
#783 = VECTOR ( 'NONE', #2591, 1000.000000000000000 ) ;
#784 = CARTESIAN_POINT ( 'NONE',  ( 1.228161183951024249, 0.000000000000000000, 0.1864889154479509592 ) ) ;
#785 = EDGE_CURVE ( 'NONE', #360, #1123, #1233, .T. ) ;
#786 = CARTESIAN_POINT ( 'NONE',  ( -1.083020530736518827, 0.000000000000000000, 0.008392877504424758883 ) ) ;
#787 = B_SPLINE_CURVE_WITH_KNOTS ( 'NONE', 3,
 ( #527, #2413, #2002, #958, #1612, #914, #98, #2441, #1767, #941, #2425, #1373, #1164, #1809, #2219, #379, #605, #2693, #2061 ),
 .UNSPECIFIED., .F., .F.,
 ( 4, 1, 1, 1, 1, 1, 1, 1, 1, 1, 1, 1, 1, 1, 1, 1, 4 ),
 ( 0.000000000000000000, 0.06192174646320765946, 0.1203487945143631721, 0.1758886205876626085, 0.2296995808163501684, 0.2826418874001434545, 0.3337207366340240733, 0.3859118890175427530, 0.4384628861662888677, 0.4932271070379967703, 0.5513770291882420516, 0.6124230311764599088, 0.6779909905287060390, 0.7491383699953314546, 0.8257088022718023224, 0.9094733098359435441, 1.000000000000000000 ),
 .UNSPECIFIED. ) ;
#788 = ORIENTED_EDGE ( 'NONE', *, *, #1978, .T. ) ;
#789 = DIRECTION ( 'NONE',  ( 0.000000000000000000, 0.000000000000000000, 1.000000000000000000 ) ) ;
#790 = CARTESIAN_POINT ( 'NONE',  ( -1.027963296728195974, 0.4000000000000000222, 2.351844618055555003 ) ) ;
#791 = VERTEX_POINT ( 'NONE', #1659 ) ;
#792 = B_SPLINE_CURVE_WITH_KNOTS ( 'NONE', 3,
 ( #1347, #298, #929, #1361, #1082, #872, #1721 ),
 .UNSPECIFIED., .F., .F.,
 ( 4, 1, 1, 1, 4 ),
 ( 0.000000000000000000, 0.2470226549002673966, 0.4890366114064085279, 0.7392319736313518463, 0.9999999999999998890 ),
 .UNSPECIFIED. ) ;
#793 = PLANE ( 'NONE',  #2582 ) ;
#794 = DIRECTION ( 'NONE',  ( 8.659560562354830553E-17, 0.7071067811865561215, -0.7071067811865390240 ) ) ;
#795 = CARTESIAN_POINT ( 'NONE',  ( 0.7375971850620909320, 0.000000000000000000, 0.5625804604183575197 ) ) ;
#796 = CARTESIAN_POINT ( 'NONE',  ( -1.439391636922004114, -0.000000000000000000, -1.422021974909466469 ) ) ;
#797 = CARTESIAN_POINT ( 'NONE',  ( -0.3779768581267559657, 0.000000000000000000, 0.04728406233777898704 ) ) ;
#798 = ORIENTED_EDGE ( 'NONE', *, *, #1004, .T. ) ;
#799 = CARTESIAN_POINT ( 'NONE',  ( -1.312122515481977114, 0.4000000000000000222, -1.875368598061878389 ) ) ;
#800 = CARTESIAN_POINT ( 'NONE',  ( 0.000000000000000000, 20.00000000000000000, 0.000000000000000000 ) ) ;
#801 = ADVANCED_FACE ( 'NONE', ( #394 ), #2073, .F. ) ;
#802 = CARTESIAN_POINT ( 'NONE',  ( -0.9199263241960743409, 0.000000000000000000, 0.01066172975072042159 ) ) ;
#803 = PRODUCT_DEFINITION_CONTEXT ( 'detailed design', #329, 'design' ) ;
#804 = CARTESIAN_POINT ( 'NONE',  ( -0.4169851116105620648, 0.4000000000000000222, 0.04792687908496692795 ) ) ;
#805 = CARTESIAN_POINT ( 'NONE',  ( -0.4163233305853540345, 0.4000000000000000222, -1.359273710955382963 ) ) ;
#806 = CARTESIAN_POINT ( 'NONE',  ( -0.6650440217982035440, 0.000000000000000000, -2.043493230371892455 ) ) ;
#807 = AXIS2_PLACEMENT_3D ( 'NONE', #1494, #637, #1050 ) ;
#808 = CARTESIAN_POINT ( 'NONE',  ( -0.4169851116105620648, 0.000000000000000000, 0.04792687908496692795 ) ) ;
#809 = CARTESIAN_POINT ( 'NONE',  ( 0.4777294008000858017, 0.4000000000000000222, -0.7257034415549945550 ) ) ;
#810 = B_SPLINE_CURVE_WITH_KNOTS ( 'NONE', 3,
 ( #212, #244, #261, #1680, #1468, #1102, #403 ),
 .UNSPECIFIED., .F., .F.,
 ( 4, 1, 1, 1, 4 ),
 ( 0.000000000000000000, 0.2836042771905770699, 0.5420777578206683600, 0.7776646396935757988, 1.000000000000000000 ),
 .UNSPECIFIED. ) ;
#811 = CARTESIAN_POINT ( 'NONE',  ( 1.183957726970996660, 0.000000000000000000, 1.972858149709264097 ) ) ;
#812 = CARTESIAN_POINT ( 'NONE',  ( 1.176380949153819522, 0.000000000000000000, 1.800537041225318768 ) ) ;
#813 = VECTOR ( 'NONE', #985, 1000.000000000000000 ) ;
#814 = EDGE_LOOP ( 'NONE', ( #1959, #1449, #43, #2594 ) ) ;
#815 = AXIS2_PLACEMENT_3D ( 'NONE', #315, #1595, #2435 ) ;
#816 = DIRECTION ( 'NONE',  ( 0.000000000000000000, 0.000000000000000000, 1.000000000000000000 ) ) ;
#817 = CARTESIAN_POINT ( 'NONE',  ( -0.008999678667853672209, 0.000000000000000000, 0.6879040287990192404 ) ) ;
#818 = DIRECTION ( 'NONE',  ( -0.000000000000000000, -1.000000000000000000, -0.000000000000000000 ) ) ;
#819 = ADVANCED_FACE ( 'NONE', ( #2722 ), #832, .T. ) ;
#820 = CARTESIAN_POINT ( 'NONE',  ( 1.055190007189203083, 0.000000000000000000, 2.350926616873618258 ) ) ;
#821 = CARTESIAN_POINT ( 'NONE',  ( 1.165959331881388561, 0.4000000000000000222, 1.732820566019847019 ) ) ;
#822 = CARTESIAN_POINT ( 'NONE',  ( -0.7650681950337299142, 0.4000000000000000222, 0.02893429074567172715 ) ) ;
#823 = FACE_OUTER_BOUND ( 'NONE', #2194, .T. ) ;
#824 = CARTESIAN_POINT ( 'NONE',  ( 0.000000000000000000, 0.000000000000000000, 0.000000000000000000 ) ) ;
#825 = FACE_OUTER_BOUND ( 'NONE', #2490, .T. ) ;
#826 = ORIENTED_EDGE ( 'NONE', *, *, #1207, .F. ) ;
#827 = CARTESIAN_POINT ( 'NONE',  ( -1.339664895513898113, 0.000000000000000000, -1.861712221881329565 ) ) ;
#828 = CARTESIAN_POINT ( 'NONE',  ( -1.439948586856617530, 0.000000000000000000, -1.452019565557343128 ) ) ;
#829 = EDGE_LOOP ( 'NONE', ( #698, #1286, #2645, #638 ) ) ;
#830 = CARTESIAN_POINT ( 'NONE',  ( -1.247955441942401711, 0.000000000000000000, 2.102853508244931557 ) ) ;
#831 = CARTESIAN_POINT ( 'NONE',  ( 1.183957726970996660, 0.000000000000000000, 1.972858149709264097 ) ) ;
#832 = B_SPLINE_SURFACE_WITH_KNOTS ( 'NONE', 3, 1, ( 
 ( #2515, #1201 ),
 ( #1002, #786 ),
 ( #1402, #2246 ),
 ( #349, #1190 ),
 ( #1832, #2043 ),
 ( #1633, #2475 ),
 ( #2670, #774 ),
 ( #2695, #577 ),
 ( #1421, #2574 ),
 ( #1076, #663 ),
 ( #1312, #1505 ) ),
 .UNSPECIFIED., .F., .F., .F.,
 ( 4, 1, 1, 1, 1, 1, 1, 1, 4 ),
 ( 2, 2 ),
 ( 0.000000000000000000, 0.1338109135970822205, 0.2496755714262058334, 0.3545325358231947721, 0.4491511402244596773, 0.5529533909819657200, 0.6749251856205606970, 0.8247214487060134935, 1.000000000000000000 ),
 ( 0.000000000000000000, 1.000000000000000000 ),
 .UNSPECIFIED. ) ;
#834 = ADVANCED_FACE ( 'NONE', ( #215 ), #2345, .T. ) ;
#833 = CARTESIAN_POINT ( 'NONE',  ( -0.5966688927941965481, 0.4000000000000000222, 0.04584169567052152200 ) ) ;
#835 = EDGE_CURVE ( 'NONE', #1631, #1646, #617, .T. ) ;
#836 = CARTESIAN_POINT ( 'NONE',  ( 1.183468775929148009, 0.000000000000000000, 2.063693255299706042 ) ) ;
#837 = CARTESIAN_POINT ( 'NONE',  ( -1.414098249916768468, 0.000000000000000000, -1.182479098156637098 ) ) ;
#838 = CARTESIAN_POINT ( 'NONE',  ( -0.3028741982520095077, 0.000000000000000000, 0.04604644611007761845 ) ) ;
#839 = EDGE_LOOP ( 'NONE', ( #2467, #2689, #2254 ) ) ;
#840 = CARTESIAN_POINT ( 'NONE',  ( 0.9670404567535788587, 0.000000000000000000, 0.4418186147307928691 ) ) ;
#841 = CARTESIAN_POINT ( 'NONE',  ( -1.312122515481977114, 0.000000000000000000, -1.875368598061878389 ) ) ;
#842 = ORIENTED_EDGE ( 'NONE', *, *, #423, .F. ) ;
#843 = CARTESIAN_POINT ( 'NONE',  ( 1.176134645459914196, 0.4000000000000000222, 2.144447295916679597 ) ) ;
#844 = PRODUCT_DEFINITION_FORMATION_WITH_SPECIFIED_SOURCE ( 'ANY', '', #2252, .NOT_KNOWN. ) ;
#845 = CARTESIAN_POINT ( 'NONE',  ( -1.079383337265433340, 0.4000000000000000222, 2.349443273945992949 ) ) ;
#846 = CARTESIAN_POINT ( 'NONE',  ( 1.183468775929148009, 0.000000000000000000, 2.063693255299706042 ) ) ;
#847 = CARTESIAN_POINT ( 'NONE',  ( 1.388761263480374986, 0.000000000000000000, -0.1551485794000155016 ) ) ;
#848 = CARTESIAN_POINT ( 'NONE',  ( 1.435351129028050510, 0.4000000000000000222, -0.7477542444208726824 ) ) ;
#849 = CARTESIAN_POINT ( 'NONE',  ( 1.150121645516674063, 0.000000000000000000, 2.263110253584544651 ) ) ;
#850 = CARTESIAN_POINT ( 'NONE',  ( 1.058560375976348444, -0.000000000000000000, 1.585058306594328226 ) ) ;
#851 = EDGE_CURVE ( 'NONE', #2473, #699, #2040, .T. ) ;
#852 = CARTESIAN_POINT ( 'NONE',  ( 1.079866992665335479, 0.4000000000000000222, 1.587443271178232251 ) ) ;
#853 = LINE ( 'NONE', #2330, #976 ) ;
#854 = DIRECTION ( 'NONE',  ( 1.000000000000000000, 0.000000000000000000, 0.000000000000000000 ) ) ;
#855 = CARTESIAN_POINT ( 'NONE',  ( 1.152941218360432618, 0.4000000000000000222, 0.2820298444381529879 ) ) ;
#856 = CARTESIAN_POINT ( 'NONE',  ( -0.6650440217982035440, 0.000000000000000000, -2.043493230371892455 ) ) ;
#857 = VERTEX_POINT ( 'NONE', #880 ) ;
#858 = CARTESIAN_POINT ( 'NONE',  ( 1.168775155160074464, 0.000000000000000000, -1.463629965350327744 ) ) ;
#859 = CARTESIAN_POINT ( 'NONE',  ( 1.183957726970996660, 0.4000000000000000222, 1.972858149709264097 ) ) ;
#860 = CARTESIAN_POINT ( 'NONE',  ( 0.08558212190270077235, 0.000000000000000000, -2.041361107357480886 ) ) ;
#861 = CARTESIAN_POINT ( 'NONE',  ( 1.183303525602266593, 0.000000000000000000, 1.882052544933299432 ) ) ;
#862 = CARTESIAN_POINT ( 'NONE',  ( 0.9670404567535788587, 0.000000000000000000, 0.4418186147307928691 ) ) ;
#863 = CARTESIAN_POINT ( 'NONE',  ( 1.075220294728182147, 0.000000000000000000, -1.576249809280601433 ) ) ;
#864 = PLANE ( 'NONE',  #1425 ) ;
#865 = CARTESIAN_POINT ( 'NONE',  ( -1.397910531904414055, 0.000000000000000000, -1.146168540090392263 ) ) ;
#866 = CARTESIAN_POINT ( 'NONE',  ( 0.7375971850620909320, 0.4000000000000000222, 0.5625804604183575197 ) ) ;
#867 = CARTESIAN_POINT ( 'NONE',  ( 0.4483204212902122676, -5.421010862427522170E-17, -0.8899229145148969122 ) ) ;
#868 = EDGE_LOOP ( 'NONE', ( #442, #237, #1154, #1108 ) ) ;
#869 = CARTESIAN_POINT ( 'NONE',  ( 1.165959331881388561, 0.4000000000000000222, 1.732820566019847019 ) ) ;
#870 = ADVANCED_FACE ( 'NONE', ( #1731 ), #406, .T. ) ;
#871 = CARTESIAN_POINT ( 'NONE',  ( -1.439033403155897117, 0.4000000000000000222, -1.531346414460372785 ) ) ;
#872 = CARTESIAN_POINT ( 'NONE',  ( -0.04999801181359505436, 0.4000000000000000222, 0.6875929107068848856 ) ) ;
#873 = ORIENTED_EDGE ( 'NONE', *, *, #2091, .F. ) ;
#874 = VECTOR ( 'NONE', #1963, 1000.000000000000000 ) ;
#875 = CARTESIAN_POINT ( 'NONE',  ( -1.126711766484590482, 0.000000000000000000, 2.339974478029833271 ) ) ;
#876 = CARTESIAN_POINT ( 'NONE',  ( -1.165564434028181884, -5.421010862427522170E-17, 2.320945401227476612 ) ) ;
#877 = CARTESIAN_POINT ( 'NONE',  ( 1.108692381320709242, 0.000000000000000000, 1.606959558563933133 ) ) ;
#878 = CARTESIAN_POINT ( 'NONE',  ( -1.247599975745953715, 0.4000000000000000222, 2.123576243826304832 ) ) ;
#879 = CARTESIAN_POINT ( 'NONE',  ( 1.104894282187753873, 0.000000000000000000, 2.331034014925651654 ) ) ;
#880 = CARTESIAN_POINT ( 'NONE',  ( -0.3799864326427184191, 0.000000000000000000, -1.360022850285947715 ) ) ;
#881 = CIRCLE ( 'NONE', #2436, 4.049999999999998046 ) ;
#882 = DIRECTION ( 'NONE',  ( -1.000000000000000000, 0.000000000000000000, 0.000000000000000000 ) ) ;
#883 = CARTESIAN_POINT ( 'NONE',  ( -1.363906932439563846, 0.4000000000000000222, -1.843835104744938391 ) ) ;
#884 = ORIENTED_EDGE ( 'NONE', *, *, #1667, .F. ) ;
#885 = ORIENTED_EDGE ( 'NONE', *, *, #1592, .T. ) ;
#886 = CARTESIAN_POINT ( 'NONE',  ( 0.6074803189997154407, 0.000000000000000000, 0.6086226621750586707 ) ) ;
#887 = CARTESIAN_POINT ( 'NONE',  ( -1.439948586856617530, 0.4000000000000000222, -1.452019565557343128 ) ) ;
#888 = EDGE_LOOP ( 'NONE', ( #2051, #2236, #287, #1542 ) ) ;
#889 = CARTESIAN_POINT ( 'NONE',  ( 0.9670795134015615080, 0.000000000000000000, -1.676505713564996780 ) ) ;
#890 = EDGE_CURVE ( 'NONE', #1530, #1181, #1308, .T. ) ;
#891 = CARTESIAN_POINT ( 'NONE',  ( 1.412109355121003773, 0.000000000000000000, -0.9107249189582751203 ) ) ;
#892 = CARTESIAN_POINT ( 'NONE',  ( 0.8580397322318509268, 0.000000000000000000, 0.5077100116917139250 ) ) ;
#893 = CARTESIAN_POINT ( 'NONE',  ( -1.067961868585324492, 0.4000000000000000222, 0.007928307227838583826 ) ) ;
#894 = CARTESIAN_POINT ( 'NONE',  ( 1.108692381320709242, 0.000000000000000000, 1.606959558563933133 ) ) ;
#895 = CARTESIAN_POINT ( 'NONE',  ( 0.2729052283002285084, 0.4000000000000000222, -0.1276755592543554751 ) ) ;
#896 = CARTESIAN_POINT ( 'NONE',  ( 0.4665027956307871149, 0.4000000000000000222, -0.8111255698121729862 ) ) ;
#897 = VECTOR ( 'NONE', #1653, 1000.000000000000000 ) ;
#898 = VERTEX_POINT ( 'NONE', #1252 ) ;
#899 = CARTESIAN_POINT ( 'NONE',  ( -2.565151067676131547, 20.00000000000000000, 1.649999999999999911 ) ) ;
#900 = CARTESIAN_POINT ( 'NONE',  ( -1.439948586856617530, 0.4000000000000000222, -1.452019565557343128 ) ) ;
#901 = CARTESIAN_POINT ( 'NONE',  ( -1.404423486916956731, 0.000000000000000000, -1.789260602169717718 ) ) ;
#902 = EDGE_LOOP ( 'NONE', ( #147, #1259, #1991, #1942 ) ) ;
#903 = LINE ( 'NONE', #1755, #1879 ) ;
#904 = CARTESIAN_POINT ( 'NONE',  ( 1.183957726970996660, 0.4000000000000000222, 1.972858149709264097 ) ) ;
#905 = CARTESIAN_POINT ( 'NONE',  ( -0.4799828622855391025, 0.000000000000000000, 1.583872038398692172 ) ) ;
#906 = EDGE_CURVE ( 'NONE', #2165, #2462, #547, .T. ) ;
#907 = CIRCLE ( 'NONE', #2099, 3.850000000000000977 ) ;
#908 = CARTESIAN_POINT ( 'NONE',  ( -1.240169466493149519, 0.000000000000000000, 0.1276388434555551232 ) ) ;
#909 = CARTESIAN_POINT ( 'NONE',  ( -1.083020530736518827, 0.4000000000000000222, 0.008392877504424758883 ) ) ;
#910 = CARTESIAN_POINT ( 'NONE',  ( 0.000000000000000000, 0.000000000000000000, 0.000000000000000000 ) ) ;
#911 = CARTESIAN_POINT ( 'NONE',  ( 0.2476125408753972745, 0.4000000000000000222, -1.189342020755253637 ) ) ;
#912 = CARTESIAN_POINT ( 'NONE',  ( -1.247226500219700274, 0.4000000000000000222, 0.2142525298720908133 ) ) ;
#913 = EDGE_LOOP ( 'NONE', ( #2064, #2516 ) ) ;
#914 = CARTESIAN_POINT ( 'NONE',  ( 0.4314323460761125273, 0.4000000000000000222, -0.3449003130532533046 ) ) ;
#915 = CARTESIAN_POINT ( 'NONE',  ( -1.027963296728195974, 0.4000000000000000222, 2.351844618055555003 ) ) ;
#916 = CARTESIAN_POINT ( 'NONE',  ( 1.439948586856617530, 0.000000000000000000, -0.5790507347755186052 ) ) ;
#917 = ORIENTED_EDGE ( 'NONE', *, *, #2678, .T. ) ;
#918 = CARTESIAN_POINT ( 'NONE',  ( 1.166544530321070638, 0.4000000000000000222, 2.210872955257438655 ) ) ;
#919 = CARTESIAN_POINT ( 'NONE',  ( 0.4314323460761125273, 0.4000000000000000222, -0.3449003130532533046 ) ) ;
#920 = ADVANCED_FACE ( 'NONE', ( #1896 ), #264, .F. ) ;
#921 = CARTESIAN_POINT ( 'NONE',  ( 1.388761263480374986, 0.4000000000000000222, -0.1551485794000155016 ) ) ;
#922 = CARTESIAN_POINT ( 'NONE',  ( 0.000000000000000000, 20.00000000000000000, 0.000000000000000000 ) ) ;
#923 = EDGE_CURVE ( 'NONE', #2349, #724, #1677, .T. ) ;
#924 = CARTESIAN_POINT ( 'NONE',  ( -0.008999678667853672209, 0.4000000000000000222, 0.6879040287990192404 ) ) ;
#925 = FACE_OUTER_BOUND ( 'NONE', #2429, .T. ) ;
#926 = ORIENTED_EDGE ( 'NONE', *, *, #2126, .F. ) ;
#927 = CARTESIAN_POINT ( 'NONE',  ( -0.1984856955786215016, 0.000000000000000000, -1.354917035716014739 ) ) ;
#928 = CARTESIAN_POINT ( 'NONE',  ( -1.378219461417371283, -1.084202172485504434E-16, -1.120833074830319687 ) ) ;
#929 = CARTESIAN_POINT ( 'NONE',  ( -0.3648574541644944991, 0.4000000000000000222, 0.6798638048647928089 ) ) ;
#930 = ORIENTED_EDGE ( 'NONE', *, *, #1535, .F. ) ;
#931 = CARTESIAN_POINT ( 'NONE',  ( -0.2819899315927542061, 0.4000000000000000222, -2.063997714971405273 ) ) ;
#932 = CARTESIAN_POINT ( 'NONE',  ( -0.2487200812594669574, 0.000000000000000000, 0.6857080440154654788 ) ) ;
#933 = CARTESIAN_POINT ( 'NONE',  ( 1.418518228835005335, 0.000000000000000000, -0.2882346421359870958 ) ) ;
#934 = CARTESIAN_POINT ( 'NONE',  ( 0.4783053923404966823, 0.4000000000000000222, -0.5574959031943037546 ) ) ;
#935 = CARTESIAN_POINT ( 'NONE',  ( -0.1303324282777587051, 0.4000000000000000222, 0.6869832885962932068 ) ) ;
#936 = CARTESIAN_POINT ( 'NONE',  ( 0.4665027956307871149, -5.421010862427522170E-17, -0.8111255698121729862 ) ) ;
#937 = AXIS2_PLACEMENT_3D ( 'NONE', #910, #2378, #1537 ) ;
#938 = CARTESIAN_POINT ( 'NONE',  ( -1.277664882511115652, 0.4000000000000000222, -1.113395629315237834 ) ) ;
#939 = CARTESIAN_POINT ( 'NONE',  ( -1.328952549953086315, 0.4000000000000000222, -1.104031990400327068 ) ) ;
#940 = VERTEX_POINT ( 'NONE', #2328 ) ;
#941 = CARTESIAN_POINT ( 'NONE',  ( 0.2729052283002285084, 0.4000000000000000222, -0.1276755592543554751 ) ) ;
#942 = EDGE_CURVE ( 'NONE', #1636, #382, #391, .T. ) ;
#943 = CARTESIAN_POINT ( 'NONE',  ( 0.7166165362581613518, 0.4000000000000000222, -1.844185545293303585 ) ) ;
#944 = AXIS2_PLACEMENT_3D ( 'NONE', #2369, #1317, #268 ) ;
#945 = CARTESIAN_POINT ( 'NONE',  ( -1.247955441942401711, 0.000000000000000000, 0.2339202382206132524 ) ) ;
#946 = CARTESIAN_POINT ( 'NONE',  ( -0.4169851116105620648, 0.4000000000000000222, 0.04792687908496692795 ) ) ;
#947 = ORIENTED_EDGE ( 'NONE', *, *, #1828, .T. ) ;
#948 = CARTESIAN_POINT ( 'NONE',  ( 1.055190007189203083, 0.4000000000000000222, 2.350926616873618258 ) ) ;
#949 = PLANE ( 'NONE',  #1871 ) ;
#950 = CARTESIAN_POINT ( 'NONE',  ( 0.04736088122144113677, -0.000000000000000000, 0.6869582580727755516 ) ) ;
#951 = CARTESIAN_POINT ( 'NONE',  ( -1.027963296728195974, 0.000000000000000000, 2.351844618055555003 ) ) ;
#952 = CIRCLE ( 'NONE', #2042, 4.349999999999999645 ) ;
#953 = CARTESIAN_POINT ( 'NONE',  ( -0.2819899315927542061, 0.000000000000000000, -2.063997714971405273 ) ) ;
#954 = CARTESIAN_POINT ( 'NONE',  ( 1.439948586856617530, 0.000000000000000000, -0.5790507347755186052 ) ) ;
#955 = CARTESIAN_POINT ( 'NONE',  ( -1.314380114619044138, 0.4000000000000000222, -1.106692493975250713 ) ) ;
#956 = CARTESIAN_POINT ( 'NONE',  ( -1.314380114619044138, 0.4000000000000000222, -1.106692493975250713 ) ) ;
#957 = ORIENTED_EDGE ( 'NONE', *, *, #2182, .F. ) ;
#958 = CARTESIAN_POINT ( 'NONE',  ( 0.4695635321099979609, 0.4000000000000000222, -0.4820344490799955972 ) ) ;
#959 = CARTESIAN_POINT ( 'NONE',  ( -1.435474416481652193, 0.4000000000000000222, -1.292072512818564389 ) ) ;
#960 = ADVANCED_FACE ( 'NONE', ( #81 ), #172, .F. ) ;
#961 = EDGE_LOOP ( 'NONE', ( #782, #2702, #2231, #994 ) ) ;
#962 = CARTESIAN_POINT ( 'NONE',  ( -0.3028741982520095077, 0.000000000000000000, 0.04604644611007761845 ) ) ;
#963 = FACE_OUTER_BOUND ( 'NONE', #205, .T. ) ;
#964 = B_SPLINE_CURVE_WITH_KNOTS ( 'NONE', 3,
 ( #278, #733, #2653, #1367, #91, #314, #65, #2376, #478, #1758, #2614 ),
 .UNSPECIFIED., .F., .F.,
 ( 4, 1, 1, 1, 1, 1, 1, 1, 4 ),
 ( 0.000000000000000000, 0.1338109135970822205, 0.2496755714262058334, 0.3545325358231947721, 0.4491511402244596773, 0.5529533909819657200, 0.6749251856205606970, 0.8247214487060134935, 1.000000000000000000 ),
 .UNSPECIFIED. ) ;
#965 = CARTESIAN_POINT ( 'NONE',  ( -1.111118239484212733, 0.000000000000000000, 0.009259711502909712469 ) ) ;
#966 = PLANE ( 'NONE',  #2365 ) ;
#967 = CARTESIAN_POINT ( 'NONE',  ( -0.3483568364702203657, -0.000000000000000000, -2.062827871151883929 ) ) ;
#968 = CARTESIAN_POINT ( 'NONE',  ( -1.037695886607396423, 0.4000000000000000222, -1.236395845463457155 ) ) ;
#969 = ORIENTED_EDGE ( 'NONE', *, *, #2586, .F. ) ;
#970 = CARTESIAN_POINT ( 'NONE',  ( 0.2476125408753972745, 0.000000000000000000, -1.189342020755253637 ) ) ;
#971 = CARTESIAN_POINT ( 'NONE',  ( -1.414098249916768468, -1.084202172485504434E-16, -1.182479098156637098 ) ) ;
#972 = CARTESIAN_POINT ( 'NONE',  ( 0.3669165962275048321, 0.4000000000000000222, -0.2258280920905098577 ) ) ;
#973 = VERTEX_POINT ( 'NONE', #1940 ) ;
#974 = CARTESIAN_POINT ( 'NONE',  ( 0.4794129848490676915, -0.000000000000000000, -0.6093623996183051839 ) ) ;
#975 = CARTESIAN_POINT ( 'NONE',  ( 5.327213576290986242E-16, 23.00000000000000000, 4.349999999999999645 ) ) ;
#976 = VECTOR ( 'NONE', #96, 1000.000000000000000 ) ;
#977 = EDGE_CURVE ( 'NONE', #940, #1203, #1039, .T. ) ;
#978 = CARTESIAN_POINT ( 'NONE',  ( -1.277664882511115652, 0.000000000000000000, -1.113395629315237834 ) ) ;
#979 = CARTESIAN_POINT ( 'NONE',  ( -0.5883514775486594628, 0.4000000000000000222, -1.351644762751338158 ) ) ;
#980 = EDGE_LOOP ( 'NONE', ( #332, #2685, #2205, #526, #1706, #969, #1320, #240, #2280, #926, #930, #1232, #129, #2649, #2154, #1626, #2728 ) ) ;
#981 = CARTESIAN_POINT ( 'NONE',  ( -0.3799864326427184191, 0.4000000000000000222, -1.360022850285947715 ) ) ;
#982 = CARTESIAN_POINT ( 'NONE',  ( 1.131333877481113026, 0.000000000000000000, 2.304065642525505719 ) ) ;
#983 = LINE ( 'NONE', #2428, #1224 ) ;
#984 = ORIENTED_EDGE ( 'NONE', *, *, #288, .T. ) ;
#985 = DIRECTION ( 'NONE',  ( -0.000000000000000000, -1.000000000000000000, -0.000000000000000000 ) ) ;
#986 = B_SPLINE_CURVE_WITH_KNOTS ( 'NONE', 3,
 ( #893, #909, #1744, #262, #1935, #1712, #1088, #2159, #229, #1502, #1325 ),
 .UNSPECIFIED., .F., .F.,
 ( 4, 1, 1, 1, 1, 1, 1, 1, 4 ),
 ( 0.000000000000000000, 0.1338109135970822205, 0.2496755714262058334, 0.3545325358231947721, 0.4491511402244596773, 0.5529533909819657200, 0.6749251856205606970, 0.8247214487060134935, 1.000000000000000000 ),
 .UNSPECIFIED. ) ;
#987 = CARTESIAN_POINT ( 'NONE',  ( -1.414098249916768468, 0.4000000000000000222, -1.182479098156637098 ) ) ;
#988 = DIRECTION ( 'NONE',  ( 0.000000000000000000, -1.000000000000000000, 0.000000000000000000 ) ) ;
#989 = EDGE_CURVE ( 'NONE', #625, #2019, #2605, .T. ) ;
#990 = CARTESIAN_POINT ( 'NONE',  ( -1.236732111800200373, 0.4000000000000000222, 2.214876364216857407 ) ) ;
#991 = ORIENTED_EDGE ( 'NONE', *, *, #1813, .F. ) ;
#992 = CARTESIAN_POINT ( 'NONE',  ( 1.346679340680902559, 0.000000000000000000, -0.03184324285252575909 ) ) ;
#993 = CARTESIAN_POINT ( 'NONE',  ( 1.183468775929148009, 0.000000000000000000, 2.063693255299706042 ) ) ;
#994 = ORIENTED_EDGE ( 'NONE', *, *, #1740, .T. ) ;
#995 = CARTESIAN_POINT ( 'NONE',  ( -1.278293623812788216, 0.4000000000000000222, -1.892493495253110281 ) ) ;
#996 = CARTESIAN_POINT ( 'NONE',  ( -0.4867306414422888916, 0.000000000000000000, -1.357822159262515038 ) ) ;
#997 = CARTESIAN_POINT ( 'NONE',  ( -0.1949314738977100392, 0.4000000000000000222, 0.03854867855827060624 ) ) ;
#998 = CARTESIAN_POINT ( 'NONE',  ( -1.247955441942401711, 0.4000000000000000222, 2.102853508244931557 ) ) ;
#999 = CARTESIAN_POINT ( 'NONE',  ( -1.079383337265433340, 0.4000000000000000222, 2.349443273945992949 ) ) ;
#1000 = MECHANICAL_DESIGN_GEOMETRIC_PRESENTATION_REPRESENTATION (  '', ( #1849 ), #2068 ) ;
#1001 = CARTESIAN_POINT ( 'NONE',  ( -0.05367092498090912656, 0.4000000000000000222, -1.329255576571228614 ) ) ;
#1002 = CARTESIAN_POINT ( 'NONE',  ( -1.083020530736518827, 0.4000000000000000222, 0.008392877504424758883 ) ) ;
#1003 = ADVANCED_FACE ( 'NONE', ( #12 ), #711, .T. ) ;
#1004 = EDGE_CURVE ( 'NONE', #1453, #2456, #2332, .T. ) ;
#1005 = LINE ( 'NONE', #1253, #783 ) ;
#1006 = ORIENTED_EDGE ( 'NONE', *, *, #1608, .T. ) ;
#1007 = FACE_OUTER_BOUND ( 'NONE', #2668, .T. ) ;
#1008 = LINE ( 'NONE', #1616, #2449 ) ;
#1009 = CARTESIAN_POINT ( 'NONE',  ( -0.3799864326427184191, 0.4000000000000000222, -1.360022850285947715 ) ) ;
#1010 = LINE ( 'NONE', #1862, #1518 ) ;
#1011 = CARTESIAN_POINT ( 'NONE',  ( -1.328952549953086315, 0.4000000000000000222, -1.104031990400327068 ) ) ;
#1012 = B_SPLINE_CURVE_WITH_KNOTS ( 'NONE', 3,
 ( #598, #2715, #2080, #411, #1664, #1675, #2520, #1914, #1021, #1438, #1064 ),
 .UNSPECIFIED., .F., .F.,
 ( 4, 1, 1, 1, 1, 1, 1, 1, 4 ),
 ( 0.000000000000000000, 0.2278627500649795801, 0.4154437655687070463, 0.5715174470384146721, 0.6949499522240210059, 0.7957215748553370105, 0.8712340353797133341, 0.9359155541655415078, 1.000000000000000000 ),
 .UNSPECIFIED. ) ;
#1013 = CARTESIAN_POINT ( 'NONE',  ( -0.4799828622855391025, 0.000000000000000000, 1.583872038398692172 ) ) ;
#1014 = CARTESIAN_POINT ( 'NONE',  ( 1.388761263480374986, 0.4000000000000000222, -0.1551485794000155016 ) ) ;
#1015 = DIRECTION ( 'NONE',  ( -0.000000000000000000, -1.000000000000000000, -0.000000000000000000 ) ) ;
#1016 = CARTESIAN_POINT ( 'NONE',  ( -0.005965991870497382860, 0.000000000000000000, 0.005981896194280635418 ) ) ;
#1017 = ORIENTED_EDGE ( 'NONE', *, *, #1018, .T. ) ;
#1018 = EDGE_CURVE ( 'NONE', #2169, #491, #853, .T. ) ;
#1019 = CARTESIAN_POINT ( 'NONE',  ( -1.123968138826837437, 0.4000000000000000222, -1.947577220031924350 ) ) ;
#1020 = CARTESIAN_POINT ( 'NONE',  ( -1.314380114619044138, 0.000000000000000000, -1.106692493975250713 ) ) ;
#1021 = CARTESIAN_POINT ( 'NONE',  ( -1.354577757578232067, 0.4000000000000000222, -1.106070399510945546 ) ) ;
#1022 = EDGE_LOOP ( 'NONE', ( #1808, #884, #749, #56 ) ) ;
#1023 = DIRECTION ( 'NONE',  ( 0.000000000000000000, 0.000000000000000000, 1.000000000000000000 ) ) ;
#1024 = CARTESIAN_POINT ( 'NONE',  ( -1.246941268628276367, -5.421010862427522170E-17, 2.161977120088527826 ) ) ;
#1025 = CARTESIAN_POINT ( 'NONE',  ( -0.9119053798167283675, 0.4000000000000000222, -1.281593662860509797 ) ) ;
#1026 = VECTOR ( 'NONE', #2094, 1000.000000000000000 ) ;
#1027 = DIRECTION ( 'NONE',  ( -0.000000000000000000, 0.000000000000000000, -1.000000000000000000 ) ) ;
#1028 = CARTESIAN_POINT ( 'NONE',  ( -0.3178803195302268847, 0.4000000000000000222, -1.358275737286072316 ) ) ;
#1029 = CARTESIAN_POINT ( 'NONE',  ( 1.150121645516674063, 0.000000000000000000, 2.263110253584544651 ) ) ;
#1030 = B_SPLINE_SURFACE_WITH_KNOTS ( 'NONE', 3, 1, ( 
 ( #1719, #270 ),
 ( #2532, #2167 ),
 ( #255, #1957 ),
 ( #2565, #669 ),
 ( #1096, #1944 ),
 ( #1510, #886 ),
 ( #1526, #1736 ),
 ( #2133, #1318 ),
 ( #635, #840 ),
 ( #1913, #2579 ),
 ( #855, #2370 ),
 ( #471, #440 ),
 ( #1703, #58 ),
 ( #651, #1493 ),
 ( #1283, #1080 ),
 ( #1560, #1587 ),
 ( #1180, #337 ),
 ( #2018, #2401 ),
 ( #1810, #86 ) ),
 .UNSPECIFIED., .F., .F., .F.,
 ( 4, 1, 1, 1, 1, 1, 1, 1, 1, 1, 1, 1, 1, 1, 1, 1, 4 ),
 ( 2, 2 ),
 ( 0.000000000000000000, 0.07710240741114715579, 0.1503867858756681719, 0.2193616382886609262, 0.2852824920776791395, 0.3481680369406243147, 0.4079511667121843432, 0.4660602653797479844, 0.5219752895218560118, 0.5771244849844293645, 0.6319635961168931226, 0.6878916360771109018, 0.7448093034803578982, 0.8040806283300560020, 0.8658113544318024601, 0.9310854745784004072, 1.000000000000000000 ),
 ( 0.000000000000000000, 1.000000000000000000 ),
 .UNSPECIFIED. ) ;
#1031 = CARTESIAN_POINT ( 'NONE',  ( -1.027963296728195974, 0.4000000000000000222, 2.351844618055555003 ) ) ;
#1032 = ORIENTED_EDGE ( 'NONE', *, *, #1416, .T. ) ;
#1033 = AXIS2_PLACEMENT_3D ( 'NONE', #207, #2533, #1270 ) ;
#1034 = CARTESIAN_POINT ( 'NONE',  ( -0.2819899315927542061, 0.000000000000000000, -2.063997714971405273 ) ) ;
#1035 = EDGE_CURVE ( 'NONE', #340, #1585, #2411, .T. ) ;
#1036 = CARTESIAN_POINT ( 'NONE',  ( 6.184466335694133068E-16, 20.00000000000000000, 5.049999999999999822 ) ) ;
#1037 = CARTESIAN_POINT ( 'NONE',  ( -1.278293623812788216, 0.000000000000000000, -1.892493495253110281 ) ) ;
#1038 = ORIENTED_EDGE ( 'NONE', *, *, #1997, .F. ) ;
#1039 = B_SPLINE_CURVE_WITH_KNOTS ( 'NONE', 3,
 ( #2131, #235, #2562, #1078, #1541, #2383, #1925, #41, #266, #27, #1716, #2178, #484, #681, #1107, #1954, #1765, #1329, #282 ),
 .UNSPECIFIED., .F., .F.,
 ( 4, 1, 1, 1, 1, 1, 1, 1, 1, 1, 1, 1, 1, 1, 1, 1, 4 ),
 ( 0.000000000000000000, 0.06192174646320765946, 0.1203487945143631721, 0.1758886205876626085, 0.2296995808163501684, 0.2826418874001434545, 0.3337207366340240733, 0.3859118890175427530, 0.4384628861662888677, 0.4932271070379967703, 0.5513770291882420516, 0.6124230311764599088, 0.6779909905287060390, 0.7491383699953314546, 0.8257088022718023224, 0.9094733098359435441, 1.000000000000000000 ),
 .UNSPECIFIED. ) ;
#1040 = CARTESIAN_POINT ( 'NONE',  ( -1.247955441942401711, 0.000000000000000000, 0.2339202382206132524 ) ) ;
#1041 = EDGE_CURVE ( 'NONE', #1824, #2090, #2375, .T. ) ;
#1042 = CARTESIAN_POINT ( 'NONE',  ( -0.09520692039594712275, 0.000000000000000000, -2.060989848562855276 ) ) ;
#1043 = CARTESIAN_POINT ( 'NONE',  ( -1.439948586856617530, 0.000000000000000000, -1.452019565557343128 ) ) ;
#1044 = CARTESIAN_POINT ( 'NONE',  ( -1.221311877350775399, 0.4000000000000000222, 2.259127894737020359 ) ) ;
#1045 = CARTESIAN_POINT ( 'NONE',  ( 1.131333877481113026, 0.000000000000000000, 2.304065642525505719 ) ) ;
#1046 = CARTESIAN_POINT ( 'NONE',  ( 1.132612222574930216, 0.000000000000000000, 1.636851912259617015 ) ) ;
#1047 = CARTESIAN_POINT ( 'NONE',  ( -0.09615893481445500490, 0.4000000000000000222, 0.02419082877157912106 ) ) ;
#1048 = ORIENTED_EDGE ( 'NONE', *, *, #377, .F. ) ;
#1049 = PLANE ( 'NONE',  #593 ) ;
#1050 = DIRECTION ( 'NONE',  ( 0.000000000000000000, 0.000000000000000000, 1.000000000000000000 ) ) ;
#1051 = ORIENTED_EDGE ( 'NONE', *, *, #731, .T. ) ;
#1052 = CARTESIAN_POINT ( 'NONE',  ( 1.150121645516674063, 0.000000000000000000, 2.263110253584544651 ) ) ;
#1053 = CARTESIAN_POINT ( 'NONE',  ( -1.197941012570358010, 0.4000000000000000222, 2.294775721742916552 ) ) ;
#1054 = CARTESIAN_POINT ( 'NONE',  ( 1.076261774804988525, 0.000000000000000000, 2.349035220842855765 ) ) ;
#1055 = ADVANCED_FACE ( 'NONE', ( #1162 ), #462, .F. ) ;
#1056 = B_SPLINE_SURFACE_WITH_KNOTS ( 'NONE', 3, 1, ( 
 ( #2023, #1336 ),
 ( #732, #2612 ),
 ( #1578, #120 ),
 ( #1364, #932 ),
 ( #1129, #1785 ),
 ( #1756, #289 ),
 ( #76, #493 ) ),
 .UNSPECIFIED., .F., .F., .F.,
 ( 4, 1, 1, 1, 4 ),
 ( 2, 2 ),
 ( 0.000000000000000000, 0.2470226549002673966, 0.4890366114064085279, 0.7392319736313518463, 0.9999999999999998890 ),
 ( 0.000000000000000000, 1.000000000000000000 ),
 .UNSPECIFIED. ) ;
#1057 = CARTESIAN_POINT ( 'NONE',  ( -0.4413465930850527519, -0.000000000000000000, 0.6719182230060714023 ) ) ;
#1058 = DIRECTION ( 'NONE',  ( 0.000000000000000000, 0.000000000000000000, 1.000000000000000000 ) ) ;
#1059 = CARTESIAN_POINT ( 'NONE',  ( -0.6817409994572374288, 0.000000000000000000, -1.338209641255999616 ) ) ;
#1060 = CARTESIAN_POINT ( 'NONE',  ( 1.176380949153819522, 0.4000000000000000222, 1.800537041225318768 ) ) ;
#1061 = CARTESIAN_POINT ( 'NONE',  ( -1.439629456384841300, 0.4000000000000000222, -1.479681350502807247 ) ) ;
#1062 = DIRECTION ( 'NONE',  ( 0.000000000000000000, 0.000000000000000000, 1.000000000000000000 ) ) ;
#1063 = CARTESIAN_POINT ( 'NONE',  ( -1.247955441942401711, 0.4000000000000000222, 0.2339202382206132524 ) ) ;
#1064 = CARTESIAN_POINT ( 'NONE',  ( -1.328952549953086315, 0.4000000000000000222, -1.104031990400327068 ) ) ;
#1065 = ORIENTED_EDGE ( 'NONE', *, *, #1295, .F. ) ;
#1066 = CARTESIAN_POINT ( 'NONE',  ( 1.076261774804988525, 0.000000000000000000, 2.349035220842855765 ) ) ;
#1067 = VECTOR ( 'NONE', #1307, 1000.000000000000000 ) ;
#1068 = CARTESIAN_POINT ( 'NONE',  ( 0.1235763555961989640, 0.4000000000000000222, -1.268409695981870033 ) ) ;
#1069 = DIRECTION ( 'NONE',  ( 1.000000000000000000, 0.000000000000000000, 0.000000000000000000 ) ) ;
#1070 = CARTESIAN_POINT ( 'NONE',  ( 1.346679340680902559, 0.000000000000000000, -0.03184324285252575909 ) ) ;
#1071 = VECTOR ( 'NONE', #2602, 1000.000000000000000 ) ;
#1072 = EDGE_CURVE ( 'NONE', #382, #1636, #907, .T. ) ;
#1073 = CARTESIAN_POINT ( 'NONE',  ( 1.168775155160074464, 0.4000000000000000222, -1.463629965350327744 ) ) ;
#1074 = CARTESIAN_POINT ( 'NONE',  ( 1.055190007189203083, 0.4000000000000000222, 2.350926616873618258 ) ) ;
#1075 = B_SPLINE_CURVE_WITH_KNOTS ( 'NONE', 3,
 ( #1428, #1617, #978, #2460, #1837, #2285, #1827, #2665, #2251, #156, #2703, #1417, #2262 ),
 .UNSPECIFIED., .F., .F.,
 ( 4, 1, 1, 1, 1, 1, 1, 1, 1, 1, 4 ),
 ( 0.000000000000000000, 0.04440116609463947567, 0.1118686809485512496, 0.2027427457445154235, 0.3152785245669230130, 0.4501835653801198878, 0.6058794642477436376, 0.6930609070005437911, 0.7875047180595161622, 0.8903321362627725222, 1.000000000000000000 ),
 .UNSPECIFIED. ) ;
#1076 = CARTESIAN_POINT ( 'NONE',  ( -1.247226500219700274, 0.4000000000000000222, 0.2142525298720908133 ) ) ;
#1077 = FACE_OUTER_BOUND ( 'NONE', #1093, .T. ) ;
#1078 = CARTESIAN_POINT ( 'NONE',  ( 0.4695635321099979609, 0.000000000000000000, -0.4820344490799955972 ) ) ;
#1079 = ORIENTED_EDGE ( 'NONE', *, *, #447, .F. ) ;
#1080 = CARTESIAN_POINT ( 'NONE',  ( 1.388761263480374986, 0.000000000000000000, -0.1551485794000155016 ) ) ;
#1081 = B_SPLINE_SURFACE_WITH_KNOTS ( 'NONE', 3, 1, ( 
 ( #2044, #1635 ),
 ( #775, #1625 ),
 ( #2466, #566 ),
 ( #529, #1202 ),
 ( #117, #2648 ),
 ( #1375, #2235 ),
 ( #151, #339 ),
 ( #972, #2476 ),
 ( #578, #1823 ),
 ( #2661, #1897 ),
 ( #2696, #2545 ),
 ( #2117, #1266 ),
 ( #204, #592 ),
 ( #2737, #1016 ),
 ( #1047, #1434 ),
 ( #647, #370 ),
 ( #2303, #838 ),
 ( #1686, #797 ),
 ( #177, #2103 ) ),
 .UNSPECIFIED., .F., .F., .F.,
 ( 4, 1, 1, 1, 1, 1, 1, 1, 1, 1, 1, 1, 1, 1, 1, 1, 4 ),
 ( 2, 2 ),
 ( 0.000000000000000000, 0.06192174646320765946, 0.1203487945143631721, 0.1758886205876626085, 0.2296995808163501684, 0.2826418874001434545, 0.3337207366340240733, 0.3859118890175427530, 0.4384628861662888677, 0.4932271070379967703, 0.5513770291882420516, 0.6124230311764599088, 0.6779909905287060390, 0.7491383699953314546, 0.8257088022718023224, 0.9094733098359435441, 1.000000000000000000 ),
 ( 0.000000000000000000, 1.000000000000000000 ),
 .UNSPECIFIED. ) ;
#1082 = CARTESIAN_POINT ( 'NONE',  ( -0.1303324282777587051, 0.4000000000000000222, 0.6869832885962932068 ) ) ;
#1083 = ORIENTED_EDGE ( 'NONE', *, *, #430, .F. ) ;
#1084 = CARTESIAN_POINT ( 'NONE',  ( 1.183957726970996660, 0.4000000000000000222, 1.972858149709264097 ) ) ;
#1085 = DIRECTION ( 'NONE',  ( 0.000000000000000000, -1.000000000000000000, 0.000000000000000000 ) ) ;
#1086 = CARTESIAN_POINT ( 'NONE',  ( -2.565151067676131547, 20.00000000000000000, 1.649999999999999911 ) ) ;
#1087 = LINE ( 'NONE', #2359, #1688 ) ;
#1088 = CARTESIAN_POINT ( 'NONE',  ( -1.226922392080145974, 0.4000000000000000222, 0.08736376679943498591 ) ) ;
#1089 = CARTESIAN_POINT ( 'NONE',  ( 0.3010759788225487732, 0.4000000000000000222, -1.141322813040843043 ) ) ;
#1090 = CARTESIAN_POINT ( 'NONE',  ( 1.026796304516508052, 0.4000000000000000222, 0.3946330581267017412 ) ) ;
#1091 = CARTESIAN_POINT ( 'NONE',  ( 1.438859316988277515, 0.4000000000000000222, -0.5286629039060950497 ) ) ;
#1092 = CARTESIAN_POINT ( 'NONE',  ( -1.438004466498163492, 0.4000000000000000222, -1.602800040900503653 ) ) ;
#1093 = EDGE_LOOP ( 'NONE', ( #2179, #1330, #1562, #2534 ) ) ;
#1094 = CARTESIAN_POINT ( 'NONE',  ( 1.058560375976348444, 0.4000000000000000222, 1.585058306594328226 ) ) ;
#1095 = EDGE_CURVE ( 'NONE', #1228, #2104, #124, .T. ) ;
#1096 = CARTESIAN_POINT ( 'NONE',  ( 0.4671804990632407728, 0.4000000000000000222, 0.6441881245754571550 ) ) ;
#1097 = CARTESIAN_POINT ( 'NONE',  ( -0.2819899315927542061, 0.000000000000000000, -2.063997714971405273 ) ) ;
#1098 = ORIENTED_EDGE ( 'NONE', *, *, #1828, .F. ) ;
#1099 = CARTESIAN_POINT ( 'NONE',  ( -0.09520692039594712275, 0.000000000000000000, -2.060989848562855276 ) ) ;
#1100 = CARTESIAN_POINT ( 'NONE',  ( 1.176134645459914196, 0.000000000000000000, 2.144447295916679597 ) ) ;
#1101 = CARTESIAN_POINT ( 'NONE',  ( 0.4777294008000858017, 0.4000000000000000222, -0.7257034415549945550 ) ) ;
#1102 = CARTESIAN_POINT ( 'NONE',  ( -1.019577938762752822, 0.4000000000000000222, 0.008821698906628904976 ) ) ;
#1103 = CARTESIAN_POINT ( 'NONE',  ( -1.221311877350775399, 0.4000000000000000222, 2.259127894737020359 ) ) ;
#1104 = DIRECTION ( 'NONE',  ( 0.000000000000000000, -1.000000000000000000, 0.000000000000000000 ) ) ;
#1105 = CARTESIAN_POINT ( 'NONE',  ( -1.438376195047441186, 0.000000000000000000, -1.367329788436739024 ) ) ;
#1106 = CARTESIAN_POINT ( 'NONE',  ( -1.439948586856617530, 0.4000000000000000222, -1.452019565557343128 ) ) ;
#1107 = CARTESIAN_POINT ( 'NONE',  ( -0.09615893481445500490, 0.000000000000000000, 0.02419082877157912106 ) ) ;
#1108 = ORIENTED_EDGE ( 'NONE', *, *, #1147, .T. ) ;
#1109 = CARTESIAN_POINT ( 'NONE',  ( -1.067961868585324492, 0.4000000000000000222, 0.007928307227838583826 ) ) ;
#1110 = FACE_OUTER_BOUND ( 'NONE', #762, .T. ) ;
#1111 = EDGE_CURVE ( 'NONE', #2462, #506, #111, .T. ) ;
#1112 = CARTESIAN_POINT ( 'NONE',  ( -0.2189397291078156171, -0.000000000000000000, -2.062982383946963427 ) ) ;
#1113 = VERTEX_POINT ( 'NONE', #318 ) ;
#1114 = CARTESIAN_POINT ( 'NONE',  ( 1.108692381320709242, 0.000000000000000000, 1.606959558563933133 ) ) ;
#1115 = CARTESIAN_POINT ( 'NONE',  ( -1.328952549953086315, -1.084202172485504434E-16, -1.104031990400327068 ) ) ;
#1116 = CARTESIAN_POINT ( 'NONE',  ( -0.4787026817218706376, -0.000000000000000000, 0.04721066278136827610 ) ) ;
#1117 = CARTESIAN_POINT ( 'NONE',  ( -1.083020530736518827, -0.000000000000000000, 0.008392877504424758883 ) ) ;
#1118 = CARTESIAN_POINT ( 'NONE',  ( 1.438393196965378262, 0.4000000000000000222, -0.6361256973534341608 ) ) ;
#1119 = CARTESIAN_POINT ( 'NONE',  ( -0.05367092498090912656, -5.421010862427522170E-17, -1.329255576571228614 ) ) ;
#1120 = B_SPLINE_CURVE_WITH_KNOTS ( 'NONE', 3,
 ( #1519, #878, #2343, #2360, #1103, #1950, #37, #417, #2558, #2587, #1696 ),
 .UNSPECIFIED., .F., .F.,
 ( 4, 1, 1, 1, 1, 1, 1, 1, 4 ),
 ( 0.000000000000000000, 0.1613810746840897425, 0.2990519594130366388, 0.4183351230022069323, 0.5250569008281217309, 0.6265854126764042187, 0.7393734159551941243, 0.8592219057615544386, 0.9999999999999998890 ),
 .UNSPECIFIED. ) ;
#1121 = CARTESIAN_POINT ( 'NONE',  ( 1.418518228835005335, 0.4000000000000000222, -0.2882346421359870958 ) ) ;
#1122 = CARTESIAN_POINT ( 'NONE',  ( -0.4776493419914117911, 0.4000000000000000222, -2.060548843091532412 ) ) ;
#1123 = VERTEX_POINT ( 'NONE', #525 ) ;
#1124 = CARTESIAN_POINT ( 'NONE',  ( 0.4799828622855393245, 0.000000000000000000, -0.6360486996719262320 ) ) ;
#1125 = CARTESIAN_POINT ( 'NONE',  ( -1.337467840255959439, -1.084202172485504434E-16, -1.104709356437193701 ) ) ;
#1126 = CARTESIAN_POINT ( 'NONE',  ( -0.9924338463174284808, 0.4000000000000000222, -1.984355764559102342 ) ) ;
#1127 = ORIENTED_EDGE ( 'NONE', *, *, #2418, .F. ) ;
#1128 = CARTESIAN_POINT ( 'NONE',  ( 0.7166165362581613518, 0.4000000000000000222, -1.844185545293303585 ) ) ;
#1129 = CARTESIAN_POINT ( 'NONE',  ( -0.1303324282777587051, 0.4000000000000000222, 0.6869832885962932068 ) ) ;
#1130 = CARTESIAN_POINT ( 'NONE',  ( 0.6074803189997154407, 0.000000000000000000, 0.6086226621750586707 ) ) ;
#1131 = EDGE_CURVE ( 'NONE', #1439, #2412, #1255, .T. ) ;
#1132 = CARTESIAN_POINT ( 'NONE',  ( 0.4794129848490676915, 0.000000000000000000, -0.6093623996183051839 ) ) ;
#1133 = CARTESIAN_POINT ( 'NONE',  ( 0.2579105973405547148, 0.4000000000000000222, -2.010815217650203657 ) ) ;
#1134 = CARTESIAN_POINT ( 'NONE',  ( 0.2476125408753972745, -5.421010862427522170E-17, -1.189342020755253637 ) ) ;
#1135 = CARTESIAN_POINT ( 'NONE',  ( -0.005965991870497382860, 0.4000000000000000222, 0.005981896194280635418 ) ) ;
#1136 = CARTESIAN_POINT ( 'NONE',  ( -1.027963296728195974, -5.421010862427522170E-17, 2.351844618055555003 ) ) ;
#1137 = ORIENTED_EDGE ( 'NONE', *, *, #989, .F. ) ;
#1138 = CARTESIAN_POINT ( 'NONE',  ( -0.4169851116105620648, 0.000000000000000000, 0.04792687908496692795 ) ) ;
#1139 = FACE_OUTER_BOUND ( 'NONE', #2045, .T. ) ;
#1140 = CARTESIAN_POINT ( 'NONE',  ( -1.312122515481977114, 0.000000000000000000, -1.875368598061878389 ) ) ;
#1141 = ORIENTED_EDGE ( 'NONE', *, *, #1649, .F. ) ;
#1142 = DIRECTION ( 'NONE',  ( 0.000000000000000000, 0.000000000000000000, 1.000000000000000000 ) ) ;
#1143 = CARTESIAN_POINT ( 'NONE',  ( -1.354577757578232067, -1.084202172485504434E-16, -1.106070399510945546 ) ) ;
#1144 = VECTOR ( 'NONE', #2443, 1000.000000000000000 ) ;
#1145 = CARTESIAN_POINT ( 'NONE',  ( 0.1493990453424103027, 0.000000000000000000, -0.04931746501090474022 ) ) ;
#1147 = EDGE_CURVE ( 'NONE', #1738, #898, #2617, .T. ) ;
#1146 = CARTESIAN_POINT ( 'NONE',  ( 0.08558212190270077235, 0.000000000000000000, -2.041361107357480886 ) ) ;
#1148 = CARTESIAN_POINT ( 'NONE',  ( -0.4163233305853540345, 0.4000000000000000222, -1.359273710955382963 ) ) ;
#1149 = CARTESIAN_POINT ( 'NONE',  ( -0.4867306414422888916, 0.4000000000000000222, -1.357822159262515038 ) ) ;
#1150 = ORIENTED_EDGE ( 'NONE', *, *, #2110, .T. ) ;
#1151 = CARTESIAN_POINT ( 'NONE',  ( 0.4204035565596511148, 0.000000000000000000, -0.9615443644103793819 ) ) ;
#1152 = CARTESIAN_POINT ( 'NONE',  ( 1.168775155160074464, 0.4000000000000000222, -1.463629965350327744 ) ) ;
#1153 = CARTESIAN_POINT ( 'NONE',  ( -1.314380114619044138, 0.4000000000000000222, -1.106692493975250713 ) ) ;
#1154 = ORIENTED_EDGE ( 'NONE', *, *, #709, .F. ) ;
#1155 = CARTESIAN_POINT ( 'NONE',  ( 0.4314323460761125273, 0.000000000000000000, -0.3449003130532533046 ) ) ;
#1156 = FACE_OUTER_BOUND ( 'NONE', #2551, .T. ) ;
#1157 = DIRECTION ( 'NONE',  ( 0.000000000000000000, -1.000000000000000000, 0.000000000000000000 ) ) ;
#1158 = CARTESIAN_POINT ( 'NONE',  ( 0.7166165362581613518, 0.000000000000000000, -1.844185545293303585 ) ) ;
#1159 = CARTESIAN_POINT ( 'NONE',  ( 1.438393196965378262, 0.4000000000000000222, -0.6361256973534341608 ) ) ;
#1160 = ADVANCED_FACE ( 'NONE', ( #539 ), #1472, .T. ) ;
#1161 = LINE ( 'NONE', #524, #498 ) ;
#1162 = FACE_OUTER_BOUND ( 'NONE', #888, .T. ) ;
#1163 = ORIENTED_EDGE ( 'NONE', *, *, #2215, .F. ) ;
#1164 = CARTESIAN_POINT ( 'NONE',  ( 0.07556161281690439158, 0.4000000000000000222, -0.01932537229841123014 ) ) ;
#1165 = CARTESIAN_POINT ( 'NONE',  ( 0.2579105973405547148, 0.4000000000000000222, -2.010815217650203657 ) ) ;
#1166 = VECTOR ( 'NONE', #1504, 1000.000000000000000 ) ;
#1167 = VECTOR ( 'NONE', #1876, 1000.000000000000000 ) ;
#1168 = VERTEX_POINT ( 'NONE', #1985 ) ;
#1169 = CARTESIAN_POINT ( 'NONE',  ( 0.4025385084273851999, 0.000000000000000000, -0.2831287806419268693 ) ) ;
#1170 = CARTESIAN_POINT ( 'NONE',  ( 1.150121645516674063, 0.4000000000000000222, 2.263110253584544651 ) ) ;
#1171 = CARTESIAN_POINT ( 'NONE',  ( 0.07556161281690439158, 0.4000000000000000222, -0.01932537229841123014 ) ) ;
#1172 = VECTOR ( 'NONE', #2608, 1000.000000000000000 ) ;
#1173 = CARTESIAN_POINT ( 'NONE',  ( 1.228161183951024249, 0.4000000000000000222, 0.1864889154479509592 ) ) ;
#1174 = CIRCLE ( 'NONE', #1033, 4.049999999999998046 ) ;
#1175 = LINE ( 'NONE', #2588, #1071 ) ;
#1176 = CARTESIAN_POINT ( 'NONE',  ( -0.6817409994572374288, 0.4000000000000000222, -1.338209641255999616 ) ) ;
#1177 = DIRECTION ( 'NONE',  ( 0.000000000000000000, -1.000000000000000000, 0.000000000000000000 ) ) ;
#1178 = ORIENTED_EDGE ( 'NONE', *, *, #1366, .F. ) ;
#1179 = CARTESIAN_POINT ( 'NONE',  ( 0.05127625478736871217, 0.000000000000000000, -1.296118816148819519 ) ) ;
#1180 = CARTESIAN_POINT ( 'NONE',  ( 1.436738317860785097, 0.4000000000000000222, -0.4305489760204638250 ) ) ;
#1181 = VERTEX_POINT ( 'NONE', #83 ) ;
#1182 = ADVANCED_FACE ( 'NONE', ( #925 ), #2679, .F. ) ;
#1183 = PLANE ( 'NONE',  #2496 ) ;
#1184 = CARTESIAN_POINT ( 'NONE',  ( -0.9119053798167283675, 0.4000000000000000222, -1.281593662860509797 ) ) ;
#1185 = CARTESIAN_POINT ( 'NONE',  ( -1.045997006109599781, -0.000000000000000000, 2.351002433931541624 ) ) ;
#1186 = CARTESIAN_POINT ( 'NONE',  ( 0.8475437187956009755, 0.4000000000000000222, -1.765655744537869332 ) ) ;
#1187 = CARTESIAN_POINT ( 'NONE',  ( -0.9119053798167283675, 0.4000000000000000222, -1.281593662860509797 ) ) ;
#1188 = ORIENTED_EDGE ( 'NONE', *, *, #2074, .F. ) ;
#1189 = CARTESIAN_POINT ( 'NONE',  ( 0.9670404567535788587, 0.000000000000000000, 0.4418186147307928691 ) ) ;
#1190 = CARTESIAN_POINT ( 'NONE',  ( -1.150138262448394677, 0.000000000000000000, 0.01843101909304522418 ) ) ;
#1191 = B_SPLINE_SURFACE_WITH_KNOTS ( 'NONE', 3, 1, ( 
 ( #1506, #2575 ),
 ( #680, #1522 ),
 ( #1540, #1924 ),
 ( #2561, #483 ),
 ( #68, #2616 ),
 ( #722, #2346 ),
 ( #233, #710 ),
 ( #451, #265 ),
 ( #665, #696 ),
 ( #912, #2130 ),
 ( #499, #26 ) ),
 .UNSPECIFIED., .F., .F., .F.,
 ( 4, 1, 1, 1, 1, 1, 1, 1, 4 ),
 ( 2, 2 ),
 ( 0.000000000000000000, 0.1338109135970822205, 0.2496755714262058334, 0.3545325358231947721, 0.4491511402244596773, 0.5529533909819657200, 0.6749251856205606970, 0.8247214487060134935, 1.000000000000000000 ),
 ( 0.000000000000000000, 1.000000000000000000 ),
 .UNSPECIFIED. ) ;
#1192 = DIRECTION ( 'NONE',  ( -0.000000000000000000, -1.000000000000000000, -0.000000000000000000 ) ) ;
#1193 = ORIENTED_EDGE ( 'NONE', *, *, #487, .F. ) ;
#1194 = LINE ( 'NONE', #2046, #2021 ) ;
#1195 = EDGE_CURVE ( 'NONE', #1701, #1955, #1618, .T. ) ;
#1196 = CARTESIAN_POINT ( 'NONE',  ( -1.438376195047441186, 0.4000000000000000222, -1.367329788436739024 ) ) ;
#1197 = CARTESIAN_POINT ( 'NONE',  ( 0.000000000000000000, 2.000000000000000000, 0.000000000000000000 ) ) ;
#1198 = CARTESIAN_POINT ( 'NONE',  ( -0.4169851116105620648, 0.000000000000000000, 0.04792687908496692795 ) ) ;
#1199 = VERTEX_POINT ( 'NONE', #2472 ) ;
#1200 = CARTESIAN_POINT ( 'NONE',  ( 0.05127625478736871217, 0.4000000000000000222, -1.296118816148819519 ) ) ;
#1201 = CARTESIAN_POINT ( 'NONE',  ( -1.067961868585324492, 0.000000000000000000, 0.007928307227838583826 ) ) ;
#1202 = CARTESIAN_POINT ( 'NONE',  ( 0.4695635321099979609, 0.000000000000000000, -0.4820344490799955972 ) ) ;
#1203 = VERTEX_POINT ( 'NONE', #1198 ) ;
#1204 = CARTESIAN_POINT ( 'NONE',  ( -1.278293623812788216, 0.000000000000000000, -1.892493495253110281 ) ) ;
#1205 = VECTOR ( 'NONE', #2312, 1000.000000000000000 ) ;
#1206 = CARTESIAN_POINT ( 'NONE',  ( -0.04999801181359505436, 0.4000000000000000222, 0.6875929107068848856 ) ) ;
#1207 = EDGE_CURVE ( 'NONE', #236, #2169, #1475, .T. ) ;
#1208 = CARTESIAN_POINT ( 'NONE',  ( 0.000000000000000000, 20.00000000000000000, 1.649999999999999911 ) ) ;
#1209 = CARTESIAN_POINT ( 'NONE',  ( -0.4867306414422888916, 0.4000000000000000222, -1.357822159262515038 ) ) ;
#1210 = EDGE_CURVE ( 'NONE', #1636, #724, #2300, .T. ) ;
#1211 = CARTESIAN_POINT ( 'NONE',  ( -1.019577938762752822, 0.4000000000000000222, 0.008821698906628904976 ) ) ;
#1212 = ORIENTED_EDGE ( 'NONE', *, *, #923, .F. ) ;
#1213 = LINE ( 'NONE', #2277, #105 ) ;
#1214 = CARTESIAN_POINT ( 'NONE',  ( -1.414098249916768468, 0.000000000000000000, -1.182479098156637098 ) ) ;
#1215 = DIRECTION ( 'NONE',  ( 0.000000000000000000, 0.000000000000000000, -1.000000000000000000 ) ) ;
#1216 = ORIENTED_EDGE ( 'NONE', *, *, #1667, .T. ) ;
#1217 = CARTESIAN_POINT ( 'NONE',  ( -1.385501075057311127, 0.4000000000000000222, -1.820189227209224381 ) ) ;
#1218 = CARTESIAN_POINT ( 'NONE',  ( -0.4163233305853540345, 0.4000000000000000222, -1.359273710955382963 ) ) ;
#1219 = ORIENTED_EDGE ( 'NONE', *, *, #316, .T. ) ;
#1220 = DIRECTION ( 'NONE',  ( 0.000000000000000000, -0.000000000000000000, -1.000000000000000000 ) ) ;
#1221 = CARTESIAN_POINT ( 'NONE',  ( -0.6817409994572374288, 0.000000000000000000, -1.338209641255999616 ) ) ;
#1222 = EDGE_CURVE ( 'NONE', #1524, #1453, #2108, .T. ) ;
#1223 = CARTESIAN_POINT ( 'NONE',  ( -1.027963296728195974, 0.4000000000000000222, 2.351844618055555003 ) ) ;
#1224 = VECTOR ( 'NONE', #1388, 1000.000000000000000 ) ;
#1225 = CARTESIAN_POINT ( 'NONE',  ( 0.1572910862111071284, 0.4000000000000000222, 0.6851135501775132974 ) ) ;
#1226 = CARTESIAN_POINT ( 'NONE',  ( 1.055190007189203083, -0.000000000000000000, 2.350926616873618258 ) ) ;
#1227 = DIRECTION ( 'NONE',  ( 0.000000000000000000, 0.000000000000000000, -1.000000000000000000 ) ) ;
#1228 = VERTEX_POINT ( 'NONE', #1013 ) ;
#1229 = CARTESIAN_POINT ( 'NONE',  ( -1.363906932439563846, 0.000000000000000000, -1.843835104744938391 ) ) ;
#1230 = CARTESIAN_POINT ( 'NONE',  ( -0.5883514775486594628, 0.000000000000000000, -1.351644762751338158 ) ) ;
#1231 = DIRECTION ( 'NONE',  ( -0.000000000000000000, -1.000000000000000000, -0.000000000000000000 ) ) ;
#1232 = ORIENTED_EDGE ( 'NONE', *, *, #977, .F. ) ;
#1233 = CIRCLE ( 'NONE', #46, 4.349999999999999645 ) ;
#1234 = CARTESIAN_POINT ( 'NONE',  ( -0.4799828622855391025, 0.000000000000000000, 0.6679047428704547595 ) ) ;
#1235 = CARTESIAN_POINT ( 'NONE',  ( -1.247599975745953715, -5.421010862427522170E-17, 2.123576243826304832 ) ) ;
#1236 = CARTESIAN_POINT ( 'NONE',  ( -0.3799864326427184191, 0.4000000000000000222, -1.360022850285947715 ) ) ;
#1237 = CARTESIAN_POINT ( 'NONE',  ( -0.5966688927941965481, 0.4000000000000000222, 0.04584169567052152200 ) ) ;
#1238 = CARTESIAN_POINT ( 'NONE',  ( 1.346679340680902559, 0.4000000000000000222, -0.03184324285252575909 ) ) ;
#1239 = ADVANCED_FACE ( 'NONE', ( #604 ), #2060, .T. ) ;
#1240 = DIRECTION ( 'NONE',  ( 0.000000000000000000, 0.000000000000000000, -1.000000000000000000 ) ) ;
#1241 = CARTESIAN_POINT ( 'NONE',  ( 1.132612222574930216, 0.4000000000000000222, 1.636851912259617015 ) ) ;
#1242 = ORIENTED_EDGE ( 'NONE', *, *, #2182, .T. ) ;
#1243 = CARTESIAN_POINT ( 'NONE',  ( -1.123968138826837437, 0.000000000000000000, -1.947577220031924350 ) ) ;
#1244 = CARTESIAN_POINT ( 'NONE',  ( -0.2819899315927542061, 0.000000000000000000, -2.063997714971405273 ) ) ;
#1245 = CARTESIAN_POINT ( 'NONE',  ( -1.363906932439563846, 0.000000000000000000, -1.843835104744938391 ) ) ;
#1246 = CARTESIAN_POINT ( 'NONE',  ( -1.111118239484212733, 0.000000000000000000, 0.009259711502909712469 ) ) ;
#1247 = CARTESIAN_POINT ( 'NONE',  ( -1.045997006109599781, -5.421010862427522170E-17, 2.351002433931541624 ) ) ;
#1248 = CARTESIAN_POINT ( 'NONE',  ( 1.131333877481113026, 0.000000000000000000, 2.304065642525505719 ) ) ;
#1249 = CIRCLE ( 'NONE', #106, 4.349999999999999645 ) ;
#1250 = FACE_OUTER_BOUND ( 'NONE', #136, .T. ) ;
#1251 = CARTESIAN_POINT ( 'NONE',  ( 1.166544530321070638, 0.000000000000000000, 2.210872955257438655 ) ) ;
#1252 = CARTESIAN_POINT ( 'NONE',  ( 1.439948586856617530, 0.000000000000000000, -0.5790507347755186052 ) ) ;
#1253 = CARTESIAN_POINT ( 'NONE',  ( 0.000000000000000000, 20.00000000000000000, -5.049999999999999822 ) ) ;
#1254 = ORIENTED_EDGE ( 'NONE', *, *, #2482, .F. ) ;
#1255 = CIRCLE ( 'NONE', #692, 5.049999999999999822 ) ;
#1256 = CARTESIAN_POINT ( 'NONE',  ( -0.4776493419914117911, 0.4000000000000000222, -2.060548843091532412 ) ) ;
#1257 = ADVANCED_FACE ( 'NONE', ( #1250 ), #354, .T. ) ;
#1258 = CARTESIAN_POINT ( 'NONE',  ( -1.123968138826837437, 0.000000000000000000, -1.947577220031924350 ) ) ;
#1259 = ORIENTED_EDGE ( 'NONE', *, *, #2288, .F. ) ;
#1260 = CARTESIAN_POINT ( 'NONE',  ( -1.083020530736518827, -0.000000000000000000, 0.008392877504424758883 ) ) ;
#1261 = CARTESIAN_POINT ( 'NONE',  ( 0.05127625478736871217, 0.4000000000000000222, -1.296118816148819519 ) ) ;
#1262 = LINE ( 'NONE', #2524, #1786 ) ;
#1263 = DIRECTION ( 'NONE',  ( 0.000000000000000000, 0.000000000000000000, -1.000000000000000000 ) ) ;
#1264 = CARTESIAN_POINT ( 'NONE',  ( -0.3178803195302268847, 0.4000000000000000222, -1.358275737286072316 ) ) ;
#1265 = CARTESIAN_POINT ( 'NONE',  ( -1.439948586856617530, 0.000000000000000000, -1.452019565557343128 ) ) ;
#1266 = CARTESIAN_POINT ( 'NONE',  ( 0.1493990453424103027, 0.000000000000000000, -0.04931746501090474022 ) ) ;
#1267 = ORIENTED_EDGE ( 'NONE', *, *, #2636, .T. ) ;
#1268 = CARTESIAN_POINT ( 'NONE',  ( 1.058560375976348444, 0.4000000000000000222, 1.585058306594328226 ) ) ;
#1269 = CARTESIAN_POINT ( 'NONE',  ( -1.385501075057311127, 0.000000000000000000, -1.820189227209224381 ) ) ;
#1270 = DIRECTION ( 'NONE',  ( 0.000000000000000000, 0.000000000000000000, 1.000000000000000000 ) ) ;
#1271 = VERTEX_POINT ( 'NONE', #1469 ) ;
#1272 = CARTESIAN_POINT ( 'NONE',  ( 0.08558212190270077235, 0.4000000000000000222, -2.041361107357480886 ) ) ;
#1273 = EDGE_CURVE ( 'NONE', #2169, #2077, #986, .T. ) ;
#1274 = CARTESIAN_POINT ( 'NONE',  ( -1.197941012570358010, 0.000000000000000000, 2.294775721742916552 ) ) ;
#1275 = CARTESIAN_POINT ( 'NONE',  ( 0.1883305849817723254, 0.4000000000000000222, -1.231138855090800011 ) ) ;
#1276 = CARTESIAN_POINT ( 'NONE',  ( 1.183729472495536950, 0.4000000000000000222, 1.941175572023472906 ) ) ;
#1277 = CARTESIAN_POINT ( 'NONE',  ( 1.318915978421096202, 0.000000000000000000, -1.208054895400812345 ) ) ;
#1278 = DIRECTION ( 'NONE',  ( -1.000000000000000000, 0.000000000000000000, -0.000000000000000000 ) ) ;
#1279 = CARTESIAN_POINT ( 'NONE',  ( -1.337467840255959439, -0.000000000000000000, -1.104709356437193701 ) ) ;
#1280 = CARTESIAN_POINT ( 'NONE',  ( 1.436738317860785097, 0.4000000000000000222, -0.4305489760204638250 ) ) ;
#1281 = CARTESIAN_POINT ( 'NONE',  ( 0.4665027956307871149, -5.421010862427522170E-17, -0.8111255698121729862 ) ) ;
#1282 = CARTESIAN_POINT ( 'NONE',  ( 1.151442780573800340, 0.4000000000000000222, 1.678865964479668849 ) ) ;
#1283 = CARTESIAN_POINT ( 'NONE',  ( 1.388761263480374986, 0.4000000000000000222, -0.1551485794000155016 ) ) ;
#1284 = B_SPLINE_CURVE_WITH_KNOTS ( 'NONE', 3,
 ( #916, #1769, #2610, #1319, #2209, #1561, #2580, #1511, #686, #1529, #272, #2402, #505, #87, #2352, #517, #2415, #1112, #1097 ),
 .UNSPECIFIED., .F., .F.,
 ( 4, 1, 1, 1, 1, 1, 1, 1, 1, 1, 1, 1, 1, 1, 1, 1, 4 ),
 ( 0.000000000000000000, 0.06668567623027281399, 0.1304254056694791053, 0.1919321636410383225, 0.2514770662600572804, 0.3096660375387171871, 0.3663878515825531590, 0.4233472701047408249, 0.4803985275882508565, 0.5382855084801243528, 0.5973429329442643265, 0.6585070322163868450, 0.7219747762422163984, 0.7877439247664642652, 0.8554425030463731483, 0.9263382158012243295, 1.000000000000000000 ),
 .UNSPECIFIED. ) ;
#1285 = CARTESIAN_POINT ( 'NONE',  ( -0.2819899315927542061, 0.4000000000000000222, -2.063997714971405273 ) ) ;
#1286 = ORIENTED_EDGE ( 'NONE', *, *, #288, .F. ) ;
#1287 = CARTESIAN_POINT ( 'NONE',  ( 1.079866992665335479, 0.000000000000000000, 1.587443271178232251 ) ) ;
#1288 = CARTESIAN_POINT ( 'NONE',  ( -2.565151067676131547, 1.999999999999998224, 1.649999999999999911 ) ) ;
#1289 = CIRCLE ( 'NONE', #2525, 5.049999999999999822 ) ;
#1290 = CARTESIAN_POINT ( 'NONE',  ( 1.251228015446590902, 0.000000000000000000, -1.341503153997387177 ) ) ;
#1291 = CARTESIAN_POINT ( 'NONE',  ( 1.151442780573800340, 0.4000000000000000222, 1.678865964479668849 ) ) ;
#1292 = CARTESIAN_POINT ( 'NONE',  ( 0.8580397322318509268, 0.000000000000000000, 0.5077100116917139250 ) ) ;
#1293 = AXIS2_PLACEMENT_3D ( 'NONE', #1197, #2049, #1220 ) ;
#1295 = EDGE_CURVE ( 'NONE', #310, #2581, #8, .T. ) ;
#1294 = CARTESIAN_POINT ( 'NONE',  ( 0.9670795134015615080, 0.4000000000000000222, -1.676505713564996780 ) ) ;
#1296 = CARTESIAN_POINT ( 'NONE',  ( -0.4169851116105620648, 0.4000000000000000222, 0.04792687908496692795 ) ) ;
#1297 = CARTESIAN_POINT ( 'NONE',  ( -0.4867306414422888916, 0.000000000000000000, -1.357822159262515038 ) ) ;
#1298 = CARTESIAN_POINT ( 'NONE',  ( 0.9670404567535788587, 0.4000000000000000222, 0.4418186147307928691 ) ) ;
#1299 = CARTESIAN_POINT ( 'NONE',  ( -1.278293623812788216, 0.4000000000000000222, -1.892493495253110281 ) ) ;
#1300 = EDGE_LOOP ( 'NONE', ( #1588, #2001 ) ) ;
#1301 = CARTESIAN_POINT ( 'NONE',  ( 1.151442780573800340, 0.4000000000000000222, 1.678865964479668849 ) ) ;
#1302 = CARTESIAN_POINT ( 'NONE',  ( -1.415744931974540100, 0.000000000000000000, -1.753411740495854909 ) ) ;
#1303 = CARTESIAN_POINT ( 'NONE',  ( -1.439948586856617530, 0.000000000000000000, -1.452019565557343128 ) ) ;
#1304 = ORIENTED_EDGE ( 'NONE', *, *, #673, .T. ) ;
#1305 = SURFACE_STYLE_FILL_AREA ( #2357 ) ;
#1306 = CARTESIAN_POINT ( 'NONE',  ( 0.4204035565596511148, 0.4000000000000000222, -0.9615443644103793819 ) ) ;
#1307 = DIRECTION ( 'NONE',  ( -0.000000000000000000, -1.000000000000000000, -0.000000000000000000 ) ) ;
#1308 = B_SPLINE_CURVE_WITH_KNOTS ( 'NONE', 3,
 ( #2129, #2116, #1714, #53, #203, #2313, #2528, #2560, #1059, #232, #1297, #1521, #631 ),
 .UNSPECIFIED., .F., .F.,
 ( 4, 1, 1, 1, 1, 1, 1, 1, 1, 1, 4 ),
 ( 0.000000000000000000, 0.04440116609463947567, 0.1118686809485512496, 0.2027427457445154235, 0.3152785245669230130, 0.4501835653801198878, 0.6058794642477436376, 0.6930609070005437911, 0.7875047180595161622, 0.8903321362627725222, 1.000000000000000000 ),
 .UNSPECIFIED. ) ;
#1309 = B_SPLINE_CURVE_WITH_KNOTS ( 'NONE', 3,
 ( #642, #1500, #1054, #445, #1248, #2299, #4, #1904, #846, #1893, #831 ),
 .UNSPECIFIED., .F., .F.,
 ( 4, 1, 1, 1, 1, 1, 1, 1, 4 ),
 ( 0.000000000000000000, 0.06924044578327213928, 0.1426589713602619269, 0.2247749432160125460, 0.3245570504637176334, 0.4462440293682085612, 0.5985730100914052887, 0.7813978397191543301, 1.000000000000000000 ),
 .UNSPECIFIED. ) ;
#1310 = FACE_OUTER_BOUND ( 'NONE', #514, .T. ) ;
#1311 = CARTESIAN_POINT ( 'NONE',  ( 1.044962689767475750, 0.4000000000000000222, 2.351844618055555003 ) ) ;
#1312 = CARTESIAN_POINT ( 'NONE',  ( -1.247955441942401711, 0.4000000000000000222, 0.2339202382206132524 ) ) ;
#1313 = EDGE_CURVE ( 'NONE', #738, #1766, #1120, .T. ) ;
#1314 = LINE ( 'NONE', #1764, #384 ) ;
#1315 = CARTESIAN_POINT ( 'NONE',  ( -1.123968138826837437, 0.4000000000000000222, -1.947577220031924350 ) ) ;
#1316 = ORIENTED_EDGE ( 'NONE', *, *, #94, .T. ) ;
#1317 = DIRECTION ( 'NONE',  ( 0.000000000000000000, -1.000000000000000000, 0.000000000000000000 ) ) ;
#1318 = CARTESIAN_POINT ( 'NONE',  ( 0.8580397322318509268, 0.000000000000000000, 0.5077100116917139250 ) ) ;
#1319 = CARTESIAN_POINT ( 'NONE',  ( 1.412109355121003773, 0.000000000000000000, -0.9107249189582751203 ) ) ;
#1320 = ORIENTED_EDGE ( 'NONE', *, *, #1978, .F. ) ;
#1321 = CARTESIAN_POINT ( 'NONE',  ( 1.132612222574930216, 0.000000000000000000, 1.636851912259617015 ) ) ;
#1322 = DIRECTION ( 'NONE',  ( 1.000000000000000000, 0.000000000000000000, -0.000000000000000000 ) ) ;
#1323 = CARTESIAN_POINT ( 'NONE',  ( -0.5966688927941965481, 0.000000000000000000, 0.04584169567052152200 ) ) ;
#1324 = LINE ( 'NONE', #951, #326 ) ;
#1325 = CARTESIAN_POINT ( 'NONE',  ( -1.247955441942401711, 0.4000000000000000222, 0.2339202382206132524 ) ) ;
#1326 = CARTESIAN_POINT ( 'NONE',  ( -0.1984856955786215016, 0.4000000000000000222, -1.354917035716014739 ) ) ;
#1327 = AXIS2_PLACEMENT_3D ( 'NONE', #1090, #1937, #25 ) ;
#1328 = CARTESIAN_POINT ( 'NONE',  ( 1.047962582656760455, 0.000000000000000000, 1.583872038398692172 ) ) ;
#1329 = CARTESIAN_POINT ( 'NONE',  ( -0.3779768581267559657, -0.000000000000000000, 0.04728406233777898704 ) ) ;
#1330 = ORIENTED_EDGE ( 'NONE', *, *, #1035, .F. ) ;
#1331 = CARTESIAN_POINT ( 'NONE',  ( -0.3799864326427184191, 0.000000000000000000, -1.360022850285947715 ) ) ;
#1332 = CARTESIAN_POINT ( 'NONE',  ( -1.439033403155897117, 0.000000000000000000, -1.531346414460372785 ) ) ;
#1333 = CARTESIAN_POINT ( 'NONE',  ( -1.363906932439563846, 0.4000000000000000222, -1.843835104744938391 ) ) ;
#1334 = ORIENTED_EDGE ( 'NONE', *, *, #6, .F. ) ;
#1335 = CARTESIAN_POINT ( 'NONE',  ( -0.2819899315927542061, 0.000000000000000000, -2.063997714971405273 ) ) ;
#1336 = CARTESIAN_POINT ( 'NONE',  ( -0.4799828622855391025, 0.000000000000000000, 0.6679047428704547595 ) ) ;
#1337 = CARTESIAN_POINT ( 'NONE',  ( -0.008999678667853672209, 0.4000000000000000222, 0.6879040287990192404 ) ) ;
#1338 = CARTESIAN_POINT ( 'NONE',  ( -1.226922392080145974, 0.000000000000000000, 0.08736376679943498591 ) ) ;
#1339 = CARTESIAN_POINT ( 'NONE',  ( 0.6074803189997154407, 0.4000000000000000222, 0.6086226621750586707 ) ) ;
#1340 = CARTESIAN_POINT ( 'NONE',  ( 0.05127625478736871217, 0.4000000000000000222, -1.296118816148819519 ) ) ;
#1341 = CARTESIAN_POINT ( 'NONE',  ( 0.4671804990632407728, 0.4000000000000000222, 0.6441881245754571550 ) ) ;
#1342 = CARTESIAN_POINT ( 'NONE',  ( -1.415744931974540100, 0.4000000000000000222, -1.753411740495854909 ) ) ;
#1343 = B_SPLINE_CURVE_WITH_KNOTS ( 'NONE', 3,
 ( #1678, #2097, #2717, #1891, #2156, #1274, #197, #875, #2298, #1725, #2553 ),
 .UNSPECIFIED., .F., .F.,
 ( 4, 1, 1, 1, 1, 1, 1, 1, 4 ),
 ( 0.000000000000000000, 0.1613810746840897425, 0.2990519594130366388, 0.4183351230022069323, 0.5250569008281217309, 0.6265854126764042187, 0.7393734159551941243, 0.8592219057615544386, 0.9999999999999998890 ),
 .UNSPECIFIED. ) ;
#1344 = ORIENTED_EDGE ( 'NONE', *, *, #1890, .F. ) ;
#1345 = CARTESIAN_POINT ( 'NONE',  ( -1.019577938762752822, 0.000000000000000000, 0.008821698906628904976 ) ) ;
#1346 = CARTESIAN_POINT ( 'NONE',  ( -1.435474416481652193, -1.084202172485504434E-16, -1.292072512818564389 ) ) ;
#1347 = CARTESIAN_POINT ( 'NONE',  ( -0.4799828622855391025, 0.4000000000000000222, 0.6679047428704547595 ) ) ;
#1348 = ORIENTED_EDGE ( 'NONE', *, *, #1517, .F. ) ;
#1349 = LINE ( 'NONE', #931, #1527 ) ;
#1350 = ADVANCED_FACE ( 'NONE', ( #2143 ), #693, .F. ) ;
#1351 = CARTESIAN_POINT ( 'NONE',  ( -1.426872986434473578, -1.084202172485504434E-16, -1.231030920226127590 ) ) ;
#1352 = CARTESIAN_POINT ( 'NONE',  ( 1.388761263480374986, 0.000000000000000000, -0.1551485794000155016 ) ) ;
#1353 = CARTESIAN_POINT ( 'NONE',  ( 0.3240857160353843858, 0.000000000000000000, -0.1737728200484391083 ) ) ;
#1354 = CARTESIAN_POINT ( 'NONE',  ( -0.3648574541644944991, 0.4000000000000000222, 0.6798638048647928089 ) ) ;
#1355 = CARTESIAN_POINT ( 'NONE',  ( 0.4483204212902122676, -5.421010862427522170E-17, -0.8899229145148969122 ) ) ;
#1356 = CARTESIAN_POINT ( 'NONE',  ( -1.312122515481977114, 0.000000000000000000, -1.875368598061878389 ) ) ;
#1357 = CARTESIAN_POINT ( 'NONE',  ( -0.4163233305853540345, 0.4000000000000000222, -1.359273710955382963 ) ) ;
#1358 = VERTEX_POINT ( 'NONE', #448 ) ;
#1359 = CARTESIAN_POINT ( 'NONE',  ( -0.05367092498090912656, 0.000000000000000000, -1.329255576571228614 ) ) ;
#1360 = CARTESIAN_POINT ( 'NONE',  ( 1.373272888127306190, 0.4000000000000000222, -1.064316235156247403 ) ) ;
#1361 = CARTESIAN_POINT ( 'NONE',  ( -0.2487200812594669574, 0.4000000000000000222, 0.6857080440154654788 ) ) ;
#1362 = EDGE_LOOP ( 'NONE', ( #1344, #2033, #1885, #112 ) ) ;
#1363 =( LENGTH_UNIT ( ) NAMED_UNIT ( * ) SI_UNIT ( .MILLI., .METRE. ) );
#1364 = CARTESIAN_POINT ( 'NONE',  ( -0.2487200812594669574, 0.4000000000000000222, 0.6857080440154654788 ) ) ;
#1365 = VECTOR ( 'NONE', #128, 1000.000000000000000 ) ;
#1366 = EDGE_CURVE ( 'NONE', #1614, #267, #2733, .T. ) ;
#1367 = CARTESIAN_POINT ( 'NONE',  ( -1.150138262448394677, 0.4000000000000000222, 0.01843101909304522418 ) ) ;
#1368 = PLANE ( 'NONE',  #815 ) ;
#1369 = CARTESIAN_POINT ( 'NONE',  ( 0.4792111209050008425, 0.4000000000000000222, -0.6667526964871793860 ) ) ;
#1370 = FACE_OUTER_BOUND ( 'NONE', #1599, .T. ) ;
#1371 = CARTESIAN_POINT ( 'NONE',  ( -1.221311877350775399, 0.4000000000000000222, 2.259127894737020359 ) ) ;
#1372 = ORIENTED_EDGE ( 'NONE', *, *, #2481, .T. ) ;
#1373 = CARTESIAN_POINT ( 'NONE',  ( 0.1493990453424103027, 0.4000000000000000222, -0.04931746501090474022 ) ) ;
#1374 = PLANE ( 'NONE',  #2145 ) ;
#1375 = CARTESIAN_POINT ( 'NONE',  ( 0.4314323460761125273, 0.4000000000000000222, -0.3449003130532533046 ) ) ;
#1376 = VERTEX_POINT ( 'NONE', #479 ) ;
#1377 = CARTESIAN_POINT ( 'NONE',  ( 0.4531772219950167546, 0.000000000000000000, -0.4115006254630734772 ) ) ;
#1378 = CARTESIAN_POINT ( 'NONE',  ( -1.337467840255959439, -1.084202172485504434E-16, -1.104709356437193701 ) ) ;
#1379 = CARTESIAN_POINT ( 'NONE',  ( 1.064846171945130759, 0.000000000000000000, 0.3658363826781461658 ) ) ;
#1380 = CARTESIAN_POINT ( 'NONE',  ( 0.4695635321099979609, 0.000000000000000000, -0.4820344490799955972 ) ) ;
#1381 = CARTESIAN_POINT ( 'NONE',  ( -0.008999678667853672209, 0.4000000000000000222, 0.6879040287990192404 ) ) ;
#1382 = ADVANCED_FACE ( 'NONE', ( #1310 ), #615, .T. ) ;
#1383 = CARTESIAN_POINT ( 'NONE',  ( -1.037695886607396423, 0.000000000000000000, -1.236395845463457155 ) ) ;
#1384 = CARTESIAN_POINT ( 'NONE',  ( -1.126711766484590482, -5.421010862427522170E-17, 2.339974478029833271 ) ) ;
#1385 = ORIENTED_EDGE ( 'NONE', *, *, #80, .F. ) ;
#1386 = CARTESIAN_POINT ( 'NONE',  ( -0.3178803195302268847, -0.000000000000000000, -1.358275737286072316 ) ) ;
#1387 = CARTESIAN_POINT ( 'NONE',  ( -0.2189397291078156171, 0.4000000000000000222, -2.062982383946963427 ) ) ;
#1388 = DIRECTION ( 'NONE',  ( -0.000000000000000000, -1.000000000000000000, -0.000000000000000000 ) ) ;
#1389 = CIRCLE ( 'NONE', #2708, 3.049999999999999822 ) ;
#1390 = ORIENTED_EDGE ( 'NONE', *, *, #2361, .F. ) ;
#1391 = CARTESIAN_POINT ( 'NONE',  ( 0.4695635321099979609, 0.000000000000000000, -0.4820344490799955972 ) ) ;
#1392 = DIRECTION ( 'NONE',  ( -0.000000000000000000, -1.000000000000000000, -0.000000000000000000 ) ) ;
#1393 = CARTESIAN_POINT ( 'NONE',  ( -0.09615893481445500490, 0.000000000000000000, 0.02419082877157912106 ) ) ;
#1394 = COLOUR_RGB ( '',0.7921568627450980005, 0.8196078431372548767, 0.9333333333333333481 ) ;
#1395 = CARTESIAN_POINT ( 'NONE',  ( -0.2189397291078156171, 0.000000000000000000, -2.062982383946963427 ) ) ;
#1396 = VECTOR ( 'NONE', #2452, 1000.000000000000000 ) ;
#1397 = DIRECTION ( 'NONE',  ( -0.000000000000000000, -1.000000000000000000, -0.000000000000000000 ) ) ;
#1398 = CARTESIAN_POINT ( 'NONE',  ( -1.247955441942401711, 0.4000000000000000222, 2.102853508244931557 ) ) ;
#1399 = ORIENTED_EDGE ( 'NONE', *, *, #363, .T. ) ;
#1400 = CARTESIAN_POINT ( 'NONE',  ( 1.228161183951024249, 0.4000000000000000222, 0.1864889154479509592 ) ) ;
#1401 = EDGE_CURVE ( 'NONE', #1463, #1738, #388, .T. ) ;
#1402 = CARTESIAN_POINT ( 'NONE',  ( -1.111118239484212733, 0.4000000000000000222, 0.009259711502909712469 ) ) ;
#1403 = VERTEX_POINT ( 'NONE', #1009 ) ;
#1404 = CARTESIAN_POINT ( 'NONE',  ( 0.07556161281690439158, 0.000000000000000000, -0.01932537229841123014 ) ) ;
#1405 = CARTESIAN_POINT ( 'NONE',  ( -1.247955441942401711, 0.000000000000000000, 0.2339202382206132524 ) ) ;
#1406 = CARTESIAN_POINT ( 'NONE',  ( -1.221311877350775399, 0.000000000000000000, 2.259127894737020359 ) ) ;
#1407 = CARTESIAN_POINT ( 'NONE',  ( -0.4787026817218706376, 0.4000000000000000222, 0.04721066278136827610 ) ) ;
#1408 = ORIENTED_EDGE ( 'NONE', *, *, #6, .T. ) ;
#1409 = CARTESIAN_POINT ( 'NONE',  ( 1.439948586856617530, 0.4000000000000000222, -0.5790507347755186052 ) ) ;
#1410 = CARTESIAN_POINT ( 'NONE',  ( 1.183785338698627676, -0.000000000000000000, 2.004883660615231378 ) ) ;
#1411 = B_SPLINE_SURFACE_WITH_KNOTS ( 'NONE', 3, 1, ( 
 ( #1285, #386 ),
 ( #2134, #1651 ),
 ( #2494, #670 ),
 ( #2566, #59 ),
 ( #1945, #1974 ),
 ( #1126, #1928 ),
 ( #1737, #2197 ),
 ( #2153, #2596 ),
 ( #1782, #2371 ),
 ( #715, #1140 ),
 ( #457, #2622 ),
 ( #1333, #2183 ),
 ( #31, #286 ),
 ( #1958, #901 ),
 ( #2168, #1753 ),
 ( #47, #1990 ),
 ( #473, #701 ),
 ( #729, #256 ),
 ( #1545, #2387 ),
 ( #490, #1575 ),
 ( #887, #1303 ) ),
 .UNSPECIFIED., .F., .F., .F.,
 ( 4, 1, 1, 1, 1, 1, 1, 1, 1, 1, 1, 1, 1, 1, 1, 1, 1, 1, 4 ),
 ( 2, 2 ),
 ( 0.000000000000000000, 0.1306752112654220310, 0.2545745579850597351, 0.3701481710488373489, 0.4748063812327901201, 0.5654174981725611504, 0.6388947687929286134, 0.6686345176865096107, 0.6941736277732589722, 0.7135557382652975011, 0.7290464160393709259, 0.7531983634708723230, 0.7761616228554111263, 0.7998270582353894653, 0.8268895189503111531, 0.8593777350118977365, 0.8982418496444529721, 0.9455180763175817793, 1.000000000000000000 ),
 ( 0.000000000000000000, 1.000000000000000000 ),
 .UNSPECIFIED. ) ;
#1412 = ADVANCED_FACE ( 'NONE', ( #2421 ), #1656, .F. ) ;
#1413 = ORIENTED_EDGE ( 'NONE', *, *, #119, .T. ) ;
#1414 = CARTESIAN_POINT ( 'NONE',  ( -0.3483568364702203657, 0.4000000000000000222, -2.062827871151883929 ) ) ;
#1415 = CARTESIAN_POINT ( 'NONE',  ( -0.3648574541644944991, 0.4000000000000000222, 0.6798638048647928089 ) ) ;
#1416 = EDGE_CURVE ( 'NONE', #1955, #1964, #2615, .T. ) ;
#1417 = CARTESIAN_POINT ( 'NONE',  ( -0.4163233305853540345, -0.000000000000000000, -1.359273710955382963 ) ) ;
#1418 = CARTESIAN_POINT ( 'NONE',  ( 1.373272888127306190, 0.4000000000000000222, -1.064316235156247403 ) ) ;
#1419 = VERTEX_POINT ( 'NONE', #1581 ) ;
#1420 = CARTESIAN_POINT ( 'NONE',  ( 0.8580397322318509268, 0.4000000000000000222, 0.5077100116917139250 ) ) ;
#1421 = CARTESIAN_POINT ( 'NONE',  ( -1.245874591538054466, 0.4000000000000000222, 0.1777764374268639980 ) ) ;
#1422 = VECTOR ( 'NONE', #123, 1000.000000000000000 ) ;
#1423 = VERTEX_POINT ( 'NONE', #303 ) ;
#1424 = DIRECTION ( 'NONE',  ( -0.000000000000000000, 1.000000000000000000, -0.000000000000000000 ) ) ;
#1425 = AXIS2_PLACEMENT_3D ( 'NONE', #52, #645, #1278 ) ;
#1426 = CARTESIAN_POINT ( 'NONE',  ( -0.4163233305853540345, 0.000000000000000000, -1.359273710955382963 ) ) ;
#1427 = EDGE_CURVE ( 'NONE', #973, #1463, #2022, .T. ) ;
#1428 = CARTESIAN_POINT ( 'NONE',  ( -1.328952549953086315, 0.000000000000000000, -1.104031990400327068 ) ) ;
#1429 = CARTESIAN_POINT ( 'NONE',  ( -0.4799828622855391025, 0.000000000000000000, 0.6679047428704547595 ) ) ;
#1430 = VECTOR ( 'NONE', #192, 1000.000000000000000 ) ;
#1431 = CARTESIAN_POINT ( 'NONE',  ( 0.7166165362581613518, 0.4000000000000000222, -1.844185545293303585 ) ) ;
#1432 = CARTESIAN_POINT ( 'NONE',  ( 0.2476125408753972745, 0.4000000000000000222, -1.189342020755253637 ) ) ;
#1433 = DIRECTION ( 'NONE',  ( 0.000000000000000000, 0.000000000000000000, 1.000000000000000000 ) ) ;
#1434 = CARTESIAN_POINT ( 'NONE',  ( -0.09615893481445500490, 0.000000000000000000, 0.02419082877157912106 ) ) ;
#1435 = ORIENTED_EDGE ( 'NONE', *, *, #1366, .T. ) ;
#1436 = LINE ( 'NONE', #153, #114 ) ;
#1437 = CARTESIAN_POINT ( 'NONE',  ( -0.04999801181359505436, 0.000000000000000000, 0.6875929107068848856 ) ) ;
#1438 = CARTESIAN_POINT ( 'NONE',  ( -1.337467840255959439, 0.4000000000000000222, -1.104709356437193701 ) ) ;
#1439 = VERTEX_POINT ( 'NONE', #734 ) ;
#1440 = DIRECTION ( 'NONE',  ( 1.000000000000000000, 0.000000000000000000, 0.000000000000000000 ) ) ;
#1441 = FACE_OUTER_BOUND ( 'NONE', #687, .T. ) ;
#1442 = CARTESIAN_POINT ( 'NONE',  ( -1.123968138826837437, 0.000000000000000000, -1.947577220031924350 ) ) ;
#1443 = ADVANCED_FACE ( 'NONE', ( #523 ), #1368, .T. ) ;
#1444 = CARTESIAN_POINT ( 'NONE',  ( -0.09520692039594712275, 0.4000000000000000222, -2.060989848562855276 ) ) ;
#1445 = ADVANCED_FACE ( 'NONE', ( #536, #122 ), #966, .T. ) ;
#1446 = CARTESIAN_POINT ( 'NONE',  ( 0.04736088122144113677, 0.4000000000000000222, 0.6869582580727755516 ) ) ;
#1447 = PLANE ( 'NONE',  #2517 ) ;
#1448 = CARTESIAN_POINT ( 'NONE',  ( 1.151442780573800340, 0.4000000000000000222, 1.678865964479668849 ) ) ;
#1449 = ORIENTED_EDGE ( 'NONE', *, *, #568, .F. ) ;
#1450 = CARTESIAN_POINT ( 'NONE',  ( -1.439629456384841300, 0.4000000000000000222, -1.479681350502807247 ) ) ;
#1451 = CARTESIAN_POINT ( 'NONE',  ( -1.354577757578232067, 0.4000000000000000222, -1.106070399510945546 ) ) ;
#1452 = CARTESIAN_POINT ( 'NONE',  ( -1.217306518483291633, 0.000000000000000000, -1.916285096505051300 ) ) ;
#1453 = VERTEX_POINT ( 'NONE', #441 ) ;
#1454 = CARTESIAN_POINT ( 'NONE',  ( -1.245874591538054466, 0.000000000000000000, 0.1777764374268639980 ) ) ;
#1455 = CARTESIAN_POINT ( 'NONE',  ( -0.6817409994572374288, 0.4000000000000000222, -1.338209641255999616 ) ) ;
#1456 = CARTESIAN_POINT ( 'NONE',  ( 1.132612222574930216, 0.4000000000000000222, 1.636851912259617015 ) ) ;
#1457 = CARTESIAN_POINT ( 'NONE',  ( -0.7650681950337299142, 0.4000000000000000222, 0.02893429074567172715 ) ) ;
#1458 = CARTESIAN_POINT ( 'NONE',  ( -0.05367092498090912656, 0.4000000000000000222, -1.329255576571228614 ) ) ;
#1459 = CARTESIAN_POINT ( 'NONE',  ( 0.000000000000000000, 20.50000000000001066, 0.000000000000000000 ) ) ;
#1460 = EDGE_CURVE ( 'NONE', #563, #1824, #1012, .T. ) ;
#1461 = CARTESIAN_POINT ( 'NONE',  ( 1.047962582656760455, 0.4000000000000000222, 1.583872038398692172 ) ) ;
#1462 = ORIENTED_EDGE ( 'NONE', *, *, #1852, .F. ) ;
#1463 = VERTEX_POINT ( 'NONE', #1858 ) ;
#1464 = CARTESIAN_POINT ( 'NONE',  ( -0.9924338463174284808, 0.4000000000000000222, -1.984355764559102342 ) ) ;
#1465 = CARTESIAN_POINT ( 'NONE',  ( -0.4787026817218706376, -0.000000000000000000, 0.04721066278136827610 ) ) ;
#1466 = CARTESIAN_POINT ( 'NONE',  ( -1.209177811116239010, 0.000000000000000000, 0.05548653007597902087 ) ) ;
#1467 = CARTESIAN_POINT ( 'NONE',  ( 0.9670795134015615080, 0.000000000000000000, -1.676505713564996780 ) ) ;
#1468 = CARTESIAN_POINT ( 'NONE',  ( -0.9199263241960743409, 0.4000000000000000222, 0.01066172975072042159 ) ) ;
#1469 = CARTESIAN_POINT ( 'NONE',  ( 1.047962582656760455, 0.4000000000000000222, 1.583872038398692172 ) ) ;
#1470 = CARTESIAN_POINT ( 'NONE',  ( 1.055190007189203083, 0.000000000000000000, 2.350926616873618258 ) ) ;
#1471 = CARTESIAN_POINT ( 'NONE',  ( -1.426872986434473578, 0.000000000000000000, -1.231030920226127590 ) ) ;
#1472 = B_SPLINE_SURFACE_WITH_KNOTS ( 'NONE', 3, 1, ( 
 ( #1398, #723 ),
 ( #551, #2461 ),
 ( #2657, #748 ),
 ( #2204, #1569 ),
 ( #1371, #2667 ),
 ( #1584, #2217 ),
 ( #2423, #331 ),
 ( #1598, #1384 ),
 ( #2243, #771 ),
 ( #562, #2193 ),
 ( #294, #1136 ) ),
 .UNSPECIFIED., .F., .F., .F.,
 ( 4, 1, 1, 1, 1, 1, 1, 1, 4 ),
 ( 2, 2 ),
 ( 0.000000000000000000, 0.1613810746840897425, 0.2990519594130366388, 0.4183351230022069323, 0.5250569008281217309, 0.6265854126764042187, 0.7393734159551941243, 0.8592219057615544386, 0.9999999999999998890 ),
 ( 0.000000000000000000, 1.000000000000000000 ),
 .UNSPECIFIED. ) ;
#1473 = CARTESIAN_POINT ( 'NONE',  ( 1.183729472495536950, 0.000000000000000000, 1.941175572023472906 ) ) ;
#1474 = CARTESIAN_POINT ( 'NONE',  ( 1.183729472495536950, 0.4000000000000000222, 1.941175572023472906 ) ) ;
#1475 = B_SPLINE_CURVE_WITH_KNOTS ( 'NONE', 3,
 ( #356, #1407, #833, #1457, #1850, #1211, #2692 ),
 .UNSPECIFIED., .F., .F.,
 ( 4, 1, 1, 1, 4 ),
 ( 0.000000000000000000, 0.2836042771905770699, 0.5420777578206683600, 0.7776646396935757988, 1.000000000000000000 ),
 .UNSPECIFIED. ) ;
#1476 = EDGE_CURVE ( 'NONE', #310, #1621, #1174, .T. ) ;
#1477 = CARTESIAN_POINT ( 'NONE',  ( -1.439948586856617530, 0.000000000000000000, -1.452019565557343128 ) ) ;
#1478 = CARTESIAN_POINT ( 'NONE',  ( -0.9924338463174284808, 0.000000000000000000, -1.984355764559102342 ) ) ;
#1479 = ORIENTED_EDGE ( 'NONE', *, *, #2620, .F. ) ;
#1480 = CARTESIAN_POINT ( 'NONE',  ( 0.7166165362581613518, 0.000000000000000000, -1.844185545293303585 ) ) ;
#1481 = CARTESIAN_POINT ( 'NONE',  ( 1.183785338698627676, 0.000000000000000000, 2.004883660615231378 ) ) ;
#1482 = CARTESIAN_POINT ( 'NONE',  ( 0.5740475459581070306, 0.000000000000000000, -1.910923319205970250 ) ) ;
#1483 = PLANE ( 'NONE',  #2623 ) ;
#1484 = CARTESIAN_POINT ( 'NONE',  ( 1.047962582656760455, 0.000000000000000000, 1.583872038398692172 ) ) ;
#1485 = CARTESIAN_POINT ( 'NONE',  ( 1.373272888127306190, 0.000000000000000000, -1.064316235156247403 ) ) ;
#1486 = CARTESIAN_POINT ( 'NONE',  ( 1.131333877481113026, 0.4000000000000000222, 2.304065642525505719 ) ) ;
#1487 = DIRECTION ( 'NONE',  ( 0.000000000000000000, 0.000000000000000000, 1.000000000000000000 ) ) ;
#1488 = CARTESIAN_POINT ( 'NONE',  ( 1.183957726970996660, 0.4000000000000000222, 1.972858149709264097 ) ) ;
#1489 = COLOUR_RGB ( '',0.7921568627450980005, 0.8196078431372548767, 0.9333333333333333481 ) ;
#1490 = CARTESIAN_POINT ( 'NONE',  ( -0.2819899315927542061, 0.4000000000000000222, -2.063997714971405273 ) ) ;
#1491 = EDGE_LOOP ( 'NONE', ( #2606, #2307, #74, #1495 ) ) ;
#1492 = CARTESIAN_POINT ( 'NONE',  ( 1.183957726970996660, 0.4000000000000000222, 1.972858149709264097 ) ) ;
#1493 = CARTESIAN_POINT ( 'NONE',  ( 1.346679340680902559, 0.000000000000000000, -0.03184324285252575909 ) ) ;
#1494 = CARTESIAN_POINT ( 'NONE',  ( 0.000000000000000000, 0.9999999999999974465, 0.000000000000000000 ) ) ;
#1495 = ORIENTED_EDGE ( 'NONE', *, *, #2497, .T. ) ;
#1496 = CARTESIAN_POINT ( 'NONE',  ( 1.176380949153819522, 0.000000000000000000, 1.800537041225318768 ) ) ;
#1497 = LINE ( 'NONE', #2122, #655 ) ;
#1498 = EDGE_CURVE ( 'NONE', #387, #506, #1900, .T. ) ;
#1499 = CARTESIAN_POINT ( 'NONE',  ( -1.236732111800200373, 0.4000000000000000222, 2.214876364216857407 ) ) ;
#1500 = CARTESIAN_POINT ( 'NONE',  ( 1.055190007189203083, -0.000000000000000000, 2.350926616873618258 ) ) ;
#1501 = CARTESIAN_POINT ( 'NONE',  ( 1.058560375976348444, 0.4000000000000000222, 1.585058306594328226 ) ) ;
#1502 = CARTESIAN_POINT ( 'NONE',  ( -1.247226500219700274, 0.4000000000000000222, 0.2142525298720908133 ) ) ;
#1503 = APPLICATION_PROTOCOL_DEFINITION ( 'draft international standard', 'automotive_design', 1998, #329 ) ;
#1504 = DIRECTION ( 'NONE',  ( 0.000000000000000000, -1.000000000000000000, 0.000000000000000000 ) ) ;
#1505 = CARTESIAN_POINT ( 'NONE',  ( -1.247955441942401711, 0.000000000000000000, 0.2339202382206132524 ) ) ;
#1506 = CARTESIAN_POINT ( 'NONE',  ( -1.067961868585324492, 0.4000000000000000222, 0.007928307227838583826 ) ) ;
#1507 = DIRECTION ( 'NONE',  ( 1.000000000000000000, 0.000000000000000000, 0.000000000000000000 ) ) ;
#1508 = ORIENTED_EDGE ( 'NONE', *, *, #2464, .F. ) ;
#1509 = ORIENTED_EDGE ( 'NONE', *, *, #1608, .F. ) ;
#1510 = CARTESIAN_POINT ( 'NONE',  ( 0.6074803189997154407, 0.4000000000000000222, 0.6086226621750586707 ) ) ;
#1511 = CARTESIAN_POINT ( 'NONE',  ( 1.168775155160074464, 0.000000000000000000, -1.463629965350327744 ) ) ;
#1512 = ORIENTED_EDGE ( 'NONE', *, *, #1222, .F. ) ;
#1513 = CARTESIAN_POINT ( 'NONE',  ( 0.8475437187956009755, 0.4000000000000000222, -1.765655744537869332 ) ) ;
#1514 = FILL_AREA_STYLE_COLOUR ( '', #1489 ) ;
#1515 = LINE ( 'NONE', #628, #7 ) ;
#1516 = CARTESIAN_POINT ( 'NONE',  ( 0.4671804990632407728, 0.000000000000000000, 0.6441881245754571550 ) ) ;
#1517 = EDGE_CURVE ( 'NONE', #1419, #2581, #2718, .T. ) ;
#1518 = VECTOR ( 'NONE', #1440, 1000.000000000000000 ) ;
#1519 = CARTESIAN_POINT ( 'NONE',  ( -1.247955441942401711, 0.4000000000000000222, 2.102853508244931557 ) ) ;
#1520 = CARTESIAN_POINT ( 'NONE',  ( -1.439948586856617530, 0.4000000000000000222, -1.452019565557343128 ) ) ;
#1521 = CARTESIAN_POINT ( 'NONE',  ( -0.4163233305853540345, -0.000000000000000000, -1.359273710955382963 ) ) ;
#1522 = CARTESIAN_POINT ( 'NONE',  ( -1.083020530736518827, 0.000000000000000000, 0.008392877504424758883 ) ) ;
#1523 = CARTESIAN_POINT ( 'NONE',  ( -1.339664895513898113, 0.4000000000000000222, -1.861712221881329565 ) ) ;
#1524 = VERTEX_POINT ( 'NONE', #2701 ) ;
#1525 = CARTESIAN_POINT ( 'NONE',  ( 1.047962582656760455, 0.4000000000000000222, 1.583872038398692172 ) ) ;
#1526 = CARTESIAN_POINT ( 'NONE',  ( 0.7375971850620909320, 0.4000000000000000222, 0.5625804604183575197 ) ) ;
#1527 = VECTOR ( 'NONE', #1577, 1000.000000000000000 ) ;
#1528 = VECTOR ( 'NONE', #2448, 1000.000000000000000 ) ;
#1529 = CARTESIAN_POINT ( 'NONE',  ( 0.9670795134015615080, 0.000000000000000000, -1.676505713564996780 ) ) ;
#1530 = VERTEX_POINT ( 'NONE', #1889 ) ;
#1531 = CARTESIAN_POINT ( 'NONE',  ( 1.151442780573800340, 0.000000000000000000, 1.678865964479668849 ) ) ;
#1532 = CARTESIAN_POINT ( 'NONE',  ( -1.027963296728195974, 0.4000000000000000222, 2.351844618055555003 ) ) ;
#1533 = CARTESIAN_POINT ( 'NONE',  ( -1.067961868585324492, 0.4000000000000000222, 0.007928307227838583826 ) ) ;
#1534 = CARTESIAN_POINT ( 'NONE',  ( -1.245874591538054466, 0.000000000000000000, 0.1777764374268639980 ) ) ;
#1535 = EDGE_CURVE ( 'NONE', #1203, #1543, #758, .T. ) ;
#1536 = CARTESIAN_POINT ( 'NONE',  ( 0.000000000000000000, 20.00000000000000000, 0.000000000000000000 ) ) ;
#1537 = DIRECTION ( 'NONE',  ( 1.000000000000000000, 0.000000000000000000, 0.000000000000000000 ) ) ;
#1538 = CARTESIAN_POINT ( 'NONE',  ( -0.3799864326427184191, 0.4000000000000000222, -1.360022850285947715 ) ) ;
#1539 = EDGE_CURVE ( 'NONE', #236, #1199, #15, .T. ) ;
#1540 = CARTESIAN_POINT ( 'NONE',  ( -1.111118239484212733, 0.4000000000000000222, 0.009259711502909712469 ) ) ;
#1541 = CARTESIAN_POINT ( 'NONE',  ( 0.4531772219950167546, 0.000000000000000000, -0.4115006254630734772 ) ) ;
#1542 = ORIENTED_EDGE ( 'NONE', *, *, #1923, .F. ) ;
#1543 = VERTEX_POINT ( 'NONE', #1874 ) ;
#1544 = CARTESIAN_POINT ( 'NONE',  ( -1.439948586856617530, 0.4000000000000000222, -1.452019565557343128 ) ) ;
#1545 = CARTESIAN_POINT ( 'NONE',  ( -1.439033403155897117, 0.4000000000000000222, -1.531346414460372785 ) ) ;
#1546 = ORIENTED_EDGE ( 'NONE', *, *, #2652, .T. ) ;
#1547 = CARTESIAN_POINT ( 'NONE',  ( 1.373272888127306190, 0.4000000000000000222, -1.064316235156247403 ) ) ;
#1548 = CARTESIAN_POINT ( 'NONE',  ( -1.414098249916768468, -1.084202172485504434E-16, -1.182479098156637098 ) ) ;
#1549 = CARTESIAN_POINT ( 'NONE',  ( 0.000000000000000000, 1.999999999999998224, 1.649999999999999911 ) ) ;
#1550 = CARTESIAN_POINT ( 'NONE',  ( -1.247226500219700274, -0.000000000000000000, 0.2142525298720908133 ) ) ;
#1551 = CARTESIAN_POINT ( 'NONE',  ( 0.8475437187956009755, 0.000000000000000000, -1.765655744537869332 ) ) ;
#1552 = CARTESIAN_POINT ( 'NONE',  ( 0.4204035565596511148, 0.4000000000000000222, -0.9615443644103793819 ) ) ;
#1553 = CARTESIAN_POINT ( 'NONE',  ( 0.3469427678981449326, -5.421010862427522170E-17, -1.086622050769344927 ) ) ;
#1554 = B_SPLINE_CURVE_WITH_KNOTS ( 'NONE', 3,
 ( #981, #1028, #564, #1001, #1200, #148, #590, #1432, #1841, #1632, #1866, #2681, #2721, #2707, #809, #1658, #2474 ),
 .UNSPECIFIED., .F., .F.,
 ( 4, 1, 1, 1, 1, 1, 1, 1, 1, 1, 1, 1, 1, 1, 4 ),
 ( 0.000000000000000000, 0.1451987480583907808, 0.2791343565692988027, 0.3420048425868865705, 0.4025112953498243273, 0.4597510955262692489, 0.5162052508072205725, 0.5719444934671177316, 0.6272404637962367691, 0.6828050090856863097, 0.7396292891646502055, 0.7988414723140656593, 0.8621789737589887759, 0.9282170845184235519, 1.000000000000000000 ),
 .UNSPECIFIED. ) ;
#1555 = CARTESIAN_POINT ( 'NONE',  ( 0.4695635321099979609, 0.4000000000000000222, -0.4820344490799955972 ) ) ;
#1556 = CARTESIAN_POINT ( 'NONE',  ( 0.4799828622855393245, 0.4000000000000000222, -0.6360486996719262320 ) ) ;
#1557 = ORIENTED_EDGE ( 'NONE', *, *, #353, .T. ) ;
#1558 = CARTESIAN_POINT ( 'NONE',  ( 0.4483204212902122676, 0.000000000000000000, -0.8899229145148969122 ) ) ;
#1559 = EDGE_CURVE ( 'NONE', #1875, #2473, #163, .T. ) ;
#1560 = CARTESIAN_POINT ( 'NONE',  ( 1.418518228835005335, 0.4000000000000000222, -0.2882346421359870958 ) ) ;
#1561 = CARTESIAN_POINT ( 'NONE',  ( 1.318915978421096202, 0.000000000000000000, -1.208054895400812345 ) ) ;
#1562 = ORIENTED_EDGE ( 'NONE', *, *, #1961, .F. ) ;
#1563 = FACE_OUTER_BOUND ( 'NONE', #2257, .T. ) ;
#1564 = LINE ( 'NONE', #2598, #2355 ) ;
#1565 = CARTESIAN_POINT ( 'NONE',  ( 0.4025385084273851999, 0.000000000000000000, -0.2831287806419268693 ) ) ;
#1566 = CARTESIAN_POINT ( 'NONE',  ( -1.027963296728195974, 0.4000000000000000222, 2.351844618055555003 ) ) ;
#1567 = CARTESIAN_POINT ( 'NONE',  ( 0.4483204212902122676, 0.4000000000000000222, -0.8899229145148969122 ) ) ;
#1568 = CARTESIAN_POINT ( 'NONE',  ( 1.044962689767475750, 0.4000000000000000222, 2.351844618055555003 ) ) ;
#1569 = CARTESIAN_POINT ( 'NONE',  ( -1.236732111800200373, -5.421010862427522170E-17, 2.214876364216857407 ) ) ;
#1570 = ORIENTED_EDGE ( 'NONE', *, *, #1923, .T. ) ;
#1571 = CARTESIAN_POINT ( 'NONE',  ( 0.4665027956307871149, 0.000000000000000000, -0.8111255698121729862 ) ) ;
#1572 = CARTESIAN_POINT ( 'NONE',  ( 1.438393196965378262, 0.4000000000000000222, -0.6361256973534341608 ) ) ;
#1573 = B_SPLINE_SURFACE_WITH_KNOTS ( 'NONE', 3, 1, ( 
 ( #2699, #1034 ),
 ( #1414, #410 ),
 ( #1256, #2712 ),
 ( #1844, #2294 ),
 ( #398, #2065 ),
 ( #2281, #2258 ),
 ( #372, #1243 ),
 ( #180, #1887 ),
 ( #2106, #1204 ),
 ( #799, #2725 ),
 ( #1647, #827 ),
 ( #383, #1229 ),
 ( #44, #1269 ),
 ( #2386, #206 ),
 ( #2152, #1302 ),
 ( #1927, #30 ),
 ( #2595, #1689 ),
 ( #422, #2549 ),
 ( #871, #1332 ),
 ( #2333, #1899 ),
 ( #900, #1477 ) ),
 .UNSPECIFIED., .F., .F., .F.,
 ( 4, 1, 1, 1, 1, 1, 1, 1, 1, 1, 1, 1, 1, 1, 1, 1, 1, 1, 4 ),
 ( 2, 2 ),
 ( 0.000000000000000000, 0.1306752112654220310, 0.2545745579850597351, 0.3701481710488373489, 0.4748063812327901201, 0.5654174981725611504, 0.6388947687929286134, 0.6686345176865096107, 0.6941736277732589722, 0.7135557382652975011, 0.7290464160393709259, 0.7531983634708723230, 0.7761616228554111263, 0.7998270582353894653, 0.8268895189503111531, 0.8593777350118977365, 0.8982418496444529721, 0.9455180763175817793, 1.000000000000000000 ),
 ( 0.000000000000000000, 1.000000000000000000 ),
 .UNSPECIFIED. ) ;
#1574 = ADVANCED_FACE ( 'NONE', ( #2335 ), #1411, .F. ) ;
#1575 = CARTESIAN_POINT ( 'NONE',  ( -1.439629456384841300, 0.000000000000000000, -1.479681350502807247 ) ) ;
#1576 = ORIENTED_EDGE ( 'NONE', *, *, #1313, .T. ) ;
#1577 = DIRECTION ( 'NONE',  ( 0.000000000000000000, -1.000000000000000000, 0.000000000000000000 ) ) ;
#1578 = CARTESIAN_POINT ( 'NONE',  ( -0.3648574541644944991, 0.4000000000000000222, 0.6798638048647928089 ) ) ;
#1579 = CARTESIAN_POINT ( 'NONE',  ( 0.000000000000000000, 20.00000000000000000, 0.000000000000000000 ) ) ;
#1580 = B_SPLINE_CURVE_WITH_KNOTS ( 'NONE', 3,
 ( #626, #1260, #1246, #429, #2536, #1466, #223, #459, #1454, #2308, #1040 ),
 .UNSPECIFIED., .F., .F.,
 ( 4, 1, 1, 1, 1, 1, 1, 1, 4 ),
 ( 0.000000000000000000, 0.1338109135970822205, 0.2496755714262058334, 0.3545325358231947721, 0.4491511402244596773, 0.5529533909819657200, 0.6749251856205606970, 0.8247214487060134935, 1.000000000000000000 ),
 .UNSPECIFIED. ) ;
#1581 = CARTESIAN_POINT ( 'NONE',  ( 6.184466335694133068E-16, 0.9999999999999974465, 5.049999999999999822 ) ) ;
#1582 = FACE_OUTER_BOUND ( 'NONE', #868, .T. ) ;
#1583 = CARTESIAN_POINT ( 'NONE',  ( -0.4413465930850527519, -0.000000000000000000, 0.6719182230060714023 ) ) ;
#1584 = CARTESIAN_POINT ( 'NONE',  ( -1.197941012570358010, 0.4000000000000000222, 2.294775721742916552 ) ) ;
#1585 = VERTEX_POINT ( 'NONE', #73 ) ;
#1586 = CARTESIAN_POINT ( 'NONE',  ( 0.3469427678981449326, 0.000000000000000000, -1.086622050769344927 ) ) ;
#1587 = CARTESIAN_POINT ( 'NONE',  ( 1.418518228835005335, 0.000000000000000000, -0.2882346421359870958 ) ) ;
#1588 = ORIENTED_EDGE ( 'NONE', *, *, #230, .T. ) ;
#1589 = CARTESIAN_POINT ( 'NONE',  ( -1.378219461417371283, 0.4000000000000000222, -1.120833074830319687 ) ) ;
#1590 =( NAMED_UNIT ( * ) SI_UNIT ( $, .STERADIAN. ) SOLID_ANGLE_UNIT ( ) );
#1591 = VECTOR ( 'NONE', #1085, 1000.000000000000000 ) ;
#1592 = EDGE_CURVE ( 'NONE', #612, #257, #1284, .T. ) ;
#1593 = EDGE_CURVE ( 'NONE', #2096, #295, #792, .T. ) ;
#1594 = CARTESIAN_POINT ( 'NONE',  ( 0.2157932359309306103, 0.000000000000000000, -0.08468908735868489746 ) ) ;
#1595 = DIRECTION ( 'NONE',  ( 0.000000000000000000, -1.000000000000000000, -0.000000000000000000 ) ) ;
#1596 = CARTESIAN_POINT ( 'NONE',  ( 0.4204035565596511148, -5.421010862427522170E-17, -0.9615443644103793819 ) ) ;
#1597 = CARTESIAN_POINT ( 'NONE',  ( -1.139980308970711231, 0.000000000000000000, -1.189907737873334037 ) ) ;
#1598 = CARTESIAN_POINT ( 'NONE',  ( -1.126711766484590482, 0.4000000000000000222, 2.339974478029833271 ) ) ;
#1599 = EDGE_LOOP ( 'NONE', ( #2015, #1188, #1946, #730 ) ) ;
#1600 = CARTESIAN_POINT ( 'NONE',  ( 0.4665027956307871149, 0.000000000000000000, -0.8111255698121729862 ) ) ;
#1601 = AXIS2_PLACEMENT_3D ( 'NONE', #369, #2503, #1240 ) ;
#1602 = CARTESIAN_POINT ( 'NONE',  ( -1.439948586856617307, -1.084202172485504434E-16, -1.452019565557342906 ) ) ;
#1603 = VERTEX_POINT ( 'NONE', #946 ) ;
#1604 = SURFACE_STYLE_FILL_AREA ( #2663 ) ;
#1605 = CARTESIAN_POINT ( 'NONE',  ( -1.328952549953086315, 0.4000000000000000222, -1.104031990400327068 ) ) ;
#1606 = CARTESIAN_POINT ( 'NONE',  ( -0.3028741982520095077, 0.4000000000000000222, 0.04604644611007761845 ) ) ;
#1608 = EDGE_CURVE ( 'NONE', #2164, #1403, #424, .T. ) ;
#1607 = CARTESIAN_POINT ( 'NONE',  ( 1.293613642184917145, 0.4000000000000000222, 0.08255514505798217106 ) ) ;
#1609 = CARTESIAN_POINT ( 'NONE',  ( -0.1949314738977100392, 0.4000000000000000222, 0.03854867855827060624 ) ) ;
#1610 = CARTESIAN_POINT ( 'NONE',  ( 0.000000000000000000, 20.00000000000000000, 0.000000000000000000 ) ) ;
#1611 = ORIENTED_EDGE ( 'NONE', *, *, #549, .F. ) ;
#1612 = CARTESIAN_POINT ( 'NONE',  ( 0.4531772219950167546, 0.4000000000000000222, -0.4115006254630734772 ) ) ;
#1613 = CARTESIAN_POINT ( 'NONE',  ( -1.328952549953086315, 0.4000000000000000222, -1.104031990400327068 ) ) ;
#1614 = VERTEX_POINT ( 'NONE', #1429 ) ;
#1615 = CARTESIAN_POINT ( 'NONE',  ( -0.1949314738977100392, 0.000000000000000000, 0.03854867855827060624 ) ) ;
#1616 = CARTESIAN_POINT ( 'NONE',  ( 1.183957726970996660, 0.4000000000000000222, 1.972858149709264097 ) ) ;
#1617 = CARTESIAN_POINT ( 'NONE',  ( -1.314380114619044138, -0.000000000000000000, -1.106692493975250713 ) ) ;
#1618 = B_SPLINE_CURVE_WITH_KNOTS ( 'NONE', 3,
 ( #1642, #1881, #1839, #990, #1044, #146, #378, #1630, #999, #2706, #1223 ),
 .UNSPECIFIED., .F., .F.,
 ( 4, 1, 1, 1, 1, 1, 1, 1, 4 ),
 ( 0.000000000000000000, 0.1613810746840897425, 0.2990519594130366388, 0.4183351230022069323, 0.5250569008281217309, 0.6265854126764042187, 0.7393734159551941243, 0.8592219057615544386, 0.9999999999999998890 ),
 .UNSPECIFIED. ) ;
#1619 = AXIS2_PLACEMENT_3D ( 'NONE', #1774, #2601, #1788 ) ;
#1620 = CARTESIAN_POINT ( 'NONE',  ( -0.6817409994572374288, 0.4000000000000000222, -1.338209641255999616 ) ) ;
#1621 = VERTEX_POINT ( 'NONE', #601 ) ;
#1622 = CARTESIAN_POINT ( 'NONE',  ( 1.064846171945130759, 0.4000000000000000222, 0.3658363826781461658 ) ) ;
#1623 = CARTESIAN_POINT ( 'NONE',  ( -1.397910531904414055, 0.000000000000000000, -1.146168540090392263 ) ) ;
#1624 = ADVANCED_FACE ( 'NONE', ( #1441 ), #2541, .F. ) ;
#1625 = CARTESIAN_POINT ( 'NONE',  ( 0.4794129848490676915, 0.000000000000000000, -0.6093623996183051839 ) ) ;
#1626 = ORIENTED_EDGE ( 'NONE', *, *, #1559, .F. ) ;
#1627 = DIRECTION ( 'NONE',  ( 0.000000000000000000, 0.000000000000000000, 1.000000000000000000 ) ) ;
#1628 = CARTESIAN_POINT ( 'NONE',  ( -0.2487200812594669574, 0.000000000000000000, 0.6857080440154654788 ) ) ;
#1629 = CARTESIAN_POINT ( 'NONE',  ( -0.3779768581267559657, 0.4000000000000000222, 0.04728406233777898704 ) ) ;
#1630 = CARTESIAN_POINT ( 'NONE',  ( -1.126711766484590482, 0.4000000000000000222, 2.339974478029833271 ) ) ;
#1631 = VERTEX_POINT ( 'NONE', #2584 ) ;
#1632 = CARTESIAN_POINT ( 'NONE',  ( 0.3469427678981449326, 0.4000000000000000222, -1.086622050769344927 ) ) ;
#1633 = CARTESIAN_POINT ( 'NONE',  ( -1.209177811116239010, 0.4000000000000000222, 0.05548653007597902087 ) ) ;
#1634 = VECTOR ( 'NONE', #33, 1000.000000000000000 ) ;
#1635 = CARTESIAN_POINT ( 'NONE',  ( 0.4799828622855393245, 0.000000000000000000, -0.6360486996719262320 ) ) ;
#1636 = VERTEX_POINT ( 'NONE', #2358 ) ;
#1637 = EDGE_CURVE ( 'NONE', #898, #1875, #2188, .T. ) ;
#1638 = LINE ( 'NONE', #580, #1430 ) ;
#1639 = CARTESIAN_POINT ( 'NONE',  ( -0.6817409994572374288, 0.4000000000000000222, -1.338209641255999616 ) ) ;
#1640 = UNCERTAINTY_MEASURE_WITH_UNIT (LENGTH_MEASURE( 1.000000000000000082E-05 ), #77, 'distance_accuracy_value', 'NONE');
#1641 = CARTESIAN_POINT ( 'NONE',  ( -0.4799828622855391025, 0.4000000000000000222, 1.583872038398692172 ) ) ;
#1642 = CARTESIAN_POINT ( 'NONE',  ( -1.247955441942401711, 0.4000000000000000222, 2.102853508244931557 ) ) ;
#1643 = CARTESIAN_POINT ( 'NONE',  ( 0.7375971850620909320, 0.4000000000000000222, 0.5625804604183575197 ) ) ;
#1644 = CARTESIAN_POINT ( 'NONE',  ( -1.378219461417371283, 0.000000000000000000, -1.120833074830319687 ) ) ;
#1645 = FACE_OUTER_BOUND ( 'NONE', #2304, .T. ) ;
#1646 = VERTEX_POINT ( 'NONE', #1086 ) ;
#1647 = CARTESIAN_POINT ( 'NONE',  ( -1.339664895513898113, 0.4000000000000000222, -1.861712221881329565 ) ) ;
#1648 = VECTOR ( 'NONE', #1888, 1000.000000000000000 ) ;
#1649 = EDGE_CURVE ( 'NONE', #1403, #625, #2676, .T. ) ;
#1650 = CARTESIAN_POINT ( 'NONE',  ( -0.4413465930850527519, 0.000000000000000000, 0.6719182230060714023 ) ) ;
#1651 = CARTESIAN_POINT ( 'NONE',  ( -0.3483568364702203657, 0.000000000000000000, -2.062827871151883929 ) ) ;
#1652 = ORIENTED_EDGE ( 'NONE', *, *, #977, .T. ) ;
#1653 = DIRECTION ( 'NONE',  ( 0.000000000000000000, -1.000000000000000000, 0.000000000000000000 ) ) ;
#1654 = CARTESIAN_POINT ( 'NONE',  ( -0.8377479958039110164, 0.000000000000000000, -2.016303457376916519 ) ) ;
#1655 = VECTOR ( 'NONE', #1627, 1000.000000000000000 ) ;
#1656 = CONICAL_SURFACE ( 'NONE', #1619, 4.349999999999999645, 0.7853981633974361776 ) ;
#1657 = CARTESIAN_POINT ( 'NONE',  ( 0.8475437187956009755, 0.4000000000000000222, -1.765655744537869332 ) ) ;
#1658 = CARTESIAN_POINT ( 'NONE',  ( 0.4792111209050008425, 0.4000000000000000222, -0.6667526964871793860 ) ) ;
#1659 = CARTESIAN_POINT ( 'NONE',  ( -0.2819899315927542061, 0.4000000000000000222, -2.063997714971405273 ) ) ;
#1660 = CARTESIAN_POINT ( 'NONE',  ( 1.165959331881388561, 0.000000000000000000, 1.732820566019847019 ) ) ;
#1661 = ORIENTED_EDGE ( 'NONE', *, *, #1222, .T. ) ;
#1662 = CARTESIAN_POINT ( 'NONE',  ( 1.183957726970996660, 0.000000000000000000, 1.972858149709264097 ) ) ;
#1663 = CARTESIAN_POINT ( 'NONE',  ( -1.328952549953086315, 0.4000000000000000222, -1.104031990400327068 ) ) ;
#1664 = CARTESIAN_POINT ( 'NONE',  ( -1.426872986434473578, 0.4000000000000000222, -1.231030920226127590 ) ) ;
#1665 = SURFACE_SIDE_STYLE ('',( #1305 ) ) ;
#1666 = CARTESIAN_POINT ( 'NONE',  ( 1.151442780573800340, 0.000000000000000000, 1.678865964479668849 ) ) ;
#1667 = EDGE_CURVE ( 'NONE', #2244, #940, #1962, .T. ) ;
#1668 = B_SPLINE_CURVE_WITH_KNOTS ( 'NONE', 3,
 ( #1842, #1226, #1867, #591, #982, #1029, #2465, #565, #993, #1410, #811 ),
 .UNSPECIFIED., .F., .F.,
 ( 4, 1, 1, 1, 1, 1, 1, 1, 4 ),
 ( 0.000000000000000000, 0.06924044578327213928, 0.1426589713602619269, 0.2247749432160125460, 0.3245570504637176334, 0.4462440293682085612, 0.5985730100914052887, 0.7813978397191543301, 1.000000000000000000 ),
 .UNSPECIFIED. ) ;
#1669 = CARTESIAN_POINT ( 'NONE',  ( -0.9199263241960743409, 0.4000000000000000222, 0.01066172975072042159 ) ) ;
#1670 = CARTESIAN_POINT ( 'NONE',  ( -0.008999678667853672209, 0.4000000000000000222, 0.6879040287990192404 ) ) ;
#1671 = DIRECTION ( 'NONE',  ( 0.000000000000000000, 1.000000000000000000, 0.000000000000000000 ) ) ;
#1672 = CARTESIAN_POINT ( 'NONE',  ( 1.183729472495536950, 0.4000000000000000222, 1.941175572023472906 ) ) ;
#1673 = ORIENTED_EDGE ( 'NONE', *, *, #175, .T. ) ;
#1674 = CARTESIAN_POINT ( 'NONE',  ( -1.247955441942401711, 0.4000000000000000222, 0.2339202382206132524 ) ) ;
#1675 = CARTESIAN_POINT ( 'NONE',  ( -1.414098249916768468, 0.4000000000000000222, -1.182479098156637098 ) ) ;
#1676 = ORIENTED_EDGE ( 'NONE', *, *, #2215, .T. ) ;
#1677 = CIRCLE ( 'NONE', #1821, 4.349999999999999645 ) ;
#1678 = CARTESIAN_POINT ( 'NONE',  ( -1.247955441942401711, 0.000000000000000000, 2.102853508244931557 ) ) ;
#1679 = CARTESIAN_POINT ( 'NONE',  ( -1.126711766484590482, 0.4000000000000000222, 2.339974478029833271 ) ) ;
#1680 = CARTESIAN_POINT ( 'NONE',  ( -0.7650681950337299142, 0.4000000000000000222, 0.02893429074567172715 ) ) ;
#1681 = EDGE_CURVE ( 'NONE', #319, #2150, #2054, .T. ) ;
#1682 = CARTESIAN_POINT ( 'NONE',  ( -0.4787026817218706376, 0.4000000000000000222, 0.04721066278136827610 ) ) ;
#1683 = LINE ( 'NONE', #678, #2354 ) ;
#1684 = DIRECTION ( 'NONE',  ( -0.000000000000000000, -1.000000000000000000, -0.000000000000000000 ) ) ;
#1685 = B_SPLINE_CURVE_WITH_KNOTS ( 'NONE', 3,
 ( #2282, #2446, #1196, #2047, #141, #987, #2675, #610, #1451, #2507, #1663 ),
 .UNSPECIFIED., .F., .F.,
 ( 4, 1, 1, 1, 1, 1, 1, 1, 4 ),
 ( 0.000000000000000000, 0.2278627500649795801, 0.4154437655687070463, 0.5715174470384146721, 0.6949499522240210059, 0.7957215748553370105, 0.8712340353797133341, 0.9359155541655415078, 1.000000000000000000 ),
 .UNSPECIFIED. ) ;
#1686 = CARTESIAN_POINT ( 'NONE',  ( -0.3779768581267559657, 0.4000000000000000222, 0.04728406233777898704 ) ) ;
#1687 = CARTESIAN_POINT ( 'NONE',  ( 1.108692381320709242, 0.4000000000000000222, 1.606959558563933133 ) ) ;
#1688 = VECTOR ( 'NONE', #416, 1000.000000000000000 ) ;
#1689 = CARTESIAN_POINT ( 'NONE',  ( -1.432590838524436361, 0.000000000000000000, -1.662801926726630519 ) ) ;
#1690 = DIRECTION ( 'NONE',  ( 0.000000000000000000, -0.000000000000000000, 1.000000000000000000 ) ) ;
#1691 = EDGE_LOOP ( 'NONE', ( #2624, #2453, #1413, #139 ) ) ;
#1692 = CARTESIAN_POINT ( 'NONE',  ( 1.183468775929148009, 0.4000000000000000222, 2.063693255299706042 ) ) ;
#1693 = CARTESIAN_POINT ( 'NONE',  ( 1.168775155160074464, 0.000000000000000000, -1.463629965350327744 ) ) ;
#1694 = FACE_OUTER_BOUND ( 'NONE', #2081, .T. ) ;
#1695 = CARTESIAN_POINT ( 'NONE',  ( 1.064846171945130759, 0.000000000000000000, 0.3658363826781461658 ) ) ;
#1696 = CARTESIAN_POINT ( 'NONE',  ( -1.027963296728195974, 0.4000000000000000222, 2.351844618055555003 ) ) ;
#1697 = CARTESIAN_POINT ( 'NONE',  ( 1.176134645459914196, 0.4000000000000000222, 2.144447295916679597 ) ) ;
#1698 = CARTESIAN_POINT ( 'NONE',  ( 1.047962582656760455, 0.000000000000000000, 1.583872038398692172 ) ) ;
#1699 = CARTESIAN_POINT ( 'NONE',  ( 1.047962582656760455, 0.000000000000000000, 1.583872038398692172 ) ) ;
#1700 = CARTESIAN_POINT ( 'NONE',  ( -1.247955441942401711, 0.4000000000000000222, 0.2339202382206132524 ) ) ;
#1701 = VERTEX_POINT ( 'NONE', #520 ) ;
#1702 = ADVANCED_FACE ( 'NONE', ( #1156 ), #1056, .T. ) ;
#1703 = CARTESIAN_POINT ( 'NONE',  ( 1.293613642184917145, 0.4000000000000000222, 0.08255514505798217106 ) ) ;
#1704 = B_SPLINE_CURVE_WITH_KNOTS ( 'NONE', 3,
 ( #1802, #1116, #1323, #2585, #2640, #744, #477 ),
 .UNSPECIFIED., .F., .F.,
 ( 4, 1, 1, 1, 4 ),
 ( 0.000000000000000000, 0.2836042771905770699, 0.5420777578206683600, 0.7776646396935757988, 1.000000000000000000 ),
 .UNSPECIFIED. ) ;
#1705 = CARTESIAN_POINT ( 'NONE',  ( -1.415744931974540100, 0.000000000000000000, -1.753411740495854909 ) ) ;
#1706 = ORIENTED_EDGE ( 'NONE', *, *, #353, .F. ) ;
#1707 = CARTESIAN_POINT ( 'NONE',  ( 0.4208393670021004507, 0.000000000000000000, -1.966886317447066990 ) ) ;
#1708 = CARTESIAN_POINT ( 'NONE',  ( 1.183957726970996660, 0.4000000000000000222, 1.972858149709264097 ) ) ;
#1709 = CARTESIAN_POINT ( 'NONE',  ( 0.2476125408753972745, 0.4000000000000000222, -1.189342020755253637 ) ) ;
#1710 = CARTESIAN_POINT ( 'NONE',  ( 1.176380949153819522, 0.4000000000000000222, 1.800537041225318768 ) ) ;
#1711 = CARTESIAN_POINT ( 'NONE',  ( 1.228161183951024249, 0.000000000000000000, 0.1864889154479509592 ) ) ;
#1712 = CARTESIAN_POINT ( 'NONE',  ( -1.209177811116239010, 0.4000000000000000222, 0.05548653007597902087 ) ) ;
#1713 = CARTESIAN_POINT ( 'NONE',  ( 0.1883305849817723254, 0.4000000000000000222, -1.231138855090800011 ) ) ;
#1714 = CARTESIAN_POINT ( 'NONE',  ( -1.277664882511115652, 0.000000000000000000, -1.113395629315237834 ) ) ;
#1715 = CARTESIAN_POINT ( 'NONE',  ( 0.04736088122144113677, 0.4000000000000000222, 0.6869582580727755516 ) ) ;
#1716 = CARTESIAN_POINT ( 'NONE',  ( 0.2157932359309306103, 0.000000000000000000, -0.08468908735868489746 ) ) ;
#1717 = ORIENTED_EDGE ( 'NONE', *, *, #1907, .F. ) ;
#1718 = CARTESIAN_POINT ( 'NONE',  ( 1.132612222574930216, 0.4000000000000000222, 1.636851912259617015 ) ) ;
#1719 = CARTESIAN_POINT ( 'NONE',  ( -0.008999678667853672209, 0.4000000000000000222, 0.6879040287990192404 ) ) ;
#1720 = ADVANCED_FACE ( 'NONE', ( #963 ), #949, .T. ) ;
#1721 = CARTESIAN_POINT ( 'NONE',  ( -0.008999678667853672209, 0.4000000000000000222, 0.6879040287990192404 ) ) ;
#1722 = ORIENTED_EDGE ( 'NONE', *, *, #158, .T. ) ;
#1723 = B_SPLINE_CURVE_WITH_KNOTS ( 'NONE', 3,
 ( #1331, #725, #763, #2633, #713, #126, #71, #970, #320, #1586, #2646, #1151, #1558, #1571, #2180, #1820, #1124 ),
 .UNSPECIFIED., .F., .F.,
 ( 4, 1, 1, 1, 1, 1, 1, 1, 1, 1, 1, 1, 1, 1, 4 ),
 ( 0.000000000000000000, 0.1451987480583907808, 0.2791343565692988027, 0.3420048425868865705, 0.4025112953498243273, 0.4597510955262692489, 0.5162052508072205725, 0.5719444934671177316, 0.6272404637962367691, 0.6828050090856863097, 0.7396292891646502055, 0.7988414723140656593, 0.8621789737589887759, 0.9282170845184235519, 1.000000000000000000 ),
 .UNSPECIFIED. ) ;
#1724 = CARTESIAN_POINT ( 'NONE',  ( 1.044962689767475750, 0.000000000000000000, 2.351844618055555003 ) ) ;
#1725 = CARTESIAN_POINT ( 'NONE',  ( -1.045997006109599781, -0.000000000000000000, 2.351002433931541624 ) ) ;
#1726 = CARTESIAN_POINT ( 'NONE',  ( 0.3877509541771188561, 0.4000000000000000222, -1.027445408763209889 ) ) ;
#1727 = CARTESIAN_POINT ( 'NONE',  ( -1.438004466498163492, 0.000000000000000000, -1.602800040900503653 ) ) ;
#1728 =( LENGTH_UNIT ( ) NAMED_UNIT ( * ) SI_UNIT ( .MILLI., .METRE. ) );
#1729 = DIRECTION ( 'NONE',  ( -0.000000000000000000, -1.000000000000000000, -0.000000000000000000 ) ) ;
#1730 = CARTESIAN_POINT ( 'NONE',  ( 1.076261774804988525, 0.000000000000000000, 2.349035220842855765 ) ) ;
#1731 = FACE_OUTER_BOUND ( 'NONE', #1362, .T. ) ;
#1732 = CARTESIAN_POINT ( 'NONE',  ( 0.4531772219950167546, 0.4000000000000000222, -0.4115006254630734772 ) ) ;
#1733 = CARTESIAN_POINT ( 'NONE',  ( -0.9924338463174284808, 0.4000000000000000222, -1.984355764559102342 ) ) ;
#1734 = ORIENTED_EDGE ( 'NONE', *, *, #770, .T. ) ;
#1735 = CARTESIAN_POINT ( 'NONE',  ( 1.176380949153819522, 0.4000000000000000222, 1.800537041225318768 ) ) ;
#1736 = CARTESIAN_POINT ( 'NONE',  ( 0.7375971850620909320, 0.000000000000000000, 0.5625804604183575197 ) ) ;
#1737 = CARTESIAN_POINT ( 'NONE',  ( -1.123968138826837437, 0.4000000000000000222, -1.947577220031924350 ) ) ;
#1738 = VERTEX_POINT ( 'NONE', #275 ) ;
#1739 = CARTESIAN_POINT ( 'NONE',  ( 0.9670795134015615080, 0.4000000000000000222, -1.676505713564996780 ) ) ;
#1740 = EDGE_CURVE ( 'NONE', #738, #2105, #1564, .T. ) ;
#1741 = CARTESIAN_POINT ( 'NONE',  ( 1.318915978421096202, 0.000000000000000000, -1.208054895400812345 ) ) ;
#1742 = CARTESIAN_POINT ( 'NONE',  ( 1.439948586856617530, 0.000000000000000000, -0.5790507347755186052 ) ) ;
#1743 = VECTOR ( 'NONE', #1392, 1000.000000000000000 ) ;
#1744 = CARTESIAN_POINT ( 'NONE',  ( -1.111118239484212733, 0.4000000000000000222, 0.009259711502909712469 ) ) ;
#1745 = CARTESIAN_POINT ( 'NONE',  ( 5.572142936120455355E-16, 0.000000000000000000, -4.049999999999998046 ) ) ;
#1746 = DIRECTION ( 'NONE',  ( 0.000000000000000000, 0.000000000000000000, -1.000000000000000000 ) ) ;
#1747 = CARTESIAN_POINT ( 'NONE',  ( 0.1572910862111071284, 0.4000000000000000222, 0.6851135501775132974 ) ) ;
#1748 = CARTESIAN_POINT ( 'NONE',  ( 0.4792111209050008425, -5.421010862427522170E-17, -0.6667526964871793860 ) ) ;
#1749 = ORIENTED_EDGE ( 'NONE', *, *, #2450, .T. ) ;
#1750 = DIRECTION ( 'NONE',  ( -0.000000000000000000, -1.000000000000000000, -0.000000000000000000 ) ) ;
#1751 = CARTESIAN_POINT ( 'NONE',  ( -1.439948586856617530, 0.4000000000000000222, -1.452019565557343128 ) ) ;
#1752 = AXIS2_PLACEMENT_3D ( 'NONE', #159, #392, #2720 ) ;
#1753 = CARTESIAN_POINT ( 'NONE',  ( -1.415744931974540100, 0.000000000000000000, -1.753411740495854909 ) ) ;
#1754 = ORIENTED_EDGE ( 'NONE', *, *, #1498, .T. ) ;
#1755 = CARTESIAN_POINT ( 'NONE',  ( -0.3799864326427184191, 0.4000000000000000222, -1.360022850285947715 ) ) ;
#1756 = CARTESIAN_POINT ( 'NONE',  ( -0.04999801181359505436, 0.4000000000000000222, 0.6875929107068848856 ) ) ;
#1757 = CARTESIAN_POINT ( 'NONE',  ( 0.3171540006644647525, 0.000000000000000000, 0.6704224575574091460 ) ) ;
#1758 = CARTESIAN_POINT ( 'NONE',  ( -1.247226500219700274, 0.4000000000000000222, 0.2142525298720908133 ) ) ;
#1760 = ADVANCED_FACE ( 'NONE', ( #1977 ), #636, .T. ) ;
#1759 = CARTESIAN_POINT ( 'NONE',  ( 6.184466335694133068E-16, 0.9999999999999974465, -5.049999999999999822 ) ) ;
#1761 = APPLICATION_PROTOCOL_DEFINITION ( 'draft international standard', 'automotive_design', 1998, #2691 ) ;
#1762 = CARTESIAN_POINT ( 'NONE',  ( 0.3877509541771188561, 0.4000000000000000222, -1.027445408763209889 ) ) ;
#1763 = CARTESIAN_POINT ( 'NONE',  ( 0.3010759788225487732, 0.4000000000000000222, -1.141322813040843043 ) ) ;
#1764 = CARTESIAN_POINT ( 'NONE',  ( 1.047962582656760455, 0.4000000000000000222, 1.583872038398692172 ) ) ;
#1765 = CARTESIAN_POINT ( 'NONE',  ( -0.3028741982520095077, 0.000000000000000000, 0.04604644611007761845 ) ) ;
#1766 = VERTEX_POINT ( 'NONE', #790 ) ;
#1767 = CARTESIAN_POINT ( 'NONE',  ( 0.3240857160353843858, 0.4000000000000000222, -0.1737728200484391083 ) ) ;
#1768 = CARTESIAN_POINT ( 'NONE',  ( -1.414098249916768468, 0.4000000000000000222, -1.182479098156637098 ) ) ;
#1769 = CARTESIAN_POINT ( 'NONE',  ( 1.438393196965378262, -0.000000000000000000, -0.6361256973534341608 ) ) ;
#1770 = ORIENTED_EDGE ( 'NONE', *, *, #1147, .F. ) ;
#1771 = CARTESIAN_POINT ( 'NONE',  ( -1.439948586856617307, 0.4000000000000000222, -1.452019565557342906 ) ) ;
#1772 = B_SPLINE_SURFACE_WITH_KNOTS ( 'NONE', 3, 1, ( 
 ( #1311, #231 ),
 ( #1074, #1470 ),
 ( #2327, #1730 ),
 ( #405, #879 ),
 ( #1486, #1045 ),
 ( #1921, #849 ),
 ( #2735, #1251 ),
 ( #1697, #2160 ),
 ( #1895, #836 ),
 ( #465, #2559 ),
 ( #2543, #434 ) ),
 .UNSPECIFIED., .F., .F., .F.,
 ( 4, 1, 1, 1, 1, 1, 1, 1, 4 ),
 ( 2, 2 ),
 ( 0.000000000000000000, 0.06924044578327213928, 0.1426589713602619269, 0.2247749432160125460, 0.3245570504637176334, 0.4462440293682085612, 0.5985730100914052887, 0.7813978397191543301, 1.000000000000000000 ),
 ( 0.000000000000000000, 1.000000000000000000 ),
 .UNSPECIFIED. ) ;
#1773 = CARTESIAN_POINT ( 'NONE',  ( 0.4314323460761125273, 0.000000000000000000, -0.3449003130532533046 ) ) ;
#1774 = CARTESIAN_POINT ( 'NONE',  ( 0.000000000000000000, 20.50000000000001066, 0.000000000000000000 ) ) ;
#1775 = CARTESIAN_POINT ( 'NONE',  ( -0.3799864326427184191, -5.421010862427522170E-17, -1.360022850285947715 ) ) ;
#1776 = ADVANCED_FACE ( 'NONE', ( #1826 ), #436, .T. ) ;
#1777 = CARTESIAN_POINT ( 'NONE',  ( 0.3171540006644647525, 0.4000000000000000222, 0.6704224575574091460 ) ) ;
#1778 = CARTESIAN_POINT ( 'NONE',  ( -0.7914593429918070910, 0.4000000000000000222, -1.316487465053869821 ) ) ;
#1779 = ORIENTED_EDGE ( 'NONE', *, *, #1873, .T. ) ;
#1780 = CARTESIAN_POINT ( 'NONE',  ( 0.3469427678981449326, 0.000000000000000000, -1.086622050769344927 ) ) ;
#1781 = FACE_OUTER_BOUND ( 'NONE', #902, .T. ) ;
#1782 = CARTESIAN_POINT ( 'NONE',  ( -1.278293623812788216, 0.4000000000000000222, -1.892493495253110281 ) ) ;
#1783 = ORIENTED_EDGE ( 'NONE', *, *, #694, .T. ) ;
#1784 = CARTESIAN_POINT ( 'NONE',  ( 2.565151067676131547, 20.00000000000000000, 1.649999999999999911 ) ) ;
#1785 = CARTESIAN_POINT ( 'NONE',  ( -0.1303324282777587051, 0.000000000000000000, 0.6869832885962932068 ) ) ;
#1786 = VECTOR ( 'NONE', #675, 1000.000000000000000 ) ;
#1787 = CARTESIAN_POINT ( 'NONE',  ( 0.4531772219950167546, 0.4000000000000000222, -0.4115006254630734772 ) ) ;
#1788 = DIRECTION ( 'NONE',  ( 0.000000000000000000, 0.000000000000000000, 1.000000000000000000 ) ) ;
#1789 = CARTESIAN_POINT ( 'NONE',  ( 0.4777294008000858017, -5.421010862427522170E-17, -0.7257034415549945550 ) ) ;
#1790 = CARTESIAN_POINT ( 'NONE',  ( -1.385501075057311127, 0.000000000000000000, -1.820189227209224381 ) ) ;
#1791 = CARTESIAN_POINT ( 'NONE',  ( -1.277664882511115652, 0.4000000000000000222, -1.113395629315237834 ) ) ;
#1792 = ORIENTED_EDGE ( 'NONE', *, *, #423, .T. ) ;
#1793 = CARTESIAN_POINT ( 'NONE',  ( -1.067961868585324492, 0.4000000000000000222, 0.007928307227838583826 ) ) ;
#1794 = DIRECTION ( 'NONE',  ( 0.000000000000000000, 1.000000000000000000, 0.000000000000000000 ) ) ;
#1795 = CARTESIAN_POINT ( 'NONE',  ( -1.328952549953086315, 0.4000000000000000222, -1.104031990400327068 ) ) ;
#1796 = CARTESIAN_POINT ( 'NONE',  ( -1.219394696958852053, 0.4000000000000000222, -1.148761369538511934 ) ) ;
#1797 = VERTEX_POINT ( 'NONE', #1405 ) ;
#1798 = ADVANCED_FACE ( 'NONE', ( #2700 ), #2270, .F. ) ;
#1799 = CARTESIAN_POINT ( 'NONE',  ( 1.047962582656760455, 0.4000000000000000222, 1.583872038398692172 ) ) ;
#1800 = CONICAL_SURFACE ( 'NONE', #2589, 5.049999999999999822, 0.7853981633974504994 ) ;
#1801 = DIRECTION ( 'NONE',  ( 0.000000000000000000, -0.000000000000000000, 1.000000000000000000 ) ) ;
#1802 = CARTESIAN_POINT ( 'NONE',  ( -0.4169851116105620648, 0.000000000000000000, 0.04792687908496692795 ) ) ;
#1803 = CARTESIAN_POINT ( 'NONE',  ( 0.4531772219950167546, 0.000000000000000000, -0.4115006254630734772 ) ) ;
#1804 = CARTESIAN_POINT ( 'NONE',  ( 1.439948586856617530, 0.4000000000000000222, -0.5790507347755186052 ) ) ;
#1805 = CARTESIAN_POINT ( 'NONE',  ( 1.435351129028050510, 0.4000000000000000222, -0.7477542444208726824 ) ) ;
#1806 = DIRECTION ( 'NONE',  ( 0.000000000000000000, 0.000000000000000000, -1.000000000000000000 ) ) ;
#1807 = CARTESIAN_POINT ( 'NONE',  ( 1.439948586856617530, 0.4000000000000000222, -0.5790507347755186052 ) ) ;
#1808 = ORIENTED_EDGE ( 'NONE', *, *, #142, .T. ) ;
#1809 = CARTESIAN_POINT ( 'NONE',  ( -0.005965991870497382860, 0.4000000000000000222, 0.005981896194280635418 ) ) ;
#1810 = CARTESIAN_POINT ( 'NONE',  ( 1.439948586856617530, 0.4000000000000000222, -0.5790507347755186052 ) ) ;
#1811 = ORIENTED_EDGE ( 'NONE', *, *, #1210, .T. ) ;
#1812 = CARTESIAN_POINT ( 'NONE',  ( -0.3779768581267559657, -0.000000000000000000, 0.04728406233777898704 ) ) ;
#1813 = EDGE_CURVE ( 'NONE', #32, #2165, #1008, .T. ) ;
#1814 = DIRECTION ( 'NONE',  ( -0.000000000000000000, -1.000000000000000000, -0.000000000000000000 ) ) ;
#1815 = CARTESIAN_POINT ( 'NONE',  ( -1.247955441942401711, 0.000000000000000000, 0.2339202382206132524 ) ) ;
#1816 = CARTESIAN_POINT ( 'NONE',  ( 0.000000000000000000, 23.00000000000000000, 0.000000000000000000 ) ) ;
#1817 = CARTESIAN_POINT ( 'NONE',  ( -0.008999678667853672209, 0.000000000000000000, 0.6879040287990192404 ) ) ;
#1818 = CARTESIAN_POINT ( 'NONE',  ( -0.4799828622855391025, 0.000000000000000000, 1.583872038398692172 ) ) ;
#1819 = ORIENTED_EDGE ( 'NONE', *, *, #1004, .F. ) ;
#1820 = CARTESIAN_POINT ( 'NONE',  ( 0.4792111209050008425, -0.000000000000000000, -0.6667526964871793860 ) ) ;
#1821 = AXIS2_PLACEMENT_3D ( 'NONE', #1459, #2302, #1487 ) ;
#1822 = CARTESIAN_POINT ( 'NONE',  ( 0.4799828622855393245, 0.4000000000000000222, -0.6360486996719262320 ) ) ;
#1823 = CARTESIAN_POINT ( 'NONE',  ( 0.3240857160353843858, 0.000000000000000000, -0.1737728200484391083 ) ) ;
#1824 = VERTEX_POINT ( 'NONE', #2260 ) ;
#1825 = CARTESIAN_POINT ( 'NONE',  ( -0.09615893481445500490, 0.000000000000000000, 0.02419082877157912106 ) ) ;
#1826 = FACE_OUTER_BOUND ( 'NONE', #501, .T. ) ;
#1827 = CARTESIAN_POINT ( 'NONE',  ( -0.9119053798167283675, 0.000000000000000000, -1.281593662860509797 ) ) ;
#1828 = EDGE_CURVE ( 'NONE', #360, #2349, #373, .T. ) ;
#1829 = CARTESIAN_POINT ( 'NONE',  ( 1.047962582656760455, 0.000000000000000000, 1.583872038398692172 ) ) ;
#1830 = ORIENTED_EDGE ( 'NONE', *, *, #2497, .F. ) ;
#1831 = CARTESIAN_POINT ( 'NONE',  ( -0.008999678667853672209, 0.4000000000000000222, 0.6879040287990192404 ) ) ;
#1832 = CARTESIAN_POINT ( 'NONE',  ( -1.182818226839047693, 0.4000000000000000222, 0.03287285059877303323 ) ) ;
#1833 = FACE_OUTER_BOUND ( 'NONE', #1901, .T. ) ;
#1834 = VERTEX_POINT ( 'NONE', #1845 ) ;
#1835 = LINE ( 'NONE', #1674, #1655 ) ;
#1836 = CARTESIAN_POINT ( 'NONE',  ( -0.6817409994572374288, 0.000000000000000000, -1.338209641255999616 ) ) ;
#1837 = CARTESIAN_POINT ( 'NONE',  ( -1.139980308970711231, 0.000000000000000000, -1.189907737873334037 ) ) ;
#1838 = ADVANCED_FACE ( 'NONE', ( #2458 ), #22, .F. ) ;
#1839 = CARTESIAN_POINT ( 'NONE',  ( -1.246941268628276367, 0.4000000000000000222, 2.161977120088527826 ) ) ;
#1840 = ORIENTED_EDGE ( 'NONE', *, *, #989, .T. ) ;
#1841 = CARTESIAN_POINT ( 'NONE',  ( 0.3010759788225487732, 0.4000000000000000222, -1.141322813040843043 ) ) ;
#1842 = CARTESIAN_POINT ( 'NONE',  ( 1.044962689767475750, 0.000000000000000000, 2.351844618055555003 ) ) ;
#1843 = ORIENTED_EDGE ( 'NONE', *, *, #2248, .T. ) ;
#1844 = CARTESIAN_POINT ( 'NONE',  ( -0.6650440217982035440, 0.4000000000000000222, -2.043493230371892455 ) ) ;
#1845 = CARTESIAN_POINT ( 'NONE',  ( 1.044962689767475750, 0.000000000000000000, 2.351844618055555003 ) ) ;
#1846 = ORIENTED_EDGE ( 'NONE', *, *, #537, .T. ) ;
#1847 = CARTESIAN_POINT ( 'NONE',  ( -0.1949314738977100392, 0.000000000000000000, 0.03854867855827060624 ) ) ;
#1848 = CARTESIAN_POINT ( 'NONE',  ( -1.247955441942401711, -5.421010862427522170E-17, 2.102853508244931557 ) ) ;
#1849 = STYLED_ITEM ( 'NONE', ( #613 ), #2170 ) ;
#1850 = CARTESIAN_POINT ( 'NONE',  ( -0.9199263241960743409, 0.4000000000000000222, 0.01066172975072042159 ) ) ;
#1851 = CARTESIAN_POINT ( 'NONE',  ( -0.008999678667853672209, 0.000000000000000000, 0.6879040287990192404 ) ) ;
#1852 = EDGE_CURVE ( 'NONE', #2456, #2164, #1685, .T. ) ;
#1853 = DIRECTION ( 'NONE',  ( 0.000000000000000000, 1.000000000000000000, -0.000000000000000000 ) ) ;
#1854 = LINE ( 'NONE', #216, #166 ) ;
#1855 = ORIENTED_EDGE ( 'NONE', *, *, #194, .T. ) ;
#1856 = CARTESIAN_POINT ( 'NONE',  ( -1.404423486916956731, 0.4000000000000000222, -1.789260602169717718 ) ) ;
#1857 = CARTESIAN_POINT ( 'NONE',  ( -1.219394696958852053, 0.4000000000000000222, -1.148761369538511934 ) ) ;
#1858 = CARTESIAN_POINT ( 'NONE',  ( -0.008999678667853672209, 0.4000000000000000222, 0.6879040287990192404 ) ) ;
#1859 = ORIENTED_EDGE ( 'NONE', *, *, #2666, .T. ) ;
#1860 = UNCERTAINTY_MEASURE_WITH_UNIT (LENGTH_MEASURE( 1.000000000000000082E-05 ), #1363, 'distance_accuracy_value', 'NONE');
#1861 = B_SPLINE_CURVE_WITH_KNOTS ( 'NONE', 3,
 ( #727, #1572, #2414, #516, #1360, #2207, #308, #1152, #321, #2003, #99, #943, #2634, #2647, #1165, #542, #751, #1387, #149 ),
 .UNSPECIFIED., .F., .F.,
 ( 4, 1, 1, 1, 1, 1, 1, 1, 1, 1, 1, 1, 1, 1, 1, 1, 4 ),
 ( 0.000000000000000000, 0.06668567623027281399, 0.1304254056694791053, 0.1919321636410383225, 0.2514770662600572804, 0.3096660375387171871, 0.3663878515825531590, 0.4233472701047408249, 0.4803985275882508565, 0.5382855084801243528, 0.5973429329442643265, 0.6585070322163868450, 0.7219747762422163984, 0.7877439247664642652, 0.8554425030463731483, 0.9263382158012243295, 1.000000000000000000 ),
 .UNSPECIFIED. ) ;
#1862 = CARTESIAN_POINT ( 'NONE',  ( -1.027963296728195974, 0.4000000000000000222, 2.351844618055555003 ) ) ;
#1863 = CARTESIAN_POINT ( 'NONE',  ( -1.037695886607396423, 0.4000000000000000222, -1.236395845463457155 ) ) ;
#1864 = CARTESIAN_POINT ( 'NONE',  ( -1.314380114619044138, 0.000000000000000000, -1.106692493975250713 ) ) ;
#1865 = CARTESIAN_POINT ( 'NONE',  ( -0.2189397291078156171, 0.4000000000000000222, -2.062982383946963427 ) ) ;
#1866 = CARTESIAN_POINT ( 'NONE',  ( 0.3877509541771188561, 0.4000000000000000222, -1.027445408763209889 ) ) ;
#1867 = CARTESIAN_POINT ( 'NONE',  ( 1.076261774804988525, 0.000000000000000000, 2.349035220842855765 ) ) ;
#1868 = CARTESIAN_POINT ( 'NONE',  ( 5.327213576290986242E-16, 20.50000000000001066, 4.349999999999999645 ) ) ;
#1869 = EDGE_LOOP ( 'NONE', ( #1219, #458, #1390, #2632 ) ) ;
#1870 = CARTESIAN_POINT ( 'NONE',  ( -1.363906932439563846, 0.4000000000000000222, -1.843835104744938391 ) ) ;
#1871 = AXIS2_PLACEMENT_3D ( 'NONE', #90, #1801, #1322 ) ;
#1872 = CARTESIAN_POINT ( 'NONE',  ( -0.4799828622855391025, 0.000000000000000000, 0.6679047428704547595 ) ) ;
#1873 = EDGE_CURVE ( 'NONE', #1376, #1228, #2295, .T. ) ;
#1874 = CARTESIAN_POINT ( 'NONE',  ( -1.067961868585324492, 0.000000000000000000, 0.007928307227838583826 ) ) ;
#1875 = VERTEX_POINT ( 'NONE', #1244 ) ;
#1876 = DIRECTION ( 'NONE',  ( 1.000000000000000000, -0.000000000000000000, 0.000000000000000000 ) ) ;
#1877 = LINE ( 'NONE', #2719, #1989 ) ;
#1878 = B_SPLINE_SURFACE_WITH_KNOTS ( 'NONE', 3, 1, ( 
 ( #2392, #2187 ),
 ( #290, #1132 ),
 ( #934, #1979 ),
 ( #78, #1380 ),
 ( #1787, #1803 ),
 ( #919, #1773 ),
 ( #720, #1565 ),
 ( #2408, #2641 ),
 ( #510, #1353 ),
 ( #2202, #302 ),
 ( #745, #1594 ),
 ( #2434, #1145 ),
 ( #1171, #1994 ),
 ( #2025, #121 ),
 ( #546, #1393 ),
 ( #997, #1847 ),
 ( #1606, #2690 ),
 ( #1629, #2471 ),
 ( #804, #2241 ) ),
 .UNSPECIFIED., .F., .F., .F.,
 ( 4, 1, 1, 1, 1, 1, 1, 1, 1, 1, 1, 1, 1, 1, 1, 1, 4 ),
 ( 2, 2 ),
 ( 0.000000000000000000, 0.06192174646320765946, 0.1203487945143631721, 0.1758886205876626085, 0.2296995808163501684, 0.2826418874001434545, 0.3337207366340240733, 0.3859118890175427530, 0.4384628861662888677, 0.4932271070379967703, 0.5513770291882420516, 0.6124230311764599088, 0.6779909905287060390, 0.7491383699953314546, 0.8257088022718023224, 0.9094733098359435441, 1.000000000000000000 ),
 ( 0.000000000000000000, 1.000000000000000000 ),
 .UNSPECIFIED. ) ;
#1879 = VECTOR ( 'NONE', #672, 1000.000000000000000 ) ;
#1880 = AXIS2_PLACEMENT_3D ( 'NONE', #737, #2014, #761 ) ;
#1881 = CARTESIAN_POINT ( 'NONE',  ( -1.247599975745953715, 0.4000000000000000222, 2.123576243826304832 ) ) ;
#1882 = CARTESIAN_POINT ( 'NONE',  ( 0.6074803189997154407, 0.4000000000000000222, 0.6086226621750586707 ) ) ;
#1883 = DIRECTION ( 'NONE',  ( 0.000000000000000000, 0.000000000000000000, 1.000000000000000000 ) ) ;
#1884 = DIRECTION ( 'NONE',  ( -1.000000000000000000, 0.000000000000000000, 0.000000000000000000 ) ) ;
#1885 = ORIENTED_EDGE ( 'NONE', *, *, #2418, .T. ) ;
#1886 = ORIENTED_EDGE ( 'NONE', *, *, #770, .F. ) ;
#1887 = CARTESIAN_POINT ( 'NONE',  ( -1.217306518483291633, 0.000000000000000000, -1.916285096505051300 ) ) ;
#1888 = DIRECTION ( 'NONE',  ( -0.000000000000000000, -1.000000000000000000, -0.000000000000000000 ) ) ;
#1889 = CARTESIAN_POINT ( 'NONE',  ( -1.328952549953086315, 0.000000000000000000, -1.104031990400327068 ) ) ;
#1890 = EDGE_CURVE ( 'NONE', #1439, #1419, #193, .T. ) ;
#1891 = CARTESIAN_POINT ( 'NONE',  ( -1.236732111800200373, 0.000000000000000000, 2.214876364216857407 ) ) ;
#1892 = CARTESIAN_POINT ( 'NONE',  ( -0.2189397291078156171, -0.000000000000000000, -2.062982383946963427 ) ) ;
#1893 = CARTESIAN_POINT ( 'NONE',  ( 1.183785338698627676, -0.000000000000000000, 2.004883660615231378 ) ) ;
#1894 = CARTESIAN_POINT ( 'NONE',  ( 0.2579105973405547148, 0.4000000000000000222, -2.010815217650203657 ) ) ;
#1895 = CARTESIAN_POINT ( 'NONE',  ( 1.183468775929148009, 0.4000000000000000222, 2.063693255299706042 ) ) ;
#1896 = FACE_OUTER_BOUND ( 'NONE', #367, .T. ) ;
#1897 = CARTESIAN_POINT ( 'NONE',  ( 0.2729052283002285084, 0.000000000000000000, -0.1276755592543554751 ) ) ;
#1898 = ORIENTED_EDGE ( 'NONE', *, *, #2091, .T. ) ;
#1899 = CARTESIAN_POINT ( 'NONE',  ( -1.439629456384841300, 0.000000000000000000, -1.479681350502807247 ) ) ;
#1900 = LINE ( 'NONE', #400, #336 ) ;
#1901 = EDGE_LOOP ( 'NONE', ( #1083, #1137, #2680, #2495 ) ) ;
#1902 = CARTESIAN_POINT ( 'NONE',  ( 1.166544530321070638, 0.4000000000000000222, 2.210872955257438655 ) ) ;
#1903 = CARTESIAN_POINT ( 'NONE',  ( -1.197941012570358010, -5.421010862427522170E-17, 2.294775721742916552 ) ) ;
#1904 = CARTESIAN_POINT ( 'NONE',  ( 1.176134645459914196, 0.000000000000000000, 2.144447295916679597 ) ) ;
#1905 = EDGE_CURVE ( 'NONE', #2118, #575, #1389, .T. ) ;
#1907 = EDGE_CURVE ( 'NONE', #491, #1797, #561, .T. ) ;
#1906 = CARTESIAN_POINT ( 'NONE',  ( -0.04999801181359505436, -0.000000000000000000, 0.6875929107068848856 ) ) ;
#1908 = CARTESIAN_POINT ( 'NONE',  ( 0.05127625478736871217, -5.421010862427522170E-17, -1.296118816148819519 ) ) ;
#1909 = CARTESIAN_POINT ( 'NONE',  ( 1.183729472495536950, -0.000000000000000000, 1.941175572023472906 ) ) ;
#1910 = CARTESIAN_POINT ( 'NONE',  ( 1.165959331881388561, 0.4000000000000000222, 1.732820566019847019 ) ) ;
#1911 = CARTESIAN_POINT ( 'NONE',  ( -1.439948586856617530, 0.4000000000000000222, -1.452019565557343128 ) ) ;
#1912 = ORIENTED_EDGE ( 'NONE', *, *, #80, .T. ) ;
#1913 = CARTESIAN_POINT ( 'NONE',  ( 1.064846171945130759, 0.4000000000000000222, 0.3658363826781461658 ) ) ;
#1914 = CARTESIAN_POINT ( 'NONE',  ( -1.378219461417371283, 0.4000000000000000222, -1.120833074830319687 ) ) ;
#1915 = ORIENTED_EDGE ( 'NONE', *, *, #1476, .T. ) ;
#1916 = CARTESIAN_POINT ( 'NONE',  ( -0.09520692039594712275, 0.4000000000000000222, -2.060989848562855276 ) ) ;
#1917 = CARTESIAN_POINT ( 'NONE',  ( 1.131333877481113026, 0.000000000000000000, 2.304065642525505719 ) ) ;
#1918 = DIRECTION ( 'NONE',  ( 0.000000000000000000, 0.7071067811865460184, 0.7071067811865490160 ) ) ;
#1919 = CARTESIAN_POINT ( 'NONE',  ( -0.008999678667853672209, 0.000000000000000000, 0.6879040287990192404 ) ) ;
#1920 = CARTESIAN_POINT ( 'NONE',  ( 1.168775155160074464, 0.000000000000000000, -1.463629965350327744 ) ) ;
#1921 = CARTESIAN_POINT ( 'NONE',  ( 1.150121645516674063, 0.4000000000000000222, 2.263110253584544651 ) ) ;
#1922 = CARTESIAN_POINT ( 'NONE',  ( -1.439391636922004114, -0.000000000000000000, -1.422021974909466469 ) ) ;
#1923 = EDGE_CURVE ( 'NONE', #724, #2349, #1249, .T. ) ;
#1924 = CARTESIAN_POINT ( 'NONE',  ( -1.111118239484212733, 0.000000000000000000, 0.009259711502909712469 ) ) ;
#1925 = CARTESIAN_POINT ( 'NONE',  ( 0.4025385084273851999, 0.000000000000000000, -0.2831287806419268693 ) ) ;
#1926 = CARTESIAN_POINT ( 'NONE',  ( 1.183957726970996660, 0.4000000000000000222, 1.972858149709264097 ) ) ;
#1927 = CARTESIAN_POINT ( 'NONE',  ( -1.426467820698710698, 0.4000000000000000222, -1.712510456895407485 ) ) ;
#1928 = CARTESIAN_POINT ( 'NONE',  ( -0.9924338463174284808, 0.000000000000000000, -1.984355764559102342 ) ) ;
#1929 = ORIENTED_EDGE ( 'NONE', *, *, #1890, .T. ) ;
#1930 = CARTESIAN_POINT ( 'NONE',  ( 1.183957726970996660, 0.000000000000000000, 1.972858149709264097 ) ) ;
#1931 = CARTESIAN_POINT ( 'NONE',  ( -1.067961868585324492, 0.4000000000000000222, 0.007928307227838583826 ) ) ;
#1932 = CARTESIAN_POINT ( 'NONE',  ( 0.3469427678981449326, 0.4000000000000000222, -1.086622050769344927 ) ) ;
#1933 = FACE_OUTER_BOUND ( 'NONE', #48, .T. ) ;
#1934 = CARTESIAN_POINT ( 'NONE',  ( 0.04736088122144113677, -0.000000000000000000, 0.6869582580727755516 ) ) ;
#1935 = CARTESIAN_POINT ( 'NONE',  ( -1.182818226839047693, 0.4000000000000000222, 0.03287285059877303323 ) ) ;
#1936 = CARTESIAN_POINT ( 'NONE',  ( 0.3469427678981449326, 0.4000000000000000222, -1.086622050769344927 ) ) ;
#1937 = DIRECTION ( 'NONE',  ( 0.000000000000000000, -1.000000000000000000, -0.000000000000000000 ) ) ;
#1938 = CARTESIAN_POINT ( 'NONE',  ( 0.4799828622855393245, 0.4000000000000000222, -0.6360486996719262320 ) ) ;
#1939 = AXIS2_PLACEMENT_3D ( 'NONE', #2530, #2504, #1227 ) ;
#1940 = CARTESIAN_POINT ( 'NONE',  ( -0.4799828622855391025, 0.4000000000000000222, 0.6679047428704547595 ) ) ;
#1941 = ORIENTED_EDGE ( 'NONE', *, *, #2228, .F. ) ;
#1942 = ORIENTED_EDGE ( 'NONE', *, *, #568, .T. ) ;
#1943 = EDGE_CURVE ( 'NONE', #412, #1631, #2227, .T. ) ;
#1944 = CARTESIAN_POINT ( 'NONE',  ( 0.4671804990632407728, 0.000000000000000000, 0.6441881245754571550 ) ) ;
#1945 = CARTESIAN_POINT ( 'NONE',  ( -0.8377479958039110164, 0.4000000000000000222, -2.016303457376916519 ) ) ;
#1946 = ORIENTED_EDGE ( 'NONE', *, *, #1041, .F. ) ;
#1947 = CARTESIAN_POINT ( 'NONE',  ( -0.2189397291078156171, 0.4000000000000000222, -2.062982383946963427 ) ) ;
#1948 = CARTESIAN_POINT ( 'NONE',  ( 1.183957726970996660, 0.000000000000000000, 1.972858149709264097 ) ) ;
#1949 = AXIS2_PLACEMENT_3D ( 'NONE', #450, #1684, #1746 ) ;
#1950 = CARTESIAN_POINT ( 'NONE',  ( -1.197941012570358010, 0.4000000000000000222, 2.294775721742916552 ) ) ;
#1951 = CARTESIAN_POINT ( 'NONE',  ( -0.008999678667853672209, 5.421010862427522170E-17, 0.6879040287990192404 ) ) ;
#1952 = DIRECTION ( 'NONE',  ( 0.000000000000000000, 1.000000000000000000, -0.000000000000000000 ) ) ;
#1953 = CARTESIAN_POINT ( 'NONE',  ( 0.3669165962275048321, 0.4000000000000000222, -0.2258280920905098577 ) ) ;
#1954 = CARTESIAN_POINT ( 'NONE',  ( -0.1949314738977100392, 0.000000000000000000, 0.03854867855827060624 ) ) ;
#1955 = VERTEX_POINT ( 'NONE', #2420 ) ;
#1956 = LINE ( 'NONE', #899, #2011 ) ;
#1957 = CARTESIAN_POINT ( 'NONE',  ( 0.1572910862111071284, 0.000000000000000000, 0.6851135501775132974 ) ) ;
#1958 = CARTESIAN_POINT ( 'NONE',  ( -1.404423486916956731, 0.4000000000000000222, -1.789260602169717718 ) ) ;
#1959 = ORIENTED_EDGE ( 'NONE', *, *, #1559, .T. ) ;
#1960 = CARTESIAN_POINT ( 'NONE',  ( 1.058560375976348444, -0.000000000000000000, 1.585058306594328226 ) ) ;
#1961 = EDGE_CURVE ( 'NONE', #97, #340, #964, .T. ) ;
#1962 = LINE ( 'NONE', #2171, #2012 ) ;
#1963 = DIRECTION ( 'NONE',  ( 0.000000000000000000, 0.000000000000000000, -1.000000000000000000 ) ) ;
#1964 = VERTEX_POINT ( 'NONE', #107 ) ;
#1965 = DIRECTION ( 'NONE',  ( 0.000000000000000000, 0.000000000000000000, -1.000000000000000000 ) ) ;
#1966 = CARTESIAN_POINT ( 'NONE',  ( 1.438393196965378262, 0.000000000000000000, -0.6361256973534341608 ) ) ;
#1967 = CARTESIAN_POINT ( 'NONE',  ( 1.439948586856617530, 0.4000000000000000222, -0.5790507347755186052 ) ) ;
#1968 = CARTESIAN_POINT ( 'NONE',  ( 0.1883305849817723254, -5.421010862427522170E-17, -1.231138855090800011 ) ) ;
#1969 = CARTESIAN_POINT ( 'NONE',  ( 1.152941218360432618, 0.4000000000000000222, 0.2820298444381529879 ) ) ;
#1970 = CARTESIAN_POINT ( 'NONE',  ( -1.312122515481977114, 0.4000000000000000222, -1.875368598061878389 ) ) ;
#1971 = ORIENTED_EDGE ( 'NONE', *, *, #1072, .T. ) ;
#1972 = CARTESIAN_POINT ( 'NONE',  ( 0.2476125408753972745, 0.000000000000000000, -1.189342020755253637 ) ) ;
#1973 = CARTESIAN_POINT ( 'NONE',  ( 1.044962689767475750, 0.4000000000000000222, 2.351844618055555003 ) ) ;
#1974 = CARTESIAN_POINT ( 'NONE',  ( -0.8377479958039110164, 0.000000000000000000, -2.016303457376916519 ) ) ;
#1975 = ORIENTED_EDGE ( 'NONE', *, *, #1427, .F. ) ;
#1976 = CARTESIAN_POINT ( 'NONE',  ( 1.412109355121003773, 0.000000000000000000, -0.9107249189582751203 ) ) ;
#1977 = FACE_OUTER_BOUND ( 'NONE', #829, .T. ) ;
#1978 = EDGE_CURVE ( 'NONE', #1964, #1834, #1324, .T. ) ;
#1979 = CARTESIAN_POINT ( 'NONE',  ( 0.4783053923404966823, 0.000000000000000000, -0.5574959031943037546 ) ) ;
#1980 = CARTESIAN_POINT ( 'NONE',  ( -0.2189397291078156171, 0.4000000000000000222, -2.062982383946963427 ) ) ;
#1981 = PRODUCT_CONTEXT ( 'NONE', #2691, 'mechanical' ) ;
#1982 = CARTESIAN_POINT ( 'NONE',  ( 0.4792111209050008425, -5.421010862427522170E-17, -0.6667526964871793860 ) ) ;
#1983 = CARTESIAN_POINT ( 'NONE',  ( 0.3877509541771188561, 0.4000000000000000222, -1.027445408763209889 ) ) ;
#1984 = CARTESIAN_POINT ( 'NONE',  ( -0.09615893481445500490, 0.4000000000000000222, 0.02419082877157912106 ) ) ;
#1985 = CARTESIAN_POINT ( 'NONE',  ( 1.047962582656760455, 0.000000000000000000, 1.583872038398692172 ) ) ;
#1986 = ORIENTED_EDGE ( 'NONE', *, *, #1401, .T. ) ;
#1987 = CARTESIAN_POINT ( 'NONE',  ( -0.4787026817218706376, 0.4000000000000000222, 0.04721066278136827610 ) ) ;
#1988 = DIRECTION ( 'NONE',  ( -1.000000000000000000, 0.000000000000000000, -0.000000000000000000 ) ) ;
#1989 = VECTOR ( 'NONE', #1806, 1000.000000000000000 ) ;
#1990 = CARTESIAN_POINT ( 'NONE',  ( -1.426467820698710698, 0.000000000000000000, -1.712510456895407485 ) ) ;
#1991 = ORIENTED_EDGE ( 'NONE', *, *, #1460, .F. ) ;
#1992 = CARTESIAN_POINT ( 'NONE',  ( -1.337467840255959439, 0.4000000000000000222, -1.104709356437193701 ) ) ;
#1993 = B_SPLINE_SURFACE_WITH_KNOTS ( 'NONE', 3, 1, ( 
 ( #1967, #954 ),
 ( #1159, #2394 ),
 ( #1805, #707 ),
 ( #222, #1976 ),
 ( #1547, #2389 ),
 ( #2373, #17 ),
 ( #274, #443 ),
 ( #475, #858 ),
 ( #75, #2535 ),
 ( #1739, #889 ),
 ( #1513, #2356 ),
 ( #1128, #1480 ),
 ( #639, #492 ),
 ( #2320, #1707 ),
 ( #2155, #2552 ),
 ( #1272, #258 ),
 ( #1916, #1099 ),
 ( #1947, #428 ),
 ( #656, #1335 ) ),
 .UNSPECIFIED., .F., .F., .F.,
 ( 4, 1, 1, 1, 1, 1, 1, 1, 1, 1, 1, 1, 1, 1, 1, 1, 4 ),
 ( 2, 2 ),
 ( 0.000000000000000000, 0.06668567623027281399, 0.1304254056694791053, 0.1919321636410383225, 0.2514770662600572804, 0.3096660375387171871, 0.3663878515825531590, 0.4233472701047408249, 0.4803985275882508565, 0.5382855084801243528, 0.5973429329442643265, 0.6585070322163868450, 0.7219747762422163984, 0.7877439247664642652, 0.8554425030463731483, 0.9263382158012243295, 1.000000000000000000 ),
 ( 0.000000000000000000, 1.000000000000000000 ),
 .UNSPECIFIED. ) ;
#1994 = CARTESIAN_POINT ( 'NONE',  ( 0.07556161281690439158, 0.000000000000000000, -0.01932537229841123014 ) ) ;
#1995 = ADVANCED_FACE ( 'NONE', ( #2600 ), #1878, .F. ) ;
#1996 = CARTESIAN_POINT ( 'NONE',  ( 1.064846171945130759, 0.4000000000000000222, 0.3658363826781461658 ) ) ;
#1997 = EDGE_CURVE ( 'NONE', #2105, #1423, #341, .T. ) ;
#1998 = CARTESIAN_POINT ( 'NONE',  ( -1.339664895513898113, 0.000000000000000000, -1.861712221881329565 ) ) ;
#1999 = ADVANCED_FACE ( 'NONE', ( #757 ), #793, .F. ) ;
#2000 = CARTESIAN_POINT ( 'NONE',  ( -1.219394696958852053, 0.4000000000000000222, -1.148761369538511934 ) ) ;
#2001 = ORIENTED_EDGE ( 'NONE', *, *, #1131, .T. ) ;
#2002 = CARTESIAN_POINT ( 'NONE',  ( 0.4783053923404966823, 0.4000000000000000222, -0.5574959031943037546 ) ) ;
#2003 = CARTESIAN_POINT ( 'NONE',  ( 0.9670795134015615080, 0.4000000000000000222, -1.676505713564996780 ) ) ;
#2004 = CARTESIAN_POINT ( 'NONE',  ( -1.277664882511115652, 0.4000000000000000222, -1.113395629315237834 ) ) ;
#2005 = ORIENTED_EDGE ( 'NONE', *, *, #942, .T. ) ;
#2006 = FACE_OUTER_BOUND ( 'NONE', #1869, .T. ) ;
#2007 = CARTESIAN_POINT ( 'NONE',  ( 1.044962689767475750, 0.4000000000000000222, 2.351844618055555003 ) ) ;
#2008 = CARTESIAN_POINT ( 'NONE',  ( -0.008999678667853672209, 5.421010862427522170E-17, 0.6879040287990192404 ) ) ;
#2009 = CARTESIAN_POINT ( 'NONE',  ( 0.000000000000000000, 20.50000000000001066, 0.000000000000000000 ) ) ;
#2010 = CARTESIAN_POINT ( 'NONE',  ( 1.152941218360432618, 0.4000000000000000222, 0.2820298444381529879 ) ) ;
#2011 = VECTOR ( 'NONE', #1750, 1000.000000000000000 ) ;
#2012 = VECTOR ( 'NONE', #743, 1000.000000000000000 ) ;
#2013 = CARTESIAN_POINT ( 'NONE',  ( -1.219394696958852053, 0.000000000000000000, -1.148761369538511934 ) ) ;
#2014 = DIRECTION ( 'NONE',  ( -0.000000000000000000, 1.000000000000000000, -0.000000000000000000 ) ) ;
#2015 = ORIENTED_EDGE ( 'NONE', *, *, #2017, .T. ) ;
#2016 = CARTESIAN_POINT ( 'NONE',  ( -0.5966688927941965481, 0.4000000000000000222, 0.04584169567052152200 ) ) ;
#2017 = EDGE_CURVE ( 'NONE', #699, #857, #1075, .T. ) ;
#2018 = CARTESIAN_POINT ( 'NONE',  ( 1.438859316988277515, 0.4000000000000000222, -0.5286629039060950497 ) ) ;
#2019 = VERTEX_POINT ( 'NONE', #355 ) ;
#2020 = CARTESIAN_POINT ( 'NONE',  ( 0.2729052283002285084, 0.000000000000000000, -0.1276755592543554751 ) ) ;
#2021 = VECTOR ( 'NONE', #717, 1000.000000000000000 ) ;
#2022 = B_SPLINE_CURVE_WITH_KNOTS ( 'NONE', 3,
 ( #2409, #721, #1354, #92, #935, #746, #2629 ),
 .UNSPECIFIED., .F., .F.,
 ( 4, 1, 1, 1, 4 ),
 ( 0.000000000000000000, 0.2470226549002673966, 0.4890366114064085279, 0.7392319736313518463, 0.9999999999999998890 ),
 .UNSPECIFIED. ) ;
#2023 = CARTESIAN_POINT ( 'NONE',  ( -0.4799828622855391025, 0.4000000000000000222, 0.6679047428704547595 ) ) ;
#2024 = VECTOR ( 'NONE', #513, 1000.000000000000000 ) ;
#2025 = CARTESIAN_POINT ( 'NONE',  ( -0.005965991870497382860, 0.4000000000000000222, 0.005981896194280635418 ) ) ;
#2026 = CARTESIAN_POINT ( 'NONE',  ( 1.436738317860785097, 0.4000000000000000222, -0.4305489760204638250 ) ) ;
#2027 = CARTESIAN_POINT ( 'NONE',  ( -0.3799864326427184191, 0.000000000000000000, -1.360022850285947715 ) ) ;
#2028 = CARTESIAN_POINT ( 'NONE',  ( -1.139980308970711231, 0.4000000000000000222, -1.189907737873334037 ) ) ;
#2029 = ORIENTED_EDGE ( 'NONE', *, *, #1517, .T. ) ;
#2030 = CARTESIAN_POINT ( 'NONE',  ( -0.7650681950337299142, 0.000000000000000000, 0.02893429074567172715 ) ) ;
#2031 = CARTESIAN_POINT ( 'NONE',  ( -1.438376195047441186, 0.4000000000000000222, -1.367329788436739024 ) ) ;
#2032 = EDGE_CURVE ( 'NONE', #2077, #738, #600, .T. ) ;
#2033 = ORIENTED_EDGE ( 'NONE', *, *, #230, .F. ) ;
#2034 = CARTESIAN_POINT ( 'NONE',  ( 1.183957726970996660, 0.4000000000000000222, 1.972858149709264097 ) ) ;
#2035 = DIRECTION ( 'NONE',  ( -0.000000000000000000, -1.000000000000000000, -0.000000000000000000 ) ) ;
#2036 = DIRECTION ( 'NONE',  ( -1.000000000000000000, 0.000000000000000000, -0.000000000000000000 ) ) ;
#2037 = CARTESIAN_POINT ( 'NONE',  ( 0.1572910862111071284, 0.4000000000000000222, 0.6851135501775132974 ) ) ;
#2038 = DIRECTION ( 'NONE',  ( 0.000000000000000000, 0.000000000000000000, -1.000000000000000000 ) ) ;
#2039 = ORIENTED_EDGE ( 'NONE', *, *, #2166, .F. ) ;
#2040 = B_SPLINE_CURVE_WITH_KNOTS ( 'NONE', 3,
 ( #1265, #1922, #1105, #2102, #1471, #837, #865, #419, #435, #1279, #679 ),
 .UNSPECIFIED., .F., .F.,
 ( 4, 1, 1, 1, 1, 1, 1, 1, 4 ),
 ( 0.000000000000000000, 0.2278627500649795801, 0.4154437655687070463, 0.5715174470384146721, 0.6949499522240210059, 0.7957215748553370105, 0.8712340353797133341, 0.9359155541655415078, 1.000000000000000000 ),
 .UNSPECIFIED. ) ;
#2041 = CARTESIAN_POINT ( 'NONE',  ( 1.438859316988277515, 0.4000000000000000222, -0.5286629039060950497 ) ) ;
#2042 = AXIS2_PLACEMENT_3D ( 'NONE', #714, #1794, #2621 ) ;
#2043 = CARTESIAN_POINT ( 'NONE',  ( -1.182818226839047693, 0.000000000000000000, 0.03287285059877303323 ) ) ;
#2044 = CARTESIAN_POINT ( 'NONE',  ( 0.4799828622855393245, 0.4000000000000000222, -0.6360486996719262320 ) ) ;
#2045 = EDGE_LOOP ( 'NONE', ( #788, #1830, #873, #1032 ) ) ;
#2046 = CARTESIAN_POINT ( 'NONE',  ( -0.4799828622855391025, 0.4000000000000000222, 1.583872038398692172 ) ) ;
#2047 = CARTESIAN_POINT ( 'NONE',  ( -1.435474416481652193, 0.4000000000000000222, -1.292072512818564389 ) ) ;
#2048 = ADVANCED_FACE ( 'NONE', ( #768 ), #375, .F. ) ;
#2049 = DIRECTION ( 'NONE',  ( 0.000000000000000000, -1.000000000000000000, 0.000000000000000000 ) ) ;
#2050 = CARTESIAN_POINT ( 'NONE',  ( 1.412109355121003773, 0.4000000000000000222, -0.9107249189582751203 ) ) ;
#2051 = ORIENTED_EDGE ( 'NONE', *, *, #1210, .F. ) ;
#2052 = CARTESIAN_POINT ( 'NONE',  ( 1.064846171945130759, 0.000000000000000000, 0.3658363826781461658 ) ) ;
#2053 = CARTESIAN_POINT ( 'NONE',  ( -1.439948586856617530, 0.000000000000000000, -1.452019565557343128 ) ) ;
#2054 = B_SPLINE_CURVE_WITH_KNOTS ( 'NONE', 3,
 ( #2007, #300, #703, #2406, #2212, #1170, #918, #312, #102, #2419, #904 ),
 .UNSPECIFIED., .F., .F.,
 ( 4, 1, 1, 1, 1, 1, 1, 1, 4 ),
 ( 0.000000000000000000, 0.06924044578327213928, 0.1426589713602619269, 0.2247749432160125460, 0.3245570504637176334, 0.4462440293682085612, 0.5985730100914052887, 0.7813978397191543301, 1.000000000000000000 ),
 .UNSPECIFIED. ) ;
#2055 = ORIENTED_EDGE ( 'NONE', *, *, #227, .T. ) ;
#2056 = CARTESIAN_POINT ( 'NONE',  ( -0.3483568364702203657, 0.4000000000000000222, -2.062827871151883929 ) ) ;
#2057 = CARTESIAN_POINT ( 'NONE',  ( -1.328952549953086315, 0.000000000000000000, -1.104031990400327068 ) ) ;
#2058 = CARTESIAN_POINT ( 'NONE',  ( -1.247955441942401711, 0.4000000000000000222, 0.2339202382206132524 ) ) ;
#2059 = EDGE_CURVE ( 'NONE', #1271, #1168, #143, .T. ) ;
#2060 = PLANE ( 'NONE',  #1752 ) ;
#2061 = CARTESIAN_POINT ( 'NONE',  ( -0.4169851116105620648, 0.4000000000000000222, 0.04792687908496692795 ) ) ;
#2062 = CARTESIAN_POINT ( 'NONE',  ( -1.426872986434473578, 0.000000000000000000, -1.231030920226127590 ) ) ;
#2063 = CARTESIAN_POINT ( 'NONE',  ( 1.132612222574930216, 0.000000000000000000, 1.636851912259617015 ) ) ;
#2064 = ORIENTED_EDGE ( 'NONE', *, *, #694, .F. ) ;
#2065 = CARTESIAN_POINT ( 'NONE',  ( -0.8377479958039110164, 0.000000000000000000, -2.016303457376916519 ) ) ;
#2066 = CARTESIAN_POINT ( 'NONE',  ( -0.4799828622855391025, 0.4000000000000000222, 0.6679047428704547595 ) ) ;
#2067 = LINE ( 'NONE', #1208, #1167 ) ;
#2068 =( GEOMETRIC_REPRESENTATION_CONTEXT ( 3 ) GLOBAL_UNCERTAINTY_ASSIGNED_CONTEXT ( ( #1640 ) ) GLOBAL_UNIT_ASSIGNED_CONTEXT ( ( #77, #313, #1590 ) ) REPRESENTATION_CONTEXT ( 'NONE', 'WORKASPACE' ) );
#2069 = CARTESIAN_POINT ( 'NONE',  ( -0.5883514775486594628, 0.000000000000000000, -1.351644762751338158 ) ) ;
#2070 = B_SPLINE_CURVE_WITH_KNOTS ( 'NONE', 3,
 ( #2705, #967, #2656, #806, #1654, #2085, #1442, #2287, #390, #1356, #1998, #95, #1790, #200, #225, #2158, #2571, #1727, #614, #659, #1043 ),
 .UNSPECIFIED., .F., .F.,
 ( 4, 1, 1, 1, 1, 1, 1, 1, 1, 1, 1, 1, 1, 1, 1, 1, 1, 1, 4 ),
 ( 0.000000000000000000, 0.1306752112654220310, 0.2545745579850597351, 0.3701481710488373489, 0.4748063812327901201, 0.5654174981725611504, 0.6388947687929286134, 0.6686345176865096107, 0.6941736277732589722, 0.7135557382652975011, 0.7290464160393709259, 0.7531983634708723230, 0.7761616228554111263, 0.7998270582353894653, 0.8268895189503111531, 0.8593777350118977365, 0.8982418496444529721, 0.9455180763175817793, 1.000000000000000000 ),
 .UNSPECIFIED. ) ;
#2071 = CARTESIAN_POINT ( 'NONE',  ( -0.2819899315927542061, 0.4000000000000000222, -2.063997714971405273 ) ) ;
#2072 = CARTESIAN_POINT ( 'NONE',  ( 0.3171540006644647525, 0.4000000000000000222, 0.6704224575574091460 ) ) ;
#2073 = CYLINDRICAL_SURFACE ( 'NONE', #1601, 4.349999999999999645 ) ;
#2074 = EDGE_CURVE ( 'NONE', #2090, #857, #2677, .T. ) ;
#2075 = EDGE_CURVE ( 'NONE', #1646, #412, #2067, .T. ) ;
#2076 = CARTESIAN_POINT ( 'NONE',  ( 1.026796304516508052, 0.4000000000000000222, 0.3946330581267017412 ) ) ;
#2077 = VERTEX_POINT ( 'NONE', #2058 ) ;
#2078 = CARTESIAN_POINT ( 'NONE',  ( -1.439948586856617530, 0.4000000000000000222, -1.452019565557343128 ) ) ;
#2079 = CARTESIAN_POINT ( 'NONE',  ( -0.3799864326427184191, 0.4000000000000000222, -1.360022850285947715 ) ) ;
#2080 = CARTESIAN_POINT ( 'NONE',  ( -1.438376195047441186, 0.4000000000000000222, -1.367329788436739024 ) ) ;
#2081 = EDGE_LOOP ( 'NONE', ( #2444, #991, #1408, #273 ) ) ;
#2082 = CARTESIAN_POINT ( 'NONE',  ( -1.247955441942401711, 0.4000000000000000222, 0.2339202382206132524 ) ) ;
#2083 = CARTESIAN_POINT ( 'NONE',  ( -1.246941268628276367, 0.4000000000000000222, 2.161977120088527826 ) ) ;
#2084 = B_SPLINE_CURVE_WITH_KNOTS ( 'NONE', 3,
 ( #2531, #1474, #57, #1735, #2738, #1301, #1718, #1687, #421, #1268, #218 ),
 .UNSPECIFIED., .F., .F.,
 ( 4, 1, 1, 1, 1, 1, 1, 1, 4 ),
 ( 0.000000000000000000, 0.2131923673497059246, 0.3978394130439615872, 0.5501753220271278222, 0.6737585725198482756, 0.7731137772225545879, 0.8575709911369205907, 0.9291565985966739882, 1.000000000000000000 ),
 .UNSPECIFIED. ) ;
#2085 = CARTESIAN_POINT ( 'NONE',  ( -0.9924338463174284808, 0.000000000000000000, -1.984355764559102342 ) ) ;
#2086 = CARTESIAN_POINT ( 'NONE',  ( -0.5966688927941965481, 0.000000000000000000, 0.04584169567052152200 ) ) ;
#2087 = CARTESIAN_POINT ( 'NONE',  ( 0.9670404567535788587, 0.4000000000000000222, 0.4418186147307928691 ) ) ;
#2088 = FACE_BOUND ( 'NONE', #2388, .T. ) ;
#2089 = DIRECTION ( 'NONE',  ( -0.000000000000000000, -1.000000000000000000, -0.000000000000000000 ) ) ;
#2090 = VERTEX_POINT ( 'NONE', #170 ) ;
#2091 = EDGE_CURVE ( 'NONE', #1955, #319, #1010, .T. ) ;
#2092 = CARTESIAN_POINT ( 'NONE',  ( -0.2819899315927542061, 0.4000000000000000222, -2.063997714971405273 ) ) ;
#2093 = VECTOR ( 'NONE', #988, 1000.000000000000000 ) ;
#2094 = DIRECTION ( 'NONE',  ( 0.000000000000000000, -1.000000000000000000, 0.000000000000000000 ) ) ;
#2095 = CARTESIAN_POINT ( 'NONE',  ( -1.438004466498163492, 0.000000000000000000, -1.602800040900503653 ) ) ;
#2096 = VERTEX_POINT ( 'NONE', #389 ) ;
#2097 = CARTESIAN_POINT ( 'NONE',  ( -1.247599975745953715, -0.000000000000000000, 2.123576243826304832 ) ) ;
#2098 = CARTESIAN_POINT ( 'NONE',  ( 1.108692381320709242, 0.4000000000000000222, 1.606959558563933133 ) ) ;
#2099 = AXIS2_PLACEMENT_3D ( 'NONE', #1610, #2644, #2230 ) ;
#2100 = CARTESIAN_POINT ( 'NONE',  ( 1.168775155160074464, 0.4000000000000000222, -1.463629965350327744 ) ) ;
#2101 = CARTESIAN_POINT ( 'NONE',  ( -0.1984856955786215016, -5.421010862427522170E-17, -1.354917035716014739 ) ) ;
#2102 = CARTESIAN_POINT ( 'NONE',  ( -1.435474416481652193, 0.000000000000000000, -1.292072512818564389 ) ) ;
#2103 = CARTESIAN_POINT ( 'NONE',  ( -0.4169851116105620648, 0.000000000000000000, 0.04792687908496692795 ) ) ;
#2104 = VERTEX_POINT ( 'NONE', #1234 ) ;
#2105 = VERTEX_POINT ( 'NONE', #830 ) ;
#2106 = CARTESIAN_POINT ( 'NONE',  ( -1.278293623812788216, 0.4000000000000000222, -1.892493495253110281 ) ) ;
#2107 = CARTESIAN_POINT ( 'NONE',  ( -0.7650681950337299142, 0.000000000000000000, 0.02893429074567172715 ) ) ;
#2108 = B_SPLINE_CURVE_WITH_KNOTS ( 'NONE', 3,
 ( #186, #574, #2526, #2050, #1418, #589, #2276, #2100, #2263, #404, #1657, #1431, #173, #2501, #1894, #366, #1444, #1865, #2071 ),
 .UNSPECIFIED., .F., .F.,
 ( 4, 1, 1, 1, 1, 1, 1, 1, 1, 1, 1, 1, 1, 1, 1, 1, 4 ),
 ( 0.000000000000000000, 0.06668567623027281399, 0.1304254056694791053, 0.1919321636410383225, 0.2514770662600572804, 0.3096660375387171871, 0.3663878515825531590, 0.4233472701047408249, 0.4803985275882508565, 0.5382855084801243528, 0.5973429329442643265, 0.6585070322163868450, 0.7219747762422163984, 0.7877439247664642652, 0.8554425030463731483, 0.9263382158012243295, 1.000000000000000000 ),
 .UNSPECIFIED. ) ;
#2109 = CARTESIAN_POINT ( 'NONE',  ( 1.044962689767475750, 0.000000000000000000, 2.351844618055555003 ) ) ;
#2110 = EDGE_CURVE ( 'NONE', #1113, #1964, #1343, .T. ) ;
#2111 = CARTESIAN_POINT ( 'NONE',  ( 0.4665027956307871149, 0.4000000000000000222, -0.8111255698121729862 ) ) ;
#2112 = EDGE_CURVE ( 'NONE', #1358, #2462, #1497, .T. ) ;
#2113 = DIRECTION ( 'NONE',  ( 0.000000000000000000, 0.000000000000000000, -1.000000000000000000 ) ) ;
#2114 = CARTESIAN_POINT ( 'NONE',  ( -0.4799828622855391025, 0.000000000000000000, 0.6679047428704547595 ) ) ;
#2115 = CARTESIAN_POINT ( 'NONE',  ( -0.05367092498090912656, -5.421010862427522170E-17, -1.329255576571228614 ) ) ;
#2116 = CARTESIAN_POINT ( 'NONE',  ( -1.314380114619044138, -0.000000000000000000, -1.106692493975250713 ) ) ;
#2117 = CARTESIAN_POINT ( 'NONE',  ( 0.1493990453424103027, 0.4000000000000000222, -0.04931746501090474022 ) ) ;
#2118 = VERTEX_POINT ( 'NONE', #1288 ) ;
#2119 = CARTESIAN_POINT ( 'NONE',  ( 0.000000000000000000, 0.9999999999999974465, 0.000000000000000000 ) ) ;
#2120 = CARTESIAN_POINT ( 'NONE',  ( 0.000000000000000000, 1.999999999999998224, -3.049999999999999822 ) ) ;
#2121 = CARTESIAN_POINT ( 'NONE',  ( -0.4776493419914117911, 0.000000000000000000, -2.060548843091532412 ) ) ;
#2122 = CARTESIAN_POINT ( 'NONE',  ( 1.047962582656760455, 0.4000000000000000222, 1.583872038398692172 ) ) ;
#2123 = CARTESIAN_POINT ( 'NONE',  ( 0.4208393670021004507, 0.000000000000000000, -1.966886317447066990 ) ) ;
#2124 = CARTESIAN_POINT ( 'NONE',  ( 1.183729472495536950, 0.000000000000000000, 1.941175572023472906 ) ) ;
#2125 =( NAMED_UNIT ( * ) SI_UNIT ( $, .STERADIAN. ) SOLID_ANGLE_UNIT ( ) );
#2126 = EDGE_CURVE ( 'NONE', #1543, #1585, #1580, .T. ) ;
#2127 = CARTESIAN_POINT ( 'NONE',  ( 1.251228015446590902, 0.000000000000000000, -1.341503153997387177 ) ) ;
#2128 = CARTESIAN_POINT ( 'NONE',  ( -0.3799864326427184191, -5.421010862427522170E-17, -1.360022850285947715 ) ) ;
#2129 = CARTESIAN_POINT ( 'NONE',  ( -1.328952549953086315, 0.000000000000000000, -1.104031990400327068 ) ) ;
#2130 = CARTESIAN_POINT ( 'NONE',  ( -1.247226500219700274, 0.000000000000000000, 0.2142525298720908133 ) ) ;
#2131 = CARTESIAN_POINT ( 'NONE',  ( 0.4799828622855393245, 0.000000000000000000, -0.6360486996719262320 ) ) ;
#2132 = CARTESIAN_POINT ( 'NONE',  ( 1.183729472495536950, 0.4000000000000000222, 1.941175572023472906 ) ) ;
#2133 = CARTESIAN_POINT ( 'NONE',  ( 0.8580397322318509268, 0.4000000000000000222, 0.5077100116917139250 ) ) ;
#2134 = CARTESIAN_POINT ( 'NONE',  ( -0.3483568364702203657, 0.4000000000000000222, -2.062827871151883929 ) ) ;
#2135 = ORIENTED_EDGE ( 'NONE', *, *, #1907, .T. ) ;
#2136 = VECTOR ( 'NONE', #854, 1000.000000000000000 ) ;
#2137 = CARTESIAN_POINT ( 'NONE',  ( 1.047962582656760455, 0.000000000000000000, 1.583872038398692172 ) ) ;
#2138 = LINE ( 'NONE', #242, #1591 ) ;
#2139 = CARTESIAN_POINT ( 'NONE',  ( 0.7166165362581613518, 0.000000000000000000, -1.844185545293303585 ) ) ;
#2140 = CARTESIAN_POINT ( 'NONE',  ( 0.000000000000000000, 0.9999999999999974465, -5.049999999999999822 ) ) ;
#2141 = CARTESIAN_POINT ( 'NONE',  ( 1.438859316988277515, -0.000000000000000000, -0.5286629039060950497 ) ) ;
#2142 = ADVANCED_FACE ( 'NONE', ( #2729 ), #2334, .F. ) ;
#2143 = FACE_OUTER_BOUND ( 'NONE', #322, .T. ) ;
#2144 = CARTESIAN_POINT ( 'NONE',  ( 0.2476125408753972745, -5.421010862427522170E-17, -1.189342020755253637 ) ) ;
#2145 = AXIS2_PLACEMENT_3D ( 'NONE', #915, #2455, #1988 ) ;
#2146 = CARTESIAN_POINT ( 'NONE',  ( 1.183957726970996660, 0.000000000000000000, 1.972858149709264097 ) ) ;
#2147 = B_SPLINE_SURFACE_WITH_KNOTS ( 'NONE', 3, 1, ( 
 ( #116, #1602 ),
 ( #503, #2426 ),
 ( #2031, #127 ),
 ( #959, #1346 ),
 ( #740, #2196 ),
 ( #1768, #971 ),
 ( #528, #2442 ),
 ( #297, #928 ),
 ( #2660, #285 ),
 ( #764, #1125 ),
 ( #1613, #2233 ) ),
 .UNSPECIFIED., .F., .F., .F.,
 ( 4, 1, 1, 1, 1, 1, 1, 1, 4 ),
 ( 2, 2 ),
 ( 0.000000000000000000, 0.2278627500649795801, 0.4154437655687070463, 0.5715174470384146721, 0.6949499522240210059, 0.7957215748553370105, 0.8712340353797133341, 0.9359155541655415078, 1.000000000000000000 ),
 ( 0.000000000000000000, 1.000000000000000000 ),
 .UNSPECIFIED. ) ;
#2148 = CARTESIAN_POINT ( 'NONE',  ( 1.388761263480374986, 0.4000000000000000222, -0.1551485794000155016 ) ) ;
#2149 = CARTESIAN_POINT ( 'NONE',  ( -1.385501075057311127, 0.4000000000000000222, -1.820189227209224381 ) ) ;
#2150 = VERTEX_POINT ( 'NONE', #1708 ) ;
#2151 = FACE_OUTER_BOUND ( 'NONE', #2268, .T. ) ;
#2152 = CARTESIAN_POINT ( 'NONE',  ( -1.415744931974540100, 0.4000000000000000222, -1.753411740495854909 ) ) ;
#2153 = CARTESIAN_POINT ( 'NONE',  ( -1.217306518483291633, 0.4000000000000000222, -1.916285096505051300 ) ) ;
#2154 = ORIENTED_EDGE ( 'NONE', *, *, #851, .F. ) ;
#2155 = CARTESIAN_POINT ( 'NONE',  ( 0.2579105973405547148, 0.4000000000000000222, -2.010815217650203657 ) ) ;
#2156 = CARTESIAN_POINT ( 'NONE',  ( -1.221311877350775399, 0.000000000000000000, 2.259127894737020359 ) ) ;
#2157 = CARTESIAN_POINT ( 'NONE',  ( 0.8475437187956009755, 0.000000000000000000, -1.765655744537869332 ) ) ;
#2158 = CARTESIAN_POINT ( 'NONE',  ( -1.426467820698710698, 0.000000000000000000, -1.712510456895407485 ) ) ;
#2159 = CARTESIAN_POINT ( 'NONE',  ( -1.240169466493149519, 0.4000000000000000222, 0.1276388434555551232 ) ) ;
#2160 = CARTESIAN_POINT ( 'NONE',  ( 1.176134645459914196, 0.000000000000000000, 2.144447295916679597 ) ) ;
#2161 = CARTESIAN_POINT ( 'NONE',  ( 1.079866992665335479, 0.000000000000000000, 1.587443271178232251 ) ) ;
#2162 = CARTESIAN_POINT ( 'NONE',  ( 0.4025385084273851999, 0.4000000000000000222, -0.2831287806419268693 ) ) ;
#2163 = CARTESIAN_POINT ( 'NONE',  ( 0.4792111209050008425, 0.4000000000000000222, -0.6667526964871793860 ) ) ;
#2164 = VERTEX_POINT ( 'NONE', #2339 ) ;
#2165 = VERTEX_POINT ( 'NONE', #444 ) ;
#2166 = EDGE_CURVE ( 'NONE', #1603, #1203, #2138, .T. ) ;
#2167 = CARTESIAN_POINT ( 'NONE',  ( 0.04736088122144113677, 0.000000000000000000, 0.6869582580727755516 ) ) ;
#2168 = CARTESIAN_POINT ( 'NONE',  ( -1.415744931974540100, 0.4000000000000000222, -1.753411740495854909 ) ) ;
#2169 = VERTEX_POINT ( 'NONE', #1931 ) ;
#2170 = MANIFOLD_SOLID_BREP ( 'Cut-Extrude1', #2627 ) ;
#2171 = CARTESIAN_POINT ( 'NONE',  ( 0.4799828622855393245, 0.4000000000000000222, -0.6360486996719262320 ) ) ;
#2172 = LINE ( 'NONE', #905, #874 ) ;
#2173 = AXIS2_PLACEMENT_3D ( 'NONE', #39, #1952, #2736 ) ;
#2174 = DIRECTION ( 'NONE',  ( 0.000000000000000000, -1.000000000000000000, 0.000000000000000000 ) ) ;
#2175 = CARTESIAN_POINT ( 'NONE',  ( 1.439948586856617530, 0.4000000000000000222, -0.5790507347755186052 ) ) ;
#2176 = CARTESIAN_POINT ( 'NONE',  ( -0.3178803195302268847, 0.4000000000000000222, -1.358275737286072316 ) ) ;
#2177 = CARTESIAN_POINT ( 'NONE',  ( 0.8580397322318509268, 0.4000000000000000222, 0.5077100116917139250 ) ) ;
#2178 = CARTESIAN_POINT ( 'NONE',  ( 0.1493990453424103027, 0.000000000000000000, -0.04931746501090474022 ) ) ;
#2179 = ORIENTED_EDGE ( 'NONE', *, *, #2126, .T. ) ;
#2180 = CARTESIAN_POINT ( 'NONE',  ( 0.4777294008000858017, 0.000000000000000000, -0.7257034415549945550 ) ) ;
#2181 = CARTESIAN_POINT ( 'NONE',  ( 2.565151067676131547, 1.999999999999998224, 1.649999999999999911 ) ) ;
#2182 = EDGE_CURVE ( 'NONE', #267, #612, #2324, .T. ) ;
#2183 = CARTESIAN_POINT ( 'NONE',  ( -1.363906932439563846, 0.000000000000000000, -1.843835104744938391 ) ) ;
#2184 = ORIENTED_EDGE ( 'NONE', *, *, #2075, .T. ) ;
#2185 = CARTESIAN_POINT ( 'NONE',  ( 0.4792111209050008425, 0.4000000000000000222, -0.6667526964871793860 ) ) ;
#2186 = CARTESIAN_POINT ( 'NONE',  ( 1.438859316988277515, -0.000000000000000000, -0.5286629039060950497 ) ) ;
#2187 = CARTESIAN_POINT ( 'NONE',  ( 0.4799828622855393245, 0.000000000000000000, -0.6360486996719262320 ) ) ;
#2188 = B_SPLINE_CURVE_WITH_KNOTS ( 'NONE', 3,
 ( #50, #199, #2523, #891, #431, #1741, #1290, #1693, #2538, #1467, #2157, #2139, #1482, #2123, #19, #860, #1042, #1892, #2730 ),
 .UNSPECIFIED., .F., .F.,
 ( 4, 1, 1, 1, 1, 1, 1, 1, 1, 1, 1, 1, 1, 1, 1, 1, 4 ),
 ( 0.000000000000000000, 0.06668567623027281399, 0.1304254056694791053, 0.1919321636410383225, 0.2514770662600572804, 0.3096660375387171871, 0.3663878515825531590, 0.4233472701047408249, 0.4803985275882508565, 0.5382855084801243528, 0.5973429329442643265, 0.6585070322163868450, 0.7219747762422163984, 0.7877439247664642652, 0.8554425030463731483, 0.9263382158012243295, 1.000000000000000000 ),
 .UNSPECIFIED. ) ;
#2189 = CARTESIAN_POINT ( 'NONE',  ( 0.7375971850620909320, 0.4000000000000000222, 0.5625804604183575197 ) ) ;
#2190 = B_SPLINE_SURFACE_WITH_KNOTS ( 'NONE', 3, 1, ( 
 ( #1831, #1851 ),
 ( #1446, #2290 ),
 ( #1225, #2669 ),
 ( #2072, #358 ),
 ( #174, #773 ),
 ( #1882, #2454 ),
 ( #1643, #795 ),
 ( #1420, #2266 ),
 ( #2087, #1189 ),
 ( #1622, #2052 ),
 ( #368, #553 ),
 ( #1400, #784 ),
 ( #393, #2245 ),
 ( #1238, #992 ),
 ( #1014, #2502 ),
 ( #2463, #187 ),
 ( #348, #2486 ),
 ( #2041, #137 ),
 ( #1409, #160 ) ),
 .UNSPECIFIED., .F., .F., .F.,
 ( 4, 1, 1, 1, 1, 1, 1, 1, 1, 1, 1, 1, 1, 1, 1, 1, 4 ),
 ( 2, 2 ),
 ( 0.000000000000000000, 0.07710240741114715579, 0.1503867858756681719, 0.2193616382886609262, 0.2852824920776791395, 0.3481680369406243147, 0.4079511667121843432, 0.4660602653797479844, 0.5219752895218560118, 0.5771244849844293645, 0.6319635961168931226, 0.6878916360771109018, 0.7448093034803578982, 0.8040806283300560020, 0.8658113544318024601, 0.9310854745784004072, 1.000000000000000000 ),
 ( 0.000000000000000000, 1.000000000000000000 ),
 .UNSPECIFIED. ) ;
#2191 = CARTESIAN_POINT ( 'NONE',  ( -0.05367092498090912656, 0.4000000000000000222, -1.329255576571228614 ) ) ;
#2192 = CARTESIAN_POINT ( 'NONE',  ( 0.6074803189997154407, 0.4000000000000000222, 0.6086226621750586707 ) ) ;
#2193 = CARTESIAN_POINT ( 'NONE',  ( -1.045997006109599781, -5.421010862427522170E-17, 2.351002433931541624 ) ) ;
#2194 = EDGE_LOOP ( 'NONE', ( #608, #1770, #2416, #454 ) ) ;
#2195 = CARTESIAN_POINT ( 'NONE',  ( -0.9199263241960743409, 0.000000000000000000, 0.01066172975072042159 ) ) ;
#2196 = CARTESIAN_POINT ( 'NONE',  ( -1.426872986434473578, -1.084202172485504434E-16, -1.231030920226127590 ) ) ;
#2197 = CARTESIAN_POINT ( 'NONE',  ( -1.123968138826837437, 0.000000000000000000, -1.947577220031924350 ) ) ;
#2198 = ORIENTED_EDGE ( 'NONE', *, *, #2166, .T. ) ;
#2199 = SURFACE_SIDE_STYLE ('',( #1604 ) ) ;
#2200 = CARTESIAN_POINT ( 'NONE',  ( -1.397910531904414055, 0.4000000000000000222, -1.146168540090392263 ) ) ;
#2201 = EDGE_CURVE ( 'NONE', #97, #1543, #276, .T. ) ;
#2202 = CARTESIAN_POINT ( 'NONE',  ( 0.2729052283002285084, 0.4000000000000000222, -0.1276755592543554751 ) ) ;
#2203 = CARTESIAN_POINT ( 'NONE',  ( 0.7166165362581613518, 0.4000000000000000222, -1.844185545293303585 ) ) ;
#2204 = CARTESIAN_POINT ( 'NONE',  ( -1.236732111800200373, 0.4000000000000000222, 2.214876364216857407 ) ) ;
#2205 = ORIENTED_EDGE ( 'NONE', *, *, #1095, .F. ) ;
#2206 = CARTESIAN_POINT ( 'NONE',  ( 0.1235763555961989640, 0.000000000000000000, -1.268409695981870033 ) ) ;
#2207 = CARTESIAN_POINT ( 'NONE',  ( 1.318915978421096202, 0.4000000000000000222, -1.208054895400812345 ) ) ;
#2208 = PRESENTATION_LAYER_ASSIGNMENT (  '', '', ( #1849 ) ) ;
#2209 = CARTESIAN_POINT ( 'NONE',  ( 1.373272888127306190, 0.000000000000000000, -1.064316235156247403 ) ) ;
#2210 = ORIENTED_EDGE ( 'NONE', *, *, #2678, .F. ) ;
#2211 = CARTESIAN_POINT ( 'NONE',  ( 1.131333877481113026, 0.4000000000000000222, 2.304065642525505719 ) ) ;
#2212 = CARTESIAN_POINT ( 'NONE',  ( 1.131333877481113026, 0.4000000000000000222, 2.304065642525505719 ) ) ;
#2213 = DIRECTION ( 'NONE',  ( 1.000000000000000000, 0.000000000000000000, 0.000000000000000000 ) ) ;
#2215 = EDGE_CURVE ( 'NONE', #1199, #491, #1704, .T. ) ;
#2214 = CARTESIAN_POINT ( 'NONE',  ( 0.04736088122144113677, 0.4000000000000000222, 0.6869582580727755516 ) ) ;
#2216 = CARTESIAN_POINT ( 'NONE',  ( -0.4169851116105620648, 0.4000000000000000222, 0.04792687908496692795 ) ) ;
#2217 = CARTESIAN_POINT ( 'NONE',  ( -1.197941012570358010, -5.421010862427522170E-17, 2.294775721742916552 ) ) ;
#2218 = EDGE_LOOP ( 'NONE', ( #2658, #2618, #1079, #1779 ) ) ;
#2219 = CARTESIAN_POINT ( 'NONE',  ( -0.09615893481445500490, 0.4000000000000000222, 0.02419082877157912106 ) ) ;
#2220 = CARTESIAN_POINT ( 'NONE',  ( -1.328952549953086315, 0.000000000000000000, -1.104031990400327068 ) ) ;
#2221 = EDGE_LOOP ( 'NONE', ( #1038, #70, #1576, #2297 ) ) ;
#2222 = CARTESIAN_POINT ( 'NONE',  ( 1.076261774804988525, 0.4000000000000000222, 2.349035220842855765 ) ) ;
#2223 = CARTESIAN_POINT ( 'NONE',  ( -1.439391636922004114, -1.084202172485504434E-16, -1.422021974909466469 ) ) ;
#2224 = DIRECTION ( 'NONE',  ( 0.000000000000000000, 0.000000000000000000, 1.000000000000000000 ) ) ;
#2225 = B_SPLINE_CURVE_WITH_KNOTS ( 'NONE', 3,
 ( #342, #974, #311, #1391, #1377, #1155, #1169, #753, #558, #2020, #2445, #2237, #1404, #130, #1825, #1615, #962, #1812, #2249 ),
 .UNSPECIFIED., .F., .F.,
 ( 4, 1, 1, 1, 1, 1, 1, 1, 1, 1, 1, 1, 1, 1, 1, 1, 4 ),
 ( 0.000000000000000000, 0.06192174646320765946, 0.1203487945143631721, 0.1758886205876626085, 0.2296995808163501684, 0.2826418874001434545, 0.3337207366340240733, 0.3859118890175427530, 0.4384628861662888677, 0.4932271070379967703, 0.5513770291882420516, 0.6124230311764599088, 0.6779909905287060390, 0.7491383699953314546, 0.8257088022718023224, 0.9094733098359435441, 1.000000000000000000 ),
 .UNSPECIFIED. ) ;
#2226 = CARTESIAN_POINT ( 'NONE',  ( -0.09520692039594712275, 0.4000000000000000222, -2.060989848562855276 ) ) ;
#2227 = CIRCLE ( 'NONE', #682, 3.049999999999999822 ) ;
#2228 = EDGE_CURVE ( 'NONE', #506, #1614, #2172, .T. ) ;
#2229 = CARTESIAN_POINT ( 'NONE',  ( -0.4867306414422888916, 0.4000000000000000222, -1.357822159262515038 ) ) ;
#2230 = DIRECTION ( 'NONE',  ( 0.000000000000000000, 0.000000000000000000, 1.000000000000000000 ) ) ;
#2231 = ORIENTED_EDGE ( 'NONE', *, *, #2032, .T. ) ;
#2232 = CARTESIAN_POINT ( 'NONE',  ( -0.5966688927941965481, 0.000000000000000000, 0.04584169567052152200 ) ) ;
#2233 = CARTESIAN_POINT ( 'NONE',  ( -1.328952549953086315, -1.084202172485504434E-16, -1.104031990400327068 ) ) ;
#2234 = B_SPLINE_SURFACE_WITH_KNOTS ( 'NONE', 3, 1, ( 
 ( #418, #2128 ),
 ( #1264, #662 ),
 ( #619, #2101 ),
 ( #1458, #2115 ),
 ( #214, #1908 ),
 ( #9, #2301 ),
 ( #1713, #202 ),
 ( #2344, #2144 ),
 ( #1089, #248 ),
 ( #1936, #38 ),
 ( #1762, #2379 ),
 ( #1552, #1596 ),
 ( #1567, #1355 ),
 ( #93, #936 ),
 ( #2437, #1789 ),
 ( #1369, #1982 ),
 ( #735, #109 ) ),
 .UNSPECIFIED., .F., .F., .F.,
 ( 4, 1, 1, 1, 1, 1, 1, 1, 1, 1, 1, 1, 1, 1, 4 ),
 ( 2, 2 ),
 ( 0.000000000000000000, 0.1451987480583907808, 0.2791343565692988027, 0.3420048425868865705, 0.4025112953498243273, 0.4597510955262692489, 0.5162052508072205725, 0.5719444934671177316, 0.6272404637962367691, 0.6828050090856863097, 0.7396292891646502055, 0.7988414723140656593, 0.8621789737589887759, 0.9282170845184235519, 1.000000000000000000 ),
 ( 0.000000000000000000, 1.000000000000000000 ),
 .UNSPECIFIED. ) ;
#2235 = CARTESIAN_POINT ( 'NONE',  ( 0.4314323460761125273, 0.000000000000000000, -0.3449003130532533046 ) ) ;
#2236 = ORIENTED_EDGE ( 'NONE', *, *, #1072, .F. ) ;
#2237 = CARTESIAN_POINT ( 'NONE',  ( 0.1493990453424103027, 0.000000000000000000, -0.04931746501090474022 ) ) ;
#2238 =( GEOMETRIC_REPRESENTATION_CONTEXT ( 3 ) GLOBAL_UNCERTAINTY_ASSIGNED_CONTEXT ( ( #1860 ) ) GLOBAL_UNIT_ASSIGNED_CONTEXT ( ( #1363, #351, #2625 ) ) REPRESENTATION_CONTEXT ( 'NONE', 'WORKASPACE' ) );
#2239 = CARTESIAN_POINT ( 'NONE',  ( -1.277664882511115652, 0.000000000000000000, -1.113395629315237834 ) ) ;
#2240 = VECTOR ( 'NONE', #794, 1000.000000000000000 ) ;
#2241 = CARTESIAN_POINT ( 'NONE',  ( -0.4169851116105620648, 0.000000000000000000, 0.04792687908496692795 ) ) ;
#2242 = CARTESIAN_POINT ( 'NONE',  ( 0.9670404567535788587, 0.4000000000000000222, 0.4418186147307928691 ) ) ;
#2243 = CARTESIAN_POINT ( 'NONE',  ( -1.079383337265433340, 0.4000000000000000222, 2.349443273945992949 ) ) ;
#2244 = VERTEX_POINT ( 'NONE', #63 ) ;
#2245 = CARTESIAN_POINT ( 'NONE',  ( 1.293613642184917145, 0.000000000000000000, 0.08255514505798217106 ) ) ;
#2246 = CARTESIAN_POINT ( 'NONE',  ( -1.111118239484212733, 0.000000000000000000, 0.009259711502909712469 ) ) ;
#2247 = ORIENTED_EDGE ( 'NONE', *, *, #726, .T. ) ;
#2248 = EDGE_CURVE ( 'NONE', #622, #2118, #704, .T. ) ;
#2249 = CARTESIAN_POINT ( 'NONE',  ( -0.4169851116105620648, 0.000000000000000000, 0.04792687908496692795 ) ) ;
#2250 = CARTESIAN_POINT ( 'NONE',  ( -0.4413465930850527519, 0.4000000000000000222, 0.6719182230060714023 ) ) ;
#2251 = CARTESIAN_POINT ( 'NONE',  ( -0.6817409994572374288, 0.000000000000000000, -1.338209641255999616 ) ) ;
#2252 = PRODUCT ( 'JK-RTF-02-12-01 Knob_5', 'JK-RTF-02-12-01 Knob_5', '', ( #1981 ) ) ;
#2253 = CARTESIAN_POINT ( 'NONE',  ( -0.7650681950337299142, 0.000000000000000000, 0.02893429074567172715 ) ) ;
#2254 = ORIENTED_EDGE ( 'NONE', *, *, #94, .F. ) ;
#2255 = DIRECTION ( 'NONE',  ( -0.000000000000000000, -1.000000000000000000, -0.000000000000000000 ) ) ;
#2256 = FACE_OUTER_BOUND ( 'NONE', #2662, .T. ) ;
#2257 = EDGE_LOOP ( 'NONE', ( #196, #277, #1348, #2385 ) ) ;
#2258 = CARTESIAN_POINT ( 'NONE',  ( -0.9924338463174284808, 0.000000000000000000, -1.984355764559102342 ) ) ;
#2259 = EDGE_CURVE ( 'NONE', #295, #267, #494, .T. ) ;
#2260 = CARTESIAN_POINT ( 'NONE',  ( -1.328952549953086315, 0.4000000000000000222, -1.104031990400327068 ) ) ;
#2261 = ORIENTED_EDGE ( 'NONE', *, *, #1498, .F. ) ;
#2262 = CARTESIAN_POINT ( 'NONE',  ( -0.3799864326427184191, 0.000000000000000000, -1.360022850285947715 ) ) ;
#2263 = CARTESIAN_POINT ( 'NONE',  ( 1.075220294728182147, 0.4000000000000000222, -1.576249809280601433 ) ) ;
#2264 = ORIENTED_EDGE ( 'NONE', *, *, #2075, .F. ) ;
#2265 = CIRCLE ( 'NONE', #2485, 5.049999999999999822 ) ;
#2266 = CARTESIAN_POINT ( 'NONE',  ( 0.8580397322318509268, 0.000000000000000000, 0.5077100116917139250 ) ) ;
#2267 = CARTESIAN_POINT ( 'NONE',  ( -1.435474416481652193, 0.000000000000000000, -1.292072512818564389 ) ) ;
#2268 = EDGE_LOOP ( 'NONE', ( #1065, #776, #1859, #299 ) ) ;
#2269 = CARTESIAN_POINT ( 'NONE',  ( -1.438004466498163492, 0.4000000000000000222, -1.602800040900503653 ) ) ;
#2270 = CYLINDRICAL_SURFACE ( 'NONE', #2487, 3.049999999999999822 ) ;
#2271 = ORIENTED_EDGE ( 'NONE', *, *, #1273, .F. ) ;
#2272 = CARTESIAN_POINT ( 'NONE',  ( -1.126711766484590482, 0.000000000000000000, 2.339974478029833271 ) ) ;
#2273 = CARTESIAN_POINT ( 'NONE',  ( -0.2487200812594669574, 0.000000000000000000, 0.6857080440154654788 ) ) ;
#2274 = EDGE_CURVE ( 'NONE', #1797, #2105, #2672, .T. ) ;
#2275 = EDGE_CURVE ( 'NONE', #412, #622, #983, .T. ) ;
#2276 = CARTESIAN_POINT ( 'NONE',  ( 1.251228015446590902, 0.4000000000000000222, -1.341503153997387177 ) ) ;
#2277 = CARTESIAN_POINT ( 'NONE',  ( 1.044962689767475750, 0.4000000000000000222, 2.351844618055555003 ) ) ;
#2278 = CARTESIAN_POINT ( 'NONE',  ( 0.000000000000000000, 20.50000000000001066, -4.349999999999999645 ) ) ;
#2279 = PLANE ( 'NONE',  #36 ) ;
#2280 = ORIENTED_EDGE ( 'NONE', *, *, #504, .F. ) ;
#2281 = CARTESIAN_POINT ( 'NONE',  ( -0.9924338463174284808, 0.4000000000000000222, -1.984355764559102342 ) ) ;
#2282 = CARTESIAN_POINT ( 'NONE',  ( -1.439948586856617530, 0.4000000000000000222, -1.452019565557343128 ) ) ;
#2283 = CARTESIAN_POINT ( 'NONE',  ( -1.426467820698710698, 0.000000000000000000, -1.712510456895407485 ) ) ;
#2284 = ORIENTED_EDGE ( 'NONE', *, *, #521, .T. ) ;
#2285 = CARTESIAN_POINT ( 'NONE',  ( -1.037695886607396423, 0.000000000000000000, -1.236395845463457155 ) ) ;
#2286 = CARTESIAN_POINT ( 'NONE',  ( -1.247599975745953715, 0.4000000000000000222, 2.123576243826304832 ) ) ;
#2287 = CARTESIAN_POINT ( 'NONE',  ( -1.217306518483291633, 0.000000000000000000, -1.916285096505051300 ) ) ;
#2288 = EDGE_CURVE ( 'NONE', #1824, #699, #2635, .T. ) ;
#2289 = CARTESIAN_POINT ( 'NONE',  ( -0.4787026817218706376, 0.000000000000000000, 0.04721066278136827610 ) ) ;
#2290 = CARTESIAN_POINT ( 'NONE',  ( 0.04736088122144113677, 0.000000000000000000, 0.6869582580727755516 ) ) ;
#2291 = CARTESIAN_POINT ( 'NONE',  ( 0.000000000000000000, 23.00000000000000000, 0.000000000000000000 ) ) ;
#2292 = CARTESIAN_POINT ( 'NONE',  ( 1.151442780573800340, 0.000000000000000000, 1.678865964479668849 ) ) ;
#2293 = ORIENTED_EDGE ( 'NONE', *, *, #504, .T. ) ;
#2294 = CARTESIAN_POINT ( 'NONE',  ( -0.6650440217982035440, 0.000000000000000000, -2.043493230371892455 ) ) ;
#2295 = LINE ( 'NONE', #399, #1026 ) ;
#2296 = CARTESIAN_POINT ( 'NONE',  ( -0.2819899315927542061, 0.000000000000000000, -2.063997714971405273 ) ) ;
#2297 = ORIENTED_EDGE ( 'NONE', *, *, #2338, .T. ) ;
#2298 = CARTESIAN_POINT ( 'NONE',  ( -1.079383337265433340, 0.000000000000000000, 2.349443273945992949 ) ) ;
#2299 = CARTESIAN_POINT ( 'NONE',  ( 1.150121645516674063, 0.000000000000000000, 2.263110253584544651 ) ) ;
#2300 = LINE ( 'NONE', #2484, #2240 ) ;
#2301 = CARTESIAN_POINT ( 'NONE',  ( 0.1235763555961989640, -5.421010862427522170E-17, -1.268409695981870033 ) ) ;
#2302 = DIRECTION ( 'NONE',  ( 0.000000000000000000, -1.000000000000000000, 0.000000000000000000 ) ) ;
#2303 = CARTESIAN_POINT ( 'NONE',  ( -0.3028741982520095077, 0.4000000000000000222, 0.04604644611007761845 ) ) ;
#2304 = EDGE_LOOP ( 'NONE', ( #716, #1929, #2029, #1127 ) ) ;
#2305 = LINE ( 'NONE', #2468, #813 ) ;
#2306 = CARTESIAN_POINT ( 'NONE',  ( -0.3483568364702203657, -0.000000000000000000, -2.062827871151883929 ) ) ;
#2307 = ORIENTED_EDGE ( 'NONE', *, *, #363, .F. ) ;
#2308 = CARTESIAN_POINT ( 'NONE',  ( -1.247226500219700274, -0.000000000000000000, 0.2142525298720908133 ) ) ;
#2309 = CARTESIAN_POINT ( 'NONE',  ( -0.3799864326427184191, 0.4000000000000000222, -1.360022850285947715 ) ) ;
#2310 = CARTESIAN_POINT ( 'NONE',  ( -1.027963296728195974, 0.000000000000000000, 2.351844618055555003 ) ) ;
#2311 = CARTESIAN_POINT ( 'NONE',  ( -0.008999678667853672209, 5.421010862427522170E-17, 0.6879040287990192404 ) ) ;
#2312 = DIRECTION ( 'NONE',  ( -0.000000000000000000, -1.000000000000000000, -0.000000000000000000 ) ) ;
#2313 = CARTESIAN_POINT ( 'NONE',  ( -1.037695886607396423, 0.000000000000000000, -1.236395845463457155 ) ) ;
#2314 = CARTESIAN_POINT ( 'NONE',  ( 1.183303525602266593, 0.000000000000000000, 1.882052544933299432 ) ) ;
#2315 = ORIENTED_EDGE ( 'NONE', *, *, #1018, .F. ) ;
#2316 = CARTESIAN_POINT ( 'NONE',  ( 1.439948586856617530, 0.000000000000000000, -0.5790507347755186052 ) ) ;
#2317 = ADVANCED_FACE ( 'NONE', ( #1833 ), #1081, .T. ) ;
#2318 = CARTESIAN_POINT ( 'NONE',  ( -1.385501075057311127, 0.000000000000000000, -1.820189227209224381 ) ) ;
#2319 = ORIENTED_EDGE ( 'NONE', *, *, #2477, .F. ) ;
#2320 = CARTESIAN_POINT ( 'NONE',  ( 0.4208393670021004507, 0.4000000000000000222, -1.966886317447066990 ) ) ;
#2321 = CARTESIAN_POINT ( 'NONE',  ( 1.183957726970996660, 0.000000000000000000, 1.972858149709264097 ) ) ;
#2322 = CARTESIAN_POINT ( 'NONE',  ( -0.1984856955786215016, 0.4000000000000000222, -1.354917035716014739 ) ) ;
#2323 = CARTESIAN_POINT ( 'NONE',  ( -1.027963296728195974, 0.4000000000000000222, 2.351844618055555003 ) ) ;
#2324 = B_SPLINE_CURVE_WITH_KNOTS ( 'NONE', 3,
 ( #2008, #950, #690, #1757, #2432, #1130, #534, #892, #2374, #1379, #2613, #325, #719, #509, #1352, #933, #103, #2186, #1742 ),
 .UNSPECIFIED., .F., .F.,
 ( 4, 1, 1, 1, 1, 1, 1, 1, 1, 1, 1, 1, 1, 1, 1, 1, 4 ),
 ( 0.000000000000000000, 0.07710240741114715579, 0.1503867858756681719, 0.2193616382886609262, 0.2852824920776791395, 0.3481680369406243147, 0.4079511667121843432, 0.4660602653797479844, 0.5219752895218560118, 0.5771244849844293645, 0.6319635961168931226, 0.6878916360771109018, 0.7448093034803578982, 0.8040806283300560020, 0.8658113544318024601, 0.9310854745784004072, 1.000000000000000000 ),
 .UNSPECIFIED. ) ;
#2325 = CARTESIAN_POINT ( 'NONE',  ( 1.436738317860785097, 0.000000000000000000, -0.4305489760204638250 ) ) ;
#2326 = CARTESIAN_POINT ( 'NONE',  ( 1.318915978421096202, 0.4000000000000000222, -1.208054895400812345 ) ) ;
#2327 = CARTESIAN_POINT ( 'NONE',  ( 1.076261774804988525, 0.4000000000000000222, 2.349035220842855765 ) ) ;
#2328 = CARTESIAN_POINT ( 'NONE',  ( 0.4799828622855393245, 0.000000000000000000, -0.6360486996719262320 ) ) ;
#2329 = CARTESIAN_POINT ( 'NONE',  ( 1.064846171945130759, 0.4000000000000000222, 0.3658363826781461658 ) ) ;
#2330 = CARTESIAN_POINT ( 'NONE',  ( -1.067961868585324492, 0.4000000000000000222, 0.007928307227838583826 ) ) ;
#2331 = CARTESIAN_POINT ( 'NONE',  ( 1.183303525602266593, 0.4000000000000000222, 1.882052544933299432 ) ) ;
#2332 = B_SPLINE_CURVE_WITH_KNOTS ( 'NONE', 3,
 ( #1490, #2576, #1122, #468, #452, #1733, #1315, #500, #1299, #1970, #1523, #883, #2149, #2367, #1342, #2546, #252, #1092, #69, #1061, #1911 ),
 .UNSPECIFIED., .F., .F.,
 ( 4, 1, 1, 1, 1, 1, 1, 1, 1, 1, 1, 1, 1, 1, 1, 1, 1, 1, 4 ),
 ( 0.000000000000000000, 0.1306752112654220310, 0.2545745579850597351, 0.3701481710488373489, 0.4748063812327901201, 0.5654174981725611504, 0.6388947687929286134, 0.6686345176865096107, 0.6941736277732589722, 0.7135557382652975011, 0.7290464160393709259, 0.7531983634708723230, 0.7761616228554111263, 0.7998270582353894653, 0.8268895189503111531, 0.8593777350118977365, 0.8982418496444529721, 0.9455180763175817793, 1.000000000000000000 ),
 .UNSPECIFIED. ) ;
#2333 = CARTESIAN_POINT ( 'NONE',  ( -1.439629456384841300, 0.4000000000000000222, -1.479681350502807247 ) ) ;
#2334 = B_SPLINE_SURFACE_WITH_KNOTS ( 'NONE', 3, 1, ( 
 ( #414, #2109 ),
 ( #210, #820 ),
 ( #259, #1066 ),
 ( #2568, #402 ),
 ( #657, #1917 ),
 ( #3, #1052 ),
 ( #1902, #18 ),
 ( #843, #1100 ),
 ( #1692, #640 ),
 ( #674, #1481 ),
 ( #859, #2321 ) ),
 .UNSPECIFIED., .F., .F., .F.,
 ( 4, 1, 1, 1, 1, 1, 1, 1, 4 ),
 ( 2, 2 ),
 ( 0.000000000000000000, 0.06924044578327213928, 0.1426589713602619269, 0.2247749432160125460, 0.3245570504637176334, 0.4462440293682085612, 0.5985730100914052887, 0.7813978397191543301, 1.000000000000000000 ),
 ( 0.000000000000000000, 1.000000000000000000 ),
 .UNSPECIFIED. ) ;
#2335 = FACE_OUTER_BOUND ( 'NONE', #814, .T. ) ;
#2336 = ORIENTED_EDGE ( 'NONE', *, *, #890, .F. ) ;
#2337 = CARTESIAN_POINT ( 'NONE',  ( 1.165959331881388561, 0.000000000000000000, 1.732820566019847019 ) ) ;
#2338 = EDGE_CURVE ( 'NONE', #1766, #1423, #396, .T. ) ;
#2339 = CARTESIAN_POINT ( 'NONE',  ( -1.328952549953086315, 0.4000000000000000222, -1.104031990400327068 ) ) ;
#2340 = CARTESIAN_POINT ( 'NONE',  ( 0.3010759788225487732, 0.4000000000000000222, -1.141322813040843043 ) ) ;
#2341 = CARTESIAN_POINT ( 'NONE',  ( -1.328952549953086315, 0.4000000000000000222, -1.104031990400327068 ) ) ;
#2342 = CARTESIAN_POINT ( 'NONE',  ( 1.058560375976348444, 0.000000000000000000, 1.585058306594328226 ) ) ;
#2343 = CARTESIAN_POINT ( 'NONE',  ( -1.246941268628276367, 0.4000000000000000222, 2.161977120088527826 ) ) ;
#2344 = CARTESIAN_POINT ( 'NONE',  ( 0.2476125408753972745, 0.4000000000000000222, -1.189342020755253637 ) ) ;
#2345 = PLANE ( 'NONE',  #1327 ) ;
#2346 = CARTESIAN_POINT ( 'NONE',  ( -1.209177811116239010, 0.000000000000000000, 0.05548653007597902087 ) ) ;
#2347 = DIRECTION ( 'NONE',  ( 0.000000000000000000, 0.000000000000000000, -1.000000000000000000 ) ) ;
#2348 = ORIENTED_EDGE ( 'NONE', *, *, #2569, .F. ) ;
#2349 = VERTEX_POINT ( 'NONE', #1868 ) ;
#2350 = FACE_OUTER_BOUND ( 'NONE', #178, .T. ) ;
#2351 = B_SPLINE_CURVE_WITH_KNOTS ( 'NONE', 3,
 ( #2053, #796, #606, #2267, #2062, #1214, #1623, #1644, #380, #2488, #161 ),
 .UNSPECIFIED., .F., .F.,
 ( 4, 1, 1, 1, 1, 1, 1, 1, 4 ),
 ( 0.000000000000000000, 0.2278627500649795801, 0.4154437655687070463, 0.5715174470384146721, 0.6949499522240210059, 0.7957215748553370105, 0.8712340353797133341, 0.9359155541655415078, 1.000000000000000000 ),
 .UNSPECIFIED. ) ;
#2352 = CARTESIAN_POINT ( 'NONE',  ( 0.2579105973405547148, 0.000000000000000000, -2.010815217650203657 ) ) ;
#2353 = ORIENTED_EDGE ( 'NONE', *, *, #2228, .T. ) ;
#2354 = VECTOR ( 'NONE', #1104, 1000.000000000000000 ) ;
#2355 = VECTOR ( 'NONE', #1814, 1000.000000000000000 ) ;
#2356 = CARTESIAN_POINT ( 'NONE',  ( 0.8475437187956009755, 0.000000000000000000, -1.765655744537869332 ) ) ;
#2357 = FILL_AREA_STYLE ('',( #1514 ) ) ;
#2358 = CARTESIAN_POINT ( 'NONE',  ( 5.021051876504148371E-16, 20.00000000000000000, -3.850000000000000977 ) ) ;
#2359 = CARTESIAN_POINT ( 'NONE',  ( -0.008999678667853672209, 0.4000000000000000222, 0.6879040287990192404 ) ) ;
#2361 = EDGE_CURVE ( 'NONE', #1271, #1376, #1854, .T. ) ;
#2360 = CARTESIAN_POINT ( 'NONE',  ( -1.236732111800200373, 0.4000000000000000222, 2.214876364216857407 ) ) ;
#2362 = DIRECTION ( 'NONE',  ( 0.000000000000000000, 1.000000000000000000, 0.000000000000000000 ) ) ;
#2363 = VECTOR ( 'NONE', #14, 1000.000000000000000 ) ;
#2364 = CARTESIAN_POINT ( 'NONE',  ( 1.165959331881388561, 0.000000000000000000, 1.732820566019847019 ) ) ;
#2365 = AXIS2_PLACEMENT_3D ( 'NONE', #1816, #239, #1690 ) ;
#2366 = CARTESIAN_POINT ( 'NONE',  ( 0.4783053923404966823, 0.4000000000000000222, -0.5574959031943037546 ) ) ;
#2367 = CARTESIAN_POINT ( 'NONE',  ( -1.404423486916956731, 0.4000000000000000222, -1.789260602169717718 ) ) ;
#2368 = ORIENTED_EDGE ( 'NONE', *, *, #1593, .F. ) ;
#2369 = CARTESIAN_POINT ( 'NONE',  ( 0.000000000000000000, 1.999999999999998224, 0.000000000000000000 ) ) ;
#2370 = CARTESIAN_POINT ( 'NONE',  ( 1.152941218360432618, 0.000000000000000000, 0.2820298444381529879 ) ) ;
#2371 = CARTESIAN_POINT ( 'NONE',  ( -1.278293623812788216, 0.000000000000000000, -1.892493495253110281 ) ) ;
#2372 = ORIENTED_EDGE ( 'NONE', *, *, #2569, .T. ) ;
#2373 = CARTESIAN_POINT ( 'NONE',  ( 1.318915978421096202, 0.4000000000000000222, -1.208054895400812345 ) ) ;
#2374 = CARTESIAN_POINT ( 'NONE',  ( 0.9670404567535788587, 0.000000000000000000, 0.4418186147307928691 ) ) ;
#2375 = B_SPLINE_CURVE_WITH_KNOTS ( 'NONE', 3,
 ( #939, #956, #1791, #2000, #2028, #968, #1187, #1778, #1620, #979, #1149, #1357, #2631 ),
 .UNSPECIFIED., .F., .F.,
 ( 4, 1, 1, 1, 1, 1, 1, 1, 1, 1, 4 ),
 ( 0.000000000000000000, 0.04440116609463947567, 0.1118686809485512496, 0.2027427457445154235, 0.3152785245669230130, 0.4501835653801198878, 0.6058794642477436376, 0.6930609070005437911, 0.7875047180595161622, 0.8903321362627725222, 1.000000000000000000 ),
 .UNSPECIFIED. ) ;
#2376 = CARTESIAN_POINT ( 'NONE',  ( -1.240169466493149519, 0.4000000000000000222, 0.1276388434555551232 ) ) ;
#2377 = CARTESIAN_POINT ( 'NONE',  ( -0.3648574541644944991, 0.000000000000000000, 0.6798638048647928089 ) ) ;
#2378 = DIRECTION ( 'NONE',  ( 0.000000000000000000, 0.000000000000000000, 1.000000000000000000 ) ) ;
#2379 = CARTESIAN_POINT ( 'NONE',  ( 0.3877509541771188561, -5.421010862427522170E-17, -1.027445408763209889 ) ) ;
#2380 = DIRECTION ( 'NONE',  ( 0.000000000000000000, 0.000000000000000000, 1.000000000000000000 ) ) ;
#2381 = ADVANCED_FACE ( 'NONE', ( #825 ), #2279, .F. ) ;
#2382 = CARTESIAN_POINT ( 'NONE',  ( 0.2157932359309306103, 0.4000000000000000222, -0.08468908735868489746 ) ) ;
#2383 = CARTESIAN_POINT ( 'NONE',  ( 0.4314323460761125273, 0.000000000000000000, -0.3449003130532533046 ) ) ;
#2384 = EDGE_LOOP ( 'NONE', ( #1557, #60, #1385, #1399 ) ) ;
#2385 = ORIENTED_EDGE ( 'NONE', *, *, #2666, .F. ) ;
#2386 = CARTESIAN_POINT ( 'NONE',  ( -1.404423486916956731, 0.4000000000000000222, -1.789260602169717718 ) ) ;
#2387 = CARTESIAN_POINT ( 'NONE',  ( -1.439033403155897117, 0.000000000000000000, -1.531346414460372785 ) ) ;
#2388 = EDGE_LOOP ( 'NONE', ( #1242, #885, #2372, #2247, #125, #2577, #347, #1676, #2135, #772, #221, #917, #1734, #572, #28, #2353, #1435 ) ) ;
#2389 = CARTESIAN_POINT ( 'NONE',  ( 1.373272888127306190, 0.000000000000000000, -1.064316235156247403 ) ) ;
#2390 = CARTESIAN_POINT ( 'NONE',  ( -1.435474416481652193, 0.4000000000000000222, -1.292072512818564389 ) ) ;
#2391 = DIRECTION ( 'NONE',  ( -1.000000000000000000, 0.000000000000000000, 0.000000000000000000 ) ) ;
#2392 = CARTESIAN_POINT ( 'NONE',  ( 0.4799828622855393245, 0.4000000000000000222, -0.6360486996719262320 ) ) ;
#2393 = CARTESIAN_POINT ( 'NONE',  ( 0.4208393670021004507, 0.000000000000000000, -1.966886317447066990 ) ) ;
#2394 = CARTESIAN_POINT ( 'NONE',  ( 1.438393196965378262, 0.000000000000000000, -0.6361256973534341608 ) ) ;
#2395 = CARTESIAN_POINT ( 'NONE',  ( 0.3877509541771188561, -5.421010862427522170E-17, -1.027445408763209889 ) ) ;
#2396 = CARTESIAN_POINT ( 'NONE',  ( 0.1493990453424103027, 0.4000000000000000222, -0.04931746501090474022 ) ) ;
#2397 = CARTESIAN_POINT ( 'NONE',  ( 0.4777294008000858017, 0.4000000000000000222, -0.7257034415549945550 ) ) ;
#2398 = ORIENTED_EDGE ( 'NONE', *, *, #709, .T. ) ;
#2399 = FACE_OUTER_BOUND ( 'NONE', #752, .T. ) ;
#2400 = ADVANCED_FACE ( 'NONE', ( #1645 ), #632, .T. ) ;
#2401 = CARTESIAN_POINT ( 'NONE',  ( 1.438859316988277515, 0.000000000000000000, -0.5286629039060950497 ) ) ;
#2402 = CARTESIAN_POINT ( 'NONE',  ( 0.7166165362581613518, 0.000000000000000000, -1.844185545293303585 ) ) ;
#2403 = VERTEX_POINT ( 'NONE', #607 ) ;
#2404 = ADVANCED_FACE ( 'NONE', ( #2723 ), #664, .F. ) ;
#2405 = CARTESIAN_POINT ( 'NONE',  ( 0.000000000000000000, 0.9999999999999974465, 0.000000000000000000 ) ) ;
#2406 = CARTESIAN_POINT ( 'NONE',  ( 1.104894282187753873, 0.4000000000000000222, 2.331034014925651654 ) ) ;
#2407 = CONICAL_SURFACE ( 'NONE', #728, 5.049999999999999822, 0.7853981633974504994 ) ;
#2408 = CARTESIAN_POINT ( 'NONE',  ( 0.3669165962275048321, 0.4000000000000000222, -0.2258280920905098577 ) ) ;
#2409 = CARTESIAN_POINT ( 'NONE',  ( -0.4799828622855391025, 0.4000000000000000222, 0.6679047428704547595 ) ) ;
#2410 = CARTESIAN_POINT ( 'NONE',  ( -1.328952549953086315, 0.000000000000000000, -1.104031990400327068 ) ) ;
#2411 = LINE ( 'NONE', #135, #134 ) ;
#2412 = VERTEX_POINT ( 'NONE', #162 ) ;
#2413 = CARTESIAN_POINT ( 'NONE',  ( 0.4794129848490676915, 0.4000000000000000222, -0.6093623996183051839 ) ) ;
#2414 = CARTESIAN_POINT ( 'NONE',  ( 1.435351129028050510, 0.4000000000000000222, -0.7477542444208726824 ) ) ;
#2415 = CARTESIAN_POINT ( 'NONE',  ( -0.09520692039594712275, 0.000000000000000000, -2.060989848562855276 ) ) ;
#2416 = ORIENTED_EDGE ( 'NONE', *, *, #1401, .F. ) ;
#2417 = CARTESIAN_POINT ( 'NONE',  ( 1.183785338698627676, 0.4000000000000000222, 2.004883660615231378 ) ) ;
#2418 = EDGE_CURVE ( 'NONE', #2412, #2581, #1005, .T. ) ;
#2419 = CARTESIAN_POINT ( 'NONE',  ( 1.183785338698627676, 0.4000000000000000222, 2.004883660615231378 ) ) ;
#2420 = CARTESIAN_POINT ( 'NONE',  ( -1.027963296728195974, 0.4000000000000000222, 2.351844618055555003 ) ) ;
#2421 = FACE_OUTER_BOUND ( 'NONE', #2521, .T. ) ;
#2422 = CARTESIAN_POINT ( 'NONE',  ( 0.000000000000000000, 0.9999999999999974465, 0.000000000000000000 ) ) ;
#2423 = CARTESIAN_POINT ( 'NONE',  ( -1.165564434028181884, 0.4000000000000000222, 2.320945401227476612 ) ) ;
#2424 = ORIENTED_EDGE ( 'NONE', *, *, #1111, .F. ) ;
#2425 = CARTESIAN_POINT ( 'NONE',  ( 0.2157932359309306103, 0.4000000000000000222, -0.08468908735868489746 ) ) ;
#2426 = CARTESIAN_POINT ( 'NONE',  ( -1.439391636922004114, -1.084202172485504434E-16, -1.422021974909466469 ) ) ;
#2427 = VECTOR ( 'NONE', #1192, 1000.000000000000000 ) ;
#2428 = CARTESIAN_POINT ( 'NONE',  ( 2.565151067676131547, 20.00000000000000000, 1.649999999999999911 ) ) ;
#2429 = EDGE_LOOP ( 'NONE', ( #2293, #2593, #540, #16 ) ) ;
#2430 = CARTESIAN_POINT ( 'NONE',  ( 1.176134645459914196, 0.4000000000000000222, 2.144447295916679597 ) ) ;
#2431 = CARTESIAN_POINT ( 'NONE',  ( -1.378219461417371283, -1.084202172485504434E-16, -1.120833074830319687 ) ) ;
#2432 = CARTESIAN_POINT ( 'NONE',  ( 0.4671804990632407728, 0.000000000000000000, 0.6441881245754571550 ) ) ;
#2433 = ADVANCED_FACE ( 'NONE', ( #1077 ), #1191, .F. ) ;
#2434 = CARTESIAN_POINT ( 'NONE',  ( 0.1493990453424103027, 0.4000000000000000222, -0.04931746501090474022 ) ) ;
#2435 = DIRECTION ( 'NONE',  ( 0.000000000000000000, 0.000000000000000000, -1.000000000000000000 ) ) ;
#2436 = AXIS2_PLACEMENT_3D ( 'NONE', #824, #189, #359 ) ;
#2437 = CARTESIAN_POINT ( 'NONE',  ( 0.4777294008000858017, 0.4000000000000000222, -0.7257034415549945550 ) ) ;
#2438 = CARTESIAN_POINT ( 'NONE',  ( -1.037695886607396423, 0.4000000000000000222, -1.236395845463457155 ) ) ;
#2439 = DIRECTION ( 'NONE',  ( 0.000000000000000000, 0.000000000000000000, 1.000000000000000000 ) ) ;
#2440 = ORIENTED_EDGE ( 'NONE', *, *, #2275, .F. ) ;
#2441 = CARTESIAN_POINT ( 'NONE',  ( 0.3669165962275048321, 0.4000000000000000222, -0.2258280920905098577 ) ) ;
#2442 = CARTESIAN_POINT ( 'NONE',  ( -1.397910531904414055, -1.084202172485504434E-16, -1.146168540090392263 ) ) ;
#2443 = DIRECTION ( 'NONE',  ( 0.000000000000000000, -1.000000000000000000, 0.000000000000000000 ) ) ;
#2444 = ORIENTED_EDGE ( 'NONE', *, *, #906, .F. ) ;
#2445 = CARTESIAN_POINT ( 'NONE',  ( 0.2157932359309306103, 0.000000000000000000, -0.08468908735868489746 ) ) ;
#2446 = CARTESIAN_POINT ( 'NONE',  ( -1.439391636922004114, 0.4000000000000000222, -1.422021974909466469 ) ) ;
#2447 = CARTESIAN_POINT ( 'NONE',  ( -1.247599975745953715, -0.000000000000000000, 2.123576243826304832 ) ) ;
#2448 = DIRECTION ( 'NONE',  ( 0.000000000000000000, -1.000000000000000000, 0.000000000000000000 ) ) ;
#2449 = VECTOR ( 'NONE', #2035, 1000.000000000000000 ) ;
#2450 = EDGE_CURVE ( 'NONE', #295, #1524, #769, .T. ) ;
#2451 = CARTESIAN_POINT ( 'NONE',  ( -0.7914593429918070910, 0.4000000000000000222, -1.316487465053869821 ) ) ;
#2452 = DIRECTION ( 'NONE',  ( 0.000000000000000000, -1.000000000000000000, 0.000000000000000000 ) ) ;
#2453 = ORIENTED_EDGE ( 'NONE', *, *, #835, .T. ) ;
#2454 = CARTESIAN_POINT ( 'NONE',  ( 0.6074803189997154407, 0.000000000000000000, 0.6086226621750586707 ) ) ;
#2455 = DIRECTION ( 'NONE',  ( 0.000000000000000000, 0.000000000000000000, -1.000000000000000000 ) ) ;
#2456 = VERTEX_POINT ( 'NONE', #1106 ) ;
#2457 = CARTESIAN_POINT ( 'NONE',  ( 1.166544530321070638, 0.4000000000000000222, 2.210872955257438655 ) ) ;
#2458 = FACE_OUTER_BOUND ( 'NONE', #155, .T. ) ;
#2459 = AXIS2_PLACEMENT_3D ( 'NONE', #781, #201, #1027 ) ;
#2460 = CARTESIAN_POINT ( 'NONE',  ( -1.219394696958852053, 0.000000000000000000, -1.148761369538511934 ) ) ;
#2461 = CARTESIAN_POINT ( 'NONE',  ( -1.247599975745953715, -5.421010862427522170E-17, 2.123576243826304832 ) ) ;
#2462 = VERTEX_POINT ( 'NONE', #1328 ) ;
#2463 = CARTESIAN_POINT ( 'NONE',  ( 1.418518228835005335, 0.4000000000000000222, -0.2882346421359870958 ) ) ;
#2464 = EDGE_CURVE ( 'NONE', #1358, #387, #1314, .T. ) ;
#2465 = CARTESIAN_POINT ( 'NONE',  ( 1.166544530321070638, 0.000000000000000000, 2.210872955257438655 ) ) ;
#2466 = CARTESIAN_POINT ( 'NONE',  ( 0.4783053923404966823, 0.4000000000000000222, -0.5574959031943037546 ) ) ;
#2467 = ORIENTED_EDGE ( 'NONE', *, *, #1905, .F. ) ;
#2468 = CARTESIAN_POINT ( 'NONE',  ( -0.2819899315927542061, 0.4000000000000000222, -2.063997714971405273 ) ) ;
#2469 = DIRECTION ( 'NONE',  ( -0.000000000000000000, -1.000000000000000000, -0.000000000000000000 ) ) ;
#2470 = EDGE_LOOP ( 'NONE', ( #1652, #2039, #357, #1216 ) ) ;
#2471 = CARTESIAN_POINT ( 'NONE',  ( -0.3779768581267559657, 0.000000000000000000, 0.04728406233777898704 ) ) ;
#2472 = CARTESIAN_POINT ( 'NONE',  ( -0.4169851116105620648, 0.000000000000000000, 0.04792687908496692795 ) ) ;
#2473 = VERTEX_POINT ( 'NONE', #82 ) ;
#2474 = CARTESIAN_POINT ( 'NONE',  ( 0.4799828622855393245, 0.4000000000000000222, -0.6360486996719262320 ) ) ;
#2475 = CARTESIAN_POINT ( 'NONE',  ( -1.209177811116239010, 0.000000000000000000, 0.05548653007597902087 ) ) ;
#2476 = CARTESIAN_POINT ( 'NONE',  ( 0.3669165962275048321, 0.000000000000000000, -0.2258280920905098577 ) ) ;
#2477 = EDGE_CURVE ( 'NONE', #625, #236, #2518, .T. ) ;
#2478 = ORIENTED_EDGE ( 'NONE', *, *, #1416, .F. ) ;
#2479 = CARTESIAN_POINT ( 'NONE',  ( -1.432590838524436361, 0.4000000000000000222, -1.662801926726630519 ) ) ;
#2480 = CARTESIAN_POINT ( 'NONE',  ( -0.5883514775486594628, 0.4000000000000000222, -1.351644762751338158 ) ) ;
#2481 = EDGE_CURVE ( 'NONE', #387, #2096, #1877, .T. ) ;
#2482 = EDGE_CURVE ( 'NONE', #1524, #612, #1161, .T. ) ;
#2483 = CARTESIAN_POINT ( 'NONE',  ( -1.236732111800200373, 0.000000000000000000, 2.214876364216857407 ) ) ;
#2484 = CARTESIAN_POINT ( 'NONE',  ( 5.327213576290986242E-16, 20.50000000000001066, -4.349999999999999645 ) ) ;
#2485 = AXIS2_PLACEMENT_3D ( 'NONE', #449, #2362, #1058 ) ;
#2486 = CARTESIAN_POINT ( 'NONE',  ( 1.436738317860785097, 0.000000000000000000, -0.4305489760204638250 ) ) ;
#2487 = AXIS2_PLACEMENT_3D ( 'NONE', #800, #2469, #352 ) ;
#2488 = CARTESIAN_POINT ( 'NONE',  ( -1.337467840255959439, -0.000000000000000000, -1.104709356437193701 ) ) ;
#2489 = DIRECTION ( 'NONE',  ( 0.000000000000000000, -1.000000000000000000, -0.000000000000000000 ) ) ;
#2490 = EDGE_LOOP ( 'NONE', ( #1986, #2398, #2284, #191, #283, #1855, #1722, #1267, #169, #1846, #543, #1898, #408, #1912, #599, #2724, #208 ) ) ;
#2491 = ORIENTED_EDGE ( 'NONE', *, *, #2450, .F. ) ;
#2492 = CARTESIAN_POINT ( 'NONE',  ( -1.067961868585324492, 0.000000000000000000, 0.007928307227838583826 ) ) ;
#2493 = CARTESIAN_POINT ( 'NONE',  ( -0.1303324282777587051, 0.000000000000000000, 0.6869832885962932068 ) ) ;
#2494 = CARTESIAN_POINT ( 'NONE',  ( -0.4776493419914117911, 0.4000000000000000222, -2.060548843091532412 ) ) ;
#2495 = ORIENTED_EDGE ( 'NONE', *, *, #1539, .T. ) ;
#2496 = AXIS2_PLACEMENT_3D ( 'NONE', #1799, #1142, #519 ) ;
#2497 = EDGE_CURVE ( 'NONE', #319, #1834, #736, .T. ) ;
#2498 = CARTESIAN_POINT ( 'NONE',  ( -1.079383337265433340, 0.000000000000000000, 2.349443273945992949 ) ) ;
#2499 = CARTESIAN_POINT ( 'NONE',  ( -0.3799864326427184191, 0.4000000000000000222, -1.360022850285947715 ) ) ;
#2500 = CARTESIAN_POINT ( 'NONE',  ( -0.9119053798167283675, 0.000000000000000000, -1.281593662860509797 ) ) ;
#2501 = CARTESIAN_POINT ( 'NONE',  ( 0.4208393670021004507, 0.4000000000000000222, -1.966886317447066990 ) ) ;
#2502 = CARTESIAN_POINT ( 'NONE',  ( 1.388761263480374986, 0.000000000000000000, -0.1551485794000155016 ) ) ;
#2503 = DIRECTION ( 'NONE',  ( -0.000000000000000000, -1.000000000000000000, -0.000000000000000000 ) ) ;
#2504 = DIRECTION ( 'NONE',  ( -0.000000000000000000, -1.000000000000000000, -0.000000000000000000 ) ) ;
#2505 = ORIENTED_EDGE ( 'NONE', *, *, #742, .F. ) ;
#2506 = CARTESIAN_POINT ( 'NONE',  ( -1.439033403155897117, 0.4000000000000000222, -1.531346414460372785 ) ) ;
#2507 = CARTESIAN_POINT ( 'NONE',  ( -1.337467840255959439, 0.4000000000000000222, -1.104709356437193701 ) ) ;
#2508 = CARTESIAN_POINT ( 'NONE',  ( -1.067961868585324492, 0.000000000000000000, 0.007928307227838583826 ) ) ;
#2509 = EDGE_LOOP ( 'NONE', ( #1783, #947, #671, #2505 ) ) ;
#2510 = SURFACE_STYLE_USAGE ( .BOTH. , #1665 ) ;
#2511 = CARTESIAN_POINT ( 'NONE',  ( 1.176380949153819522, 0.000000000000000000, 1.800537041225318768 ) ) ;
#2512 = EDGE_CURVE ( 'NONE', #2104, #469, #2694, .T. ) ;
#2513 = CARTESIAN_POINT ( 'NONE',  ( -0.9199263241960743409, 0.000000000000000000, 0.01066172975072042159 ) ) ;
#2514 = FACE_OUTER_BOUND ( 'NONE', #2, .T. ) ;
#2515 = CARTESIAN_POINT ( 'NONE',  ( -1.067961868585324492, 0.4000000000000000222, 0.007928307227838583826 ) ) ;
#2516 = ORIENTED_EDGE ( 'NONE', *, *, #785, .F. ) ;
#2517 = AXIS2_PLACEMENT_3D ( 'NONE', #2709, #1853, #1433 ) ;
#2518 = B_SPLINE_CURVE_WITH_KNOTS ( 'NONE', 3,
 ( #1938, #2604, #2366, #1555, #1732, #467, #2162, #1953, #54, #895, #2382, #2396, #293, #1135, #1984, #1609, #760, #110, #2216 ),
 .UNSPECIFIED., .F., .F.,
 ( 4, 1, 1, 1, 1, 1, 1, 1, 1, 1, 1, 1, 1, 1, 1, 1, 4 ),
 ( 0.000000000000000000, 0.06192174646320765946, 0.1203487945143631721, 0.1758886205876626085, 0.2296995808163501684, 0.2826418874001434545, 0.3337207366340240733, 0.3859118890175427530, 0.4384628861662888677, 0.4932271070379967703, 0.5513770291882420516, 0.6124230311764599088, 0.6779909905287060390, 0.7491383699953314546, 0.8257088022718023224, 0.9094733098359435441, 1.000000000000000000 ),
 .UNSPECIFIED. ) ;
#2519 = CARTESIAN_POINT ( 'NONE',  ( -1.339664895513898113, 0.4000000000000000222, -1.861712221881329565 ) ) ;
#2520 = CARTESIAN_POINT ( 'NONE',  ( -1.397910531904414055, 0.4000000000000000222, -1.146168540090392263 ) ) ;
#2521 = EDGE_LOOP ( 'NONE', ( #371, #1811, #1212, #1611 ) ) ;
#2522 = DIRECTION ( 'NONE',  ( -0.000000000000000000, -1.000000000000000000, -0.000000000000000000 ) ) ;
#2523 = CARTESIAN_POINT ( 'NONE',  ( 1.435351129028050510, 0.000000000000000000, -0.7477542444208726824 ) ) ;
#2524 = CARTESIAN_POINT ( 'NONE',  ( -0.4799828622855391025, 0.4000000000000000222, 0.6679047428704547595 ) ) ;
#2525 = AXIS2_PLACEMENT_3D ( 'NONE', #2422, #2643, #538 ) ;
#2526 = CARTESIAN_POINT ( 'NONE',  ( 1.435351129028050510, 0.4000000000000000222, -0.7477542444208726824 ) ) ;
#2527 = FACE_OUTER_BOUND ( 'NONE', #118, .T. ) ;
#2528 = CARTESIAN_POINT ( 'NONE',  ( -0.9119053798167283675, 0.000000000000000000, -1.281593662860509797 ) ) ;
#2529 = EDGE_CURVE ( 'NONE', #2581, #1419, #1289, .T. ) ;
#2530 = CARTESIAN_POINT ( 'NONE',  ( 0.000000000000000000, 20.00000000000000000, 0.000000000000000000 ) ) ;
#2531 = CARTESIAN_POINT ( 'NONE',  ( 1.183957726970996660, 0.4000000000000000222, 1.972858149709264097 ) ) ;
#2532 = CARTESIAN_POINT ( 'NONE',  ( 0.04736088122144113677, 0.4000000000000000222, 0.6869582580727755516 ) ) ;
#2533 = DIRECTION ( 'NONE',  ( -0.000000000000000000, -1.000000000000000000, 0.000000000000000000 ) ) ;
#2534 = ORIENTED_EDGE ( 'NONE', *, *, #2201, .T. ) ;
#2535 = CARTESIAN_POINT ( 'NONE',  ( 1.075220294728182147, 0.000000000000000000, -1.576249809280601433 ) ) ;
#2536 = CARTESIAN_POINT ( 'NONE',  ( -1.182818226839047693, 0.000000000000000000, 0.03287285059877303323 ) ) ;
#2537 = B_SPLINE_CURVE_WITH_KNOTS ( 'NONE', 3,
 ( #1930, #2583, #688, #1496, #2337, #1531, #1321, #1114, #1287, #1960, #2137 ),
 .UNSPECIFIED., .F., .F.,
 ( 4, 1, 1, 1, 1, 1, 1, 1, 4 ),
 ( 0.000000000000000000, 0.2131923673497059246, 0.3978394130439615872, 0.5501753220271278222, 0.6737585725198482756, 0.7731137772225545879, 0.8575709911369205907, 0.9291565985966739882, 1.000000000000000000 ),
 .UNSPECIFIED. ) ;
#2538 = CARTESIAN_POINT ( 'NONE',  ( 1.075220294728182147, 0.000000000000000000, -1.576249809280601433 ) ) ;
#2539 = CARTESIAN_POINT ( 'NONE',  ( 1.183957726970996660, 0.4000000000000000222, 1.972858149709264097 ) ) ;
#2540 = CARTESIAN_POINT ( 'NONE',  ( 0.7375971850620909320, 0.000000000000000000, 0.5625804604183575197 ) ) ;
#2541 = B_SPLINE_SURFACE_WITH_KNOTS ( 'NONE', 3, 1, ( 
 ( #998, #1848 ),
 ( #2286, #1235 ),
 ( #2083, #1024 ),
 ( #1499, #641 ),
 ( #2554, #211 ),
 ( #1053, #1903 ),
 ( #243, #876 ),
 ( #1679, #689 ),
 ( #845, #415 ),
 ( #627, #1247 ),
 ( #1532, #658 ) ),
 .UNSPECIFIED., .F., .F., .F.,
 ( 4, 1, 1, 1, 1, 1, 1, 1, 4 ),
 ( 2, 2 ),
 ( 0.000000000000000000, 0.1613810746840897425, 0.2990519594130366388, 0.4183351230022069323, 0.5250569008281217309, 0.6265854126764042187, 0.7393734159551941243, 0.8592219057615544386, 0.9999999999999998890 ),
 ( 0.000000000000000000, 1.000000000000000000 ),
 .UNSPECIFIED. ) ;
#2542 = CARTESIAN_POINT ( 'NONE',  ( 1.412109355121003773, 0.000000000000000000, -0.9107249189582751203 ) ) ;
#2543 = CARTESIAN_POINT ( 'NONE',  ( 1.183957726970996660, 0.4000000000000000222, 1.972858149709264097 ) ) ;
#2544 = DIRECTION ( 'NONE',  ( -0.000000000000000000, -1.000000000000000000, -0.000000000000000000 ) ) ;
#2545 = CARTESIAN_POINT ( 'NONE',  ( 0.2157932359309306103, 0.000000000000000000, -0.08468908735868489746 ) ) ;
#2546 = CARTESIAN_POINT ( 'NONE',  ( -1.426467820698710698, 0.4000000000000000222, -1.712510456895407485 ) ) ;
#2547 = EDGE_LOOP ( 'NONE', ( #2491, #2368, #2711, #1508, #1334, #842, #2637, #567, #2567, #2271, #826, #2319, #1141, #1509, #1462, #1819, #1512 ) ) ;
#2548 = ADVANCED_FACE ( 'NONE', ( #1370 ), #2671, .F. ) ;
#2549 = CARTESIAN_POINT ( 'NONE',  ( -1.438004466498163492, 0.000000000000000000, -1.602800040900503653 ) ) ;
#2550 = CARTESIAN_POINT ( 'NONE',  ( -1.339664895513898113, 0.000000000000000000, -1.861712221881329565 ) ) ;
#2551 = EDGE_LOOP ( 'NONE', ( #1178, #683, #594, #164 ) ) ;
#2552 = CARTESIAN_POINT ( 'NONE',  ( 0.2579105973405547148, 0.000000000000000000, -2.010815217650203657 ) ) ;
#2553 = CARTESIAN_POINT ( 'NONE',  ( -1.027963296728195974, 0.000000000000000000, 2.351844618055555003 ) ) ;
#2554 = CARTESIAN_POINT ( 'NONE',  ( -1.221311877350775399, 0.4000000000000000222, 2.259127894737020359 ) ) ;
#2555 = CARTESIAN_POINT ( 'NONE',  ( 1.165959331881388561, 0.000000000000000000, 1.732820566019847019 ) ) ;
#2556 = CARTESIAN_POINT ( 'NONE',  ( 1.152941218360432618, 0.000000000000000000, 0.2820298444381529879 ) ) ;
#2557 = VECTOR ( 'NONE', #2599, 1000.000000000000000 ) ;
#2558 = CARTESIAN_POINT ( 'NONE',  ( -1.079383337265433340, 0.4000000000000000222, 2.349443273945992949 ) ) ;
#2559 = CARTESIAN_POINT ( 'NONE',  ( 1.183785338698627676, 0.000000000000000000, 2.004883660615231378 ) ) ;
#2560 = CARTESIAN_POINT ( 'NONE',  ( -0.7914593429918070910, 0.000000000000000000, -1.316487465053869821 ) ) ;
#2561 = CARTESIAN_POINT ( 'NONE',  ( -1.150138262448394677, 0.4000000000000000222, 0.01843101909304522418 ) ) ;
#2562 = CARTESIAN_POINT ( 'NONE',  ( 0.4783053923404966823, 0.000000000000000000, -0.5574959031943037546 ) ) ;
#2563 = ORIENTED_EDGE ( 'NONE', *, *, #2482, .T. ) ;
#2564 = CARTESIAN_POINT ( 'NONE',  ( -1.027963296728195974, 0.4000000000000000222, 2.351844618055555003 ) ) ;
#2565 = CARTESIAN_POINT ( 'NONE',  ( 0.3171540006644647525, 0.4000000000000000222, 0.6704224575574091460 ) ) ;
#2566 = CARTESIAN_POINT ( 'NONE',  ( -0.6650440217982035440, 0.4000000000000000222, -2.043493230371892455 ) ) ;
#2567 = ORIENTED_EDGE ( 'NONE', *, *, #2032, .F. ) ;
#2568 = CARTESIAN_POINT ( 'NONE',  ( 1.104894282187753873, 0.4000000000000000222, 2.331034014925651654 ) ) ;
#2569 = EDGE_CURVE ( 'NONE', #257, #2403, #2070, .T. ) ;
#2570 = CARTESIAN_POINT ( 'NONE',  ( -0.3178803195302268847, 0.4000000000000000222, -1.358275737286072316 ) ) ;
#2571 = CARTESIAN_POINT ( 'NONE',  ( -1.432590838524436361, 0.000000000000000000, -1.662801926726630519 ) ) ;
#2572 = CARTESIAN_POINT ( 'NONE',  ( -0.2487200812594669574, 0.000000000000000000, 0.6857080440154654788 ) ) ;
#2573 = CARTESIAN_POINT ( 'NONE',  ( -0.2819899315927542061, 0.000000000000000000, -2.063997714971405273 ) ) ;
#2574 = CARTESIAN_POINT ( 'NONE',  ( -1.245874591538054466, 0.000000000000000000, 0.1777764374268639980 ) ) ;
#2575 = CARTESIAN_POINT ( 'NONE',  ( -1.067961868585324492, 0.000000000000000000, 0.007928307227838583826 ) ) ;
#2576 = CARTESIAN_POINT ( 'NONE',  ( -0.3483568364702203657, 0.4000000000000000222, -2.062827871151883929 ) ) ;
#2577 = ORIENTED_EDGE ( 'NONE', *, *, #144, .T. ) ;
#2578 = LINE ( 'NONE', #2564, #2136 ) ;
#2579 = CARTESIAN_POINT ( 'NONE',  ( 1.064846171945130759, 0.000000000000000000, 0.3658363826781461658 ) ) ;
#2580 = CARTESIAN_POINT ( 'NONE',  ( 1.251228015446590902, 0.000000000000000000, -1.341503153997387177 ) ) ;
#2581 = VERTEX_POINT ( 'NONE', #2140 ) ;
#2582 = AXIS2_PLACEMENT_3D ( 'NONE', #1641, #2036, #133 ) ;
#2583 = CARTESIAN_POINT ( 'NONE',  ( 1.183729472495536950, -0.000000000000000000, 1.941175572023472906 ) ) ;
#2584 = CARTESIAN_POINT ( 'NONE',  ( 0.000000000000000000, 20.00000000000000000, -3.049999999999999822 ) ) ;
#2585 = CARTESIAN_POINT ( 'NONE',  ( -0.7650681950337299142, 0.000000000000000000, 0.02893429074567172715 ) ) ;
#2586 = EDGE_CURVE ( 'NONE', #1834, #470, #1309, .T. ) ;
#2587 = CARTESIAN_POINT ( 'NONE',  ( -1.045997006109599781, 0.4000000000000000222, 2.351002433931541624 ) ) ;
#2588 = CARTESIAN_POINT ( 'NONE',  ( 1.047962582656760455, 0.000000000000000000, 1.583872038398692172 ) ) ;
#2589 = AXIS2_PLACEMENT_3D ( 'NONE', #2405, #1424, #816 ) ;
#2590 = CARTESIAN_POINT ( 'NONE',  ( -0.1984856955786215016, -5.421010862427522170E-17, -1.354917035716014739 ) ) ;
#2591 = DIRECTION ( 'NONE',  ( -0.000000000000000000, -1.000000000000000000, -0.000000000000000000 ) ) ;
#2592 = CARTESIAN_POINT ( 'NONE',  ( 0.4483204212902122676, 0.4000000000000000222, -0.8899229145148969122 ) ) ;
#2593 = ORIENTED_EDGE ( 'NONE', *, *, #250, .F. ) ;
#2594 = ORIENTED_EDGE ( 'NONE', *, *, #409, .T. ) ;
#2595 = CARTESIAN_POINT ( 'NONE',  ( -1.432590838524436361, 0.4000000000000000222, -1.662801926726630519 ) ) ;
#2596 = CARTESIAN_POINT ( 'NONE',  ( -1.217306518483291633, 0.000000000000000000, -1.916285096505051300 ) ) ;
#2597 = ORIENTED_EDGE ( 'NONE', *, *, #250, .T. ) ;
#2598 = CARTESIAN_POINT ( 'NONE',  ( -1.247955441942401711, 0.4000000000000000222, 2.102853508244931557 ) ) ;
#2599 = DIRECTION ( 'NONE',  ( 0.000000000000000000, -1.000000000000000000, 0.000000000000000000 ) ) ;
#2600 = FACE_OUTER_BOUND ( 'NONE', #2470, .T. ) ;
#2601 = DIRECTION ( 'NONE',  ( -0.000000000000000000, 1.000000000000000000, -0.000000000000000000 ) ) ;
#2602 = DIRECTION ( 'NONE',  ( -1.000000000000000000, 0.000000000000000000, 0.000000000000000000 ) ) ;
#2603 = CARTESIAN_POINT ( 'NONE',  ( 0.3010759788225487732, -5.421010862427522170E-17, -1.141322813040843043 ) ) ;
#2604 = CARTESIAN_POINT ( 'NONE',  ( 0.4794129848490676915, 0.4000000000000000222, -0.6093623996183051839 ) ) ;
#2605 = LINE ( 'NONE', #1556, #489 ) ;
#2606 = ORIENTED_EDGE ( 'NONE', *, *, #2586, .T. ) ;
#2607 = CARTESIAN_POINT ( 'NONE',  ( -1.067961868585324492, 0.000000000000000000, 0.007928307227838583826 ) ) ;
#2608 = DIRECTION ( 'NONE',  ( -0.000000000000000000, -1.000000000000000000, -0.000000000000000000 ) ) ;
#2609 = B_SPLINE_SURFACE_WITH_KNOTS ( 'NONE', 3, 1, ( 
 ( #541, #1138 ),
 ( #1987, #296 ),
 ( #2016, #2232 ),
 ( #2659, #2030 ),
 ( #502, #2195 ),
 ( #486, #1345 ),
 ( #1793, #2607 ) ),
 .UNSPECIFIED., .F., .F., .F.,
 ( 4, 1, 1, 1, 4 ),
 ( 2, 2 ),
 ( 0.000000000000000000, 0.2836042771905770699, 0.5420777578206683600, 0.7776646396935757988, 1.000000000000000000 ),
 ( 0.000000000000000000, 1.000000000000000000 ),
 .UNSPECIFIED. ) ;
#2610 = CARTESIAN_POINT ( 'NONE',  ( 1.435351129028050510, 0.000000000000000000, -0.7477542444208726824 ) ) ;
#2611 = ORIENTED_EDGE ( 'NONE', *, *, #175, .F. ) ;
#2612 = CARTESIAN_POINT ( 'NONE',  ( -0.4413465930850527519, 0.000000000000000000, 0.6719182230060714023 ) ) ;
#2613 = CARTESIAN_POINT ( 'NONE',  ( 1.152941218360432618, 0.000000000000000000, 0.2820298444381529879 ) ) ;
#2614 = CARTESIAN_POINT ( 'NONE',  ( -1.247955441942401711, 0.4000000000000000222, 0.2339202382206132524 ) ) ;
#2615 = LINE ( 'NONE', #1566, #1528 ) ;
#2616 = CARTESIAN_POINT ( 'NONE',  ( -1.182818226839047693, 0.000000000000000000, 0.03287285059877303323 ) ) ;
#2617 = LINE ( 'NONE', #1807, #1396 ) ;
#2618 = ORIENTED_EDGE ( 'NONE', *, *, #227, .F. ) ;
#2619 = CARTESIAN_POINT ( 'NONE',  ( 0.4799828622855393245, 0.000000000000000000, -0.6360486996719262320 ) ) ;
#2620 = EDGE_CURVE ( 'NONE', #2164, #1530, #2731, .T. ) ;
#2621 = DIRECTION ( 'NONE',  ( 0.000000000000000000, 0.000000000000000000, 1.000000000000000000 ) ) ;
#2622 = CARTESIAN_POINT ( 'NONE',  ( -1.339664895513898113, 0.000000000000000000, -1.861712221881329565 ) ) ;
#2623 = AXIS2_PLACEMENT_3D ( 'NONE', #2323, #2113, #20 ) ;
#2624 = ORIENTED_EDGE ( 'NONE', *, *, #673, .F. ) ;
#2625 =( NAMED_UNIT ( * ) SI_UNIT ( $, .STERADIAN. ) SOLID_ANGLE_UNIT ( ) );
#2626 = CARTESIAN_POINT ( 'NONE',  ( -1.414098249916768468, 0.4000000000000000222, -1.182479098156637098 ) ) ;
#2627 = CLOSED_SHELL ( 'NONE', ( #1412, #463, #2400, #801, #1350, #756, #582, #1798, #269, #2048, #1445, #920, #870, #45, #1055, #616, #1382, #556, #1760, #1776, #301, #2317, #1257, #819, #1003, #1160, #2698, #209, #2713, #1720, #1239, #1702, #834 ) ) ;
#2628 = DIRECTION ( 'NONE',  ( 0.000000000000000000, 0.000000000000000000, 1.000000000000000000 ) ) ;
#2629 = CARTESIAN_POINT ( 'NONE',  ( -0.008999678667853672209, 0.4000000000000000222, 0.6879040287990192404 ) ) ;
#2630 = CARTESIAN_POINT ( 'NONE',  ( -0.4799828622855391025, 0.000000000000000000, 0.6679047428704547595 ) ) ;
#2631 = CARTESIAN_POINT ( 'NONE',  ( -0.3799864326427184191, 0.4000000000000000222, -1.360022850285947715 ) ) ;
#2632 = ORIENTED_EDGE ( 'NONE', *, *, #2059, .T. ) ;
#2633 = CARTESIAN_POINT ( 'NONE',  ( -0.05367092498090912656, 0.000000000000000000, -1.329255576571228614 ) ) ;
#2634 = CARTESIAN_POINT ( 'NONE',  ( 0.5740475459581070306, 0.4000000000000000222, -1.910923319205970250 ) ) ;
#2635 = LINE ( 'NONE', #1795, #1144 ) ;
#2636 = EDGE_CURVE ( 'NONE', #1603, #97, #810, .T. ) ;
#2637 = ORIENTED_EDGE ( 'NONE', *, *, #64, .F. ) ;
#2638 = CARTESIAN_POINT ( 'NONE',  ( 1.150121645516674063, 0.4000000000000000222, 2.263110253584544651 ) ) ;
#2639 = CARTESIAN_POINT ( 'NONE',  ( -1.439391636922004114, 0.4000000000000000222, -1.422021974909466469 ) ) ;
#2640 = CARTESIAN_POINT ( 'NONE',  ( -0.9199263241960743409, 0.000000000000000000, 0.01066172975072042159 ) ) ;
#2641 = CARTESIAN_POINT ( 'NONE',  ( 0.3669165962275048321, 0.000000000000000000, -0.2258280920905098577 ) ) ;
#2642 = CARTESIAN_POINT ( 'NONE',  ( 0.5740475459581070306, 0.4000000000000000222, -1.910923319205970250 ) ) ;
#2643 = DIRECTION ( 'NONE',  ( -0.000000000000000000, 1.000000000000000000, -0.000000000000000000 ) ) ;
#2644 = DIRECTION ( 'NONE',  ( 0.000000000000000000, 1.000000000000000000, -0.000000000000000000 ) ) ;
#2645 = ORIENTED_EDGE ( 'NONE', *, *, #1852, .T. ) ;
#2646 = CARTESIAN_POINT ( 'NONE',  ( 0.3877509541771188561, 0.000000000000000000, -1.027445408763209889 ) ) ;
#2647 = CARTESIAN_POINT ( 'NONE',  ( 0.4208393670021004507, 0.4000000000000000222, -1.966886317447066990 ) ) ;
#2648 = CARTESIAN_POINT ( 'NONE',  ( 0.4531772219950167546, 0.000000000000000000, -0.4115006254630734772 ) ) ;
#2649 = ORIENTED_EDGE ( 'NONE', *, *, #2017, .F. ) ;
#2650 = CARTESIAN_POINT ( 'NONE',  ( -0.4799828622855391025, 0.4000000000000000222, 1.583872038398692172 ) ) ;
#2651 = CARTESIAN_POINT ( 'NONE',  ( -1.438376195047441186, 0.4000000000000000222, -1.367329788436739024 ) ) ;
#2652 = EDGE_CURVE ( 'NONE', #2096, #1614, #1262, .T. ) ;
#2653 = CARTESIAN_POINT ( 'NONE',  ( -1.111118239484212733, 0.4000000000000000222, 0.009259711502909712469 ) ) ;
#2654 = CARTESIAN_POINT ( 'NONE',  ( 0.2579105973405547148, 0.000000000000000000, -2.010815217650203657 ) ) ;
#2655 = VECTOR ( 'NONE', #1015, 1000.000000000000000 ) ;
#2656 = CARTESIAN_POINT ( 'NONE',  ( -0.4776493419914117911, 0.000000000000000000, -2.060548843091532412 ) ) ;
#2657 = CARTESIAN_POINT ( 'NONE',  ( -1.246941268628276367, 0.4000000000000000222, 2.161977120088527826 ) ) ;
#2658 = ORIENTED_EDGE ( 'NONE', *, *, #1095, .T. ) ;
#2659 = CARTESIAN_POINT ( 'NONE',  ( -0.7650681950337299142, 0.4000000000000000222, 0.02893429074567172715 ) ) ;
#2660 = CARTESIAN_POINT ( 'NONE',  ( -1.354577757578232067, 0.4000000000000000222, -1.106070399510945546 ) ) ;
#2661 = CARTESIAN_POINT ( 'NONE',  ( 0.2729052283002285084, 0.4000000000000000222, -0.1276755592543554751 ) ) ;
#2662 = EDGE_LOOP ( 'NONE', ( #1051, #1915 ) ) ;
#2663 = FILL_AREA_STYLE ('',( #140 ) ) ;
#2664 = CARTESIAN_POINT ( 'NONE',  ( -1.328952549953086315, 0.4000000000000000222, -1.104031990400327068 ) ) ;
#2665 = CARTESIAN_POINT ( 'NONE',  ( -0.7914593429918070910, 0.000000000000000000, -1.316487465053869821 ) ) ;
#2666 = EDGE_CURVE ( 'NONE', #1621, #1419, #1515, .T. ) ;
#2667 = CARTESIAN_POINT ( 'NONE',  ( -1.221311877350775399, -5.421010862427522170E-17, 2.259127894737020359 ) ) ;
#2668 = EDGE_LOOP ( 'NONE', ( #2348, #1193, #798, #984 ) ) ;
#2669 = CARTESIAN_POINT ( 'NONE',  ( 0.1572910862111071284, 0.000000000000000000, 0.6851135501775132974 ) ) ;
#2670 = CARTESIAN_POINT ( 'NONE',  ( -1.226922392080145974, 0.4000000000000000222, 0.08736376679943498591 ) ) ;
#2671 = B_SPLINE_SURFACE_WITH_KNOTS ( 'NONE', 3, 1, ( 
 ( #1011, #2410 ),
 ( #955, #1864 ),
 ( #938, #317 ),
 ( #304, #2013 ),
 ( #376, #1597 ),
 ( #2438, #1383 ),
 ( #1025, #2500 ),
 ( #2451, #550 ),
 ( #1176, #1221 ),
 ( #512, #2069 ),
 ( #2229, #330 ),
 ( #1148, #184 ),
 ( #1236, #2027 ) ),
 .UNSPECIFIED., .F., .F., .F.,
 ( 4, 1, 1, 1, 1, 1, 1, 1, 1, 1, 4 ),
 ( 2, 2 ),
 ( 0.000000000000000000, 0.04440116609463947567, 0.1118686809485512496, 0.2027427457445154235, 0.3152785245669230130, 0.4501835653801198878, 0.6058794642477436376, 0.6930609070005437911, 0.7875047180595161622, 0.8903321362627725222, 1.000000000000000000 ),
 ( 0.000000000000000000, 1.000000000000000000 ),
 .UNSPECIFIED. ) ;
#2672 = LINE ( 'NONE', #945, #1365 ) ;
#2673 = ORIENTED_EDGE ( 'NONE', *, *, #785, .T. ) ;
#2674 = CARTESIAN_POINT ( 'NONE',  ( -1.426467820698710698, 0.4000000000000000222, -1.712510456895407485 ) ) ;
#2675 = CARTESIAN_POINT ( 'NONE',  ( -1.397910531904414055, 0.4000000000000000222, -1.146168540090392263 ) ) ;
#2676 = B_SPLINE_CURVE_WITH_KNOTS ( 'NONE', 3,
 ( #2309, #2570, #2322, #224, #1261, #1068, #1275, #1709, #2340, #1932, #1726, #1306, #260, #2111, #1101, #2185, #62 ),
 .UNSPECIFIED., .F., .F.,
 ( 4, 1, 1, 1, 1, 1, 1, 1, 1, 1, 1, 1, 1, 1, 4 ),
 ( 0.000000000000000000, 0.1451987480583907808, 0.2791343565692988027, 0.3420048425868865705, 0.4025112953498243273, 0.4597510955262692489, 0.5162052508072205725, 0.5719444934671177316, 0.6272404637962367691, 0.6828050090856863097, 0.7396292891646502055, 0.7988414723140656593, 0.8621789737589887759, 0.9282170845184235519, 1.000000000000000000 ),
 .UNSPECIFIED. ) ;
#2677 = LINE ( 'NONE', #779, #897 ) ;
#2678 = EDGE_CURVE ( 'NONE', #1423, #374, #432, .T. ) ;
#2679 = PLANE ( 'NONE',  #2459 ) ;
#2680 = ORIENTED_EDGE ( 'NONE', *, *, #2477, .T. ) ;
#2681 = CARTESIAN_POINT ( 'NONE',  ( 0.4204035565596511148, 0.4000000000000000222, -0.9615443644103793819 ) ) ;
#2682 = LINE ( 'NONE', #176, #2655 ) ;
#2683 = EDGE_CURVE ( 'NONE', #1463, #469, #1087, .T. ) ;
#2684 = PRODUCT_RELATED_PRODUCT_CATEGORY ( 'part', '', ( #2252 ) ) ;
#2685 = ORIENTED_EDGE ( 'NONE', *, *, #2512, .F. ) ;
#2686 = CARTESIAN_POINT ( 'NONE',  ( -0.008999678667853672209, 0.000000000000000000, 0.6879040287990192404 ) ) ;
#2687 = VECTOR ( 'NONE', #2089, 1000.000000000000000 ) ;
#2688 = CARTESIAN_POINT ( 'NONE',  ( -1.219394696958852053, 0.000000000000000000, -1.148761369538511934 ) ) ;
#2689 = ORIENTED_EDGE ( 'NONE', *, *, #2248, .F. ) ;
#2690 = CARTESIAN_POINT ( 'NONE',  ( -0.3028741982520095077, 0.000000000000000000, 0.04604644611007761845 ) ) ;
#2691 = APPLICATION_CONTEXT ( 'automotive_design' ) ;
#2692 = CARTESIAN_POINT ( 'NONE',  ( -1.067961868585324492, 0.4000000000000000222, 0.007928307227838583826 ) ) ;
#2693 = CARTESIAN_POINT ( 'NONE',  ( -0.3779768581267559657, 0.4000000000000000222, 0.04728406233777898704 ) ) ;
#2694 = B_SPLINE_CURVE_WITH_KNOTS ( 'NONE', 3,
 ( #2630, #1583, #171, #2273, #747, #602, #1817 ),
 .UNSPECIFIED., .F., .F.,
 ( 4, 1, 1, 1, 4 ),
 ( 0.000000000000000000, 0.2470226549002673966, 0.4890366114064085279, 0.7392319736313518463, 0.9999999999999998890 ),
 .UNSPECIFIED. ) ;
#2695 = CARTESIAN_POINT ( 'NONE',  ( -1.240169466493149519, 0.4000000000000000222, 0.1276388434555551232 ) ) ;
#2696 = CARTESIAN_POINT ( 'NONE',  ( 0.2157932359309306103, 0.4000000000000000222, -0.08468908735868489746 ) ) ;
#2697 = ORIENTED_EDGE ( 'NONE', *, *, #1943, .T. ) ;
#2698 = ADVANCED_FACE ( 'NONE', ( #1933 ), #1483, .T. ) ;
#2699 = CARTESIAN_POINT ( 'NONE',  ( -0.2819899315927542061, 0.4000000000000000222, -2.063997714971405273 ) ) ;
#2700 = FACE_OUTER_BOUND ( 'NONE', #1691, .T. ) ;
#2701 = CARTESIAN_POINT ( 'NONE',  ( 1.439948586856617530, 0.4000000000000000222, -0.5790507347755186052 ) ) ;
#2702 = ORIENTED_EDGE ( 'NONE', *, *, #603, .F. ) ;
#2703 = CARTESIAN_POINT ( 'NONE',  ( -0.4867306414422888916, 0.000000000000000000, -1.357822159262515038 ) ) ;
#2704 = CARTESIAN_POINT ( 'NONE',  ( -0.7914593429918070910, 0.4000000000000000222, -1.316487465053869821 ) ) ;
#2705 = CARTESIAN_POINT ( 'NONE',  ( -0.2819899315927542061, 0.000000000000000000, -2.063997714971405273 ) ) ;
#2706 = CARTESIAN_POINT ( 'NONE',  ( -1.045997006109599781, 0.4000000000000000222, 2.351002433931541624 ) ) ;
#2707 = CARTESIAN_POINT ( 'NONE',  ( 0.4665027956307871149, 0.4000000000000000222, -0.8111255698121729862 ) ) ;
#2708 = AXIS2_PLACEMENT_3D ( 'NONE', #2726, #1157, #1965 ) ;
#2709 = CARTESIAN_POINT ( 'NONE',  ( 0.000000000000000000, 0.000000000000000000, 0.000000000000000000 ) ) ;
#2710 = CARTESIAN_POINT ( 'NONE',  ( 1.183303525602266593, 0.4000000000000000222, 1.882052544933299432 ) ) ;
#2711 = ORIENTED_EDGE ( 'NONE', *, *, #2481, .F. ) ;
#2712 = CARTESIAN_POINT ( 'NONE',  ( -0.4776493419914117911, 0.000000000000000000, -2.060548843091532412 ) ) ;
#2713 = ADVANCED_FACE ( 'NONE', ( #1694 ), #571, .T. ) ;
#2714 = CARTESIAN_POINT ( 'NONE',  ( -0.008999678667853672209, 0.4000000000000000222, 0.6879040287990192404 ) ) ;
#2715 = CARTESIAN_POINT ( 'NONE',  ( -1.439391636922004114, 0.4000000000000000222, -1.422021974909466469 ) ) ;
#2716 = PRESENTATION_LAYER_ASSIGNMENT (  '', '', ( #334 ) ) ;
#2717 = CARTESIAN_POINT ( 'NONE',  ( -1.246941268628276367, 0.000000000000000000, 2.161977120088527826 ) ) ;
#2718 = CIRCLE ( 'NONE', #807, 5.049999999999999822 ) ;
#2719 = CARTESIAN_POINT ( 'NONE',  ( -0.4799828622855391025, 0.4000000000000000222, 1.583872038398692172 ) ) ;
#2720 = DIRECTION ( 'NONE',  ( 0.000000000000000000, 0.000000000000000000, 1.000000000000000000 ) ) ;
#2721 = CARTESIAN_POINT ( 'NONE',  ( 0.4483204212902122676, 0.4000000000000000222, -0.8899229145148969122 ) ) ;
#2722 = FACE_OUTER_BOUND ( 'NONE', #702, .T. ) ;
#2723 = FACE_OUTER_BOUND ( 'NONE', #2384, .T. ) ;
#2724 = ORIENTED_EDGE ( 'NONE', *, *, #447, .T. ) ;
#2725 = CARTESIAN_POINT ( 'NONE',  ( -1.312122515481977114, 0.000000000000000000, -1.875368598061878389 ) ) ;
#2726 = CARTESIAN_POINT ( 'NONE',  ( 0.000000000000000000, 1.999999999999998224, 0.000000000000000000 ) ) ;
#2727 = CARTESIAN_POINT ( 'NONE',  ( -1.439629456384841300, -0.000000000000000000, -1.479681350502807247 ) ) ;
#2728 = ORIENTED_EDGE ( 'NONE', *, *, #1637, .F. ) ;
#2729 = FACE_OUTER_BOUND ( 'NONE', #1491, .T. ) ;
#2730 = CARTESIAN_POINT ( 'NONE',  ( -0.2819899315927542061, 0.000000000000000000, -2.063997714971405273 ) ) ;
#2731 = LINE ( 'NONE', #2341, #1067 ) ;
#2732 = EDGE_CURVE ( 'NONE', #469, #898, #185, .T. ) ;
#2733 = B_SPLINE_CURVE_WITH_KNOTS ( 'NONE', 3,
 ( #2114, #1057, #2377, #2572, #677, #1906, #2311 ),
 .UNSPECIFIED., .F., .F.,
 ( 4, 1, 1, 1, 4 ),
 ( 0.000000000000000000, 0.2470226549002673966, 0.4890366114064085279, 0.7392319736313518463, 0.9999999999999998890 ),
 .UNSPECIFIED. ) ;
#2734 = CARTESIAN_POINT ( 'NONE',  ( -0.4169851116105620648, 0.4000000000000000222, 0.04792687908496692795 ) ) ;
#2735 = CARTESIAN_POINT ( 'NONE',  ( 1.166544530321070638, 0.4000000000000000222, 2.210872955257438655 ) ) ;
#2736 = DIRECTION ( 'NONE',  ( 0.000000000000000000, 0.000000000000000000, 1.000000000000000000 ) ) ;
#2737 = CARTESIAN_POINT ( 'NONE',  ( -0.005965991870497382860, 0.4000000000000000222, 0.005981896194280635418 ) ) ;
#2738 = CARTESIAN_POINT ( 'NONE',  ( 1.165959331881388561, 0.4000000000000000222, 1.732820566019847019 ) ) ;
#2739 = DIRECTION ( 'NONE',  ( 0.000000000000000000, 0.000000000000000000, 1.000000000000000000 ) ) ;
ENDSEC;
END-ISO-10303-21;
