ISO-10303-21;
HEADER;
FILE_DESCRIPTION (( 'STEP AP214' ),
    '1' );
FILE_NAME ('JK-RTF-02-11-01 Knob_4.STEP',
    '2026-08-29T19:03:10',
    ( '' ),
    ( '' ),
    'SwSTEP 2.0',
    'SolidWorks 2025',
    '' );
FILE_SCHEMA (( 'AUTOMOTIVE_DESIGN' ));
ENDSEC;

DATA;
#1 = EDGE_CURVE ( 'NONE', #290, #2229, #1147, .T. ) ;
#2 = CARTESIAN_POINT ( 'NONE',  ( 1.554586269062668169, 0.000000000000000000, -0.4202717173929969574 ) ) ;
#3 = CARTESIAN_POINT ( 'NONE',  ( 1.501946373235166332, 0.4000000000000000222, -1.104031990400327068 ) ) ;
#4 = DIRECTION ( 'NONE',  ( 0.000000000000000000, -1.000000000000000000, 0.000000000000000000 ) ) ;
#5 = APPLICATION_PROTOCOL_DEFINITION ( 'draft international standard', 'automotive_design', 1998, #111 ) ;
#6 = VERTEX_POINT ( 'NONE', #1860 ) ;
#7 = CARTESIAN_POINT ( 'NONE',  ( 0.5139816483640982092, 0.4000000000000000222, 2.351844618055555003 ) ) ;
#8 = ORIENTED_EDGE ( 'NONE', *, *, #535, .F. ) ;
#9 = FACE_OUTER_BOUND ( 'NONE', #376, .T. ) ;
#10 = CARTESIAN_POINT ( 'NONE',  ( 0.05358711207145232941, 0.000000000000000000, 2.326305113918906375 ) ) ;
#11 = CARTESIAN_POINT ( 'NONE',  ( -1.595930544048564048, 0.4000000000000000222, -0.3162894632024669805 ) ) ;
#12 = CARTESIAN_POINT ( 'NONE',  ( 0.2879897173713235614, 0.4000000000000000222, 1.583872038398692172 ) ) ;
#13 = LINE ( 'NONE', #1442, #313 ) ;
#14 = CARTESIAN_POINT ( 'NONE',  ( 0.5962377208626962188, 0.000000000000000000, -1.999097970033031357 ) ) ;
#15 = B_SPLINE_SURFACE_WITH_KNOTS ( 'NONE', 3, 1, ( 
 ( #1853, #799 ),
 ( #2208, #2040 ),
 ( #281, #2221 ),
 ( #638, #714 ),
 ( #1954, #1076 ),
 ( #538, #1221 ),
 ( #1733, #1765 ),
 ( #2264, #1922 ),
 ( #883, #366 ),
 ( #1775, #1571 ),
 ( #1932, #346 ) ),
 .UNSPECIFIED., .F., .F., .F.,
 ( 4, 1, 1, 1, 1, 1, 1, 1, 4 ),
 ( 2, 2 ),
 ( 0.000000000000000000, 0.1992004568760569472, 0.3743154758170526009, 0.5261583806891614312, 0.6560998944652410847, 0.7640876408964234479, 0.8527265281295840493, 0.9287193592889528837, 1.000000000000000000 ),
 ( 0.000000000000000000, 1.000000000000000000 ),
 .UNSPECIFIED. ) ;
#16 = ORIENTED_EDGE ( 'NONE', *, *, #1391, .F. ) ;
#17 = VECTOR ( 'NONE', #1752, 1000.000000000000227 ) ;
#18 = FACE_OUTER_BOUND ( 'NONE', #771, .T. ) ;
#19 = ORIENTED_EDGE ( 'NONE', *, *, #1363, .T. ) ;
#20 = CARTESIAN_POINT ( 'NONE',  ( 0.2879897173713235614, 0.4000000000000000222, -1.104031990400327068 ) ) ;
#21 = FACE_OUTER_BOUND ( 'NONE', #1494, .T. ) ;
#22 = VECTOR ( 'NONE', #146, 1000.000000000000000 ) ;
#23 = DIRECTION ( 'NONE',  ( 0.000000000000000000, 0.000000000000000000, 1.000000000000000000 ) ) ;
#24 = ADVANCED_FACE ( 'NONE', ( #619 ), #1479, .F. ) ;
#25 = VECTOR ( 'NONE', #1498, 1000.000000000000000 ) ;
#26 = CARTESIAN_POINT ( 'NONE',  ( 0.6626384832346486897, 0.4000000000000000222, -1.999680966320305231 ) ) ;
#27 = CARTESIAN_POINT ( 'NONE',  ( 0.3343512049801233843, 0.4000000000000000222, -1.952054513617692555 ) ) ;
#28 = CARTESIAN_POINT ( 'NONE',  ( 1.599264860483751605, 0.000000000000000000, -1.012775634393371815 ) ) ;
#29 = ORIENTED_EDGE ( 'NONE', *, *, #739, .F. ) ;
#30 = CARTESIAN_POINT ( 'NONE',  ( 1.085226568841666017, 0.4000000000000000222, 2.274596454126464273 ) ) ;
#31 = VERTEX_POINT ( 'NONE', #1667 ) ;
#32 = EDGE_LOOP ( 'NONE', ( #1633, #147, #851, #245 ) ) ;
#33 = CARTESIAN_POINT ( 'NONE',  ( 1.613298175315074579, 0.000000000000000000, -0.5333360757946679076 ) ) ;
#34 = CARTESIAN_POINT ( 'NONE',  ( 0.2879897173713235614, 0.4000000000000000222, -1.104031990400327068 ) ) ;
#35 = ORIENTED_EDGE ( 'NONE', *, *, #1699, .F. ) ;
#36 = CARTESIAN_POINT ( 'NONE',  ( 1.501946373235166332, 0.4000000000000000222, -0.4000571257148696214 ) ) ;
#37 = CARTESIAN_POINT ( 'NONE',  ( -1.631941731770832904, 0.4000000000000000222, -0.7070461647183290399 ) ) ;
#38 = AXIS2_PLACEMENT_3D ( 'NONE', #790, #1817, #87 ) ;
#39 = CARTESIAN_POINT ( 'NONE',  ( 1.070457055762610077, -5.421010862427522170E-17, -1.952360817268248949 ) ) ;
#40 = CARTESIAN_POINT ( 'NONE',  ( 1.631707746887458121, 0.000000000000000000, -0.7253622784959314895 ) ) ;
#41 = ORIENTED_EDGE ( 'NONE', *, *, #1723, .F. ) ;
#42 = CARTESIAN_POINT ( 'NONE',  ( 1.070457055762610077, 0.4000000000000000222, -1.952360817268248949 ) ) ;
#43 = EDGE_CURVE ( 'NONE', #1316, #477, #112, .T. ) ;
#44 = ORIENTED_EDGE ( 'NONE', *, *, #177, .F. ) ;
#45 = ORIENTED_EDGE ( 'NONE', *, *, #274, .T. ) ;
#46 = LINE ( 'NONE', #1835, #1728 ) ;
#47 = CARTESIAN_POINT ( 'NONE',  ( -0.9279668670853755685, 0.4000000000000000222, -0.4000571257148696214 ) ) ;
#48 = CARTESIAN_POINT ( 'NONE',  ( 0.2879897173713235614, 0.000000000000000000, 1.583872038398692172 ) ) ;
#49 = CARTESIAN_POINT ( 'NONE',  ( -1.575663182064909629, 0.000000000000000000, -0.2559965690133916283 ) ) ;
#50 = DIRECTION ( 'NONE',  ( -1.000000000000000000, 0.000000000000000000, -0.000000000000000000 ) ) ;
#51 = LINE ( 'NONE', #1973, #2132 ) ;
#52 = ORIENTED_EDGE ( 'NONE', *, *, #1227, .F. ) ;
#53 = ADVANCED_FACE ( 'NONE', ( #596 ), #1846, .F. ) ;
#54 = CARTESIAN_POINT ( 'NONE',  ( 1.042071686200281677, 0.4000000000000000222, 2.300153793545512748 ) ) ;
#55 = VECTOR ( 'NONE', #1352, 1000.000000000000000 ) ;
#56 = VERTEX_POINT ( 'NONE', #99 ) ;
#57 = ORIENTED_EDGE ( 'NONE', *, *, #307, .F. ) ;
#58 = CARTESIAN_POINT ( 'NONE',  ( -0.06519023540719891263, 0.4000000000000000222, 2.290144018259439918 ) ) ;
#59 = CARTESIAN_POINT ( 'NONE',  ( -1.518140665061544325, -5.421010862427522170E-17, -1.094427216300741357 ) ) ;
#60 = CARTESIAN_POINT ( 'NONE',  ( -1.528447293654293215, -0.000000000000000000, -0.1566462989215681723 ) ) ;
#61 = DIRECTION ( 'NONE',  ( -1.000000000000000000, 0.000000000000000000, 0.000000000000000000 ) ) ;
#62 = CARTESIAN_POINT ( 'NONE',  ( -1.631855991845981180, 0.4000000000000000222, -0.6737108667043871790 ) ) ;
#63 = CARTESIAN_POINT ( 'NONE',  ( -0.1032617632700168903, -5.421010862427522170E-17, 2.266019563726219932 ) ) ;
#64 = LINE ( 'NONE', #629, #1128 ) ;
#65 = LINE ( 'NONE', #559, #92 ) ;
#66 = EDGE_CURVE ( 'NONE', #727, #185, #411, .T. ) ;
#67 = ORIENTED_EDGE ( 'NONE', *, *, #2250, .F. ) ;
#68 = ORIENTED_EDGE ( 'NONE', *, *, #2091, .F. ) ;
#69 = CARTESIAN_POINT ( 'NONE',  ( 0.2879897173713235614, 0.000000000000000000, -1.869004677167904971 ) ) ;
#70 = CARTESIAN_POINT ( 'NONE',  ( 0.6989750432033166039, 0.4000000000000000222, -2.000000000000000444 ) ) ;
#71 = DIRECTION ( 'NONE',  ( -0.000000000000000000, -1.000000000000000000, -0.000000000000000000 ) ) ;
#72 = ADVANCED_FACE ( 'NONE', ( #252 ), #585, .T. ) ;
#73 = CARTESIAN_POINT ( 'NONE',  ( 0.2879897173713235614, 0.000000000000000000, -1.869004677167904971 ) ) ;
#74 = CARTESIAN_POINT ( 'NONE',  ( -0.1188266488327035103, -5.421010862427522170E-17, 2.244678179365855009 ) ) ;
#75 = VECTOR ( 'NONE', #2056, 1000.000000000000000 ) ;
#76 = ORIENTED_EDGE ( 'NONE', *, *, #1806, .T. ) ;
#77 = CARTESIAN_POINT ( 'NONE',  ( 1.613547760072937987, 0.4000000000000000222, -0.9623602105129217543 ) ) ;
#78 = ORIENTED_EDGE ( 'NONE', *, *, #168, .F. ) ;
#79 = ORIENTED_EDGE ( 'NONE', *, *, #187, .T. ) ;
#80 = CARTESIAN_POINT ( 'NONE',  ( 1.576158449204200673, 0.4000000000000000222, -0.4474433603672498538 ) ) ;
#81 = CARTESIAN_POINT ( 'NONE',  ( 0.7894642059693486313, 0.000000000000000000, 2.344069355934343069 ) ) ;
#82 = ORIENTED_EDGE ( 'NONE', *, *, #1869, .F. ) ;
#83 = DIRECTION ( 'NONE',  ( 0.000000000000000000, -1.000000000000000000, 0.000000000000000000 ) ) ;
#84 = PLANE ( 'NONE',  #358 ) ;
#85 = EDGE_CURVE ( 'NONE', #1562, #1289, #1109, .T. ) ;
#86 = LINE ( 'NONE', #96, #787 ) ;
#87 = DIRECTION ( 'NONE',  ( -0.000000000000000000, 0.000000000000000000, 1.000000000000000000 ) ) ;
#88 = ORIENTED_EDGE ( 'NONE', *, *, #2084, .T. ) ;
#89 = ORIENTED_EDGE ( 'NONE', *, *, #568, .F. ) ;
#90 = ORIENTED_EDGE ( 'NONE', *, *, #1596, .F. ) ;
#91 = CARTESIAN_POINT ( 'NONE',  ( -0.1259955013499540200, 0.000000000000000000, 2.234848795373454600 ) ) ;
#92 = VECTOR ( 'NONE', #1470, 1000.000000000000000 ) ;
#93 = LINE ( 'NONE', #785, #25 ) ;
#94 = CARTESIAN_POINT ( 'NONE',  ( 0.5139816483640982092, 0.000000000000000000, 2.351844618055555003 ) ) ;
#95 = ADVANCED_FACE ( 'NONE', ( #1334 ), #571, .T. ) ;
#96 = CARTESIAN_POINT ( 'NONE',  ( 0.2879897173713235614, 0.4000000000000000222, -1.869004677167904971 ) ) ;
#97 = CARTESIAN_POINT ( 'NONE',  ( 1.119960011999591609, 0.000000000000000000, 2.207849759369893139 ) ) ;
#98 = VECTOR ( 'NONE', #914, 1000.000000000000114 ) ;
#99 = CARTESIAN_POINT ( 'NONE',  ( 0.2879897173713235614, 0.000000000000000000, -0.4000571257148696214 ) ) ;
#100 = FACE_OUTER_BOUND ( 'NONE', #1794, .T. ) ;
#101 = EDGE_CURVE ( 'NONE', #280, #2205, #804, .T. ) ;
#102 = VERTEX_POINT ( 'NONE', #399 ) ;
#103 = ORIENTED_EDGE ( 'NONE', *, *, #285, .T. ) ;
#104 = CARTESIAN_POINT ( 'NONE',  ( 0.000000000000000000, 2.000000000000000000, 0.000000000000000000 ) ) ;
#105 = CARTESIAN_POINT ( 'NONE',  ( 0.2912315947390720083, 0.4000000000000000222, -1.899809452158070844 ) ) ;
#106 = ORIENTED_EDGE ( 'NONE', *, *, #1591, .T. ) ;
#107 = CARTESIAN_POINT ( 'NONE',  ( -1.518140665061544325, 0.000000000000000000, -1.094427216300741357 ) ) ;
#108 = CARTESIAN_POINT ( 'NONE',  ( 1.115197825070561866, 0.4000000000000000222, 2.244496697660730344 ) ) ;
#109 = CARTESIAN_POINT ( 'NONE',  ( -0.01380376251242722112, 0.4000000000000000222, 2.309357893789032445 ) ) ;
#110 = CARTESIAN_POINT ( 'NONE',  ( -1.517945801978017428, 0.4000000000000000222, -0.1360665514578229818 ) ) ;
#111 = APPLICATION_CONTEXT ( 'automotive_design' ) ;
#112 = LINE ( 'NONE', #1994, #2190 ) ;
#113 = CARTESIAN_POINT ( 'NONE',  ( -1.430948908188763413, 0.4000000000000000222, -1.104031990400327068 ) ) ;
#114 = VECTOR ( 'NONE', #505, 1000.000000000000000 ) ;
#115 = ORIENTED_EDGE ( 'NONE', *, *, #85, .T. ) ;
#116 = ORIENTED_EDGE ( 'NONE', *, *, #930, .F. ) ;
#117 = CARTESIAN_POINT ( 'NONE',  ( -1.575663182064909629, 0.000000000000000000, -0.2559965690133916283 ) ) ;
#118 = CARTESIAN_POINT ( 'NONE',  ( 0.3755879979515597267, 0.4000000000000000222, -1.971219320345567017 ) ) ;
#119 = CARTESIAN_POINT ( 'NONE',  ( 1.511470040021304806, -0.000000000000000000, -1.102663084168149510 ) ) ;
#120 = CARTESIAN_POINT ( 'NONE',  ( 0.7894642059693486313, 0.4000000000000000222, 2.344069355934343069 ) ) ;
#121 = DIRECTION ( 'NONE',  ( 0.000000000000000000, 0.000000000000000000, -1.000000000000000000 ) ) ;
#122 = CARTESIAN_POINT ( 'NONE',  ( 1.119960011999591609, 0.4000000000000000222, -0.4000571257148696214 ) ) ;
#123 = CARTESIAN_POINT ( 'NONE',  ( -1.631467973937282601, 0.4000000000000000222, -0.7463865132758008558 ) ) ;
#124 = ORIENTED_EDGE ( 'NONE', *, *, #2201, .T. ) ;
#125 = EDGE_CURVE ( 'NONE', #509, #1072, #1807, .T. ) ;
#126 = EDGE_LOOP ( 'NONE', ( #1588, #828, #1208, #137 ) ) ;
#127 = CARTESIAN_POINT ( 'NONE',  ( 1.631275776756527129, 0.4000000000000000222, -0.6705646704838906791 ) ) ;
#128 = CARTESIAN_POINT ( 'NONE',  ( -1.607165621529715205, -5.421010862427522170E-17, -0.9822452014432304646 ) ) ;
#129 = B_SPLINE_CURVE_WITH_KNOTS ( 'NONE', 3,
 ( #1812, #392, #430, #81, #1999, #614, #947, #257, #417, #1615, #405 ),
 .UNSPECIFIED., .F., .F.,
 ( 4, 1, 1, 1, 1, 1, 1, 1, 4 ),
 ( 0.000000000000000000, 0.2337954102253704813, 0.4299086015737501598, 0.5916832451177551633, 0.7185086770228795716, 0.8159582512457558279, 0.8888550220287297909, 0.9469777010511061244, 1.000000000000000000 ),
 .UNSPECIFIED. ) ;
#130 = CARTESIAN_POINT ( 'NONE',  ( 0.7369822986160642353, -0.000000000000000000, -1.999719258264111454 ) ) ;
#131 = AXIS2_PLACEMENT_3D ( 'NONE', #1891, #1710, #841 ) ;
#132 = PRODUCT_DEFINITION_FORMATION_WITH_SPECIFIED_SOURCE ( 'ANY', '', #744, .NOT_KNOWN. ) ;
#133 = CARTESIAN_POINT ( 'NONE',  ( 0.2879897173713235614, 0.4000000000000000222, 1.583872038398692172 ) ) ;
#134 = LINE ( 'NONE', #1523, #1948 ) ;
#135 = CARTESIAN_POINT ( 'NONE',  ( 1.117178030130719701, 0.4000000000000000222, -1.900363511809272543 ) ) ;
#136 = DIRECTION ( 'NONE',  ( 0.000000000000000000, 0.000000000000000000, 1.000000000000000000 ) ) ;
#137 = ORIENTED_EDGE ( 'NONE', *, *, #954, .T. ) ;
#138 = VECTOR ( 'NONE', #298, 1000.000000000000000 ) ;
#139 = ORIENTED_EDGE ( 'NONE', *, *, #1515, .F. ) ;
#140 = LINE ( 'NONE', #633, #910 ) ;
#141 = CARTESIAN_POINT ( 'NONE',  ( -1.631467973937282601, 0.4000000000000000222, -0.7463865132758008558 ) ) ;
#142 = EDGE_CURVE ( 'NONE', #1072, #1380, #64, .T. ) ;
#143 = CARTESIAN_POINT ( 'NONE',  ( -0.1032617632700168903, 0.4000000000000000222, 2.266019563726219932 ) ) ;
#144 = CARTESIAN_POINT ( 'NONE',  ( 0.2809899672963260819, 0.4000000000000000222, 1.583872038398692172 ) ) ;
#145 = EDGE_CURVE ( 'NONE', #658, #1469, #2227, .T. ) ;
#146 = DIRECTION ( 'NONE',  ( 0.000000000000000000, 0.000000000000000000, 1.000000000000000000 ) ) ;
#147 = ORIENTED_EDGE ( 'NONE', *, *, #1777, .F. ) ;
#148 = CARTESIAN_POINT ( 'NONE',  ( 1.501946373235166332, 0.4000000000000000222, -1.104031990400327068 ) ) ;
#149 = CARTESIAN_POINT ( 'NONE',  ( 0.5056703654467936682, 0.000000000000000000, -1.993549267085157117 ) ) ;
#150 = ORIENTED_EDGE ( 'NONE', *, *, #546, .F. ) ;
#151 = CARTESIAN_POINT ( 'NONE',  ( 1.580315281386997617, 0.000000000000000000, -1.052346406094607500 ) ) ;
#152 = CARTESIAN_POINT ( 'NONE',  ( 0.8956335150635089670, 0.4000000000000000222, 2.334494550275817204 ) ) ;
#153 = EDGE_CURVE ( 'NONE', #1505, #276, #1378, .T. ) ;
#154 = DIRECTION ( 'NONE',  ( 1.000000000000000000, 0.000000000000000000, -0.000000000000000000 ) ) ;
#155 = STYLED_ITEM ( 'NONE', ( #1608 ), #1148 ) ;
#156 = CARTESIAN_POINT ( 'NONE',  ( 1.119960011999591609, 0.000000000000000000, 2.207849759369893139 ) ) ;
#157 = CARTESIAN_POINT ( 'NONE',  ( 1.631941731770833126, 0.4000000000000000222, -0.7550444509468829946 ) ) ;
#158 = CARTESIAN_POINT ( 'NONE',  ( 0.5056703654467936682, 0.000000000000000000, -1.993549267085157117 ) ) ;
#159 = ORIENTED_EDGE ( 'NONE', *, *, #400, .F. ) ;
#160 = CARTESIAN_POINT ( 'NONE',  ( 1.100781448899015302, -5.421010862427522170E-17, -1.929606387004747292 ) ) ;
#161 = CARTESIAN_POINT ( 'NONE',  ( 0.2442257352948033755, 0.000000000000000000, 2.345752455883721499 ) ) ;
#162 = FACE_OUTER_BOUND ( 'NONE', #1822, .T. ) ;
#163 = CARTESIAN_POINT ( 'NONE',  ( 0.2879897173713235614, 0.4000000000000000222, -1.869004677167904971 ) ) ;
#164 = ADVANCED_FACE ( 'NONE', ( #1886, #484 ), #1005, .T. ) ;
#165 = VECTOR ( 'NONE', #1047, 1000.000000000000000 ) ;
#166 = CARTESIAN_POINT ( 'NONE',  ( 0.000000000000000000, 20.00000000000000000, -3.049999999999999822 ) ) ;
#167 = CARTESIAN_POINT ( 'NONE',  ( 0.5653302522784109385, 0.000000000000000000, 2.351666333985305890 ) ) ;
#168 = EDGE_CURVE ( 'NONE', #2141, #871, #1390, .T. ) ;
#169 = VECTOR ( 'NONE', #1376, 1000.000000000000114 ) ;
#170 = CARTESIAN_POINT ( 'NONE',  ( 1.119960011999591609, 0.4000000000000000222, -1.869004677167904971 ) ) ;
#171 = CARTESIAN_POINT ( 'NONE',  ( -1.548716530228868571, 0.000000000000000000, -0.1963678720891230689 ) ) ;
#172 = LINE ( 'NONE', #1234, #606 ) ;
#173 = CARTESIAN_POINT ( 'NONE',  ( 1.631941731770833348, 0.4000000000000000222, -0.7550444509468831056 ) ) ;
#174 = CARTESIAN_POINT ( 'NONE',  ( 0.000000000000000000, 20.50000000000001066, 0.000000000000000000 ) ) ;
#175 = APPLICATION_PROTOCOL_DEFINITION ( 'draft international standard', 'automotive_design', 1998, #457 ) ;
#176 = ORIENTED_EDGE ( 'NONE', *, *, #333, .F. ) ;
#177 = EDGE_CURVE ( 'NONE', #2229, #1848, #881, .T. ) ;
#178 = CARTESIAN_POINT ( 'NONE',  ( 0.5056703654467936682, 0.4000000000000000222, -1.993549267085157117 ) ) ;
#179 = ORIENTED_EDGE ( 'NONE', *, *, #535, .T. ) ;
#180 = DIRECTION ( 'NONE',  ( -0.000000000000000000, -1.000000000000000000, -0.000000000000000000 ) ) ;
#181 = CARTESIAN_POINT ( 'NONE',  ( -0.01380376251242722112, 0.000000000000000000, 2.309357893789032445 ) ) ;
#182 = CARTESIAN_POINT ( 'NONE',  ( -1.620675538608120636, 0.4000000000000000222, -0.4481971072876071993 ) ) ;
#183 = CARTESIAN_POINT ( 'NONE',  ( 0.2879897173713235614, 0.000000000000000000, -1.869004677167904971 ) ) ;
#184 = CARTESIAN_POINT ( 'NONE',  ( 1.119960011999591609, -5.421010862427522170E-17, -1.869004677167904971 ) ) ;
#185 = VERTEX_POINT ( 'NONE', #2213 ) ;
#186 = CARTESIAN_POINT ( 'NONE',  ( 0.3047094954776950471, 0.000000000000000000, -1.929821711146636254 ) ) ;
#187 = EDGE_CURVE ( 'NONE', #1469, #185, #1971, .T. ) ;
#188 = CARTESIAN_POINT ( 'NONE',  ( 0.8050572605888969280, -5.421010862427522170E-17, -1.999216420508864944 ) ) ;
#189 = CARTESIAN_POINT ( 'NONE',  ( 1.580315281386997617, 0.000000000000000000, -1.052346406094607500 ) ) ;
#190 = DIRECTION ( 'NONE',  ( -0.000000000000000000, 1.000000000000000000, -0.000000000000000000 ) ) ;
#191 = CARTESIAN_POINT ( 'NONE',  ( -1.611404230362198930, 0.4000000000000000222, -0.3794634694473903447 ) ) ;
#192 = LINE ( 'NONE', #866, #1534 ) ;
#193 = CARTESIAN_POINT ( 'NONE',  ( 1.501946373235166332, 0.000000000000000000, -1.104031990400327068 ) ) ;
#194 = ORIENTED_EDGE ( 'NONE', *, *, #125, .T. ) ;
#195 = CARTESIAN_POINT ( 'NONE',  ( 0.9788260368178351989, 0.4000000000000000222, 2.318529598957528304 ) ) ;
#196 = ORIENTED_EDGE ( 'NONE', *, *, #2161, .F. ) ;
#197 = CARTESIAN_POINT ( 'NONE',  ( 0.8972511084122456460, -5.421010862427522170E-17, -1.993498632401598414 ) ) ;
#198 = CARTESIAN_POINT ( 'NONE',  ( -0.1188266488327035103, -0.000000000000000000, 2.244678179365855009 ) ) ;
#199 = VECTOR ( 'NONE', #1295, 1000.000000000000000 ) ;
#200 = LINE ( 'NONE', #1768, #1206 ) ;
#201 = AXIS2_PLACEMENT_3D ( 'NONE', #1544, #1894, #309 ) ;
#202 = DIRECTION ( 'NONE',  ( -1.000000000000000000, 0.000000000000000000, 0.000000000000000000 ) ) ;
#203 = CARTESIAN_POINT ( 'NONE',  ( 1.100781448899015302, -5.421010862427522170E-17, -1.929606387004747292 ) ) ;
#204 = CARTESIAN_POINT ( 'NONE',  ( 0.2890870472674963443, -0.000000000000000000, -1.879431660272778970 ) ) ;
#205 = EDGE_CURVE ( 'NONE', #658, #727, #1388, .T. ) ;
#206 = ORIENTED_EDGE ( 'NONE', *, *, #153, .T. ) ;
#207 = CARTESIAN_POINT ( 'NONE',  ( 1.117178030130719701, 0.4000000000000000222, -1.900363511809272543 ) ) ;
#208 = ORIENTED_EDGE ( 'NONE', *, *, #1841, .F. ) ;
#209 = ORIENTED_EDGE ( 'NONE', *, *, #43, .T. ) ;
#210 = CARTESIAN_POINT ( 'NONE',  ( 0.5139816483640982092, 0.4000000000000000222, 2.351844618055555003 ) ) ;
#211 = FACE_OUTER_BOUND ( 'NONE', #1997, .T. ) ;
#212 = DIRECTION ( 'NONE',  ( 0.000000000000000000, 0.000000000000000000, -1.000000000000000000 ) ) ;
#213 = CARTESIAN_POINT ( 'NONE',  ( 1.531146960129490253, 0.4000000000000000222, -1.099834776629569744 ) ) ;
#214 = AXIS2_PLACEMENT_3D ( 'NONE', #755, #271, #1678 ) ;
#215 = EDGE_CURVE ( 'NONE', #1549, #1976, #1104, .T. ) ;
#216 = LINE ( 'NONE', #719, #1311 ) ;
#217 = CARTESIAN_POINT ( 'NONE',  ( 1.631711834263198879, 0.000000000000000000, -0.7817292866262952611 ) ) ;
#218 = ORIENTED_EDGE ( 'NONE', *, *, #718, .T. ) ;
#219 = CARTESIAN_POINT ( 'NONE',  ( 0.2442257352948033755, 0.4000000000000000222, 2.345752455883721499 ) ) ;
#220 = ORIENTED_EDGE ( 'NONE', *, *, #1651, .T. ) ;
#221 = CARTESIAN_POINT ( 'NONE',  ( 1.624583150962905176, 0.000000000000000000, -0.5952718658697407905 ) ) ;
#222 = ORIENTED_EDGE ( 'NONE', *, *, #948, .F. ) ;
#223 = DIRECTION ( 'NONE',  ( 0.000000000000000000, 0.000000000000000000, -1.000000000000000000 ) ) ;
#224 = DIRECTION ( 'NONE',  ( -1.000000000000000000, 0.000000000000000000, 0.000000000000000000 ) ) ;
#225 = CARTESIAN_POINT ( 'NONE',  ( -1.517945801978017428, 0.4000000000000000222, -0.1360665514578229818 ) ) ;
#226 = CARTESIAN_POINT ( 'NONE',  ( 1.119960011999591609, 0.4000000000000000222, -1.104031990400327068 ) ) ;
#227 = EDGE_CURVE ( 'NONE', #56, #768, #1216, .T. ) ;
#228 = B_SPLINE_CURVE_WITH_KNOTS ( 'NONE', 3,
 ( #1271, #2180, #597, #2010, #905, #426, #401, #219, #1110, #1136, #1458 ),
 .UNSPECIFIED., .F., .F.,
 ( 4, 1, 1, 1, 1, 1, 1, 1, 4 ),
 ( 0.000000000000000000, 0.05423742427296906338, 0.1177593345646652662, 0.1983650232099541388, 0.3003789706336599252, 0.4290872299517512478, 0.5852153539692592776, 0.7739618563296772891, 1.000000000000000000 ),
 .UNSPECIFIED. ) ;
#229 = CARTESIAN_POINT ( 'NONE',  ( 1.119960011999591609, 0.4000000000000000222, -0.4000571257148696214 ) ) ;
#230 = LINE ( 'NONE', #1831, #1198 ) ;
#231 = VECTOR ( 'NONE', #2093, 1000.000000000000000 ) ;
#232 = VERTEX_POINT ( 'NONE', #156 ) ;
#233 = ORIENTED_EDGE ( 'NONE', *, *, #368, .T. ) ;
#234 = CARTESIAN_POINT ( 'NONE',  ( 1.631941731770833126, 0.000000000000000000, -0.7550444509468829946 ) ) ;
#235 = CARTESIAN_POINT ( 'NONE',  ( 6.184466335694133068E-16, 0.9999999999999974465, -5.049999999999999822 ) ) ;
#236 = EDGE_CURVE ( 'NONE', #768, #452, #848, .T. ) ;
#237 = CARTESIAN_POINT ( 'NONE',  ( -1.627859180861016775, 0.000000000000000000, -0.5245816050124799679 ) ) ;
#238 = CARTESIAN_POINT ( 'NONE',  ( 0.8956335150635089670, 0.000000000000000000, 2.334494550275817204 ) ) ;
#239 = AXIS2_PLACEMENT_3D ( 'NONE', #133, #824, #1535 ) ;
#240 = DIRECTION ( 'NONE',  ( -0.000000000000000000, -1.000000000000000000, -0.000000000000000000 ) ) ;
#241 = FACE_OUTER_BOUND ( 'NONE', #709, .T. ) ;
#242 = ORIENTED_EDGE ( 'NONE', *, *, #205, .T. ) ;
#243 = CARTESIAN_POINT ( 'NONE',  ( 1.118421933865272777, 0.4000000000000000222, 2.219685887458704432 ) ) ;
#244 = ORIENTED_EDGE ( 'NONE', *, *, #568, .T. ) ;
#245 = ORIENTED_EDGE ( 'NONE', *, *, #688, .T. ) ;
#246 = FACE_OUTER_BOUND ( 'NONE', #126, .T. ) ;
#247 = FACE_OUTER_BOUND ( 'NONE', #1162, .T. ) ;
#248 = FACE_OUTER_BOUND ( 'NONE', #2263, .T. ) ;
#249 = CARTESIAN_POINT ( 'NONE',  ( 0.000000000000000000, 20.50000000000001066, 0.000000000000000000 ) ) ;
#250 = LINE ( 'NONE', #73, #1085 ) ;
#251 = CARTESIAN_POINT ( 'NONE',  ( 0.000000000000000000, 20.00000000000000000, 1.649999999999999911 ) ) ;
#252 = FACE_OUTER_BOUND ( 'NONE', #1000, .T. ) ;
#253 = DIRECTION ( 'NONE',  ( 0.5062887777541085210, 0.000000000000000000, 0.8623640029130684725 ) ) ;
#254 = EDGE_LOOP ( 'NONE', ( #242, #1623, #1783, #1423 ) ) ;
#255 = EDGE_LOOP ( 'NONE', ( #997, #697, #244, #1456 ) ) ;
#256 = CARTESIAN_POINT ( 'NONE',  ( -1.631467973937282601, -0.000000000000000000, -0.7463865132758008558 ) ) ;
#257 = CARTESIAN_POINT ( 'NONE',  ( 1.085226568841666017, 0.000000000000000000, 2.274596454126464273 ) ) ;
#258 = EDGE_CURVE ( 'NONE', #1325, #1659, #1343, .T. ) ;
#259 = DIRECTION ( 'NONE',  ( 1.000000000000000000, 0.000000000000000000, 0.000000000000000000 ) ) ;
#260 = CARTESIAN_POINT ( 'NONE',  ( 0.2879897173713235614, 0.000000000000000000, -0.4000571257148696214 ) ) ;
#261 = LINE ( 'NONE', #1555, #678 ) ;
#262 = DIRECTION ( 'NONE',  ( 1.000000000000000000, -0.000000000000000000, 0.000000000000000000 ) ) ;
#263 = CARTESIAN_POINT ( 'NONE',  ( 0.000000000000000000, 23.00000000000000000, 0.000000000000000000 ) ) ;
#264 = CARTESIAN_POINT ( 'NONE',  ( 0.2879897173713235614, 0.4000000000000000222, -0.4000571257148696214 ) ) ;
#265 = ORIENTED_EDGE ( 'NONE', *, *, #1626, .T. ) ;
#266 = VERTEX_POINT ( 'NONE', #677 ) ;
#267 = FACE_OUTER_BOUND ( 'NONE', #1621, .T. ) ;
#268 = CARTESIAN_POINT ( 'NONE',  ( -1.607165621529715205, 0.4000000000000000222, -0.9822452014432304646 ) ) ;
#269 = CARTESIAN_POINT ( 'NONE',  ( 6.184466335694133068E-16, 20.00000000000000000, 5.049999999999999822 ) ) ;
#270 = CARTESIAN_POINT ( 'NONE',  ( 1.117178030130719701, 0.000000000000000000, -1.900363511809272543 ) ) ;
#271 = DIRECTION ( 'NONE',  ( 1.000000000000000000, 0.000000000000000000, 0.000000000000000000 ) ) ;
#272 = VECTOR ( 'NONE', #240, 1000.000000000000000 ) ;
#273 = DIRECTION ( 'NONE',  ( 0.000000000000000000, 0.000000000000000000, -1.000000000000000000 ) ) ;
#274 = EDGE_CURVE ( 'NONE', #280, #936, #710, .T. ) ;
#275 = CARTESIAN_POINT ( 'NONE',  ( -1.475615651595603595, 0.4000000000000000222, -1.102229679327578094 ) ) ;
#276 = VERTEX_POINT ( 'NONE', #1043 ) ;
#277 = ORIENTED_EDGE ( 'NONE', *, *, #1154, .F. ) ;
#278 = CARTESIAN_POINT ( 'NONE',  ( 1.119960011999591609, 0.000000000000000000, -0.4000571257148696214 ) ) ;
#279 = CARTESIAN_POINT ( 'NONE',  ( 0.6989750432033164929, 0.4000000000000000222, -2.000000000000000000 ) ) ;
#280 = VERTEX_POINT ( 'NONE', #166 ) ;
#281 = CARTESIAN_POINT ( 'NONE',  ( 1.631279836283329621, 0.4000000000000000222, -0.8318724796745617933 ) ) ;
#282 = CARTESIAN_POINT ( 'NONE',  ( 0.9702047410269567518, 0.000000000000000000, -1.983922010985903484 ) ) ;
#283 = B_SPLINE_SURFACE_WITH_KNOTS ( 'NONE', 3, 1, ( 
 ( #2182, #2206 ),
 ( #441, #478 ),
 ( #973, #624 ),
 ( #1890, #1373 ),
 ( #659, #1152 ),
 ( #2195, #303 ),
 ( #830, #998 ),
 ( #1337, #117 ),
 ( #1541, #809 ),
 ( #1011, #2232 ),
 ( #2241, #1326 ) ),
 .UNSPECIFIED., .F., .F., .F.,
 ( 4, 1, 1, 1, 1, 1, 1, 1, 4 ),
 ( 2, 2 ),
 ( 0.000000000000000000, 0.1694900638923061420, 0.3154018034324052033, 0.4430654353301462511, 0.5595524389845460966, 0.6676625652793484189, 0.7732456511954234335, 0.8825185695687434162, 1.000000000000000000 ),
 ( 0.000000000000000000, 1.000000000000000000 ),
 .UNSPECIFIED. ) ;
#284 = CARTESIAN_POINT ( 'NONE',  ( 1.631941731770833348, 0.4000000000000000222, -0.7550444509468831056 ) ) ;
#285 = EDGE_CURVE ( 'NONE', #509, #1986, #1872, .T. ) ;
#286 = CARTESIAN_POINT ( 'NONE',  ( 0.2879897173713235614, 0.000000000000000000, 1.583872038398692172 ) ) ;
#287 = CARTESIAN_POINT ( 'NONE',  ( -1.631941731770833126, 0.4000000000000000222, -0.7070461647183291509 ) ) ;
#288 = AXIS2_PLACEMENT_3D ( 'NONE', #1018, #1916, #331 ) ;
#289 = VERTEX_POINT ( 'NONE', #1770 ) ;
#290 = VERTEX_POINT ( 'NONE', #1062 ) ;
#291 = CARTESIAN_POINT ( 'NONE',  ( 1.613298175315074579, 0.000000000000000000, -0.5333360757946679076 ) ) ;
#292 = CARTESIAN_POINT ( 'NONE',  ( 0.3047094954776950471, 0.4000000000000000222, -1.929821711146636254 ) ) ;
#293 = EDGE_LOOP ( 'NONE', ( #1075, #342 ) ) ;
#294 = CARTESIAN_POINT ( 'NONE',  ( 1.624169455272490348, 0.000000000000000000, -0.9020717910005945361 ) ) ;
#295 = LINE ( 'NONE', #989, #55 ) ;
#296 = CARTESIAN_POINT ( 'NONE',  ( -0.06519023540719891263, 0.4000000000000000222, 2.290144018259439918 ) ) ;
#297 = DIRECTION ( 'NONE',  ( 0.000000000000000000, -1.000000000000000000, 0.000000000000000000 ) ) ;
#298 = DIRECTION ( 'NONE',  ( -0.000000000000000000, -1.000000000000000000, -0.000000000000000000 ) ) ;
#299 = EDGE_CURVE ( 'NONE', #1763, #575, #2268, .T. ) ;
#300 = CARTESIAN_POINT ( 'NONE',  ( 0.2879897173713235614, 0.4000000000000000222, -0.4000571257148696214 ) ) ;
#301 = ORIENTED_EDGE ( 'NONE', *, *, #1363, .F. ) ;
#302 = ORIENTED_EDGE ( 'NONE', *, *, #187, .F. ) ;
#303 = CARTESIAN_POINT ( 'NONE',  ( -1.611404230362198930, 0.000000000000000000, -0.3794634694473903447 ) ) ;
#304 = CARTESIAN_POINT ( 'NONE',  ( -1.622758573185171249, 0.4000000000000000222, -0.9105083273658058918 ) ) ;
#305 = B_SPLINE_SURFACE_WITH_KNOTS ( 'NONE', 3, 1, ( 
 ( #1697, #821 ),
 ( #1197, #670 ),
 ( #1851, #1025 ),
 ( #625, #149 ),
 ( #2027, #1551 ),
 ( #118, #442 ),
 ( #1338, #974 ),
 ( #292, #1674 ),
 ( #105, #1531 ),
 ( #2233, #798 ),
 ( #454, #1165 ) ),
 .UNSPECIFIED., .F., .F., .F.,
 ( 4, 1, 1, 1, 1, 1, 1, 1, 4 ),
 ( 2, 2 ),
 ( 0.000000000000000000, 0.2322791360992397525, 0.4244626275406201410, 0.5793414412683137726, 0.7023295449945020641, 0.7966811746842309416, 0.8692482472795266535, 0.9330964648072065382, 0.9999999999999998890 ),
 ( 0.000000000000000000, 1.000000000000000000 ),
 .UNSPECIFIED. ) ;
#306 = CARTESIAN_POINT ( 'NONE',  ( -1.630623202256429094, 0.000000000000000000, -0.8165354586287084659 ) ) ;
#307 = EDGE_CURVE ( 'NONE', #1562, #908, #1575, .T. ) ;
#308 = VECTOR ( 'NONE', #2168, 1000.000000000000000 ) ;
#309 = DIRECTION ( 'NONE',  ( 0.000000000000000000, 0.000000000000000000, 1.000000000000000000 ) ) ;
#310 = CARTESIAN_POINT ( 'NONE',  ( 0.4636431803594143197, -5.421010862427522170E-17, 2.351472752367772756 ) ) ;
#311 = CARTESIAN_POINT ( 'NONE',  ( 0.2879897173713235614, 0.4000000000000000222, 1.583872038398692172 ) ) ;
#312 = CARTESIAN_POINT ( 'NONE',  ( 0.6989750432033166039, 0.4000000000000000222, -2.000000000000000444 ) ) ;
#313 = VECTOR ( 'NONE', #1568, 1000.000000000000000 ) ;
#314 = VECTOR ( 'NONE', #1788, 1000.000000000000000 ) ;
#315 = ORIENTED_EDGE ( 'NONE', *, *, #1508, .F. ) ;
#316 = CARTESIAN_POINT ( 'NONE',  ( 0.000000000000000000, 20.00000000000000000, -5.049999999999999822 ) ) ;
#317 = CARTESIAN_POINT ( 'NONE',  ( 1.119960011999591609, 0.000000000000000000, 2.207849759369893139 ) ) ;
#318 = EDGE_CURVE ( 'NONE', #1461, #578, #1927, .T. ) ;
#319 = ORIENTED_EDGE ( 'NONE', *, *, #546, .T. ) ;
#320 = CARTESIAN_POINT ( 'NONE',  ( -1.607165621529715205, 0.000000000000000000, -0.9822452014432304646 ) ) ;
#321 = LINE ( 'NONE', #1190, #169 ) ;
#322 = CARTESIAN_POINT ( 'NONE',  ( 0.05358711207145232941, -5.421010862427522170E-17, 2.326305113918906375 ) ) ;
#323 = CARTESIAN_POINT ( 'NONE',  ( 0.2879897173713235614, 0.000000000000000000, -0.4000571257148696214 ) ) ;
#324 = DIRECTION ( 'NONE',  ( 0.000000000000000000, -1.000000000000000000, 0.000000000000000000 ) ) ;
#325 = CARTESIAN_POINT ( 'NONE',  ( 5.021051876504148371E-16, 20.00000000000000000, -3.850000000000000977 ) ) ;
#326 = ORIENTED_EDGE ( 'NONE', *, *, #1339, .T. ) ;
#327 = DIRECTION ( 'NONE',  ( 0.000000000000000000, 0.000000000000000000, -1.000000000000000000 ) ) ;
#328 = CARTESIAN_POINT ( 'NONE',  ( 1.631941731770833348, 0.000000000000000000, -0.7550444509468831056 ) ) ;
#329 = EDGE_CURVE ( 'NONE', #1852, #818, #216, .T. ) ;
#330 = CARTESIAN_POINT ( 'NONE',  ( 1.631707746887458121, 0.4000000000000000222, -0.7253622784959314895 ) ) ;
#331 = DIRECTION ( 'NONE',  ( 0.000000000000000000, 0.000000000000000000, 1.000000000000000000 ) ) ;
#332 = CARTESIAN_POINT ( 'NONE',  ( 0.000000000000000000, 20.00000000000000000, 0.000000000000000000 ) ) ;
#333 = EDGE_CURVE ( 'NONE', #908, #2253, #13, .T. ) ;
#334 = CARTESIAN_POINT ( 'NONE',  ( 0.3047094954776950471, 0.4000000000000000222, -1.929821711146636254 ) ) ;
#335 = CARTESIAN_POINT ( 'NONE',  ( 1.119027599636892800, -5.421010862427522170E-17, -1.879514941604421896 ) ) ;
#336 = FACE_OUTER_BOUND ( 'NONE', #32, .T. ) ;
#337 = CARTESIAN_POINT ( 'NONE',  ( -1.430948908188763413, 0.4000000000000000222, -1.104031990400327068 ) ) ;
#338 = CARTESIAN_POINT ( 'NONE',  ( 0.000000000000000000, 0.9999999999999974465, 0.000000000000000000 ) ) ;
#339 = AXIS2_PLACEMENT_3D ( 'NONE', #249, #2017, #1155 ) ;
#340 = EDGE_CURVE ( 'NONE', #365, #1562, #2143, .T. ) ;
#341 = CARTESIAN_POINT ( 'NONE',  ( 0.000000000000000000, 0.000000000000000000, 0.000000000000000000 ) ) ;
#342 = ORIENTED_EDGE ( 'NONE', *, *, #395, .T. ) ;
#343 = CARTESIAN_POINT ( 'NONE',  ( 0.3343512049801233843, 0.000000000000000000, -1.952054513617692555 ) ) ;
#344 = CIRCLE ( 'NONE', #1634, 4.349999999999999645 ) ;
#345 = ORIENTED_EDGE ( 'NONE', *, *, #1727, .T. ) ;
#346 = CARTESIAN_POINT ( 'NONE',  ( 1.501946373235166332, 0.000000000000000000, -1.104031990400327068 ) ) ;
#347 = CARTESIAN_POINT ( 'NONE',  ( -1.575663182064909629, 0.000000000000000000, -0.2559965690133916283 ) ) ;
#348 = CARTESIAN_POINT ( 'NONE',  ( -1.611404230362198930, 0.4000000000000000222, -0.3794634694473903447 ) ) ;
#349 = CARTESIAN_POINT ( 'NONE',  ( 0.3755879979515597267, 0.4000000000000000222, -1.971219320345567017 ) ) ;
#350 = DIRECTION ( 'NONE',  ( 0.000000000000000000, 1.000000000000000000, -0.000000000000000000 ) ) ;
#351 = EDGE_CURVE ( 'NONE', #1610, #185, #192, .T. ) ;
#352 = ORIENTED_EDGE ( 'NONE', *, *, #2015, .F. ) ;
#353 = CARTESIAN_POINT ( 'NONE',  ( 0.5962377208626962188, 0.000000000000000000, -1.999097970033031357 ) ) ;
#354 = B_SPLINE_SURFACE_WITH_KNOTS ( 'NONE', 3, 1, ( 
 ( #1607, #184 ),
 ( #1399, #531 ),
 ( #554, #1070 ),
 ( #514, #203 ),
 ( #877, #39 ),
 ( #361, #1268 ),
 ( #1052, #901 ),
 ( #1972, #1594 ),
 ( #1584, #387 ),
 ( #1094, #706 ),
 ( #1791, #1226 ) ),
 .UNSPECIFIED., .F., .F., .F.,
 ( 4, 1, 1, 1, 1, 1, 1, 1, 4 ),
 ( 2, 2 ),
 ( 0.000000000000000000, 0.06571297284094350377, 0.1303508142843558260, 0.2032366366042110128, 0.2997066024457668565, 0.4205061072346960582, 0.5726288201944412792, 0.7613923663534399866, 1.000000000000000000 ),
 ( 0.000000000000000000, 1.000000000000000000 ),
 .UNSPECIFIED. ) ;
#355 = EDGE_LOOP ( 'NONE', ( #265, #78, #2012, #2059 ) ) ;
#356 = CARTESIAN_POINT ( 'NONE',  ( 1.510823484055868082, 0.4000000000000000222, -0.4010635468275376980 ) ) ;
#357 = DIRECTION ( 'NONE',  ( -0.000000000000000000, 1.000000000000000000, -0.000000000000000000 ) ) ;
#358 = AXIS2_PLACEMENT_3D ( 'NONE', #1105, #1476, #775 ) ;
#359 = CARTESIAN_POINT ( 'NONE',  ( -1.631696439561302281, 0.4000000000000000222, -0.6116776544316341324 ) ) ;
#360 = CARTESIAN_POINT ( 'NONE',  ( -1.631696439561302281, 0.4000000000000000222, -0.6116776544316341324 ) ) ;
#361 = CARTESIAN_POINT ( 'NONE',  ( 1.027750660289391771, 0.4000000000000000222, -1.970719902595541306 ) ) ;
#362 = CARTESIAN_POINT ( 'NONE',  ( 1.613547760072937987, 0.4000000000000000222, -0.9623602105129217543 ) ) ;
#363 = ORIENTED_EDGE ( 'NONE', *, *, #2189, .T. ) ;
#364 = CARTESIAN_POINT ( 'NONE',  ( 0.5139816483640982092, 0.4000000000000000222, 2.351844618055555003 ) ) ;
#365 = VERTEX_POINT ( 'NONE', #890 ) ;
#366 = CARTESIAN_POINT ( 'NONE',  ( 1.531146960129490253, 0.000000000000000000, -1.099834776629569744 ) ) ;
#367 = CARTESIAN_POINT ( 'NONE',  ( -1.595930544048564048, 0.000000000000000000, -0.3162894632024669805 ) ) ;
#368 = EDGE_CURVE ( 'NONE', #1610, #2028, #1354, .T. ) ;
#369 = CARTESIAN_POINT ( 'NONE',  ( -1.622758573185171249, 0.4000000000000000222, -0.9105083273658058918 ) ) ;
#370 = CARTESIAN_POINT ( 'NONE',  ( 0.3343512049801233843, 0.4000000000000000222, -1.952054513617692555 ) ) ;
#371 = DIRECTION ( 'NONE',  ( 0.000000000000000000, 0.7071067811865561215, 0.7071067811865390240 ) ) ;
#372 = VECTOR ( 'NONE', #1868, 1000.000000000000000 ) ;
#373 = EDGE_LOOP ( 'NONE', ( #116, #176, #548, #599 ) ) ;
#374 = AXIS2_PLACEMENT_3D ( 'NONE', #620, #2239, #657 ) ;
#375 = CARTESIAN_POINT ( 'NONE',  ( 1.599264860483751605, 0.4000000000000000222, -1.012775634393371815 ) ) ;
#376 = EDGE_LOOP ( 'NONE', ( #1579, #2035, #920, #892 ) ) ;
#377 = VERTEX_POINT ( 'NONE', #1758 ) ;
#378 = CARTESIAN_POINT ( 'NONE',  ( 1.596465382320112258, 0.000000000000000000, -0.4844912651317207497 ) ) ;
#379 = B_SPLINE_CURVE_WITH_KNOTS ( 'NONE', 3,
 ( #898, #855, #359, #1915, #182, #348, #11, #2266, #519, #1254, #1592 ),
 .UNSPECIFIED., .F., .F.,
 ( 4, 1, 1, 1, 1, 1, 1, 1, 4 ),
 ( 0.000000000000000000, 0.1694900638923061420, 0.3154018034324052033, 0.4430654353301462511, 0.5595524389845460966, 0.6676625652793484189, 0.7732456511954234335, 0.8825185695687434162, 1.000000000000000000 ),
 .UNSPECIFIED. ) ;
#380 =( NAMED_UNIT ( * ) SI_UNIT ( $, .STERADIAN. ) SOLID_ANGLE_UNIT ( ) );
#381 = ADVANCED_FACE ( 'NONE', ( #1781 ), #354, .F. ) ;
#382 = VECTOR ( 'NONE', #968, 1000.000000000000000 ) ;
#383 = CARTESIAN_POINT ( 'NONE',  ( 1.501946373235166332, 0.4000000000000000222, -1.104031990400327068 ) ) ;
#384 = AXIS2_PLACEMENT_3D ( 'NONE', #1405, #2102, #552 ) ;
#385 = CARTESIAN_POINT ( 'NONE',  ( 0.2890870472674963443, 0.4000000000000000222, -1.879431660272778970 ) ) ;
#386 = B_SPLINE_CURVE_WITH_KNOTS ( 'NONE', 3,
 ( #938, #1854, #976, #2151, #567, #925, #580, #1292, #1641, #130, #1015 ),
 .UNSPECIFIED., .F., .F.,
 ( 4, 1, 1, 1, 1, 1, 1, 1, 4 ),
 ( 0.000000000000000000, 0.06571297284094350377, 0.1303508142843558260, 0.2032366366042110128, 0.2997066024457668565, 0.4205061072346960582, 0.5726288201944412792, 0.7613923663534399866, 1.000000000000000000 ),
 .UNSPECIFIED. ) ;
#387 = CARTESIAN_POINT ( 'NONE',  ( 0.8050572605888969280, -5.421010862427522170E-17, -1.999216420508864944 ) ) ;
#388 = EDGE_LOOP ( 'NONE', ( #1911, #1102, #1683, #1269 ) ) ;
#389 = CARTESIAN_POINT ( 'NONE',  ( 0.8956335150635089670, 0.000000000000000000, 2.334494550275817204 ) ) ;
#390 = ORIENTED_EDGE ( 'NONE', *, *, #351, .T. ) ;
#391 = CARTESIAN_POINT ( 'NONE',  ( -0.01380376251242722112, 0.4000000000000000222, 2.309357893789032445 ) ) ;
#392 = CARTESIAN_POINT ( 'NONE',  ( 0.5653302522784109385, -0.000000000000000000, 2.351666333985305890 ) ) ;
#393 = EDGE_LOOP ( 'NONE', ( #1088, #1977, #209, #1301 ) ) ;
#394 = CARTESIAN_POINT ( 'NONE',  ( 0.6989750432033166039, 0.4000000000000000222, -2.000000000000000444 ) ) ;
#395 = EDGE_CURVE ( 'NONE', #1514, #289, #494, .T. ) ;
#396 = FACE_OUTER_BOUND ( 'NONE', #637, .T. ) ;
#397 = DIRECTION ( 'NONE',  ( 0.000000000000000000, -1.000000000000000000, 0.000000000000000000 ) ) ;
#398 = CARTESIAN_POINT ( 'NONE',  ( 1.501946373235166332, 0.4000000000000000222, -1.104031990400327068 ) ) ;
#399 = CARTESIAN_POINT ( 'NONE',  ( 1.119960011999591609, 0.4000000000000000222, 2.207849759369893139 ) ) ;
#400 = EDGE_CURVE ( 'NONE', #185, #1469, #344, .T. ) ;
#401 = CARTESIAN_POINT ( 'NONE',  ( 0.1389510074947070406, 0.4000000000000000222, 2.338732104085070151 ) ) ;
#402 = EDGE_LOOP ( 'NONE', ( #1644, #1774, #2098, #497 ) ) ;
#403 = ORIENTED_EDGE ( 'NONE', *, *, #1767, .F. ) ;
#404 = CARTESIAN_POINT ( 'NONE',  ( 0.5139816483640982092, 0.4000000000000000222, 2.351844618055555003 ) ) ;
#405 = CARTESIAN_POINT ( 'NONE',  ( 1.119960011999591609, 0.000000000000000000, 2.207849759369893139 ) ) ;
#406 = ORIENTED_EDGE ( 'NONE', *, *, #834, .F. ) ;
#407 = DIRECTION ( 'NONE',  ( -0.8539407961853736628, 0.000000000000000000, 0.5203701726754620394 ) ) ;
#408 = CARTESIAN_POINT ( 'NONE',  ( 1.119960011999591609, 0.000000000000000000, 2.207849759369893139 ) ) ;
#409 = CARTESIAN_POINT ( 'NONE',  ( -1.575663182064909629, 0.4000000000000000222, -0.2559965690133916283 ) ) ;
#410 = CARTESIAN_POINT ( 'NONE',  ( -0.06519023540719891263, -5.421010862427522170E-17, 2.290144018259439918 ) ) ;
#411 = LINE ( 'NONE', #1308, #199 ) ;
#412 = CARTESIAN_POINT ( 'NONE',  ( 1.631279836283329621, 0.4000000000000000222, -0.8318724796745617933 ) ) ;
#413 = VECTOR ( 'NONE', #1126, 1000.000000000000000 ) ;
#414 = ORIENTED_EDGE ( 'NONE', *, *, #351, .F. ) ;
#415 = ORIENTED_EDGE ( 'NONE', *, *, #2006, .F. ) ;
#416 = CARTESIAN_POINT ( 'NONE',  ( 1.631941731770833126, 0.4000000000000000222, -0.7550444509468829946 ) ) ;
#417 = CARTESIAN_POINT ( 'NONE',  ( 1.115197825070561866, 0.000000000000000000, 2.244496697660730344 ) ) ;
#418 = ORIENTED_EDGE ( 'NONE', *, *, #1227, .T. ) ;
#419 = FACE_OUTER_BOUND ( 'NONE', #561, .T. ) ;
#420 = CARTESIAN_POINT ( 'NONE',  ( -0.1259955013499540200, 0.000000000000000000, 2.234848795373454600 ) ) ;
#421 = VECTOR ( 'NONE', #424, 1000.000000000000000 ) ;
#422 = CARTESIAN_POINT ( 'NONE',  ( -1.631467973937282601, -5.421010862427522170E-17, -0.7463865132758008558 ) ) ;
#423 = LINE ( 'NONE', #1844, #2127 ) ;
#424 = DIRECTION ( 'NONE',  ( -0.000000000000000000, -1.000000000000000000, -0.000000000000000000 ) ) ;
#425 = EDGE_CURVE ( 'NONE', #2167, #2082, #86, .T. ) ;
#426 = CARTESIAN_POINT ( 'NONE',  ( 0.05358711207145232941, 0.4000000000000000222, 2.326305113918906375 ) ) ;
#427 = ORIENTED_EDGE ( 'NONE', *, *, #1093, .F. ) ;
#428 = ORIENTED_EDGE ( 'NONE', *, *, #475, .T. ) ;
#429 = CARTESIAN_POINT ( 'NONE',  ( -0.1032617632700168903, -5.421010862427522170E-17, 2.266019563726219932 ) ) ;
#430 = CARTESIAN_POINT ( 'NONE',  ( 0.6597512953617066245, 0.000000000000000000, 2.351338500965616252 ) ) ;
#431 = ORIENTED_EDGE ( 'NONE', *, *, #615, .F. ) ;
#432 = CYLINDRICAL_SURFACE ( 'NONE', #979, 4.349999999999999645 ) ;
#433 = CARTESIAN_POINT ( 'NONE',  ( 0.9788260368178351989, 0.000000000000000000, 2.318529598957528304 ) ) ;
#434 = CARTESIAN_POINT ( 'NONE',  ( -1.631941731770833126, 0.4000000000000000222, -0.7070461647183291509 ) ) ;
#435 = CARTESIAN_POINT ( 'NONE',  ( 0.2809899672963260819, 0.000000000000000000, 1.583872038398692172 ) ) ;
#436 = VECTOR ( 'NONE', #967, 1000.000000000000000 ) ;
#437 = CARTESIAN_POINT ( 'NONE',  ( 1.119960011999591609, 0.4000000000000000222, -1.104031990400327068 ) ) ;
#438 = CARTESIAN_POINT ( 'NONE',  ( 1.501946373235166332, 0.000000000000000000, -1.104031990400327068 ) ) ;
#439 = EDGE_LOOP ( 'NONE', ( #921, #2048, #1996, #1359 ) ) ;
#440 = ORIENTED_EDGE ( 'NONE', *, *, #125, .F. ) ;
#441 = CARTESIAN_POINT ( 'NONE',  ( -1.631855991845981180, 0.4000000000000000222, -0.6737108667043871790 ) ) ;
#442 = CARTESIAN_POINT ( 'NONE',  ( 0.3755879979515597267, 0.000000000000000000, -1.971219320345567017 ) ) ;
#443 = ORIENTED_EDGE ( 'NONE', *, *, #1537, .F. ) ;
#444 = CARTESIAN_POINT ( 'NONE',  ( 0.2879897173713235614, 0.000000000000000000, -1.104031990400327068 ) ) ;
#445 = B_SPLINE_CURVE_WITH_KNOTS ( 'NONE', 3,
 ( #1744, #511, #2123, #1956, #540, #1232, #367, #347, #171, #1059, #2111 ),
 .UNSPECIFIED., .F., .F.,
 ( 4, 1, 1, 1, 1, 1, 1, 1, 4 ),
 ( 0.000000000000000000, 0.1694900638923061420, 0.3154018034324052033, 0.4430654353301462511, 0.5595524389845460966, 0.6676625652793484189, 0.7732456511954234335, 0.8825185695687434162, 1.000000000000000000 ),
 .UNSPECIFIED. ) ;
#446 = EDGE_CURVE ( 'NONE', #2082, #1613, #250, .T. ) ;
#447 = CARTESIAN_POINT ( 'NONE',  ( -1.630623202256429094, 0.4000000000000000222, -0.8165354586287084659 ) ) ;
#448 = FACE_OUTER_BOUND ( 'NONE', #439, .T. ) ;
#449 = ORIENTED_EDGE ( 'NONE', *, *, #2105, .T. ) ;
#450 = CARTESIAN_POINT ( 'NONE',  ( -1.607165621529715205, 0.4000000000000000222, -0.9822452014432304646 ) ) ;
#451 = VERTEX_POINT ( 'NONE', #1107 ) ;
#452 = VERTEX_POINT ( 'NONE', #617 ) ;
#453 = CARTESIAN_POINT ( 'NONE',  ( 1.529189779373557601, 0.4000000000000000222, -0.4031457814354590385 ) ) ;
#454 = CARTESIAN_POINT ( 'NONE',  ( 0.2879897173713235614, 0.4000000000000000222, -1.869004677167904971 ) ) ;
#455 = MECHANICAL_DESIGN_GEOMETRIC_PRESENTATION_REPRESENTATION (  '', ( #1740 ), #1856 ) ;
#456 = ORIENTED_EDGE ( 'NONE', *, *, #227, .T. ) ;
#457 = APPLICATION_CONTEXT ( 'automotive_design' ) ;
#458 = LINE ( 'NONE', #1001, #1315 ) ;
#459 = EDGE_CURVE ( 'NONE', #959, #903, #1730, .T. ) ;
#460 = CARTESIAN_POINT ( 'NONE',  ( 1.115197825070561866, 0.4000000000000000222, 2.244496697660730344 ) ) ;
#461 = CARTESIAN_POINT ( 'NONE',  ( 0.5139816483640982092, 0.4000000000000000222, 2.351844618055555003 ) ) ;
#462 = VECTOR ( 'NONE', #1121, 1000.000000000000000 ) ;
#463 = CARTESIAN_POINT ( 'NONE',  ( -0.1188266488327035103, -0.000000000000000000, 2.244678179365855009 ) ) ;
#464 = DIRECTION ( 'NONE',  ( 0.000000000000000000, 0.000000000000000000, 1.000000000000000000 ) ) ;
#465 = ORIENTED_EDGE ( 'NONE', *, *, #1434, .F. ) ;
#466 = EDGE_LOOP ( 'NONE', ( #218, #500, #971, #1889, #220, #933, #1862, #647, #2025, #76, #1586, #345, #106, #1393, #1228 ) ) ;
#467 = CARTESIAN_POINT ( 'NONE',  ( 1.529189779373557601, 0.000000000000000000, -0.4031457814354590385 ) ) ;
#468 = LINE ( 'NONE', #1507, #2224 ) ;
#469 = LINE ( 'NONE', #1554, #1233 ) ;
#470 = ADVANCED_FACE ( 'NONE', ( #594, #583 ), #1455, .F. ) ;
#471 = DIRECTION ( 'NONE',  ( -1.000000000000000000, 0.000000000000000000, 0.000000000000000000 ) ) ;
#472 = CYLINDRICAL_SURFACE ( 'NONE', #2063, 3.049999999999999822 ) ;
#473 = CARTESIAN_POINT ( 'NONE',  ( 0.3712710554869609880, 0.000000000000000000, 2.350790371176822990 ) ) ;
#474 = CARTESIAN_POINT ( 'NONE',  ( -1.430948908188763413, 0.000000000000000000, -1.104031990400327068 ) ) ;
#475 = EDGE_CURVE ( 'NONE', #289, #1087, #1992, .T. ) ;
#476 = EDGE_LOOP ( 'NONE', ( #222, #1656, #796, #415 ) ) ;
#477 = VERTEX_POINT ( 'NONE', #926 ) ;
#478 = CARTESIAN_POINT ( 'NONE',  ( -1.631855991845981180, 0.000000000000000000, -0.6737108667043871790 ) ) ;
#479 = CARTESIAN_POINT ( 'NONE',  ( -1.631941731770833126, 0.4000000000000000222, -0.7070461647183291509 ) ) ;
#480 = CARTESIAN_POINT ( 'NONE',  ( -1.631941731770833126, 0.000000000000000000, -0.7070461647183291509 ) ) ;
#481 = CARTESIAN_POINT ( 'NONE',  ( 1.554586269062668169, 0.000000000000000000, -0.4202717173929969574 ) ) ;
#482 = CARTESIAN_POINT ( 'NONE',  ( 0.2879897173713235614, 0.000000000000000000, -1.104031990400327068 ) ) ;
#483 = DIRECTION ( 'NONE',  ( 0.000000000000000000, -0.000000000000000000, 1.000000000000000000 ) ) ;
#484 = FACE_OUTER_BOUND ( 'NONE', #562, .T. ) ;
#485 = DIRECTION ( 'NONE',  ( -1.000000000000000000, 0.000000000000000000, -0.000000000000000000 ) ) ;
#486 = ADVANCED_FACE ( 'NONE', ( #1816 ), #754, .T. ) ;
#487 = ORIENTED_EDGE ( 'NONE', *, *, #2084, .F. ) ;
#488 = CARTESIAN_POINT ( 'NONE',  ( -2.565151067676131547, 20.00000000000000000, 1.649999999999999911 ) ) ;
#489 = FACE_OUTER_BOUND ( 'NONE', #2121, .T. ) ;
#490 = VECTOR ( 'NONE', #1539, 1000.000000000000000 ) ;
#491 = FACE_OUTER_BOUND ( 'NONE', #1335, .T. ) ;
#492 = DIRECTION ( 'NONE',  ( -0.000000000000000000, -1.000000000000000000, -0.000000000000000000 ) ) ;
#493 = CARTESIAN_POINT ( 'NONE',  ( 0.000000000000000000, 23.00000000000000000, -4.349999999999999645 ) ) ;
#494 = CIRCLE ( 'NONE', #1780, 4.049999999999998046 ) ;
#495 = EDGE_CURVE ( 'NONE', #575, #1852, #2198, .T. ) ;
#496 = VECTOR ( 'NONE', #2001, 1000.000000000000000 ) ;
#497 = ORIENTED_EDGE ( 'NONE', *, *, #995, .T. ) ;
#498 = CARTESIAN_POINT ( 'NONE',  ( 0.3047094954776950471, 0.000000000000000000, -1.929821711146636254 ) ) ;
#499 = CARTESIAN_POINT ( 'NONE',  ( 1.119960011999591609, 0.000000000000000000, 2.207849759369893139 ) ) ;
#500 = ORIENTED_EDGE ( 'NONE', *, *, #1819, .T. ) ;
#501 = CARTESIAN_POINT ( 'NONE',  ( 1.119960011999591609, 0.4000000000000000222, -1.869004677167904971 ) ) ;
#502 = CARTESIAN_POINT ( 'NONE',  ( 0.9788260368178351989, 0.4000000000000000222, 2.318529598957528304 ) ) ;
#503 = ADVANCED_FACE ( 'NONE', ( #939 ), #887, .T. ) ;
#504 = LINE ( 'NONE', #482, #1863 ) ;
#505 = DIRECTION ( 'NONE',  ( -1.000000000000000000, 0.000000000000000000, 0.000000000000000000 ) ) ;
#506 = DIRECTION ( 'NONE',  ( 0.000000000000000000, 0.000000000000000000, 1.000000000000000000 ) ) ;
#507 = CARTESIAN_POINT ( 'NONE',  ( 0.7894642059693486313, 0.000000000000000000, 2.344069355934343069 ) ) ;
#508 = CIRCLE ( 'NONE', #1793, 3.049999999999999822 ) ;
#509 = VERTEX_POINT ( 'NONE', #1828 ) ;
#510 = CARTESIAN_POINT ( 'NONE',  ( 0.7369822986160642353, 0.4000000000000000222, -1.999719258264111454 ) ) ;
#511 = CARTESIAN_POINT ( 'NONE',  ( -1.631855991845981180, -0.000000000000000000, -0.6737108667043871790 ) ) ;
#512 = CARTESIAN_POINT ( 'NONE',  ( -1.430948908188763413, 0.000000000000000000, -1.104031990400327068 ) ) ;
#513 = CARTESIAN_POINT ( 'NONE',  ( 0.000000000000000000, 20.50000000000001066, -4.349999999999999645 ) ) ;
#514 = CARTESIAN_POINT ( 'NONE',  ( 1.100781448899015302, 0.4000000000000000222, -1.929606387004747292 ) ) ;
#515 = CARTESIAN_POINT ( 'NONE',  ( 1.085226568841666017, 0.000000000000000000, 2.274596454126464273 ) ) ;
#516 = ORIENTED_EDGE ( 'NONE', *, *, #2161, .T. ) ;
#517 = LINE ( 'NONE', #1213, #1914 ) ;
#518 = LINE ( 'NONE', #1766, #165 ) ;
#519 = CARTESIAN_POINT ( 'NONE',  ( -1.548716530228868571, 0.4000000000000000222, -0.1963678720891230689 ) ) ;
#520 = EDGE_CURVE ( 'NONE', #276, #1298, #261, .T. ) ;
#521 = CARTESIAN_POINT ( 'NONE',  ( 0.3755879979515597267, 0.000000000000000000, -1.971219320345567017 ) ) ;
#522 = CARTESIAN_POINT ( 'NONE',  ( 0.3755879979515597267, 0.4000000000000000222, -1.971219320345567017 ) ) ;
#523 = ORIENTED_EDGE ( 'NONE', *, *, #622, .F. ) ;
#524 = DIRECTION ( 'NONE',  ( -1.000000000000000000, 0.000000000000000000, -0.000000000000000000 ) ) ;
#525 = ORIENTED_EDGE ( 'NONE', *, *, #329, .T. ) ;
#526 = CARTESIAN_POINT ( 'NONE',  ( 0.7369822986160642353, -5.421010862427522170E-17, -1.999719258264111454 ) ) ;
#527 = CARTESIAN_POINT ( 'NONE',  ( 1.631279836283329621, 0.000000000000000000, -0.8318724796745617933 ) ) ;
#528 = DIRECTION ( 'NONE',  ( 0.000000000000000000, 0.000000000000000000, 1.000000000000000000 ) ) ;
#529 = CARTESIAN_POINT ( 'NONE',  ( 1.580315281386997617, 0.4000000000000000222, -1.052346406094607500 ) ) ;
#530 = ADVANCED_FACE ( 'NONE', ( #491 ), #1677, .T. ) ;
#531 = CARTESIAN_POINT ( 'NONE',  ( 1.119027599636892800, -5.421010862427522170E-17, -1.879514941604421896 ) ) ;
#532 = CARTESIAN_POINT ( 'NONE',  ( 2.565151067676131547, 20.00000000000000000, 1.649999999999999911 ) ) ;
#533 = ORIENTED_EDGE ( 'NONE', *, *, #215, .F. ) ;
#534 = CARTESIAN_POINT ( 'NONE',  ( 0.6597512953617066245, 0.000000000000000000, 2.351338500965616252 ) ) ;
#535 = EDGE_CURVE ( 'NONE', #1849, #451, #2255, .T. ) ;
#536 = B_SPLINE_SURFACE_WITH_KNOTS ( 'NONE', 3, 1, ( 
 ( #1942, #698 ),
 ( #356, #1066 ),
 ( #1589, #1965 ),
 ( #760, #2159 ),
 ( #80, #1262 ),
 ( #1614, #378 ),
 ( #1811, #33 ),
 ( #563, #221 ),
 ( #1786, #1473 ),
 ( #1313, #724 ),
 ( #416, #234 ) ),
 .UNSPECIFIED., .F., .F., .F.,
 ( 4, 1, 1, 1, 1, 1, 1, 1, 4 ),
 ( 2, 2 ),
 ( 0.000000000000000000, 0.06497935746320089578, 0.1344390188235323469, 0.2180273006311753692, 0.3190989440973219238, 0.4440723661629869534, 0.5966500973609365488, 0.7815178106756694998, 0.9999999999999998890 ),
 ( 0.000000000000000000, 1.000000000000000000 ),
 .UNSPECIFIED. ) ;
#537 = ORIENTED_EDGE ( 'NONE', *, *, #43, .F. ) ;
#538 = CARTESIAN_POINT ( 'NONE',  ( 1.599264860483751605, 0.4000000000000000222, -1.012775634393371815 ) ) ;
#539 =( GEOMETRIC_REPRESENTATION_CONTEXT ( 3 ) GLOBAL_UNCERTAINTY_ASSIGNED_CONTEXT ( ( #1351 ) ) GLOBAL_UNIT_ASSIGNED_CONTEXT ( ( #1585, #1429, #570 ) ) REPRESENTATION_CONTEXT ( 'NONE', 'WORKASPACE' ) );
#540 = CARTESIAN_POINT ( 'NONE',  ( -1.620675538608120636, 0.000000000000000000, -0.4481971072876071993 ) ) ;
#541 = CARTESIAN_POINT ( 'NONE',  ( 1.596465382320112258, 0.000000000000000000, -0.4844912651317207497 ) ) ;
#542 = CARTESIAN_POINT ( 'NONE',  ( 0.3047094954776950471, 0.4000000000000000222, -1.929821711146636254 ) ) ;
#543 = VECTOR ( 'NONE', #1196, 1000.000000000000000 ) ;
#544 = CARTESIAN_POINT ( 'NONE',  ( 0.2879897173713235614, 0.4000000000000000222, -1.869004677167904971 ) ) ;
#545 = ORIENTED_EDGE ( 'NONE', *, *, #2115, .F. ) ;
#546 = EDGE_CURVE ( 'NONE', #1402, #102, #1024, .T. ) ;
#547 = DIRECTION ( 'NONE',  ( 0.000000000000000000, 1.000000000000000000, -0.000000000000000000 ) ) ;
#548 = ORIENTED_EDGE ( 'NONE', *, *, #1532, .T. ) ;
#549 = VERTEX_POINT ( 'NONE', #627 ) ;
#550 = CARTESIAN_POINT ( 'NONE',  ( -0.01380376251242722112, -5.421010862427522170E-17, 2.309357893789032445 ) ) ;
#551 = CARTESIAN_POINT ( 'NONE',  ( 1.631941731770833348, 0.000000000000000000, -0.7550444509468831056 ) ) ;
#552 = DIRECTION ( 'NONE',  ( -0.5062887777541085210, 0.000000000000000000, -0.8623640029130684725 ) ) ;
#553 = DIRECTION ( 'NONE',  ( -0.000000000000000000, 1.000000000000000000, -0.000000000000000000 ) ) ;
#554 = CARTESIAN_POINT ( 'NONE',  ( 1.117178030130719701, 0.4000000000000000222, -1.900363511809272543 ) ) ;
#555 = FILL_AREA_STYLE_COLOUR ( '', #842 ) ;
#556 = B_SPLINE_SURFACE_WITH_KNOTS ( 'NONE', 3, 1, ( 
 ( #7, #1392 ),
 ( #1910, #696 ),
 ( #1920, #1036 ),
 ( #1731, #2090 ),
 ( #757, #389 ),
 ( #573, #1297 ),
 ( #54, #1622 ),
 ( #942, #1985 ),
 ( #1975, #1820 ),
 ( #243, #747 ),
 ( #721, #1283 ) ),
 .UNSPECIFIED., .F., .F., .F.,
 ( 4, 1, 1, 1, 1, 1, 1, 1, 4 ),
 ( 2, 2 ),
 ( 0.000000000000000000, 0.2337954102253704813, 0.4299086015737501598, 0.5916832451177551633, 0.7185086770228795716, 0.8159582512457558279, 0.8888550220287297909, 0.9469777010511061244, 1.000000000000000000 ),
 ( 0.000000000000000000, 1.000000000000000000 ),
 .UNSPECIFIED. ) ;
#557 = CIRCLE ( 'NONE', #1526, 4.349999999999999645 ) ;
#558 = EDGE_LOOP ( 'NONE', ( #90, #1055, #1809, #1151 ) ) ;
#559 = CARTESIAN_POINT ( 'NONE',  ( 1.119960011999591609, 0.000000000000000000, -0.4000571257148696214 ) ) ;
#560 = EDGE_CURVE ( 'NONE', #1613, #2170, #504, .T. ) ;
#561 = EDGE_LOOP ( 'NONE', ( #2011, #45, #1577, #1185 ) ) ;
#562 = EDGE_LOOP ( 'NONE', ( #2271, #1230, #2060, #82, #533, #352, #748, #695, #590, #646, #139, #8, #1921, #301, #1124 ) ) ;
#563 = CARTESIAN_POINT ( 'NONE',  ( 1.624583150962905176, 0.4000000000000000222, -0.5952718658697407905 ) ) ;
#564 = CARTESIAN_POINT ( 'NONE',  ( -1.430948908188763635, 0.4000000000000000222, -1.104031990400327290 ) ) ;
#565 = LINE ( 'NONE', #2016, #1019 ) ;
#566 = AXIS2_PLACEMENT_3D ( 'NONE', #716, #190, #23 ) ;
#567 = CARTESIAN_POINT ( 'NONE',  ( 1.070457055762610077, 0.000000000000000000, -1.952360817268248949 ) ) ;
#568 = EDGE_CURVE ( 'NONE', #477, #1402, #1843, .T. ) ;
#569 = CARTESIAN_POINT ( 'NONE',  ( -1.631467973937282601, 0.4000000000000000222, -0.7463865132758008558 ) ) ;
#570 =( NAMED_UNIT ( * ) SI_UNIT ( $, .STERADIAN. ) SOLID_ANGLE_UNIT ( ) );
#571 = PLANE ( 'NONE',  #605 ) ;
#572 = B_SPLINE_CURVE_WITH_KNOTS ( 'NONE', 3,
 ( #595, #1134, #2199, #1655, #1829, #777, #618, #2166, #1146, #584, #1333 ),
 .UNSPECIFIED., .F., .F.,
 ( 4, 1, 1, 1, 1, 1, 1, 1, 4 ),
 ( 0.000000000000000000, 0.06497935746320089578, 0.1344390188235323469, 0.2180273006311753692, 0.3190989440973219238, 0.4440723661629869534, 0.5966500973609365488, 0.7815178106756694998, 0.9999999999999998890 ),
 .UNSPECIFIED. ) ;
#573 = CARTESIAN_POINT ( 'NONE',  ( 0.9788260368178351989, 0.4000000000000000222, 2.318529598957528304 ) ) ;
#574 = ORIENTED_EDGE ( 'NONE', *, *, #2179, .F. ) ;
#575 = VERTEX_POINT ( 'NONE', #2042 ) ;
#576 = CARTESIAN_POINT ( 'NONE',  ( 0.1389510074947070406, -5.421010862427522170E-17, 2.338732104085070151 ) ) ;
#577 = LINE ( 'NONE', #2014, #1452 ) ;
#578 = VERTEX_POINT ( 'NONE', #1870 ) ;
#579 = CARTESIAN_POINT ( 'NONE',  ( 1.119960011999591609, 0.4000000000000000222, -0.4000571257148696214 ) ) ;
#580 = CARTESIAN_POINT ( 'NONE',  ( 0.9702047410269567518, 0.000000000000000000, -1.983922010985903484 ) ) ;
#581 = ADVANCED_FACE ( 'NONE', ( #1701 ), #1689, .T. ) ;
#582 = VECTOR ( 'NONE', #2246, 1000.000000000000000 ) ;
#583 = FACE_BOUND ( 'NONE', #466, .T. ) ;
#584 = CARTESIAN_POINT ( 'NONE',  ( 1.631707746887458121, 0.4000000000000000222, -0.7253622784959314895 ) ) ;
#585 = CYLINDRICAL_SURFACE ( 'NONE', #1457, 5.049999999999999822 ) ;
#586 = CARTESIAN_POINT ( 'NONE',  ( 0.2879897173713235614, 0.000000000000000000, -1.869004677167904971 ) ) ;
#587 = EDGE_LOOP ( 'NONE', ( #2023, #326, #427, #1008 ) ) ;
#588 = CARTESIAN_POINT ( 'NONE',  ( 0.1389510074947070406, 0.4000000000000000222, 2.338732104085070151 ) ) ;
#589 = CARTESIAN_POINT ( 'NONE',  ( -1.518140665061544325, 0.4000000000000000222, -1.094427216300741357 ) ) ;
#590 = ORIENTED_EDGE ( 'NONE', *, *, #560, .F. ) ;
#591 = CARTESIAN_POINT ( 'NONE',  ( -1.575663182064909629, 0.000000000000000000, -0.2559965690133916283 ) ) ;
#592 = CARTESIAN_POINT ( 'NONE',  ( 0.2879897173713235614, 0.4000000000000000222, -1.869004677167904971 ) ) ;
#593 = EDGE_CURVE ( 'NONE', #2141, #1258, #652, .T. ) ;
#594 = FACE_OUTER_BOUND ( 'NONE', #293, .T. ) ;
#595 = CARTESIAN_POINT ( 'NONE',  ( 1.501946373235166332, 0.4000000000000000222, -0.4000571257148696214 ) ) ;
#596 = FACE_OUTER_BOUND ( 'NONE', #254, .T. ) ;
#597 = CARTESIAN_POINT ( 'NONE',  ( -0.1032617632700168903, 0.4000000000000000222, 2.266019563726219932 ) ) ;
#598 = ORIENTED_EDGE ( 'NONE', *, *, #2115, .T. ) ;
#599 = ORIENTED_EDGE ( 'NONE', *, *, #1379, .T. ) ;
#600 = CARTESIAN_POINT ( 'NONE',  ( -0.06519023540719891263, -5.421010862427522170E-17, 2.290144018259439918 ) ) ;
#601 = SURFACE_STYLE_USAGE ( .BOTH. , #1787 ) ;
#602 = EDGE_LOOP ( 'NONE', ( #1159, #1818, #1310, #525 ) ) ;
#603 = FACE_OUTER_BOUND ( 'NONE', #1636, .T. ) ;
#604 = CARTESIAN_POINT ( 'NONE',  ( 0.000000000000000000, 20.00000000000000000, 3.850000000000000977 ) ) ;
#605 = AXIS2_PLACEMENT_3D ( 'NONE', #1830, #1502, #2200 ) ;
#606 = VECTOR ( 'NONE', #528, 1000.000000000000000 ) ;
#607 = CARTESIAN_POINT ( 'NONE',  ( 0.000000000000000000, 20.00000000000000000, 1.649999999999999911 ) ) ;
#608 = DIRECTION ( 'NONE',  ( -1.000000000000000000, 0.000000000000000000, 0.000000000000000000 ) ) ;
#609 = VERTEX_POINT ( 'NONE', #2065 ) ;
#610 = CARTESIAN_POINT ( 'NONE',  ( -1.622758573185171249, 0.4000000000000000222, -0.9105083273658058918 ) ) ;
#611 = ORIENTED_EDGE ( 'NONE', *, *, #1508, .T. ) ;
#612 = ORIENTED_EDGE ( 'NONE', *, *, #1795, .T. ) ;
#613 = CARTESIAN_POINT ( 'NONE',  ( 1.501946373235166332, 0.4000000000000000222, -0.4000571257148696214 ) ) ;
#614 = CARTESIAN_POINT ( 'NONE',  ( 0.9788260368178351989, 0.000000000000000000, 2.318529598957528304 ) ) ;
#615 = EDGE_CURVE ( 'NONE', #1298, #1852, #321, .T. ) ;
#616 = LINE ( 'NONE', #2175, #1509 ) ;
#617 = CARTESIAN_POINT ( 'NONE',  ( 0.2809899672963260819, 0.000000000000000000, 1.583872038398692172 ) ) ;
#618 = CARTESIAN_POINT ( 'NONE',  ( 1.613298175315074579, 0.4000000000000000222, -0.5333360757946679076 ) ) ;
#619 = FACE_OUTER_BOUND ( 'NONE', #1707, .T. ) ;
#620 = CARTESIAN_POINT ( 'NONE',  ( 0.000000000000000000, 0.000000000000000000, 0.000000000000000000 ) ) ;
#621 = ORIENTED_EDGE ( 'NONE', *, *, #1074, .F. ) ;
#622 = EDGE_CURVE ( 'NONE', #723, #377, #1713, .T. ) ;
#623 = ORIENTED_EDGE ( 'NONE', *, *, #1626, .F. ) ;
#624 = CARTESIAN_POINT ( 'NONE',  ( -1.631696439561302281, 0.000000000000000000, -0.6116776544316341324 ) ) ;
#625 = CARTESIAN_POINT ( 'NONE',  ( 0.5056703654467936682, 0.4000000000000000222, -1.993549267085157117 ) ) ;
#626 = CARTESIAN_POINT ( 'NONE',  ( 1.596465382320112258, 0.000000000000000000, -0.4844912651317207497 ) ) ;
#627 = CARTESIAN_POINT ( 'NONE',  ( 0.000000000000000000, 0.9999999999999974465, -5.049999999999999822 ) ) ;
#628 = CARTESIAN_POINT ( 'NONE',  ( -0.1188266488327035103, 0.4000000000000000222, 2.244678179365855009 ) ) ;
#629 = CARTESIAN_POINT ( 'NONE',  ( 1.119960011999591609, 0.000000000000000000, -0.4000571257148696214 ) ) ;
#630 = PLANE ( 'NONE',  #1383 ) ;
#631 = ORIENTED_EDGE ( 'NONE', *, *, #1, .F. ) ;
#632 = EDGE_LOOP ( 'NONE', ( #2036, #1099, #1967, #746 ) ) ;
#633 = CARTESIAN_POINT ( 'NONE',  ( -0.1259955013499540200, 0.4000000000000000222, 2.234848795373454600 ) ) ;
#634 = DIRECTION ( 'NONE',  ( 0.000000000000000000, 1.000000000000000000, -0.000000000000000000 ) ) ;
#635 = EDGE_CURVE ( 'NONE', #720, #1492, #1026, .T. ) ;
#636 = AXIS2_PLACEMENT_3D ( 'NONE', #715, #357, #873 ) ;
#637 = EDGE_LOOP ( 'NONE', ( #2106, #1825, #2000, #150, #89, #537, #756, #196, #1171, #57, #949, #1251, #1439, #35, #443 ) ) ;
#638 = CARTESIAN_POINT ( 'NONE',  ( 1.624169455272490348, 0.4000000000000000222, -0.9020717910005945361 ) ) ;
#639 = CARTESIAN_POINT ( 'NONE',  ( 1.118421933865272777, 0.4000000000000000222, 2.219685887458704432 ) ) ;
#640 = CARTESIAN_POINT ( 'NONE',  ( 1.070457055762610077, 0.000000000000000000, -1.952360817268248949 ) ) ;
#641 = LINE ( 'NONE', #2075, #75 ) ;
#642 = ADVANCED_FACE ( 'NONE', ( #1957 ), #1079, .F. ) ;
#643 = AXIS2_PLACEMENT_3D ( 'NONE', #1033, #837, #1524 ) ;
#644 = CARTESIAN_POINT ( 'NONE',  ( 1.027750660289391771, 0.4000000000000000222, -1.970719902595541306 ) ) ;
#645 = PLANE ( 'NONE',  #1014 ) ;
#646 = ORIENTED_EDGE ( 'NONE', *, *, #446, .F. ) ;
#647 = ORIENTED_EDGE ( 'NONE', *, *, #930, .T. ) ;
#648 = FACE_OUTER_BOUND ( 'NONE', #373, .T. ) ;
#649 = CARTESIAN_POINT ( 'NONE',  ( 1.501946373235166332, 0.4000000000000000222, -0.4000571257148696214 ) ) ;
#650 = CARTESIAN_POINT ( 'NONE',  ( 1.531146960129490253, 0.000000000000000000, -1.099834776629569744 ) ) ;
#651 = CARTESIAN_POINT ( 'NONE',  ( 1.510823484055868082, -0.000000000000000000, -0.4010635468275376980 ) ) ;
#652 = LINE ( 'NONE', #1364, #2152 ) ;
#653 = B_SPLINE_SURFACE_WITH_KNOTS ( 'NONE', 3, 1, ( 
 ( #564, #1625 ),
 ( #1275, #962 ),
 ( #1979, #2172 ),
 ( #589, #59 ),
 ( #751, #660 ),
 ( #1902, #1719 ),
 ( #268, #128 ),
 ( #304, #1349 ),
 ( #999, #2072 ),
 ( #141, #1866 ),
 ( #479, #1012 ) ),
 .UNSPECIFIED., .F., .F., .F.,
 ( 4, 1, 1, 1, 1, 1, 1, 1, 4 ),
 ( 2, 2 ),
 ( 0.000000000000000000, 0.09022875229637501715, 0.1723902669154757650, 0.2512930218932806770, 0.3387620935329472838, 0.4474779943794972015, 0.5880251105863664174, 0.7689596662512557801, 1.000000000000000000 ),
 ( 0.000000000000000000, 1.000000000000000000 ),
 .UNSPECIFIED. ) ;
#654 = CARTESIAN_POINT ( 'NONE',  ( 0.3712710554869609880, 0.4000000000000000222, 2.350790371176822990 ) ) ;
#655 = DIRECTION ( 'NONE',  ( 1.000000000000000000, 0.000000000000000000, 0.000000000000000000 ) ) ;
#656 = AXIS2_PLACEMENT_3D ( 'NONE', #104, #1901, #961 ) ;
#657 = DIRECTION ( 'NONE',  ( 0.000000000000000000, 0.000000000000000000, 1.000000000000000000 ) ) ;
#658 = VERTEX_POINT ( 'NONE', #1040 ) ;
#659 = CARTESIAN_POINT ( 'NONE',  ( -1.620675538608120636, 0.4000000000000000222, -0.4481971072876071993 ) ) ;
#660 = CARTESIAN_POINT ( 'NONE',  ( -1.555773037042172513, -5.421010862427522170E-17, -1.073109541330890204 ) ) ;
#661 = VECTOR ( 'NONE', #1299, 1000.000000000000000 ) ;
#662 = DIRECTION ( 'NONE',  ( 0.8623640029130685836, 0.000000000000000000, -0.5062887777541086320 ) ) ;
#663 = DIRECTION ( 'NONE',  ( -1.000000000000000000, 0.000000000000000000, 0.000000000000000000 ) ) ;
#664 = CARTESIAN_POINT ( 'NONE',  ( 0.1389510074947070406, -5.421010862427522170E-17, 2.338732104085070151 ) ) ;
#665 = EDGE_CURVE ( 'NONE', #1258, #1421, #172, .T. ) ;
#666 = CARTESIAN_POINT ( 'NONE',  ( 0.9702047410269567518, 0.4000000000000000222, -1.983922010985903484 ) ) ;
#667 = DIRECTION ( 'NONE',  ( 0.000000000000000000, 0.000000000000000000, 1.000000000000000000 ) ) ;
#668 = ORIENTED_EDGE ( 'NONE', *, *, #1041, .F. ) ;
#669 = CARTESIAN_POINT ( 'NONE',  ( 1.558755385529171367, 0.4000000000000000222, -1.082359326981245706 ) ) ;
#670 = CARTESIAN_POINT ( 'NONE',  ( 0.6626384832346486897, 0.000000000000000000, -1.999680966320305231 ) ) ;
#671 = ORIENTED_EDGE ( 'NONE', *, *, #805, .T. ) ;
#672 = LINE ( 'NONE', #862, #1597 ) ;
#673 = VECTOR ( 'NONE', #1474, 1000.000000000000000 ) ;
#674 = AXIS2_PLACEMENT_3D ( 'NONE', #1749, #667, #1739 ) ;
#675 = DIRECTION ( 'NONE',  ( -1.000000000000000000, 0.000000000000000000, 0.000000000000000000 ) ) ;
#676 = CARTESIAN_POINT ( 'NONE',  ( 0.000000000000000000, 1.999999999999998224, 1.649999999999999911 ) ) ;
#677 = CARTESIAN_POINT ( 'NONE',  ( 2.565151067676131547, 1.999999999999998224, 1.649999999999999911 ) ) ;
#678 = VECTOR ( 'NONE', #663, 1000.000000000000000 ) ;
#679 = EDGE_CURVE ( 'NONE', #2162, #959, #1955, .T. ) ;
#680 = FACE_OUTER_BOUND ( 'NONE', #1612, .T. ) ;
#681 = EDGE_LOOP ( 'NONE', ( #233, #598 ) ) ;
#682 = CARTESIAN_POINT ( 'NONE',  ( 1.027750660289391771, -5.421010862427522170E-17, -1.970719902595541306 ) ) ;
#683 = CARTESIAN_POINT ( 'NONE',  ( 1.501946373235166332, 0.4000000000000000222, -1.104031990400327068 ) ) ;
#684 = CARTESIAN_POINT ( 'NONE',  ( 1.613298175315074579, 0.4000000000000000222, -0.5333360757946679076 ) ) ;
#685 = CARTESIAN_POINT ( 'NONE',  ( 1.119960011999591609, 0.4000000000000000222, -0.4000571257148696214 ) ) ;
#686 = DIRECTION ( 'NONE',  ( 0.000000000000000000, 0.000000000000000000, 1.000000000000000000 ) ) ;
#687 = CARTESIAN_POINT ( 'NONE',  ( 0.3755879979515597267, 0.4000000000000000222, -1.971219320345567017 ) ) ;
#688 = EDGE_CURVE ( 'NONE', #1670, #1613, #200, .T. ) ;
#689 = ORIENTED_EDGE ( 'NONE', *, *, #2067, .F. ) ;
#690 = DIRECTION ( 'NONE',  ( -1.000000000000000000, 0.000000000000000000, 0.000000000000000000 ) ) ;
#691 = CARTESIAN_POINT ( 'NONE',  ( 0.5139816483640982092, 0.000000000000000000, 2.351844618055555003 ) ) ;
#692 = PLANE ( 'NONE',  #2009 ) ;
#693 = CARTESIAN_POINT ( 'NONE',  ( 0.3047094954776950471, 0.000000000000000000, -1.929821711146636254 ) ) ;
#694 = DIRECTION ( 'NONE',  ( 1.000000000000000000, 0.000000000000000000, 0.000000000000000000 ) ) ;
#695 = ORIENTED_EDGE ( 'NONE', *, *, #1009, .F. ) ;
#696 = CARTESIAN_POINT ( 'NONE',  ( 0.5653302522784109385, 0.000000000000000000, 2.351666333985305890 ) ) ;
#697 = ORIENTED_EDGE ( 'NONE', *, *, #1396, .F. ) ;
#698 = CARTESIAN_POINT ( 'NONE',  ( 1.501946373235166332, 0.000000000000000000, -0.4000571257148696214 ) ) ;
#699 = DIRECTION ( 'NONE',  ( 0.000000000000000000, -1.000000000000000000, 0.000000000000000000 ) ) ;
#700 = EDGE_CURVE ( 'NONE', #2134, #1316, #379, .T. ) ;
#701 = CARTESIAN_POINT ( 'NONE',  ( 1.624583150962905176, 0.4000000000000000222, -0.5952718658697407905 ) ) ;
#702 = B_SPLINE_CURVE_WITH_KNOTS ( 'NONE', 3,
 ( #2058, #1161, #275, #1503, #1706, #2228, #450, #610, #1527, #123, #1021 ),
 .UNSPECIFIED., .F., .F.,
 ( 4, 1, 1, 1, 1, 1, 1, 1, 4 ),
 ( 0.000000000000000000, 0.09022875229637501715, 0.1723902669154757650, 0.2512930218932806770, 0.3387620935329472838, 0.4474779943794972015, 0.5880251105863664174, 0.7689596662512557801, 1.000000000000000000 ),
 .UNSPECIFIED. ) ;
#703 = CARTESIAN_POINT ( 'NONE',  ( 0.6989750432033166039, 0.000000000000000000, -2.000000000000000444 ) ) ;
#704 = AXIS2_PLACEMENT_3D ( 'NONE', #1374, #634, #2038 ) ;
#705 = VECTOR ( 'NONE', #994, 1000.000000000000000 ) ;
#706 = CARTESIAN_POINT ( 'NONE',  ( 0.7369822986160642353, -5.421010862427522170E-17, -1.999719258264111454 ) ) ;
#707 = LINE ( 'NONE', #532, #838 ) ;
#708 = ADVANCED_FACE ( 'NONE', ( #1068 ), #1497, .F. ) ;
#709 = EDGE_LOOP ( 'NONE', ( #1717, #574, #1435, #206 ) ) ;
#710 = CIRCLE ( 'NONE', #1671, 3.049999999999999822 ) ;
#711 = PLANE ( 'NONE',  #1306 ) ;
#712 = AXIS2_PLACEMENT_3D ( 'NONE', #1990, #407, #1838 ) ;
#713 = VERTEX_POINT ( 'NONE', #512 ) ;
#714 = CARTESIAN_POINT ( 'NONE',  ( 1.624169455272490348, 0.000000000000000000, -0.9020717910005945361 ) ) ;
#715 = CARTESIAN_POINT ( 'NONE',  ( 0.000000000000000000, 0.9999999999999974465, 0.000000000000000000 ) ) ;
#716 = CARTESIAN_POINT ( 'NONE',  ( 0.000000000000000000, 20.50000000000001066, 0.000000000000000000 ) ) ;
#717 = CARTESIAN_POINT ( 'NONE',  ( 0.5056703654467936682, 0.4000000000000000222, -1.993549267085157117 ) ) ;
#718 = EDGE_CURVE ( 'NONE', #1380, #1659, #1217, .T. ) ;
#719 = CARTESIAN_POINT ( 'NONE',  ( -0.9279668670853755685, 0.000000000000000000, -0.4000571257148696214 ) ) ;
#720 = VERTEX_POINT ( 'NONE', #36 ) ;
#721 = CARTESIAN_POINT ( 'NONE',  ( 1.119960011999591609, 0.4000000000000000222, 2.207849759369893139 ) ) ;
#722 = ORIENTED_EDGE ( 'NONE', *, *, #2189, .F. ) ;
#723 = VERTEX_POINT ( 'NONE', #2137 ) ;
#724 = CARTESIAN_POINT ( 'NONE',  ( 1.631707746887458121, 0.000000000000000000, -0.7253622784959314895 ) ) ;
#725 = PRESENTATION_LAYER_ASSIGNMENT (  '', '', ( #155 ) ) ;
#726 = CARTESIAN_POINT ( 'NONE',  ( 1.613547760072937987, 0.000000000000000000, -0.9623602105129217543 ) ) ;
#727 = VERTEX_POINT ( 'NONE', #1756 ) ;
#728 = CARTESIAN_POINT ( 'NONE',  ( 1.501946373235166332, 0.000000000000000000, -0.4000571257148696214 ) ) ;
#729 = CARTESIAN_POINT ( 'NONE',  ( -1.631941731770832904, 0.000000000000000000, -0.7070461647183290399 ) ) ;
#730 = CARTESIAN_POINT ( 'NONE',  ( 1.119960011999591609, 0.4000000000000000222, -0.4000571257148696214 ) ) ;
#731 = CARTESIAN_POINT ( 'NONE',  ( 0.6626384832346486897, -0.000000000000000000, -1.999680966320305231 ) ) ;
#732 = ADVANCED_FACE ( 'NONE', ( #162 ), #692, .T. ) ;
#733 = EDGE_LOOP ( 'NONE', ( #1785, #440, #103, #124 ) ) ;
#734 = CARTESIAN_POINT ( 'NONE',  ( 1.027750660289391771, 0.4000000000000000222, -1.970719902595541306 ) ) ;
#735 = ORIENTED_EDGE ( 'NONE', *, *, #1869, .T. ) ;
#736 = ORIENTED_EDGE ( 'NONE', *, *, #739, .T. ) ;
#737 = CARTESIAN_POINT ( 'NONE',  ( -1.607165621529715205, 0.000000000000000000, -0.9822452014432304646 ) ) ;
#738 = DIRECTION ( 'NONE',  ( -0.000000000000000000, 1.000000000000000000, -0.000000000000000000 ) ) ;
#739 = EDGE_CURVE ( 'NONE', #1848, #451, #1290, .T. ) ;
#740 = FACE_BOUND ( 'NONE', #1139, .T. ) ;
#741 = FACE_OUTER_BOUND ( 'NONE', #1277, .T. ) ;
#742 = DIRECTION ( 'NONE',  ( 0.000000000000000000, 0.000000000000000000, 1.000000000000000000 ) ) ;
#743 = CARTESIAN_POINT ( 'NONE',  ( 1.580315281386997617, 0.000000000000000000, -1.052346406094607500 ) ) ;
#744 = PRODUCT ( 'JK-RTF-02-11-01 Knob_4', 'JK-RTF-02-11-01 Knob_4', '', ( #2249 ) ) ;
#745 = VECTOR ( 'NONE', #1144, 1000.000000000000114 ) ;
#746 = ORIENTED_EDGE ( 'NONE', *, *, #813, .T. ) ;
#747 = CARTESIAN_POINT ( 'NONE',  ( 1.118421933865272777, 0.000000000000000000, 2.219685887458704432 ) ) ;
#748 = ORIENTED_EDGE ( 'NONE', *, *, #822, .F. ) ;
#749 = ADVANCED_FACE ( 'NONE', ( #740, #248 ), #1278, .F. ) ;
#750 = CARTESIAN_POINT ( 'NONE',  ( 0.4636431803594143197, -5.421010862427522170E-17, 2.351472752367772756 ) ) ;
#751 = CARTESIAN_POINT ( 'NONE',  ( -1.555773037042172513, 0.4000000000000000222, -1.073109541330890204 ) ) ;
#752 = VECTOR ( 'NONE', #2096, 1000.000000000000114 ) ;
#753 = CARTESIAN_POINT ( 'NONE',  ( -1.517945801978017428, 0.000000000000000000, -0.1360665514578229818 ) ) ;
#754 = PLANE ( 'NONE',  #1270 ) ;
#755 = CARTESIAN_POINT ( 'NONE',  ( 0.2879897173713235614, 0.4000000000000000222, -0.4000571257148696214 ) ) ;
#756 = ORIENTED_EDGE ( 'NONE', *, *, #700, .F. ) ;
#757 = CARTESIAN_POINT ( 'NONE',  ( 0.8956335150635089670, 0.4000000000000000222, 2.334494550275817204 ) ) ;
#758 = VERTEX_POINT ( 'NONE', #1103 ) ;
#759 = VERTEX_POINT ( 'NONE', #1616 ) ;
#760 = CARTESIAN_POINT ( 'NONE',  ( 1.554586269062668169, 0.4000000000000000222, -0.4202717173929969574 ) ) ;
#761 = ADVANCED_FACE ( 'NONE', ( #1451 ), #432, .F. ) ;
#762 = ORIENTED_EDGE ( 'NONE', *, *, #1106, .F. ) ;
#763 = LINE ( 'NONE', #383, #496 ) ;
#764 = CARTESIAN_POINT ( 'NONE',  ( -1.528447293654293215, 0.4000000000000000222, -0.1566462989215681723 ) ) ;
#765 = VECTOR ( 'NONE', #202, 1000.000000000000000 ) ;
#766 = CARTESIAN_POINT ( 'NONE',  ( -1.475615651595603595, -5.421010862427522170E-17, -1.102229679327578094 ) ) ;
#767 = LINE ( 'NONE', #1294, #436 ) ;
#768 = VERTEX_POINT ( 'NONE', #48 ) ;
#769 = DIRECTION ( 'NONE',  ( 0.000000000000000000, 0.000000000000000000, 1.000000000000000000 ) ) ;
#770 = ORIENTED_EDGE ( 'NONE', *, *, #2055, .T. ) ;
#771 = EDGE_LOOP ( 'NONE', ( #2215, #1941, #894, #1220 ) ) ;
#772 = CARTESIAN_POINT ( 'NONE',  ( -1.475615651595603595, 0.000000000000000000, -1.102229679327578094 ) ) ;
#773 = CARTESIAN_POINT ( 'NONE',  ( 1.501946373235166332, 0.000000000000000000, -1.104031990400327068 ) ) ;
#774 = DIRECTION ( 'NONE',  ( -0.000000000000000000, -1.000000000000000000, -0.000000000000000000 ) ) ;
#775 = DIRECTION ( 'NONE',  ( 0.000000000000000000, 0.000000000000000000, -1.000000000000000000 ) ) ;
#776 = CARTESIAN_POINT ( 'NONE',  ( -1.611404230362198930, 0.4000000000000000222, -0.3794634694473903447 ) ) ;
#777 = CARTESIAN_POINT ( 'NONE',  ( 1.596465382320112258, 0.4000000000000000222, -0.4844912651317207497 ) ) ;
#778 = DIRECTION ( 'NONE',  ( -0.000000000000000000, -1.000000000000000000, -0.000000000000000000 ) ) ;
#779 = ADVANCED_FACE ( 'NONE', ( #603 ), #2150, .F. ) ;
#780 = FACE_OUTER_BOUND ( 'NONE', #402, .T. ) ;
#781 = ORIENTED_EDGE ( 'NONE', *, *, #1445, .T. ) ;
#782 = ORIENTED_EDGE ( 'NONE', *, *, #1637, .T. ) ;
#783 = CARTESIAN_POINT ( 'NONE',  ( 1.119960011999591609, 0.000000000000000000, -1.869004677167904971 ) ) ;
#784 = CARTESIAN_POINT ( 'NONE',  ( 1.119960011999591609, 0.000000000000000000, -1.869004677167904971 ) ) ;
#785 = CARTESIAN_POINT ( 'NONE',  ( 0.2879897173713235614, 0.4000000000000000222, 1.583872038398692172 ) ) ;
#786 = CARTESIAN_POINT ( 'NONE',  ( 0.7894642059693486313, 0.000000000000000000, 2.344069355934343069 ) ) ;
#787 = VECTOR ( 'NONE', #397, 1000.000000000000000 ) ;
#788 = AXIS2_PLACEMENT_3D ( 'NONE', #1652, #774, #1662 ) ;
#789 = CARTESIAN_POINT ( 'NONE',  ( -1.595930544048564048, 0.4000000000000000222, -0.3162894632024669805 ) ) ;
#790 = CARTESIAN_POINT ( 'NONE',  ( 1.119960011999591609, 0.4000000000000000222, 2.207849759369893139 ) ) ;
#791 = EDGE_CURVE ( 'NONE', #1199, #578, #565, .T. ) ;
#792 = CARTESIAN_POINT ( 'NONE',  ( 0.000000000000000000, 20.00000000000000000, 0.000000000000000000 ) ) ;
#793 =( NAMED_UNIT ( * ) PLANE_ANGLE_UNIT ( ) SI_UNIT ( $, .RADIAN. ) );
#794 = B_SPLINE_CURVE_WITH_KNOTS ( 'NONE', 3,
 ( #1718, #731, #14, #840, #2078, #2117, #1083, #498, #1782, #204, #902 ),
 .UNSPECIFIED., .F., .F.,
 ( 4, 1, 1, 1, 1, 1, 1, 1, 4 ),
 ( 0.000000000000000000, 0.2322791360992397525, 0.4244626275406201410, 0.5793414412683137726, 0.7023295449945020641, 0.7966811746842309416, 0.8692482472795266535, 0.9330964648072065382, 0.9999999999999998890 ),
 .UNSPECIFIED. ) ;
#795 = ORIENTED_EDGE ( 'NONE', *, *, #425, .T. ) ;
#796 = ORIENTED_EDGE ( 'NONE', *, *, #1264, .F. ) ;
#797 = CARTESIAN_POINT ( 'NONE',  ( 1.576158449204200673, 0.4000000000000000222, -0.4474433603672498538 ) ) ;
#798 = CARTESIAN_POINT ( 'NONE',  ( 0.2890870472674963443, 0.000000000000000000, -1.879431660272778970 ) ) ;
#799 = CARTESIAN_POINT ( 'NONE',  ( 1.631941731770833348, 0.000000000000000000, -0.7550444509468831056 ) ) ;
#800 = B_SPLINE_CURVE_WITH_KNOTS ( 'NONE', 3,
 ( #1543, #651, #2053, #481, #1905, #626, #1676, #2210, #1189, #1202, #2222 ),
 .UNSPECIFIED., .F., .F.,
 ( 4, 1, 1, 1, 1, 1, 1, 1, 4 ),
 ( 0.000000000000000000, 0.06497935746320089578, 0.1344390188235323469, 0.2180273006311753692, 0.3190989440973219238, 0.4440723661629869534, 0.5966500973609365488, 0.7815178106756694998, 0.9999999999999998890 ),
 .UNSPECIFIED. ) ;
#801 = CARTESIAN_POINT ( 'NONE',  ( 0.6989750432033166039, 0.000000000000000000, -2.000000000000000444 ) ) ;
#802 = FACE_OUTER_BOUND ( 'NONE', #255, .T. ) ;
#803 = CIRCLE ( 'NONE', #1576, 5.049999999999999822 ) ;
#804 = LINE ( 'NONE', #1282, #462 ) ;
#805 = EDGE_CURVE ( 'NONE', #959, #882, #1826, .T. ) ;
#806 = DIRECTION ( 'NONE',  ( 0.000000000000000000, -0.000000000000000000, 1.000000000000000000 ) ) ;
#807 = EDGE_LOOP ( 'NONE', ( #1084, #1212, #1137, #1240 ) ) ;
#808 = VERTEX_POINT ( 'NONE', #2196 ) ;
#809 = CARTESIAN_POINT ( 'NONE',  ( -1.548716530228868571, 0.000000000000000000, -0.1963678720891230689 ) ) ;
#810 = PLANE ( 'NONE',  #131 ) ;
#811 = CARTESIAN_POINT ( 'NONE',  ( -1.631467973937282601, -0.000000000000000000, -0.7463865132758008558 ) ) ;
#812 = UNCERTAINTY_MEASURE_WITH_UNIT (LENGTH_MEASURE( 1.000000000000000082E-05 ), #1194, 'distance_accuracy_value', 'NONE');
#813 = EDGE_CURVE ( 'NONE', #758, #2181, #763, .T. ) ;
#814 = CARTESIAN_POINT ( 'NONE',  ( 0.4636431803594143197, 0.4000000000000000222, 2.351472752367772756 ) ) ;
#815 = CARTESIAN_POINT ( 'NONE',  ( 0.05358711207145232941, 0.4000000000000000222, 2.326305113918906375 ) ) ;
#816 = DIRECTION ( 'NONE',  ( 0.000000000000000000, 1.000000000000000000, -0.000000000000000000 ) ) ;
#817 = DIRECTION ( 'NONE',  ( 1.000000000000000000, 0.000000000000000000, -0.000000000000000000 ) ) ;
#818 = VERTEX_POINT ( 'NONE', #1813 ) ;
#819 = ORIENTED_EDGE ( 'NONE', *, *, #2105, .F. ) ;
#820 = CARTESIAN_POINT ( 'NONE',  ( 1.631275776756527129, 0.000000000000000000, -0.6705646704838906791 ) ) ;
#821 = CARTESIAN_POINT ( 'NONE',  ( 0.6989750432033164929, 0.000000000000000000, -2.000000000000000000 ) ) ;
#822 = EDGE_CURVE ( 'NONE', #882, #759, #1329, .T. ) ;
#823 = FACE_OUTER_BOUND ( 'NONE', #393, .T. ) ;
#824 = DIRECTION ( 'NONE',  ( 0.000000000000000000, -0.000000000000000000, 1.000000000000000000 ) ) ;
#825 = LINE ( 'NONE', #1179, #1649 ) ;
#826 = DIRECTION ( 'NONE',  ( -0.000000000000000000, -1.000000000000000000, -0.000000000000000000 ) ) ;
#827 = DIRECTION ( 'NONE',  ( 1.000000000000000000, 0.000000000000000000, -0.000000000000000000 ) ) ;
#828 = ORIENTED_EDGE ( 'NONE', *, *, #1940, .F. ) ;
#829 = VERTEX_POINT ( 'NONE', #1464 ) ;
#830 = CARTESIAN_POINT ( 'NONE',  ( -1.595930544048564048, 0.4000000000000000222, -0.3162894632024669805 ) ) ;
#831 = FACE_BOUND ( 'NONE', #1150, .T. ) ;
#832 = B_SPLINE_CURVE_WITH_KNOTS ( 'NONE', 3,
 ( #1259, #1995, #412, #958, #77, #375, #1086, #1480, #918, #2142, #1309 ),
 .UNSPECIFIED., .F., .F.,
 ( 4, 1, 1, 1, 1, 1, 1, 1, 4 ),
 ( 0.000000000000000000, 0.1992004568760569472, 0.3743154758170526009, 0.5261583806891614312, 0.6560998944652410847, 0.7640876408964234479, 0.8527265281295840493, 0.9287193592889528837, 1.000000000000000000 ),
 .UNSPECIFIED. ) ;
#833 = DIRECTION ( 'NONE',  ( -0.5062887777541085210, 0.000000000000000000, -0.8623640029130684725 ) ) ;
#834 = EDGE_CURVE ( 'NONE', #1461, #720, #2163, .T. ) ;
#835 = CARTESIAN_POINT ( 'NONE',  ( 0.5139816483640982092, 0.4000000000000000222, 2.351844618055555003 ) ) ;
#836 = DIRECTION ( 'NONE',  ( -0.8539407961853736628, 0.000000000000000000, 0.5203701726754620394 ) ) ;
#837 = DIRECTION ( 'NONE',  ( 0.000000000000000000, -1.000000000000000000, -0.000000000000000000 ) ) ;
#838 = VECTOR ( 'NONE', #1468, 1000.000000000000000 ) ;
#839 = ORIENTED_EDGE ( 'NONE', *, *, #395, .F. ) ;
#840 = CARTESIAN_POINT ( 'NONE',  ( 0.5056703654467936682, 0.000000000000000000, -1.993549267085157117 ) ) ;
#841 = DIRECTION ( 'NONE',  ( 0.000000000000000000, 0.000000000000000000, 1.000000000000000000 ) ) ;
#842 = COLOUR_RGB ( '',0.7921568627450980005, 0.8196078431372548767, 0.9333333333333333481 ) ;
#843 = ORIENTED_EDGE ( 'NONE', *, *, #1009, .T. ) ;
#844 = CARTESIAN_POINT ( 'NONE',  ( 1.558755385529171367, 0.000000000000000000, -1.082359326981245706 ) ) ;
#845 = DIRECTION ( 'NONE',  ( 0.000000000000000000, -1.000000000000000000, 0.000000000000000000 ) ) ;
#846 = CARTESIAN_POINT ( 'NONE',  ( 1.118421933865272777, 0.4000000000000000222, 2.219685887458704432 ) ) ;
#847 = PLANE ( 'NONE',  #992 ) ;
#848 = LINE ( 'NONE', #286, #1493 ) ;
#849 = ADVANCED_FACE ( 'NONE', ( #1143 ), #2173, .T. ) ;
#850 = CARTESIAN_POINT ( 'NONE',  ( 0.6626384832346486897, 0.000000000000000000, -1.999680966320305231 ) ) ;
#851 = ORIENTED_EDGE ( 'NONE', *, *, #1291, .F. ) ;
#852 = CARTESIAN_POINT ( 'NONE',  ( 0.9702047410269567518, -5.421010862427522170E-17, -1.983922010985903484 ) ) ;
#853 = CARTESIAN_POINT ( 'NONE',  ( 0.3712710554869609880, 0.000000000000000000, 2.350790371176822990 ) ) ;
#854 = AXIS2_PLACEMENT_3D ( 'NONE', #34, #1734, #1253 ) ;
#855 = CARTESIAN_POINT ( 'NONE',  ( -1.631855991845981180, 0.4000000000000000222, -0.6737108667043871790 ) ) ;
#856 = CARTESIAN_POINT ( 'NONE',  ( 0.5139816483640982092, 0.4000000000000000222, 2.351844618055555003 ) ) ;
#857 = CARTESIAN_POINT ( 'NONE',  ( -0.9279668670853755685, 0.4000000000000000222, -0.4000571257148696214 ) ) ;
#858 = ADVANCED_FACE ( 'NONE', ( #419 ), #963, .F. ) ;
#859 = AXIS2_PLACEMENT_3D ( 'NONE', #912, #951, #1968 ) ;
#860 = CARTESIAN_POINT ( 'NONE',  ( 0.8956335150635089670, 0.000000000000000000, 2.334494550275817204 ) ) ;
#861 = EDGE_LOOP ( 'NONE', ( #1600, #1321, #2050, #2156 ) ) ;
#862 = CARTESIAN_POINT ( 'NONE',  ( 0.2879897173713235614, 0.000000000000000000, -1.104031990400327068 ) ) ;
#863 = CARTESIAN_POINT ( 'NONE',  ( 0.1389510074947070406, 0.000000000000000000, 2.338732104085070151 ) ) ;
#864 = CARTESIAN_POINT ( 'NONE',  ( -1.586168429513306055, 0.4000000000000000222, -1.036199626144530761 ) ) ;
#865 = CARTESIAN_POINT ( 'NONE',  ( 1.631711834263198879, 0.4000000000000000222, -0.7817292866262952611 ) ) ;
#866 = CARTESIAN_POINT ( 'NONE',  ( 0.000000000000000000, 20.50000000000001066, 4.349999999999999645 ) ) ;
#867 = ORIENTED_EDGE ( 'NONE', *, *, #168, .T. ) ;
#868 = EDGE_CURVE ( 'NONE', #1421, #6, #93, .T. ) ;
#869 = CARTESIAN_POINT ( 'NONE',  ( 1.118421933865272777, 0.4000000000000000222, 2.219685887458704432 ) ) ;
#870 = AXIS2_PLACEMENT_3D ( 'NONE', #1478, #1157, #1858 ) ;
#871 = VERTEX_POINT ( 'NONE', #1265 ) ;
#872 = CARTESIAN_POINT ( 'NONE',  ( 1.119960011999591609, 0.4000000000000000222, 2.207849759369893139 ) ) ;
#873 = DIRECTION ( 'NONE',  ( 0.000000000000000000, 0.000000000000000000, 1.000000000000000000 ) ) ;
#874 = EDGE_CURVE ( 'NONE', #986, #1976, #458, .T. ) ;
#875 = CARTESIAN_POINT ( 'NONE',  ( 0.2879897173713235614, 0.4000000000000000222, -1.869004677167904971 ) ) ;
#876 = CARTESIAN_POINT ( 'NONE',  ( 0.2879897173713235614, 0.4000000000000000222, -1.104031990400327068 ) ) ;
#877 = CARTESIAN_POINT ( 'NONE',  ( 1.070457055762610077, 0.4000000000000000222, -1.952360817268248949 ) ) ;
#878 = CARTESIAN_POINT ( 'NONE',  ( 1.511470040021304806, 0.000000000000000000, -1.102663084168149510 ) ) ;
#879 = ORIENTED_EDGE ( 'NONE', *, *, #1789, .T. ) ;
#880 = DIRECTION ( 'NONE',  ( 0.000000000000000000, 0.000000000000000000, 1.000000000000000000 ) ) ;
#881 = B_SPLINE_CURVE_WITH_KNOTS ( 'NONE', 3,
 ( #993, #1547, #135, #1726, #2248, #644, #666, #1896, #1368, #1691, #2046 ),
 .UNSPECIFIED., .F., .F.,
 ( 4, 1, 1, 1, 1, 1, 1, 1, 4 ),
 ( 0.000000000000000000, 0.06571297284094350377, 0.1303508142843558260, 0.2032366366042110128, 0.2997066024457668565, 0.4205061072346960582, 0.5726288201944412792, 0.7613923663534399866, 1.000000000000000000 ),
 .UNSPECIFIED. ) ;
#882 = VERTEX_POINT ( 'NONE', #480 ) ;
#883 = CARTESIAN_POINT ( 'NONE',  ( 1.531146960129490253, 0.4000000000000000222, -1.099834776629569744 ) ) ;
#884 = DIRECTION ( 'NONE',  ( 0.000000000000000000, 0.000000000000000000, -1.000000000000000000 ) ) ;
#885 = EDGE_CURVE ( 'NONE', #713, #972, #1845, .T. ) ;
#886 = CARTESIAN_POINT ( 'NONE',  ( -1.631941731770833126, 0.4000000000000000222, -0.7070461647183291509 ) ) ;
#887 = B_SPLINE_SURFACE_WITH_KNOTS ( 'NONE', 3, 1, ( 
 ( #1467, #1156 ),
 ( #1500, #1642 ),
 ( #2165, #766 ),
 ( #1145, #1477 ),
 ( #1332, #1304 ),
 ( #2031, #1280 ),
 ( #1319, #2004 ),
 ( #1654, #2018 ),
 ( #447, #2176 ),
 ( #569, #422 ),
 ( #1133, #1982 ) ),
 .UNSPECIFIED., .F., .F., .F.,
 ( 4, 1, 1, 1, 1, 1, 1, 1, 4 ),
 ( 2, 2 ),
 ( 0.000000000000000000, 0.09022875229637501715, 0.1723902669154757650, 0.2512930218932806770, 0.3387620935329472838, 0.4474779943794972015, 0.5880251105863664174, 0.7689596662512557801, 1.000000000000000000 ),
 ( 0.000000000000000000, 1.000000000000000000 ),
 .UNSPECIFIED. ) ;
#888 = CARTESIAN_POINT ( 'NONE',  ( -1.611404230362198930, 0.000000000000000000, -0.3794634694473903447 ) ) ;
#889 =( GEOMETRIC_REPRESENTATION_CONTEXT ( 3 ) GLOBAL_UNCERTAINTY_ASSIGNED_CONTEXT ( ( #812 ) ) GLOBAL_UNIT_ASSIGNED_CONTEXT ( ( #1194, #793, #1919 ) ) REPRESENTATION_CONTEXT ( 'NONE', 'WORKASPACE' ) );
#890 = CARTESIAN_POINT ( 'NONE',  ( 0.6989750432033166039, 0.4000000000000000222, -2.000000000000000444 ) ) ;
#891 = CARTESIAN_POINT ( 'NONE',  ( 1.531146960129490253, 0.4000000000000000222, -1.099834776629569744 ) ) ;
#892 = ORIENTED_EDGE ( 'NONE', *, *, #258, .T. ) ;
#893 = CARTESIAN_POINT ( 'NONE',  ( -1.430948908188763413, 0.4000000000000000222, -1.104031990400327068 ) ) ;
#894 = ORIENTED_EDGE ( 'NONE', *, *, #948, .T. ) ;
#895 = CARTESIAN_POINT ( 'NONE',  ( 0.8050572605888969280, 0.4000000000000000222, -1.999216420508864944 ) ) ;
#896 = FACE_OUTER_BOUND ( 'NONE', #1627, .T. ) ;
#897 = ORIENTED_EDGE ( 'NONE', *, *, #2091, .T. ) ;
#898 = CARTESIAN_POINT ( 'NONE',  ( -1.631941731770833126, 0.4000000000000000222, -0.7070461647183291509 ) ) ;
#899 = EDGE_CURVE ( 'NONE', #1022, #829, #2256, .T. ) ;
#900 = CARTESIAN_POINT ( 'NONE',  ( -2.565151067676131547, 1.999999999999998224, 1.649999999999999911 ) ) ;
#901 = CARTESIAN_POINT ( 'NONE',  ( 0.9702047410269567518, -5.421010862427522170E-17, -1.983922010985903484 ) ) ;
#902 = CARTESIAN_POINT ( 'NONE',  ( 0.2879897173713235614, 0.000000000000000000, -1.869004677167904971 ) ) ;
#903 = VERTEX_POINT ( 'NONE', #1553 ) ;
#904 = ADVANCED_FACE ( 'NONE', ( #1328 ), #15, .F. ) ;
#905 = CARTESIAN_POINT ( 'NONE',  ( -0.01380376251242722112, 0.4000000000000000222, 2.309357893789032445 ) ) ;
#906 = B_SPLINE_SURFACE_WITH_KNOTS ( 'NONE', 3, 1, ( 
 ( #279, #988 ),
 ( #1174, #850 ),
 ( #2097, #353 ),
 ( #178, #158 ),
 ( #1229, #1939 ),
 ( #687, #2270 ),
 ( #1587, #343 ),
 ( #334, #186 ),
 ( #1773, #1401 ),
 ( #1044, #1762 ),
 ( #1073, #1741 ) ),
 .UNSPECIFIED., .F., .F., .F.,
 ( 4, 1, 1, 1, 1, 1, 1, 1, 4 ),
 ( 2, 2 ),
 ( 0.000000000000000000, 0.2322791360992397525, 0.4244626275406201410, 0.5793414412683137726, 0.7023295449945020641, 0.7966811746842309416, 0.8692482472795266535, 0.9330964648072065382, 0.9999999999999998890 ),
 ( 0.000000000000000000, 1.000000000000000000 ),
 .UNSPECIFIED. ) ;
#907 = ORIENTED_EDGE ( 'NONE', *, *, #965, .T. ) ;
#908 = VERTEX_POINT ( 'NONE', #20 ) ;
#909 = CARTESIAN_POINT ( 'NONE',  ( -1.446295186378502962, -0.000000000000000000, -1.103412765334937262 ) ) ;
#910 = VECTOR ( 'NONE', #1517, 1000.000000000000000 ) ;
#911 = DIRECTION ( 'NONE',  ( 8.659560562354953812E-17, 0.7071067811865460184, -0.7071067811865490160 ) ) ;
#912 = CARTESIAN_POINT ( 'NONE',  ( 1.501946373235166332, 0.4000000000000000222, -1.104031990400327068 ) ) ;
#913 = CARTESIAN_POINT ( 'NONE',  ( -1.631696439561302281, 0.000000000000000000, -0.6116776544316341324 ) ) ;
#914 = DIRECTION ( 'NONE',  ( 0.000000000000000000, 0.7071067811865460184, 0.7071067811865490160 ) ) ;
#915 = CARTESIAN_POINT ( 'NONE',  ( 1.631941731770833348, 0.4000000000000000222, -0.7550444509468831056 ) ) ;
#916 = ADVANCED_FACE ( 'NONE', ( #1058 ), #1945, .T. ) ;
#917 = VERTEX_POINT ( 'NONE', #170 ) ;
#918 = CARTESIAN_POINT ( 'NONE',  ( 1.531146960129490253, 0.4000000000000000222, -1.099834776629569744 ) ) ;
#919 = PRODUCT_DEFINITION ( 'UNKNOWN', '', #132, #1882 ) ;
#920 = ORIENTED_EDGE ( 'NONE', *, *, #1223, .T. ) ;
#921 = ORIENTED_EDGE ( 'NONE', *, *, #791, .T. ) ;
#922 = CARTESIAN_POINT ( 'NONE',  ( -0.1188266488327035103, 0.4000000000000000222, 2.244678179365855009 ) ) ;
#923 = ORIENTED_EDGE ( 'NONE', *, *, #665, .F. ) ;
#924 = CARTESIAN_POINT ( 'NONE',  ( -1.595930544048564048, 0.000000000000000000, -0.3162894632024669805 ) ) ;
#925 = CARTESIAN_POINT ( 'NONE',  ( 1.027750660289391771, 0.000000000000000000, -1.970719902595541306 ) ) ;
#926 = CARTESIAN_POINT ( 'NONE',  ( -0.1259955013499540200, 0.4000000000000000222, 2.234848795373454600 ) ) ;
#927 = CARTESIAN_POINT ( 'NONE',  ( 0.2879897173713235614, 0.4000000000000000222, -1.104031990400327068 ) ) ;
#928 = CIRCLE ( 'NONE', #1630, 5.049999999999999822 ) ;
#929 = DIRECTION ( 'NONE',  ( -0.000000000000000000, -1.000000000000000000, -0.000000000000000000 ) ) ;
#930 = EDGE_CURVE ( 'NONE', #2253, #713, #672, .T. ) ;
#931 = CARTESIAN_POINT ( 'NONE',  ( 0.8972511084122456460, 0.4000000000000000222, -1.993498632401598414 ) ) ;
#932 = ORIENTED_EDGE ( 'NONE', *, *, #1855, .T. ) ;
#933 = ORIENTED_EDGE ( 'NONE', *, *, #1158, .T. ) ;
#934 = CARTESIAN_POINT ( 'NONE',  ( 0.3712710554869609880, -5.421010862427522170E-17, 2.350790371176822990 ) ) ;
#935 = VECTOR ( 'NONE', #1245, 1000.000000000000000 ) ;
#936 = VERTEX_POINT ( 'NONE', #1403 ) ;
#937 = CARTESIAN_POINT ( 'NONE',  ( 1.616249580217480553, 0.4000000000000000222, -0.5522216560649083616 ) ) ;
#938 = CARTESIAN_POINT ( 'NONE',  ( 1.119960011999591609, 0.000000000000000000, -1.869004677167904971 ) ) ;
#939 = FACE_OUTER_BOUND ( 'NONE', #1010, .T. ) ;
#940 = LINE ( 'NONE', #251, #2022 ) ;
#941 = CARTESIAN_POINT ( 'NONE',  ( 0.2879897173713235614, 0.4000000000000000222, -1.869004677167904971 ) ) ;
#942 = CARTESIAN_POINT ( 'NONE',  ( 1.085226568841666017, 0.4000000000000000222, 2.274596454126464273 ) ) ;
#943 = EDGE_CURVE ( 'NONE', #2229, #1849, #2099, .T. ) ;
#944 = EDGE_LOOP ( 'NONE', ( #456, #1184, #923, #932 ) ) ;
#945 = ORIENTED_EDGE ( 'NONE', *, *, #899, .T. ) ;
#946 = CARTESIAN_POINT ( 'NONE',  ( 1.631941731770833348, 0.000000000000000000, -0.7550444509468831056 ) ) ;
#947 = CARTESIAN_POINT ( 'NONE',  ( 1.042071686200281677, 0.000000000000000000, 2.300153793545512748 ) ) ;
#948 = EDGE_CURVE ( 'NONE', #575, #1928, #517, .T. ) ;
#949 = ORIENTED_EDGE ( 'NONE', *, *, #340, .F. ) ;
#950 = AXIS2_PLACEMENT_3D ( 'NONE', #1878, #1660, #2217 ) ;
#951 = DIRECTION ( 'NONE',  ( 0.000000000000000000, 0.000000000000000000, 1.000000000000000000 ) ) ;
#952 = DIRECTION ( 'NONE',  ( 0.000000000000000000, 0.000000000000000000, 1.000000000000000000 ) ) ;
#953 = VECTOR ( 'NONE', #2088, 1000.000000000000000 ) ;
#954 = EDGE_CURVE ( 'NONE', #1316, #808, #1038, .T. ) ;
#955 = CARTESIAN_POINT ( 'NONE',  ( -1.620675538608120636, 0.4000000000000000222, -0.4481971072876071993 ) ) ;
#956 = DIRECTION ( 'NONE',  ( 1.000000000000000000, 0.000000000000000000, 0.000000000000000000 ) ) ;
#957 = DIRECTION ( 'NONE',  ( -0.000000000000000000, -1.000000000000000000, -0.000000000000000000 ) ) ;
#958 = CARTESIAN_POINT ( 'NONE',  ( 1.624169455272490348, 0.4000000000000000222, -0.9020717910005945361 ) ) ;
#959 = VERTEX_POINT ( 'NONE', #2122 ) ;
#960 = ORIENTED_EDGE ( 'NONE', *, *, #1371, .T. ) ;
#961 = DIRECTION ( 'NONE',  ( 0.000000000000000000, -0.000000000000000000, -1.000000000000000000 ) ) ;
#962 = CARTESIAN_POINT ( 'NONE',  ( -1.446295186378502962, -5.421010862427522170E-17, -1.103412765334937262 ) ) ;
#963 = CYLINDRICAL_SURFACE ( 'NONE', #788, 3.049999999999999822 ) ;
#964 = LINE ( 'NONE', #269, #2107 ) ;
#965 = EDGE_CURVE ( 'NONE', #102, #509, #1754, .T. ) ;
#966 = DIRECTION ( 'NONE',  ( 0.000000000000000000, 0.000000000000000000, 1.000000000000000000 ) ) ;
#967 = DIRECTION ( 'NONE',  ( -1.000000000000000000, 0.000000000000000000, 0.000000000000000000 ) ) ;
#968 = DIRECTION ( 'NONE',  ( 0.000000000000000000, 0.000000000000000000, -1.000000000000000000 ) ) ;
#969 = AXIS2_PLACEMENT_3D ( 'NONE', #1581, #1425, #2100 ) ;
#970 = CARTESIAN_POINT ( 'NONE',  ( 1.631941731770833348, 0.4000000000000000222, -0.7550444509468831056 ) ) ;
#971 = ORIENTED_EDGE ( 'NONE', *, *, #1596, .T. ) ;
#972 = VERTEX_POINT ( 'NONE', #1580 ) ;
#973 = CARTESIAN_POINT ( 'NONE',  ( -1.631696439561302281, 0.4000000000000000222, -0.6116776544316341324 ) ) ;
#974 = CARTESIAN_POINT ( 'NONE',  ( 0.3343512049801233843, 0.000000000000000000, -1.952054513617692555 ) ) ;
#975 = CARTESIAN_POINT ( 'NONE',  ( -1.475615651595603595, 0.000000000000000000, -1.102229679327578094 ) ) ;
#976 = CARTESIAN_POINT ( 'NONE',  ( 1.117178030130719701, 0.000000000000000000, -1.900363511809272543 ) ) ;
#977 = VECTOR ( 'NONE', #4, 1000.000000000000000 ) ;
#978 = ADVANCED_FACE ( 'NONE', ( #9 ), #536, .T. ) ;
#979 = AXIS2_PLACEMENT_3D ( 'NONE', #1131, #71, #223 ) ;
#980 = CARTESIAN_POINT ( 'NONE',  ( 0.5653302522784109385, 0.4000000000000000222, 2.351666333985305890 ) ) ;
#981 = DIRECTION ( 'NONE',  ( 0.000000000000000000, -1.000000000000000000, 0.000000000000000000 ) ) ;
#982 = CARTESIAN_POINT ( 'NONE',  ( 1.119960011999591609, 0.4000000000000000222, -1.104031990400327068 ) ) ;
#983 = FACE_BOUND ( 'NONE', #1285, .T. ) ;
#984 = ADVANCED_FACE ( 'NONE', ( #2013 ), #2125, .F. ) ;
#985 = ORIENTED_EDGE ( 'NONE', *, *, #1711, .T. ) ;
#986 = VERTEX_POINT ( 'NONE', #404 ) ;
#987 = PLANE ( 'NONE',  #656 ) ;
#988 = CARTESIAN_POINT ( 'NONE',  ( 0.6989750432033164929, 0.000000000000000000, -2.000000000000000000 ) ) ;
#989 = CARTESIAN_POINT ( 'NONE',  ( 1.501946373235166332, 0.4000000000000000222, -0.4000571257148696214 ) ) ;
#990 = CARTESIAN_POINT ( 'NONE',  ( 0.6597512953617066245, 0.4000000000000000222, 2.351338500965616252 ) ) ;
#991 = DIRECTION ( 'NONE',  ( -0.000000000000000000, -1.000000000000000000, -0.000000000000000000 ) ) ;
#992 = AXIS2_PLACEMENT_3D ( 'NONE', #144, #836, #1255 ) ;
#993 = CARTESIAN_POINT ( 'NONE',  ( 1.119960011999591609, 0.4000000000000000222, -1.869004677167904971 ) ) ;
#994 = DIRECTION ( 'NONE',  ( -0.000000000000000000, -1.000000000000000000, -0.000000000000000000 ) ) ;
#995 = EDGE_CURVE ( 'NONE', #1421, #768, #46, .T. ) ;
#996 = ORIENTED_EDGE ( 'NONE', *, *, #1138, .F. ) ;
#997 = ORIENTED_EDGE ( 'NONE', *, *, #1727, .F. ) ;
#998 = CARTESIAN_POINT ( 'NONE',  ( -1.595930544048564048, 0.000000000000000000, -0.3162894632024669805 ) ) ;
#999 = CARTESIAN_POINT ( 'NONE',  ( -1.630623202256429094, 0.4000000000000000222, -0.8165354586287084659 ) ) ;
#1000 = EDGE_LOOP ( 'NONE', ( #2158, #523, #1450, #960 ) ) ;
#1001 = CARTESIAN_POINT ( 'NONE',  ( 0.5139816483640982092, 0.4000000000000000222, 2.351844618055555003 ) ) ;
#1002 = CARTESIAN_POINT ( 'NONE',  ( 0.5653302522784109385, 0.4000000000000000222, 2.351666333985305890 ) ) ;
#1003 = CARTESIAN_POINT ( 'NONE',  ( 0.3712710554869609880, 0.4000000000000000222, 2.350790371176822990 ) ) ;
#1004 = DIRECTION ( 'NONE',  ( 0.000000000000000000, 0.000000000000000000, -1.000000000000000000 ) ) ;
#1005 = PLANE ( 'NONE',  #643 ) ;
#1006 = PLANE ( 'NONE',  #2185 ) ;
#1007 = B_SPLINE_SURFACE_WITH_KNOTS ( 'NONE', 3, 1, ( 
 ( #37, #729 ),
 ( #1583, #1244 ),
 ( #360, #913 ),
 ( #1069, #2138 ),
 ( #1769, #1969 ),
 ( #191, #888 ),
 ( #1593, #1303 ),
 ( #1279, #49 ),
 ( #2003, #1839 ),
 ( #764, #1465 ),
 ( #2197, #1981 ) ),
 .UNSPECIFIED., .F., .F., .F.,
 ( 4, 1, 1, 1, 1, 1, 1, 1, 4 ),
 ( 2, 2 ),
 ( 0.000000000000000000, 0.1694900638923061420, 0.3154018034324052033, 0.4430654353301462511, 0.5595524389845460966, 0.6676625652793484189, 0.7732456511954234335, 0.8825185695687434162, 1.000000000000000000 ),
 ( 0.000000000000000000, 1.000000000000000000 ),
 .UNSPECIFIED. ) ;
#1008 = ORIENTED_EDGE ( 'NONE', *, *, #1211, .T. ) ;
#1009 = EDGE_CURVE ( 'NONE', #2170, #882, #1027, .T. ) ;
#1010 = EDGE_LOOP ( 'NONE', ( #2033, #2169, #516, #1601 ) ) ;
#1011 = CARTESIAN_POINT ( 'NONE',  ( -1.528447293654293215, 0.4000000000000000222, -0.1566462989215681723 ) ) ;
#1012 = CARTESIAN_POINT ( 'NONE',  ( -1.631941731770833126, -5.421010862427522170E-17, -0.7070461647183291509 ) ) ;
#1013 = VECTOR ( 'NONE', #880, 1000.000000000000000 ) ;
#1014 = AXIS2_PLACEMENT_3D ( 'NONE', #1358, #1681, #806 ) ;
#1015 = CARTESIAN_POINT ( 'NONE',  ( 0.6989750432033166039, 0.000000000000000000, -2.000000000000000444 ) ) ;
#1016 = CARTESIAN_POINT ( 'NONE',  ( 1.501946373235166332, 0.4000000000000000222, -0.4000571257148696214 ) ) ;
#1017 = AXIS2_PLACEMENT_3D ( 'NONE', #263, #957, #273 ) ;
#1018 = CARTESIAN_POINT ( 'NONE',  ( 0.000000000000000000, 0.9999999999999974465, 0.000000000000000000 ) ) ;
#1019 = VECTOR ( 'NONE', #1980, 1000.000000000000000 ) ;
#1020 = CARTESIAN_POINT ( 'NONE',  ( 0.2442257352948033755, 0.000000000000000000, 2.345752455883721499 ) ) ;
#1021 = CARTESIAN_POINT ( 'NONE',  ( -1.631941731770833126, 0.4000000000000000222, -0.7070461647183291509 ) ) ;
#1022 = VERTEX_POINT ( 'NONE', #946 ) ;
#1023 = DIRECTION ( 'NONE',  ( -0.000000000000000000, -1.000000000000000000, -0.000000000000000000 ) ) ;
#1024 = B_SPLINE_CURVE_WITH_KNOTS ( 'NONE', 3,
 ( #2245, #980, #990, #120, #152, #1522, #1884, #2054, #460, #846, #1387 ),
 .UNSPECIFIED., .F., .F.,
 ( 4, 1, 1, 1, 1, 1, 1, 1, 4 ),
 ( 0.000000000000000000, 0.2337954102253704813, 0.4299086015737501598, 0.5916832451177551633, 0.7185086770228795716, 0.8159582512457558279, 0.8888550220287297909, 0.9469777010511061244, 1.000000000000000000 ),
 .UNSPECIFIED. ) ;
#1025 = CARTESIAN_POINT ( 'NONE',  ( 0.5962377208626962188, 0.000000000000000000, -1.999097970033031357 ) ) ;
#1026 = B_SPLINE_CURVE_WITH_KNOTS ( 'NONE', 3,
 ( #1016, #1906, #1030, #1565, #1414, #1924, #684, #701, #2112, #330, #1745 ),
 .UNSPECIFIED., .F., .F.,
 ( 4, 1, 1, 1, 1, 1, 1, 1, 4 ),
 ( 0.000000000000000000, 0.06497935746320089578, 0.1344390188235323469, 0.2180273006311753692, 0.3190989440973219238, 0.4440723661629869534, 0.5966500973609365488, 0.7815178106756694998, 0.9999999999999998890 ),
 .UNSPECIFIED. ) ;
#1027 = B_SPLINE_CURVE_WITH_KNOTS ( 'NONE', 3,
 ( #1100, #909, #772, #1799, #1113, #1639, #737, #2171, #1602, #256, #1448 ),
 .UNSPECIFIED., .F., .F.,
 ( 4, 1, 1, 1, 1, 1, 1, 1, 4 ),
 ( 0.000000000000000000, 0.09022875229637501715, 0.1723902669154757650, 0.2512930218932806770, 0.3387620935329472838, 0.4474779943794972015, 0.5880251105863664174, 0.7689596662512557801, 1.000000000000000000 ),
 .UNSPECIFIED. ) ;
#1028 = ORIENTED_EDGE ( 'NONE', *, *, #1723, .T. ) ;
#1029 = CARTESIAN_POINT ( 'NONE',  ( 1.631711834263198879, -0.000000000000000000, -0.7817292866262952611 ) ) ;
#1030 = CARTESIAN_POINT ( 'NONE',  ( 1.529189779373557601, 0.4000000000000000222, -0.4031457814354590385 ) ) ;
#1031 = CARTESIAN_POINT ( 'NONE',  ( 0.2809899672963260819, 0.4000000000000000222, 1.583872038398692172 ) ) ;
#1032 = EDGE_CURVE ( 'NONE', #1289, #2253, #2148, .T. ) ;
#1033 = CARTESIAN_POINT ( 'NONE',  ( 1.616249580217480553, 0.000000000000000000, -0.5522216560649083616 ) ) ;
#1034 = CIRCLE ( 'NONE', #1609, 3.049999999999999822 ) ;
#1035 = SURFACE_STYLE_USAGE ( .BOTH. , #2154 ) ;
#1036 = CARTESIAN_POINT ( 'NONE',  ( 0.6597512953617066245, 0.000000000000000000, 2.351338500965616252 ) ) ;
#1037 = ORIENTED_EDGE ( 'NONE', *, *, #1561, .T. ) ;
#1038 = LINE ( 'NONE', #1912, #1327 ) ;
#1039 = LINE ( 'NONE', #1067, #1629 ) ;
#1040 = CARTESIAN_POINT ( 'NONE',  ( 0.000000000000000000, 23.00000000000000000, -4.349999999999999645 ) ) ;
#1041 = EDGE_CURVE ( 'NONE', #1672, #1172, #1998, .T. ) ;
#1042 = CARTESIAN_POINT ( 'NONE',  ( 0.1389510074947070406, 0.4000000000000000222, 2.338732104085070151 ) ) ;
#1043 = CARTESIAN_POINT ( 'NONE',  ( 0.2879897173713235614, 0.000000000000000000, 1.583872038398692172 ) ) ;
#1044 = CARTESIAN_POINT ( 'NONE',  ( 0.2890870472674963443, 0.4000000000000000222, -1.879431660272778970 ) ) ;
#1045 = ORIENTED_EDGE ( 'NONE', *, *, #307, .T. ) ;
#1046 = CARTESIAN_POINT ( 'NONE',  ( 1.117178030130719701, -5.421010862427522170E-17, -1.900363511809272543 ) ) ;
#1047 = DIRECTION ( 'NONE',  ( 0.000000000000000000, 0.000000000000000000, -1.000000000000000000 ) ) ;
#1048 = VECTOR ( 'NONE', #952, 1000.000000000000000 ) ;
#1049 = CARTESIAN_POINT ( 'NONE',  ( 1.613298175315074579, 0.000000000000000000, -0.5333360757946679076 ) ) ;
#1050 = CARTESIAN_POINT ( 'NONE',  ( 0.2912315947390720083, 0.000000000000000000, -1.899809452158070844 ) ) ;
#1051 = ADVANCED_FACE ( 'NONE', ( #246 ), #283, .T. ) ;
#1052 = CARTESIAN_POINT ( 'NONE',  ( 0.9702047410269567518, 0.4000000000000000222, -1.983922010985903484 ) ) ;
#1053 = B_SPLINE_CURVE_WITH_KNOTS ( 'NONE', 3,
 ( #1617, #26, #2095, #717, #1935, #349, #370, #542, #1398, #385, #1926 ),
 .UNSPECIFIED., .F., .F.,
 ( 4, 1, 1, 1, 1, 1, 1, 1, 4 ),
 ( 0.000000000000000000, 0.2322791360992397525, 0.4244626275406201410, 0.5793414412683137726, 0.7023295449945020641, 0.7966811746842309416, 0.8692482472795266535, 0.9330964648072065382, 0.9999999999999998890 ),
 .UNSPECIFIED. ) ;
#1054 = VECTOR ( 'NONE', #929, 1000.000000000000000 ) ;
#1055 = ORIENTED_EDGE ( 'NONE', *, *, #813, .F. ) ;
#1056 = CARTESIAN_POINT ( 'NONE',  ( 1.115197825070561866, 0.4000000000000000222, 2.244496697660730344 ) ) ;
#1057 = ADVANCED_FACE ( 'NONE', ( #648 ), #1673, .T. ) ;
#1058 = FACE_OUTER_BOUND ( 'NONE', #807, .T. ) ;
#1059 = CARTESIAN_POINT ( 'NONE',  ( -1.528447293654293215, -0.000000000000000000, -0.1566462989215681723 ) ) ;
#1060 = CARTESIAN_POINT ( 'NONE',  ( 1.631707746887458121, -0.000000000000000000, -0.7253622784959314895 ) ) ;
#1061 = CARTESIAN_POINT ( 'NONE',  ( 0.3343512049801233843, 0.000000000000000000, -1.952054513617692555 ) ) ;
#1062 = CARTESIAN_POINT ( 'NONE',  ( 1.119960011999591609, 0.4000000000000000222, -1.104031990400327068 ) ) ;
#1063 = SHAPE_DEFINITION_REPRESENTATION ( #1792, #2064 ) ;
#1064 = VERTEX_POINT ( 'NONE', #783 ) ;
#1065 = CARTESIAN_POINT ( 'NONE',  ( -1.517945801978017428, 0.000000000000000000, -0.1360665514578229818 ) ) ;
#1066 = CARTESIAN_POINT ( 'NONE',  ( 1.510823484055868082, 0.000000000000000000, -0.4010635468275376980 ) ) ;
#1067 = CARTESIAN_POINT ( 'NONE',  ( 1.119960011999591609, 0.000000000000000000, -1.104031990400327068 ) ) ;
#1068 = FACE_OUTER_BOUND ( 'NONE', #1512, .T. ) ;
#1069 = CARTESIAN_POINT ( 'NONE',  ( -1.627859180861016775, 0.4000000000000000222, -0.5245816050124799679 ) ) ;
#1070 = CARTESIAN_POINT ( 'NONE',  ( 1.117178030130719701, -5.421010862427522170E-17, -1.900363511809272543 ) ) ;
#1071 = CARTESIAN_POINT ( 'NONE',  ( 1.531146960129490253, 0.000000000000000000, -1.099834776629569744 ) ) ;
#1072 = VERTEX_POINT ( 'NONE', #278 ) ;
#1073 = CARTESIAN_POINT ( 'NONE',  ( 0.2879897173713235614, 0.4000000000000000222, -1.869004677167904971 ) ) ;
#1074 = EDGE_CURVE ( 'NONE', #1953, #1549, #140, .T. ) ;
#1075 = ORIENTED_EDGE ( 'NONE', *, *, #2250, .T. ) ;
#1076 = CARTESIAN_POINT ( 'NONE',  ( 1.613547760072937987, 0.000000000000000000, -0.9623602105129217543 ) ) ;
#1077 = LINE ( 'NONE', #1572, #1160 ) ;
#1078 = B_SPLINE_CURVE_WITH_KNOTS ( 'NONE', 3,
 ( #1893, #1002, #2073, #1700, #1533, #502, #1913, #1883, #108, #639, #1340 ),
 .UNSPECIFIED., .F., .F.,
 ( 4, 1, 1, 1, 1, 1, 1, 1, 4 ),
 ( 0.000000000000000000, 0.2337954102253704813, 0.4299086015737501598, 0.5916832451177551633, 0.7185086770228795716, 0.8159582512457558279, 0.8888550220287297909, 0.9469777010511061244, 1.000000000000000000 ),
 .UNSPECIFIED. ) ;
#1079 = PLANE ( 'NONE',  #384 ) ;
#1080 = VECTOR ( 'NONE', #1122, 1000.000000000000000 ) ;
#1081 = CARTESIAN_POINT ( 'NONE',  ( 0.5056703654467936682, 0.000000000000000000, -1.993549267085157117 ) ) ;
#1082 = CARTESIAN_POINT ( 'NONE',  ( 0.6989750432033166039, 0.4000000000000000222, -2.000000000000000444 ) ) ;
#1083 = CARTESIAN_POINT ( 'NONE',  ( 0.3343512049801233843, 0.000000000000000000, -1.952054513617692555 ) ) ;
#1084 = ORIENTED_EDGE ( 'NONE', *, *, #1651, .F. ) ;
#1085 = VECTOR ( 'NONE', #742, 1000.000000000000000 ) ;
#1086 = CARTESIAN_POINT ( 'NONE',  ( 1.580315281386997617, 0.4000000000000000222, -1.052346406094607500 ) ) ;
#1087 = VERTEX_POINT ( 'NONE', #2037 ) ;
#1088 = ORIENTED_EDGE ( 'NONE', *, *, #1330, .F. ) ;
#1089 = CARTESIAN_POINT ( 'NONE',  ( 0.3712710554869609880, 0.4000000000000000222, 2.350790371176822990 ) ) ;
#1090 = SURFACE_STYLE_FILL_AREA ( #1101 ) ;
#1091 = CARTESIAN_POINT ( 'NONE',  ( -1.620675538608120636, 0.000000000000000000, -0.4481971072876071993 ) ) ;
#1092 = CARTESIAN_POINT ( 'NONE',  ( 0.5962377208626962188, 0.000000000000000000, -1.999097970033031357 ) ) ;
#1093 = EDGE_CURVE ( 'NONE', #936, #1460, #2061, .T. ) ;
#1094 = CARTESIAN_POINT ( 'NONE',  ( 0.7369822986160642353, 0.4000000000000000222, -1.999719258264111454 ) ) ;
#1095 = FILL_AREA_STYLE ('',( #555 ) ) ;
#1096 = ADVANCED_FACE ( 'NONE', ( #267 ), #987, .F. ) ;
#1097 = ORIENTED_EDGE ( 'NONE', *, *, #459, .T. ) ;
#1098 = LINE ( 'NONE', #1645, #1080 ) ;
#1099 = ORIENTED_EDGE ( 'NONE', *, *, #258, .F. ) ;
#1100 = CARTESIAN_POINT ( 'NONE',  ( -1.430948908188763413, 0.000000000000000000, -1.104031990400327068 ) ) ;
#1101 = FILL_AREA_STYLE ('',( #1661 ) ) ;
#1102 = ORIENTED_EDGE ( 'NONE', *, *, #874, .F. ) ;
#1103 = CARTESIAN_POINT ( 'NONE',  ( 1.501946373235166332, 0.4000000000000000222, -1.104031990400327068 ) ) ;
#1104 = B_SPLINE_CURVE_WITH_KNOTS ( 'NONE', 3,
 ( #2068, #463, #2238, #1192, #1738, #1908, #1558, #1020, #473, #1182, #1716 ),
 .UNSPECIFIED., .F., .F.,
 ( 4, 1, 1, 1, 1, 1, 1, 1, 4 ),
 ( 0.000000000000000000, 0.05423742427296906338, 0.1177593345646652662, 0.1983650232099541388, 0.3003789706336599252, 0.4290872299517512478, 0.5852153539692592776, 0.7739618563296772891, 1.000000000000000000 ),
 .UNSPECIFIED. ) ;
#1105 = CARTESIAN_POINT ( 'NONE',  ( 1.616249580217480553, 0.4000000000000000222, -0.5522216560649083616 ) ) ;
#1106 = EDGE_CURVE ( 'NONE', #1238, #280, #1840, .T. ) ;
#1107 = CARTESIAN_POINT ( 'NONE',  ( 0.6989750432033166039, 0.000000000000000000, -2.000000000000000444 ) ) ;
#1108 = CARTESIAN_POINT ( 'NONE',  ( 2.565151067676131547, 20.00000000000000000, 1.649999999999999911 ) ) ;
#1109 = LINE ( 'NONE', #941, #421 ) ;
#1110 = CARTESIAN_POINT ( 'NONE',  ( 0.3712710554869609880, 0.4000000000000000222, 2.350790371176822990 ) ) ;
#1111 = VERTEX_POINT ( 'NONE', #91 ) ;
#1112 = ORIENTED_EDGE ( 'NONE', *, *, #665, .T. ) ;
#1113 = CARTESIAN_POINT ( 'NONE',  ( -1.555773037042172513, 0.000000000000000000, -1.073109541330890204 ) ) ;
#1114 = DIRECTION ( 'NONE',  ( 1.000000000000000000, 0.000000000000000000, 0.000000000000000000 ) ) ;
#1115 = LINE ( 'NONE', #260, #1048 ) ;
#1116 = CARTESIAN_POINT ( 'NONE',  ( -1.548716530228868571, 0.4000000000000000222, -0.1963678720891230689 ) ) ;
#1117 = CARTESIAN_POINT ( 'NONE',  ( -0.01380376251242722112, 0.4000000000000000222, 2.309357893789032445 ) ) ;
#1118 = ADVANCED_FACE ( 'NONE', ( #1495 ), #2219, .F. ) ;
#1119 = PRESENTATION_LAYER_ASSIGNMENT (  '', '', ( #1740 ) ) ;
#1120 = CIRCLE ( 'NONE', #374, 4.049999999999998046 ) ;
#1121 = DIRECTION ( 'NONE',  ( -0.000000000000000000, -1.000000000000000000, -0.000000000000000000 ) ) ;
#1122 = DIRECTION ( 'NONE',  ( 0.000000000000000000, 0.000000000000000000, -1.000000000000000000 ) ) ;
#1123 = EDGE_LOOP ( 'NONE', ( #2118, #1810, #623, #2191 ) ) ;
#1124 = ORIENTED_EDGE ( 'NONE', *, *, #899, .F. ) ;
#1125 = CARTESIAN_POINT ( 'NONE',  ( 0.2442257352948033755, 0.4000000000000000222, 2.345752455883721499 ) ) ;
#1126 = DIRECTION ( 'NONE',  ( 0.000000000000000000, 0.000000000000000000, -1.000000000000000000 ) ) ;
#1127 = ADVANCED_FACE ( 'NONE', ( #1909 ), #1874, .T. ) ;
#1128 = VECTOR ( 'NONE', #655, 1000.000000000000000 ) ;
#1129 = B_SPLINE_CURVE_WITH_KNOTS ( 'NONE', 3,
 ( #1433, #1784, #207, #1611, #42, #734, #1446, #931, #1635, #2034, #312 ),
 .UNSPECIFIED., .F., .F.,
 ( 4, 1, 1, 1, 1, 1, 1, 1, 4 ),
 ( 0.000000000000000000, 0.06571297284094350377, 0.1303508142843558260, 0.2032366366042110128, 0.2997066024457668565, 0.4205061072346960582, 0.5726288201944412792, 0.7613923663534399866, 1.000000000000000000 ),
 .UNSPECIFIED. ) ;
#1130 = ORIENTED_EDGE ( 'NONE', *, *, #1466, .F. ) ;
#1131 = CARTESIAN_POINT ( 'NONE',  ( 0.000000000000000000, 23.00000000000000000, 0.000000000000000000 ) ) ;
#1132 = CARTESIAN_POINT ( 'NONE',  ( 0.5653302522784109385, -0.000000000000000000, 2.351666333985305890 ) ) ;
#1133 = CARTESIAN_POINT ( 'NONE',  ( -1.631941731770833126, 0.4000000000000000222, -0.7070461647183291509 ) ) ;
#1134 = CARTESIAN_POINT ( 'NONE',  ( 1.510823484055868082, 0.4000000000000000222, -0.4010635468275376980 ) ) ;
#1135 = DIRECTION ( 'NONE',  ( -0.000000000000000000, 0.000000000000000000, 1.000000000000000000 ) ) ;
#1136 = CARTESIAN_POINT ( 'NONE',  ( 0.4636431803594143197, 0.4000000000000000222, 2.351472752367772756 ) ) ;
#1137 = ORIENTED_EDGE ( 'NONE', *, *, #2129, .T. ) ;
#1138 = EDGE_CURVE ( 'NONE', #903, #759, #51, .T. ) ;
#1139 = EDGE_LOOP ( 'NONE', ( #1742, #1112, #1529, #1964 ) ) ;
#1140 = CARTESIAN_POINT ( 'NONE',  ( 0.2442257352948033755, -5.421010862427522170E-17, 2.345752455883721499 ) ) ;
#1141 = DIRECTION ( 'NONE',  ( 0.000000000000000000, 0.000000000000000000, 1.000000000000000000 ) ) ;
#1142 = VECTOR ( 'NONE', #981, 1000.000000000000000 ) ;
#1143 = FACE_OUTER_BOUND ( 'NONE', #1760, .T. ) ;
#1144 = DIRECTION ( 'NONE',  ( -0.5203701726754620394, 0.000000000000000000, -0.8539407961853736628 ) ) ;
#1145 = CARTESIAN_POINT ( 'NONE',  ( -1.518140665061544325, 0.4000000000000000222, -1.094427216300741357 ) ) ;
#1146 = CARTESIAN_POINT ( 'NONE',  ( 1.631275776756527129, 0.4000000000000000222, -0.6705646704838906791 ) ) ;
#1147 = LINE ( 'NONE', #437, #382 ) ;
#1148 = MANIFOLD_SOLID_BREP ( 'Boss-Extrude4', #2049 ) ;
#1149 = DIRECTION ( 'NONE',  ( -0.000000000000000000, 0.000000000000000000, -1.000000000000000000 ) ) ;
#1150 = EDGE_LOOP ( 'NONE', ( #762, #1249, #1880 ) ) ;
#1151 = ORIENTED_EDGE ( 'NONE', *, *, #1041, .T. ) ;
#1152 = CARTESIAN_POINT ( 'NONE',  ( -1.620675538608120636, 0.000000000000000000, -0.4481971072876071993 ) ) ;
#1153 = FACE_OUTER_BOUND ( 'NONE', #681, .T. ) ;
#1154 = EDGE_CURVE ( 'NONE', #723, #549, #1281, .T. ) ;
#1155 = DIRECTION ( 'NONE',  ( 0.000000000000000000, 0.000000000000000000, 1.000000000000000000 ) ) ;
#1156 = CARTESIAN_POINT ( 'NONE',  ( -1.430948908188763635, -5.421010862427522170E-17, -1.104031990400327290 ) ) ;
#1157 = DIRECTION ( 'NONE',  ( -0.000000000000000000, -1.000000000000000000, -0.000000000000000000 ) ) ;
#1158 = EDGE_CURVE ( 'NONE', #1552, #1289, #794, .T. ) ;
#1159 = ORIENTED_EDGE ( 'NONE', *, *, #1606, .T. ) ;
#1160 = VECTOR ( 'NONE', #699, 1000.000000000000000 ) ;
#1161 = CARTESIAN_POINT ( 'NONE',  ( -1.446295186378502962, 0.4000000000000000222, -1.103412765334937262 ) ) ;
#1162 = EDGE_LOOP ( 'NONE', ( #1347, #1408, #1877, #867 ) ) ;
#1163 = ORIENTED_EDGE ( 'NONE', *, *, #679, .F. ) ;
#1164 = CARTESIAN_POINT ( 'NONE',  ( 1.596465382320112258, 0.000000000000000000, -0.4844912651317207497 ) ) ;
#1165 = CARTESIAN_POINT ( 'NONE',  ( 0.2879897173713235614, 0.000000000000000000, -1.869004677167904971 ) ) ;
#1166 = ORIENTED_EDGE ( 'NONE', *, *, #318, .T. ) ;
#1167 = UNCERTAINTY_MEASURE_WITH_UNIT (LENGTH_MEASURE( 1.000000000000000082E-05 ), #1800, 'distance_accuracy_value', 'NONE');
#1168 = CARTESIAN_POINT ( 'NONE',  ( -0.1188266488327035103, 0.4000000000000000222, 2.244678179365855009 ) ) ;
#1169 = CARTESIAN_POINT ( 'NONE',  ( 1.501946373235166332, 0.4000000000000000222, -1.104031990400327068 ) ) ;
#1170 = DIRECTION ( 'NONE',  ( -1.000000000000000000, 0.000000000000000000, 0.000000000000000000 ) ) ;
#1171 = ORIENTED_EDGE ( 'NONE', *, *, #1532, .F. ) ;
#1172 = VERTEX_POINT ( 'NONE', #1209 ) ;
#1173 = CARTESIAN_POINT ( 'NONE',  ( 1.554586269062668169, 0.000000000000000000, -0.4202717173929969574 ) ) ;
#1174 = CARTESIAN_POINT ( 'NONE',  ( 0.6626384832346486897, 0.4000000000000000222, -1.999680966320305231 ) ) ;
#1175 = B_SPLINE_SURFACE_WITH_KNOTS ( 'NONE', 3, 1, ( 
 ( #1511, #2212 ),
 ( #628, #74 ),
 ( #1983, #63 ),
 ( #2005, #410 ),
 ( #1117, #1389 ),
 ( #815, #322 ),
 ( #1042, #664 ),
 ( #1191, #1907 ),
 ( #654, #2237 ),
 ( #1556, #310 ),
 ( #856, #1567 ) ),
 .UNSPECIFIED., .F., .F., .F.,
 ( 4, 1, 1, 1, 1, 1, 1, 1, 4 ),
 ( 2, 2 ),
 ( 0.000000000000000000, 0.05423742427296906338, 0.1177593345646652662, 0.1983650232099541388, 0.3003789706336599252, 0.4290872299517512478, 0.5852153539692592776, 0.7739618563296772891, 1.000000000000000000 ),
 ( 0.000000000000000000, 1.000000000000000000 ),
 .UNSPECIFIED. ) ;
#1176 = CARTESIAN_POINT ( 'NONE',  ( -1.430948908188763413, 0.000000000000000000, -1.104031990400327068 ) ) ;
#1177 = CARTESIAN_POINT ( 'NONE',  ( -0.1259955013499540200, 0.000000000000000000, 2.234848795373454600 ) ) ;
#1178 = CARTESIAN_POINT ( 'NONE',  ( 0.8972511084122456460, 0.000000000000000000, -1.993498632401598414 ) ) ;
#1179 = CARTESIAN_POINT ( 'NONE',  ( -1.430948908188763413, 0.4000000000000000222, -1.104031990400327068 ) ) ;
#1180 = CIRCLE ( 'NONE', #288, 5.049999999999999822 ) ;
#1181 = EDGE_CURVE ( 'NONE', #1238, #266, #707, .T. ) ;
#1182 = CARTESIAN_POINT ( 'NONE',  ( 0.4636431803594143197, -0.000000000000000000, 2.351472752367772756 ) ) ;
#1183 = CARTESIAN_POINT ( 'NONE',  ( 0.000000000000000000, 1.999999999999998224, -3.049999999999999822 ) ) ;
#1184 = ORIENTED_EDGE ( 'NONE', *, *, #995, .F. ) ;
#1185 = ORIENTED_EDGE ( 'NONE', *, *, #1276, .T. ) ;
#1186 = CARTESIAN_POINT ( 'NONE',  ( 1.596465382320112258, 0.4000000000000000222, -0.4844912651317207497 ) ) ;
#1187 = CARTESIAN_POINT ( 'NONE',  ( -1.631941731770833126, 0.4000000000000000222, -0.7070461647183291509 ) ) ;
#1188 = CARTESIAN_POINT ( 'NONE',  ( 1.599264860483751605, 0.000000000000000000, -1.012775634393371815 ) ) ;
#1189 = CARTESIAN_POINT ( 'NONE',  ( 1.631275776756527129, 0.000000000000000000, -0.6705646704838906791 ) ) ;
#1190 = CARTESIAN_POINT ( 'NONE',  ( 0.2809899672963260819, 0.000000000000000000, 1.583872038398692172 ) ) ;
#1191 = CARTESIAN_POINT ( 'NONE',  ( 0.2442257352948033755, 0.4000000000000000222, 2.345752455883721499 ) ) ;
#1192 = CARTESIAN_POINT ( 'NONE',  ( -0.06519023540719891263, 0.000000000000000000, 2.290144018259439918 ) ) ;
#1193 = EDGE_CURVE ( 'NONE', #871, #56, #423, .T. ) ;
#1194 =( LENGTH_UNIT ( ) NAMED_UNIT ( * ) SI_UNIT ( .MILLI., .METRE. ) );
#1195 = ORIENTED_EDGE ( 'NONE', *, *, #459, .F. ) ;
#1196 = DIRECTION ( 'NONE',  ( -0.000000000000000000, -1.000000000000000000, -0.000000000000000000 ) ) ;
#1197 = CARTESIAN_POINT ( 'NONE',  ( 0.6626384832346486897, 0.4000000000000000222, -1.999680966320305231 ) ) ;
#1198 = VECTOR ( 'NONE', #253, 1000.000000000000227 ) ;
#1199 = VERTEX_POINT ( 'NONE', #97 ) ;
#1200 = CARTESIAN_POINT ( 'NONE',  ( -1.631941731770833126, 0.000000000000000000, -0.7070461647183291509 ) ) ;
#1201 = EDGE_CURVE ( 'NONE', #290, #1570, #1489, .T. ) ;
#1202 = CARTESIAN_POINT ( 'NONE',  ( 1.631707746887458121, -0.000000000000000000, -0.7253622784959314895 ) ) ;
#1203 = CARTESIAN_POINT ( 'NONE',  ( 0.2442257352948033755, 0.4000000000000000222, 2.345752455883721499 ) ) ;
#1204 = VECTOR ( 'NONE', #1703, 1000.000000000000000 ) ;
#1205 = CARTESIAN_POINT ( 'NONE',  ( 0.2879897173713235614, 0.4000000000000000222, 1.583872038398692172 ) ) ;
#1206 = VECTOR ( 'NONE', #2094, 1000.000000000000000 ) ;
#1207 = DIRECTION ( 'NONE',  ( 0.000000000000000000, 1.000000000000000000, 0.000000000000000000 ) ) ;
#1208 = ORIENTED_EDGE ( 'NONE', *, *, #700, .T. ) ;
#1209 = CARTESIAN_POINT ( 'NONE',  ( 1.119960011999591609, 0.000000000000000000, -1.104031990400327068 ) ) ;
#1210 = LINE ( 'NONE', #1560, #1013 ) ;
#1211 = EDGE_CURVE ( 'NONE', #936, #1238, #940, .T. ) ;
#1212 = ORIENTED_EDGE ( 'NONE', *, *, #1487, .F. ) ;
#1213 = CARTESIAN_POINT ( 'NONE',  ( -0.9279668670853755685, 0.4000000000000000222, -0.4000571257148696214 ) ) ;
#1214 = CARTESIAN_POINT ( 'NONE',  ( -0.1259955013499540200, 0.4000000000000000222, 2.234848795373454600 ) ) ;
#1215 = LINE ( 'NONE', #676, #1287 ) ;
#1216 = LINE ( 'NONE', #323, #22 ) ;
#1217 = B_SPLINE_CURVE_WITH_KNOTS ( 'NONE', 3,
 ( #728, #1224, #1426, #2, #2124, #541, #1049, #1604, #1582, #1060, #1573 ),
 .UNSPECIFIED., .F., .F.,
 ( 4, 1, 1, 1, 1, 1, 1, 1, 4 ),
 ( 0.000000000000000000, 0.06497935746320089578, 0.1344390188235323469, 0.2180273006311753692, 0.3190989440973219238, 0.4440723661629869534, 0.5966500973609365488, 0.7815178106756694998, 0.9999999999999998890 ),
 .UNSPECIFIED. ) ;
#1218 = CARTESIAN_POINT ( 'NONE',  ( 0.5653302522784109385, 0.4000000000000000222, 2.351666333985305890 ) ) ;
#1219 = B_SPLINE_CURVE_WITH_KNOTS ( 'NONE', 3,
 ( #703, #1427, #1092, #1081, #1441, #521, #1061, #693, #1050, #1779, #183 ),
 .UNSPECIFIED., .F., .F.,
 ( 4, 1, 1, 1, 1, 1, 1, 1, 4 ),
 ( 0.000000000000000000, 0.2322791360992397525, 0.4244626275406201410, 0.5793414412683137726, 0.7023295449945020641, 0.7966811746842309416, 0.8692482472795266535, 0.9330964648072065382, 0.9999999999999998890 ),
 .UNSPECIFIED. ) ;
#1220 = ORIENTED_EDGE ( 'NONE', *, *, #2179, .T. ) ;
#1221 = CARTESIAN_POINT ( 'NONE',  ( 1.599264860483751605, 0.000000000000000000, -1.012775634393371815 ) ) ;
#1222 = CARTESIAN_POINT ( 'NONE',  ( 1.631711834263198879, -0.000000000000000000, -0.7817292866262952611 ) ) ;
#1223 = EDGE_CURVE ( 'NONE', #1986, #1325, #572, .T. ) ;
#1224 = CARTESIAN_POINT ( 'NONE',  ( 1.510823484055868082, -0.000000000000000000, -0.4010635468275376980 ) ) ;
#1225 = CARTESIAN_POINT ( 'NONE',  ( 1.119960011999591609, 0.4000000000000000222, -1.869004677167904971 ) ) ;
#1226 = CARTESIAN_POINT ( 'NONE',  ( 0.6989750432033166039, -5.421010862427522170E-17, -2.000000000000000444 ) ) ;
#1227 = EDGE_CURVE ( 'NONE', #1751, #829, #1805, .T. ) ;
#1228 = ORIENTED_EDGE ( 'NONE', *, *, #142, .T. ) ;
#1229 = CARTESIAN_POINT ( 'NONE',  ( 0.4328223322255710936, 0.4000000000000000222, -1.983783699734500638 ) ) ;
#1230 = ORIENTED_EDGE ( 'NONE', *, *, #2055, .F. ) ;
#1231 = DIRECTION ( 'NONE',  ( 1.000000000000000000, 0.000000000000000000, 0.000000000000000000 ) ) ;
#1232 = CARTESIAN_POINT ( 'NONE',  ( -1.611404230362198930, 0.000000000000000000, -0.3794634694473903447 ) ) ;
#1233 = VECTOR ( 'NONE', #845, 1000.000000000000000 ) ;
#1234 = CARTESIAN_POINT ( 'NONE',  ( 0.2879897173713235614, 0.4000000000000000222, -0.4000571257148696214 ) ) ;
#1235 = FACE_OUTER_BOUND ( 'NONE', #1646, .T. ) ;
#1236 = CARTESIAN_POINT ( 'NONE',  ( 0.000000000000000000, 20.00000000000000000, 0.000000000000000000 ) ) ;
#1237 = AXIS2_PLACEMENT_3D ( 'NONE', #1488, #1804, #1293 ) ;
#1238 = VERTEX_POINT ( 'NONE', #1108 ) ;
#1239 = CARTESIAN_POINT ( 'NONE',  ( 0.8956335150635089670, 0.4000000000000000222, 2.334494550275817204 ) ) ;
#1240 = ORIENTED_EDGE ( 'NONE', *, *, #1434, .T. ) ;
#1241 = CARTESIAN_POINT ( 'NONE',  ( 0.6989750432033166039, -5.421010862427522170E-17, -2.000000000000000444 ) ) ;
#1242 = CARTESIAN_POINT ( 'NONE',  ( 1.599264860483751605, 0.000000000000000000, -1.012775634393371815 ) ) ;
#1243 = CARTESIAN_POINT ( 'NONE',  ( -1.475615651595603595, 0.4000000000000000222, -1.102229679327578094 ) ) ;
#1244 = CARTESIAN_POINT ( 'NONE',  ( -1.631855991845981180, 0.000000000000000000, -0.6737108667043871790 ) ) ;
#1245 = DIRECTION ( 'NONE',  ( 0.000000000000000000, 0.000000000000000000, 1.000000000000000000 ) ) ;
#1246 = SURFACE_STYLE_FILL_AREA ( #1095 ) ;
#1247 = ADVANCED_FACE ( 'NONE', ( #448 ), #2177, .F. ) ;
#1248 = MECHANICAL_DESIGN_GEOMETRIC_PRESENTATION_REPRESENTATION (  '', ( #155 ), #539 ) ;
#1249 = ORIENTED_EDGE ( 'NONE', *, *, #1211, .F. ) ;
#1250 = CARTESIAN_POINT ( 'NONE',  ( -0.9279668670853755685, 0.4000000000000000222, -0.4000571257148696214 ) ) ;
#1251 = ORIENTED_EDGE ( 'NONE', *, *, #2129, .F. ) ;
#1252 = CARTESIAN_POINT ( 'NONE',  ( 0.9702047410269567518, 0.4000000000000000222, -1.983922010985903484 ) ) ;
#1253 = DIRECTION ( 'NONE',  ( 1.000000000000000000, 0.000000000000000000, -0.000000000000000000 ) ) ;
#1254 = CARTESIAN_POINT ( 'NONE',  ( -1.528447293654293215, 0.4000000000000000222, -0.1566462989215681723 ) ) ;
#1255 = DIRECTION ( 'NONE',  ( 0.5203701726754620394, 0.000000000000000000, 0.8539407961853736628 ) ) ;
#1256 = DIRECTION ( 'NONE',  ( 1.000000000000000000, 0.000000000000000000, 0.000000000000000000 ) ) ;
#1257 = CARTESIAN_POINT ( 'NONE',  ( 1.558755385529171367, 0.000000000000000000, -1.082359326981245706 ) ) ;
#1258 = VERTEX_POINT ( 'NONE', #1632 ) ;
#1259 = CARTESIAN_POINT ( 'NONE',  ( 1.631941731770833348, 0.4000000000000000222, -0.7550444509468831056 ) ) ;
#1260 = ORIENTED_EDGE ( 'NONE', *, *, #1138, .T. ) ;
#1261 = ORIENTED_EDGE ( 'NONE', *, *, #1032, .F. ) ;
#1262 = CARTESIAN_POINT ( 'NONE',  ( 1.576158449204200673, 0.000000000000000000, -0.4474433603672498538 ) ) ;
#1263 = CARTESIAN_POINT ( 'NONE',  ( 1.558755385529171367, 0.000000000000000000, -1.082359326981245706 ) ) ;
#1264 = EDGE_CURVE ( 'NONE', #1505, #1763, #767, .T. ) ;
#1265 = CARTESIAN_POINT ( 'NONE',  ( -0.9279668670853755685, 0.000000000000000000, -0.4000571257148696214 ) ) ;
#1266 = VECTOR ( 'NONE', #2207, 1000.000000000000000 ) ;
#1267 = CARTESIAN_POINT ( 'NONE',  ( 1.511470040021304806, 0.4000000000000000222, -1.102663084168149510 ) ) ;
#1268 = CARTESIAN_POINT ( 'NONE',  ( 1.027750660289391771, -5.421010862427522170E-17, -1.970719902595541306 ) ) ;
#1269 = ORIENTED_EDGE ( 'NONE', *, *, #1074, .T. ) ;
#1270 = AXIS2_PLACEMENT_3D ( 'NONE', #607, #1631, #50 ) ;
#1271 = CARTESIAN_POINT ( 'NONE',  ( -0.1259955013499540200, 0.4000000000000000222, 2.234848795373454600 ) ) ;
#1272 = ORIENTED_EDGE ( 'NONE', *, *, #1353, .F. ) ;
#1273 = ORIENTED_EDGE ( 'NONE', *, *, #333, .T. ) ;
#1274 = CARTESIAN_POINT ( 'NONE',  ( -0.1259955013499540200, -5.421010862427522170E-17, 2.234848795373454600 ) ) ;
#1275 = CARTESIAN_POINT ( 'NONE',  ( -1.446295186378502962, 0.4000000000000000222, -1.103412765334937262 ) ) ;
#1276 = EDGE_CURVE ( 'NONE', #1460, #2205, #1034, .T. ) ;
#1277 = EDGE_LOOP ( 'NONE', ( #545, #1482, #159, #414 ) ) ;
#1278 = PLANE ( 'NONE',  #1675 ) ;
#1279 = CARTESIAN_POINT ( 'NONE',  ( -1.575663182064909629, 0.4000000000000000222, -0.2559965690133916283 ) ) ;
#1280 = CARTESIAN_POINT ( 'NONE',  ( -1.586168429513306055, -5.421010862427522170E-17, -1.036199626144530761 ) ) ;
#1281 = LINE ( 'NONE', #316, #1832 ) ;
#1282 = CARTESIAN_POINT ( 'NONE',  ( 0.000000000000000000, 20.00000000000000000, -3.049999999999999822 ) ) ;
#1283 = CARTESIAN_POINT ( 'NONE',  ( 1.119960011999591609, 0.000000000000000000, 2.207849759369893139 ) ) ;
#1284 = EDGE_LOOP ( 'NONE', ( #1444, #621, #819, #1260 ) ) ;
#1285 = EDGE_LOOP ( 'NONE', ( #2133, #68 ) ) ;
#1286 = CARTESIAN_POINT ( 'NONE',  ( -0.1259955013499540200, 0.4000000000000000222, 2.234848795373454600 ) ) ;
#1287 = VECTOR ( 'NONE', #1356, 1000.000000000000000 ) ;
#1288 = CARTESIAN_POINT ( 'NONE',  ( -0.9279668670853755685, 0.000000000000000000, -0.4000571257148696214 ) ) ;
#1289 = VERTEX_POINT ( 'NONE', #1305 ) ;
#1290 = LINE ( 'NONE', #394, #1867 ) ;
#1291 = EDGE_CURVE ( 'NONE', #1670, #2162, #1666, .T. ) ;
#1292 = CARTESIAN_POINT ( 'NONE',  ( 0.8972511084122456460, 0.000000000000000000, -1.993498632401598414 ) ) ;
#1293 = DIRECTION ( 'NONE',  ( 0.000000000000000000, 0.000000000000000000, 1.000000000000000000 ) ) ;
#1294 = CARTESIAN_POINT ( 'NONE',  ( 0.2879897173713235614, 0.4000000000000000222, 1.583872038398692172 ) ) ;
#1295 = DIRECTION ( 'NONE',  ( -0.000000000000000000, -1.000000000000000000, -0.000000000000000000 ) ) ;
#1296 = ADVANCED_FACE ( 'NONE', ( #1320 ), #2019, .T. ) ;
#1297 = CARTESIAN_POINT ( 'NONE',  ( 0.9788260368178351989, 0.000000000000000000, 2.318529598957528304 ) ) ;
#1298 = VERTEX_POINT ( 'NONE', #435 ) ;
#1299 = DIRECTION ( 'NONE',  ( 0.000000000000000000, 0.000000000000000000, 1.000000000000000000 ) ) ;
#1300 = DIRECTION ( 'NONE',  ( -1.000000000000000000, 0.000000000000000000, -0.000000000000000000 ) ) ;
#1301 = ORIENTED_EDGE ( 'NONE', *, *, #1396, .T. ) ;
#1302 = CARTESIAN_POINT ( 'NONE',  ( -1.611404230362198930, 0.000000000000000000, -0.3794634694473903447 ) ) ;
#1303 = CARTESIAN_POINT ( 'NONE',  ( -1.595930544048564048, 0.000000000000000000, -0.3162894632024669805 ) ) ;
#1304 = CARTESIAN_POINT ( 'NONE',  ( -1.555773037042172513, -5.421010862427522170E-17, -1.073109541330890204 ) ) ;
#1305 = CARTESIAN_POINT ( 'NONE',  ( 0.2879897173713235614, 0.000000000000000000, -1.869004677167904971 ) ) ;
#1306 = AXIS2_PLACEMENT_3D ( 'NONE', #1250, #1409, #524 ) ;
#1307 = ADVANCED_FACE ( 'NONE', ( #241 ), #1643, .T. ) ;
#1308 = CARTESIAN_POINT ( 'NONE',  ( 5.327213576290986242E-16, 23.00000000000000000, 4.349999999999999645 ) ) ;
#1309 = CARTESIAN_POINT ( 'NONE',  ( 1.501946373235166332, 0.4000000000000000222, -1.104031990400327068 ) ) ;
#1310 = ORIENTED_EDGE ( 'NONE', *, *, #615, .T. ) ;
#1311 = VECTOR ( 'NONE', #1256, 1000.000000000000000 ) ;
#1312 = ORIENTED_EDGE ( 'NONE', *, *, #1962, .F. ) ;
#1313 = CARTESIAN_POINT ( 'NONE',  ( 1.631707746887458121, 0.4000000000000000222, -0.7253622784959314895 ) ) ;
#1314 = DIRECTION ( 'NONE',  ( 0.000000000000000000, -1.000000000000000000, 0.000000000000000000 ) ) ;
#1315 = VECTOR ( 'NONE', #2029, 1000.000000000000000 ) ;
#1316 = VERTEX_POINT ( 'NONE', #110 ) ;
#1317 = DIRECTION ( 'NONE',  ( 0.000000000000000000, 0.000000000000000000, -1.000000000000000000 ) ) ;
#1318 = CARTESIAN_POINT ( 'NONE',  ( 1.118421933865272777, -0.000000000000000000, 2.219685887458704432 ) ) ;
#1319 = CARTESIAN_POINT ( 'NONE',  ( -1.607165621529715205, 0.4000000000000000222, -0.9822452014432304646 ) ) ;
#1320 = FACE_OUTER_BOUND ( 'NONE', #1360, .T. ) ;
#1321 = ORIENTED_EDGE ( 'NONE', *, *, #153, .F. ) ;
#1322 = ADVANCED_FACE ( 'NONE', ( #802 ), #1175, .T. ) ;
#1323 = DIRECTION ( 'NONE',  ( 0.000000000000000000, 0.000000000000000000, -1.000000000000000000 ) ) ;
#1324 = ORIENTED_EDGE ( 'NONE', *, *, #1291, .T. ) ;
#1325 = VERTEX_POINT ( 'NONE', #284 ) ;
#1326 = CARTESIAN_POINT ( 'NONE',  ( -1.517945801978017428, 0.000000000000000000, -0.1360665514578229818 ) ) ;
#1327 = VECTOR ( 'NONE', #180, 1000.000000000000000 ) ;
#1328 = FACE_OUTER_BOUND ( 'NONE', #1708, .T. ) ;
#1329 = B_SPLINE_CURVE_WITH_KNOTS ( 'NONE', 3,
 ( #1628, #1475, #1485, #237, #1091, #1302, #924, #591, #2184, #60, #753 ),
 .UNSPECIFIED., .F., .F.,
 ( 4, 1, 1, 1, 1, 1, 1, 1, 4 ),
 ( 0.000000000000000000, 0.1694900638923061420, 0.3154018034324052033, 0.4430654353301462511, 0.5595524389845460966, 0.6676625652793484189, 0.7732456511954234335, 0.8825185695687434162, 1.000000000000000000 ),
 .UNSPECIFIED. ) ;
#1330 = EDGE_CURVE ( 'NONE', #808, #1111, #134, .T. ) ;
#1331 = CARTESIAN_POINT ( 'NONE',  ( 1.085226568841666017, 0.000000000000000000, 2.274596454126464273 ) ) ;
#1332 = CARTESIAN_POINT ( 'NONE',  ( -1.555773037042172513, 0.4000000000000000222, -1.073109541330890204 ) ) ;
#1333 = CARTESIAN_POINT ( 'NONE',  ( 1.631941731770833348, 0.4000000000000000222, -0.7550444509468831056 ) ) ;
#1334 = FACE_OUTER_BOUND ( 'NONE', #1346, .T. ) ;
#1335 = EDGE_LOOP ( 'NONE', ( #1312, #1481, #907, #194 ) ) ;
#1336 = ORIENTED_EDGE ( 'NONE', *, *, #1201, .T. ) ;
#1337 = CARTESIAN_POINT ( 'NONE',  ( -1.575663182064909629, 0.4000000000000000222, -0.2559965690133916283 ) ) ;
#1338 = CARTESIAN_POINT ( 'NONE',  ( 0.3343512049801233843, 0.4000000000000000222, -1.952054513617692555 ) ) ;
#1339 = EDGE_CURVE ( 'NONE', #266, #1460, #1215, .T. ) ;
#1340 = CARTESIAN_POINT ( 'NONE',  ( 1.119960011999591609, 0.4000000000000000222, 2.207849759369893139 ) ) ;
#1341 = CARTESIAN_POINT ( 'NONE',  ( 0.1389510074947070406, 0.4000000000000000222, 2.338732104085070151 ) ) ;
#1342 = DIRECTION ( 'NONE',  ( 0.000000000000000000, 0.000000000000000000, 1.000000000000000000 ) ) ;
#1343 = LINE ( 'NONE', #2260, #1420 ) ;
#1344 = AXIS2_PLACEMENT_3D ( 'NONE', #2265, #884, #1404 ) ;
#1345 = DIRECTION ( 'NONE',  ( 0.000000000000000000, -1.000000000000000000, 0.000000000000000000 ) ) ;
#1346 = EDGE_LOOP ( 'NONE', ( #1931, #668, #1540, #1984 ) ) ;
#1347 = ORIENTED_EDGE ( 'NONE', *, *, #1193, .T. ) ;
#1348 = CARTESIAN_POINT ( 'NONE',  ( 1.501946373235166332, 0.000000000000000000, -0.4000571257148696214 ) ) ;
#1349 = CARTESIAN_POINT ( 'NONE',  ( -1.622758573185171249, -5.421010862427522170E-17, -0.9105083273658058918 ) ) ;
#1350 = ORIENTED_EDGE ( 'NONE', *, *, #177, .T. ) ;
#1351 = UNCERTAINTY_MEASURE_WITH_UNIT (LENGTH_MEASURE( 1.000000000000000082E-05 ), #1585, 'distance_accuracy_value', 'NONE');
#1352 = DIRECTION ( 'NONE',  ( 0.000000000000000000, -1.000000000000000000, 0.000000000000000000 ) ) ;
#1353 = EDGE_CURVE ( 'NONE', #1763, #1298, #1365, .T. ) ;
#1354 = CIRCLE ( 'NONE', #2230, 3.850000000000000977 ) ;
#1355 = CARTESIAN_POINT ( 'NONE',  ( 1.119960011999591609, 0.000000000000000000, -1.869004677167904971 ) ) ;
#1356 = DIRECTION ( 'NONE',  ( -1.000000000000000000, 0.000000000000000000, 0.000000000000000000 ) ) ;
#1357 = DIRECTION ( 'NONE',  ( 0.000000000000000000, 0.000000000000000000, 1.000000000000000000 ) ) ;
#1358 = CARTESIAN_POINT ( 'NONE',  ( 0.000000000000000000, 23.00000000000000000, 0.000000000000000000 ) ) ;
#1359 = ORIENTED_EDGE ( 'NONE', *, *, #1859, .T. ) ;
#1360 = EDGE_LOOP ( 'NONE', ( #1963, #782, #1833, #277 ) ) ;
#1361 = CARTESIAN_POINT ( 'NONE',  ( 1.576158449204200673, 0.000000000000000000, -0.4474433603672498538 ) ) ;
#1362 = FACE_OUTER_BOUND ( 'NONE', #1938, .T. ) ;
#1363 = EDGE_CURVE ( 'NONE', #829, #1570, #2267, .T. ) ;
#1364 = CARTESIAN_POINT ( 'NONE',  ( -0.9279668670853755685, 0.4000000000000000222, -0.4000571257148696214 ) ) ;
#1365 = LINE ( 'NONE', #1031, #953 ) ;
#1366 = VECTOR ( 'NONE', #1790, 1000.000000000000000 ) ;
#1367 = EDGE_CURVE ( 'NONE', #2205, #266, #508, .T. ) ;
#1368 = CARTESIAN_POINT ( 'NONE',  ( 0.8050572605888969280, 0.4000000000000000222, -1.999216420508864944 ) ) ;
#1369 = CARTESIAN_POINT ( 'NONE',  ( 0.2879897173713235614, 0.000000000000000000, -1.104031990400327068 ) ) ;
#1370 = VECTOR ( 'NONE', #327, 1000.000000000000000 ) ;
#1371 = EDGE_CURVE ( 'NONE', #549, #1087, #1180, .T. ) ;
#1372 = EDGE_LOOP ( 'NONE', ( #1987, #897, #1801, #79 ) ) ;
#1373 = CARTESIAN_POINT ( 'NONE',  ( -1.627859180861016775, 0.000000000000000000, -0.5245816050124799679 ) ) ;
#1374 = CARTESIAN_POINT ( 'NONE',  ( 0.000000000000000000, 20.00000000000000000, 0.000000000000000000 ) ) ;
#1375 = CARTESIAN_POINT ( 'NONE',  ( -1.446295186378502962, -0.000000000000000000, -1.103412765334937262 ) ) ;
#1376 = DIRECTION ( 'NONE',  ( -0.5203701726754620394, 0.000000000000000000, -0.8539407961853736628 ) ) ;
#1377 = CARTESIAN_POINT ( 'NONE',  ( 0.000000000000000000, 1.999999999999998224, 0.000000000000000000 ) ) ;
#1378 = LINE ( 'NONE', #311, #138 ) ;
#1379 = EDGE_CURVE ( 'NONE', #2020, #713, #825, .T. ) ;
#1380 = VERTEX_POINT ( 'NONE', #1736 ) ;
#1381 = CARTESIAN_POINT ( 'NONE',  ( 1.511470040021304806, 0.4000000000000000222, -1.102663084168149510 ) ) ;
#1382 = CARTESIAN_POINT ( 'NONE',  ( 1.115197825070561866, 0.000000000000000000, 2.244496697660730344 ) ) ;
#1383 = AXIS2_PLACEMENT_3D ( 'NONE', #300, #817, #1149 ) ;
#1384 = ORIENTED_EDGE ( 'NONE', *, *, #635, .T. ) ;
#1385 = CARTESIAN_POINT ( 'NONE',  ( 1.119960011999591609, 0.4000000000000000222, -1.869004677167904971 ) ) ;
#1386 = CARTESIAN_POINT ( 'NONE',  ( 1.119960011999591609, 0.4000000000000000222, -1.104031990400327068 ) ) ;
#1387 = CARTESIAN_POINT ( 'NONE',  ( 1.119960011999591609, 0.4000000000000000222, 2.207849759369893139 ) ) ;
#1388 = CIRCLE ( 'NONE', #1746, 4.349999999999999645 ) ;
#1389 = CARTESIAN_POINT ( 'NONE',  ( -0.01380376251242722112, -5.421010862427522170E-17, 2.309357893789032445 ) ) ;
#1390 = LINE ( 'NONE', #857, #1204 ) ;
#1391 = EDGE_CURVE ( 'NONE', #2167, #1670, #1536, .T. ) ;
#1392 = CARTESIAN_POINT ( 'NONE',  ( 0.5139816483640982092, 0.000000000000000000, 2.351844618055555003 ) ) ;
#1393 = ORIENTED_EDGE ( 'NONE', *, *, #1962, .T. ) ;
#1394 = CARTESIAN_POINT ( 'NONE',  ( 1.070457055762610077, 0.4000000000000000222, -1.952360817268248949 ) ) ;
#1395 = PLANE ( 'NONE',  #969 ) ;
#1396 = EDGE_CURVE ( 'NONE', #477, #1111, #2066, .T. ) ;
#1397 = CARTESIAN_POINT ( 'NONE',  ( -1.446295186378502962, 0.4000000000000000222, -1.103412765334937262 ) ) ;
#1398 = CARTESIAN_POINT ( 'NONE',  ( 0.2912315947390720083, 0.4000000000000000222, -1.899809452158070844 ) ) ;
#1399 = CARTESIAN_POINT ( 'NONE',  ( 1.119027599636892800, 0.4000000000000000222, -1.879514941604421896 ) ) ;
#1400 = VECTOR ( 'NONE', #492, 1000.000000000000000 ) ;
#1401 = CARTESIAN_POINT ( 'NONE',  ( 0.2912315947390720083, 0.000000000000000000, -1.899809452158070844 ) ) ;
#1402 = VERTEX_POINT ( 'NONE', #461 ) ;
#1403 = CARTESIAN_POINT ( 'NONE',  ( -2.565151067676131547, 20.00000000000000000, 1.649999999999999911 ) ) ;
#1404 = DIRECTION ( 'NONE',  ( -1.000000000000000000, 0.000000000000000000, -0.000000000000000000 ) ) ;
#1405 = CARTESIAN_POINT ( 'NONE',  ( -1.517945801978017428, 0.4000000000000000222, -0.1360665514578229818 ) ) ;
#1406 = CARTESIAN_POINT ( 'NONE',  ( 1.599264860483751605, 0.4000000000000000222, -1.012775634393371815 ) ) ;
#1407 = CARTESIAN_POINT ( 'NONE',  ( 0.2890870472674963443, 0.4000000000000000222, -1.879431660272778970 ) ) ;
#1408 = ORIENTED_EDGE ( 'NONE', *, *, #1855, .F. ) ;
#1409 = DIRECTION ( 'NONE',  ( 0.000000000000000000, 0.000000000000000000, -1.000000000000000000 ) ) ;
#1410 = EDGE_LOOP ( 'NONE', ( #1960, #722, #1504, #1028 ) ) ;
#1411 = CARTESIAN_POINT ( 'NONE',  ( 1.100781448899015302, 0.4000000000000000222, -1.929606387004747292 ) ) ;
#1412 = DIRECTION ( 'NONE',  ( 0.000000000000000000, 0.000000000000000000, -1.000000000000000000 ) ) ;
#1413 = COLOUR_RGB ( '',0.7921568627450980005, 0.8196078431372548767, 0.9333333333333333481 ) ;
#1414 = CARTESIAN_POINT ( 'NONE',  ( 1.576158449204200673, 0.4000000000000000222, -0.4474433603672498538 ) ) ;
#1415 = ADVANCED_FACE ( 'NONE', ( #1690 ), #1715, .T. ) ;
#1416 = CARTESIAN_POINT ( 'NONE',  ( 0.5139816483640982092, 0.000000000000000000, 2.351844618055555003 ) ) ;
#1417 = VECTOR ( 'NONE', #694, 1000.000000000000000 ) ;
#1418 = DIRECTION ( 'NONE',  ( -0.000000000000000000, -1.000000000000000000, 0.000000000000000000 ) ) ;
#1419 = CARTESIAN_POINT ( 'NONE',  ( 1.631711834263198879, 0.4000000000000000222, -0.7817292866262952611 ) ) ;
#1420 = VECTOR ( 'NONE', #1918, 1000.000000000000000 ) ;
#1421 = VERTEX_POINT ( 'NONE', #1205 ) ;
#1422 = FACE_OUTER_BOUND ( 'NONE', #2070, .T. ) ;
#1423 = ORIENTED_EDGE ( 'NONE', *, *, #145, .F. ) ;
#1424 = DIRECTION ( 'NONE',  ( 0.000000000000000000, -1.000000000000000000, 0.000000000000000000 ) ) ;
#1425 = DIRECTION ( 'NONE',  ( 1.000000000000000000, 0.000000000000000000, -0.000000000000000000 ) ) ;
#1426 = CARTESIAN_POINT ( 'NONE',  ( 1.529189779373557601, 0.000000000000000000, -0.4031457814354590385 ) ) ;
#1427 = CARTESIAN_POINT ( 'NONE',  ( 0.6626384832346486897, -0.000000000000000000, -1.999680966320305231 ) ) ;
#1428 = CARTESIAN_POINT ( 'NONE',  ( 0.5056703654467936682, 0.4000000000000000222, -1.993549267085157117 ) ) ;
#1429 =( NAMED_UNIT ( * ) PLANE_ANGLE_UNIT ( ) SI_UNIT ( $, .RADIAN. ) );
#1430 = ADVANCED_FACE ( 'NONE', ( #2226 ), #472, .F. ) ;
#1431 = VECTOR ( 'NONE', #1993, 1000.000000000000000 ) ;
#1432 = ORIENTED_EDGE ( 'NONE', *, *, #1158, .F. ) ;
#1433 = CARTESIAN_POINT ( 'NONE',  ( 1.119960011999591609, 0.4000000000000000222, -1.869004677167904971 ) ) ;
#1434 = EDGE_CURVE ( 'NONE', #365, #1552, #641, .T. ) ;
#1435 = ORIENTED_EDGE ( 'NONE', *, *, #2006, .T. ) ;
#1436 = ORIENTED_EDGE ( 'NONE', *, *, #1201, .F. ) ;
#1437 = CARTESIAN_POINT ( 'NONE',  ( -0.1032617632700168903, 0.4000000000000000222, 2.266019563726219932 ) ) ;
#1438 = CARTESIAN_POINT ( 'NONE',  ( 0.2809899672963260819, 0.4000000000000000222, 1.583872038398692172 ) ) ;
#1439 = ORIENTED_EDGE ( 'NONE', *, *, #1898, .F. ) ;
#1440 = CARTESIAN_POINT ( 'NONE',  ( -1.631467973937282601, 0.4000000000000000222, -0.7463865132758008558 ) ) ;
#1441 = CARTESIAN_POINT ( 'NONE',  ( 0.4328223322255710936, 0.000000000000000000, -1.983783699734500638 ) ) ;
#1442 = CARTESIAN_POINT ( 'NONE',  ( 0.2879897173713235614, 0.4000000000000000222, -1.104031990400327068 ) ) ;
#1443 = CARTESIAN_POINT ( 'NONE',  ( 1.580315281386997617, 0.4000000000000000222, -1.052346406094607500 ) ) ;
#1444 = ORIENTED_EDGE ( 'NONE', *, *, #2015, .T. ) ;
#1445 = EDGE_CURVE ( 'NONE', #102, #232, #1885, .T. ) ;
#1446 = CARTESIAN_POINT ( 'NONE',  ( 0.9702047410269567518, 0.4000000000000000222, -1.983922010985903484 ) ) ;
#1447 = EDGE_LOOP ( 'NONE', ( #1772, #2204, #1720, #1680 ) ) ;
#1448 = CARTESIAN_POINT ( 'NONE',  ( -1.631941731770833126, 0.000000000000000000, -0.7070461647183291509 ) ) ;
#1449 = LINE ( 'NONE', #2160, #413 ) ;
#1450 = ORIENTED_EDGE ( 'NONE', *, *, #1154, .T. ) ;
#1451 = FACE_OUTER_BOUND ( 'NONE', #1372, .T. ) ;
#1452 = VECTOR ( 'NONE', #1314, 1000.000000000000000 ) ;
#1453 = CIRCLE ( 'NONE', #1705, 3.850000000000000977 ) ;
#1454 = CARTESIAN_POINT ( 'NONE',  ( 0.6989750432033166039, 0.000000000000000000, -2.000000000000000444 ) ) ;
#1455 = PLANE ( 'NONE',  #1237 ) ;
#1456 = ORIENTED_EDGE ( 'NONE', *, *, #2067, .T. ) ;
#1457 = AXIS2_PLACEMENT_3D ( 'NONE', #792, #778, #2008 ) ;
#1458 = CARTESIAN_POINT ( 'NONE',  ( 0.5139816483640982092, 0.4000000000000000222, 2.351844618055555003 ) ) ;
#1459 = ADVANCED_FACE ( 'NONE', ( #1546 ), #847, .F. ) ;
#1460 = VERTEX_POINT ( 'NONE', #900 ) ;
#1461 = VERTEX_POINT ( 'NONE', #685 ) ;
#1462 = CARTESIAN_POINT ( 'NONE',  ( 0.5139816483640982092, -5.421010862427522170E-17, 2.351844618055555003 ) ) ;
#1463 = PLANE ( 'NONE',  #2259 ) ;
#1464 = CARTESIAN_POINT ( 'NONE',  ( 1.501946373235166332, 0.000000000000000000, -1.104031990400327068 ) ) ;
#1465 = CARTESIAN_POINT ( 'NONE',  ( -1.528447293654293215, 0.000000000000000000, -0.1566462989215681723 ) ) ;
#1466 = EDGE_CURVE ( 'NONE', #1087, #549, #803, .T. ) ;
#1467 = CARTESIAN_POINT ( 'NONE',  ( -1.430948908188763635, 0.4000000000000000222, -1.104031990400327290 ) ) ;
#1468 = DIRECTION ( 'NONE',  ( -0.000000000000000000, -1.000000000000000000, -0.000000000000000000 ) ) ;
#1469 = VERTEX_POINT ( 'NONE', #513 ) ;
#1470 = DIRECTION ( 'NONE',  ( 1.000000000000000000, 0.000000000000000000, 0.000000000000000000 ) ) ;
#1471 = ORIENTED_EDGE ( 'NONE', *, *, #2101, .T. ) ;
#1472 = VERTEX_POINT ( 'NONE', #1416 ) ;
#1473 = CARTESIAN_POINT ( 'NONE',  ( 1.631275776756527129, 0.000000000000000000, -0.6705646704838906791 ) ) ;
#1474 = DIRECTION ( 'NONE',  ( 0.000000000000000000, -1.000000000000000000, 0.000000000000000000 ) ) ;
#1475 = CARTESIAN_POINT ( 'NONE',  ( -1.631855991845981180, -0.000000000000000000, -0.6737108667043871790 ) ) ;
#1476 = DIRECTION ( 'NONE',  ( 0.000000000000000000, -1.000000000000000000, -0.000000000000000000 ) ) ;
#1477 = CARTESIAN_POINT ( 'NONE',  ( -1.518140665061544325, -5.421010862427522170E-17, -1.094427216300741357 ) ) ;
#1478 = CARTESIAN_POINT ( 'NONE',  ( 0.000000000000000000, 20.00000000000000000, 0.000000000000000000 ) ) ;
#1479 = PLANE ( 'NONE',  #2081 ) ;
#1480 = CARTESIAN_POINT ( 'NONE',  ( 1.558755385529171367, 0.4000000000000000222, -1.082359326981245706 ) ) ;
#1481 = ORIENTED_EDGE ( 'NONE', *, *, #1445, .F. ) ;
#1482 = ORIENTED_EDGE ( 'NONE', *, *, #1767, .T. ) ;
#1483 = DIRECTION ( 'NONE',  ( 0.000000000000000000, -1.000000000000000000, 0.000000000000000000 ) ) ;
#1484 = FACE_OUTER_BOUND ( 'NONE', #1528, .T. ) ;
#1485 = CARTESIAN_POINT ( 'NONE',  ( -1.631696439561302281, 0.000000000000000000, -0.6116776544316341324 ) ) ;
#1486 = CARTESIAN_POINT ( 'NONE',  ( 1.115197825070561866, 0.000000000000000000, 2.244496697660730344 ) ) ;
#1487 = EDGE_CURVE ( 'NONE', #917, #1064, #1958, .T. ) ;
#1488 = CARTESIAN_POINT ( 'NONE',  ( 0.000000000000000000, 0.000000000000000000, 0.000000000000000000 ) ) ;
#1489 = LINE ( 'NONE', #226, #1142 ) ;
#1490 = DIRECTION ( 'NONE',  ( 0.5062887777541085210, 0.000000000000000000, 0.8623640029130684725 ) ) ;
#1491 = CARTESIAN_POINT ( 'NONE',  ( 0.2879897173713235614, 0.4000000000000000222, -1.869004677167904971 ) ) ;
#1492 = VERTEX_POINT ( 'NONE', #2126 ) ;
#1493 = VECTOR ( 'NONE', #1170, 1000.000000000000000 ) ;
#1494 = EDGE_LOOP ( 'NONE', ( #770, #41, #406, #1166 ) ) ;
#1495 = FACE_OUTER_BOUND ( 'NONE', #1410, .T. ) ;
#1496 =( NAMED_UNIT ( * ) PLANE_ANGLE_UNIT ( ) SI_UNIT ( $, .RADIAN. ) );
#1497 = CONICAL_SURFACE ( 'NONE', #566, 4.349999999999999645, 0.7853981633974361776 ) ;
#1498 = DIRECTION ( 'NONE',  ( -1.000000000000000000, 0.000000000000000000, 0.000000000000000000 ) ) ;
#1499 = CARTESIAN_POINT ( 'NONE',  ( 0.2809899672963260819, 0.000000000000000000, 1.583872038398692172 ) ) ;
#1500 = CARTESIAN_POINT ( 'NONE',  ( -1.446295186378502962, 0.4000000000000000222, -1.103412765334937262 ) ) ;
#1501 = DIRECTION ( 'NONE',  ( 0.000000000000000000, 0.000000000000000000, -1.000000000000000000 ) ) ;
#1502 = DIRECTION ( 'NONE',  ( -1.000000000000000000, 0.000000000000000000, 0.000000000000000000 ) ) ;
#1503 = CARTESIAN_POINT ( 'NONE',  ( -1.518140665061544325, 0.4000000000000000222, -1.094427216300741357 ) ) ;
#1504 = ORIENTED_EDGE ( 'NONE', *, *, #635, .F. ) ;
#1505 = VERTEX_POINT ( 'NONE', #12 ) ;
#1506 = DIRECTION ( 'NONE',  ( 0.000000000000000000, -0.000000000000000000, 1.000000000000000000 ) ) ;
#1507 = CARTESIAN_POINT ( 'NONE',  ( 0.2809899672963260819, 0.4000000000000000222, 1.583872038398692172 ) ) ;
#1508 = EDGE_CURVE ( 'NONE', #1848, #2167, #1053, .T. ) ;
#1509 = VECTOR ( 'NONE', #224, 1000.000000000000000 ) ;
#1510 = DIRECTION ( 'NONE',  ( 0.000000000000000000, 0.000000000000000000, 1.000000000000000000 ) ) ;
#1511 = CARTESIAN_POINT ( 'NONE',  ( -0.1259955013499540200, 0.4000000000000000222, 2.234848795373454600 ) ) ;
#1512 = EDGE_LOOP ( 'NONE', ( #403, #1753, #390, #302 ) ) ;
#1513 = LINE ( 'NONE', #264, #490 ) ;
#1514 = VERTEX_POINT ( 'NONE', #2114 ) ;
#1515 = EDGE_CURVE ( 'NONE', #451, #2082, #1219, .T. ) ;
#1516 = ORIENTED_EDGE ( 'NONE', *, *, #805, .F. ) ;
#1517 = DIRECTION ( 'NONE',  ( 0.000000000000000000, -1.000000000000000000, 0.000000000000000000 ) ) ;
#1518 = FACE_OUTER_BOUND ( 'NONE', #602, .T. ) ;
#1519 = CARTESIAN_POINT ( 'NONE',  ( 1.501946373235166332, 0.000000000000000000, -1.104031990400327068 ) ) ;
#1520 = CARTESIAN_POINT ( 'NONE',  ( 0.2879897173713235614, 0.4000000000000000222, -1.104031990400327068 ) ) ;
#1521 = B_SPLINE_CURVE_WITH_KNOTS ( 'NONE', 3,
 ( #94, #1132, #1827, #786, #238, #433, #2164, #1331, #1486, #1318, #408 ),
 .UNSPECIFIED., .F., .F.,
 ( 4, 1, 1, 1, 1, 1, 1, 1, 4 ),
 ( 0.000000000000000000, 0.2337954102253704813, 0.4299086015737501598, 0.5916832451177551633, 0.7185086770228795716, 0.8159582512457558279, 0.8888550220287297909, 0.9469777010511061244, 1.000000000000000000 ),
 .UNSPECIFIED. ) ;
#1522 = CARTESIAN_POINT ( 'NONE',  ( 0.9788260368178351989, 0.4000000000000000222, 2.318529598957528304 ) ) ;
#1523 = CARTESIAN_POINT ( 'NONE',  ( -1.517945801978017428, 0.000000000000000000, -0.1360665514578229818 ) ) ;
#1524 = DIRECTION ( 'NONE',  ( 0.000000000000000000, 0.000000000000000000, -1.000000000000000000 ) ) ;
#1525 = VECTOR ( 'NONE', #911, 1000.000000000000114 ) ;
#1526 = AXIS2_PLACEMENT_3D ( 'NONE', #2131, #1796, #769 ) ;
#1527 = CARTESIAN_POINT ( 'NONE',  ( -1.630623202256429094, 0.4000000000000000222, -0.8165354586287084659 ) ) ;
#1528 = EDGE_LOOP ( 'NONE', ( #208, #67, #428, #1686 ) ) ;
#1529 = ORIENTED_EDGE ( 'NONE', *, *, #868, .T. ) ;
#1530 = CARTESIAN_POINT ( 'NONE',  ( 1.631707746887458121, 0.4000000000000000222, -0.7253622784959314895 ) ) ;
#1531 = CARTESIAN_POINT ( 'NONE',  ( 0.2912315947390720083, 0.000000000000000000, -1.899809452158070844 ) ) ;
#1532 = EDGE_CURVE ( 'NONE', #908, #2020, #1747, .T. ) ;
#1533 = CARTESIAN_POINT ( 'NONE',  ( 0.8956335150635089670, 0.4000000000000000222, 2.334494550275817204 ) ) ;
#1534 = VECTOR ( 'NONE', #371, 1000.000000000000000 ) ;
#1535 = DIRECTION ( 'NONE',  ( 1.000000000000000000, 0.000000000000000000, -0.000000000000000000 ) ) ;
#1536 = LINE ( 'NONE', #163, #1759 ) ;
#1537 = EDGE_CURVE ( 'NONE', #1325, #758, #2045, .T. ) ;
#1538 = CARTESIAN_POINT ( 'NONE',  ( 0.000000000000000000, 20.50000000000001066, 0.000000000000000000 ) ) ;
#1539 = DIRECTION ( 'NONE',  ( -0.000000000000000000, -1.000000000000000000, -0.000000000000000000 ) ) ;
#1540 = ORIENTED_EDGE ( 'NONE', *, *, #1898, .T. ) ;
#1541 = CARTESIAN_POINT ( 'NONE',  ( -1.548716530228868571, 0.4000000000000000222, -0.1963678720891230689 ) ) ;
#1542 = DIRECTION ( 'NONE',  ( -0.000000000000000000, -1.000000000000000000, -0.000000000000000000 ) ) ;
#1543 = CARTESIAN_POINT ( 'NONE',  ( 1.501946373235166332, 0.000000000000000000, -0.4000571257148696214 ) ) ;
#1544 = CARTESIAN_POINT ( 'NONE',  ( 0.000000000000000000, 23.00000000000000000, 0.000000000000000000 ) ) ;
#1545 = ADVANCED_FACE ( 'NONE', ( #1235 ), #1007, .F. ) ;
#1546 = FACE_OUTER_BOUND ( 'NONE', #355, .T. ) ;
#1547 = CARTESIAN_POINT ( 'NONE',  ( 1.119027599636892800, 0.4000000000000000222, -1.879514941604421896 ) ) ;
#1548 = AXIS2_PLACEMENT_3D ( 'NONE', #2071, #1506, #1709 ) ;
#1549 = VERTEX_POINT ( 'NONE', #420 ) ;
#1550 = CARTESIAN_POINT ( 'NONE',  ( 1.631279836283329621, 0.4000000000000000222, -0.8318724796745617933 ) ) ;
#1551 = CARTESIAN_POINT ( 'NONE',  ( 0.4328223322255710936, 0.000000000000000000, -1.983783699734500638 ) ) ;
#1552 = VERTEX_POINT ( 'NONE', #1454 ) ;
#1553 = CARTESIAN_POINT ( 'NONE',  ( -1.517945801978017428, 0.4000000000000000222, -0.1360665514578229818 ) ) ;
#1554 = CARTESIAN_POINT ( 'NONE',  ( 0.2809899672963260819, 0.4000000000000000222, 1.583872038398692172 ) ) ;
#1555 = CARTESIAN_POINT ( 'NONE',  ( 0.2879897173713235614, 0.000000000000000000, 1.583872038398692172 ) ) ;
#1556 = CARTESIAN_POINT ( 'NONE',  ( 0.4636431803594143197, 0.4000000000000000222, 2.351472752367772756 ) ) ;
#1557 = ADVANCED_FACE ( 'NONE', ( #1653, #396 ), #84, .T. ) ;
#1558 = CARTESIAN_POINT ( 'NONE',  ( 0.1389510074947070406, 0.000000000000000000, 2.338732104085070151 ) ) ;
#1559 = AXIS2_PLACEMENT_3D ( 'NONE', #1989, #738, #1141 ) ;
#1560 = CARTESIAN_POINT ( 'NONE',  ( 0.2879897173713235614, 0.4000000000000000222, -0.4000571257148696214 ) ) ;
#1561 = EDGE_CURVE ( 'NONE', #1751, #290, #616, .T. ) ;
#1562 = VERTEX_POINT ( 'NONE', #592 ) ;
#1563 = CARTESIAN_POINT ( 'NONE',  ( 1.119960011999591609, -5.421010862427522170E-17, -1.869004677167904971 ) ) ;
#1564 = CARTESIAN_POINT ( 'NONE',  ( 0.4636431803594143197, -0.000000000000000000, 2.351472752367772756 ) ) ;
#1565 = CARTESIAN_POINT ( 'NONE',  ( 1.554586269062668169, 0.4000000000000000222, -0.4202717173929969574 ) ) ;
#1566 = AXIS2_PLACEMENT_3D ( 'NONE', #2257, #675, #1510 ) ;
#1567 = CARTESIAN_POINT ( 'NONE',  ( 0.5139816483640982092, -5.421010862427522170E-17, 2.351844618055555003 ) ) ;
#1568 = DIRECTION ( 'NONE',  ( -0.000000000000000000, -1.000000000000000000, -0.000000000000000000 ) ) ;
#1569 = CARTESIAN_POINT ( 'NONE',  ( 0.7894642059693486313, 0.4000000000000000222, 2.344069355934343069 ) ) ;
#1570 = VERTEX_POINT ( 'NONE', #2030 ) ;
#1571 = CARTESIAN_POINT ( 'NONE',  ( 1.511470040021304806, 0.000000000000000000, -1.102663084168149510 ) ) ;
#1572 = CARTESIAN_POINT ( 'NONE',  ( -1.430948908188763413, 0.4000000000000000222, -1.104031990400327068 ) ) ;
#1573 = CARTESIAN_POINT ( 'NONE',  ( 1.631941731770833348, 0.000000000000000000, -0.7550444509468831056 ) ) ;
#1574 = CARTESIAN_POINT ( 'NONE',  ( 1.631279836283329621, 0.4000000000000000222, -0.8318724796745617933 ) ) ;
#1575 = LINE ( 'NONE', #544, #935 ) ;
#1576 = AXIS2_PLACEMENT_3D ( 'NONE', #338, #553, #1757 ) ;
#1577 = ORIENTED_EDGE ( 'NONE', *, *, #1093, .T. ) ;
#1578 = CARTESIAN_POINT ( 'NONE',  ( 1.118421933865272777, 0.000000000000000000, 2.219685887458704432 ) ) ;
#1579 = ORIENTED_EDGE ( 'NONE', *, *, #718, .F. ) ;
#1580 = CARTESIAN_POINT ( 'NONE',  ( -1.631941731770833126, 0.000000000000000000, -0.7070461647183291509 ) ) ;
#1581 = CARTESIAN_POINT ( 'NONE',  ( 0.2879897173713235614, 0.4000000000000000222, -1.869004677167904971 ) ) ;
#1582 = CARTESIAN_POINT ( 'NONE',  ( 1.631275776756527129, 0.000000000000000000, -0.6705646704838906791 ) ) ;
#1583 = CARTESIAN_POINT ( 'NONE',  ( -1.631855991845981180, 0.4000000000000000222, -0.6737108667043871790 ) ) ;
#1584 = CARTESIAN_POINT ( 'NONE',  ( 0.8050572605888969280, 0.4000000000000000222, -1.999216420508864944 ) ) ;
#1585 =( LENGTH_UNIT ( ) NAMED_UNIT ( * ) SI_UNIT ( .MILLI., .METRE. ) );
#1586 = ORIENTED_EDGE ( 'NONE', *, *, #1330, .T. ) ;
#1587 = CARTESIAN_POINT ( 'NONE',  ( 0.3343512049801233843, 0.4000000000000000222, -1.952054513617692555 ) ) ;
#1588 = ORIENTED_EDGE ( 'NONE', *, *, #1806, .F. ) ;
#1589 = CARTESIAN_POINT ( 'NONE',  ( 1.529189779373557601, 0.4000000000000000222, -0.4031457814354590385 ) ) ;
#1590 = CARTESIAN_POINT ( 'NONE',  ( -0.1032617632700168903, 0.000000000000000000, 2.266019563726219932 ) ) ;
#1591 = EDGE_CURVE ( 'NONE', #1472, #232, #1521, .T. ) ;
#1592 = CARTESIAN_POINT ( 'NONE',  ( -1.517945801978017428, 0.4000000000000000222, -0.1360665514578229818 ) ) ;
#1593 = CARTESIAN_POINT ( 'NONE',  ( -1.595930544048564048, 0.4000000000000000222, -0.3162894632024669805 ) ) ;
#1594 = CARTESIAN_POINT ( 'NONE',  ( 0.8972511084122456460, -5.421010862427522170E-17, -1.993498632401598414 ) ) ;
#1595 = CARTESIAN_POINT ( 'NONE',  ( 1.624169455272490348, 0.4000000000000000222, -0.9020717910005945361 ) ) ;
#1596 = EDGE_CURVE ( 'NONE', #2181, #1172, #1815, .T. ) ;
#1597 = VECTOR ( 'NONE', #690, 1000.000000000000000 ) ;
#1598 = ORIENTED_EDGE ( 'NONE', *, *, #943, .F. ) ;
#1599 = CARTESIAN_POINT ( 'NONE',  ( 1.042071686200281677, 0.4000000000000000222, 2.300153793545512748 ) ) ;
#1600 = ORIENTED_EDGE ( 'NONE', *, *, #520, .F. ) ;
#1601 = ORIENTED_EDGE ( 'NONE', *, *, #1940, .T. ) ;
#1602 = CARTESIAN_POINT ( 'NONE',  ( -1.630623202256429094, 0.000000000000000000, -0.8165354586287084659 ) ) ;
#1603 = FACE_OUTER_BOUND ( 'NONE', #1834, .T. ) ;
#1604 = CARTESIAN_POINT ( 'NONE',  ( 1.624583150962905176, 0.000000000000000000, -0.5952718658697407905 ) ) ;
#1605 = CARTESIAN_POINT ( 'NONE',  ( 1.613547760072937987, 0.4000000000000000222, -0.9623602105129217543 ) ) ;
#1606 = EDGE_CURVE ( 'NONE', #818, #276, #1115, .T. ) ;
#1607 = CARTESIAN_POINT ( 'NONE',  ( 1.119960011999591609, 0.4000000000000000222, -1.869004677167904971 ) ) ;
#1608 = PRESENTATION_STYLE_ASSIGNMENT (( #1035 ) ) ;
#1609 = AXIS2_PLACEMENT_3D ( 'NONE', #2032, #2188, #1501 ) ;
#1610 = VERTEX_POINT ( 'NONE', #604 ) ;
#1611 = CARTESIAN_POINT ( 'NONE',  ( 1.100781448899015302, 0.4000000000000000222, -1.929606387004747292 ) ) ;
#1612 = EDGE_LOOP ( 'NONE', ( #2193, #689, #319, #781 ) ) ;
#1613 = VERTEX_POINT ( 'NONE', #444 ) ;
#1614 = CARTESIAN_POINT ( 'NONE',  ( 1.596465382320112258, 0.4000000000000000222, -0.4844912651317207497 ) ) ;
#1615 = CARTESIAN_POINT ( 'NONE',  ( 1.118421933865272777, -0.000000000000000000, 2.219685887458704432 ) ) ;
#1616 = CARTESIAN_POINT ( 'NONE',  ( -1.517945801978017428, 0.000000000000000000, -0.1360665514578229818 ) ) ;
#1617 = CARTESIAN_POINT ( 'NONE',  ( 0.6989750432033166039, 0.4000000000000000222, -2.000000000000000444 ) ) ;
#1618 = CARTESIAN_POINT ( 'NONE',  ( -1.627859180861016775, 0.4000000000000000222, -0.5245816050124799679 ) ) ;
#1619 = CARTESIAN_POINT ( 'NONE',  ( 1.599264860483751605, 0.4000000000000000222, -1.012775634393371815 ) ) ;
#1620 = ADVANCED_FACE ( 'NONE', ( #741 ), #1664, .F. ) ;
#1621 = EDGE_LOOP ( 'NONE', ( #2109, #1798, #1888 ) ) ;
#1622 = CARTESIAN_POINT ( 'NONE',  ( 1.042071686200281677, 0.000000000000000000, 2.300153793545512748 ) ) ;
#1623 = ORIENTED_EDGE ( 'NONE', *, *, #66, .T. ) ;
#1624 = CARTESIAN_POINT ( 'NONE',  ( -0.1188266488327035103, -5.421010862427522170E-17, 2.244678179365855009 ) ) ;
#1625 = CARTESIAN_POINT ( 'NONE',  ( -1.430948908188763635, -5.421010862427522170E-17, -1.104031990400327290 ) ) ;
#1626 = EDGE_CURVE ( 'NONE', #452, #871, #1803, .T. ) ;
#1627 = EDGE_LOOP ( 'NONE', ( #1682, #2240, #16, #795 ) ) ;
#1628 = CARTESIAN_POINT ( 'NONE',  ( -1.631941731770833126, 0.000000000000000000, -0.7070461647183291509 ) ) ;
#1629 = VECTOR ( 'NONE', #1412, 1000.000000000000000 ) ;
#1630 = AXIS2_PLACEMENT_3D ( 'NONE', #2021, #1847, #464 ) ;
#1631 = DIRECTION ( 'NONE',  ( 0.000000000000000000, 0.000000000000000000, -1.000000000000000000 ) ) ;
#1632 = CARTESIAN_POINT ( 'NONE',  ( 0.2879897173713235614, 0.4000000000000000222, -0.4000571257148696214 ) ) ;
#1633 = ORIENTED_EDGE ( 'NONE', *, *, #560, .T. ) ;
#1634 = AXIS2_PLACEMENT_3D ( 'NONE', #174, #1842, #966 ) ;
#1635 = CARTESIAN_POINT ( 'NONE',  ( 0.8050572605888969280, 0.4000000000000000222, -1.999216420508864944 ) ) ;
#1636 = EDGE_LOOP ( 'NONE', ( #19, #1436, #2077, #418 ) ) ;
#1637 = EDGE_CURVE ( 'NONE', #377, #1087, #964, .T. ) ;
#1638 = ORIENTED_EDGE ( 'NONE', *, *, #425, .F. ) ;
#1639 = CARTESIAN_POINT ( 'NONE',  ( -1.586168429513306055, 0.000000000000000000, -1.036199626144530761 ) ) ;
#1640 = DIRECTION ( 'NONE',  ( 0.000000000000000000, -1.000000000000000000, -0.000000000000000000 ) ) ;
#1641 = CARTESIAN_POINT ( 'NONE',  ( 0.8050572605888969280, 0.000000000000000000, -1.999216420508864944 ) ) ;
#1642 = CARTESIAN_POINT ( 'NONE',  ( -1.446295186378502962, -5.421010862427522170E-17, -1.103412765334937262 ) ) ;
#1643 = PLANE ( 'NONE',  #214 ) ;
#1644 = ORIENTED_EDGE ( 'NONE', *, *, #236, .T. ) ;
#1645 = CARTESIAN_POINT ( 'NONE',  ( 1.119960011999591609, 0.000000000000000000, -1.104031990400327068 ) ) ;
#1646 = EDGE_LOOP ( 'NONE', ( #2220, #996, #1195, #671 ) ) ;
#1647 = ORIENTED_EDGE ( 'NONE', *, *, #1859, .F. ) ;
#1648 = CARTESIAN_POINT ( 'NONE',  ( 1.119960011999591609, 0.4000000000000000222, -1.104031990400327068 ) ) ;
#1649 = VECTOR ( 'NONE', #1702, 1000.000000000000000 ) ;
#1650 = LINE ( 'NONE', #1824, #673 ) ;
#1651 = EDGE_CURVE ( 'NONE', #1064, #1552, #386, .T. ) ;
#1652 = CARTESIAN_POINT ( 'NONE',  ( 0.000000000000000000, 20.00000000000000000, 0.000000000000000000 ) ) ;
#1653 = FACE_BOUND ( 'NONE', #476, .T. ) ;
#1654 = CARTESIAN_POINT ( 'NONE',  ( -1.622758573185171249, 0.4000000000000000222, -0.9105083273658058918 ) ) ;
#1655 = CARTESIAN_POINT ( 'NONE',  ( 1.554586269062668169, 0.4000000000000000222, -0.4202717173929969574 ) ) ;
#1656 = ORIENTED_EDGE ( 'NONE', *, *, #299, .F. ) ;
#1657 = CARTESIAN_POINT ( 'NONE',  ( 0.000000000000000000, 20.00000000000000000, 0.000000000000000000 ) ) ;
#1658 = ORIENTED_EDGE ( 'NONE', *, *, #1841, .T. ) ;
#1659 = VERTEX_POINT ( 'NONE', #328 ) ;
#1660 = DIRECTION ( 'NONE',  ( 0.000000000000000000, 1.000000000000000000, -0.000000000000000000 ) ) ;
#1661 = FILL_AREA_STYLE_COLOUR ( '', #1413 ) ;
#1662 = DIRECTION ( 'NONE',  ( 0.000000000000000000, 0.000000000000000000, -1.000000000000000000 ) ) ;
#1663 = DIRECTION ( 'NONE',  ( -0.000000000000000000, -1.000000000000000000, -0.000000000000000000 ) ) ;
#1664 = CONICAL_SURFACE ( 'NONE', #339, 4.349999999999999645, 0.7853981633974361776 ) ;
#1665 = CARTESIAN_POINT ( 'NONE',  ( -1.631696439561302281, 0.4000000000000000222, -0.6116776544316341324 ) ) ;
#1666 = LINE ( 'NONE', #927, #2203 ) ;
#1667 = CARTESIAN_POINT ( 'NONE',  ( 1.119960011999591609, 0.4000000000000000222, 2.207849759369893139 ) ) ;
#1668 = ADVANCED_FACE ( 'NONE', ( #823 ), #1688, .T. ) ;
#1669 = FACE_OUTER_BOUND ( 'NONE', #733, .T. ) ;
#1670 = VERTEX_POINT ( 'NONE', #1520 ) ;
#1671 = AXIS2_PLACEMENT_3D ( 'NONE', #332, #816, #2089 ) ;
#1672 = VERTEX_POINT ( 'NONE', #1386 ) ;
#1673 = PLANE ( 'NONE',  #1548 ) ;
#1674 = CARTESIAN_POINT ( 'NONE',  ( 0.3047094954776950471, 0.000000000000000000, -1.929821711146636254 ) ) ;
#1675 = AXIS2_PLACEMENT_3D ( 'NONE', #937, #1640, #1317 ) ;
#1676 = CARTESIAN_POINT ( 'NONE',  ( 1.613298175315074579, 0.000000000000000000, -0.5333360757946679076 ) ) ;
#1677 = PLANE ( 'NONE',  #1566 ) ;
#1678 = DIRECTION ( 'NONE',  ( 0.000000000000000000, 0.000000000000000000, -1.000000000000000000 ) ) ;
#1679 = EDGE_CURVE ( 'NONE', #609, #1022, #800, .T. ) ;
#1680 = ORIENTED_EDGE ( 'NONE', *, *, #1181, .F. ) ;
#1681 = DIRECTION ( 'NONE',  ( 0.000000000000000000, 1.000000000000000000, 0.000000000000000000 ) ) ;
#1682 = ORIENTED_EDGE ( 'NONE', *, *, #446, .T. ) ;
#1683 = ORIENTED_EDGE ( 'NONE', *, *, #2101, .F. ) ;
#1684 = CARTESIAN_POINT ( 'NONE',  ( 1.624583150962905176, 0.4000000000000000222, -0.5952718658697407905 ) ) ;
#1685 = LINE ( 'NONE', #1187, #1814 ) ;
#1686 = ORIENTED_EDGE ( 'NONE', *, *, #1371, .F. ) ;
#1687 = CARTESIAN_POINT ( 'NONE',  ( 1.631941731770833348, 0.000000000000000000, -0.7550444509468831056 ) ) ;
#1688 = PLANE ( 'NONE',  #2041 ) ;
#1689 = PLANE ( 'NONE',  #239 ) ;
#1690 = FACE_OUTER_BOUND ( 'NONE', #558, .T. ) ;
#1691 = CARTESIAN_POINT ( 'NONE',  ( 0.7369822986160642353, 0.4000000000000000222, -1.999719258264111454 ) ) ;
#1692 = EDGE_CURVE ( 'NONE', #6, #452, #469, .T. ) ;
#1693 = CARTESIAN_POINT ( 'NONE',  ( 1.119960011999591609, 0.4000000000000000222, -1.869004677167904971 ) ) ;
#1694 = ORIENTED_EDGE ( 'NONE', *, *, #2261, .T. ) ;
#1695 = ORIENTED_EDGE ( 'NONE', *, *, #1, .T. ) ;
#1696 = CARTESIAN_POINT ( 'NONE',  ( 1.624583150962905176, 0.000000000000000000, -0.5952718658697407905 ) ) ;
#1697 = CARTESIAN_POINT ( 'NONE',  ( 0.6989750432033164929, 0.4000000000000000222, -2.000000000000000000 ) ) ;
#1698 = CARTESIAN_POINT ( 'NONE',  ( -1.586168429513306055, 0.000000000000000000, -1.036199626144530761 ) ) ;
#1699 = EDGE_CURVE ( 'NONE', #758, #1672, #2244, .T. ) ;
#1700 = CARTESIAN_POINT ( 'NONE',  ( 0.7894642059693486313, 0.4000000000000000222, 2.344069355934343069 ) ) ;
#1701 = FACE_OUTER_BOUND ( 'NONE', #861, .T. ) ;
#1702 = DIRECTION ( 'NONE',  ( -0.000000000000000000, -1.000000000000000000, -0.000000000000000000 ) ) ;
#1703 = DIRECTION ( 'NONE',  ( 0.000000000000000000, -1.000000000000000000, 0.000000000000000000 ) ) ;
#1704 = CONICAL_SURFACE ( 'NONE', #636, 5.049999999999999822, 0.7853981633974504994 ) ;
#1705 = AXIS2_PLACEMENT_3D ( 'NONE', #1657, #547, #2157 ) ;
#1706 = CARTESIAN_POINT ( 'NONE',  ( -1.555773037042172513, 0.4000000000000000222, -1.073109541330890204 ) ) ;
#1707 = EDGE_LOOP ( 'NONE', ( #879, #1598, #631, #1336 ) ) ;
#1708 = EDGE_LOOP ( 'NONE', ( #945, #52, #487, #363 ) ) ;
#1709 = DIRECTION ( 'NONE',  ( 1.000000000000000000, 0.000000000000000000, -0.000000000000000000 ) ) ;
#1710 = DIRECTION ( 'NONE',  ( 0.000000000000000000, 1.000000000000000000, -0.000000000000000000 ) ) ;
#1711 = EDGE_CURVE ( 'NONE', #986, #31, #1078, .T. ) ;
#1712 = B_SPLINE_CURVE_WITH_KNOTS ( 'NONE', 3,
 ( #1177, #198, #1590, #1943, #181, #10, #863, #161, #853, #1564, #691 ),
 .UNSPECIFIED., .F., .F.,
 ( 4, 1, 1, 1, 1, 1, 1, 1, 4 ),
 ( 0.000000000000000000, 0.05423742427296906338, 0.1177593345646652662, 0.1983650232099541388, 0.3003789706336599252, 0.4290872299517512478, 0.5852153539692592776, 0.7739618563296772891, 1.000000000000000000 ),
 .UNSPECIFIED. ) ;
#1713 = CIRCLE ( 'NONE', #201, 5.049999999999999822 ) ;
#1714 = DIRECTION ( 'NONE',  ( 1.000000000000000000, 0.000000000000000000, 0.000000000000000000 ) ) ;
#1715 = PLANE ( 'NONE',  #2243 ) ;
#1716 = CARTESIAN_POINT ( 'NONE',  ( 0.5139816483640982092, 0.000000000000000000, 2.351844618055555003 ) ) ;
#1717 = ORIENTED_EDGE ( 'NONE', *, *, #1606, .F. ) ;
#1718 = CARTESIAN_POINT ( 'NONE',  ( 0.6989750432033166039, 0.000000000000000000, -2.000000000000000444 ) ) ;
#1719 = CARTESIAN_POINT ( 'NONE',  ( -1.586168429513306055, -5.421010862427522170E-17, -1.036199626144530761 ) ) ;
#1720 = ORIENTED_EDGE ( 'NONE', *, *, #1367, .T. ) ;
#1721 = CARTESIAN_POINT ( 'NONE',  ( 1.613547760072937987, 0.000000000000000000, -0.9623602105129217543 ) ) ;
#1722 = CARTESIAN_POINT ( 'NONE',  ( -1.517945801978017428, 0.4000000000000000222, -0.1360665514578229818 ) ) ;
#1723 = EDGE_CURVE ( 'NONE', #720, #609, #295, .T. ) ;
#1724 = CARTESIAN_POINT ( 'NONE',  ( 1.119027599636892800, -0.000000000000000000, -1.879514941604421896 ) ) ;
#1725 = DIRECTION ( 'NONE',  ( 0.5062887777541085210, 0.000000000000000000, 0.8623640029130684725 ) ) ;
#1726 = CARTESIAN_POINT ( 'NONE',  ( 1.100781448899015302, 0.4000000000000000222, -1.929606387004747292 ) ) ;
#1727 = EDGE_CURVE ( 'NONE', #1111, #1472, #1712, .T. ) ;
#1728 = VECTOR ( 'NONE', #1483, 1000.000000000000000 ) ;
#1729 = CARTESIAN_POINT ( 'NONE',  ( 1.613547760072937987, 0.000000000000000000, -0.9623602105129217543 ) ) ;
#1730 = B_SPLINE_CURVE_WITH_KNOTS ( 'NONE', 3,
 ( #434, #62, #1665, #1618, #955, #776, #789, #409, #1116, #1857, #225 ),
 .UNSPECIFIED., .F., .F.,
 ( 4, 1, 1, 1, 1, 1, 1, 1, 4 ),
 ( 0.000000000000000000, 0.1694900638923061420, 0.3154018034324052033, 0.4430654353301462511, 0.5595524389845460966, 0.6676625652793484189, 0.7732456511954234335, 0.8825185695687434162, 1.000000000000000000 ),
 .UNSPECIFIED. ) ;
#1731 = CARTESIAN_POINT ( 'NONE',  ( 0.7894642059693486313, 0.4000000000000000222, 2.344069355934343069 ) ) ;
#1732 = ORIENTED_EDGE ( 'NONE', *, *, #475, .F. ) ;
#1733 = CARTESIAN_POINT ( 'NONE',  ( 1.580315281386997617, 0.4000000000000000222, -1.052346406094607500 ) ) ;
#1734 = DIRECTION ( 'NONE',  ( 0.000000000000000000, 0.000000000000000000, 1.000000000000000000 ) ) ;
#1735 = CARTESIAN_POINT ( 'NONE',  ( -1.555773037042172513, 0.4000000000000000222, -1.073109541330890204 ) ) ;
#1736 = CARTESIAN_POINT ( 'NONE',  ( 1.501946373235166332, 0.000000000000000000, -0.4000571257148696214 ) ) ;
#1737 = ADVANCED_FACE ( 'NONE', ( #21 ), #2273, .F. ) ;
#1738 = CARTESIAN_POINT ( 'NONE',  ( -0.01380376251242722112, 0.000000000000000000, 2.309357893789032445 ) ) ;
#1739 = DIRECTION ( 'NONE',  ( 1.000000000000000000, 0.000000000000000000, 0.000000000000000000 ) ) ;
#1740 = STYLED_ITEM ( 'NONE', ( #2183 ), #1899 ) ;
#1741 = CARTESIAN_POINT ( 'NONE',  ( 0.2879897173713235614, 0.000000000000000000, -1.869004677167904971 ) ) ;
#1742 = ORIENTED_EDGE ( 'NONE', *, *, #593, .T. ) ;
#1743 = CARTESIAN_POINT ( 'NONE',  ( 0.8972511084122456460, 0.4000000000000000222, -1.993498632401598414 ) ) ;
#1744 = CARTESIAN_POINT ( 'NONE',  ( -1.631941731770833126, 0.000000000000000000, -0.7070461647183291509 ) ) ;
#1745 = CARTESIAN_POINT ( 'NONE',  ( 1.631941731770833348, 0.4000000000000000222, -0.7550444509468831056 ) ) ;
#1746 = AXIS2_PLACEMENT_3D ( 'NONE', #2057, #1207, #1357 ) ;
#1747 = LINE ( 'NONE', #876, #765 ) ;
#1748 = DIRECTION ( 'NONE',  ( 0.000000000000000000, 0.000000000000000000, 1.000000000000000000 ) ) ;
#1749 = CARTESIAN_POINT ( 'NONE',  ( 0.000000000000000000, 0.000000000000000000, 0.000000000000000000 ) ) ;
#1750 = ADVANCED_FACE ( 'NONE', ( #1603 ), #1704, .T. ) ;
#1751 = VERTEX_POINT ( 'NONE', #683 ) ;
#1752 = DIRECTION ( 'NONE',  ( 0.5062887777541085210, 0.000000000000000000, 0.8623640029130684725 ) ) ;
#1753 = ORIENTED_EDGE ( 'NONE', *, *, #368, .F. ) ;
#1754 = LINE ( 'NONE', #872, #1370 ) ;
#1755 = CARTESIAN_POINT ( 'NONE',  ( 1.624169455272490348, 0.000000000000000000, -0.9020717910005945361 ) ) ;
#1756 = CARTESIAN_POINT ( 'NONE',  ( 5.327213576290986242E-16, 23.00000000000000000, 4.349999999999999645 ) ) ;
#1757 = DIRECTION ( 'NONE',  ( 0.000000000000000000, 0.000000000000000000, 1.000000000000000000 ) ) ;
#1758 = CARTESIAN_POINT ( 'NONE',  ( 6.184466335694133068E-16, 23.00000000000000000, 5.049999999999999822 ) ) ;
#1759 = VECTOR ( 'NONE', #1342, 1000.000000000000000 ) ;
#1760 = EDGE_LOOP ( 'NONE', ( #431, #1272, #1904, #2231 ) ) ;
#1761 = ADVANCED_FACE ( 'NONE', ( #336 ), #1933, .F. ) ;
#1762 = CARTESIAN_POINT ( 'NONE',  ( 0.2890870472674963443, 0.000000000000000000, -1.879431660272778970 ) ) ;
#1763 = VERTEX_POINT ( 'NONE', #1438 ) ;
#1764 = ADVANCED_FACE ( 'NONE', ( #896 ), #1395, .F. ) ;
#1765 = CARTESIAN_POINT ( 'NONE',  ( 1.580315281386997617, 0.000000000000000000, -1.052346406094607500 ) ) ;
#1766 = CARTESIAN_POINT ( 'NONE',  ( 1.119960011999591609, 0.4000000000000000222, 2.207849759369893139 ) ) ;
#1767 = EDGE_CURVE ( 'NONE', #2028, #1469, #1776, .T. ) ;
#1768 = CARTESIAN_POINT ( 'NONE',  ( 0.2879897173713235614, 0.4000000000000000222, -1.104031990400327068 ) ) ;
#1769 = CARTESIAN_POINT ( 'NONE',  ( -1.620675538608120636, 0.4000000000000000222, -0.4481971072876071993 ) ) ;
#1770 = CARTESIAN_POINT ( 'NONE',  ( 0.000000000000000000, 0.000000000000000000, 4.049999999999998046 ) ) ;
#1771 = CARTESIAN_POINT ( 'NONE',  ( 1.631941731770833348, 0.000000000000000000, -0.7550444509468831056 ) ) ;
#1772 = ORIENTED_EDGE ( 'NONE', *, *, #1106, .T. ) ;
#1773 = CARTESIAN_POINT ( 'NONE',  ( 0.2912315947390720083, 0.4000000000000000222, -1.899809452158070844 ) ) ;
#1774 = ORIENTED_EDGE ( 'NONE', *, *, #1692, .F. ) ;
#1775 = CARTESIAN_POINT ( 'NONE',  ( 1.511470040021304806, 0.4000000000000000222, -1.102663084168149510 ) ) ;
#1776 = LINE ( 'NONE', #2136, #231 ) ;
#1777 = EDGE_CURVE ( 'NONE', #2162, #2170, #1077, .T. ) ;
#1778 = CARTESIAN_POINT ( 'NONE',  ( -1.630623202256429094, 0.4000000000000000222, -0.8165354586287084659 ) ) ;
#1779 = CARTESIAN_POINT ( 'NONE',  ( 0.2890870472674963443, -0.000000000000000000, -1.879431660272778970 ) ) ;
#1780 = AXIS2_PLACEMENT_3D ( 'NONE', #341, #1418, #1748 ) ;
#1781 = FACE_OUTER_BOUND ( 'NONE', #1950, .T. ) ;
#1782 = CARTESIAN_POINT ( 'NONE',  ( 0.2912315947390720083, 0.000000000000000000, -1.899809452158070844 ) ) ;
#1783 = ORIENTED_EDGE ( 'NONE', *, *, #400, .T. ) ;
#1784 = CARTESIAN_POINT ( 'NONE',  ( 1.119027599636892800, 0.4000000000000000222, -1.879514941604421896 ) ) ;
#1785 = ORIENTED_EDGE ( 'NONE', *, *, #142, .F. ) ;
#1786 = CARTESIAN_POINT ( 'NONE',  ( 1.631275776756527129, 0.4000000000000000222, -0.6705646704838906791 ) ) ;
#1787 = SURFACE_SIDE_STYLE ('',( #1090 ) ) ;
#1788 = DIRECTION ( 'NONE',  ( 0.000000000000000000, -1.000000000000000000, 0.000000000000000000 ) ) ;
#1789 = EDGE_CURVE ( 'NONE', #1570, #1849, #1039, .T. ) ;
#1790 = DIRECTION ( 'NONE',  ( -0.000000000000000000, -1.000000000000000000, -0.000000000000000000 ) ) ;
#1791 = CARTESIAN_POINT ( 'NONE',  ( 0.6989750432033166039, 0.4000000000000000222, -2.000000000000000444 ) ) ;
#1792 = PRODUCT_DEFINITION_SHAPE ( 'NONE', 'NONE',  #919 ) ;
#1793 = AXIS2_PLACEMENT_3D ( 'NONE', #1377, #297, #1004 ) ;
#1794 = EDGE_LOOP ( 'NONE', ( #1974, #1694 ) ) ;
#1795 = EDGE_CURVE ( 'NONE', #31, #1461, #518, .T. ) ;
#1796 = DIRECTION ( 'NONE',  ( 0.000000000000000000, 1.000000000000000000, 0.000000000000000000 ) ) ;
#1797 = ORIENTED_EDGE ( 'NONE', *, *, #679, .T. ) ;
#1798 = ORIENTED_EDGE ( 'NONE', *, *, #1339, .F. ) ;
#1799 = CARTESIAN_POINT ( 'NONE',  ( -1.518140665061544325, 0.000000000000000000, -1.094427216300741357 ) ) ;
#1800 =( LENGTH_UNIT ( ) NAMED_UNIT ( * ) SI_UNIT ( .MILLI., .METRE. ) );
#1801 = ORIENTED_EDGE ( 'NONE', *, *, #145, .T. ) ;
#1802 = CARTESIAN_POINT ( 'NONE',  ( -1.631941731770833126, 0.4000000000000000222, -0.7070461647183291509 ) ) ;
#1803 = LINE ( 'NONE', #1499, #745 ) ;
#1804 = DIRECTION ( 'NONE',  ( 0.000000000000000000, 1.000000000000000000, -0.000000000000000000 ) ) ;
#1805 = LINE ( 'NONE', #398, #1431 ) ;
#1806 = EDGE_CURVE ( 'NONE', #972, #808, #445, .T. ) ;
#1807 = LINE ( 'NONE', #229, #1054 ) ;
#1808 = CARTESIAN_POINT ( 'NONE',  ( 0.5139816483640982092, 0.4000000000000000222, 2.351844618055555003 ) ) ;
#1809 = ORIENTED_EDGE ( 'NONE', *, *, #1699, .T. ) ;
#1810 = ORIENTED_EDGE ( 'NONE', *, *, #1193, .F. ) ;
#1811 = CARTESIAN_POINT ( 'NONE',  ( 1.613298175315074579, 0.4000000000000000222, -0.5333360757946679076 ) ) ;
#1812 = CARTESIAN_POINT ( 'NONE',  ( 0.5139816483640982092, 0.000000000000000000, 2.351844618055555003 ) ) ;
#1813 = CARTESIAN_POINT ( 'NONE',  ( 0.2879897173713235614, 0.000000000000000000, -0.4000571257148696214 ) ) ;
#1814 = VECTOR ( 'NONE', #1542, 1000.000000000000000 ) ;
#1815 = LINE ( 'NONE', #2186, #2145 ) ;
#1816 = FACE_OUTER_BOUND ( 'NONE', #587, .T. ) ;
#1817 = DIRECTION ( 'NONE',  ( -1.000000000000000000, 0.000000000000000000, -0.000000000000000000 ) ) ;
#1818 = ORIENTED_EDGE ( 'NONE', *, *, #520, .T. ) ;
#1819 = EDGE_CURVE ( 'NONE', #1659, #2181, #2120, .T. ) ;
#1820 = CARTESIAN_POINT ( 'NONE',  ( 1.115197825070561866, 0.000000000000000000, 2.244496697660730344 ) ) ;
#1821 = ORIENTED_EDGE ( 'NONE', *, *, #85, .F. ) ;
#1822 = EDGE_LOOP ( 'NONE', ( #1261, #1821, #1045, #1273 ) ) ;
#1823 = DIRECTION ( 'NONE',  ( -0.000000000000000000, -1.000000000000000000, -0.000000000000000000 ) ) ;
#1824 = CARTESIAN_POINT ( 'NONE',  ( 1.119960011999591609, 0.4000000000000000222, 2.207849759369893139 ) ) ;
#1825 = ORIENTED_EDGE ( 'NONE', *, *, #285, .F. ) ;
#1826 = LINE ( 'NONE', #1802, #314 ) ;
#1827 = CARTESIAN_POINT ( 'NONE',  ( 0.6597512953617066245, 0.000000000000000000, 2.351338500965616252 ) ) ;
#1828 = CARTESIAN_POINT ( 'NONE',  ( 1.119960011999591609, 0.4000000000000000222, -0.4000571257148696214 ) ) ;
#1829 = CARTESIAN_POINT ( 'NONE',  ( 1.576158449204200673, 0.4000000000000000222, -0.4474433603672498538 ) ) ;
#1830 = CARTESIAN_POINT ( 'NONE',  ( 1.119960011999591609, 0.4000000000000000222, -1.104031990400327068 ) ) ;
#1831 = CARTESIAN_POINT ( 'NONE',  ( -1.517945801978017428, 0.4000000000000000222, -0.1360665514578229818 ) ) ;
#1832 = VECTOR ( 'NONE', #1023, 1000.000000000000000 ) ;
#1833 = ORIENTED_EDGE ( 'NONE', *, *, #1466, .T. ) ;
#1834 = EDGE_LOOP ( 'NONE', ( #839, #1658, #1130, #1732 ) ) ;
#1835 = CARTESIAN_POINT ( 'NONE',  ( 0.2879897173713235614, 0.4000000000000000222, 1.583872038398692172 ) ) ;
#1836 = DIRECTION ( 'NONE',  ( 0.000000000000000000, 0.000000000000000000, -1.000000000000000000 ) ) ;
#1837 = ADVANCED_FACE ( 'NONE', ( #247 ), #1463, .F. ) ;
#1838 = DIRECTION ( 'NONE',  ( 0.5203701726754620394, 0.000000000000000000, 0.8539407961853736628 ) ) ;
#1839 = CARTESIAN_POINT ( 'NONE',  ( -1.548716530228868571, 0.000000000000000000, -0.1963678720891230689 ) ) ;
#1840 = CIRCLE ( 'NONE', #950, 3.049999999999999822 ) ;
#1841 = EDGE_CURVE ( 'NONE', #1514, #549, #2149, .T. ) ;
#1842 = DIRECTION ( 'NONE',  ( 0.000000000000000000, -1.000000000000000000, 0.000000000000000000 ) ) ;
#1843 = B_SPLINE_CURVE_WITH_KNOTS ( 'NONE', 3,
 ( #1214, #1168, #143, #296, #109, #2211, #1341, #1203, #1003, #814, #835 ),
 .UNSPECIFIED., .F., .F.,
 ( 4, 1, 1, 1, 1, 1, 1, 1, 4 ),
 ( 0.000000000000000000, 0.05423742427296906338, 0.1177593345646652662, 0.1983650232099541388, 0.3003789706336599252, 0.4290872299517512478, 0.5852153539692592776, 0.7739618563296772891, 1.000000000000000000 ),
 .UNSPECIFIED. ) ;
#1844 = CARTESIAN_POINT ( 'NONE',  ( -0.9279668670853755685, 0.000000000000000000, -0.4000571257148696214 ) ) ;
#1845 = B_SPLINE_CURVE_WITH_KNOTS ( 'NONE', 3,
 ( #1176, #1375, #975, #107, #1892, #1698, #320, #2234, #306, #811, #1200 ),
 .UNSPECIFIED., .F., .F.,
 ( 4, 1, 1, 1, 1, 1, 1, 1, 4 ),
 ( 0.000000000000000000, 0.09022875229637501715, 0.1723902669154757650, 0.2512930218932806770, 0.3387620935329472838, 0.4474779943794972015, 0.5880251105863664174, 0.7689596662512557801, 1.000000000000000000 ),
 .UNSPECIFIED. ) ;
#1846 = CYLINDRICAL_SURFACE ( 'NONE', #1017, 4.349999999999999645 ) ;
#1847 = DIRECTION ( 'NONE',  ( 0.000000000000000000, 1.000000000000000000, 0.000000000000000000 ) ) ;
#1848 = VERTEX_POINT ( 'NONE', #70 ) ;
#1849 = VERTEX_POINT ( 'NONE', #784 ) ;
#1850 = CARTESIAN_POINT ( 'NONE',  ( 1.554586269062668169, 0.4000000000000000222, -0.4202717173929969574 ) ) ;
#1851 = CARTESIAN_POINT ( 'NONE',  ( 0.5962377208626962188, 0.4000000000000000222, -1.999097970033031357 ) ) ;
#1852 = VERTEX_POINT ( 'NONE', #1288 ) ;
#1853 = CARTESIAN_POINT ( 'NONE',  ( 1.631941731770833348, 0.4000000000000000222, -0.7550444509468831056 ) ) ;
#1854 = CARTESIAN_POINT ( 'NONE',  ( 1.119027599636892800, -0.000000000000000000, -1.879514941604421896 ) ) ;
#1855 = EDGE_CURVE ( 'NONE', #1258, #56, #577, .T. ) ;
#1856 =( GEOMETRIC_REPRESENTATION_CONTEXT ( 3 ) GLOBAL_UNCERTAINTY_ASSIGNED_CONTEXT ( ( #1167 ) ) GLOBAL_UNIT_ASSIGNED_CONTEXT ( ( #1800, #1496, #380 ) ) REPRESENTATION_CONTEXT ( 'NONE', 'WORKASPACE' ) );
#1857 = CARTESIAN_POINT ( 'NONE',  ( -1.528447293654293215, 0.4000000000000000222, -0.1566462989215681723 ) ) ;
#1858 = DIRECTION ( 'NONE',  ( 0.000000000000000000, 0.000000000000000000, -1.000000000000000000 ) ) ;
#1859 = EDGE_CURVE ( 'NONE', #31, #1199, #1650, .T. ) ;
#1860 = CARTESIAN_POINT ( 'NONE',  ( 0.2809899672963260819, 0.4000000000000000222, 1.583872038398692172 ) ) ;
#1861 = CARTESIAN_POINT ( 'NONE',  ( -0.9279668670853755685, 0.4000000000000000222, -0.4000571257148696214 ) ) ;
#1862 = ORIENTED_EDGE ( 'NONE', *, *, #1032, .T. ) ;
#1863 = VECTOR ( 'NONE', #471, 1000.000000000000000 ) ;
#1864 = ORIENTED_EDGE ( 'NONE', *, *, #340, .T. ) ;
#1865 = CARTESIAN_POINT ( 'NONE',  ( 1.613298175315074579, 0.4000000000000000222, -0.5333360757946679076 ) ) ;
#1866 = CARTESIAN_POINT ( 'NONE',  ( -1.631467973937282601, -5.421010862427522170E-17, -0.7463865132758008558 ) ) ;
#1867 = VECTOR ( 'NONE', #83, 1000.000000000000000 ) ;
#1868 = DIRECTION ( 'NONE',  ( -1.000000000000000000, 0.000000000000000000, 0.000000000000000000 ) ) ;
#1869 = EDGE_CURVE ( 'NONE', #1976, #1199, #129, .T. ) ;
#1870 = CARTESIAN_POINT ( 'NONE',  ( 1.119960011999591609, 0.000000000000000000, -0.4000571257148696214 ) ) ;
#1871 = CARTESIAN_POINT ( 'NONE',  ( 0.000000000000000000, 20.00000000000000000, 0.000000000000000000 ) ) ;
#1872 = LINE ( 'NONE', #122, #1417 ) ;
#1873 = LINE ( 'NONE', #2202, #705 ) ;
#1874 = B_SPLINE_SURFACE_WITH_KNOTS ( 'NONE', 3, 1, ( 
 ( #915, #1771 ),
 ( #1419, #217 ),
 ( #1550, #2251 ),
 ( #1595, #2140 ),
 ( #362, #1729 ),
 ( #1619, #28 ),
 ( #1443, #743 ),
 ( #669, #1257 ),
 ( #891, #1071 ),
 ( #1381, #878 ),
 ( #148, #193 ) ),
 .UNSPECIFIED., .F., .F., .F.,
 ( 4, 1, 1, 1, 1, 1, 1, 1, 4 ),
 ( 2, 2 ),
 ( 0.000000000000000000, 0.1992004568760569472, 0.3743154758170526009, 0.5261583806891614312, 0.6560998944652410847, 0.7640876408964234479, 0.8527265281295840493, 0.9287193592889528837, 1.000000000000000000 ),
 ( 0.000000000000000000, 1.000000000000000000 ),
 .UNSPECIFIED. ) ;
#1875 = ADVANCED_FACE ( 'NONE', ( #1484 ), #1929, .T. ) ;
#1876 = ORIENTED_EDGE ( 'NONE', *, *, #1777, .T. ) ;
#1877 = ORIENTED_EDGE ( 'NONE', *, *, #593, .F. ) ;
#1878 = CARTESIAN_POINT ( 'NONE',  ( 0.000000000000000000, 20.00000000000000000, 0.000000000000000000 ) ) ;
#1879 = DIRECTION ( 'NONE',  ( -0.5203701726754620394, 0.000000000000000000, -0.8539407961853736628 ) ) ;
#1880 = ORIENTED_EDGE ( 'NONE', *, *, #274, .F. ) ;
#1881 = CARTESIAN_POINT ( 'NONE',  ( 1.631279836283329621, 0.000000000000000000, -0.8318724796745617933 ) ) ;
#1882 = PRODUCT_DEFINITION_CONTEXT ( 'detailed design', #111, 'design' ) ;
#1883 = CARTESIAN_POINT ( 'NONE',  ( 1.085226568841666017, 0.4000000000000000222, 2.274596454126464273 ) ) ;
#1884 = CARTESIAN_POINT ( 'NONE',  ( 1.042071686200281677, 0.4000000000000000222, 2.300153793545512748 ) ) ;
#1885 = LINE ( 'NONE', #1895, #1400 ) ;
#1886 = FACE_BOUND ( 'NONE', #1123, .T. ) ;
#1887 = FACE_OUTER_BOUND ( 'NONE', #944, .T. ) ;
#1888 = ORIENTED_EDGE ( 'NONE', *, *, #1367, .F. ) ;
#1889 = ORIENTED_EDGE ( 'NONE', *, *, #2079, .T. ) ;
#1890 = CARTESIAN_POINT ( 'NONE',  ( -1.627859180861016775, 0.4000000000000000222, -0.5245816050124799679 ) ) ;
#1891 = CARTESIAN_POINT ( 'NONE',  ( 0.000000000000000000, 0.000000000000000000, 0.000000000000000000 ) ) ;
#1892 = CARTESIAN_POINT ( 'NONE',  ( -1.555773037042172513, 0.000000000000000000, -1.073109541330890204 ) ) ;
#1893 = CARTESIAN_POINT ( 'NONE',  ( 0.5139816483640982092, 0.4000000000000000222, 2.351844618055555003 ) ) ;
#1894 = DIRECTION ( 'NONE',  ( 0.000000000000000000, 1.000000000000000000, 0.000000000000000000 ) ) ;
#1895 = CARTESIAN_POINT ( 'NONE',  ( 1.119960011999591609, 0.4000000000000000222, 2.207849759369893139 ) ) ;
#1896 = CARTESIAN_POINT ( 'NONE',  ( 0.8972511084122456460, 0.4000000000000000222, -1.993498632401598414 ) ) ;
#1897 = VECTOR ( 'NONE', #1345, 1000.000000000000000 ) ;
#1898 = EDGE_CURVE ( 'NONE', #1672, #917, #1449, .T. ) ;
#1899 = MANIFOLD_SOLID_BREP ( 'Cut-Extrude1', #2113 ) ;
#1900 = ORIENTED_EDGE ( 'NONE', *, *, #943, .T. ) ;
#1901 = DIRECTION ( 'NONE',  ( 0.000000000000000000, -1.000000000000000000, 0.000000000000000000 ) ) ;
#1902 = CARTESIAN_POINT ( 'NONE',  ( -1.586168429513306055, 0.4000000000000000222, -1.036199626144530761 ) ) ;
#1903 = VECTOR ( 'NONE', #826, 1000.000000000000000 ) ;
#1904 = ORIENTED_EDGE ( 'NONE', *, *, #299, .T. ) ;
#1905 = CARTESIAN_POINT ( 'NONE',  ( 1.576158449204200673, 0.000000000000000000, -0.4474433603672498538 ) ) ;
#1906 = CARTESIAN_POINT ( 'NONE',  ( 1.510823484055868082, 0.4000000000000000222, -0.4010635468275376980 ) ) ;
#1907 = CARTESIAN_POINT ( 'NONE',  ( 0.2442257352948033755, -5.421010862427522170E-17, 2.345752455883721499 ) ) ;
#1908 = CARTESIAN_POINT ( 'NONE',  ( 0.05358711207145232941, 0.000000000000000000, 2.326305113918906375 ) ) ;
#1909 = FACE_OUTER_BOUND ( 'NONE', #632, .T. ) ;
#1910 = CARTESIAN_POINT ( 'NONE',  ( 0.5653302522784109385, 0.4000000000000000222, 2.351666333985305890 ) ) ;
#1911 = ORIENTED_EDGE ( 'NONE', *, *, #215, .T. ) ;
#1912 = CARTESIAN_POINT ( 'NONE',  ( -1.517945801978017428, 0.4000000000000000222, -0.1360665514578229818 ) ) ;
#1913 = CARTESIAN_POINT ( 'NONE',  ( 1.042071686200281677, 0.4000000000000000222, 2.300153793545512748 ) ) ;
#1914 = VECTOR ( 'NONE', #1231, 1000.000000000000000 ) ;
#1915 = CARTESIAN_POINT ( 'NONE',  ( -1.627859180861016775, 0.4000000000000000222, -0.5245816050124799679 ) ) ;
#1916 = DIRECTION ( 'NONE',  ( -0.000000000000000000, 1.000000000000000000, -0.000000000000000000 ) ) ;
#1917 = ADVANCED_FACE ( 'NONE', ( #211 ), #653, .F. ) ;
#1918 = DIRECTION ( 'NONE',  ( -0.000000000000000000, -1.000000000000000000, -0.000000000000000000 ) ) ;
#1919 =( NAMED_UNIT ( * ) SI_UNIT ( $, .STERADIAN. ) SOLID_ANGLE_UNIT ( ) );
#1920 = CARTESIAN_POINT ( 'NONE',  ( 0.6597512953617066245, 0.4000000000000000222, 2.351338500965616252 ) ) ;
#1921 = ORIENTED_EDGE ( 'NONE', *, *, #1789, .F. ) ;
#1922 = CARTESIAN_POINT ( 'NONE',  ( 1.558755385529171367, 0.000000000000000000, -1.082359326981245706 ) ) ;
#1923 = CARTESIAN_POINT ( 'NONE',  ( 1.511470040021304806, -0.000000000000000000, -1.102663084168149510 ) ) ;
#1924 = CARTESIAN_POINT ( 'NONE',  ( 1.596465382320112258, 0.4000000000000000222, -0.4844912651317207497 ) ) ;
#1925 = ADVANCED_FACE ( 'NONE', ( #1518 ), #810, .F. ) ;
#1926 = CARTESIAN_POINT ( 'NONE',  ( 0.2879897173713235614, 0.4000000000000000222, -1.869004677167904971 ) ) ;
#1927 = LINE ( 'NONE', #730, #977 ) ;
#1928 = VERTEX_POINT ( 'NONE', #2252 ) ;
#1929 = CONICAL_SURFACE ( 'NONE', #1559, 5.049999999999999822, 0.7853981633974504994 ) ;
#1930 = CARTESIAN_POINT ( 'NONE',  ( 1.042071686200281677, 0.000000000000000000, 2.300153793545512748 ) ) ;
#1931 = ORIENTED_EDGE ( 'NONE', *, *, #2079, .F. ) ;
#1932 = CARTESIAN_POINT ( 'NONE',  ( 1.501946373235166332, 0.4000000000000000222, -1.104031990400327068 ) ) ;
#1933 = PLANE ( 'NONE',  #854 ) ;
#1934 = CARTESIAN_POINT ( 'NONE',  ( -1.607165621529715205, 0.4000000000000000222, -0.9822452014432304646 ) ) ;
#1935 = CARTESIAN_POINT ( 'NONE',  ( 0.4328223322255710936, 0.4000000000000000222, -1.983783699734500638 ) ) ;
#1936 = ADVANCED_FACE ( 'NONE', ( #1153, #831 ), #2218, .T. ) ;
#1937 = CARTESIAN_POINT ( 'NONE',  ( 0.2912315947390720083, 0.4000000000000000222, -1.899809452158070844 ) ) ;
#1938 = EDGE_LOOP ( 'NONE', ( #1432, #465, #1864, #115 ) ) ;
#1939 = CARTESIAN_POINT ( 'NONE',  ( 0.4328223322255710936, 0.000000000000000000, -1.983783699734500638 ) ) ;
#1940 = EDGE_CURVE ( 'NONE', #2134, #972, #1685, .T. ) ;
#1941 = ORIENTED_EDGE ( 'NONE', *, *, #495, .F. ) ;
#1942 = CARTESIAN_POINT ( 'NONE',  ( 1.501946373235166332, 0.4000000000000000222, -0.4000571257148696214 ) ) ;
#1943 = CARTESIAN_POINT ( 'NONE',  ( -0.06519023540719891263, 0.000000000000000000, 2.290144018259439918 ) ) ;
#1944 = CARTESIAN_POINT ( 'NONE',  ( -1.518140665061544325, 0.4000000000000000222, -1.094427216300741357 ) ) ;
#1945 = B_SPLINE_SURFACE_WITH_KNOTS ( 'NONE', 3, 1, ( 
 ( #1385, #1563 ),
 ( #2092, #335 ),
 ( #2110, #1046 ),
 ( #1411, #160 ),
 ( #1394, #2083 ),
 ( #2272, #682 ),
 ( #1252, #852 ),
 ( #1743, #197 ),
 ( #895, #188 ),
 ( #510, #526 ),
 ( #2254, #1241 ) ),
 .UNSPECIFIED., .F., .F., .F.,
 ( 4, 1, 1, 1, 1, 1, 1, 1, 4 ),
 ( 2, 2 ),
 ( 0.000000000000000000, 0.06571297284094350377, 0.1303508142843558260, 0.2032366366042110128, 0.2997066024457668565, 0.4205061072346960582, 0.5726288201944412792, 0.7613923663534399866, 1.000000000000000000 ),
 ( 0.000000000000000000, 1.000000000000000000 ),
 .UNSPECIFIED. ) ;
#1946 = CARTESIAN_POINT ( 'NONE',  ( 1.624169455272490348, 0.4000000000000000222, -0.9020717910005945361 ) ) ;
#1947 = CARTESIAN_POINT ( 'NONE',  ( 0.4328223322255710936, 0.4000000000000000222, -1.983783699734500638 ) ) ;
#1948 = VECTOR ( 'NONE', #1725, 1000.000000000000227 ) ;
#1949 = CARTESIAN_POINT ( 'NONE',  ( 1.631941731770833126, 0.000000000000000000, -0.7550444509468829946 ) ) ;
#1950 = EDGE_LOOP ( 'NONE', ( #179, #29, #44, #1900 ) ) ;
#1951 = EDGE_CURVE ( 'NONE', #6, #2141, #468, .T. ) ;
#1952 = CARTESIAN_POINT ( 'NONE',  ( 0.5139816483640982092, 0.000000000000000000, 2.351844618055555003 ) ) ;
#1953 = VERTEX_POINT ( 'NONE', #2242 ) ;
#1954 = CARTESIAN_POINT ( 'NONE',  ( 1.613547760072937987, 0.4000000000000000222, -0.9623602105129217543 ) ) ;
#1955 = B_SPLINE_CURVE_WITH_KNOTS ( 'NONE', 3,
 ( #337, #1397, #1243, #1944, #1735, #864, #1934, #369, #1778, #1440, #886 ),
 .UNSPECIFIED., .F., .F.,
 ( 4, 1, 1, 1, 1, 1, 1, 1, 4 ),
 ( 0.000000000000000000, 0.09022875229637501715, 0.1723902669154757650, 0.2512930218932806770, 0.3387620935329472838, 0.4474779943794972015, 0.5880251105863664174, 0.7689596662512557801, 1.000000000000000000 ),
 .UNSPECIFIED. ) ;
#1956 = CARTESIAN_POINT ( 'NONE',  ( -1.627859180861016775, 0.000000000000000000, -0.5245816050124799679 ) ) ;
#1957 = FACE_OUTER_BOUND ( 'NONE', #1284, .T. ) ;
#1958 = LINE ( 'NONE', #1225, #1366 ) ;
#1959 = CARTESIAN_POINT ( 'NONE',  ( 0.2809899672963260819, 0.4000000000000000222, 1.583872038398692172 ) ) ;
#1960 = ORIENTED_EDGE ( 'NONE', *, *, #1679, .T. ) ;
#1961 = LINE ( 'NONE', #1808, #308 ) ;
#1962 = EDGE_CURVE ( 'NONE', #232, #1072, #2062, .T. ) ;
#1963 = ORIENTED_EDGE ( 'NONE', *, *, #2261, .F. ) ;
#1964 = ORIENTED_EDGE ( 'NONE', *, *, #1951, .T. ) ;
#1965 = CARTESIAN_POINT ( 'NONE',  ( 1.529189779373557601, 0.000000000000000000, -0.4031457814354590385 ) ) ;
#1966 = CARTESIAN_POINT ( 'NONE',  ( 1.531146960129490253, 0.000000000000000000, -1.099834776629569744 ) ) ;
#1967 = ORIENTED_EDGE ( 'NONE', *, *, #1537, .T. ) ;
#1968 = DIRECTION ( 'NONE',  ( 1.000000000000000000, 0.000000000000000000, -0.000000000000000000 ) ) ;
#1969 = CARTESIAN_POINT ( 'NONE',  ( -1.620675538608120636, 0.000000000000000000, -0.4481971072876071993 ) ) ;
#1970 = ADVANCED_FACE ( 'NONE', ( #489 ), #305, .F. ) ;
#1971 = CIRCLE ( 'NONE', #2007, 4.349999999999999645 ) ;
#1972 = CARTESIAN_POINT ( 'NONE',  ( 0.8972511084122456460, 0.4000000000000000222, -1.993498632401598414 ) ) ;
#1973 = CARTESIAN_POINT ( 'NONE',  ( -1.517945801978017428, 0.4000000000000000222, -0.1360665514578229818 ) ) ;
#1974 = ORIENTED_EDGE ( 'NONE', *, *, #622, .T. ) ;
#1975 = CARTESIAN_POINT ( 'NONE',  ( 1.115197825070561866, 0.4000000000000000222, 2.244496697660730344 ) ) ;
#1976 = VERTEX_POINT ( 'NONE', #2052 ) ;
#1977 = ORIENTED_EDGE ( 'NONE', *, *, #954, .F. ) ;
#1978 = CARTESIAN_POINT ( 'NONE',  ( 0.05358711207145232941, 0.4000000000000000222, 2.326305113918906375 ) ) ;
#1979 = CARTESIAN_POINT ( 'NONE',  ( -1.475615651595603595, 0.4000000000000000222, -1.102229679327578094 ) ) ;
#1980 = DIRECTION ( 'NONE',  ( 0.000000000000000000, 0.000000000000000000, -1.000000000000000000 ) ) ;
#1981 = CARTESIAN_POINT ( 'NONE',  ( -1.517945801978017428, 0.000000000000000000, -0.1360665514578229818 ) ) ;
#1982 = CARTESIAN_POINT ( 'NONE',  ( -1.631941731770833126, -5.421010862427522170E-17, -0.7070461647183291509 ) ) ;
#1983 = CARTESIAN_POINT ( 'NONE',  ( -0.1032617632700168903, 0.4000000000000000222, 2.266019563726219932 ) ) ;
#1984 = ORIENTED_EDGE ( 'NONE', *, *, #1487, .T. ) ;
#1985 = CARTESIAN_POINT ( 'NONE',  ( 1.085226568841666017, 0.000000000000000000, 2.274596454126464273 ) ) ;
#1986 = VERTEX_POINT ( 'NONE', #649 ) ;
#1987 = ORIENTED_EDGE ( 'NONE', *, *, #66, .F. ) ;
#1988 = CARTESIAN_POINT ( 'NONE',  ( 0.4636431803594143197, 0.4000000000000000222, 2.351472752367772756 ) ) ;
#1989 = CARTESIAN_POINT ( 'NONE',  ( 0.000000000000000000, 0.9999999999999974465, 0.000000000000000000 ) ) ;
#1990 = CARTESIAN_POINT ( 'NONE',  ( 0.2809899672963260819, 0.4000000000000000222, 1.583872038398692172 ) ) ;
#1991 = ADVANCED_FACE ( 'NONE', ( #1362 ), #906, .T. ) ;
#1992 = LINE ( 'NONE', #2187, #98 ) ;
#1993 = DIRECTION ( 'NONE',  ( 0.000000000000000000, -1.000000000000000000, 0.000000000000000000 ) ) ;
#1994 = CARTESIAN_POINT ( 'NONE',  ( -1.517945801978017428, 0.4000000000000000222, -0.1360665514578229818 ) ) ;
#1995 = CARTESIAN_POINT ( 'NONE',  ( 1.631711834263198879, 0.4000000000000000222, -0.7817292866262952611 ) ) ;
#1996 = ORIENTED_EDGE ( 'NONE', *, *, #1795, .F. ) ;
#1997 = EDGE_LOOP ( 'NONE', ( #843, #1516, #1163, #1876 ) ) ;
#1998 = LINE ( 'NONE', #1648, #2247 ) ;
#1999 = CARTESIAN_POINT ( 'NONE',  ( 0.8956335150635089670, 0.000000000000000000, 2.334494550275817204 ) ) ;
#2000 = ORIENTED_EDGE ( 'NONE', *, *, #965, .F. ) ;
#2001 = DIRECTION ( 'NONE',  ( -0.000000000000000000, -1.000000000000000000, -0.000000000000000000 ) ) ;
#2002 = AXIS2_PLACEMENT_3D ( 'NONE', #2069, #1323, #485 ) ;
#2003 = CARTESIAN_POINT ( 'NONE',  ( -1.548716530228868571, 0.4000000000000000222, -0.1963678720891230689 ) ) ;
#2004 = CARTESIAN_POINT ( 'NONE',  ( -1.607165621529715205, -5.421010862427522170E-17, -0.9822452014432304646 ) ) ;
#2005 = CARTESIAN_POINT ( 'NONE',  ( -0.06519023540719891263, 0.4000000000000000222, 2.290144018259439918 ) ) ;
#2006 = EDGE_CURVE ( 'NONE', #1928, #1505, #1210, .T. ) ;
#2007 = AXIS2_PLACEMENT_3D ( 'NONE', #1538, #2076, #506 ) ;
#2008 = DIRECTION ( 'NONE',  ( 0.000000000000000000, 0.000000000000000000, -1.000000000000000000 ) ) ;
#2009 = AXIS2_PLACEMENT_3D ( 'NONE', #875, #259, #212 ) ;
#2010 = CARTESIAN_POINT ( 'NONE',  ( -0.06519023540719891263, 0.4000000000000000222, 2.290144018259439918 ) ) ;
#2011 = ORIENTED_EDGE ( 'NONE', *, *, #101, .F. ) ;
#2012 = ORIENTED_EDGE ( 'NONE', *, *, #1951, .F. ) ;
#2013 = FACE_OUTER_BOUND ( 'NONE', #388, .T. ) ;
#2014 = CARTESIAN_POINT ( 'NONE',  ( 0.2879897173713235614, 0.4000000000000000222, -0.4000571257148696214 ) ) ;
#2015 = EDGE_CURVE ( 'NONE', #759, #1549, #2262, .T. ) ;
#2016 = CARTESIAN_POINT ( 'NONE',  ( 1.119960011999591609, 0.000000000000000000, 2.207849759369893139 ) ) ;
#2017 = DIRECTION ( 'NONE',  ( -0.000000000000000000, 1.000000000000000000, -0.000000000000000000 ) ) ;
#2018 = CARTESIAN_POINT ( 'NONE',  ( -1.622758573185171249, -5.421010862427522170E-17, -0.9105083273658058918 ) ) ;
#2019 = CYLINDRICAL_SURFACE ( 'NONE', #870, 5.049999999999999822 ) ;
#2020 = VERTEX_POINT ( 'NONE', #893 ) ;
#2021 = CARTESIAN_POINT ( 'NONE',  ( 0.000000000000000000, 23.00000000000000000, 0.000000000000000000 ) ) ;
#2022 = VECTOR ( 'NONE', #262, 1000.000000000000000 ) ;
#2023 = ORIENTED_EDGE ( 'NONE', *, *, #1181, .T. ) ;
#2024 = ADVANCED_FACE ( 'NONE', ( #18 ), #711, .T. ) ;
#2025 = ORIENTED_EDGE ( 'NONE', *, *, #885, .T. ) ;
#2026 = CARTESIAN_POINT ( 'NONE',  ( 1.510823484055868082, 0.4000000000000000222, -0.4010635468275376980 ) ) ;
#2027 = CARTESIAN_POINT ( 'NONE',  ( 0.4328223322255710936, 0.4000000000000000222, -1.983783699734500638 ) ) ;
#2028 = VERTEX_POINT ( 'NONE', #325 ) ;
#2029 = DIRECTION ( 'NONE',  ( 0.000000000000000000, -1.000000000000000000, 0.000000000000000000 ) ) ;
#2030 = CARTESIAN_POINT ( 'NONE',  ( 1.119960011999591609, 0.000000000000000000, -1.104031990400327068 ) ) ;
#2031 = CARTESIAN_POINT ( 'NONE',  ( -1.586168429513306055, 0.4000000000000000222, -1.036199626144530761 ) ) ;
#2032 = CARTESIAN_POINT ( 'NONE',  ( 0.000000000000000000, 1.999999999999998224, 0.000000000000000000 ) ) ;
#2033 = ORIENTED_EDGE ( 'NONE', *, *, #885, .F. ) ;
#2034 = CARTESIAN_POINT ( 'NONE',  ( 0.7369822986160642353, 0.4000000000000000222, -1.999719258264111454 ) ) ;
#2035 = ORIENTED_EDGE ( 'NONE', *, *, #2201, .F. ) ;
#2036 = ORIENTED_EDGE ( 'NONE', *, *, #1819, .F. ) ;
#2037 = CARTESIAN_POINT ( 'NONE',  ( 6.184466335694133068E-16, 0.9999999999999974465, 5.049999999999999822 ) ) ;
#2038 = DIRECTION ( 'NONE',  ( 0.000000000000000000, 0.000000000000000000, 1.000000000000000000 ) ) ;
#2039 = ADVANCED_FACE ( 'NONE', ( #1422 ), #2144, .F. ) ;
#2040 = CARTESIAN_POINT ( 'NONE',  ( 1.631711834263198879, 0.000000000000000000, -0.7817292866262952611 ) ) ;
#2041 = AXIS2_PLACEMENT_3D ( 'NONE', #1722, #662, #833 ) ;
#2042 = CARTESIAN_POINT ( 'NONE',  ( -0.9279668670853755685, 0.4000000000000000222, -0.4000571257148696214 ) ) ;
#2043 = CARTESIAN_POINT ( 'NONE',  ( -0.1259955013499540200, 0.4000000000000000222, 2.234848795373454600 ) ) ;
#2044 = ADVANCED_FACE ( 'NONE', ( #680 ), #556, .T. ) ;
#2045 = B_SPLINE_CURVE_WITH_KNOTS ( 'NONE', 3,
 ( #173, #865, #1574, #1946, #1605, #1406, #529, #2103, #213, #1267, #3 ),
 .UNSPECIFIED., .F., .F.,
 ( 4, 1, 1, 1, 1, 1, 1, 1, 4 ),
 ( 0.000000000000000000, 0.1992004568760569472, 0.3743154758170526009, 0.5261583806891614312, 0.6560998944652410847, 0.7640876408964234479, 0.8527265281295840493, 0.9287193592889528837, 1.000000000000000000 ),
 .UNSPECIFIED. ) ;
#2046 = CARTESIAN_POINT ( 'NONE',  ( 0.6989750432033166039, 0.4000000000000000222, -2.000000000000000444 ) ) ;
#2047 = CARTESIAN_POINT ( 'NONE',  ( 0.2879897173713235614, 0.4000000000000000222, 1.583872038398692172 ) ) ;
#2048 = ORIENTED_EDGE ( 'NONE', *, *, #318, .F. ) ;
#2049 = CLOSED_SHELL ( 'NONE', ( #1118, #904, #779, #24, #381, #1970, #1764, #1761, #1917, #1545, #642, #984, #2039, #1247, #1737, #749, #164, #2209, #1837, #1459, #2235 ) ) ;
#2050 = ORIENTED_EDGE ( 'NONE', *, *, #1264, .T. ) ;
#2051 = CARTESIAN_POINT ( 'NONE',  ( 1.510823484055868082, 0.000000000000000000, -0.4010635468275376980 ) ) ;
#2052 = CARTESIAN_POINT ( 'NONE',  ( 0.5139816483640982092, 0.000000000000000000, 2.351844618055555003 ) ) ;
#2053 = CARTESIAN_POINT ( 'NONE',  ( 1.529189779373557601, 0.000000000000000000, -0.4031457814354590385 ) ) ;
#2054 = CARTESIAN_POINT ( 'NONE',  ( 1.085226568841666017, 0.4000000000000000222, 2.274596454126464273 ) ) ;
#2055 = EDGE_CURVE ( 'NONE', #578, #609, #65, .T. ) ;
#2056 = DIRECTION ( 'NONE',  ( -0.000000000000000000, -1.000000000000000000, -0.000000000000000000 ) ) ;
#2057 = CARTESIAN_POINT ( 'NONE',  ( 0.000000000000000000, 23.00000000000000000, 0.000000000000000000 ) ) ;
#2058 = CARTESIAN_POINT ( 'NONE',  ( -1.430948908188763413, 0.4000000000000000222, -1.104031990400327068 ) ) ;
#2059 = ORIENTED_EDGE ( 'NONE', *, *, #1692, .T. ) ;
#2060 = ORIENTED_EDGE ( 'NONE', *, *, #791, .F. ) ;
#2061 = LINE ( 'NONE', #488, #543 ) ;
#2062 = LINE ( 'NONE', #317, #1266 ) ;
#2063 = AXIS2_PLACEMENT_3D ( 'NONE', #1871, #991, #121 ) ;
#2064 = ADVANCED_BREP_SHAPE_REPRESENTATION ( 'JK-RTF-02-11-01 Knob_4', ( #1899, #1148, #674 ), #889 ) ;
#2065 = CARTESIAN_POINT ( 'NONE',  ( 1.501946373235166332, 0.000000000000000000, -0.4000571257148696214 ) ) ;
#2066 = LINE ( 'NONE', #2043, #582 ) ;
#2067 = EDGE_CURVE ( 'NONE', #1402, #1472, #1961, .T. ) ;
#2068 = CARTESIAN_POINT ( 'NONE',  ( -0.1259955013499540200, 0.000000000000000000, 2.234848795373454600 ) ) ;
#2069 = CARTESIAN_POINT ( 'NONE',  ( 1.119960011999591609, 0.4000000000000000222, -0.4000571257148696214 ) ) ;
#2070 = EDGE_LOOP ( 'NONE', ( #735, #1647, #2216, #2146 ) ) ;
#2071 = CARTESIAN_POINT ( 'NONE',  ( 0.2879897173713235614, 0.4000000000000000222, -1.104031990400327068 ) ) ;
#2072 = CARTESIAN_POINT ( 'NONE',  ( -1.630623202256429094, -5.421010862427522170E-17, -0.8165354586287084659 ) ) ;
#2073 = CARTESIAN_POINT ( 'NONE',  ( 0.6597512953617066245, 0.4000000000000000222, 2.351338500965616252 ) ) ;
#2074 = CARTESIAN_POINT ( 'NONE',  ( 0.8050572605888969280, 0.000000000000000000, -1.999216420508864944 ) ) ;
#2075 = CARTESIAN_POINT ( 'NONE',  ( 0.6989750432033166039, 0.4000000000000000222, -2.000000000000000444 ) ) ;
#2076 = DIRECTION ( 'NONE',  ( 0.000000000000000000, -1.000000000000000000, 0.000000000000000000 ) ) ;
#2077 = ORIENTED_EDGE ( 'NONE', *, *, #1561, .F. ) ;
#2078 = CARTESIAN_POINT ( 'NONE',  ( 0.4328223322255710936, 0.000000000000000000, -1.983783699734500638 ) ) ;
#2079 = EDGE_CURVE ( 'NONE', #1172, #1064, #1098, .T. ) ;
#2080 = CARTESIAN_POINT ( 'NONE',  ( 1.119960011999591609, 0.4000000000000000222, 2.207849759369893139 ) ) ;
#2081 = AXIS2_PLACEMENT_3D ( 'NONE', #982, #2178, #1135 ) ;
#2082 = VERTEX_POINT ( 'NONE', #586 ) ;
#2083 = CARTESIAN_POINT ( 'NONE',  ( 1.070457055762610077, -5.421010862427522170E-17, -1.952360817268248949 ) ) ;
#2084 = EDGE_CURVE ( 'NONE', #1492, #1751, #832, .T. ) ;
#2085 = CARTESIAN_POINT ( 'NONE',  ( 1.501946373235166332, 0.4000000000000000222, -1.104031990400327068 ) ) ;
#2086 = VECTOR ( 'NONE', #1424, 1000.000000000000000 ) ;
#2087 = CARTESIAN_POINT ( 'NONE',  ( 0.7369822986160642353, -0.000000000000000000, -1.999719258264111454 ) ) ;
#2088 = DIRECTION ( 'NONE',  ( -0.000000000000000000, -1.000000000000000000, -0.000000000000000000 ) ) ;
#2089 = DIRECTION ( 'NONE',  ( 0.000000000000000000, 0.000000000000000000, 1.000000000000000000 ) ) ;
#2090 = CARTESIAN_POINT ( 'NONE',  ( 0.7894642059693486313, 0.000000000000000000, 2.344069355934343069 ) ) ;
#2091 = EDGE_CURVE ( 'NONE', #727, #658, #557, .T. ) ;
#2092 = CARTESIAN_POINT ( 'NONE',  ( 1.119027599636892800, 0.4000000000000000222, -1.879514941604421896 ) ) ;
#2093 = DIRECTION ( 'NONE',  ( 8.659560562354830553E-17, 0.7071067811865561215, -0.7071067811865390240 ) ) ;
#2094 = DIRECTION ( 'NONE',  ( 0.000000000000000000, -1.000000000000000000, 0.000000000000000000 ) ) ;
#2095 = CARTESIAN_POINT ( 'NONE',  ( 0.5962377208626962188, 0.4000000000000000222, -1.999097970033031357 ) ) ;
#2096 = DIRECTION ( 'NONE',  ( -0.5203701726754620394, 0.000000000000000000, -0.8539407961853736628 ) ) ;
#2097 = CARTESIAN_POINT ( 'NONE',  ( 0.5962377208626962188, 0.4000000000000000222, -1.999097970033031357 ) ) ;
#2098 = ORIENTED_EDGE ( 'NONE', *, *, #868, .F. ) ;
#2099 = LINE ( 'NONE', #501, #2086 ) ;
#2100 = DIRECTION ( 'NONE',  ( -0.000000000000000000, 0.000000000000000000, -1.000000000000000000 ) ) ;
#2101 = EDGE_CURVE ( 'NONE', #1953, #986, #228, .T. ) ;
#2102 = DIRECTION ( 'NONE',  ( 0.8623640029130685836, 0.000000000000000000, -0.5062887777541086320 ) ) ;
#2103 = CARTESIAN_POINT ( 'NONE',  ( 1.558755385529171367, 0.4000000000000000222, -1.082359326981245706 ) ) ;
#2104 = CARTESIAN_POINT ( 'NONE',  ( 0.2879897173713235614, 0.4000000000000000222, -1.869004677167904971 ) ) ;
#2105 = EDGE_CURVE ( 'NONE', #903, #1953, #230, .T. ) ;
#2106 = ORIENTED_EDGE ( 'NONE', *, *, #1223, .F. ) ;
#2107 = VECTOR ( 'NONE', #1663, 1000.000000000000000 ) ;
#2108 = CARTESIAN_POINT ( 'NONE',  ( 0.9788260368178351989, 0.000000000000000000, 2.318529598957528304 ) ) ;
#2109 = ORIENTED_EDGE ( 'NONE', *, *, #1276, .F. ) ;
#2110 = CARTESIAN_POINT ( 'NONE',  ( 1.117178030130719701, 0.4000000000000000222, -1.900363511809272543 ) ) ;
#2111 = CARTESIAN_POINT ( 'NONE',  ( -1.517945801978017428, 0.000000000000000000, -0.1360665514578229818 ) ) ;
#2112 = CARTESIAN_POINT ( 'NONE',  ( 1.631275776756527129, 0.4000000000000000222, -0.6705646704838906791 ) ) ;
#2113 = CLOSED_SHELL ( 'NONE', ( #1620, #1750, #1296, #53, #1430, #470, #1936, #858, #486, #1096, #2174, #761, #72, #1875, #708, #978, #1127, #1415, #95, #916, #1991, #732, #1057, #503, #1051, #1668, #1322, #2044, #530, #2269, #1557, #1307, #2024, #849, #581, #1925 ) ) ;
#2114 = CARTESIAN_POINT ( 'NONE',  ( 5.572142936120455355E-16, 0.000000000000000000, -4.049999999999998046 ) ) ;
#2115 = EDGE_CURVE ( 'NONE', #2028, #1610, #1453, .T. ) ;
#2116 = CARTESIAN_POINT ( 'NONE',  ( 0.6626384832346486897, 0.4000000000000000222, -1.999680966320305231 ) ) ;
#2117 = CARTESIAN_POINT ( 'NONE',  ( 0.3755879979515597267, 0.000000000000000000, -1.971219320345567017 ) ) ;
#2118 = ORIENTED_EDGE ( 'NONE', *, *, #227, .F. ) ;
#2119 = CARTESIAN_POINT ( 'NONE',  ( 0.6597512953617066245, 0.4000000000000000222, 2.351338500965616252 ) ) ;
#2120 = B_SPLINE_CURVE_WITH_KNOTS ( 'NONE', 3,
 ( #551, #1222, #527, #1755, #726, #1242, #189, #1263, #1966, #1923, #773 ),
 .UNSPECIFIED., .F., .F.,
 ( 4, 1, 1, 1, 1, 1, 1, 1, 4 ),
 ( 0.000000000000000000, 0.1992004568760569472, 0.3743154758170526009, 0.5261583806891614312, 0.6560998944652410847, 0.7640876408964234479, 0.8527265281295840493, 0.9287193592889528837, 1.000000000000000000 ),
 .UNSPECIFIED. ) ;
#2121 = EDGE_LOOP ( 'NONE', ( #2194, #1638, #315, #736 ) ) ;
#2122 = CARTESIAN_POINT ( 'NONE',  ( -1.631941731770833126, 0.4000000000000000222, -0.7070461647183291509 ) ) ;
#2123 = CARTESIAN_POINT ( 'NONE',  ( -1.631696439561302281, 0.000000000000000000, -0.6116776544316341324 ) ) ;
#2124 = CARTESIAN_POINT ( 'NONE',  ( 1.576158449204200673, 0.000000000000000000, -0.4474433603672498538 ) ) ;
#2125 = B_SPLINE_SURFACE_WITH_KNOTS ( 'NONE', 3, 1, ( 
 ( #1286, #1274 ),
 ( #922, #1624 ),
 ( #1437, #429 ),
 ( #58, #600 ),
 ( #391, #550 ),
 ( #1978, #2135 ),
 ( #588, #576 ),
 ( #1125, #1140 ),
 ( #1089, #934 ),
 ( #1988, #750 ),
 ( #210, #1462 ) ),
 .UNSPECIFIED., .F., .F., .F.,
 ( 4, 1, 1, 1, 1, 1, 1, 1, 4 ),
 ( 2, 2 ),
 ( 0.000000000000000000, 0.05423742427296906338, 0.1177593345646652662, 0.1983650232099541388, 0.3003789706336599252, 0.4290872299517512478, 0.5852153539692592776, 0.7739618563296772891, 1.000000000000000000 ),
 ( 0.000000000000000000, 1.000000000000000000 ),
 .UNSPECIFIED. ) ;
#2126 = CARTESIAN_POINT ( 'NONE',  ( 1.631941731770833348, 0.4000000000000000222, -0.7550444509468831056 ) ) ;
#2127 = VECTOR ( 'NONE', #956, 1000.000000000000000 ) ;
#2128 = CARTESIAN_POINT ( 'NONE',  ( 0.3047094954776950471, 0.4000000000000000222, -1.929821711146636254 ) ) ;
#2129 = EDGE_CURVE ( 'NONE', #917, #365, #1129, .T. ) ;
#2130 = ORIENTED_EDGE ( 'NONE', *, *, #1391, .T. ) ;
#2131 = CARTESIAN_POINT ( 'NONE',  ( 0.000000000000000000, 23.00000000000000000, 0.000000000000000000 ) ) ;
#2132 = VECTOR ( 'NONE', #324, 1000.000000000000000 ) ;
#2133 = ORIENTED_EDGE ( 'NONE', *, *, #205, .F. ) ;
#2134 = VERTEX_POINT ( 'NONE', #287 ) ;
#2135 = CARTESIAN_POINT ( 'NONE',  ( 0.05358711207145232941, -5.421010862427522170E-17, 2.326305113918906375 ) ) ;
#2136 = CARTESIAN_POINT ( 'NONE',  ( 5.327213576290986242E-16, 20.50000000000001066, -4.349999999999999645 ) ) ;
#2137 = CARTESIAN_POINT ( 'NONE',  ( 0.000000000000000000, 23.00000000000000000, -5.049999999999999822 ) ) ;
#2138 = CARTESIAN_POINT ( 'NONE',  ( -1.627859180861016775, 0.000000000000000000, -0.5245816050124799679 ) ) ;
#2139 = CARTESIAN_POINT ( 'NONE',  ( 0.5962377208626962188, 0.4000000000000000222, -1.999097970033031357 ) ) ;
#2140 = CARTESIAN_POINT ( 'NONE',  ( 1.624169455272490348, 0.000000000000000000, -0.9020717910005945361 ) ) ;
#2141 = VERTEX_POINT ( 'NONE', #1861 ) ;
#2142 = CARTESIAN_POINT ( 'NONE',  ( 1.511470040021304806, 0.4000000000000000222, -1.102663084168149510 ) ) ;
#2143 = B_SPLINE_CURVE_WITH_KNOTS ( 'NONE', 3,
 ( #1082, #2116, #2139, #1428, #1947, #522, #27, #2128, #1937, #1407, #2104 ),
 .UNSPECIFIED., .F., .F.,
 ( 4, 1, 1, 1, 1, 1, 1, 1, 4 ),
 ( 0.000000000000000000, 0.2322791360992397525, 0.4244626275406201410, 0.5793414412683137726, 0.7023295449945020641, 0.7966811746842309416, 0.8692482472795266535, 0.9330964648072065382, 0.9999999999999998890 ),
 .UNSPECIFIED. ) ;
#2144 = B_SPLINE_SURFACE_WITH_KNOTS ( 'NONE', 3, 1, ( 
 ( #364, #1952 ),
 ( #1218, #167 ),
 ( #2119, #534 ),
 ( #1569, #507 ),
 ( #1239, #860 ),
 ( #195, #2108 ),
 ( #1599, #1930 ),
 ( #30, #515 ),
 ( #1056, #1382 ),
 ( #869, #1578 ),
 ( #2080, #499 ) ),
 .UNSPECIFIED., .F., .F., .F.,
 ( 4, 1, 1, 1, 1, 1, 1, 1, 4 ),
 ( 2, 2 ),
 ( 0.000000000000000000, 0.2337954102253704813, 0.4299086015737501598, 0.5916832451177551633, 0.7185086770228795716, 0.8159582512457558279, 0.8888550220287297909, 0.9469777010511061244, 1.000000000000000000 ),
 ( 0.000000000000000000, 1.000000000000000000 ),
 .UNSPECIFIED. ) ;
#2145 = VECTOR ( 'NONE', #61, 1000.000000000000000 ) ;
#2146 = ORIENTED_EDGE ( 'NONE', *, *, #874, .T. ) ;
#2147 = ORIENTED_EDGE ( 'NONE', *, *, #834, .T. ) ;
#2148 = LINE ( 'NONE', #69, #661 ) ;
#2149 = LINE ( 'NONE', #235, #1525 ) ;
#2150 = PLANE ( 'NONE',  #859 ) ;
#2151 = CARTESIAN_POINT ( 'NONE',  ( 1.100781448899015302, 0.000000000000000000, -1.929606387004747292 ) ) ;
#2152 = VECTOR ( 'NONE', #1714, 1000.000000000000000 ) ;
#2153 = CARTESIAN_POINT ( 'NONE',  ( -0.9279668670853755685, 0.4000000000000000222, -0.4000571257148696214 ) ) ;
#2154 = SURFACE_SIDE_STYLE ('',( #1246 ) ) ;
#2155 = VECTOR ( 'NONE', #1114, 1000.000000000000000 ) ;
#2156 = ORIENTED_EDGE ( 'NONE', *, *, #1353, .T. ) ;
#2157 = DIRECTION ( 'NONE',  ( 0.000000000000000000, 0.000000000000000000, 1.000000000000000000 ) ) ;
#2158 = ORIENTED_EDGE ( 'NONE', *, *, #1637, .F. ) ;
#2159 = CARTESIAN_POINT ( 'NONE',  ( 1.554586269062668169, 0.000000000000000000, -0.4202717173929969574 ) ) ;
#2160 = CARTESIAN_POINT ( 'NONE',  ( 1.119960011999591609, 0.4000000000000000222, -1.104031990400327068 ) ) ;
#2161 = EDGE_CURVE ( 'NONE', #2020, #2134, #702, .T. ) ;
#2162 = VERTEX_POINT ( 'NONE', #113 ) ;
#2163 = LINE ( 'NONE', #579, #2155 ) ;
#2164 = CARTESIAN_POINT ( 'NONE',  ( 1.042071686200281677, 0.000000000000000000, 2.300153793545512748 ) ) ;
#2165 = CARTESIAN_POINT ( 'NONE',  ( -1.475615651595603595, 0.4000000000000000222, -1.102229679327578094 ) ) ;
#2166 = CARTESIAN_POINT ( 'NONE',  ( 1.624583150962905176, 0.4000000000000000222, -0.5952718658697407905 ) ) ;
#2167 = VERTEX_POINT ( 'NONE', #1491 ) ;
#2168 = DIRECTION ( 'NONE',  ( -0.000000000000000000, -1.000000000000000000, -0.000000000000000000 ) ) ;
#2169 = ORIENTED_EDGE ( 'NONE', *, *, #1379, .F. ) ;
#2170 = VERTEX_POINT ( 'NONE', #474 ) ;
#2171 = CARTESIAN_POINT ( 'NONE',  ( -1.622758573185171249, 0.000000000000000000, -0.9105083273658058918 ) ) ;
#2172 = CARTESIAN_POINT ( 'NONE',  ( -1.475615651595603595, -5.421010862427522170E-17, -1.102229679327578094 ) ) ;
#2173 = PLANE ( 'NONE',  #712 ) ;
#2174 = ADVANCED_FACE ( 'NONE', ( #100, #983 ), #645, .T. ) ;
#2175 = CARTESIAN_POINT ( 'NONE',  ( 1.501946373235166332, 0.4000000000000000222, -1.104031990400327068 ) ) ;
#2176 = CARTESIAN_POINT ( 'NONE',  ( -1.630623202256429094, -5.421010862427522170E-17, -0.8165354586287084659 ) ) ;
#2177 = PLANE ( 'NONE',  #38 ) ;
#2178 = DIRECTION ( 'NONE',  ( -1.000000000000000000, 0.000000000000000000, -0.000000000000000000 ) ) ;
#2179 = EDGE_CURVE ( 'NONE', #1928, #818, #1513, .T. ) ;
#2180 = CARTESIAN_POINT ( 'NONE',  ( -0.1188266488327035103, 0.4000000000000000222, 2.244678179365855009 ) ) ;
#2181 = VERTEX_POINT ( 'NONE', #438 ) ;
#2182 = CARTESIAN_POINT ( 'NONE',  ( -1.631941731770832904, 0.4000000000000000222, -0.7070461647183290399 ) ) ;
#2183 = PRESENTATION_STYLE_ASSIGNMENT (( #601 ) ) ;
#2184 = CARTESIAN_POINT ( 'NONE',  ( -1.548716530228868571, 0.000000000000000000, -0.1963678720891230689 ) ) ;
#2185 = AXIS2_PLACEMENT_3D ( 'NONE', #2047, #136, #827 ) ;
#2186 = CARTESIAN_POINT ( 'NONE',  ( 1.501946373235166332, 0.000000000000000000, -1.104031990400327068 ) ) ;
#2187 = CARTESIAN_POINT ( 'NONE',  ( 0.000000000000000000, 0.9999999999999974465, 5.049999999999999822 ) ) ;
#2188 = DIRECTION ( 'NONE',  ( 0.000000000000000000, -1.000000000000000000, 0.000000000000000000 ) ) ;
#2189 = EDGE_CURVE ( 'NONE', #1492, #1022, #2214, .T. ) ;
#2190 = VECTOR ( 'NONE', #1490, 1000.000000000000227 ) ;
#2191 = ORIENTED_EDGE ( 'NONE', *, *, #236, .F. ) ;
#2192 = PLANE ( 'NONE',  #2002 ) ;
#2193 = ORIENTED_EDGE ( 'NONE', *, *, #1591, .F. ) ;
#2194 = ORIENTED_EDGE ( 'NONE', *, *, #1515, .T. ) ;
#2195 = CARTESIAN_POINT ( 'NONE',  ( -1.611404230362198930, 0.4000000000000000222, -0.3794634694473903447 ) ) ;
#2196 = CARTESIAN_POINT ( 'NONE',  ( -1.517945801978017428, 0.000000000000000000, -0.1360665514578229818 ) ) ;
#2197 = CARTESIAN_POINT ( 'NONE',  ( -1.517945801978017428, 0.4000000000000000222, -0.1360665514578229818 ) ) ;
#2198 = LINE ( 'NONE', #2153, #272 ) ;
#2199 = CARTESIAN_POINT ( 'NONE',  ( 1.529189779373557601, 0.4000000000000000222, -0.4031457814354590385 ) ) ;
#2200 = DIRECTION ( 'NONE',  ( 0.000000000000000000, 0.000000000000000000, 1.000000000000000000 ) ) ;
#2201 = EDGE_CURVE ( 'NONE', #1986, #1380, #1873, .T. ) ;
#2202 = CARTESIAN_POINT ( 'NONE',  ( 1.501946373235166332, 0.4000000000000000222, -0.4000571257148696214 ) ) ;
#2203 = VECTOR ( 'NONE', #608, 1000.000000000000000 ) ;
#2204 = ORIENTED_EDGE ( 'NONE', *, *, #101, .T. ) ;
#2205 = VERTEX_POINT ( 'NONE', #1183 ) ;
#2206 = CARTESIAN_POINT ( 'NONE',  ( -1.631941731770832904, 0.000000000000000000, -0.7070461647183290399 ) ) ;
#2207 = DIRECTION ( 'NONE',  ( 0.000000000000000000, 0.000000000000000000, -1.000000000000000000 ) ) ;
#2208 = CARTESIAN_POINT ( 'NONE',  ( 1.631711834263198879, 0.4000000000000000222, -0.7817292866262952611 ) ) ;
#2209 = ADVANCED_FACE ( 'NONE', ( #1887 ), #630, .F. ) ;
#2210 = CARTESIAN_POINT ( 'NONE',  ( 1.624583150962905176, 0.000000000000000000, -0.5952718658697407905 ) ) ;
#2211 = CARTESIAN_POINT ( 'NONE',  ( 0.05358711207145232941, 0.4000000000000000222, 2.326305113918906375 ) ) ;
#2212 = CARTESIAN_POINT ( 'NONE',  ( -0.1259955013499540200, -5.421010862427522170E-17, 2.234848795373454600 ) ) ;
#2213 = CARTESIAN_POINT ( 'NONE',  ( 5.327213576290986242E-16, 20.50000000000001066, 4.349999999999999645 ) ) ;
#2214 = LINE ( 'NONE', #970, #1897 ) ;
#2215 = ORIENTED_EDGE ( 'NONE', *, *, #329, .F. ) ;
#2216 = ORIENTED_EDGE ( 'NONE', *, *, #1711, .F. ) ;
#2217 = DIRECTION ( 'NONE',  ( 0.000000000000000000, 0.000000000000000000, 1.000000000000000000 ) ) ;
#2218 = PLANE ( 'NONE',  #704 ) ;
#2219 = B_SPLINE_SURFACE_WITH_KNOTS ( 'NONE', 3, 1, ( 
 ( #613, #1348 ),
 ( #2026, #2051 ),
 ( #453, #467 ),
 ( #1850, #1173 ),
 ( #797, #1361 ),
 ( #1186, #1164 ),
 ( #1865, #291 ),
 ( #1684, #1696 ),
 ( #127, #820 ),
 ( #1530, #40 ),
 ( #157, #1949 ) ),
 .UNSPECIFIED., .F., .F., .F.,
 ( 4, 1, 1, 1, 1, 1, 1, 1, 4 ),
 ( 2, 2 ),
 ( 0.000000000000000000, 0.06497935746320089578, 0.1344390188235323469, 0.2180273006311753692, 0.3190989440973219238, 0.4440723661629869534, 0.5966500973609365488, 0.7815178106756694998, 0.9999999999999998890 ),
 ( 0.000000000000000000, 1.000000000000000000 ),
 .UNSPECIFIED. ) ;
#2220 = ORIENTED_EDGE ( 'NONE', *, *, #822, .T. ) ;
#2221 = CARTESIAN_POINT ( 'NONE',  ( 1.631279836283329621, 0.000000000000000000, -0.8318724796745617933 ) ) ;
#2222 = CARTESIAN_POINT ( 'NONE',  ( 1.631941731770833348, 0.000000000000000000, -0.7550444509468831056 ) ) ;
#2223 = PRODUCT_RELATED_PRODUCT_CATEGORY ( 'part', '', ( #744 ) ) ;
#2224 = VECTOR ( 'NONE', #1879, 1000.000000000000114 ) ;
#2225 = CARTESIAN_POINT ( 'NONE',  ( 1.100781448899015302, 0.000000000000000000, -1.929606387004747292 ) ) ;
#2226 = FACE_OUTER_BOUND ( 'NONE', #1447, .T. ) ;
#2227 = LINE ( 'NONE', #493, #1903 ) ;
#2228 = CARTESIAN_POINT ( 'NONE',  ( -1.586168429513306055, 0.4000000000000000222, -1.036199626144530761 ) ) ;
#2229 = VERTEX_POINT ( 'NONE', #1693 ) ;
#2230 = AXIS2_PLACEMENT_3D ( 'NONE', #1236, #350, #686 ) ;
#2231 = ORIENTED_EDGE ( 'NONE', *, *, #495, .T. ) ;
#2232 = CARTESIAN_POINT ( 'NONE',  ( -1.528447293654293215, 0.000000000000000000, -0.1566462989215681723 ) ) ;
#2233 = CARTESIAN_POINT ( 'NONE',  ( 0.2890870472674963443, 0.4000000000000000222, -1.879431660272778970 ) ) ;
#2234 = CARTESIAN_POINT ( 'NONE',  ( -1.622758573185171249, 0.000000000000000000, -0.9105083273658058918 ) ) ;
#2235 = ADVANCED_FACE ( 'NONE', ( #780 ), #1006, .F. ) ;
#2236 = CARTESIAN_POINT ( 'NONE',  ( 1.027750660289391771, 0.000000000000000000, -1.970719902595541306 ) ) ;
#2237 = CARTESIAN_POINT ( 'NONE',  ( 0.3712710554869609880, -5.421010862427522170E-17, 2.350790371176822990 ) ) ;
#2238 = CARTESIAN_POINT ( 'NONE',  ( -0.1032617632700168903, 0.000000000000000000, 2.266019563726219932 ) ) ;
#2239 = DIRECTION ( 'NONE',  ( -0.000000000000000000, -1.000000000000000000, 0.000000000000000000 ) ) ;
#2240 = ORIENTED_EDGE ( 'NONE', *, *, #688, .F. ) ;
#2241 = CARTESIAN_POINT ( 'NONE',  ( -1.517945801978017428, 0.4000000000000000222, -0.1360665514578229818 ) ) ;
#2242 = CARTESIAN_POINT ( 'NONE',  ( -0.1259955013499540200, 0.4000000000000000222, 2.234848795373454600 ) ) ;
#2243 = AXIS2_PLACEMENT_3D ( 'NONE', #1169, #483, #154 ) ;
#2244 = LINE ( 'NONE', #2085, #372 ) ;
#2245 = CARTESIAN_POINT ( 'NONE',  ( 0.5139816483640982092, 0.4000000000000000222, 2.351844618055555003 ) ) ;
#2246 = DIRECTION ( 'NONE',  ( -0.000000000000000000, -1.000000000000000000, -0.000000000000000000 ) ) ;
#2247 = VECTOR ( 'NONE', #1823, 1000.000000000000000 ) ;
#2248 = CARTESIAN_POINT ( 'NONE',  ( 1.070457055762610077, 0.4000000000000000222, -1.952360817268248949 ) ) ;
#2249 = PRODUCT_CONTEXT ( 'NONE', #457, 'mechanical' ) ;
#2250 = EDGE_CURVE ( 'NONE', #289, #1514, #1120, .T. ) ;
#2251 = CARTESIAN_POINT ( 'NONE',  ( 1.631279836283329621, 0.000000000000000000, -0.8318724796745617933 ) ) ;
#2252 = CARTESIAN_POINT ( 'NONE',  ( 0.2879897173713235614, 0.4000000000000000222, -0.4000571257148696214 ) ) ;
#2253 = VERTEX_POINT ( 'NONE', #1369 ) ;
#2254 = CARTESIAN_POINT ( 'NONE',  ( 0.6989750432033166039, 0.4000000000000000222, -2.000000000000000444 ) ) ;
#2255 = B_SPLINE_CURVE_WITH_KNOTS ( 'NONE', 3,
 ( #1355, #1724, #270, #2225, #640, #2236, #282, #1178, #2074, #2087, #801 ),
 .UNSPECIFIED., .F., .F.,
 ( 4, 1, 1, 1, 1, 1, 1, 1, 4 ),
 ( 0.000000000000000000, 0.06571297284094350377, 0.1303508142843558260, 0.2032366366042110128, 0.2997066024457668565, 0.4205061072346960582, 0.5726288201944412792, 0.7613923663534399866, 1.000000000000000000 ),
 .UNSPECIFIED. ) ;
#2256 = B_SPLINE_CURVE_WITH_KNOTS ( 'NONE', 3,
 ( #1687, #1029, #1881, #294, #1721, #1188, #151, #844, #650, #119, #1519 ),
 .UNSPECIFIED., .F., .F.,
 ( 4, 1, 1, 1, 1, 1, 1, 1, 4 ),
 ( 0.000000000000000000, 0.1992004568760569472, 0.3743154758170526009, 0.5261583806891614312, 0.6560998944652410847, 0.7640876408964234479, 0.8527265281295840493, 0.9287193592889528837, 1.000000000000000000 ),
 .UNSPECIFIED. ) ;
#2257 = CARTESIAN_POINT ( 'NONE',  ( 1.119960011999591609, 0.4000000000000000222, 2.207849759369893139 ) ) ;
#2258 = CARTESIAN_POINT ( 'NONE',  ( 1.501946373235166332, 0.000000000000000000, -1.104031990400327068 ) ) ;
#2259 = AXIS2_PLACEMENT_3D ( 'NONE', #47, #1836, #1300 ) ;
#2260 = CARTESIAN_POINT ( 'NONE',  ( 1.631941731770833348, 0.4000000000000000222, -0.7550444509468831056 ) ) ;
#2261 = EDGE_CURVE ( 'NONE', #377, #723, #928, .T. ) ;
#2262 = LINE ( 'NONE', #1065, #17 ) ;
#2263 = EDGE_LOOP ( 'NONE', ( #1384, #88, #1037, #1695, #1350, #611, #2130, #1324, #1797, #1097, #449, #1471, #985, #612, #2147 ) ) ;
#2264 = CARTESIAN_POINT ( 'NONE',  ( 1.558755385529171367, 0.4000000000000000222, -1.082359326981245706 ) ) ;
#2265 = CARTESIAN_POINT ( 'NONE',  ( 1.119960011999591609, 0.4000000000000000222, -0.4000571257148696214 ) ) ;
#2266 = CARTESIAN_POINT ( 'NONE',  ( -1.575663182064909629, 0.4000000000000000222, -0.2559965690133916283 ) ) ;
#2267 = LINE ( 'NONE', #2258, #114 ) ;
#2268 = LINE ( 'NONE', #1959, #752 ) ;
#2269 = ADVANCED_FACE ( 'NONE', ( #1669 ), #2192, .T. ) ;
#2270 = CARTESIAN_POINT ( 'NONE',  ( 0.3755879979515597267, 0.000000000000000000, -1.971219320345567017 ) ) ;
#2271 = ORIENTED_EDGE ( 'NONE', *, *, #1679, .F. ) ;
#2272 = CARTESIAN_POINT ( 'NONE',  ( 1.027750660289391771, 0.4000000000000000222, -1.970719902595541306 ) ) ;
#2273 = PLANE ( 'NONE',  #1344 ) ;
ENDSEC;
END-ISO-10303-21;
