ISO-10303-21;
HEADER;
FILE_DESCRIPTION (( 'STEP AP214' ),
    '1' );
FILE_NAME ('JK-RTF-02-16-01 Knob_9.STEP',
    '2026-08-29T19:01:58',
    ( '' ),
    ( '' ),
    'SwSTEP 2.0',
    'SolidWorks 2025',
    '' );
FILE_SCHEMA (( 'AUTOMOTIVE_DESIGN' ));
ENDSEC;

DATA;
#1 = CARTESIAN_POINT ( 'NONE',  ( -1.263954870685253029, 0.4000000000000000222, -1.205028384339575709 ) ) ;
#2 = CARTESIAN_POINT ( 'NONE',  ( -1.567944016799427631, 0.4000000000000000222, 0.9218956741632194918 ) ) ;
#3 = ORIENTED_EDGE ( 'NONE', *, *, #2007, .F. ) ;
#4 = ADVANCED_FACE ( 'NONE', ( #1923 ), #21, .F. ) ;
#5 = CARTESIAN_POINT ( 'NONE',  ( -0.4045870088085526395, 0.4000000000000000222, -1.358964974890988442 ) ) ;
#6 = B_SPLINE_CURVE_WITH_KNOTS ( 'NONE', 3,
 ( #710, #1103, #1339, #83, #260, #64, #2179, #914, #1548, #1566, #900 ),
 .UNSPECIFIED., .F., .F.,
 ( 4, 1, 1, 1, 1, 1, 1, 1, 4 ),
 ( 0.000000000000000000, 0.1023972499136073383, 0.2114439992076143915, 0.3255850776792359458, 0.4476818852492995826, 0.5747497670921593027, 0.7094230002827502934, 0.8501012167914955286, 1.000000000000000000 ),
 .UNSPECIFIED. ) ;
#7 = ORIENTED_EDGE ( 'NONE', *, *, #2222, .F. ) ;
#8 = CARTESIAN_POINT ( 'NONE',  ( -1.067264126390405021, 0.4000000000000000222, -1.255122113138309015 ) ) ;
#9 = CARTESIAN_POINT ( 'NONE',  ( -1.418585724428991446, 0.4000000000000000222, 1.653067191619706833 ) ) ;
#10 = CARTESIAN_POINT ( 'NONE',  ( 0.4724286826564967345, 0.000000000000000000, -0.7266152200451843068 ) ) ;
#11 = CARTESIAN_POINT ( 'NONE',  ( -0.6458825016524325502, 0.4000000000000000222, 0.6936783553538597991 ) ) ;
#12 = CARTESIAN_POINT ( 'NONE',  ( 0.2506194396225794319, -5.421010862427522170E-17, 1.621020916612396556 ) ) ;
#13 = CARTESIAN_POINT ( 'NONE',  ( 1.437198282084200196, 0.4000000000000000222, 0.6512554333041424837 ) ) ;
#14 = CARTESIAN_POINT ( 'NONE',  ( -0.1815276453560616399, 0.000000000000000000, 0.3057358126522678465 ) ) ;
#15 = CARTESIAN_POINT ( 'NONE',  ( 0.2960482588374704904, 0.000000000000000000, -0.2917324219827031606 ) ) ;
#16 = VERTEX_POINT ( 'NONE', #1962 ) ;
#17 = CARTESIAN_POINT ( 'NONE',  ( 0.1610601391624330303, -5.421010862427522170E-17, 0.3350122754414435744 ) ) ;
#18 = ADVANCED_FACE ( 'NONE', ( #1592 ), #2320, .F. ) ;
#19 = DIRECTION ( 'NONE',  ( -0.000000000000000000, -1.000000000000000000, -0.000000000000000000 ) ) ;
#20 = ORIENTED_EDGE ( 'NONE', *, *, #2454, .F. ) ;
#21 = B_SPLINE_SURFACE_WITH_KNOTS ( 'NONE', 3, 1, ( 
 ( #262, #1257 ),
 ( #1672, #1089 ),
 ( #626, #1463 ),
 ( #2329, #2137 ),
 ( #231, #2534 ),
 ( #1934, #2299 ),
 ( #2547, #2095 ),
 ( #654, #218 ),
 ( #684, #1062 ),
 ( #39, #2109 ),
 ( #885, #2314 ),
 ( #640, #485 ),
 ( #1312, #1908 ),
 ( #668, #1492 ),
 ( #871, #2152 ),
 ( #1506, #455 ),
 ( #1105, #2711 ),
 ( #1049, #2520 ),
 ( #441, #957 ) ),
 .UNSPECIFIED., .F., .F., .F.,
 ( 4, 1, 1, 1, 1, 1, 1, 1, 1, 1, 1, 1, 1, 1, 1, 1, 4 ),
 ( 2, 2 ),
 ( 0.000000000000000000, 0.07898036190050358729, 0.1517031446933656547, 0.2195878964283578816, 0.2827562974256817574, 0.3421373736925343301, 0.3992260424073150182, 0.4544814545996239130, 0.5086125460674619791, 0.5632011149428433061, 0.6182433590851835747, 0.6750660822686675999, 0.7343080323372276341, 0.7958925773868751330, 0.8608536458530757773, 0.9286534218576746325, 1.000000000000000000 ),
 ( 0.000000000000000000, 1.000000000000000000 ),
 .UNSPECIFIED. ) ;
#22 = CARTESIAN_POINT ( 'NONE',  ( -0.3866859182099619541, 0.4000000000000000222, 0.3495353627996934387 ) ) ;
#23 = CARTESIAN_POINT ( 'NONE',  ( 0.4046572627527111887, -5.421010862427522170E-17, 0.4198328262939936550 ) ) ;
#24 = AXIS2_PLACEMENT_3D ( 'NONE', #2335, #1656, #609 ) ;
#25 = CARTESIAN_POINT ( 'NONE',  ( 0.5579836504264201746, 0.4000000000000000222, -0.2782539364638761392 ) ) ;
#26 = CARTESIAN_POINT ( 'NONE',  ( -0.3049891104106028372, -5.421010862427522170E-17, -0.4000571257148696214 ) ) ;
#27 = VECTOR ( 'NONE', #2396, 1000.000000000000000 ) ;
#28 = CARTESIAN_POINT ( 'NONE',  ( -1.564565765669633457, 0.4000000000000000222, 1.080004890390053207 ) ) ;
#29 = CARTESIAN_POINT ( 'NONE',  ( -0.03899860756070003959, 0.4000000000000000222, 2.415842333026959832 ) ) ;
#30 = CARTESIAN_POINT ( 'NONE',  ( 0.4817612984951529231, 0.000000000000000000, -0.2060229016306388550 ) ) ;
#31 = VERTEX_POINT ( 'NONE', #945 ) ;
#32 = CARTESIAN_POINT ( 'NONE',  ( 0.3904013936769012427, 0.000000000000000000, 1.455313189788543404 ) ) ;
#33 = DIRECTION ( 'NONE',  ( 0.000000000000000000, -1.000000000000000000, 0.000000000000000000 ) ) ;
#34 = ORIENTED_EDGE ( 'NONE', *, *, #804, .T. ) ;
#35 = CARTESIAN_POINT ( 'NONE',  ( -0.2494678708595151617, 0.4000000000000000222, 0.3136800052864326394 ) ) ;
#36 = CARTESIAN_POINT ( 'NONE',  ( 0.3491537589738989977, 0.4000000000000000222, 1.520925456130124420 ) ) ;
#37 = CARTESIAN_POINT ( 'NONE',  ( 0.5465368699671107056, 0.000000000000000000, -0.3969045931312844000 ) ) ;
#38 = CARTESIAN_POINT ( 'NONE',  ( -0.5495498143533993352, 0.000000000000000000, 0.4710444219404785193 ) ) ;
#39 = CARTESIAN_POINT ( 'NONE',  ( -1.283374766213341900, 0.4000000000000000222, -0.04977142956567005838 ) ) ;
#40 = EDGE_CURVE ( 'NONE', #110, #736, #128, .T. ) ;
#41 = CARTESIAN_POINT ( 'NONE',  ( -1.273229809292212078, 0.4000000000000000222, 1.891346302600081186 ) ) ;
#42 = CARTESIAN_POINT ( 'NONE',  ( 0.5439805772569443754, 0.4000000000000000222, 0.5099103840347984917 ) ) ;
#43 = CARTESIAN_POINT ( 'NONE',  ( -1.291228450270494932, 0.4000000000000000222, -1.206669484388270375 ) ) ;
#44 = VERTEX_POINT ( 'NONE', #2594 ) ;
#45 = CARTESIAN_POINT ( 'NONE',  ( 1.340000090890860474, 0.4000000000000000222, 1.375980495136762682 ) ) ;
#46 = CARTESIAN_POINT ( 'NONE',  ( -0.5893801468470077909, 0.4000000000000000222, -2.061333747738501199 ) ) ;
#47 = CARTESIAN_POINT ( 'NONE',  ( 1.099110312187802529, 0.000000000000000000, 1.919408476514459894 ) ) ;
#48 = ORIENTED_EDGE ( 'NONE', *, *, #2184, .T. ) ;
#49 = CARTESIAN_POINT ( 'NONE',  ( -0.1815276453560616399, 0.4000000000000000222, 0.3057358126522678465 ) ) ;
#50 = CARTESIAN_POINT ( 'NONE',  ( 0.4849449631871514677, -5.421010862427522170E-17, 1.194075055017044473 ) ) ;
#51 = CARTESIAN_POINT ( 'NONE',  ( -0.2214272578785893286, 0.000000000000000000, 1.700237090963820696 ) ) ;
#52 = CARTESIAN_POINT ( 'NONE',  ( -0.6704790565762432930, -0.000000000000000000, 0.9364897090696672199 ) ) ;
#53 = CARTESIAN_POINT ( 'NONE',  ( 0.06575301737606042973, -5.421010862427522170E-17, 1.699887294690466621 ) ) ;
#54 = EDGE_CURVE ( 'NONE', #137, #1095, #1790, .T. ) ;
#55 = CARTESIAN_POINT ( 'NONE',  ( -1.418585724428991446, 0.4000000000000000222, 1.653067191619706833 ) ) ;
#56 = CARTESIAN_POINT ( 'NONE',  ( -1.263954870685253029, 0.4000000000000000222, -1.205028384339575709 ) ) ;
#57 = CARTESIAN_POINT ( 'NONE',  ( -1.067264126390405021, 0.000000000000000000, -1.255122113138309015 ) ) ;
#58 = CARTESIAN_POINT ( 'NONE',  ( -1.341951279545543274, 0.4000000000000000222, -1.808289430792386465 ) ) ;
#59 = PRESENTATION_STYLE_ASSIGNMENT (( #1099 ) ) ;
#60 = CARTESIAN_POINT ( 'NONE',  ( 1.254340098241015555, 0.000000000000000000, 1.632603022451407204 ) ) ;
#61 = ORIENTED_EDGE ( 'NONE', *, *, #478, .F. ) ;
#62 = CARTESIAN_POINT ( 'NONE',  ( -1.375313893287328781, 0.4000000000000000222, -1.591029544774432480 ) ) ;
#63 = CARTESIAN_POINT ( 'NONE',  ( 0.3024053494327267888, -5.421010862427522170E-17, 1.575917268503143287 ) ) ;
#64 = CARTESIAN_POINT ( 'NONE',  ( 0.1920494516687106801, 0.4000000000000000222, -0.3300499102339319868 ) ) ;
#65 = CARTESIAN_POINT ( 'NONE',  ( 1.099110312187802529, 0.4000000000000000222, 1.919408476514459894 ) ) ;
#66 = CARTESIAN_POINT ( 'NONE',  ( -0.07999714371425648007, 0.3999999999999999667, 1.711867468341502496 ) ) ;
#67 = B_SPLINE_CURVE_WITH_KNOTS ( 'NONE', 3,
 ( #504, #1334, #2408, #491, #463, #283, #93, #675, #2127, #2189, #1558, #77, #476, #2394, #269, #519, #2173, #910, #2144 ),
 .UNSPECIFIED., .F., .F.,
 ( 4, 1, 1, 1, 1, 1, 1, 1, 1, 1, 1, 1, 1, 1, 1, 1, 4 ),
 ( 0.000000000000000000, 0.07898036190050358729, 0.1517031446933656547, 0.2195878964283578816, 0.2827562974256817574, 0.3421373736925343301, 0.3992260424073150182, 0.4544814545996239130, 0.5086125460674619791, 0.5632011149428433061, 0.6182433590851835747, 0.6750660822686675999, 0.7343080323372276341, 0.7958925773868751330, 0.8608536458530757773, 0.9286534218576746325, 1.000000000000000000 ),
 .UNSPECIFIED. ) ;
#68 = CARTESIAN_POINT ( 'NONE',  ( 0.4581781590670134796, 0.4000000000000000222, 1.292630013657372512 ) ) ;
#69 = CARTESIAN_POINT ( 'NONE',  ( -0.3805959776326643951, -0.000000000000000000, -2.062675769029694628 ) ) ;
#70 = VECTOR ( 'NONE', #1912, 1000.000000000000000 ) ;
#71 = EDGE_CURVE ( 'NONE', #677, #1139, #2345, .T. ) ;
#72 = CARTESIAN_POINT ( 'NONE',  ( 1.180249154857119231, 0.000000000000000000, 1.784586081303642491 ) ) ;
#73 = AXIS2_PLACEMENT_3D ( 'NONE', #232, #2562, #1744 ) ;
#74 = ORIENTED_EDGE ( 'NONE', *, *, #1793, .T. ) ;
#75 = CARTESIAN_POINT ( 'NONE',  ( 1.416449938040314160, 0.4000000000000000222, 0.9206179918544400431 ) ) ;
#76 = CARTESIAN_POINT ( 'NONE',  ( -0.1099960726071026323, 0.4000000000000000222, 0.3039177389705877697 ) ) ;
#77 = CARTESIAN_POINT ( 'NONE',  ( -1.413953075475527399, 0.000000000000000000, 0.1417532936502236274 ) ) ;
#78 = CARTESIAN_POINT ( 'NONE',  ( 1.384779734273268836, 0.000000000000000000, 1.175476473704549552 ) ) ;
#79 = ORIENTED_EDGE ( 'NONE', *, *, #1851, .T. ) ;
#80 = CARTESIAN_POINT ( 'NONE',  ( -0.03899860756070003959, 0.000000000000000000, 2.415842333026959832 ) ) ;
#81 = CARTESIAN_POINT ( 'NONE',  ( -1.182553433213008764, -5.421010862427522170E-17, 1.995967223017790060 ) ) ;
#82 = B_SPLINE_CURVE_WITH_KNOTS ( 'NONE', 3,
 ( #2217, #2044, #2303, #845, #233, #571, #457, #1064, #1285, #2111, #2056, #1674, #1910, #2331, #372, #658, #2122, #1629, #775, #431, #1882, #2256, #1495 ),
 .UNSPECIFIED., .F., .F.,
 ( 4, 1, 1, 1, 1, 1, 1, 1, 1, 1, 1, 1, 1, 1, 1, 1, 1, 1, 1, 1, 4 ),
 ( 0.000000000000000000, 0.05072123485101200785, 0.09818681750180438539, 0.1429832631380766883, 0.1850642755386540106, 0.2253189442347621196, 0.2639124227838311465, 0.3010047923985125773, 0.3375722625707410773, 0.3735245581429286754, 0.4093973497853475307, 0.4454883558133952981, 0.4824184018375737293, 0.5197728438401167939, 0.5580521653044272501, 0.5971296511463221046, 0.6371709700777065111, 0.7205982822797802889, 0.8093299047537437785, 0.9027120286834713347, 1.000000000000000000 ),
 .UNSPECIFIED. ) ;
#83 = CARTESIAN_POINT ( 'NONE',  ( 0.3930483777670034651, 0.4000000000000000222, -0.2507616264178970655 ) ) ;
#84 = CARTESIAN_POINT ( 'NONE',  ( 1.384779734273268836, -5.421010862427522170E-17, 1.175476473704549552 ) ) ;
#85 = CARTESIAN_POINT ( 'NONE',  ( -0.4489839690962646457, 0.4000000000000000222, -1.360022850285947715 ) ) ;
#86 = CARTESIAN_POINT ( 'NONE',  ( -0.4459840762069799402, 0.4000000000000000222, -2.063997714971405273 ) ) ;
#87 = CARTESIAN_POINT ( 'NONE',  ( -1.351207402526288570, 0.000000000000000000, 1.776474992373511919 ) ) ;
#88 = CARTESIAN_POINT ( 'NONE',  ( 0.000000000000000000, 1.999999999999998224, -3.049999999999999822 ) ) ;
#89 = B_SPLINE_CURVE_WITH_KNOTS ( 'NONE', 3,
 ( #1778, #1393, #516, #1345, #1584, #1191, #2446, #2624, #1363, #2242, #988, #1138, #715 ),
 .UNSPECIFIED., .F., .F.,
 ( 4, 1, 1, 1, 1, 1, 1, 1, 1, 1, 4 ),
 ( 0.000000000000000000, 0.07003506484218526007, 0.1350303964077806673, 0.1976502456875587899, 0.2566526108378400228, 0.3697232058880723371, 0.4820917017350888067, 0.5991835400601204231, 0.7230375072162296135, 0.8560105180344077525, 1.000000000000000000 ),
 .UNSPECIFIED. ) ;
#90 = VERTEX_POINT ( 'NONE', #1948 ) ;
#91 = CARTESIAN_POINT ( 'NONE',  ( 1.439948586856617530, 0.4000000000000000222, 0.3729152754241341627 ) ) ;
#92 = LINE ( 'NONE', #1928, #2521 ) ;
#93 = CARTESIAN_POINT ( 'NONE',  ( -1.003266310738967659, 0.000000000000000000, -0.2612711618305763595 ) ) ;
#94 = CARTESIAN_POINT ( 'NONE',  ( -0.1343502302463839282, -0.000000000000000000, 0.3045367335116257457 ) ) ;
#95 = CARTESIAN_POINT ( 'NONE',  ( -0.07999714371425648007, -5.421010862427522170E-17, 1.711867468341502496 ) ) ;
#96 = EDGE_CURVE ( 'NONE', #137, #1211, #831, .T. ) ;
#97 = ORIENTED_EDGE ( 'NONE', *, *, #1619, .F. ) ;
#98 = CARTESIAN_POINT ( 'NONE',  ( -1.253418450161674302, 0.4000000000000000222, -1.895657117321613683 ) ) ;
#99 = CARTESIAN_POINT ( 'NONE',  ( 0.4984500298488964698, -0.000000000000000000, 0.4804732397369266272 ) ) ;
#100 = DIRECTION ( 'NONE',  ( 0.000000000000000000, 0.000000000000000000, 1.000000000000000000 ) ) ;
#101 = CARTESIAN_POINT ( 'NONE',  ( 0.7025770639806336870, -5.421010862427522170E-17, 2.263292700090977938 ) ) ;
#102 = CARTESIAN_POINT ( 'NONE',  ( 0.5579836504264201746, 0.4000000000000000222, -0.2782539364638761392 ) ) ;
#103 = CARTESIAN_POINT ( 'NONE',  ( 1.224687788597288440, 0.000000000000000000, -0.9914873215215668223 ) ) ;
#104 = CARTESIAN_POINT ( 'NONE',  ( 0.09972491500653890562, 0.000000000000000000, -2.007719999653640564 ) ) ;
#105 = CARTESIAN_POINT ( 'NONE',  ( -1.366042693414577958, 0.4000000000000000222, -1.315757319754785160 ) ) ;
#106 = ORIENTED_EDGE ( 'NONE', *, *, #364, .F. ) ;
#107 = CARTESIAN_POINT ( 'NONE',  ( -1.147179339003592480, 0.000000000000000000, -1.231306286868577349 ) ) ;
#108 = CARTESIAN_POINT ( 'NONE',  ( 0.5371543425131620753, 0.000000000000000000, -0.1730390761087862439 ) ) ;
#109 = DIRECTION ( 'NONE',  ( -0.000000000000000000, -1.000000000000000000, -0.000000000000000000 ) ) ;
#110 = VERTEX_POINT ( 'NONE', #1424 ) ;
#111 = CARTESIAN_POINT ( 'NONE',  ( 1.435292451692306015, 0.4000000000000000222, 0.1006259711159401687 ) ) ;
#112 = ADVANCED_FACE ( 'NONE', ( #575 ), #1287, .F. ) ;
#113 = CARTESIAN_POINT ( 'NONE',  ( -0.6719760071997545881, 0.000000000000000000, 0.9898932463203373722 ) ) ;
#114 = CARTESIAN_POINT ( 'NONE',  ( -1.462167823284607593, 0.000000000000000000, 0.2519083302944323255 ) ) ;
#115 = CARTESIAN_POINT ( 'NONE',  ( 0.4724286826564967345, 0.4000000000000000222, -0.7266152200451843068 ) ) ;
#116 = CARTESIAN_POINT ( 'NONE',  ( 0.5335947139190166943, 0.000000000000000000, -1.833716716208327879 ) ) ;
#117 = CARTESIAN_POINT ( 'NONE',  ( -1.253418450161674302, 0.4000000000000000222, -1.895657117321613683 ) ) ;
#118 = CARTESIAN_POINT ( 'NONE',  ( -1.273326528202391561, -5.421010862427522170E-17, -1.205592293728867670 ) ) ;
#119 = CARTESIAN_POINT ( 'NONE',  ( -0.4459840762069799402, 0.4000000000000000222, -2.063997714971405273 ) ) ;
#120 = CARTESIAN_POINT ( 'NONE',  ( -1.566803551294330132, -0.000000000000000000, 0.9752718443225077971 ) ) ;
#121 = VECTOR ( 'NONE', #735, 1000.000000000000000 ) ;
#122 = CARTESIAN_POINT ( 'NONE',  ( -0.07999714371425648007, 0.3999999999999999667, 1.711867468341502496 ) ) ;
#123 = CARTESIAN_POINT ( 'NONE',  ( 0.5272261416266849077, 0.000000000000000000, -0.5113734547950239406 ) ) ;
#124 = VERTEX_POINT ( 'NONE', #1175 ) ;
#125 = CARTESIAN_POINT ( 'NONE',  ( -1.364043927910037590, -5.421010862427522170E-17, -1.743033062228969365 ) ) ;
#126 = CARTESIAN_POINT ( 'NONE',  ( -1.273229809292212078, -5.421010862427522170E-17, 1.891346302600081186 ) ) ;
#127 = CARTESIAN_POINT ( 'NONE',  ( -1.552422784583370907, 0.000000000000000000, 0.6317195683034605436 ) ) ;
#128 = LINE ( 'NONE', #902, #2390 ) ;
#129 = CARTESIAN_POINT ( 'NONE',  ( 0.5435393071777121499, 0.4000000000000000222, 0.6706788622685061485 ) ) ;
#130 = CARTESIAN_POINT ( 'NONE',  ( -0.1099960726071026323, 0.4000000000000000222, 0.3039177389705877697 ) ) ;
#131 = ADVANCED_FACE ( 'NONE', ( #2020 ), #1731, .F. ) ;
#132 = CARTESIAN_POINT ( 'NONE',  ( -1.341951279545543274, -5.421010862427522170E-17, -1.808289430792386465 ) ) ;
#133 = CARTESIAN_POINT ( 'NONE',  ( 0.01003160881831201973, -0.000000000000000000, 2.415210494779421957 ) ) ;
#134 = DIRECTION ( 'NONE',  ( -0.000000000000000000, 1.000000000000000000, -0.000000000000000000 ) ) ;
#135 = CARTESIAN_POINT ( 'NONE',  ( -0.5958420001181856662, 0.4000000000000000222, 1.402461871737567423 ) ) ;
#136 = CARTESIAN_POINT ( 'NONE',  ( -1.307314705566734681, 0.000000000000000000, -1.858696833624117861 ) ) ;
#137 = VERTEX_POINT ( 'NONE', #2339 ) ;
#138 = CARTESIAN_POINT ( 'NONE',  ( 1.439948586856617530, 0.4000000000000000222, 0.3729152754241341627 ) ) ;
#139 = FACE_BOUND ( 'NONE', #2589, .T. ) ;
#140 = CARTESIAN_POINT ( 'NONE',  ( -0.6719760071997545881, 0.4000000000000000222, 0.9898932463203373722 ) ) ;
#141 = CARTESIAN_POINT ( 'NONE',  ( -0.04153203907931132810, 0.4000000000000000222, -0.3842261076250225726 ) ) ;
#142 = CARTESIAN_POINT ( 'NONE',  ( -0.6400397581694484694, -5.421010862427522170E-17, 1.277652933510549982 ) ) ;
#143 = CARTESIAN_POINT ( 'NONE',  ( 0.000000000000000000, 20.00000000000000000, 0.000000000000000000 ) ) ;
#144 = CARTESIAN_POINT ( 'NONE',  ( -1.354872710022453797, 0.4000000000000000222, -1.268949571036205093 ) ) ;
#145 = EDGE_CURVE ( 'NONE', #2246, #1353, #937, .T. ) ;
#146 = DIRECTION ( 'NONE',  ( 0.000000000000000000, -1.000000000000000000, 0.000000000000000000 ) ) ;
#147 = CARTESIAN_POINT ( 'NONE',  ( 0.5371543425131620753, 0.4000000000000000222, -0.1730390761087862439 ) ) ;
#148 = CARTESIAN_POINT ( 'NONE',  ( 1.224687788597288440, 0.4000000000000000222, -0.9914873215215668223 ) ) ;
#149 = CARTESIAN_POINT ( 'NONE',  ( -1.092384863794525485, 0.000000000000000000, -1.961078385069655594 ) ) ;
#150 = ORIENTED_EDGE ( 'NONE', *, *, #1039, .F. ) ;
#151 = CARTESIAN_POINT ( 'NONE',  ( 0.5335947139190166943, 0.4000000000000000222, -1.833716716208327879 ) ) ;
#152 = CARTESIAN_POINT ( 'NONE',  ( 0.5619668647788237381, 0.4000000000000000222, -0.1977500689069331130 ) ) ;
#153 = CARTESIAN_POINT ( 'NONE',  ( -0.6458825016524325502, 0.4000000000000000222, 0.6936783553538597991 ) ) ;
#154 = CARTESIAN_POINT ( 'NONE',  ( -0.4459840762069799402, 0.4000000000000000222, -2.063997714971405273 ) ) ;
#155 = CARTESIAN_POINT ( 'NONE',  ( 0.1917871633323834923, 0.000000000000000000, -1.152277284137087188 ) ) ;
#156 = CARTESIAN_POINT ( 'NONE',  ( -1.210307731464790315, 0.000000000000000000, -1.210166929804574742 ) ) ;
#157 = CARTESIAN_POINT ( 'NONE',  ( -1.375313893287328781, 0.4000000000000000222, -1.591029544774432480 ) ) ;
#158 = ADVANCED_FACE ( 'NONE', ( #240 ), #872, .T. ) ;
#159 = CARTESIAN_POINT ( 'NONE',  ( 5.021051876504148371E-16, 20.00000000000000000, -3.850000000000000977 ) ) ;
#160 = CARTESIAN_POINT ( 'NONE',  ( -0.2185983068559493314, 0.000000000000000000, 2.412292815867060458 ) ) ;
#161 = AXIS2_PLACEMENT_3D ( 'NONE', #549, #2225, #348 ) ;
#162 = FACE_OUTER_BOUND ( 'NONE', #2306, .T. ) ;
#163 = ORIENTED_EDGE ( 'NONE', *, *, #2471, .T. ) ;
#164 = EDGE_CURVE ( 'NONE', #344, #610, #1279, .T. ) ;
#165 = CARTESIAN_POINT ( 'NONE',  ( 0.8652339308156424824, 0.000000000000000000, -1.574407127686787256 ) ) ;
#166 = AXIS2_PLACEMENT_3D ( 'NONE', #2251, #1636, #2415 ) ;
#167 = CARTESIAN_POINT ( 'NONE',  ( 0.01003160881831201973, 0.000000000000000000, 2.415210494779421957 ) ) ;
#168 = CARTESIAN_POINT ( 'NONE',  ( 0.000000000000000000, 20.00000000000000000, 0.000000000000000000 ) ) ;
#169 = FACE_OUTER_BOUND ( 'NONE', #1620, .T. ) ;
#170 = CARTESIAN_POINT ( 'NONE',  ( -1.375900237185846642, 0.000000000000000000, -1.458968753449324529 ) ) ;
#171 = CARTESIAN_POINT ( 'NONE',  ( 0.000000000000000000, 0.9999999999999974465, 0.000000000000000000 ) ) ;
#172 = CARTESIAN_POINT ( 'NONE',  ( -0.1000711911287274908, -0.000000000000000000, 2.414635325530706034 ) ) ;
#173 = CARTESIAN_POINT ( 'NONE',  ( -1.338090693864876668, 0.4000000000000000222, -1.236667642491426244 ) ) ;
#174 = ORIENTED_EDGE ( 'NONE', *, *, #993, .T. ) ;
#175 = CARTESIAN_POINT ( 'NONE',  ( -0.2538323544640959106, 0.4000000000000000222, -2.060112999032434278 ) ) ;
#176 = ADVANCED_FACE ( 'NONE', ( #2558 ), #266, .F. ) ;
#177 = ORIENTED_EDGE ( 'NONE', *, *, #635, .T. ) ;
#178 = CARTESIAN_POINT ( 'NONE',  ( 0.6000151580086728886, 0.4000000000000000222, 2.308792683692472814 ) ) ;
#179 = DIRECTION ( 'NONE',  ( 0.000000000000000000, -1.000000000000000000, 0.000000000000000000 ) ) ;
#180 = CARTESIAN_POINT ( 'NONE',  ( -0.6400397581694484694, 0.4000000000000000222, 1.277652933510549982 ) ) ;
#181 = CARTESIAN_POINT ( 'NONE',  ( -0.2494678708595151617, 0.4000000000000000222, 0.3136800052864326394 ) ) ;
#182 = CARTESIAN_POINT ( 'NONE',  ( -0.4459840762069799402, 0.000000000000000000, -2.063997714971405273 ) ) ;
#183 = CARTESIAN_POINT ( 'NONE',  ( -0.5984208311795295998, 0.000000000000000000, -1.356761240446124894 ) ) ;
#184 = CARTESIAN_POINT ( 'NONE',  ( -1.366042693414577958, 0.000000000000000000, -1.315757319754785160 ) ) ;
#185 = VERTEX_POINT ( 'NONE', #1101 ) ;
#186 = CARTESIAN_POINT ( 'NONE',  ( 0.09972491500653890562, 0.000000000000000000, -2.007719999653640564 ) ) ;
#187 = CARTESIAN_POINT ( 'NONE',  ( 1.416449938040314160, 0.000000000000000000, 0.9206179918544400431 ) ) ;
#188 = ADVANCED_FACE ( 'NONE', ( #2160 ), #678, .F. ) ;
#189 = CARTESIAN_POINT ( 'NONE',  ( -0.1099960726071026323, -5.421010862427522170E-17, 0.3039177389705877697 ) ) ;
#190 = CARTESIAN_POINT ( 'NONE',  ( 0.5639798631855087452, 0.000000000000000000, -0.1570658016828154757 ) ) ;
#191 = CARTESIAN_POINT ( 'NONE',  ( -1.413953075475527399, -5.421010862427522170E-17, 0.1417532936502236274 ) ) ;
#192 = ORIENTED_EDGE ( 'NONE', *, *, #1442, .F. ) ;
#193 = CARTESIAN_POINT ( 'NONE',  ( 0.9554435485504344516, 0.4000000000000000222, -1.471529103612861045 ) ) ;
#194 = CARTESIAN_POINT ( 'NONE',  ( 1.439948586856617530, 0.000000000000000000, 0.3729152754241341627 ) ) ;
#195 = CARTESIAN_POINT ( 'NONE',  ( -0.4687543263933814930, 0.000000000000000000, 0.3943175464426150745 ) ) ;
#196 = EDGE_LOOP ( 'NONE', ( #1235, #1301, #1172, #1677 ) ) ;
#197 = CARTESIAN_POINT ( 'NONE',  ( 0.4276879417975715247, 0.000000000000000000, 1.380194730201500963 ) ) ;
#198 = VECTOR ( 'NONE', #1579, 1000.000000000000000 ) ;
#199 = AXIS2_PLACEMENT_3D ( 'NONE', #1168, #2431, #1817 ) ;
#200 = ORIENTED_EDGE ( 'NONE', *, *, #1637, .T. ) ;
#201 = CARTESIAN_POINT ( 'NONE',  ( -1.147179339003592480, 0.000000000000000000, -1.231306286868577349 ) ) ;
#202 = AXIS2_PLACEMENT_3D ( 'NONE', #203, #623, #2479 ) ;
#203 = CARTESIAN_POINT ( 'NONE',  ( 0.000000000000000000, 20.00000000000000000, 0.000000000000000000 ) ) ;
#204 = CARTESIAN_POINT ( 'NONE',  ( -0.4045870088085526395, -0.000000000000000000, -1.358964974890988442 ) ) ;
#205 = CARTESIAN_POINT ( 'NONE',  ( -0.1343502302463839282, 0.4000000000000000222, 0.3045367335116257457 ) ) ;
#206 = CARTESIAN_POINT ( 'NONE',  ( 1.106888790523144595, 0.000000000000000000, -1.242702678949732631 ) ) ;
#207 = CARTESIAN_POINT ( 'NONE',  ( 0.6000151580086728886, 0.4000000000000000222, 2.308792683692472814 ) ) ;
#208 = CARTESIAN_POINT ( 'NONE',  ( -0.7380052995987335107, 0.000000000000000000, -1.339961938649163908 ) ) ;
#209 = CARTESIAN_POINT ( 'NONE',  ( -1.354872710022453797, 0.4000000000000000222, -1.268949571036205093 ) ) ;
#210 = ORIENTED_EDGE ( 'NONE', *, *, #369, .T. ) ;
#211 = CARTESIAN_POINT ( 'NONE',  ( 0.1314180929110953522, 0.000000000000000000, 1.680005900596513557 ) ) ;
#212 = ORIENTED_EDGE ( 'NONE', *, *, #2269, .F. ) ;
#213 = CARTESIAN_POINT ( 'NONE',  ( -1.263954870685253029, 0.000000000000000000, -1.205028384339575709 ) ) ;
#214 = CARTESIAN_POINT ( 'NONE',  ( 0.5067871525177873870, -5.421010862427522170E-17, 1.083132680120335589 ) ) ;
#215 = CARTESIAN_POINT ( 'NONE',  ( 0.4581781590670134796, 0.4000000000000000222, 1.292630013657372512 ) ) ;
#216 = CARTESIAN_POINT ( 'NONE',  ( -1.552422784583370907, 0.4000000000000000222, 0.6317195683034605436 ) ) ;
#217 = B_SPLINE_CURVE_WITH_KNOTS ( 'NONE', 3,
 ( #1815, #2443, #540, #1993, #933, #2238, #1121, #103, #2634, #2021, #728, #2595, #1568, #2402, #2210, #116, #947, #1552, #565, #1963, #528, #321, #1151 ),
 .UNSPECIFIED., .F., .F.,
 ( 4, 1, 1, 1, 1, 1, 1, 1, 1, 1, 1, 1, 1, 1, 1, 1, 1, 1, 1, 1, 4 ),
 ( 0.000000000000000000, 0.07652262335559163742, 0.1557830427824195285, 0.2358560412428524489, 0.3158077551929586724, 0.3553858957716434785, 0.3950609729661669900, 0.4345316960993197974, 0.4739562935907729035, 0.5131184862776989597, 0.5517975934378764880, 0.5906945716740334973, 0.6297129848767822891, 0.6694196428081756745, 0.7102053241938099948, 0.7524308607195875354, 0.7965776473677161906, 0.8429097426958467310, 0.8918766781785573139, 0.9442270720201695333, 1.000000000000000000 ),
 .UNSPECIFIED. ) ;
#218 = CARTESIAN_POINT ( 'NONE',  ( -1.108567772874986979, -5.421010862427522170E-17, -0.2023118092157738523 ) ) ;
#219 = CARTESIAN_POINT ( 'NONE',  ( -1.375950871885212035, 0.4000000000000000222, -1.554015923793020004 ) ) ;
#220 = CARTESIAN_POINT ( 'NONE',  ( 1.254340098241015555, 0.4000000000000000222, 1.632603022451407204 ) ) ;
#221 = CARTESIAN_POINT ( 'NONE',  ( -1.147179339003592480, 0.4000000000000000222, -1.231306286868577349 ) ) ;
#222 = EDGE_CURVE ( 'NONE', #535, #890, #523, .T. ) ;
#223 = CARTESIAN_POINT ( 'NONE',  ( 0.4046572627527111887, 0.000000000000000000, 0.4198328262939936550 ) ) ;
#224 = VERTEX_POINT ( 'NONE', #80 ) ;
#225 = CARTESIAN_POINT ( 'NONE',  ( 0.5639798631855087452, 0.4000000000000000222, -0.1570658016828154757 ) ) ;
#226 = ORIENTED_EDGE ( 'NONE', *, *, #1806, .F. ) ;
#227 = CARTESIAN_POINT ( 'NONE',  ( -1.375932578583713095, -5.421010862427522170E-17, -1.519677287136363075 ) ) ;
#228 = CARTESIAN_POINT ( 'NONE',  ( 0.3904013936769012427, -5.421010862427522170E-17, 1.455313189788543404 ) ) ;
#229 = CARTESIAN_POINT ( 'NONE',  ( 0.5465368699671107056, 0.000000000000000000, -0.3969045931312844000 ) ) ;
#230 = CARTESIAN_POINT ( 'NONE',  ( -1.567322125449702064, -5.421010862427522170E-17, 0.8718638456228384737 ) ) ;
#231 = CARTESIAN_POINT ( 'NONE',  ( -0.7602370900749504390, 0.4000000000000000222, -0.3519807242318635510 ) ) ;
#232 = CARTESIAN_POINT ( 'NONE',  ( 1.180249154857119231, 0.4000000000000000222, 1.784586081303642491 ) ) ;
#233 = CARTESIAN_POINT ( 'NONE',  ( 0.3708163850985553012, 0.000000000000000000, 2.379280378886965863 ) ) ;
#234 = B_SPLINE_CURVE_WITH_KNOTS ( 'NONE', 3,
 ( #1417, #2254, #1395, #951, #2447, #1430, #1846, #2266, #569, #2432, #2665, #2626, #1997, #785, #1406 ),
 .UNSPECIFIED., .F., .F.,
 ( 4, 1, 1, 1, 1, 1, 1, 1, 1, 1, 1, 1, 4 ),
 ( 0.000000000000000000, 0.1179639542951815973, 0.2365915122389395664, 0.3496331516761759794, 0.4536309162148659535, 0.5457041578953328864, 0.6255068915027592880, 0.6900278810170966670, 0.7394930187986769043, 0.7850155796283968535, 0.8384758280831334787, 0.9084300967984980657, 1.000000000000000000 ),
 .UNSPECIFIED. ) ;
#235 = CARTESIAN_POINT ( 'NONE',  ( -0.1707270482749225771, 0.4000000000000000222, -0.3968604694401473010 ) ) ;
#236 = ORIENTED_EDGE ( 'NONE', *, *, #1510, .F. ) ;
#237 = CARTESIAN_POINT ( 'NONE',  ( -0.005745379297430137921, 0.000000000000000000, 1.709147250575780097 ) ) ;
#238 = ADVANCED_FACE ( 'NONE', ( #1739 ), #1313, .T. ) ;
#239 = EDGE_LOOP ( 'NONE', ( #79, #2509 ) ) ;
#240 = FACE_OUTER_BOUND ( 'NONE', #1929, .T. ) ;
#241 = CARTESIAN_POINT ( 'NONE',  ( -1.273229809292212078, 0.4000000000000000222, 1.891346302600081186 ) ) ;
#242 = B_SPLINE_CURVE_WITH_KNOTS ( 'NONE', 3,
 ( #1777, #2166, #1980, #687, #1078, #1925, #2374, #1937, #42 ),
 .UNSPECIFIED., .F., .F.,
 ( 4, 1, 1, 1, 1, 1, 4 ),
 ( 0.000000000000000000, 0.1336743958894396900, 0.2651399168935412720, 0.3927206219716536384, 0.5195556138724147788, 0.7667741705809816288, 0.9999999999999998890 ),
 .UNSPECIFIED. ) ;
#243 =( GEOMETRIC_REPRESENTATION_CONTEXT ( 3 ) GLOBAL_UNCERTAINTY_ASSIGNED_CONTEXT ( ( #844 ) ) GLOBAL_UNIT_ASSIGNED_CONTEXT ( ( #781, #2456, #801 ) ) REPRESENTATION_CONTEXT ( 'NONE', 'WORKASPACE' ) );
#244 = CARTESIAN_POINT ( 'NONE',  ( 0.3024053494327267888, 0.4000000000000000222, 1.575917268503143287 ) ) ;
#245 = CARTESIAN_POINT ( 'NONE',  ( 1.208660751933531952, 0.4000000000000000222, 1.733728982705466271 ) ) ;
#246 = VECTOR ( 'NONE', #1304, 1000.000000000000000 ) ;
#247 = CARTESIAN_POINT ( 'NONE',  ( 0.5639798631855087452, 0.000000000000000000, -0.1570658016828154757 ) ) ;
#248 = CARTESIAN_POINT ( 'NONE',  ( 0.1049449310554575188, 0.4000000000000000222, 2.413987374189318746 ) ) ;
#249 = CARTESIAN_POINT ( 'NONE',  ( -1.317211440962287039, 0.4000000000000000222, -1.215366684716169488 ) ) ;
#250 = EDGE_LOOP ( 'NONE', ( #1454, #2192, #2488, #1044 ) ) ;
#251 = CARTESIAN_POINT ( 'NONE',  ( 0.5439805772569443754, 0.4000000000000000222, 0.5099103840347984917 ) ) ;
#252 = CARTESIAN_POINT ( 'NONE',  ( 0.4817612984951529231, 0.000000000000000000, -0.2060229016306388550 ) ) ;
#253 = CARTESIAN_POINT ( 'NONE',  ( 0.1920494516687106801, 0.000000000000000000, -0.3300499102339319868 ) ) ;
#254 = FACE_OUTER_BOUND ( 'NONE', #834, .T. ) ;
#255 = CARTESIAN_POINT ( 'NONE',  ( 0.7965721228421628330, 0.000000000000000000, 2.208654463964393688 ) ) ;
#256 = ORIENTED_EDGE ( 'NONE', *, *, #1431, .T. ) ;
#257 = CARTESIAN_POINT ( 'NONE',  ( -0.5984208311795295998, 0.4000000000000000222, -1.356761240446124894 ) ) ;
#258 = EDGE_CURVE ( 'NONE', #865, #660, #1849, .T. ) ;
#259 = CARTESIAN_POINT ( 'NONE',  ( 0.1314180929110953522, -5.421010862427522170E-17, 1.680005900596513557 ) ) ;
#260 = CARTESIAN_POINT ( 'NONE',  ( 0.2960482588374704904, 0.4000000000000000222, -0.2917324219827031606 ) ) ;
#261 = CARTESIAN_POINT ( 'NONE',  ( 1.439948586856617752, 0.4000000000000000222, 0.3729152754241342183 ) ) ;
#262 = CARTESIAN_POINT ( 'NONE',  ( -0.3049891104106028372, 0.4000000000000000222, -0.4000571257148696214 ) ) ;
#263 = CARTESIAN_POINT ( 'NONE',  ( -0.07999714371425648007, 0.4000000000000000222, 1.711867468341502496 ) ) ;
#264 = CARTESIAN_POINT ( 'NONE',  ( -1.473830592346843549, 0.4000000000000000222, 1.520754457498419754 ) ) ;
#265 = CARTESIAN_POINT ( 'NONE',  ( 0.5639798631855088562, 0.000000000000000000, -0.1570658016828155035 ) ) ;
#266 = B_SPLINE_SURFACE_WITH_KNOTS ( 'NONE', 3, 1, ( 
 ( #679, #1253 ),
 ( #437, #227 ),
 ( #1517, #1238 ),
 ( #1045, #1889 ),
 ( #838, #301 ),
 ( #1159, #272 ),
 ( #2617, #1306 ),
 ( #1373, #1987 ),
 ( #913, #2604 ),
 ( #1974, #1320 ),
 ( #1115, #896 ) ),
 .UNSPECIFIED., .F., .F., .F.,
 ( 4, 1, 1, 1, 1, 1, 1, 1, 4 ),
 ( 2, 2 ),
 ( 0.000000000000000000, 0.2540826451541937092, 0.4492020162846193654, 0.6006585402341811930, 0.7155392436497926001, 0.8027504545536804370, 0.8673103169173244087, 0.9305369411631959631, 0.9999999999999998890 ),
 ( 0.000000000000000000, 1.000000000000000000 ),
 .UNSPECIFIED. ) ;
#267 = CARTESIAN_POINT ( 'NONE',  ( 0.9624851087167827224, 0.4000000000000000222, 2.078535229959157959 ) ) ;
#268 = CARTESIAN_POINT ( 'NONE',  ( -0.5958420001181856662, 0.000000000000000000, 1.402461871737567423 ) ) ;
#269 = CARTESIAN_POINT ( 'NONE',  ( -1.532162547200392799, 0.000000000000000000, 0.4969210273841810910 ) ) ;
#270 = SURFACE_SIDE_STYLE ('',( #327 ) ) ;
#271 = ORIENTED_EDGE ( 'NONE', *, *, #54, .F. ) ;
#272 = CARTESIAN_POINT ( 'NONE',  ( -1.354872710022453797, -5.421010862427522170E-17, -1.268949571036205093 ) ) ;
#273 = CARTESIAN_POINT ( 'NONE',  ( 0.2506194396225794319, -5.421010862427522170E-17, 1.621020916612396556 ) ) ;
#274 = FACE_OUTER_BOUND ( 'NONE', #1982, .T. ) ;
#275 = CARTESIAN_POINT ( 'NONE',  ( 0.2426378909399972139, -5.421010862427522170E-17, 2.400722697331309163 ) ) ;
#276 = EDGE_CURVE ( 'NONE', #1215, #1888, #1204, .T. ) ;
#277 = CARTESIAN_POINT ( 'NONE',  ( 0.4849449631871514677, -5.421010862427522170E-17, 1.194075055017044473 ) ) ;
#278 = CARTESIAN_POINT ( 'NONE',  ( -0.5523256721654606904, 0.4000000000000000222, 2.357683460398168229 ) ) ;
#279 = EDGE_CURVE ( 'NONE', #865, #1899, #1626, .T. ) ;
#280 = CARTESIAN_POINT ( 'NONE',  ( 0.2960482588374704904, 0.4000000000000000222, -0.2917324219827031606 ) ) ;
#281 = CARTESIAN_POINT ( 'NONE',  ( 0.2426378909399972139, 0.4000000000000000222, 2.400722697331309163 ) ) ;
#282 = CARTESIAN_POINT ( 'NONE',  ( -0.9857364821605892891, 0.4000000000000000222, -1.993820906476519106 ) ) ;
#283 = CARTESIAN_POINT ( 'NONE',  ( -0.8885684291690013614, 0.000000000000000000, -0.3138189770866814388 ) ) ;
#284 = DIRECTION ( 'NONE',  ( 0.000000000000000000, 1.000000000000000000, 0.000000000000000000 ) ) ;
#285 = ORIENTED_EDGE ( 'NONE', *, *, #1291, .T. ) ;
#286 = CARTESIAN_POINT ( 'NONE',  ( -0.5893801468470077909, 0.4000000000000000222, -2.061333747738501199 ) ) ;
#287 =( NAMED_UNIT ( * ) SI_UNIT ( $, .STERADIAN. ) SOLID_ANGLE_UNIT ( ) );
#288 = CARTESIAN_POINT ( 'NONE',  ( -1.283374766213341900, 0.000000000000000000, -0.04977142956567005838 ) ) ;
#289 = CARTESIAN_POINT ( 'NONE',  ( 1.340000090890860474, -5.421010862427522170E-17, 1.375980495136762682 ) ) ;
#290 = CARTESIAN_POINT ( 'NONE',  ( -0.4045870088085526395, 0.000000000000000000, -1.358964974890988442 ) ) ;
#291 = CARTESIAN_POINT ( 'NONE',  ( 0.3491537589738989977, -5.421010862427522170E-17, 1.520925456130124420 ) ) ;
#292 = CARTESIAN_POINT ( 'NONE',  ( -1.514909160381537889, 0.000000000000000000, 1.380304408931673832 ) ) ;
#293 = AXIS2_PLACEMENT_3D ( 'NONE', #863, #1707, #2157 ) ;
#294 = CARTESIAN_POINT ( 'NONE',  ( -0.3049891104106028372, 0.000000000000000000, -0.4000571257148696214 ) ) ;
#295 = ORIENTED_EDGE ( 'NONE', *, *, #2499, .F. ) ;
#296 = CARTESIAN_POINT ( 'NONE',  ( 0.3930483777670034651, 0.000000000000000000, -0.2507616264178970655 ) ) ;
#297 = CARTESIAN_POINT ( 'NONE',  ( -0.3623120879304371766, 0.000000000000000000, 1.653121988441441426 ) ) ;
#298 = CARTESIAN_POINT ( 'NONE',  ( -0.3120596014231357129, 0.000000000000000000, 0.3267051093652464377 ) ) ;
#299 = CARTESIAN_POINT ( 'NONE',  ( 2.565151067676131547, 20.00000000000000000, 1.649999999999999911 ) ) ;
#300 = ORIENTED_EDGE ( 'NONE', *, *, #1069, .T. ) ;
#301 = CARTESIAN_POINT ( 'NONE',  ( -1.366042693414577958, -5.421010862427522170E-17, -1.315757319754785160 ) ) ;
#302 = CARTESIAN_POINT ( 'NONE',  ( -0.5523256721654606904, 0.4000000000000000222, 2.357683460398168229 ) ) ;
#303 = LINE ( 'NONE', #1976, #198 ) ;
#304 = PLANE ( 'NONE',  #1788 ) ;
#305 = CARTESIAN_POINT ( 'NONE',  ( -0.4489839690962646457, 0.000000000000000000, -1.360022850285947715 ) ) ;
#306 = CARTESIAN_POINT ( 'NONE',  ( -0.7017400443482771921, 0.4000000000000000222, 2.307954261202188384 ) ) ;
#307 = CARTESIAN_POINT ( 'NONE',  ( 1.224687788597288440, 0.000000000000000000, -0.9914873215215668223 ) ) ;
#308 = PRODUCT ( 'JK-RTF-02-16-01 Knob_9', 'JK-RTF-02-16-01 Knob_9', '', ( #2033 ) ) ;
#309 = DIRECTION ( 'NONE',  ( -0.000000000000000000, -1.000000000000000000, -0.000000000000000000 ) ) ;
#310 = ORIENTED_EDGE ( 'NONE', *, *, #1123, .T. ) ;
#311 = DIRECTION ( 'NONE',  ( 0.000000000000000000, 0.000000000000000000, 1.000000000000000000 ) ) ;
#312 = CARTESIAN_POINT ( 'NONE',  ( -1.566109258396468418, 0.4000000000000000222, 0.7742873855603755739 ) ) ;
#313 = CARTESIAN_POINT ( 'NONE',  ( 0.000000000000000000, 0.000000000000000000, 0.000000000000000000 ) ) ;
#314 = FILL_AREA_STYLE_COLOUR ( '', #2049 ) ;
#315 = CARTESIAN_POINT ( 'NONE',  ( 0.2647485321581982687, 0.000000000000000000, -1.082098490292699555 ) ) ;
#316 = ORIENTED_EDGE ( 'NONE', *, *, #429, .T. ) ;
#317 = CARTESIAN_POINT ( 'NONE',  ( -1.092384863794525485, 0.4000000000000000222, -1.961078385069655594 ) ) ;
#318 = CARTESIAN_POINT ( 'NONE',  ( -0.4459840762069799402, 0.000000000000000000, -2.063997714971405273 ) ) ;
#319 = CARTESIAN_POINT ( 'NONE',  ( -0.6199525907439804584, 0.000000000000000000, -0.3795869413633365386 ) ) ;
#320 = CARTESIAN_POINT ( 'NONE',  ( 0.5619668647788237381, 0.000000000000000000, -0.1977500689069331130 ) ) ;
#321 = CARTESIAN_POINT ( 'NONE',  ( -0.3805959776326643951, -0.000000000000000000, -2.062675769029694628 ) ) ;
#322 = CARTESIAN_POINT ( 'NONE',  ( -1.067264126390405021, 0.000000000000000000, -1.255122113138309015 ) ) ;
#323 = CARTESIAN_POINT ( 'NONE',  ( 0.000000000000000000, 20.00000000000000000, -5.049999999999999822 ) ) ;
#324 = CARTESIAN_POINT ( 'NONE',  ( 0.4009425128878277289, 0.4000000000000000222, -1.902157243858849656 ) ) ;
#325 = DIRECTION ( 'NONE',  ( 0.000000000000000000, 1.000000000000000000, -0.000000000000000000 ) ) ;
#326 = CARTESIAN_POINT ( 'NONE',  ( -1.566803551294330132, -0.000000000000000000, 0.9752718443225077971 ) ) ;
#327 = SURFACE_STYLE_FILL_AREA ( #2145 ) ;
#328 = CARTESIAN_POINT ( 'NONE',  ( -0.5893801468470077909, 0.000000000000000000, -2.061333747738501199 ) ) ;
#329 = ORIENTED_EDGE ( 'NONE', *, *, #1823, .T. ) ;
#330 = CARTESIAN_POINT ( 'NONE',  ( -1.364043927910037590, 0.4000000000000000222, -1.743033062228969365 ) ) ;
#331 = CARTESIAN_POINT ( 'NONE',  ( -1.567944016799427631, 0.4000000000000000222, 0.9218956741632194918 ) ) ;
#332 = CARTESIAN_POINT ( 'NONE',  ( -0.1962527395597513657, 0.4000000000000000222, -1.338787466646876867 ) ) ;
#333 = CARTESIAN_POINT ( 'NONE',  ( 0.5272261416266849077, 0.4000000000000000222, -0.5113734547950239406 ) ) ;
#334 = CARTESIAN_POINT ( 'NONE',  ( -0.2185983068559493314, 0.4000000000000000222, 2.412292815867060458 ) ) ;
#335 = CARTESIAN_POINT ( 'NONE',  ( -1.291228450270494932, 0.000000000000000000, -1.206669484388270375 ) ) ;
#336 = AXIS2_PLACEMENT_3D ( 'NONE', #1140, #325, #311 ) ;
#337 = CARTESIAN_POINT ( 'NONE',  ( -1.371907056386104884, -5.421010862427522170E-17, -1.377873112536419864 ) ) ;
#338 = CARTESIAN_POINT ( 'NONE',  ( -0.03899860756070003959, 0.000000000000000000, 2.415842333026959832 ) ) ;
#339 = CIRCLE ( 'NONE', #336, 3.049999999999999822 ) ;
#340 = CARTESIAN_POINT ( 'NONE',  ( -0.3866859182099619541, 0.000000000000000000, 0.3495353627996934387 ) ) ;
#341 = AXIS2_PLACEMENT_3D ( 'NONE', #343, #2602, #2641 ) ;
#342 = CARTESIAN_POINT ( 'NONE',  ( -1.352622216732949356, 0.4000000000000000222, 0.04218593467476654257 ) ) ;
#343 = CARTESIAN_POINT ( 'NONE',  ( 0.000000000000000000, 0.000000000000000000, 0.000000000000000000 ) ) ;
#344 = VERTEX_POINT ( 'NONE', #2656 ) ;
#345 = CARTESIAN_POINT ( 'NONE',  ( 1.167641881833676454, 0.4000000000000000222, -1.118290273087891418 ) ) ;
#346 = CARTESIAN_POINT ( 'NONE',  ( 0.1610601391624330303, 0.000000000000000000, 0.3350122754414435744 ) ) ;
#347 = CARTESIAN_POINT ( 'NONE',  ( 0.1090878237677617990, 0.4000000000000000222, -1.213041839790236942 ) ) ;
#348 = DIRECTION ( 'NONE',  ( 0.000000000000000000, 0.000000000000000000, 1.000000000000000000 ) ) ;
#349 = ADVANCED_FACE ( 'NONE', ( #777 ), #895, .F. ) ;
#350 = B_SPLINE_CURVE_WITH_KNOTS ( 'NONE', 3,
 ( #1444, #2142, #1111, #296, #2156, #1720, #1349, #2362, #908, #1541, #1983 ),
 .UNSPECIFIED., .F., .F.,
 ( 4, 1, 1, 1, 1, 1, 1, 1, 4 ),
 ( 0.000000000000000000, 0.1023972499136073383, 0.2114439992076143915, 0.3255850776792359458, 0.4476818852492995826, 0.5747497670921593027, 0.7094230002827502934, 0.8501012167914955286, 1.000000000000000000 ),
 .UNSPECIFIED. ) ;
#351 = B_SPLINE_CURVE_WITH_KNOTS ( 'NONE', 3,
 ( #1144, #925, #328, #2421, #968, #1972, #149, #2436, #1544, #136, #941, #534, #558, #2379, #720 ),
 .UNSPECIFIED., .F., .F.,
 ( 4, 1, 1, 1, 1, 1, 1, 1, 1, 1, 1, 1, 4 ),
 ( 0.000000000000000000, 0.1179639542951815973, 0.2365915122389395664, 0.3496331516761759794, 0.4536309162148659535, 0.5457041578953328864, 0.6255068915027592880, 0.6900278810170966670, 0.7394930187986769043, 0.7850155796283968535, 0.8384758280831334787, 0.9084300967984980657, 1.000000000000000000 ),
 .UNSPECIFIED. ) ;
#352 = LINE ( 'NONE', #1776, #2085 ) ;
#353 = PRESENTATION_STYLE_ASSIGNMENT (( #393 ) ) ;
#354 = CARTESIAN_POINT ( 'NONE',  ( -0.03899860756070003959, 0.4000000000000000222, 2.415842333026959832 ) ) ;
#355 = CARTESIAN_POINT ( 'NONE',  ( -1.371907056386104884, 0.4000000000000000222, -1.377873112536419864 ) ) ;
#356 = DIRECTION ( 'NONE',  ( 0.000000000000000000, 0.000000000000000000, 1.000000000000000000 ) ) ;
#357 = CARTESIAN_POINT ( 'NONE',  ( -0.3907649687607353539, 0.000000000000000000, 2.390247743076778786 ) ) ;
#358 = CARTESIAN_POINT ( 'NONE',  ( -1.375950871885212035, 0.4000000000000000222, -1.554015923793020004 ) ) ;
#359 = ORIENTED_EDGE ( 'NONE', *, *, #1308, .F. ) ;
#360 = CARTESIAN_POINT ( 'NONE',  ( -0.07059529414361444266, 0.4000000000000000222, -2.039823329858649892 ) ) ;
#361 = CARTESIAN_POINT ( 'NONE',  ( 0.5465368699671107056, 0.4000000000000000222, -0.3969045931312844000 ) ) ;
#362 = CARTESIAN_POINT ( 'NONE',  ( 0.1049449310554575188, 0.000000000000000000, 2.413987374189318746 ) ) ;
#363 = CARTESIAN_POINT ( 'NONE',  ( 0.3904013936769012427, 0.000000000000000000, 1.455313189788543404 ) ) ;
#364 = EDGE_CURVE ( 'NONE', #2450, #1220, #1873, .T. ) ;
#365 = CARTESIAN_POINT ( 'NONE',  ( 0.01794342795822487929, 0.000000000000000000, -1.266909773347850932 ) ) ;
#366 = CARTESIAN_POINT ( 'NONE',  ( -0.7380052995987335107, 0.000000000000000000, -1.339961938649163908 ) ) ;
#367 = CARTESIAN_POINT ( 'NONE',  ( -1.374190298776963859, 0.4000000000000000222, -1.656319495616811022 ) ) ;
#368 = CARTESIAN_POINT ( 'NONE',  ( 0.3708163850985553012, 0.000000000000000000, 2.379280378886965863 ) ) ;
#369 = EDGE_CURVE ( 'NONE', #890, #1095, #2664, .T. ) ;
#370 = CARTESIAN_POINT ( 'NONE',  ( -0.6063730274411164300, 0.4000000000000000222, 0.5724572107474192872 ) ) ;
#371 = CARTESIAN_POINT ( 'NONE',  ( -1.564565765669633457, 0.000000000000000000, 1.080004890390053207 ) ) ;
#372 = CARTESIAN_POINT ( 'NONE',  ( 1.208660751933531952, 0.000000000000000000, 1.733728982705466271 ) ) ;
#373 = ORIENTED_EDGE ( 'NONE', *, *, #2027, .F. ) ;
#374 = CARTESIAN_POINT ( 'NONE',  ( -0.4459840762069799402, 0.000000000000000000, -2.063997714971405273 ) ) ;
#376 = CARTESIAN_POINT ( 'NONE',  ( -0.6719760071997545881, 0.4000000000000000222, 0.9898932463203373722 ) ) ;
#375 = B_SPLINE_CURVE_WITH_KNOTS ( 'NONE', 3,
 ( #468, #1282, #2327, #1060, #2119, #453, #1906, #215, #1684, #855, #1713, #244, #1448, #1296, #1865, #868, #2697, #652, #2284 ),
 .UNSPECIFIED., .F., .F.,
 ( 4, 1, 1, 1, 1, 1, 1, 1, 1, 1, 1, 1, 1, 1, 1, 1, 4 ),
 ( 0.000000000000000000, 0.1077523682469596900, 0.2071452426522074064, 0.2969483138442861048, 0.3780304158188144137, 0.4512825585524301575, 0.5182903283637457781, 0.5779850840707974058, 0.6325952872249586134, 0.6822273313147136919, 0.7294692836733472907, 0.7734533490268209466, 0.8162333544024433785, 0.8592816379027565787, 0.9041297242198133022, 0.9503035627973761557, 1.000000000000000000 ),
 .UNSPECIFIED. ) ;
#377 = CYLINDRICAL_SURFACE ( 'NONE', #1831, 5.049999999999999822 ) ;
#378 = CARTESIAN_POINT ( 'NONE',  ( 0.000000000000000000, 23.00000000000000000, 0.000000000000000000 ) ) ;
#379 = CARTESIAN_POINT ( 'NONE',  ( -0.5893801468470077909, 0.4000000000000000222, -2.061333747738501199 ) ) ;
#380 = CARTESIAN_POINT ( 'NONE',  ( 0.09972491500653890562, 0.000000000000000000, -2.007719999653640564 ) ) ;
#381 = CARTESIAN_POINT ( 'NONE',  ( -0.6719760071997545881, 0.000000000000000000, 0.9898932463203373722 ) ) ;
#382 = EDGE_CURVE ( 'NONE', #2233, #1030, #2241, .T. ) ;
#383 = CARTESIAN_POINT ( 'NONE',  ( -1.317211440962287039, 0.4000000000000000222, -1.215366684716169488 ) ) ;
#384 = CIRCLE ( 'NONE', #24, 4.349999999999999645 ) ;
#385 = CARTESIAN_POINT ( 'NONE',  ( 1.415515547182151224, 0.4000000000000000222, -0.1752607443248818120 ) ) ;
#386 = CARTESIAN_POINT ( 'NONE',  ( -0.6719760071997545881, 0.4000000000000000222, 0.9898932463203373722 ) ) ;
#387 = ORIENTED_EDGE ( 'NONE', *, *, #1884, .F. ) ;
#388 = CARTESIAN_POINT ( 'NONE',  ( 1.035911010099072493, 0.000000000000000000, -1.360635518327496518 ) ) ;
#389 = VECTOR ( 'NONE', #1782, 1000.000000000000000 ) ;
#390 = VERTEX_POINT ( 'NONE', #862 ) ;
#391 = CARTESIAN_POINT ( 'NONE',  ( 0.2426378909399972139, 0.4000000000000000222, 2.400722697331309163 ) ) ;
#392 = DIRECTION ( 'NONE',  ( -0.000000000000000000, -1.000000000000000000, -0.000000000000000000 ) ) ;
#393 = SURFACE_STYLE_USAGE ( .BOTH. , #1829 ) ;
#394 = CARTESIAN_POINT ( 'NONE',  ( -1.003266310738967659, -5.421010862427522170E-17, -0.2612711618305763595 ) ) ;
#395 = CARTESIAN_POINT ( 'NONE',  ( 0.000000000000000000, 23.00000000000000000, 0.000000000000000000 ) ) ;
#396 = CARTESIAN_POINT ( 'NONE',  ( -0.5523256721654606904, 0.000000000000000000, 2.357683460398168229 ) ) ;
#397 = DIRECTION ( 'NONE',  ( -0.000000000000000000, 1.000000000000000000, -0.000000000000000000 ) ) ;
#398 = CARTESIAN_POINT ( 'NONE',  ( -1.371907056386104884, 0.4000000000000000222, -1.377873112536419864 ) ) ;
#399 = EDGE_CURVE ( 'NONE', #1042, #1278, #384, .T. ) ;
#400 = ORIENTED_EDGE ( 'NONE', *, *, #1145, .T. ) ;
#401 = CARTESIAN_POINT ( 'NONE',  ( 0.8652339308156424824, 0.4000000000000000222, -1.574407127686787256 ) ) ;
#402 = CARTESIAN_POINT ( 'NONE',  ( 1.156076827660980522, 0.4000000000000000222, 1.829024614772599255 ) ) ;
#403 = CARTESIAN_POINT ( 'NONE',  ( 0.5067871525177873870, 0.000000000000000000, 1.083132680120335589 ) ) ;
#404 = FACE_OUTER_BOUND ( 'NONE', #1066, .T. ) ;
#405 = CARTESIAN_POINT ( 'NONE',  ( -0.3603673337797280718, -5.421010862427522170E-17, -0.3989359419851677413 ) ) ;
#406 = CARTESIAN_POINT ( 'NONE',  ( 1.326996471941946032, 0.000000000000000000, -0.6821389398791203318 ) ) ;
#407 = CARTESIAN_POINT ( 'NONE',  ( -0.9724629371584093684, 0.000000000000000000, -1.285703117504754633 ) ) ;
#408 = CARTESIAN_POINT ( 'NONE',  ( 0.5639798631855087452, 0.000000000000000000, -0.1570658016828154757 ) ) ;
#409 = CARTESIAN_POINT ( 'NONE',  ( -0.04153203907931132810, 0.4000000000000000222, -0.3842261076250225726 ) ) ;
#410 = B_SPLINE_SURFACE_WITH_KNOTS ( 'NONE', 3, 1, ( 
 ( #2433, #1182 ),
 ( #147, #108 ),
 ( #939, #532 ),
 ( #1368, #2029 ),
 ( #979, #15 ),
 ( #1053, #2525 ),
 ( #1208, #820 ),
 ( #409, #1664 ),
 ( #420, #2690 ),
 ( #1858, #1467 ),
 ( #806, #1654 ) ),
 .UNSPECIFIED., .F., .F., .F.,
 ( 4, 1, 1, 1, 1, 1, 1, 1, 4 ),
 ( 2, 2 ),
 ( 0.000000000000000000, 0.1023972499136073383, 0.2114439992076143915, 0.3255850776792359458, 0.4476818852492995826, 0.5747497670921593027, 0.7094230002827502934, 0.8501012167914955286, 1.000000000000000000 ),
 ( 0.000000000000000000, 1.000000000000000000 ),
 .UNSPECIFIED. ) ;
#411 = ORIENTED_EDGE ( 'NONE', *, *, #1179, .T. ) ;
#412 = CARTESIAN_POINT ( 'NONE',  ( 0.4046572627527111887, -5.421010862427522170E-17, 0.4198328262939936550 ) ) ;
#413 = ORIENTED_EDGE ( 'NONE', *, *, #833, .T. ) ;
#414 = CARTESIAN_POINT ( 'NONE',  ( -0.1343502302463839282, 0.4000000000000000222, 0.3045367335116257457 ) ) ;
#415 = FACE_OUTER_BOUND ( 'NONE', #707, .T. ) ;
#416 = CARTESIAN_POINT ( 'NONE',  ( 0.000000000000000000, 20.00000000000000000, -3.049999999999999822 ) ) ;
#417 = CARTESIAN_POINT ( 'NONE',  ( -0.4489839690962646457, 0.4000000000000000222, -1.360022850285947715 ) ) ;
#418 = CARTESIAN_POINT ( 'NONE',  ( 0.2563256360589597493, 0.4000000000000000222, -1.959957444139459604 ) ) ;
#419 = CARTESIAN_POINT ( 'NONE',  ( -1.263954870685253029, 0.000000000000000000, -1.205028384339575709 ) ) ;
#420 = CARTESIAN_POINT ( 'NONE',  ( -0.1707270482749225771, 0.4000000000000000222, -0.3968604694401473010 ) ) ;
#421 = VERTEX_POINT ( 'NONE', #2102 ) ;
#422 = CARTESIAN_POINT ( 'NONE',  ( 0.4849449631871514677, 0.000000000000000000, 1.194075055017044473 ) ) ;
#423 = VECTOR ( 'NONE', #19, 1000.000000000000000 ) ;
#424 = ORIENTED_EDGE ( 'NONE', *, *, #620, .T. ) ;
#425 = CARTESIAN_POINT ( 'NONE',  ( -0.1099960726071026323, 0.4000000000000000222, 0.3039177389705877697 ) ) ;
#426 = CARTESIAN_POINT ( 'NONE',  ( 0.5438295824750596363, -5.421010862427522170E-17, 0.5649225012105265620 ) ) ;
#427 = FACE_OUTER_BOUND ( 'NONE', #821, .T. ) ;
#428 = CARTESIAN_POINT ( 'NONE',  ( -1.413953075475527399, 0.4000000000000000222, 0.1417532936502236274 ) ) ;
#429 = EDGE_CURVE ( 'NONE', #2380, #390, #350, .T. ) ;
#430 = CARTESIAN_POINT ( 'NONE',  ( 1.379464826683171275, 0.4000000000000000222, -0.4536713355799317227 ) ) ;
#431 = CARTESIAN_POINT ( 'NONE',  ( 1.416449938040314160, 0.000000000000000000, 0.9206179918544400431 ) ) ;
#432 = CARTESIAN_POINT ( 'NONE',  ( -0.1815276453560616399, 0.4000000000000000222, 0.3057358126522678465 ) ) ;
#433 = CARTESIAN_POINT ( 'NONE',  ( -0.1343502302463839282, -0.000000000000000000, 0.3045367335116257457 ) ) ;
#434 = ORIENTED_EDGE ( 'NONE', *, *, #1212, .T. ) ;
#435 = CARTESIAN_POINT ( 'NONE',  ( 0.4314309185161057658, 0.4000000000000000222, -0.8247825516214947195 ) ) ;
#436 = ORIENTED_EDGE ( 'NONE', *, *, #369, .F. ) ;
#437 = CARTESIAN_POINT ( 'NONE',  ( -1.375932578583713095, 0.4000000000000000222, -1.519677287136363075 ) ) ;
#438 = FACE_OUTER_BOUND ( 'NONE', #1525, .T. ) ;
#439 = CARTESIAN_POINT ( 'NONE',  ( 0.1917871633323834923, 0.000000000000000000, -1.152277284137087188 ) ) ;
#440 = CARTESIAN_POINT ( 'NONE',  ( -1.566109258396468418, 0.4000000000000000222, 0.7742873855603755739 ) ) ;
#441 = CARTESIAN_POINT ( 'NONE',  ( -1.567944016799427631, 0.4000000000000000222, 0.9218956741632194918 ) ) ;
#442 = CARTESIAN_POINT ( 'NONE',  ( 0.5439805772569443754, -5.421010862427522170E-17, 0.5099103840347984917 ) ) ;
#443 = EDGE_CURVE ( 'NONE', #2292, #631, #1347, .T. ) ;
#444 = DIRECTION ( 'NONE',  ( 0.000000000000000000, 1.000000000000000000, -0.000000000000000000 ) ) ;
#445 = CARTESIAN_POINT ( 'NONE',  ( -0.1047010547100640371, -5.421010862427522170E-17, 1.711423646489464767 ) ) ;
#446 = CARTESIAN_POINT ( 'NONE',  ( 0.07909795447553129299, 0.000000000000000000, -0.3611283986805062796 ) ) ;
#447 = ORIENTED_EDGE ( 'NONE', *, *, #1898, .T. ) ;
#448 = CARTESIAN_POINT ( 'NONE',  ( 0.5272261416266849077, 0.4000000000000000222, -0.5113734547950239406 ) ) ;
#449 = DIRECTION ( 'NONE',  ( 0.000000000000000000, 0.7071067811865460184, 0.7071067811865490160 ) ) ;
#450 = ORIENTED_EDGE ( 'NONE', *, *, #870, .F. ) ;
#451 = CARTESIAN_POINT ( 'NONE',  ( -0.6719760071997545881, 0.4000000000000000222, 0.9898932463203373722 ) ) ;
#452 = CARTESIAN_POINT ( 'NONE',  ( -0.07999714371425648007, 0.4000000000000000222, 1.711867468341502496 ) ) ;
#453 = CARTESIAN_POINT ( 'NONE',  ( 0.5067871525177873870, 0.4000000000000000222, 1.083132680120335589 ) ) ;
#454 = CARTESIAN_POINT ( 'NONE',  ( 1.294476455121066349, 0.4000000000000000222, 1.526403891793110423 ) ) ;
#455 = CARTESIAN_POINT ( 'NONE',  ( -1.552422784583370907, -5.421010862427522170E-17, 0.6317195683034605436 ) ) ;
#456 = CARTESIAN_POINT ( 'NONE',  ( 0.5236285494622847647, -5.421010862427522170E-17, 0.9595887024270716159 ) ) ;
#457 = CARTESIAN_POINT ( 'NONE',  ( 0.6000151580086728886, 0.000000000000000000, 2.308792683692472814 ) ) ;
#458 = CARTESIAN_POINT ( 'NONE',  ( -1.067264126390405021, 0.4000000000000000222, -1.255122113138309015 ) ) ;
#459 = ORIENTED_EDGE ( 'NONE', *, *, #2022, .F. ) ;
#460 = EDGE_CURVE ( 'NONE', #1125, #2045, #339, .T. ) ;
#461 = CARTESIAN_POINT ( 'NONE',  ( -0.1099960726071026323, -5.421010862427522170E-17, 0.3039177389705877697 ) ) ;
#462 = CARTESIAN_POINT ( 'NONE',  ( -0.03899860756070003959, 0.4000000000000000222, 2.415842333026959832 ) ) ;
#463 = CARTESIAN_POINT ( 'NONE',  ( -0.7602370900749504390, 0.000000000000000000, -0.3519807242318635510 ) ) ;
#464 = ORIENTED_EDGE ( 'NONE', *, *, #460, .F. ) ;
#465 = CARTESIAN_POINT ( 'NONE',  ( -0.1343502302463839282, 0.4000000000000000222, 0.3045367335116257457 ) ) ;
#466 = CARTESIAN_POINT ( 'NONE',  ( -0.05464761103668220460, -5.421010862427522170E-17, 1.710938786717787430 ) ) ;
#467 = CLOSED_SHELL ( 'NONE', ( #112, #2253, #188, #176, #693, #18, #2114, #4, #1324, #2670, #2082, #349, #131, #853, #2609 ) ) ;
#468 = CARTESIAN_POINT ( 'NONE',  ( 0.5439805772569443754, 0.4000000000000000222, 0.5099103840347984917 ) ) ;
#469 = CARTESIAN_POINT ( 'NONE',  ( 0.7965721228421628330, 0.4000000000000000222, 2.208654463964393688 ) ) ;
#470 = CARTESIAN_POINT ( 'NONE',  ( 0.4276879417975715247, 0.4000000000000000222, 1.380194730201500963 ) ) ;
#471 = CARTESIAN_POINT ( 'NONE',  ( -1.418585724428991446, 0.000000000000000000, 1.653067191619706833 ) ) ;
#472 = CARTESIAN_POINT ( 'NONE',  ( 0.3930483777670034651, 0.4000000000000000222, -0.2507616264178970655 ) ) ;
#473 = ORIENTED_EDGE ( 'NONE', *, *, #2569, .F. ) ;
#474 = LINE ( 'NONE', #673, #1864 ) ;
#475 = CARTESIAN_POINT ( 'NONE',  ( -0.4480433542613168618, 0.000000000000000000, 1.598874739683671775 ) ) ;
#476 = CARTESIAN_POINT ( 'NONE',  ( -1.462167823284607593, 0.000000000000000000, 0.2519083302944323255 ) ) ;
#477 = DIRECTION ( 'NONE',  ( 0.000000000000000000, -0.000000000000000000, 1.000000000000000000 ) ) ;
#478 = EDGE_CURVE ( 'NONE', #2463, #110, #1745, .T. ) ;
#479 = CARTESIAN_POINT ( 'NONE',  ( 1.208660751933531952, 0.000000000000000000, 1.733728982705466271 ) ) ;
#480 = ORIENTED_EDGE ( 'NONE', *, *, #1036, .T. ) ;
#481 = CARTESIAN_POINT ( 'NONE',  ( 1.438414833145850835, 0.4000000000000000222, 0.2832218459709183733 ) ) ;
#482 = CARTESIAN_POINT ( 'NONE',  ( 0.5439805772569443754, -5.421010862427522170E-17, 0.5099103840347984917 ) ) ;
#483 = CARTESIAN_POINT ( 'NONE',  ( 0.5439805772569443754, -5.421010862427522170E-17, 0.5099103840347984917 ) ) ;
#484 = DIRECTION ( 'NONE',  ( 8.659560562354953812E-17, 0.7071067811865460184, -0.7071067811865490160 ) ) ;
#485 = CARTESIAN_POINT ( 'NONE',  ( -1.413953075475527399, -5.421010862427522170E-17, 0.1417532936502236274 ) ) ;
#486 = CARTESIAN_POINT ( 'NONE',  ( 0.1314180929110953522, 0.4000000000000000222, 1.680005900596513557 ) ) ;
#487 = CARTESIAN_POINT ( 'NONE',  ( -0.9657438751140597910, 0.000000000000000000, 2.174660339125088715 ) ) ;
#488 = CARTESIAN_POINT ( 'NONE',  ( -1.147179339003592480, 0.4000000000000000222, -1.231306286868577349 ) ) ;
#489 = CARTESIAN_POINT ( 'NONE',  ( -0.5984208311795295998, 0.000000000000000000, -1.356761240446124894 ) ) ;
#490 = CARTESIAN_POINT ( 'NONE',  ( -0.6400397581694484694, 0.000000000000000000, 1.277652933510549982 ) ) ;
#491 = CARTESIAN_POINT ( 'NONE',  ( -0.6199525907439804584, 0.000000000000000000, -0.3795869413633365386 ) ) ;
#492 = EDGE_LOOP ( 'NONE', ( #1811, #106, #200, #1198 ) ) ;
#493 = CARTESIAN_POINT ( 'NONE',  ( 1.415515547182151224, 0.000000000000000000, -0.1752607443248818120 ) ) ;
#494 = DIRECTION ( 'NONE',  ( 0.000000000000000000, -0.000000000000000000, -1.000000000000000000 ) ) ;
#495 = FACE_OUTER_BOUND ( 'NONE', #196, .T. ) ;
#496 = CARTESIAN_POINT ( 'NONE',  ( -0.5958420001181856662, 0.4000000000000000222, 1.402461871737567423 ) ) ;
#497 = EDGE_CURVE ( 'NONE', #2348, #2233, #1615, .T. ) ;
#498 = CARTESIAN_POINT ( 'NONE',  ( 0.5438295824750596363, 0.4000000000000000222, 0.5649225012105265620 ) ) ;
#499 = CARTESIAN_POINT ( 'NONE',  ( 1.271957516194466509, 0.000000000000000000, -0.8604801167805072870 ) ) ;
#500 = DIRECTION ( 'NONE',  ( 0.000000000000000000, -1.000000000000000000, -0.000000000000000000 ) ) ;
#501 = VERTEX_POINT ( 'NONE', #921 ) ;
#502 = CARTESIAN_POINT ( 'NONE',  ( 1.032901136071158188, 0.4000000000000000222, 2.001375883604868733 ) ) ;
#503 = CARTESIAN_POINT ( 'NONE',  ( -0.7017400443482771921, 0.4000000000000000222, 2.307954261202188384 ) ) ;
#504 = CARTESIAN_POINT ( 'NONE',  ( -0.3049891104106028372, 0.000000000000000000, -0.4000571257148696214 ) ) ;
#505 = CARTESIAN_POINT ( 'NONE',  ( 5.327213576290986242E-16, 20.50000000000001066, -4.349999999999999645 ) ) ;
#506 = ORIENTED_EDGE ( 'NONE', *, *, #2454, .T. ) ;
#507 = CARTESIAN_POINT ( 'NONE',  ( -0.7299960808360635989, -5.421010862427522170E-17, -2.044791710408478291 ) ) ;
#508 = CARTESIAN_POINT ( 'NONE',  ( 0.000000000000000000, 0.000000000000000000, 0.000000000000000000 ) ) ;
#509 = CARTESIAN_POINT ( 'NONE',  ( -0.6673882968825163298, 0.4000000000000000222, 1.138404434551494759 ) ) ;
#510 = CARTESIAN_POINT ( 'NONE',  ( 0.1049449310554575188, 0.4000000000000000222, 2.413987374189318746 ) ) ;
#511 = CARTESIAN_POINT ( 'NONE',  ( 0.5021727693404489656, 0.4000000000000000222, -0.6211799737908718644 ) ) ;
#512 = CARTESIAN_POINT ( 'NONE',  ( 0.4849449631871514677, 0.4000000000000000222, 1.194075055017044473 ) ) ;
#513 = EDGE_CURVE ( 'NONE', #16, #1215, #474, .T. ) ;
#514 = CARTESIAN_POINT ( 'NONE',  ( 1.326996471941946032, 0.000000000000000000, -0.6821389398791203318 ) ) ;
#515 = CIRCLE ( 'NONE', #1954, 3.850000000000000977 ) ;
#516 = CARTESIAN_POINT ( 'NONE',  ( -0.1523311797353376074, 0.000000000000000000, 1.710567940269300369 ) ) ;
#517 = CARTESIAN_POINT ( 'NONE',  ( 0.5439805772569443754, 0.4000000000000000222, 0.5099103840347984917 ) ) ;
#518 = CARTESIAN_POINT ( 'NONE',  ( -0.3907649687607353539, 0.4000000000000000222, 2.390247743076778786 ) ) ;
#519 = CARTESIAN_POINT ( 'NONE',  ( -1.552422784583370907, 0.000000000000000000, 0.6317195683034605436 ) ) ;
#520 = CARTESIAN_POINT ( 'NONE',  ( -0.3049891104106028372, 0.4000000000000000222, -0.4000571257148696214 ) ) ;
#521 = CARTESIAN_POINT ( 'NONE',  ( -0.4459840762069799402, 0.000000000000000000, -2.063997714971405273 ) ) ;
#522 = ORIENTED_EDGE ( 'NONE', *, *, #1239, .F. ) ;
#523 = LINE ( 'NONE', #955, #2517 ) ;
#524 = CARTESIAN_POINT ( 'NONE',  ( -0.03899860756070003959, 0.4000000000000000222, 2.415842333026959832 ) ) ;
#525 = CARTESIAN_POINT ( 'NONE',  ( -0.4480433542613168618, 0.4000000000000000222, 1.598874739683671775 ) ) ;
#526 = CARTESIAN_POINT ( 'NONE',  ( -1.566109258396468418, 0.000000000000000000, 0.7742873855603755739 ) ) ;
#527 = CARTESIAN_POINT ( 'NONE',  ( 0.3847984103529097366, 0.000000000000000000, -0.9177953620510723720 ) ) ;
#528 = CARTESIAN_POINT ( 'NONE',  ( -0.2538323544640959106, 0.000000000000000000, -2.060112999032434278 ) ) ;
#529 = CARTESIAN_POINT ( 'NONE',  ( 0.2563256360589597493, 0.000000000000000000, -1.959957444139459604 ) ) ;
#530 = CARTESIAN_POINT ( 'NONE',  ( -1.307314705566734681, -5.421010862427522170E-17, -1.858696833624117861 ) ) ;
#531 = CARTESIAN_POINT ( 'NONE',  ( -0.8620775794044499563, 0.4000000000000000222, -1.312270545943490685 ) ) ;
#532 = CARTESIAN_POINT ( 'NONE',  ( 0.4817612984951529231, 0.000000000000000000, -0.2060229016306388550 ) ) ;
#533 = CARTESIAN_POINT ( 'NONE',  ( -0.4667361883971740122, 0.4000000000000000222, -0.3967824054163042735 ) ) ;
#534 = CARTESIAN_POINT ( 'NONE',  ( -1.364043927910037590, 0.000000000000000000, -1.743033062228969365 ) ) ;
#535 = VERTEX_POINT ( 'NONE', #517 ) ;
#536 = CARTESIAN_POINT ( 'NONE',  ( -1.341951279545543274, 0.4000000000000000222, -1.808289430792386465 ) ) ;
#537 = CARTESIAN_POINT ( 'NONE',  ( 0.000000000000000000, 0.9999999999999974465, 0.000000000000000000 ) ) ;
#538 = CARTESIAN_POINT ( 'NONE',  ( -0.1523311797353376074, 0.000000000000000000, 1.710567940269300369 ) ) ;
#539 = CARTESIAN_POINT ( 'NONE',  ( -0.1962527395597513657, 0.000000000000000000, -1.338787466646876867 ) ) ;
#540 = CARTESIAN_POINT ( 'NONE',  ( 1.435292451692306015, 0.000000000000000000, 0.1006259711159401687 ) ) ;
#541 = CARTESIAN_POINT ( 'NONE',  ( -0.5984208311795295998, 0.000000000000000000, -1.356761240446124894 ) ) ;
#542 = CARTESIAN_POINT ( 'NONE',  ( -1.364043927910037590, -5.421010862427522170E-17, -1.743033062228969365 ) ) ;
#543 = CARTESIAN_POINT ( 'NONE',  ( -0.6458825016524325502, 0.000000000000000000, 0.6936783553538597991 ) ) ;
#544 = CARTESIAN_POINT ( 'NONE',  ( -1.418585724428991446, 0.000000000000000000, 1.653067191619706833 ) ) ;
#545 = CARTESIAN_POINT ( 'NONE',  ( 0.3287848402072364729, 0.000000000000000000, -1.003641441983471605 ) ) ;
#546 = EDGE_LOOP ( 'NONE', ( #2104, #797, #2361, #1293 ) ) ;
#547 = CARTESIAN_POINT ( 'NONE',  ( -0.3805959776326643951, 0.000000000000000000, -2.062675769029694628 ) ) ;
#548 = CARTESIAN_POINT ( 'NONE',  ( -0.5523256721654606904, -5.421010862427522170E-17, 2.357683460398168229 ) ) ;
#549 = CARTESIAN_POINT ( 'NONE',  ( 0.000000000000000000, 20.50000000000001066, 0.000000000000000000 ) ) ;
#550 = CARTESIAN_POINT ( 'NONE',  ( 0.1314180929110953522, 0.4000000000000000222, 1.680005900596513557 ) ) ;
#551 = DIRECTION ( 'NONE',  ( -0.000000000000000000, -1.000000000000000000, -0.000000000000000000 ) ) ;
#552 = CARTESIAN_POINT ( 'NONE',  ( -0.9857364821605892891, 0.4000000000000000222, -1.993820906476519106 ) ) ;
#553 = LINE ( 'NONE', #323, #1389 ) ;
#554 = CIRCLE ( 'NONE', #1827, 5.049999999999999822 ) ;
#555 = CARTESIAN_POINT ( 'NONE',  ( -1.567944016799427631, 0.000000000000000000, 0.9218956741632194918 ) ) ;
#556 = AXIS2_PLACEMENT_3D ( 'NONE', #171, #1000, #1845 ) ;
#557 = CARTESIAN_POINT ( 'NONE',  ( -1.200713819662013959, 0.4000000000000000222, -0.1301310324529638685 ) ) ;
#558 = CARTESIAN_POINT ( 'NONE',  ( -1.374190298776963859, 0.000000000000000000, -1.656319495616811022 ) ) ;
#559 = ORIENTED_EDGE ( 'NONE', *, *, #1192, .F. ) ;
#560 = CARTESIAN_POINT ( 'NONE',  ( 0.2563256360589597493, 0.000000000000000000, -1.959957444139459604 ) ) ;
#561 = EDGE_CURVE ( 'NONE', #1458, #631, #2186, .T. ) ;
#562 = CARTESIAN_POINT ( 'NONE',  ( 0.4314309185161057658, 0.4000000000000000222, -0.8247825516214947195 ) ) ;
#563 = ORIENTED_EDGE ( 'NONE', *, *, #924, .T. ) ;
#564 = CARTESIAN_POINT ( 'NONE',  ( -0.6676471504048434591, 0.000000000000000000, 0.8354617898187258751 ) ) ;
#565 = CARTESIAN_POINT ( 'NONE',  ( 0.09972491500653890562, 0.000000000000000000, -2.007719999653640564 ) ) ;
#566 = CARTESIAN_POINT ( 'NONE',  ( -0.1962527395597513657, 0.4000000000000000222, -1.338787466646876867 ) ) ;
#567 = CARTESIAN_POINT ( 'NONE',  ( -0.2185983068559493314, 0.4000000000000000222, 2.412292815867060458 ) ) ;
#568 = CARTESIAN_POINT ( 'NONE',  ( -1.291228450270494932, -5.421010862427522170E-17, -1.206669484388270375 ) ) ;
#569 = CARTESIAN_POINT ( 'NONE',  ( -1.253418450161674302, 0.000000000000000000, -1.895657117321613683 ) ) ;
#570 = CARTESIAN_POINT ( 'NONE',  ( -1.462167823284607593, 0.4000000000000000222, 0.2519083302944323255 ) ) ;
#571 = CARTESIAN_POINT ( 'NONE',  ( 0.4898002485905206260, 0.000000000000000000, 2.347963194754815852 ) ) ;
#572 = ORIENTED_EDGE ( 'NONE', *, *, #1851, .F. ) ;
#573 = CARTESIAN_POINT ( 'NONE',  ( -0.07059529414361444266, 0.4000000000000000222, -2.039823329858649892 ) ) ;
#574 = EDGE_LOOP ( 'NONE', ( #436, #1516, #1158, #2259 ) ) ;
#575 = FACE_OUTER_BOUND ( 'NONE', #1027, .T. ) ;
#576 = CARTESIAN_POINT ( 'NONE',  ( -0.01746212165503743807, -5.421010862427522170E-17, 0.3067738089142384994 ) ) ;
#577 = CARTESIAN_POINT ( 'NONE',  ( -0.4489839690962646457, 0.4000000000000000222, -1.360022850285947715 ) ) ;
#578 = CARTESIAN_POINT ( 'NONE',  ( -1.263954870685253029, 0.000000000000000000, -1.205028384339575709 ) ) ;
#579 = EDGE_CURVE ( 'NONE', #2528, #501, #2012, .T. ) ;
#580 = CARTESIAN_POINT ( 'NONE',  ( -1.263954870685253029, 0.000000000000000000, -1.205028384339575709 ) ) ;
#581 = CARTESIAN_POINT ( 'NONE',  ( -0.03899860756070003959, 0.000000000000000000, 2.415842333026959832 ) ) ;
#582 = CARTESIAN_POINT ( 'NONE',  ( -1.532162547200392799, 0.4000000000000000222, 0.4969210273841810910 ) ) ;
#583 = CARTESIAN_POINT ( 'NONE',  ( 1.167641881833676454, 0.4000000000000000222, -1.118290273087891418 ) ) ;
#584 = CARTESIAN_POINT ( 'NONE',  ( 1.416449938040314160, 0.4000000000000000222, 0.9206179918544400431 ) ) ;
#585 = VERTEX_POINT ( 'NONE', #2054 ) ;
#586 = CARTESIAN_POINT ( 'NONE',  ( 1.035911010099072493, 0.4000000000000000222, -1.360635518327496518 ) ) ;
#587 = ORIENTED_EDGE ( 'NONE', *, *, #2316, .F. ) ;
#588 = CARTESIAN_POINT ( 'NONE',  ( 0.2426378909399972139, 0.000000000000000000, 2.400722697331309163 ) ) ;
#589 = CARTESIAN_POINT ( 'NONE',  ( 0.3491537589738989977, 0.000000000000000000, 1.520925456130124420 ) ) ;
#590 = CARTESIAN_POINT ( 'NONE',  ( 0.3287848402072364729, 0.000000000000000000, -1.003641441983471605 ) ) ;
#591 = CARTESIAN_POINT ( 'NONE',  ( -0.7299960808360635989, 0.4000000000000000222, -2.044791710408478291 ) ) ;
#592 = CARTESIAN_POINT ( 'NONE',  ( 0.6552396610809695376, 0.000000000000000000, -1.756606555582111096 ) ) ;
#593 = ADVANCED_FACE ( 'NONE', ( #2639 ), #2002, .F. ) ;
#594 = B_SPLINE_CURVE_WITH_KNOTS ( 'NONE', 3,
 ( #1969, #705, #46, #2363, #1303, #282, #878, #718, #1500, #2337, #58, #2555, #1557, #1112, #922 ),
 .UNSPECIFIED., .F., .F.,
 ( 4, 1, 1, 1, 1, 1, 1, 1, 1, 1, 1, 1, 4 ),
 ( 0.000000000000000000, 0.1179639542951815973, 0.2365915122389395664, 0.3496331516761759794, 0.4536309162148659535, 0.5457041578953328864, 0.6255068915027592880, 0.6900278810170966670, 0.7394930187986769043, 0.7850155796283968535, 0.8384758280831334787, 0.9084300967984980657, 1.000000000000000000 ),
 .UNSPECIFIED. ) ;
#595 = CARTESIAN_POINT ( 'NONE',  ( -0.7017400443482771921, 0.000000000000000000, 2.307954261202188384 ) ) ;
#596 = CARTESIAN_POINT ( 'NONE',  ( -1.375900237185846642, 0.000000000000000000, -1.458968753449324529 ) ) ;
#597 = VECTOR ( 'NONE', #2635, 1000.000000000000000 ) ;
#598 = ORIENTED_EDGE ( 'NONE', *, *, #1478, .F. ) ;
#599 = CARTESIAN_POINT ( 'NONE',  ( 0.4009425128878277289, 0.000000000000000000, -1.902157243858849656 ) ) ;
#600 = PRESENTATION_LAYER_ASSIGNMENT (  '', '', ( #2004 ) ) ;
#601 = CARTESIAN_POINT ( 'NONE',  ( 0.01003160881831201973, 0.4000000000000000222, 2.415210494779421957 ) ) ;
#602 = CARTESIAN_POINT ( 'NONE',  ( 0.5438295824750596363, -0.000000000000000000, 0.5649225012105265620 ) ) ;
#603 = CARTESIAN_POINT ( 'NONE',  ( -1.283374766213341900, 0.4000000000000000222, -0.04977142956567005838 ) ) ;
#604 = B_SPLINE_CURVE_WITH_KNOTS ( 'NONE', 3,
 ( #961, #2468, #379, #591, #2674, #552, #1427, #1152, #117, #2636, #948, #754, #1391, #2228, #827 ),
 .UNSPECIFIED., .F., .F.,
 ( 4, 1, 1, 1, 1, 1, 1, 1, 1, 1, 1, 1, 4 ),
 ( 0.000000000000000000, 0.1179639542951815973, 0.2365915122389395664, 0.3496331516761759794, 0.4536309162148659535, 0.5457041578953328864, 0.6255068915027592880, 0.6900278810170966670, 0.7394930187986769043, 0.7850155796283968535, 0.8384758280831334787, 0.9084300967984980657, 1.000000000000000000 ),
 .UNSPECIFIED. ) ;
#605 = CARTESIAN_POINT ( 'NONE',  ( 1.035911010099072493, 0.4000000000000000222, -1.360635518327496518 ) ) ;
#606 = CARTESIAN_POINT ( 'NONE',  ( -0.3623120879304371766, -5.421010862427522170E-17, 1.653121988441441426 ) ) ;
#607 = CARTESIAN_POINT ( 'NONE',  ( -1.291228450270494932, 0.000000000000000000, -1.206669484388270375 ) ) ;
#608 = ORIENTED_EDGE ( 'NONE', *, *, #1127, .F. ) ;
#609 = DIRECTION ( 'NONE',  ( 0.000000000000000000, 0.000000000000000000, 1.000000000000000000 ) ) ;
#610 = VERTEX_POINT ( 'NONE', #1819 ) ;
#611 = CARTESIAN_POINT ( 'NONE',  ( 1.439019383604892122, 0.000000000000000000, 0.4669537915848339105 ) ) ;
#612 = CARTESIAN_POINT ( 'NONE',  ( 0.4581781590670134796, 0.000000000000000000, 1.292630013657372512 ) ) ;
#613 = CARTESIAN_POINT ( 'NONE',  ( 0.5021727693404489656, 0.000000000000000000, -0.6211799737908718644 ) ) ;
#614 = CARTESIAN_POINT ( 'NONE',  ( -1.502402976625767606, -5.421010862427522170E-17, 0.3699071092237977143 ) ) ;
#615 = CARTESIAN_POINT ( 'NONE',  ( -0.07059529414361444266, 0.4000000000000000222, -2.039823329858649892 ) ) ;
#616 = CARTESIAN_POINT ( 'NONE',  ( -0.2494678708595151617, 0.4000000000000000222, 0.3136800052864326394 ) ) ;
#617 = CARTESIAN_POINT ( 'NONE',  ( -0.01746212165503743807, 0.000000000000000000, 0.3067738089142384994 ) ) ;
#618 = VERTEX_POINT ( 'NONE', #159 ) ;
#619 = CARTESIAN_POINT ( 'NONE',  ( 0.5236285494622847647, 0.000000000000000000, 0.9595887024270716159 ) ) ;
#620 = EDGE_CURVE ( 'NONE', #585, #224, #1017, .T. ) ;
#621 = ORIENTED_EDGE ( 'NONE', *, *, #1884, .T. ) ;
#622 = CARTESIAN_POINT ( 'NONE',  ( -1.210307731464790315, 0.4000000000000000222, -1.210166929804574742 ) ) ;
#623 = DIRECTION ( 'NONE',  ( 0.000000000000000000, 1.000000000000000000, -0.000000000000000000 ) ) ;
#624 = CARTESIAN_POINT ( 'NONE',  ( 0.5465368699671107056, 0.4000000000000000222, -0.3969045931312844000 ) ) ;
#625 = CARTESIAN_POINT ( 'NONE',  ( -1.352622216732949356, 0.4000000000000000222, 0.04218593467476654257 ) ) ;
#626 = CARTESIAN_POINT ( 'NONE',  ( -0.4667361883971740122, 0.4000000000000000222, -0.3967824054163042735 ) ) ;
#627 = CARTESIAN_POINT ( 'NONE',  ( 1.415515547182151224, 0.000000000000000000, -0.1752607443248818120 ) ) ;
#628 = PLANE ( 'NONE',  #730 ) ;
#629 = CARTESIAN_POINT ( 'NONE',  ( -0.5003609701475891791, 0.000000000000000000, -1.358901495555705941 ) ) ;
#630 = CARTESIAN_POINT ( 'NONE',  ( -0.6458825016524325502, 0.000000000000000000, 0.6936783553538597991 ) ) ;
#631 = VERTEX_POINT ( 'NONE', #1599 ) ;
#632 = CARTESIAN_POINT ( 'NONE',  ( 0.4581781590670134796, 0.000000000000000000, 1.292630013657372512 ) ) ;
#633 = EDGE_LOOP ( 'NONE', ( #598, #2417, #2290, #359 ) ) ;
#634 = CARTESIAN_POINT ( 'NONE',  ( -0.3120596014231357129, 0.4000000000000000222, 0.3267051093652464377 ) ) ;
#635 = EDGE_CURVE ( 'NONE', #2693, #912, #234, .T. ) ;
#636 = VECTOR ( 'NONE', #2369, 1000.000000000000000 ) ;
#637 = CARTESIAN_POINT ( 'NONE',  ( -0.005745379297430137921, -5.421010862427522170E-17, 1.709147250575780097 ) ) ;
#638 = CARTESIAN_POINT ( 'NONE',  ( 0.3287848402072364729, 0.000000000000000000, -1.003641441983471605 ) ) ;
#639 = CARTESIAN_POINT ( 'NONE',  ( -0.8885684291690013614, -5.421010862427522170E-17, -0.3138189770866814388 ) ) ;
#640 = CARTESIAN_POINT ( 'NONE',  ( -1.413953075475527399, 0.4000000000000000222, 0.1417532936502236274 ) ) ;
#641 = ADVANCED_FACE ( 'NONE', ( #745 ), #2131, .T. ) ;
#642 = LINE ( 'NONE', #1106, #1251 ) ;
#643 = CARTESIAN_POINT ( 'NONE',  ( 0.000000000000000000, 20.00000000000000000, 0.000000000000000000 ) ) ;
#644 = FACE_OUTER_BOUND ( 'NONE', #1184, .T. ) ;
#645 = CARTESIAN_POINT ( 'NONE',  ( -0.1815276453560616399, 0.000000000000000000, 0.3057358126522678465 ) ) ;
#646 = VERTEX_POINT ( 'NONE', #2073 ) ;
#647 = CARTESIAN_POINT ( 'NONE',  ( 0.3287848402072364729, 0.4000000000000000222, -1.003641441983471605 ) ) ;
#648 = CARTESIAN_POINT ( 'NONE',  ( 1.032901136071158188, 0.000000000000000000, 2.001375883604868733 ) ) ;
#649 = EDGE_LOOP ( 'NONE', ( #1443, #300, #473, #1986 ) ) ;
#650 = CARTESIAN_POINT ( 'NONE',  ( -0.9724629371584093684, 0.000000000000000000, -1.285703117504754633 ) ) ;
#651 = CARTESIAN_POINT ( 'NONE',  ( -1.514909160381537889, 0.4000000000000000222, 1.380304408931673832 ) ) ;
#652 = CARTESIAN_POINT ( 'NONE',  ( -0.05464761103668220460, 0.4000000000000000222, 1.710938786717787430 ) ) ;
#653 = CARTESIAN_POINT ( 'NONE',  ( -0.3866859182099619541, 0.4000000000000000222, 0.3495353627996934387 ) ) ;
#654 = CARTESIAN_POINT ( 'NONE',  ( -1.108567772874986979, 0.4000000000000000222, -0.2023118092157738523 ) ) ;
#655 = B_SPLINE_SURFACE_WITH_KNOTS ( 'NONE', 3, 1, ( 
 ( #1981, #2200 ),
 ( #2212, #2229 ),
 ( #1153, #2025 ),
 ( #355, #337 ),
 ( #105, #2650 ),
 ( #144, #977 ),
 ( #2612, #1612 ),
 ( #731, #1571 ),
 ( #1995, #568 ),
 ( #1405, #118 ),
 ( #1794, #743 ) ),
 .UNSPECIFIED., .F., .F., .F.,
 ( 4, 1, 1, 1, 1, 1, 1, 1, 4 ),
 ( 2, 2 ),
 ( 0.000000000000000000, 0.2540826451541937092, 0.4492020162846193654, 0.6006585402341811930, 0.7155392436497926001, 0.8027504545536804370, 0.8673103169173244087, 0.9305369411631959631, 0.9999999999999998890 ),
 ( 0.000000000000000000, 1.000000000000000000 ),
 .UNSPECIFIED. ) ;
#656 = CARTESIAN_POINT ( 'NONE',  ( -1.514909160381537889, 0.4000000000000000222, 1.380304408931673832 ) ) ;
#657 = EDGE_CURVE ( 'NONE', #16, #124, #2477, .T. ) ;
#658 = CARTESIAN_POINT ( 'NONE',  ( 1.254340098241015555, 0.000000000000000000, 1.632603022451407204 ) ) ;
#659 = DIRECTION ( 'NONE',  ( 0.000000000000000000, 0.000000000000000000, -1.000000000000000000 ) ) ;
#660 = VERTEX_POINT ( 'NONE', #194 ) ;
#661 = CARTESIAN_POINT ( 'NONE',  ( -0.3190659712566031869, 0.4000000000000000222, -1.356927209224347175 ) ) ;
#662 = CARTESIAN_POINT ( 'NONE',  ( -0.2592982449298201209, -0.000000000000000000, -0.3989692682105729915 ) ) ;
#663 = ORIENTED_EDGE ( 'NONE', *, *, #1329, .T. ) ;
#664 = CARTESIAN_POINT ( 'NONE',  ( -0.4687543263933814930, 0.4000000000000000222, 0.3943175464426150745 ) ) ;
#665 = CARTESIAN_POINT ( 'NONE',  ( 0.5438295824750596363, 0.4000000000000000222, 0.5649225012105265620 ) ) ;
#666 = CARTESIAN_POINT ( 'NONE',  ( -0.4489839690962646457, 0.000000000000000000, -1.360022850285947715 ) ) ;
#667 = CARTESIAN_POINT ( 'NONE',  ( 1.384779734273268836, 0.4000000000000000222, 1.175476473704549552 ) ) ;
#668 = CARTESIAN_POINT ( 'NONE',  ( -1.502402976625767606, 0.4000000000000000222, 0.3699071092237977143 ) ) ;
#669 = CARTESIAN_POINT ( 'NONE',  ( -1.418585724428991446, 0.4000000000000000222, 1.653067191619706833 ) ) ;
#670 = CARTESIAN_POINT ( 'NONE',  ( -1.546621626749046241, 0.4000000000000000222, 1.233732247392242520 ) ) ;
#671 = CARTESIAN_POINT ( 'NONE',  ( 0.5371543425131620753, 0.4000000000000000222, -0.1730390761087862439 ) ) ;
#672 = ORIENTED_EDGE ( 'NONE', *, *, #620, .F. ) ;
#673 = CARTESIAN_POINT ( 'NONE',  ( 6.184466335694133068E-16, 20.00000000000000000, 5.049999999999999822 ) ) ;
#674 = CARTESIAN_POINT ( 'NONE',  ( -0.07999714371425648007, -5.421010862427522170E-17, 1.711867468341502496 ) ) ;
#675 = CARTESIAN_POINT ( 'NONE',  ( -1.108567772874986979, 0.000000000000000000, -0.2023118092157738523 ) ) ;
#676 = LINE ( 'NONE', #1351, #389 ) ;
#677 = VERTEX_POINT ( 'NONE', #1663 ) ;
#678 = B_SPLINE_SURFACE_WITH_KNOTS ( 'NONE', 3, 1, ( 
 ( #1531, #1147 ),
 ( #2367, #1944 ),
 ( #286, #2148 ),
 ( #1958, #507 ),
 ( #1577, #927 ),
 ( #737, #1756 ),
 ( #317, #1131 ),
 ( #2207, #2590 ),
 ( #98, #1354 ),
 ( #2411, #1799 ),
 ( #536, #1785 ),
 ( #330, #125 ),
 ( #2001, #2630 ),
 ( #62, #722 ),
 ( #1770, #2398 ) ),
 .UNSPECIFIED., .F., .F., .F.,
 ( 4, 1, 1, 1, 1, 1, 1, 1, 1, 1, 1, 1, 4 ),
 ( 2, 2 ),
 ( 0.000000000000000000, 0.1179639542951815973, 0.2365915122389395664, 0.3496331516761759794, 0.4536309162148659535, 0.5457041578953328864, 0.6255068915027592880, 0.6900278810170966670, 0.7394930187986769043, 0.7850155796283968535, 0.8384758280831334787, 0.9084300967984980657, 1.000000000000000000 ),
 ( 0.000000000000000000, 1.000000000000000000 ),
 .UNSPECIFIED. ) ;
#679 = CARTESIAN_POINT ( 'NONE',  ( -1.375950871885212035, 0.4000000000000000222, -1.554015923793020004 ) ) ;
#680 = CARTESIAN_POINT ( 'NONE',  ( 0.5439805772569443754, 0.4000000000000000222, 0.5099103840347984917 ) ) ;
#681 = AXIS2_PLACEMENT_3D ( 'NONE', #143, #976, #2623 ) ;
#682 = CARTESIAN_POINT ( 'NONE',  ( -0.6719760071997545881, 0.4000000000000000222, 0.9898932463203373722 ) ) ;
#683 = CARTESIAN_POINT ( 'NONE',  ( -0.4687543263933814930, 0.000000000000000000, 0.3943175464426150745 ) ) ;
#684 = CARTESIAN_POINT ( 'NONE',  ( -1.200713819662013959, 0.4000000000000000222, -0.1301310324529638685 ) ) ;
#685 = AXIS2_PLACEMENT_3D ( 'NONE', #847, #1676, #2495 ) ;
#686 = CARTESIAN_POINT ( 'NONE',  ( 0.5067871525177873870, 0.4000000000000000222, 1.083132680120335589 ) ) ;
#687 = CARTESIAN_POINT ( 'NONE',  ( 0.07336787322834095737, 0.4000000000000000222, 0.3161591750099116416 ) ) ;
#688 = CARTESIAN_POINT ( 'NONE',  ( -0.9724629371584093684, 0.4000000000000000222, -1.285703117504754633 ) ) ;
#689 = EDGE_LOOP ( 'NONE', ( #1409, #2113, #2557, #74 ) ) ;
#690 = CARTESIAN_POINT ( 'NONE',  ( -0.8620775794044499563, 0.000000000000000000, -1.312270545943490685 ) ) ;
#691 = CARTESIAN_POINT ( 'NONE',  ( -1.182553433213008764, 0.4000000000000000222, 1.995967223017790060 ) ) ;
#692 = CARTESIAN_POINT ( 'NONE',  ( 1.294476455121066349, 0.000000000000000000, 1.526403891793110423 ) ) ;
#693 = ADVANCED_FACE ( 'NONE', ( #2288 ), #1275, .F. ) ;
#694 = ORIENTED_EDGE ( 'NONE', *, *, #2405, .F. ) ;
#695 = CARTESIAN_POINT ( 'NONE',  ( 1.438414833145850835, 0.000000000000000000, 0.2832218459709183733 ) ) ;
#696 = CARTESIAN_POINT ( 'NONE',  ( -1.566803551294330132, -5.421010862427522170E-17, 0.9752718443225077971 ) ) ;
#697 = CARTESIAN_POINT ( 'NONE',  ( -0.3603673337797280718, -0.000000000000000000, -0.3989359419851677413 ) ) ;
#698 = CARTESIAN_POINT ( 'NONE',  ( 0.4898002485905206260, -5.421010862427522170E-17, 2.347963194754815852 ) ) ;
#699 = CARTESIAN_POINT ( 'NONE',  ( -0.2214272578785893286, 0.4000000000000000222, 1.700237090963820696 ) ) ;
#700 = CARTESIAN_POINT ( 'NONE',  ( 0.3904013936769012427, -5.421010862427522170E-17, 1.455313189788543404 ) ) ;
#701 = CARTESIAN_POINT ( 'NONE',  ( -1.182553433213008764, 0.4000000000000000222, 1.995967223017790060 ) ) ;
#702 = CARTESIAN_POINT ( 'NONE',  ( -1.338090693864876668, 0.4000000000000000222, -1.236667642491426244 ) ) ;
#703 = ORIENTED_EDGE ( 'NONE', *, *, #946, .T. ) ;
#704 = CARTESIAN_POINT ( 'NONE',  ( -1.248190888136529786, 0.4000000000000000222, -1.206538323960086867 ) ) ;
#705 = CARTESIAN_POINT ( 'NONE',  ( -0.4936933040139667161, 0.4000000000000000222, -2.063111387898301174 ) ) ;
#706 = CARTESIAN_POINT ( 'NONE',  ( 0.000000000000000000, 20.00000000000000000, 0.000000000000000000 ) ) ;
#707 = EDGE_LOOP ( 'NONE', ( #2177, #2538, #1398, #1054 ) ) ;
#708 = CARTESIAN_POINT ( 'NONE',  ( 1.439948586856617530, 0.000000000000000000, 0.3729152754241341627 ) ) ;
#709 = ADVANCED_FACE ( 'NONE', ( #644 ), #932, .T. ) ;
#710 = CARTESIAN_POINT ( 'NONE',  ( 0.5639798631855087452, 0.4000000000000000222, -0.1570658016828154757 ) ) ;
#711 = CARTESIAN_POINT ( 'NONE',  ( 0.5639798631855087452, 0.4000000000000000222, -0.1570658016828154757 ) ) ;
#712 = CARTESIAN_POINT ( 'NONE',  ( -0.08400162982184886107, 0.000000000000000000, -1.308968792802971626 ) ) ;
#713 = DIRECTION ( 'NONE',  ( 0.000000000000000000, -1.000000000000000000, 0.000000000000000000 ) ) ;
#714 = CARTESIAN_POINT ( 'NONE',  ( -0.2538323544640959106, 0.000000000000000000, -2.060112999032434278 ) ) ;
#715 = CARTESIAN_POINT ( 'NONE',  ( -0.6719760071997545881, 0.000000000000000000, 0.9898932463203373722 ) ) ;
#716 = EDGE_LOOP ( 'NONE', ( #3, #969, #1779, #1080 ) ) ;
#717 = CARTESIAN_POINT ( 'NONE',  ( 0.4898002485905206260, 0.4000000000000000222, 2.347963194754815852 ) ) ;
#718 = CARTESIAN_POINT ( 'NONE',  ( -1.182968817219005153, 0.4000000000000000222, -1.930046925294719662 ) ) ;
#719 = CARTESIAN_POINT ( 'NONE',  ( -0.1815276453560616399, 0.000000000000000000, 0.3057358126522678465 ) ) ;
#720 = CARTESIAN_POINT ( 'NONE',  ( -1.375950871885212035, 0.000000000000000000, -1.554015923793020004 ) ) ;
#721 = VERTEX_POINT ( 'NONE', #2239 ) ;
#722 = CARTESIAN_POINT ( 'NONE',  ( -1.375313893287328781, -5.421010862427522170E-17, -1.591029544774432480 ) ) ;
#723 = CARTESIAN_POINT ( 'NONE',  ( -0.01746212165503743807, 0.000000000000000000, 0.3067738089142384994 ) ) ;
#724 = CARTESIAN_POINT ( 'NONE',  ( -0.6719760071997545881, 0.000000000000000000, 0.9898932463203373722 ) ) ;
#725 = B_SPLINE_CURVE_WITH_KNOTS ( 'NONE', 3,
 ( #408, #2013, #252, #2540, #2188, #253, #2585, #1128, #1082, #662, #1721 ),
 .UNSPECIFIED., .F., .F.,
 ( 4, 1, 1, 1, 1, 1, 1, 1, 4 ),
 ( 0.000000000000000000, 0.1023972499136073383, 0.2114439992076143915, 0.3255850776792359458, 0.4476818852492995826, 0.5747497670921593027, 0.7094230002827502934, 0.8501012167914955286, 1.000000000000000000 ),
 .UNSPECIFIED. ) ;
#726 = CARTESIAN_POINT ( 'NONE',  ( 0.5639798631855087452, 0.000000000000000000, -0.1570658016828154757 ) ) ;
#727 = STYLED_ITEM ( 'NONE', ( #353 ), #746 ) ;
#728 = CARTESIAN_POINT ( 'NONE',  ( 1.035911010099072493, 0.000000000000000000, -1.360635518327496518 ) ) ;
#729 = CARTESIAN_POINT ( 'NONE',  ( -0.4459840762069799402, 0.000000000000000000, -2.063997714971405273 ) ) ;
#730 = AXIS2_PLACEMENT_3D ( 'NONE', #643, #2667, #1420 ) ;
#731 = CARTESIAN_POINT ( 'NONE',  ( -1.317211440962287039, 0.4000000000000000222, -1.215366684716169488 ) ) ;
#732 = CARTESIAN_POINT ( 'NONE',  ( 1.156076827660980522, 0.4000000000000000222, 1.829024614772599255 ) ) ;
#733 = CARTESIAN_POINT ( 'NONE',  ( -1.079813959346647811, 0.000000000000000000, 2.090398004051108316 ) ) ;
#734 = CARTESIAN_POINT ( 'NONE',  ( -0.8885684291690013614, 0.4000000000000000222, -0.3138189770866814388 ) ) ;
#735 = DIRECTION ( 'NONE',  ( -0.000000000000000000, -1.000000000000000000, -0.000000000000000000 ) ) ;
#736 = VERTEX_POINT ( 'NONE', #1426 ) ;
#737 = CARTESIAN_POINT ( 'NONE',  ( -0.9857364821605892891, 0.4000000000000000222, -1.993820906476519106 ) ) ;
#738 = FACE_OUTER_BOUND ( 'NONE', #1445, .T. ) ;
#739 = CARTESIAN_POINT ( 'NONE',  ( 1.439948586856617530, 0.4000000000000000222, 0.3729152754241341627 ) ) ;
#740 = CARTESIAN_POINT ( 'NONE',  ( -0.07999714371425648007, 0.4000000000000000222, 1.711867468341502496 ) ) ;
#741 = CARTESIAN_POINT ( 'NONE',  ( 0.3904013936769012427, 0.4000000000000000222, 1.455313189788543404 ) ) ;
#742 = FACE_OUTER_BOUND ( 'NONE', #1973, .T. ) ;
#743 = CARTESIAN_POINT ( 'NONE',  ( -1.263954870685253029, -5.421010862427522170E-17, -1.205028384339575709 ) ) ;
#744 = EDGE_CURVE ( 'NONE', #2233, #2616, #1230, .T. ) ;
#745 = FACE_OUTER_BOUND ( 'NONE', #716, .T. ) ;
#746 = MANIFOLD_SOLID_BREP ( 'Boss-Extrude4', #467 ) ;
#747 = CARTESIAN_POINT ( 'NONE',  ( -0.4480433542613168618, 0.4000000000000000222, 1.598874739683671775 ) ) ;
#748 = CARTESIAN_POINT ( 'NONE',  ( 0.4724286826564967345, 0.000000000000000000, -0.7266152200451843068 ) ) ;
#749 = ORIENTED_EDGE ( 'NONE', *, *, #443, .F. ) ;
#750 = DIRECTION ( 'NONE',  ( -0.000000000000000000, -1.000000000000000000, -0.000000000000000000 ) ) ;
#751 = CARTESIAN_POINT ( 'NONE',  ( -0.1099960726071026323, 0.000000000000000000, 0.3039177389705877697 ) ) ;
#752 = CARTESIAN_POINT ( 'NONE',  ( 0.4314309185161057658, 0.4000000000000000222, -0.8247825516214947195 ) ) ;
#753 = CARTESIAN_POINT ( 'NONE',  ( -0.8393926159034127421, 0.4000000000000000222, 2.246968185430850085 ) ) ;
#754 = CARTESIAN_POINT ( 'NONE',  ( -1.364043927910037590, 0.4000000000000000222, -1.743033062228969365 ) ) ;
#755 = CARTESIAN_POINT ( 'NONE',  ( -1.374190298776963859, -5.421010862427522170E-17, -1.656319495616811022 ) ) ;
#756 = ORIENTED_EDGE ( 'NONE', *, *, #497, .F. ) ;
#757 = ADVANCED_FACE ( 'NONE', ( #169 ), #2250, .F. ) ;
#758 = CARTESIAN_POINT ( 'NONE',  ( -0.2185983068559493314, 0.000000000000000000, 2.412292815867060458 ) ) ;
#759 = CARTESIAN_POINT ( 'NONE',  ( -0.03899860756070003959, -5.421010862427522170E-17, 2.415842333026959832 ) ) ;
#760 = LINE ( 'NONE', #505, #1206 ) ;
#761 = ADVANCED_FACE ( 'NONE', ( #404 ), #2598, .T. ) ;
#762 = ORIENTED_EDGE ( 'NONE', *, *, #2007, .T. ) ;
#763 = CARTESIAN_POINT ( 'NONE',  ( 0.9554435485504344516, 0.000000000000000000, -1.471529103612861045 ) ) ;
#764 = CARTESIAN_POINT ( 'NONE',  ( -0.08400162982184886107, 0.4000000000000000222, -1.308968792802971626 ) ) ;
#765 = ORIENTED_EDGE ( 'NONE', *, *, #1022, .T. ) ;
#766 = CARTESIAN_POINT ( 'NONE',  ( 1.099110312187802529, 0.000000000000000000, 1.919408476514459894 ) ) ;
#767 = CARTESIAN_POINT ( 'NONE',  ( -0.03899860756070003959, 0.4000000000000000222, 2.415842333026959832 ) ) ;
#768 = CARTESIAN_POINT ( 'NONE',  ( -0.5315272700844405618, -5.421010862427522170E-17, 1.510179422518024062 ) ) ;
#769 = DIRECTION ( 'NONE',  ( -0.000000000000000000, -1.000000000000000000, 0.000000000000000000 ) ) ;
#770 = CARTESIAN_POINT ( 'NONE',  ( -1.182968817219005153, 0.4000000000000000222, -1.930046925294719662 ) ) ;
#771 = UNCERTAINTY_MEASURE_WITH_UNIT (LENGTH_MEASURE( 1.000000000000000082E-05 ), #1321, 'distance_accuracy_value', 'NONE');
#772 = CARTESIAN_POINT ( 'NONE',  ( -1.418585724428991446, 0.000000000000000000, 1.653067191619706833 ) ) ;
#773 = PRODUCT_DEFINITION_FORMATION_WITH_SPECIFIED_SOURCE ( 'ANY', '', #308, .NOT_KNOWN. ) ;
#774 = CARTESIAN_POINT ( 'NONE',  ( -1.567944016799427631, 0.000000000000000000, 0.9218956741632194918 ) ) ;
#775 = CARTESIAN_POINT ( 'NONE',  ( 1.384779734273268836, 0.000000000000000000, 1.175476473704549552 ) ) ;
#776 = EDGE_LOOP ( 'NONE', ( #1966, #1083 ) ) ;
#777 = FACE_OUTER_BOUND ( 'NONE', #2500, .T. ) ;
#778 = DIRECTION ( 'NONE',  ( 1.000000000000000000, 0.000000000000000000, 0.000000000000000000 ) ) ;
#779 = CARTESIAN_POINT ( 'NONE',  ( -0.6063730274411164300, 0.4000000000000000222, 0.5724572107474192872 ) ) ;
#780 = CARTESIAN_POINT ( 'NONE',  ( -0.07898058596003411369, -5.421010862427522170E-17, 0.3048750351660812208 ) ) ;
#781 =( LENGTH_UNIT ( ) NAMED_UNIT ( * ) SI_UNIT ( .MILLI., .METRE. ) );
#782 = DIRECTION ( 'NONE',  ( 0.000000000000000000, 0.000000000000000000, 1.000000000000000000 ) ) ;
#783 = CARTESIAN_POINT ( 'NONE',  ( 1.439948586856617530, 0.000000000000000000, 0.3729152754241341627 ) ) ;
#784 = CARTESIAN_POINT ( 'NONE',  ( 0.7659990146665538457, 0.4000000000000000222, -1.670409783054901620 ) ) ;
#785 = CARTESIAN_POINT ( 'NONE',  ( -1.375313893287328781, -0.000000000000000000, -1.591029544774432480 ) ) ;
#786 = CARTESIAN_POINT ( 'NONE',  ( -0.5523256721654606904, 0.000000000000000000, 2.357683460398168229 ) ) ;
#787 = DIRECTION ( 'NONE',  ( 0.000000000000000000, 0.000000000000000000, 1.000000000000000000 ) ) ;
#788 = ORIENTED_EDGE ( 'NONE', *, *, #71, .T. ) ;
#789 = CARTESIAN_POINT ( 'NONE',  ( 1.106888790523144595, 0.4000000000000000222, -1.242702678949732631 ) ) ;
#790 = CARTESIAN_POINT ( 'NONE',  ( 0.4898002485905206260, 0.4000000000000000222, 2.347963194754815852 ) ) ;
#791 = CARTESIAN_POINT ( 'NONE',  ( 0.2732121574249480322, 0.4000000000000000222, 0.3663256960546453778 ) ) ;
#792 = CARTESIAN_POINT ( 'NONE',  ( -0.6719760071997545881, 0.4000000000000000222, 0.9898932463203373722 ) ) ;
#793 = CARTESIAN_POINT ( 'NONE',  ( 0.5439805772569443754, 0.4000000000000000222, 0.5099103840347984917 ) ) ;
#794 = CARTESIAN_POINT ( 'NONE',  ( -0.4489839690962646457, 0.4000000000000000222, -1.360022850285947715 ) ) ;
#795 = CARTESIAN_POINT ( 'NONE',  ( -1.079813959346647811, 0.000000000000000000, 2.090398004051108316 ) ) ;
#796 = CARTESIAN_POINT ( 'NONE',  ( -1.375900237185846642, 0.4000000000000000222, -1.458968753449324529 ) ) ;
#797 = ORIENTED_EDGE ( 'NONE', *, *, #513, .T. ) ;
#798 = CARTESIAN_POINT ( 'NONE',  ( 0.6552396610809695376, 0.000000000000000000, -1.756606555582111096 ) ) ;
#799 = CARTESIAN_POINT ( 'NONE',  ( 1.384779734273268836, 0.4000000000000000222, 1.175476473704549552 ) ) ;
#800 = CARTESIAN_POINT ( 'NONE',  ( 0.2732121574249480322, 0.4000000000000000222, 0.3663256960546453778 ) ) ;
#801 =( NAMED_UNIT ( * ) SI_UNIT ( $, .STERADIAN. ) SOLID_ANGLE_UNIT ( ) );
#802 = DIRECTION ( 'NONE',  ( 0.000000000000000000, 0.7071067811865561215, 0.7071067811865390240 ) ) ;
#803 = CARTESIAN_POINT ( 'NONE',  ( 1.438414833145850835, 0.4000000000000000222, 0.2832218459709183733 ) ) ;
#804 = EDGE_CURVE ( 'NONE', #2616, #2366, #2133, .T. ) ;
#805 = CARTESIAN_POINT ( 'NONE',  ( -0.2851689761535010637, -5.421010862427522170E-17, 1.683464174164341465 ) ) ;
#806 = CARTESIAN_POINT ( 'NONE',  ( -0.3049891104106028372, 0.4000000000000000222, -0.4000571257148696214 ) ) ;
#807 = CIRCLE ( 'NONE', #1024, 3.049999999999999822 ) ;
#808 = ORIENTED_EDGE ( 'NONE', *, *, #959, .F. ) ;
#809 = CARTESIAN_POINT ( 'NONE',  ( 0.5579836504264201746, 0.4000000000000000222, -0.2782539364638761392 ) ) ;
#810 = CONICAL_SURFACE ( 'NONE', #2392, 4.349999999999999645, 0.7853981633974361776 ) ;
#811 = ORIENTED_EDGE ( 'NONE', *, *, #1697, .F. ) ;
#812 = CARTESIAN_POINT ( 'NONE',  ( 1.437198282084200196, 0.000000000000000000, 0.6512554333041424837 ) ) ;
#813 = CARTESIAN_POINT ( 'NONE',  ( 0.4046572627527111887, 0.4000000000000000222, 0.4198328262939936550 ) ) ;
#814 = CARTESIAN_POINT ( 'NONE',  ( 0.4314309185161057658, 0.4000000000000000222, -0.8247825516214947195 ) ) ;
#815 = CARTESIAN_POINT ( 'NONE',  ( -0.7602370900749504390, 0.4000000000000000222, -0.3519807242318635510 ) ) ;
#816 = ORIENTED_EDGE ( 'NONE', *, *, #1329, .F. ) ;
#817 = CARTESIAN_POINT ( 'NONE',  ( 1.439948586856617530, 0.4000000000000000222, 0.3729152754241341627 ) ) ;
#818 = CARTESIAN_POINT ( 'NONE',  ( -0.1343502302463839282, 0.4000000000000000222, 0.3045367335116257457 ) ) ;
#819 = EDGE_CURVE ( 'NONE', #535, #137, #375, .T. ) ;
#820 = CARTESIAN_POINT ( 'NONE',  ( 0.07909795447553129299, 0.000000000000000000, -0.3611283986805062796 ) ) ;
#821 = EDGE_LOOP ( 'NONE', ( #2668, #1576, #2553, #285 ) ) ;
#822 = CARTESIAN_POINT ( 'NONE',  ( 0.4046572627527111887, 0.4000000000000000222, 0.4198328262939936550 ) ) ;
#823 = ORIENTED_EDGE ( 'NONE', *, *, #2418, .F. ) ;
#824 = CARTESIAN_POINT ( 'NONE',  ( -0.1099960726071026323, 0.000000000000000000, 0.3039177389705877697 ) ) ;
#825 = CARTESIAN_POINT ( 'NONE',  ( 0.1314180929110953522, 0.000000000000000000, 1.680005900596513557 ) ) ;
#826 = CARTESIAN_POINT ( 'NONE',  ( 0.3847984103529097366, 0.000000000000000000, -0.9177953620510723720 ) ) ;
#827 = CARTESIAN_POINT ( 'NONE',  ( -1.375950871885212035, 0.4000000000000000222, -1.554015923793020004 ) ) ;
#828 = LINE ( 'NONE', #219, #899 ) ;
#829 = CARTESIAN_POINT ( 'NONE',  ( 1.340000090890860474, 0.4000000000000000222, 1.375980495136762682 ) ) ;
#830 = CARTESIAN_POINT ( 'NONE',  ( -1.248190888136529786, 0.000000000000000000, -1.206538323960086867 ) ) ;
#831 = B_SPLINE_CURVE_WITH_KNOTS ( 'NONE', 3,
 ( #66, #1743, #2579, #699, #1536, #2385, #2181, #2372, #496, #1325, #1135, #1644, #376 ),
 .UNSPECIFIED., .F., .F.,
 ( 4, 1, 1, 1, 1, 1, 1, 1, 1, 1, 4 ),
 ( 0.000000000000000000, 0.07003506484218526007, 0.1350303964077806673, 0.1976502456875587899, 0.2566526108378400228, 0.3697232058880723371, 0.4820917017350888067, 0.5991835400601204231, 0.7230375072162296135, 0.8560105180344077525, 1.000000000000000000 ),
 .UNSPECIFIED. ) ;
#832 = CARTESIAN_POINT ( 'NONE',  ( -0.6704790565762432930, -0.000000000000000000, 0.9364897090696672199 ) ) ;
#833 = EDGE_CURVE ( 'NONE', #1125, #2101, #1699, .T. ) ;
#834 = EDGE_LOOP ( 'NONE', ( #2058, #522, #1914, #1487 ) ) ;
#835 = CARTESIAN_POINT ( 'NONE',  ( -0.08400162982184886107, 0.4000000000000000222, -1.308968792802971626 ) ) ;
#836 = EDGE_CURVE ( 'NONE', #646, #1125, #807, .T. ) ;
#837 = EDGE_LOOP ( 'NONE', ( #2268, #210, #2397, #762 ) ) ;
#838 = CARTESIAN_POINT ( 'NONE',  ( -1.366042693414577958, 0.4000000000000000222, -1.315757319754785160 ) ) ;
#839 = CARTESIAN_POINT ( 'NONE',  ( 0.5236285494622847647, 0.4000000000000000222, 0.9595887024270716159 ) ) ;
#840 = CARTESIAN_POINT ( 'NONE',  ( 0.5579836504264201746, 0.000000000000000000, -0.2782539364638761392 ) ) ;
#841 = CARTESIAN_POINT ( 'NONE',  ( -0.6063730274411164300, 0.4000000000000000222, 0.5724572107474192872 ) ) ;
#842 = ORIENTED_EDGE ( 'NONE', *, *, #2533, .F. ) ;
#843 = CARTESIAN_POINT ( 'NONE',  ( -0.005745379297430137921, 0.4000000000000000222, 1.709147250575780097 ) ) ;
#844 = UNCERTAINTY_MEASURE_WITH_UNIT (LENGTH_MEASURE( 1.000000000000000082E-05 ), #781, 'distance_accuracy_value', 'NONE');
#845 = CARTESIAN_POINT ( 'NONE',  ( 0.2426378909399972139, 0.000000000000000000, 2.400722697331309163 ) ) ;
#846 = CARTESIAN_POINT ( 'NONE',  ( -0.9724629371584093684, 0.4000000000000000222, -1.285703117504754633 ) ) ;
#847 = CARTESIAN_POINT ( 'NONE',  ( 0.000000000000000000, 1.999999999999998224, 0.000000000000000000 ) ) ;
#848 = ORIENTED_EDGE ( 'NONE', *, *, #279, .F. ) ;
#849 = CARTESIAN_POINT ( 'NONE',  ( -0.01746212165503743807, -5.421010862427522170E-17, 0.3067738089142384994 ) ) ;
#850 = B_SPLINE_CURVE_WITH_KNOTS ( 'NONE', 3,
 ( #2043, #967, #1835, #385, #1209, #1809, #2435, #148, #583, #1419, #1004, #1641, #2474, #784, #1001, #1597, #324, #2026, #2470, #1364, #1154, #1996, #119 ),
 .UNSPECIFIED., .F., .F.,
 ( 4, 1, 1, 1, 1, 1, 1, 1, 1, 1, 1, 1, 1, 1, 1, 1, 1, 1, 1, 1, 4 ),
 ( 0.000000000000000000, 0.07652262335559163742, 0.1557830427824195285, 0.2358560412428524489, 0.3158077551929586724, 0.3553858957716434785, 0.3950609729661669900, 0.4345316960993197974, 0.4739562935907729035, 0.5131184862776989597, 0.5517975934378764880, 0.5906945716740334973, 0.6297129848767822891, 0.6694196428081756745, 0.7102053241938099948, 0.7524308607195875354, 0.7965776473677161906, 0.8429097426958467310, 0.8918766781785573139, 0.9442270720201695333, 1.000000000000000000 ),
 .UNSPECIFIED. ) ;
#851 = ORIENTED_EDGE ( 'NONE', *, *, #1036, .F. ) ;
#852 = CARTESIAN_POINT ( 'NONE',  ( -0.3866859182099619541, 0.4000000000000000222, 0.3495353627996934387 ) ) ;
#853 = ADVANCED_FACE ( 'NONE', ( #427 ), #1521, .F. ) ;
#854 = CARTESIAN_POINT ( 'NONE',  ( 0.2506194396225794319, 0.4000000000000000222, 1.621020916612396556 ) ) ;
#855 = CARTESIAN_POINT ( 'NONE',  ( 0.3904013936769012427, 0.4000000000000000222, 1.455313189788543404 ) ) ;
#856 = LINE ( 'NONE', #2684, #2261 ) ;
#857 = VERTEX_POINT ( 'NONE', #2356 ) ;
#858 = DIRECTION ( 'NONE',  ( -0.000000000000000000, -1.000000000000000000, -0.000000000000000000 ) ) ;
#859 = CARTESIAN_POINT ( 'NONE',  ( 0.2426378909399972139, 0.4000000000000000222, 2.400722697331309163 ) ) ;
#860 = CARTESIAN_POINT ( 'NONE',  ( -0.4459840762069799402, 0.4000000000000000222, -2.063997714971405273 ) ) ;
#861 = VERTEX_POINT ( 'NONE', #724 ) ;
#862 = CARTESIAN_POINT ( 'NONE',  ( -0.3049891104106028372, 0.000000000000000000, -0.4000571257148696214 ) ) ;
#863 = CARTESIAN_POINT ( 'NONE',  ( 0.000000000000000000, 0.000000000000000000, 0.000000000000000000 ) ) ;
#864 = DIRECTION ( 'NONE',  ( 0.000000000000000000, 0.000000000000000000, 1.000000000000000000 ) ) ;
#865 = VERTEX_POINT ( 'NONE', #739 ) ;
#866 = CARTESIAN_POINT ( 'NONE',  ( -0.3866859182099619541, 0.000000000000000000, 0.3495353627996934387 ) ) ;
#867 = CARTESIAN_POINT ( 'NONE',  ( 0.5349276635231340338, 0.4000000000000000222, 0.8220596728763570615 ) ) ;
#868 = CARTESIAN_POINT ( 'NONE',  ( 0.06575301737606042973, 0.4000000000000000222, 1.699887294690466621 ) ) ;
#869 = CARTESIAN_POINT ( 'NONE',  ( 0.3708163850985553012, -5.421010862427522170E-17, 2.379280378886965863 ) ) ;
#870 = EDGE_CURVE ( 'NONE', #721, #2286, #6, .T. ) ;
#871 = CARTESIAN_POINT ( 'NONE',  ( -1.532162547200392799, 0.4000000000000000222, 0.4969210273841810910 ) ) ;
#872 = B_SPLINE_SURFACE_WITH_KNOTS ( 'NONE', 3, 1, ( 
 ( #1668, #213 ),
 ( #2501, #1294 ),
 ( #622, #1473 ),
 ( #2513, #201 ),
 ( #8, #1266 ),
 ( #2132, #650 ),
 ( #1502, #2310 ),
 ( #1072, #1488 ),
 ( #257, #1682 ),
 ( #2325, #1084 ),
 ( #1459, #1723 ) ),
 .UNSPECIFIED., .F., .F., .F.,
 ( 4, 1, 1, 1, 1, 1, 1, 1, 4 ),
 ( 2, 2 ),
 ( 0.000000000000000000, 0.05686076685800781072, 0.1366447427037812412, 0.2383745323110462444, 0.3575742139382836471, 0.4949540685781515514, 0.6469980086531745833, 0.8150498737231735014, 1.000000000000000000 ),
 ( 0.000000000000000000, 1.000000000000000000 ),
 .UNSPECIFIED. ) ;
#873 = FACE_OUTER_BOUND ( 'NONE', #574, .T. ) ;
#874 = CARTESIAN_POINT ( 'NONE',  ( -1.567944016799427631, 0.000000000000000000, 0.9218956741632194918 ) ) ;
#875 = PLANE ( 'NONE',  #1468 ) ;
#876 = EDGE_LOOP ( 'NONE', ( #387, #236, #1872, #1657 ) ) ;
#877 = CARTESIAN_POINT ( 'NONE',  ( -1.067264126390405021, 0.4000000000000000222, -1.255122113138309015 ) ) ;
#878 = CARTESIAN_POINT ( 'NONE',  ( -1.092384863794525485, 0.4000000000000000222, -1.961078385069655594 ) ) ;
#879 = DIRECTION ( 'NONE',  ( -0.000000000000000000, 1.000000000000000000, -0.000000000000000000 ) ) ;
#880 = ORIENTED_EDGE ( 'NONE', *, *, #2569, .T. ) ;
#881 = DIRECTION ( 'NONE',  ( -0.000000000000000000, -1.000000000000000000, -0.000000000000000000 ) ) ;
#882 = CARTESIAN_POINT ( 'NONE',  ( -1.564565765669633457, 0.4000000000000000222, 1.080004890390053207 ) ) ;
#883 = CARTESIAN_POINT ( 'NONE',  ( -0.5315272700844405618, 0.000000000000000000, 1.510179422518024062 ) ) ;
#884 = CARTESIAN_POINT ( 'NONE',  ( 0.01003160881831201973, -5.421010862427522170E-17, 2.415210494779421957 ) ) ;
#885 = CARTESIAN_POINT ( 'NONE',  ( -1.352622216732949356, 0.4000000000000000222, 0.04218593467476654257 ) ) ;
#886 = FACE_BOUND ( 'NONE', #633, .T. ) ;
#887 = CARTESIAN_POINT ( 'NONE',  ( -0.7017400443482771921, 0.4000000000000000222, 2.307954261202188384 ) ) ;
#888 = B_SPLINE_SURFACE_WITH_KNOTS ( 'NONE', 3, 1, ( 
 ( #680, #2576 ),
 ( #665, #426 ),
 ( #1295, #1073 ),
 ( #867, #2559 ),
 ( #839, #2149 ),
 ( #2092, #214 ),
 ( #1920, #50 ),
 ( #2530, #1280 ),
 ( #1518, #1503 ),
 ( #2106, #228 ),
 ( #36, #1085 ),
 ( #1059, #63 ),
 ( #854, #273 ),
 ( #2355, #2340 ),
 ( #1712, #259 ),
 ( #2311, #1046 ),
 ( #1309, #637 ),
 ( #2118, #466 ),
 ( #452, #1683 ) ),
 .UNSPECIFIED., .F., .F., .F.,
 ( 4, 1, 1, 1, 1, 1, 1, 1, 1, 1, 1, 1, 1, 1, 1, 1, 4 ),
 ( 2, 2 ),
 ( 0.000000000000000000, 0.1077523682469596900, 0.2071452426522074064, 0.2969483138442861048, 0.3780304158188144137, 0.4512825585524301575, 0.5182903283637457781, 0.5779850840707974058, 0.6325952872249586134, 0.6822273313147136919, 0.7294692836733472907, 0.7734533490268209466, 0.8162333544024433785, 0.8592816379027565787, 0.9041297242198133022, 0.9503035627973761557, 1.000000000000000000 ),
 ( 0.000000000000000000, 1.000000000000000000 ),
 .UNSPECIFIED. ) ;
#889 = CARTESIAN_POINT ( 'NONE',  ( -1.375950871885212035, 0.4000000000000000222, -1.554015923793020004 ) ) ;
#890 = VERTEX_POINT ( 'NONE', #483 ) ;
#891 = CARTESIAN_POINT ( 'NONE',  ( 0.01003160881831201973, 0.4000000000000000222, 2.415210494779421957 ) ) ;
#892 = CARTESIAN_POINT ( 'NONE',  ( -1.564565765669633457, 0.4000000000000000222, 1.080004890390053207 ) ) ;
#893 = CARTESIAN_POINT ( 'NONE',  ( -1.462167823284607593, 0.4000000000000000222, 0.2519083302944323255 ) ) ;
#894 = ORIENTED_EDGE ( 'NONE', *, *, #2700, .T. ) ;
#895 = B_SPLINE_SURFACE_WITH_KNOTS ( 'NONE', 3, 1, ( 
 ( #1618, #461 ),
 ( #2279, #2510 ),
 ( #1289, #849 ),
 ( #2125, #1067 ),
 ( #1250, #17 ),
 ( #2705, #2322 ),
 ( #822, #412 ),
 ( #1455, #2291 ),
 ( #251, #1666 ) ),
 .UNSPECIFIED., .F., .F., .F.,
 ( 4, 1, 1, 1, 1, 1, 4 ),
 ( 2, 2 ),
 ( 0.000000000000000000, 0.1336743958894396900, 0.2651399168935412720, 0.3927206219716536384, 0.5195556138724147788, 0.7667741705809816288, 0.9999999999999998890 ),
 ( 0.000000000000000000, 1.000000000000000000 ),
 .UNSPECIFIED. ) ;
#896 = CARTESIAN_POINT ( 'NONE',  ( -1.263954870685253029, -5.421010862427522170E-17, -1.205028384339575709 ) ) ;
#897 = AXIS2_PLACEMENT_3D ( 'NONE', #2451, #2258, #1006 ) ;
#898 = CARTESIAN_POINT ( 'NONE',  ( -1.564565765669633457, -5.421010862427522170E-17, 1.080004890390053207 ) ) ;
#899 = VECTOR ( 'NONE', #1625, 1000.000000000000000 ) ;
#900 = CARTESIAN_POINT ( 'NONE',  ( -0.3049891104106028372, 0.4000000000000000222, -0.4000571257148696214 ) ) ;
#901 = CARTESIAN_POINT ( 'NONE',  ( 1.208660751933531952, -5.421010862427522170E-17, 1.733728982705466271 ) ) ;
#902 = CARTESIAN_POINT ( 'NONE',  ( 1.439948586856617530, 0.4000000000000000222, 0.3729152754241341627 ) ) ;
#903 = VECTOR ( 'NONE', #392, 1000.000000000000000 ) ;
#904 = CARTESIAN_POINT ( 'NONE',  ( 0.5236285494622847647, 0.4000000000000000222, 0.9595887024270716159 ) ) ;
#905 = CARTESIAN_POINT ( 'NONE',  ( -1.566803551294330132, 0.000000000000000000, 0.9752718443225077971 ) ) ;
#906 = CARTESIAN_POINT ( 'NONE',  ( -0.5893801468470077909, 0.4000000000000000222, -2.061333747738501199 ) ) ;
#907 = ADVANCED_FACE ( 'NONE', ( #274 ), #1990, .F. ) ;
#908 = CARTESIAN_POINT ( 'NONE',  ( -0.1707270482749225771, 0.000000000000000000, -0.3968604694401473010 ) ) ;
#909 = CARTESIAN_POINT ( 'NONE',  ( -0.6704067497271398723, -0.000000000000000000, 1.040692506906372383 ) ) ;
#910 = CARTESIAN_POINT ( 'NONE',  ( -1.567322125449702064, -0.000000000000000000, 0.8718638456228384737 ) ) ;
#911 =( NAMED_UNIT ( * ) SI_UNIT ( $, .STERADIAN. ) SOLID_ANGLE_UNIT ( ) );
#912 = VERTEX_POINT ( 'NONE', #1133 ) ;
#913 = CARTESIAN_POINT ( 'NONE',  ( -1.291228450270494932, 0.4000000000000000222, -1.206669484388270375 ) ) ;
#914 = CARTESIAN_POINT ( 'NONE',  ( -0.04153203907931132810, 0.4000000000000000222, -0.3842261076250225726 ) ) ;
#915 = CARTESIAN_POINT ( 'NONE',  ( 1.439948586856617752, -5.421010862427522170E-17, 0.3729152754241342183 ) ) ;
#916 = CARTESIAN_POINT ( 'NONE',  ( -0.3190659712566031869, 0.4000000000000000222, -1.356927209224347175 ) ) ;
#917 = CARTESIAN_POINT ( 'NONE',  ( 0.5349276635231340338, 0.4000000000000000222, 0.8220596728763570615 ) ) ;
#918 = CARTESIAN_POINT ( 'NONE',  ( -0.8393926159034127421, 0.4000000000000000222, 2.246968185430850085 ) ) ;
#919 = FACE_OUTER_BOUND ( 'NONE', #1469, .T. ) ;
#920 = ORIENTED_EDGE ( 'NONE', *, *, #2471, .F. ) ;
#921 = CARTESIAN_POINT ( 'NONE',  ( -2.565151067676131547, 1.999999999999998224, 1.649999999999999911 ) ) ;
#922 = CARTESIAN_POINT ( 'NONE',  ( -1.375950871885212035, 0.4000000000000000222, -1.554015923793020004 ) ) ;
#923 = CARTESIAN_POINT ( 'NONE',  ( -1.567322125449702064, 0.4000000000000000222, 0.8718638456228384737 ) ) ;
#924 = EDGE_CURVE ( 'NONE', #2475, #1114, #303, .T. ) ;
#925 = CARTESIAN_POINT ( 'NONE',  ( -0.4936933040139667161, -0.000000000000000000, -2.063111387898301174 ) ) ;
#926 = ORIENTED_EDGE ( 'NONE', *, *, #2368, .F. ) ;
#927 = CARTESIAN_POINT ( 'NONE',  ( -0.8635098788160613381, -5.421010862427522170E-17, -2.020461507988187577 ) ) ;
#928 = APPLICATION_PROTOCOL_DEFINITION ( 'draft international standard', 'automotive_design', 1998, #1167 ) ;
#929 = LINE ( 'NONE', #2195, #1608 ) ;
#930 = CARTESIAN_POINT ( 'NONE',  ( 0.8822520609014464776, -5.421010862427522170E-17, 2.146210584722230585 ) ) ;
#931 = CARTESIAN_POINT ( 'NONE',  ( 0.2647485321581982687, 0.4000000000000000222, -1.082098490292699555 ) ) ;
#932 = B_SPLINE_SURFACE_WITH_KNOTS ( 'NONE', 3, 1, ( 
 ( #1869, #1482 ),
 ( #2318, #445 ),
 ( #1272, #1222 ),
 ( #2065, #1857 ),
 ( #2689, #805 ),
 ( #2483, #606 ),
 ( #1440, #2062 ),
 ( #975, #768 ),
 ( #1610, #2661 ),
 ( #180, #142 ),
 ( #2037, #1202 ),
 ( #2023, #1414 ),
 ( #792, #2444 ) ),
 .UNSPECIFIED., .F., .F., .F.,
 ( 4, 1, 1, 1, 1, 1, 1, 1, 1, 1, 4 ),
 ( 2, 2 ),
 ( 0.000000000000000000, 0.07003506484218526007, 0.1350303964077806673, 0.1976502456875587899, 0.2566526108378400228, 0.3697232058880723371, 0.4820917017350888067, 0.5991835400601204231, 0.7230375072162296135, 0.8560105180344077525, 1.000000000000000000 ),
 ( 0.000000000000000000, 1.000000000000000000 ),
 .UNSPECIFIED. ) ;
#933 = CARTESIAN_POINT ( 'NONE',  ( 1.379464826683171275, 0.000000000000000000, -0.4536713355799317227 ) ) ;
#934 = CARTESIAN_POINT ( 'NONE',  ( -0.07059529414361444266, 0.000000000000000000, -2.039823329858649892 ) ) ;
#935 = CYLINDRICAL_SURFACE ( 'NONE', #199, 3.049999999999999822 ) ;
#936 = ORIENTED_EDGE ( 'NONE', *, *, #2587, .T. ) ;
#937 = B_SPLINE_CURVE_WITH_KNOTS ( 'NONE', 3,
 ( #451, #1058, #2529, #1710, #2091, #2543, #664, #852, #1904, #1696, #49, #465, #425 ),
 .UNSPECIFIED., .F., .F.,
 ( 4, 1, 1, 1, 1, 1, 1, 1, 1, 1, 4 ),
 ( 0.000000000000000000, 0.1565833154866576316, 0.2962216993001191012, 0.4189303542728822771, 0.5288982353541163972, 0.6332815193530475506, 0.7413212198662807451, 0.7997463676176569392, 0.8616645060932084377, 0.9285877698495877963, 1.000000000000000000 ),
 .UNSPECIFIED. ) ;
#938 = CARTESIAN_POINT ( 'NONE',  ( 0.1049449310554575188, 0.4000000000000000222, 2.413987374189318746 ) ) ;
#939 = CARTESIAN_POINT ( 'NONE',  ( 0.4817612984951529231, 0.4000000000000000222, -0.2060229016306388550 ) ) ;
#940 = CARTESIAN_POINT ( 'NONE',  ( -0.7602370900749504390, 0.4000000000000000222, -0.3519807242318635510 ) ) ;
#941 = CARTESIAN_POINT ( 'NONE',  ( -1.341951279545543274, 0.000000000000000000, -1.808289430792386465 ) ) ;
#942 = EDGE_LOOP ( 'NONE', ( #1822, #97, #1598, #842 ) ) ;
#943 = CARTESIAN_POINT ( 'NONE',  ( 1.271957516194466509, 0.000000000000000000, -0.8604801167805072870 ) ) ;
#944 = CARTESIAN_POINT ( 'NONE',  ( -0.7602370900749504390, 0.000000000000000000, -0.3519807242318635510 ) ) ;
#945 = CARTESIAN_POINT ( 'NONE',  ( -0.6719760071997545881, 0.000000000000000000, 0.9898932463203373722 ) ) ;
#946 = EDGE_CURVE ( 'NONE', #1278, #1042, #1732, .T. ) ;
#947 = CARTESIAN_POINT ( 'NONE',  ( 0.4009425128878277289, 0.000000000000000000, -1.902157243858849656 ) ) ;
#948 = CARTESIAN_POINT ( 'NONE',  ( -1.341951279545543274, 0.4000000000000000222, -1.808289430792386465 ) ) ;
#949 =( GEOMETRIC_REPRESENTATION_CONTEXT ( 3 ) GLOBAL_UNCERTAINTY_ASSIGNED_CONTEXT ( ( #2688 ) ) GLOBAL_UNIT_ASSIGNED_CONTEXT ( ( #2364, #1767, #911 ) ) REPRESENTATION_CONTEXT ( 'NONE', 'WORKASPACE' ) );
#950 = FACE_OUTER_BOUND ( 'NONE', #2655, .T. ) ;
#951 = CARTESIAN_POINT ( 'NONE',  ( -0.7299960808360635989, 0.000000000000000000, -2.044791710408478291 ) ) ;
#952 = CARTESIAN_POINT ( 'NONE',  ( -1.263954870685253029, 0.000000000000000000, -1.205028384339575709 ) ) ;
#953 = CARTESIAN_POINT ( 'NONE',  ( 0.5465368699671107056, 0.000000000000000000, -0.3969045931312844000 ) ) ;
#954 = ORIENTED_EDGE ( 'NONE', *, *, #1090, .F. ) ;
#955 = CARTESIAN_POINT ( 'NONE',  ( 0.5439805772569443754, 0.4000000000000000222, 0.5099103840347984917 ) ) ;
#956 = CARTESIAN_POINT ( 'NONE',  ( -0.9657438751140597910, -5.421010862427522170E-17, 2.174660339125088715 ) ) ;
#957 = CARTESIAN_POINT ( 'NONE',  ( -1.567944016799427631, -5.421010862427522170E-17, 0.9218956741632194918 ) ) ;
#958 = CARTESIAN_POINT ( 'NONE',  ( 0.3024053494327267888, 0.4000000000000000222, 1.575917268503143287 ) ) ;
#959 = EDGE_CURVE ( 'NONE', #2286, #390, #929, .T. ) ;
#960 = CARTESIAN_POINT ( 'NONE',  ( -0.3190659712566031869, 0.4000000000000000222, -1.356927209224347175 ) ) ;
#961 = CARTESIAN_POINT ( 'NONE',  ( -0.4459840762069799402, 0.4000000000000000222, -2.063997714971405273 ) ) ;
#962 = B_SPLINE_SURFACE_WITH_KNOTS ( 'NONE', 3, 1, ( 
 ( #817, #783 ),
 ( #803, #2302 ),
 ( #1650, #1638 ),
 ( #2505, #627 ),
 ( #430, #1221 ),
 ( #1258, #406 ),
 ( #1868, #2482 ),
 ( #2469, #2699 ),
 ( #2072, #1244 ),
 ( #2084, #206 ),
 ( #605, #1232 ),
 ( #193, #1439 ),
 ( #1050, #2663 ),
 ( #1451, #2712 ),
 ( #1416, #592 ),
 ( #1023, #1662 ),
 ( #2252, #1464 ),
 ( #418, #1012 ),
 ( #2493, #380 ),
 ( #615, #2675 ),
 ( #2265, #1205 ),
 ( #2287, #1035 ),
 ( #1881, #182 ) ),
 .UNSPECIFIED., .F., .F., .F.,
 ( 4, 1, 1, 1, 1, 1, 1, 1, 1, 1, 1, 1, 1, 1, 1, 1, 1, 1, 1, 1, 4 ),
 ( 2, 2 ),
 ( 0.000000000000000000, 0.07652262335559163742, 0.1557830427824195285, 0.2358560412428524489, 0.3158077551929586724, 0.3553858957716434785, 0.3950609729661669900, 0.4345316960993197974, 0.4739562935907729035, 0.5131184862776989597, 0.5517975934378764880, 0.5906945716740334973, 0.6297129848767822891, 0.6694196428081756745, 0.7102053241938099948, 0.7524308607195875354, 0.7965776473677161906, 0.8429097426958467310, 0.8918766781785573139, 0.9442270720201695333, 1.000000000000000000 ),
 ( 0.000000000000000000, 1.000000000000000000 ),
 .UNSPECIFIED. ) ;
#963 = CARTESIAN_POINT ( 'NONE',  ( -1.375313893287328781, -5.421010862427522170E-17, -1.591029544774432480 ) ) ;
#964 = CARTESIAN_POINT ( 'NONE',  ( 0.1049449310554575188, 0.000000000000000000, 2.413987374189318746 ) ) ;
#965 = CARTESIAN_POINT ( 'NONE',  ( 0.000000000000000000, 1.999999999999998224, 1.649999999999999911 ) ) ;
#966 = CARTESIAN_POINT ( 'NONE',  ( -0.6400397581694484694, 0.4000000000000000222, 1.277652933510549982 ) ) ;
#967 = CARTESIAN_POINT ( 'NONE',  ( 1.438414833145850835, 0.4000000000000000222, 0.2832218459709183733 ) ) ;
#968 = CARTESIAN_POINT ( 'NONE',  ( -0.8635098788160613381, 0.000000000000000000, -2.020461507988187577 ) ) ;
#969 = ORIENTED_EDGE ( 'NONE', *, *, #1679, .F. ) ;
#970 = CARTESIAN_POINT ( 'NONE',  ( 1.415515547182151224, 0.4000000000000000222, -0.1752607443248818120 ) ) ;
#971 = DIRECTION ( 'NONE',  ( 0.000000000000000000, -1.000000000000000000, -0.000000000000000000 ) ) ;
#972 = EDGE_LOOP ( 'NONE', ( #411, #20, #1606, #2321 ) ) ;
#973 = CARTESIAN_POINT ( 'NONE',  ( -0.6719760071997545881, 0.000000000000000000, 0.9898932463203373722 ) ) ;
#974 = CARTESIAN_POINT ( 'NONE',  ( -0.1707270482749225771, 0.4000000000000000222, -0.3968604694401473010 ) ) ;
#975 = CARTESIAN_POINT ( 'NONE',  ( -0.5315272700844405618, 0.4000000000000000222, 1.510179422518024062 ) ) ;
#976 = DIRECTION ( 'NONE',  ( -0.000000000000000000, -1.000000000000000000, -0.000000000000000000 ) ) ;
#977 = CARTESIAN_POINT ( 'NONE',  ( -1.354872710022453797, -5.421010862427522170E-17, -1.268949571036205093 ) ) ;
#978 = CARTESIAN_POINT ( 'NONE',  ( 0.000000000000000000, 20.50000000000001066, 0.000000000000000000 ) ) ;
#979 = CARTESIAN_POINT ( 'NONE',  ( 0.2960482588374704904, 0.4000000000000000222, -0.2917324219827031606 ) ) ;
#980 = PLANE ( 'NONE',  #341 ) ;
#981 = ORIENTED_EDGE ( 'NONE', *, *, #1039, .T. ) ;
#982 = CARTESIAN_POINT ( 'NONE',  ( 1.224687788597288440, 0.4000000000000000222, -0.9914873215215668223 ) ) ;
#983 = CARTESIAN_POINT ( 'NONE',  ( 1.294476455121066349, 0.000000000000000000, 1.526403891793110423 ) ) ;
#984 = CARTESIAN_POINT ( 'NONE',  ( 0.07336787322834095737, 0.4000000000000000222, 0.3161591750099116416 ) ) ;
#985 = CARTESIAN_POINT ( 'NONE',  ( 0.2647485321581982687, 0.4000000000000000222, -1.082098490292699555 ) ) ;
#986 = CARTESIAN_POINT ( 'NONE',  ( -0.8620775794044499563, 0.000000000000000000, -1.312270545943490685 ) ) ;
#987 = VECTOR ( 'NONE', #881, 1000.000000000000000 ) ;
#988 = CARTESIAN_POINT ( 'NONE',  ( -0.6673882968825163298, 0.000000000000000000, 1.138404434551494759 ) ) ;
#989 = CONICAL_SURFACE ( 'NONE', #556, 5.049999999999999822, 0.7853981633974504994 ) ;
#990 = CARTESIAN_POINT ( 'NONE',  ( -1.273229809292212078, 0.000000000000000000, 1.891346302600081186 ) ) ;
#991 = CARTESIAN_POINT ( 'NONE',  ( 0.000000000000000000, 0.9999999999999974465, -5.049999999999999822 ) ) ;
#992 = DIRECTION ( 'NONE',  ( 0.000000000000000000, -1.000000000000000000, 0.000000000000000000 ) ) ;
#993 = EDGE_CURVE ( 'NONE', #1220, #857, #1387, .T. ) ;
#994 = ORIENTED_EDGE ( 'NONE', *, *, #279, .T. ) ;
#995 = CARTESIAN_POINT ( 'NONE',  ( 1.106888790523144595, 0.000000000000000000, -1.242702678949732631 ) ) ;
#996 = CARTESIAN_POINT ( 'NONE',  ( 1.208660751933531952, 0.000000000000000000, 1.733728982705466271 ) ) ;
#997 = DIRECTION ( 'NONE',  ( -0.000000000000000000, -1.000000000000000000, -0.000000000000000000 ) ) ;
#998 = CARTESIAN_POINT ( 'NONE',  ( 0.01794342795822487929, 0.4000000000000000222, -1.266909773347850932 ) ) ;
#999 = CARTESIAN_POINT ( 'NONE',  ( -0.1000711911287274908, 0.000000000000000000, 2.414635325530706034 ) ) ;
#1000 = DIRECTION ( 'NONE',  ( -0.000000000000000000, 1.000000000000000000, -0.000000000000000000 ) ) ;
#1001 = CARTESIAN_POINT ( 'NONE',  ( 0.6552396610809695376, 0.4000000000000000222, -1.756606555582111096 ) ) ;
#1002 = CARTESIAN_POINT ( 'NONE',  ( -1.514909160381537889, 0.000000000000000000, 1.380304408931673832 ) ) ;
#1003 = CARTESIAN_POINT ( 'NONE',  ( 0.2732121574249480322, 0.000000000000000000, 0.3663256960546453778 ) ) ;
#1004 = CARTESIAN_POINT ( 'NONE',  ( 1.035911010099072493, 0.4000000000000000222, -1.360635518327496518 ) ) ;
#1005 = ORIENTED_EDGE ( 'NONE', *, *, #924, .F. ) ;
#1006 = DIRECTION ( 'NONE',  ( 0.000000000000000000, 0.000000000000000000, 1.000000000000000000 ) ) ;
#1007 = CARTESIAN_POINT ( 'NONE',  ( 0.7025770639806336870, 0.4000000000000000222, 2.263292700090977938 ) ) ;
#1008 = EDGE_CURVE ( 'NONE', #1458, #721, #1648, .T. ) ;
#1009 = CARTESIAN_POINT ( 'NONE',  ( 0.5236285494622847647, 0.000000000000000000, 0.9595887024270716159 ) ) ;
#1010 = SURFACE_STYLE_FILL_AREA ( #1177 ) ;
#1011 = CARTESIAN_POINT ( 'NONE',  ( -1.108567772874986979, 0.4000000000000000222, -0.2023118092157738523 ) ) ;
#1012 = CARTESIAN_POINT ( 'NONE',  ( 0.2563256360589597493, 0.000000000000000000, -1.959957444139459604 ) ) ;
#1013 = CARTESIAN_POINT ( 'NONE',  ( -0.1343502302463839282, 0.000000000000000000, 0.3045367335116257457 ) ) ;
#1014 = CARTESIAN_POINT ( 'NONE',  ( -1.317211440962287039, 0.000000000000000000, -1.215366684716169488 ) ) ;
#1015 = ORIENTED_EDGE ( 'NONE', *, *, #145, .T. ) ;
#1016 = CARTESIAN_POINT ( 'NONE',  ( 1.167641881833676454, 0.000000000000000000, -1.118290273087891418 ) ) ;
#1017 = B_SPLINE_CURVE_WITH_KNOTS ( 'NONE', 3,
 ( #555, #120, #2651, #1639, #1002, #2472, #772, #1807, #990, #1795, #795, #1833, #1613, #595, #396, #2460, #758, #172, #581 ),
 .UNSPECIFIED., .F., .F.,
 ( 4, 1, 1, 1, 1, 1, 1, 1, 1, 1, 1, 1, 1, 1, 1, 1, 4 ),
 ( 0.000000000000000000, 0.06617120254882258301, 0.1298390570962446866, 0.1915230172921674745, 0.2519297269549042317, 0.3110286998661392355, 0.3689143960576816705, 0.4260008518890533447, 0.4828414381299239166, 0.5401667504682446941, 0.5986892334199072074, 0.6583061487089869601, 0.7202843008207898690, 0.7851072973354414897, 0.8531128177320792538, 0.9243145363059790398, 1.000000000000000000 ),
 .UNSPECIFIED. ) ;
#1018 = CARTESIAN_POINT ( 'NONE',  ( 0.7965721228421628330, 0.4000000000000000222, 2.208654463964393688 ) ) ;
#1019 = CARTESIAN_POINT ( 'NONE',  ( 0.06575301737606042973, 0.4000000000000000222, 1.699887294690466621 ) ) ;
#1020 = CARTESIAN_POINT ( 'NONE',  ( 0.5021727693404489656, 0.000000000000000000, -0.6211799737908718644 ) ) ;
#1021 = CARTESIAN_POINT ( 'NONE',  ( -0.6199525907439804584, -5.421010862427522170E-17, -0.3795869413633365386 ) ) ;
#1022 = EDGE_CURVE ( 'NONE', #110, #2475, #850, .T. ) ;
#1023 = CARTESIAN_POINT ( 'NONE',  ( 0.5335947139190166943, 0.4000000000000000222, -1.833716716208327879 ) ) ;
#1024 = AXIS2_PLACEMENT_3D ( 'NONE', #1241, #1033, #2297 ) ;
#1025 = CARTESIAN_POINT ( 'NONE',  ( -0.5003609701475891791, 0.4000000000000000222, -1.358901495555705941 ) ) ;
#1026 = CARTESIAN_POINT ( 'NONE',  ( -1.263954870685253029, 0.4000000000000000222, -1.205028384339575709 ) ) ;
#1027 = EDGE_LOOP ( 'NONE', ( #480, #1755, #1423, #2159 ) ) ;
#1028 = CARTESIAN_POINT ( 'NONE',  ( 0.3024053494327267888, 0.000000000000000000, 1.575917268503143287 ) ) ;
#1029 = VECTOR ( 'NONE', #2070, 1000.000000000000000 ) ;
#1030 = VERTEX_POINT ( 'NONE', #2213 ) ;
#1031 = CARTESIAN_POINT ( 'NONE',  ( -0.4687543263933814930, 0.000000000000000000, 0.3943175464426150745 ) ) ;
#1032 = CARTESIAN_POINT ( 'NONE',  ( 0.3024053494327267888, 0.000000000000000000, 1.575917268503143287 ) ) ;
#1033 = DIRECTION ( 'NONE',  ( 0.000000000000000000, 1.000000000000000000, -0.000000000000000000 ) ) ;
#1034 = CARTESIAN_POINT ( 'NONE',  ( -0.6199525907439804584, 0.4000000000000000222, -0.3795869413633365386 ) ) ;
#1035 = CARTESIAN_POINT ( 'NONE',  ( -0.3805959776326643951, 0.000000000000000000, -2.062675769029694628 ) ) ;
#1036 = EDGE_CURVE ( 'NONE', #224, #660, #1874, .T. ) ;
#1037 = CARTESIAN_POINT ( 'NONE',  ( 1.435292451692306015, 0.000000000000000000, 0.1006259711159401687 ) ) ;
#1038 = CARTESIAN_POINT ( 'NONE',  ( -1.210307731464790315, 0.4000000000000000222, -1.210166929804574742 ) ) ;
#1039 = EDGE_CURVE ( 'NONE', #2348, #1876, #2103, .T. ) ;
#1040 = CARTESIAN_POINT ( 'NONE',  ( -1.338090693864876668, 0.000000000000000000, -1.236667642491426244 ) ) ;
#1041 = EDGE_CURVE ( 'NONE', #421, #1215, #1486, .T. ) ;
#1042 = VERTEX_POINT ( 'NONE', #2015 ) ;
#1043 = CARTESIAN_POINT ( 'NONE',  ( -0.05464761103668220460, -0.000000000000000000, 1.710938786717787430 ) ) ;
#1044 = ORIENTED_EDGE ( 'NONE', *, *, #959, .T. ) ;
#1045 = CARTESIAN_POINT ( 'NONE',  ( -1.371907056386104884, 0.4000000000000000222, -1.377873112536419864 ) ) ;
#1046 = CARTESIAN_POINT ( 'NONE',  ( 0.06575301737606042973, -5.421010862427522170E-17, 1.699887294690466621 ) ) ;
#1047 = CARTESIAN_POINT ( 'NONE',  ( -0.1047010547100640371, 0.4000000000000000222, 1.711423646489464767 ) ) ;
#1048 = CARTESIAN_POINT ( 'NONE',  ( -1.567944016799427631, 0.4000000000000000222, 0.9218956741632194918 ) ) ;
#1049 = CARTESIAN_POINT ( 'NONE',  ( -1.567322125449702064, 0.4000000000000000222, 0.8718638456228384737 ) ) ;
#1050 = CARTESIAN_POINT ( 'NONE',  ( 0.8652339308156424824, 0.4000000000000000222, -1.574407127686787256 ) ) ;
#1051 = CARTESIAN_POINT ( 'NONE',  ( -0.3049891104106028372, 0.000000000000000000, -0.4000571257148696214 ) ) ;
#1052 = CARTESIAN_POINT ( 'NONE',  ( -1.147179339003592480, 0.000000000000000000, -1.231306286868577349 ) ) ;
#1053 = CARTESIAN_POINT ( 'NONE',  ( 0.1920494516687106801, 0.4000000000000000222, -0.3300499102339319868 ) ) ;
#1054 = ORIENTED_EDGE ( 'NONE', *, *, #222, .T. ) ;
#1055 = ADVANCED_FACE ( 'NONE', ( #1999, #1810 ), #980, .F. ) ;
#1056 = CARTESIAN_POINT ( 'NONE',  ( 0.5435393071777121499, 0.000000000000000000, 0.6706788622685061485 ) ) ;
#1057 = ORIENTED_EDGE ( 'NONE', *, *, #2484, .F. ) ;
#1058 = CARTESIAN_POINT ( 'NONE',  ( -0.6704790565762432930, 0.4000000000000000222, 0.9364897090696672199 ) ) ;
#1059 = CARTESIAN_POINT ( 'NONE',  ( 0.3024053494327267888, 0.4000000000000000222, 1.575917268503143287 ) ) ;
#1060 = CARTESIAN_POINT ( 'NONE',  ( 0.5349276635231340338, 0.4000000000000000222, 0.8220596728763570615 ) ) ;
#1061 = CARTESIAN_POINT ( 'NONE',  ( -1.567944016799427631, -5.421010862427522170E-17, 0.9218956741632194918 ) ) ;
#1062 = CARTESIAN_POINT ( 'NONE',  ( -1.200713819662013959, -5.421010862427522170E-17, -0.1301310324529638685 ) ) ;
#1063 = CARTESIAN_POINT ( 'NONE',  ( 0.1314180929110953522, -5.421010862427522170E-17, 1.680005900596513557 ) ) ;
#1064 = CARTESIAN_POINT ( 'NONE',  ( 0.7025770639806336870, 0.000000000000000000, 2.263292700090977938 ) ) ;
#1065 = CARTESIAN_POINT ( 'NONE',  ( -0.3049891104106028372, 0.4000000000000000222, -0.4000571257148696214 ) ) ;
#1066 = EDGE_LOOP ( 'NONE', ( #1603, #1110, #2410, #1939 ) ) ;
#1067 = CARTESIAN_POINT ( 'NONE',  ( 0.07336787322834095737, -5.421010862427522170E-17, 0.3161591750099116416 ) ) ;
#1068 = CARTESIAN_POINT ( 'NONE',  ( -0.2214272578785893286, 0.000000000000000000, 1.700237090963820696 ) ) ;
#1069 = EDGE_CURVE ( 'NONE', #618, #677, #760, .T. ) ;
#1070 = VECTOR ( 'NONE', #1382, 1000.000000000000000 ) ;
#1071 = ORIENTED_EDGE ( 'NONE', *, *, #2280, .F. ) ;
#1072 = CARTESIAN_POINT ( 'NONE',  ( -0.7380052995987335107, 0.4000000000000000222, -1.339961938649163908 ) ) ;
#1073 = CARTESIAN_POINT ( 'NONE',  ( 0.5435393071777121499, -5.421010862427522170E-17, 0.6706788622685061485 ) ) ;
#1074 = CARTESIAN_POINT ( 'NONE',  ( 0.5619668647788237381, 0.4000000000000000222, -0.1977500689069331130 ) ) ;
#1075 = CARTESIAN_POINT ( 'NONE',  ( 0.01003160881831201973, 0.4000000000000000222, 2.415210494779421957 ) ) ;
#1076 = ORIENTED_EDGE ( 'NONE', *, *, #40, .F. ) ;
#1077 = CARTESIAN_POINT ( 'NONE',  ( -1.351207402526288570, 0.4000000000000000222, 1.776474992373511919 ) ) ;
#1078 = CARTESIAN_POINT ( 'NONE',  ( 0.1610601391624330303, 0.4000000000000000222, 0.3350122754414435744 ) ) ;
#1079 = CARTESIAN_POINT ( 'NONE',  ( -1.354872710022453797, 0.4000000000000000222, -1.268949571036205093 ) ) ;
#1080 = ORIENTED_EDGE ( 'NONE', *, *, #164, .T. ) ;
#1081 = CARTESIAN_POINT ( 'NONE',  ( -0.4489839690962646457, 0.4000000000000000222, -1.360022850285947715 ) ) ;
#1082 = CARTESIAN_POINT ( 'NONE',  ( -0.1707270482749225771, 0.000000000000000000, -0.3968604694401473010 ) ) ;
#1083 = ORIENTED_EDGE ( 'NONE', *, *, #399, .F. ) ;
#1084 = CARTESIAN_POINT ( 'NONE',  ( -0.5003609701475891791, 0.000000000000000000, -1.358901495555705941 ) ) ;
#1085 = CARTESIAN_POINT ( 'NONE',  ( 0.3491537589738989977, -5.421010862427522170E-17, 1.520925456130124420 ) ) ;
#1086 = B_SPLINE_CURVE_WITH_KNOTS ( 'NONE', 3,
 ( #2285, #1242, #2094, #11, #841, #2313, #2532, #653, #2492, #181, #2081, #205, #1893 ),
 .UNSPECIFIED., .F., .F.,
 ( 4, 1, 1, 1, 1, 1, 1, 1, 1, 1, 4 ),
 ( 0.000000000000000000, 0.1565833154866576316, 0.2962216993001191012, 0.4189303542728822771, 0.5288982353541163972, 0.6332815193530475506, 0.7413212198662807451, 0.7997463676176569392, 0.8616645060932084377, 0.9285877698495877963, 1.000000000000000000 ),
 .UNSPECIFIED. ) ;
#1087 = CARTESIAN_POINT ( 'NONE',  ( -0.6704067497271398723, 0.000000000000000000, 1.040692506906372383 ) ) ;
#1088 = DIRECTION ( 'NONE',  ( -0.000000000000000000, -1.000000000000000000, -0.000000000000000000 ) ) ;
#1089 = CARTESIAN_POINT ( 'NONE',  ( -0.3603673337797280718, -5.421010862427522170E-17, -0.3989359419851677413 ) ) ;
#1090 = EDGE_CURVE ( 'NONE', #646, #2528, #2588, .T. ) ;
#1091 = CARTESIAN_POINT ( 'NONE',  ( 0.5435393071777121499, 0.4000000000000000222, 0.6706788622685061485 ) ) ;
#1092 = CARTESIAN_POINT ( 'NONE',  ( -1.567944016799427631, 0.4000000000000000222, 0.9218956741632194918 ) ) ;
#1093 = B_SPLINE_SURFACE_WITH_KNOTS ( 'NONE', 3, 1, ( 
 ( #1866, #26 ),
 ( #2504, #405 ),
 ( #1661, #2108 ),
 ( #1034, #1021 ),
 ( #815, #2481 ),
 ( #1256, #639 ),
 ( #2264, #394 ),
 ( #1011, #1880 ),
 ( #1685, #2298 ),
 ( #603, #2710 ),
 ( #625, #1462 ),
 ( #428, #191 ),
 ( #2698, #1219 ),
 ( #1477, #614 ),
 ( #1438, #1269 ),
 ( #216, #1449 ),
 ( #440, #2519 ),
 ( #2063, #230 ),
 ( #1048, #1061 ) ),
 .UNSPECIFIED., .F., .F., .F.,
 ( 4, 1, 1, 1, 1, 1, 1, 1, 1, 1, 1, 1, 1, 1, 1, 1, 4 ),
 ( 2, 2 ),
 ( 0.000000000000000000, 0.07898036190050358729, 0.1517031446933656547, 0.2195878964283578816, 0.2827562974256817574, 0.3421373736925343301, 0.3992260424073150182, 0.4544814545996239130, 0.5086125460674619791, 0.5632011149428433061, 0.6182433590851835747, 0.6750660822686675999, 0.7343080323372276341, 0.7958925773868751330, 0.8608536458530757773, 0.9286534218576746325, 1.000000000000000000 ),
 ( 0.000000000000000000, 1.000000000000000000 ),
 .UNSPECIFIED. ) ;
#1094 = CARTESIAN_POINT ( 'NONE',  ( -0.2592982449298201209, 0.000000000000000000, -0.3989692682105729915 ) ) ;
#1095 = VERTEX_POINT ( 'NONE', #95 ) ;
#1096 = CARTESIAN_POINT ( 'NONE',  ( -1.147179339003592480, 0.4000000000000000222, -1.231306286868577349 ) ) ;
#1097 = CARTESIAN_POINT ( 'NONE',  ( -0.6719760071997545881, 0.000000000000000000, 0.9898932463203373722 ) ) ;
#1098 = CARTESIAN_POINT ( 'NONE',  ( 0.000000000000000000, 20.50000000000001066, 0.000000000000000000 ) ) ;
#1099 = SURFACE_STYLE_USAGE ( .BOTH. , #270 ) ;
#1100 = ORIENTED_EDGE ( 'NONE', *, *, #635, .F. ) ;
#1101 = CARTESIAN_POINT ( 'NONE',  ( 0.5439805772569443754, 0.4000000000000000222, 0.5099103840347984917 ) ) ;
#1102 = CARTESIAN_POINT ( 'NONE',  ( -0.4489839690962646457, 0.000000000000000000, -1.360022850285947715 ) ) ;
#1103 = CARTESIAN_POINT ( 'NONE',  ( 0.5371543425131620753, 0.4000000000000000222, -0.1730390761087862439 ) ) ;
#1104 = CARTESIAN_POINT ( 'NONE',  ( -0.03899860756070003959, 0.4000000000000000222, 2.415842333026959832 ) ) ;
#1105 = CARTESIAN_POINT ( 'NONE',  ( -1.566109258396468418, 0.4000000000000000222, 0.7742873855603755739 ) ) ;
#1106 = CARTESIAN_POINT ( 'NONE',  ( -0.03899860756070003959, 0.4000000000000000222, 2.415842333026959832 ) ) ;
#1107 = ADVANCED_FACE ( 'NONE', ( #1601 ), #2030, .T. ) ;
#1108 = CARTESIAN_POINT ( 'NONE',  ( 1.035911010099072493, 0.000000000000000000, -1.360635518327496518 ) ) ;
#1109 = CARTESIAN_POINT ( 'NONE',  ( -0.04153203907931132810, 0.4000000000000000222, -0.3842261076250225726 ) ) ;
#1110 = ORIENTED_EDGE ( 'NONE', *, *, #744, .F. ) ;
#1111 = CARTESIAN_POINT ( 'NONE',  ( 0.4817612984951529231, 0.000000000000000000, -0.2060229016306388550 ) ) ;
#1112 = CARTESIAN_POINT ( 'NONE',  ( -1.375313893287328781, 0.4000000000000000222, -1.591029544774432480 ) ) ;
#1113 = CARTESIAN_POINT ( 'NONE',  ( 0.000000000000000000, 23.00000000000000000, 0.000000000000000000 ) ) ;
#1114 = VERTEX_POINT ( 'NONE', #521 ) ;
#1115 = CARTESIAN_POINT ( 'NONE',  ( -1.263954870685253029, 0.4000000000000000222, -1.205028384339575709 ) ) ;
#1116 = AXIS2_PLACEMENT_3D ( 'NONE', #1113, #284, #477 ) ;
#1117 = CARTESIAN_POINT ( 'NONE',  ( -0.3623120879304371766, 0.000000000000000000, 1.653121988441441426 ) ) ;
#1118 = CARTESIAN_POINT ( 'NONE',  ( 0.8822520609014464776, 0.4000000000000000222, 2.146210584722230585 ) ) ;
#1119 = CARTESIAN_POINT ( 'NONE',  ( 0.3287848402072364729, 0.4000000000000000222, -1.003641441983471605 ) ) ;
#1120 = CIRCLE ( 'NONE', #1737, 5.049999999999999822 ) ;
#1121 = CARTESIAN_POINT ( 'NONE',  ( 1.271957516194466509, 0.000000000000000000, -0.8604801167805072870 ) ) ;
#1122 = CARTESIAN_POINT ( 'NONE',  ( 0.8652339308156424824, 0.000000000000000000, -1.574407127686787256 ) ) ;
#1123 = EDGE_CURVE ( 'NONE', #1383, #2542, #1370, .T. ) ;
#1124 = CARTESIAN_POINT ( 'NONE',  ( 0.4817612984951529231, 0.4000000000000000222, -0.2060229016306388550 ) ) ;
#1125 = VERTEX_POINT ( 'NONE', #1183 ) ;
#1126 = CARTESIAN_POINT ( 'NONE',  ( -0.5003609701475891791, 0.4000000000000000222, -1.358901495555705941 ) ) ;
#1127 = EDGE_CURVE ( 'NONE', #1252, #2292, #2409, .T. ) ;
#1128 = CARTESIAN_POINT ( 'NONE',  ( -0.04153203907931132810, 0.000000000000000000, -0.3842261076250225726 ) ) ;
#1129 = CARTESIAN_POINT ( 'NONE',  ( 5.327213576290986242E-16, 20.50000000000001066, 4.349999999999999645 ) ) ;
#1130 = VERTEX_POINT ( 'NONE', #1587 ) ;
#1131 = CARTESIAN_POINT ( 'NONE',  ( -1.092384863794525485, -5.421010862427522170E-17, -1.961078385069655594 ) ) ;
#1132 = B_SPLINE_SURFACE_WITH_KNOTS ( 'NONE', 3, 1, ( 
 ( #1891, #1931 ),
 ( #1905, #696 ),
 ( #882, #898 ),
 ( #1740, #1267 ),
 ( #651, #2295 ),
 ( #1724, #1254 ),
 ( #9, #1475 ),
 ( #1489, #2326 ),
 ( #241, #126 ),
 ( #1772, #81 ),
 ( #1800, #1787 ),
 ( #2018, #956 ),
 ( #2382, #2631 ),
 ( #1385, #2208 ),
 ( #302, #548 ),
 ( #2399, #1374 ),
 ( #2003, #1590 ),
 ( #2644, #2605 ),
 ( #524, #1355 ) ),
 .UNSPECIFIED., .F., .F., .F.,
 ( 4, 1, 1, 1, 1, 1, 1, 1, 1, 1, 1, 1, 1, 1, 1, 1, 4 ),
 ( 2, 2 ),
 ( 0.000000000000000000, 0.06617120254882258301, 0.1298390570962446866, 0.1915230172921674745, 0.2519297269549042317, 0.3110286998661392355, 0.3689143960576816705, 0.4260008518890533447, 0.4828414381299239166, 0.5401667504682446941, 0.5986892334199072074, 0.6583061487089869601, 0.7202843008207898690, 0.7851072973354414897, 0.8531128177320792538, 0.9243145363059790398, 1.000000000000000000 ),
 ( 0.000000000000000000, 1.000000000000000000 ),
 .UNSPECIFIED. ) ;
#1133 = CARTESIAN_POINT ( 'NONE',  ( -1.375950871885212035, 0.000000000000000000, -1.554015923793020004 ) ) ;
#1134 = DIRECTION ( 'NONE',  ( -1.000000000000000000, 0.000000000000000000, -0.000000000000000000 ) ) ;
#1135 = CARTESIAN_POINT ( 'NONE',  ( -0.6673882968825163298, 0.4000000000000000222, 1.138404434551494759 ) ) ;
#1136 = CARTESIAN_POINT ( 'NONE',  ( -1.079813959346647811, 0.4000000000000000222, 2.090398004051108316 ) ) ;
#1137 = CARTESIAN_POINT ( 'NONE',  ( 0.000000000000000000, 23.00000000000000000, -4.349999999999999645 ) ) ;
#1138 = CARTESIAN_POINT ( 'NONE',  ( -0.6704067497271398723, -0.000000000000000000, 1.040692506906372383 ) ) ;
#1139 = VERTEX_POINT ( 'NONE', #1129 ) ;
#1140 = CARTESIAN_POINT ( 'NONE',  ( 0.000000000000000000, 20.00000000000000000, 0.000000000000000000 ) ) ;
#1141 = CARTESIAN_POINT ( 'NONE',  ( -1.567944016799427631, 0.4000000000000000222, 0.9218956741632194918 ) ) ;
#1142 = DIRECTION ( 'NONE',  ( 0.000000000000000000, 1.000000000000000000, -0.000000000000000000 ) ) ;
#1143 = LINE ( 'NONE', #2395, #246 ) ;
#1144 = CARTESIAN_POINT ( 'NONE',  ( -0.4459840762069799402, 0.000000000000000000, -2.063997714971405273 ) ) ;
#1145 = EDGE_CURVE ( 'NONE', #1114, #2542, #351, .T. ) ;
#1146 = EDGE_LOOP ( 'NONE', ( #1617, #2257, #2573, #981 ) ) ;
#1147 = CARTESIAN_POINT ( 'NONE',  ( -0.4459840762069799402, -5.421010862427522170E-17, -2.063997714971405273 ) ) ;
#1148 = CARTESIAN_POINT ( 'NONE',  ( -1.375950871885212035, 0.4000000000000000222, -1.554015923793020004 ) ) ;
#1149 = CARTESIAN_POINT ( 'NONE',  ( 0.000000000000000000, 23.00000000000000000, 0.000000000000000000 ) ) ;
#1150 = CARTESIAN_POINT ( 'NONE',  ( 0.01794342795822487929, 0.000000000000000000, -1.266909773347850932 ) ) ;
#1151 = CARTESIAN_POINT ( 'NONE',  ( -0.4459840762069799402, 0.000000000000000000, -2.063997714971405273 ) ) ;
#1152 = CARTESIAN_POINT ( 'NONE',  ( -1.182968817219005153, 0.4000000000000000222, -1.930046925294719662 ) ) ;
#1153 = CARTESIAN_POINT ( 'NONE',  ( -1.375900237185846642, 0.4000000000000000222, -1.458968753449324529 ) ) ;
#1154 = CARTESIAN_POINT ( 'NONE',  ( -0.2538323544640959106, 0.4000000000000000222, -2.060112999032434278 ) ) ;
#1155 = CARTESIAN_POINT ( 'NONE',  ( -1.263954870685253029, 0.000000000000000000, -1.205028384339575709 ) ) ;
#1156 = CARTESIAN_POINT ( 'NONE',  ( -1.273229809292212078, 0.000000000000000000, 1.891346302600081186 ) ) ;
#1157 = CARTESIAN_POINT ( 'NONE',  ( 0.5021727693404489656, 0.000000000000000000, -0.6211799737908718644 ) ) ;
#1158 = ORIENTED_EDGE ( 'NONE', *, *, #819, .T. ) ;
#1159 = CARTESIAN_POINT ( 'NONE',  ( -1.354872710022453797, 0.4000000000000000222, -1.268949571036205093 ) ) ;
#1160 = PRODUCT_DEFINITION ( 'UNKNOWN', '', #773, #1480 ) ;
#1161 = CARTESIAN_POINT ( 'NONE',  ( 0.2732121574249480322, 0.000000000000000000, 0.3663256960546453778 ) ) ;
#1162 = CARTESIAN_POINT ( 'NONE',  ( 0.2647485321581982687, 0.4000000000000000222, -1.082098490292699555 ) ) ;
#1163 = CARTESIAN_POINT ( 'NONE',  ( 0.5465368699671107056, 0.4000000000000000222, -0.3969045931312844000 ) ) ;
#1164 = AXIS2_PLACEMENT_3D ( 'NONE', #378, #551, #1646 ) ;
#1165 = CARTESIAN_POINT ( 'NONE',  ( 0.5371543425131620753, 0.4000000000000000222, -0.1730390761087862439 ) ) ;
#1166 = CARTESIAN_POINT ( 'NONE',  ( -0.3907649687607353539, 0.000000000000000000, 2.390247743076778786 ) ) ;
#1167 = APPLICATION_CONTEXT ( 'automotive_design' ) ;
#1168 = CARTESIAN_POINT ( 'NONE',  ( 0.000000000000000000, 20.00000000000000000, 0.000000000000000000 ) ) ;
#1169 = CARTESIAN_POINT ( 'NONE',  ( -0.6676471504048434591, 0.4000000000000000222, 0.8354617898187258751 ) ) ;
#1170 = CARTESIAN_POINT ( 'NONE',  ( -1.567322125449702064, 0.4000000000000000222, 0.8718638456228384737 ) ) ;
#1171 = CARTESIAN_POINT ( 'NONE',  ( 0.5579836504264201746, 0.000000000000000000, -0.2782539364638761392 ) ) ;
#1172 = ORIENTED_EDGE ( 'NONE', *, *, #1622, .F. ) ;
#1173 = CARTESIAN_POINT ( 'NONE',  ( 0.5335947139190166943, 0.4000000000000000222, -1.833716716208327879 ) ) ;
#1174 = CARTESIAN_POINT ( 'NONE',  ( 0.4046572627527111887, 0.000000000000000000, 0.4198328262939936550 ) ) ;
#1175 = CARTESIAN_POINT ( 'NONE',  ( 0.000000000000000000, 23.00000000000000000, -5.049999999999999822 ) ) ;
#1176 = CARTESIAN_POINT ( 'NONE',  ( -0.9657438751140597910, 0.4000000000000000222, 2.174660339125088715 ) ) ;
#1177 = FILL_AREA_STYLE ('',( #1437 ) ) ;
#1178 = CARTESIAN_POINT ( 'NONE',  ( 0.000000000000000000, 0.000000000000000000, 0.000000000000000000 ) ) ;
#1179 = EDGE_CURVE ( 'NONE', #631, #2380, #2300, .T. ) ;
#1180 = CARTESIAN_POINT ( 'NONE',  ( -1.092384863794525485, -5.421010862427522170E-17, -1.961078385069655594 ) ) ;
#1181 = CARTESIAN_POINT ( 'NONE',  ( -0.4687543263933814930, 0.000000000000000000, 0.3943175464426150745 ) ) ;
#1182 = CARTESIAN_POINT ( 'NONE',  ( 0.5639798631855088562, 0.000000000000000000, -0.1570658016828155035 ) ) ;
#1183 = CARTESIAN_POINT ( 'NONE',  ( 0.000000000000000000, 20.00000000000000000, -3.049999999999999822 ) ) ;
#1184 = EDGE_LOOP ( 'NONE', ( #1262, #271, #1848, #1265 ) ) ;
#1185 = CARTESIAN_POINT ( 'NONE',  ( -0.2538323544640959106, 0.4000000000000000222, -2.060112999032434278 ) ) ;
#1186 = CARTESIAN_POINT ( 'NONE',  ( 0.5579836504264201746, 0.4000000000000000222, -0.2782539364638761392 ) ) ;
#1187 = CARTESIAN_POINT ( 'NONE',  ( 1.032901136071158188, 0.4000000000000000222, 2.001375883604868733 ) ) ;
#1188 = CARTESIAN_POINT ( 'NONE',  ( 2.565151067676131547, 1.999999999999998224, 1.649999999999999911 ) ) ;
#1189 = CARTESIAN_POINT ( 'NONE',  ( 0.1917871633323834923, 0.4000000000000000222, -1.152277284137087188 ) ) ;
#1190 = DIRECTION ( 'NONE',  ( 0.000000000000000000, -1.000000000000000000, 0.000000000000000000 ) ) ;
#1191 = CARTESIAN_POINT ( 'NONE',  ( -0.3623120879304371766, 0.000000000000000000, 1.653121988441441426 ) ) ;
#1192 = EDGE_CURVE ( 'NONE', #1336, #736, #82, .T. ) ;
#1193 = CARTESIAN_POINT ( 'NONE',  ( 0.4898002485905206260, 0.000000000000000000, 2.347963194754815852 ) ) ;
#1194 = CARTESIAN_POINT ( 'NONE',  ( -0.4687543263933814930, 0.4000000000000000222, 0.3943175464426150745 ) ) ;
#1195 = CARTESIAN_POINT ( 'NONE',  ( -0.1523311797353376074, 0.4000000000000000222, 1.710567940269300369 ) ) ;
#1196 = CARTESIAN_POINT ( 'NONE',  ( 0.9624851087167827224, 0.4000000000000000222, 2.078535229959157959 ) ) ;
#1197 = B_SPLINE_CURVE_WITH_KNOTS ( 'NONE', 3,
 ( #889, #2124, #2360, #1926, #2597, #1079, #702, #249, #43, #2550, #56 ),
 .UNSPECIFIED., .F., .F.,
 ( 4, 1, 1, 1, 1, 1, 1, 1, 4 ),
 ( 0.000000000000000000, 0.2540826451541937092, 0.4492020162846193654, 0.6006585402341811930, 0.7155392436497926001, 0.8027504545536804370, 0.8673103169173244087, 0.9305369411631959631, 0.9999999999999998890 ),
 .UNSPECIFIED. ) ;
#1198 = ORIENTED_EDGE ( 'NONE', *, *, #1510, .T. ) ;
#1199 = CARTESIAN_POINT ( 'NONE',  ( 0.9554435485504344516, 0.4000000000000000222, -1.471529103612861045 ) ) ;
#1200 = CARTESIAN_POINT ( 'NONE',  ( 0.7965721228421628330, 0.000000000000000000, 2.208654463964393688 ) ) ;
#1201 = CARTESIAN_POINT ( 'NONE',  ( -0.01746212165503743807, 0.4000000000000000222, 0.3067738089142384994 ) ) ;
#1202 = CARTESIAN_POINT ( 'NONE',  ( -0.6673882968825163298, -5.421010862427522170E-17, 1.138404434551494759 ) ) ;
#1203 = CARTESIAN_POINT ( 'NONE',  ( -1.263954870685253029, 0.000000000000000000, -1.205028384339575709 ) ) ;
#1204 = CIRCLE ( 'NONE', #897, 5.049999999999999822 ) ;
#1205 = CARTESIAN_POINT ( 'NONE',  ( -0.2538323544640959106, 0.000000000000000000, -2.060112999032434278 ) ) ;
#1206 = VECTOR ( 'NONE', #1335, 1000.000000000000000 ) ;
#1207 = CARTESIAN_POINT ( 'NONE',  ( -0.6704790565762432930, 0.000000000000000000, 0.9364897090696672199 ) ) ;
#1208 = CARTESIAN_POINT ( 'NONE',  ( 0.07909795447553129299, 0.4000000000000000222, -0.3611283986805062796 ) ) ;
#1209 = CARTESIAN_POINT ( 'NONE',  ( 1.379464826683171275, 0.4000000000000000222, -0.4536713355799317227 ) ) ;
#1210 = CARTESIAN_POINT ( 'NONE',  ( 1.439948586856617530, 0.000000000000000000, 0.3729152754241341627 ) ) ;
#1211 = VERTEX_POINT ( 'NONE', #386 ) ;
#1212 = EDGE_CURVE ( 'NONE', #501, #2101, #1652, .T. ) ;
#1213 = CARTESIAN_POINT ( 'NONE',  ( 0.7659990146665538457, 0.4000000000000000222, -1.670409783054901620 ) ) ;
#1214 = B_SPLINE_CURVE_WITH_KNOTS ( 'NONE', 3,
 ( #1441, #2485, #796, #398, #2255, #209, #173, #383, #1847, #2677, #1640 ),
 .UNSPECIFIED., .F., .F.,
 ( 4, 1, 1, 1, 1, 1, 1, 1, 4 ),
 ( 0.000000000000000000, 0.2540826451541937092, 0.4492020162846193654, 0.6006585402341811930, 0.7155392436497926001, 0.8027504545536804370, 0.8673103169173244087, 0.9305369411631959631, 0.9999999999999998890 ),
 .UNSPECIFIED. ) ;
#1215 = VERTEX_POINT ( 'NONE', #2098 ) ;
#1216 = CARTESIAN_POINT ( 'NONE',  ( 0.4898002485905206260, 0.000000000000000000, 2.347963194754815852 ) ) ;
#1217 = CARTESIAN_POINT ( 'NONE',  ( 0.5349276635231340338, 0.000000000000000000, 0.8220596728763570615 ) ) ;
#1218 = CARTESIAN_POINT ( 'NONE',  ( 0.3847984103529097366, 0.000000000000000000, -0.9177953620510723720 ) ) ;
#1219 = CARTESIAN_POINT ( 'NONE',  ( -1.462167823284607593, -5.421010862427522170E-17, 0.2519083302944323255 ) ) ;
#1220 = VERTEX_POINT ( 'NONE', #1051 ) ;
#1221 = CARTESIAN_POINT ( 'NONE',  ( 1.379464826683171275, 0.000000000000000000, -0.4536713355799317227 ) ) ;
#1222 = CARTESIAN_POINT ( 'NONE',  ( -0.1523311797353376074, -5.421010862427522170E-17, 1.710567940269300369 ) ) ;
#1223 = DIRECTION ( 'NONE',  ( 0.000000000000000000, 0.000000000000000000, 1.000000000000000000 ) ) ;
#1224 = CARTESIAN_POINT ( 'NONE',  ( -0.6676471504048434591, 0.000000000000000000, 0.8354617898187258751 ) ) ;
#1225 = ORIENTED_EDGE ( 'NONE', *, *, #1967, .F. ) ;
#1226 = CARTESIAN_POINT ( 'NONE',  ( 0.4009425128878277289, 0.4000000000000000222, -1.902157243858849656 ) ) ;
#1227 = EDGE_CURVE ( 'NONE', #44, #865, #2336, .T. ) ;
#1228 = CARTESIAN_POINT ( 'NONE',  ( 1.416449938040314160, 0.4000000000000000222, 0.9206179918544400431 ) ) ;
#1229 = LINE ( 'NONE', #154, #1029 ) ;
#1230 = LINE ( 'NONE', #577, #597 ) ;
#1231 = LINE ( 'NONE', #2071, #2695 ) ;
#1232 = CARTESIAN_POINT ( 'NONE',  ( 1.035911010099072493, 0.000000000000000000, -1.360635518327496518 ) ) ;
#1233 = CARTESIAN_POINT ( 'NONE',  ( -1.248190888136529786, 0.4000000000000000222, -1.206538323960086867 ) ) ;
#1234 = CARTESIAN_POINT ( 'NONE',  ( -1.273326528202391561, -0.000000000000000000, -1.205592293728867670 ) ) ;
#1235 = ORIENTED_EDGE ( 'NONE', *, *, #1090, .T. ) ;
#1236 = CARTESIAN_POINT ( 'NONE',  ( 0.5439805772569443754, -5.421010862427522170E-17, 0.5099103840347984917 ) ) ;
#1237 = ORIENTED_EDGE ( 'NONE', *, *, #1273, .F. ) ;
#1238 = CARTESIAN_POINT ( 'NONE',  ( -1.375900237185846642, -5.421010862427522170E-17, -1.458968753449324529 ) ) ;
#1239 = EDGE_CURVE ( 'NONE', #1705, #618, #515, .T. ) ;
#1240 = LINE ( 'NONE', #2079, #903 ) ;
#1241 = CARTESIAN_POINT ( 'NONE',  ( 0.000000000000000000, 20.00000000000000000, 0.000000000000000000 ) ) ;
#1242 = CARTESIAN_POINT ( 'NONE',  ( -0.6704790565762432930, 0.4000000000000000222, 0.9364897090696672199 ) ) ;
#1243 = ADVANCED_FACE ( 'NONE', ( #162, #1836 ), #628, .T. ) ;
#1244 = CARTESIAN_POINT ( 'NONE',  ( 1.167641881833676454, 0.000000000000000000, -1.118290273087891418 ) ) ;
#1245 = PRESENTATION_LAYER_ASSIGNMENT (  '', '', ( #727 ) ) ;
#1246 = CARTESIAN_POINT ( 'NONE',  ( -1.067264126390405021, 0.4000000000000000222, -1.255122113138309015 ) ) ;
#1247 = CARTESIAN_POINT ( 'NONE',  ( -0.2494678708595151617, 0.000000000000000000, 0.3136800052864326394 ) ) ;
#1248 = VECTOR ( 'NONE', #1088, 1000.000000000000000 ) ;
#1249 = ORIENTED_EDGE ( 'NONE', *, *, #2685, .T. ) ;
#1250 = CARTESIAN_POINT ( 'NONE',  ( 0.1610601391624330303, 0.4000000000000000222, 0.3350122754414435744 ) ) ;
#1251 = VECTOR ( 'NONE', #1479, 1000.000000000000000 ) ;
#1252 = VERTEX_POINT ( 'NONE', #2317 ) ;
#1253 = CARTESIAN_POINT ( 'NONE',  ( -1.375950871885212035, -5.421010862427522170E-17, -1.554015923793020004 ) ) ;
#1254 = CARTESIAN_POINT ( 'NONE',  ( -1.473830592346843549, -5.421010862427522170E-17, 1.520754457498419754 ) ) ;
#1255 = CARTESIAN_POINT ( 'NONE',  ( -0.07999714371425648007, 0.4000000000000000222, 1.711867468341502496 ) ) ;
#1256 = CARTESIAN_POINT ( 'NONE',  ( -0.8885684291690013614, 0.4000000000000000222, -0.3138189770866814388 ) ) ;
#1257 = CARTESIAN_POINT ( 'NONE',  ( -0.3049891104106028372, -5.421010862427522170E-17, -0.4000571257148696214 ) ) ;
#1258 = CARTESIAN_POINT ( 'NONE',  ( 1.326996471941946032, 0.4000000000000000222, -0.6821389398791203318 ) ) ;
#1259 = DIRECTION ( 'NONE',  ( 0.000000000000000000, 0.000000000000000000, -1.000000000000000000 ) ) ;
#1260 = CARTESIAN_POINT ( 'NONE',  ( 0.000000000000000000, 23.00000000000000000, 0.000000000000000000 ) ) ;
#1261 = CARTESIAN_POINT ( 'NONE',  ( -0.1099960726071026323, 0.000000000000000000, 0.3039177389705877697 ) ) ;
#1262 = ORIENTED_EDGE ( 'NONE', *, *, #1818, .F. ) ;
#1263 = CARTESIAN_POINT ( 'NONE',  ( 0.5021727693404489656, 0.4000000000000000222, -0.6211799737908718644 ) ) ;
#1264 = FACE_OUTER_BOUND ( 'NONE', #2691, .T. ) ;
#1265 = ORIENTED_EDGE ( 'NONE', *, *, #1679, .T. ) ;
#1266 = CARTESIAN_POINT ( 'NONE',  ( -1.067264126390405021, 0.000000000000000000, -1.255122113138309015 ) ) ;
#1267 = CARTESIAN_POINT ( 'NONE',  ( -1.546621626749046241, -5.421010862427522170E-17, 1.233732247392242520 ) ) ;
#1268 = CARTESIAN_POINT ( 'NONE',  ( 0.5639798631855087452, 0.4000000000000000222, -0.1570658016828154757 ) ) ;
#1269 = CARTESIAN_POINT ( 'NONE',  ( -1.532162547200392799, -5.421010862427522170E-17, 0.4969210273841810910 ) ) ;
#1270 = CARTESIAN_POINT ( 'NONE',  ( -1.566803551294330132, 0.4000000000000000222, 0.9752718443225077971 ) ) ;
#1271 = CARTESIAN_POINT ( 'NONE',  ( 1.438414833145850835, -0.000000000000000000, 0.2832218459709183733 ) ) ;
#1272 = CARTESIAN_POINT ( 'NONE',  ( -0.1523311797353376074, 0.4000000000000000222, 1.710567940269300369 ) ) ;
#1273 = EDGE_CURVE ( 'NONE', #736, #1114, #1359, .T. ) ;
#1274 = CARTESIAN_POINT ( 'NONE',  ( -0.4936933040139667161, -5.421010862427522170E-17, -2.063111387898301174 ) ) ;
#1275 = B_SPLINE_SURFACE_WITH_KNOTS ( 'NONE', 3, 1, ( 
 ( #1, #419 ),
 ( #1233, #830 ),
 ( #1038, #2099 ),
 ( #221, #1052 ),
 ( #1246, #2086 ),
 ( #846, #407 ),
 ( #1675, #1688 ),
 ( #1653, #208 ),
 ( #2701, #183 ),
 ( #1025, #629 ),
 ( #2524, #1466 ) ),
 .UNSPECIFIED., .F., .F., .F.,
 ( 4, 1, 1, 1, 1, 1, 1, 1, 4 ),
 ( 2, 2 ),
 ( 0.000000000000000000, 0.05686076685800781072, 0.1366447427037812412, 0.2383745323110462444, 0.3575742139382836471, 0.4949540685781515514, 0.6469980086531745833, 0.8150498737231735014, 1.000000000000000000 ),
 ( 0.000000000000000000, 1.000000000000000000 ),
 .UNSPECIFIED. ) ;
#1276 = ORIENTED_EDGE ( 'NONE', *, *, #2041, .F. ) ;
#1277 = CARTESIAN_POINT ( 'NONE',  ( 0.5619668647788237381, 0.4000000000000000222, -0.1977500689069331130 ) ) ;
#1278 = VERTEX_POINT ( 'NONE', #1137 ) ;
#1279 = LINE ( 'NONE', #1930, #987 ) ;
#1280 = CARTESIAN_POINT ( 'NONE',  ( 0.4581781590670134796, -5.421010862427522170E-17, 1.292630013657372512 ) ) ;
#1281 = B_SPLINE_SURFACE_WITH_KNOTS ( 'NONE', 3, 1, ( 
 ( #1828, #189 ),
 ( #2660, #780 ),
 ( #1863, #576 ),
 ( #2283, #1841 ),
 ( #1412, #2672 ),
 ( #791, #2490 ),
 ( #2544, #23 ),
 ( #2516, #2134 ),
 ( #1698, #482 ) ),
 .UNSPECIFIED., .F., .F., .F.,
 ( 4, 1, 1, 1, 1, 1, 4 ),
 ( 2, 2 ),
 ( 0.000000000000000000, 0.1336743958894396900, 0.2651399168935412720, 0.3927206219716536384, 0.5195556138724147788, 0.7667741705809816288, 0.9999999999999998890 ),
 ( 0.000000000000000000, 1.000000000000000000 ),
 .UNSPECIFIED. ) ;
#1282 = CARTESIAN_POINT ( 'NONE',  ( 0.5438295824750596363, 0.4000000000000000222, 0.5649225012105265620 ) ) ;
#1283 = CARTESIAN_POINT ( 'NONE',  ( -0.6458825016524325502, 0.000000000000000000, 0.6936783553538597991 ) ) ;
#1284 = PLANE ( 'NONE',  #73 ) ;
#1285 = CARTESIAN_POINT ( 'NONE',  ( 0.7965721228421628330, 0.000000000000000000, 2.208654463964393688 ) ) ;
#1286 = CARTESIAN_POINT ( 'NONE',  ( -0.5984208311795295998, 0.4000000000000000222, -1.356761240446124894 ) ) ;
#1287 = B_SPLINE_SURFACE_WITH_KNOTS ( 'NONE', 3, 1, ( 
 ( #2060, #1400 ),
 ( #601, #167 ),
 ( #2260, #362 ),
 ( #391, #588 ),
 ( #2646, #2694 ),
 ( #790, #1216 ),
 ( #178, #1633 ),
 ( #1007, #1826 ),
 ( #1018, #1200 ),
 ( #2248, #1850 ),
 ( #2237, #2069 ),
 ( #1187, #2465 ),
 ( #2272, #766 ),
 ( #402, #2048 ),
 ( #2478, #996 ),
 ( #1658, #2442 ),
 ( #1446, #983 ),
 ( #2681, #1862 ),
 ( #799, #1435 ),
 ( #1228, #187 ),
 ( #2489, #812 ),
 ( #2035, #611 ),
 ( #2453, #2282 ) ),
 .UNSPECIFIED., .F., .F., .F.,
 ( 4, 1, 1, 1, 1, 1, 1, 1, 1, 1, 1, 1, 1, 1, 1, 1, 1, 1, 1, 1, 4 ),
 ( 2, 2 ),
 ( 0.000000000000000000, 0.05072123485101200785, 0.09818681750180438539, 0.1429832631380766883, 0.1850642755386540106, 0.2253189442347621196, 0.2639124227838311465, 0.3010047923985125773, 0.3375722625707410773, 0.3735245581429286754, 0.4093973497853475307, 0.4454883558133952981, 0.4824184018375737293, 0.5197728438401167939, 0.5580521653044272501, 0.5971296511463221046, 0.6371709700777065111, 0.7205982822797802889, 0.8093299047537437785, 0.9027120286834713347, 1.000000000000000000 ),
 ( 0.000000000000000000, 1.000000000000000000 ),
 .UNSPECIFIED. ) ;
#1288 = ORIENTED_EDGE ( 'NONE', *, *, #833, .F. ) ;
#1289 = CARTESIAN_POINT ( 'NONE',  ( -0.01746212165503743807, 0.4000000000000000222, 0.3067738089142384994 ) ) ;
#1290 = DIRECTION ( 'NONE',  ( 0.000000000000000000, -1.000000000000000000, 0.000000000000000000 ) ) ;
#1291 = EDGE_CURVE ( 'NONE', #1530, #1130, #2359, .T. ) ;
#1292 = AXIS2_PLACEMENT_3D ( 'NONE', #706, #109, #2175 ) ;
#1293 = ORIENTED_EDGE ( 'NONE', *, *, #2184, .F. ) ;
#1294 = CARTESIAN_POINT ( 'NONE',  ( -1.248190888136529786, 0.000000000000000000, -1.206538323960086867 ) ) ;
#1295 = CARTESIAN_POINT ( 'NONE',  ( 0.5435393071777121499, 0.4000000000000000222, 0.6706788622685061485 ) ) ;
#1296 = CARTESIAN_POINT ( 'NONE',  ( 0.1936831148300114935, 0.4000000000000000222, 1.655657523252243912 ) ) ;
#1297 = CARTESIAN_POINT ( 'NONE',  ( 1.439019383604892122, 0.4000000000000000222, 0.4669537915848339105 ) ) ;
#1298 = LINE ( 'NONE', #1537, #2171 ) ;
#1299 = CARTESIAN_POINT ( 'NONE',  ( -1.273229809292212078, 0.000000000000000000, 1.891346302600081186 ) ) ;
#1300 = CARTESIAN_POINT ( 'NONE',  ( -0.8620775794044499563, 0.4000000000000000222, -1.312270545943490685 ) ) ;
#1301 = ORIENTED_EDGE ( 'NONE', *, *, #579, .T. ) ;
#1302 = CARTESIAN_POINT ( 'NONE',  ( -0.5003609701475891791, -0.000000000000000000, -1.358901495555705941 ) ) ;
#1303 = CARTESIAN_POINT ( 'NONE',  ( -0.8635098788160613381, 0.4000000000000000222, -2.020461507988187577 ) ) ;
#1304 = DIRECTION ( 'NONE',  ( -0.000000000000000000, -1.000000000000000000, -0.000000000000000000 ) ) ;
#1305 = ORIENTED_EDGE ( 'NONE', *, *, #2222, .T. ) ;
#1306 = CARTESIAN_POINT ( 'NONE',  ( -1.338090693864876668, -5.421010862427522170E-17, -1.236667642491426244 ) ) ;
#1307 = B_SPLINE_CURVE_WITH_KNOTS ( 'NONE', 3,
 ( #1586, #2640, #2448, #1381, #2215, #1808, #2407, #1407, #557, #2420, #342, #2461, #570, #2244, #582, #1418, #312, #1170, #1141 ),
 .UNSPECIFIED., .F., .F.,
 ( 4, 1, 1, 1, 1, 1, 1, 1, 1, 1, 1, 1, 1, 1, 1, 1, 4 ),
 ( 0.000000000000000000, 0.07898036190050358729, 0.1517031446933656547, 0.2195878964283578816, 0.2827562974256817574, 0.3421373736925343301, 0.3992260424073150182, 0.4544814545996239130, 0.5086125460674619791, 0.5632011149428433061, 0.6182433590851835747, 0.6750660822686675999, 0.7343080323372276341, 0.7958925773868751330, 0.8608536458530757773, 0.9286534218576746325, 1.000000000000000000 ),
 .UNSPECIFIED. ) ;
#1308 = EDGE_CURVE ( 'NONE', #344, #535, #242, .T. ) ;
#1309 = CARTESIAN_POINT ( 'NONE',  ( -0.005745379297430137921, 0.4000000000000000222, 1.709147250575780097 ) ) ;
#1310 = CARTESIAN_POINT ( 'NONE',  ( -0.6400397581694484694, 0.4000000000000000222, 1.277652933510549982 ) ) ;
#1311 = DIRECTION ( 'NONE',  ( 0.000000000000000000, 0.000000000000000000, -1.000000000000000000 ) ) ;
#1312 = CARTESIAN_POINT ( 'NONE',  ( -1.462167823284607593, 0.4000000000000000222, 0.2519083302944323255 ) ) ;
#1313 = B_SPLINE_SURFACE_WITH_KNOTS ( 'NONE', 3, 1, ( 
 ( #2574, #708 ),
 ( #481, #695 ),
 ( #111, #2193 ),
 ( #2354, #493 ),
 ( #1546, #2381 ),
 ( #1562, #1337 ),
 ( #2178, #943 ),
 ( #1422, #2059 ),
 ( #1643, #1016 ),
 ( #789, #995 ),
 ( #586, #388 ),
 ( #1199, #763 ),
 ( #401, #165 ),
 ( #2068, #2680 ),
 ( #1838, #798 ),
 ( #151, #2423 ),
 ( #1226, #599 ),
 ( #2247, #560 ),
 ( #1384, #186 ),
 ( #573, #1860 ),
 ( #175, #1604 ),
 ( #1410, #547 ),
 ( #1631, #374 ) ),
 .UNSPECIFIED., .F., .F., .F.,
 ( 4, 1, 1, 1, 1, 1, 1, 1, 1, 1, 1, 1, 1, 1, 1, 1, 1, 1, 1, 1, 4 ),
 ( 2, 2 ),
 ( 0.000000000000000000, 0.07652262335559163742, 0.1557830427824195285, 0.2358560412428524489, 0.3158077551929586724, 0.3553858957716434785, 0.3950609729661669900, 0.4345316960993197974, 0.4739562935907729035, 0.5131184862776989597, 0.5517975934378764880, 0.5906945716740334973, 0.6297129848767822891, 0.6694196428081756745, 0.7102053241938099948, 0.7524308607195875354, 0.7965776473677161906, 0.8429097426958467310, 0.8918766781785573139, 0.9442270720201695333, 1.000000000000000000 ),
 ( 0.000000000000000000, 1.000000000000000000 ),
 .UNSPECIFIED. ) ;
#1314 = CARTESIAN_POINT ( 'NONE',  ( -0.05464761103668220460, 0.4000000000000000222, 1.710938786717787430 ) ) ;
#1315 = FACE_OUTER_BOUND ( 'NONE', #2206, .T. ) ;
#1316 = CARTESIAN_POINT ( 'NONE',  ( 0.5639798631855088562, 0.4000000000000000222, -0.1570658016828155035 ) ) ;
#1317 = CARTESIAN_POINT ( 'NONE',  ( 0.7025770639806336870, 0.4000000000000000222, 2.263292700090977938 ) ) ;
#1318 = CARTESIAN_POINT ( 'NONE',  ( -1.566803551294330132, 0.4000000000000000222, 0.9752718443225077971 ) ) ;
#1319 = EDGE_LOOP ( 'NONE', ( #851, #672, #811, #1769, #2309, #749, #373, #1100, #920 ) ) ;
#1320 = CARTESIAN_POINT ( 'NONE',  ( -1.273326528202391561, -5.421010862427522170E-17, -1.205592293728867670 ) ) ;
#1321 =( LENGTH_UNIT ( ) NAMED_UNIT ( * ) SI_UNIT ( .MILLI., .METRE. ) );
#1322 = CARTESIAN_POINT ( 'NONE',  ( -1.352622216732949356, 0.000000000000000000, 0.04218593467476654257 ) ) ;
#1323 = CARTESIAN_POINT ( 'NONE',  ( -0.03899860756070003959, -5.421010862427522170E-17, 2.415842333026959832 ) ) ;
#1324 = ADVANCED_FACE ( 'NONE', ( #1315 ), #1856, .F. ) ;
#1325 = CARTESIAN_POINT ( 'NONE',  ( -0.6400397581694484694, 0.4000000000000000222, 1.277652933510549982 ) ) ;
#1326 = CARTESIAN_POINT ( 'NONE',  ( 0.4849449631871514677, 0.4000000000000000222, 1.194075055017044473 ) ) ;
#1327 = ADVANCED_BREP_SHAPE_REPRESENTATION ( 'JK-RTF-02-16-01 Knob_9', ( #1693, #746, #2176 ), #2658 ) ;
#1328 = CARTESIAN_POINT ( 'NONE',  ( 1.106888790523144595, 0.000000000000000000, -1.242702678949732631 ) ) ;
#1329 = EDGE_CURVE ( 'NONE', #185, #2679, #2662, .T. ) ;
#1330 = CARTESIAN_POINT ( 'NONE',  ( 0.000000000000000000, 20.00000000000000000, 1.649999999999999911 ) ) ;
#1331 = VERTEX_POINT ( 'NONE', #2052 ) ;
#1332 = CARTESIAN_POINT ( 'NONE',  ( -0.03899860756070003959, 0.4000000000000000222, 2.415842333026959832 ) ) ;
#1333 = CARTESIAN_POINT ( 'NONE',  ( -0.8393926159034127421, 0.4000000000000000222, 2.246968185430850085 ) ) ;
#1334 = CARTESIAN_POINT ( 'NONE',  ( -0.3603673337797280718, -0.000000000000000000, -0.3989359419851677413 ) ) ;
#1335 = DIRECTION ( 'NONE',  ( 8.659560562354830553E-17, 0.7071067811865561215, -0.7071067811865390240 ) ) ;
#1336 = VERTEX_POINT ( 'NONE', #2038 ) ;
#1337 = CARTESIAN_POINT ( 'NONE',  ( 1.326996471941946032, 0.000000000000000000, -0.6821389398791203318 ) ) ;
#1338 = AXIS2_PLACEMENT_3D ( 'NONE', #2271, #397, #1223 ) ;
#1339 = CARTESIAN_POINT ( 'NONE',  ( 0.4817612984951529231, 0.4000000000000000222, -0.2060229016306388550 ) ) ;
#1340 = CARTESIAN_POINT ( 'NONE',  ( 0.7025770639806336870, 0.4000000000000000222, 2.263292700090977938 ) ) ;
#1341 = CARTESIAN_POINT ( 'NONE',  ( 0.5021727693404489656, 0.000000000000000000, -0.6211799737908718644 ) ) ;
#1342 = CARTESIAN_POINT ( 'NONE',  ( 0.5439805772569443754, 0.4000000000000000222, 0.5099103840347984917 ) ) ;
#1343 = CARTESIAN_POINT ( 'NONE',  ( 1.167641881833676454, 0.000000000000000000, -1.118290273087891418 ) ) ;
#1344 = B_SPLINE_CURVE_WITH_KNOTS ( 'NONE', 3,
 ( #122, #1820, #1195, #1796, #2614, #2627, #747, #1396, #135, #966, #1573, #1834, #2042 ),
 .UNSPECIFIED., .F., .F.,
 ( 4, 1, 1, 1, 1, 1, 1, 1, 1, 1, 4 ),
 ( 0.000000000000000000, 0.07003506484218526007, 0.1350303964077806673, 0.1976502456875587899, 0.2566526108378400228, 0.3697232058880723371, 0.4820917017350888067, 0.5991835400601204231, 0.7230375072162296135, 0.8560105180344077525, 1.000000000000000000 ),
 .UNSPECIFIED. ) ;
#1345 = CARTESIAN_POINT ( 'NONE',  ( -0.2214272578785893286, 0.000000000000000000, 1.700237090963820696 ) ) ;
#1346 = ADVANCED_FACE ( 'NONE', ( #2024 ), #1404, .F. ) ;
#1347 = B_SPLINE_CURVE_WITH_KNOTS ( 'NONE', 3,
 ( #1155, #1940, #1556, #107, #57, #1511, #690, #1526, #489, #1302, #2201 ),
 .UNSPECIFIED., .F., .F.,
 ( 4, 1, 1, 1, 1, 1, 1, 1, 4 ),
 ( 0.000000000000000000, 0.05686076685800781072, 0.1366447427037812412, 0.2383745323110462444, 0.3575742139382836471, 0.4949540685781515514, 0.6469980086531745833, 0.8150498737231735014, 1.000000000000000000 ),
 .UNSPECIFIED. ) ;
#1348 = ORIENTED_EDGE ( 'NONE', *, *, #1401, .T. ) ;
#1349 = CARTESIAN_POINT ( 'NONE',  ( 0.07909795447553129299, 0.000000000000000000, -0.3611283986805062796 ) ) ;
#1350 = LINE ( 'NONE', #76, #2347 ) ;
#1351 = CARTESIAN_POINT ( 'NONE',  ( -2.565151067676131547, 20.00000000000000000, 1.649999999999999911 ) ) ;
#1352 = CARTESIAN_POINT ( 'NONE',  ( 0.01794342795822487929, 0.000000000000000000, -1.266909773347850932 ) ) ;
#1353 = VERTEX_POINT ( 'NONE', #130 ) ;
#1354 = CARTESIAN_POINT ( 'NONE',  ( -1.253418450161674302, -5.421010862427522170E-17, -1.895657117321613683 ) ) ;
#1355 = CARTESIAN_POINT ( 'NONE',  ( -0.03899860756070003959, -5.421010862427522170E-17, 2.415842333026959832 ) ) ;
#1356 = CARTESIAN_POINT ( 'NONE',  ( -0.3049891104106028372, 0.000000000000000000, -0.4000571257148696214 ) ) ;
#1357 = CARTESIAN_POINT ( 'NONE',  ( -1.567944016799427631, 0.000000000000000000, 0.9218956741632194918 ) ) ;
#1358 = CARTESIAN_POINT ( 'NONE',  ( 0.3847984103529097366, 0.4000000000000000222, -0.9177953620510723720 ) ) ;
#1359 = B_SPLINE_CURVE_WITH_KNOTS ( 'NONE', 3,
 ( #1210, #1271, #1037, #1570, #2183, #514, #499, #307, #1343, #1328, #1108, #1746, #1122, #2611, #2387, #1508, #2403, #529, #104, #934, #714, #69, #729 ),
 .UNSPECIFIED., .F., .F.,
 ( 4, 1, 1, 1, 1, 1, 1, 1, 1, 1, 1, 1, 1, 1, 1, 1, 1, 1, 1, 1, 4 ),
 ( 0.000000000000000000, 0.07652262335559163742, 0.1557830427824195285, 0.2358560412428524489, 0.3158077551929586724, 0.3553858957716434785, 0.3950609729661669900, 0.4345316960993197974, 0.4739562935907729035, 0.5131184862776989597, 0.5517975934378764880, 0.5906945716740334973, 0.6297129848767822891, 0.6694196428081756745, 0.7102053241938099948, 0.7524308607195875354, 0.7965776473677161906, 0.8429097426958467310, 0.8918766781785573139, 0.9442270720201695333, 1.000000000000000000 ),
 .UNSPECIFIED. ) ;
#1360 = CARTESIAN_POINT ( 'NONE',  ( -0.3907649687607353539, 0.4000000000000000222, 2.390247743076778786 ) ) ;
#1361 = CARTESIAN_POINT ( 'NONE',  ( -0.07999714371425648007, 0.4000000000000000222, 1.711867468341502496 ) ) ;
#1362 = CARTESIAN_POINT ( 'NONE',  ( -1.413953075475527399, 0.000000000000000000, 0.1417532936502236274 ) ) ;
#1363 = CARTESIAN_POINT ( 'NONE',  ( -0.5958420001181856662, 0.000000000000000000, 1.402461871737567423 ) ) ;
#1364 = CARTESIAN_POINT ( 'NONE',  ( -0.07059529414361444266, 0.4000000000000000222, -2.039823329858649892 ) ) ;
#1365 = ORIENTED_EDGE ( 'NONE', *, *, #460, .T. ) ;
#1366 = ADVANCED_FACE ( 'NONE', ( #742 ), #1816, .F. ) ;
#1367 = CARTESIAN_POINT ( 'NONE',  ( 1.254340098241015555, 0.4000000000000000222, 1.632603022451407204 ) ) ;
#1368 = CARTESIAN_POINT ( 'NONE',  ( 0.3930483777670034651, 0.4000000000000000222, -0.2507616264178970655 ) ) ;
#1369 = CARTESIAN_POINT ( 'NONE',  ( -0.6199525907439804584, 0.4000000000000000222, -0.3795869413633365386 ) ) ;
#1370 = LINE ( 'NONE', #358, #121 ) ;
#1371 = B_SPLINE_CURVE_WITH_KNOTS ( 'NONE', 3,
 ( #751, #1813, #723, #2223, #346, #1161, #1174, #99, #2618 ),
 .UNSPECIFIED., .F., .F.,
 ( 4, 1, 1, 1, 1, 1, 4 ),
 ( 0.000000000000000000, 0.1336743958894396900, 0.2651399168935412720, 0.3927206219716536384, 0.5195556138724147788, 0.7667741705809816288, 0.9999999999999998890 ),
 .UNSPECIFIED. ) ;
#1372 = EDGE_LOOP ( 'NONE', ( #177, #1071, #226, #936 ) ) ;
#1373 = CARTESIAN_POINT ( 'NONE',  ( -1.317211440962287039, 0.4000000000000000222, -1.215366684716169488 ) ) ;
#1374 = CARTESIAN_POINT ( 'NONE',  ( -0.3907649687607353539, -5.421010862427522170E-17, 2.390247743076778786 ) ) ;
#1375 = CARTESIAN_POINT ( 'NONE',  ( -0.3190659712566031869, 0.4000000000000000222, -1.356927209224347175 ) ) ;
#1376 = CARTESIAN_POINT ( 'NONE',  ( 0.01794342795822487929, 0.4000000000000000222, -1.266909773347850932 ) ) ;
#1377 = CARTESIAN_POINT ( 'NONE',  ( 0.5438295824750596363, 0.4000000000000000222, 0.5649225012105265620 ) ) ;
#1378 = CARTESIAN_POINT ( 'NONE',  ( -0.5003609701475891791, -0.000000000000000000, -1.358901495555705941 ) ) ;
#1379 = CARTESIAN_POINT ( 'NONE',  ( -1.341951279545543274, 0.4000000000000000222, -1.808289430792386465 ) ) ;
#1380 = CARTESIAN_POINT ( 'NONE',  ( -0.6063730274411164300, 0.000000000000000000, 0.5724572107474192872 ) ) ;
#1381 = CARTESIAN_POINT ( 'NONE',  ( -0.6199525907439804584, 0.4000000000000000222, -0.3795869413633365386 ) ) ;
#1382 = DIRECTION ( 'NONE',  ( -0.000000000000000000, -1.000000000000000000, -0.000000000000000000 ) ) ;
#1383 = VERTEX_POINT ( 'NONE', #2445 ) ;
#1384 = CARTESIAN_POINT ( 'NONE',  ( 0.09972491500653890562, 0.4000000000000000222, -2.007719999653640564 ) ) ;
#1385 = CARTESIAN_POINT ( 'NONE',  ( -0.7017400443482771921, 0.4000000000000000222, 2.307954261202188384 ) ) ;
#1386 = AXIS2_PLACEMENT_3D ( 'NONE', #2161, #1741, #494 ) ;
#1388 = CARTESIAN_POINT ( 'NONE',  ( -0.08400162982184886107, 0.4000000000000000222, -1.308968792802971626 ) ) ;
#1387 = B_SPLINE_CURVE_WITH_KNOTS ( 'NONE', 3,
 ( #1356, #697, #2619, #319, #944, #2412, #2135, #1932, #2577, #288, #1322, #1362, #114, #1801, #2645, #127, #526, #2034, #1357 ),
 .UNSPECIFIED., .F., .F.,
 ( 4, 1, 1, 1, 1, 1, 1, 1, 1, 1, 1, 1, 1, 1, 1, 1, 4 ),
 ( 0.000000000000000000, 0.07898036190050358729, 0.1517031446933656547, 0.2195878964283578816, 0.2827562974256817574, 0.3421373736925343301, 0.3992260424073150182, 0.4544814545996239130, 0.5086125460674619791, 0.5632011149428433061, 0.6182433590851835747, 0.6750660822686675999, 0.7343080323372276341, 0.7958925773868751330, 0.8608536458530757773, 0.9286534218576746325, 1.000000000000000000 ),
 .UNSPECIFIED. ) ;
#1389 = VECTOR ( 'NONE', #309, 1000.000000000000000 ) ;
#1390 = CARTESIAN_POINT ( 'NONE',  ( 0.3930483777670034651, 0.4000000000000000222, -0.2507616264178970655 ) ) ;
#1391 = CARTESIAN_POINT ( 'NONE',  ( -1.374190298776963859, 0.4000000000000000222, -1.656319495616811022 ) ) ;
#1392 = AXIS2_PLACEMENT_3D ( 'NONE', #2424, #971, #2194 ) ;
#1393 = CARTESIAN_POINT ( 'NONE',  ( -0.1047010547100640371, -0.000000000000000000, 1.711423646489464767 ) ) ;
#1394 = CARTESIAN_POINT ( 'NONE',  ( 0.2426378909399972139, 0.000000000000000000, 2.400722697331309163 ) ) ;
#1395 = CARTESIAN_POINT ( 'NONE',  ( -0.5893801468470077909, 0.000000000000000000, -2.061333747738501199 ) ) ;
#1396 = CARTESIAN_POINT ( 'NONE',  ( -0.5315272700844405618, 0.4000000000000000222, 1.510179422518024062 ) ) ;
#1397 = CARTESIAN_POINT ( 'NONE',  ( -0.4489839690962646457, 0.000000000000000000, -1.360022850285947715 ) ) ;
#1398 = ORIENTED_EDGE ( 'NONE', *, *, #1308, .T. ) ;
#1399 = CARTESIAN_POINT ( 'NONE',  ( 0.6552396610809695376, 0.4000000000000000222, -1.756606555582111096 ) ) ;
#1400 = CARTESIAN_POINT ( 'NONE',  ( -0.03899860756070003959, 0.000000000000000000, 2.415842333026959832 ) ) ;
#1401 = EDGE_CURVE ( 'NONE', #1876, #2616, #2438, .T. ) ;
#1402 = CARTESIAN_POINT ( 'NONE',  ( 0.1920494516687106801, 0.4000000000000000222, -0.3300499102339319868 ) ) ;
#1403 = CARTESIAN_POINT ( 'NONE',  ( -0.08400162982184886107, 0.4000000000000000222, -1.308968792802971626 ) ) ;
#1404 = CYLINDRICAL_SURFACE ( 'NONE', #681, 3.049999999999999822 ) ;
#1405 = CARTESIAN_POINT ( 'NONE',  ( -1.273326528202391561, 0.4000000000000000222, -1.205592293728867670 ) ) ;
#1406 = CARTESIAN_POINT ( 'NONE',  ( -1.375950871885212035, 0.000000000000000000, -1.554015923793020004 ) ) ;
#1407 = CARTESIAN_POINT ( 'NONE',  ( -1.108567772874986979, 0.4000000000000000222, -0.2023118092157738523 ) ) ;
#1408 = CARTESIAN_POINT ( 'NONE',  ( 0.01003160881831201973, 0.4000000000000000222, 2.415210494779421957 ) ) ;
#1409 = ORIENTED_EDGE ( 'NONE', *, *, #1619, .T. ) ;
#1410 = CARTESIAN_POINT ( 'NONE',  ( -0.3805959776326643951, 0.4000000000000000222, -2.062675769029694628 ) ) ;
#1411 = CARTESIAN_POINT ( 'NONE',  ( -0.6063730274411164300, 0.000000000000000000, 0.5724572107474192872 ) ) ;
#1412 = CARTESIAN_POINT ( 'NONE',  ( 0.1610601391624330303, 0.4000000000000000222, 0.3350122754414435744 ) ) ;
#1413 = EDGE_CURVE ( 'NONE', #1331, #421, #1565, .T. ) ;
#1414 = CARTESIAN_POINT ( 'NONE',  ( -0.6704067497271398723, -5.421010862427522170E-17, 1.040692506906372383 ) ) ;
#1415 = CARTESIAN_POINT ( 'NONE',  ( -1.375950871885212035, 0.000000000000000000, -1.554015923793020004 ) ) ;
#1416 = CARTESIAN_POINT ( 'NONE',  ( 0.6552396610809695376, 0.4000000000000000222, -1.756606555582111096 ) ) ;
#1417 = CARTESIAN_POINT ( 'NONE',  ( -0.4459840762069799402, 0.000000000000000000, -2.063997714971405273 ) ) ;
#1418 = CARTESIAN_POINT ( 'NONE',  ( -1.552422784583370907, 0.4000000000000000222, 0.6317195683034605436 ) ) ;
#1419 = CARTESIAN_POINT ( 'NONE',  ( 1.106888790523144595, 0.4000000000000000222, -1.242702678949732631 ) ) ;
#1420 = DIRECTION ( 'NONE',  ( 0.000000000000000000, 0.000000000000000000, 1.000000000000000000 ) ) ;
#1421 = EDGE_LOOP ( 'NONE', ( #1859, #572, #2281, #1632 ) ) ;
#1422 = CARTESIAN_POINT ( 'NONE',  ( 1.224687788597288440, 0.4000000000000000222, -0.9914873215215668223 ) ) ;
#1423 = ORIENTED_EDGE ( 'NONE', *, *, #1227, .F. ) ;
#1424 = CARTESIAN_POINT ( 'NONE',  ( 1.439948586856617530, 0.4000000000000000222, 0.3729152754241341627 ) ) ;
#1425 = CARTESIAN_POINT ( 'NONE',  ( 0.4984500298488964698, 0.4000000000000000222, 0.4804732397369266272 ) ) ;
#1426 = CARTESIAN_POINT ( 'NONE',  ( 1.439948586856617530, 0.000000000000000000, 0.3729152754241341627 ) ) ;
#1427 = CARTESIAN_POINT ( 'NONE',  ( -1.092384863794525485, 0.4000000000000000222, -1.961078385069655594 ) ) ;
#1428 = CARTESIAN_POINT ( 'NONE',  ( -0.6719760071997545881, 0.4000000000000000222, 0.9898932463203373722 ) ) ;
#1429 = VECTOR ( 'NONE', #449, 1000.000000000000114 ) ;
#1430 = CARTESIAN_POINT ( 'NONE',  ( -0.9857364821605892891, 0.000000000000000000, -1.993820906476519106 ) ) ;
#1431 = EDGE_CURVE ( 'NONE', #2542, #1876, #1718, .T. ) ;
#1432 = CARTESIAN_POINT ( 'NONE',  ( -1.371907056386104884, 0.000000000000000000, -1.377873112536419864 ) ) ;
#1433 = ORIENTED_EDGE ( 'NONE', *, *, #1008, .T. ) ;
#1434 = CARTESIAN_POINT ( 'NONE',  ( 1.271957516194466509, 0.4000000000000000222, -0.8604801167805072870 ) ) ;
#1435 = CARTESIAN_POINT ( 'NONE',  ( 1.384779734273268836, 0.000000000000000000, 1.175476473704549552 ) ) ;
#1436 = CARTESIAN_POINT ( 'NONE',  ( 0.5435393071777121499, 0.000000000000000000, 0.6706788622685061485 ) ) ;
#1437 = FILL_AREA_STYLE_COLOUR ( '', #2216 ) ;
#1438 = CARTESIAN_POINT ( 'NONE',  ( -1.532162547200392799, 0.4000000000000000222, 0.4969210273841810910 ) ) ;
#1439 = CARTESIAN_POINT ( 'NONE',  ( 0.9554435485504344516, 0.000000000000000000, -1.471529103612861045 ) ) ;
#1440 = CARTESIAN_POINT ( 'NONE',  ( -0.4480433542613168618, 0.4000000000000000222, 1.598874739683671775 ) ) ;
#1441 = CARTESIAN_POINT ( 'NONE',  ( -1.375950871885212035, 0.4000000000000000222, -1.554015923793020004 ) ) ;
#1442 = EDGE_CURVE ( 'NONE', #2475, #1383, #604, .T. ) ;
#1443 = ORIENTED_EDGE ( 'NONE', *, *, #2514, .F. ) ;
#1444 = CARTESIAN_POINT ( 'NONE',  ( 0.5639798631855087452, 0.000000000000000000, -0.1570658016828154757 ) ) ;
#1445 = EDGE_LOOP ( 'NONE', ( #1540, #994, #2497, #1764, #1748, #1433, #2016, #2686, #329 ) ) ;
#1446 = CARTESIAN_POINT ( 'NONE',  ( 1.294476455121066349, 0.4000000000000000222, 1.526403891793110423 ) ) ;
#1447 = CARTESIAN_POINT ( 'NONE',  ( 0.4276879417975715247, 0.000000000000000000, 1.380194730201500963 ) ) ;
#1448 = CARTESIAN_POINT ( 'NONE',  ( 0.2506194396225794319, 0.4000000000000000222, 1.621020916612396556 ) ) ;
#1449 = CARTESIAN_POINT ( 'NONE',  ( -1.552422784583370907, -5.421010862427522170E-17, 0.6317195683034605436 ) ) ;
#1450 = VERTEX_POINT ( 'NONE', #1700 ) ;
#1451 = CARTESIAN_POINT ( 'NONE',  ( 0.7659990146665538457, 0.4000000000000000222, -1.670409783054901620 ) ) ;
#1452 = CARTESIAN_POINT ( 'NONE',  ( -0.1099960726071026323, 0.4000000000000000222, 0.3039177389705877697 ) ) ;
#1453 = CARTESIAN_POINT ( 'NONE',  ( -0.6719760071997545881, 0.000000000000000000, 0.9898932463203373722 ) ) ;
#1454 = ORIENTED_EDGE ( 'NONE', *, *, #1697, .T. ) ;
#1455 = CARTESIAN_POINT ( 'NONE',  ( 0.4984500298488964698, 0.4000000000000000222, 0.4804732397369266272 ) ) ;
#1456 = B_SPLINE_CURVE_WITH_KNOTS ( 'NONE', 3,
 ( #1460, #602, #1436, #1217, #1009, #403, #1878, #612, #1447, #363, #589, #1032, #2708, #2696, #825, #1634, #2273, #1669, #2682 ),
 .UNSPECIFIED., .F., .F.,
 ( 4, 1, 1, 1, 1, 1, 1, 1, 1, 1, 1, 1, 1, 1, 1, 1, 4 ),
 ( 0.000000000000000000, 0.1077523682469596900, 0.2071452426522074064, 0.2969483138442861048, 0.3780304158188144137, 0.4512825585524301575, 0.5182903283637457781, 0.5779850840707974058, 0.6325952872249586134, 0.6822273313147136919, 0.7294692836733472907, 0.7734533490268209466, 0.8162333544024433785, 0.8592816379027565787, 0.9041297242198133022, 0.9503035627973761557, 1.000000000000000000 ),
 .UNSPECIFIED. ) ;
#1457 = APPLICATION_CONTEXT ( 'automotive_design' ) ;
#1458 = VERTEX_POINT ( 'NONE', #417 ) ;
#1459 = CARTESIAN_POINT ( 'NONE',  ( -0.4489839690962646457, 0.4000000000000000222, -1.360022850285947715 ) ) ;
#1460 = CARTESIAN_POINT ( 'NONE',  ( 0.5439805772569443754, -5.421010862427522170E-17, 0.5099103840347984917 ) ) ;
#1461 = CARTESIAN_POINT ( 'NONE',  ( 0.1090878237677617990, 0.000000000000000000, -1.213041839790236942 ) ) ;
#1462 = CARTESIAN_POINT ( 'NONE',  ( -1.352622216732949356, -5.421010862427522170E-17, 0.04218593467476654257 ) ) ;
#1463 = CARTESIAN_POINT ( 'NONE',  ( -0.4667361883971740122, -5.421010862427522170E-17, -0.3967824054163042735 ) ) ;
#1464 = CARTESIAN_POINT ( 'NONE',  ( 0.4009425128878277289, 0.000000000000000000, -1.902157243858849656 ) ) ;
#1465 = CARTESIAN_POINT ( 'NONE',  ( 1.439019383604892122, 0.4000000000000000222, 0.4669537915848339105 ) ) ;
#1466 = CARTESIAN_POINT ( 'NONE',  ( -0.4489839690962646457, 0.000000000000000000, -1.360022850285947715 ) ) ;
#1467 = CARTESIAN_POINT ( 'NONE',  ( -0.2592982449298201209, 0.000000000000000000, -0.3989692682105729915 ) ) ;
#1468 = AXIS2_PLACEMENT_3D ( 'NONE', #72, #500, #659 ) ;
#1469 = EDGE_LOOP ( 'NONE', ( #316, #808, #450, #506 ) ) ;
#1470 = CARTESIAN_POINT ( 'NONE',  ( 0.1090878237677617990, 0.4000000000000000222, -1.213041839790236942 ) ) ;
#1471 = CIRCLE ( 'NONE', #202, 3.850000000000000977 ) ;
#1472 = ORIENTED_EDGE ( 'NONE', *, *, #478, .T. ) ;
#1473 = CARTESIAN_POINT ( 'NONE',  ( -1.210307731464790315, 0.000000000000000000, -1.210166929804574742 ) ) ;
#1474 = B_SPLINE_CURVE_WITH_KNOTS ( 'NONE', 3,
 ( #1941, #1318, #892, #1766, #2126, #1750, #2393, #1735, #2601, #691, #2378, #1916, #1333, #503, #2172, #518, #2571, #1527, #462 ),
 .UNSPECIFIED., .F., .F.,
 ( 4, 1, 1, 1, 1, 1, 1, 1, 1, 1, 1, 1, 1, 1, 1, 1, 4 ),
 ( 0.000000000000000000, 0.06617120254882258301, 0.1298390570962446866, 0.1915230172921674745, 0.2519297269549042317, 0.3110286998661392355, 0.3689143960576816705, 0.4260008518890533447, 0.4828414381299239166, 0.5401667504682446941, 0.5986892334199072074, 0.6583061487089869601, 0.7202843008207898690, 0.7851072973354414897, 0.8531128177320792538, 0.9243145363059790398, 1.000000000000000000 ),
 .UNSPECIFIED. ) ;
#1475 = CARTESIAN_POINT ( 'NONE',  ( -1.418585724428991446, -5.421010862427522170E-17, 1.653067191619706833 ) ) ;
#1476 = CARTESIAN_POINT ( 'NONE',  ( 0.4314309185161057658, 0.000000000000000000, -0.8247825516214947195 ) ) ;
#1477 = CARTESIAN_POINT ( 'NONE',  ( -1.502402976625767606, 0.4000000000000000222, 0.3699071092237977143 ) ) ;
#1478 = EDGE_CURVE ( 'NONE', #1211, #344, #1086, .T. ) ;
#1479 = DIRECTION ( 'NONE',  ( 0.000000000000000000, -1.000000000000000000, 0.000000000000000000 ) ) ;
#1480 = PRODUCT_DEFINITION_CONTEXT ( 'detailed design', #1457, 'design' ) ;
#1481 = CARTESIAN_POINT ( 'NONE',  ( 0.000000000000000000, 1.999999999999998224, 0.000000000000000000 ) ) ;
#1482 = CARTESIAN_POINT ( 'NONE',  ( -0.07999714371425648007, -5.421010862427522170E-17, 1.711867468341502496 ) ) ;
#1483 = CARTESIAN_POINT ( 'NONE',  ( 0.07909795447553129299, 0.4000000000000000222, -0.3611283986805062796 ) ) ;
#1484 = ORIENTED_EDGE ( 'NONE', *, *, #382, .F. ) ;
#1485 = DIRECTION ( 'NONE',  ( -0.000000000000000000, -1.000000000000000000, -0.000000000000000000 ) ) ;
#1486 = LINE ( 'NONE', #2323, #1429 ) ;
#1487 = ORIENTED_EDGE ( 'NONE', *, *, #71, .F. ) ;
#1488 = CARTESIAN_POINT ( 'NONE',  ( -0.7380052995987335107, 0.000000000000000000, -1.339961938649163908 ) ) ;
#1489 = CARTESIAN_POINT ( 'NONE',  ( -1.351207402526288570, 0.4000000000000000222, 1.776474992373511919 ) ) ;
#1490 = CARTESIAN_POINT ( 'NONE',  ( 0.5639798631855087452, 0.000000000000000000, -0.1570658016828154757 ) ) ;
#1491 = CARTESIAN_POINT ( 'NONE',  ( 1.254340098241015555, 0.4000000000000000222, 1.632603022451407204 ) ) ;
#1492 = CARTESIAN_POINT ( 'NONE',  ( -1.502402976625767606, -5.421010862427522170E-17, 0.3699071092237977143 ) ) ;
#1493 = CARTESIAN_POINT ( 'NONE',  ( 0.5349276635231340338, -5.421010862427522170E-17, 0.8220596728763570615 ) ) ;
#1494 = B_SPLINE_CURVE_WITH_KNOTS ( 'NONE', 3,
 ( #1791, #1165, #2647, #1390, #2226, #1402, #2198, #141, #974, #1593, #1609 ),
 .UNSPECIFIED., .F., .F.,
 ( 4, 1, 1, 1, 1, 1, 1, 1, 4 ),
 ( 0.000000000000000000, 0.1023972499136073383, 0.2114439992076143915, 0.3255850776792359458, 0.4476818852492995826, 0.5747497670921593027, 0.7094230002827502934, 0.8501012167914955286, 1.000000000000000000 ),
 .UNSPECIFIED. ) ;
#1495 = CARTESIAN_POINT ( 'NONE',  ( 1.439948586856617530, 0.000000000000000000, 0.3729152754241341627 ) ) ;
#1496 = FACE_OUTER_BOUND ( 'NONE', #1665, .T. ) ;
#1497 = ADVANCED_FACE ( 'NONE', ( #1671 ), #1093, .T. ) ;
#1498 = ORIENTED_EDGE ( 'NONE', *, *, #399, .T. ) ;
#1499 = CARTESIAN_POINT ( 'NONE',  ( 0.1917871633323834923, 0.4000000000000000222, -1.152277284137087188 ) ) ;
#1500 = CARTESIAN_POINT ( 'NONE',  ( -1.253418450161674302, 0.4000000000000000222, -1.895657117321613683 ) ) ;
#1501 = ORIENTED_EDGE ( 'NONE', *, *, #1754, .F. ) ;
#1502 = CARTESIAN_POINT ( 'NONE',  ( -0.8620775794044499563, 0.4000000000000000222, -1.312270545943490685 ) ) ;
#1503 = CARTESIAN_POINT ( 'NONE',  ( 0.4276879417975715247, -5.421010862427522170E-17, 1.380194730201500963 ) ) ;
#1504 = CARTESIAN_POINT ( 'NONE',  ( 0.01794342795822487929, 0.000000000000000000, -1.266909773347850932 ) ) ;
#1505 = CARTESIAN_POINT ( 'NONE',  ( 1.156076827660980522, 0.4000000000000000222, 1.829024614772599255 ) ) ;
#1506 = CARTESIAN_POINT ( 'NONE',  ( -1.552422784583370907, 0.4000000000000000222, 0.6317195683034605436 ) ) ;
#1507 = CARTESIAN_POINT ( 'NONE',  ( -1.182553433213008764, 0.4000000000000000222, 1.995967223017790060 ) ) ;
#1508 = CARTESIAN_POINT ( 'NONE',  ( 0.5335947139190166943, 0.000000000000000000, -1.833716716208327879 ) ) ;
#1509 = CARTESIAN_POINT ( 'NONE',  ( -0.1707270482749225771, 0.000000000000000000, -0.3968604694401473010 ) ) ;
#1510 = EDGE_CURVE ( 'NONE', #1450, #857, #2274, .T. ) ;
#1511 = CARTESIAN_POINT ( 'NONE',  ( -0.9724629371584093684, 0.000000000000000000, -1.285703117504754633 ) ) ;
#1512 = VECTOR ( 'NONE', #2220, 1000.000000000000000 ) ;
#1513 = CARTESIAN_POINT ( 'NONE',  ( -0.1523311797353376074, 0.000000000000000000, 1.710567940269300369 ) ) ;
#1514 = FACE_BOUND ( 'NONE', #776, .T. ) ;
#1515 = CIRCLE ( 'NONE', #293, 4.049999999999998046 ) ;
#1516 = ORIENTED_EDGE ( 'NONE', *, *, #222, .F. ) ;
#1517 = CARTESIAN_POINT ( 'NONE',  ( -1.375900237185846642, 0.4000000000000000222, -1.458968753449324529 ) ) ;
#1518 = CARTESIAN_POINT ( 'NONE',  ( 0.4276879417975715247, 0.4000000000000000222, 1.380194730201500963 ) ) ;
#1519 = CARTESIAN_POINT ( 'NONE',  ( -0.6400397581694484694, 0.000000000000000000, 1.277652933510549982 ) ) ;
#1520 = CARTESIAN_POINT ( 'NONE',  ( -0.3866859182099619541, 0.000000000000000000, 0.3495353627996934387 ) ) ;
#1521 = B_SPLINE_SURFACE_WITH_KNOTS ( 'NONE', 3, 1, ( 
 ( #1255, #2093 ),
 ( #1047, #2400 ),
 ( #1725, #538 ),
 ( #2150, #51 ),
 ( #1757, #2606 ),
 ( #2370, #1117 ),
 ( #525, #2383 ),
 ( #1946, #883 ),
 ( #1960, #2560 ),
 ( #1310, #1519 ),
 ( #509, #1534 ),
 ( #2592, #1087 ),
 ( #682, #113 ) ),
 .UNSPECIFIED., .F., .F., .F.,
 ( 4, 1, 1, 1, 1, 1, 1, 1, 1, 1, 4 ),
 ( 2, 2 ),
 ( 0.000000000000000000, 0.07003506484218526007, 0.1350303964077806673, 0.1976502456875587899, 0.2566526108378400228, 0.3697232058880723371, 0.4820917017350888067, 0.5991835400601204231, 0.7230375072162296135, 0.8560105180344077525, 1.000000000000000000 ),
 ( 0.000000000000000000, 1.000000000000000000 ),
 .UNSPECIFIED. ) ;
#1522 = CARTESIAN_POINT ( 'NONE',  ( 0.5349276635231340338, 0.4000000000000000222, 0.8220596728763570615 ) ) ;
#1523 = CARTESIAN_POINT ( 'NONE',  ( -1.514909160381537889, 0.4000000000000000222, 1.380304408931673832 ) ) ;
#1524 = CARTESIAN_POINT ( 'NONE',  ( -0.5003609701475891791, 0.4000000000000000222, -1.358901495555705941 ) ) ;
#1525 = EDGE_LOOP ( 'NONE', ( #1917, #1798, #1057, #663 ) ) ;
#1526 = CARTESIAN_POINT ( 'NONE',  ( -0.7380052995987335107, 0.000000000000000000, -1.339961938649163908 ) ) ;
#1527 = CARTESIAN_POINT ( 'NONE',  ( -0.1000711911287274908, 0.4000000000000000222, 2.414635325530706034 ) ) ;
#1528 = EDGE_CURVE ( 'NONE', #1705, #1139, #856, .T. ) ;
#1529 = CARTESIAN_POINT ( 'NONE',  ( 0.9624851087167827224, 0.000000000000000000, 2.078535229959157959 ) ) ;
#1530 = VERTEX_POINT ( 'NONE', #1647 ) ;
#1531 = CARTESIAN_POINT ( 'NONE',  ( -0.4459840762069799402, 0.4000000000000000222, -2.063997714971405273 ) ) ;
#1532 = EDGE_CURVE ( 'NONE', #1331, #1888, #1231, .T. ) ;
#1533 = CARTESIAN_POINT ( 'NONE',  ( 0.5439805772569443754, -5.421010862427522170E-17, 0.5099103840347984917 ) ) ;
#1534 = CARTESIAN_POINT ( 'NONE',  ( -0.6673882968825163298, 0.000000000000000000, 1.138404434551494759 ) ) ;
#1535 = CARTESIAN_POINT ( 'NONE',  ( 1.254340098241015555, -5.421010862427522170E-17, 1.632603022451407204 ) ) ;
#1536 = CARTESIAN_POINT ( 'NONE',  ( -0.2851689761535010637, 0.4000000000000000222, 1.683464174164341465 ) ) ;
#1537 = CARTESIAN_POINT ( 'NONE',  ( 5.327213576290986242E-16, 23.00000000000000000, 4.349999999999999645 ) ) ;
#1538 = CARTESIAN_POINT ( 'NONE',  ( -1.079813959346647811, 0.000000000000000000, 2.090398004051108316 ) ) ;
#1539 = CARTESIAN_POINT ( 'NONE',  ( -0.04153203907931132810, 0.000000000000000000, -0.3842261076250225726 ) ) ;
#1540 = ORIENTED_EDGE ( 'NONE', *, *, #1227, .T. ) ;
#1541 = CARTESIAN_POINT ( 'NONE',  ( -0.2592982449298201209, -0.000000000000000000, -0.3989692682105729915 ) ) ;
#1542 = CARTESIAN_POINT ( 'NONE',  ( -0.6673882968825163298, 0.000000000000000000, 1.138404434551494759 ) ) ;
#1543 = CARTESIAN_POINT ( 'NONE',  ( -1.413953075475527399, 0.4000000000000000222, 0.1417532936502236274 ) ) ;
#1544 = CARTESIAN_POINT ( 'NONE',  ( -1.253418450161674302, 0.000000000000000000, -1.895657117321613683 ) ) ;
#1545 = EDGE_LOOP ( 'NONE', ( #1237, #1076, #765, #563 ) ) ;
#1546 = CARTESIAN_POINT ( 'NONE',  ( 1.379464826683171275, 0.4000000000000000222, -0.4536713355799317227 ) ) ;
#1547 = DIRECTION ( 'NONE',  ( 0.000000000000000000, 0.000000000000000000, 1.000000000000000000 ) ) ;
#1548 = CARTESIAN_POINT ( 'NONE',  ( -0.1707270482749225771, 0.4000000000000000222, -0.3968604694401473010 ) ) ;
#1549 = CARTESIAN_POINT ( 'NONE',  ( 1.032901136071158188, 0.4000000000000000222, 2.001375883604868733 ) ) ;
#1550 = DIRECTION ( 'NONE',  ( -0.000000000000000000, -1.000000000000000000, -0.000000000000000000 ) ) ;
#1551 = ADVANCED_FACE ( 'NONE', ( #495 ), #304, .T. ) ;
#1552 = CARTESIAN_POINT ( 'NONE',  ( 0.2563256360589597493, 0.000000000000000000, -1.959957444139459604 ) ) ;
#1553 = CARTESIAN_POINT ( 'NONE',  ( -1.182553433213008764, 0.000000000000000000, 1.995967223017790060 ) ) ;
#1554 = B_SPLINE_SURFACE_WITH_KNOTS ( 'NONE', 3, 1, ( 
 ( #2373, #442 ),
 ( #498, #2330 ),
 ( #1091, #2138 ),
 ( #1522, #1493 ),
 ( #904, #456 ),
 ( #686, #1727 ),
 ( #1326, #277 ),
 ( #68, #2164 ),
 ( #470, #1924 ),
 ( #1936, #700 ),
 ( #2153, #291 ),
 ( #1686, #1894 ),
 ( #1715, #12 ),
 ( #2358, #1909 ),
 ( #486, #1063 ),
 ( #2121, #53 ),
 ( #843, #2315 ),
 ( #1314, #2343 ),
 ( #263, #2522 ) ),
 .UNSPECIFIED., .F., .F., .F.,
 ( 4, 1, 1, 1, 1, 1, 1, 1, 1, 1, 1, 1, 1, 1, 1, 1, 4 ),
 ( 2, 2 ),
 ( 0.000000000000000000, 0.1077523682469596900, 0.2071452426522074064, 0.2969483138442861048, 0.3780304158188144137, 0.4512825585524301575, 0.5182903283637457781, 0.5779850840707974058, 0.6325952872249586134, 0.6822273313147136919, 0.7294692836733472907, 0.7734533490268209466, 0.8162333544024433785, 0.8592816379027565787, 0.9041297242198133022, 0.9503035627973761557, 1.000000000000000000 ),
 ( 0.000000000000000000, 1.000000000000000000 ),
 .UNSPECIFIED. ) ;
#1555 = CARTESIAN_POINT ( 'NONE',  ( -1.307314705566734681, 0.4000000000000000222, -1.858696833624117861 ) ) ;
#1556 = CARTESIAN_POINT ( 'NONE',  ( -1.210307731464790315, 0.000000000000000000, -1.210166929804574742 ) ) ;
#1557 = CARTESIAN_POINT ( 'NONE',  ( -1.374190298776963859, 0.4000000000000000222, -1.656319495616811022 ) ) ;
#1558 = CARTESIAN_POINT ( 'NONE',  ( -1.352622216732949356, 0.000000000000000000, 0.04218593467476654257 ) ) ;
#1559 = CARTESIAN_POINT ( 'NONE',  ( -1.003266310738967659, 0.4000000000000000222, -0.2612711618305763595 ) ) ;
#1560 = CARTESIAN_POINT ( 'NONE',  ( -0.3190659712566031869, 0.000000000000000000, -1.356927209224347175 ) ) ;
#1561 = ORIENTED_EDGE ( 'NONE', *, *, #2484, .T. ) ;
#1562 = CARTESIAN_POINT ( 'NONE',  ( 1.326996471941946032, 0.4000000000000000222, -0.6821389398791203318 ) ) ;
#1563 = VECTOR ( 'NONE', #146, 1000.000000000000000 ) ;
#1564 = PLANE ( 'NONE',  #1392 ) ;
#1565 = CIRCLE ( 'NONE', #1690, 4.049999999999998046 ) ;
#1566 = CARTESIAN_POINT ( 'NONE',  ( -0.2592982449298201209, 0.4000000000000000222, -0.3989692682105729915 ) ) ;
#1567 = CARTESIAN_POINT ( 'NONE',  ( -0.4045870088085526395, 0.4000000000000000222, -1.358964974890988442 ) ) ;
#1568 = CARTESIAN_POINT ( 'NONE',  ( 0.8652339308156424824, 0.000000000000000000, -1.574407127686787256 ) ) ;
#1569 = ADVANCED_FACE ( 'NONE', ( #1977 ), #1762, .T. ) ;
#1570 = CARTESIAN_POINT ( 'NONE',  ( 1.415515547182151224, 0.000000000000000000, -0.1752607443248818120 ) ) ;
#1571 = CARTESIAN_POINT ( 'NONE',  ( -1.317211440962287039, -5.421010862427522170E-17, -1.215366684716169488 ) ) ;
#1572 = CARTESIAN_POINT ( 'NONE',  ( 1.294476455121066349, 0.4000000000000000222, 1.526403891793110423 ) ) ;
#1573 = CARTESIAN_POINT ( 'NONE',  ( -0.6673882968825163298, 0.4000000000000000222, 1.138404434551494759 ) ) ;
#1574 = CARTESIAN_POINT ( 'NONE',  ( -1.108567772874986979, 0.4000000000000000222, -0.2023118092157738523 ) ) ;
#1575 = CARTESIAN_POINT ( 'NONE',  ( -0.1962527395597513657, 0.000000000000000000, -1.338787466646876867 ) ) ;
#1576 = ORIENTED_EDGE ( 'NONE', *, *, #1793, .F. ) ;
#1577 = CARTESIAN_POINT ( 'NONE',  ( -0.8635098788160613381, 0.4000000000000000222, -2.020461507988187577 ) ) ;
#1578 =( NAMED_UNIT ( * ) PLANE_ANGLE_UNIT ( ) SI_UNIT ( $, .RADIAN. ) );
#1579 = DIRECTION ( 'NONE',  ( -0.000000000000000000, -1.000000000000000000, -0.000000000000000000 ) ) ;
#1580 = CARTESIAN_POINT ( 'NONE',  ( -0.4489839690962646457, 0.4000000000000000222, -1.360022850285947715 ) ) ;
#1581 = CARTESIAN_POINT ( 'NONE',  ( 0.1090878237677617990, 0.4000000000000000222, -1.213041839790236942 ) ) ;
#1582 = CARTESIAN_POINT ( 'NONE',  ( -0.3049891104106028372, 0.4000000000000000222, -0.4000571257148696214 ) ) ;
#1583 = CARTESIAN_POINT ( 'NONE',  ( -0.3907649687607353539, 0.4000000000000000222, 2.390247743076778786 ) ) ;
#1584 = CARTESIAN_POINT ( 'NONE',  ( -0.2851689761535010637, 0.000000000000000000, 1.683464174164341465 ) ) ;
#1585 = CARTESIAN_POINT ( 'NONE',  ( -0.6704790565762432930, 0.4000000000000000222, 0.9364897090696672199 ) ) ;
#1586 = CARTESIAN_POINT ( 'NONE',  ( -0.3049891104106028372, 0.4000000000000000222, -0.4000571257148696214 ) ) ;
#1587 = CARTESIAN_POINT ( 'NONE',  ( -0.07999714371425648007, 0.000000000000000000, 1.711867468341502496 ) ) ;
#1588 = ORIENTED_EDGE ( 'NONE', *, *, #1532, .T. ) ;
#1589 = CARTESIAN_POINT ( 'NONE',  ( 0.8652339308156424824, 0.4000000000000000222, -1.574407127686787256 ) ) ;
#1590 = CARTESIAN_POINT ( 'NONE',  ( -0.2185983068559493314, -5.421010862427522170E-17, 2.412292815867060458 ) ) ;
#1591 = CARTESIAN_POINT ( 'NONE',  ( 0.4724286826564967345, 0.4000000000000000222, -0.7266152200451843068 ) ) ;
#1592 = FACE_OUTER_BOUND ( 'NONE', #972, .T. ) ;
#1593 = CARTESIAN_POINT ( 'NONE',  ( -0.2592982449298201209, 0.4000000000000000222, -0.3989692682105729915 ) ) ;
#1594 = CARTESIAN_POINT ( 'NONE',  ( -0.3190659712566031869, 0.000000000000000000, -1.356927209224347175 ) ) ;
#1595 = CARTESIAN_POINT ( 'NONE',  ( -1.317211440962287039, 0.000000000000000000, -1.215366684716169488 ) ) ;
#1596 = CARTESIAN_POINT ( 'NONE',  ( -0.9857364821605892891, 0.4000000000000000222, -1.993820906476519106 ) ) ;
#1597 = CARTESIAN_POINT ( 'NONE',  ( 0.5335947139190166943, 0.4000000000000000222, -1.833716716208327879 ) ) ;
#1598 = ORIENTED_EDGE ( 'NONE', *, *, #2187, .F. ) ;
#1599 = CARTESIAN_POINT ( 'NONE',  ( -0.4489839690962646457, 0.000000000000000000, -1.360022850285947715 ) ) ;
#1600 = CARTESIAN_POINT ( 'NONE',  ( -1.473830592346843549, 0.000000000000000000, 1.520754457498419754 ) ) ;
#1601 = FACE_OUTER_BOUND ( 'NONE', #546, .T. ) ;
#1602 = EDGE_CURVE ( 'NONE', #1030, #2366, #2593, .T. ) ;
#1603 = ORIENTED_EDGE ( 'NONE', *, *, #804, .F. ) ;
#1604 = CARTESIAN_POINT ( 'NONE',  ( -0.2538323544640959106, 0.000000000000000000, -2.060112999032434278 ) ) ;
#1605 = AXIS2_PLACEMENT_3D ( 'NONE', #978, #134, #356 ) ;
#1606 = ORIENTED_EDGE ( 'NONE', *, *, #1008, .F. ) ;
#1607 = CARTESIAN_POINT ( 'NONE',  ( -0.6704790565762432930, 0.000000000000000000, 0.9364897090696672199 ) ) ;
#1608 = VECTOR ( 'NONE', #1773, 1000.000000000000000 ) ;
#1609 = CARTESIAN_POINT ( 'NONE',  ( -0.3049891104106028372, 0.4000000000000000222, -0.4000571257148696214 ) ) ;
#1610 = CARTESIAN_POINT ( 'NONE',  ( -0.5958420001181856662, 0.4000000000000000222, 1.402461871737567423 ) ) ;
#1611 = CARTESIAN_POINT ( 'NONE',  ( -1.366042693414577958, 0.000000000000000000, -1.315757319754785160 ) ) ;
#1612 = CARTESIAN_POINT ( 'NONE',  ( -1.338090693864876668, -5.421010862427522170E-17, -1.236667642491426244 ) ) ;
#1613 = CARTESIAN_POINT ( 'NONE',  ( -0.8393926159034127421, 0.000000000000000000, 2.246968185430850085 ) ) ;
#1614 = CARTESIAN_POINT ( 'NONE',  ( -0.4459840762069799402, 0.4000000000000000222, -2.063997714971405273 ) ) ;
#1615 = B_SPLINE_CURVE_WITH_KNOTS ( 'NONE', 3,
 ( #1749, #704, #2170, #1096, #877, #1733, #531, #2554, #2570, #1126, #1968 ),
 .UNSPECIFIED., .F., .F.,
 ( 4, 1, 1, 1, 1, 1, 1, 1, 4 ),
 ( 0.000000000000000000, 0.05686076685800781072, 0.1366447427037812412, 0.2383745323110462444, 0.3575742139382836471, 0.4949540685781515514, 0.6469980086531745833, 0.8150498737231735014, 1.000000000000000000 ),
 .UNSPECIFIED. ) ;
#1616 = CARTESIAN_POINT ( 'NONE',  ( 1.032901136071158188, 0.4000000000000000222, 2.001375883604868733 ) ) ;
#1617 = ORIENTED_EDGE ( 'NONE', *, *, #1431, .F. ) ;
#1618 = CARTESIAN_POINT ( 'NONE',  ( -0.1099960726071026323, 0.4000000000000000222, 0.3039177389705877697 ) ) ;
#1619 = EDGE_CURVE ( 'NONE', #861, #90, #2564, .T. ) ;
#1620 = EDGE_LOOP ( 'NONE', ( #587, #1498, #1305, #788 ) ) ;
#1621 = CARTESIAN_POINT ( 'NONE',  ( -0.6676471504048434591, 0.4000000000000000222, 0.8354617898187258751 ) ) ;
#1622 = EDGE_CURVE ( 'NONE', #2045, #501, #676, .T. ) ;
#1623 = CARTESIAN_POINT ( 'NONE',  ( -0.05464761103668220460, 0.4000000000000000222, 1.710938786717787430 ) ) ;
#1624 = CARTESIAN_POINT ( 'NONE',  ( -1.371907056386104884, 0.000000000000000000, -1.377873112536419864 ) ) ;
#1625 = DIRECTION ( 'NONE',  ( 0.000000000000000000, -1.000000000000000000, 0.000000000000000000 ) ) ;
#1626 = B_SPLINE_CURVE_WITH_KNOTS ( 'NONE', 3,
 ( #2046, #1812, #2669, #970, #2439, #2476, #1434, #982, #345, #2464, #2692, #2270, #1589, #1213, #1399, #1173, #2017, #2643, #2234, #360, #1185, #2032, #1824 ),
 .UNSPECIFIED., .F., .F.,
 ( 4, 1, 1, 1, 1, 1, 1, 1, 1, 1, 1, 1, 1, 1, 1, 1, 1, 1, 1, 1, 4 ),
 ( 0.000000000000000000, 0.07652262335559163742, 0.1557830427824195285, 0.2358560412428524489, 0.3158077551929586724, 0.3553858957716434785, 0.3950609729661669900, 0.4345316960993197974, 0.4739562935907729035, 0.5131184862776989597, 0.5517975934378764880, 0.5906945716740334973, 0.6297129848767822891, 0.6694196428081756745, 0.7102053241938099948, 0.7524308607195875354, 0.7965776473677161906, 0.8429097426958467310, 0.8918766781785573139, 0.9442270720201695333, 1.000000000000000000 ),
 .UNSPECIFIED. ) ;
#1627 = DIRECTION ( 'NONE',  ( -1.000000000000000000, 0.000000000000000000, 0.000000000000000000 ) ) ;
#1628 = CARTESIAN_POINT ( 'NONE',  ( -0.1000711911287274908, -0.000000000000000000, 2.414635325530706034 ) ) ;
#1629 = CARTESIAN_POINT ( 'NONE',  ( 1.340000090890860474, 0.000000000000000000, 1.375980495136762682 ) ) ;
#1630 = EDGE_LOOP ( 'NONE', ( #61, #694, #2625, #823, #1484, #756, #459, #192, #2031 ) ) ;
#1631 = CARTESIAN_POINT ( 'NONE',  ( -0.4459840762069799402, 0.4000000000000000222, -2.063997714971405273 ) ) ;
#1632 = ORIENTED_EDGE ( 'NONE', *, *, #2700, .F. ) ;
#1633 = CARTESIAN_POINT ( 'NONE',  ( 0.6000151580086728886, 0.000000000000000000, 2.308792683692472814 ) ) ;
#1634 = CARTESIAN_POINT ( 'NONE',  ( 0.06575301737606042973, 0.000000000000000000, 1.699887294690466621 ) ) ;
#1635 = CARTESIAN_POINT ( 'NONE',  ( 0.2647485321581982687, 0.000000000000000000, -1.082098490292699555 ) ) ;
#1636 = DIRECTION ( 'NONE',  ( -0.000000000000000000, -1.000000000000000000, -0.000000000000000000 ) ) ;
#1637 = EDGE_CURVE ( 'NONE', #2450, #1450, #1971, .T. ) ;
#1638 = CARTESIAN_POINT ( 'NONE',  ( 1.435292451692306015, 0.000000000000000000, 0.1006259711159401687 ) ) ;
#1639 = CARTESIAN_POINT ( 'NONE',  ( -1.546621626749046241, 0.000000000000000000, 1.233732247392242520 ) ) ;
#1640 = CARTESIAN_POINT ( 'NONE',  ( -1.263954870685253029, 0.4000000000000000222, -1.205028384339575709 ) ) ;
#1641 = CARTESIAN_POINT ( 'NONE',  ( 0.9554435485504344516, 0.4000000000000000222, -1.471529103612861045 ) ) ;
#1642 = ORIENTED_EDGE ( 'NONE', *, *, #1401, .F. ) ;
#1643 = CARTESIAN_POINT ( 'NONE',  ( 1.167641881833676454, 0.4000000000000000222, -1.118290273087891418 ) ) ;
#1644 = CARTESIAN_POINT ( 'NONE',  ( -0.6704067497271398723, 0.4000000000000000222, 1.040692506906372383 ) ) ;
#1645 = CARTESIAN_POINT ( 'NONE',  ( -0.07999714371425648007, 0.3999999999999999667, 1.711867468341502496 ) ) ;
#1646 = DIRECTION ( 'NONE',  ( 0.000000000000000000, 0.000000000000000000, -1.000000000000000000 ) ) ;
#1647 = CARTESIAN_POINT ( 'NONE',  ( -0.07999714371425648007, 0.3999999999999999667, 1.711867468341502496 ) ) ;
#1648 = B_SPLINE_CURVE_WITH_KNOTS ( 'NONE', 3,
 ( #1580, #2196, #1375, #332, #764, #2425, #347, #1991, #1162, #2005, #2632, #562, #1591, #2019, #2235, #361, #1186, #152, #2678 ),
 .UNSPECIFIED., .F., .F.,
 ( 4, 1, 1, 1, 1, 1, 1, 1, 1, 1, 1, 1, 1, 1, 1, 1, 4 ),
 ( 0.000000000000000000, 0.07477825837011099763, 0.1440439660890402984, 0.2086263953084034894, 0.2700646083433936306, 0.3292136887618210550, 0.3866169340887301575, 0.4426293903463470181, 0.4992997688124813371, 0.5569415840805832518, 0.6149679642114513900, 0.6744202797497125257, 0.7359123848388289257, 0.7992717941192870601, 0.8641855423886914966, 0.9313634008645771400, 1.000000000000000000 ),
 .UNSPECIFIED. ) ;
#1649 = VECTOR ( 'NONE', #2503, 1000.000000000000000 ) ;
#1650 = CARTESIAN_POINT ( 'NONE',  ( 1.435292451692306015, 0.4000000000000000222, 0.1006259711159401687 ) ) ;
#1651 = ADVANCED_FACE ( 'NONE', ( #1942, #1514 ), #2190, .T. ) ;
#1652 = CIRCLE ( 'NONE', #1913, 3.049999999999999822 ) ;
#1653 = CARTESIAN_POINT ( 'NONE',  ( -0.7380052995987335107, 0.4000000000000000222, -1.339961938649163908 ) ) ;
#1654 = CARTESIAN_POINT ( 'NONE',  ( -0.3049891104106028372, 0.000000000000000000, -0.4000571257148696214 ) ) ;
#1655 = ORIENTED_EDGE ( 'NONE', *, *, #836, .T. ) ;
#1656 = DIRECTION ( 'NONE',  ( 0.000000000000000000, 1.000000000000000000, 0.000000000000000000 ) ) ;
#1657 = ORIENTED_EDGE ( 'NONE', *, *, #2499, .T. ) ;
#1658 = CARTESIAN_POINT ( 'NONE',  ( 1.254340098241015555, 0.4000000000000000222, 1.632603022451407204 ) ) ;
#1659 = DIRECTION ( 'NONE',  ( 0.000000000000000000, 0.000000000000000000, 1.000000000000000000 ) ) ;
#1660 = CARTESIAN_POINT ( 'NONE',  ( -0.3190659712566031869, 0.000000000000000000, -1.356927209224347175 ) ) ;
#1661 = CARTESIAN_POINT ( 'NONE',  ( -0.4667361883971740122, 0.4000000000000000222, -0.3967824054163042735 ) ) ;
#1662 = CARTESIAN_POINT ( 'NONE',  ( 0.5335947139190166943, 0.000000000000000000, -1.833716716208327879 ) ) ;
#1663 = CARTESIAN_POINT ( 'NONE',  ( 0.000000000000000000, 20.50000000000001066, -4.349999999999999645 ) ) ;
#1664 = CARTESIAN_POINT ( 'NONE',  ( -0.04153203907931132810, 0.000000000000000000, -0.3842261076250225726 ) ) ;
#1665 = EDGE_LOOP ( 'NONE', ( #2603, #1005, #2090, #310 ) ) ;
#1666 = CARTESIAN_POINT ( 'NONE',  ( 0.5439805772569443754, -5.421010862427522170E-17, 0.5099103840347984917 ) ) ;
#1667 = EDGE_LOOP ( 'NONE', ( #2324, #1738 ) ) ;
#1668 = CARTESIAN_POINT ( 'NONE',  ( -1.263954870685253029, 0.4000000000000000222, -1.205028384339575709 ) ) ;
#1669 = CARTESIAN_POINT ( 'NONE',  ( -0.05464761103668220460, -0.000000000000000000, 1.710938786717787430 ) ) ;
#1670 = CARTESIAN_POINT ( 'NONE',  ( 0.5272261416266849077, 0.000000000000000000, -0.5113734547950239406 ) ) ;
#1671 = FACE_OUTER_BOUND ( 'NONE', #492, .T. ) ;
#1672 = CARTESIAN_POINT ( 'NONE',  ( -0.3603673337797280718, 0.4000000000000000222, -0.3989359419851677413 ) ) ;
#1673 = FACE_OUTER_BOUND ( 'NONE', #2219, .T. ) ;
#1674 = CARTESIAN_POINT ( 'NONE',  ( 1.032901136071158188, 0.000000000000000000, 2.001375883604868733 ) ) ;
#1675 = CARTESIAN_POINT ( 'NONE',  ( -0.8620775794044499563, 0.4000000000000000222, -1.312270545943490685 ) ) ;
#1676 = DIRECTION ( 'NONE',  ( 0.000000000000000000, -1.000000000000000000, 0.000000000000000000 ) ) ;
#1677 = ORIENTED_EDGE ( 'NONE', *, *, #2057, .T. ) ;
#1678 = CARTESIAN_POINT ( 'NONE',  ( -0.07999714371425648007, -5.421010862427522170E-17, 1.711867468341502496 ) ) ;
#1679 = EDGE_CURVE ( 'NONE', #1211, #31, #1143, .T. ) ;
#1680 = PRODUCT_DEFINITION_SHAPE ( 'NONE', 'NONE',  #1160 ) ;
#1681 = ORIENTED_EDGE ( 'NONE', *, *, #2587, .F. ) ;
#1682 = CARTESIAN_POINT ( 'NONE',  ( -0.5984208311795295998, 0.000000000000000000, -1.356761240446124894 ) ) ;
#1683 = CARTESIAN_POINT ( 'NONE',  ( -0.07999714371425648007, -5.421010862427522170E-17, 1.711867468341502496 ) ) ;
#1684 = CARTESIAN_POINT ( 'NONE',  ( 0.4276879417975715247, 0.4000000000000000222, 1.380194730201500963 ) ) ;
#1685 = CARTESIAN_POINT ( 'NONE',  ( -1.200713819662013959, 0.4000000000000000222, -0.1301310324529638685 ) ) ;
#1686 = CARTESIAN_POINT ( 'NONE',  ( 0.3024053494327267888, 0.4000000000000000222, 1.575917268503143287 ) ) ;
#1687 = CARTESIAN_POINT ( 'NONE',  ( 1.439948586856617530, 0.4000000000000000222, 0.3729152754241341627 ) ) ;
#1688 = CARTESIAN_POINT ( 'NONE',  ( -0.8620775794044499563, 0.000000000000000000, -1.312270545943490685 ) ) ;
#1689 = CARTESIAN_POINT ( 'NONE',  ( -0.3120596014231357129, 0.000000000000000000, 0.3267051093652464377 ) ) ;
#1690 = AXIS2_PLACEMENT_3D ( 'NONE', #1178, #769, #782 ) ;
#1691 = ORIENTED_EDGE ( 'NONE', *, *, #2654, .T. ) ;
#1692 = CARTESIAN_POINT ( 'NONE',  ( 0.01794342795822487929, 0.4000000000000000222, -1.266909773347850932 ) ) ;
#1693 = MANIFOLD_SOLID_BREP ( 'Cut-Extrude1', #2047 ) ;
#1694 = CARTESIAN_POINT ( 'NONE',  ( 0.8822520609014464776, 0.000000000000000000, 2.146210584722230585 ) ) ;
#1695 = EDGE_LOOP ( 'NONE', ( #1655, #413, #1837, #954 ) ) ;
#1696 = CARTESIAN_POINT ( 'NONE',  ( -0.2494678708595151617, 0.4000000000000000222, 0.3136800052864326394 ) ) ;
#1697 = EDGE_CURVE ( 'NONE', #390, #585, #67, .T. ) ;
#1698 = CARTESIAN_POINT ( 'NONE',  ( 0.5439805772569443754, 0.4000000000000000222, 0.5099103840347984917 ) ) ;
#1699 = LINE ( 'NONE', #416, #1649 ) ;
#1700 = CARTESIAN_POINT ( 'NONE',  ( -1.567944016799427631, 0.4000000000000000222, 0.9218956741632194918 ) ) ;
#1701 = ADVANCED_FACE ( 'NONE', ( #1751 ), #1708, .F. ) ;
#1702 = CARTESIAN_POINT ( 'NONE',  ( -1.567944016799427631, 0.4000000000000000222, 0.9218956741632194918 ) ) ;
#1703 = CARTESIAN_POINT ( 'NONE',  ( 0.4898002485905206260, 0.4000000000000000222, 2.347963194754815852 ) ) ;
#1704 = FACE_OUTER_BOUND ( 'NONE', #1319, .T. ) ;
#1705 = VERTEX_POINT ( 'NONE', #2541 ) ;
#1706 = CARTESIAN_POINT ( 'NONE',  ( 0.4724286826564967345, 0.4000000000000000222, -0.7266152200451843068 ) ) ;
#1707 = DIRECTION ( 'NONE',  ( -0.000000000000000000, -1.000000000000000000, 0.000000000000000000 ) ) ;
#1708 = PLANE ( 'NONE',  #2565 ) ;
#1709 = ORIENTED_EDGE ( 'NONE', *, *, #836, .F. ) ;
#1710 = CARTESIAN_POINT ( 'NONE',  ( -0.6458825016524325502, 0.4000000000000000222, 0.6936783553538597991 ) ) ;
#1711 = DIRECTION ( 'NONE',  ( 0.000000000000000000, 0.000000000000000000, 1.000000000000000000 ) ) ;
#1712 = CARTESIAN_POINT ( 'NONE',  ( 0.1314180929110953522, 0.4000000000000000222, 1.680005900596513557 ) ) ;
#1713 = CARTESIAN_POINT ( 'NONE',  ( 0.3491537589738989977, 0.4000000000000000222, 1.520925456130124420 ) ) ;
#1714 = CARTESIAN_POINT ( 'NONE',  ( 0.1049449310554575188, -5.421010862427522170E-17, 2.413987374189318746 ) ) ;
#1715 = CARTESIAN_POINT ( 'NONE',  ( 0.2506194396225794319, 0.4000000000000000222, 1.621020916612396556 ) ) ;
#1716 = ADVANCED_FACE ( 'NONE', ( #254 ), #810, .F. ) ;
#1717 = CARTESIAN_POINT ( 'NONE',  ( -1.564565765669633457, 0.4000000000000000222, 1.080004890390053207 ) ) ;
#1718 = B_SPLINE_CURVE_WITH_KNOTS ( 'NONE', 3,
 ( #1415, #2430, #170, #1624, #1611, #1804, #1844, #1595, #335, #2457, #578 ),
 .UNSPECIFIED., .F., .F.,
 ( 4, 1, 1, 1, 1, 1, 1, 1, 4 ),
 ( 0.000000000000000000, 0.2540826451541937092, 0.4492020162846193654, 0.6006585402341811930, 0.7155392436497926001, 0.8027504545536804370, 0.8673103169173244087, 0.9305369411631959631, 0.9999999999999998890 ),
 .UNSPECIFIED. ) ;
#1719 = LINE ( 'NONE', #1330, #70 ) ;
#1720 = CARTESIAN_POINT ( 'NONE',  ( 0.1920494516687106801, 0.000000000000000000, -0.3300499102339319868 ) ) ;
#1721 = CARTESIAN_POINT ( 'NONE',  ( -0.3049891104106028372, 0.000000000000000000, -0.4000571257148696214 ) ) ;
#1722 = ORIENTED_EDGE ( 'NONE', *, *, #497, .T. ) ;
#1723 = CARTESIAN_POINT ( 'NONE',  ( -0.4489839690962646457, 0.000000000000000000, -1.360022850285947715 ) ) ;
#1724 = CARTESIAN_POINT ( 'NONE',  ( -1.473830592346843549, 0.4000000000000000222, 1.520754457498419754 ) ) ;
#1725 = CARTESIAN_POINT ( 'NONE',  ( -0.1523311797353376074, 0.4000000000000000222, 1.710567940269300369 ) ) ;
#1726 = CARTESIAN_POINT ( 'NONE',  ( 1.099110312187802529, -5.421010862427522170E-17, 1.919408476514459894 ) ) ;
#1727 = CARTESIAN_POINT ( 'NONE',  ( 0.5067871525177873870, -5.421010862427522170E-17, 1.083132680120335589 ) ) ;
#1728 = CARTESIAN_POINT ( 'NONE',  ( -1.351207402526288570, 0.4000000000000000222, 1.776474992373511919 ) ) ;
#1729 = ADVANCED_FACE ( 'NONE', ( #1264 ), #2440, .T. ) ;
#1730 = CARTESIAN_POINT ( 'NONE',  ( 0.1920494516687106801, 0.4000000000000000222, -0.3300499102339319868 ) ) ;
#1731 = B_SPLINE_SURFACE_WITH_KNOTS ( 'NONE', 3, 1, ( 
 ( #140, #973 ),
 ( #1814, #1607 ),
 ( #1621, #564 ),
 ( #153, #2659 ),
 ( #779, #1411 ),
 ( #1840, #2671 ),
 ( #2078, #1031 ),
 ( #22, #866 ),
 ( #634, #2105 ),
 ( #35, #2707 ),
 ( #2117, #1877 ),
 ( #414, #1918 ),
 ( #2293, #824 ) ),
 .UNSPECIFIED., .F., .F., .F.,
 ( 4, 1, 1, 1, 1, 1, 1, 1, 1, 1, 4 ),
 ( 2, 2 ),
 ( 0.000000000000000000, 0.1565833154866576316, 0.2962216993001191012, 0.4189303542728822771, 0.5288982353541163972, 0.6332815193530475506, 0.7413212198662807451, 0.7997463676176569392, 0.8616645060932084377, 0.9285877698495877963, 1.000000000000000000 ),
 ( 0.000000000000000000, 1.000000000000000000 ),
 .UNSPECIFIED. ) ;
#1732 = CIRCLE ( 'NONE', #2434, 4.349999999999999645 ) ;
#1733 = CARTESIAN_POINT ( 'NONE',  ( -0.9724629371584093684, 0.4000000000000000222, -1.285703117504754633 ) ) ;
#1734 = VECTOR ( 'NONE', #2687, 1000.000000000000000 ) ;
#1735 = CARTESIAN_POINT ( 'NONE',  ( -1.351207402526288570, 0.4000000000000000222, 1.776474992373511919 ) ) ;
#1736 = CARTESIAN_POINT ( 'NONE',  ( -1.566109258396468418, 0.4000000000000000222, 0.7742873855603755739 ) ) ;
#1737 = AXIS2_PLACEMENT_3D ( 'NONE', #537, #1959, #1547 ) ;
#1738 = ORIENTED_EDGE ( 'NONE', *, *, #657, .T. ) ;
#1739 = FACE_OUTER_BOUND ( 'NONE', #1545, .T. ) ;
#1740 = CARTESIAN_POINT ( 'NONE',  ( -1.546621626749046241, 0.4000000000000000222, 1.233732247392242520 ) ) ;
#1741 = DIRECTION ( 'NONE',  ( 0.000000000000000000, -1.000000000000000000, 0.000000000000000000 ) ) ;
#1742 = CARTESIAN_POINT ( 'NONE',  ( 0.9624851087167827224, 0.4000000000000000222, 2.078535229959157959 ) ) ;
#1743 = CARTESIAN_POINT ( 'NONE',  ( -0.1047010547100640371, 0.4000000000000000222, 1.711423646489464767 ) ) ;
#1744 = DIRECTION ( 'NONE',  ( 0.000000000000000000, 0.000000000000000000, -1.000000000000000000 ) ) ;
#1745 = B_SPLINE_CURVE_WITH_KNOTS ( 'NONE', 3,
 ( #1332, #891, #938, #281, #2613, #717, #2377, #1317, #1780, #1953, #267, #502, #1765, #732, #2349, #1367, #1572, #45, #2406, #75, #2584, #2391, #91 ),
 .UNSPECIFIED., .F., .F.,
 ( 4, 1, 1, 1, 1, 1, 1, 1, 1, 1, 1, 1, 1, 1, 1, 1, 1, 1, 1, 1, 4 ),
 ( 0.000000000000000000, 0.05072123485101200785, 0.09818681750180438539, 0.1429832631380766883, 0.1850642755386540106, 0.2253189442347621196, 0.2639124227838311465, 0.3010047923985125773, 0.3375722625707410773, 0.3735245581429286754, 0.4093973497853475307, 0.4454883558133952981, 0.4824184018375737293, 0.5197728438401167939, 0.5580521653044272501, 0.5971296511463221046, 0.6371709700777065111, 0.7205982822797802889, 0.8093299047537437785, 0.9027120286834713347, 1.000000000000000000 ),
 .UNSPECIFIED. ) ;
#1746 = CARTESIAN_POINT ( 'NONE',  ( 0.9554435485504344516, 0.000000000000000000, -1.471529103612861045 ) ) ;
#1747 = CARTESIAN_POINT ( 'NONE',  ( -0.7299960808360635989, 0.4000000000000000222, -2.044791710408478291 ) ) ;
#1748 = ORIENTED_EDGE ( 'NONE', *, *, #2041, .T. ) ;
#1749 = CARTESIAN_POINT ( 'NONE',  ( -1.263954870685253029, 0.4000000000000000222, -1.205028384339575709 ) ) ;
#1750 = CARTESIAN_POINT ( 'NONE',  ( -1.473830592346843549, 0.4000000000000000222, 1.520754457498419754 ) ) ;
#1751 = FACE_OUTER_BOUND ( 'NONE', #837, .T. ) ;
#1752 = CARTESIAN_POINT ( 'NONE',  ( -1.532162547200392799, 0.4000000000000000222, 0.4969210273841810910 ) ) ;
#1753 = CARTESIAN_POINT ( 'NONE',  ( 1.416449938040314160, 0.000000000000000000, 0.9206179918544400431 ) ) ;
#1754 = EDGE_CURVE ( 'NONE', #2366, #1220, #725, .T. ) ;
#1755 = ORIENTED_EDGE ( 'NONE', *, *, #258, .F. ) ;
#1756 = CARTESIAN_POINT ( 'NONE',  ( -0.9857364821605892891, -5.421010862427522170E-17, -1.993820906476519106 ) ) ;
#1757 = CARTESIAN_POINT ( 'NONE',  ( -0.2851689761535010637, 0.4000000000000000222, 1.683464174164341465 ) ) ;
#1758 = CARTESIAN_POINT ( 'NONE',  ( 1.294476455121066349, -5.421010862427522170E-17, 1.526403891793110423 ) ) ;
#1759 = CARTESIAN_POINT ( 'NONE',  ( 0.4724286826564967345, 0.000000000000000000, -0.7266152200451843068 ) ) ;
#1760 = CARTESIAN_POINT ( 'NONE',  ( 0.5067871525177873870, 0.4000000000000000222, 1.083132680120335589 ) ) ;
#1761 = CARTESIAN_POINT ( 'NONE',  ( -0.8393926159034127421, 0.000000000000000000, 2.246968185430850085 ) ) ;
#1762 = B_SPLINE_SURFACE_WITH_KNOTS ( 'NONE', 3, 1, ( 
 ( #1104, #1323 ),
 ( #1075, #884 ),
 ( #510, #1714 ),
 ( #2151, #275 ),
 ( #2357, #869 ),
 ( #2546, #698 ),
 ( #2328, #1947 ),
 ( #1340, #101 ),
 ( #469, #2162 ),
 ( #1118, #930 ),
 ( #1742, #1774 ),
 ( #1549, #1961 ),
 ( #65, #1726 ),
 ( #1505, #2607 ),
 ( #245, #901 ),
 ( #1491, #1535 ),
 ( #454, #1758 ),
 ( #1933, #289 ),
 ( #667, #84 ),
 ( #2342, #1922 ),
 ( #2136, #2578 ),
 ( #1297, #2120 ),
 ( #261, #915 ) ),
 .UNSPECIFIED., .F., .F., .F.,
 ( 4, 1, 1, 1, 1, 1, 1, 1, 1, 1, 1, 1, 1, 1, 1, 1, 1, 1, 1, 1, 4 ),
 ( 2, 2 ),
 ( 0.000000000000000000, 0.05072123485101200785, 0.09818681750180438539, 0.1429832631380766883, 0.1850642755386540106, 0.2253189442347621196, 0.2639124227838311465, 0.3010047923985125773, 0.3375722625707410773, 0.3735245581429286754, 0.4093973497853475307, 0.4454883558133952981, 0.4824184018375737293, 0.5197728438401167939, 0.5580521653044272501, 0.5971296511463221046, 0.6371709700777065111, 0.7205982822797802889, 0.8093299047537437785, 0.9027120286834713347, 1.000000000000000000 ),
 ( 0.000000000000000000, 1.000000000000000000 ),
 .UNSPECIFIED. ) ;
#1763 = CARTESIAN_POINT ( 'NONE',  ( -0.8635098788160613381, 0.4000000000000000222, -2.020461507988187577 ) ) ;
#1764 = ORIENTED_EDGE ( 'NONE', *, *, #2097, .T. ) ;
#1765 = CARTESIAN_POINT ( 'NONE',  ( 1.099110312187802529, 0.4000000000000000222, 1.919408476514459894 ) ) ;
#1766 = CARTESIAN_POINT ( 'NONE',  ( -1.546621626749046241, 0.4000000000000000222, 1.233732247392242520 ) ) ;
#1767 =( NAMED_UNIT ( * ) PLANE_ANGLE_UNIT ( ) SI_UNIT ( $, .RADIAN. ) );
#1768 = CARTESIAN_POINT ( 'NONE',  ( -1.263954870685253029, 0.4000000000000000222, -1.205028384339575709 ) ) ;
#1769 = ORIENTED_EDGE ( 'NONE', *, *, #429, .F. ) ;
#1770 = CARTESIAN_POINT ( 'NONE',  ( -1.375950871885212035, 0.4000000000000000222, -1.554015923793020004 ) ) ;
#1771 = PRODUCT_RELATED_PRODUCT_CATEGORY ( 'part', '', ( #308 ) ) ;
#1772 = CARTESIAN_POINT ( 'NONE',  ( -1.182553433213008764, 0.4000000000000000222, 1.995967223017790060 ) ) ;
#1773 = DIRECTION ( 'NONE',  ( 0.000000000000000000, -1.000000000000000000, 0.000000000000000000 ) ) ;
#1774 = CARTESIAN_POINT ( 'NONE',  ( 0.9624851087167827224, -5.421010862427522170E-17, 2.078535229959157959 ) ) ;
#1775 = CARTESIAN_POINT ( 'NONE',  ( 0.2647485321581982687, 0.000000000000000000, -1.082098490292699555 ) ) ;
#1776 = CARTESIAN_POINT ( 'NONE',  ( 0.5639798631855087452, 0.4000000000000000222, -0.1570658016828154757 ) ) ;
#1777 = CARTESIAN_POINT ( 'NONE',  ( -0.1099960726071026323, 0.4000000000000000222, 0.3039177389705877697 ) ) ;
#1778 = CARTESIAN_POINT ( 'NONE',  ( -0.07999714371425648007, 0.000000000000000000, 1.711867468341502496 ) ) ;
#1779 = ORIENTED_EDGE ( 'NONE', *, *, #1478, .T. ) ;
#1780 = CARTESIAN_POINT ( 'NONE',  ( 0.7965721228421628330, 0.4000000000000000222, 2.208654463964393688 ) ) ;
#1781 = CARTESIAN_POINT ( 'NONE',  ( -0.9657438751140597910, 0.000000000000000000, 2.174660339125088715 ) ) ;
#1782 = DIRECTION ( 'NONE',  ( -0.000000000000000000, -1.000000000000000000, -0.000000000000000000 ) ) ;
#1783 = CARTESIAN_POINT ( 'NONE',  ( 0.3847984103529097366, 0.000000000000000000, -0.9177953620510723720 ) ) ;
#1784 = ORIENTED_EDGE ( 'NONE', *, *, #2027, .T. ) ;
#1785 = CARTESIAN_POINT ( 'NONE',  ( -1.341951279545543274, -5.421010862427522170E-17, -1.808289430792386465 ) ) ;
#1786 = AXIS2_PLACEMENT_3D ( 'NONE', #1260, #1883, #2494 ) ;
#1787 = CARTESIAN_POINT ( 'NONE',  ( -1.079813959346647811, -5.421010862427522170E-17, 2.090398004051108316 ) ) ;
#1788 = AXIS2_PLACEMENT_3D ( 'NONE', #2371, #1311, #1134 ) ;
#1789 = DIRECTION ( 'NONE',  ( 0.000000000000000000, 1.000000000000000000, 0.000000000000000000 ) ) ;
#1790 = LINE ( 'NONE', #740, #2168 ) ;
#1791 = CARTESIAN_POINT ( 'NONE',  ( 0.5639798631855087452, 0.4000000000000000222, -0.1570658016828154757 ) ) ;
#1792 = CARTESIAN_POINT ( 'NONE',  ( -0.1000711911287274908, 0.4000000000000000222, 2.414635325530706034 ) ) ;
#1793 = EDGE_CURVE ( 'NONE', #2246, #861, #92, .T. ) ;
#1794 = CARTESIAN_POINT ( 'NONE',  ( -1.263954870685253029, 0.4000000000000000222, -1.205028384339575709 ) ) ;
#1795 = CARTESIAN_POINT ( 'NONE',  ( -1.182553433213008764, 0.000000000000000000, 1.995967223017790060 ) ) ;
#1796 = CARTESIAN_POINT ( 'NONE',  ( -0.2214272578785893286, 0.4000000000000000222, 1.700237090963820696 ) ) ;
#1797 = CARTESIAN_POINT ( 'NONE',  ( 0.5619668647788237381, -0.000000000000000000, -0.1977500689069331130 ) ) ;
#1798 = ORIENTED_EDGE ( 'NONE', *, *, #1291, .F. ) ;
#1799 = CARTESIAN_POINT ( 'NONE',  ( -1.307314705566734681, -5.421010862427522170E-17, -1.858696833624117861 ) ) ;
#1800 = CARTESIAN_POINT ( 'NONE',  ( -1.079813959346647811, 0.4000000000000000222, 2.090398004051108316 ) ) ;
#1801 = CARTESIAN_POINT ( 'NONE',  ( -1.502402976625767606, 0.000000000000000000, 0.3699071092237977143 ) ) ;
#1802 = CARTESIAN_POINT ( 'NONE',  ( 0.5619668647788237381, 0.4000000000000000222, -0.1977500689069331130 ) ) ;
#1803 = CARTESIAN_POINT ( 'NONE',  ( 0.2506194396225794319, 0.4000000000000000222, 1.621020916612396556 ) ) ;
#1804 = CARTESIAN_POINT ( 'NONE',  ( -1.354872710022453797, 0.000000000000000000, -1.268949571036205093 ) ) ;
#1805 = CARTESIAN_POINT ( 'NONE',  ( -1.375950871885212035, 0.4000000000000000222, -1.554015923793020004 ) ) ;
#1806 = EDGE_CURVE ( 'NONE', #1899, #2706, #594, .T. ) ;
#1807 = CARTESIAN_POINT ( 'NONE',  ( -1.351207402526288570, 0.000000000000000000, 1.776474992373511919 ) ) ;
#1808 = CARTESIAN_POINT ( 'NONE',  ( -0.8885684291690013614, 0.4000000000000000222, -0.3138189770866814388 ) ) ;
#1809 = CARTESIAN_POINT ( 'NONE',  ( 1.326996471941946032, 0.4000000000000000222, -0.6821389398791203318 ) ) ;
#1810 = FACE_BOUND ( 'NONE', #2583, .T. ) ;
#1811 = ORIENTED_EDGE ( 'NONE', *, *, #993, .F. ) ;
#1812 = CARTESIAN_POINT ( 'NONE',  ( 1.438414833145850835, 0.4000000000000000222, 0.2832218459709183733 ) ) ;
#1813 = CARTESIAN_POINT ( 'NONE',  ( -0.07898058596003411369, -0.000000000000000000, 0.3048750351660812208 ) ) ;
#1814 = CARTESIAN_POINT ( 'NONE',  ( -0.6704790565762432930, 0.4000000000000000222, 0.9364897090696672199 ) ) ;
#1815 = CARTESIAN_POINT ( 'NONE',  ( 1.439948586856617530, 0.000000000000000000, 0.3729152754241341627 ) ) ;
#1816 = CYLINDRICAL_SURFACE ( 'NONE', #166, 4.349999999999999645 ) ;
#1817 = DIRECTION ( 'NONE',  ( 0.000000000000000000, 0.000000000000000000, -1.000000000000000000 ) ) ;
#1818 = EDGE_CURVE ( 'NONE', #1095, #31, #2683, .T. ) ;
#1819 = CARTESIAN_POINT ( 'NONE',  ( -0.1099960726071026323, 0.000000000000000000, 0.3039177389705877697 ) ) ;
#1820 = CARTESIAN_POINT ( 'NONE',  ( -0.1047010547100640371, 0.4000000000000000222, 1.711423646489464767 ) ) ;
#1821 = CARTESIAN_POINT ( 'NONE',  ( 0.3708163850985553012, 0.4000000000000000222, 2.379280378886965863 ) ) ;
#1822 = ORIENTED_EDGE ( 'NONE', *, *, #2654, .F. ) ;
#1823 = EDGE_CURVE ( 'NONE', #2011, #44, #1474, .T. ) ;
#1824 = CARTESIAN_POINT ( 'NONE',  ( -0.4459840762069799402, 0.4000000000000000222, -2.063997714971405273 ) ) ;
#1825 = APPLICATION_PROTOCOL_DEFINITION ( 'draft international standard', 'automotive_design', 1998, #1457 ) ;
#1826 = CARTESIAN_POINT ( 'NONE',  ( 0.7025770639806336870, 0.000000000000000000, 2.263292700090977938 ) ) ;
#1827 = AXIS2_PLACEMENT_3D ( 'NONE', #395, #2096, #2064 ) ;
#1828 = CARTESIAN_POINT ( 'NONE',  ( -0.1099960726071026323, 0.4000000000000000222, 0.3039177389705877697 ) ) ;
#1829 = SURFACE_SIDE_STYLE ('',( #1010 ) ) ;
#1830 = CARTESIAN_POINT ( 'NONE',  ( -0.9724629371584093684, 0.000000000000000000, -1.285703117504754633 ) ) ;
#1831 = AXIS2_PLACEMENT_3D ( 'NONE', #168, #997, #2455 ) ;
#1832 = CARTESIAN_POINT ( 'NONE',  ( -1.092384863794525485, 0.4000000000000000222, -1.961078385069655594 ) ) ;
#1833 = CARTESIAN_POINT ( 'NONE',  ( -0.9657438751140597910, 0.000000000000000000, 2.174660339125088715 ) ) ;
#1834 = CARTESIAN_POINT ( 'NONE',  ( -0.6704067497271398723, 0.4000000000000000222, 1.040692506906372383 ) ) ;
#1835 = CARTESIAN_POINT ( 'NONE',  ( 1.435292451692306015, 0.4000000000000000222, 0.1006259711159401687 ) ) ;
#1836 = FACE_BOUND ( 'NONE', #2486, .T. ) ;
#1837 = ORIENTED_EDGE ( 'NONE', *, *, #1967, .T. ) ;
#1838 = CARTESIAN_POINT ( 'NONE',  ( 0.6552396610809695376, 0.4000000000000000222, -1.756606555582111096 ) ) ;
#1839 = EDGE_CURVE ( 'NONE', #1353, #90, #1350, .T. ) ;
#1840 = CARTESIAN_POINT ( 'NONE',  ( -0.5495498143533993352, 0.4000000000000000222, 0.4710444219404785193 ) ) ;
#1841 = CARTESIAN_POINT ( 'NONE',  ( 0.07336787322834095737, -5.421010862427522170E-17, 0.3161591750099116416 ) ) ;
#1842 = B_SPLINE_CURVE_WITH_KNOTS ( 'NONE', 3,
 ( #1261, #2508, #617, #2055, #1897, #1003, #223, #2100, #2277 ),
 .UNSPECIFIED., .F., .F.,
 ( 4, 1, 1, 1, 1, 1, 4 ),
 ( 0.000000000000000000, 0.1336743958894396900, 0.2651399168935412720, 0.3927206219716536384, 0.5195556138724147788, 0.7667741705809816288, 0.9999999999999998890 ),
 .UNSPECIFIED. ) ;
#1843 = CARTESIAN_POINT ( 'NONE',  ( -0.4045870088085526395, 0.000000000000000000, -1.358964974890988442 ) ) ;
#1844 = CARTESIAN_POINT ( 'NONE',  ( -1.338090693864876668, 0.000000000000000000, -1.236667642491426244 ) ) ;
#1845 = DIRECTION ( 'NONE',  ( 0.000000000000000000, 0.000000000000000000, 1.000000000000000000 ) ) ;
#1846 = CARTESIAN_POINT ( 'NONE',  ( -1.092384863794525485, 0.000000000000000000, -1.961078385069655594 ) ) ;
#1847 = CARTESIAN_POINT ( 'NONE',  ( -1.291228450270494932, 0.4000000000000000222, -1.206669484388270375 ) ) ;
#1848 = ORIENTED_EDGE ( 'NONE', *, *, #96, .T. ) ;
#1849 = LINE ( 'NONE', #138, #1512 ) ;
#1850 = CARTESIAN_POINT ( 'NONE',  ( 0.8822520609014464776, 0.000000000000000000, 2.146210584722230585 ) ) ;
#1851 = EDGE_CURVE ( 'NONE', #421, #1331, #1515, .T. ) ;
#1852 = CARTESIAN_POINT ( 'NONE',  ( -1.375950871885212035, 0.000000000000000000, -1.554015923793020004 ) ) ;
#1853 = CARTESIAN_POINT ( 'NONE',  ( -0.1962527395597513657, 0.000000000000000000, -1.338787466646876867 ) ) ;
#1854 = CARTESIAN_POINT ( 'NONE',  ( -1.567944016799427631, 0.4000000000000000222, 0.9218956741632194918 ) ) ;
#1855 = LINE ( 'NONE', #2275, #1734 ) ;
#1856 = B_SPLINE_SURFACE_WITH_KNOTS ( 'NONE', 3, 1, ( 
 ( #1092, #874 ),
 ( #2549, #905 ),
 ( #1717, #1964 ),
 ( #670, #2344 ),
 ( #1523, #292 ),
 ( #264, #2596 ),
 ( #55, #471 ),
 ( #1728, #87 ),
 ( #2581, #1299 ),
 ( #701, #1553 ),
 ( #2154, #1538 ),
 ( #2139, #487 ),
 ( #918, #1761 ),
 ( #887, #2563 ),
 ( #278, #1950 ),
 ( #1583, #1166 ),
 ( #567, #1994 ),
 ( #1792, #999 ),
 ( #354, #2009 ) ),
 .UNSPECIFIED., .F., .F., .F.,
 ( 4, 1, 1, 1, 1, 1, 1, 1, 1, 1, 1, 1, 1, 1, 1, 1, 4 ),
 ( 2, 2 ),
 ( 0.000000000000000000, 0.06617120254882258301, 0.1298390570962446866, 0.1915230172921674745, 0.2519297269549042317, 0.3110286998661392355, 0.3689143960576816705, 0.4260008518890533447, 0.4828414381299239166, 0.5401667504682446941, 0.5986892334199072074, 0.6583061487089869601, 0.7202843008207898690, 0.7851072973354414897, 0.8531128177320792538, 0.9243145363059790398, 1.000000000000000000 ),
 ( 0.000000000000000000, 1.000000000000000000 ),
 .UNSPECIFIED. ) ;
#1857 = CARTESIAN_POINT ( 'NONE',  ( -0.2214272578785893286, -5.421010862427522170E-17, 1.700237090963820696 ) ) ;
#1858 = CARTESIAN_POINT ( 'NONE',  ( -0.2592982449298201209, 0.4000000000000000222, -0.3989692682105729915 ) ) ;
#1859 = ORIENTED_EDGE ( 'NONE', *, *, #1532, .F. ) ;
#1860 = CARTESIAN_POINT ( 'NONE',  ( -0.07059529414361444266, 0.000000000000000000, -2.039823329858649892 ) ) ;
#1861 = ORIENTED_EDGE ( 'NONE', *, *, #1602, .F. ) ;
#1862 = CARTESIAN_POINT ( 'NONE',  ( 1.340000090890860474, 0.000000000000000000, 1.375980495136762682 ) ) ;
#1863 = CARTESIAN_POINT ( 'NONE',  ( -0.01746212165503743807, 0.4000000000000000222, 0.3067738089142384994 ) ) ;
#1864 = VECTOR ( 'NONE', #2600, 1000.000000000000000 ) ;
#1865 = CARTESIAN_POINT ( 'NONE',  ( 0.1314180929110953522, 0.4000000000000000222, 1.680005900596513557 ) ) ;
#1866 = CARTESIAN_POINT ( 'NONE',  ( -0.3049891104106028372, 0.4000000000000000222, -0.4000571257148696214 ) ) ;
#1867 = ORIENTED_EDGE ( 'NONE', *, *, #1192, .T. ) ;
#1868 = CARTESIAN_POINT ( 'NONE',  ( 1.271957516194466509, 0.4000000000000000222, -0.8604801167805072870 ) ) ;
#1869 = CARTESIAN_POINT ( 'NONE',  ( -0.07999714371425648007, 0.4000000000000000222, 1.711867468341502496 ) ) ;
#1870 = CARTESIAN_POINT ( 'NONE',  ( -1.248190888136529786, 0.4000000000000000222, -1.206538323960086867 ) ) ;
#1871 = B_SPLINE_SURFACE_WITH_KNOTS ( 'NONE', 3, 1, ( 
 ( #1316, #265 ),
 ( #671, #2155 ),
 ( #1124, #30 ),
 ( #472, #2333 ),
 ( #280, #2167 ),
 ( #1730, #2346 ),
 ( #1483, #446 ),
 ( #1109, #1539 ),
 ( #235, #1509 ),
 ( #2566, #1094 ),
 ( #1065, #294 ) ),
 .UNSPECIFIED., .F., .F., .F.,
 ( 4, 1, 1, 1, 1, 1, 1, 1, 4 ),
 ( 2, 2 ),
 ( 0.000000000000000000, 0.1023972499136073383, 0.2114439992076143915, 0.3255850776792359458, 0.4476818852492995826, 0.5747497670921593027, 0.7094230002827502934, 0.8501012167914955286, 1.000000000000000000 ),
 ( 0.000000000000000000, 1.000000000000000000 ),
 .UNSPECIFIED. ) ;
#1872 = ORIENTED_EDGE ( 'NONE', *, *, #2405, .T. ) ;
#1873 = LINE ( 'NONE', #2115, #2296 ) ;
#1874 = B_SPLINE_CURVE_WITH_KNOTS ( 'NONE', 3,
 ( #338, #133, #964, #1394, #368, #1193, #2129, #2556, #255, #1694, #1529, #648, #47, #2352, #479, #60, #692, #2365, #78, #1753, #2146, #1956, #2308 ),
 .UNSPECIFIED., .F., .F.,
 ( 4, 1, 1, 1, 1, 1, 1, 1, 1, 1, 1, 1, 1, 1, 1, 1, 1, 1, 1, 1, 4 ),
 ( 0.000000000000000000, 0.05072123485101200785, 0.09818681750180438539, 0.1429832631380766883, 0.1850642755386540106, 0.2253189442347621196, 0.2639124227838311465, 0.3010047923985125773, 0.3375722625707410773, 0.3735245581429286754, 0.4093973497853475307, 0.4454883558133952981, 0.4824184018375737293, 0.5197728438401167939, 0.5580521653044272501, 0.5971296511463221046, 0.6371709700777065111, 0.7205982822797802889, 0.8093299047537437785, 0.9027120286834713347, 1.000000000000000000 ),
 .UNSPECIFIED. ) ;
#1875 = SHAPE_DEFINITION_REPRESENTATION ( #1680, #1327 ) ;
#1876 = VERTEX_POINT ( 'NONE', #952 ) ;
#1877 = CARTESIAN_POINT ( 'NONE',  ( -0.1815276453560616399, 0.000000000000000000, 0.3057358126522678465 ) ) ;
#1878 = CARTESIAN_POINT ( 'NONE',  ( 0.4849449631871514677, 0.000000000000000000, 1.194075055017044473 ) ) ;
#1879 = CARTESIAN_POINT ( 'NONE',  ( 0.5272261416266849077, 0.000000000000000000, -0.5113734547950239406 ) ) ;
#1880 = CARTESIAN_POINT ( 'NONE',  ( -1.108567772874986979, -5.421010862427522170E-17, -0.2023118092157738523 ) ) ;
#1881 = CARTESIAN_POINT ( 'NONE',  ( -0.4459840762069799402, 0.4000000000000000222, -2.063997714971405273 ) ) ;
#1882 = CARTESIAN_POINT ( 'NONE',  ( 1.437198282084200196, 0.000000000000000000, 0.6512554333041424837 ) ) ;
#1883 = DIRECTION ( 'NONE',  ( 0.000000000000000000, 1.000000000000000000, 0.000000000000000000 ) ) ;
#1884 = EDGE_CURVE ( 'NONE', #857, #1336, #2459, .T. ) ;
#1885 = CARTESIAN_POINT ( 'NONE',  ( -1.210307731464790315, 0.4000000000000000222, -1.210166929804574742 ) ) ;
#1886 = ORIENTED_EDGE ( 'NONE', *, *, #1839, .T. ) ;
#1887 = CARTESIAN_POINT ( 'NONE',  ( 0.2506194396225794319, 0.000000000000000000, 1.621020916612396556 ) ) ;
#1888 = VERTEX_POINT ( 'NONE', #991 ) ;
#1889 = CARTESIAN_POINT ( 'NONE',  ( -1.371907056386104884, -5.421010862427522170E-17, -1.377873112536419864 ) ) ;
#1890 = CARTESIAN_POINT ( 'NONE',  ( -0.2494678708595151617, 0.000000000000000000, 0.3136800052864326394 ) ) ;
#1891 = CARTESIAN_POINT ( 'NONE',  ( -1.567944016799427631, 0.4000000000000000222, 0.9218956741632194918 ) ) ;
#1892 = CARTESIAN_POINT ( 'NONE',  ( 0.5021727693404489656, 0.4000000000000000222, -0.6211799737908718644 ) ) ;
#1893 = CARTESIAN_POINT ( 'NONE',  ( -0.1099960726071026323, 0.4000000000000000222, 0.3039177389705877697 ) ) ;
#1894 = CARTESIAN_POINT ( 'NONE',  ( 0.3024053494327267888, -5.421010862427522170E-17, 1.575917268503143287 ) ) ;
#1895 = CARTESIAN_POINT ( 'NONE',  ( 1.384779734273268836, 0.4000000000000000222, 1.175476473704549552 ) ) ;
#1896 = CARTESIAN_POINT ( 'NONE',  ( -0.3120596014231357129, 0.4000000000000000222, 0.3267051093652464377 ) ) ;
#1897 = CARTESIAN_POINT ( 'NONE',  ( 0.1610601391624330303, 0.000000000000000000, 0.3350122754414435744 ) ) ;
#1898 = EDGE_CURVE ( 'NONE', #1530, #2246, #1344, .T. ) ;
#1899 = VERTEX_POINT ( 'NONE', #1614 ) ;
#1900 = CARTESIAN_POINT ( 'NONE',  ( 0.1936831148300114935, 0.000000000000000000, 1.655657523252243912 ) ) ;
#1901 = CARTESIAN_POINT ( 'NONE',  ( -1.263954870685253029, 0.4000000000000000222, -1.205028384339575709 ) ) ;
#1902 = EDGE_CURVE ( 'NONE', #2286, #2011, #1307, .T. ) ;
#1903 = ORIENTED_EDGE ( 'NONE', *, *, #1273, .T. ) ;
#1904 = CARTESIAN_POINT ( 'NONE',  ( -0.3120596014231357129, 0.4000000000000000222, 0.3267051093652464377 ) ) ;
#1905 = CARTESIAN_POINT ( 'NONE',  ( -1.566803551294330132, 0.4000000000000000222, 0.9752718443225077971 ) ) ;
#1906 = CARTESIAN_POINT ( 'NONE',  ( 0.4849449631871514677, 0.4000000000000000222, 1.194075055017044473 ) ) ;
#1907 = DIRECTION ( 'NONE',  ( -0.000000000000000000, -1.000000000000000000, -0.000000000000000000 ) ) ;
#1908 = CARTESIAN_POINT ( 'NONE',  ( -1.462167823284607593, -5.421010862427522170E-17, 0.2519083302944323255 ) ) ;
#1909 = CARTESIAN_POINT ( 'NONE',  ( 0.1936831148300114935, -5.421010862427522170E-17, 1.655657523252243912 ) ) ;
#1910 = CARTESIAN_POINT ( 'NONE',  ( 1.099110312187802529, 0.000000000000000000, 1.919408476514459894 ) ) ;
#1911 = VECTOR ( 'NONE', #1627, 1000.000000000000000 ) ;
#1912 = DIRECTION ( 'NONE',  ( 1.000000000000000000, -0.000000000000000000, 0.000000000000000000 ) ) ;
#1913 = AXIS2_PLACEMENT_3D ( 'NONE', #1481, #992, #1259 ) ;
#1914 = ORIENTED_EDGE ( 'NONE', *, *, #1528, .T. ) ;
#1915 = CARTESIAN_POINT ( 'NONE',  ( 0.5438295824750596363, -0.000000000000000000, 0.5649225012105265620 ) ) ;
#1916 = CARTESIAN_POINT ( 'NONE',  ( -0.9657438751140597910, 0.4000000000000000222, 2.174660339125088715 ) ) ;
#1917 = ORIENTED_EDGE ( 'NONE', *, *, #2533, .T. ) ;
#1918 = CARTESIAN_POINT ( 'NONE',  ( -0.1343502302463839282, 0.000000000000000000, 0.3045367335116257457 ) ) ;
#1919 = ADVANCED_FACE ( 'NONE', ( #1984 ), #410, .T. ) ;
#1920 = CARTESIAN_POINT ( 'NONE',  ( 0.4849449631871514677, 0.4000000000000000222, 1.194075055017044473 ) ) ;
#1921 = CARTESIAN_POINT ( 'NONE',  ( 0.5272261416266849077, 0.4000000000000000222, -0.5113734547950239406 ) ) ;
#1922 = CARTESIAN_POINT ( 'NONE',  ( 1.416449938040314160, -5.421010862427522170E-17, 0.9206179918544400431 ) ) ;
#1923 = FACE_OUTER_BOUND ( 'NONE', #250, .T. ) ;
#1924 = CARTESIAN_POINT ( 'NONE',  ( 0.4276879417975715247, -5.421010862427522170E-17, 1.380194730201500963 ) ) ;
#1925 = CARTESIAN_POINT ( 'NONE',  ( 0.2732121574249480322, 0.4000000000000000222, 0.3663256960546453778 ) ) ;
#1926 = CARTESIAN_POINT ( 'NONE',  ( -1.371907056386104884, 0.4000000000000000222, -1.377873112536419864 ) ) ;
#1927 = CARTESIAN_POINT ( 'NONE',  ( 0.3847984103529097366, 0.4000000000000000222, -0.9177953620510723720 ) ) ;
#1928 = CARTESIAN_POINT ( 'NONE',  ( -0.6719760071997545881, 0.4000000000000000222, 0.9898932463203373722 ) ) ;
#1929 = EDGE_LOOP ( 'NONE', ( #1642, #150, #1722, #2638 ) ) ;
#1930 = CARTESIAN_POINT ( 'NONE',  ( -0.1099960726071026323, 0.4000000000000000222, 0.3039177389705877697 ) ) ;
#1931 = CARTESIAN_POINT ( 'NONE',  ( -1.567944016799427631, -5.421010862427522170E-17, 0.9218956741632194918 ) ) ;
#1932 = CARTESIAN_POINT ( 'NONE',  ( -1.108567772874986979, 0.000000000000000000, -0.2023118092157738523 ) ) ;
#1933 = CARTESIAN_POINT ( 'NONE',  ( 1.340000090890860474, 0.4000000000000000222, 1.375980495136762682 ) ) ;
#1934 = CARTESIAN_POINT ( 'NONE',  ( -0.8885684291690013614, 0.4000000000000000222, -0.3138189770866814388 ) ) ;
#1935 = B_SPLINE_CURVE_WITH_KNOTS ( 'NONE', 3,
 ( #2066, #2473, #596, #1432, #184, #2267, #1040, #1014, #607, #1234, #2074 ),
 .UNSPECIFIED., .F., .F.,
 ( 4, 1, 1, 1, 1, 1, 1, 1, 4 ),
 ( 0.000000000000000000, 0.2540826451541937092, 0.4492020162846193654, 0.6006585402341811930, 0.7155392436497926001, 0.8027504545536804370, 0.8673103169173244087, 0.9305369411631959631, 0.9999999999999998890 ),
 .UNSPECIFIED. ) ;
#1936 = CARTESIAN_POINT ( 'NONE',  ( 0.3904013936769012427, 0.4000000000000000222, 1.455313189788543404 ) ) ;
#1937 = CARTESIAN_POINT ( 'NONE',  ( 0.4984500298488964698, 0.4000000000000000222, 0.4804732397369266272 ) ) ;
#1938 = CARTESIAN_POINT ( 'NONE',  ( -0.4459840762069799402, -5.421010862427522170E-17, -2.063997714971405273 ) ) ;
#1939 = ORIENTED_EDGE ( 'NONE', *, *, #1602, .T. ) ;
#1940 = CARTESIAN_POINT ( 'NONE',  ( -1.248190888136529786, -0.000000000000000000, -1.206538323960086867 ) ) ;
#1941 = CARTESIAN_POINT ( 'NONE',  ( -1.567944016799427631, 0.4000000000000000222, 0.9218956741632194918 ) ) ;
#1942 = FACE_OUTER_BOUND ( 'NONE', #1667, .T. ) ;
#1943 = ORIENTED_EDGE ( 'NONE', *, *, #513, .F. ) ;
#1944 = CARTESIAN_POINT ( 'NONE',  ( -0.4936933040139667161, -5.421010862427522170E-17, -2.063111387898301174 ) ) ;
#1945 = FACE_OUTER_BOUND ( 'NONE', #876, .T. ) ;
#1946 = CARTESIAN_POINT ( 'NONE',  ( -0.5315272700844405618, 0.4000000000000000222, 1.510179422518024062 ) ) ;
#1947 = CARTESIAN_POINT ( 'NONE',  ( 0.6000151580086728886, -5.421010862427522170E-17, 2.308792683692472814 ) ) ;
#1948 = CARTESIAN_POINT ( 'NONE',  ( -0.1099960726071026323, 0.000000000000000000, 0.3039177389705877697 ) ) ;
#1949 = FACE_OUTER_BOUND ( 'NONE', #1630, .T. ) ;
#1950 = CARTESIAN_POINT ( 'NONE',  ( -0.5523256721654606904, 0.000000000000000000, 2.357683460398168229 ) ) ;
#1951 = CARTESIAN_POINT ( 'NONE',  ( -0.4936933040139667161, 0.4000000000000000222, -2.063111387898301174 ) ) ;
#1952 = ORIENTED_EDGE ( 'NONE', *, *, #2057, .F. ) ;
#1953 = CARTESIAN_POINT ( 'NONE',  ( 0.8822520609014464776, 0.4000000000000000222, 2.146210584722230585 ) ) ;
#1954 = AXIS2_PLACEMENT_3D ( 'NONE', #2523, #444, #787 ) ;
#1955 = CARTESIAN_POINT ( 'NONE',  ( -0.1047010547100640371, -0.000000000000000000, 1.711423646489464767 ) ) ;
#1956 = CARTESIAN_POINT ( 'NONE',  ( 1.439019383604892122, -0.000000000000000000, 0.4669537915848339105 ) ) ;
#1957 = ORIENTED_EDGE ( 'NONE', *, *, #1239, .T. ) ;
#1958 = CARTESIAN_POINT ( 'NONE',  ( -0.7299960808360635989, 0.4000000000000000222, -2.044791710408478291 ) ) ;
#1959 = DIRECTION ( 'NONE',  ( -0.000000000000000000, 1.000000000000000000, -0.000000000000000000 ) ) ;
#1960 = CARTESIAN_POINT ( 'NONE',  ( -0.5958420001181856662, 0.4000000000000000222, 1.402461871737567423 ) ) ;
#1961 = CARTESIAN_POINT ( 'NONE',  ( 1.032901136071158188, -5.421010862427522170E-17, 2.001375883604868733 ) ) ;
#1962 = CARTESIAN_POINT ( 'NONE',  ( 6.184466335694133068E-16, 23.00000000000000000, 5.049999999999999822 ) ) ;
#1963 = CARTESIAN_POINT ( 'NONE',  ( -0.07059529414361444266, 0.000000000000000000, -2.039823329858649892 ) ) ;
#1964 = CARTESIAN_POINT ( 'NONE',  ( -1.564565765669633457, 0.000000000000000000, 1.080004890390053207 ) ) ;
#1965 = CARTESIAN_POINT ( 'NONE',  ( -0.5893801468470077909, -5.421010862427522170E-17, -2.061333747738501199 ) ) ;
#1966 = ORIENTED_EDGE ( 'NONE', *, *, #946, .F. ) ;
#1967 = EDGE_CURVE ( 'NONE', #2101, #2528, #2657, .T. ) ;
#1968 = CARTESIAN_POINT ( 'NONE',  ( -0.4489839690962646457, 0.4000000000000000222, -1.360022850285947715 ) ) ;
#1969 = CARTESIAN_POINT ( 'NONE',  ( -0.4459840762069799402, 0.4000000000000000222, -2.063997714971405273 ) ) ;
#1970 = CARTESIAN_POINT ( 'NONE',  ( -1.502402976625767606, 0.4000000000000000222, 0.3699071092237977143 ) ) ;
#1971 = B_SPLINE_CURVE_WITH_KNOTS ( 'NONE', 3,
 ( #520, #2351, #533, #1369, #940, #734, #1559, #1574, #2158, #2174, #2203, #1543, #893, #1970, #1752, #2515, #1736, #923, #2586 ),
 .UNSPECIFIED., .F., .F.,
 ( 4, 1, 1, 1, 1, 1, 1, 1, 1, 1, 1, 1, 1, 1, 1, 1, 4 ),
 ( 0.000000000000000000, 0.07898036190050358729, 0.1517031446933656547, 0.2195878964283578816, 0.2827562974256817574, 0.3421373736925343301, 0.3992260424073150182, 0.4544814545996239130, 0.5086125460674619791, 0.5632011149428433061, 0.6182433590851835747, 0.6750660822686675999, 0.7343080323372276341, 0.7958925773868751330, 0.8608536458530757773, 0.9286534218576746325, 1.000000000000000000 ),
 .UNSPECIFIED. ) ;
#1972 = CARTESIAN_POINT ( 'NONE',  ( -0.9857364821605892891, 0.000000000000000000, -1.993820906476519106 ) ) ;
#1973 = EDGE_LOOP ( 'NONE', ( #703, #2116, #880, #7 ) ) ;
#1974 = CARTESIAN_POINT ( 'NONE',  ( -1.273326528202391561, 0.4000000000000000222, -1.205592293728867670 ) ) ;
#1975 = DIRECTION ( 'NONE',  ( 0.000000000000000000, 0.000000000000000000, 1.000000000000000000 ) ) ;
#1976 = CARTESIAN_POINT ( 'NONE',  ( -0.4459840762069799402, 0.4000000000000000222, -2.063997714971405273 ) ) ;
#1977 = FACE_OUTER_BOUND ( 'NONE', #2169, .T. ) ;
#1978 = CARTESIAN_POINT ( 'NONE',  ( -0.3190659712566031869, 0.000000000000000000, -1.356927209224347175 ) ) ;
#1979 = CARTESIAN_POINT ( 'NONE',  ( -0.1000711911287274908, 0.4000000000000000222, 2.414635325530706034 ) ) ;
#1980 = CARTESIAN_POINT ( 'NONE',  ( -0.01746212165503743807, 0.4000000000000000222, 0.3067738089142384994 ) ) ;
#1981 = CARTESIAN_POINT ( 'NONE',  ( -1.375950871885212035, 0.4000000000000000222, -1.554015923793020004 ) ) ;
#1982 = EDGE_LOOP ( 'NONE', ( #2075, #2147, #1225 ) ) ;
#1983 = CARTESIAN_POINT ( 'NONE',  ( -0.3049891104106028372, 0.000000000000000000, -0.4000571257148696214 ) ) ;
#1984 = FACE_OUTER_BOUND ( 'NONE', #2141, .T. ) ;
#1985 = CARTESIAN_POINT ( 'NONE',  ( -0.4045870088085526395, -0.000000000000000000, -1.358964974890988442 ) ) ;
#1986 = ORIENTED_EDGE ( 'NONE', *, *, #1528, .F. ) ;
#1987 = CARTESIAN_POINT ( 'NONE',  ( -1.317211440962287039, -5.421010862427522170E-17, -1.215366684716169488 ) ) ;
#1988 = LINE ( 'NONE', #331, #636 ) ;
#1989 = EDGE_CURVE ( 'NONE', #610, #890, #1842, .T. ) ;
#1990 = PLANE ( 'NONE',  #1386 ) ;
#1991 = CARTESIAN_POINT ( 'NONE',  ( 0.1917871633323834923, 0.4000000000000000222, -1.152277284137087188 ) ) ;
#1992 = CARTESIAN_POINT ( 'NONE',  ( 0.1090878237677617990, 0.000000000000000000, -1.213041839790236942 ) ) ;
#1993 = CARTESIAN_POINT ( 'NONE',  ( 1.415515547182151224, 0.000000000000000000, -0.1752607443248818120 ) ) ;
#1994 = CARTESIAN_POINT ( 'NONE',  ( -0.2185983068559493314, 0.000000000000000000, 2.412292815867060458 ) ) ;
#1995 = CARTESIAN_POINT ( 'NONE',  ( -1.291228450270494932, 0.4000000000000000222, -1.206669484388270375 ) ) ;
#1996 = CARTESIAN_POINT ( 'NONE',  ( -0.3805959776326643951, 0.4000000000000000222, -2.062675769029694628 ) ) ;
#1997 = CARTESIAN_POINT ( 'NONE',  ( -1.374190298776963859, 0.000000000000000000, -1.656319495616811022 ) ) ;
#1998 = CARTESIAN_POINT ( 'NONE',  ( -0.7017400443482771921, 0.000000000000000000, 2.307954261202188384 ) ) ;
#1999 = FACE_OUTER_BOUND ( 'NONE', #239, .T. ) ;
#2000 = ORIENTED_EDGE ( 'NONE', *, *, #1622, .T. ) ;
#2001 = CARTESIAN_POINT ( 'NONE',  ( -1.374190298776963859, 0.4000000000000000222, -1.656319495616811022 ) ) ;
#2002 = CONICAL_SURFACE ( 'NONE', #1605, 4.349999999999999645, 0.7853981633974361776 ) ;
#2003 = CARTESIAN_POINT ( 'NONE',  ( -0.2185983068559493314, 0.4000000000000000222, 2.412292815867060458 ) ) ;
#2004 = STYLED_ITEM ( 'NONE', ( #59 ), #1693 ) ;
#2005 = CARTESIAN_POINT ( 'NONE',  ( 0.3287848402072364729, 0.4000000000000000222, -1.003641441983471605 ) ) ;
#2006 = CARTESIAN_POINT ( 'NONE',  ( 0.5465368699671107056, 0.000000000000000000, -0.3969045931312844000 ) ) ;
#2007 = EDGE_CURVE ( 'NONE', #31, #610, #2552, .T. ) ;
#2008 = CARTESIAN_POINT ( 'NONE',  ( 0.3491537589738989977, 0.4000000000000000222, 1.520925456130124420 ) ) ;
#2009 = CARTESIAN_POINT ( 'NONE',  ( -0.03899860756070003959, 0.000000000000000000, 2.415842333026959832 ) ) ;
#2010 = FACE_OUTER_BOUND ( 'NONE', #1146, .T. ) ;
#2011 = VERTEX_POINT ( 'NONE', #2 ) ;
#2012 = LINE ( 'NONE', #965, #1911 ) ;
#2013 = CARTESIAN_POINT ( 'NONE',  ( 0.5371543425131620753, -0.000000000000000000, -0.1730390761087862439 ) ) ;
#2014 = CARTESIAN_POINT ( 'NONE',  ( -0.8393926159034127421, 0.000000000000000000, 2.246968185430850085 ) ) ;
#2015 = CARTESIAN_POINT ( 'NONE',  ( 5.327213576290986242E-16, 23.00000000000000000, 4.349999999999999645 ) ) ;
#2016 = ORIENTED_EDGE ( 'NONE', *, *, #870, .T. ) ;
#2017 = CARTESIAN_POINT ( 'NONE',  ( 0.4009425128878277289, 0.4000000000000000222, -1.902157243858849656 ) ) ;
#2018 = CARTESIAN_POINT ( 'NONE',  ( -0.9657438751140597910, 0.4000000000000000222, 2.174660339125088715 ) ) ;
#2019 = CARTESIAN_POINT ( 'NONE',  ( 0.5021727693404489656, 0.4000000000000000222, -0.6211799737908718644 ) ) ;
#2020 = FACE_OUTER_BOUND ( 'NONE', #689, .T. ) ;
#2021 = CARTESIAN_POINT ( 'NONE',  ( 1.106888790523144595, 0.000000000000000000, -1.242702678949732631 ) ) ;
#2022 = EDGE_CURVE ( 'NONE', #1383, #2348, #1214, .T. ) ;
#2023 = CARTESIAN_POINT ( 'NONE',  ( -0.6704067497271398723, 0.4000000000000000222, 1.040692506906372383 ) ) ;
#2024 = FACE_OUTER_BOUND ( 'NONE', #1695, .T. ) ;
#2025 = CARTESIAN_POINT ( 'NONE',  ( -1.375900237185846642, -5.421010862427522170E-17, -1.458968753449324529 ) ) ;
#2026 = CARTESIAN_POINT ( 'NONE',  ( 0.2563256360589597493, 0.4000000000000000222, -1.959957444139459604 ) ) ;
#2027 = EDGE_CURVE ( 'NONE', #912, #2292, #1935, .T. ) ;
#2028 = CARTESIAN_POINT ( 'NONE',  ( -0.4489839690962646457, 0.4000000000000000222, -1.360022850285947715 ) ) ;
#2029 = CARTESIAN_POINT ( 'NONE',  ( 0.3930483777670034651, 0.000000000000000000, -0.2507616264178970655 ) ) ;
#2030 = CYLINDRICAL_SURFACE ( 'NONE', #1292, 5.049999999999999822 ) ;
#2031 = ORIENTED_EDGE ( 'NONE', *, *, #1022, .F. ) ;
#2032 = CARTESIAN_POINT ( 'NONE',  ( -0.3805959776326643951, 0.4000000000000000222, -2.062675769029694628 ) ) ;
#2033 = PRODUCT_CONTEXT ( 'NONE', #1167, 'mechanical' ) ;
#2034 = CARTESIAN_POINT ( 'NONE',  ( -1.567322125449702064, -0.000000000000000000, 0.8718638456228384737 ) ) ;
#2035 = CARTESIAN_POINT ( 'NONE',  ( 1.439019383604892122, 0.4000000000000000222, 0.4669537915848339105 ) ) ;
#2036 = CARTESIAN_POINT ( 'NONE',  ( -0.1099960726071026323, 0.4000000000000000222, 0.3039177389705877697 ) ) ;
#2037 = CARTESIAN_POINT ( 'NONE',  ( -0.6673882968825163298, 0.4000000000000000222, 1.138404434551494759 ) ) ;
#2038 = CARTESIAN_POINT ( 'NONE',  ( -0.03899860756070003959, -5.421010862427522170E-17, 2.415842333026959832 ) ) ;
#2039 = CARTESIAN_POINT ( 'NONE',  ( -1.182968817219005153, -5.421010862427522170E-17, -1.930046925294719662 ) ) ;
#2040 = CARTESIAN_POINT ( 'NONE',  ( -0.3866859182099619541, 0.4000000000000000222, 0.3495353627996934387 ) ) ;
#2041 = EDGE_CURVE ( 'NONE', #1252, #1458, #2426, .T. ) ;
#2042 = CARTESIAN_POINT ( 'NONE',  ( -0.6719760071997545881, 0.4000000000000000222, 0.9898932463203373722 ) ) ;
#2043 = CARTESIAN_POINT ( 'NONE',  ( 1.439948586856617530, 0.4000000000000000222, 0.3729152754241341627 ) ) ;
#2044 = CARTESIAN_POINT ( 'NONE',  ( 0.01003160881831201973, -0.000000000000000000, 2.415210494779421957 ) ) ;
#2045 = VERTEX_POINT ( 'NONE', #2112 ) ;
#2046 = CARTESIAN_POINT ( 'NONE',  ( 1.439948586856617530, 0.4000000000000000222, 0.3729152754241341627 ) ) ;
#2047 = CLOSED_SHELL ( 'NONE', ( #593, #1729, #1107, #1366, #1346, #1055, #1243, #2165, #1551, #907, #1651, #757, #2496, #2294, #1716, #1569, #238, #2128, #2205, #158, #761, #1919, #1497, #2622, #2388, #2591, #641, #709, #2332, #1701 ) ) ;
#2048 = CARTESIAN_POINT ( 'NONE',  ( 1.156076827660980522, 0.000000000000000000, 1.829024614772599255 ) ) ;
#2049 = COLOUR_RGB ( '',0.7921568627450980005, 0.8196078431372548767, 0.9333333333333333481 ) ;
#2050 = FACE_OUTER_BOUND ( 'NONE', #2452, .T. ) ;
#2051 = CARTESIAN_POINT ( 'NONE',  ( -0.08400162982184886107, 0.000000000000000000, -1.308968792802971626 ) ) ;
#2052 = CARTESIAN_POINT ( 'NONE',  ( 5.572142936120455355E-16, 0.000000000000000000, -4.049999999999998046 ) ) ;
#2053 = FACE_OUTER_BOUND ( 'NONE', #1421, .T. ) ;
#2054 = CARTESIAN_POINT ( 'NONE',  ( -1.567944016799427631, 0.000000000000000000, 0.9218956741632194918 ) ) ;
#2055 = CARTESIAN_POINT ( 'NONE',  ( 0.07336787322834095737, 0.000000000000000000, 0.3161591750099116416 ) ) ;
#2056 = CARTESIAN_POINT ( 'NONE',  ( 0.9624851087167827224, 0.000000000000000000, 2.078535229959157959 ) ) ;
#2057 = EDGE_CURVE ( 'NONE', #2045, #646, #1719, .T. ) ;
#2058 = ORIENTED_EDGE ( 'NONE', *, *, #1069, .F. ) ;
#2059 = CARTESIAN_POINT ( 'NONE',  ( 1.224687788597288440, 0.000000000000000000, -0.9914873215215668223 ) ) ;
#2060 = CARTESIAN_POINT ( 'NONE',  ( -0.03899860756070003959, 0.4000000000000000222, 2.415842333026959832 ) ) ;
#2061 = CARTESIAN_POINT ( 'NONE',  ( 0.000000000000000000, 20.50000000000001066, 0.000000000000000000 ) ) ;
#2062 = CARTESIAN_POINT ( 'NONE',  ( -0.4480433542613168618, -5.421010862427522170E-17, 1.598874739683671775 ) ) ;
#2063 = CARTESIAN_POINT ( 'NONE',  ( -1.567322125449702064, 0.4000000000000000222, 0.8718638456228384737 ) ) ;
#2064 = DIRECTION ( 'NONE',  ( 0.000000000000000000, 0.000000000000000000, 1.000000000000000000 ) ) ;
#2065 = CARTESIAN_POINT ( 'NONE',  ( -0.2214272578785893286, 0.4000000000000000222, 1.700237090963820696 ) ) ;
#2066 = CARTESIAN_POINT ( 'NONE',  ( -1.375950871885212035, 0.000000000000000000, -1.554015923793020004 ) ) ;
#2067 = ORIENTED_EDGE ( 'NONE', *, *, #1823, .F. ) ;
#2068 = CARTESIAN_POINT ( 'NONE',  ( 0.7659990146665538457, 0.4000000000000000222, -1.670409783054901620 ) ) ;
#2069 = CARTESIAN_POINT ( 'NONE',  ( 0.9624851087167827224, 0.000000000000000000, 2.078535229959157959 ) ) ;
#2070 = DIRECTION ( 'NONE',  ( 0.000000000000000000, -1.000000000000000000, 0.000000000000000000 ) ) ;
#2071 = CARTESIAN_POINT ( 'NONE',  ( 6.184466335694133068E-16, 0.9999999999999974465, -5.049999999999999822 ) ) ;
#2072 = CARTESIAN_POINT ( 'NONE',  ( 1.167641881833676454, 0.4000000000000000222, -1.118290273087891418 ) ) ;
#2073 = CARTESIAN_POINT ( 'NONE',  ( 2.565151067676131547, 20.00000000000000000, 1.649999999999999911 ) ) ;
#2074 = CARTESIAN_POINT ( 'NONE',  ( -1.263954870685253029, 0.000000000000000000, -1.205028384339575709 ) ) ;
#2075 = ORIENTED_EDGE ( 'NONE', *, *, #1212, .F. ) ;
#2076 = CARTESIAN_POINT ( 'NONE',  ( 0.5067871525177873870, 0.000000000000000000, 1.083132680120335589 ) ) ;
#2077 = ORIENTED_EDGE ( 'NONE', *, *, #561, .F. ) ;
#2078 = CARTESIAN_POINT ( 'NONE',  ( -0.4687543263933814930, 0.4000000000000000222, 0.3943175464426150745 ) ) ;
#2079 = CARTESIAN_POINT ( 'NONE',  ( -0.03899860756070003959, 0.4000000000000000222, 2.415842333026959832 ) ) ;
#2080 = CARTESIAN_POINT ( 'NONE',  ( -0.1962527395597513657, 0.000000000000000000, -1.338787466646876867 ) ) ;
#2081 = CARTESIAN_POINT ( 'NONE',  ( -0.1815276453560616399, 0.4000000000000000222, 0.3057358126522678465 ) ) ;
#2082 = ADVANCED_FACE ( 'NONE', ( #2537, #1704 ), #875, .T. ) ;
#2083 = VECTOR ( 'NONE', #1190, 1000.000000000000000 ) ;
#2084 = CARTESIAN_POINT ( 'NONE',  ( 1.106888790523144595, 0.4000000000000000222, -1.242702678949732631 ) ) ;
#2085 = VECTOR ( 'NONE', #713, 1000.000000000000000 ) ;
#2086 = CARTESIAN_POINT ( 'NONE',  ( -1.067264126390405021, 0.000000000000000000, -1.255122113138309015 ) ) ;
#2087 = CARTESIAN_POINT ( 'NONE',  ( -0.1099960726071026323, 0.000000000000000000, 0.3039177389705877697 ) ) ;
#2088 = ORIENTED_EDGE ( 'NONE', *, *, #2514, .T. ) ;
#2089 = CARTESIAN_POINT ( 'NONE',  ( 0.3491537589738989977, 0.000000000000000000, 1.520925456130124420 ) ) ;
#2090 = ORIENTED_EDGE ( 'NONE', *, *, #1442, .T. ) ;
#2091 = CARTESIAN_POINT ( 'NONE',  ( -0.6063730274411164300, 0.4000000000000000222, 0.5724572107474192872 ) ) ;
#2092 = CARTESIAN_POINT ( 'NONE',  ( 0.5067871525177873870, 0.4000000000000000222, 1.083132680120335589 ) ) ;
#2093 = CARTESIAN_POINT ( 'NONE',  ( -0.07999714371425648007, 0.000000000000000000, 1.711867468341502496 ) ) ;
#2094 = CARTESIAN_POINT ( 'NONE',  ( -0.6676471504048434591, 0.4000000000000000222, 0.8354617898187258751 ) ) ;
#2095 = CARTESIAN_POINT ( 'NONE',  ( -1.003266310738967659, -5.421010862427522170E-17, -0.2612711618305763595 ) ) ;
#2096 = DIRECTION ( 'NONE',  ( 0.000000000000000000, 1.000000000000000000, 0.000000000000000000 ) ) ;
#2097 = EDGE_CURVE ( 'NONE', #2706, #1252, #1197, .T. ) ;
#2098 = CARTESIAN_POINT ( 'NONE',  ( 6.184466335694133068E-16, 0.9999999999999974465, 5.049999999999999822 ) ) ;
#2099 = CARTESIAN_POINT ( 'NONE',  ( -1.210307731464790315, 0.000000000000000000, -1.210166929804574742 ) ) ;
#2100 = CARTESIAN_POINT ( 'NONE',  ( 0.4984500298488964698, -0.000000000000000000, 0.4804732397369266272 ) ) ;
#2101 = VERTEX_POINT ( 'NONE', #88 ) ;
#2102 = CARTESIAN_POINT ( 'NONE',  ( 0.000000000000000000, 0.000000000000000000, 4.049999999999998046 ) ) ;
#2103 = LINE ( 'NONE', #1901, #423 ) ;
#2104 = ORIENTED_EDGE ( 'NONE', *, *, #657, .F. ) ;
#2105 = CARTESIAN_POINT ( 'NONE',  ( -0.3120596014231357129, 0.000000000000000000, 0.3267051093652464377 ) ) ;
#2106 = CARTESIAN_POINT ( 'NONE',  ( 0.3904013936769012427, 0.4000000000000000222, 1.455313189788543404 ) ) ;
#2107 = CARTESIAN_POINT ( 'NONE',  ( 0.4314309185161057658, 0.000000000000000000, -0.8247825516214947195 ) ) ;
#2108 = CARTESIAN_POINT ( 'NONE',  ( -0.4667361883971740122, -5.421010862427522170E-17, -0.3967824054163042735 ) ) ;
#2109 = CARTESIAN_POINT ( 'NONE',  ( -1.283374766213341900, -5.421010862427522170E-17, -0.04977142956567005838 ) ) ;
#2110 = CARTESIAN_POINT ( 'NONE',  ( 0.5639798631855087452, 0.000000000000000000, -0.1570658016828154757 ) ) ;
#2111 = CARTESIAN_POINT ( 'NONE',  ( 0.8822520609014464776, 0.000000000000000000, 2.146210584722230585 ) ) ;
#2112 = CARTESIAN_POINT ( 'NONE',  ( -2.565151067676131547, 20.00000000000000000, 1.649999999999999911 ) ) ;
#2113 = ORIENTED_EDGE ( 'NONE', *, *, #1839, .F. ) ;
#2114 = ADVANCED_FACE ( 'NONE', ( #919 ), #1871, .F. ) ;
#2115 = CARTESIAN_POINT ( 'NONE',  ( -0.3049891104106028372, 0.4000000000000000222, -0.4000571257148696214 ) ) ;
#2116 = ORIENTED_EDGE ( 'NONE', *, *, #2316, .T. ) ;
#2117 = CARTESIAN_POINT ( 'NONE',  ( -0.1815276453560616399, 0.4000000000000000222, 0.3057358126522678465 ) ) ;
#2118 = CARTESIAN_POINT ( 'NONE',  ( -0.05464761103668220460, 0.4000000000000000222, 1.710938786717787430 ) ) ;
#2119 = CARTESIAN_POINT ( 'NONE',  ( 0.5236285494622847647, 0.4000000000000000222, 0.9595887024270716159 ) ) ;
#2120 = CARTESIAN_POINT ( 'NONE',  ( 1.439019383604892122, -5.421010862427522170E-17, 0.4669537915848339105 ) ) ;
#2121 = CARTESIAN_POINT ( 'NONE',  ( 0.06575301737606042973, 0.4000000000000000222, 1.699887294690466621 ) ) ;
#2122 = CARTESIAN_POINT ( 'NONE',  ( 1.294476455121066349, 0.000000000000000000, 1.526403891793110423 ) ) ;
#2123 = MECHANICAL_DESIGN_GEOMETRIC_PRESENTATION_REPRESENTATION (  '', ( #727 ), #243 ) ;
#2124 = CARTESIAN_POINT ( 'NONE',  ( -1.375932578583713095, 0.4000000000000000222, -1.519677287136363075 ) ) ;
#2125 = CARTESIAN_POINT ( 'NONE',  ( 0.07336787322834095737, 0.4000000000000000222, 0.3161591750099116416 ) ) ;
#2126 = CARTESIAN_POINT ( 'NONE',  ( -1.514909160381537889, 0.4000000000000000222, 1.380304408931673832 ) ) ;
#2127 = CARTESIAN_POINT ( 'NONE',  ( -1.200713819662013959, 0.000000000000000000, -0.1301310324529638685 ) ) ;
#2128 = ADVANCED_FACE ( 'NONE', ( #1496 ), #2511, .T. ) ;
#2129 = CARTESIAN_POINT ( 'NONE',  ( 0.6000151580086728886, 0.000000000000000000, 2.308792683692472814 ) ) ;
#2130 = ORIENTED_EDGE ( 'NONE', *, *, #2418, .T. ) ;
#2131 = B_SPLINE_SURFACE_WITH_KNOTS ( 'NONE', 3, 1, ( 
 ( #2243, #381 ),
 ( #1585, #1207 ),
 ( #1169, #2419 ),
 ( #2676, #543 ),
 ( #370, #1380 ),
 ( #2230, #2214 ),
 ( #1194, #1181 ),
 ( #2040, #340 ),
 ( #1896, #2276 ),
 ( #616, #2507 ),
 ( #432, #14 ),
 ( #818, #1013 ),
 ( #1452, #2304 ) ),
 .UNSPECIFIED., .F., .F., .F.,
 ( 4, 1, 1, 1, 1, 1, 1, 1, 1, 1, 4 ),
 ( 2, 2 ),
 ( 0.000000000000000000, 0.1565833154866576316, 0.2962216993001191012, 0.4189303542728822771, 0.5288982353541163972, 0.6332815193530475506, 0.7413212198662807451, 0.7997463676176569392, 0.8616645060932084377, 0.9285877698495877963, 1.000000000000000000 ),
 ( 0.000000000000000000, 1.000000000000000000 ),
 .UNSPECIFIED. ) ;
#2132 = CARTESIAN_POINT ( 'NONE',  ( -0.9724629371584093684, 0.4000000000000000222, -1.285703117504754633 ) ) ;
#2133 = B_SPLINE_CURVE_WITH_KNOTS ( 'NONE', 3,
 ( #666, #204, #1660, #2080, #2531, #1504, #1461, #439, #2341, #638, #826, #2107, #10, #1020, #1670, #229, #840, #2312, #1490 ),
 .UNSPECIFIED., .F., .F.,
 ( 4, 1, 1, 1, 1, 1, 1, 1, 1, 1, 1, 1, 1, 1, 1, 1, 4 ),
 ( 0.000000000000000000, 0.07477825837011099763, 0.1440439660890402984, 0.2086263953084034894, 0.2700646083433936306, 0.3292136887618210550, 0.3866169340887301575, 0.4426293903463470181, 0.4992997688124813371, 0.5569415840805832518, 0.6149679642114513900, 0.6744202797497125257, 0.7359123848388289257, 0.7992717941192870601, 0.8641855423886914966, 0.9313634008645771400, 1.000000000000000000 ),
 .UNSPECIFIED. ) ;
#2134 = CARTESIAN_POINT ( 'NONE',  ( 0.4984500298488964698, -5.421010862427522170E-17, 0.4804732397369266272 ) ) ;
#2135 = CARTESIAN_POINT ( 'NONE',  ( -1.003266310738967659, 0.000000000000000000, -0.2612711618305763595 ) ) ;
#2136 = CARTESIAN_POINT ( 'NONE',  ( 1.437198282084200196, 0.4000000000000000222, 0.6512554333041424837 ) ) ;
#2137 = CARTESIAN_POINT ( 'NONE',  ( -0.6199525907439804584, -5.421010862427522170E-17, -0.3795869413633365386 ) ) ;
#2138 = CARTESIAN_POINT ( 'NONE',  ( 0.5435393071777121499, -5.421010862427522170E-17, 0.6706788622685061485 ) ) ;
#2139 = CARTESIAN_POINT ( 'NONE',  ( -0.9657438751140597910, 0.4000000000000000222, 2.174660339125088715 ) ) ;
#2140 = CARTESIAN_POINT ( 'NONE',  ( -0.4489839690962646457, 0.4000000000000000222, -1.360022850285947715 ) ) ;
#2141 = EDGE_LOOP ( 'NONE', ( #1501, #1861, #2130, #2568 ) ) ;
#2142 = CARTESIAN_POINT ( 'NONE',  ( 0.5371543425131620753, -0.000000000000000000, -0.1730390761087862439 ) ) ;
#2143 = CARTESIAN_POINT ( 'NONE',  ( -0.5315272700844405618, 0.000000000000000000, 1.510179422518024062 ) ) ;
#2144 = CARTESIAN_POINT ( 'NONE',  ( -1.567944016799427631, 0.000000000000000000, 0.9218956741632194918 ) ) ;
#2145 = FILL_AREA_STYLE ('',( #314 ) ) ;
#2146 = CARTESIAN_POINT ( 'NONE',  ( 1.437198282084200196, 0.000000000000000000, 0.6512554333041424837 ) ) ;
#2147 = ORIENTED_EDGE ( 'NONE', *, *, #579, .F. ) ;
#2148 = CARTESIAN_POINT ( 'NONE',  ( -0.5893801468470077909, -5.421010862427522170E-17, -2.061333747738501199 ) ) ;
#2149 = CARTESIAN_POINT ( 'NONE',  ( 0.5236285494622847647, -5.421010862427522170E-17, 0.9595887024270716159 ) ) ;
#2150 = CARTESIAN_POINT ( 'NONE',  ( -0.2214272578785893286, 0.4000000000000000222, 1.700237090963820696 ) ) ;
#2151 = CARTESIAN_POINT ( 'NONE',  ( 0.2426378909399972139, 0.4000000000000000222, 2.400722697331309163 ) ) ;
#2152 = CARTESIAN_POINT ( 'NONE',  ( -1.532162547200392799, -5.421010862427522170E-17, 0.4969210273841810910 ) ) ;
#2153 = CARTESIAN_POINT ( 'NONE',  ( 0.3491537589738989977, 0.4000000000000000222, 1.520925456130124420 ) ) ;
#2154 = CARTESIAN_POINT ( 'NONE',  ( -1.079813959346647811, 0.4000000000000000222, 2.090398004051108316 ) ) ;
#2155 = CARTESIAN_POINT ( 'NONE',  ( 0.5371543425131620753, 0.000000000000000000, -0.1730390761087862439 ) ) ;
#2156 = CARTESIAN_POINT ( 'NONE',  ( 0.2960482588374704904, 0.000000000000000000, -0.2917324219827031606 ) ) ;
#2157 = DIRECTION ( 'NONE',  ( 0.000000000000000000, 0.000000000000000000, 1.000000000000000000 ) ) ;
#2158 = CARTESIAN_POINT ( 'NONE',  ( -1.200713819662013959, 0.4000000000000000222, -0.1301310324529638685 ) ) ;
#2159 = ORIENTED_EDGE ( 'NONE', *, *, #2368, .T. ) ;
#2160 = FACE_OUTER_BOUND ( 'NONE', #1372, .T. ) ;
#2161 = CARTESIAN_POINT ( 'NONE',  ( 0.000000000000000000, 2.000000000000000000, 0.000000000000000000 ) ) ;
#2162 = CARTESIAN_POINT ( 'NONE',  ( 0.7965721228421628330, -5.421010862427522170E-17, 2.208654463964393688 ) ) ;
#2163 = CARTESIAN_POINT ( 'NONE',  ( 0.1917871633323834923, 0.4000000000000000222, -1.152277284137087188 ) ) ;
#2164 = CARTESIAN_POINT ( 'NONE',  ( 0.4581781590670134796, -5.421010862427522170E-17, 1.292630013657372512 ) ) ;
#2165 = ADVANCED_FACE ( 'NONE', ( #950 ), #935, .F. ) ;
#2166 = CARTESIAN_POINT ( 'NONE',  ( -0.07898058596003411369, 0.4000000000000000222, 0.3048750351660812208 ) ) ;
#2167 = CARTESIAN_POINT ( 'NONE',  ( 0.2960482588374704904, 0.000000000000000000, -0.2917324219827031606 ) ) ;
#2168 = VECTOR ( 'NONE', #1550, 1000.000000000000000 ) ;
#2169 = EDGE_LOOP ( 'NONE', ( #559, #295, #1472, #2278 ) ) ;
#2170 = CARTESIAN_POINT ( 'NONE',  ( -1.210307731464790315, 0.4000000000000000222, -1.210166929804574742 ) ) ;
#2171 = VECTOR ( 'NONE', #858, 1000.000000000000000 ) ;
#2172 = CARTESIAN_POINT ( 'NONE',  ( -0.5523256721654606904, 0.4000000000000000222, 2.357683460398168229 ) ) ;
#2173 = CARTESIAN_POINT ( 'NONE',  ( -1.566109258396468418, 0.000000000000000000, 0.7742873855603755739 ) ) ;
#2174 = CARTESIAN_POINT ( 'NONE',  ( -1.283374766213341900, 0.4000000000000000222, -0.04977142956567005838 ) ) ;
#2175 = DIRECTION ( 'NONE',  ( 0.000000000000000000, 0.000000000000000000, -1.000000000000000000 ) ) ;
#2176 = AXIS2_PLACEMENT_3D ( 'NONE', #508, #1975, #778 ) ;
#2177 = ORIENTED_EDGE ( 'NONE', *, *, #1989, .F. ) ;
#2178 = CARTESIAN_POINT ( 'NONE',  ( 1.271957516194466509, 0.4000000000000000222, -0.8604801167805072870 ) ) ;
#2179 = CARTESIAN_POINT ( 'NONE',  ( 0.07909795447553129299, 0.4000000000000000222, -0.3611283986805062796 ) ) ;
#2180 = CARTESIAN_POINT ( 'NONE',  ( -0.6719760071997545881, 0.000000000000000000, 0.9898932463203373722 ) ) ;
#2181 = CARTESIAN_POINT ( 'NONE',  ( -0.4480433542613168618, 0.4000000000000000222, 1.598874739683671775 ) ) ;
#2182 = CARTESIAN_POINT ( 'NONE',  ( 0.4581781590670134796, 0.4000000000000000222, 1.292630013657372512 ) ) ;
#2183 = CARTESIAN_POINT ( 'NONE',  ( 1.379464826683171275, 0.000000000000000000, -0.4536713355799317227 ) ) ;
#2184 = EDGE_CURVE ( 'NONE', #124, #1888, #553, .T. ) ;
#2185 = CARTESIAN_POINT ( 'NONE',  ( -1.364043927910037590, 0.4000000000000000222, -1.743033062228969365 ) ) ;
#2186 = LINE ( 'NONE', #2028, #1563 ) ;
#2187 = EDGE_CURVE ( 'NONE', #1130, #861, #89, .T. ) ;
#2188 = CARTESIAN_POINT ( 'NONE',  ( 0.2960482588374704904, 0.000000000000000000, -0.2917324219827031606 ) ) ;
#2189 = CARTESIAN_POINT ( 'NONE',  ( -1.283374766213341900, 0.000000000000000000, -0.04977142956567005838 ) ) ;
#2190 = PLANE ( 'NONE',  #1116 ) ;
#2191 = CARTESIAN_POINT ( 'NONE',  ( 0.1090878237677617990, 0.000000000000000000, -1.213041839790236942 ) ) ;
#2192 = ORIENTED_EDGE ( 'NONE', *, *, #2685, .F. ) ;
#2193 = CARTESIAN_POINT ( 'NONE',  ( 1.435292451692306015, 0.000000000000000000, 0.1006259711159401687 ) ) ;
#2194 = DIRECTION ( 'NONE',  ( 0.000000000000000000, 0.000000000000000000, -1.000000000000000000 ) ) ;
#2195 = CARTESIAN_POINT ( 'NONE',  ( -0.3049891104106028372, 0.4000000000000000222, -0.4000571257148696214 ) ) ;
#2196 = CARTESIAN_POINT ( 'NONE',  ( -0.4045870088085526395, 0.4000000000000000222, -1.358964974890988442 ) ) ;
#2197 = CARTESIAN_POINT ( 'NONE',  ( 0.4314309185161057658, 0.000000000000000000, -0.8247825516214947195 ) ) ;
#2198 = CARTESIAN_POINT ( 'NONE',  ( 0.07909795447553129299, 0.4000000000000000222, -0.3611283986805062796 ) ) ;
#2199 = DIRECTION ( 'NONE',  ( 0.000000000000000000, -1.000000000000000000, 0.000000000000000000 ) ) ;
#2200 = CARTESIAN_POINT ( 'NONE',  ( -1.375950871885212035, -5.421010862427522170E-17, -1.554015923793020004 ) ) ;
#2201 = CARTESIAN_POINT ( 'NONE',  ( -0.4489839690962646457, 0.000000000000000000, -1.360022850285947715 ) ) ;
#2202 = CARTESIAN_POINT ( 'NONE',  ( -1.514909160381537889, 0.000000000000000000, 1.380304408931673832 ) ) ;
#2203 = CARTESIAN_POINT ( 'NONE',  ( -1.352622216732949356, 0.4000000000000000222, 0.04218593467476654257 ) ) ;
#2204 = CARTESIAN_POINT ( 'NONE',  ( 0.1917871633323834923, 0.000000000000000000, -1.152277284137087188 ) ) ;
#2205 = ADVANCED_FACE ( 'NONE', ( #2010 ), #655, .T. ) ;
#2206 = EDGE_LOOP ( 'NONE', ( #424, #926, #2067, #1249 ) ) ;
#2207 = CARTESIAN_POINT ( 'NONE',  ( -1.182968817219005153, 0.4000000000000000222, -1.930046925294719662 ) ) ;
#2208 = CARTESIAN_POINT ( 'NONE',  ( -0.7017400443482771921, -5.421010862427522170E-17, 2.307954261202188384 ) ) ;
#2209 = CARTESIAN_POINT ( 'NONE',  ( 0.5272261416266849077, 0.000000000000000000, -0.5113734547950239406 ) ) ;
#2210 = CARTESIAN_POINT ( 'NONE',  ( 0.6552396610809695376, 0.000000000000000000, -1.756606555582111096 ) ) ;
#2211 = CARTESIAN_POINT ( 'NONE',  ( -0.4489839690962646457, 0.000000000000000000, -1.360022850285947715 ) ) ;
#2212 = CARTESIAN_POINT ( 'NONE',  ( -1.375932578583713095, 0.4000000000000000222, -1.519677287136363075 ) ) ;
#2213 = CARTESIAN_POINT ( 'NONE',  ( 0.5639798631855087452, 0.4000000000000000222, -0.1570658016828154757 ) ) ;
#2214 = CARTESIAN_POINT ( 'NONE',  ( -0.5495498143533993352, 0.000000000000000000, 0.4710444219404785193 ) ) ;
#2215 = CARTESIAN_POINT ( 'NONE',  ( -0.7602370900749504390, 0.4000000000000000222, -0.3519807242318635510 ) ) ;
#2216 = COLOUR_RGB ( '',0.7921568627450980005, 0.8196078431372548767, 0.9333333333333333481 ) ;
#2217 = CARTESIAN_POINT ( 'NONE',  ( -0.03899860756070003959, -5.421010862427522170E-17, 2.415842333026959832 ) ) ;
#2218 = B_SPLINE_CURVE_WITH_KNOTS ( 'NONE', 3,
 ( #2036, #2502, #1201, #984, #2249, #800, #813, #1425, #2262 ),
 .UNSPECIFIED., .F., .F.,
 ( 4, 1, 1, 1, 1, 1, 4 ),
 ( 0.000000000000000000, 0.1336743958894396900, 0.2651399168935412720, 0.3927206219716536384, 0.5195556138724147788, 0.7667741705809816288, 0.9999999999999998890 ),
 .UNSPECIFIED. ) ;
#2219 = EDGE_LOOP ( 'NONE', ( #163, #1681, #848, #2334 ) ) ;
#2220 = DIRECTION ( 'NONE',  ( 0.000000000000000000, -1.000000000000000000, 0.000000000000000000 ) ) ;
#2221 = MECHANICAL_DESIGN_GEOMETRIC_PRESENTATION_REPRESENTATION (  '', ( #2004 ), #949 ) ;
#2222 = EDGE_CURVE ( 'NONE', #1278, #677, #1855, .T. ) ;
#2223 = CARTESIAN_POINT ( 'NONE',  ( 0.07336787322834095737, 0.000000000000000000, 0.3161591750099116416 ) ) ;
#2224 = VECTOR ( 'NONE', #2199, 1000.000000000000000 ) ;
#2225 = DIRECTION ( 'NONE',  ( 0.000000000000000000, -1.000000000000000000, 0.000000000000000000 ) ) ;
#2226 = CARTESIAN_POINT ( 'NONE',  ( 0.2960482588374704904, 0.4000000000000000222, -0.2917324219827031606 ) ) ;
#2227 = CARTESIAN_POINT ( 'NONE',  ( 0.1090878237677617990, 0.4000000000000000222, -1.213041839790236942 ) ) ;
#2228 = CARTESIAN_POINT ( 'NONE',  ( -1.375313893287328781, 0.4000000000000000222, -1.591029544774432480 ) ) ;
#2229 = CARTESIAN_POINT ( 'NONE',  ( -1.375932578583713095, -5.421010862427522170E-17, -1.519677287136363075 ) ) ;
#2230 = CARTESIAN_POINT ( 'NONE',  ( -0.5495498143533993352, 0.4000000000000000222, 0.4710444219404785193 ) ) ;
#2231 = CARTESIAN_POINT ( 'NONE',  ( -1.351207402526288570, 0.000000000000000000, 1.776474992373511919 ) ) ;
#2232 = CARTESIAN_POINT ( 'NONE',  ( -0.08400162982184886107, 0.000000000000000000, -1.308968792802971626 ) ) ;
#2233 = VERTEX_POINT ( 'NONE', #794 ) ;
#2234 = CARTESIAN_POINT ( 'NONE',  ( 0.09972491500653890562, 0.4000000000000000222, -2.007719999653640564 ) ) ;
#2235 = CARTESIAN_POINT ( 'NONE',  ( 0.5272261416266849077, 0.4000000000000000222, -0.5113734547950239406 ) ) ;
#2236 = ORIENTED_EDGE ( 'NONE', *, *, #443, .T. ) ;
#2237 = CARTESIAN_POINT ( 'NONE',  ( 0.9624851087167827224, 0.4000000000000000222, 2.078535229959157959 ) ) ;
#2238 = CARTESIAN_POINT ( 'NONE',  ( 1.326996471941946032, 0.000000000000000000, -0.6821389398791203318 ) ) ;
#2239 = CARTESIAN_POINT ( 'NONE',  ( 0.5639798631855087452, 0.4000000000000000222, -0.1570658016828154757 ) ) ;
#2240 = CARTESIAN_POINT ( 'NONE',  ( -1.147179339003592480, 0.000000000000000000, -1.231306286868577349 ) ) ;
#2241 = B_SPLINE_CURVE_WITH_KNOTS ( 'NONE', 3,
 ( #1081, #5, #661, #2539, #835, #1692, #1470, #1499, #2307, #647, #1927, #435, #1706, #1263, #448, #2527, #809, #1277, #225 ),
 .UNSPECIFIED., .F., .F.,
 ( 4, 1, 1, 1, 1, 1, 1, 1, 1, 1, 1, 1, 1, 1, 1, 1, 4 ),
 ( 0.000000000000000000, 0.07477825837011099763, 0.1440439660890402984, 0.2086263953084034894, 0.2700646083433936306, 0.3292136887618210550, 0.3866169340887301575, 0.4426293903463470181, 0.4992997688124813371, 0.5569415840805832518, 0.6149679642114513900, 0.6744202797497125257, 0.7359123848388289257, 0.7992717941192870601, 0.8641855423886914966, 0.9313634008645771400, 1.000000000000000000 ),
 .UNSPECIFIED. ) ;
#2242 = CARTESIAN_POINT ( 'NONE',  ( -0.6400397581694484694, 0.000000000000000000, 1.277652933510549982 ) ) ;
#2243 = CARTESIAN_POINT ( 'NONE',  ( -0.6719760071997545881, 0.4000000000000000222, 0.9898932463203373722 ) ) ;
#2244 = CARTESIAN_POINT ( 'NONE',  ( -1.502402976625767606, 0.4000000000000000222, 0.3699071092237977143 ) ) ;
#2245 = CARTESIAN_POINT ( 'NONE',  ( 1.208660751933531952, 0.4000000000000000222, 1.733728982705466271 ) ) ;
#2246 = VERTEX_POINT ( 'NONE', #1428 ) ;
#2247 = CARTESIAN_POINT ( 'NONE',  ( 0.2563256360589597493, 0.4000000000000000222, -1.959957444139459604 ) ) ;
#2248 = CARTESIAN_POINT ( 'NONE',  ( 0.8822520609014464776, 0.4000000000000000222, 2.146210584722230585 ) ) ;
#2249 = CARTESIAN_POINT ( 'NONE',  ( 0.1610601391624330303, 0.4000000000000000222, 0.3350122754414435744 ) ) ;
#2250 = CYLINDRICAL_SURFACE ( 'NONE', #1164, 4.349999999999999645 ) ;
#2251 = CARTESIAN_POINT ( 'NONE',  ( 0.000000000000000000, 23.00000000000000000, 0.000000000000000000 ) ) ;
#2252 = CARTESIAN_POINT ( 'NONE',  ( 0.4009425128878277289, 0.4000000000000000222, -1.902157243858849656 ) ) ;
#2253 = ADVANCED_FACE ( 'NONE', ( #1673 ), #962, .F. ) ;
#2254 = CARTESIAN_POINT ( 'NONE',  ( -0.4936933040139667161, -0.000000000000000000, -2.063111387898301174 ) ) ;
#2255 = CARTESIAN_POINT ( 'NONE',  ( -1.366042693414577958, 0.4000000000000000222, -1.315757319754785160 ) ) ;
#2256 = CARTESIAN_POINT ( 'NONE',  ( 1.439019383604892122, -0.000000000000000000, 0.4669537915848339105 ) ) ;
#2257 = ORIENTED_EDGE ( 'NONE', *, *, #1123, .F. ) ;
#2258 = DIRECTION ( 'NONE',  ( -0.000000000000000000, 1.000000000000000000, -0.000000000000000000 ) ) ;
#2259 = ORIENTED_EDGE ( 'NONE', *, *, #54, .T. ) ;
#2260 = CARTESIAN_POINT ( 'NONE',  ( 0.1049449310554575188, 0.4000000000000000222, 2.413987374189318746 ) ) ;
#2261 = VECTOR ( 'NONE', #802, 1000.000000000000000 ) ;
#2262 = CARTESIAN_POINT ( 'NONE',  ( 0.5439805772569443754, 0.4000000000000000222, 0.5099103840347984917 ) ) ;
#2263 = CARTESIAN_POINT ( 'NONE',  ( 0.3847984103529097366, 0.4000000000000000222, -0.9177953620510723720 ) ) ;
#2264 = CARTESIAN_POINT ( 'NONE',  ( -1.003266310738967659, 0.4000000000000000222, -0.2612711618305763595 ) ) ;
#2265 = CARTESIAN_POINT ( 'NONE',  ( -0.2538323544640959106, 0.4000000000000000222, -2.060112999032434278 ) ) ;
#2266 = CARTESIAN_POINT ( 'NONE',  ( -1.182968817219005153, 0.000000000000000000, -1.930046925294719662 ) ) ;
#2267 = CARTESIAN_POINT ( 'NONE',  ( -1.354872710022453797, 0.000000000000000000, -1.268949571036205093 ) ) ;
#2268 = ORIENTED_EDGE ( 'NONE', *, *, #1989, .T. ) ;
#2269 = EDGE_CURVE ( 'NONE', #124, #16, #554, .T. ) ;
#2270 = CARTESIAN_POINT ( 'NONE',  ( 0.9554435485504344516, 0.4000000000000000222, -1.471529103612861045 ) ) ;
#2271 = CARTESIAN_POINT ( 'NONE',  ( 0.000000000000000000, 0.9999999999999974465, 0.000000000000000000 ) ) ;
#2272 = CARTESIAN_POINT ( 'NONE',  ( 1.099110312187802529, 0.4000000000000000222, 1.919408476514459894 ) ) ;
#2273 = CARTESIAN_POINT ( 'NONE',  ( -0.005745379297430137921, 0.000000000000000000, 1.709147250575780097 ) ) ;
#2274 = LINE ( 'NONE', #1854, #2301 ) ;
#2275 = CARTESIAN_POINT ( 'NONE',  ( 0.000000000000000000, 23.00000000000000000, -4.349999999999999645 ) ) ;
#2276 = CARTESIAN_POINT ( 'NONE',  ( -0.3120596014231357129, 0.000000000000000000, 0.3267051093652464377 ) ) ;
#2277 = CARTESIAN_POINT ( 'NONE',  ( 0.5439805772569443754, -5.421010862427522170E-17, 0.5099103840347984917 ) ) ;
#2278 = ORIENTED_EDGE ( 'NONE', *, *, #40, .T. ) ;
#2279 = CARTESIAN_POINT ( 'NONE',  ( -0.07898058596003411369, 0.4000000000000000222, 0.3048750351660812208 ) ) ;
#2280 = EDGE_CURVE ( 'NONE', #2706, #912, #828, .T. ) ;
#2281 = ORIENTED_EDGE ( 'NONE', *, *, #1041, .T. ) ;
#2282 = CARTESIAN_POINT ( 'NONE',  ( 1.439948586856617752, 0.000000000000000000, 0.3729152754241342183 ) ) ;
#2283 = CARTESIAN_POINT ( 'NONE',  ( 0.07336787322834095737, 0.4000000000000000222, 0.3161591750099116416 ) ) ;
#2284 = CARTESIAN_POINT ( 'NONE',  ( -0.07999714371425648007, 0.3999999999999999667, 1.711867468341502496 ) ) ;
#2285 = CARTESIAN_POINT ( 'NONE',  ( -0.6719760071997545881, 0.4000000000000000222, 0.9898932463203373722 ) ) ;
#2286 = VERTEX_POINT ( 'NONE', #2458 ) ;
#2287 = CARTESIAN_POINT ( 'NONE',  ( -0.3805959776326643951, 0.4000000000000000222, -2.062675769029694628 ) ) ;
#2288 = FACE_OUTER_BOUND ( 'NONE', #2437, .T. ) ;
#2289 = CARTESIAN_POINT ( 'NONE',  ( -0.3866859182099619541, 0.000000000000000000, 0.3495353627996934387 ) ) ;
#2290 = ORIENTED_EDGE ( 'NONE', *, *, #819, .F. ) ;
#2291 = CARTESIAN_POINT ( 'NONE',  ( 0.4984500298488964698, -5.421010862427522170E-17, 0.4804732397369266272 ) ) ;
#2292 = VERTEX_POINT ( 'NONE', #580 ) ;
#2293 = CARTESIAN_POINT ( 'NONE',  ( -0.1099960726071026323, 0.4000000000000000222, 0.3039177389705877697 ) ) ;
#2294 = ADVANCED_FACE ( 'NONE', ( #2053 ), #989, .T. ) ;
#2295 = CARTESIAN_POINT ( 'NONE',  ( -1.514909160381537889, -5.421010862427522170E-17, 1.380304408931673832 ) ) ;
#2296 = VECTOR ( 'NONE', #1485, 1000.000000000000000 ) ;
#2297 = DIRECTION ( 'NONE',  ( 0.000000000000000000, 0.000000000000000000, 1.000000000000000000 ) ) ;
#2298 = CARTESIAN_POINT ( 'NONE',  ( -1.200713819662013959, -5.421010862427522170E-17, -0.1301310324529638685 ) ) ;
#2299 = CARTESIAN_POINT ( 'NONE',  ( -0.8885684291690013614, -5.421010862427522170E-17, -0.3138189770866814388 ) ) ;
#2300 = B_SPLINE_CURVE_WITH_KNOTS ( 'NONE', 3,
 ( #1397, #1985, #1560, #1575, #2232, #1352, #2191, #2204, #315, #545, #1783, #2615, #748, #1157, #123, #953, #1171, #1797, #2628 ),
 .UNSPECIFIED., .F., .F.,
 ( 4, 1, 1, 1, 1, 1, 1, 1, 1, 1, 1, 1, 1, 1, 1, 1, 4 ),
 ( 0.000000000000000000, 0.07477825837011099763, 0.1440439660890402984, 0.2086263953084034894, 0.2700646083433936306, 0.3292136887618210550, 0.3866169340887301575, 0.4426293903463470181, 0.4992997688124813371, 0.5569415840805832518, 0.6149679642114513900, 0.6744202797497125257, 0.7359123848388289257, 0.7992717941192870601, 0.8641855423886914966, 0.9313634008645771400, 1.000000000000000000 ),
 .UNSPECIFIED. ) ;
#2301 = VECTOR ( 'NONE', #1907, 1000.000000000000000 ) ;
#2302 = CARTESIAN_POINT ( 'NONE',  ( 1.438414833145850835, 0.000000000000000000, 0.2832218459709183733 ) ) ;
#2303 = CARTESIAN_POINT ( 'NONE',  ( 0.1049449310554575188, 0.000000000000000000, 2.413987374189318746 ) ) ;
#2304 = CARTESIAN_POINT ( 'NONE',  ( -0.1099960726071026323, 0.000000000000000000, 0.3039177389705877697 ) ) ;
#2305 = CARTESIAN_POINT ( 'NONE',  ( -0.6063730274411164300, 0.000000000000000000, 0.5724572107474192872 ) ) ;
#2306 = EDGE_LOOP ( 'NONE', ( #1957, #2088 ) ) ;
#2307 = CARTESIAN_POINT ( 'NONE',  ( 0.2647485321581982687, 0.4000000000000000222, -1.082098490292699555 ) ) ;
#2308 = CARTESIAN_POINT ( 'NONE',  ( 1.439948586856617530, 0.000000000000000000, 0.3729152754241341627 ) ) ;
#2309 = ORIENTED_EDGE ( 'NONE', *, *, #1179, .F. ) ;
#2310 = CARTESIAN_POINT ( 'NONE',  ( -0.8620775794044499563, 0.000000000000000000, -1.312270545943490685 ) ) ;
#2311 = CARTESIAN_POINT ( 'NONE',  ( 0.06575301737606042973, 0.4000000000000000222, 1.699887294690466621 ) ) ;
#2312 = CARTESIAN_POINT ( 'NONE',  ( 0.5619668647788237381, -0.000000000000000000, -0.1977500689069331130 ) ) ;
#2313 = CARTESIAN_POINT ( 'NONE',  ( -0.5495498143533993352, 0.4000000000000000222, 0.4710444219404785193 ) ) ;
#2314 = CARTESIAN_POINT ( 'NONE',  ( -1.352622216732949356, -5.421010862427522170E-17, 0.04218593467476654257 ) ) ;
#2315 = CARTESIAN_POINT ( 'NONE',  ( -0.005745379297430137921, -5.421010862427522170E-17, 1.709147250575780097 ) ) ;
#2316 = EDGE_CURVE ( 'NONE', #1042, #1139, #1298, .T. ) ;
#2317 = CARTESIAN_POINT ( 'NONE',  ( -1.263954870685253029, 0.4000000000000000222, -1.205028384339575709 ) ) ;
#2318 = CARTESIAN_POINT ( 'NONE',  ( -0.1047010547100640371, 0.4000000000000000222, 1.711423646489464767 ) ) ;
#2319 = CARTESIAN_POINT ( 'NONE',  ( -0.7380052995987335107, 0.4000000000000000222, -1.339961938649163908 ) ) ;
#2320 = B_SPLINE_SURFACE_WITH_KNOTS ( 'NONE', 3, 1, ( 
 ( #85, #305 ),
 ( #1567, #290 ),
 ( #916, #1978 ),
 ( #2413, #539 ),
 ( #1388, #712 ),
 ( #1376, #1150 ),
 ( #1581, #1992 ),
 ( #2163, #2401 ),
 ( #931, #1775 ),
 ( #1119, #2620 ),
 ( #1358, #527 ),
 ( #752, #2197 ),
 ( #115, #1759 ),
 ( #511, #1341 ),
 ( #333, #2209 ),
 ( #1163, #2006 ),
 ( #102, #2608 ),
 ( #1802, #320 ),
 ( #2427, #726 ) ),
 .UNSPECIFIED., .F., .F., .F.,
 ( 4, 1, 1, 1, 1, 1, 1, 1, 1, 1, 1, 1, 1, 1, 1, 1, 4 ),
 ( 2, 2 ),
 ( 0.000000000000000000, 0.07477825837011099763, 0.1440439660890402984, 0.2086263953084034894, 0.2700646083433936306, 0.3292136887618210550, 0.3866169340887301575, 0.4426293903463470181, 0.4992997688124813371, 0.5569415840805832518, 0.6149679642114513900, 0.6744202797497125257, 0.7359123848388289257, 0.7992717941192870601, 0.8641855423886914966, 0.9313634008645771400, 1.000000000000000000 ),
 ( 0.000000000000000000, 1.000000000000000000 ),
 .UNSPECIFIED. ) ;
#2321 = ORIENTED_EDGE ( 'NONE', *, *, #561, .T. ) ;
#2322 = CARTESIAN_POINT ( 'NONE',  ( 0.2732121574249480322, -5.421010862427522170E-17, 0.3663256960546453778 ) ) ;
#2323 = CARTESIAN_POINT ( 'NONE',  ( 0.000000000000000000, 0.9999999999999974465, 5.049999999999999822 ) ) ;
#2324 = ORIENTED_EDGE ( 'NONE', *, *, #2269, .T. ) ;
#2325 = CARTESIAN_POINT ( 'NONE',  ( -0.5003609701475891791, 0.4000000000000000222, -1.358901495555705941 ) ) ;
#2326 = CARTESIAN_POINT ( 'NONE',  ( -1.351207402526288570, -5.421010862427522170E-17, 1.776474992373511919 ) ) ;
#2327 = CARTESIAN_POINT ( 'NONE',  ( 0.5435393071777121499, 0.4000000000000000222, 0.6706788622685061485 ) ) ;
#2328 = CARTESIAN_POINT ( 'NONE',  ( 0.6000151580086728886, 0.4000000000000000222, 2.308792683692472814 ) ) ;
#2329 = CARTESIAN_POINT ( 'NONE',  ( -0.6199525907439804584, 0.4000000000000000222, -0.3795869413633365386 ) ) ;
#2330 = CARTESIAN_POINT ( 'NONE',  ( 0.5438295824750596363, -5.421010862427522170E-17, 0.5649225012105265620 ) ) ;
#2331 = CARTESIAN_POINT ( 'NONE',  ( 1.156076827660980522, 0.000000000000000000, 1.829024614772599255 ) ) ;
#2332 = ADVANCED_FACE ( 'NONE', ( #873 ), #1554, .T. ) ;
#2333 = CARTESIAN_POINT ( 'NONE',  ( 0.3930483777670034651, 0.000000000000000000, -0.2507616264178970655 ) ) ;
#2334 = ORIENTED_EDGE ( 'NONE', *, *, #258, .T. ) ;
#2335 = CARTESIAN_POINT ( 'NONE',  ( 0.000000000000000000, 23.00000000000000000, 0.000000000000000000 ) ) ;
#2336 = B_SPLINE_CURVE_WITH_KNOTS ( 'NONE', 3,
 ( #29, #1408, #248, #859, #1821, #1703, #207, #2506, #2536, #2653, #1196, #1616, #2449, #2462, #2245, #220, #2713, #829, #1895, #584, #13, #1465, #1687 ),
 .UNSPECIFIED., .F., .F.,
 ( 4, 1, 1, 1, 1, 1, 1, 1, 1, 1, 1, 1, 1, 1, 1, 1, 1, 1, 1, 1, 4 ),
 ( 0.000000000000000000, 0.05072123485101200785, 0.09818681750180438539, 0.1429832631380766883, 0.1850642755386540106, 0.2253189442347621196, 0.2639124227838311465, 0.3010047923985125773, 0.3375722625707410773, 0.3735245581429286754, 0.4093973497853475307, 0.4454883558133952981, 0.4824184018375737293, 0.5197728438401167939, 0.5580521653044272501, 0.5971296511463221046, 0.6371709700777065111, 0.7205982822797802889, 0.8093299047537437785, 0.9027120286834713347, 1.000000000000000000 ),
 .UNSPECIFIED. ) ;
#2337 = CARTESIAN_POINT ( 'NONE',  ( -1.307314705566734681, 0.4000000000000000222, -1.858696833624117861 ) ) ;
#2338 = ORIENTED_EDGE ( 'NONE', *, *, #1413, .F. ) ;
#2339 = CARTESIAN_POINT ( 'NONE',  ( -0.07999714371425648007, 0.3999999999999999667, 1.711867468341502496 ) ) ;
#2340 = CARTESIAN_POINT ( 'NONE',  ( 0.1936831148300114935, -5.421010862427522170E-17, 1.655657523252243912 ) ) ;
#2341 = CARTESIAN_POINT ( 'NONE',  ( 0.2647485321581982687, 0.000000000000000000, -1.082098490292699555 ) ) ;
#2342 = CARTESIAN_POINT ( 'NONE',  ( 1.416449938040314160, 0.4000000000000000222, 0.9206179918544400431 ) ) ;
#2343 = CARTESIAN_POINT ( 'NONE',  ( -0.05464761103668220460, -5.421010862427522170E-17, 1.710938786717787430 ) ) ;
#2344 = CARTESIAN_POINT ( 'NONE',  ( -1.546621626749046241, 0.000000000000000000, 1.233732247392242520 ) ) ;
#2345 = CIRCLE ( 'NONE', #161, 4.349999999999999645 ) ;
#2346 = CARTESIAN_POINT ( 'NONE',  ( 0.1920494516687106801, 0.000000000000000000, -0.3300499102339319868 ) ) ;
#2347 = VECTOR ( 'NONE', #33, 1000.000000000000000 ) ;
#2348 = VERTEX_POINT ( 'NONE', #2548 ) ;
#2349 = CARTESIAN_POINT ( 'NONE',  ( 1.208660751933531952, 0.4000000000000000222, 1.733728982705466271 ) ) ;
#2350 = CARTESIAN_POINT ( 'NONE',  ( -0.2851689761535010637, 0.000000000000000000, 1.683464174164341465 ) ) ;
#2351 = CARTESIAN_POINT ( 'NONE',  ( -0.3603673337797280718, 0.4000000000000000222, -0.3989359419851677413 ) ) ;
#2352 = CARTESIAN_POINT ( 'NONE',  ( 1.156076827660980522, 0.000000000000000000, 1.829024614772599255 ) ) ;
#2353 = ORIENTED_EDGE ( 'NONE', *, *, #2097, .F. ) ;
#2354 = CARTESIAN_POINT ( 'NONE',  ( 1.415515547182151224, 0.4000000000000000222, -0.1752607443248818120 ) ) ;
#2355 = CARTESIAN_POINT ( 'NONE',  ( 0.1936831148300114935, 0.4000000000000000222, 1.655657523252243912 ) ) ;
#2356 = CARTESIAN_POINT ( 'NONE',  ( -1.567944016799427631, 0.000000000000000000, 0.9218956741632194918 ) ) ;
#2357 = CARTESIAN_POINT ( 'NONE',  ( 0.3708163850985553012, 0.4000000000000000222, 2.379280378886965863 ) ) ;
#2358 = CARTESIAN_POINT ( 'NONE',  ( 0.1936831148300114935, 0.4000000000000000222, 1.655657523252243912 ) ) ;
#2359 = LINE ( 'NONE', #1361, #2224 ) ;
#2360 = CARTESIAN_POINT ( 'NONE',  ( -1.375900237185846642, 0.4000000000000000222, -1.458968753449324529 ) ) ;
#2361 = ORIENTED_EDGE ( 'NONE', *, *, #276, .T. ) ;
#2362 = CARTESIAN_POINT ( 'NONE',  ( -0.04153203907931132810, 0.000000000000000000, -0.3842261076250225726 ) ) ;
#2363 = CARTESIAN_POINT ( 'NONE',  ( -0.7299960808360635989, 0.4000000000000000222, -2.044791710408478291 ) ) ;
#2364 =( LENGTH_UNIT ( ) NAMED_UNIT ( * ) SI_UNIT ( .MILLI., .METRE. ) );
#2365 = CARTESIAN_POINT ( 'NONE',  ( 1.340000090890860474, 0.000000000000000000, 1.375980495136762682 ) ) ;
#2366 = VERTEX_POINT ( 'NONE', #247 ) ;
#2367 = CARTESIAN_POINT ( 'NONE',  ( -0.4936933040139667161, 0.4000000000000000222, -2.063111387898301174 ) ) ;
#2368 = EDGE_CURVE ( 'NONE', #44, #224, #642, .T. ) ;
#2369 = DIRECTION ( 'NONE',  ( 0.000000000000000000, -1.000000000000000000, 0.000000000000000000 ) ) ;
#2370 = CARTESIAN_POINT ( 'NONE',  ( -0.3623120879304371766, 0.4000000000000000222, 1.653121988441441426 ) ) ;
#2371 = CARTESIAN_POINT ( 'NONE',  ( 0.000000000000000000, 20.00000000000000000, 1.649999999999999911 ) ) ;
#2372 = CARTESIAN_POINT ( 'NONE',  ( -0.5315272700844405618, 0.4000000000000000222, 1.510179422518024062 ) ) ;
#2373 = CARTESIAN_POINT ( 'NONE',  ( 0.5439805772569443754, 0.4000000000000000222, 0.5099103840347984917 ) ) ;
#2374 = CARTESIAN_POINT ( 'NONE',  ( 0.4046572627527111887, 0.4000000000000000222, 0.4198328262939936550 ) ) ;
#2375 = CARTESIAN_POINT ( 'NONE',  ( -0.8635098788160613381, -5.421010862427522170E-17, -2.020461507988187577 ) ) ;
#2376 = ORIENTED_EDGE ( 'NONE', *, *, #1754, .T. ) ;
#2377 = CARTESIAN_POINT ( 'NONE',  ( 0.6000151580086728886, 0.4000000000000000222, 2.308792683692472814 ) ) ;
#2378 = CARTESIAN_POINT ( 'NONE',  ( -1.079813959346647811, 0.4000000000000000222, 2.090398004051108316 ) ) ;
#2379 = CARTESIAN_POINT ( 'NONE',  ( -1.375313893287328781, -0.000000000000000000, -1.591029544774432480 ) ) ;
#2380 = VERTEX_POINT ( 'NONE', #2110 ) ;
#2381 = CARTESIAN_POINT ( 'NONE',  ( 1.379464826683171275, 0.000000000000000000, -0.4536713355799317227 ) ) ;
#2382 = CARTESIAN_POINT ( 'NONE',  ( -0.8393926159034127421, 0.4000000000000000222, 2.246968185430850085 ) ) ;
#2383 = CARTESIAN_POINT ( 'NONE',  ( -0.4480433542613168618, 0.000000000000000000, 1.598874739683671775 ) ) ;
#2384 = CARTESIAN_POINT ( 'NONE',  ( -0.6676471504048434591, 0.000000000000000000, 0.8354617898187258751 ) ) ;
#2385 = CARTESIAN_POINT ( 'NONE',  ( -0.3623120879304371766, 0.4000000000000000222, 1.653121988441441426 ) ) ;
#2386 = CARTESIAN_POINT ( 'NONE',  ( 0.5236285494622847647, 0.4000000000000000222, 0.9595887024270716159 ) ) ;
#2387 = CARTESIAN_POINT ( 'NONE',  ( 0.6552396610809695376, 0.000000000000000000, -1.756606555582111096 ) ) ;
#2388 = ADVANCED_FACE ( 'NONE', ( #886, #1949 ), #1284, .T. ) ;
#2389 = CARTESIAN_POINT ( 'NONE',  ( -1.375950871885212035, -5.421010862427522170E-17, -1.554015923793020004 ) ) ;
#2390 = VECTOR ( 'NONE', #2633, 1000.000000000000000 ) ;
#2391 = CARTESIAN_POINT ( 'NONE',  ( 1.439019383604892122, 0.4000000000000000222, 0.4669537915848339105 ) ) ;
#2392 = AXIS2_PLACEMENT_3D ( 'NONE', #1098, #879, #1711 ) ;
#2393 = CARTESIAN_POINT ( 'NONE',  ( -1.418585724428991446, 0.4000000000000000222, 1.653067191619706833 ) ) ;
#2394 = CARTESIAN_POINT ( 'NONE',  ( -1.502402976625767606, 0.000000000000000000, 0.3699071092237977143 ) ) ;
#2395 = CARTESIAN_POINT ( 'NONE',  ( -0.6719760071997545881, 0.4000000000000000222, 0.9898932463203373722 ) ) ;
#2396 = DIRECTION ( 'NONE',  ( 0.000000000000000000, -1.000000000000000000, 0.000000000000000000 ) ) ;
#2397 = ORIENTED_EDGE ( 'NONE', *, *, #1818, .T. ) ;
#2398 = CARTESIAN_POINT ( 'NONE',  ( -1.375950871885212035, -5.421010862427522170E-17, -1.554015923793020004 ) ) ;
#2399 = CARTESIAN_POINT ( 'NONE',  ( -0.3907649687607353539, 0.4000000000000000222, 2.390247743076778786 ) ) ;
#2400 = CARTESIAN_POINT ( 'NONE',  ( -0.1047010547100640371, 0.000000000000000000, 1.711423646489464767 ) ) ;
#2401 = CARTESIAN_POINT ( 'NONE',  ( 0.1917871633323834923, 0.000000000000000000, -1.152277284137087188 ) ) ;
#2402 = CARTESIAN_POINT ( 'NONE',  ( 0.7659990146665538457, 0.000000000000000000, -1.670409783054901620 ) ) ;
#2403 = CARTESIAN_POINT ( 'NONE',  ( 0.4009425128878277289, 0.000000000000000000, -1.902157243858849656 ) ) ;
#2404 = CARTESIAN_POINT ( 'NONE',  ( -1.253418450161674302, 0.4000000000000000222, -1.895657117321613683 ) ) ;
#2405 = EDGE_CURVE ( 'NONE', #1450, #2463, #2702, .T. ) ;
#2406 = CARTESIAN_POINT ( 'NONE',  ( 1.384779734273268836, 0.4000000000000000222, 1.175476473704549552 ) ) ;
#2407 = CARTESIAN_POINT ( 'NONE',  ( -1.003266310738967659, 0.4000000000000000222, -0.2612711618305763595 ) ) ;
#2408 = CARTESIAN_POINT ( 'NONE',  ( -0.4667361883971740122, 0.000000000000000000, -0.3967824054163042735 ) ) ;
#2409 = LINE ( 'NONE', #1768, #27 ) ;
#2410 = ORIENTED_EDGE ( 'NONE', *, *, #382, .T. ) ;
#2411 = CARTESIAN_POINT ( 'NONE',  ( -1.307314705566734681, 0.4000000000000000222, -1.858696833624117861 ) ) ;
#2412 = CARTESIAN_POINT ( 'NONE',  ( -0.8885684291690013614, 0.000000000000000000, -0.3138189770866814388 ) ) ;
#2413 = CARTESIAN_POINT ( 'NONE',  ( -0.1962527395597513657, 0.4000000000000000222, -1.338787466646876867 ) ) ;
#2414 = CARTESIAN_POINT ( 'NONE',  ( -0.5523256721654606904, 0.4000000000000000222, 2.357683460398168229 ) ) ;
#2415 = DIRECTION ( 'NONE',  ( 0.000000000000000000, 0.000000000000000000, -1.000000000000000000 ) ) ;
#2416 = CARTESIAN_POINT ( 'NONE',  ( -0.9857364821605892891, -5.421010862427522170E-17, -1.993820906476519106 ) ) ;
#2417 = ORIENTED_EDGE ( 'NONE', *, *, #96, .F. ) ;
#2418 = EDGE_CURVE ( 'NONE', #1030, #2450, #1494, .T. ) ;
#2419 = CARTESIAN_POINT ( 'NONE',  ( -0.6676471504048434591, 0.000000000000000000, 0.8354617898187258751 ) ) ;
#2420 = CARTESIAN_POINT ( 'NONE',  ( -1.283374766213341900, 0.4000000000000000222, -0.04977142956567005838 ) ) ;
#2421 = CARTESIAN_POINT ( 'NONE',  ( -0.7299960808360635989, 0.000000000000000000, -2.044791710408478291 ) ) ;
#2422 = ORIENTED_EDGE ( 'NONE', *, *, #1127, .T. ) ;
#2423 = CARTESIAN_POINT ( 'NONE',  ( 0.5335947139190166943, 0.000000000000000000, -1.833716716208327879 ) ) ;
#2424 = CARTESIAN_POINT ( 'NONE',  ( 1.180249154857119231, 0.4000000000000000222, 1.784586081303642491 ) ) ;
#2425 = CARTESIAN_POINT ( 'NONE',  ( 0.01794342795822487929, 0.4000000000000000222, -1.266909773347850932 ) ) ;
#2426 = B_SPLINE_CURVE_WITH_KNOTS ( 'NONE', 3,
 ( #1026, #1870, #1885, #488, #458, #688, #1300, #2319, #1286, #1524, #2140 ),
 .UNSPECIFIED., .F., .F.,
 ( 4, 1, 1, 1, 1, 1, 1, 1, 4 ),
 ( 0.000000000000000000, 0.05686076685800781072, 0.1366447427037812412, 0.2383745323110462444, 0.3575742139382836471, 0.4949540685781515514, 0.6469980086531745833, 0.8150498737231735014, 1.000000000000000000 ),
 .UNSPECIFIED. ) ;
#2427 = CARTESIAN_POINT ( 'NONE',  ( 0.5639798631855087452, 0.4000000000000000222, -0.1570658016828154757 ) ) ;
#2428 = CARTESIAN_POINT ( 'NONE',  ( 0.1936831148300114935, 0.4000000000000000222, 1.655657523252243912 ) ) ;
#2429 = CARTESIAN_POINT ( 'NONE',  ( 0.1090878237677617990, 0.000000000000000000, -1.213041839790236942 ) ) ;
#2430 = CARTESIAN_POINT ( 'NONE',  ( -1.375932578583713095, -0.000000000000000000, -1.519677287136363075 ) ) ;
#2431 = DIRECTION ( 'NONE',  ( -0.000000000000000000, -1.000000000000000000, -0.000000000000000000 ) ) ;
#2432 = CARTESIAN_POINT ( 'NONE',  ( -1.307314705566734681, 0.000000000000000000, -1.858696833624117861 ) ) ;
#2433 = CARTESIAN_POINT ( 'NONE',  ( 0.5639798631855088562, 0.4000000000000000222, -0.1570658016828155035 ) ) ;
#2434 = AXIS2_PLACEMENT_3D ( 'NONE', #1149, #1789, #100 ) ;
#2435 = CARTESIAN_POINT ( 'NONE',  ( 1.271957516194466509, 0.4000000000000000222, -0.8604801167805072870 ) ) ;
#2436 = CARTESIAN_POINT ( 'NONE',  ( -1.182968817219005153, 0.000000000000000000, -1.930046925294719662 ) ) ;
#2437 = EDGE_LOOP ( 'NONE', ( #2236, #2077, #1276, #2422 ) ) ;
#2438 = B_SPLINE_CURVE_WITH_KNOTS ( 'NONE', 3,
 ( #1203, #2649, #156, #2240, #322, #1830, #986, #366, #541, #1378, #2211 ),
 .UNSPECIFIED., .F., .F.,
 ( 4, 1, 1, 1, 1, 1, 1, 1, 4 ),
 ( 0.000000000000000000, 0.05686076685800781072, 0.1366447427037812412, 0.2383745323110462444, 0.3575742139382836471, 0.4949540685781515514, 0.6469980086531745833, 0.8150498737231735014, 1.000000000000000000 ),
 .UNSPECIFIED. ) ;
#2439 = CARTESIAN_POINT ( 'NONE',  ( 1.379464826683171275, 0.4000000000000000222, -0.4536713355799317227 ) ) ;
#2440 = CONICAL_SURFACE ( 'NONE', #1338, 5.049999999999999822, 0.7853981633974504994 ) ;
#2441 = AXIS2_PLACEMENT_3D ( 'NONE', #2061, #179, #1659 ) ;
#2442 = CARTESIAN_POINT ( 'NONE',  ( 1.254340098241015555, 0.000000000000000000, 1.632603022451407204 ) ) ;
#2443 = CARTESIAN_POINT ( 'NONE',  ( 1.438414833145850835, -0.000000000000000000, 0.2832218459709183733 ) ) ;
#2444 = CARTESIAN_POINT ( 'NONE',  ( -0.6719760071997545881, -5.421010862427522170E-17, 0.9898932463203373722 ) ) ;
#2445 = CARTESIAN_POINT ( 'NONE',  ( -1.375950871885212035, 0.4000000000000000222, -1.554015923793020004 ) ) ;
#2446 = CARTESIAN_POINT ( 'NONE',  ( -0.4480433542613168618, 0.000000000000000000, 1.598874739683671775 ) ) ;
#2447 = CARTESIAN_POINT ( 'NONE',  ( -0.8635098788160613381, 0.000000000000000000, -2.020461507988187577 ) ) ;
#2448 = CARTESIAN_POINT ( 'NONE',  ( -0.4667361883971740122, 0.4000000000000000222, -0.3967824054163042735 ) ) ;
#2449 = CARTESIAN_POINT ( 'NONE',  ( 1.099110312187802529, 0.4000000000000000222, 1.919408476514459894 ) ) ;
#2450 = VERTEX_POINT ( 'NONE', #1582 ) ;
#2451 = CARTESIAN_POINT ( 'NONE',  ( 0.000000000000000000, 0.9999999999999974465, 0.000000000000000000 ) ) ;
#2452 = EDGE_LOOP ( 'NONE', ( #1943, #212, #48, #894 ) ) ;
#2453 = CARTESIAN_POINT ( 'NONE',  ( 1.439948586856617752, 0.4000000000000000222, 0.3729152754241342183 ) ) ;
#2454 = EDGE_CURVE ( 'NONE', #721, #2380, #352, .T. ) ;
#2455 = DIRECTION ( 'NONE',  ( 0.000000000000000000, 0.000000000000000000, -1.000000000000000000 ) ) ;
#2456 =( NAMED_UNIT ( * ) PLANE_ANGLE_UNIT ( ) SI_UNIT ( $, .RADIAN. ) );
#2457 = CARTESIAN_POINT ( 'NONE',  ( -1.273326528202391561, -0.000000000000000000, -1.205592293728867670 ) ) ;
#2458 = CARTESIAN_POINT ( 'NONE',  ( -0.3049891104106028372, 0.4000000000000000222, -0.4000571257148696214 ) ) ;
#2459 = B_SPLINE_CURVE_WITH_KNOTS ( 'NONE', 3,
 ( #774, #326, #371, #2652, #2202, #1600, #544, #2231, #1156, #2666, #733, #1781, #2014, #1998, #786, #357, #160, #1628, #759 ),
 .UNSPECIFIED., .F., .F.,
 ( 4, 1, 1, 1, 1, 1, 1, 1, 1, 1, 1, 1, 1, 1, 1, 1, 4 ),
 ( 0.000000000000000000, 0.06617120254882258301, 0.1298390570962446866, 0.1915230172921674745, 0.2519297269549042317, 0.3110286998661392355, 0.3689143960576816705, 0.4260008518890533447, 0.4828414381299239166, 0.5401667504682446941, 0.5986892334199072074, 0.6583061487089869601, 0.7202843008207898690, 0.7851072973354414897, 0.8531128177320792538, 0.9243145363059790398, 1.000000000000000000 ),
 .UNSPECIFIED. ) ;
#2460 = CARTESIAN_POINT ( 'NONE',  ( -0.3907649687607353539, 0.000000000000000000, 2.390247743076778786 ) ) ;
#2461 = CARTESIAN_POINT ( 'NONE',  ( -1.413953075475527399, 0.4000000000000000222, 0.1417532936502236274 ) ) ;
#2462 = CARTESIAN_POINT ( 'NONE',  ( 1.156076827660980522, 0.4000000000000000222, 1.829024614772599255 ) ) ;
#2463 = VERTEX_POINT ( 'NONE', #2610 ) ;
#2464 = CARTESIAN_POINT ( 'NONE',  ( 1.106888790523144595, 0.4000000000000000222, -1.242702678949732631 ) ) ;
#2465 = CARTESIAN_POINT ( 'NONE',  ( 1.032901136071158188, 0.000000000000000000, 2.001375883604868733 ) ) ;
#2466 = CARTESIAN_POINT ( 'NONE',  ( -0.005745379297430137921, 0.4000000000000000222, 1.709147250575780097 ) ) ;
#2467 = CARTESIAN_POINT ( 'NONE',  ( 0.3287848402072364729, 0.4000000000000000222, -1.003641441983471605 ) ) ;
#2468 = CARTESIAN_POINT ( 'NONE',  ( -0.4936933040139667161, 0.4000000000000000222, -2.063111387898301174 ) ) ;
#2469 = CARTESIAN_POINT ( 'NONE',  ( 1.224687788597288440, 0.4000000000000000222, -0.9914873215215668223 ) ) ;
#2470 = CARTESIAN_POINT ( 'NONE',  ( 0.09972491500653890562, 0.4000000000000000222, -2.007719999653640564 ) ) ;
#2471 = EDGE_CURVE ( 'NONE', #660, #2693, #217, .T. ) ;
#2472 = CARTESIAN_POINT ( 'NONE',  ( -1.473830592346843549, 0.000000000000000000, 1.520754457498419754 ) ) ;
#2473 = CARTESIAN_POINT ( 'NONE',  ( -1.375932578583713095, -0.000000000000000000, -1.519677287136363075 ) ) ;
#2474 = CARTESIAN_POINT ( 'NONE',  ( 0.8652339308156424824, 0.4000000000000000222, -1.574407127686787256 ) ) ;
#2475 = VERTEX_POINT ( 'NONE', #86 ) ;
#2476 = CARTESIAN_POINT ( 'NONE',  ( 1.326996471941946032, 0.4000000000000000222, -0.6821389398791203318 ) ) ;
#2477 = CIRCLE ( 'NONE', #1786, 5.049999999999999822 ) ;
#2478 = CARTESIAN_POINT ( 'NONE',  ( 1.208660751933531952, 0.4000000000000000222, 1.733728982705466271 ) ) ;
#2479 = DIRECTION ( 'NONE',  ( 0.000000000000000000, 0.000000000000000000, 1.000000000000000000 ) ) ;
#2480 = CARTESIAN_POINT ( 'NONE',  ( -0.4045870088085526395, 0.4000000000000000222, -1.358964974890988442 ) ) ;
#2481 = CARTESIAN_POINT ( 'NONE',  ( -0.7602370900749504390, -5.421010862427522170E-17, -0.3519807242318635510 ) ) ;
#2482 = CARTESIAN_POINT ( 'NONE',  ( 1.271957516194466509, 0.000000000000000000, -0.8604801167805072870 ) ) ;
#2483 = CARTESIAN_POINT ( 'NONE',  ( -0.3623120879304371766, 0.4000000000000000222, 1.653121988441441426 ) ) ;
#2484 = EDGE_CURVE ( 'NONE', #185, #1530, #2575, .T. ) ;
#2485 = CARTESIAN_POINT ( 'NONE',  ( -1.375932578583713095, 0.4000000000000000222, -1.519677287136363075 ) ) ;
#2486 = EDGE_LOOP ( 'NONE', ( #1709, #1952, #464 ) ) ;
#2487 = CARTESIAN_POINT ( 'NONE',  ( 0.06575301737606042973, 0.000000000000000000, 1.699887294690466621 ) ) ;
#2488 = ORIENTED_EDGE ( 'NONE', *, *, #1902, .F. ) ;
#2489 = CARTESIAN_POINT ( 'NONE',  ( 1.437198282084200196, 0.4000000000000000222, 0.6512554333041424837 ) ) ;
#2490 = CARTESIAN_POINT ( 'NONE',  ( 0.2732121574249480322, -5.421010862427522170E-17, 0.3663256960546453778 ) ) ;
#2491 = CARTESIAN_POINT ( 'NONE',  ( 0.4724286826564967345, 0.000000000000000000, -0.7266152200451843068 ) ) ;
#2492 = CARTESIAN_POINT ( 'NONE',  ( -0.3120596014231357129, 0.4000000000000000222, 0.3267051093652464377 ) ) ;
#2493 = CARTESIAN_POINT ( 'NONE',  ( 0.09972491500653890562, 0.4000000000000000222, -2.007719999653640564 ) ) ;
#2494 = DIRECTION ( 'NONE',  ( 0.000000000000000000, 0.000000000000000000, 1.000000000000000000 ) ) ;
#2495 = DIRECTION ( 'NONE',  ( 0.000000000000000000, 0.000000000000000000, -1.000000000000000000 ) ) ;
#2496 = ADVANCED_FACE ( 'NONE', ( #2050 ), #377, .T. ) ;
#2497 = ORIENTED_EDGE ( 'NONE', *, *, #1806, .T. ) ;
#2498 = CARTESIAN_POINT ( 'NONE',  ( 0.5349276635231340338, 0.000000000000000000, 0.8220596728763570615 ) ) ;
#2499 = EDGE_CURVE ( 'NONE', #2463, #1336, #1240, .T. ) ;
#2500 = EDGE_LOOP ( 'NONE', ( #1691, #816, #2512, #1886 ) ) ;
#2501 = CARTESIAN_POINT ( 'NONE',  ( -1.248190888136529786, 0.4000000000000000222, -1.206538323960086867 ) ) ;
#2502 = CARTESIAN_POINT ( 'NONE',  ( -0.07898058596003411369, 0.4000000000000000222, 0.3048750351660812208 ) ) ;
#2503 = DIRECTION ( 'NONE',  ( -0.000000000000000000, -1.000000000000000000, -0.000000000000000000 ) ) ;
#2504 = CARTESIAN_POINT ( 'NONE',  ( -0.3603673337797280718, 0.4000000000000000222, -0.3989359419851677413 ) ) ;
#2505 = CARTESIAN_POINT ( 'NONE',  ( 1.415515547182151224, 0.4000000000000000222, -0.1752607443248818120 ) ) ;
#2506 = CARTESIAN_POINT ( 'NONE',  ( 0.7025770639806336870, 0.4000000000000000222, 2.263292700090977938 ) ) ;
#2507 = CARTESIAN_POINT ( 'NONE',  ( -0.2494678708595151617, 0.000000000000000000, 0.3136800052864326394 ) ) ;
#2508 = CARTESIAN_POINT ( 'NONE',  ( -0.07898058596003411369, -0.000000000000000000, 0.3048750351660812208 ) ) ;
#2509 = ORIENTED_EDGE ( 'NONE', *, *, #1413, .T. ) ;
#2510 = CARTESIAN_POINT ( 'NONE',  ( -0.07898058596003411369, -5.421010862427522170E-17, 0.3048750351660812208 ) ) ;
#2511 = B_SPLINE_SURFACE_WITH_KNOTS ( 'NONE', 3, 1, ( 
 ( #860, #1938 ),
 ( #1951, #1274 ),
 ( #906, #1965 ),
 ( #1747, #2582 ),
 ( #1763, #2375 ),
 ( #1596, #2416 ),
 ( #1832, #1180 ),
 ( #770, #2039 ),
 ( #2404, #2637 ),
 ( #1555, #530 ),
 ( #1379, #132 ),
 ( #2185, #542 ),
 ( #367, #755 ),
 ( #157, #963 ),
 ( #1805, #2389 ) ),
 .UNSPECIFIED., .F., .F., .F.,
 ( 4, 1, 1, 1, 1, 1, 1, 1, 1, 1, 1, 1, 4 ),
 ( 2, 2 ),
 ( 0.000000000000000000, 0.1179639542951815973, 0.2365915122389395664, 0.3496331516761759794, 0.4536309162148659535, 0.5457041578953328864, 0.6255068915027592880, 0.6900278810170966670, 0.7394930187986769043, 0.7850155796283968535, 0.8384758280831334787, 0.9084300967984980657, 1.000000000000000000 ),
 ( 0.000000000000000000, 1.000000000000000000 ),
 .UNSPECIFIED. ) ;
#2512 = ORIENTED_EDGE ( 'NONE', *, *, #2551, .F. ) ;
#2513 = CARTESIAN_POINT ( 'NONE',  ( -1.147179339003592480, 0.4000000000000000222, -1.231306286868577349 ) ) ;
#2514 = EDGE_CURVE ( 'NONE', #618, #1705, #1471, .T. ) ;
#2515 = CARTESIAN_POINT ( 'NONE',  ( -1.552422784583370907, 0.4000000000000000222, 0.6317195683034605436 ) ) ;
#2516 = CARTESIAN_POINT ( 'NONE',  ( 0.4984500298488964698, 0.4000000000000000222, 0.4804732397369266272 ) ) ;
#2517 = VECTOR ( 'NONE', #750, 1000.000000000000000 ) ;
#2518 = CARTESIAN_POINT ( 'NONE',  ( 0.5619668647788237381, 0.000000000000000000, -0.1977500689069331130 ) ) ;
#2519 = CARTESIAN_POINT ( 'NONE',  ( -1.566109258396468418, -5.421010862427522170E-17, 0.7742873855603755739 ) ) ;
#2520 = CARTESIAN_POINT ( 'NONE',  ( -1.567322125449702064, -5.421010862427522170E-17, 0.8718638456228384737 ) ) ;
#2521 = VECTOR ( 'NONE', #1290, 1000.000000000000000 ) ;
#2522 = CARTESIAN_POINT ( 'NONE',  ( -0.07999714371425648007, -5.421010862427522170E-17, 1.711867468341502496 ) ) ;
#2523 = CARTESIAN_POINT ( 'NONE',  ( 0.000000000000000000, 20.00000000000000000, 0.000000000000000000 ) ) ;
#2524 = CARTESIAN_POINT ( 'NONE',  ( -0.4489839690962646457, 0.4000000000000000222, -1.360022850285947715 ) ) ;
#2525 = CARTESIAN_POINT ( 'NONE',  ( 0.1920494516687106801, 0.000000000000000000, -0.3300499102339319868 ) ) ;
#2526 = ORIENTED_EDGE ( 'NONE', *, *, #276, .F. ) ;
#2527 = CARTESIAN_POINT ( 'NONE',  ( 0.5465368699671107056, 0.4000000000000000222, -0.3969045931312844000 ) ) ;
#2528 = VERTEX_POINT ( 'NONE', #1188 ) ;
#2529 = CARTESIAN_POINT ( 'NONE',  ( -0.6676471504048434591, 0.4000000000000000222, 0.8354617898187258751 ) ) ;
#2530 = CARTESIAN_POINT ( 'NONE',  ( 0.4581781590670134796, 0.4000000000000000222, 1.292630013657372512 ) ) ;
#2531 = CARTESIAN_POINT ( 'NONE',  ( -0.08400162982184886107, 0.000000000000000000, -1.308968792802971626 ) ) ;
#2532 = CARTESIAN_POINT ( 'NONE',  ( -0.4687543263933814930, 0.4000000000000000222, 0.3943175464426150745 ) ) ;
#2533 = EDGE_CURVE ( 'NONE', #2679, #1130, #1456, .T. ) ;
#2534 = CARTESIAN_POINT ( 'NONE',  ( -0.7602370900749504390, -5.421010862427522170E-17, -0.3519807242318635510 ) ) ;
#2535 = CARTESIAN_POINT ( 'NONE',  ( -1.546621626749046241, 0.4000000000000000222, 1.233732247392242520 ) ) ;
#2536 = CARTESIAN_POINT ( 'NONE',  ( 0.7965721228421628330, 0.4000000000000000222, 2.208654463964393688 ) ) ;
#2537 = FACE_BOUND ( 'NONE', #942, .T. ) ;
#2538 = ORIENTED_EDGE ( 'NONE', *, *, #164, .F. ) ;
#2539 = CARTESIAN_POINT ( 'NONE',  ( -0.1962527395597513657, 0.4000000000000000222, -1.338787466646876867 ) ) ;
#2540 = CARTESIAN_POINT ( 'NONE',  ( 0.3930483777670034651, 0.000000000000000000, -0.2507616264178970655 ) ) ;
#2541 = CARTESIAN_POINT ( 'NONE',  ( 0.000000000000000000, 20.00000000000000000, 3.850000000000000977 ) ) ;
#2542 = VERTEX_POINT ( 'NONE', #1852 ) ;
#2543 = CARTESIAN_POINT ( 'NONE',  ( -0.5495498143533993352, 0.4000000000000000222, 0.4710444219404785193 ) ) ;
#2544 = CARTESIAN_POINT ( 'NONE',  ( 0.4046572627527111887, 0.4000000000000000222, 0.4198328262939936550 ) ) ;
#2545 = CARTESIAN_POINT ( 'NONE',  ( 0.5579836504264201746, 0.000000000000000000, -0.2782539364638761392 ) ) ;
#2546 = CARTESIAN_POINT ( 'NONE',  ( 0.4898002485905206260, 0.4000000000000000222, 2.347963194754815852 ) ) ;
#2547 = CARTESIAN_POINT ( 'NONE',  ( -1.003266310738967659, 0.4000000000000000222, -0.2612711618305763595 ) ) ;
#2548 = CARTESIAN_POINT ( 'NONE',  ( -1.263954870685253029, 0.4000000000000000222, -1.205028384339575709 ) ) ;
#2549 = CARTESIAN_POINT ( 'NONE',  ( -1.566803551294330132, 0.4000000000000000222, 0.9752718443225077971 ) ) ;
#2550 = CARTESIAN_POINT ( 'NONE',  ( -1.273326528202391561, 0.4000000000000000222, -1.205592293728867670 ) ) ;
#2551 = EDGE_CURVE ( 'NONE', #1353, #185, #2218, .T. ) ;
#2552 = B_SPLINE_CURVE_WITH_KNOTS ( 'NONE', 3,
 ( #1453, #832, #1224, #630, #2305, #2703, #195, #2289, #1689, #1247, #645, #433, #2087 ),
 .UNSPECIFIED., .F., .F.,
 ( 4, 1, 1, 1, 1, 1, 1, 1, 1, 1, 4 ),
 ( 0.000000000000000000, 0.1565833154866576316, 0.2962216993001191012, 0.4189303542728822771, 0.5288982353541163972, 0.6332815193530475506, 0.7413212198662807451, 0.7997463676176569392, 0.8616645060932084377, 0.9285877698495877963, 1.000000000000000000 ),
 .UNSPECIFIED. ) ;
#2553 = ORIENTED_EDGE ( 'NONE', *, *, #1898, .F. ) ;
#2554 = CARTESIAN_POINT ( 'NONE',  ( -0.7380052995987335107, 0.4000000000000000222, -1.339961938649163908 ) ) ;
#2555 = CARTESIAN_POINT ( 'NONE',  ( -1.364043927910037590, 0.4000000000000000222, -1.743033062228969365 ) ) ;
#2556 = CARTESIAN_POINT ( 'NONE',  ( 0.7025770639806336870, 0.000000000000000000, 2.263292700090977938 ) ) ;
#2557 = ORIENTED_EDGE ( 'NONE', *, *, #145, .F. ) ;
#2558 = FACE_OUTER_BOUND ( 'NONE', #2599, .T. ) ;
#2559 = CARTESIAN_POINT ( 'NONE',  ( 0.5349276635231340338, -5.421010862427522170E-17, 0.8220596728763570615 ) ) ;
#2560 = CARTESIAN_POINT ( 'NONE',  ( -0.5958420001181856662, 0.000000000000000000, 1.402461871737567423 ) ) ;
#2561 = CARTESIAN_POINT ( 'NONE',  ( -0.6063730274411164300, 0.000000000000000000, 0.5724572107474192872 ) ) ;
#2562 = DIRECTION ( 'NONE',  ( 0.000000000000000000, -1.000000000000000000, -0.000000000000000000 ) ) ;
#2563 = CARTESIAN_POINT ( 'NONE',  ( -0.7017400443482771921, 0.000000000000000000, 2.307954261202188384 ) ) ;
#2564 = B_SPLINE_CURVE_WITH_KNOTS ( 'NONE', 3,
 ( #2180, #52, #2384, #1283, #2561, #38, #683, #1520, #298, #1890, #719, #94, #2572 ),
 .UNSPECIFIED., .F., .F.,
 ( 4, 1, 1, 1, 1, 1, 1, 1, 1, 1, 4 ),
 ( 0.000000000000000000, 0.1565833154866576316, 0.2962216993001191012, 0.4189303542728822771, 0.5288982353541163972, 0.6332815193530475506, 0.7413212198662807451, 0.7997463676176569392, 0.8616645060932084377, 0.9285877698495877963, 1.000000000000000000 ),
 .UNSPECIFIED. ) ;
#2565 = AXIS2_PLACEMENT_3D ( 'NONE', #313, #1142, #864 ) ;
#2566 = CARTESIAN_POINT ( 'NONE',  ( -0.2592982449298201209, 0.4000000000000000222, -0.3989692682105729915 ) ) ;
#2567 = CIRCLE ( 'NONE', #2441, 4.349999999999999645 ) ;
#2568 = ORIENTED_EDGE ( 'NONE', *, *, #364, .T. ) ;
#2569 = EDGE_CURVE ( 'NONE', #1139, #677, #2567, .T. ) ;
#2570 = CARTESIAN_POINT ( 'NONE',  ( -0.5984208311795295998, 0.4000000000000000222, -1.356761240446124894 ) ) ;
#2571 = CARTESIAN_POINT ( 'NONE',  ( -0.2185983068559493314, 0.4000000000000000222, 2.412292815867060458 ) ) ;
#2572 = CARTESIAN_POINT ( 'NONE',  ( -0.1099960726071026323, 0.000000000000000000, 0.3039177389705877697 ) ) ;
#2573 = ORIENTED_EDGE ( 'NONE', *, *, #2022, .T. ) ;
#2574 = CARTESIAN_POINT ( 'NONE',  ( 1.439948586856617530, 0.4000000000000000222, 0.3729152754241341627 ) ) ;
#2575 = B_SPLINE_CURVE_WITH_KNOTS ( 'NONE', 3,
 ( #1342, #1377, #129, #917, #2386, #1760, #512, #2182, #2621, #741, #2008, #958, #1803, #2428, #550, #1019, #2466, #1623, #1645 ),
 .UNSPECIFIED., .F., .F.,
 ( 4, 1, 1, 1, 1, 1, 1, 1, 1, 1, 1, 1, 1, 1, 1, 1, 4 ),
 ( 0.000000000000000000, 0.1077523682469596900, 0.2071452426522074064, 0.2969483138442861048, 0.3780304158188144137, 0.4512825585524301575, 0.5182903283637457781, 0.5779850840707974058, 0.6325952872249586134, 0.6822273313147136919, 0.7294692836733472907, 0.7734533490268209466, 0.8162333544024433785, 0.8592816379027565787, 0.9041297242198133022, 0.9503035627973761557, 1.000000000000000000 ),
 .UNSPECIFIED. ) ;
#2576 = CARTESIAN_POINT ( 'NONE',  ( 0.5439805772569443754, -5.421010862427522170E-17, 0.5099103840347984917 ) ) ;
#2577 = CARTESIAN_POINT ( 'NONE',  ( -1.200713819662013959, 0.000000000000000000, -0.1301310324529638685 ) ) ;
#2578 = CARTESIAN_POINT ( 'NONE',  ( 1.437198282084200196, -5.421010862427522170E-17, 0.6512554333041424837 ) ) ;
#2579 = CARTESIAN_POINT ( 'NONE',  ( -0.1523311797353376074, 0.4000000000000000222, 1.710567940269300369 ) ) ;
#2580 = CARTESIAN_POINT ( 'NONE',  ( -1.473830592346843549, 0.4000000000000000222, 1.520754457498419754 ) ) ;
#2581 = CARTESIAN_POINT ( 'NONE',  ( -1.273229809292212078, 0.4000000000000000222, 1.891346302600081186 ) ) ;
#2582 = CARTESIAN_POINT ( 'NONE',  ( -0.7299960808360635989, -5.421010862427522170E-17, -2.044791710408478291 ) ) ;
#2583 = EDGE_LOOP ( 'NONE', ( #1867, #1903, #400, #256, #1348, #34, #2376, #174, #621 ) ) ;
#2584 = CARTESIAN_POINT ( 'NONE',  ( 1.437198282084200196, 0.4000000000000000222, 0.6512554333041424837 ) ) ;
#2585 = CARTESIAN_POINT ( 'NONE',  ( 0.07909795447553129299, 0.000000000000000000, -0.3611283986805062796 ) ) ;
#2586 = CARTESIAN_POINT ( 'NONE',  ( -1.567944016799427631, 0.4000000000000000222, 0.9218956741632194918 ) ) ;
#2587 = EDGE_CURVE ( 'NONE', #1899, #2693, #1229, .T. ) ;
#2588 = LINE ( 'NONE', #299, #1070 ) ;
#2589 = EDGE_LOOP ( 'NONE', ( #1015, #2704, #1561, #447 ) ) ;
#2590 = CARTESIAN_POINT ( 'NONE',  ( -1.182968817219005153, -5.421010862427522170E-17, -1.930046925294719662 ) ) ;
#2591 = ADVANCED_FACE ( 'NONE', ( #415 ), #1281, .T. ) ;
#2592 = CARTESIAN_POINT ( 'NONE',  ( -0.6704067497271398723, 0.4000000000000000222, 1.040692506906372383 ) ) ;
#2593 = LINE ( 'NONE', #711, #1248 ) ;
#2594 = CARTESIAN_POINT ( 'NONE',  ( -0.03899860756070003959, 0.4000000000000000222, 2.415842333026959832 ) ) ;
#2595 = CARTESIAN_POINT ( 'NONE',  ( 0.9554435485504344516, 0.000000000000000000, -1.471529103612861045 ) ) ;
#2596 = CARTESIAN_POINT ( 'NONE',  ( -1.473830592346843549, 0.000000000000000000, 1.520754457498419754 ) ) ;
#2597 = CARTESIAN_POINT ( 'NONE',  ( -1.366042693414577958, 0.4000000000000000222, -1.315757319754785160 ) ) ;
#2598 = B_SPLINE_SURFACE_WITH_KNOTS ( 'NONE', 3, 1, ( 
 ( #2648, #2673 ),
 ( #2480, #1843 ),
 ( #960, #1594 ),
 ( #566, #1853 ),
 ( #1403, #2051 ),
 ( #998, #365 ),
 ( #2227, #2429 ),
 ( #1189, #155 ),
 ( #985, #1635 ),
 ( #2467, #590 ),
 ( #2263, #1218 ),
 ( #814, #1476 ),
 ( #2709, #2491 ),
 ( #1892, #613 ),
 ( #1921, #1879 ),
 ( #624, #37 ),
 ( #25, #2545 ),
 ( #1074, #2518 ),
 ( #1268, #190 ) ),
 .UNSPECIFIED., .F., .F., .F.,
 ( 4, 1, 1, 1, 1, 1, 1, 1, 1, 1, 1, 1, 1, 1, 1, 1, 4 ),
 ( 2, 2 ),
 ( 0.000000000000000000, 0.07477825837011099763, 0.1440439660890402984, 0.2086263953084034894, 0.2700646083433936306, 0.3292136887618210550, 0.3866169340887301575, 0.4426293903463470181, 0.4992997688124813371, 0.5569415840805832518, 0.6149679642114513900, 0.6744202797497125257, 0.7359123848388289257, 0.7992717941192870601, 0.8641855423886914966, 0.9313634008645771400, 1.000000000000000000 ),
 ( 0.000000000000000000, 1.000000000000000000 ),
 .UNSPECIFIED. ) ;
#2599 = EDGE_LOOP ( 'NONE', ( #1784, #608, #2353, #2642 ) ) ;
#2600 = DIRECTION ( 'NONE',  ( -0.000000000000000000, -1.000000000000000000, -0.000000000000000000 ) ) ;
#2601 = CARTESIAN_POINT ( 'NONE',  ( -1.273229809292212078, 0.4000000000000000222, 1.891346302600081186 ) ) ;
#2602 = DIRECTION ( 'NONE',  ( 0.000000000000000000, 1.000000000000000000, -0.000000000000000000 ) ) ;
#2603 = ORIENTED_EDGE ( 'NONE', *, *, #1145, .F. ) ;
#2604 = CARTESIAN_POINT ( 'NONE',  ( -1.291228450270494932, -5.421010862427522170E-17, -1.206669484388270375 ) ) ;
#2605 = CARTESIAN_POINT ( 'NONE',  ( -0.1000711911287274908, -5.421010862427522170E-17, 2.414635325530706034 ) ) ;
#2606 = CARTESIAN_POINT ( 'NONE',  ( -0.2851689761535010637, 0.000000000000000000, 1.683464174164341465 ) ) ;
#2607 = CARTESIAN_POINT ( 'NONE',  ( 1.156076827660980522, -5.421010862427522170E-17, 1.829024614772599255 ) ) ;
#2608 = CARTESIAN_POINT ( 'NONE',  ( 0.5579836504264201746, 0.000000000000000000, -0.2782539364638761392 ) ) ;
#2609 = ADVANCED_FACE ( 'NONE', ( #438 ), #888, .F. ) ;
#2610 = CARTESIAN_POINT ( 'NONE',  ( -0.03899860756070003959, 0.4000000000000000222, 2.415842333026959832 ) ) ;
#2611 = CARTESIAN_POINT ( 'NONE',  ( 0.7659990146665538457, 0.000000000000000000, -1.670409783054901620 ) ) ;
#2612 = CARTESIAN_POINT ( 'NONE',  ( -1.338090693864876668, 0.4000000000000000222, -1.236667642491426244 ) ) ;
#2613 = CARTESIAN_POINT ( 'NONE',  ( 0.3708163850985553012, 0.4000000000000000222, 2.379280378886965863 ) ) ;
#2614 = CARTESIAN_POINT ( 'NONE',  ( -0.2851689761535010637, 0.4000000000000000222, 1.683464174164341465 ) ) ;
#2615 = CARTESIAN_POINT ( 'NONE',  ( 0.4314309185161057658, 0.000000000000000000, -0.8247825516214947195 ) ) ;
#2616 = VERTEX_POINT ( 'NONE', #1102 ) ;
#2617 = CARTESIAN_POINT ( 'NONE',  ( -1.338090693864876668, 0.4000000000000000222, -1.236667642491426244 ) ) ;
#2618 = CARTESIAN_POINT ( 'NONE',  ( 0.5439805772569443754, -5.421010862427522170E-17, 0.5099103840347984917 ) ) ;
#2619 = CARTESIAN_POINT ( 'NONE',  ( -0.4667361883971740122, 0.000000000000000000, -0.3967824054163042735 ) ) ;
#2620 = CARTESIAN_POINT ( 'NONE',  ( 0.3287848402072364729, 0.000000000000000000, -1.003641441983471605 ) ) ;
#2621 = CARTESIAN_POINT ( 'NONE',  ( 0.4276879417975715247, 0.4000000000000000222, 1.380194730201500963 ) ) ;
#2622 = ADVANCED_FACE ( 'NONE', ( #1945 ), #1132, .T. ) ;
#2623 = DIRECTION ( 'NONE',  ( 0.000000000000000000, 0.000000000000000000, -1.000000000000000000 ) ) ;
#2624 = CARTESIAN_POINT ( 'NONE',  ( -0.5315272700844405618, 0.000000000000000000, 1.510179422518024062 ) ) ;
#2625 = ORIENTED_EDGE ( 'NONE', *, *, #1637, .F. ) ;
#2626 = CARTESIAN_POINT ( 'NONE',  ( -1.364043927910037590, 0.000000000000000000, -1.743033062228969365 ) ) ;
#2627 = CARTESIAN_POINT ( 'NONE',  ( -0.3623120879304371766, 0.4000000000000000222, 1.653121988441441426 ) ) ;
#2628 = CARTESIAN_POINT ( 'NONE',  ( 0.5639798631855087452, 0.000000000000000000, -0.1570658016828154757 ) ) ;
#2629 = ORIENTED_EDGE ( 'NONE', *, *, #1041, .F. ) ;
#2630 = CARTESIAN_POINT ( 'NONE',  ( -1.374190298776963859, -5.421010862427522170E-17, -1.656319495616811022 ) ) ;
#2631 = CARTESIAN_POINT ( 'NONE',  ( -0.8393926159034127421, -5.421010862427522170E-17, 2.246968185430850085 ) ) ;
#2632 = CARTESIAN_POINT ( 'NONE',  ( 0.3847984103529097366, 0.4000000000000000222, -0.9177953620510723720 ) ) ;
#2633 = DIRECTION ( 'NONE',  ( -0.000000000000000000, -1.000000000000000000, -0.000000000000000000 ) ) ;
#2634 = CARTESIAN_POINT ( 'NONE',  ( 1.167641881833676454, 0.000000000000000000, -1.118290273087891418 ) ) ;
#2635 = DIRECTION ( 'NONE',  ( -0.000000000000000000, -1.000000000000000000, -0.000000000000000000 ) ) ;
#2636 = CARTESIAN_POINT ( 'NONE',  ( -1.307314705566734681, 0.4000000000000000222, -1.858696833624117861 ) ) ;
#2637 = CARTESIAN_POINT ( 'NONE',  ( -1.253418450161674302, -5.421010862427522170E-17, -1.895657117321613683 ) ) ;
#2638 = ORIENTED_EDGE ( 'NONE', *, *, #744, .T. ) ;
#2639 = FACE_OUTER_BOUND ( 'NONE', #649, .T. ) ;
#2640 = CARTESIAN_POINT ( 'NONE',  ( -0.3603673337797280718, 0.4000000000000000222, -0.3989359419851677413 ) ) ;
#2641 = DIRECTION ( 'NONE',  ( 0.000000000000000000, 0.000000000000000000, 1.000000000000000000 ) ) ;
#2642 = ORIENTED_EDGE ( 'NONE', *, *, #2280, .T. ) ;
#2643 = CARTESIAN_POINT ( 'NONE',  ( 0.2563256360589597493, 0.4000000000000000222, -1.959957444139459604 ) ) ;
#2644 = CARTESIAN_POINT ( 'NONE',  ( -0.1000711911287274908, 0.4000000000000000222, 2.414635325530706034 ) ) ;
#2645 = CARTESIAN_POINT ( 'NONE',  ( -1.532162547200392799, 0.000000000000000000, 0.4969210273841810910 ) ) ;
#2646 = CARTESIAN_POINT ( 'NONE',  ( 0.3708163850985553012, 0.4000000000000000222, 2.379280378886965863 ) ) ;
#2647 = CARTESIAN_POINT ( 'NONE',  ( 0.4817612984951529231, 0.4000000000000000222, -0.2060229016306388550 ) ) ;
#2648 = CARTESIAN_POINT ( 'NONE',  ( -0.4489839690962646457, 0.4000000000000000222, -1.360022850285947715 ) ) ;
#2649 = CARTESIAN_POINT ( 'NONE',  ( -1.248190888136529786, -0.000000000000000000, -1.206538323960086867 ) ) ;
#2650 = CARTESIAN_POINT ( 'NONE',  ( -1.366042693414577958, -5.421010862427522170E-17, -1.315757319754785160 ) ) ;
#2651 = CARTESIAN_POINT ( 'NONE',  ( -1.564565765669633457, 0.000000000000000000, 1.080004890390053207 ) ) ;
#2652 = CARTESIAN_POINT ( 'NONE',  ( -1.546621626749046241, 0.000000000000000000, 1.233732247392242520 ) ) ;
#2653 = CARTESIAN_POINT ( 'NONE',  ( 0.8822520609014464776, 0.4000000000000000222, 2.146210584722230585 ) ) ;
#2654 = EDGE_CURVE ( 'NONE', #90, #2679, #1371, .T. ) ;
#2655 = EDGE_LOOP ( 'NONE', ( #1288, #1365, #2000, #434 ) ) ;
#2656 = CARTESIAN_POINT ( 'NONE',  ( -0.1099960726071026323, 0.4000000000000000222, 0.3039177389705877697 ) ) ;
#2657 = CIRCLE ( 'NONE', #685, 3.049999999999999822 ) ;
#2658 =( GEOMETRIC_REPRESENTATION_CONTEXT ( 3 ) GLOBAL_UNCERTAINTY_ASSIGNED_CONTEXT ( ( #771 ) ) GLOBAL_UNIT_ASSIGNED_CONTEXT ( ( #1321, #1578, #287 ) ) REPRESENTATION_CONTEXT ( 'NONE', 'WORKASPACE' ) );
#2659 = CARTESIAN_POINT ( 'NONE',  ( -0.6458825016524325502, 0.000000000000000000, 0.6936783553538597991 ) ) ;
#2660 = CARTESIAN_POINT ( 'NONE',  ( -0.07898058596003411369, 0.4000000000000000222, 0.3048750351660812208 ) ) ;
#2661 = CARTESIAN_POINT ( 'NONE',  ( -0.5958420001181856662, -5.421010862427522170E-17, 1.402461871737567423 ) ) ;
#2662 = LINE ( 'NONE', #793, #2083 ) ;
#2663 = CARTESIAN_POINT ( 'NONE',  ( 0.8652339308156424824, 0.000000000000000000, -1.574407127686787256 ) ) ;
#2664 = B_SPLINE_CURVE_WITH_KNOTS ( 'NONE', 3,
 ( #1236, #1915, #1056, #2498, #619, #2076, #422, #632, #197, #32, #2089, #1028, #1887, #1900, #211, #2487, #237, #1043, #1678 ),
 .UNSPECIFIED., .F., .F.,
 ( 4, 1, 1, 1, 1, 1, 1, 1, 1, 1, 1, 1, 1, 1, 1, 1, 4 ),
 ( 0.000000000000000000, 0.1077523682469596900, 0.2071452426522074064, 0.2969483138442861048, 0.3780304158188144137, 0.4512825585524301575, 0.5182903283637457781, 0.5779850840707974058, 0.6325952872249586134, 0.6822273313147136919, 0.7294692836733472907, 0.7734533490268209466, 0.8162333544024433785, 0.8592816379027565787, 0.9041297242198133022, 0.9503035627973761557, 1.000000000000000000 ),
 .UNSPECIFIED. ) ;
#2665 = CARTESIAN_POINT ( 'NONE',  ( -1.341951279545543274, 0.000000000000000000, -1.808289430792386465 ) ) ;
#2666 = CARTESIAN_POINT ( 'NONE',  ( -1.182553433213008764, 0.000000000000000000, 1.995967223017790060 ) ) ;
#2667 = DIRECTION ( 'NONE',  ( 0.000000000000000000, 1.000000000000000000, -0.000000000000000000 ) ) ;
#2668 = ORIENTED_EDGE ( 'NONE', *, *, #2187, .T. ) ;
#2669 = CARTESIAN_POINT ( 'NONE',  ( 1.435292451692306015, 0.4000000000000000222, 0.1006259711159401687 ) ) ;
#2670 = ADVANCED_FACE ( 'NONE', ( #139, #738 ), #1564, .F. ) ;
#2671 = CARTESIAN_POINT ( 'NONE',  ( -0.5495498143533993352, 0.000000000000000000, 0.4710444219404785193 ) ) ;
#2672 = CARTESIAN_POINT ( 'NONE',  ( 0.1610601391624330303, -5.421010862427522170E-17, 0.3350122754414435744 ) ) ;
#2673 = CARTESIAN_POINT ( 'NONE',  ( -0.4489839690962646457, 0.000000000000000000, -1.360022850285947715 ) ) ;
#2674 = CARTESIAN_POINT ( 'NONE',  ( -0.8635098788160613381, 0.4000000000000000222, -2.020461507988187577 ) ) ;
#2675 = CARTESIAN_POINT ( 'NONE',  ( -0.07059529414361444266, 0.000000000000000000, -2.039823329858649892 ) ) ;
#2676 = CARTESIAN_POINT ( 'NONE',  ( -0.6458825016524325502, 0.4000000000000000222, 0.6936783553538597991 ) ) ;
#2677 = CARTESIAN_POINT ( 'NONE',  ( -1.273326528202391561, 0.4000000000000000222, -1.205592293728867670 ) ) ;
#2678 = CARTESIAN_POINT ( 'NONE',  ( 0.5639798631855087452, 0.4000000000000000222, -0.1570658016828154757 ) ) ;
#2679 = VERTEX_POINT ( 'NONE', #1533 ) ;
#2680 = CARTESIAN_POINT ( 'NONE',  ( 0.7659990146665538457, 0.000000000000000000, -1.670409783054901620 ) ) ;
#2681 = CARTESIAN_POINT ( 'NONE',  ( 1.340000090890860474, 0.4000000000000000222, 1.375980495136762682 ) ) ;
#2682 = CARTESIAN_POINT ( 'NONE',  ( -0.07999714371425648007, 0.000000000000000000, 1.711867468341502496 ) ) ;
#2683 = B_SPLINE_CURVE_WITH_KNOTS ( 'NONE', 3,
 ( #674, #1955, #1513, #1068, #2350, #297, #475, #2143, #268, #490, #1542, #909, #1097 ),
 .UNSPECIFIED., .F., .F.,
 ( 4, 1, 1, 1, 1, 1, 1, 1, 1, 1, 4 ),
 ( 0.000000000000000000, 0.07003506484218526007, 0.1350303964077806673, 0.1976502456875587899, 0.2566526108378400228, 0.3697232058880723371, 0.4820917017350888067, 0.5991835400601204231, 0.7230375072162296135, 0.8560105180344077525, 1.000000000000000000 ),
 .UNSPECIFIED. ) ;
#2684 = CARTESIAN_POINT ( 'NONE',  ( 0.000000000000000000, 20.50000000000001066, 4.349999999999999645 ) ) ;
#2685 = EDGE_CURVE ( 'NONE', #2011, #585, #1988, .T. ) ;
#2686 = ORIENTED_EDGE ( 'NONE', *, *, #1902, .T. ) ;
#2687 = DIRECTION ( 'NONE',  ( -0.000000000000000000, -1.000000000000000000, -0.000000000000000000 ) ) ;
#2688 = UNCERTAINTY_MEASURE_WITH_UNIT (LENGTH_MEASURE( 1.000000000000000082E-05 ), #2364, 'distance_accuracy_value', 'NONE');
#2689 = CARTESIAN_POINT ( 'NONE',  ( -0.2851689761535010637, 0.4000000000000000222, 1.683464174164341465 ) ) ;
#2690 = CARTESIAN_POINT ( 'NONE',  ( -0.1707270482749225771, 0.000000000000000000, -0.3968604694401473010 ) ) ;
#2691 = EDGE_LOOP ( 'NONE', ( #2338, #1588, #2526, #2629 ) ) ;
#2692 = CARTESIAN_POINT ( 'NONE',  ( 1.035911010099072493, 0.4000000000000000222, -1.360635518327496518 ) ) ;
#2693 = VERTEX_POINT ( 'NONE', #318 ) ;
#2694 = CARTESIAN_POINT ( 'NONE',  ( 0.3708163850985553012, 0.000000000000000000, 2.379280378886965863 ) ) ;
#2695 = VECTOR ( 'NONE', #484, 1000.000000000000114 ) ;
#2696 = CARTESIAN_POINT ( 'NONE',  ( 0.1936831148300114935, 0.000000000000000000, 1.655657523252243912 ) ) ;
#2697 = CARTESIAN_POINT ( 'NONE',  ( -0.005745379297430137921, 0.4000000000000000222, 1.709147250575780097 ) ) ;
#2698 = CARTESIAN_POINT ( 'NONE',  ( -1.462167823284607593, 0.4000000000000000222, 0.2519083302944323255 ) ) ;
#2699 = CARTESIAN_POINT ( 'NONE',  ( 1.224687788597288440, 0.000000000000000000, -0.9914873215215668223 ) ) ;
#2700 = EDGE_CURVE ( 'NONE', #1888, #1215, #1120, .T. ) ;
#2701 = CARTESIAN_POINT ( 'NONE',  ( -0.5984208311795295998, 0.4000000000000000222, -1.356761240446124894 ) ) ;
#2702 = B_SPLINE_CURVE_WITH_KNOTS ( 'NONE', 3,
 ( #1702, #1270, #28, #2535, #656, #2580, #669, #1077, #41, #1507, #1136, #1176, #753, #306, #2414, #1360, #334, #1979, #767 ),
 .UNSPECIFIED., .F., .F.,
 ( 4, 1, 1, 1, 1, 1, 1, 1, 1, 1, 1, 1, 1, 1, 1, 1, 4 ),
 ( 0.000000000000000000, 0.06617120254882258301, 0.1298390570962446866, 0.1915230172921674745, 0.2519297269549042317, 0.3110286998661392355, 0.3689143960576816705, 0.4260008518890533447, 0.4828414381299239166, 0.5401667504682446941, 0.5986892334199072074, 0.6583061487089869601, 0.7202843008207898690, 0.7851072973354414897, 0.8531128177320792538, 0.9243145363059790398, 1.000000000000000000 ),
 .UNSPECIFIED. ) ;
#2703 = CARTESIAN_POINT ( 'NONE',  ( -0.5495498143533993352, 0.000000000000000000, 0.4710444219404785193 ) ) ;
#2704 = ORIENTED_EDGE ( 'NONE', *, *, #2551, .T. ) ;
#2705 = CARTESIAN_POINT ( 'NONE',  ( 0.2732121574249480322, 0.4000000000000000222, 0.3663256960546453778 ) ) ;
#2706 = VERTEX_POINT ( 'NONE', #1148 ) ;
#2707 = CARTESIAN_POINT ( 'NONE',  ( -0.2494678708595151617, 0.000000000000000000, 0.3136800052864326394 ) ) ;
#2708 = CARTESIAN_POINT ( 'NONE',  ( 0.2506194396225794319, 0.000000000000000000, 1.621020916612396556 ) ) ;
#2709 = CARTESIAN_POINT ( 'NONE',  ( 0.4724286826564967345, 0.4000000000000000222, -0.7266152200451843068 ) ) ;
#2710 = CARTESIAN_POINT ( 'NONE',  ( -1.283374766213341900, -5.421010862427522170E-17, -0.04977142956567005838 ) ) ;
#2711 = CARTESIAN_POINT ( 'NONE',  ( -1.566109258396468418, -5.421010862427522170E-17, 0.7742873855603755739 ) ) ;
#2712 = CARTESIAN_POINT ( 'NONE',  ( 0.7659990146665538457, 0.000000000000000000, -1.670409783054901620 ) ) ;
#2713 = CARTESIAN_POINT ( 'NONE',  ( 1.294476455121066349, 0.4000000000000000222, 1.526403891793110423 ) ) ;
ENDSEC;
END-ISO-10303-21;
