ISO-10303-21;
HEADER;
FILE_DESCRIPTION (( 'STEP AP214' ),
    '1' );
FILE_NAME ('JK-RTF-01-01-02 Switch Stem.STEP',
    '2026-08-15T09:57:38',
    ( '' ),
    ( '' ),
    'SwSTEP 2.0',
    'SolidWorks 2025',
    '' );
FILE_SCHEMA (( 'AUTOMOTIVE_DESIGN' ));
ENDSEC;

DATA;
#1 = ORIENTED_EDGE ( 'NONE', *, *, #2166, .T. ) ;
#2 = CIRCLE ( 'NONE', #2478, 0.5000000000000001110 ) ;
#3 = ORIENTED_EDGE ( 'NONE', *, *, #1781, .T. ) ;
#4 = EDGE_LOOP ( 'NONE', ( #865, #1771, #385, #2214 ) ) ;
#5 = ORIENTED_EDGE ( 'NONE', *, *, #102, .F. ) ;
#6 = CARTESIAN_POINT ( 'NONE',  ( 23.01159120325478114, -0.4999999999997619127, 23.21846115983738201 ) ) ;
#7 = AXIS2_PLACEMENT_3D ( 'NONE', #978, #2470, #1819 ) ;
#8 = ORIENTED_EDGE ( 'NONE', *, *, #2069, .F. ) ;
#9 = LINE ( 'NONE', #1665, #440 ) ;
#10 = DIRECTION ( 'NONE',  ( 1.000000000000000000, -0.000000000000000000, -0.000000000000000000 ) ) ;
#11 = CARTESIAN_POINT ( 'NONE',  ( 25.16159120325478327, -7.599999999999998757, 18.51846115983738628 ) ) ;
#12 = EDGE_CURVE ( 'NONE', #74, #861, #2082, .T. ) ;
#13 = ORIENTED_EDGE ( 'NONE', *, *, #36, .T. ) ;
#14 = EDGE_LOOP ( 'NONE', ( #788, #2086, #1880, #82 ) ) ;
#15 = VECTOR ( 'NONE', #1969, 1000.000000000000000 ) ;
#16 = CARTESIAN_POINT ( 'NONE',  ( 21.48659120325478256, -7.599999999999998757, 20.04346115983738841 ) ) ;
#17 = ORIENTED_EDGE ( 'NONE', *, *, #888, .F. ) ;
#18 = VECTOR ( 'NONE', #2371, 1000.000000000000000 ) ;
#19 = DIRECTION ( 'NONE',  ( 1.000000000000000000, 0.000000000000000000, 0.000000000000000000 ) ) ;
#20 = DIRECTION ( 'NONE',  ( -0.000000000000000000, -1.000000000000000000, 1.023771231724016148E-14 ) ) ;
#21 = ORIENTED_EDGE ( 'NONE', *, *, #797, .T. ) ;
#22 = ADVANCED_FACE ( 'NONE', ( #1510 ), #2339, .F. ) ;
#23 = LINE ( 'NONE', #2130, #1393 ) ;
#24 = FACE_OUTER_BOUND ( 'NONE', #2575, .T. ) ;
#25 = LINE ( 'NONE', #11, #1517 ) ;
#26 = ORIENTED_EDGE ( 'NONE', *, *, #428, .T. ) ;
#27 = AXIS2_PLACEMENT_3D ( 'NONE', #2387, #1377, #2204 ) ;
#28 = ORIENTED_EDGE ( 'NONE', *, *, #2670, .T. ) ;
#29 = EDGE_CURVE ( 'NONE', #885, #1128, #1620, .T. ) ;
#30 = DIRECTION ( 'NONE',  ( 1.000000000000000000, 0.000000000000000000, 0.000000000000000000 ) ) ;
#31 = DIRECTION ( 'NONE',  ( 0.000000000000000000, 0.000000000000000000, -1.000000000000000000 ) ) ;
#32 = ORIENTED_EDGE ( 'NONE', *, *, #309, .T. ) ;
#33 = CARTESIAN_POINT ( 'NONE',  ( 21.68659120325478185, -8.099999999999999645, 21.49346115983738770 ) ) ;
#34 = EDGE_CURVE ( 'NONE', #2304, #2337, #2357, .T. ) ;
#35 = CIRCLE ( 'NONE', #2120, 0.5000000000000004441 ) ;
#36 = EDGE_CURVE ( 'NONE', #312, #2061, #2668, .T. ) ;
#37 = DIRECTION ( 'NONE',  ( -0.000000000000000000, 6.938893903907234689E-15, 1.000000000000000000 ) ) ;
#38 = LINE ( 'NONE', #863, #748 ) ;
#39 = FACE_OUTER_BOUND ( 'NONE', #1900, .T. ) ;
#40 = ORIENTED_EDGE ( 'NONE', *, *, #892, .F. ) ;
#41 = ORIENTED_EDGE ( 'NONE', *, *, #1203, .T. ) ;
#42 = ADVANCED_FACE ( 'NONE', ( #1785 ), #97, .F. ) ;
#43 = PLANE ( 'NONE',  #441 ) ;
#44 = ADVANCED_FACE ( 'NONE', ( #693 ), #1527, .T. ) ;
#45 = DIRECTION ( 'NONE',  ( 0.000000000000000000, 1.000000000000000000, -6.938893903907228378E-15 ) ) ;
#46 = ORIENTED_EDGE ( 'NONE', *, *, #1777, .T. ) ;
#47 = ORIENTED_EDGE ( 'NONE', *, *, #2375, .F. ) ;
#48 = EDGE_CURVE ( 'NONE', #778, #2123, #301, .T. ) ;
#49 = VERTEX_POINT ( 'NONE', #1740 ) ;
#50 = CARTESIAN_POINT ( 'NONE',  ( 24.66159120325477971, -7.599999999999998757, 18.51846115983738628 ) ) ;
#51 = DIRECTION ( 'NONE',  ( 0.000000000000000000, 1.009293658750141334E-14, 1.000000000000000000 ) ) ;
#52 = CARTESIAN_POINT ( 'NONE',  ( 24.66159120325477971, -7.599999999999998757, 23.21846115983738201 ) ) ;
#53 = ORIENTED_EDGE ( 'NONE', *, *, #1569, .F. ) ;
#54 = ORIENTED_EDGE ( 'NONE', *, *, #510, .F. ) ;
#55 = ORIENTED_EDGE ( 'NONE', *, *, #1877, .F. ) ;
#56 = DIRECTION ( 'NONE',  ( 0.000000000000000000, 1.019150042136373221E-14, 1.000000000000000000 ) ) ;
#57 = LINE ( 'NONE', #1062, #2506 ) ;
#58 = VERTEX_POINT ( 'NONE', #1159 ) ;
#59 = ORIENTED_EDGE ( 'NONE', *, *, #36, .F. ) ;
#60 = EDGE_CURVE ( 'NONE', #926, #1692, #930, .T. ) ;
#61 = VECTOR ( 'NONE', #1821, 1000.000000000000000 ) ;
#62 = DIRECTION ( 'NONE',  ( 0.000000000000000000, 1.000000000000000000, -1.023771231724015990E-14 ) ) ;
#63 = ORIENTED_EDGE ( 'NONE', *, *, #2670, .F. ) ;
#64 = VECTOR ( 'NONE', #937, 1000.000000000000000 ) ;
#65 = CARTESIAN_POINT ( 'NONE',  ( 23.83659120325484793, 11.50000000000022737, 22.61846115983735928 ) ) ;
#66 = CIRCLE ( 'NONE', #1497, 1.000000000000000888 ) ;
#67 = CARTESIAN_POINT ( 'NONE',  ( 22.01159120325478114, 2.377039258034294428E-13, 23.21846115983737846 ) ) ;
#68 = DIRECTION ( 'NONE',  ( -1.000000000000000000, 0.000000000000000000, 0.000000000000000000 ) ) ;
#69 = ORIENTED_EDGE ( 'NONE', *, *, #1453, .T. ) ;
#70 = EDGE_CURVE ( 'NONE', #406, #288, #2189, .T. ) ;
#71 = LINE ( 'NONE', #2405, #2277 ) ;
#72 = DIRECTION ( 'NONE',  ( 1.000000000000000000, -0.000000000000000000, 0.000000000000000000 ) ) ;
#73 = EDGE_CURVE ( 'NONE', #2489, #2498, #325, .T. ) ;
#74 = VERTEX_POINT ( 'NONE', #1973 ) ;
#75 = CIRCLE ( 'NONE', #2458, 0.5000000000000004441 ) ;
#76 = EDGE_CURVE ( 'NONE', #395, #2138, #666, .T. ) ;
#77 = CYLINDRICAL_SURFACE ( 'NONE', #2538, 0.5000000000000000000 ) ;
#78 = EDGE_CURVE ( 'NONE', #213, #1851, #1551, .T. ) ;
#79 = ORIENTED_EDGE ( 'NONE', *, *, #670, .F. ) ;
#80 = CARTESIAN_POINT ( 'NONE',  ( 23.21159120325478042, 0.000000000000000000, 21.49346115983738770 ) ) ;
#81 = DIRECTION ( 'NONE',  ( 0.000000000000000000, -1.009293658750141334E-14, -1.000000000000000000 ) ) ;
#82 = ORIENTED_EDGE ( 'NONE', *, *, #2181, .F. ) ;
#83 = CARTESIAN_POINT ( 'NONE',  ( 25.98659120325478256, 0.000000000000000000, 20.24346115983738770 ) ) ;
#84 = VECTOR ( 'NONE', #435, 1000.000000000000000 ) ;
#85 = CARTESIAN_POINT ( 'NONE',  ( 25.66159120325478327, 2.323291268368784257E-13, 22.69346115983738699 ) ) ;
#86 = LINE ( 'NONE', #2586, #1499 ) ;
#87 = DIRECTION ( 'NONE',  ( 0.000000000000000000, 1.000000000000000000, -1.023771231724015990E-14 ) ) ;
#88 = ORIENTED_EDGE ( 'NONE', *, *, #882, .T. ) ;
#89 = PRODUCT_DEFINITION_FORMATION_WITH_SPECIFIED_SOURCE ( 'ANY', '', #1854, .NOT_KNOWN. ) ;
#90 = PLANE ( 'NONE',  #2411 ) ;
#91 = ORIENTED_EDGE ( 'NONE', *, *, #29, .F. ) ;
#92 = FACE_OUTER_BOUND ( 'NONE', #1299, .T. ) ;
#93 = LINE ( 'NONE', #1319, #15 ) ;
#94 = CARTESIAN_POINT ( 'NONE',  ( 24.46159120325478398, 0.000000000000000000, 21.49346115983738770 ) ) ;
#95 = ORIENTED_EDGE ( 'NONE', *, *, #2139, .T. ) ;
#96 = AXIS2_PLACEMENT_3D ( 'NONE', #2009, #136, #1380 ) ;
#97 = PLANE ( 'NONE',  #1014 ) ;
#98 = LINE ( 'NONE', #2150, #1269 ) ;
#99 = AXIS2_PLACEMENT_3D ( 'NONE', #1120, #1371, #2199 ) ;
#100 = DIRECTION ( 'NONE',  ( 0.000000000000000000, -1.023771231724016148E-14, -1.000000000000000000 ) ) ;
#101 = DIRECTION ( 'NONE',  ( 0.000000000000000000, 1.023771231724015990E-14, 1.000000000000000000 ) ) ;
#102 = EDGE_CURVE ( 'NONE', #2142, #395, #408, .T. ) ;
#103 = ORIENTED_EDGE ( 'NONE', *, *, #1504, .T. ) ;
#104 = DIRECTION ( 'NONE',  ( 1.000000000000000000, 0.000000000000000000, -0.000000000000000000 ) ) ;
#105 = AXIS2_PLACEMENT_3D ( 'NONE', #379, #1829, #1184 ) ;
#106 = CARTESIAN_POINT ( 'NONE',  ( 21.48659120325478256, -8.099999999999999645, 20.04346115983738841 ) ) ;
#107 = DIRECTION ( 'NONE',  ( -1.000000000000000000, 0.000000000000000000, 0.000000000000000000 ) ) ;
#108 = EDGE_LOOP ( 'NONE', ( #2510, #63, #2637, #2656 ) ) ;
#109 = PLANE ( 'NONE',  #1363 ) ;
#110 = CARTESIAN_POINT ( 'NONE',  ( 25.66159120325478327, -0.4999999999998148148, 18.01846115983730812 ) ) ;
#111 = LINE ( 'NONE', #1334, #2664 ) ;
#112 = CARTESIAN_POINT ( 'NONE',  ( 24.46159120325478398, -8.099999999999999645, 18.71846115983738557 ) ) ;
#113 = ADVANCED_FACE ( 'NONE', ( #1564 ), #109, .F. ) ;
#114 = AXIS2_PLACEMENT_3D ( 'NONE', #1582, #1541, #2625 ) ;
#115 = ORIENTED_EDGE ( 'NONE', *, *, #519, .F. ) ;
#116 = AXIS2_PLACEMENT_3D ( 'NONE', #2262, #2483, #399 ) ;
#117 = CYLINDRICAL_SURFACE ( 'NONE', #462, 0.5000000000000004441 ) ;
#118 = TOROIDAL_SURFACE ( 'NONE', #1719, 1.000000000000000000, 0.5000000000000000000 ) ;
#119 = CARTESIAN_POINT ( 'NONE',  ( 25.16159120325478327, -7.599999999999998757, 19.04346115983738841 ) ) ;
#120 = DIRECTION ( 'NONE',  ( -0.000000000000000000, -0.000000000000000000, -1.000000000000000000 ) ) ;
#121 = DIRECTION ( 'NONE',  ( 1.000000000000000000, 0.000000000000000000, 0.000000000000000000 ) ) ;
#122 = EDGE_CURVE ( 'NONE', #1644, #2430, #667, .T. ) ;
#123 = CARTESIAN_POINT ( 'NONE',  ( 22.51159120325478114, -8.099999999999999645, 18.01846115983738628 ) ) ;
#124 = DIRECTION ( 'NONE',  ( 1.000000000000000000, -0.000000000000000000, -0.000000000000000000 ) ) ;
#125 = DIRECTION ( 'NONE',  ( -0.000000000000000000, -1.000000000000000000, 1.023771231724016148E-14 ) ) ;
#126 = DIRECTION ( 'NONE',  ( 0.000000000000000000, -1.000000000000000000, 0.000000000000000000 ) ) ;
#127 = ORIENTED_EDGE ( 'NONE', *, *, #438, .F. ) ;
#128 = AXIS2_PLACEMENT_3D ( 'NONE', #1801, #87, #730 ) ;
#129 = ADVANCED_FACE ( 'NONE', ( #755 ), #1580, .T. ) ;
#130 = LINE ( 'NONE', #964, #2669 ) ;
#131 = VECTOR ( 'NONE', #1057, 1000.000000000000000 ) ;
#132 = AXIS2_PLACEMENT_3D ( 'NONE', #1553, #1594, #2383 ) ;
#133 = CARTESIAN_POINT ( 'NONE',  ( 27.58659120325485148, 1.957293053027456886E-13, 19.11846115983747296 ) ) ;
#134 = EDGE_CURVE ( 'NONE', #1476, #2138, #71, .T. ) ;
#135 = AXIS2_PLACEMENT_3D ( 'NONE', #1421, #2256, #1195 ) ;
#136 = DIRECTION ( 'NONE',  ( -0.000000000000000000, -1.000000000000000000, 1.023771231724015990E-14 ) ) ;
#137 = CARTESIAN_POINT ( 'NONE',  ( 26.18659120325477829, -0.4999999999997939981, 20.04346115983738841 ) ) ;
#138 = CARTESIAN_POINT ( 'NONE',  ( 22.01159120325478114, -7.599999999999998757, 22.69346115983738699 ) ) ;
#139 = DIRECTION ( 'NONE',  ( 0.000000000000000000, -1.000000000000000000, 1.040834085586079839E-14 ) ) ;
#140 = FACE_OUTER_BOUND ( 'NONE', #1412, .T. ) ;
#141 = AXIS2_PLACEMENT_3D ( 'NONE', #181, #775, #809 ) ;
#142 = ORIENTED_EDGE ( 'NONE', *, *, #1205, .T. ) ;
#143 = SPHERICAL_SURFACE ( 'NONE', #1629, 0.5000000000000000000 ) ;
#144 = ORIENTED_EDGE ( 'NONE', *, *, #477, .T. ) ;
#145 = EDGE_CURVE ( 'NONE', #679, #2492, #2054, .T. ) ;
#146 = DIRECTION ( 'NONE',  ( -0.000000000000000000, 0.000000000000000000, -1.000000000000000000 ) ) ;
#147 = PRODUCT_CONTEXT ( 'NONE', #2463, 'mechanical' ) ;
#148 = VECTOR ( 'NONE', #2197, 1000.000000000000000 ) ;
#149 = CARTESIAN_POINT ( 'NONE',  ( 25.66159120325478327, -8.099999999999999645, 22.69346115983738699 ) ) ;
#150 = LINE ( 'NONE', #1381, #2651 ) ;
#151 = CIRCLE ( 'NONE', #2623, 0.5000000000000004441 ) ;
#152 = CARTESIAN_POINT ( 'NONE',  ( 25.66159120325478327, -7.599999999999998757, 19.04346115983738841 ) ) ;
#153 = CARTESIAN_POINT ( 'NONE',  ( 20.98659120325478256, -7.599999999999998757, 20.04346115983738841 ) ) ;
#154 = ADVANCED_FACE ( 'NONE', ( #342 ), #898, .F. ) ;
#155 = EDGE_LOOP ( 'NONE', ( #1668, #202, #615, #2515 ) ) ;
#156 = ORIENTED_EDGE ( 'NONE', *, *, #2452, .F. ) ;
#157 = CARTESIAN_POINT ( 'NONE',  ( 23.01159120325478114, -7.599999999999998757, 18.01846115983738628 ) ) ;
#158 = LINE ( 'NONE', #2207, #2208 ) ;
#159 = EDGE_CURVE ( 'NONE', #2117, #655, #1838, .T. ) ;
#160 = FACE_OUTER_BOUND ( 'NONE', #191, .T. ) ;
#161 = VERTEX_POINT ( 'NONE', #1338 ) ;
#162 = DIRECTION ( 'NONE',  ( 0.000000000000000000, -1.000000000000000000, 0.000000000000000000 ) ) ;
#163 = LINE ( 'NONE', #174, #913 ) ;
#164 = DIRECTION ( 'NONE',  ( -0.000000000000000000, 0.000000000000000000, 1.000000000000000000 ) ) ;
#165 = EDGE_LOOP ( 'NONE', ( #59, #1934, #2264, #397, #1461 ) ) ;
#166 = AXIS2_PLACEMENT_3D ( 'NONE', #2122, #1323, #1373 ) ;
#167 = ORIENTED_EDGE ( 'NONE', *, *, #187, .F. ) ;
#168 = AXIS2_PLACEMENT_3D ( 'NONE', #2102, #68, #1887 ) ;
#169 = DIRECTION ( 'NONE',  ( 0.000000000000000000, 1.000000000000000000, -1.023771231724015990E-14 ) ) ;
#170 = AXIS2_PLACEMENT_3D ( 'NONE', #2685, #2025, #404 ) ;
#171 = LINE ( 'NONE', #999, #377 ) ;
#172 = ORIENTED_EDGE ( 'NONE', *, *, #282, .F. ) ;
#173 = CARTESIAN_POINT ( 'NONE',  ( 21.08659120325484437, 12.50000000000023093, 22.61846115983734862 ) ) ;
#174 = CARTESIAN_POINT ( 'NONE',  ( 25.98659120325478256, -8.099999999999999645, 20.24346115983738770 ) ) ;
#175 = CARTESIAN_POINT ( 'NONE',  ( 23.01159120325478114, -0.4999999999997515321, 24.21846115983738201 ) ) ;
#176 = ORIENTED_EDGE ( 'NONE', *, *, #1392, .T. ) ;
#177 = AXIS2_PLACEMENT_3D ( 'NONE', #1340, #1352, #1548 ) ;
#178 = ORIENTED_EDGE ( 'NONE', *, *, #2645, .T. ) ;
#179 = CARTESIAN_POINT ( 'NONE',  ( 21.48659120325478256, -0.4999999999997992162, 20.04346115983738841 ) ) ;
#180 = EDGE_CURVE ( 'NONE', #1538, #2638, #2141, .T. ) ;
#181 = CARTESIAN_POINT ( 'NONE',  ( 26.18659120325477829, -8.099999999999999645, 20.04346115983738841 ) ) ;
#182 = LINE ( 'NONE', #596, #582 ) ;
#183 = SURFACE_STYLE_USAGE ( .BOTH. , #1222 ) ;
#184 = CARTESIAN_POINT ( 'NONE',  ( 27.18659120325478185, 2.051991891961919916E-13, 20.04346115983738841 ) ) ;
#185 = ORIENTED_EDGE ( 'NONE', *, *, #2374, .F. ) ;
#186 = AXIS2_PLACEMENT_3D ( 'NONE', #392, #2459, #2419 ) ;
#187 = EDGE_CURVE ( 'NONE', #1718, #823, #2317, .T. ) ;
#188 = VECTOR ( 'NONE', #1344, 1000.000000000000000 ) ;
#189 = AXIS2_PLACEMENT_3D ( 'NONE', #1727, #2557, #1965 ) ;
#190 = ORIENTED_EDGE ( 'NONE', *, *, #1670, .T. ) ;
#191 = EDGE_LOOP ( 'NONE', ( #1101, #300, #1682, #382 ) ) ;
#192 = CIRCLE ( 'NONE', #1589, 0.5000000000000000000 ) ;
#193 = PLANE ( 'NONE',  #2237 ) ;
#194 = DIRECTION ( 'NONE',  ( -0.000000000000000000, 0.000000000000000000, -1.000000000000000000 ) ) ;
#195 = VERTEX_POINT ( 'NONE', #1100 ) ;
#196 = FACE_OUTER_BOUND ( 'NONE', #2547, .T. ) ;
#197 = FACE_OUTER_BOUND ( 'NONE', #1251, .T. ) ;
#198 = DIRECTION ( 'NONE',  ( -1.000000000000000000, -0.000000000000000000, -0.000000000000000000 ) ) ;
#199 = ORIENTED_EDGE ( 'NONE', *, *, #749, .F. ) ;
#200 = ORIENTED_EDGE ( 'NONE', *, *, #2526, .T. ) ;
#201 = DIRECTION ( 'NONE',  ( -0.000000000000000000, -0.000000000000000000, 1.000000000000000000 ) ) ;
#202 = ORIENTED_EDGE ( 'NONE', *, *, #2181, .T. ) ;
#203 = ORIENTED_EDGE ( 'NONE', *, *, #2330, .T. ) ;
#204 = CYLINDRICAL_SURFACE ( 'NONE', #2106, 0.5000000000000004441 ) ;
#205 = AXIS2_PLACEMENT_3D ( 'NONE', #1672, #72, #1310 ) ;
#206 = EDGE_CURVE ( 'NONE', #1020, #2304, #512, .T. ) ;
#207 = CARTESIAN_POINT ( 'NONE',  ( 25.98659120325478256, -8.099999999999999645, 21.49346115983738770 ) ) ;
#208 = COLOUR_RGB ( '',0.7921568627450980005, 0.8196078431372548767, 0.9333333333333333481 ) ;
#209 = FACE_OUTER_BOUND ( 'NONE', #1617, .T. ) ;
#210 = CARTESIAN_POINT ( 'NONE',  ( 27.58659120325485148, 11.50000000000019007, 19.11846115983735572 ) ) ;
#211 = CARTESIAN_POINT ( 'NONE',  ( 22.51159120325478114, -0.4999999999997619127, 23.21846115983738201 ) ) ;
#212 = ORIENTED_EDGE ( 'NONE', *, *, #1939, .F. ) ;
#213 = VERTEX_POINT ( 'NONE', #1766 ) ;
#214 = DIRECTION ( 'NONE',  ( -0.000000000000000000, 0.000000000000000000, -1.000000000000000000 ) ) ;
#215 = ORIENTED_EDGE ( 'NONE', *, *, #2530, .F. ) ;
#216 = CARTESIAN_POINT ( 'NONE',  ( 26.18659120325477829, -0.4999999999997723488, 21.69346115983738699 ) ) ;
#217 = ADVANCED_FACE ( 'NONE', ( #2549 ), #90, .T. ) ;
#218 = AXIS2_PLACEMENT_3D ( 'NONE', #1871, #1248, #1913 ) ;
#219 = CIRCLE ( 'NONE', #2091, 0.4999999999999998890 ) ;
#220 = PLANE ( 'NONE',  #2415 ) ;
#221 = ADVANCED_FACE ( 'NONE', ( #2563 ), #1152, .F. ) ;
#222 = VERTEX_POINT ( 'NONE', #529 ) ;
#223 = DIRECTION ( 'NONE',  ( -0.000000000000000000, 1.000000000000000000, -0.000000000000000000 ) ) ;
#224 = DIRECTION ( 'NONE',  ( -0.000000000000000000, -1.000000000000000000, 1.023771231724016148E-14 ) ) ;
#225 = DIRECTION ( 'NONE',  ( 1.000000000000000000, -0.000000000000000000, 0.000000000000000000 ) ) ;
#226 = ORIENTED_EDGE ( 'NONE', *, *, #1478, .F. ) ;
#227 = ORIENTED_EDGE ( 'NONE', *, *, #1966, .T. ) ;
#228 = CIRCLE ( 'NONE', #2223, 0.5000000000000004441 ) ;
#229 = EDGE_CURVE ( 'NONE', #1073, #276, #737, .T. ) ;
#230 = CARTESIAN_POINT ( 'NONE',  ( 22.01159120325478114, -0.4999999999998044342, 19.04346115983738841 ) ) ;
#231 = CARTESIAN_POINT ( 'NONE',  ( 26.18659120325477829, -8.099999999999999645, 21.69346115983738699 ) ) ;
#232 = ORIENTED_EDGE ( 'NONE', *, *, #1950, .T. ) ;
#233 = AXIS2_PLACEMENT_3D ( 'NONE', #1015, #1842, #1194 ) ;
#234 = DIRECTION ( 'NONE',  ( -1.000000000000000000, 0.000000000000000000, 0.000000000000000000 ) ) ;
#235 = EDGE_CURVE ( 'NONE', #2523, #1509, #715, .T. ) ;
#236 = VECTOR ( 'NONE', #2160, 1000.000000000000000 ) ;
#237 = ADVANCED_FACE ( 'NONE', ( #1559 ), #1314, .T. ) ;
#238 = ORIENTED_EDGE ( 'NONE', *, *, #1600, .T. ) ;
#239 = AXIS2_PLACEMENT_3D ( 'NONE', #6, #1648, #2678 ) ;
#240 = EDGE_CURVE ( 'NONE', #1640, #2061, #2376, .T. ) ;
#241 = ADVANCED_FACE ( 'NONE', ( #2349 ), #77, .F. ) ;
#242 = CARTESIAN_POINT ( 'NONE',  ( 24.46159120325478398, 0.000000000000000000, 18.71846115983738557 ) ) ;
#243 = CARTESIAN_POINT ( 'NONE',  ( 24.46159120325478398, -8.099999999999999645, 21.49346115983738770 ) ) ;
#244 = FACE_OUTER_BOUND ( 'NONE', #108, .T. ) ;
#245 = ORIENTED_EDGE ( 'NONE', *, *, #358, .T. ) ;
#246 = VECTOR ( 'NONE', #2067, 1000.000000000000000 ) ;
#247 = ORIENTED_EDGE ( 'NONE', *, *, #159, .F. ) ;
#248 = EDGE_CURVE ( 'NONE', #1128, #406, #294, .T. ) ;
#249 = PLANE ( 'NONE',  #315 ) ;
#250 = CARTESIAN_POINT ( 'NONE',  ( 20.08659120325484437, 11.50000000000019007, 19.11846115983735217 ) ) ;
#251 = ORIENTED_EDGE ( 'NONE', *, *, #70, .F. ) ;
#252 = VERTEX_POINT ( 'NONE', #2390 ) ;
#253 = FACE_OUTER_BOUND ( 'NONE', #450, .T. ) ;
#254 = EDGE_LOOP ( 'NONE', ( #372, #95, #1917, #363 ) ) ;
#255 = VECTOR ( 'NONE', #563, 1000.000000000000000 ) ;
#256 = CARTESIAN_POINT ( 'NONE',  ( 22.01159120325478114, 1.895866779124007025E-13, 18.51846115983738272 ) ) ;
#257 = CARTESIAN_POINT ( 'NONE',  ( 23.21159120325478042, 0.000000000000000000, 20.24346115983738770 ) ) ;
#258 = DIRECTION ( 'NONE',  ( 1.000000000000000000, 0.000000000000000000, 0.000000000000000000 ) ) ;
#259 = CIRCLE ( 'NONE', #2641, 0.5000000000000004441 ) ;
#260 = EDGE_LOOP ( 'NONE', ( #285, #2675, #1272, #2462 ) ) ;
#261 = ORIENTED_EDGE ( 'NONE', *, *, #904, .F. ) ;
#262 = EDGE_CURVE ( 'NONE', #634, #1176, #192, .T. ) ;
#263 = DIRECTION ( 'NONE',  ( 0.000000000000000000, 1.019150042136373221E-14, 1.000000000000000000 ) ) ;
#264 = DIRECTION ( 'NONE',  ( -0.000000000000000000, 1.000000000000000000, -0.000000000000000000 ) ) ;
#265 = CIRCLE ( 'NONE', #1786, 0.5000000000000004441 ) ;
#266 = ORIENTED_EDGE ( 'NONE', *, *, #718, .F. ) ;
#267 = ORIENTED_EDGE ( 'NONE', *, *, #366, .F. ) ;
#268 = CARTESIAN_POINT ( 'NONE',  ( 21.48659120325478256, -7.599999999999998757, 21.69346115983738699 ) ) ;
#269 = ADVANCED_FACE ( 'NONE', ( #307 ), #320, .T. ) ;
#270 = AXIS2_PLACEMENT_3D ( 'NONE', #2170, #546, #702 ) ;
#271 = VERTEX_POINT ( 'NONE', #119 ) ;
#272 = ADVANCED_FACE ( 'NONE', ( #2577 ), #2662, .F. ) ;
#273 = FACE_OUTER_BOUND ( 'NONE', #828, .T. ) ;
#274 = CARTESIAN_POINT ( 'NONE',  ( 23.83659120325484793, 12.50000000000019540, 19.11846115983734506 ) ) ;
#275 = DIRECTION ( 'NONE',  ( -0.000000000000000000, 0.000000000000000000, 1.000000000000000000 ) ) ;
#276 = VERTEX_POINT ( 'NONE', #2650 ) ;
#277 = CARTESIAN_POINT ( 'NONE',  ( 22.01159120325478114, -0.4999999999998148148, 18.01846115983730812 ) ) ;
#278 = SPHERICAL_SURFACE ( 'NONE', #1747, 0.5000000000000000000 ) ;
#279 = CARTESIAN_POINT ( 'NONE',  ( 22.01159120325478114, -7.599999999999998757, 22.19346115983738699 ) ) ;
#280 = ORIENTED_EDGE ( 'NONE', *, *, #102, .T. ) ;
#281 = VECTOR ( 'NONE', #515, 1000.000000000000000 ) ;
#282 = EDGE_CURVE ( 'NONE', #994, #2380, #66, .T. ) ;
#283 = VECTOR ( 'NONE', #1322, 1000.000000000000000 ) ;
#284 = CARTESIAN_POINT ( 'NONE',  ( 20.48659120325478256, -0.4999999999997992162, 19.54346115983731025 ) ) ;
#285 = ORIENTED_EDGE ( 'NONE', *, *, #1295, .T. ) ;
#286 = CARTESIAN_POINT ( 'NONE',  ( 23.01159120325478114, -7.599999999999998757, 18.01846115983738628 ) ) ;
#287 = DIRECTION ( 'NONE',  ( 0.000000000000000000, 1.023771231724015675E-14, 1.000000000000000000 ) ) ;
#288 = VERTEX_POINT ( 'NONE', #1415 ) ;
#289 = DIRECTION ( 'NONE',  ( -1.000000000000000000, 0.000000000000000000, 0.000000000000000000 ) ) ;
#290 = DIRECTION ( 'NONE',  ( -0.000000000000000000, -0.000000000000000000, -1.000000000000000000 ) ) ;
#291 = DIRECTION ( 'NONE',  ( 0.000000000000000000, 1.000000000000000000, -1.023771231724015990E-14 ) ) ;
#292 = LINE ( 'NONE', #2095, #2071 ) ;
#293 = ORIENTED_EDGE ( 'NONE', *, *, #564, .F. ) ;
#294 = LINE ( 'NONE', #903, #889 ) ;
#295 = EDGE_LOOP ( 'NONE', ( #698, #185, #1722 ) ) ;
#296 = ADVANCED_FACE ( 'NONE', ( #1167 ), #1575, .T. ) ;
#297 = CARTESIAN_POINT ( 'NONE',  ( 27.58659120325485148, 11.50000000000019007, 19.11846115983735572 ) ) ;
#298 = FACE_OUTER_BOUND ( 'NONE', #1861, .T. ) ;
#299 = DIRECTION ( 'NONE',  ( -0.000000000000000000, 1.023771231724015675E-14, 1.000000000000000000 ) ) ;
#300 = ORIENTED_EDGE ( 'NONE', *, *, #2333, .T. ) ;
#301 = LINE ( 'NONE', #1134, #1362 ) ;
#302 = LINE ( 'NONE', #1581, #576 ) ;
#303 = DIRECTION ( 'NONE',  ( -0.000000000000000000, -1.000000000000000000, -0.000000000000000000 ) ) ;
#304 = DIRECTION ( 'NONE',  ( 0.000000000000000000, 1.000000000000000000, -1.023771231724015990E-14 ) ) ;
#305 = ORIENTED_EDGE ( 'NONE', *, *, #1515, .T. ) ;
#306 = AXIS2_PLACEMENT_3D ( 'NONE', #1680, #633, #1929 ) ;
#307 = FACE_OUTER_BOUND ( 'NONE', #2301, .T. ) ;
#308 = ORIENTED_EDGE ( 'NONE', *, *, #438, .T. ) ;
#309 = EDGE_CURVE ( 'NONE', #411, #2296, #750, .T. ) ;
#310 = CARTESIAN_POINT ( 'NONE',  ( 27.58659120325485148, 11.50000000000022737, 22.61846115983735572 ) ) ;
#311 = CYLINDRICAL_SURFACE ( 'NONE', #2011, 0.5000000000000004441 ) ;
#312 = VERTEX_POINT ( 'NONE', #976 ) ;
#313 = DIRECTION ( 'NONE',  ( -0.000000000000000000, 1.000000000000000000, -0.000000000000000000 ) ) ;
#314 = FACE_OUTER_BOUND ( 'NONE', #692, .T. ) ;
#315 = AXIS2_PLACEMENT_3D ( 'NONE', #1449, #214, #1265 ) ;
#316 = LINE ( 'NONE', #1372, #1155 ) ;
#317 = CARTESIAN_POINT ( 'NONE',  ( 25.66159120325478327, -7.599999999999998757, 19.54346115983738841 ) ) ;
#318 = ORIENTED_EDGE ( 'NONE', *, *, #2007, .T. ) ;
#319 = FACE_OUTER_BOUND ( 'NONE', #536, .T. ) ;
#320 = SPHERICAL_SURFACE ( 'NONE', #767, 0.5000000000000000000 ) ;
#321 = EDGE_CURVE ( 'NONE', #1150, #885, #413, .T. ) ;
#322 = LINE ( 'NONE', #1561, #1870 ) ;
#323 = EDGE_CURVE ( 'NONE', #2304, #1069, #790, .T. ) ;
#324 = PLANE ( 'NONE',  #713 ) ;
#325 = CIRCLE ( 'NONE', #548, 0.5000000000000004441 ) ;
#326 = AXIS2_PLACEMENT_3D ( 'NONE', #707, #550, #2198 ) ;
#327 = EDGE_CURVE ( 'NONE', #58, #1632, #1366, .T. ) ;
#328 = DIRECTION ( 'NONE',  ( 0.000000000000000000, 1.000000000000000000, -1.023771231724015990E-14 ) ) ;
#329 = VECTOR ( 'NONE', #2248, 1000.000000000000000 ) ;
#330 = DIRECTION ( 'NONE',  ( 0.000000000000000000, 0.000000000000000000, -1.000000000000000000 ) ) ;
#331 = DIRECTION ( 'NONE',  ( -0.7071067811865463515, -0.7071067811865487940, 7.359808400080174564E-15 ) ) ;
#332 = AXIS2_PLACEMENT_3D ( 'NONE', #915, #539, #2186 ) ;
#333 = ORIENTED_EDGE ( 'NONE', *, *, #779, .T. ) ;
#334 = AXIS2_PLACEMENT_3D ( 'NONE', #1853, #628, #452 ) ;
#335 = EDGE_CURVE ( 'NONE', #725, #1470, #668, .T. ) ;
#336 = DIRECTION ( 'NONE',  ( 0.000000000000000000, -1.000000000000000000, 6.938893903907226800E-15 ) ) ;
#337 = AXIS2_PLACEMENT_3D ( 'NONE', #935, #736, #1179 ) ;
#338 = DIRECTION ( 'NONE',  ( 0.000000000000000000, 0.000000000000000000, -1.000000000000000000 ) ) ;
#339 = DIRECTION ( 'NONE',  ( -1.000000000000000000, 0.000000000000000000, -0.000000000000000000 ) ) ;
#340 = DIRECTION ( 'NONE',  ( -0.000000000000000000, 1.000000000000000000, -0.000000000000000000 ) ) ;
#341 = EDGE_LOOP ( 'NONE', ( #1496, #2289, #648, #91 ) ) ;
#342 = FACE_OUTER_BOUND ( 'NONE', #1074, .T. ) ;
#343 = DIRECTION ( 'NONE',  ( -1.000000000000000000, 0.000000000000000000, 0.000000000000000000 ) ) ;
#344 = DIRECTION ( 'NONE',  ( -0.000000000000000000, -0.000000000000000000, 1.000000000000000000 ) ) ;
#345 = CARTESIAN_POINT ( 'NONE',  ( 23.83659120325484793, 12.50000000000019718, 19.11846115983734506 ) ) ;
#346 = EDGE_CURVE ( 'NONE', #2489, #823, #376, .T. ) ;
#347 = VERTEX_POINT ( 'NONE', #157 ) ;
#348 = AXIS2_PLACEMENT_3D ( 'NONE', #1196, #796, #2488 ) ;
#349 = DIRECTION ( 'NONE',  ( 0.000000000000000000, 1.023771231724015833E-14, 1.000000000000000000 ) ) ;
#350 = CIRCLE ( 'NONE', #1038, 0.5000000000000004441 ) ;
#351 = PRESENTATION_LAYER_ASSIGNMENT (  '', '', ( #2473 ) ) ;
#352 = CARTESIAN_POINT ( 'NONE',  ( 24.66159120325477971, -0.4999999999998095968, 18.51846115983738628 ) ) ;
#353 = DIRECTION ( 'NONE',  ( 0.000000000000000000, 1.023771231724015990E-14, 1.000000000000000000 ) ) ;
#354 = AXIS2_PLACEMENT_3D ( 'NONE', #1507, #224, #1056 ) ;
#355 = EDGE_CURVE ( 'NONE', #406, #271, #1717, .T. ) ;
#356 = CARTESIAN_POINT ( 'NONE',  ( 25.66159120325478327, -8.099999999999999645, 21.69346115983738699 ) ) ;
#357 = PLANE ( 'NONE',  #1141 ) ;
#358 = EDGE_CURVE ( 'NONE', #252, #961, #367, .T. ) ;
#359 = CARTESIAN_POINT ( 'NONE',  ( 23.21159120325478042, -8.099999999999999645, 20.24346115983738770 ) ) ;
#360 = FACE_OUTER_BOUND ( 'NONE', #2133, .T. ) ;
#361 = CARTESIAN_POINT ( 'NONE',  ( 21.08659120325484437, 12.50000000000023093, 22.61846115983735217 ) ) ;
#362 = VECTOR ( 'NONE', #1983, 1000.000000000000000 ) ;
#363 = ORIENTED_EDGE ( 'NONE', *, *, #2657, .T. ) ;
#364 = EDGE_LOOP ( 'NONE', ( #1712, #1658, #1343, #1864 ) ) ;
#365 = EDGE_CURVE ( 'NONE', #2493, #760, #551, .T. ) ;
#366 = EDGE_CURVE ( 'NONE', #1498, #1069, #1011, .T. ) ;
#367 = LINE ( 'NONE', #985, #1238 ) ;
#368 = VECTOR ( 'NONE', #1291, 1000.000000000000000 ) ;
#369 = AXIS2_PLACEMENT_3D ( 'NONE', #2494, #1506, #645 ) ;
#370 = PLANE ( 'NONE',  #2080 ) ;
#371 = DIRECTION ( 'NONE',  ( 0.000000000000000000, -1.023771231724015990E-14, -1.000000000000000000 ) ) ;
#372 = ORIENTED_EDGE ( 'NONE', *, *, #1190, .F. ) ;
#373 = CARTESIAN_POINT ( 'NONE',  ( 24.66159120325477971, -8.099999999999999645, 18.51846115983738628 ) ) ;
#374 = FACE_OUTER_BOUND ( 'NONE', #2075, .T. ) ;
#375 = EDGE_LOOP ( 'NONE', ( #1460, #1645, #1876, #599 ) ) ;
#376 = LINE ( 'NONE', #1794, #1021 ) ;
#377 = VECTOR ( 'NONE', #1827, 1000.000000000000000 ) ;
#378 = SPHERICAL_SURFACE ( 'NONE', #2239, 0.5000000000000000000 ) ;
#379 = CARTESIAN_POINT ( 'NONE',  ( 25.66159120325478327, -0.4999999999997676858, 22.69346115983738699 ) ) ;
#380 = DIRECTION ( 'NONE',  ( 1.000000000000000000, 0.000000000000000000, -0.000000000000000000 ) ) ;
#381 = DIRECTION ( 'NONE',  ( 0.000000000000000000, 0.000000000000000000, -1.000000000000000000 ) ) ;
#382 = ORIENTED_EDGE ( 'NONE', *, *, #1604, .T. ) ;
#383 = DIRECTION ( 'NONE',  ( 1.000000000000000000, -0.000000000000000000, -0.000000000000000000 ) ) ;
#384 = VECTOR ( 'NONE', #1595, 1000.000000000000000 ) ;
#385 = ORIENTED_EDGE ( 'NONE', *, *, #1646, .F. ) ;
#386 = ORIENTED_EDGE ( 'NONE', *, *, #48, .F. ) ;
#387 = VECTOR ( 'NONE', #1536, 1000.000000000000000 ) ;
#388 = DIRECTION ( 'NONE',  ( 0.000000000000000000, 0.000000000000000000, 1.000000000000000000 ) ) ;
#389 = CYLINDRICAL_SURFACE ( 'NONE', #141, 0.5000000000000004441 ) ;
#390 = AXIS2_PLACEMENT_3D ( 'NONE', #243, #850, #1679 ) ;
#391 = ADVANCED_FACE ( 'NONE', ( #1993 ), #2206, .T. ) ;
#392 = CARTESIAN_POINT ( 'NONE',  ( 23.01159120325478114, -7.599999999999998757, 23.21846115983738201 ) ) ;
#393 = DIRECTION ( 'NONE',  ( 9.027796614315158252E-30, 6.938893903907227589E-15, 1.000000000000000000 ) ) ;
#394 = CARTESIAN_POINT ( 'NONE',  ( 20.48659120325478256, 2.220914145196382547E-13, 21.69346115983738699 ) ) ;
#395 = VERTEX_POINT ( 'NONE', #2640 ) ;
#396 = AXIS2_PLACEMENT_3D ( 'NONE', #739, #1940, #1317 ) ;
#397 = ORIENTED_EDGE ( 'NONE', *, *, #997, .F. ) ;
#398 = VERTEX_POINT ( 'NONE', #1191 ) ;
#399 = DIRECTION ( 'NONE',  ( 0.000000000000000000, -1.000000000000000000, 6.938893903907229955E-15 ) ) ;
#400 = EDGE_CURVE ( 'NONE', #655, #252, #2193, .T. ) ;
#401 = DIRECTION ( 'NONE',  ( -0.000000000000000000, -0.000000000000000000, -1.000000000000000000 ) ) ;
#402 = ORIENTED_EDGE ( 'NONE', *, *, #1005, .T. ) ;
#403 = FILL_AREA_STYLE ('',( #2267 ) ) ;
#404 = DIRECTION ( 'NONE',  ( 0.000000000000000000, 1.023771231724015990E-14, 1.000000000000000000 ) ) ;
#405 = ORIENTED_EDGE ( 'NONE', *, *, #2159, .T. ) ;
#406 = VERTEX_POINT ( 'NONE', #1390 ) ;
#407 = AXIS2_PLACEMENT_3D ( 'NONE', #110, #945, #1774 ) ;
#408 = CIRCLE ( 'NONE', #549, 0.5000000000000004441 ) ;
#409 = VERTEX_POINT ( 'NONE', #133 ) ;
#410 = ADVANCED_FACE ( 'NONE', ( #2018 ), #2439, .F. ) ;
#411 = VERTEX_POINT ( 'NONE', #1610 ) ;
#412 = ORIENTED_EDGE ( 'NONE', *, *, #602, .T. ) ;
#413 = CIRCLE ( 'NONE', #2057, 0.5000000000000004441 ) ;
#414 = FACE_OUTER_BOUND ( 'NONE', #1226, .T. ) ;
#415 = DIRECTION ( 'NONE',  ( 0.000000000000000000, -1.023771231724015990E-14, -1.000000000000000000 ) ) ;
#416 = VECTOR ( 'NONE', #349, 1000.000000000000000 ) ;
#417 = LINE ( 'NONE', #2293, #1313 ) ;
#418 = CARTESIAN_POINT ( 'NONE',  ( 21.48659120325478256, -7.599999999999998757, 22.19346115983738699 ) ) ;
#419 = CARTESIAN_POINT ( 'NONE',  ( 21.48659120325478256, -0.4999999999997723488, 22.19346115983738699 ) ) ;
#420 = EDGE_LOOP ( 'NONE', ( #1407, #54, #2246, #247 ) ) ;
#421 = ORIENTED_EDGE ( 'NONE', *, *, #2516, .T. ) ;
#422 = EDGE_CURVE ( 'NONE', #601, #2529, #2665, .T. ) ;
#423 = ORIENTED_EDGE ( 'NONE', *, *, #2516, .F. ) ;
#424 = ORIENTED_EDGE ( 'NONE', *, *, #1809, .F. ) ;
#425 = DIRECTION ( 'NONE',  ( -0.000000000000000000, 1.000000000000000000, -0.000000000000000000 ) ) ;
#426 = CARTESIAN_POINT ( 'NONE',  ( 26.68659120325478185, -7.599999999999998757, 20.04346115983738841 ) ) ;
#427 = ORIENTED_EDGE ( 'NONE', *, *, #2398, .T. ) ;
#428 = EDGE_CURVE ( 'NONE', #725, #2497, #2324, .T. ) ;
#429 = FACE_OUTER_BOUND ( 'NONE', #295, .T. ) ;
#430 = DIRECTION ( 'NONE',  ( 0.000000000000000000, 1.000000000000000000, -0.000000000000000000 ) ) ;
#431 = CARTESIAN_POINT ( 'NONE',  ( 25.16159120325478327, -7.599999999999998757, 18.51846115983738628 ) ) ;
#432 = ORIENTED_EDGE ( 'NONE', *, *, #159, .T. ) ;
#433 = ORIENTED_EDGE ( 'NONE', *, *, #619, .T. ) ;
#434 = FACE_OUTER_BOUND ( 'NONE', #830, .T. ) ;
#435 = DIRECTION ( 'NONE',  ( 0.000000000000000000, -1.023771231724015990E-14, -1.000000000000000000 ) ) ;
#436 = VERTEX_POINT ( 'NONE', #1866 ) ;
#437 = CARTESIAN_POINT ( 'NONE',  ( 0.000000000000000000, -7.599999999999998757, 23.21846115983738201 ) ) ;
#438 = EDGE_CURVE ( 'NONE', #1436, #1640, #831, .T. ) ;
#439 = ADVANCED_FACE ( 'NONE', ( #2314 ), #193, .T. ) ;
#440 = VECTOR ( 'NONE', #223, 1000.000000000000000 ) ;
#441 = AXIS2_PLACEMENT_3D ( 'NONE', #1076, #1253, #1048 ) ;
#442 = ORIENTED_EDGE ( 'NONE', *, *, #1634, .F. ) ;
#443 = FACE_OUTER_BOUND ( 'NONE', #420, .T. ) ;
#444 = DIRECTION ( 'NONE',  ( 1.000000000000000000, -0.000000000000000000, -0.000000000000000000 ) ) ;
#445 = CARTESIAN_POINT ( 'NONE',  ( 23.01159120325478114, 1.793489655951605316E-13, 17.51846115983738272 ) ) ;
#446 = ORIENTED_EDGE ( 'NONE', *, *, #2647, .F. ) ;
#447 = ORIENTED_EDGE ( 'NONE', *, *, #1950, .F. ) ;
#448 = DIRECTION ( 'NONE',  ( 0.000000000000000000, 0.000000000000000000, 1.000000000000000000 ) ) ;
#449 = LINE ( 'NONE', #1946, #2426 ) ;
#450 = EDGE_LOOP ( 'NONE', ( #1215, #1505, #442, #804 ) ) ;
#451 = AXIS2_PLACEMENT_3D ( 'NONE', #50, #2070, #2114 ) ;
#452 = DIRECTION ( 'NONE',  ( 0.000000000000000000, 0.000000000000000000, 1.000000000000000000 ) ) ;
#453 = DIRECTION ( 'NONE',  ( -1.000000000000000000, 0.000000000000000000, 0.000000000000000000 ) ) ;
#454 = ADVANCED_FACE ( 'NONE', ( #2663 ), #1024, .T. ) ;
#455 = AXIS2_PLACEMENT_3D ( 'NONE', #1567, #139, #745 ) ;
#456 = ORIENTED_EDGE ( 'NONE', *, *, #335, .T. ) ;
#457 = AXIS2_PLACEMENT_3D ( 'NONE', #216, #2467, #653 ) ;
#458 = CARTESIAN_POINT ( 'NONE',  ( 26.68659120325478185, -0.4999999999997671307, 22.69346115983738699 ) ) ;
#459 = CARTESIAN_POINT ( 'NONE',  ( 25.16159120325478327, -7.599999999999998757, 22.69346115983738699 ) ) ;
#460 = DIRECTION ( 'NONE',  ( 0.000000000000000000, 1.009293658750141334E-14, 1.000000000000000000 ) ) ;
#461 = VERTEX_POINT ( 'NONE', #33 ) ;
#462 = AXIS2_PLACEMENT_3D ( 'NONE', #2424, #2436, #2628 ) ;
#463 = ORIENTED_EDGE ( 'NONE', *, *, #495, .F. ) ;
#464 = CARTESIAN_POINT ( 'NONE',  ( 22.51159120325478114, -8.099999999999999645, 19.54346115983738841 ) ) ;
#465 = CARTESIAN_POINT ( 'NONE',  ( 26.18659120325477829, -8.099999999999999645, 22.19346115983738699 ) ) ;
#466 = ORIENTED_EDGE ( 'NONE', *, *, #2536, .T. ) ;
#467 = ORIENTED_EDGE ( 'NONE', *, *, #2398, .F. ) ;
#468 = EDGE_CURVE ( 'NONE', #398, #2589, #2052, .T. ) ;
#469 = DIRECTION ( 'NONE',  ( -0.000000000000000000, 0.000000000000000000, -1.000000000000000000 ) ) ;
#470 = EDGE_LOOP ( 'NONE', ( #1734, #1745, #1414, #1729 ) ) ;
#471 = AXIS2_PLACEMENT_3D ( 'NONE', #770, #2421, #1347 ) ;
#472 = DIRECTION ( 'NONE',  ( 1.000000000000000000, 0.000000000000000000, 0.000000000000000000 ) ) ;
#473 = CARTESIAN_POINT ( 'NONE',  ( 22.01159120325478114, -8.099999999999999645, 22.69346115983738699 ) ) ;
#474 = DIRECTION ( 'NONE',  ( 1.000000000000000000, 0.000000000000000000, 0.000000000000000000 ) ) ;
#475 = AXIS2_PLACEMENT_3D ( 'NONE', #52, #275, #258 ) ;
#476 = VERTEX_POINT ( 'NONE', #2275 ) ;
#477 = EDGE_CURVE ( 'NONE', #1436, #818, #819, .T. ) ;
#478 = DIRECTION ( 'NONE',  ( -0.000000000000000000, 1.023771231724015990E-14, 1.000000000000000000 ) ) ;
#479 = AXIS2_PLACEMENT_3D ( 'NONE', #1383, #2212, #330 ) ;
#480 = CARTESIAN_POINT ( 'NONE',  ( 20.98659120325478256, -8.099999999999999645, 19.54346115983738841 ) ) ;
#481 = DIRECTION ( 'NONE',  ( 0.000000000000000000, -1.023771231724015833E-14, -1.000000000000000000 ) ) ;
#482 = AXIS2_PLACEMENT_3D ( 'NONE', #1273, #2101, #2089 ) ;
#483 = EDGE_LOOP ( 'NONE', ( #176, #814, #463 ) ) ;
#484 = ORIENTED_EDGE ( 'NONE', *, *, #787, .F. ) ;
#485 = CIRCLE ( 'NONE', #920, 3.750000000000003553 ) ;
#486 = ORIENTED_EDGE ( 'NONE', *, *, #206, .F. ) ;
#487 = DIRECTION ( 'NONE',  ( 0.000000000000000000, 0.000000000000000000, -1.000000000000000000 ) ) ;
#488 = CARTESIAN_POINT ( 'NONE',  ( 24.66159120325477971, -8.099999999999999645, 22.69346115983738699 ) ) ;
#489 = ORIENTED_EDGE ( 'NONE', *, *, #29, .T. ) ;
#490 = VERTEX_POINT ( 'NONE', #1244 ) ;
#491 = DIRECTION ( 'NONE',  ( -0.000000000000000000, -1.000000000000000000, 1.023771231724015990E-14 ) ) ;
#492 = CARTESIAN_POINT ( 'NONE',  ( 24.66159120325477971, -8.099999999999999645, 23.71846115983738201 ) ) ;
#493 = DIRECTION ( 'NONE',  ( -0.000000000000000000, 1.000000000000000000, -0.000000000000000000 ) ) ;
#494 = ORIENTED_EDGE ( 'NONE', *, *, #2355, .T. ) ;
#495 = EDGE_CURVE ( 'NONE', #1133, #2296, #590, .T. ) ;
#496 = VECTOR ( 'NONE', #2175, 1000.000000000000000 ) ;
#497 = ADVANCED_FACE ( 'NONE', ( #414 ), #1843, .F. ) ;
#498 = DIRECTION ( 'NONE',  ( -0.000000000000000000, 6.938893903907237844E-15, 1.000000000000000000 ) ) ;
#499 = ORIENTED_EDGE ( 'NONE', *, *, #808, .F. ) ;
#500 = PLANE ( 'NONE',  #1573 ) ;
#501 = DIRECTION ( 'NONE',  ( -0.000000000000000000, -1.000000000000000000, 1.023771231724015990E-14 ) ) ;
#502 =( NAMED_UNIT ( * ) PLANE_ANGLE_UNIT ( ) SI_UNIT ( $, .RADIAN. ) );
#503 = ORIENTED_EDGE ( 'NONE', *, *, #1824, .F. ) ;
#504 = CARTESIAN_POINT ( 'NONE',  ( 25.16159120325478327, -8.099999999999999645, 18.01846115983738628 ) ) ;
#505 = CARTESIAN_POINT ( 'NONE',  ( 21.68659120325478185, 0.000000000000000000, 20.24346115983738770 ) ) ;
#506 = DIRECTION ( 'NONE',  ( 0.000000000000000000, 0.000000000000000000, -1.000000000000000000 ) ) ;
#507 = FACE_OUTER_BOUND ( 'NONE', #165, .T. ) ;
#508 = CIRCLE ( 'NONE', #1502, 0.5000000000000004441 ) ;
#509 = ORIENTED_EDGE ( 'NONE', *, *, #670, .T. ) ;
#510 = EDGE_CURVE ( 'NONE', #252, #411, #1158, .T. ) ;
#511 = ADVANCED_FACE ( 'NONE', ( #2302 ), #204, .T. ) ;
#512 = LINE ( 'NONE', #1139, #887 ) ;
#513 = ORIENTED_EDGE ( 'NONE', *, *, #759, .F. ) ;
#514 = LINE ( 'NONE', #1521, #2263 ) ;
#515 = DIRECTION ( 'NONE',  ( 0.000000000000000000, 0.000000000000000000, 1.000000000000000000 ) ) ;
#516 = LINE ( 'NONE', #1404, #1172 ) ;
#517 = AXIS2_PLACEMENT_3D ( 'NONE', #345, #1137, #710 ) ;
#518 = EDGE_LOOP ( 'NONE', ( #2077, #2125, #802, #1058 ) ) ;
#519 = EDGE_CURVE ( 'NONE', #2337, #213, #857, .T. ) ;
#520 = DIRECTION ( 'NONE',  ( 0.000000000000000000, 0.000000000000000000, -1.000000000000000000 ) ) ;
#521 = LINE ( 'NONE', #505, #1395 ) ;
#522 = CARTESIAN_POINT ( 'NONE',  ( 20.08659120325484437, 11.50000000000019007, 19.11846115983735572 ) ) ;
#523 = CYLINDRICAL_SURFACE ( 'NONE', #517, 3.750000000000003553 ) ;
#524 = ADVANCED_FACE ( 'NONE', ( #1039, #1051 ), #845, .T. ) ;
#525 = ORIENTED_EDGE ( 'NONE', *, *, #564, .T. ) ;
#526 = EDGE_CURVE ( 'NONE', #1176, #195, #1675, .T. ) ;
#527 = DIRECTION ( 'NONE',  ( 0.000000000000000000, 1.000000000000000000, -0.000000000000000000 ) ) ;
#528 = EDGE_CURVE ( 'NONE', #1851, #2681, #2097, .T. ) ;
#529 = CARTESIAN_POINT ( 'NONE',  ( 25.66159120325478327, -7.599999999999998757, 19.54346115983738841 ) ) ;
#530 = EDGE_CURVE ( 'NONE', #1860, #2450, #1065, .T. ) ;
#531 = CIRCLE ( 'NONE', #396, 1.000000000000000888 ) ;
#532 = DIRECTION ( 'NONE',  ( 1.000000000000000000, -0.000000000000000000, 0.000000000000000000 ) ) ;
#533 = DIRECTION ( 'NONE',  ( 0.000000000000000000, 1.000000000000000000, -1.023771231724015990E-14 ) ) ;
#534 = ORIENTED_EDGE ( 'NONE', *, *, #1271, .F. ) ;
#535 = EDGE_CURVE ( 'NONE', #818, #833, #2588, .T. ) ;
#536 = EDGE_LOOP ( 'NONE', ( #1311, #2648, #1669 ) ) ;
#537 = DIRECTION ( 'NONE',  ( 0.000000000000000000, 0.000000000000000000, -1.000000000000000000 ) ) ;
#538 = DIRECTION ( 'NONE',  ( 0.000000000000000000, -1.000000000000000000, 6.938893903907229955E-15 ) ) ;
#539 = DIRECTION ( 'NONE',  ( -0.000000000000000000, 0.000000000000000000, 1.000000000000000000 ) ) ;
#540 = CARTESIAN_POINT ( 'NONE',  ( 24.66159120325477971, -7.599999999999998757, 23.71846115983738201 ) ) ;
#541 = ORIENTED_EDGE ( 'NONE', *, *, #1703, .T. ) ;
#542 = DIRECTION ( 'NONE',  ( 0.000000000000000000, -1.000000000000000000, 0.000000000000000000 ) ) ;
#543 = CARTESIAN_POINT ( 'NONE',  ( 23.01159120325478114, -7.599999999999998757, 18.51846115983738628 ) ) ;
#544 = AXIS2_PLACEMENT_3D ( 'NONE', #2224, #2474, #2240 ) ;
#545 = ADVANCED_FACE ( 'NONE', ( #1945 ), #1764, .F. ) ;
#546 = DIRECTION ( 'NONE',  ( -1.000000000000000000, 0.000000000000000000, 0.000000000000000000 ) ) ;
#547 = DIRECTION ( 'NONE',  ( 0.000000000000000000, 0.000000000000000000, -1.000000000000000000 ) ) ;
#548 = AXIS2_PLACEMENT_3D ( 'NONE', #2584, #491, #1146 ) ;
#549 = AXIS2_PLACEMENT_3D ( 'NONE', #1370, #1321, #520 ) ;
#550 = DIRECTION ( 'NONE',  ( 0.000000000000000000, -1.000000000000000000, 1.040834085586079839E-14 ) ) ;
#551 = CIRCLE ( 'NONE', #1935, 1.000000000000000888 ) ;
#552 = DIRECTION ( 'NONE',  ( 0.000000000000000000, 1.000000000000000000, 0.000000000000000000 ) ) ;
#553 = CYLINDRICAL_SURFACE ( 'NONE', #114, 0.5000000000000004441 ) ;
#554 = DIRECTION ( 'NONE',  ( 0.000000000000000000, 0.000000000000000000, -1.000000000000000000 ) ) ;
#555 = ORIENTED_EDGE ( 'NONE', *, *, #1792, .T. ) ;
#556 = CYLINDRICAL_SURFACE ( 'NONE', #27, 0.5000000000000004441 ) ;
#557 = EDGE_CURVE ( 'NONE', #601, #1224, #1959, .T. ) ;
#558 = CARTESIAN_POINT ( 'NONE',  ( 24.66159120325477971, -7.599999999999998757, 19.04346115983738841 ) ) ;
#559 = LINE ( 'NONE', #1635, #2484 ) ;
#560 = DIRECTION ( 'NONE',  ( 0.000000000000000000, 0.000000000000000000, 1.000000000000000000 ) ) ;
#561 = DIRECTION ( 'NONE',  ( -1.000000000000000000, 0.000000000000000000, -0.000000000000000000 ) ) ;
#562 = DIRECTION ( 'NONE',  ( 0.000000000000000000, 1.000000000000000000, 0.000000000000000000 ) ) ;
#563 = DIRECTION ( 'NONE',  ( 1.000000000000000000, -0.000000000000000000, -0.000000000000000000 ) ) ;
#564 = EDGE_CURVE ( 'NONE', #1718, #2589, #2323, .T. ) ;
#565 = ORIENTED_EDGE ( 'NONE', *, *, #206, .T. ) ;
#566 = CIRCLE ( 'NONE', #2386, 0.5000000000000004441 ) ;
#567 = ORIENTED_EDGE ( 'NONE', *, *, #1365, .T. ) ;
#568 = CIRCLE ( 'NONE', #132, 0.5000000000000004441 ) ;
#569 = DIRECTION ( 'NONE',  ( 0.000000000000000000, -1.000000000000000000, 6.938893903907228378E-15 ) ) ;
#570 = DIRECTION ( 'NONE',  ( 1.000000000000000000, -0.000000000000000000, -0.000000000000000000 ) ) ;
#571 = CARTESIAN_POINT ( 'NONE',  ( 24.66159120325477971, -0.4999999999998206990, 17.51846115983738628 ) ) ;
#572 = CARTESIAN_POINT ( 'NONE',  ( 23.01159120325478114, -7.599999999999998757, 23.21846115983738201 ) ) ;
#573 = CARTESIAN_POINT ( 'NONE',  ( 22.01159120325478114, -7.599999999999998757, 20.04346115983738841 ) ) ;
#574 = AXIS2_PLACEMENT_3D ( 'NONE', #1750, #1102, #1783 ) ;
#575 = ORIENTED_EDGE ( 'NONE', *, *, #2076, .F. ) ;
#576 = VECTOR ( 'NONE', #2559, 1000.000000000000000 ) ;
#577 = CARTESIAN_POINT ( 'NONE',  ( 22.01159120325478114, -0.4999999999997671307, 22.69346115983738699 ) ) ;
#578 = ORIENTED_EDGE ( 'NONE', *, *, #2129, .F. ) ;
#579 = CARTESIAN_POINT ( 'NONE',  ( 25.66159120325478327, -0.4999999999998044342, 19.04346115983738841 ) ) ;
#580 = EDGE_CURVE ( 'NONE', #222, #271, #1408, .T. ) ;
#581 = CARTESIAN_POINT ( 'NONE',  ( 26.68659120325478185, -8.099999999999999645, 19.54346115983738841 ) ) ;
#582 = VECTOR ( 'NONE', #583, 1000.000000000000000 ) ;
#583 = DIRECTION ( 'NONE',  ( 0.000000000000000000, 1.023771231724015990E-14, 1.000000000000000000 ) ) ;
#584 = PLANE ( 'NONE',  #2210 ) ;
#585 = CARTESIAN_POINT ( 'NONE',  ( 25.66159120325478327, 1.949614768789517954E-13, 19.04346115983738486 ) ) ;
#586 = EDGE_LOOP ( 'NONE', ( #1187, #115, #1281, #848 ) ) ;
#587 = CARTESIAN_POINT ( 'NONE',  ( 25.98659120325478256, 0.000000000000000000, 20.24346115983738770 ) ) ;
#588 = AXIS2_PLACEMENT_3D ( 'NONE', #1987, #1357, #1162 ) ;
#589 = ORIENTED_EDGE ( 'NONE', *, *, #834, .T. ) ;
#590 = CIRCLE ( 'NONE', #2455, 0.5000000000000004441 ) ;
#591 = CARTESIAN_POINT ( 'NONE',  ( 24.66159120325477971, -8.099999999999999645, 18.51846115983738628 ) ) ;
#592 = CARTESIAN_POINT ( 'NONE',  ( 21.68659120325478185, -8.099999999999999645, 20.24346115983738770 ) ) ;
#593 = AXIS2_PLACEMENT_3D ( 'NONE', #1068, #453, #1896 ) ;
#594 = ADVANCED_FACE ( 'NONE', ( #1136 ), #553, .T. ) ;
#595 = LINE ( 'NONE', #1839, #2134 ) ;
#596 = CARTESIAN_POINT ( 'NONE',  ( 25.16159120325478327, -0.4999999999998043232, 19.04346115983739196 ) ) ;
#597 = CYLINDRICAL_SURFACE ( 'NONE', #135, 0.5000000000000004441 ) ;
#598 = DIRECTION ( 'NONE',  ( 0.000000000000000000, 0.000000000000000000, 1.000000000000000000 ) ) ;
#599 = ORIENTED_EDGE ( 'NONE', *, *, #602, .F. ) ;
#600 = ORIENTED_EDGE ( 'NONE', *, *, #1287, .F. ) ;
#601 = VERTEX_POINT ( 'NONE', #1174 ) ;
#602 = EDGE_CURVE ( 'NONE', #1150, #1492, #316, .T. ) ;
#603 = CIRCLE ( 'NONE', #1782, 1.000000000000000888 ) ;
#604 = DIRECTION ( 'NONE',  ( 0.000000000000000000, 0.000000000000000000, -1.000000000000000000 ) ) ;
#605 = ADVANCED_FACE ( 'NONE', ( #2200 ), #1624, .T. ) ;
#606 = DIRECTION ( 'NONE',  ( -1.000000000000000000, 0.000000000000000000, 0.000000000000000000 ) ) ;
#607 = EDGE_LOOP ( 'NONE', ( #1563, #1832, #2164, #1312 ) ) ;
#608 = CARTESIAN_POINT ( 'NONE',  ( 23.01159120325478114, 2.377655364260711224E-13, 23.21846115983737846 ) ) ;
#609 = CARTESIAN_POINT ( 'NONE',  ( 20.98659120325478256, -0.4999999999997992162, 20.04346115983738841 ) ) ;
#610 = CARTESIAN_POINT ( 'NONE',  ( 23.21159120325478042, 0.000000000000000000, 21.49346115983738770 ) ) ;
#611 = EDGE_CURVE ( 'NONE', #844, #409, #111, .T. ) ;
#612 = ORIENTED_EDGE ( 'NONE', *, *, #187, .T. ) ;
#613 = EDGE_LOOP ( 'NONE', ( #1247, #1533, #88, #950 ) ) ;
#614 = CIRCLE ( 'NONE', #574, 0.5000000000000004441 ) ;
#615 = ORIENTED_EDGE ( 'NONE', *, *, #1229, .T. ) ;
#616 = DIRECTION ( 'NONE',  ( -1.000000000000000000, 0.000000000000000000, 0.000000000000000000 ) ) ;
#617 = VECTOR ( 'NONE', #2171, 1000.000000000000000 ) ;
#618 = EDGE_LOOP ( 'NONE', ( #1298, #2583, #2096, #869 ) ) ;
#619 = EDGE_CURVE ( 'NONE', #926, #961, #719, .T. ) ;
#620 = DIRECTION ( 'NONE',  ( 0.000000000000000000, 0.000000000000000000, 1.000000000000000000 ) ) ;
#621 = DIRECTION ( 'NONE',  ( 1.000000000000000000, 0.000000000000000000, 0.000000000000000000 ) ) ;
#622 = LINE ( 'NONE', #394, #2254 ) ;
#623 = ORIENTED_EDGE ( 'NONE', *, *, #1877, .T. ) ;
#624 = EDGE_LOOP ( 'NONE', ( #2065, #852, #1013, #1214 ) ) ;
#625 = AXIS2_PLACEMENT_3D ( 'NONE', #608, #1432, #1221 ) ;
#626 = DIRECTION ( 'NONE',  ( -0.000000000000000000, 0.000000000000000000, -1.000000000000000000 ) ) ;
#627 = ORIENTED_EDGE ( 'NONE', *, *, #1867, .T. ) ;
#628 = DIRECTION ( 'NONE',  ( -1.000000000000000000, 0.000000000000000000, 0.000000000000000000 ) ) ;
#629 = EDGE_CURVE ( 'NONE', #2061, #409, #86, .T. ) ;
#630 = CARTESIAN_POINT ( 'NONE',  ( 23.01159120325478114, -7.599999999999998757, 23.21846115983738201 ) ) ;
#631 = DIRECTION ( 'NONE',  ( 0.000000000000000000, 0.000000000000000000, 1.000000000000000000 ) ) ;
#632 = CARTESIAN_POINT ( 'NONE',  ( 25.66159120325478327, 0.000000000000000000, 19.54346115983738841 ) ) ;
#633 = DIRECTION ( 'NONE',  ( -0.000000000000000000, 1.000000000000000000, -0.000000000000000000 ) ) ;
#634 = VERTEX_POINT ( 'NONE', #2613 ) ;
#635 = ORIENTED_EDGE ( 'NONE', *, *, #2119, .F. ) ;
#636 = PRODUCT_RELATED_PRODUCT_CATEGORY ( 'part', '', ( #1854 ) ) ;
#637 = DIRECTION ( 'NONE',  ( 1.000000000000000000, 0.000000000000000000, -0.000000000000000000 ) ) ;
#638 = EDGE_CURVE ( 'NONE', #461, #1078, #971, .T. ) ;
#639 = DIRECTION ( 'NONE',  ( 0.000000000000000000, 1.019150042136373221E-14, 1.000000000000000000 ) ) ;
#640 = ORIENTED_EDGE ( 'NONE', *, *, #1664, .T. ) ;
#641 = DIRECTION ( 'NONE',  ( 0.000000000000000000, 1.023771231724015990E-14, 1.000000000000000000 ) ) ;
#642 = CARTESIAN_POINT ( 'NONE',  ( 25.66159120325478327, -0.4999999999998103739, 18.51846115983738628 ) ) ;
#643 = ORIENTED_EDGE ( 'NONE', *, *, #1579, .T. ) ;
#644 = VECTOR ( 'NONE', #2036, 1000.000000000000000 ) ;
#645 = DIRECTION ( 'NONE',  ( 0.000000000000000000, 0.000000000000000000, 1.000000000000000000 ) ) ;
#646 = PLANE ( 'NONE',  #390 ) ;
#647 = DIRECTION ( 'NONE',  ( 0.000000000000000000, 1.000000000000000000, -0.000000000000000000 ) ) ;
#648 = ORIENTED_EDGE ( 'NONE', *, *, #2265, .F. ) ;
#649 = ORIENTED_EDGE ( 'NONE', *, *, #1181, .F. ) ;
#650 = DIRECTION ( 'NONE',  ( 0.000000000000000000, 0.000000000000000000, -1.000000000000000000 ) ) ;
#651 = CARTESIAN_POINT ( 'NONE',  ( 24.46159120325478398, -8.099999999999999645, 21.49346115983738770 ) ) ;
#652 = VERTEX_POINT ( 'NONE', #1148 ) ;
#653 = DIRECTION ( 'NONE',  ( 0.000000000000000000, 1.019150042136373221E-14, 1.000000000000000000 ) ) ;
#654 = CYLINDRICAL_SURFACE ( 'NONE', #1285, 0.5000000000000004441 ) ;
#655 = VERTEX_POINT ( 'NONE', #1757 ) ;
#656 = DIRECTION ( 'NONE',  ( 0.000000000000000000, 1.000000000000000000, -1.023771231724015990E-14 ) ) ;
#657 = CARTESIAN_POINT ( 'NONE',  ( 22.01159120325478114, -7.599999999999998757, 22.19346115983738699 ) ) ;
#658 = CARTESIAN_POINT ( 'NONE',  ( 26.18659120325477829, -0.4999999999998050448, 19.04346115983738841 ) ) ;
#659 = ORIENTED_EDGE ( 'NONE', *, *, #1190, .T. ) ;
#660 = ADVANCED_FACE ( 'NONE', ( #1975 ), #946, .F. ) ;
#661 = ORIENTED_EDGE ( 'NONE', *, *, #2315, .T. ) ;
#662 = CARTESIAN_POINT ( 'NONE',  ( 22.51159120325478114, -7.599999999999998757, 18.51846115983738628 ) ) ;
#663 = CYLINDRICAL_SURFACE ( 'NONE', #1337, 0.5000000000000000000 ) ;
#664 = ORIENTED_EDGE ( 'NONE', *, *, #2365, .T. ) ;
#665 = ORIENTED_EDGE ( 'NONE', *, *, #2021, .T. ) ;
#666 = CIRCLE ( 'NONE', #1837, 0.5000000000000004441 ) ;
#667 = CIRCLE ( 'NONE', #2190, 0.5000000000000000000 ) ;
#668 = CIRCLE ( 'NONE', #2413, 0.5000000000000004441 ) ;
#669 = DIRECTION ( 'NONE',  ( 1.000000000000000000, 0.000000000000000000, 0.000000000000000000 ) ) ;
#670 = EDGE_CURVE ( 'NONE', #917, #1607, #568, .T. ) ;
#671 = EDGE_LOOP ( 'NONE', ( #2148, #1268, #1243, #2283 ) ) ;
#672 = AXIS2_PLACEMENT_3D ( 'NONE', #2517, #2083, #2066 ) ;
#673 = DIRECTION ( 'NONE',  ( -1.000000000000000000, 0.000000000000000000, 0.000000000000000000 ) ) ;
#674 = CARTESIAN_POINT ( 'NONE',  ( 20.08659120325484437, 1.957293053027456886E-13, 19.11846115983747296 ) ) ;
#675 = CARTESIAN_POINT ( 'NONE',  ( 25.66159120325478327, 1.895866779124007025E-13, 18.51846115983738272 ) ) ;
#676 = EDGE_LOOP ( 'NONE', ( #1359, #741, #943, #1961 ) ) ;
#677 = VECTOR ( 'NONE', #478, 1000.000000000000000 ) ;
#678 = VECTOR ( 'NONE', #2032, 1000.000000000000000 ) ;
#679 = VERTEX_POINT ( 'NONE', #522 ) ;
#680 = ORIENTED_EDGE ( 'NONE', *, *, #1923, .F. ) ;
#681 = DIRECTION ( 'NONE',  ( 1.000000000000000000, -0.000000000000000000, 0.000000000000000000 ) ) ;
#682 = LINE ( 'NONE', #2527, #1254 ) ;
#683 = VERTEX_POINT ( 'NONE', #757 ) ;
#684 = ORIENTED_EDGE ( 'NONE', *, *, #949, .F. ) ;
#685 = DIRECTION ( 'NONE',  ( -0.000000000000000000, -1.000000000000000000, 1.023771231724016148E-14 ) ) ;
#686 = ORIENTED_EDGE ( 'NONE', *, *, #759, .T. ) ;
#687 = VECTOR ( 'NONE', #746, 1000.000000000000000 ) ;
#688 = DIRECTION ( 'NONE',  ( 1.000000000000000000, 0.000000000000000000, 0.000000000000000000 ) ) ;
#689 = LINE ( 'NONE', #632, #2348 ) ;
#690 = DIRECTION ( 'NONE',  ( 0.000000000000000000, 1.000000000000000000, -1.023771231724015990E-14 ) ) ;
#691 = AXIS2_PLACEMENT_3D ( 'NONE', #1306, #2522, #2336 ) ;
#692 = EDGE_LOOP ( 'NONE', ( #686, #934, #212, #1514 ) ) ;
#693 = FACE_OUTER_BOUND ( 'NONE', #624, .T. ) ;
#694 = AXIS2_PLACEMENT_3D ( 'NONE', #1603, #2059, #1017 ) ;
#695 = EDGE_CURVE ( 'NONE', #2492, #844, #1643, .T. ) ;
#696 = LINE ( 'NONE', #492, #283 ) ;
#697 = DIRECTION ( 'NONE',  ( 1.000000000000000000, -0.000000000000000000, -0.000000000000000000 ) ) ;
#698 = ORIENTED_EDGE ( 'NONE', *, *, #2265, .T. ) ;
#699 = AXIS2_PLACEMENT_3D ( 'NONE', #1394, #2238, #606 ) ;
#700 = EDGE_LOOP ( 'NONE', ( #2466, #2081, #810, #2511 ) ) ;
#701 = AXIS2_PLACEMENT_3D ( 'NONE', #2079, #1477, #650 ) ;
#702 = DIRECTION ( 'NONE',  ( 0.000000000000000000, 0.000000000000000000, 1.000000000000000000 ) ) ;
#703 = CARTESIAN_POINT ( 'NONE',  ( 23.21159120325478042, 0.000000000000000000, 23.01846115983738272 ) ) ;
#704 = CARTESIAN_POINT ( 'NONE',  ( 22.51159120325478114, -8.099999999999999645, 18.51846115983738628 ) ) ;
#705 = ORIENTED_EDGE ( 'NONE', *, *, #309, .F. ) ;
#706 = EDGE_CURVE ( 'NONE', #2142, #1423, #1775, .T. ) ;
#707 = CARTESIAN_POINT ( 'NONE',  ( 23.83659120325484793, 11.50000000000019007, 19.11846115983735572 ) ) ;
#708 = FACE_OUTER_BOUND ( 'NONE', #1263, .T. ) ;
#709 = DIRECTION ( 'NONE',  ( 0.000000000000000000, 0.000000000000000000, 1.000000000000000000 ) ) ;
#710 = DIRECTION ( 'NONE',  ( 0.000000000000000000, -1.017704439239725935E-14, -1.000000000000000000 ) ) ;
#711 = EDGE_CURVE ( 'NONE', #1423, #74, #1387, .T. ) ;
#712 = ORIENTED_EDGE ( 'NONE', *, *, #535, .T. ) ;
#713 = AXIS2_PLACEMENT_3D ( 'NONE', #908, #1130, #2368 ) ;
#714 = CIRCLE ( 'NONE', #233, 0.5000000000000004441 ) ;
#715 = LINE ( 'NONE', #1350, #1587 ) ;
#716 = ADVANCED_FACE ( 'NONE', ( #959 ), #370, .T. ) ;
#717 = EDGE_LOOP ( 'NONE', ( #433, #2501, #942 ) ) ;
#718 = EDGE_CURVE ( 'NONE', #2337, #1860, #163, .T. ) ;
#719 = CIRCLE ( 'NONE', #332, 0.5000000000000004441 ) ;
#720 = LINE ( 'NONE', #1577, #2615 ) ;
#721 = DIRECTION ( 'NONE',  ( 0.000000000000000000, 0.000000000000000000, -1.000000000000000000 ) ) ;
#722 = MANIFOLD_SOLID_BREP ( 'Chamfer2', #1848 ) ;
#723 = VECTOR ( 'NONE', #1440, 1000.000000000000000 ) ;
#724 = ORIENTED_EDGE ( 'NONE', *, *, #1989, .F. ) ;
#725 = VERTEX_POINT ( 'NONE', #609 ) ;
#726 = EDGE_CURVE ( 'NONE', #1889, #1294, #1830, .T. ) ;
#727 = CARTESIAN_POINT ( 'NONE',  ( 23.01159120325478114, -7.599999999999998757, 22.69346115983738699 ) ) ;
#728 = DIRECTION ( 'NONE',  ( -1.000000000000000000, 0.000000000000000000, 0.000000000000000000 ) ) ;
#729 = CARTESIAN_POINT ( 'NONE',  ( 25.66159120325478327, -8.099999999999999645, 19.04346115983738841 ) ) ;
#730 = DIRECTION ( 'NONE',  ( 0.000000000000000000, 1.023771231724015675E-14, 1.000000000000000000 ) ) ;
#731 = CIRCLE ( 'NONE', #2111, 1.000000000000000888 ) ;
#732 = EDGE_CURVE ( 'NONE', #1492, #760, #2347, .T. ) ;
#733 = ORIENTED_EDGE ( 'NONE', *, *, #2569, .F. ) ;
#734 = ADVANCED_FACE ( 'NONE', ( #360 ), #1177, .F. ) ;
#735 = ADVANCED_FACE ( 'NONE', ( #2024 ), #584, .T. ) ;
#736 = DIRECTION ( 'NONE',  ( 0.000000000000000000, 1.000000000000000000, 0.000000000000000000 ) ) ;
#737 = LINE ( 'NONE', #890, #64 ) ;
#738 = ADVANCED_FACE ( 'NONE', ( #197 ), #1410, .T. ) ;
#739 = CARTESIAN_POINT ( 'NONE',  ( 21.48659120325478256, 2.052394712515059894E-13, 20.04346115983738486 ) ) ;
#740 = LINE ( 'NONE', #2566, #832 ) ;
#741 = ORIENTED_EDGE ( 'NONE', *, *, #2034, .T. ) ;
#742 = DIRECTION ( 'NONE',  ( -1.000000000000000000, 0.000000000000000000, 0.000000000000000000 ) ) ;
#743 = AXIS2_PLACEMENT_3D ( 'NONE', #2445, #2242, #381 ) ;
#744 = DIRECTION ( 'NONE',  ( 0.000000000000000000, 0.000000000000000000, -1.000000000000000000 ) ) ;
#745 = DIRECTION ( 'NONE',  ( 0.000000000000000000, -1.009293658750141334E-14, -1.000000000000000000 ) ) ;
#746 = DIRECTION ( 'NONE',  ( 0.000000000000000000, -0.7071067811865561215, -0.7071067811865390240 ) ) ;
#747 = ORIENTED_EDGE ( 'NONE', *, *, #495, .T. ) ;
#748 = VECTOR ( 'NONE', #1694, 1000.000000000000000 ) ;
#749 = EDGE_CURVE ( 'NONE', #1465, #1470, #2013, .T. ) ;
#750 = LINE ( 'NONE', #1588, #1154 ) ;
#751 = AXIS2_PLACEMENT_3D ( 'NONE', #1652, #2486, #620 ) ;
#752 = DIRECTION ( 'NONE',  ( -1.000000000000000000, 0.000000000000000000, 0.000000000000000000 ) ) ;
#753 = CARTESIAN_POINT ( 'NONE',  ( 23.83659120325484793, 12.50000000000015810, 15.36846115983734151 ) ) ;
#754 = EDGE_LOOP ( 'NONE', ( #203, #1218, #2270, #503 ) ) ;
#755 = FACE_OUTER_BOUND ( 'NONE', #1480, .T. ) ;
#756 = LINE ( 'NONE', #1135, #1277 ) ;
#757 = CARTESIAN_POINT ( 'NONE',  ( 20.08659120325484437, 11.50000000000022737, 22.61846115983736283 ) ) ;
#758 = DIRECTION ( 'NONE',  ( 1.000000000000000000, -0.000000000000000000, 0.000000000000000000 ) ) ;
#759 = EDGE_CURVE ( 'NONE', #1328, #2601, #1086, .T. ) ;
#760 = VERTEX_POINT ( 'NONE', #1445 ) ;
#761 = DIRECTION ( 'NONE',  ( -1.000000000000000000, -0.000000000000000000, -0.000000000000000000 ) ) ;
#762 = DIRECTION ( 'NONE',  ( 0.000000000000000000, 0.000000000000000000, -1.000000000000000000 ) ) ;
#763 = CIRCLE ( 'NONE', #544, 1.000000000000000888 ) ;
#764 = ADVANCED_FACE ( 'NONE', ( #981 ), #597, .T. ) ;
#765 = FACE_OUTER_BOUND ( 'NONE', #470, .T. ) ;
#766 = PLANE ( 'NONE',  #1481 ) ;
#767 = AXIS2_PLACEMENT_3D ( 'NONE', #1153, #669, #1981 ) ;
#768 = CARTESIAN_POINT ( 'NONE',  ( 26.18659120325477829, -8.099999999999999645, 19.54346115983738841 ) ) ;
#769 = DIRECTION ( 'NONE',  ( 0.000000000000000000, 0.000000000000000000, -1.000000000000000000 ) ) ;
#770 = CARTESIAN_POINT ( 'NONE',  ( 25.66159120325478327, -7.599999999999998757, 20.04346115983738841 ) ) ;
#771 = ORIENTED_EDGE ( 'NONE', *, *, #965, .T. ) ;
#772 = LINE ( 'NONE', #1361, #2022 ) ;
#773 = ORIENTED_EDGE ( 'NONE', *, *, #695, .T. ) ;
#774 = DIRECTION ( 'NONE',  ( 0.000000000000000000, 1.023771231724015990E-14, 1.000000000000000000 ) ) ;
#775 = DIRECTION ( 'NONE',  ( 0.000000000000000000, 1.000000000000000000, -0.000000000000000000 ) ) ;
#776 = CARTESIAN_POINT ( 'NONE',  ( 22.01159120325478114, -0.4999999999997671307, 22.19346115983738699 ) ) ;
#777 = DIRECTION ( 'NONE',  ( -0.000000000000000000, 1.023771231724015990E-14, 1.000000000000000000 ) ) ;
#778 = VERTEX_POINT ( 'NONE', #783 ) ;
#779 = EDGE_CURVE ( 'NONE', #994, #817, #2, .T. ) ;
#780 = ORIENTED_EDGE ( 'NONE', *, *, #2063, .F. ) ;
#781 = PLANE ( 'NONE',  #897 ) ;
#782 = LINE ( 'NONE', #2058, #61 ) ;
#783 = CARTESIAN_POINT ( 'NONE',  ( 21.68659120325478185, -8.099999999999999645, 20.24346115983738770 ) ) ;
#784 = DIRECTION ( 'NONE',  ( -0.000000000000000000, 1.000000000000000000, 0.000000000000000000 ) ) ;
#785 = ORIENTED_EDGE ( 'NONE', *, *, #1181, .T. ) ;
#786 = VECTOR ( 'NONE', #2183, 1000.000000000000000 ) ;
#787 = EDGE_CURVE ( 'NONE', #2123, #2477, #837, .T. ) ;
#788 = ORIENTED_EDGE ( 'NONE', *, *, #1327, .T. ) ;
#789 = DIRECTION ( 'NONE',  ( 0.000000000000000000, -1.000000000000000000, 6.938893903907228378E-15 ) ) ;
#790 = LINE ( 'NONE', #1826, #329 ) ;
#791 = FACE_OUTER_BOUND ( 'NONE', #879, .T. ) ;
#792 = VERTEX_POINT ( 'NONE', #674 ) ;
#793 = ADVANCED_FACE ( 'NONE', ( #1707 ), #1249, .F. ) ;
#794 = AXIS2_PLACEMENT_3D ( 'NONE', #2571, #1773, #2394 ) ;
#795 = DIRECTION ( 'NONE',  ( -0.000000000000000000, 1.000000000000000000, 0.000000000000000000 ) ) ;
#796 = DIRECTION ( 'NONE',  ( 0.000000000000000000, 1.000000000000000000, -0.000000000000000000 ) ) ;
#797 = EDGE_CURVE ( 'NONE', #778, #1325, #894, .T. ) ;
#798 = ORIENTED_EDGE ( 'NONE', *, *, #1287, .T. ) ;
#799 = DIRECTION ( 'NONE',  ( 0.000000000000000000, 1.023771231724015990E-14, 1.000000000000000000 ) ) ;
#800 = VECTOR ( 'NONE', #1468, 1000.000000000000000 ) ;
#801 = ADVANCED_FACE ( 'NONE', ( #1666 ), #876, .F. ) ;
#802 = ORIENTED_EDGE ( 'NONE', *, *, #2645, .F. ) ;
#803 = AXIS2_PLACEMENT_3D ( 'NONE', #1882, #1282, #1270 ) ;
#804 = ORIENTED_EDGE ( 'NONE', *, *, #2433, .F. ) ;
#805 = EDGE_CURVE ( 'NONE', #436, #634, #265, .T. ) ;
#806 = CARTESIAN_POINT ( 'NONE',  ( 26.58659120325485148, 12.50000000000019540, 19.11846115983734151 ) ) ;
#807 = VECTOR ( 'NONE', #570, 1000.000000000000000 ) ;
#808 = EDGE_CURVE ( 'NONE', #222, #2104, #689, .T. ) ;
#809 = DIRECTION ( 'NONE',  ( 0.000000000000000000, 0.000000000000000000, 1.000000000000000000 ) ) ;
#810 = ORIENTED_EDGE ( 'NONE', *, *, #888, .T. ) ;
#811 = DIRECTION ( 'NONE',  ( -0.000000000000000000, -1.000000000000000000, 0.000000000000000000 ) ) ;
#812 = DIRECTION ( 'NONE',  ( 9.027796614315158252E-30, 6.938893903907227589E-15, 1.000000000000000000 ) ) ;
#813 = CARTESIAN_POINT ( 'NONE',  ( 20.48659120325478256, 2.051991891961919664E-13, 20.04346115983738486 ) ) ;
#814 = ORIENTED_EDGE ( 'NONE', *, *, #2085, .F. ) ;
#815 = ORIENTED_EDGE ( 'NONE', *, *, #2244, .T. ) ;
#816 = AXIS2_PLACEMENT_3D ( 'NONE', #1700, #1122, #31 ) ;
#817 = VERTEX_POINT ( 'NONE', #1928 ) ;
#818 = VERTEX_POINT ( 'NONE', #2131 ) ;
#819 = LINE ( 'NONE', #806, #1765 ) ;
#820 = EDGE_CURVE ( 'NONE', #885, #347, #963, .T. ) ;
#821 =( GEOMETRIC_REPRESENTATION_CONTEXT ( 3 ) GLOBAL_UNCERTAINTY_ASSIGNED_CONTEXT ( ( #1124 ) ) GLOBAL_UNIT_ASSIGNED_CONTEXT ( ( #1234, #990, #1002 ) ) REPRESENTATION_CONTEXT ( 'NONE', 'WORKASPACE' ) );
#822 = AXIS2_PLACEMENT_3D ( 'NONE', #1626, #393, #2431 ) ;
#823 = VERTEX_POINT ( 'NONE', #418 ) ;
#824 = PLANE ( 'NONE',  #751 ) ;
#825 = DIRECTION ( 'NONE',  ( 1.000000000000000000, 0.000000000000000000, 0.000000000000000000 ) ) ;
#826 = DIRECTION ( 'NONE',  ( -1.000000000000000000, 0.000000000000000000, 0.000000000000000000 ) ) ;
#827 = ORIENTED_EDGE ( 'NONE', *, *, #1686, .T. ) ;
#828 = EDGE_LOOP ( 'NONE', ( #1117, #1084, #1140, #2049 ) ) ;
#829 = ADVANCED_FACE ( 'NONE', ( #1044 ), #1886, .T. ) ;
#830 = EDGE_LOOP ( 'NONE', ( #1019, #665, #2533 ) ) ;
#831 = LINE ( 'NONE', #1228, #723 ) ;
#832 = VECTOR ( 'NONE', #2610, 1000.000000000000000 ) ;
#833 = VERTEX_POINT ( 'NONE', #2335 ) ;
#834 = EDGE_CURVE ( 'NONE', #1328, #2616, #1305, .T. ) ;
#835 = EDGE_CURVE ( 'NONE', #833, #1047, #1565, .T. ) ;
#836 = PLANE ( 'NONE',  #1883 ) ;
#837 = LINE ( 'NONE', #257, #2608 ) ;
#838 = DIRECTION ( 'NONE',  ( 0.000000000000000000, 0.000000000000000000, -1.000000000000000000 ) ) ;
#839 = VERTEX_POINT ( 'NONE', #2072 ) ;
#840 = ORIENTED_EDGE ( 'NONE', *, *, #580, .T. ) ;
#841 = CIRCLE ( 'NONE', #369, 0.5000000000000004441 ) ;
#842 = FACE_OUTER_BOUND ( 'NONE', #1673, .T. ) ;
#843 = CYLINDRICAL_SURFACE ( 'NONE', #1992, 0.5000000000000004441 ) ;
#844 = VERTEX_POINT ( 'NONE', #210 ) ;
#845 = PLANE ( 'NONE',  #803 ) ;
#846 = VECTOR ( 'NONE', #2179, 1000.000000000000000 ) ;
#847 = DIRECTION ( 'NONE',  ( -1.000000000000000000, 0.000000000000000000, 0.000000000000000000 ) ) ;
#848 = ORIENTED_EDGE ( 'NONE', *, *, #995, .T. ) ;
#849 = CARTESIAN_POINT ( 'NONE',  ( 25.16159120325478327, -0.4999999999998095968, 18.51846115983738628 ) ) ;
#850 = DIRECTION ( 'NONE',  ( -1.000000000000000000, 0.000000000000000000, 0.000000000000000000 ) ) ;
#851 = FACE_OUTER_BOUND ( 'NONE', #1628, .T. ) ;
#852 = ORIENTED_EDGE ( 'NONE', *, *, #1402, .F. ) ;
#853 = ORIENTED_EDGE ( 'NONE', *, *, #1676, .F. ) ;
#854 = DIRECTION ( 'NONE',  ( 1.000000000000000000, 0.000000000000000000, 0.000000000000000000 ) ) ;
#855 = DIRECTION ( 'NONE',  ( -0.000000000000000000, 0.000000000000000000, 1.000000000000000000 ) ) ;
#856 = VERTEX_POINT ( 'NONE', #1898 ) ;
#857 = LINE ( 'NONE', #2291, #1409 ) ;
#858 = TOROIDAL_SURFACE ( 'NONE', #955, 1.000000000000000000, 0.5000000000000000000 ) ;
#859 = AXIS2_PLACEMENT_3D ( 'NONE', #2046, #784, #1422 ) ;
#860 = LINE ( 'NONE', #426, #246 ) ;
#861 = VERTEX_POINT ( 'NONE', #67 ) ;
#862 = DIRECTION ( 'NONE',  ( 0.000000000000000000, 0.000000000000000000, -1.000000000000000000 ) ) ;
#863 = CARTESIAN_POINT ( 'NONE',  ( 24.46159120325478398, -8.099999999999999645, 23.01846115983738272 ) ) ;
#864 = CARTESIAN_POINT ( 'NONE',  ( 26.68659120325478185, -7.599999999999998757, 20.04346115983738841 ) ) ;
#865 = ORIENTED_EDGE ( 'NONE', *, *, #711, .T. ) ;
#866 = ORIENTED_EDGE ( 'NONE', *, *, #2341, .F. ) ;
#867 = LINE ( 'NONE', #2311, #1874 ) ;
#868 = CARTESIAN_POINT ( 'NONE',  ( 22.01159120325478114, -0.4999999999997671307, 22.69346115983738699 ) ) ;
#869 = ORIENTED_EDGE ( 'NONE', *, *, #1207, .F. ) ;
#870 = ORIENTED_EDGE ( 'NONE', *, *, #1962, .T. ) ;
#871 = ADVANCED_FACE ( 'NONE', ( #24 ), #646, .T. ) ;
#872 = AXIS2_PLACEMENT_3D ( 'NONE', #1678, #1472, #2305 ) ;
#873 = DIRECTION ( 'NONE',  ( 1.000000000000000000, 0.000000000000000000, -0.000000000000000000 ) ) ;
#874 = ORIENTED_EDGE ( 'NONE', *, *, #1327, .F. ) ;
#875 = CARTESIAN_POINT ( 'NONE',  ( 22.01159120325478114, -0.4999999999997619127, 23.21846115983738201 ) ) ;
#876 = CYLINDRICAL_SURFACE ( 'NONE', #1178, 0.5000000000000004441 ) ;
#877 = DIRECTION ( 'NONE',  ( -0.000000000000000000, -1.000000000000000000, -0.000000000000000000 ) ) ;
#878 = EDGE_LOOP ( 'NONE', ( #1825, #1452, #2026, #1681, #627, #405, #1834, #1401, #1931, #1906, #1198, #640 ) ) ;
#879 = EDGE_LOOP ( 'NONE', ( #1009, #1754, #1202, #1636 ) ) ;
#880 = ORIENTED_EDGE ( 'NONE', *, *, #611, .T. ) ;
#881 = CARTESIAN_POINT ( 'NONE',  ( 21.68659120325478185, 0.000000000000000000, 21.49346115983738770 ) ) ;
#882 = EDGE_CURVE ( 'NONE', #461, #778, #2508, .T. ) ;
#883 = CARTESIAN_POINT ( 'NONE',  ( 25.66159120325478327, -0.4999999999998044342, 19.54346115983738841 ) ) ;
#884 = ORIENTED_EDGE ( 'NONE', *, *, #2468, .F. ) ;
#885 = VERTEX_POINT ( 'NONE', #2115 ) ;
#886 = AXIS2_PLACEMENT_3D ( 'NONE', #1985, #1943, #2370 ) ;
#887 = VECTOR ( 'NONE', #1924, 1000.000000000000000 ) ;
#888 = EDGE_CURVE ( 'NONE', #2029, #490, #38, .T. ) ;
#889 = VECTOR ( 'NONE', #2362, 1000.000000000000000 ) ;
#890 = CARTESIAN_POINT ( 'NONE',  ( 24.66159120325477971, -0.4999999999998200328, 18.01846115983738628 ) ) ;
#891 = EDGE_LOOP ( 'NONE', ( #1970, #2422, #1956, #1697 ) ) ;
#892 = EDGE_CURVE ( 'NONE', #823, #2142, #2521, .T. ) ;
#893 = DIRECTION ( 'NONE',  ( -0.000000000000000000, 1.000000000000000000, 0.000000000000000000 ) ) ;
#894 = LINE ( 'NONE', #2495, #1520 ) ;
#895 = PLANE ( 'NONE',  #1948 ) ;
#896 = ORIENTED_EDGE ( 'NONE', *, *, #1164, .F. ) ;
#897 = AXIS2_PLACEMENT_3D ( 'NONE', #581, #1612, #2457 ) ;
#898 = CYLINDRICAL_SURFACE ( 'NONE', #189, 0.5000000000000004441 ) ;
#899 = SPHERICAL_SURFACE ( 'NONE', #1828, 0.5000000000000000000 ) ;
#900 = CARTESIAN_POINT ( 'NONE',  ( 26.18659120325477829, 2.323291268368783752E-13, 22.69346115983738343 ) ) ;
#901 = EDGE_LOOP ( 'NONE', ( #2158, #773, #880, #1584 ) ) ;
#902 = PRODUCT_DEFINITION_CONTEXT ( 'detailed design', #2605, 'design' ) ;
#903 = CARTESIAN_POINT ( 'NONE',  ( 24.66159120325477971, -8.099999999999999645, 19.04346115983738841 ) ) ;
#904 = EDGE_CURVE ( 'NONE', #2064, #1607, #2319, .T. ) ;
#905 = VERTEX_POINT ( 'NONE', #1914 ) ;
#906 = AXIS2_PLACEMENT_3D ( 'NONE', #1933, #2500, #639 ) ;
#907 = DIRECTION ( 'NONE',  ( 1.000000000000000000, 0.000000000000000000, -0.000000000000000000 ) ) ;
#908 = CARTESIAN_POINT ( 'NONE',  ( 25.98659120325478256, -8.099999999999999645, 21.49346115983738770 ) ) ;
#909 = LINE ( 'NONE', #1955, #2682 ) ;
#910 = AXIS2_PLACEMENT_3D ( 'NONE', #1639, #598, #991 ) ;
#911 = ORIENTED_EDGE ( 'NONE', *, *, #1691, .F. ) ;
#912 = DIRECTION ( 'NONE',  ( 1.000000000000000000, -0.000000000000000000, -0.000000000000000000 ) ) ;
#913 = VECTOR ( 'NONE', #2225, 1000.000000000000000 ) ;
#914 = PLANE ( 'NONE',  #2448 ) ;
#915 = CARTESIAN_POINT ( 'NONE',  ( 26.18659120325477829, -7.599999999999998757, 21.69346115983738699 ) ) ;
#916 = DIRECTION ( 'NONE',  ( -0.000000000000000000, 1.000000000000000000, -0.000000000000000000 ) ) ;
#917 = VERTEX_POINT ( 'NONE', #488 ) ;
#918 = ADVANCED_FACE ( 'NONE', ( #940 ), #311, .T. ) ;
#919 = DIRECTION ( 'NONE',  ( 0.000000000000000000, 1.023771231724015990E-14, 1.000000000000000000 ) ) ;
#920 = AXIS2_PLACEMENT_3D ( 'NONE', #65, #2144, #1723 ) ;
#921 = ORIENTED_EDGE ( 'NONE', *, *, #235, .F. ) ;
#922 = CIRCLE ( 'NONE', #99, 0.5000000000000004441 ) ;
#923 = DIRECTION ( 'NONE',  ( 0.000000000000000000, 0.000000000000000000, 1.000000000000000000 ) ) ;
#924 = DIRECTION ( 'NONE',  ( 0.000000000000000000, 1.023771231724015990E-14, 1.000000000000000000 ) ) ;
#925 =( LENGTH_UNIT ( ) NAMED_UNIT ( * ) SI_UNIT ( .MILLI., .METRE. ) );
#926 = VERTEX_POINT ( 'NONE', #1954 ) ;
#927 = EDGE_CURVE ( 'NONE', #2450, #2029, #2404, .T. ) ;
#928 = ORIENTED_EDGE ( 'NONE', *, *, #965, .F. ) ;
#929 = EDGE_CURVE ( 'NONE', #2492, #1835, #1998, .T. ) ;
#930 = LINE ( 'NONE', #1755, #2053 ) ;
#931 = CARTESIAN_POINT ( 'NONE',  ( 24.66159120325477971, -7.599999999999998757, 18.01846115983738628 ) ) ;
#932 = CARTESIAN_POINT ( 'NONE',  ( 21.68659120325478185, -8.099999999999999645, 21.49346115983738770 ) ) ;
#933 = CARTESIAN_POINT ( 'NONE',  ( 25.16159120325478327, -8.099999999999999645, 23.21846115983738201 ) ) ;
#934 = ORIENTED_EDGE ( 'NONE', *, *, #1385, .F. ) ;
#935 = CARTESIAN_POINT ( 'NONE',  ( 24.66159120325477971, -7.599999999999998757, 23.21846115983738201 ) ) ;
#936 = CIRCLE ( 'NONE', #186, 0.5000000000000004441 ) ;
#937 = DIRECTION ( 'NONE',  ( 1.000000000000000000, -0.000000000000000000, 0.000000000000000000 ) ) ;
#938 = VECTOR ( 'NONE', #2112, 1000.000000000000000 ) ;
#939 = CARTESIAN_POINT ( 'NONE',  ( 25.98659120325478256, -8.099999999999999645, 20.24346115983738770 ) ) ;
#940 = FACE_OUTER_BOUND ( 'NONE', #891, .T. ) ;
#941 = VECTOR ( 'NONE', #1204, 1000.000000000000000 ) ;
#942 = ORIENTED_EDGE ( 'NONE', *, *, #2570, .F. ) ;
#943 = ORIENTED_EDGE ( 'NONE', *, *, #2288, .F. ) ;
#944 = CARTESIAN_POINT ( 'NONE',  ( 25.66159120325478327, -0.4999999999997618017, 23.21846115983738201 ) ) ;
#945 = DIRECTION ( 'NONE',  ( 0.000000000000000000, -1.023771231724015990E-14, -1.000000000000000000 ) ) ;
#946 = CYLINDRICAL_SURFACE ( 'NONE', #1733, 0.5000000000000004441 ) ;
#947 = LINE ( 'NONE', #2600, #687 ) ;
#948 = VECTOR ( 'NONE', #401, 1000.000000000000000 ) ;
#949 = EDGE_CURVE ( 'NONE', #276, #1255, #740, .T. ) ;
#950 = ORIENTED_EDGE ( 'NONE', *, *, #48, .T. ) ;
#951 = DIRECTION ( 'NONE',  ( -1.000000000000000000, 0.000000000000000000, 0.000000000000000000 ) ) ;
#952 = EDGE_CURVE ( 'NONE', #760, #885, #1341, .T. ) ;
#953 = CARTESIAN_POINT ( 'NONE',  ( 21.48659120325478256, -7.599999999999998757, 21.69346115983738699 ) ) ;
#954 = CARTESIAN_POINT ( 'NONE',  ( 23.83659120325484793, 1.957293053027456886E-13, 19.11846115983747296 ) ) ;
#955 = AXIS2_PLACEMENT_3D ( 'NONE', #2626, #1384, #2397 ) ;
#956 = DIRECTION ( 'NONE',  ( 0.000000000000000000, 1.023771231724015675E-14, 1.000000000000000000 ) ) ;
#957 = CIRCLE ( 'NONE', #1342, 0.5000000000000004441 ) ;
#958 = CYLINDRICAL_SURFACE ( 'NONE', #1926, 0.5000000000000004441 ) ;
#959 = FACE_OUTER_BOUND ( 'NONE', #364, .T. ) ;
#960 = SPHERICAL_SURFACE ( 'NONE', #2680, 0.5000000000000000000 ) ;
#961 = VERTEX_POINT ( 'NONE', #1736 ) ;
#962 = AXIS2_PLACEMENT_3D ( 'NONE', #1346, #2176, #2420 ) ;
#963 = CIRCLE ( 'NONE', #482, 0.5000000000000004441 ) ;
#964 = CARTESIAN_POINT ( 'NONE',  ( 20.98659120325478256, -0.4999999999997941091, 20.04346115983739196 ) ) ;
#965 = EDGE_CURVE ( 'NONE', #395, #2169, #93, .T. ) ;
#966 = DIRECTION ( 'NONE',  ( 0.000000000000000000, 1.000000000000000000, -1.023771231724015990E-14 ) ) ;
#967 = CIRCLE ( 'NONE', #2087, 0.5000000000000004441 ) ;
#968 = CYLINDRICAL_SURFACE ( 'NONE', #699, 0.5000000000000004441 ) ;
#969 = CARTESIAN_POINT ( 'NONE',  ( 23.21159120325478042, -8.099999999999999645, 18.71846115983738557 ) ) ;
#970 = CARTESIAN_POINT ( 'NONE',  ( 23.01159120325478114, -7.599999999999998757, 23.71846115983738201 ) ) ;
#971 = LINE ( 'NONE', #932, #1064 ) ;
#972 = CARTESIAN_POINT ( 'NONE',  ( 24.46159120325478398, -8.099999999999999645, 20.24346115983738770 ) ) ;
#973 = ORIENTED_EDGE ( 'NONE', *, *, #732, .T. ) ;
#974 = CARTESIAN_POINT ( 'NONE',  ( 22.01159120325478114, -7.599999999999998757, 19.54346115983738841 ) ) ;
#975 = ORIENTED_EDGE ( 'NONE', *, *, #323, .T. ) ;
#976 = CARTESIAN_POINT ( 'NONE',  ( 20.08659120325484437, 2.315612984130863248E-13, 22.61846115983748007 ) ) ;
#977 = VECTOR ( 'NONE', #124, 1000.000000000000000 ) ;
#978 = CARTESIAN_POINT ( 'NONE',  ( 22.51159120325478114, -0.4999999999997671307, 22.69346115983738699 ) ) ;
#979 = DIRECTION ( 'NONE',  ( 0.000000000000000000, 0.000000000000000000, 1.000000000000000000 ) ) ;
#980 = ADVANCED_FACE ( 'NONE', ( #298 ), #1368, .F. ) ;
#981 = FACE_OUTER_BOUND ( 'NONE', #676, .T. ) ;
#982 = DIRECTION ( 'NONE',  ( 0.000000000000000000, 1.000000000000000000, -1.023771231724015990E-14 ) ) ;
#983 = ORIENTED_EDGE ( 'NONE', *, *, #1040, .F. ) ;
#984 = VERTEX_POINT ( 'NONE', #703 ) ;
#985 = CARTESIAN_POINT ( 'NONE',  ( 26.68659120325478185, -8.099999999999999645, 21.69346115983738699 ) ) ;
#986 = EDGE_CURVE ( 'NONE', #49, #817, #2140, .T. ) ;
#987 = DIRECTION ( 'NONE',  ( 0.000000000000000000, 1.023771231724015990E-14, 1.000000000000000000 ) ) ;
#988 = EDGE_CURVE ( 'NONE', #1325, #1889, #1330, .T. ) ;
#989 = CIRCLE ( 'NONE', #166, 0.5000000000000004441 ) ;
#990 =( NAMED_UNIT ( * ) PLANE_ANGLE_UNIT ( ) SI_UNIT ( $, .RADIAN. ) );
#991 = DIRECTION ( 'NONE',  ( 1.000000000000000000, 0.000000000000000000, 0.000000000000000000 ) ) ;
#992 = ORIENTED_EDGE ( 'NONE', *, *, #629, .T. ) ;
#993 = AXIS2_PLACEMENT_3D ( 'NONE', #1459, #647, #2509 ) ;
#994 = VERTEX_POINT ( 'NONE', #1522 ) ;
#995 = EDGE_CURVE ( 'NONE', #1860, #1851, #1984, .T. ) ;
#996 = DIRECTION ( 'NONE',  ( 1.000000000000000000, 0.000000000000000000, 0.000000000000000000 ) ) ;
#997 = EDGE_CURVE ( 'NONE', #409, #1835, #1318, .T. ) ;
#998 = ADVANCED_FACE ( 'NONE', ( #1116 ), #1796, .F. ) ;
#999 = CARTESIAN_POINT ( 'NONE',  ( 26.18659120325477829, -8.099999999999999645, 20.04346115983738841 ) ) ;
#1000 = ADVANCED_FACE ( 'NONE', ( #1941 ), #2491, .T. ) ;
#1001 = DIRECTION ( 'NONE',  ( 0.000000000000000000, -1.000000000000000000, 0.000000000000000000 ) ) ;
#1002 =( NAMED_UNIT ( * ) SI_UNIT ( $, .STERADIAN. ) SOLID_ANGLE_UNIT ( ) );
#1003 = ADVANCED_FACE ( 'NONE', ( #2352 ), #324, .T. ) ;
#1004 = DIRECTION ( 'NONE',  ( 1.000000000000000000, 0.000000000000000000, 0.000000000000000000 ) ) ;
#1005 = EDGE_CURVE ( 'NONE', #2316, #1739, #228, .T. ) ;
#1006 = ORIENTED_EDGE ( 'NONE', *, *, #986, .T. ) ;
#1007 = EDGE_LOOP ( 'NONE', ( #2481, #555, #1999, #32 ) ) ;
#1008 = EDGE_CURVE ( 'NONE', #2029, #905, #1549, .T. ) ;
#1009 = ORIENTED_EDGE ( 'NONE', *, *, #2119, .T. ) ;
#1010 = UNCERTAINTY_MEASURE_WITH_UNIT (LENGTH_MEASURE( 1.000000000000000082E-05 ), #925, 'distance_accuracy_value', 'NONE');
#1011 = LINE ( 'NONE', #1621, #941 ) ;
#1012 = CARTESIAN_POINT ( 'NONE',  ( 24.66159120325477971, -8.099999999999999645, 23.21846115983738201 ) ) ;
#1013 = ORIENTED_EDGE ( 'NONE', *, *, #2021, .F. ) ;
#1014 = AXIS2_PLACEMENT_3D ( 'NONE', #504, #1355, #1332 ) ;
#1015 = CARTESIAN_POINT ( 'NONE',  ( 22.01159120325478114, -7.599999999999998757, 21.69346115983738699 ) ) ;
#1016 = AXIS2_PLACEMENT_3D ( 'NONE', #1732, #1126, #2127 ) ;
#1017 = DIRECTION ( 'NONE',  ( 0.000000000000000000, 1.023771231724015990E-14, 1.000000000000000000 ) ) ;
#1018 = CARTESIAN_POINT ( 'NONE',  ( 26.18659120325477829, -7.599999999999998757, 20.04346115983738841 ) ) ;
#1019 = ORIENTED_EDGE ( 'NONE', *, *, #1463, .F. ) ;
#1020 = VERTEX_POINT ( 'NONE', #2379 ) ;
#1021 = VECTOR ( 'NONE', #1601, 1000.000000000000000 ) ;
#1022 = ADVANCED_FACE ( 'NONE', ( #1784 ), #766, .T. ) ;
#1023 = EDGE_LOOP ( 'NONE', ( #200, #771, #1316, #2328 ) ) ;
#1024 = CYLINDRICAL_SURFACE ( 'NONE', #334, 0.5000000000000004441 ) ;
#1025 = VECTOR ( 'NONE', #383, 1000.000000000000000 ) ;
#1026 = FACE_OUTER_BOUND ( 'NONE', #1525, .T. ) ;
#1027 = EDGE_LOOP ( 'NONE', ( #199, #1619, #1726, #456 ) ) ;
#1028 = ADVANCED_FACE ( 'NONE', ( #1592 ), #357, .F. ) ;
#1029 = CARTESIAN_POINT ( 'NONE',  ( 26.58659120325485148, 12.50000000000023093, 22.61846115983734506 ) ) ;
#1030 = PRESENTATION_STYLE_ASSIGNMENT (( #183 ) ) ;
#1031 = CARTESIAN_POINT ( 'NONE',  ( 24.46159120325478398, -8.099999999999999645, 21.49346115983738770 ) ) ;
#1032 = ORIENTED_EDGE ( 'NONE', *, *, #1478, .T. ) ;
#1033 = ORIENTED_EDGE ( 'NONE', *, *, #12, .T. ) ;
#1034 = CIRCLE ( 'NONE', #906, 0.5000000000000004441 ) ;
#1035 = ORIENTED_EDGE ( 'NONE', *, *, #2531, .T. ) ;
#1036 = ORIENTED_EDGE ( 'NONE', *, *, #1504, .F. ) ;
#1037 = ORIENTED_EDGE ( 'NONE', *, *, #1600, .F. ) ;
#1038 = AXIS2_PLACEMENT_3D ( 'NONE', #573, #198, #1397 ) ;
#1039 = FACE_OUTER_BOUND ( 'NONE', #2062, .T. ) ;
#1040 = EDGE_CURVE ( 'NONE', #490, #984, #150, .T. ) ;
#1041 = AXIS2_PLACEMENT_3D ( 'NONE', #572, #621, #2635 ) ;
#1042 = DIRECTION ( 'NONE',  ( 0.000000000000000000, 0.000000000000000000, 1.000000000000000000 ) ) ;
#1043 = CARTESIAN_POINT ( 'NONE',  ( 22.51159120325478114, -7.599999999999998757, 19.04346115983738841 ) ) ;
#1044 = FACE_OUTER_BOUND ( 'NONE', #901, .T. ) ;
#1045 = CARTESIAN_POINT ( 'NONE',  ( 20.98659120325478256, -8.099999999999999645, 20.04346115983738841 ) ) ;
#1046 = ORIENTED_EDGE ( 'NONE', *, *, #2173, .F. ) ;
#1047 = VERTEX_POINT ( 'NONE', #2499 ) ;
#1048 = DIRECTION ( 'NONE',  ( 0.000000000000000000, 1.023771231724015990E-14, 1.000000000000000000 ) ) ;
#1049 = VERTEX_POINT ( 'NONE', #2342 ) ;
#1050 = AXIS2_PLACEMENT_3D ( 'NONE', #16, #854, #2107 ) ;
#1051 = FACE_BOUND ( 'NONE', #2253, .T. ) ;
#1052 = PRODUCT_DEFINITION_SHAPE ( 'NONE', 'NONE',  #1684 ) ;
#1053 = CARTESIAN_POINT ( 'NONE',  ( 20.08659120325484437, 12.50000000000019718, 19.11846115983734506 ) ) ;
#1054 = ORIENTED_EDGE ( 'NONE', *, *, #1402, .T. ) ;
#1055 = FACE_OUTER_BOUND ( 'NONE', #1674, .T. ) ;
#1056 = DIRECTION ( 'NONE',  ( 0.000000000000000000, -1.017704439239725935E-14, -1.000000000000000000 ) ) ;
#1057 = DIRECTION ( 'NONE',  ( 0.000000000000000000, -1.000000000000000000, -0.000000000000000000 ) ) ;
#1058 = ORIENTED_EDGE ( 'NONE', *, *, #1768, .T. ) ;
#1059 = ORIENTED_EDGE ( 'NONE', *, *, #240, .T. ) ;
#1060 = AXIS2_PLACEMENT_3D ( 'NONE', #875, #37, #1856 ) ;
#1061 = PLANE ( 'NONE',  #2308 ) ;
#1062 = CARTESIAN_POINT ( 'NONE',  ( 22.01159120325478114, -8.099999999999999645, 19.54346115983738841 ) ) ;
#1063 = ORIENTED_EDGE ( 'NONE', *, *, #2232, .T. ) ;
#1064 = VECTOR ( 'NONE', #1743, 1000.000000000000000 ) ;
#1065 = LINE ( 'NONE', #1895, #938 ) ;
#1066 = AXIS2_PLACEMENT_3D ( 'NONE', #579, #2233, #2030 ) ;
#1067 = CIRCLE ( 'NONE', #1596, 0.5000000000000004441 ) ;
#1068 = CARTESIAN_POINT ( 'NONE',  ( 22.51159120325478114, -0.4999999999998044342, 19.04346115983738841 ) ) ;
#1069 = VERTEX_POINT ( 'NONE', #1309 ) ;
#1070 = CARTESIAN_POINT ( 'NONE',  ( 26.18659120325477829, -0.4999999999997775113, 21.69346115983738699 ) ) ;
#1071 = DIRECTION ( 'NONE',  ( 0.000000000000000000, 0.000000000000000000, -1.000000000000000000 ) ) ;
#1072 = CYLINDRICAL_SURFACE ( 'NONE', #1907, 0.5000000000000000000 ) ;
#1073 = VERTEX_POINT ( 'NONE', #1296 ) ;
#1074 = EDGE_LOOP ( 'NONE', ( #1037, #1439, #575, #1513 ) ) ;
#1075 = ADVANCED_FACE ( 'NONE', ( #2287 ), #1061, .F. ) ;
#1076 = CARTESIAN_POINT ( 'NONE',  ( 23.83659120325484793, 2.315612984130863248E-13, 22.61846115983747652 ) ) ;
#1077 = FACE_OUTER_BOUND ( 'NONE', #618, .T. ) ;
#1078 = VERTEX_POINT ( 'NONE', #881 ) ;
#1079 = ORIENTED_EDGE ( 'NONE', *, *, #321, .F. ) ;
#1080 = VECTOR ( 'NONE', #481, 1000.000000000000000 ) ;
#1081 = CIRCLE ( 'NONE', #1301, 0.5000000000000004441 ) ;
#1082 = LINE ( 'NONE', #1053, #2592 ) ;
#1083 = ADVANCED_FACE ( 'NONE', ( #434 ), #2525, .T. ) ;
#1084 = ORIENTED_EDGE ( 'NONE', *, *, #323, .F. ) ;
#1085 = ADVANCED_FACE ( 'NONE', ( #1891 ), #249, .F. ) ;
#1086 = CIRCLE ( 'NONE', #822, 0.5000000000000000000 ) ;
#1087 = CYLINDRICAL_SURFACE ( 'NONE', #2229, 0.5000000000000004441 ) ;
#1088 = DIRECTION ( 'NONE',  ( 0.000000000000000000, 0.000000000000000000, -1.000000000000000000 ) ) ;
#1089 = LINE ( 'NONE', #1045, #2428 ) ;
#1090 = ORIENTED_EDGE ( 'NONE', *, *, #1351, .F. ) ;
#1091 = ORIENTED_EDGE ( 'NONE', *, *, #70, .T. ) ;
#1092 = ADVANCED_FACE ( 'NONE', ( #2094 ), #899, .F. ) ;
#1093 = CARTESIAN_POINT ( 'NONE',  ( 22.01159120325478114, 1.949614768789517954E-13, 19.04346115983738486 ) ) ;
#1094 = ADVANCED_FACE ( 'NONE', ( #2136 ), #278, .T. ) ;
#1095 = CARTESIAN_POINT ( 'NONE',  ( 26.18659120325477829, -7.599999999999998757, 20.04346115983738841 ) ) ;
#1096 = ORIENTED_EDGE ( 'NONE', *, *, #638, .T. ) ;
#1097 = ORIENTED_EDGE ( 'NONE', *, *, #2153, .F. ) ;
#1098 = VECTOR ( 'NONE', #120, 1000.000000000000000 ) ;
#1099 = ADVANCED_FACE ( 'NONE', ( #2544 ), #43, .F. ) ;
#1100 = CARTESIAN_POINT ( 'NONE',  ( 21.48659120325478256, 1.949614768789517954E-13, 19.04346115983738486 ) ) ;
#1101 = ORIENTED_EDGE ( 'NONE', *, *, #1326, .T. ) ;
#1102 = DIRECTION ( 'NONE',  ( -1.000000000000000000, 0.000000000000000000, 0.000000000000000000 ) ) ;
#1103 = DIRECTION ( 'NONE',  ( 0.000000000000000000, -1.000000000000000000, 0.000000000000000000 ) ) ;
#1104 = CARTESIAN_POINT ( 'NONE',  ( 0.000000000000000000, -7.599999999999998757, 21.69346115983738699 ) ) ;
#1105 = ORIENTED_EDGE ( 'NONE', *, *, #1557, .F. ) ;
#1106 = ORIENTED_EDGE ( 'NONE', *, *, #1911, .F. ) ;
#1107 = DIRECTION ( 'NONE',  ( 0.000000000000000000, 1.023771231724015990E-14, 1.000000000000000000 ) ) ;
#1108 = CARTESIAN_POINT ( 'NONE',  ( 21.48659120325478256, -7.599999999999998757, 21.69346115983738699 ) ) ;
#1109 = LINE ( 'NONE', #465, #1374 ) ;
#1110 = EDGE_LOOP ( 'NONE', ( #178, #412, #238, #2297 ) ) ;
#1111 = ADVANCED_FACE ( 'NONE', ( #1685 ), #1511, .F. ) ;
#1112 = AXIS2_PLACEMENT_3D ( 'NONE', #2401, #1807, #1818 ) ;
#1113 = DIRECTION ( 'NONE',  ( 0.000000000000000000, 1.000000000000000000, 0.000000000000000000 ) ) ;
#1114 = ORIENTED_EDGE ( 'NONE', *, *, #262, .T. ) ;
#1115 = CYLINDRICAL_SURFACE ( 'NONE', #177, 0.5000000000000004441 ) ;
#1116 = FACE_OUTER_BOUND ( 'NONE', #1875, .T. ) ;
#1117 = ORIENTED_EDGE ( 'NONE', *, *, #2047, .F. ) ;
#1118 = ADVANCED_FACE ( 'NONE', ( #842 ), #1904, .F. ) ;
#1119 = CARTESIAN_POINT ( 'NONE',  ( 0.000000000000000000, -7.599999999999998757, 20.04346115983738841 ) ) ;
#1120 = CARTESIAN_POINT ( 'NONE',  ( 23.01159120325478114, -7.599999999999998757, 23.21846115983738201 ) ) ;
#1121 = CARTESIAN_POINT ( 'NONE',  ( 23.01159120325478114, -8.099999999999999645, 23.71846115983738201 ) ) ;
#1122 = DIRECTION ( 'NONE',  ( -0.000000000000000000, 1.000000000000000000, -0.000000000000000000 ) ) ;
#1123 = EDGE_LOOP ( 'NONE', ( #1114, #446, #2227, #2465 ) ) ;
#1124 = UNCERTAINTY_MEASURE_WITH_UNIT (LENGTH_MEASURE( 1.000000000000000082E-05 ), #1234, 'distance_accuracy_value', 'NONE');
#1125 = ADVANCED_FACE ( 'NONE', ( #2513 ), #1671, .F. ) ;
#1126 = DIRECTION ( 'NONE',  ( 0.000000000000000000, 1.000000000000000000, -1.023771231724015990E-14 ) ) ;
#1127 = EDGE_CURVE ( 'NONE', #2681, #905, #867, .T. ) ;
#1128 = VERTEX_POINT ( 'NONE', #1699 ) ;
#1129 = DIRECTION ( 'NONE',  ( -1.000000000000000000, 0.000000000000000000, -0.000000000000000000 ) ) ;
#1130 = DIRECTION ( 'NONE',  ( -0.000000000000000000, 0.000000000000000000, -1.000000000000000000 ) ) ;
#1131 = DIRECTION ( 'NONE',  ( 0.7071067811865463515, 0.7071067811865487940, -7.359808400080174564E-15 ) ) ;
#1132 = CIRCLE ( 'NONE', #993, 0.5000000000000004441 ) ;
#1133 = VERTEX_POINT ( 'NONE', #1278 ) ;
#1134 = CARTESIAN_POINT ( 'NONE',  ( 21.68659120325478185, -8.099999999999999645, 20.24346115983738770 ) ) ;
#1135 = CARTESIAN_POINT ( 'NONE',  ( 25.16159120325478327, -0.4999999999997618017, 23.21846115983738912 ) ) ;
#1136 = FACE_OUTER_BOUND ( 'NONE', #2451, .T. ) ;
#1137 = DIRECTION ( 'NONE',  ( -0.000000000000000000, -1.000000000000000000, 1.023771231724016148E-14 ) ) ;
#1138 = ORIENTED_EDGE ( 'NONE', *, *, #904, .T. ) ;
#1139 = CARTESIAN_POINT ( 'NONE',  ( 24.46159120325478398, -8.099999999999999645, 18.71846115983738557 ) ) ;
#1140 = ORIENTED_EDGE ( 'NONE', *, *, #34, .T. ) ;
#1141 = AXIS2_PLACEMENT_3D ( 'NONE', #1183, #2417, #560 ) ;
#1142 = LINE ( 'NONE', #106, #2399 ) ;
#1143 = CARTESIAN_POINT ( 'NONE',  ( 24.46159120325478398, -8.099999999999999645, 21.49346115983738770 ) ) ;
#1144 = ORIENTED_EDGE ( 'NONE', *, *, #1646, .T. ) ;
#1145 = ORIENTED_EDGE ( 'NONE', *, *, #235, .T. ) ;
#1146 = DIRECTION ( 'NONE',  ( 0.000000000000000000, 1.019150042136373221E-14, 1.000000000000000000 ) ) ;
#1147 = CYLINDRICAL_SURFACE ( 'NONE', #407, 0.5000000000000000000 ) ;
#1148 = CARTESIAN_POINT ( 'NONE',  ( 26.18659120325477829, -7.599999999999998757, 19.54346115983738841 ) ) ;
#1149 = FACE_BOUND ( 'NONE', #2056, .T. ) ;
#1150 = VERTEX_POINT ( 'NONE', #662 ) ;
#1151 = DIRECTION ( 'NONE',  ( 0.000000000000000000, 0.000000000000000000, -1.000000000000000000 ) ) ;
#1152 = TOROIDAL_SURFACE ( 'NONE', #1233, 1.000000000000000000, 0.5000000000000000000 ) ;
#1153 = CARTESIAN_POINT ( 'NONE',  ( 23.01159120325478114, -7.599999999999998757, 18.51846115983738628 ) ) ;
#1154 = VECTOR ( 'NONE', #1180, 1000.000000000000000 ) ;
#1155 = VECTOR ( 'NONE', #344, 1000.000000000000000 ) ;
#1156 = CARTESIAN_POINT ( 'NONE',  ( 25.16159120325478327, -7.599999999999998757, 22.69346115983738699 ) ) ;
#1157 = CARTESIAN_POINT ( 'NONE',  ( 24.46159120325478398, -8.099999999999999645, 23.01846115983738272 ) ) ;
#1158 = CIRCLE ( 'NONE', #457, 0.5000000000000004441 ) ;
#1159 = CARTESIAN_POINT ( 'NONE',  ( 24.66159120325477971, -0.4999999999997515321, 23.71846115983738201 ) ) ;
#1160 = DIRECTION ( 'NONE',  ( -0.000000000000000000, 6.938893903907234689E-15, 1.000000000000000000 ) ) ;
#1161 = VECTOR ( 'NONE', #912, 1000.000000000000000 ) ;
#1162 = DIRECTION ( 'NONE',  ( 0.000000000000000000, 1.023771231724015990E-14, 1.000000000000000000 ) ) ;
#1163 = VECTOR ( 'NONE', #415, 1000.000000000000000 ) ;
#1164 = EDGE_CURVE ( 'NONE', #1644, #58, #2220, .T. ) ;
#1165 = ORIENTED_EDGE ( 'NONE', *, *, #180, .T. ) ;
#1166 = DIRECTION ( 'NONE',  ( 1.000000000000000000, -0.000000000000000000, 0.000000000000000000 ) ) ;
#1167 = FACE_OUTER_BOUND ( 'NONE', #700, .T. ) ;
#1168 = DIRECTION ( 'NONE',  ( 0.000000000000000000, 1.023771231724015990E-14, 1.000000000000000000 ) ) ;
#1169 = CARTESIAN_POINT ( 'NONE',  ( 22.01159120325478114, -0.4999999999997723488, 22.19346115983731238 ) ) ;
#1170 = VECTOR ( 'NONE', #916, 1000.000000000000000 ) ;
#1171 = DIRECTION ( 'NONE',  ( 1.000000000000000000, 0.000000000000000000, 0.000000000000000000 ) ) ;
#1172 = VECTOR ( 'NONE', #299, 1000.000000000000000 ) ;
#1173 = CARTESIAN_POINT ( 'NONE',  ( 23.83659120325484793, 12.50000000000023093, 22.61846115983734862 ) ) ;
#1174 = CARTESIAN_POINT ( 'NONE',  ( 23.01159120325478114, -0.4999999999997566946, 23.71846115983738201 ) ) ;
#1175 = CARTESIAN_POINT ( 'NONE',  ( 24.66159120325477971, 2.377655364260711224E-13, 23.21846115983737846 ) ) ;
#1176 = VERTEX_POINT ( 'NONE', #1093 ) ;
#1177 = TOROIDAL_SURFACE ( 'NONE', #694, 1.000000000000000000, 0.5000000000000000000 ) ;
#1178 = AXIS2_PLACEMENT_3D ( 'NONE', #2539, #1103, #2553 ) ;
#1179 = DIRECTION ( 'NONE',  ( 0.000000000000000000, 0.000000000000000000, 1.000000000000000000 ) ) ;
#1180 = DIRECTION ( 'NONE',  ( -1.000000000000000000, 0.000000000000000000, 0.000000000000000000 ) ) ;
#1181 = EDGE_CURVE ( 'NONE', #476, #461, #1919, .T. ) ;
#1182 = CYLINDRICAL_SURFACE ( 'NONE', #7, 0.5000000000000004441 ) ;
#1183 = CARTESIAN_POINT ( 'NONE',  ( 25.16159120325478327, -8.099999999999999645, 18.01846115983738628 ) ) ;
#1184 = DIRECTION ( 'NONE',  ( 0.000000000000000000, -1.000000000000000000, 6.938893903907229955E-15 ) ) ;
#1185 = DIRECTION ( 'NONE',  ( 0.000000000000000000, 0.000000000000000000, 1.000000000000000000 ) ) ;
#1186 = LINE ( 'NONE', #112, #1170 ) ;
#1187 = ORIENTED_EDGE ( 'NONE', *, *, #78, .F. ) ;
#1188 = AXIS2_PLACEMENT_3D ( 'NONE', #954, #533, #287 ) ;
#1189 = ORIENTED_EDGE ( 'NONE', *, *, #34, .F. ) ;
#1190 = EDGE_CURVE ( 'NONE', #683, #312, #302, .T. ) ;
#1191 = CARTESIAN_POINT ( 'NONE',  ( 22.01159120325478114, -8.099999999999999645, 21.69346115983738699 ) ) ;
#1192 = EDGE_CURVE ( 'NONE', #1078, #2123, #521, .T. ) ;
#1193 = CARTESIAN_POINT ( 'NONE',  ( 26.18659120325477829, -7.599999999999998757, 21.69346115983738699 ) ) ;
#1194 = DIRECTION ( 'NONE',  ( 0.000000000000000000, 0.000000000000000000, -1.000000000000000000 ) ) ;
#1195 = DIRECTION ( 'NONE',  ( 0.000000000000000000, 0.000000000000000000, 1.000000000000000000 ) ) ;
#1196 = CARTESIAN_POINT ( 'NONE',  ( 24.66159120325477971, -7.599999999999998757, 18.51846115983738628 ) ) ;
#1197 = EDGE_CURVE ( 'NONE', #2169, #2529, #98, .T. ) ;
#1198 = ORIENTED_EDGE ( 'NONE', *, *, #1127, .T. ) ;
#1199 = CIRCLE ( 'NONE', #2548, 0.5000000000000001110 ) ;
#1200 = EDGE_CURVE ( 'NONE', #1938, #74, #219, .T. ) ;
#1201 = DIRECTION ( 'NONE',  ( 1.000000000000000000, 0.000000000000000000, 0.000000000000000000 ) ) ;
#1202 = ORIENTED_EDGE ( 'NONE', *, *, #619, .F. ) ;
#1203 = EDGE_CURVE ( 'NONE', #2169, #1476, #922, .T. ) ;
#1204 = DIRECTION ( 'NONE',  ( 0.000000000000000000, 0.000000000000000000, 1.000000000000000000 ) ) ;
#1205 = EDGE_CURVE ( 'NONE', #2430, #1133, #2358, .T. ) ;
#1206 = ADVANCED_FACE ( 'NONE', ( #1787 ), #1360, .T. ) ;
#1207 = EDGE_CURVE ( 'NONE', #161, #1644, #756, .T. ) ;
#1208 = CARTESIAN_POINT ( 'NONE',  ( 25.16159120325478327, 0.000000000000000000, 22.69346115983738699 ) ) ;
#1209 = VECTOR ( 'NONE', #2108, 1000.000000000000000 ) ;
#1210 = CARTESIAN_POINT ( 'NONE',  ( 25.66159120325478327, 2.377039258034294428E-13, 23.21846115983737846 ) ) ;
#1211 = EDGE_CURVE ( 'NONE', #1423, #2489, #2572, .T. ) ;
#1212 = ORIENTED_EDGE ( 'NONE', *, *, #76, .T. ) ;
#1213 = CIRCLE ( 'NONE', #306, 0.5000000000000004441 ) ;
#1214 = ORIENTED_EDGE ( 'NONE', *, *, #1781, .F. ) ;
#1215 = ORIENTED_EDGE ( 'NONE', *, *, #1315, .T. ) ;
#1216 = DIRECTION ( 'NONE',  ( -0.000000000000000000, -1.000000000000000000, 1.023771231724015990E-14 ) ) ;
#1217 = CARTESIAN_POINT ( 'NONE',  ( 21.08659120325484437, 12.50000000000023093, 22.61846115983735217 ) ) ;
#1218 = ORIENTED_EDGE ( 'NONE', *, *, #2333, .F. ) ;
#1219 = ADVANCED_FACE ( 'NONE', ( #708 ), #2274, .T. ) ;
#1220 = CIRCLE ( 'NONE', #872, 0.5000000000000000000 ) ;
#1221 = DIRECTION ( 'NONE',  ( 0.000000000000000000, 1.023771231724015990E-14, 1.000000000000000000 ) ) ;
#1222 = SURFACE_SIDE_STYLE ('',( #2475 ) ) ;
#1223 = DIRECTION ( 'NONE',  ( 0.000000000000000000, 1.023771231724015990E-14, 1.000000000000000000 ) ) ;
#1224 = VERTEX_POINT ( 'NONE', #970 ) ;
#1225 = CARTESIAN_POINT ( 'NONE',  ( 27.58659120325485148, 2.315612984130862743E-13, 22.61846115983747296 ) ) ;
#1226 = EDGE_LOOP ( 'NONE', ( #333, #2674, #1701, #172 ) ) ;
#1227 = ORIENTED_EDGE ( 'NONE', *, *, #2480, .F. ) ;
#1228 = CARTESIAN_POINT ( 'NONE',  ( 26.58659120325485148, 12.50000000000023093, 22.61846115983734506 ) ) ;
#1229 = EDGE_CURVE ( 'NONE', #2316, #58, #696, .T. ) ;
#1230 = FACE_OUTER_BOUND ( 'NONE', #260, .T. ) ;
#1231 = AXIS2_PLACEMENT_3D ( 'NONE', #2035, #561, #2266 ) ;
#1232 = ORIENTED_EDGE ( 'NONE', *, *, #2374, .T. ) ;
#1233 = AXIS2_PLACEMENT_3D ( 'NONE', #1302, #62, #919 ) ;
#1234 =( LENGTH_UNIT ( ) NAMED_UNIT ( * ) SI_UNIT ( .MILLI., .METRE. ) );
#1235 = LINE ( 'NONE', #1822, #2124 ) ;
#1236 = ORIENTED_EDGE ( 'NONE', *, *, #2288, .T. ) ;
#1237 = EDGE_LOOP ( 'NONE', ( #1450, #1427, #661, #680 ) ) ;
#1238 = VECTOR ( 'NONE', #2218, 1000.000000000000000 ) ;
#1239 = EDGE_CURVE ( 'NONE', #1889, #1020, #2161, .T. ) ;
#1240 = CARTESIAN_POINT ( 'NONE',  ( 20.98659120325478256, -7.599999999999998757, 21.69346115983738699 ) ) ;
#1241 = EDGE_LOOP ( 'NONE', ( #921, #1232, #684, #1448 ) ) ;
#1242 = ORIENTED_EDGE ( 'NONE', *, *, #882, .F. ) ;
#1243 = ORIENTED_EDGE ( 'NONE', *, *, #2276, .F. ) ;
#1244 = CARTESIAN_POINT ( 'NONE',  ( 23.21159120325478042, -8.099999999999999645, 23.01846115983738272 ) ) ;
#1245 = AXIS2_PLACEMENT_3D ( 'NONE', #373, #1630, #2464 ) ;
#1246 = DIRECTION ( 'NONE',  ( 0.000000000000000000, 1.000000000000000000, 0.000000000000000000 ) ) ;
#1247 = ORIENTED_EDGE ( 'NONE', *, *, #1192, .F. ) ;
#1248 = DIRECTION ( 'NONE',  ( 0.000000000000000000, 1.000000000000000000, 0.000000000000000000 ) ) ;
#1249 = CYLINDRICAL_SURFACE ( 'NONE', #1647, 0.5000000000000004441 ) ;
#1250 = DIRECTION ( 'NONE',  ( -1.000000000000000000, 0.000000000000000000, 0.000000000000000000 ) ) ;
#1251 = EDGE_LOOP ( 'NONE', ( #55, #41, #874 ) ) ;
#1252 = ORIENTED_EDGE ( 'NONE', *, *, #335, .F. ) ;
#1253 = DIRECTION ( 'NONE',  ( 0.000000000000000000, 1.000000000000000000, -1.023771231724015990E-14 ) ) ;
#1254 = VECTOR ( 'NONE', #697, 1000.000000000000000 ) ;
#1255 = VERTEX_POINT ( 'NONE', #931 ) ;
#1256 = CIRCLE ( 'NONE', #1560, 0.5000000000000004441 ) ;
#1257 = CARTESIAN_POINT ( 'NONE',  ( 25.66159120325478327, -0.4999999999997674638, 22.69346115983738699 ) ) ;
#1258 = ADVANCED_FACE ( 'NONE', ( #1944 ), #914, .F. ) ;
#1259 = DIRECTION ( 'NONE',  ( 0.000000000000000000, 1.000000000000000000, -1.023771231724015990E-14 ) ) ;
#1260 = CARTESIAN_POINT ( 'NONE',  ( 21.48659120325478256, -0.4999999999998044342, 19.54346115983738841 ) ) ;
#1261 = DIRECTION ( 'NONE',  ( 0.000000000000000000, -1.000000000000000000, 0.000000000000000000 ) ) ;
#1262 = CARTESIAN_POINT ( 'NONE',  ( 23.83659120325484793, 12.50000000000023093, 22.61846115983734862 ) ) ;
#1263 = EDGE_LOOP ( 'NONE', ( #1264, #853, #127, #215 ) ) ;
#1264 = ORIENTED_EDGE ( 'NONE', *, *, #2276, .T. ) ;
#1265 = DIRECTION ( 'NONE',  ( -1.000000000000000000, 0.000000000000000000, 0.000000000000000000 ) ) ;
#1266 = CARTESIAN_POINT ( 'NONE',  ( 21.68659120325478185, 0.000000000000000000, 20.24346115983738770 ) ) ;
#1267 = VECTOR ( 'NONE', #1129, 1000.000000000000000 ) ;
#1268 = ORIENTED_EDGE ( 'NONE', *, *, #2139, .F. ) ;
#1269 = VECTOR ( 'NONE', #552, 1000.000000000000000 ) ;
#1270 = DIRECTION ( 'NONE',  ( 0.000000000000000000, -0.000000000000000000, -1.000000000000000000 ) ) ;
#1271 = EDGE_CURVE ( 'NONE', #2393, #1078, #2382, .T. ) ;
#1272 = ORIENTED_EDGE ( 'NONE', *, *, #2168, .F. ) ;
#1273 = CARTESIAN_POINT ( 'NONE',  ( 23.01159120325478114, -7.599999999999998757, 18.51846115983738628 ) ) ;
#1274 = LINE ( 'NONE', #2132, #131 ) ;
#1275 = ORIENTED_EDGE ( 'NONE', *, *, #2285, .T. ) ;
#1276 = ORIENTED_EDGE ( 'NONE', *, *, #346, .F. ) ;
#1277 = VECTOR ( 'NONE', #1974, 1000.000000000000000 ) ;
#1278 = CARTESIAN_POINT ( 'NONE',  ( 25.66159120325478327, 2.323291268368783752E-13, 22.69346115983738343 ) ) ;
#1279 = DIRECTION ( 'NONE',  ( -0.000000000000000000, 1.000000000000000000, -0.000000000000000000 ) ) ;
#1280 = ORIENTED_EDGE ( 'NONE', *, *, #2365, .F. ) ;
#1281 = ORIENTED_EDGE ( 'NONE', *, *, #718, .T. ) ;
#1282 = DIRECTION ( 'NONE',  ( 0.000000000000000000, -1.000000000000000000, 0.000000000000000000 ) ) ;
#1283 = AXIS2_PLACEMENT_3D ( 'NONE', #592, #2607, #146 ) ;
#1284 = ADVANCED_FACE ( 'NONE', ( #314 ), #1147, .F. ) ;
#1285 = AXIS2_PLACEMENT_3D ( 'NONE', #2055, #847, #1042 ) ;
#1286 = LINE ( 'NONE', #1485, #948 ) ;
#1287 = EDGE_CURVE ( 'NONE', #1328, #2104, #2098, .T. ) ;
#1288 = ORIENTED_EDGE ( 'NONE', *, *, #346, .T. ) ;
#1289 = ADVANCED_FACE ( 'NONE', ( #1986 ), #958, .T. ) ;
#1290 = FACE_OUTER_BOUND ( 'NONE', #254, .T. ) ;
#1291 = DIRECTION ( 'NONE',  ( -0.000000000000000000, 0.000000000000000000, -1.000000000000000000 ) ) ;
#1292 = DIRECTION ( 'NONE',  ( 0.000000000000000000, 1.000000000000000000, -6.938893903907228378E-15 ) ) ;
#1293 = ORIENTED_EDGE ( 'NONE', *, *, #327, .T. ) ;
#1294 = VERTEX_POINT ( 'NONE', #1593 ) ;
#1295 = EDGE_CURVE ( 'NONE', #1538, #276, #1324, .T. ) ;
#1296 = CARTESIAN_POINT ( 'NONE',  ( 23.01159120325478114, -0.4999999999998200328, 18.01846115983738628 ) ) ;
#1297 = DIRECTION ( 'NONE',  ( 0.000000000000000000, 0.000000000000000000, -1.000000000000000000 ) ) ;
#1298 = ORIENTED_EDGE ( 'NONE', *, *, #1392, .F. ) ;
#1299 = EDGE_LOOP ( 'NONE', ( #1212, #2344, #1320, #928 ) ) ;
#1300 = CIRCLE ( 'NONE', #128, 3.750000000000003553 ) ;
#1301 = AXIS2_PLACEMENT_3D ( 'NONE', #1018, #1446, #2282 ) ;
#1302 = CARTESIAN_POINT ( 'NONE',  ( 21.48659120325478256, -0.4999999999997775113, 21.69346115983738699 ) ) ;
#1303 = ORIENTED_EDGE ( 'NONE', *, *, #73, .F. ) ;
#1304 = CARTESIAN_POINT ( 'NONE',  ( 23.01159120325478114, -8.099999999999999645, 23.21846115983738201 ) ) ;
#1305 = LINE ( 'NONE', #1724, #2000 ) ;
#1306 = CARTESIAN_POINT ( 'NONE',  ( 21.48659120325478256, -8.099999999999999645, 20.04346115983738841 ) ) ;
#1307 = ORIENTED_EDGE ( 'NONE', *, *, #1008, .T. ) ;
#1308 = ADVANCED_FACE ( 'NONE', ( #2643 ), #2624, .F. ) ;
#1309 = CARTESIAN_POINT ( 'NONE',  ( 24.46159120325478398, 0.000000000000000000, 20.24346115983738770 ) ) ;
#1310 = DIRECTION ( 'NONE',  ( 0.000000000000000000, 0.000000000000000000, -1.000000000000000000 ) ) ;
#1311 = ORIENTED_EDGE ( 'NONE', *, *, #2232, .F. ) ;
#1312 = ORIENTED_EDGE ( 'NONE', *, *, #2192, .T. ) ;
#1313 = VECTOR ( 'NONE', #2684, 1000.000000000000000 ) ;
#1314 = CYLINDRICAL_SURFACE ( 'NONE', #1493, 3.750000000000003553 ) ;
#1315 = EDGE_CURVE ( 'NONE', #1470, #195, #151, .T. ) ;
#1316 = ORIENTED_EDGE ( 'NONE', *, *, #1197, .T. ) ;
#1317 = DIRECTION ( 'NONE',  ( 0.000000000000000000, 1.023771231724015990E-14, 1.000000000000000000 ) ) ;
#1318 = CIRCLE ( 'NONE', #1188, 3.750000000000003553 ) ;
#1319 = CARTESIAN_POINT ( 'NONE',  ( 22.51159120325478114, -7.599999999999998757, 23.21846115983738201 ) ) ;
#1320 = ORIENTED_EDGE ( 'NONE', *, *, #1203, .F. ) ;
#1321 = DIRECTION ( 'NONE',  ( 0.000000000000000000, -1.000000000000000000, 0.000000000000000000 ) ) ;
#1322 = DIRECTION ( 'NONE',  ( 0.000000000000000000, 1.000000000000000000, 0.000000000000000000 ) ) ;
#1323 = DIRECTION ( 'NONE',  ( 0.000000000000000000, 0.000000000000000000, 1.000000000000000000 ) ) ;
#1324 = CIRCLE ( 'NONE', #2406, 0.5000000000000004441 ) ;
#1325 = VERTEX_POINT ( 'NONE', #359 ) ;
#1326 = EDGE_CURVE ( 'NONE', #49, #652, #1812, .T. ) ;
#1327 = EDGE_CURVE ( 'NONE', #1224, #1476, #936, .T. ) ;
#1328 = VERTEX_POINT ( 'NONE', #2653 ) ;
#1329 = CARTESIAN_POINT ( 'NONE',  ( 24.46159120325478398, 0.000000000000000000, 23.01846115983738272 ) ) ;
#1330 = LINE ( 'NONE', #969, #148 ) ;
#1331 = ORIENTED_EDGE ( 'NONE', *, *, #248, .T. ) ;
#1332 = DIRECTION ( 'NONE',  ( 1.000000000000000000, 0.000000000000000000, -0.000000000000000000 ) ) ;
#1333 = DIRECTION ( 'NONE',  ( 0.000000000000000000, 0.000000000000000000, -1.000000000000000000 ) ) ;
#1334 = CARTESIAN_POINT ( 'NONE',  ( 27.58659120325485148, 12.50000000000019718, 19.11846115983734506 ) ) ;
#1335 = CARTESIAN_POINT ( 'NONE',  ( 26.18659120325477829, 2.323291268368783752E-13, 22.69346115983738343 ) ) ;
#1336 = ORIENTED_EDGE ( 'NONE', *, *, #1200, .F. ) ;
#1337 = AXIS2_PLACEMENT_3D ( 'NONE', #1495, #1905, #45 ) ;
#1338 = CARTESIAN_POINT ( 'NONE',  ( 25.16159120325478327, -0.4999999999997672417, 22.69346115983738699 ) ) ;
#1339 = ORIENTED_EDGE ( 'NONE', *, *, #726, .T. ) ;
#1340 = CARTESIAN_POINT ( 'NONE',  ( 0.000000000000000000, -7.599999999999998757, 20.04346115983738841 ) ) ;
#1341 = LINE ( 'NONE', #2392, #617 ) ;
#1342 = AXIS2_PLACEMENT_3D ( 'NONE', #2060, #164, #2636 ) ;
#1343 = ORIENTED_EDGE ( 'NONE', *, *, #1239, .T. ) ;
#1344 = DIRECTION ( 'NONE',  ( 0.000000000000000000, 0.000000000000000000, 1.000000000000000000 ) ) ;
#1345 = CARTESIAN_POINT ( 'NONE',  ( 23.21159120325478042, 0.000000000000000000, 21.49346115983738770 ) ) ;
#1346 = CARTESIAN_POINT ( 'NONE',  ( 23.83659120325484793, 11.50000000000019007, 19.11846115983735572 ) ) ;
#1347 = DIRECTION ( 'NONE',  ( 0.000000000000000000, 0.000000000000000000, -1.000000000000000000 ) ) ;
#1348 = ORIENTED_EDGE ( 'NONE', *, *, #477, .F. ) ;
#1349 = CARTESIAN_POINT ( 'NONE',  ( 20.98659120325478256, -8.099999999999999645, 21.69346115983738699 ) ) ;
#1350 = CARTESIAN_POINT ( 'NONE',  ( 25.16159120325478327, -8.099999999999999645, 18.51846115983738628 ) ) ;
#1351 = EDGE_CURVE ( 'NONE', #2142, #398, #714, .T. ) ;
#1352 = DIRECTION ( 'NONE',  ( -1.000000000000000000, 0.000000000000000000, 0.000000000000000000 ) ) ;
#1353 = DIRECTION ( 'NONE',  ( 0.000000000000000000, -1.000000000000000000, 6.938893903907228378E-15 ) ) ;
#1354 = EDGE_LOOP ( 'NONE', ( #1236, #1138, #2561, #2039 ) ) ;
#1355 = DIRECTION ( 'NONE',  ( 0.000000000000000000, 0.000000000000000000, 1.000000000000000000 ) ) ;
#1356 = DIRECTION ( 'NONE',  ( -0.000000000000000000, 1.000000000000000000, 0.000000000000000000 ) ) ;
#1357 = DIRECTION ( 'NONE',  ( 0.000000000000000000, 1.000000000000000000, -1.023771231724015990E-14 ) ) ;
#1358 = FACE_OUTER_BOUND ( 'NONE', #483, .T. ) ;
#1359 = ORIENTED_EDGE ( 'NONE', *, *, #1229, .F. ) ;
#1360 = TOROIDAL_SURFACE ( 'NONE', #1442, 1.000000000000000000, 0.5000000000000000000 ) ;
#1361 = CARTESIAN_POINT ( 'NONE',  ( 26.68659120325478185, -8.099999999999999645, 20.04346115983738841 ) ) ;
#1362 = VECTOR ( 'NONE', #313, 1000.000000000000000 ) ;
#1363 = AXIS2_PLACEMENT_3D ( 'NONE', #123, #2597, #2174 ) ;
#1364 = CARTESIAN_POINT ( 'NONE',  ( 26.18659120325477829, 2.052394712515059894E-13, 20.04346115983738486 ) ) ;
#1365 = EDGE_CURVE ( 'NONE', #2138, #398, #763, .T. ) ;
#1366 = CIRCLE ( 'NONE', #1841, 0.5000000000000004441 ) ;
#1367 = DIRECTION ( 'NONE',  ( 0.000000000000000000, 0.000000000000000000, -1.000000000000000000 ) ) ;
#1368 = CYLINDRICAL_SURFACE ( 'NONE', #1659, 0.5000000000000004441 ) ;
#1369 = ADVANCED_FACE ( 'NONE', ( #1799 ), #1760, .T. ) ;
#1370 = CARTESIAN_POINT ( 'NONE',  ( 22.01159120325478114, -7.599999999999998757, 22.69346115983738699 ) ) ;
#1371 = DIRECTION ( 'NONE',  ( 0.000000000000000000, 0.000000000000000000, 1.000000000000000000 ) ) ;
#1372 = CARTESIAN_POINT ( 'NONE',  ( 22.51159120325478114, -7.599999999999998757, 19.04346115983738841 ) ) ;
#1373 = DIRECTION ( 'NONE',  ( 1.000000000000000000, 0.000000000000000000, 0.000000000000000000 ) ) ;
#1374 = VECTOR ( 'NONE', #1728, 1000.000000000000000 ) ;
#1375 = ORIENTED_EDGE ( 'NONE', *, *, #1376, .T. ) ;
#1376 = EDGE_CURVE ( 'NONE', #861, #1049, #2366, .T. ) ;
#1377 = DIRECTION ( 'NONE',  ( 0.000000000000000000, 1.000000000000000000, 0.000000000000000000 ) ) ;
#1378 = DIRECTION ( 'NONE',  ( 0.000000000000000000, 1.019150042136373221E-14, 1.000000000000000000 ) ) ;
#1379 = APPLICATION_PROTOCOL_DEFINITION ( 'draft international standard', 'automotive_design', 1998, #2463 ) ;
#1380 = DIRECTION ( 'NONE',  ( 0.000000000000000000, 1.019150042136373221E-14, 1.000000000000000000 ) ) ;
#1381 = CARTESIAN_POINT ( 'NONE',  ( 23.21159120325478042, -8.099999999999999645, 23.01846115983738272 ) ) ;
#1382 = CIRCLE ( 'NONE', #2602, 0.5000000000000004441 ) ;
#1383 = CARTESIAN_POINT ( 'NONE',  ( 22.01159120325478114, -0.4999999999997671307, 22.69346115983738699 ) ) ;
#1384 = DIRECTION ( 'NONE',  ( 0.000000000000000000, -1.000000000000000000, 0.000000000000000000 ) ) ;
#1385 = EDGE_CURVE ( 'NONE', #1509, #2601, #182, .T. ) ;
#1386 = EDGE_LOOP ( 'NONE', ( #1293, #467, #884, #724 ) ) ;
#1387 = CIRCLE ( 'NONE', #479, 0.5000000000000004441 ) ;
#1388 = DIRECTION ( 'NONE',  ( -0.000000000000000000, 0.000000000000000000, -1.000000000000000000 ) ) ;
#1389 = ORIENTED_EDGE ( 'NONE', *, *, #535, .F. ) ;
#1390 = CARTESIAN_POINT ( 'NONE',  ( 24.66159120325477971, -8.099999999999999645, 19.04346115983738841 ) ) ;
#1391 =( NAMED_UNIT ( * ) SI_UNIT ( $, .STERADIAN. ) SOLID_ANGLE_UNIT ( ) );
#1392 = EDGE_CURVE ( 'NONE', #1133, #161, #2143, .T. ) ;
#1393 = VECTOR ( 'NONE', #1885, 1000.000000000000000 ) ;
#1394 = CARTESIAN_POINT ( 'NONE',  ( 26.18659120325477829, -7.599999999999998757, 0.000000000000000000 ) ) ;
#1395 = VECTOR ( 'NONE', #290, 1000.000000000000000 ) ;
#1396 = DIRECTION ( 'NONE',  ( 0.000000000000000000, 0.000000000000000000, 1.000000000000000000 ) ) ;
#1397 = DIRECTION ( 'NONE',  ( 0.000000000000000000, 0.000000000000000000, 1.000000000000000000 ) ) ;
#1398 = EDGE_LOOP ( 'NONE', ( #167, #525, #2676 ) ) ;
#1399 = VECTOR ( 'NONE', #2157, 1000.000000000000000 ) ;
#1400 = DIRECTION ( 'NONE',  ( 0.000000000000000000, 1.019150042136373221E-14, 1.000000000000000000 ) ) ;
#1401 = ORIENTED_EDGE ( 'NONE', *, *, #2047, .T. ) ;
#1402 = EDGE_CURVE ( 'NONE', #1599, #2493, #782, .T. ) ;
#1403 = CARTESIAN_POINT ( 'NONE',  ( 27.18659120325478185, -0.4999999999997779554, 21.69346115983738699 ) ) ;
#1404 = CARTESIAN_POINT ( 'NONE',  ( 20.08659120325484437, 2.315612984130863248E-13, 22.61846115983748007 ) ) ;
#1405 = VECTOR ( 'NONE', #811, 1000.000000000000000 ) ;
#1406 = FACE_OUTER_BOUND ( 'NONE', #1977, .T. ) ;
#1407 = ORIENTED_EDGE ( 'NONE', *, *, #1569, .T. ) ;
#1408 = CIRCLE ( 'NONE', #2454, 0.5000000000000004441 ) ;
#1409 = VECTOR ( 'NONE', #425, 1000.000000000000000 ) ;
#1410 = SPHERICAL_SURFACE ( 'NONE', #1041, 0.5000000000000000000 ) ;
#1411 = FACE_OUTER_BOUND ( 'NONE', #375, .T. ) ;
#1412 = EDGE_LOOP ( 'NONE', ( #973, #1888, #47, #1908 ) ) ;
#1413 = VECTOR ( 'NONE', #951, 1000.000000000000000 ) ;
#1414 = ORIENTED_EDGE ( 'NONE', *, *, #355, .F. ) ;
#1415 = CARTESIAN_POINT ( 'NONE',  ( 25.66159120325478327, -8.099999999999999645, 20.04346115983738841 ) ) ;
#1416 = ADVANCED_FACE ( 'NONE', ( #196 ), #2016, .T. ) ;
#1417 = CYLINDRICAL_SURFACE ( 'NONE', #2042, 0.5000000000000004441 ) ;
#1418 = ORIENTED_EDGE ( 'NONE', *, *, #2435, .T. ) ;
#1419 = PLANE ( 'NONE',  #1662 ) ;
#1420 = CIRCLE ( 'NONE', #816, 0.5000000000000004441 ) ;
#1421 = CARTESIAN_POINT ( 'NONE',  ( 24.66159120325477971, -8.099999999999999645, 23.21846115983738201 ) ) ;
#1422 = DIRECTION ( 'NONE',  ( 0.000000000000000000, 0.000000000000000000, 1.000000000000000000 ) ) ;
#1423 = VERTEX_POINT ( 'NONE', #776 ) ;
#1424 = CIRCLE ( 'NONE', #2388, 0.5000000000000000000 ) ;
#1425 = ADVANCED_FACE ( 'NONE', ( #2443 ), #1419, .T. ) ;
#1426 = VERTEX_POINT ( 'NONE', #256 ) ;
#1427 = ORIENTED_EDGE ( 'NONE', *, *, #929, .T. ) ;
#1428 = CARTESIAN_POINT ( 'NONE',  ( 25.98659120325478256, 0.000000000000000000, 21.49346115983738770 ) ) ;
#1429 = LINE ( 'NONE', #2278, #1163 ) ;
#1430 = ORIENTED_EDGE ( 'NONE', *, *, #2550, .T. ) ;
#1431 = ADVANCED_FACE ( 'NONE', ( #429 ), #2318, .T. ) ;
#1432 = DIRECTION ( 'NONE',  ( 0.000000000000000000, 1.000000000000000000, -1.023771231724015990E-14 ) ) ;
#1433 = DIRECTION ( 'NONE',  ( 0.000000000000000000, 0.000000000000000000, 1.000000000000000000 ) ) ;
#1434 = LINE ( 'NONE', #2461, #2033 ) ;
#1435 = ORIENTED_EDGE ( 'NONE', *, *, #1867, .F. ) ;
#1436 = VERTEX_POINT ( 'NONE', #1029 ) ;
#1437 = EDGE_LOOP ( 'NONE', ( #2661, #1097, #2346, #1990 ) ) ;
#1438 = EDGE_LOOP ( 'NONE', ( #2373, #612, #1276, #2260 ) ) ;
#1439 = ORIENTED_EDGE ( 'NONE', *, *, #1995, .T. ) ;
#1440 = DIRECTION ( 'NONE',  ( 0.7071067811865463515, -0.7071067811865487940, 7.359808400080174564E-15 ) ) ;
#1441 = CYLINDRICAL_SURFACE ( 'NONE', #593, 0.5000000000000004441 ) ;
#1442 = AXIS2_PLACEMENT_3D ( 'NONE', #138, #2001, #1333 ) ;
#1443 = ORIENTED_EDGE ( 'NONE', *, *, #1515, .F. ) ;
#1444 = FACE_OUTER_BOUND ( 'NONE', #1354, .T. ) ;
#1445 = CARTESIAN_POINT ( 'NONE',  ( 23.01159120325478114, -8.099999999999999645, 19.04346115983738841 ) ) ;
#1446 = DIRECTION ( 'NONE',  ( 1.000000000000000000, 0.000000000000000000, 0.000000000000000000 ) ) ;
#1447 = ORIENTED_EDGE ( 'NONE', *, *, #1211, .T. ) ;
#1448 = ORIENTED_EDGE ( 'NONE', *, *, #2153, .T. ) ;
#1449 = CARTESIAN_POINT ( 'NONE',  ( 25.16159120325478327, -8.099999999999999645, 23.71846115983738201 ) ) ;
#1450 = ORIENTED_EDGE ( 'NONE', *, *, #145, .T. ) ;
#1451 = ADVANCED_FACE ( 'NONE', ( #1444 ), #2280, .F. ) ;
#1452 = ORIENTED_EDGE ( 'NONE', *, *, #1271, .T. ) ;
#1453 = EDGE_CURVE ( 'NONE', #2529, #861, #1706, .T. ) ;
#1454 = DIRECTION ( 'NONE',  ( -1.000000000000000000, 0.000000000000000000, 0.000000000000000000 ) ) ;
#1455 = CARTESIAN_POINT ( 'NONE',  ( 23.83659120325484793, 1.573378841130950791E-13, 15.36846115983746941 ) ) ;
#1456 = ORIENTED_EDGE ( 'NONE', *, *, #2389, .T. ) ;
#1457 = CARTESIAN_POINT ( 'NONE',  ( 21.48659120325478256, -7.599999999999998757, 19.54346115983738841 ) ) ;
#1458 = CARTESIAN_POINT ( 'NONE',  ( 22.01159120325478114, -0.4999999999998044342, 19.04346115983738841 ) ) ;
#1459 = CARTESIAN_POINT ( 'NONE',  ( 26.18659120325477829, -7.599999999999998757, 20.04346115983738841 ) ) ;
#1460 = ORIENTED_EDGE ( 'NONE', *, *, #321, .T. ) ;
#1461 = ORIENTED_EDGE ( 'NONE', *, *, #629, .F. ) ;
#1462 = CARTESIAN_POINT ( 'NONE',  ( 22.51159120325478114, -8.099999999999999645, 22.19346115983738699 ) ) ;
#1463 = EDGE_CURVE ( 'NONE', #1465, #2369, #841, .T. ) ;
#1464 = CARTESIAN_POINT ( 'NONE',  ( 22.51159120325478114, -7.599999999999998757, 23.21846115983738201 ) ) ;
#1465 = VERTEX_POINT ( 'NONE', #1457 ) ;
#1466 = ADVANCED_FACE ( 'NONE', ( #209 ), #1087, .F. ) ;
#1467 = AXIS2_PLACEMENT_3D ( 'NONE', #1104, #474, #838 ) ;
#1468 = DIRECTION ( 'NONE',  ( -1.000000000000000000, -0.000000000000000000, -0.000000000000000000 ) ) ;
#1469 = DIRECTION ( 'NONE',  ( 9.027796614315158252E-30, 6.938893903907227589E-15, 1.000000000000000000 ) ) ;
#1470 = VERTEX_POINT ( 'NONE', #1260 ) ;
#1471 = ADVANCED_FACE ( 'NONE', ( #1290 ), #836, .F. ) ;
#1472 = DIRECTION ( 'NONE',  ( -0.000000000000000000, 6.938893903907234689E-15, 1.000000000000000000 ) ) ;
#1473 = CARTESIAN_POINT ( 'NONE',  ( 21.68659120325478185, -8.099999999999999645, 20.24346115983738770 ) ) ;
#1474 = PLANE ( 'NONE',  #1689 ) ;
#1475 = ORIENTED_EDGE ( 'NONE', *, *, #526, .T. ) ;
#1476 = VERTEX_POINT ( 'NONE', #1304 ) ;
#1477 = DIRECTION ( 'NONE',  ( 1.000000000000000000, 0.000000000000000000, 0.000000000000000000 ) ) ;
#1478 = EDGE_CURVE ( 'NONE', #2601, #271, #417, .T. ) ;
#1479 = CARTESIAN_POINT ( 'NONE',  ( 23.01159120325478114, -8.099999999999999645, 22.69346115983738699 ) ) ;
#1480 = EDGE_LOOP ( 'NONE', ( #534, #578, #785, #1096 ) ) ;
#1481 = AXIS2_PLACEMENT_3D ( 'NONE', #2211, #2010, #979 ) ;
#1482 = EDGE_CURVE ( 'NONE', #2261, #74, #23, .T. ) ;
#1483 = CARTESIAN_POINT ( 'NONE',  ( 23.83659120325484793, 12.50000000000019540, 19.11846115983734506 ) ) ;
#1484 = ADVANCED_FACE ( 'NONE', ( #1693 ), #2520, .T. ) ;
#1485 = CARTESIAN_POINT ( 'NONE',  ( 23.21159120325478042, 0.000000000000000000, 18.71846115983738557 ) ) ;
#1486 = ORIENTED_EDGE ( 'NONE', *, *, #1855, .T. ) ;
#1487 = ADVANCED_FACE ( 'NONE', ( #1055 ), #824, .T. ) ;
#1488 = DIRECTION ( 'NONE',  ( 0.000000000000000000, 1.023771231724015990E-14, 1.000000000000000000 ) ) ;
#1489 = DIRECTION ( 'NONE',  ( 1.000000000000000000, -0.000000000000000000, -0.000000000000000000 ) ) ;
#1490 = CARTESIAN_POINT ( 'NONE',  ( 27.18659120325478185, -0.4999999999997992162, 19.54346115983731025 ) ) ;
#1491 = ORIENTED_EDGE ( 'NONE', *, *, #706, .T. ) ;
#1492 = VERTEX_POINT ( 'NONE', #1043 ) ;
#1493 = AXIS2_PLACEMENT_3D ( 'NONE', #1532, #685, #1518 ) ;
#1494 = CARTESIAN_POINT ( 'NONE',  ( 24.66159120325477971, -0.4999999999997566946, 23.21846115983738201 ) ) ;
#1495 = CARTESIAN_POINT ( 'NONE',  ( 25.66159120325478327, -0.4999999999997723488, 22.19346115983731238 ) ) ;
#1496 = ORIENTED_EDGE ( 'NONE', *, *, #820, .T. ) ;
#1497 = AXIS2_PLACEMENT_3D ( 'NONE', #1364, #169, #774 ) ;
#1498 = VERTEX_POINT ( 'NONE', #242 ) ;
#1499 = VECTOR ( 'NONE', #100, 1000.000000000000000 ) ;
#1500 = AXIS2_PLACEMENT_3D ( 'NONE', #1403, #2453, #569 ) ;
#1501 = AXIS2_PLACEMENT_3D ( 'NONE', #1539, #328, #956 ) ;
#1502 = AXIS2_PLACEMENT_3D ( 'NONE', #2618, #761, #2591 ) ;
#1503 = DIRECTION ( 'NONE',  ( 0.000000000000000000, 0.000000000000000000, 1.000000000000000000 ) ) ;
#1504 = EDGE_CURVE ( 'NONE', #1325, #2477, #9, .T. ) ;
#1505 = ORIENTED_EDGE ( 'NONE', *, *, #526, .F. ) ;
#1506 = DIRECTION ( 'NONE',  ( -0.000000000000000000, 1.000000000000000000, 0.000000000000000000 ) ) ;
#1507 = CARTESIAN_POINT ( 'NONE',  ( 23.83659120325484793, 12.50000000000019718, 19.11846115983734506 ) ) ;
#1508 = CYLINDRICAL_SURFACE ( 'NONE', #1467, 0.5000000000000004441 ) ;
#1509 = VERTEX_POINT ( 'NONE', #849 ) ;
#1510 = FACE_OUTER_BOUND ( 'NONE', #1123, .T. ) ;
#1511 = PLANE ( 'NONE',  #1613 ) ;
#1512 = CARTESIAN_POINT ( 'NONE',  ( 24.66159120325477971, -8.099999999999999645, 23.21846115983738201 ) ) ;
#1513 = ORIENTED_EDGE ( 'NONE', *, *, #805, .T. ) ;
#1514 = ORIENTED_EDGE ( 'NONE', *, *, #834, .F. ) ;
#1515 = EDGE_CURVE ( 'NONE', #2498, #839, #1220, .T. ) ;
#1516 = CIRCLE ( 'NONE', #348, 0.5000000000000004441 ) ;
#1517 = VECTOR ( 'NONE', #1695, 1000.000000000000000 ) ;
#1518 = DIRECTION ( 'NONE',  ( 0.000000000000000000, -1.017704439239725935E-14, -1.000000000000000000 ) ) ;
#1519 = ORIENTED_EDGE ( 'NONE', *, *, #1741, .T. ) ;
#1520 = VECTOR ( 'NONE', #10, 1000.000000000000000 ) ;
#1521 = CARTESIAN_POINT ( 'NONE',  ( 23.01159120325478114, -8.099999999999999645, 23.21846115983738201 ) ) ;
#1522 = CARTESIAN_POINT ( 'NONE',  ( 27.18659120325478185, 2.051991891961919664E-13, 20.04346115983738486 ) ) ;
#1523 = CARTESIAN_POINT ( 'NONE',  ( 25.66159120325478327, -7.599999999999998757, 22.19346115983738699 ) ) ;
#1524 = ORIENTED_EDGE ( 'NONE', *, *, #927, .F. ) ;
#1525 = EDGE_LOOP ( 'NONE', ( #2541, #2231, #1609, #896 ) ) ;
#1526 = ADVANCED_FACE ( 'NONE', ( #443 ), #2438, .F. ) ;
#1527 = CYLINDRICAL_SURFACE ( 'NONE', #2534, 0.5000000000000004441 ) ;
#1528 = CARTESIAN_POINT ( 'NONE',  ( 21.48659120325478256, -0.4999999999997671307, 22.19346115983738699 ) ) ;
#1529 = CARTESIAN_POINT ( 'NONE',  ( 24.66159120325477971, -7.599999999999998757, 23.71846115983738201 ) ) ;
#1530 = EDGE_LOOP ( 'NONE', ( #2284, #1389, #911, #2471 ) ) ;
#1531 = CIRCLE ( 'NONE', #2217, 1.000000000000000888 ) ;
#1532 = CARTESIAN_POINT ( 'NONE',  ( 23.83659120325484793, 12.50000000000023093, 22.61846115983734862 ) ) ;
#1533 = ORIENTED_EDGE ( 'NONE', *, *, #638, .F. ) ;
#1534 = CYLINDRICAL_SURFACE ( 'NONE', #1698, 0.5000000000000004441 ) ;
#1535 = CARTESIAN_POINT ( 'NONE',  ( 0.000000000000000000, -7.599999999999998757, 21.69346115983738699 ) ) ;
#1536 = DIRECTION ( 'NONE',  ( -0.000000000000000000, 1.023771231724015990E-14, 1.000000000000000000 ) ) ;
#1537 = ORIENTED_EDGE ( 'NONE', *, *, #1576, .T. ) ;
#1538 = VERTEX_POINT ( 'NONE', #2100 ) ;
#1539 = CARTESIAN_POINT ( 'NONE',  ( 23.83659120325484793, 2.315612984130863248E-13, 22.61846115983747652 ) ) ;
#1540 = DIRECTION ( 'NONE',  ( 0.000000000000000000, -1.009293658750141334E-14, -1.000000000000000000 ) ) ;
#1541 = DIRECTION ( 'NONE',  ( 0.000000000000000000, 0.000000000000000000, -1.000000000000000000 ) ) ;
#1542 = CARTESIAN_POINT ( 'NONE',  ( 23.83659120325484793, 2.315612984130863248E-13, 22.61846115983747652 ) ) ;
#1543 = AXIS2_PLACEMENT_3D ( 'NONE', #2012, #162, #1637 ) ;
#1544 = ORIENTED_EDGE ( 'NONE', *, *, #1590, .F. ) ;
#1545 = VECTOR ( 'NONE', #234, 1000.000000000000000 ) ;
#1546 = EDGE_LOOP ( 'NONE', ( #1893, #280, #2555, #1063 ) ) ;
#1547 = TOROIDAL_SURFACE ( 'NONE', #1849, 1.000000000000000000, 0.5000000000000000000 ) ;
#1548 = DIRECTION ( 'NONE',  ( 0.000000000000000000, 0.000000000000000000, 1.000000000000000000 ) ) ;
#1549 = LINE ( 'NONE', #1157, #786 ) ;
#1550 = ORIENTED_EDGE ( 'NONE', *, *, #1326, .F. ) ;
#1551 = LINE ( 'NONE', #83, #188 ) ;
#1552 = CARTESIAN_POINT ( 'NONE',  ( 24.46159120325478398, -8.099999999999999645, 18.71846115983738557 ) ) ;
#1553 = CARTESIAN_POINT ( 'NONE',  ( 24.66159120325477971, -7.599999999999998757, 22.69346115983738699 ) ) ;
#1554 = LINE ( 'NONE', #2587, #384 ) ;
#1555 = ORIENTED_EDGE ( 'NONE', *, *, #2468, .T. ) ;
#1556 = CARTESIAN_POINT ( 'NONE',  ( 23.01159120325478114, -0.4999999999997515321, 23.71846115983738201 ) ) ;
#1557 = EDGE_CURVE ( 'NONE', #2589, #1599, #1142, .T. ) ;
#1558 = CIRCLE ( 'NONE', #1903, 1.000000000000000888 ) ;
#1559 = FACE_OUTER_BOUND ( 'NONE', #2322, .T. ) ;
#1560 = AXIS2_PLACEMENT_3D ( 'NONE', #658, #225, #2554 ) ;
#1561 = CARTESIAN_POINT ( 'NONE',  ( 26.18659120325477829, -0.4999999999998044342, 19.54346115983738841 ) ) ;
#1562 = CARTESIAN_POINT ( 'NONE',  ( 26.68659120325478185, -0.4999999999998044342, 19.04346115983738841 ) ) ;
#1563 = ORIENTED_EDGE ( 'NONE', *, *, #528, .F. ) ;
#1564 = FACE_OUTER_BOUND ( 'NONE', #1110, .T. ) ;
#1565 = CIRCLE ( 'NONE', #2258, 2.750000000000002665 ) ;
#1566 = DIRECTION ( 'NONE',  ( 1.000000000000000000, -0.000000000000000000, 0.000000000000000000 ) ) ;
#1567 = CARTESIAN_POINT ( 'NONE',  ( 23.83659120325484793, 12.50000000000019540, 19.11846115983734506 ) ) ;
#1568 = DIRECTION ( 'NONE',  ( 0.000000000000000000, 0.000000000000000000, -1.000000000000000000 ) ) ;
#1569 = EDGE_CURVE ( 'NONE', #2117, #411, #614, .T. ) ;
#1570 = ORIENTED_EDGE ( 'NONE', *, *, #797, .F. ) ;
#1571 = EDGE_CURVE ( 'NONE', #984, #2393, #2182, .T. ) ;
#1572 = LINE ( 'NONE', #1349, #846 ) ;
#1573 = AXIS2_PLACEMENT_3D ( 'NONE', #939, #2351, #1769 ) ;
#1574 = ADVANCED_FACE ( 'NONE', ( #92 ), #1534, .T. ) ;
#1575 = PLANE ( 'NONE',  #1112 ) ;
#1576 = EDGE_CURVE ( 'NONE', #1739, #1476, #514, .T. ) ;
#1577 = CARTESIAN_POINT ( 'NONE',  ( 22.51159120325478114, 0.000000000000000000, 19.04346115983738841 ) ) ;
#1578 = DIRECTION ( 'NONE',  ( 0.000000000000000000, 0.000000000000000000, 1.000000000000000000 ) ) ;
#1579 = EDGE_CURVE ( 'NONE', #823, #2589, #967, .T. ) ;
#1580 = PLANE ( 'NONE',  #794 ) ;
#1581 = CARTESIAN_POINT ( 'NONE',  ( 20.08659120325484437, 12.50000000000023093, 22.61846115983735217 ) ) ;
#1582 = CARTESIAN_POINT ( 'NONE',  ( 24.66159120325477971, -7.599999999999998757, 0.000000000000000000 ) ) ;
#1583 = DIRECTION ( 'NONE',  ( 0.000000000000000000, 1.019150042136373221E-14, 1.000000000000000000 ) ) ;
#1584 = ORIENTED_EDGE ( 'NONE', *, *, #997, .T. ) ;
#1585 = AXIS2_PLACEMENT_3D ( 'NONE', #1173, #1958, #1540 ) ;
#1586 = CARTESIAN_POINT ( 'NONE',  ( 24.46159120325478398, -8.099999999999999645, 23.01846115983738272 ) ) ;
#1587 = VECTOR ( 'NONE', #1720, 1000.000000000000000 ) ;
#1588 = CARTESIAN_POINT ( 'NONE',  ( 25.66159120325478327, -0.4999999999997671307, 22.19346115983738699 ) ) ;
#1589 = AXIS2_PLACEMENT_3D ( 'NONE', #1780, #498, #2180 ) ;
#1590 = EDGE_CURVE ( 'NONE', #2296, #2630, #1735, .T. ) ;
#1591 = DIRECTION ( 'NONE',  ( -0.000000000000000000, -0.000000000000000000, -1.000000000000000000 ) ) ;
#1592 = FACE_OUTER_BOUND ( 'NONE', #1806, .T. ) ;
#1593 = CARTESIAN_POINT ( 'NONE',  ( 23.21159120325478042, 0.000000000000000000, 18.71846115983738557 ) ) ;
#1594 = DIRECTION ( 'NONE',  ( -0.000000000000000000, 0.000000000000000000, 1.000000000000000000 ) ) ;
#1595 = DIRECTION ( 'NONE',  ( -0.000000000000000000, 1.000000000000000000, 0.000000000000000000 ) ) ;
#1596 = AXIS2_PLACEMENT_3D ( 'NONE', #1868, #1246, #2303 ) ;
#1597 = ORIENTED_EDGE ( 'NONE', *, *, #2502, .F. ) ;
#1598 = PLANE ( 'NONE',  #1767 ) ;
#1599 = VERTEX_POINT ( 'NONE', #1953 ) ;
#1600 = EDGE_CURVE ( 'NONE', #1492, #634, #720, .T. ) ;
#1601 = DIRECTION ( 'NONE',  ( -0.000000000000000000, -1.000000000000000000, -0.000000000000000000 ) ) ;
#1602 = CARTESIAN_POINT ( 'NONE',  ( 24.66159120325477971, 1.896269599677147255E-13, 18.51846115983738272 ) ) ;
#1603 = CARTESIAN_POINT ( 'NONE',  ( 21.48659120325478256, -0.4999999999997939981, 20.04346115983738841 ) ) ;
#1604 = EDGE_CURVE ( 'NONE', #2104, #49, #322, .T. ) ;
#1605 = FACE_OUTER_BOUND ( 'NONE', #2350, .T. ) ;
#1606 = ADVANCED_FACE ( 'NONE', ( #2391 ), #1115, .T. ) ;
#1607 = VERTEX_POINT ( 'NONE', #1156 ) ;
#1608 = LINE ( 'NONE', #2191, #416 ) ;
#1609 = ORIENTED_EDGE ( 'NONE', *, *, #327, .F. ) ;
#1610 = CARTESIAN_POINT ( 'NONE',  ( 26.18659120325477829, -0.4999999999997671307, 22.19346115983738699 ) ) ;
#1611 = VECTOR ( 'NONE', #2594, 1000.000000000000000 ) ;
#1612 = DIRECTION ( 'NONE',  ( 0.000000000000000000, 0.000000000000000000, 1.000000000000000000 ) ) ;
#1613 = AXIS2_PLACEMENT_3D ( 'NONE', #464, #1878, #2121 ) ;
#1614 = CARTESIAN_POINT ( 'NONE',  ( 21.48659120325478256, -0.4999999999998043232, 19.04346115983738841 ) ) ;
#1615 = DIRECTION ( 'NONE',  ( 0.000000000000000000, -1.000000000000000000, 6.938893903907226800E-15 ) ) ;
#1616 = LINE ( 'NONE', #585, #644 ) ;
#1617 = EDGE_LOOP ( 'NONE', ( #747, #705, #53, #1650 ) ) ;
#1618 = DIRECTION ( 'NONE',  ( 0.000000000000000000, 1.000000000000000000, -1.023771231724015990E-14 ) ) ;
#1619 = ORIENTED_EDGE ( 'NONE', *, *, #1463, .T. ) ;
#1620 = LINE ( 'NONE', #591, #236 ) ;
#1621 = CARTESIAN_POINT ( 'NONE',  ( 24.46159120325478398, 0.000000000000000000, 18.71846115983738557 ) ) ;
#1622 = AXIS2_PLACEMENT_3D ( 'NONE', #152, #1001, #2634 ) ;
#1623 = LINE ( 'NONE', #2196, #1894 ) ;
#1624 = CONICAL_SURFACE ( 'NONE', #455, 2.750000000000002665, 0.7853981633974466137 ) ;
#1625 = DIRECTION ( 'NONE',  ( 1.000000000000000000, -0.000000000000000000, 0.000000000000000000 ) ) ;
#1626 = CARTESIAN_POINT ( 'NONE',  ( 25.66159120325478327, -0.4999999999998050448, 19.04346115983738841 ) ) ;
#1627 = CARTESIAN_POINT ( 'NONE',  ( 26.18659120325477829, 1.949614768789517954E-13, 19.04346115983738486 ) ) ;
#1628 = EDGE_LOOP ( 'NONE', ( #308, #1823, #1803, #1348 ) ) ;
#1629 = AXIS2_PLACEMENT_3D ( 'NONE', #2230, #1201, #1151 ) ;
#1630 = DIRECTION ( 'NONE',  ( 0.000000000000000000, 1.000000000000000000, -0.000000000000000000 ) ) ;
#1631 = ORIENTED_EDGE ( 'NONE', *, *, #1604, .F. ) ;
#1632 = VERTEX_POINT ( 'NONE', #2403 ) ;
#1633 = DIRECTION ( 'NONE',  ( 0.000000000000000000, 0.000000000000000000, 1.000000000000000000 ) ) ;
#1634 = EDGE_CURVE ( 'NONE', #436, #1176, #1651, .T. ) ;
#1635 = CARTESIAN_POINT ( 'NONE',  ( 23.21159120325478042, -8.099999999999999645, 21.49346115983738770 ) ) ;
#1636 = ORIENTED_EDGE ( 'NONE', *, *, #2166, .F. ) ;
#1637 = DIRECTION ( 'NONE',  ( 0.000000000000000000, 0.000000000000000000, -1.000000000000000000 ) ) ;
#1638 = CIRCLE ( 'NONE', #471, 0.5000000000000004441 ) ;
#1639 = CARTESIAN_POINT ( 'NONE',  ( 23.01159120325478114, -7.599999999999998757, 0.000000000000000000 ) ) ;
#1640 = VERTEX_POINT ( 'NONE', #310 ) ;
#1641 = ORIENTED_EDGE ( 'NONE', *, *, #2531, .F. ) ;
#1642 = CIRCLE ( 'NONE', #2512, 2.750000000000002665 ) ;
#1643 = CIRCLE ( 'NONE', #962, 3.750000000000003553 ) ;
#1644 = VERTEX_POINT ( 'NONE', #1967 ) ;
#1645 = ORIENTED_EDGE ( 'NONE', *, *, #952, .F. ) ;
#1646 = EDGE_CURVE ( 'NONE', #2489, #2261, #1963, .T. ) ;
#1647 = AXIS2_PLACEMENT_3D ( 'NONE', #473, #1261, #1088 ) ;
#1648 = DIRECTION ( 'NONE',  ( -0.000000000000000000, -1.000000000000000000, 1.023771231724015990E-14 ) ) ;
#1649 = CARTESIAN_POINT ( 'NONE',  ( 23.21159120325478042, -8.099999999999999645, 21.49346115983738770 ) ) ;
#1650 = ORIENTED_EDGE ( 'NONE', *, *, #2244, .F. ) ;
#1651 = CIRCLE ( 'NONE', #270, 0.5000000000000004441 ) ;
#1652 = CARTESIAN_POINT ( 'NONE',  ( 24.46159120325478398, -8.099999999999999645, 18.71846115983738557 ) ) ;
#1653 = SPHERICAL_SURFACE ( 'NONE', #743, 0.5000000000000000000 ) ;
#1654 = ADVANCED_FACE ( 'NONE', ( #273 ), #500, .T. ) ;
#1655 = ORIENTED_EDGE ( 'NONE', *, *, #1365, .F. ) ;
#1656 = ORIENTED_EDGE ( 'NONE', *, *, #2530, .T. ) ;
#1657 = ORIENTED_EDGE ( 'NONE', *, *, #2435, .F. ) ;
#1658 = ORIENTED_EDGE ( 'NONE', *, *, #726, .F. ) ;
#1659 = AXIS2_PLACEMENT_3D ( 'NONE', #1562, #107, #1578 ) ;
#1660 = CARTESIAN_POINT ( 'NONE',  ( 23.83659120325484793, 12.50000000000023093, 22.61846115983734862 ) ) ;
#1661 = CARTESIAN_POINT ( 'NONE',  ( 26.18659120325477829, -7.599999999999998757, 22.19346115983738699 ) ) ;
#1662 = AXIS2_PLACEMENT_3D ( 'NONE', #173, #2255, #2507 ) ;
#1663 = ORIENTED_EDGE ( 'NONE', *, *, #820, .F. ) ;
#1664 = EDGE_CURVE ( 'NONE', #905, #984, #1927, .T. ) ;
#1665 = CARTESIAN_POINT ( 'NONE',  ( 23.21159120325478042, -8.099999999999999645, 20.24346115983738770 ) ) ;
#1666 = FACE_OUTER_BOUND ( 'NONE', #1916, .T. ) ;
#1667 = FACE_OUTER_BOUND ( 'NONE', #1027, .T. ) ;
#1668 = ORIENTED_EDGE ( 'NONE', *, *, #557, .T. ) ;
#1669 = ORIENTED_EDGE ( 'NONE', *, *, #711, .F. ) ;
#1670 = EDGE_CURVE ( 'NONE', #195, #2497, #531, .T. ) ;
#1671 = CYLINDRICAL_SURFACE ( 'NONE', #701, 0.5000000000000004441 ) ;
#1672 = CARTESIAN_POINT ( 'NONE',  ( 23.01159120325478114, -0.4999999999998206990, 17.51846115983738628 ) ) ;
#1673 = EDGE_LOOP ( 'NONE', ( #466, #1815, #227, #318 ) ) ;
#1674 = EDGE_LOOP ( 'NONE', ( #267, #866, #565, #975 ) ) ;
#1675 = LINE ( 'NONE', #2503, #800 ) ;
#1676 = EDGE_CURVE ( 'NONE', #1640, #683, #485, .T. ) ;
#1677 = CARTESIAN_POINT ( 'NONE',  ( 23.21159120325478042, -8.099999999999999645, 18.71846115983738557 ) ) ;
#1678 = CARTESIAN_POINT ( 'NONE',  ( 20.48659120325478256, -0.4999999999997775113, 21.69346115983738699 ) ) ;
#1679 = DIRECTION ( 'NONE',  ( 0.000000000000000000, 0.000000000000000000, 1.000000000000000000 ) ) ;
#1680 = CARTESIAN_POINT ( 'NONE',  ( 25.66159120325478327, -0.4999999999998044342, 19.04346115983738841 ) ) ;
#1681 = ORIENTED_EDGE ( 'NONE', *, *, #787, .T. ) ;
#1682 = ORIENTED_EDGE ( 'NONE', *, *, #808, .T. ) ;
#1683 = AXIS2_PLACEMENT_3D ( 'NONE', #1542, #304, #2213 ) ;
#1684 = PRODUCT_DEFINITION ( 'UNKNOWN', '', #89, #902 ) ;
#1685 = FACE_OUTER_BOUND ( 'NONE', #1711, .T. ) ;
#1686 = EDGE_CURVE ( 'NONE', #1255, #347, #2552, .T. ) ;
#1687 = DIRECTION ( 'NONE',  ( 0.000000000000000000, 0.000000000000000000, 1.000000000000000000 ) ) ;
#1688 = ORIENTED_EDGE ( 'NONE', *, *, #835, .F. ) ;
#1689 = AXIS2_PLACEMENT_3D ( 'NONE', #2353, #1250, #2073 ) ;
#1690 = CARTESIAN_POINT ( 'NONE',  ( 21.48659120325478256, -8.099999999999999645, 21.69346115983738699 ) ) ;
#1691 = EDGE_CURVE ( 'NONE', #844, #818, #2156, .T. ) ;
#1692 = VERTEX_POINT ( 'NONE', #356 ) ;
#1693 = FACE_OUTER_BOUND ( 'NONE', #1438, .T. ) ;
#1694 = DIRECTION ( 'NONE',  ( -1.000000000000000000, 0.000000000000000000, 0.000000000000000000 ) ) ;
#1695 = DIRECTION ( 'NONE',  ( -0.000000000000000000, 0.000000000000000000, -1.000000000000000000 ) ) ;
#1696 = EDGE_LOOP ( 'NONE', ( #484, #386, #21, #103 ) ) ;
#1697 = ORIENTED_EDGE ( 'NONE', *, *, #60, .F. ) ;
#1698 = AXIS2_PLACEMENT_3D ( 'NONE', #2609, #923, #2580 ) ;
#1699 = CARTESIAN_POINT ( 'NONE',  ( 24.66159120325477971, -8.099999999999999645, 18.51846115983738628 ) ) ;
#1700 = CARTESIAN_POINT ( 'NONE',  ( 25.66159120325478327, -0.4999999999997671307, 22.69346115983738699 ) ) ;
#1701 = ORIENTED_EDGE ( 'NONE', *, *, #2622, .F. ) ;
#1702 = VERTEX_POINT ( 'NONE', #1217 ) ;
#1703 = EDGE_CURVE ( 'NONE', #1047, #1702, #595, .T. ) ;
#1704 = DIRECTION ( 'NONE',  ( 0.000000000000000000, 0.000000000000000000, 1.000000000000000000 ) ) ;
#1705 = ORIENTED_EDGE ( 'NONE', *, *, #2433, .T. ) ;
#1706 = CIRCLE ( 'NONE', #1060, 0.5000000000000000000 ) ;
#1707 = FACE_OUTER_BOUND ( 'NONE', #1546, .T. ) ;
#1708 = CARTESIAN_POINT ( 'NONE',  ( 21.48659120325478256, -8.099999999999999645, 21.69346115983738699 ) ) ;
#1709 = ORIENTED_EDGE ( 'NONE', *, *, #1676, .T. ) ;
#1710 = ADVANCED_FACE ( 'NONE', ( #765 ), #1417, .T. ) ;
#1711 = EDGE_LOOP ( 'NONE', ( #1951, #3, #2006, #1705 ) ) ;
#1712 = ORIENTED_EDGE ( 'NONE', *, *, #2159, .F. ) ;
#1713 = AXIS2_PLACEMENT_3D ( 'NONE', #268, #1113, #1503 ) ;
#1714 = DIRECTION ( 'NONE',  ( 0.000000000000000000, 0.000000000000000000, -1.000000000000000000 ) ) ;
#1715 = FACE_OUTER_BOUND ( 'NONE', #1971, .T. ) ;
#1716 = EDGE_LOOP ( 'NONE', ( #2546, #623, #1749, #2338 ) ) ;
#1717 = CIRCLE ( 'NONE', #2629, 0.5000000000000004441 ) ;
#1718 = VERTEX_POINT ( 'NONE', #1996 ) ;
#1719 = AXIS2_PLACEMENT_3D ( 'NONE', #2532, #1259, #1910 ) ;
#1720 = DIRECTION ( 'NONE',  ( 0.000000000000000000, 1.000000000000000000, -0.000000000000000000 ) ) ;
#1721 = ADVANCED_FACE ( 'NONE', ( #1406 ), #389, .T. ) ;
#1722 = ORIENTED_EDGE ( 'NONE', *, *, #2441, .F. ) ;
#1723 = DIRECTION ( 'NONE',  ( 0.000000000000000000, 1.017704439239725935E-14, 1.000000000000000000 ) ) ;
#1724 = CARTESIAN_POINT ( 'NONE',  ( 25.66159120325478327, 1.895866779124007277E-13, 18.51846115983738628 ) ) ;
#1725 = DIRECTION ( 'NONE',  ( 0.000000000000000000, 1.023771231724015990E-14, 1.000000000000000000 ) ) ;
#1726 = ORIENTED_EDGE ( 'NONE', *, *, #2536, .F. ) ;
#1727 = CARTESIAN_POINT ( 'NONE',  ( 22.01159120325478114, -8.099999999999999645, 19.04346115983738841 ) ) ;
#1728 = DIRECTION ( 'NONE',  ( 0.000000000000000000, 1.000000000000000000, 0.000000000000000000 ) ) ;
#1729 = ORIENTED_EDGE ( 'NONE', *, *, #248, .F. ) ;
#1730 = AXIS2_PLACEMENT_3D ( 'NONE', #2409, #126, #554 ) ;
#1731 =( GEOMETRIC_REPRESENTATION_CONTEXT ( 3 ) GLOBAL_UNCERTAINTY_ASSIGNED_CONTEXT ( ( #1010 ) ) GLOBAL_UNIT_ASSIGNED_CONTEXT ( ( #925, #502, #1391 ) ) REPRESENTATION_CONTEXT ( 'NONE', 'WORKASPACE' ) );
#1732 = CARTESIAN_POINT ( 'NONE',  ( 26.18659120325477829, 2.221530251422798585E-13, 21.69346115983738343 ) ) ;
#1733 = AXIS2_PLACEMENT_3D ( 'NONE', #729, #1800, #769 ) ;
#1734 = ORIENTED_EDGE ( 'NONE', *, *, #2441, .T. ) ;
#1735 = LINE ( 'NONE', #2565, #362 ) ;
#1736 = CARTESIAN_POINT ( 'NONE',  ( 26.68659120325478185, -7.599999999999998757, 21.69346115983738699 ) ) ;
#1737 = CARTESIAN_POINT ( 'NONE',  ( 0.000000000000000000, 0.000000000000000000, 0.000000000000000000 ) ) ;
#1738 = ORIENTED_EDGE ( 'NONE', *, *, #530, .F. ) ;
#1739 = VERTEX_POINT ( 'NONE', #1012 ) ;
#1740 = CARTESIAN_POINT ( 'NONE',  ( 26.18659120325477829, -0.4999999999997992162, 19.54346115983738841 ) ) ;
#1741 = EDGE_CURVE ( 'NONE', #490, #476, #559, .T. ) ;
#1742 = DIRECTION ( 'NONE',  ( -1.000000000000000000, 0.000000000000000000, 0.000000000000000000 ) ) ;
#1743 = DIRECTION ( 'NONE',  ( -0.000000000000000000, 1.000000000000000000, -0.000000000000000000 ) ) ;
#1744 = CARTESIAN_POINT ( 'NONE',  ( 24.66159120325477971, -7.599999999999998757, 18.51846115983738628 ) ) ;
#1745 = ORIENTED_EDGE ( 'NONE', *, *, #2550, .F. ) ;
#1746 = AXIS2_PLACEMENT_3D ( 'NONE', #1070, #656, #1488 ) ;
#1747 = AXIS2_PLACEMENT_3D ( 'NONE', #1108, #30, #1714 ) ;
#1748 = DIRECTION ( 'NONE',  ( -0.000000000000000000, -1.000000000000000000, 1.023771231724016148E-14 ) ) ;
#1749 = ORIENTED_EDGE ( 'NONE', *, *, #557, .F. ) ;
#1750 = CARTESIAN_POINT ( 'NONE',  ( 26.18659120325477829, -0.4999999999997676858, 22.69346115983738699 ) ) ;
#1751 = AXIS2_PLACEMENT_3D ( 'NONE', #2621, #1752, #81 ) ;
#1752 = DIRECTION ( 'NONE',  ( 0.000000000000000000, -1.000000000000000000, 1.040834085586079839E-14 ) ) ;
#1753 = DIRECTION ( 'NONE',  ( -0.000000000000000000, -1.000000000000000000, -0.000000000000000000 ) ) ;
#1754 = ORIENTED_EDGE ( 'NONE', *, *, #1855, .F. ) ;
#1755 = CARTESIAN_POINT ( 'NONE',  ( 25.66159120325478327, -8.099999999999999645, 21.69346115983738699 ) ) ;
#1756 = CARTESIAN_POINT ( 'NONE',  ( 22.51159120325478114, -8.099999999999999645, 22.19346115983738699 ) ) ;
#1757 = CARTESIAN_POINT ( 'NONE',  ( 27.18659120325478185, 2.220914145196382042E-13, 21.69346115983738343 ) ) ;
#1758 = DIRECTION ( 'NONE',  ( -0.000000000000000000, -1.000000000000000000, -0.000000000000000000 ) ) ;
#1759 = ADVANCED_FACE ( 'NONE', ( #2209 ), #1182, .F. ) ;
#1760 = TOROIDAL_SURFACE ( 'NONE', #1543, 1.000000000000000000, 0.5000000000000000000 ) ;
#1761 = ORIENTED_EDGE ( 'NONE', *, *, #2622, .T. ) ;
#1762 = AXIS2_PLACEMENT_3D ( 'NONE', #277, #1107, #789 ) ;
#1763 = DIRECTION ( 'NONE',  ( -1.000000000000000000, 0.000000000000000000, 0.000000000000000000 ) ) ;
#1764 = TOROIDAL_SURFACE ( 'NONE', #588, 1.000000000000000000, 0.5000000000000000000 ) ;
#1765 = VECTOR ( 'NONE', #1836, 1000.000000000000000 ) ;
#1766 = CARTESIAN_POINT ( 'NONE',  ( 25.98659120325478256, 0.000000000000000000, 20.24346115983738770 ) ) ;
#1767 = AXIS2_PLACEMENT_3D ( 'NONE', #2215, #1388, #1763 ) ;
#1768 = EDGE_CURVE ( 'NONE', #2040, #1073, #2356, .T. ) ;
#1769 = DIRECTION ( 'NONE',  ( 1.000000000000000000, 0.000000000000000000, -0.000000000000000000 ) ) ;
#1770 = CARTESIAN_POINT ( 'NONE',  ( 25.98659120325478256, -8.099999999999999645, 21.49346115983738770 ) ) ;
#1771 = ORIENTED_EDGE ( 'NONE', *, *, #1482, .F. ) ;
#1772 = ADVANCED_FACE ( 'NONE', ( #791 ), #968, .T. ) ;
#1773 = DIRECTION ( 'NONE',  ( -0.000000000000000000, 0.000000000000000000, -1.000000000000000000 ) ) ;
#1774 = DIRECTION ( 'NONE',  ( 0.000000000000000000, 1.000000000000000000, -6.938893903907228378E-15 ) ) ;
#1775 = LINE ( 'NONE', #2599, #1997 ) ;
#1776 = LINE ( 'NONE', #933, #2469 ) ;
#1777 = EDGE_CURVE ( 'NONE', #1692, #917, #1531, .T. ) ;
#1778 = EDGE_LOOP ( 'NONE', ( #2128, #1280, #79, #2321 ) ) ;
#1779 = EDGE_CURVE ( 'NONE', #2616, #1538, #731, .T. ) ;
#1780 = CARTESIAN_POINT ( 'NONE',  ( 22.01159120325478114, -0.4999999999998044342, 19.04346115983738841 ) ) ;
#1781 = EDGE_CURVE ( 'NONE', #2017, #1465, #1623, .T. ) ;
#1782 = AXIS2_PLACEMENT_3D ( 'NONE', #2432, #982, #1223 ) ;
#1783 = DIRECTION ( 'NONE',  ( 0.000000000000000000, 0.000000000000000000, 1.000000000000000000 ) ) ;
#1784 = FACE_OUTER_BOUND ( 'NONE', #586, .T. ) ;
#1785 = FACE_OUTER_BOUND ( 'NONE', #2309, .T. ) ;
#1786 = AXIS2_PLACEMENT_3D ( 'NONE', #1458, #2294, #1071 ) ;
#1787 = FACE_OUTER_BOUND ( 'NONE', #1817, .T. ) ;
#1788 = DIRECTION ( 'NONE',  ( 0.000000000000000000, 1.009293658750141334E-14, 1.000000000000000000 ) ) ;
#1789 = LINE ( 'NONE', #361, #2250 ) ;
#1790 = ORIENTED_EDGE ( 'NONE', *, *, #1127, .F. ) ;
#1791 = DIRECTION ( 'NONE',  ( 0.000000000000000000, -1.023771231724015990E-14, -1.000000000000000000 ) ) ;
#1792 = EDGE_CURVE ( 'NONE', #2630, #1921, #1795, .T. ) ;
#1793 = VECTOR ( 'NONE', #2666, 1000.000000000000000 ) ;
#1794 = CARTESIAN_POINT ( 'NONE',  ( 21.48659120325478256, -8.099999999999999645, 22.19346115983738699 ) ) ;
#1795 = LINE ( 'NONE', #2416, #807 ) ;
#1796 = CYLINDRICAL_SURFACE ( 'NONE', #1881, 0.5000000000000000000 ) ;
#1797 = EDGE_LOOP ( 'NONE', ( #1656, #144, #712, #2332, #541 ) ) ;
#1798 = VECTOR ( 'NONE', #340, 1000.000000000000000 ) ;
#1799 = FACE_OUTER_BOUND ( 'NONE', #1778, .T. ) ;
#1800 = DIRECTION ( 'NONE',  ( 0.000000000000000000, -1.000000000000000000, 0.000000000000000000 ) ) ;
#1801 = CARTESIAN_POINT ( 'NONE',  ( 23.83659120325484793, 1.957293053027456886E-13, 19.11846115983747296 ) ) ;
#1802 = ADVANCED_FACE ( 'NONE', ( #2222 ), #378, .T. ) ;
#1803 = ORIENTED_EDGE ( 'NONE', *, *, #1691, .T. ) ;
#1804 = AXIS2_PLACEMENT_3D ( 'NONE', #2598, #1566, #744 ) ;
#1805 = SPHERICAL_SURFACE ( 'NONE', #2195, 0.5000000000000000000 ) ;
#1806 = EDGE_LOOP ( 'NONE', ( #1032, #1430, #1145, #2418 ) ) ;
#1807 = DIRECTION ( 'NONE',  ( -0.000000000000000000, 0.000000000000000000, -1.000000000000000000 ) ) ;
#1808 = ADVANCED_FACE ( 'NONE', ( #160 ), #781, .F. ) ;
#1809 = EDGE_CURVE ( 'NONE', #1607, #161, #2442, .T. ) ;
#1810 = DIRECTION ( 'NONE',  ( -0.000000000000000000, 1.000000000000000000, -0.000000000000000000 ) ) ;
#1811 = DIRECTION ( 'NONE',  ( -0.000000000000000000, 1.000000000000000000, -0.000000000000000000 ) ) ;
#1812 = LINE ( 'NONE', #768, #1405 ) ;
#1813 = DIRECTION ( 'NONE',  ( 0.000000000000000000, 0.000000000000000000, 1.000000000000000000 ) ) ;
#1814 = CYLINDRICAL_SURFACE ( 'NONE', #910, 0.5000000000000004441 ) ;
#1815 = ORIENTED_EDGE ( 'NONE', *, *, #2063, .T. ) ;
#1816 = FACE_OUTER_BOUND ( 'NONE', #1007, .T. ) ;
#1817 = EDGE_LOOP ( 'NONE', ( #2313, #1655, #2152, #5 ) ) ;
#1818 = DIRECTION ( 'NONE',  ( -1.000000000000000000, 0.000000000000000000, 0.000000000000000000 ) ) ;
#1819 = DIRECTION ( 'NONE',  ( 0.000000000000000000, 0.000000000000000000, -1.000000000000000000 ) ) ;
#1820 = VECTOR ( 'NONE', #371, 1000.000000000000000 ) ;
#1821 = DIRECTION ( 'NONE',  ( 1.000000000000000000, 0.000000000000000000, -0.000000000000000000 ) ) ;
#1822 = CARTESIAN_POINT ( 'NONE',  ( 22.01159120325478114, -0.4999999999998044342, 19.54346115983738841 ) ) ;
#1823 = ORIENTED_EDGE ( 'NONE', *, *, #1962, .F. ) ;
#1824 = EDGE_CURVE ( 'NONE', #288, #856, #171, .T. ) ;
#1825 = ORIENTED_EDGE ( 'NONE', *, *, #1571, .T. ) ;
#1826 = CARTESIAN_POINT ( 'NONE',  ( 24.46159120325478398, -8.099999999999999645, 20.24346115983738770 ) ) ;
#1827 = DIRECTION ( 'NONE',  ( 1.000000000000000000, 0.000000000000000000, -0.000000000000000000 ) ) ;
#1828 = AXIS2_PLACEMENT_3D ( 'NONE', #230, #681, #56 ) ;
#1829 = DIRECTION ( 'NONE',  ( 6.018531076210105735E-30, 6.938893903907227589E-15, 1.000000000000000000 ) ) ;
#1830 = LINE ( 'NONE', #2487, #2126 ) ;
#1831 = DIRECTION ( 'NONE',  ( 0.000000000000000000, 0.000000000000000000, -1.000000000000000000 ) ) ;
#1832 = ORIENTED_EDGE ( 'NONE', *, *, #995, .F. ) ;
#1833 = ADVANCED_FACE ( 'NONE', ( #2652 ), #220, .T. ) ;
#1834 = ORIENTED_EDGE ( 'NONE', *, *, #366, .T. ) ;
#1835 = VERTEX_POINT ( 'NONE', #1455 ) ;
#1836 = DIRECTION ( 'NONE',  ( 0.000000000000000000, -1.023771231724015990E-14, -1.000000000000000000 ) ) ;
#1837 = AXIS2_PLACEMENT_3D ( 'NONE', #727, #2381, #1171 ) ;
#1838 = CIRCLE ( 'NONE', #1016, 1.000000000000000888 ) ;
#1839 = CARTESIAN_POINT ( 'NONE',  ( 21.08659120325484437, 12.50000000000023093, 22.61846115983734862 ) ) ;
#1840 = ORIENTED_EDGE ( 'NONE', *, *, #988, .T. ) ;
#1841 = AXIS2_PLACEMENT_3D ( 'NONE', #2631, #996, #338 ) ;
#1842 = DIRECTION ( 'NONE',  ( 1.000000000000000000, 0.000000000000000000, -0.000000000000000000 ) ) ;
#1843 = TOROIDAL_SURFACE ( 'NONE', #672, 1.000000000000000000, 0.5000000000000000000 ) ;
#1844 = CARTESIAN_POINT ( 'NONE',  ( 23.83659120325484793, 11.50000000000015277, 15.36846115983735217 ) ) ;
#1845 = ADVANCED_FACE ( 'NONE', ( #253 ), #1441, .F. ) ;
#1846 = ORIENTED_EDGE ( 'NONE', *, *, #2173, .T. ) ;
#1847 = ORIENTED_EDGE ( 'NONE', *, *, #1557, .T. ) ;
#1848 = CLOSED_SHELL ( 'NONE', ( #1000, #2251, #524, #113, #42, #1028, #1808, #2632, #1952, #1451, #1085, #1075, #1258, #1118, #1111, #129, #391, #735, #217, #716, #1487, #1654, #1022, #1003, #871, #296, #1833, #1099, #237, #1308, #829, #1471, #439, #2249, #154, #2606, #1484, #793, #2043, #764, #801, #2084, #1721, #660, #1289, #2050, #2219, #1902, #2363, #1125, #1466, #2045, #1526, #998, #2639, #1972, #497, #1759, #980, #221, #410, #241, #1284, #734, #272, #1845, #1884, #1092, #545, #22, #269, #454, #2446, #1431, #2257, #1710, #44, #1416, #1083, #1606, #1968, #1978, #1094, #1772, #2562, #1802, #1206, #918, #1574, #1369, #738, #594, #511, #2456, #1425, #1219, #605, #2617 ) ) ;
#1849 = AXIS2_PLACEMENT_3D ( 'NONE', #2027, #1618, #799 ) ;
#1850 = ORIENTED_EDGE ( 'NONE', *, *, #2129, .T. ) ;
#1851 = VERTEX_POINT ( 'NONE', #2518 ) ;
#1852 = EDGE_CURVE ( 'NONE', #1921, #961, #1067, .T. ) ;
#1853 = CARTESIAN_POINT ( 'NONE',  ( 0.000000000000000000, -7.599999999999998757, 18.51846115983738628 ) ) ;
#1854 = PRODUCT ( 'JK-RTF-01-01-02 Switch Stem', 'JK-RTF-01-01-02 Switch Stem', '', ( #147 ) ) ;
#1855 = EDGE_CURVE ( 'NONE', #961, #2524, #860, .T. ) ;
#1856 = DIRECTION ( 'NONE',  ( 0.000000000000000000, -1.000000000000000000, 6.938893903907228378E-15 ) ) ;
#1857 = VECTOR ( 'NONE', #2326, 1000.000000000000000 ) ;
#1858 = DIRECTION ( 'NONE',  ( 1.000000000000000000, 0.000000000000000000, -0.000000000000000000 ) ) ;
#1859 = DIRECTION ( 'NONE',  ( 1.000000000000000000, -0.000000000000000000, 0.000000000000000000 ) ) ;
#1860 = VERTEX_POINT ( 'NONE', #207 ) ;
#1861 = EDGE_LOOP ( 'NONE', ( #1761, #1631, #600, #2113 ) ) ;
#1862 = CIRCLE ( 'NONE', #859, 0.5000000000000004441 ) ;
#1863 = AXIS2_PLACEMENT_3D ( 'NONE', #2460, #1813, #825 ) ;
#1864 = ORIENTED_EDGE ( 'NONE', *, *, #2341, .T. ) ;
#1865 = ORIENTED_EDGE ( 'NONE', *, *, #949, .T. ) ;
#1866 = CARTESIAN_POINT ( 'NONE',  ( 22.01159120325478114, -0.4999999999998044342, 19.54346115983738841 ) ) ;
#1867 = EDGE_CURVE ( 'NONE', #2477, #1294, #1286, .T. ) ;
#1868 = CARTESIAN_POINT ( 'NONE',  ( 26.18659120325477829, -7.599999999999998757, 21.69346115983738699 ) ) ;
#1869 = EDGE_LOOP ( 'NONE', ( #1435, #1036, #1840, #1339 ) ) ;
#1870 = VECTOR ( 'NONE', #532, 1000.000000000000000 ) ;
#1871 = CARTESIAN_POINT ( 'NONE',  ( 21.48659120325478256, -8.099999999999999645, 21.69346115983738699 ) ) ;
#1872 = DIRECTION ( 'NONE',  ( 0.000000000000000000, -1.023771231724015990E-14, -1.000000000000000000 ) ) ;
#1873 = CARTESIAN_POINT ( 'NONE',  ( 22.01159120325478114, -0.4999999999998103739, 18.51846115983738628 ) ) ;
#1874 = VECTOR ( 'NONE', #448, 1000.000000000000000 ) ;
#1875 = EDGE_LOOP ( 'NONE', ( #69, #2216, #1336, #1106 ) ) ;
#1876 = ORIENTED_EDGE ( 'NONE', *, *, #732, .F. ) ;
#1877 = EDGE_CURVE ( 'NONE', #2169, #1224, #75, .T. ) ;
#1878 = DIRECTION ( 'NONE',  ( 0.000000000000000000, 0.000000000000000000, 1.000000000000000000 ) ) ;
#1879 = FACE_OUTER_BOUND ( 'NONE', #1241, .T. ) ;
#1880 = ORIENTED_EDGE ( 'NONE', *, *, #1005, .F. ) ;
#1881 = AXIS2_PLACEMENT_3D ( 'NONE', #1169, #924, #1353 ) ;
#1882 = CARTESIAN_POINT ( 'NONE',  ( 0.000000000000000000, -8.099999999999999645, 0.000000000000000000 ) ) ;
#1883 = AXIS2_PLACEMENT_3D ( 'NONE', #1897, #472, #2088 ) ;
#1884 = ADVANCED_FACE ( 'NONE', ( #1230 ), #654, .F. ) ;
#1885 = DIRECTION ( 'NONE',  ( 1.000000000000000000, -0.000000000000000000, -0.000000000000000000 ) ) ;
#1886 = CYLINDRICAL_SURFACE ( 'NONE', #354, 3.750000000000003553 ) ;
#1887 = DIRECTION ( 'NONE',  ( 0.000000000000000000, 0.000000000000000000, 1.000000000000000000 ) ) ;
#1888 = ORIENTED_EDGE ( 'NONE', *, *, #365, .F. ) ;
#1889 = VERTEX_POINT ( 'NONE', #1677 ) ;
#1890 = AXIS2_PLACEMENT_3D ( 'NONE', #1483, #2162, #1788 ) ;
#1891 = FACE_OUTER_BOUND ( 'NONE', #155, .T. ) ;
#1892 = DIRECTION ( 'NONE',  ( -0.000000000000000000, -1.000000000000000000, 0.000000000000000000 ) ) ;
#1893 = ORIENTED_EDGE ( 'NONE', *, *, #706, .F. ) ;
#1894 = VECTOR ( 'NONE', #339, 1000.000000000000000 ) ;
#1895 = CARTESIAN_POINT ( 'NONE',  ( 25.98659120325478256, -8.099999999999999645, 21.49346115983738770 ) ) ;
#1896 = DIRECTION ( 'NONE',  ( 0.000000000000000000, 0.000000000000000000, 1.000000000000000000 ) ) ;
#1897 = CARTESIAN_POINT ( 'NONE',  ( 20.08659120325484437, 12.50000000000023093, 22.61846115983735217 ) ) ;
#1898 = CARTESIAN_POINT ( 'NONE',  ( 26.18659120325477829, -8.099999999999999645, 20.04346115983738841 ) ) ;
#1899 = DIRECTION ( 'NONE',  ( 0.000000000000000000, -1.023771231724015990E-14, -1.000000000000000000 ) ) ;
#1900 = EDGE_LOOP ( 'NONE', ( #245, #1486, #232, #28 ) ) ;
#1901 = ORIENTED_EDGE ( 'NONE', *, *, #952, .T. ) ;
#1902 = ADVANCED_FACE ( 'NONE', ( #1026 ), #118, .F. ) ;
#1903 = AXIS2_PLACEMENT_3D ( 'NONE', #1175, #1960, #101 ) ;
#1904 = PLANE ( 'NONE',  #1964 ) ;
#1905 = DIRECTION ( 'NONE',  ( 0.000000000000000000, -1.023771231724015990E-14, -1.000000000000000000 ) ) ;
#1906 = ORIENTED_EDGE ( 'NONE', *, *, #528, .T. ) ;
#1907 = AXIS2_PLACEMENT_3D ( 'NONE', #1490, #1899, #1292 ) ;
#1908 = ORIENTED_EDGE ( 'NONE', *, *, #1995, .F. ) ;
#1909 = VECTOR ( 'NONE', #2306, 1000.000000000000000 ) ;
#1910 = DIRECTION ( 'NONE',  ( 0.000000000000000000, 1.023771231724015990E-14, 1.000000000000000000 ) ) ;
#1911 = EDGE_CURVE ( 'NONE', #2529, #1938, #1429, .T. ) ;
#1912 = ORIENTED_EDGE ( 'NONE', *, *, #1670, .F. ) ;
#1913 = DIRECTION ( 'NONE',  ( 0.000000000000000000, 0.000000000000000000, 1.000000000000000000 ) ) ;
#1914 = CARTESIAN_POINT ( 'NONE',  ( 24.46159120325478398, 0.000000000000000000, 23.01846115983738272 ) ) ;
#1915 = DIRECTION ( 'NONE',  ( 0.000000000000000000, 1.000000000000000000, -6.938893903907228378E-15 ) ) ;
#1916 = EDGE_LOOP ( 'NONE', ( #424, #664, #1544, #2434 ) ) ;
#1917 = ORIENTED_EDGE ( 'NONE', *, *, #1923, .T. ) ;
#1918 = AXIS2_PLACEMENT_3D ( 'NONE', #2367, #688, #1367 ) ;
#1919 = LINE ( 'NONE', #2612, #2573 ) ;
#1920 = LINE ( 'NONE', #250, #1080 ) ;
#1921 = VERTEX_POINT ( 'NONE', #1661 ) ;
#1922 = EDGE_LOOP ( 'NONE', ( #2118, #2272, #1597, #2354 ) ) ;
#1923 = EDGE_CURVE ( 'NONE', #679, #792, #1082, .T. ) ;
#1924 = DIRECTION ( 'NONE',  ( 0.000000000000000000, 0.000000000000000000, 1.000000000000000000 ) ) ;
#1925 = ORIENTED_EDGE ( 'NONE', *, *, #611, .F. ) ;
#1926 = AXIS2_PLACEMENT_3D ( 'NONE', #2395, #1356, #2185 ) ;
#1927 = LINE ( 'NONE', #1329, #1611 ) ;
#1928 = CARTESIAN_POINT ( 'NONE',  ( 26.68659120325478185, -0.4999999999997939981, 20.04346115983738841 ) ) ;
#1929 = DIRECTION ( 'NONE',  ( 0.000000000000000000, 0.000000000000000000, -1.000000000000000000 ) ) ;
#1930 = ORIENTED_EDGE ( 'NONE', *, *, #2402, .T. ) ;
#1931 = ORIENTED_EDGE ( 'NONE', *, *, #78, .T. ) ;
#1932 = DIRECTION ( 'NONE',  ( 1.000000000000000000, 0.000000000000000000, -0.000000000000000000 ) ) ;
#1933 = CARTESIAN_POINT ( 'NONE',  ( 24.66159120325477971, -0.4999999999998095968, 18.51846115983738628 ) ) ;
#1934 = ORIENTED_EDGE ( 'NONE', *, *, #2657, .F. ) ;
#1935 = AXIS2_PLACEMENT_3D ( 'NONE', #2194, #2008, #762 ) ;
#1936 = CIRCLE ( 'NONE', #337, 0.5000000000000004441 ) ;
#1937 = DIRECTION ( 'NONE',  ( 0.000000000000000000, 1.023771231724015990E-14, 1.000000000000000000 ) ) ;
#1938 = VERTEX_POINT ( 'NONE', #2504 ) ;
#1939 = EDGE_CURVE ( 'NONE', #2616, #1509, #1199, .T. ) ;
#1940 = DIRECTION ( 'NONE',  ( 0.000000000000000000, 1.000000000000000000, -1.023771231724015990E-14 ) ) ;
#1941 = FACE_OUTER_BOUND ( 'NONE', #2482, .T. ) ;
#1942 = ORIENTED_EDGE ( 'NONE', *, *, #892, .T. ) ;
#1943 = DIRECTION ( 'NONE',  ( -0.000000000000000000, 1.000000000000000000, -0.000000000000000000 ) ) ;
#1944 = FACE_OUTER_BOUND ( 'NONE', #2103, .T. ) ;
#1945 = FACE_OUTER_BOUND ( 'NONE', #1922, .T. ) ;
#1946 = CARTESIAN_POINT ( 'NONE',  ( 26.18659120325477829, -8.099999999999999645, 21.69346115983738699 ) ) ;
#1947 = EDGE_LOOP ( 'NONE', ( #2564, #2542, #2172 ) ) ;
#1948 = AXIS2_PLACEMENT_3D ( 'NONE', #2090, #2320, #1725 ) ;
#1949 = DIRECTION ( 'NONE',  ( -1.000000000000000000, -0.000000000000000000, -0.000000000000000000 ) ) ;
#1950 = EDGE_CURVE ( 'NONE', #2524, #817, #772, .T. ) ;
#1951 = ORIENTED_EDGE ( 'NONE', *, *, #2076, .T. ) ;
#1952 = ADVANCED_FACE ( 'NONE', ( #1816 ), #1598, .F. ) ;
#1953 = CARTESIAN_POINT ( 'NONE',  ( 21.48659120325478256, -8.099999999999999645, 20.04346115983738841 ) ) ;
#1954 = CARTESIAN_POINT ( 'NONE',  ( 26.18659120325477829, -8.099999999999999645, 21.69346115983738699 ) ) ;
#1955 = CARTESIAN_POINT ( 'NONE',  ( 26.68659120325478185, -0.4999999999997772338, 21.69346115983739054 ) ) ;
#1956 = ORIENTED_EDGE ( 'NONE', *, *, #2449, .F. ) ;
#1957 = CARTESIAN_POINT ( 'NONE',  ( 25.98659120325478256, -8.099999999999999645, 20.24346115983738770 ) ) ;
#1958 = DIRECTION ( 'NONE',  ( 0.000000000000000000, -1.000000000000000000, 1.040834085586079839E-14 ) ) ;
#1959 = LINE ( 'NONE', #1121, #1980 ) ;
#1960 = DIRECTION ( 'NONE',  ( 0.000000000000000000, 1.000000000000000000, -1.023771231724015990E-14 ) ) ;
#1961 = ORIENTED_EDGE ( 'NONE', *, *, #1164, .T. ) ;
#1962 = EDGE_CURVE ( 'NONE', #844, #1640, #1608, .T. ) ;
#1963 = CIRCLE ( 'NONE', #1918, 0.5000000000000004441 ) ;
#1964 = AXIS2_PLACEMENT_3D ( 'NONE', #480, #1932, #626 ) ;
#1965 = DIRECTION ( 'NONE',  ( 0.000000000000000000, 0.000000000000000000, -1.000000000000000000 ) ) ;
#1966 = EDGE_CURVE ( 'NONE', #1718, #2498, #1572, .T. ) ;
#1967 = CARTESIAN_POINT ( 'NONE',  ( 25.16159120325478327, -0.4999999999997566946, 23.21846115983738201 ) ) ;
#1968 = ADVANCED_FACE ( 'NONE', ( #1979 ), #117, .T. ) ;
#1969 = DIRECTION ( 'NONE',  ( -0.000000000000000000, -0.000000000000000000, 1.000000000000000000 ) ) ;
#1970 = ORIENTED_EDGE ( 'NONE', *, *, #2570, .T. ) ;
#1971 = EDGE_LOOP ( 'NONE', ( #8, #2015, #2519, #2568 ) ) ;
#1972 = ADVANCED_FACE ( 'NONE', ( #319 ), #1805, .F. ) ;
#1973 = CARTESIAN_POINT ( 'NONE',  ( 22.01159120325478114, 2.323291268368783752E-13, 22.69346115983738343 ) ) ;
#1974 = DIRECTION ( 'NONE',  ( 0.000000000000000000, 1.023771231724015990E-14, 1.000000000000000000 ) ) ;
#1975 = FACE_OUTER_BOUND ( 'NONE', #2188, .T. ) ;
#1976 = CARTESIAN_POINT ( 'NONE',  ( 25.98659120325478256, -8.099999999999999645, 20.24346115983738770 ) ) ;
#1977 = EDGE_LOOP ( 'NONE', ( #447, #421, #1550, #1006 ) ) ;
#1978 = ADVANCED_FACE ( 'NONE', ( #374 ), #143, .T. ) ;
#1979 = FACE_OUTER_BOUND ( 'NONE', #2203, .T. ) ;
#1980 = VECTOR ( 'NONE', #303, 1000.000000000000000 ) ;
#1981 = DIRECTION ( 'NONE',  ( 0.000000000000000000, 0.000000000000000000, -1.000000000000000000 ) ) ;
#1982 = CIRCLE ( 'NONE', #2329, 0.5000000000000004441 ) ;
#1983 = DIRECTION ( 'NONE',  ( -0.000000000000000000, -1.000000000000000000, -0.000000000000000000 ) ) ;
#1984 = LINE ( 'NONE', #1770, #1798 ) ;
#1985 = CARTESIAN_POINT ( 'NONE',  ( 25.66159120325478327, -8.099999999999999645, 19.04346115983738841 ) ) ;
#1986 = FACE_OUTER_BOUND ( 'NONE', #518, .T. ) ;
#1987 = CARTESIAN_POINT ( 'NONE',  ( 23.01159120325478114, -0.4999999999998095968, 18.51846115983738628 ) ) ;
#1988 = DIRECTION ( 'NONE',  ( -1.000000000000000000, 0.000000000000000000, -0.000000000000000000 ) ) ;
#1989 = EDGE_CURVE ( 'NONE', #58, #601, #2603, .T. ) ;
#1990 = ORIENTED_EDGE ( 'NONE', *, *, #1779, .F. ) ;
#1991 = DIRECTION ( 'NONE',  ( 0.000000000000000000, 0.000000000000000000, -1.000000000000000000 ) ) ;
#1992 = AXIS2_PLACEMENT_3D ( 'NONE', #231, #2545, #2137 ) ;
#1993 = FACE_OUTER_BOUND ( 'NONE', #613, .T. ) ;
#1994 = CIRCLE ( 'NONE', #168, 0.5000000000000004441 ) ;
#1995 = EDGE_CURVE ( 'NONE', #1492, #2017, #1982, .T. ) ;
#1996 = CARTESIAN_POINT ( 'NONE',  ( 20.98659120325478256, -7.599999999999998757, 21.69346115983738699 ) ) ;
#1997 = VECTOR ( 'NONE', #562, 1000.000000000000000 ) ;
#1998 = LINE ( 'NONE', #753, #1399 ) ;
#1999 = ORIENTED_EDGE ( 'NONE', *, *, #2069, .T. ) ;
#2000 = VECTOR ( 'NONE', #1872, 1000.000000000000000 ) ;
#2001 = DIRECTION ( 'NONE',  ( 0.000000000000000000, -1.000000000000000000, 0.000000000000000000 ) ) ;
#2002 = DIRECTION ( 'NONE',  ( 0.000000000000000000, -1.000000000000000000, 0.000000000000000000 ) ) ;
#2003 = CARTESIAN_POINT ( 'NONE',  ( 25.66159120325478327, -0.4999999999997671307, 22.19346115983738699 ) ) ;
#2004 = ORIENTED_EDGE ( 'NONE', *, *, #1571, .F. ) ;
#2005 = FACE_OUTER_BOUND ( 'NONE', #1716, .T. ) ;
#2006 = ORIENTED_EDGE ( 'NONE', *, *, #749, .T. ) ;
#2007 = EDGE_CURVE ( 'NONE', #2498, #725, #130, .T. ) ;
#2008 = DIRECTION ( 'NONE',  ( -0.000000000000000000, 1.000000000000000000, -0.000000000000000000 ) ) ;
#2009 = CARTESIAN_POINT ( 'NONE',  ( 23.01159120325478114, -0.4999999999998148148, 18.51846115983738628 ) ) ;
#2010 = DIRECTION ( 'NONE',  ( -1.000000000000000000, 0.000000000000000000, 0.000000000000000000 ) ) ;
#2011 = AXIS2_PLACEMENT_3D ( 'NONE', #1535, #121, #547 ) ;
#2012 = CARTESIAN_POINT ( 'NONE',  ( 25.66159120325478327, -7.599999999999998757, 22.69346115983738699 ) ) ;
#2013 = LINE ( 'NONE', #2644, #2236 ) ;
#2014 = DIRECTION ( 'NONE',  ( 0.000000000000000000, 0.000000000000000000, 1.000000000000000000 ) ) ;
#2015 = ORIENTED_EDGE ( 'NONE', *, *, #1852, .T. ) ;
#2016 = TOROIDAL_SURFACE ( 'NONE', #1622, 1.000000000000000000, 0.5000000000000000000 ) ;
#2017 = VERTEX_POINT ( 'NONE', #974 ) ;
#2018 = FACE_OUTER_BOUND ( 'NONE', #2490, .T. ) ;
#2019 = CARTESIAN_POINT ( 'NONE',  ( 22.01159120325478114, 1.949614768789518206E-13, 19.04346115983738841 ) ) ;
#2020 = DIRECTION ( 'NONE',  ( 1.000000000000000000, 0.000000000000000000, 0.000000000000000000 ) ) ;
#2021 = EDGE_CURVE ( 'NONE', #1465, #1599, #508, .T. ) ;
#2022 = VECTOR ( 'NONE', #527, 1000.000000000000000 ) ;
#2023 = DIRECTION ( 'NONE',  ( 0.000000000000000000, 0.000000000000000000, -1.000000000000000000 ) ) ;
#2024 = FACE_OUTER_BOUND ( 'NONE', #1696, .T. ) ;
#2025 = DIRECTION ( 'NONE',  ( 0.000000000000000000, 1.000000000000000000, -1.023771231724015990E-14 ) ) ;
#2026 = ORIENTED_EDGE ( 'NONE', *, *, #1192, .T. ) ;
#2027 = CARTESIAN_POINT ( 'NONE',  ( 23.01159120325478114, -0.4999999999997619127, 23.21846115983738201 ) ) ;
#2028 = CARTESIAN_POINT ( 'NONE',  ( 22.01159120325478114, -7.599999999999998757, 19.04346115983738841 ) ) ;
#2029 = VERTEX_POINT ( 'NONE', #1586 ) ;
#2030 = DIRECTION ( 'NONE',  ( 0.000000000000000000, 1.019150042136373221E-14, 1.000000000000000000 ) ) ;
#2031 = CIRCLE ( 'NONE', #205, 0.5000000000000004441 ) ;
#2032 = DIRECTION ( 'NONE',  ( 0.000000000000000000, 1.000000000000000000, 0.000000000000000000 ) ) ;
#2033 = VECTOR ( 'NONE', #2226, 1000.000000000000000 ) ;
#2034 = EDGE_CURVE ( 'NONE', #2316, #2064, #1936, .T. ) ;
#2035 = CARTESIAN_POINT ( 'NONE',  ( 27.58659120325485148, 12.50000000000023093, 22.61846115983734506 ) ) ;
#2036 = DIRECTION ( 'NONE',  ( -1.000000000000000000, -0.000000000000000000, -0.000000000000000000 ) ) ;
#2037 = ORIENTED_EDGE ( 'NONE', *, *, #1239, .F. ) ;
#2038 = CYLINDRICAL_SURFACE ( 'NONE', #1245, 0.5000000000000004441 ) ;
#2039 = ORIENTED_EDGE ( 'NONE', *, *, #1207, .T. ) ;
#2040 = VERTEX_POINT ( 'NONE', #2412 ) ;
#2041 = DIRECTION ( 'NONE',  ( 0.000000000000000000, 1.023771231724015990E-14, 1.000000000000000000 ) ) ;
#2042 = AXIS2_PLACEMENT_3D ( 'NONE', #2044, #2620, #2252 ) ;
#2043 = ADVANCED_FACE ( 'NONE', ( #2005 ), #556, .T. ) ;
#2044 = CARTESIAN_POINT ( 'NONE',  ( 24.66159120325477971, -7.599999999999998757, 0.000000000000000000 ) ) ;
#2045 = ADVANCED_FACE ( 'NONE', ( #2658 ), #1547, .F. ) ;
#2046 = CARTESIAN_POINT ( 'NONE',  ( 23.01159120325478114, -7.599999999999998757, 18.51846115983738628 ) ) ;
#2047 = EDGE_CURVE ( 'NONE', #1069, #213, #2228, .T. ) ;
#2048 = ORIENTED_EDGE ( 'NONE', *, *, #2485, .T. ) ;
#2049 = ORIENTED_EDGE ( 'NONE', *, *, #519, .T. ) ;
#2050 = ADVANCED_FACE ( 'NONE', ( #1879 ), #2038, .T. ) ;
#2051 = AXIS2_PLACEMENT_3D ( 'NONE', #2537, #673, #631 ) ;
#2052 = LINE ( 'NONE', #1690, #2590 ) ;
#2053 = VECTOR ( 'NONE', #289, 1000.000000000000000 ) ;
#2054 = CIRCLE ( 'NONE', #326, 3.750000000000003553 ) ;
#2055 = CARTESIAN_POINT ( 'NONE',  ( 25.16159120325478327, -0.4999999999998200328, 17.51846115983738628 ) ) ;
#2056 = EDGE_LOOP ( 'NONE', ( #1456, #2245, #1475, #190, #2269, #1418, #2155, #1033, #1375, #427, #1275, #142, #815, #432, #1930, #2243, #2425, #589, #2551, #1165 ) ) ;
#2057 = AXIS2_PLACEMENT_3D ( 'NONE', #543, #388, #2414 ) ;
#2058 = CARTESIAN_POINT ( 'NONE',  ( 22.01159120325478114, -8.099999999999999645, 20.04346115983738841 ) ) ;
#2059 = DIRECTION ( 'NONE',  ( 0.000000000000000000, 1.000000000000000000, -1.023771231724015990E-14 ) ) ;
#2060 = CARTESIAN_POINT ( 'NONE',  ( 24.66159120325477971, -7.599999999999998757, 18.51846115983738628 ) ) ;
#2061 = VERTEX_POINT ( 'NONE', #1225 ) ;
#2062 = EDGE_LOOP ( 'NONE', ( #46, #1846, #1537, #2310, #567, #2273, #1847, #1054, #2528, #1901, #489, #1331, #1091, #2447, #1, #2178 ) ) ;
#2063 = EDGE_CURVE ( 'NONE', #2369, #1718, #2271, .T. ) ;
#2064 = VERTEX_POINT ( 'NONE', #2312 ) ;
#2065 = ORIENTED_EDGE ( 'NONE', *, *, #2375, .T. ) ;
#2066 = DIRECTION ( 'NONE',  ( 0.000000000000000000, 1.023771231724015990E-14, 1.000000000000000000 ) ) ;
#2067 = DIRECTION ( 'NONE',  ( -0.000000000000000000, 0.000000000000000000, -1.000000000000000000 ) ) ;
#2068 = ORIENTED_EDGE ( 'NONE', *, *, #422, .F. ) ;
#2069 = EDGE_CURVE ( 'NONE', #1921, #411, #1109, .T. ) ;
#2070 = DIRECTION ( 'NONE',  ( 1.000000000000000000, 0.000000000000000000, 0.000000000000000000 ) ) ;
#2071 = VECTOR ( 'NONE', #1279, 1000.000000000000000 ) ;
#2072 = CARTESIAN_POINT ( 'NONE',  ( 20.48659120325478256, 2.220914145196382042E-13, 21.69346115983738343 ) ) ;
#2073 = DIRECTION ( 'NONE',  ( 0.000000000000000000, 0.000000000000000000, 1.000000000000000000 ) ) ;
#2074 = ADVANCED_BREP_SHAPE_REPRESENTATION ( 'JK-RTF-01-01-02 Switch Stem', ( #722, #2078 ), #1731 ) ;
#2075 = EDGE_LOOP ( 'NONE', ( #2048, #423, #635 ) ) ;
#2076 = EDGE_CURVE ( 'NONE', #436, #2017, #57, .T. ) ;
#2077 = ORIENTED_EDGE ( 'NONE', *, *, #2247, .F. ) ;
#2078 = AXIS2_PLACEMENT_3D ( 'NONE', #1737, #2221, #2146 ) ;
#2079 = CARTESIAN_POINT ( 'NONE',  ( 25.16159120325478327, -0.4999999999997515321, 24.21846115983738201 ) ) ;
#2080 = AXIS2_PLACEMENT_3D ( 'NONE', #2241, #1433, #380 ) ;
#2081 = ORIENTED_EDGE ( 'NONE', *, *, #1008, .F. ) ;
#2082 = LINE ( 'NONE', #2543, #677 ) ;
#2083 = DIRECTION ( 'NONE',  ( 0.000000000000000000, 1.000000000000000000, -1.023771231724015990E-14 ) ) ;
#2084 = ADVANCED_FACE ( 'NONE', ( #1715 ), #843, .T. ) ;
#2085 = EDGE_CURVE ( 'NONE', #2296, #161, #1420, .T. ) ;
#2086 = ORIENTED_EDGE ( 'NONE', *, *, #1576, .F. ) ;
#2087 = AXIS2_PLACEMENT_3D ( 'NONE', #953, #907, #487 ) ;
#2088 = DIRECTION ( 'NONE',  ( 0.000000000000000000, 0.000000000000000000, -1.000000000000000000 ) ) ;
#2089 = DIRECTION ( 'NONE',  ( 0.000000000000000000, 0.000000000000000000, -1.000000000000000000 ) ) ;
#2090 = CARTESIAN_POINT ( 'NONE',  ( 26.58659120325485148, 12.50000000000023093, 22.61846115983734862 ) ) ;
#2091 = AXIS2_PLACEMENT_3D ( 'NONE', #2407, #1160, #538 ) ;
#2092 = ORIENTED_EDGE ( 'NONE', *, *, #2034, .F. ) ;
#2093 = ORIENTED_EDGE ( 'NONE', *, *, #428, .F. ) ;
#2094 = FACE_OUTER_BOUND ( 'NONE', #1947, .T. ) ;
#2095 = CARTESIAN_POINT ( 'NONE',  ( 23.21159120325478042, -8.099999999999999645, 21.49346115983738770 ) ) ;
#2096 = ORIENTED_EDGE ( 'NONE', *, *, #122, .F. ) ;
#2097 = LINE ( 'NONE', #1428, #1545 ) ;
#2098 = CIRCLE ( 'NONE', #1804, 0.5000000000000004441 ) ;
#2099 = ORIENTED_EDGE ( 'NONE', *, *, #1741, .F. ) ;
#2100 = CARTESIAN_POINT ( 'NONE',  ( 24.66159120325477971, 1.793489655951605316E-13, 17.51846115983738272 ) ) ;
#2101 = DIRECTION ( 'NONE',  ( 1.000000000000000000, 0.000000000000000000, 0.000000000000000000 ) ) ;
#2102 = CARTESIAN_POINT ( 'NONE',  ( 26.18659120325477829, -7.599999999999998757, 21.69346115983738699 ) ) ;
#2103 = EDGE_LOOP ( 'NONE', ( #1288, #1942, #1491, #1447 ) ) ;
#2104 = VERTEX_POINT ( 'NONE', #883 ) ;
#2105 = AXIS2_PLACEMENT_3D ( 'NONE', #2408, #709, #2396 ) ;
#2106 = AXIS2_PLACEMENT_3D ( 'NONE', #437, #19, #604 ) ;
#2107 = DIRECTION ( 'NONE',  ( 0.000000000000000000, 0.000000000000000000, -1.000000000000000000 ) ) ;
#2108 = DIRECTION ( 'NONE',  ( 0.000000000000000000, 0.000000000000000000, 1.000000000000000000 ) ) ;
#2109 = ORIENTED_EDGE ( 'NONE', *, *, #2007, .F. ) ;
#2110 = EDGE_LOOP ( 'NONE', ( #1555, #2437, #2377, #2068 ) ) ;
#2111 = AXIS2_PLACEMENT_3D ( 'NONE', #1602, #2429, #987 ) ;
#2112 = DIRECTION ( 'NONE',  ( -1.000000000000000000, 0.000000000000000000, 0.000000000000000000 ) ) ;
#2113 = ORIENTED_EDGE ( 'NONE', *, *, #2423, .F. ) ;
#2114 = DIRECTION ( 'NONE',  ( 0.000000000000000000, 0.000000000000000000, -1.000000000000000000 ) ) ;
#2115 = CARTESIAN_POINT ( 'NONE',  ( 23.01159120325478114, -8.099999999999999645, 18.51846115983738628 ) ) ;
#2116 = LINE ( 'NONE', #704, #2345 ) ;
#2117 = VERTEX_POINT ( 'NONE', #900 ) ;
#2118 = ORIENTED_EDGE ( 'NONE', *, *, #2168, .T. ) ;
#2119 = EDGE_CURVE ( 'NONE', #856, #2524, #566, .T. ) ;
#2120 = AXIS2_PLACEMENT_3D ( 'NONE', #1744, #2574, #1568 ) ;
#2121 = DIRECTION ( 'NONE',  ( 1.000000000000000000, 0.000000000000000000, -0.000000000000000000 ) ) ;
#2122 = CARTESIAN_POINT ( 'NONE',  ( 21.48659120325478256, -7.599999999999998757, 20.04346115983738841 ) ) ;
#2123 = VERTEX_POINT ( 'NONE', #1266 ) ;
#2124 = VECTOR ( 'NONE', #1859, 1000.000000000000000 ) ;
#2125 = ORIENTED_EDGE ( 'NONE', *, *, #2452, .T. ) ;
#2126 = VECTOR ( 'NONE', #2444, 1000.000000000000000 ) ;
#2127 = DIRECTION ( 'NONE',  ( 0.000000000000000000, 1.023771231724015990E-14, 1.000000000000000000 ) ) ;
#2128 = ORIENTED_EDGE ( 'NONE', *, *, #2449, .T. ) ;
#2129 = EDGE_CURVE ( 'NONE', #476, #2393, #292, .T. ) ;
#2130 = CARTESIAN_POINT ( 'NONE',  ( 22.01159120325478114, 2.323291268368783752E-13, 22.69346115983738343 ) ) ;
#2131 = CARTESIAN_POINT ( 'NONE',  ( 26.58659120325485148, 12.50000000000019540, 19.11846115983734506 ) ) ;
#2132 = CARTESIAN_POINT ( 'NONE',  ( 22.51159120325478114, -8.099999999999999645, 22.69346115983738699 ) ) ;
#2133 = EDGE_LOOP ( 'NONE', ( #26, #1912, #2410, #1252 ) ) ;
#2134 = VECTOR ( 'NONE', #1168, 1000.000000000000000 ) ;
#2135 = ORIENTED_EDGE ( 'NONE', *, *, #2192, .F. ) ;
#2136 = FACE_OUTER_BOUND ( 'NONE', #1398, .T. ) ;
#2137 = DIRECTION ( 'NONE',  ( 0.000000000000000000, 0.000000000000000000, 1.000000000000000000 ) ) ;
#2138 = VERTEX_POINT ( 'NONE', #1479 ) ;
#2139 = EDGE_CURVE ( 'NONE', #683, #679, #1920, .T. ) ;
#2140 = CIRCLE ( 'NONE', #2361, 0.5000000000000004441 ) ;
#2141 = LINE ( 'NONE', #2331, #2535 ) ;
#2142 = VERTEX_POINT ( 'NONE', #279 ) ;
#2143 = CIRCLE ( 'NONE', #105, 0.4999999999999998890 ) ;
#2144 = DIRECTION ( 'NONE',  ( 0.000000000000000000, -1.000000000000000000, 1.040834085586079839E-14 ) ) ;
#2145 = DIRECTION ( 'NONE',  ( 0.000000000000000000, 1.019150042136373221E-14, 1.000000000000000000 ) ) ;
#2146 = DIRECTION ( 'NONE',  ( 1.000000000000000000, 0.000000000000000000, 0.000000000000000000 ) ) ;
#2147 = ORIENTED_EDGE ( 'NONE', *, *, #355, .T. ) ;
#2148 = ORIENTED_EDGE ( 'NONE', *, *, #2679, .F. ) ;
#2149 = DIRECTION ( 'NONE',  ( -0.000000000000000000, -6.938893903907236266E-15, -1.000000000000000000 ) ) ;
#2150 = CARTESIAN_POINT ( 'NONE',  ( 22.51159120325478114, -8.099999999999999645, 23.21846115983738201 ) ) ;
#2151 = LINE ( 'NONE', #2300, #84 ) ;
#2152 = ORIENTED_EDGE ( 'NONE', *, *, #76, .F. ) ;
#2153 = EDGE_CURVE ( 'NONE', #276, #1509, #1034, .T. ) ;
#2154 = DIRECTION ( 'NONE',  ( 0.000000000000000000, -1.000000000000000000, 6.938893903907228378E-15 ) ) ;
#2155 = ORIENTED_EDGE ( 'NONE', *, *, #1482, .T. ) ;
#2156 = LINE ( 'NONE', #297, #1793 ) ;
#2157 = DIRECTION ( 'NONE',  ( -0.000000000000000000, -1.000000000000000000, 1.023771231724016148E-14 ) ) ;
#2158 = ORIENTED_EDGE ( 'NONE', *, *, #929, .F. ) ;
#2159 = EDGE_CURVE ( 'NONE', #1294, #1498, #682, .T. ) ;
#2160 = DIRECTION ( 'NONE',  ( 1.000000000000000000, 0.000000000000000000, -0.000000000000000000 ) ) ;
#2161 = LINE ( 'NONE', #1552, #977 ) ;
#2162 = DIRECTION ( 'NONE',  ( 0.000000000000000000, 1.000000000000000000, -1.023771231724015990E-14 ) ) ;
#2163 = CARTESIAN_POINT ( 'NONE',  ( 21.48659120325478256, 2.323291268368783752E-13, 22.69346115983737988 ) ) ;
#2164 = ORIENTED_EDGE ( 'NONE', *, *, #530, .T. ) ;
#2165 = CIRCLE ( 'NONE', #2472, 0.5000000000000004441 ) ;
#2166 = EDGE_CURVE ( 'NONE', #856, #926, #449, .T. ) ;
#2167 = CARTESIAN_POINT ( 'NONE',  ( 27.58659120325485148, 12.50000000000023093, 22.61846115983734506 ) ) ;
#2168 = EDGE_CURVE ( 'NONE', #2638, #1073, #2031, .T. ) ;
#2169 = VERTEX_POINT ( 'NONE', #1464 ) ;
#2170 = CARTESIAN_POINT ( 'NONE',  ( 22.01159120325478114, -0.4999999999998044342, 19.04346115983738841 ) ) ;
#2171 = DIRECTION ( 'NONE',  ( 0.000000000000000000, 0.000000000000000000, -1.000000000000000000 ) ) ;
#2172 = ORIENTED_EDGE ( 'NONE', *, *, #262, .F. ) ;
#2173 = EDGE_CURVE ( 'NONE', #917, #1739, #2514, .T. ) ;
#2174 = DIRECTION ( 'NONE',  ( -0.000000000000000000, 0.000000000000000000, -1.000000000000000000 ) ) ;
#2175 = DIRECTION ( 'NONE',  ( -1.000000000000000000, 0.000000000000000000, 0.000000000000000000 ) ) ;
#2176 = DIRECTION ( 'NONE',  ( 0.000000000000000000, -1.000000000000000000, 1.040834085586079839E-14 ) ) ;
#2177 = LINE ( 'NONE', #317, #2340 ) ;
#2178 = ORIENTED_EDGE ( 'NONE', *, *, #60, .T. ) ;
#2179 = DIRECTION ( 'NONE',  ( 0.000000000000000000, 1.000000000000000000, 0.000000000000000000 ) ) ;
#2180 = DIRECTION ( 'NONE',  ( 0.000000000000000000, -1.000000000000000000, 6.938893903907228378E-15 ) ) ;
#2181 = EDGE_CURVE ( 'NONE', #1224, #2316, #2560, .T. ) ;
#2182 = LINE ( 'NONE', #80, #1098 ) ;
#2183 = DIRECTION ( 'NONE',  ( -0.000000000000000000, 1.000000000000000000, -0.000000000000000000 ) ) ;
#2184 = DIRECTION ( 'NONE',  ( 0.000000000000000000, 0.000000000000000000, 1.000000000000000000 ) ) ;
#2185 = DIRECTION ( 'NONE',  ( 0.000000000000000000, 0.000000000000000000, 1.000000000000000000 ) ) ;
#2186 = DIRECTION ( 'NONE',  ( 1.000000000000000000, 0.000000000000000000, 0.000000000000000000 ) ) ;
#2187 = LINE ( 'NONE', #1335, #255 ) ;
#2188 = EDGE_LOOP ( 'NONE', ( #499, #840, #226, #2364 ) ) ;
#2189 = CIRCLE ( 'NONE', #886, 1.000000000000000888 ) ;
#2190 = AXIS2_PLACEMENT_3D ( 'NONE', #944, #2149, #2611 ) ;
#2191 = CARTESIAN_POINT ( 'NONE',  ( 27.58659120325485148, 11.50000000000022737, 22.61846115983735217 ) ) ;
#2192 = EDGE_CURVE ( 'NONE', #2450, #2681, #2359, .T. ) ;
#2193 = CIRCLE ( 'NONE', #1500, 0.5000000000000000000 ) ;
#2194 = CARTESIAN_POINT ( 'NONE',  ( 22.01159120325478114, -8.099999999999999645, 19.04346115983738841 ) ) ;
#2195 = AXIS2_PLACEMENT_3D ( 'NONE', #577, #1166, #1400 ) ;
#2196 = CARTESIAN_POINT ( 'NONE',  ( 21.48659120325478256, -7.599999999999998757, 19.54346115983738841 ) ) ;
#2197 = DIRECTION ( 'NONE',  ( -0.000000000000000000, -0.000000000000000000, -1.000000000000000000 ) ) ;
#2198 = DIRECTION ( 'NONE',  ( 0.000000000000000000, 1.017704439239725935E-14, 1.000000000000000000 ) ) ;
#2199 = DIRECTION ( 'NONE',  ( 1.000000000000000000, 0.000000000000000000, 0.000000000000000000 ) ) ;
#2200 = FACE_OUTER_BOUND ( 'NONE', #1530, .T. ) ;
#2201 = FACE_OUTER_BOUND ( 'NONE', #1237, .T. ) ;
#2202 = EDGE_CURVE ( 'NONE', #634, #2040, #2151, .T. ) ;
#2203 = EDGE_LOOP ( 'NONE', ( #2327, #1105, #293, #780 ) ) ;
#2204 = DIRECTION ( 'NONE',  ( 0.000000000000000000, 0.000000000000000000, 1.000000000000000000 ) ) ;
#2205 = CIRCLE ( 'NONE', #1730, 0.5000000000000004441 ) ;
#2206 = PLANE ( 'NONE',  #1283 ) ;
#2207 = CARTESIAN_POINT ( 'NONE',  ( 20.08659120325484437, 11.50000000000019007, 19.11846115983735572 ) ) ;
#2208 = VECTOR ( 'NONE', #1131, 1000.000000000000000 ) ;
#2209 = FACE_OUTER_BOUND ( 'NONE', #4, .T. ) ;
#2210 = AXIS2_PLACEMENT_3D ( 'NONE', #2654, #1185, #1858 ) ;
#2211 = CARTESIAN_POINT ( 'NONE',  ( 25.98659120325478256, -8.099999999999999645, 20.24346115983738770 ) ) ;
#2212 = DIRECTION ( 'NONE',  ( 1.000000000000000000, 0.000000000000000000, 0.000000000000000000 ) ) ;
#2213 = DIRECTION ( 'NONE',  ( 0.000000000000000000, 1.023771231724015990E-14, 1.000000000000000000 ) ) ;
#2214 = ORIENTED_EDGE ( 'NONE', *, *, #1211, .F. ) ;
#2215 = CARTESIAN_POINT ( 'NONE',  ( 26.68659120325478185, -8.099999999999999645, 22.19346115983738699 ) ) ;
#2216 = ORIENTED_EDGE ( 'NONE', *, *, #12, .F. ) ;
#2217 = AXIS2_PLACEMENT_3D ( 'NONE', #149, #1810, #2633 ) ;
#2218 = DIRECTION ( 'NONE',  ( -0.000000000000000000, -1.000000000000000000, -0.000000000000000000 ) ) ;
#2219 = ADVANCED_FACE ( 'NONE', ( #1077 ), #663, .F. ) ;
#2220 = CIRCLE ( 'NONE', #2440, 0.5000000000000004441 ) ;
#2221 = DIRECTION ( 'NONE',  ( 0.000000000000000000, 0.000000000000000000, 1.000000000000000000 ) ) ;
#2222 = FACE_OUTER_BOUND ( 'NONE', #717, .T. ) ;
#2223 = AXIS2_PLACEMENT_3D ( 'NONE', #2581, #2595, #721 ) ;
#2224 = CARTESIAN_POINT ( 'NONE',  ( 22.01159120325478114, -8.099999999999999645, 22.69346115983738699 ) ) ;
#2225 = DIRECTION ( 'NONE',  ( 0.000000000000000000, 0.000000000000000000, 1.000000000000000000 ) ) ;
#2226 = DIRECTION ( 'NONE',  ( 1.000000000000000000, -0.000000000000000000, -0.000000000000000000 ) ) ;
#2227 = ORIENTED_EDGE ( 'NONE', *, *, #2502, .T. ) ;
#2228 = LINE ( 'NONE', #587, #1025 ) ;
#2229 = AXIS2_PLACEMENT_3D ( 'NONE', #458, #2334, #862 ) ;
#2230 = CARTESIAN_POINT ( 'NONE',  ( 26.18659120325477829, -7.599999999999998757, 20.04346115983738841 ) ) ;
#2231 = ORIENTED_EDGE ( 'NONE', *, *, #2285, .F. ) ;
#2232 = EDGE_CURVE ( 'NONE', #1938, #1423, #1382, .T. ) ;
#2233 = DIRECTION ( 'NONE',  ( 1.000000000000000000, -0.000000000000000000, 0.000000000000000000 ) ) ;
#2234 = SHAPE_DEFINITION_REPRESENTATION ( #1052, #2074 ) ;
#2235 = EDGE_CURVE ( 'NONE', #2369, #1599, #989, .T. ) ;
#2236 = VECTOR ( 'NONE', #795, 1000.000000000000000 ) ;
#2237 = AXIS2_PLACEMENT_3D ( 'NONE', #1660, #291, #641 ) ;
#2238 = DIRECTION ( 'NONE',  ( 0.000000000000000000, 0.000000000000000000, -1.000000000000000000 ) ) ;
#2239 = AXIS2_PLACEMENT_3D ( 'NONE', #1193, #2020, #2642 ) ;
#2240 = DIRECTION ( 'NONE',  ( 0.000000000000000000, 0.000000000000000000, -1.000000000000000000 ) ) ;
#2241 = CARTESIAN_POINT ( 'NONE',  ( 24.46159120325478398, -8.099999999999999645, 18.71846115983738557 ) ) ;
#2242 = DIRECTION ( 'NONE',  ( 1.000000000000000000, 0.000000000000000000, 0.000000000000000000 ) ) ;
#2243 = ORIENTED_EDGE ( 'NONE', *, *, #282, .T. ) ;
#2244 = EDGE_CURVE ( 'NONE', #1133, #2117, #2187, .T. ) ;
#2245 = ORIENTED_EDGE ( 'NONE', *, *, #2647, .T. ) ;
#2246 = ORIENTED_EDGE ( 'NONE', *, *, #400, .F. ) ;
#2247 = EDGE_CURVE ( 'NONE', #347, #1073, #1554, .T. ) ;
#2248 = DIRECTION ( 'NONE',  ( -0.000000000000000000, 1.000000000000000000, -0.000000000000000000 ) ) ;
#2249 = ADVANCED_FACE ( 'NONE', ( #1149, #507 ), #2384, .F. ) ;
#2250 = VECTOR ( 'NONE', #331, 1000.000000000000000 ) ;
#2251 = ADVANCED_FACE ( 'NONE', ( #2201 ), #523, .T. ) ;
#2252 = DIRECTION ( 'NONE',  ( -1.000000000000000000, 0.000000000000000000, 0.000000000000000000 ) ) ;
#2253 = EDGE_LOOP ( 'NONE', ( #1242, #649, #2099, #17, #1524, #1738, #266, #1189, #486, #2037, #2385, #1570 ) ) ;
#2254 = VECTOR ( 'NONE', #777, 1000.000000000000000 ) ;
#2255 = DIRECTION ( 'NONE',  ( -0.7071067811865487940, 0.7071067811865463515, -7.239155803357548053E-15 ) ) ;
#2256 = DIRECTION ( 'NONE',  ( 0.000000000000000000, 1.000000000000000000, 0.000000000000000000 ) ) ;
#2257 = ADVANCED_FACE ( 'NONE', ( #140 ), #858, .T. ) ;
#2258 = AXIS2_PLACEMENT_3D ( 'NONE', #274, #2281, #51 ) ;
#2259 = ORIENTED_EDGE ( 'NONE', *, *, #468, .F. ) ;
#2260 = ORIENTED_EDGE ( 'NONE', *, *, #73, .T. ) ;
#2261 = VERTEX_POINT ( 'NONE', #2163 ) ;
#2262 = CARTESIAN_POINT ( 'NONE',  ( 20.48659120325478256, -0.4999999999997941091, 20.04346115983738841 ) ) ;
#2263 = VECTOR ( 'NONE', #752, 1000.000000000000000 ) ;
#2264 = ORIENTED_EDGE ( 'NONE', *, *, #2315, .F. ) ;
#2265 = EDGE_CURVE ( 'NONE', #1128, #1255, #35, .T. ) ;
#2266 = DIRECTION ( 'NONE',  ( -0.000000000000000000, 0.000000000000000000, 1.000000000000000000 ) ) ;
#2267 = FILL_AREA_STYLE_COLOUR ( '', #208 ) ;
#2268 = LINE ( 'NONE', #184, #1820 ) ;
#2269 = ORIENTED_EDGE ( 'NONE', *, *, #2480, .T. ) ;
#2270 = ORIENTED_EDGE ( 'NONE', *, *, #2485, .F. ) ;
#2271 = LINE ( 'NONE', #1240, #2286 ) ;
#2272 = ORIENTED_EDGE ( 'NONE', *, *, #1768, .F. ) ;
#2273 = ORIENTED_EDGE ( 'NONE', *, *, #468, .T. ) ;
#2274 = CONICAL_SURFACE ( 'NONE', #1585, 2.750000000000002665, 0.7853981633974466137 ) ;
#2275 = CARTESIAN_POINT ( 'NONE',  ( 23.21159120325478042, -8.099999999999999645, 21.49346115983738770 ) ) ;
#2276 = EDGE_CURVE ( 'NONE', #1702, #683, #1789, .T. ) ;
#2277 = VECTOR ( 'NONE', #537, 1000.000000000000000 ) ;
#2278 = CARTESIAN_POINT ( 'NONE',  ( 22.51159120325478114, -0.4999999999997672417, 22.69346115983739054 ) ) ;
#2279 = AXIS2_PLACEMENT_3D ( 'NONE', #352, #966, #2041 ) ;
#2280 = PLANE ( 'NONE',  #2051 ) ;
#2281 = DIRECTION ( 'NONE',  ( 0.000000000000000000, 1.000000000000000000, -1.023771231724015990E-14 ) ) ;
#2282 = DIRECTION ( 'NONE',  ( 0.000000000000000000, 0.000000000000000000, -1.000000000000000000 ) ) ;
#2283 = ORIENTED_EDGE ( 'NONE', *, *, #1703, .F. ) ;
#2284 = ORIENTED_EDGE ( 'NONE', *, *, #2355, .F. ) ;
#2285 = EDGE_CURVE ( 'NONE', #1632, #2430, #1558, .T. ) ;
#2286 = VECTOR ( 'NONE', #201, 1000.000000000000000 ) ;
#2287 = FACE_OUTER_BOUND ( 'NONE', #1023, .T. ) ;
#2288 = EDGE_CURVE ( 'NONE', #1644, #2064, #1776, .T. ) ;
#2289 = ORIENTED_EDGE ( 'NONE', *, *, #1686, .F. ) ;
#2290 = ORIENTED_EDGE ( 'NONE', *, *, #240, .F. ) ;
#2291 = CARTESIAN_POINT ( 'NONE',  ( 25.98659120325478256, -8.099999999999999645, 20.24346115983738770 ) ) ;
#2292 = DIRECTION ( 'NONE',  ( 0.000000000000000000, 1.000000000000000000, 0.000000000000000000 ) ) ;
#2293 = CARTESIAN_POINT ( 'NONE',  ( 25.16159120325478327, -8.099999999999999645, 19.04346115983738841 ) ) ;
#2294 = DIRECTION ( 'NONE',  ( -0.000000000000000000, 1.000000000000000000, -0.000000000000000000 ) ) ;
#2295 = DIRECTION ( 'NONE',  ( -6.168994353115358116E-29, -6.938893903907227589E-15, -1.000000000000000000 ) ) ;
#2296 = VERTEX_POINT ( 'NONE', #2003 ) ;
#2297 = ORIENTED_EDGE ( 'NONE', *, *, #2202, .T. ) ;
#2298 = CIRCLE ( 'NONE', #170, 1.000000000000000888 ) ;
#2299 = DIRECTION ( 'NONE',  ( -0.000000000000000000, 0.000000000000000000, -1.000000000000000000 ) ) ;
#2300 = CARTESIAN_POINT ( 'NONE',  ( 22.51159120325478114, -0.4999999999998097078, 18.51846115983738983 ) ) ;
#2301 = EDGE_LOOP ( 'NONE', ( #1079, #156, #1663 ) ) ;
#2302 = FACE_OUTER_BOUND ( 'NONE', #14, .T. ) ;
#2303 = DIRECTION ( 'NONE',  ( 0.000000000000000000, 0.000000000000000000, 1.000000000000000000 ) ) ;
#2304 = VERTEX_POINT ( 'NONE', #972 ) ;
#2305 = DIRECTION ( 'NONE',  ( 0.000000000000000000, -1.000000000000000000, 6.938893903907228378E-15 ) ) ;
#2306 = DIRECTION ( 'NONE',  ( -0.000000000000000000, -0.000000000000000000, -1.000000000000000000 ) ) ;
#2307 = CYLINDRICAL_SURFACE ( 'NONE', #691, 0.5000000000000004441 ) ;
#2308 = AXIS2_PLACEMENT_3D ( 'NONE', #1462, #637, #2299 ) ;
#2309 = EDGE_LOOP ( 'NONE', ( #1865, #827, #2596, #2627 ) ) ;
#2310 = ORIENTED_EDGE ( 'NONE', *, *, #134, .T. ) ;
#2311 = CARTESIAN_POINT ( 'NONE',  ( 24.46159120325478398, 0.000000000000000000, 21.49346115983738770 ) ) ;
#2312 = CARTESIAN_POINT ( 'NONE',  ( 25.16159120325478327, -7.599999999999998757, 23.21846115983738201 ) ) ;
#2313 = ORIENTED_EDGE ( 'NONE', *, *, #1351, .T. ) ;
#2314 = FACE_OUTER_BOUND ( 'NONE', #1797, .T. ) ;
#2315 = EDGE_CURVE ( 'NONE', #1835, #792, #1300, .T. ) ;
#2316 = VERTEX_POINT ( 'NONE', #540 ) ;
#2317 = CIRCLE ( 'NONE', #1713, 0.5000000000000004441 ) ;
#2318 = SPHERICAL_SURFACE ( 'NONE', #451, 0.5000000000000000000 ) ;
#2319 = LINE ( 'NONE', #459, #368 ) ;
#2320 = DIRECTION ( 'NONE',  ( 0.7071067811865487940, 0.7071067811865463515, -7.239155803357548053E-15 ) ) ;
#2321 = ORIENTED_EDGE ( 'NONE', *, *, #1777, .F. ) ;
#2322 = EDGE_LOOP ( 'NONE', ( #2290, #1709, #659, #13 ) ) ;
#2323 = CIRCLE ( 'NONE', #2105, 0.5000000000000004441 ) ;
#2324 = CIRCLE ( 'NONE', #116, 0.4999999999999998890 ) ;
#2325 = DIRECTION ( 'NONE',  ( -0.000000000000000000, -1.000000000000000000, 1.023771231724015990E-14 ) ) ;
#2326 = DIRECTION ( 'NONE',  ( 1.000000000000000000, -0.000000000000000000, -0.000000000000000000 ) ) ;
#2327 = ORIENTED_EDGE ( 'NONE', *, *, #2235, .T. ) ;
#2328 = ORIENTED_EDGE ( 'NONE', *, *, #1911, .T. ) ;
#2329 = AXIS2_PLACEMENT_3D ( 'NONE', #2028, #542, #1991 ) ;
#2330 = EDGE_CURVE ( 'NONE', #288, #222, #1638, .T. ) ;
#2331 = CARTESIAN_POINT ( 'NONE',  ( 23.01159120325478114, 1.793489655951605316E-13, 17.51846115983738272 ) ) ;
#2332 = ORIENTED_EDGE ( 'NONE', *, *, #835, .T. ) ;
#2333 = EDGE_CURVE ( 'NONE', #652, #222, #2177, .T. ) ;
#2334 = DIRECTION ( 'NONE',  ( 1.000000000000000000, 0.000000000000000000, 0.000000000000000000 ) ) ;
#2335 = CARTESIAN_POINT ( 'NONE',  ( 23.83659120325484793, 12.50000000000016698, 16.36846115983734151 ) ) ;
#2336 = DIRECTION ( 'NONE',  ( 0.000000000000000000, 0.000000000000000000, 1.000000000000000000 ) ) ;
#2337 = VERTEX_POINT ( 'NONE', #1976 ) ;
#2338 = ORIENTED_EDGE ( 'NONE', *, *, #422, .T. ) ;
#2339 = CYLINDRICAL_SURFACE ( 'NONE', #1762, 0.5000000000000000000 ) ;
#2340 = VECTOR ( 'NONE', #1988, 1000.000000000000000 ) ;
#2341 = EDGE_CURVE ( 'NONE', #1020, #1498, #1186, .T. ) ;
#2342 = CARTESIAN_POINT ( 'NONE',  ( 23.01159120325478114, 2.479416381206695381E-13, 24.21846115983737491 ) ) ;
#2343 = DIRECTION ( 'NONE',  ( 1.000000000000000000, 0.000000000000000000, 0.000000000000000000 ) ) ;
#2344 = ORIENTED_EDGE ( 'NONE', *, *, #134, .F. ) ;
#2345 = VECTOR ( 'NONE', #1753, 1000.000000000000000 ) ;
#2346 = ORIENTED_EDGE ( 'NONE', *, *, #1295, .F. ) ;
#2347 = CIRCLE ( 'NONE', #1863, 0.5000000000000004441 ) ;
#2348 = VECTOR ( 'NONE', #430, 1000.000000000000000 ) ;
#2349 = FACE_OUTER_BOUND ( 'NONE', #2578, .T. ) ;
#2350 = EDGE_LOOP ( 'NONE', ( #1035, #2092, #402 ) ) ;
#2351 = DIRECTION ( 'NONE',  ( 0.000000000000000000, 0.000000000000000000, 1.000000000000000000 ) ) ;
#2352 = FACE_OUTER_BOUND ( 'NONE', #607, .T. ) ;
#2353 = CARTESIAN_POINT ( 'NONE',  ( 26.68659120325478185, -8.099999999999999645, 19.54346115983738841 ) ) ;
#2354 = ORIENTED_EDGE ( 'NONE', *, *, #2389, .F. ) ;
#2355 = EDGE_CURVE ( 'NONE', #833, #2492, #947, .T. ) ;
#2356 = CIRCLE ( 'NONE', #96, 0.5000000000000004441 ) ;
#2357 = LINE ( 'NONE', #1957, #1161 ) ;
#2358 = LINE ( 'NONE', #85, #18 ) ;
#2359 = LINE ( 'NONE', #651, #2558 ) ;
#2360 = ORIENTED_EDGE ( 'NONE', *, *, #2679, .T. ) ;
#2361 = AXIS2_PLACEMENT_3D ( 'NONE', #137, #501, #2145 ) ;
#2362 = DIRECTION ( 'NONE',  ( 0.000000000000000000, 0.000000000000000000, 1.000000000000000000 ) ) ;
#2363 = ADVANCED_FACE ( 'NONE', ( #1358 ), #960, .F. ) ;
#2364 = ORIENTED_EDGE ( 'NONE', *, *, #2569, .T. ) ;
#2365 = EDGE_CURVE ( 'NONE', #1607, #2630, #2205, .T. ) ;
#2366 = CIRCLE ( 'NONE', #625, 1.000000000000000888 ) ;
#2367 = CARTESIAN_POINT ( 'NONE',  ( 21.48659120325478256, -0.4999999999997671307, 22.69346115983738699 ) ) ;
#2368 = DIRECTION ( 'NONE',  ( -1.000000000000000000, 0.000000000000000000, 0.000000000000000000 ) ) ;
#2369 = VERTEX_POINT ( 'NONE', #153 ) ;
#2370 = DIRECTION ( 'NONE',  ( 0.000000000000000000, 0.000000000000000000, -1.000000000000000000 ) ) ;
#2371 = DIRECTION ( 'NONE',  ( 0.000000000000000000, -1.023771231724015990E-14, -1.000000000000000000 ) ) ;
#2372 = CARTESIAN_POINT ( 'NONE',  ( 25.66159120325478327, -7.599999999999998757, 19.04346115983738841 ) ) ;
#2373 = ORIENTED_EDGE ( 'NONE', *, *, #1966, .F. ) ;
#2374 = EDGE_CURVE ( 'NONE', #2523, #1255, #1516, .T. ) ;
#2375 = EDGE_CURVE ( 'NONE', #2017, #2493, #350, .T. ) ;
#2376 = LINE ( 'NONE', #2167, #2659 ) ;
#2377 = ORIENTED_EDGE ( 'NONE', *, *, #1453, .F. ) ;
#2378 = DIRECTION ( 'NONE',  ( 0.000000000000000000, 0.000000000000000000, -1.000000000000000000 ) ) ;
#2379 = CARTESIAN_POINT ( 'NONE',  ( 24.46159120325478398, -8.099999999999999645, 18.71846115983738557 ) ) ;
#2380 = VERTEX_POINT ( 'NONE', #1627 ) ;
#2381 = DIRECTION ( 'NONE',  ( 0.000000000000000000, 0.000000000000000000, 1.000000000000000000 ) ) ;
#2382 = LINE ( 'NONE', #1345, #496 ) ;
#2383 = DIRECTION ( 'NONE',  ( 1.000000000000000000, 0.000000000000000000, 0.000000000000000000 ) ) ;
#2384 = PLANE ( 'NONE',  #1683 ) ;
#2385 = ORIENTED_EDGE ( 'NONE', *, *, #988, .F. ) ;
#2386 = AXIS2_PLACEMENT_3D ( 'NONE', #1095, #855, #2343 ) ;
#2387 = CARTESIAN_POINT ( 'NONE',  ( 23.01159120325478114, -8.099999999999999645, 23.21846115983738201 ) ) ;
#2388 = AXIS2_PLACEMENT_3D ( 'NONE', #1873, #2295, #1915 ) ;
#2389 = EDGE_CURVE ( 'NONE', #2638, #1426, #603, .T. ) ;
#2390 = CARTESIAN_POINT ( 'NONE',  ( 26.68659120325478185, -0.4999999999997723488, 21.69346115983738699 ) ) ;
#2391 = FACE_OUTER_BOUND ( 'NONE', #754, .T. ) ;
#2392 = CARTESIAN_POINT ( 'NONE',  ( 23.01159120325478114, -8.099999999999999645, 18.51846115983738628 ) ) ;
#2393 = VERTEX_POINT ( 'NONE', #610 ) ;
#2394 = DIRECTION ( 'NONE',  ( -1.000000000000000000, 0.000000000000000000, 0.000000000000000000 ) ) ;
#2395 = CARTESIAN_POINT ( 'NONE',  ( 23.01159120325478114, -8.099999999999999645, 18.51846115983738628 ) ) ;
#2396 = DIRECTION ( 'NONE',  ( 1.000000000000000000, 0.000000000000000000, 0.000000000000000000 ) ) ;
#2397 = DIRECTION ( 'NONE',  ( 0.000000000000000000, 0.000000000000000000, -1.000000000000000000 ) ) ;
#2398 = EDGE_CURVE ( 'NONE', #1049, #1632, #1434, .T. ) ;
#2399 = VECTOR ( 'NONE', #2378, 1000.000000000000000 ) ;
#2400 = EDGE_LOOP ( 'NONE', ( #1144, #1657, #1443, #1303 ) ) ;
#2401 = CARTESIAN_POINT ( 'NONE',  ( 24.46159120325478398, -8.099999999999999645, 23.01846115983738272 ) ) ;
#2402 = EDGE_CURVE ( 'NONE', #655, #994, #2268, .T. ) ;
#2403 = CARTESIAN_POINT ( 'NONE',  ( 24.66159120325477971, 2.479416381206695885E-13, 24.21846115983737846 ) ) ;
#2404 = LINE ( 'NONE', #1143, #281 ) ;
#2405 = CARTESIAN_POINT ( 'NONE',  ( 23.01159120325478114, -8.099999999999999645, 22.69346115983738699 ) ) ;
#2406 = AXIS2_PLACEMENT_3D ( 'NONE', #571, #1625, #2023 ) ;
#2407 = CARTESIAN_POINT ( 'NONE',  ( 22.01159120325478114, -0.4999999999997672417, 22.69346115983738699 ) ) ;
#2408 = CARTESIAN_POINT ( 'NONE',  ( 21.48659120325478256, -7.599999999999998757, 21.69346115983738699 ) ) ;
#2409 = CARTESIAN_POINT ( 'NONE',  ( 25.66159120325478327, -7.599999999999998757, 22.69346115983738699 ) ) ;
#2410 = ORIENTED_EDGE ( 'NONE', *, *, #1315, .F. ) ;
#2411 = AXIS2_PLACEMENT_3D ( 'NONE', #2593, #104, #469 ) ;
#2412 = CARTESIAN_POINT ( 'NONE',  ( 22.51159120325478114, -0.4999999999998148148, 18.51846115983738628 ) ) ;
#2413 = AXIS2_PLACEMENT_3D ( 'NONE', #179, #1216, #1378 ) ;
#2414 = DIRECTION ( 'NONE',  ( 1.000000000000000000, 0.000000000000000000, 0.000000000000000000 ) ) ;
#2415 = AXIS2_PLACEMENT_3D ( 'NONE', #1649, #873, #194 ) ;
#2416 = CARTESIAN_POINT ( 'NONE',  ( 26.18659120325477829, -7.599999999999998757, 22.19346115983738699 ) ) ;
#2417 = DIRECTION ( 'NONE',  ( -1.000000000000000000, 0.000000000000000000, 0.000000000000000000 ) ) ;
#2418 = ORIENTED_EDGE ( 'NONE', *, *, #1385, .T. ) ;
#2419 = DIRECTION ( 'NONE',  ( 0.000000000000000000, 0.000000000000000000, -1.000000000000000000 ) ) ;
#2420 = DIRECTION ( 'NONE',  ( 0.000000000000000000, 1.017704439239725935E-14, 1.000000000000000000 ) ) ;
#2421 = DIRECTION ( 'NONE',  ( 1.000000000000000000, 0.000000000000000000, 0.000000000000000000 ) ) ;
#2422 = ORIENTED_EDGE ( 'NONE', *, *, #1792, .F. ) ;
#2423 = EDGE_CURVE ( 'NONE', #2380, #1328, #1616, .T. ) ;
#2424 = CARTESIAN_POINT ( 'NONE',  ( 21.48659120325478256, -7.599999999999998757, 0.000000000000000000 ) ) ;
#2425 = ORIENTED_EDGE ( 'NONE', *, *, #2423, .T. ) ;
#2426 = VECTOR ( 'NONE', #1687, 1000.000000000000000 ) ;
#2427 = DIRECTION ( 'NONE',  ( -0.000000000000000000, 0.000000000000000000, 1.000000000000000000 ) ) ;
#2428 = VECTOR ( 'NONE', #877, 1000.000000000000000 ) ;
#2429 = DIRECTION ( 'NONE',  ( 0.000000000000000000, 1.000000000000000000, -1.023771231724015990E-14 ) ) ;
#2430 = VERTEX_POINT ( 'NONE', #1210 ) ;
#2431 = DIRECTION ( 'NONE',  ( 0.000000000000000000, -1.000000000000000000, 6.938893903907228378E-15 ) ) ;
#2432 = CARTESIAN_POINT ( 'NONE',  ( 23.01159120325478114, 1.896269599677147255E-13, 18.51846115983738272 ) ) ;
#2433 = EDGE_CURVE ( 'NONE', #1470, #436, #1235, .T. ) ;
#2434 = ORIENTED_EDGE ( 'NONE', *, *, #2085, .T. ) ;
#2435 = EDGE_CURVE ( 'NONE', #839, #2261, #2298, .T. ) ;
#2436 = DIRECTION ( 'NONE',  ( 0.000000000000000000, 0.000000000000000000, 1.000000000000000000 ) ) ;
#2437 = ORIENTED_EDGE ( 'NONE', *, *, #1376, .F. ) ;
#2438 = TOROIDAL_SURFACE ( 'NONE', #1746, 1.000000000000000000, 0.5000000000000000000 ) ;
#2439 = SPHERICAL_SURFACE ( 'NONE', #1066, 0.5000000000000000000 ) ;
#2440 = AXIS2_PLACEMENT_3D ( 'NONE', #1494, #2325, #263 ) ;
#2441 = EDGE_CURVE ( 'NONE', #1128, #2523, #957, .T. ) ;
#2442 = LINE ( 'NONE', #1208, #678 ) ;
#2443 = FACE_OUTER_BOUND ( 'NONE', #671, .T. ) ;
#2444 = DIRECTION ( 'NONE',  ( -0.000000000000000000, 1.000000000000000000, -0.000000000000000000 ) ) ;
#2445 = CARTESIAN_POINT ( 'NONE',  ( 24.66159120325477971, -7.599999999999998757, 23.21846115983738201 ) ) ;
#2446 = ADVANCED_FACE ( 'NONE', ( #1411 ), #1814, .T. ) ;
#2447 = ORIENTED_EDGE ( 'NONE', *, *, #1824, .T. ) ;
#2448 = AXIS2_PLACEMENT_3D ( 'NONE', #1756, #2585, #728 ) ;
#2449 = EDGE_CURVE ( 'NONE', #1692, #2630, #259, .T. ) ;
#2450 = VERTEX_POINT ( 'NONE', #1031 ) ;
#2451 = EDGE_LOOP ( 'NONE', ( #509, #261, #1641, #1046 ) ) ;
#2452 = EDGE_CURVE ( 'NONE', #347, #1150, #1862, .T. ) ;
#2453 = DIRECTION ( 'NONE',  ( 7.824090399073137806E-29, 6.938893903907227589E-15, 1.000000000000000000 ) ) ;
#2454 = AXIS2_PLACEMENT_3D ( 'NONE', #2372, #2002, #506 ) ;
#2455 = AXIS2_PLACEMENT_3D ( 'NONE', #1257, #1454, #1633 ) ;
#2456 = ADVANCED_FACE ( 'NONE', ( #1605 ), #1653, .T. ) ;
#2457 = DIRECTION ( 'NONE',  ( 1.000000000000000000, 0.000000000000000000, -0.000000000000000000 ) ) ;
#2458 = AXIS2_PLACEMENT_3D ( 'NONE', #630, #2292, #1704 ) ;
#2459 = DIRECTION ( 'NONE',  ( 1.000000000000000000, 0.000000000000000000, -0.000000000000000000 ) ) ;
#2460 = CARTESIAN_POINT ( 'NONE',  ( 23.01159120325478114, -7.599999999999998757, 19.04346115983738841 ) ) ;
#2461 = CARTESIAN_POINT ( 'NONE',  ( 24.66159120325477971, 2.479416381206695885E-13, 24.21846115983737846 ) ) ;
#2462 = ORIENTED_EDGE ( 'NONE', *, *, #180, .F. ) ;
#2463 = APPLICATION_CONTEXT ( 'automotive_design' ) ;
#2464 = DIRECTION ( 'NONE',  ( 0.000000000000000000, 0.000000000000000000, 1.000000000000000000 ) ) ;
#2465 = ORIENTED_EDGE ( 'NONE', *, *, #2202, .F. ) ;
#2466 = ORIENTED_EDGE ( 'NONE', *, *, #1664, .F. ) ;
#2467 = DIRECTION ( 'NONE',  ( -0.000000000000000000, -1.000000000000000000, 1.023771231724015990E-14 ) ) ;
#2468 = EDGE_CURVE ( 'NONE', #601, #1049, #2165, .T. ) ;
#2469 = VECTOR ( 'NONE', #1758, 1000.000000000000000 ) ;
#2470 = DIRECTION ( 'NONE',  ( 1.000000000000000000, 0.000000000000000000, 0.000000000000000000 ) ) ;
#2471 = ORIENTED_EDGE ( 'NONE', *, *, #695, .F. ) ;
#2472 = AXIS2_PLACEMENT_3D ( 'NONE', #175, #1004, #1831 ) ;
#2473 = STYLED_ITEM ( 'NONE', ( #1030 ), #722 ) ;
#2474 = DIRECTION ( 'NONE',  ( -0.000000000000000000, 1.000000000000000000, -0.000000000000000000 ) ) ;
#2475 = SURFACE_STYLE_FILL_AREA ( #403 ) ;
#2476 = CARTESIAN_POINT ( 'NONE',  ( 20.98659120325478256, -0.4999999999997775113, 21.69346115983738699 ) ) ;
#2477 = VERTEX_POINT ( 'NONE', #2655 ) ;
#2478 = AXIS2_PLACEMENT_3D ( 'NONE', #2672, #812, #1615 ) ;
#2479 = ORIENTED_EDGE ( 'NONE', *, *, #2330, .F. ) ;
#2480 = EDGE_CURVE ( 'NONE', #2497, #839, #622, .T. ) ;
#2481 = ORIENTED_EDGE ( 'NONE', *, *, #1590, .T. ) ;
#2482 = EDGE_LOOP ( 'NONE', ( #1688, #494, #2649, #2360 ) ) ;
#2483 = DIRECTION ( 'NONE',  ( -0.000000000000000000, 6.938893903907237844E-15, 1.000000000000000000 ) ) ;
#2484 = VECTOR ( 'NONE', #1591, 1000.000000000000000 ) ;
#2485 = EDGE_CURVE ( 'NONE', #856, #652, #1081, .T. ) ;
#2486 = DIRECTION ( 'NONE',  ( -1.000000000000000000, 0.000000000000000000, 0.000000000000000000 ) ) ;
#2487 = CARTESIAN_POINT ( 'NONE',  ( 23.21159120325478042, -8.099999999999999645, 18.71846115983738557 ) ) ;
#2488 = DIRECTION ( 'NONE',  ( 0.000000000000000000, 0.000000000000000000, 1.000000000000000000 ) ) ;
#2489 = VERTEX_POINT ( 'NONE', #419 ) ;
#2490 = EDGE_LOOP ( 'NONE', ( #798, #733, #513 ) ) ;
#2491 = CONICAL_SURFACE ( 'NONE', #1751, 2.750000000000002665, 0.7853981633974466137 ) ;
#2492 = VERTEX_POINT ( 'NONE', #1844 ) ;
#2493 = VERTEX_POINT ( 'NONE', #2673 ) ;
#2494 = CARTESIAN_POINT ( 'NONE',  ( 21.48659120325478256, -7.599999999999998757, 20.04346115983738841 ) ) ;
#2495 = CARTESIAN_POINT ( 'NONE',  ( 23.21159120325478042, -8.099999999999999645, 20.24346115983738770 ) ) ;
#2496 = FACE_OUTER_BOUND ( 'NONE', #2677, .T. ) ;
#2497 = VERTEX_POINT ( 'NONE', #813 ) ;
#2498 = VERTEX_POINT ( 'NONE', #2476 ) ;
#2499 = CARTESIAN_POINT ( 'NONE',  ( 21.08659120325484437, 12.50000000000019540, 19.11846115983734506 ) ) ;
#2500 = DIRECTION ( 'NONE',  ( -0.000000000000000000, -1.000000000000000000, 1.023771231724015990E-14 ) ) ;
#2501 = ORIENTED_EDGE ( 'NONE', *, *, #1852, .F. ) ;
#2502 = EDGE_CURVE ( 'NONE', #1426, #2040, #1424, .T. ) ;
#2503 = CARTESIAN_POINT ( 'NONE',  ( 21.48659120325478256, 1.949614768789517954E-13, 19.04346115983738486 ) ) ;
#2504 = CARTESIAN_POINT ( 'NONE',  ( 22.51159120325478114, -0.4999999999997671307, 22.69346115983738699 ) ) ;
#2505 = ORIENTED_EDGE ( 'NONE', *, *, #927, .T. ) ;
#2506 = VECTOR ( 'NONE', #1892, 1000.000000000000000 ) ;
#2507 = DIRECTION ( 'NONE',  ( 0.000000000000000000, -1.023771231724015990E-14, -1.000000000000000000 ) ) ;
#2508 = LINE ( 'NONE', #1473, #1909 ) ;
#2509 = DIRECTION ( 'NONE',  ( 0.000000000000000000, 0.000000000000000000, 1.000000000000000000 ) ) ;
#2510 = ORIENTED_EDGE ( 'NONE', *, *, #400, .T. ) ;
#2511 = ORIENTED_EDGE ( 'NONE', *, *, #1040, .T. ) ;
#2512 = AXIS2_PLACEMENT_3D ( 'NONE', #1262, #690, #460 ) ;
#2513 = FACE_OUTER_BOUND ( 'NONE', #1386, .T. ) ;
#2514 = LINE ( 'NONE', #1512, #1209 ) ;
#2515 = ORIENTED_EDGE ( 'NONE', *, *, #1989, .T. ) ;
#2516 = EDGE_CURVE ( 'NONE', #2524, #652, #1132, .T. ) ;
#2517 = CARTESIAN_POINT ( 'NONE',  ( 26.18659120325477829, -0.4999999999997939981, 20.04346115983738841 ) ) ;
#2518 = CARTESIAN_POINT ( 'NONE',  ( 25.98659120325478256, 0.000000000000000000, 21.49346115983738770 ) ) ;
#2519 = ORIENTED_EDGE ( 'NONE', *, *, #358, .F. ) ;
#2520 = CYLINDRICAL_SURFACE ( 'NONE', #218, 0.5000000000000004441 ) ;
#2521 = LINE ( 'NONE', #657, #2576 ) ;
#2522 = DIRECTION ( 'NONE',  ( -0.000000000000000000, 1.000000000000000000, 0.000000000000000000 ) ) ;
#2523 = VERTEX_POINT ( 'NONE', #431 ) ;
#2524 = VERTEX_POINT ( 'NONE', #864 ) ;
#2525 = SPHERICAL_SURFACE ( 'NONE', #1050, 0.5000000000000000000 ) ;
#2526 = EDGE_CURVE ( 'NONE', #1938, #395, #1274, .T. ) ;
#2527 = CARTESIAN_POINT ( 'NONE',  ( 24.46159120325478398, 0.000000000000000000, 18.71846115983738557 ) ) ;
#2528 = ORIENTED_EDGE ( 'NONE', *, *, #365, .T. ) ;
#2529 = VERTEX_POINT ( 'NONE', #211 ) ;
#2530 = EDGE_CURVE ( 'NONE', #1702, #1436, #1642, .T. ) ;
#2531 = EDGE_CURVE ( 'NONE', #1739, #2064, #2604, .T. ) ;
#2532 = CARTESIAN_POINT ( 'NONE',  ( 24.66159120325477971, -0.4999999999997619127, 23.21846115983738201 ) ) ;
#2533 = ORIENTED_EDGE ( 'NONE', *, *, #2235, .F. ) ;
#2534 = AXIS2_PLACEMENT_3D ( 'NONE', #1119, #742, #2184 ) ;
#2535 = VECTOR ( 'NONE', #1949, 1000.000000000000000 ) ;
#2536 = EDGE_CURVE ( 'NONE', #725, #2369, #1089, .T. ) ;
#2537 = CARTESIAN_POINT ( 'NONE',  ( 25.16159120325478327, -8.099999999999999645, 22.19346115983738699 ) ) ;
#2538 = AXIS2_PLACEMENT_3D ( 'NONE', #284, #1937, #2154 ) ;
#2539 = CARTESIAN_POINT ( 'NONE',  ( 25.66159120325478327, -8.099999999999999645, 22.69346115983738699 ) ) ;
#2540 = CARTESIAN_POINT ( 'NONE',  ( 25.16159120325478327, -0.4999999999998044342, 19.04346115983738841 ) ) ;
#2541 = ORIENTED_EDGE ( 'NONE', *, *, #122, .T. ) ;
#2542 = ORIENTED_EDGE ( 'NONE', *, *, #1634, .T. ) ;
#2543 = CARTESIAN_POINT ( 'NONE',  ( 22.01159120325478114, 2.377039258034294933E-13, 23.21846115983738557 ) ) ;
#2544 = FACE_OUTER_BOUND ( 'NONE', #878, .T. ) ;
#2545 = DIRECTION ( 'NONE',  ( 0.000000000000000000, 1.000000000000000000, 0.000000000000000000 ) ) ;
#2546 = ORIENTED_EDGE ( 'NONE', *, *, #1197, .F. ) ;
#2547 = EDGE_LOOP ( 'NONE', ( #2147, #2667, #2479, #251 ) ) ;
#2548 = AXIS2_PLACEMENT_3D ( 'NONE', #642, #1469, #336 ) ;
#2549 = FACE_OUTER_BOUND ( 'NONE', #1869, .T. ) ;
#2550 = EDGE_CURVE ( 'NONE', #271, #2523, #25, .T. ) ;
#2551 = ORIENTED_EDGE ( 'NONE', *, *, #1779, .T. ) ;
#2552 = LINE ( 'NONE', #286, #1267 ) ;
#2553 = DIRECTION ( 'NONE',  ( 0.000000000000000000, 0.000000000000000000, -1.000000000000000000 ) ) ;
#2554 = DIRECTION ( 'NONE',  ( 0.000000000000000000, 0.000000000000000000, -1.000000000000000000 ) ) ;
#2555 = ORIENTED_EDGE ( 'NONE', *, *, #2526, .F. ) ;
#2556 = EDGE_LOOP ( 'NONE', ( #2004, #983, #1519, #1850 ) ) ;
#2557 = DIRECTION ( 'NONE',  ( 0.000000000000000000, -1.000000000000000000, 0.000000000000000000 ) ) ;
#2558 = VECTOR ( 'NONE', #493, 1000.000000000000000 ) ;
#2559 = DIRECTION ( 'NONE',  ( -0.000000000000000000, -1.000000000000000000, 1.023771231724016148E-14 ) ) ;
#2560 = LINE ( 'NONE', #1529, #1857 ) ;
#2561 = ORIENTED_EDGE ( 'NONE', *, *, #1809, .T. ) ;
#2562 = ADVANCED_FACE ( 'NONE', ( #2496 ), #1508, .T. ) ;
#2563 = FACE_OUTER_BOUND ( 'NONE', #2400, .T. ) ;
#2564 = ORIENTED_EDGE ( 'NONE', *, *, #805, .F. ) ;
#2565 = CARTESIAN_POINT ( 'NONE',  ( 25.66159120325478327, -8.099999999999999645, 22.19346115983738699 ) ) ;
#2566 = CARTESIAN_POINT ( 'NONE',  ( 24.66159120325477971, -8.099999999999999645, 18.01846115983738628 ) ) ;
#2567 = APPLICATION_PROTOCOL_DEFINITION ( 'draft international standard', 'automotive_design', 1998, #2605 ) ;
#2568 = ORIENTED_EDGE ( 'NONE', *, *, #510, .T. ) ;
#2569 = EDGE_CURVE ( 'NONE', #2601, #2104, #1213, .T. ) ;
#2570 = EDGE_CURVE ( 'NONE', #926, #1921, #1994, .T. ) ;
#2571 = CARTESIAN_POINT ( 'NONE',  ( 23.21159120325478042, -8.099999999999999645, 21.49346115983738770 ) ) ;
#2572 = LINE ( 'NONE', #1528, #2579 ) ;
#2573 = VECTOR ( 'NONE', #1742, 1000.000000000000000 ) ;
#2574 = DIRECTION ( 'NONE',  ( 1.000000000000000000, 0.000000000000000000, 0.000000000000000000 ) ) ;
#2575 = EDGE_LOOP ( 'NONE', ( #1790, #2135, #2505, #1307 ) ) ;
#2576 = VECTOR ( 'NONE', #1489, 1000.000000000000000 ) ;
#2577 = FACE_OUTER_BOUND ( 'NONE', #1437, .T. ) ;
#2578 = EDGE_LOOP ( 'NONE', ( #305, #1227, #2093, #2109 ) ) ;
#2579 = VECTOR ( 'NONE', #343, 1000.000000000000000 ) ;
#2580 = DIRECTION ( 'NONE',  ( 1.000000000000000000, 0.000000000000000000, 0.000000000000000000 ) ) ;
#2581 = CARTESIAN_POINT ( 'NONE',  ( 24.66159120325477971, -7.599999999999998757, 23.21846115983738201 ) ) ;
#2582 = LINE ( 'NONE', #2019, #387 ) ;
#2583 = ORIENTED_EDGE ( 'NONE', *, *, #1205, .F. ) ;
#2584 = CARTESIAN_POINT ( 'NONE',  ( 21.48659120325478256, -0.4999999999997775113, 21.69346115983738699 ) ) ;
#2585 = DIRECTION ( 'NONE',  ( -0.000000000000000000, 0.000000000000000000, -1.000000000000000000 ) ) ;
#2586 = CARTESIAN_POINT ( 'NONE',  ( 27.58659120325485148, 2.315612984130862743E-13, 22.61846115983747296 ) ) ;
#2587 = CARTESIAN_POINT ( 'NONE',  ( 23.01159120325478114, -8.099999999999999645, 18.01846115983738628 ) ) ;
#2588 = CIRCLE ( 'NONE', #1890, 2.750000000000002665 ) ;
#2589 = VERTEX_POINT ( 'NONE', #1708 ) ;
#2590 = VECTOR ( 'NONE', #616, 1000.000000000000000 ) ;
#2591 = DIRECTION ( 'NONE',  ( 0.000000000000000000, 0.000000000000000000, 1.000000000000000000 ) ) ;
#2592 = VECTOR ( 'NONE', #20, 1000.000000000000000 ) ;
#2593 = CARTESIAN_POINT ( 'NONE',  ( 23.21159120325478042, -8.099999999999999645, 18.71846115983738557 ) ) ;
#2594 = DIRECTION ( 'NONE',  ( -1.000000000000000000, 0.000000000000000000, 0.000000000000000000 ) ) ;
#2595 = DIRECTION ( 'NONE',  ( 1.000000000000000000, 0.000000000000000000, -0.000000000000000000 ) ) ;
#2596 = ORIENTED_EDGE ( 'NONE', *, *, #2247, .T. ) ;
#2597 = DIRECTION ( 'NONE',  ( 1.000000000000000000, 0.000000000000000000, -0.000000000000000000 ) ) ;
#2598 = CARTESIAN_POINT ( 'NONE',  ( 25.66159120325478327, -0.4999999999998050448, 19.04346115983738841 ) ) ;
#2599 = CARTESIAN_POINT ( 'NONE',  ( 22.01159120325478114, 0.000000000000000000, 22.19346115983738699 ) ) ;
#2600 = CARTESIAN_POINT ( 'NONE',  ( 23.83659120325484793, 12.50000000000016698, 16.36846115983734151 ) ) ;
#2601 = VERTEX_POINT ( 'NONE', #2540 ) ;
#2602 = AXIS2_PLACEMENT_3D ( 'NONE', #868, #264, #1297 ) ;
#2603 = LINE ( 'NONE', #1556, #1413 ) ;
#2604 = CIRCLE ( 'NONE', #475, 0.5000000000000004441 ) ;
#2605 = APPLICATION_CONTEXT ( 'automotive_design' ) ;
#2606 = ADVANCED_FACE ( 'NONE', ( #1667 ), #2307, .T. ) ;
#2607 = DIRECTION ( 'NONE',  ( 1.000000000000000000, 0.000000000000000000, -0.000000000000000000 ) ) ;
#2608 = VECTOR ( 'NONE', #444, 1000.000000000000000 ) ;
#2609 = CARTESIAN_POINT ( 'NONE',  ( 23.01159120325478114, -7.599999999999998757, 0.000000000000000000 ) ) ;
#2610 = DIRECTION ( 'NONE',  ( -0.000000000000000000, -1.000000000000000000, 0.000000000000000000 ) ) ;
#2611 = DIRECTION ( 'NONE',  ( 0.000000000000000000, 1.000000000000000000, -6.938893903907228378E-15 ) ) ;
#2612 = CARTESIAN_POINT ( 'NONE',  ( 23.21159120325478042, -8.099999999999999645, 21.49346115983738770 ) ) ;
#2613 = CARTESIAN_POINT ( 'NONE',  ( 22.51159120325478114, -0.4999999999998044342, 19.04346115983738841 ) ) ;
#2614 = CARTESIAN_POINT ( 'NONE',  ( 25.66159120325478327, -0.4999999999997671307, 22.69346115983738699 ) ) ;
#2615 = VECTOR ( 'NONE', #893, 1000.000000000000000 ) ;
#2616 = VERTEX_POINT ( 'NONE', #675 ) ;
#2617 = ADVANCED_FACE ( 'NONE', ( #851 ), #895, .T. ) ;
#2618 = CARTESIAN_POINT ( 'NONE',  ( 21.48659120325478256, -7.599999999999998757, 20.04346115983738841 ) ) ;
#2619 = DIRECTION ( 'NONE',  ( 1.000000000000000000, 0.000000000000000000, 0.000000000000000000 ) ) ;
#2620 = DIRECTION ( 'NONE',  ( 0.000000000000000000, 0.000000000000000000, -1.000000000000000000 ) ) ;
#2621 = CARTESIAN_POINT ( 'NONE',  ( 23.83659120325484793, 12.50000000000019540, 19.11846115983734506 ) ) ;
#2622 = EDGE_CURVE ( 'NONE', #2380, #49, #1256, .T. ) ;
#2623 = AXIS2_PLACEMENT_3D ( 'NONE', #1614, #2671, #1396 ) ;
#2624 = PLANE ( 'NONE',  #1231 ) ;
#2625 = DIRECTION ( 'NONE',  ( -1.000000000000000000, 0.000000000000000000, 0.000000000000000000 ) ) ;
#2626 = CARTESIAN_POINT ( 'NONE',  ( 22.01159120325478114, -7.599999999999998757, 19.04346115983738841 ) ) ;
#2627 = ORIENTED_EDGE ( 'NONE', *, *, #229, .T. ) ;
#2628 = DIRECTION ( 'NONE',  ( 1.000000000000000000, 0.000000000000000000, 0.000000000000000000 ) ) ;
#2629 = AXIS2_PLACEMENT_3D ( 'NONE', #558, #2427, #2619 ) ;
#2630 = VERTEX_POINT ( 'NONE', #1523 ) ;
#2631 = CARTESIAN_POINT ( 'NONE',  ( 24.66159120325477971, -0.4999999999997516431, 24.21846115983738201 ) ) ;
#2632 = ADVANCED_FACE ( 'NONE', ( #39 ), #1474, .F. ) ;
#2633 = DIRECTION ( 'NONE',  ( 0.000000000000000000, 0.000000000000000000, -1.000000000000000000 ) ) ;
#2634 = DIRECTION ( 'NONE',  ( 0.000000000000000000, 0.000000000000000000, -1.000000000000000000 ) ) ;
#2635 = DIRECTION ( 'NONE',  ( 0.000000000000000000, 0.000000000000000000, -1.000000000000000000 ) ) ;
#2636 = DIRECTION ( 'NONE',  ( 1.000000000000000000, 0.000000000000000000, 0.000000000000000000 ) ) ;
#2637 = ORIENTED_EDGE ( 'NONE', *, *, #779, .F. ) ;
#2638 = VERTEX_POINT ( 'NONE', #445 ) ;
#2639 = ADVANCED_FACE ( 'NONE', ( #244 ), #1072, .F. ) ;
#2640 = CARTESIAN_POINT ( 'NONE',  ( 22.51159120325478114, -7.599999999999998757, 22.69346115983738699 ) ) ;
#2641 = AXIS2_PLACEMENT_3D ( 'NONE', #2646, #826, #2014 ) ;
#2642 = DIRECTION ( 'NONE',  ( 0.000000000000000000, 0.000000000000000000, -1.000000000000000000 ) ) ;
#2643 = FACE_OUTER_BOUND ( 'NONE', #2660, .T. ) ;
#2644 = CARTESIAN_POINT ( 'NONE',  ( 21.48659120325478256, -8.099999999999999645, 19.54346115983738841 ) ) ;
#2645 = EDGE_CURVE ( 'NONE', #2040, #1150, #2116, .T. ) ;
#2646 = CARTESIAN_POINT ( 'NONE',  ( 25.66159120325478327, -7.599999999999998757, 21.69346115983738699 ) ) ;
#2647 = EDGE_CURVE ( 'NONE', #1426, #1176, #2582, .T. ) ;
#2648 = ORIENTED_EDGE ( 'NONE', *, *, #1200, .T. ) ;
#2649 = ORIENTED_EDGE ( 'NONE', *, *, #145, .F. ) ;
#2650 = CARTESIAN_POINT ( 'NONE',  ( 24.66159120325477971, -0.4999999999998148148, 18.01846115983738628 ) ) ;
#2651 = VECTOR ( 'NONE', #1811, 1000.000000000000000 ) ;
#2652 = FACE_OUTER_BOUND ( 'NONE', #2556, .T. ) ;
#2653 = CARTESIAN_POINT ( 'NONE',  ( 25.66159120325478327, 1.949614768789517954E-13, 19.04346115983738486 ) ) ;
#2654 = CARTESIAN_POINT ( 'NONE',  ( 23.21159120325478042, -8.099999999999999645, 20.24346115983738770 ) ) ;
#2655 = CARTESIAN_POINT ( 'NONE',  ( 23.21159120325478042, 0.000000000000000000, 20.24346115983738770 ) ) ;
#2656 = ORIENTED_EDGE ( 'NONE', *, *, #2402, .F. ) ;
#2657 = EDGE_CURVE ( 'NONE', #792, #312, #516, .T. ) ;
#2658 = FACE_OUTER_BOUND ( 'NONE', #2110, .T. ) ;
#2659 = VECTOR ( 'NONE', #1748, 1000.000000000000000 ) ;
#2660 = EDGE_LOOP ( 'NONE', ( #1925, #870, #1059, #992 ) ) ;
#2661 = ORIENTED_EDGE ( 'NONE', *, *, #1939, .T. ) ;
#2662 = TOROIDAL_SURFACE ( 'NONE', #2279, 1.000000000000000000, 0.5000000000000000000 ) ;
#2663 = FACE_OUTER_BOUND ( 'NONE', #341, .T. ) ;
#2664 = VECTOR ( 'NONE', #125, 1000.000000000000000 ) ;
#2665 = CIRCLE ( 'NONE', #239, 0.5000000000000004441 ) ;
#2666 = DIRECTION ( 'NONE',  ( -0.7071067811865463515, 0.7071067811865487940, -7.359808400080174564E-15 ) ) ;
#2667 = ORIENTED_EDGE ( 'NONE', *, *, #580, .F. ) ;
#2668 = CIRCLE ( 'NONE', #1501, 3.750000000000003553 ) ;
#2669 = VECTOR ( 'NONE', #1791, 1000.000000000000000 ) ;
#2670 = EDGE_CURVE ( 'NONE', #817, #252, #909, .T. ) ;
#2671 = DIRECTION ( 'NONE',  ( -1.000000000000000000, 0.000000000000000000, 0.000000000000000000 ) ) ;
#2672 = CARTESIAN_POINT ( 'NONE',  ( 27.18659120325478185, -0.4999999999997947753, 20.04346115983738841 ) ) ;
#2673 = CARTESIAN_POINT ( 'NONE',  ( 22.01159120325478114, -8.099999999999999645, 20.04346115983738841 ) ) ;
#2674 = ORIENTED_EDGE ( 'NONE', *, *, #986, .F. ) ;
#2675 = ORIENTED_EDGE ( 'NONE', *, *, #229, .F. ) ;
#2676 = ORIENTED_EDGE ( 'NONE', *, *, #1579, .F. ) ;
#2677 = EDGE_LOOP ( 'NONE', ( #643, #2259, #1090, #40 ) ) ;
#2678 = DIRECTION ( 'NONE',  ( 0.000000000000000000, 1.019150042136373221E-14, 1.000000000000000000 ) ) ;
#2679 = EDGE_CURVE ( 'NONE', #679, #1047, #158, .T. ) ;
#2680 = AXIS2_PLACEMENT_3D ( 'NONE', #2614, #758, #1583 ) ;
#2681 = VERTEX_POINT ( 'NONE', #94 ) ;
#2682 = VECTOR ( 'NONE', #353, 1000.000000000000000 ) ;
#2683 = MECHANICAL_DESIGN_GEOMETRIC_PRESENTATION_REPRESENTATION (  '', ( #2473 ), #821 ) ;
#2684 = DIRECTION ( 'NONE',  ( -0.000000000000000000, -1.000000000000000000, -0.000000000000000000 ) ) ;
#2685 = CARTESIAN_POINT ( 'NONE',  ( 21.48659120325478256, 2.221530251422798585E-13, 21.69346115983738343 ) ) ;
ENDSEC;
END-ISO-10303-21;
