ISO-10303-21;
HEADER;
FILE_DESCRIPTION (( 'STEP AP214' ),
    '1' );
FILE_NAME ('JK-RTF-02-10-01 Knob_3.STEP',
    '2026-08-29T19:03:21',
    ( '' ),
    ( '' ),
    'SwSTEP 2.0',
    'SolidWorks 2025',
    '' );
FILE_SCHEMA (( 'AUTOMOTIVE_DESIGN' ));
ENDSEC;

DATA;
#1 = CARTESIAN_POINT ( 'NONE',  ( -0.3189886105605977962, 0.4000000000000000222, 1.711867468341502496 ) ) ;
#2 = CARTESIAN_POINT ( 'NONE',  ( -0.9921693082003996134, 0.000000000000000000, -0.07799485724063733028 ) ) ;
#3 = CARTESIAN_POINT ( 'NONE',  ( 1.163769461086309187, 0.000000000000000000, 1.794070544628881159 ) ) ;
#4 = CARTESIAN_POINT ( 'NONE',  ( -1.503560462938725362, 0.4000000000000000222, -1.377013177553416456 ) ) ;
#5 = CARTESIAN_POINT ( 'NONE',  ( -0.9744047055723540351, 0.4000000000000000222, 0.5596343556738199165 ) ) ;
#6 = EDGE_CURVE ( 'NONE', #2485, #2143, #661, .T. ) ;
#7 = VERTEX_POINT ( 'NONE', #2217 ) ;
#8 = CARTESIAN_POINT ( 'NONE',  ( 0.1726652351953421871, 0.4000000000000000222, -0.2605553143192271826 ) ) ;
#9 = CARTESIAN_POINT ( 'NONE',  ( -1.375950871885212035, 0.000000000000000000, 1.709867539748646248 ) ) ;
#10 = CARTESIAN_POINT ( 'NONE',  ( 0.4026954530456103853, 0.4000000000000000222, -0.6007551168600537839 ) ) ;
#11 = CARTESIAN_POINT ( 'NONE',  ( 0.3387691123487930334, 0.000000000000000000, -1.053637510078761386 ) ) ;
#12 = CARTESIAN_POINT ( 'NONE',  ( 0.9508127223539419859, 0.4000000000000000222, 0.1386931659226298408 ) ) ;
#13 = ORIENTED_EDGE ( 'NONE', *, *, #364, .T. ) ;
#14 = CARTESIAN_POINT ( 'NONE',  ( -1.374662460464895375, -5.421010862427522170E-17, 1.624848508871813424 ) ) ;
#15 = CARTESIAN_POINT ( 'NONE',  ( -1.435322581760724470, 0.4000000000000000222, -1.814738957236181172 ) ) ;
#16 = ORIENTED_EDGE ( 'NONE', *, *, #1782, .F. ) ;
#17 = B_SPLINE_CURVE_WITH_KNOTS ( 'NONE', 3,
 ( #1252, #2052, #446, #428, #1484, #756, #3353, #1760, #995, #150, #2263 ),
 .UNSPECIFIED., .F., .F.,
 ( 4, 1, 1, 1, 1, 1, 1, 1, 4 ),
 ( 0.000000000000000000, 0.2177187657018385125, 0.3937219851639574553, 0.5345610084915080051, 0.6423441582960527363, 0.7314326306436624847, 0.8126176821816385454, 0.8996447939029283969, 1.000000000000000000 ),
 .UNSPECIFIED. ) ;
#18 = CYLINDRICAL_SURFACE ( 'NONE', #702, 4.349999999999999645 ) ;
#19 = LINE ( 'NONE', #3366, #2186 ) ;
#20 = CARTESIAN_POINT ( 'NONE',  ( 0.08555504567204891275, 0.4000000000000000222, 2.412534431009430325 ) ) ;
#21 = CARTESIAN_POINT ( 'NONE',  ( -1.122471793268721374, 0.4000000000000000222, 1.453611026091337077 ) ) ;
#22 = CARTESIAN_POINT ( 'NONE',  ( 0.9639647542725020557, 0.000000000000000000, -1.716938718861476199 ) ) ;
#23 = VECTOR ( 'NONE', #2713, 1000.000000000000000 ) ;
#24 = EDGE_CURVE ( 'NONE', #2333, #1749, #1824, .T. ) ;
#25 = CARTESIAN_POINT ( 'NONE',  ( 1.438395395124074660, 0.4000000000000000222, -0.7631238632961195867 ) ) ;
#26 = CARTESIAN_POINT ( 'NONE',  ( -1.375603406792332395, 0.000000000000000000, 1.735525417680131799 ) ) ;
#27 = CARTESIAN_POINT ( 'NONE',  ( 0.2864694918618325148, 0.4000000000000000222, 1.222107820998032501 ) ) ;
#28 = CARTESIAN_POINT ( 'NONE',  ( -0.1855326095670035425, 0.000000000000000000, -1.350456604315662501 ) ) ;
#29 = CARTESIAN_POINT ( 'NONE',  ( -1.022718912617998299, 0.4000000000000000222, -1.985492271711819079 ) ) ;
#30 = VERTEX_POINT ( 'NONE', #1659 ) ;
#31 = CARTESIAN_POINT ( 'NONE',  ( -1.435322581760724470, 0.000000000000000000, -1.814738957236181172 ) ) ;
#32 = CARTESIAN_POINT ( 'NONE',  ( -0.05114845285611388515, 0.000000000000000000, 1.675475913526623062 ) ) ;
#33 = CARTESIAN_POINT ( 'NONE',  ( -1.503946301828022580, 0.000000000000000000, -1.403021315032360938 ) ) ;
#34 = ORIENTED_EDGE ( 'NONE', *, *, #1697, .F. ) ;
#35 = AXIS2_PLACEMENT_3D ( 'NONE', #2003, #3060, #2800 ) ;
#36 = B_SPLINE_CURVE_WITH_KNOTS ( 'NONE', 3,
 ( #2993, #2975, #345, #1099, #2419, #1679, #612, #2220, #2454, #1364, #2401 ),
 .UNSPECIFIED., .F., .F.,
 ( 4, 1, 1, 1, 1, 1, 1, 1, 4 ),
 ( 0.000000000000000000, 0.06811578923826758225, 0.1314434496007181596, 0.2003071993396774442, 0.2875480383758302616, 0.4023846996366317041, 0.5558212035869315448, 0.7537652060441863977, 0.9999999999999998890 ),
 .UNSPECIFIED. ) ;
#37 = CARTESIAN_POINT ( 'NONE',  ( 1.220539716053172574, 0.000000000000000000, 1.063366132039727630 ) ) ;
#38 = CARTESIAN_POINT ( 'NONE',  ( -1.490800343005540984, 0.4000000000000000222, -1.211740708135090605 ) ) ;
#39 = CARTESIAN_POINT ( 'NONE',  ( 0.000000000000000000, 20.00000000000000000, -3.049999999999999822 ) ) ;
#40 = CARTESIAN_POINT ( 'NONE',  ( -1.021930699909558538, 0.4000000000000000222, 2.222981793775145487 ) ) ;
#41 = CARTESIAN_POINT ( 'NONE',  ( 0.9639647542725020557, 0.4000000000000000222, -1.716938718861476199 ) ) ;
#42 = ORIENTED_EDGE ( 'NONE', *, *, #1143, .F. ) ;
#43 = CARTESIAN_POINT ( 'NONE',  ( -1.288931753400617497, 0.4000000000000000222, 2.060859975139671008 ) ) ;
#44 = CARTESIAN_POINT ( 'NONE',  ( -0.1441326652218373472, 0.000000000000000000, 2.414277728177937288 ) ) ;
#45 = AXIS2_PLACEMENT_3D ( 'NONE', #862, #1675, #1166 ) ;
#46 = EDGE_CURVE ( 'NONE', #218, #2192, #2469, .T. ) ;
#47 = CARTESIAN_POINT ( 'NONE',  ( -2.565151067676131547, 20.00000000000000000, 1.649999999999999911 ) ) ;
#48 = CARTESIAN_POINT ( 'NONE',  ( 0.8616450883569798380, 0.000000000000000000, 0.1853906885861230924 ) ) ;
#49 = CARTESIAN_POINT ( 'NONE',  ( -0.9921693082003996134, 0.000000000000000000, -0.07799485724063733028 ) ) ;
#50 = ORIENTED_EDGE ( 'NONE', *, *, #196, .T. ) ;
#51 = CARTESIAN_POINT ( 'NONE',  ( 1.439948586856617530, 0.4000000000000000222, -0.7100460576076135233 ) ) ;
#52 = CARTESIAN_POINT ( 'NONE',  ( 0.000000000000000000, 0.9999999999999974465, 5.049999999999999822 ) ) ;
#53 = CARTESIAN_POINT ( 'NONE',  ( -1.462431535963525819, 0.000000000000000000, -1.141616650891171370 ) ) ;
#54 = ORIENTED_EDGE ( 'NONE', *, *, #3198, .F. ) ;
#55 = CARTESIAN_POINT ( 'NONE',  ( 0.000000000000000000, 20.50000000000001066, -4.349999999999999645 ) ) ;
#56 = CARTESIAN_POINT ( 'NONE',  ( 0.2879897173713235614, 0.000000000000000000, 1.186886212716694367 ) ) ;
#57 = CARTESIAN_POINT ( 'NONE',  ( 0.8200312696362872522, 0.000000000000000000, 2.199307384119864928 ) ) ;
#58 = CARTESIAN_POINT ( 'NONE',  ( -0.1441326652218373472, 0.4000000000000000222, 2.414277728177937288 ) ) ;
#59 = CARTESIAN_POINT ( 'NONE',  ( -1.267954727870965748, 0.4000000000000000222, 1.391878893484476576 ) ) ;
#60 = VERTEX_POINT ( 'NONE', #879 ) ;
#61 = CARTESIAN_POINT ( 'NONE',  ( -1.312739772064044130, 0.4000000000000000222, -1.127470280671942104 ) ) ;
#62 = CARTESIAN_POINT ( 'NONE',  ( -0.4438156693288881072, 0.4000000000000000222, -0.08158815991571639892 ) ) ;
#63 = CARTESIAN_POINT ( 'NONE',  ( -1.374662460464895375, 0.4000000000000000222, 1.624848508871813424 ) ) ;
#64 = CARTESIAN_POINT ( 'NONE',  ( 0.4159851473141342182, 0.000000000000000000, -0.7450448079826007541 ) ) ;
#65 = CARTESIAN_POINT ( 'NONE',  ( 0.2320906727471513109, 0.000000000000000000, 0.9287613780361027027 ) ) ;
#66 = CARTESIAN_POINT ( 'NONE',  ( -1.367694155069333561, 0.000000000000000000, 1.897063969759776425 ) ) ;
#67 = CARTESIAN_POINT ( 'NONE',  ( -0.1999375522468471444, 0.000000000000000000, 0.6021353911755953359 ) ) ;
#68 = CARTESIAN_POINT ( 'NONE',  ( 0.2075605171319163111, 0.000000000000000000, 1.483771682300988992 ) ) ;
#69 = CARTESIAN_POINT ( 'NONE',  ( -1.479506898153972516, 0.4000000000000000222, -1.171030992831709527 ) ) ;
#70 = ORIENTED_EDGE ( 'NONE', *, *, #408, .F. ) ;
#71 = EDGE_CURVE ( 'NONE', #985, #1904, #3062, .T. ) ;
#72 = CARTESIAN_POINT ( 'NONE',  ( -1.258326945222619564, 0.000000000000000000, -1.154567482233160636 ) ) ;
#73 = CARTESIAN_POINT ( 'NONE',  ( 1.168224431930102281, 0.4000000000000000222, 0.8949338593462775604 ) ) ;
#74 = CARTESIAN_POINT ( 'NONE',  ( 0.8448221134589587455, 0.000000000000000000, -1.796206588951366534 ) ) ;
#75 = CARTESIAN_POINT ( 'NONE',  ( -0.1441326652218373472, 0.4000000000000000222, 2.414277728177937288 ) ) ;
#76 = CARTESIAN_POINT ( 'NONE',  ( 0.2798303030384997614, 0.000000000000000000, -0.3559793186574355950 ) ) ;
#77 = VERTEX_POINT ( 'NONE', #3076 ) ;
#78 = CARTESIAN_POINT ( 'NONE',  ( 0.8200312696362872522, 0.4000000000000000222, 2.199307384119864928 ) ) ;
#79 = CARTESIAN_POINT ( 'NONE',  ( -1.393950229220919823, 0.4000000000000000222, -1.104031990400327068 ) ) ;
#80 = FACE_OUTER_BOUND ( 'NONE', #2096, .T. ) ;
#81 = CARTESIAN_POINT ( 'NONE',  ( -0.3189886105605977962, 0.4000000000000000222, 1.711867468341502496 ) ) ;
#82 = CARTESIAN_POINT ( 'NONE',  ( -1.102307970140911753, 0.000000000000000000, 0.02606200738766160235 ) ) ;
#83 = B_SPLINE_CURVE_WITH_KNOTS ( 'NONE', 3,
 ( #740, #926, #1483, #2590, #410, #2278, #1794, #977, #149, #2534, #1743, #2796, #1466, #2518, #481, #3039, #170, #2245, #2811 ),
 .UNSPECIFIED., .F., .F.,
 ( 4, 1, 1, 1, 1, 1, 1, 1, 1, 1, 1, 1, 1, 1, 1, 1, 4 ),
 ( 0.000000000000000000, 0.08005801231394923945, 0.1562173183688796707, 0.2273717993318709885, 0.2954213627088734251, 0.3603277124659228781, 0.4217353532226664203, 0.4806410846517898405, 0.5374850325469214818, 0.5930221587964947805, 0.6483083758520717943, 0.7030696109480348843, 0.7593023671793133200, 0.8163454354349610753, 0.8751961447630955959, 0.9360384557347473100, 1.000000000000000000 ),
 .UNSPECIFIED. ) ;
#84 = CARTESIAN_POINT ( 'NONE',  ( -0.8765404841809063541, 0.000000000000000000, 2.281407563360666302 ) ) ;
#85 = CARTESIAN_POINT ( 'NONE',  ( -0.2579907884784772287, 0.000000000000000000, -2.063997714971405273 ) ) ;
#86 = VECTOR ( 'NONE', #2276, 1000.000000000000000 ) ;
#87 = CARTESIAN_POINT ( 'NONE',  ( 0.2529597617289572886, 0.000000000000000000, 1.392012577060246947 ) ) ;
#88 = CARTESIAN_POINT ( 'NONE',  ( -1.345055777288438392, 0.4000000000000000222, -1.114413488862032064 ) ) ;
#89 = ORIENTED_EDGE ( 'NONE', *, *, #2436, .T. ) ;
#90 = PLANE ( 'NONE',  #3184 ) ;
#91 = EDGE_CURVE ( 'NONE', #1100, #353, #83, .T. ) ;
#92 = AXIS2_PLACEMENT_3D ( 'NONE', #1065, #511, #2388 ) ;
#93 = CARTESIAN_POINT ( 'NONE',  ( 1.247495697931354064, 0.4000000000000000222, 1.309850279446342913 ) ) ;
#94 = CARTESIAN_POINT ( 'NONE',  ( 2.565151067676131547, 1.999999999999998224, 1.649999999999999911 ) ) ;
#95 = CARTESIAN_POINT ( 'NONE',  ( -1.124926501769561105, 0.000000000000000000, 2.170482447494255229 ) ) ;
#96 = CARTESIAN_POINT ( 'NONE',  ( -1.213400838637796353, 0.4000000000000000222, 1.405714249007281813 ) ) ;
#97 = EDGE_CURVE ( 'NONE', #1325, #161, #204, .T. ) ;
#98 = CARTESIAN_POINT ( 'NONE',  ( 0.3673594929774725570, 0.4000000000000000222, 2.376828148973892496 ) ) ;
#99 = CARTESIAN_POINT ( 'NONE',  ( -0.6660283190552965804, 0.4000000000000000222, -1.338080134695907031 ) ) ;
#100 = CARTESIAN_POINT ( 'NONE',  ( -1.276295556207331039, 0.4000000000000000222, 1.392559663612535026 ) ) ;
#101 = CARTESIAN_POINT ( 'NONE',  ( 1.402127169467813017, 0.4000000000000000222, -0.4305903216940969447 ) ) ;
#102 = CARTESIAN_POINT ( 'NONE',  ( 0.000000000000000000, 23.00000000000000000, -4.349999999999999645 ) ) ;
#103 = CARTESIAN_POINT ( 'NONE',  ( -0.2953951259468285961, 0.000000000000000000, 2.411248792183492196 ) ) ;
#104 = CARTESIAN_POINT ( 'NONE',  ( -1.503712641525055460, 0.000000000000000000, -1.493056814970816992 ) ) ;
#105 = CIRCLE ( 'NONE', #2310, 3.049999999999999822 ) ;
#106 = CARTESIAN_POINT ( 'NONE',  ( 1.235884358546943007, 0.000000000000000000, 1.153465286586176530 ) ) ;
#107 = CARTESIAN_POINT ( 'NONE',  ( -1.056351570797827044, 0.4000000000000000222, -1.236040582289562151 ) ) ;
#108 = ORIENTED_EDGE ( 'NONE', *, *, #2545, .F. ) ;
#109 = CARTESIAN_POINT ( 'NONE',  ( -0.3189886105605977962, 0.4000000000000000222, 1.711867468341502496 ) ) ;
#110 = CARTESIAN_POINT ( 'NONE',  ( 1.247955441942401711, 0.000000000000000000, 1.341880678663065929 ) ) ;
#111 = DIRECTION ( 'NONE',  ( 0.000000000000000000, 0.000000000000000000, -1.000000000000000000 ) ) ;
#112 = CARTESIAN_POINT ( 'NONE',  ( 0.2864694918618325148, 0.000000000000000000, 1.222107820998032501 ) ) ;
#113 = CARTESIAN_POINT ( 'NONE',  ( 0.4946330355156627334, 0.4000000000000000222, 2.345365431063553885 ) ) ;
#114 = CARTESIAN_POINT ( 'NONE',  ( -1.056351570797827044, 0.4000000000000000222, -1.236040582289562151 ) ) ;
#115 = EDGE_CURVE ( 'NONE', #1438, #7, #105, .T. ) ;
#116 = CARTESIAN_POINT ( 'NONE',  ( -1.292390902988446388, 0.4000000000000000222, 1.393873349837385200 ) ) ;
#117 = PRODUCT_CONTEXT ( 'NONE', #2067, 'mechanical' ) ;
#118 = DIRECTION ( 'NONE',  ( 0.000000000000000000, -1.000000000000000000, 0.000000000000000000 ) ) ;
#119 = EDGE_LOOP ( 'NONE', ( #2456, #1033, #3190, #2876 ) ) ;
#120 = CARTESIAN_POINT ( 'NONE',  ( -0.05369428141654816744, 0.000000000000000000, 0.6560646933962460681 ) ) ;
#121 = CARTESIAN_POINT ( 'NONE',  ( 1.372501360804138315, 0.4000000000000000222, -0.3437086213050012384 ) ) ;
#122 = CARTESIAN_POINT ( 'NONE',  ( -1.112864452135039262, 0.000000000000000000, 0.4004697518324028538 ) ) ;
#123 = EDGE_LOOP ( 'NONE', ( #213, #2007, #1765, #1663 ) ) ;
#124 = DIRECTION ( 'NONE',  ( -0.000000000000000000, -1.000000000000000000, -0.000000000000000000 ) ) ;
#125 = CARTESIAN_POINT ( 'NONE',  ( -1.029740293508941473, 0.000000000000000000, -0.07188760554025622196 ) ) ;
#126 = CARTESIAN_POINT ( 'NONE',  ( 0.2879897173713235614, 0.4000000000000000222, 1.186886212716694367 ) ) ;
#127 = CARTESIAN_POINT ( 'NONE',  ( -1.457027593171545732, 0.4000000000000000222, -1.780919694078401783 ) ) ;
#128 = CARTESIAN_POINT ( 'NONE',  ( -0.3609871110105823400, 0.000000000000000000, -1.360022850285947715 ) ) ;
#129 = CARTESIAN_POINT ( 'NONE',  ( -1.118873814755305229, 0.4000000000000000222, 0.1608588267981585218 ) ) ;
#130 = CARTESIAN_POINT ( 'NONE',  ( -1.292390902988446388, -5.421010862427522170E-17, 1.393873349837385200 ) ) ;
#131 = ADVANCED_FACE ( 'NONE', ( #1533 ), #2376, .T. ) ;
#132 = DIRECTION ( 'NONE',  ( 0.000000000000000000, 0.000000000000000000, -1.000000000000000000 ) ) ;
#133 = CARTESIAN_POINT ( 'NONE',  ( -1.413473365764365886, 0.4000000000000000222, -1.841643121972665886 ) ) ;
#134 = VERTEX_POINT ( 'NONE', #3123 ) ;
#135 = CARTESIAN_POINT ( 'NONE',  ( -1.022718912617998299, 0.000000000000000000, -1.985492271711819079 ) ) ;
#136 = CARTESIAN_POINT ( 'NONE',  ( 0.4459840762069803843, 0.4000000000000000222, 0.3109174890455852491 ) ) ;
#137 = CARTESIAN_POINT ( 'NONE',  ( 1.439948586856617530, 0.4000000000000000222, -0.7100460576076135233 ) ) ;
#138 = ORIENTED_EDGE ( 'NONE', *, *, #2499, .T. ) ;
#139 = CARTESIAN_POINT ( 'NONE',  ( 1.247955441942401711, 0.4000000000000000222, 1.341880678663065929 ) ) ;
#140 = CARTESIAN_POINT ( 'NONE',  ( -0.9921693082003996134, 0.000000000000000000, -0.07799485724063733028 ) ) ;
#141 = ORIENTED_EDGE ( 'NONE', *, *, #687, .T. ) ;
#142 = CARTESIAN_POINT ( 'NONE',  ( 0.9885921632248367841, 0.4000000000000000222, 2.061674135356157844 ) ) ;
#143 = CARTESIAN_POINT ( 'NONE',  ( -1.040130541250419594, 0.000000000000000000, 1.499383109729632624 ) ) ;
#144 = CARTESIAN_POINT ( 'NONE',  ( -1.056351570797827044, 0.000000000000000000, -1.236040582289562151 ) ) ;
#145 = CARTESIAN_POINT ( 'NONE',  ( 0.2633878426212414303, 0.4000000000000000222, -1.151120844791775122 ) ) ;
#146 = CARTESIAN_POINT ( 'NONE',  ( -0.5609799702962237067, 0.000000000000000000, -0.08006855085784347903 ) ) ;
#147 = FACE_OUTER_BOUND ( 'NONE', #1346, .T. ) ;
#148 = CARTESIAN_POINT ( 'NONE',  ( -0.2579907884784772287, 0.4000000000000000222, -2.063997714971405273 ) ) ;
#149 = CARTESIAN_POINT ( 'NONE',  ( 0.8200312696362872522, 0.000000000000000000, 2.199307384119864928 ) ) ;
#150 = CARTESIAN_POINT ( 'NONE',  ( -0.9744047055723540351, 0.4000000000000000222, 0.5596343556738199165 ) ) ;
#151 = CARTESIAN_POINT ( 'NONE',  ( 1.247495697931354064, 0.4000000000000000222, 1.309850279446342913 ) ) ;
#152 = CARTESIAN_POINT ( 'NONE',  ( 1.402127169467813017, 0.4000000000000000222, -0.4305903216940969447 ) ) ;
#153 = CARTESIAN_POINT ( 'NONE',  ( -0.5609799702962237067, 0.000000000000000000, -0.08006855085784347903 ) ) ;
#154 = B_SPLINE_CURVE_WITH_KNOTS ( 'NONE', 3,
 ( #1281, #2378, #2135, #1053, #3189, #3170, #818, #1822, #565, #22, #767, #2118, #1597, #2880, #2913, #2670, #1297, #800, #1069 ),
 .UNSPECIFIED., .F., .F.,
 ( 4, 1, 1, 1, 1, 1, 1, 1, 1, 1, 1, 1, 1, 1, 1, 1, 4 ),
 ( 0.000000000000000000, 0.06509329881291829600, 0.1267371625053367035, 0.1866634510599753938, 0.2447553091875904474, 0.3017078866895193667, 0.3581340630724227370, 0.4145483870839548057, 0.4716695005592825840, 0.5299595906722391891, 0.5898077156831291745, 0.6520856395206905409, 0.7171224114194230115, 0.7844577398806801272, 0.8536929000030059056, 0.9255443954062780865, 1.000000000000000000 ),
 .UNSPECIFIED. ) ;
#155 = EDGE_LOOP ( 'NONE', ( #2161, #2399, #2613, #508 ) ) ;
#156 = ADVANCED_FACE ( 'NONE', ( #1283 ), #1321, .F. ) ;
#157 = DIRECTION ( 'NONE',  ( 0.000000000000000000, 0.000000000000000000, -1.000000000000000000 ) ) ;
#158 = AXIS2_PLACEMENT_3D ( 'NONE', #2535, #2519, #1012 ) ;
#159 = LINE ( 'NONE', #1989, #2512 ) ;
#160 = B_SPLINE_CURVE_WITH_KNOTS ( 'NONE', 3,
 ( #261, #2629, #211, #1328, #1018, #2839, #1802, #3164, #2646, #3116, #1308, #507, #542, #2129, #3182, #2335, #747, #2858, #1047 ),
 .UNSPECIFIED., .F., .F.,
 ( 4, 1, 1, 1, 1, 1, 1, 1, 1, 1, 1, 1, 1, 1, 1, 1, 4 ),
 ( 0.000000000000000000, 0.08330734226424274524, 0.1626567663697705557, 0.2376045901538131333, 0.3084022174589676202, 0.3756956512077376797, 0.4394254502797457773, 0.4996392052106559123, 0.5577300865224228410, 0.6138386023906888811, 0.6686072105248932473, 0.7221015757886788400, 0.7759386881509150458, 0.8306103320164450743, 0.8857201808859531678, 0.9418665099782360661, 1.000000000000000000 ),
 .UNSPECIFIED. ) ;
#161 = VERTEX_POINT ( 'NONE', #270 ) ;
#162 = CARTESIAN_POINT ( 'NONE',  ( -0.5619799345926519418, 0.000000000000000000, 0.5599085988562085836 ) ) ;
#163 = CARTESIAN_POINT ( 'NONE',  ( -1.267954727870965748, 0.4000000000000000222, 1.391878893484476576 ) ) ;
#164 = CARTESIAN_POINT ( 'NONE',  ( -0.3762614420091044409, 0.4000000000000000222, 1.709984747271733774 ) ) ;
#165 = VECTOR ( 'NONE', #2107, 1000.000000000000000 ) ;
#166 = CARTESIAN_POINT ( 'NONE',  ( 0.1994634916215114184, 0.000000000000000000, -1.208491581162337125 ) ) ;
#167 = CARTESIAN_POINT ( 'NONE',  ( -1.267954727870965748, -5.421010862427522170E-17, 1.391878893484476576 ) ) ;
#168 = CARTESIAN_POINT ( 'NONE',  ( 0.000000000000000000, 1.999999999999998224, 0.000000000000000000 ) ) ;
#169 = CARTESIAN_POINT ( 'NONE',  ( -1.435322581760724470, 0.4000000000000000222, -1.814738957236181172 ) ) ;
#170 = CARTESIAN_POINT ( 'NONE',  ( 1.245523386198983173, 0.000000000000000000, 1.463046904643027668 ) ) ;
#171 = DIRECTION ( 'NONE',  ( 0.000000000000000000, -0.000000000000000000, 1.000000000000000000 ) ) ;
#172 = CARTESIAN_POINT ( 'NONE',  ( 1.197192900353171163, 0.000000000000000000, 0.9772144357959040573 ) ) ;
#173 = CARTESIAN_POINT ( 'NONE',  ( 1.439238964302066215, 0.4000000000000000222, -0.6780084390527361116 ) ) ;
#174 = B_SPLINE_SURFACE_WITH_KNOTS ( 'NONE', 3, 1, ( 
 ( #2397, #2141 ),
 ( #860, #3194 ),
 ( #1879, #2935 ),
 ( #2694, #2677 ),
 ( #2414, #2970 ),
 ( #1111, #48 ),
 ( #323, #1148 ),
 ( #1432, #2532 ),
 ( #1739, #3266 ),
 ( #1463, #407 ),
 ( #894, #3331 ),
 ( #2017, #1481 ),
 ( #673, #1997 ),
 ( #3314, #708 ),
 ( #101, #2516 ),
 ( #1949, #391 ),
 ( #358, #1448 ),
 ( #1964, #1178 ),
 ( #924, #2215 ) ),
 .UNSPECIFIED., .F., .F., .F.,
 ( 4, 1, 1, 1, 1, 1, 1, 1, 1, 1, 1, 1, 1, 1, 1, 1, 4 ),
 ( 2, 2 ),
 ( 0.000000000000000000, 0.07327054031221381936, 0.1438749677726260945, 0.2120049119278626937, 0.2783493746696986681, 0.3428844445526303963, 0.4054889888311944413, 0.4661727302502823855, 0.5264895117494928778, 0.5851195494856963331, 0.6434825106193874378, 0.7012222357644417592, 0.7597540186400875140, 0.8187615068694971132, 0.8775456132934722486, 0.9383917376312451708, 1.000000000000000000 ),
 ( 0.000000000000000000, 1.000000000000000000 ),
 .UNSPECIFIED. ) ;
#175 = CARTESIAN_POINT ( 'NONE',  ( 1.439948586856617530, 0.4000000000000000222, -0.7100460576076135233 ) ) ;
#176 = ORIENTED_EDGE ( 'NONE', *, *, #3411, .T. ) ;
#177 = CARTESIAN_POINT ( 'NONE',  ( -1.112864452135039262, 0.000000000000000000, 0.4004697518324028538 ) ) ;
#178 = CARTESIAN_POINT ( 'NONE',  ( -0.9659457765179590982, 0.000000000000000000, -0.07934747190099356029 ) ) ;
#179 = EDGE_CURVE ( 'NONE', #1904, #3338, #2555, .T. ) ;
#180 = ORIENTED_EDGE ( 'NONE', *, *, #179, .F. ) ;
#181 = CARTESIAN_POINT ( 'NONE',  ( -0.3705645338184333504, 0.000000000000000000, 0.5694945873602379471 ) ) ;
#182 = CARTESIAN_POINT ( 'NONE',  ( 0.6650495236263295196, 0.000000000000000000, 0.2593227744884216146 ) ) ;
#183 = CARTESIAN_POINT ( 'NONE',  ( -0.4670683031733415813, 0.000000000000000000, -1.357839990800208341 ) ) ;
#184 = CARTESIAN_POINT ( 'NONE',  ( -1.502852247723148738, 0.000000000000000000, -1.329274706387485461 ) ) ;
#185 = LINE ( 'NONE', #1791, #86 ) ;
#186 = LINE ( 'NONE', #3351, #312 ) ;
#187 = CARTESIAN_POINT ( 'NONE',  ( 0.3052277155753202464, 0.4000000000000000222, -1.105128643747047779 ) ) ;
#188 = CARTESIAN_POINT ( 'NONE',  ( -1.021930699909558538, 0.000000000000000000, 2.222981793775145487 ) ) ;
#189 = CARTESIAN_POINT ( 'NONE',  ( -1.462431535963525819, 0.000000000000000000, -1.141616650891171370 ) ) ;
#190 = CARTESIAN_POINT ( 'NONE',  ( 0.4837873021403584217, 0.4000000000000000222, 0.2960027549124398250 ) ) ;
#191 = CARTESIAN_POINT ( 'NONE',  ( 0.5755640433298886416, 0.000000000000000000, -1.927697176441757199 ) ) ;
#192 = ORIENTED_EDGE ( 'NONE', *, *, #2166, .T. ) ;
#193 = CARTESIAN_POINT ( 'NONE',  ( 1.247131360614476270, 0.4000000000000000222, 1.382936820026422264 ) ) ;
#194 = ORIENTED_EDGE ( 'NONE', *, *, #712, .T. ) ;
#195 = FACE_OUTER_BOUND ( 'NONE', #950, .T. ) ;
#196 = EDGE_CURVE ( 'NONE', #489, #2172, #2725, .T. ) ;
#197 = CARTESIAN_POINT ( 'NONE',  ( -0.3306853553563391390, 0.000000000000000000, -2.062816977240816474 ) ) ;
#198 = CARTESIAN_POINT ( 'NONE',  ( -0.7955155243421712097, 0.000000000000000000, 1.613070008554264412 ) ) ;
#199 = CARTESIAN_POINT ( 'NONE',  ( 0.3052277155753202464, 0.4000000000000000222, -1.105128643747047779 ) ) ;
#200 = EDGE_CURVE ( 'NONE', #318, #245, #928, .T. ) ;
#201 = CARTESIAN_POINT ( 'NONE',  ( 1.116471534784914121, 0.000000000000000000, 1.891199315431270067 ) ) ;
#202 = VECTOR ( 'NONE', #157, 1000.000000000000000 ) ;
#203 = CARTESIAN_POINT ( 'NONE',  ( 0.4781628588773493282, 0.4000000000000000222, 0.3189949648210524402 ) ) ;
#204 = LINE ( 'NONE', #1251, #604 ) ;
#205 = CARTESIAN_POINT ( 'NONE',  ( -1.122471793268721374, 0.000000000000000000, 1.453611026091337077 ) ) ;
#206 = CARTESIAN_POINT ( 'NONE',  ( -0.3306413586189863030, -0.000000000000000000, -1.359372091377444747 ) ) ;
#207 = DIRECTION ( 'NONE',  ( 0.000000000000000000, -1.000000000000000000, 0.000000000000000000 ) ) ;
#208 = FACE_OUTER_BOUND ( 'NONE', #2372, .T. ) ;
#209 = ORIENTED_EDGE ( 'NONE', *, *, #2455, .F. ) ;
#210 = DIRECTION ( 'NONE',  ( -0.000000000000000000, 1.000000000000000000, -0.000000000000000000 ) ) ;
#211 = CARTESIAN_POINT ( 'NONE',  ( -0.4645158382519345985, 0.000000000000000000, 0.5618368311571295681 ) ) ;
#212 = B_SPLINE_CURVE_WITH_KNOTS ( 'NONE', 3,
 ( #606, #553, #877, #28, #3211, #2659, #2197, #2382, #625, #1638, #11, #1076, #1619, #1673, #64 ),
 .UNSPECIFIED., .F., .F.,
 ( 4, 1, 1, 1, 1, 1, 1, 1, 1, 1, 1, 1, 4 ),
 ( 0.000000000000000000, 0.08137218100060790438, 0.1585634365385522604, 0.2311471217972134451, 0.3002931195026011801, 0.4282472870135871634, 0.5467613473585277717, 0.6030937109463639922, 0.6581642071636577551, 0.7129438616527403738, 0.7673063782428073409, 0.8806531678382968353, 1.000000000000000000 ),
 .UNSPECIFIED. ) ;
#213 = ORIENTED_EDGE ( 'NONE', *, *, #952, .F. ) ;
#214 = DIRECTION ( 'NONE',  ( -0.000000000000000000, 0.000000000000000000, 1.000000000000000000 ) ) ;
#215 =( NAMED_UNIT ( * ) PLANE_ANGLE_UNIT ( ) SI_UNIT ( $, .RADIAN. ) );
#216 = CARTESIAN_POINT ( 'NONE',  ( -0.5289691230664353983, 0.4000000000000000222, 0.5605616856384626479 ) ) ;
#217 = CARTESIAN_POINT ( 'NONE',  ( -0.007353655231171890398, 0.000000000000000000, -1.311908160093362419 ) ) ;
#218 = VERTEX_POINT ( 'NONE', #1355 ) ;
#219 = EDGE_CURVE ( 'NONE', #2024, #218, #2409, .T. ) ;
#220 = CARTESIAN_POINT ( 'NONE',  ( -0.6490899519138492169, 0.000000000000000000, 1.664916852156784977 ) ) ;
#221 = CARTESIAN_POINT ( 'NONE',  ( 1.412268352485053668, 0.4000000000000000222, -1.017339305123823312 ) ) ;
#222 = CARTESIAN_POINT ( 'NONE',  ( -0.3189886105605977962, 0.000000000000000000, 1.711867468341502496 ) ) ;
#223 = CARTESIAN_POINT ( 'NONE',  ( -0.1240576171128980332, 0.4000000000000000222, 0.6277095885751188264 ) ) ;
#224 = CARTESIAN_POINT ( 'NONE',  ( -1.335129294862147820, 0.000000000000000000, 1.422292000333028383 ) ) ;
#225 = CARTESIAN_POINT ( 'NONE',  ( 0.8448221134589587455, 0.4000000000000000222, -1.796206588951366534 ) ) ;
#226 = ORIENTED_EDGE ( 'NONE', *, *, #956, .F. ) ;
#227 = CARTESIAN_POINT ( 'NONE',  ( 1.163769461086309187, 0.4000000000000000222, 1.794070544628881159 ) ) ;
#228 = DIRECTION ( 'NONE',  ( 0.000000000000000000, -1.000000000000000000, 0.000000000000000000 ) ) ;
#229 = VERTEX_POINT ( 'NONE', #3263 ) ;
#230 = CARTESIAN_POINT ( 'NONE',  ( -1.387257912145851257, -0.000000000000000000, -1.104891797052575786 ) ) ;
#231 = SURFACE_SIDE_STYLE ('',( #1836 ) ) ;
#232 = CARTESIAN_POINT ( 'NONE',  ( -0.3762614420091044409, 0.000000000000000000, 1.709984747271733774 ) ) ;
#233 = CARTESIAN_POINT ( 'NONE',  ( -1.086006624129286280, 0.4000000000000000222, 0.4986312552174472223 ) ) ;
#234 = B_SPLINE_CURVE_WITH_KNOTS ( 'NONE', 3,
 ( #79, #1653, #1373, #2710, #1896, #1162, #1127, #114, #3020, #389, #99, #2745, #1410, #337, #1391 ),
 .UNSPECIFIED., .F., .F.,
 ( 4, 1, 1, 1, 1, 1, 1, 1, 1, 1, 1, 1, 4 ),
 ( 0.000000000000000000, 0.01884756099463848200, 0.04394113417407023020, 0.07699588015202502023, 0.1161822139690416866, 0.2138372565016160853, 0.3315328579219220528, 0.4703561594017290903, 0.6274612503306988831, 0.7128201092224394353, 0.8040276864940395507, 0.8993103697133720820, 1.000000000000000000 ),
 .UNSPECIFIED. ) ;
#235 = CARTESIAN_POINT ( 'NONE',  ( 1.247495697931354064, 0.000000000000000000, 1.309850279446342913 ) ) ;
#236 = CARTESIAN_POINT ( 'NONE',  ( 0.09717656723973745747, 0.4000000000000000222, -2.044509234274439979 ) ) ;
#237 = CARTESIAN_POINT ( 'NONE',  ( -0.5111137323224418383, 0.4000000000000000222, 2.378232655445215116 ) ) ;
#238 = EDGE_CURVE ( 'NONE', #873, #489, #986, .T. ) ;
#239 = CARTESIAN_POINT ( 'NONE',  ( 0.1994634916215114184, 0.000000000000000000, -1.208491581162337125 ) ) ;
#240 = CARTESIAN_POINT ( 'NONE',  ( 0.1726652351953421871, 0.000000000000000000, -0.2605553143192271826 ) ) ;
#241 = CARTESIAN_POINT ( 'NONE',  ( 0.9639647542725020557, 0.4000000000000000222, -1.716938718861476199 ) ) ;
#242 = ORIENTED_EDGE ( 'NONE', *, *, #1735, .F. ) ;
#243 = CARTESIAN_POINT ( 'NONE',  ( 0.000000000000000000, 0.000000000000000000, 0.000000000000000000 ) ) ;
#244 = LINE ( 'NONE', #1003, #697 ) ;
#245 = VERTEX_POINT ( 'NONE', #336 ) ;
#246 = CARTESIAN_POINT ( 'NONE',  ( -0.1781647529843719269, 0.4000000000000000222, 1.707690539200168667 ) ) ;
#247 = CARTESIAN_POINT ( 'NONE',  ( 0.8616450883569798380, 0.000000000000000000, 0.1853906885861230924 ) ) ;
#248 = CARTESIAN_POINT ( 'NONE',  ( 1.247955441942401711, 0.000000000000000000, 1.341880678663065929 ) ) ;
#249 = CARTESIAN_POINT ( 'NONE',  ( -1.174574561847825827, 0.4000000000000000222, -1.190364128820155409 ) ) ;
#250 = VECTOR ( 'NONE', #1974, 1000.000000000000000 ) ;
#251 = CARTESIAN_POINT ( 'NONE',  ( 0.9311402509642339176, 0.000000000000000000, 0.5517797427800487098 ) ) ;
#252 = CARTESIAN_POINT ( 'NONE',  ( -0.1972974952187731279, 0.000000000000000000, -2.062691092417723304 ) ) ;
#253 = CARTESIAN_POINT ( 'NONE',  ( -1.124926501769561105, 0.4000000000000000222, 2.170482447494255229 ) ) ;
#254 = AXIS2_PLACEMENT_3D ( 'NONE', #1008, #285, #2617 ) ;
#255 = CARTESIAN_POINT ( 'NONE',  ( 0.3387691123487930334, 0.000000000000000000, -1.053637510078761386 ) ) ;
#256 = CARTESIAN_POINT ( 'NONE',  ( 0.2798303030384997614, 0.000000000000000000, -0.3559793186574355950 ) ) ;
#257 = CARTESIAN_POINT ( 'NONE',  ( -0.9659457765179590982, 0.4000000000000000222, -0.07934747190099356029 ) ) ;
#258 = VERTEX_POINT ( 'NONE', #1895 ) ;
#259 = ADVANCED_FACE ( 'NONE', ( #2984 ), #2042, .T. ) ;
#260 = DIRECTION ( 'NONE',  ( 0.000000000000000000, 0.000000000000000000, 1.000000000000000000 ) ) ;
#261 = CARTESIAN_POINT ( 'NONE',  ( -0.5619799345926519418, 0.000000000000000000, 0.5599085988562085836 ) ) ;
#262 = ORIENTED_EDGE ( 'NONE', *, *, #2840, .F. ) ;
#263 = EDGE_CURVE ( 'NONE', #2920, #2078, #3174, .T. ) ;
#264 = CARTESIAN_POINT ( 'NONE',  ( 1.107697554256051875, 0.000000000000000000, 0.02605468455225447982 ) ) ;
#265 = CARTESIAN_POINT ( 'NONE',  ( -0.9609656888675064401, 0.4000000000000000222, 0.5599085988562086946 ) ) ;
#266 = CARTESIAN_POINT ( 'NONE',  ( 0.2310703145155794114, 0.000000000000000000, 2.400277275964825652 ) ) ;
#267 = CARTESIAN_POINT ( 'NONE',  ( -1.503946301828022580, 0.4000000000000000222, -1.403021315032360938 ) ) ;
#268 = AXIS2_PLACEMENT_3D ( 'NONE', #2742, #1423, #111 ) ;
#269 = CARTESIAN_POINT ( 'NONE',  ( -1.420010982066173710, 0.000000000000000000, -1.106079345021840243 ) ) ;
#270 = CARTESIAN_POINT ( 'NONE',  ( -1.503946301828022580, 0.000000000000000000, -1.403021315032360938 ) ) ;
#271 = CARTESIAN_POINT ( 'NONE',  ( 0.4159851473141342182, 0.4000000000000000222, -0.7450448079826007541 ) ) ;
#272 = CARTESIAN_POINT ( 'NONE',  ( 0.2879897173713235614, 0.4000000000000000222, 1.186886212716694367 ) ) ;
#273 = CARTESIAN_POINT ( 'NONE',  ( -0.1325348429984342380, 0.4000000000000000222, -0.1266448974004860950 ) ) ;
#274 = CARTESIAN_POINT ( 'NONE',  ( -1.267954727870965748, 0.4000000000000000222, 1.391878893484476576 ) ) ;
#275 = ORIENTED_EDGE ( 'NONE', *, *, #1697, .T. ) ;
#276 = CIRCLE ( 'NONE', #2649, 4.049999999999998046 ) ;
#277 = CARTESIAN_POINT ( 'NONE',  ( 2.565151067676131547, 20.00000000000000000, 1.649999999999999911 ) ) ;
#278 = CARTESIAN_POINT ( 'NONE',  ( -1.085426830522485453, 0.000000000000000000, -0.01948125284172864957 ) ) ;
#279 = ORIENTED_EDGE ( 'NONE', *, *, #2120, .T. ) ;
#280 = CARTESIAN_POINT ( 'NONE',  ( 1.439948586856617530, 0.000000000000000000, -0.7100460576076135233 ) ) ;
#281 = ADVANCED_FACE ( 'NONE', ( #2031 ), #388, .T. ) ;
#282 = CARTESIAN_POINT ( 'NONE',  ( -0.06599764356426149337, 0.000000000000000000, 2.415842333026959832 ) ) ;
#283 = FACE_OUTER_BOUND ( 'NONE', #3213, .T. ) ;
#284 = CARTESIAN_POINT ( 'NONE',  ( -0.9265818049930745204, 0.4000000000000000222, 1.556330466451800065 ) ) ;
#285 = DIRECTION ( 'NONE',  ( -0.000000000000000000, -1.000000000000000000, -0.000000000000000000 ) ) ;
#286 = VERTEX_POINT ( 'NONE', #1444 ) ;
#287 = CARTESIAN_POINT ( 'NONE',  ( 0.9639647542725020557, 0.4000000000000000222, -1.716938718861476199 ) ) ;
#288 = CARTESIAN_POINT ( 'NONE',  ( -0.06599764356426149337, 0.4000000000000000222, 2.415842333026959832 ) ) ;
#289 = CARTESIAN_POINT ( 'NONE',  ( 0.2304556422581999775, 0.000000000000000000, -0.3052195560615471037 ) ) ;
#290 = LINE ( 'NONE', #588, #908 ) ;
#291 = CARTESIAN_POINT ( 'NONE',  ( -0.3306853553563391390, 0.4000000000000000222, -2.062816977240816474 ) ) ;
#292 = VERTEX_POINT ( 'NONE', #704 ) ;
#293 = CARTESIAN_POINT ( 'NONE',  ( 0.9508127223539419859, 0.4000000000000000222, 0.1386931659226298408 ) ) ;
#294 = CARTESIAN_POINT ( 'NONE',  ( -1.174574561847825827, 0.4000000000000000222, -1.190364128820155409 ) ) ;
#295 = ORIENTED_EDGE ( 'NONE', *, *, #1741, .F. ) ;
#296 = CARTESIAN_POINT ( 'NONE',  ( 1.220539716053172574, 0.4000000000000000222, 1.063366132039727630 ) ) ;
#297 = CARTESIAN_POINT ( 'NONE',  ( -1.420010982066173710, 0.4000000000000000222, -1.106079345021840243 ) ) ;
#298 = CARTESIAN_POINT ( 'NONE',  ( -0.06599764356426149337, 0.000000000000000000, 2.415842333026959832 ) ) ;
#299 = CARTESIAN_POINT ( 'NONE',  ( -1.288931753400617497, 0.4000000000000000222, 2.060859975139671008 ) ) ;
#300 = CARTESIAN_POINT ( 'NONE',  ( -1.393950229220919823, 0.000000000000000000, -1.104031990400327068 ) ) ;
#301 = ORIENTED_EDGE ( 'NONE', *, *, #768, .F. ) ;
#302 = CARTESIAN_POINT ( 'NONE',  ( 1.247131360614476270, 0.4000000000000000222, 1.382936820026422264 ) ) ;
#303 = CARTESIAN_POINT ( 'NONE',  ( -1.192257132665049069, 0.4000000000000000222, 2.130167721417032922 ) ) ;
#304 = CARTESIAN_POINT ( 'NONE',  ( 0.2879897173713235614, 0.000000000000000000, 1.186886212716694367 ) ) ;
#305 = DIRECTION ( 'NONE',  ( 0.000000000000000000, -0.000000000000000000, 1.000000000000000000 ) ) ;
#306 = CARTESIAN_POINT ( 'NONE',  ( -1.387466809565713888, 0.000000000000000000, -1.860963292561365057 ) ) ;
#307 = ORIENTED_EDGE ( 'NONE', *, *, #1425, .T. ) ;
#308 = CARTESIAN_POINT ( 'NONE',  ( -1.056351570797827044, 0.000000000000000000, -1.236040582289562151 ) ) ;
#309 = CARTESIAN_POINT ( 'NONE',  ( 1.175402009235677170, 0.4000000000000000222, -0.03842915857199984131 ) ) ;
#310 = CARTESIAN_POINT ( 'NONE',  ( -1.462431535963525819, 0.4000000000000000222, -1.141616650891171370 ) ) ;
#311 = ORIENTED_EDGE ( 'NONE', *, *, #1610, .F. ) ;
#312 = VECTOR ( 'NONE', #2747, 1000.000000000000000 ) ;
#313 = CARTESIAN_POINT ( 'NONE',  ( 0.05626303550375333362, 0.4000000000000000222, 1.628660700081102641 ) ) ;
#314 = CARTESIAN_POINT ( 'NONE',  ( 1.091996224425372697, 0.000000000000000000, 0.7433459834379388953 ) ) ;
#315 = CARTESIAN_POINT ( 'NONE',  ( 0.2529597617289572886, 0.4000000000000000222, 1.392012577060246947 ) ) ;
#316 = CARTESIAN_POINT ( 'NONE',  ( -1.192257132665049069, 0.4000000000000000222, 2.130167721417032922 ) ) ;
#317 = CARTESIAN_POINT ( 'NONE',  ( 1.438395395124074660, 0.4000000000000000222, -0.7631238632961195867 ) ) ;
#318 = VERTEX_POINT ( 'NONE', #972 ) ;
#319 = CARTESIAN_POINT ( 'NONE',  ( -1.371655468805057065, 0.4000000000000000222, -1.106896347109793233 ) ) ;
#320 = CARTESIAN_POINT ( 'NONE',  ( -0.1325348429984342380, 0.4000000000000000222, -0.1266448974004860950 ) ) ;
#321 = CARTESIAN_POINT ( 'NONE',  ( -1.316786006472197901, 0.4000000000000000222, 1.401309237616946923 ) ) ;
#322 = EDGE_CURVE ( 'NONE', #2485, #730, #440, .T. ) ;
#323 = CARTESIAN_POINT ( 'NONE',  ( 0.9508127223539419859, 0.4000000000000000222, 0.1386931659226298408 ) ) ;
#324 = CARTESIAN_POINT ( 'NONE',  ( -0.3306853553563391390, 0.000000000000000000, -2.062816977240816474 ) ) ;
#325 = CARTESIAN_POINT ( 'NONE',  ( -0.5111137323224418383, 0.000000000000000000, 2.378232655445215116 ) ) ;
#326 = LINE ( 'NONE', #361, #1591 ) ;
#327 = CARTESIAN_POINT ( 'NONE',  ( -1.370826705767144604, -5.421010862427522170E-17, 1.551120760700289258 ) ) ;
#328 = CARTESIAN_POINT ( 'NONE',  ( -0.3609871110105823400, 0.000000000000000000, -1.360022850285947715 ) ) ;
#329 = ORIENTED_EDGE ( 'NONE', *, *, #514, .F. ) ;
#330 = CARTESIAN_POINT ( 'NONE',  ( 0.2529597617289572886, 0.4000000000000000222, 1.392012577060246947 ) ) ;
#331 = CARTESIAN_POINT ( 'NONE',  ( 0.9311402509642339176, 0.000000000000000000, 0.5517797427800487098 ) ) ;
#332 = DIRECTION ( 'NONE',  ( 0.000000000000000000, 0.000000000000000000, 1.000000000000000000 ) ) ;
#333 = CARTESIAN_POINT ( 'NONE',  ( -1.261861849454063433, 0.000000000000000000, 2.084506567540544086 ) ) ;
#334 = CARTESIAN_POINT ( 'NONE',  ( 0.2648509810561558986, 0.4000000000000000222, -2.016189535898116336 ) ) ;
#335 = EDGE_LOOP ( 'NONE', ( #54, #1277, #1408, #2865 ) ) ;
#336 = CARTESIAN_POINT ( 'NONE',  ( 0.000000000000000000, 0.9999999999999974465, -5.049999999999999822 ) ) ;
#337 = CARTESIAN_POINT ( 'NONE',  ( -0.3969919853894166573, 0.4000000000000000222, -1.359281968891533188 ) ) ;
#338 = CARTESIAN_POINT ( 'NONE',  ( 0.2075605171319163111, 0.000000000000000000, 1.483771682300988992 ) ) ;
#339 = FACE_OUTER_BOUND ( 'NONE', #1207, .T. ) ;
#340 = CARTESIAN_POINT ( 'NONE',  ( 0.2755590180672432554, 0.000000000000000000, 1.051974094495151224 ) ) ;
#341 = CARTESIAN_POINT ( 'NONE',  ( 0.4459840762069803843, 0.4000000000000000222, 0.3009178460813030642 ) ) ;
#342 = CARTESIAN_POINT ( 'NONE',  ( 0.1622923818574629196, 0.000000000000000000, 0.8209928273470561422 ) ) ;
#343 = EDGE_CURVE ( 'NONE', #3343, #1389, #540, .T. ) ;
#344 = CARTESIAN_POINT ( 'NONE',  ( -0.3189886105605977962, 0.000000000000000000, 1.711867468341502496 ) ) ;
#345 = CARTESIAN_POINT ( 'NONE',  ( -1.292390902988446388, 0.4000000000000000222, 1.393873349837385200 ) ) ;
#346 = VERTEX_POINT ( 'NONE', #422 ) ;
#347 = ADVANCED_FACE ( 'NONE', ( #1211 ), #1490, .T. ) ;
#348 = CARTESIAN_POINT ( 'NONE',  ( -0.2700920907308518304, 0.4000000000000000222, 1.710417165089611169 ) ) ;
#349 = CARTESIAN_POINT ( 'NONE',  ( 0.4459840762069803843, 0.000000000000000000, 0.3109174890455852491 ) ) ;
#350 = CARTESIAN_POINT ( 'NONE',  ( 1.247131360614476270, 0.000000000000000000, 1.382936820026422264 ) ) ;
#351 = CARTESIAN_POINT ( 'NONE',  ( -1.367694155069333561, 0.000000000000000000, 1.897063969759776425 ) ) ;
#352 = CARTESIAN_POINT ( 'NONE',  ( 1.372178749343858639, 0.4000000000000000222, -1.158572545125582831 ) ) ;
#353 = VERTEX_POINT ( 'NONE', #248 ) ;
#354 = CARTESIAN_POINT ( 'NONE',  ( -1.375603406792332395, 0.4000000000000000222, 1.735525417680131799 ) ) ;
#355 = CARTESIAN_POINT ( 'NONE',  ( -1.119738534930362794, 0.4000000000000000222, 0.2769300272225010406 ) ) ;
#356 = CARTESIAN_POINT ( 'NONE',  ( -0.2282998002658689352, 0.000000000000000000, -0.1052463187147764379 ) ) ;
#357 = VECTOR ( 'NONE', #570, 1000.000000000000000 ) ;
#358 = CARTESIAN_POINT ( 'NONE',  ( 1.437828497728758315, 0.4000000000000000222, -0.6143295300746953735 ) ) ;
#359 = CARTESIAN_POINT ( 'NONE',  ( -1.060592912779382058, 0.4000000000000000222, -0.05128525069898701161 ) ) ;
#360 = ORIENTED_EDGE ( 'NONE', *, *, #1354, .T. ) ;
#361 = CARTESIAN_POINT ( 'NONE',  ( -0.5609799702962237067, 0.000000000000000000, -0.08006855085784347903 ) ) ;
#362 = CARTESIAN_POINT ( 'NONE',  ( 1.133408105016711742, 0.4000000000000000222, 0.8168305160104165630 ) ) ;
#363 = CARTESIAN_POINT ( 'NONE',  ( -0.6660283190552965804, 0.000000000000000000, -1.338080134695907031 ) ) ;
#364 = EDGE_CURVE ( 'NONE', #2300, #1471, #2873, .T. ) ;
#365 = EDGE_LOOP ( 'NONE', ( #1799, #2104, #1803, #1730 ) ) ;
#366 = CARTESIAN_POINT ( 'NONE',  ( 1.246588228140680599, 0.4000000000000000222, 1.246626792083971313 ) ) ;
#367 = CARTESIAN_POINT ( 'NONE',  ( 0.5409413810442019743, 0.000000000000000000, 0.3347535470277476222 ) ) ;
#368 = EDGE_CURVE ( 'NONE', #2408, #3011, #1315, .T. ) ;
#369 = CARTESIAN_POINT ( 'NONE',  ( 0.2648509810561558986, 0.000000000000000000, -2.016189535898116336 ) ) ;
#370 = CARTESIAN_POINT ( 'NONE',  ( -1.349045568480089941, 0.000000000000000000, 1.975009731332110441 ) ) ;
#371 = DIRECTION ( 'NONE',  ( 0.000000000000000000, -1.000000000000000000, 0.000000000000000000 ) ) ;
#372 = CARTESIAN_POINT ( 'NONE',  ( -1.021930699909558538, 0.4000000000000000222, 2.222981793775145487 ) ) ;
#373 = FACE_OUTER_BOUND ( 'NONE', #119, .T. ) ;
#374 = CARTESIAN_POINT ( 'NONE',  ( -0.2282998002658689352, 0.4000000000000000222, -0.1052463187147764379 ) ) ;
#375 = CARTESIAN_POINT ( 'NONE',  ( 0.000000000000000000, 0.000000000000000000, 0.000000000000000000 ) ) ;
#376 = CARTESIAN_POINT ( 'NONE',  ( -1.086006624129286280, 0.4000000000000000222, 0.4986312552174472223 ) ) ;
#377 = ORIENTED_EDGE ( 'NONE', *, *, #562, .F. ) ;
#378 = CARTESIAN_POINT ( 'NONE',  ( -0.2824573414518485870, 0.4000000000000000222, 0.5837643875079914224 ) ) ;
#379 = CLOSED_SHELL ( 'NONE', ( #2311, #156, #1823, #3052, #3032, #1160, #2564, #1929, #2861, #1718, #1656, #607, #1401, #1806, #2191, #832, #2058, #1786, #601, #2690, #2053 ) ) ;
#380 = CARTESIAN_POINT ( 'NONE',  ( 1.424800915314415883, 0.000000000000000000, -0.5207615537225155355 ) ) ;
#381 = CARTESIAN_POINT ( 'NONE',  ( -1.393950229220919823, 0.4000000000000000222, -1.104031990400327068 ) ) ;
#382 = ORIENTED_EDGE ( 'NONE', *, *, #1270, .T. ) ;
#383 = CARTESIAN_POINT ( 'NONE',  ( -1.063053227845252913, 0.000000000000000000, 0.5286826280446345061 ) ) ;
#384 = CARTESIAN_POINT ( 'NONE',  ( -1.375491362215881086, -0.000000000000000000, 1.679545651763945768 ) ) ;
#385 = CARTESIAN_POINT ( 'NONE',  ( -0.2824573414518485870, 0.000000000000000000, 0.5837643875079914224 ) ) ;
#386 = EDGE_CURVE ( 'NONE', #2736, #1669, #1468, .T. ) ;
#387 = CARTESIAN_POINT ( 'NONE',  ( -1.358314509104268319, 0.4000000000000000222, -1.875077198622074892 ) ) ;
#388 = PLANE ( 'NONE',  #2034 ) ;
#389 = CARTESIAN_POINT ( 'NONE',  ( -0.7834274058628610815, 0.4000000000000000222, -1.316265407590222258 ) ) ;
#390 = CARTESIAN_POINT ( 'NONE',  ( -0.6753624700909997003, 0.4000000000000000222, -2.043814476867579444 ) ) ;
#391 = CARTESIAN_POINT ( 'NONE',  ( 1.424800915314415883, 0.000000000000000000, -0.5207615537225155355 ) ) ;
#392 = CARTESIAN_POINT ( 'NONE',  ( -1.029740293508941473, 0.4000000000000000222, -0.07188760554025622196 ) ) ;
#393 = ORIENTED_EDGE ( 'NONE', *, *, #1635, .F. ) ;
#394 = CARTESIAN_POINT ( 'NONE',  ( 0.2870625992470807186, 0.4000000000000000222, 1.163859224248881663 ) ) ;
#395 = B_SPLINE_CURVE_WITH_KNOTS ( 'NONE', 3,
 ( #401, #1770, #1441, #2824, #1959, #3016, #1494, #652, #1457, #2510, #142, #1991, #1226, #1189, #3344, #2492, #2255, #2787, #2756 ),
 .UNSPECIFIED., .F., .F.,
 ( 4, 1, 1, 1, 1, 1, 1, 1, 1, 1, 1, 1, 1, 1, 1, 1, 4 ),
 ( 0.000000000000000000, 0.08005801231394923945, 0.1562173183688796707, 0.2273717993318709885, 0.2954213627088734251, 0.3603277124659228781, 0.4217353532226664203, 0.4806410846517898405, 0.5374850325469214818, 0.5930221587964947805, 0.6483083758520717943, 0.7030696109480348843, 0.7593023671793133200, 0.8163454354349610753, 0.8751961447630955959, 0.9360384557347473100, 1.000000000000000000 ),
 .UNSPECIFIED. ) ;
#396 = CARTESIAN_POINT ( 'NONE',  ( 1.235884358546943007, 0.4000000000000000222, 1.153465286586176530 ) ) ;
#397 = CARTESIAN_POINT ( 'NONE',  ( -0.9744047055723540351, -0.000000000000000000, 0.5596343556738199165 ) ) ;
#398 = EDGE_LOOP ( 'NONE', ( #2028, #1009, #2719, #1625 ) ) ;
#399 = CARTESIAN_POINT ( 'NONE',  ( 1.045030366370488961, 0.4000000000000000222, 0.6742936175874481020 ) ) ;
#400 = CARTESIAN_POINT ( 'NONE',  ( -1.060592912779382058, 0.4000000000000000222, -0.05128525069898701161 ) ) ;
#401 = CARTESIAN_POINT ( 'NONE',  ( -0.06599764356426149337, 0.4000000000000000222, 2.415842333026959832 ) ) ;
#402 = CARTESIAN_POINT ( 'NONE',  ( -1.503864117086850971, 0.4000000000000000222, -1.434689271312190595 ) ) ;
#403 = ADVANCED_FACE ( 'NONE', ( #3382 ), #439, .T. ) ;
#404 = CARTESIAN_POINT ( 'NONE',  ( -0.2579907884784772287, 0.000000000000000000, -2.063997714971405273 ) ) ;
#405 = CARTESIAN_POINT ( 'NONE',  ( -0.9994979139597511830, 0.4000000000000000222, 0.5591222913259853433 ) ) ;
#406 = CARTESIAN_POINT ( 'NONE',  ( -1.375950871885212035, -5.421010862427522170E-17, 1.709867539748646248 ) ) ;
#407 = CARTESIAN_POINT ( 'NONE',  ( 1.175402009235677170, 0.000000000000000000, -0.03842915857199984131 ) ) ;
#408 = EDGE_CURVE ( 'NONE', #2823, #1082, #1757, .T. ) ;
#409 = CARTESIAN_POINT ( 'NONE',  ( -1.119960011999591387, 0.4000000000000000222, 0.2479197383706082947 ) ) ;
#410 = CARTESIAN_POINT ( 'NONE',  ( 0.3673594929774725570, 0.000000000000000000, 2.376828148973892496 ) ) ;
#411 = CARTESIAN_POINT ( 'NONE',  ( -1.374306384565631145, 0.000000000000000000, 1.845393725761207859 ) ) ;
#412 = CARTESIAN_POINT ( 'NONE',  ( 1.402127169467813017, 0.000000000000000000, -0.4305903216940969447 ) ) ;
#413 = CARTESIAN_POINT ( 'NONE',  ( 0.4459840762069803843, 0.4000000000000000222, 0.3009178460813030642 ) ) ;
#414 = EDGE_LOOP ( 'NONE', ( #2074, #2318, #2182, #1117 ) ) ;
#415 = CARTESIAN_POINT ( 'NONE',  ( 0.6124208930908972004, 0.000000000000000000, 2.304043398272572318 ) ) ;
#416 = CARTESIAN_POINT ( 'NONE',  ( -1.114233156060972618, 0.000000000000000000, 0.08533686398472728474 ) ) ;
#417 = ORIENTED_EDGE ( 'NONE', *, *, #1182, .T. ) ;
#418 = DIRECTION ( 'NONE',  ( -0.000000000000000000, -1.000000000000000000, -0.000000000000000000 ) ) ;
#419 = PRODUCT_DEFINITION_SHAPE ( 'NONE', 'NONE',  #3217 ) ;
#420 = AXIS2_PLACEMENT_3D ( 'NONE', #1914, #2967, #603 ) ;
#421 = CARTESIAN_POINT ( 'NONE',  ( -1.160257551616574068, 0.4000000000000000222, -1.949285133478493304 ) ) ;
#422 = CARTESIAN_POINT ( 'NONE',  ( -0.5619799345926519418, 0.4000000000000000222, 0.5599085988562085836 ) ) ;
#423 = CARTESIAN_POINT ( 'NONE',  ( -0.3306413586189863030, 0.4000000000000000222, -1.359372091377444747 ) ) ;
#424 = CARTESIAN_POINT ( 'NONE',  ( -1.358314509104268319, 0.4000000000000000222, -1.875077198622074892 ) ) ;
#425 = CARTESIAN_POINT ( 'NONE',  ( 0.000000000000000000, 20.00000000000000000, 0.000000000000000000 ) ) ;
#426 = CARTESIAN_POINT ( 'NONE',  ( -1.101301785491259011, -1.084202172485504434E-16, 0.4559256562003337065 ) ) ;
#427 = CARTESIAN_POINT ( 'NONE',  ( 0.1025998712952996134, 0.4000000000000000222, -1.268255015581575940 ) ) ;
#428 = CARTESIAN_POINT ( 'NONE',  ( -1.112864452135039262, 0.4000000000000000222, 0.4004697518324028538 ) ) ;
#429 = ADVANCED_FACE ( 'NONE', ( #2980 ), #2946, .T. ) ;
#430 = CARTESIAN_POINT ( 'NONE',  ( 1.247955441942401711, 0.000000000000000000, 1.341880678663065929 ) ) ;
#431 = CARTESIAN_POINT ( 'NONE',  ( 1.437828497728758315, 0.4000000000000000222, -0.6143295300746953735 ) ) ;
#432 = CARTESIAN_POINT ( 'NONE',  ( -1.119960011999591387, 0.4000000000000000222, 0.2479197383706082947 ) ) ;
#433 = ORIENTED_EDGE ( 'NONE', *, *, #3243, .F. ) ;
#434 = CARTESIAN_POINT ( 'NONE',  ( 0.7215402829363631865, 0.000000000000000000, 2.256595263262166196 ) ) ;
#435 = CARTESIAN_POINT ( 'NONE',  ( -0.9921693082003996134, 0.4000000000000000222, -0.07799485724063733028 ) ) ;
#436 = ORIENTED_EDGE ( 'NONE', *, *, #785, .T. ) ;
#437 = CARTESIAN_POINT ( 'NONE',  ( 0.1187804438209357771, 0.4000000000000000222, 0.7723295239393488387 ) ) ;
#438 = CARTESIAN_POINT ( 'NONE',  ( -1.413473365764365886, 0.4000000000000000222, -1.841643121972665886 ) ) ;
#439 = B_SPLINE_SURFACE_WITH_KNOTS ( 'NONE', 3, 1, ( 
 ( #752, #1807 ),
 ( #2862, #1821 ),
 ( #2879, #512 ),
 ( #3222, #3260 ),
 ( #1908, #351 ),
 ( #2669, #871 ),
 ( #1158, #370 ),
 ( #2723, #1405 ),
 ( #816, #1086 ),
 ( #853, #836 ),
 ( #636, #333 ),
 ( #2477, #598 ),
 ( #316, #1648 ),
 ( #2461, #95 ),
 ( #40, #3188 ),
 ( #2443, #1926 ),
 ( #1105, #3241 ),
 ( #1122, #2170 ),
 ( #2189, #1141 ),
 ( #75, #1890 ),
 ( #2208, #888 ) ),
 .UNSPECIFIED., .F., .F., .F.,
 ( 4, 1, 1, 1, 1, 1, 1, 1, 1, 1, 1, 1, 1, 1, 1, 1, 1, 1, 4 ),
 ( 2, 2 ),
 ( 0.000000000000000000, 0.04618021369592312242, 0.08338048637253402118, 0.1141757308677434496, 0.1398156521358968063, 0.1612457443688149750, 0.1805573315818425617, 0.2011923301351904725, 0.2266492575870860948, 0.2432359315937908384, 0.2656903907184886560, 0.2929681590677117864, 0.3265990921177970296, 0.4067921246565798787, 0.5006703359449099500, 0.6082094252650039889, 0.7280894338561564316, 0.8595438823833522202, 1.000000000000000000 ),
 ( 0.000000000000000000, 1.000000000000000000 ),
 .UNSPECIFIED. ) ;
#440 = LINE ( 'NONE', #990, #2421 ) ;
#441 = VECTOR ( 'NONE', #1867, 1000.000000000000000 ) ;
#442 = CARTESIAN_POINT ( 'NONE',  ( -0.06599764356426149337, 0.000000000000000000, 2.415842333026959832 ) ) ;
#443 = CARTESIAN_POINT ( 'NONE',  ( 0.08555504567204891275, 0.000000000000000000, 2.412534431009430325 ) ) ;
#444 = CARTESIAN_POINT ( 'NONE',  ( -1.119338016439989980, 0.4000000000000000222, 0.3293921495394596111 ) ) ;
#445 = CARTESIAN_POINT ( 'NONE',  ( -0.007353655231171890398, 0.4000000000000000222, -1.311908160093362419 ) ) ;
#446 = CARTESIAN_POINT ( 'NONE',  ( -1.119338016439989980, 0.4000000000000000222, 0.3293921495394596111 ) ) ;
#447 = CARTESIAN_POINT ( 'NONE',  ( -1.498003037442620977, 0.4000000000000000222, -1.264124541255858603 ) ) ;
#448 = CARTESIAN_POINT ( 'NONE',  ( -1.063053227845252913, 0.000000000000000000, 0.5286826280446345061 ) ) ;
#449 = CARTESIAN_POINT ( 'NONE',  ( 1.070303614450996088, 0.4000000000000000222, -1.625217734022309957 ) ) ;
#450 = ORIENTED_EDGE ( 'NONE', *, *, #3284, .F. ) ;
#451 = EDGE_CURVE ( 'NONE', #3321, #2661, #2411, .T. ) ;
#452 = CARTESIAN_POINT ( 'NONE',  ( 0.4459840762069803843, 0.000000000000000000, 0.3109174890455852491 ) ) ;
#453 = DIRECTION ( 'NONE',  ( -0.000000000000000000, -1.000000000000000000, -0.000000000000000000 ) ) ;
#454 = EDGE_LOOP ( 'NONE', ( #1310, #523, #2819, #2304, #1225, #1154, #1048, #2783, #1769, #935, #2402, #982, #3255, #1555, #3117, #3408, #1337, #3379, #3236 ) ) ;
#455 = CARTESIAN_POINT ( 'NONE',  ( 0.2320906727471513109, 0.4000000000000000222, 0.9287613780361027027 ) ) ;
#456 = CARTESIAN_POINT ( 'NONE',  ( -1.040130541250419594, 0.4000000000000000222, 1.499383109729632624 ) ) ;
#457 = CARTESIAN_POINT ( 'NONE',  ( -0.3189886105605978517, 0.4000000000000000222, 1.711867468341502718 ) ) ;
#458 = CARTESIAN_POINT ( 'NONE',  ( -1.033871568434238997, -1.084202172485504434E-16, 0.5475092685017913796 ) ) ;
#459 = CARTESIAN_POINT ( 'NONE',  ( -1.119960011999591387, 0.000000000000000000, 0.2479197383706082947 ) ) ;
#460 = CARTESIAN_POINT ( 'NONE',  ( 1.091996224425372697, 0.4000000000000000222, 0.7433459834379388953 ) ) ;
#461 = CARTESIAN_POINT ( 'NONE',  ( 0.3772029046219545489, 0.4000000000000000222, -0.9800462846333741762 ) ) ;
#462 = CARTESIAN_POINT ( 'NONE',  ( -0.3762614420091044409, -0.000000000000000000, 1.709984747271733774 ) ) ;
#463 = CARTESIAN_POINT ( 'NONE',  ( -0.5609799702962237067, 0.4000000000000000222, -0.08006855085784347903 ) ) ;
#464 = CARTESIAN_POINT ( 'NONE',  ( 0.4151381368705048258, 0.4000000000000000222, -0.7203440373491074578 ) ) ;
#465 = CARTESIAN_POINT ( 'NONE',  ( 1.439948586856617530, 0.4000000000000000222, -0.7100460576076135233 ) ) ;
#466 = ORIENTED_EDGE ( 'NONE', *, *, #1330, .F. ) ;
#467 = B_SPLINE_SURFACE_WITH_KNOTS ( 'NONE', 3, 1, ( 
 ( #1333, #298 ),
 ( #2390, #2945 ),
 ( #20, #579 ),
 ( #1067, #266 ),
 ( #3187, #2361 ),
 ( #2928, #2133 ),
 ( #1628, #2686 ),
 ( #1350, #1368 ),
 ( #2425, #57 ),
 ( #1314, #1104 ),
 ( #3413, #1036 ),
 ( #2100, #3151 ),
 ( #781, #2375 ),
 ( #815, #3 ),
 ( #1051, #2116 ),
 ( #3168, #563 ),
 ( #1780, #2836 ),
 ( #2722, #350 ),
 ( #635, #1748 ) ),
 .UNSPECIFIED., .F., .F., .F.,
 ( 4, 1, 1, 1, 1, 1, 1, 1, 1, 1, 1, 1, 1, 1, 1, 1, 4 ),
 ( 2, 2 ),
 ( 0.000000000000000000, 0.08005801231394923945, 0.1562173183688796707, 0.2273717993318709885, 0.2954213627088734251, 0.3603277124659228781, 0.4217353532226664203, 0.4806410846517898405, 0.5374850325469214818, 0.5930221587964947805, 0.6483083758520717943, 0.7030696109480348843, 0.7593023671793133200, 0.8163454354349610753, 0.8751961447630955959, 0.9360384557347473100, 1.000000000000000000 ),
 ( 0.000000000000000000, 1.000000000000000000 ),
 .UNSPECIFIED. ) ;
#468 = CARTESIAN_POINT ( 'NONE',  ( -0.5619799345926519418, 0.4000000000000000222, 0.5599085988562085836 ) ) ;
#469 = CARTESIAN_POINT ( 'NONE',  ( -1.503864117086850971, 0.4000000000000000222, -1.434689271312190595 ) ) ;
#470 =( GEOMETRIC_REPRESENTATION_CONTEXT ( 3 ) GLOBAL_UNCERTAINTY_ASSIGNED_CONTEXT ( ( #776 ) ) GLOBAL_UNIT_ASSIGNED_CONTEXT ( ( #1194, #2260, #689 ) ) REPRESENTATION_CONTEXT ( 'NONE', 'WORKASPACE' ) );
#471 = ORIENTED_EDGE ( 'NONE', *, *, #2541, .T. ) ;
#472 = CARTESIAN_POINT ( 'NONE',  ( 0.4459840762069803843, 0.4000000000000000222, 0.3109174890455852491 ) ) ;
#473 = CARTESIAN_POINT ( 'NONE',  ( -0.7955155243421712097, 0.4000000000000000222, 1.613070008554264412 ) ) ;
#474 = ADVANCED_FACE ( 'NONE', ( #195 ), #3175, .T. ) ;
#475 = B_SPLINE_CURVE_WITH_KNOTS ( 'NONE', 3,
 ( #85, #1378, #3007, #644, #1435, #135, #1676, #1167, #2435, #1114, #1693, #1415, #1151, #2749, #1181, #1983, #3283, #1133, #104, #2179, #863 ),
 .UNSPECIFIED., .F., .F.,
 ( 4, 1, 1, 1, 1, 1, 1, 1, 1, 1, 1, 1, 1, 1, 1, 1, 1, 1, 4 ),
 ( 0.000000000000000000, 0.1325257415427738839, 0.2575290077627794827, 0.3717432874816157806, 0.4726868854724723401, 0.5593540911557588480, 0.6308444315745350695, 0.6602968409534745176, 0.6847557356507029125, 0.7040587397599338271, 0.7192508928703537086, 0.7433753431868794781, 0.7668244696531077986, 0.7920049765009365972, 0.8198857854262050493, 0.8532587654585465087, 0.8935909992881692077, 0.9422666199209731586, 1.000000000000000000 ),
 .UNSPECIFIED. ) ;
#476 = CARTESIAN_POINT ( 'NONE',  ( -0.9265818049930745204, 0.000000000000000000, 1.556330466451800065 ) ) ;
#477 = CARTESIAN_POINT ( 'NONE',  ( -0.9744047055723540351, -1.084202172485504434E-16, 0.5596343556738199165 ) ) ;
#478 = CARTESIAN_POINT ( 'NONE',  ( -1.503946301828022580, 0.4000000000000000222, -1.403021315032360938 ) ) ;
#479 = AXIS2_PLACEMENT_3D ( 'NONE', #2383, #3144, #2368 ) ;
#480 = CARTESIAN_POINT ( 'NONE',  ( -0.6490899519138492169, 0.4000000000000000222, 1.664916852156784977 ) ) ;
#481 = CARTESIAN_POINT ( 'NONE',  ( 1.202458440759296643, 0.000000000000000000, 1.690419719360158890 ) ) ;
#482 = CARTESIAN_POINT ( 'NONE',  ( -1.334535257882124792, 0.000000000000000000, 2.006058446555353036 ) ) ;
#483 = CARTESIAN_POINT ( 'NONE',  ( 0.2870625992470807186, 0.4000000000000000222, 1.163859224248881663 ) ) ;
#484 = CARTESIAN_POINT ( 'NONE',  ( 0.4026954530456103853, 0.4000000000000000222, -0.6007551168600537839 ) ) ;
#485 = CARTESIAN_POINT ( 'NONE',  ( -0.1972974952187731279, 0.4000000000000000222, -2.062691092417723304 ) ) ;
#486 = ORIENTED_EDGE ( 'NONE', *, *, #558, .F. ) ;
#487 = CARTESIAN_POINT ( 'NONE',  ( -1.335129294862147820, -5.421010862427522170E-17, 1.422292000333028383 ) ) ;
#488 = CARTESIAN_POINT ( 'NONE',  ( -1.503560462938725362, -0.000000000000000000, -1.377013177553416456 ) ) ;
#489 = VERTEX_POINT ( 'NONE', #2805 ) ;
#490 = CARTESIAN_POINT ( 'NONE',  ( 0.2834472873772670987, 0.4000000000000000222, 1.292128289564637544 ) ) ;
#491 = B_SPLINE_CURVE_WITH_KNOTS ( 'NONE', 3,
 ( #2622, #206, #2315, #2297, #979, #519, #1303, #239, #1552, #3354, #255, #3371, #2816, #727, #2087 ),
 .UNSPECIFIED., .F., .F.,
 ( 4, 1, 1, 1, 1, 1, 1, 1, 1, 1, 1, 1, 4 ),
 ( 0.000000000000000000, 0.08137218100060790438, 0.1585634365385522604, 0.2311471217972134451, 0.3002931195026011801, 0.4282472870135871634, 0.5467613473585277717, 0.6030937109463639922, 0.6581642071636577551, 0.7129438616527403738, 0.7673063782428073409, 0.8806531678382968353, 1.000000000000000000 ),
 .UNSPECIFIED. ) ;
#492 = VECTOR ( 'NONE', #2463, 1000.000000000000000 ) ;
#493 = B_SPLINE_CURVE_WITH_KNOTS ( 'NONE', 3,
 ( #413, #190, #678, #1503, #963, #1486, #2751, #1470, #713, #646, #2022, #2817, #2504, #2002, #152, #2799, #431, #173, #137 ),
 .UNSPECIFIED., .F., .F.,
 ( 4, 1, 1, 1, 1, 1, 1, 1, 1, 1, 1, 1, 1, 1, 1, 1, 4 ),
 ( 0.000000000000000000, 0.07327054031221381936, 0.1438749677726260945, 0.2120049119278626937, 0.2783493746696986681, 0.3428844445526303963, 0.4054889888311944413, 0.4661727302502823855, 0.5264895117494928778, 0.5851195494856963331, 0.6434825106193874378, 0.7012222357644417592, 0.7597540186400875140, 0.8187615068694971132, 0.8775456132934722486, 0.9383917376312451708, 1.000000000000000000 ),
 .UNSPECIFIED. ) ;
#494 = CARTESIAN_POINT ( 'NONE',  ( -1.260217733129085138, 0.4000000000000000222, 1.392559292313966690 ) ) ;
#495 = CARTESIAN_POINT ( 'NONE',  ( -0.6490899519138492169, 0.4000000000000000222, 1.664916852156784977 ) ) ;
#496 = PRODUCT_DEFINITION_CONTEXT ( 'detailed design', #1429, 'design' ) ;
#497 = CARTESIAN_POINT ( 'NONE',  ( -0.6660283190552965804, 0.4000000000000000222, -1.338080134695907031 ) ) ;
#498 = EDGE_CURVE ( 'NONE', #2661, #621, #395, .T. ) ;
#499 = CARTESIAN_POINT ( 'NONE',  ( 1.133408105016711742, 0.4000000000000000222, 0.8168305160104165630 ) ) ;
#500 = CARTESIAN_POINT ( 'NONE',  ( 0.03587549320808545300, 0.4000000000000000222, -0.1831967979373058664 ) ) ;
#501 = CARTESIAN_POINT ( 'NONE',  ( -0.8765404841809063541, 0.000000000000000000, 2.281407563360666302 ) ) ;
#502 = CARTESIAN_POINT ( 'NONE',  ( -1.420010982066173710, 0.000000000000000000, -1.106079345021840243 ) ) ;
#503 = CARTESIAN_POINT ( 'NONE',  ( -1.393950229220919823, 0.4000000000000000222, -1.104031990400327068 ) ) ;
#504 = DIRECTION ( 'NONE',  ( 0.000000000000000000, 0.000000000000000000, 1.000000000000000000 ) ) ;
#505 = EDGE_LOOP ( 'NONE', ( #3065, #1615, #13, #2655 ) ) ;
#506 = CARTESIAN_POINT ( 'NONE',  ( 1.116471534784914121, 0.000000000000000000, 1.891199315431270067 ) ) ;
#507 = CARTESIAN_POINT ( 'NONE',  ( 0.1622923818574629196, 0.000000000000000000, 0.8209928273470561422 ) ) ;
#508 = ORIENTED_EDGE ( 'NONE', *, *, #1420, .T. ) ;
#509 = CARTESIAN_POINT ( 'NONE',  ( -1.413473365764365886, 0.000000000000000000, -1.841643121972665886 ) ) ;
#510 = B_SPLINE_SURFACE_WITH_KNOTS ( 'NONE', 3, 1, ( 
 ( #2900, #2969 ),
 ( #2412, #3159 ),
 ( #2381, #605 ),
 ( #10, #1058 ),
 ( #1129, #1844 ),
 ( #2123, #3176 ),
 ( #805, #1861 ),
 ( #2917, #1602 ),
 ( #2658, #289 ),
 ( #1461, #3296 ),
 ( #3021, #892 ),
 ( #640, #2497 ),
 ( #1690, #1722 ),
 ( #1163, #1980 ),
 ( #374, #356 ),
 ( #657, #2196 ),
 ( #1707, #1431 ),
 ( #2515, #2243 ),
 ( #1177, #146 ) ),
 .UNSPECIFIED., .F., .F., .F.,
 ( 4, 1, 1, 1, 1, 1, 1, 1, 1, 1, 1, 1, 1, 1, 1, 1, 4 ),
 ( 2, 2 ),
 ( 0.000000000000000000, 0.05568104497087090349, 0.1096633112279710442, 0.1612663231561356492, 0.2127653021675542100, 0.2639288510208084304, 0.3159242040629537396, 0.3685240490275151215, 0.4230887997606669892, 0.4801963192449207884, 0.5406788027646574069, 0.6051418040589169323, 0.6740860710511028531, 0.7471874152496615906, 0.8261363578683916797, 0.9098098657221785901, 1.000000000000000000 ),
 ( 0.000000000000000000, 1.000000000000000000 ),
 .UNSPECIFIED. ) ;
#511 = DIRECTION ( 'NONE',  ( 0.000000000000000000, 1.000000000000000000, 0.000000000000000000 ) ) ;
#512 = CARTESIAN_POINT ( 'NONE',  ( -1.374976042687165556, 0.000000000000000000, 1.781851888910888304 ) ) ;
#513 = CYLINDRICAL_SURFACE ( 'NONE', #254, 4.349999999999999645 ) ;
#514 = EDGE_CURVE ( 'NONE', #1904, #808, #3309, .T. ) ;
#515 = EDGE_LOOP ( 'NONE', ( #2428, #295, #226, #1940 ) ) ;
#516 = CARTESIAN_POINT ( 'NONE',  ( 0.7928462050426109409, 0.4000000000000000222, 0.4485773519596977232 ) ) ;
#517 = CARTESIAN_POINT ( 'NONE',  ( 0.4159851473141342182, 0.000000000000000000, -0.7450448079826007541 ) ) ;
#518 = LINE ( 'NONE', #1566, #2640 ) ;
#519 = CARTESIAN_POINT ( 'NONE',  ( -0.007353655231171890398, 0.000000000000000000, -1.311908160093362419 ) ) ;
#520 = EDGE_CURVE ( 'NONE', #763, #3043, #2582, .T. ) ;
#521 = CARTESIAN_POINT ( 'NONE',  ( -0.4438156693288881072, 0.4000000000000000222, -0.08158815991571639892 ) ) ;
#522 = DIRECTION ( 'NONE',  ( -1.000000000000000000, 0.000000000000000000, -0.000000000000000000 ) ) ;
#523 = ORIENTED_EDGE ( 'NONE', *, *, #343, .T. ) ;
#524 = CARTESIAN_POINT ( 'NONE',  ( 1.202458440759296643, 0.4000000000000000222, 1.690419719360158890 ) ) ;
#525 = CARTESIAN_POINT ( 'NONE',  ( 0.4159851473141342182, 0.000000000000000000, -0.7450448079826007541 ) ) ;
#526 = ORIENTED_EDGE ( 'NONE', *, *, #1462, .T. ) ;
#527 = B_SPLINE_CURVE_WITH_KNOTS ( 'NONE', 3,
 ( #1210, #2273, #953, #182, #1227, #1049, #780, #1560, #2323, #3381, #1820, #735, #3166, #1576, #2099, #1006, #544, #1788, #280 ),
 .UNSPECIFIED., .F., .F.,
 ( 4, 1, 1, 1, 1, 1, 1, 1, 1, 1, 1, 1, 1, 1, 1, 1, 4 ),
 ( 0.000000000000000000, 0.07327054031221381936, 0.1438749677726260945, 0.2120049119278626937, 0.2783493746696986681, 0.3428844445526303963, 0.4054889888311944413, 0.4661727302502823855, 0.5264895117494928778, 0.5851195494856963331, 0.6434825106193874378, 0.7012222357644417592, 0.7597540186400875140, 0.8187615068694971132, 0.8775456132934722486, 0.9383917376312451708, 1.000000000000000000 ),
 .UNSPECIFIED. ) ;
#528 = CARTESIAN_POINT ( 'NONE',  ( 1.033149468946106708, 0.000000000000000000, 0.08588774054734532593 ) ) ;
#529 = CARTESIAN_POINT ( 'NONE',  ( 0.2834472873772670987, 0.000000000000000000, 1.292128289564637544 ) ) ;
#530 = CARTESIAN_POINT ( 'NONE',  ( -0.7955155243421712097, 0.000000000000000000, 1.613070008554264412 ) ) ;
#531 = CARTESIAN_POINT ( 'NONE',  ( 1.439948586856617530, 0.000000000000000000, -0.7100460576076135233 ) ) ;
#532 = CARTESIAN_POINT ( 'NONE',  ( 1.070303614450996088, 0.000000000000000000, -1.625217734022309957 ) ) ;
#533 = CARTESIAN_POINT ( 'NONE',  ( -1.334535257882124792, 0.000000000000000000, 2.006058446555353036 ) ) ;
#534 = AXIS2_PLACEMENT_3D ( 'NONE', #1872, #2151, #332 ) ;
#535 = FACE_OUTER_BOUND ( 'NONE', #515, .T. ) ;
#536 = CARTESIAN_POINT ( 'NONE',  ( 0.3772029046219545489, 0.4000000000000000222, -0.9800462846333741762 ) ) ;
#537 = CARTESIAN_POINT ( 'NONE',  ( 0.2879897173713235614, 0.4000000000000000222, 1.186886212716694367 ) ) ;
#538 = EDGE_LOOP ( 'NONE', ( #1522, #1911, #377, #1016 ) ) ;
#539 = EDGE_CURVE ( 'NONE', #1835, #161, #1800, .T. ) ;
#540 = B_SPLINE_CURVE_WITH_KNOTS ( 'NONE', 3,
 ( #954, #2494, #669, #1994, #2789, #2773, #1720, #1175, #1496, #1736, #2548, #2827, #2241, #3050, #1978, #2290, #1228, #3293, #404 ),
 .UNSPECIFIED., .F., .F.,
 ( 4, 1, 1, 1, 1, 1, 1, 1, 1, 1, 1, 1, 1, 1, 1, 1, 4 ),
 ( 0.000000000000000000, 0.06509329881291829600, 0.1267371625053367035, 0.1866634510599753938, 0.2447553091875904474, 0.3017078866895193667, 0.3581340630724227370, 0.4145483870839548057, 0.4716695005592825840, 0.5299595906722391891, 0.5898077156831291745, 0.6520856395206905409, 0.7171224114194230115, 0.7844577398806801272, 0.8536929000030059056, 0.9255443954062780865, 1.000000000000000000 ),
 .UNSPECIFIED. ) ;
#541 = CARTESIAN_POINT ( 'NONE',  ( 1.228996100122349944, 0.4000000000000000222, 1.579964325699211969 ) ) ;
#542 = CARTESIAN_POINT ( 'NONE',  ( 0.2014851085897332306, 0.000000000000000000, 0.8720796171168641031 ) ) ;
#543 = VERTEX_POINT ( 'NONE', #1559 ) ;
#544 = CARTESIAN_POINT ( 'NONE',  ( 1.437828497728758315, 0.000000000000000000, -0.6143295300746953735 ) ) ;
#545 = CARTESIAN_POINT ( 'NONE',  ( -0.06599764356426149337, 0.4000000000000000222, 2.415842333026959832 ) ) ;
#546 = CARTESIAN_POINT ( 'NONE',  ( -1.375950871885212035, 0.4000000000000000222, 1.709867539748646248 ) ) ;
#547 = DIRECTION ( 'NONE',  ( 0.000000000000000000, -1.000000000000000000, 0.000000000000000000 ) ) ;
#548 = CIRCLE ( 'NONE', #1426, 4.049999999999998046 ) ;
#549 = CARTESIAN_POINT ( 'NONE',  ( -1.119338016439989980, 0.4000000000000000222, 0.3293921495394596111 ) ) ;
#550 = CARTESIAN_POINT ( 'NONE',  ( 0.4159851473141342182, 0.4000000000000000222, -0.7450448079826007541 ) ) ;
#551 = CARTESIAN_POINT ( 'NONE',  ( -1.349045568480089941, 0.000000000000000000, 1.975009731332110441 ) ) ;
#552 = CARTESIAN_POINT ( 'NONE',  ( -1.335129294862147820, 0.4000000000000000222, 1.422292000333028383 ) ) ;
#553 = CARTESIAN_POINT ( 'NONE',  ( -0.3306413586189863030, -0.000000000000000000, -1.359372091377444747 ) ) ;
#554 = CARTESIAN_POINT ( 'NONE',  ( -1.029740293508941473, 0.4000000000000000222, -0.07188760554025622196 ) ) ;
#555 = ORIENTED_EDGE ( 'NONE', *, *, #91, .T. ) ;
#556 = CARTESIAN_POINT ( 'NONE',  ( 0.7667432485812490928, 0.000000000000000000, 0.2269679082492524480 ) ) ;
#557 = CARTESIAN_POINT ( 'NONE',  ( -0.4670683031733415813, 0.000000000000000000, -1.357839990800208341 ) ) ;
#558 = EDGE_CURVE ( 'NONE', #1680, #3343, #3214, .T. ) ;
#559 = EDGE_LOOP ( 'NONE', ( #3201, #2752, #3101, #696 ) ) ;
#560 = CARTESIAN_POINT ( 'NONE',  ( -1.119960011999591387, 0.000000000000000000, 0.2479197383706082947 ) ) ;
#561 = CARTESIAN_POINT ( 'NONE',  ( 0.000000000000000000, 1.999999999999998224, -3.049999999999999822 ) ) ;
#562 = EDGE_CURVE ( 'NONE', #30, #664, #3279, .T. ) ;
#563 = CARTESIAN_POINT ( 'NONE',  ( 1.228996100122349944, 0.000000000000000000, 1.579964325699211969 ) ) ;
#564 = CARTESIAN_POINT ( 'NONE',  ( -1.360439817163654697, 0.4000000000000000222, 1.939809241675229057 ) ) ;
#565 = CARTESIAN_POINT ( 'NONE',  ( 1.070303614450996088, 0.000000000000000000, -1.625217734022309957 ) ) ;
#566 = ORIENTED_EDGE ( 'NONE', *, *, #934, .F. ) ;
#567 = CARTESIAN_POINT ( 'NONE',  ( 1.247486351051758424, 0.4000000000000000222, -1.412162227334406994 ) ) ;
#568 = CARTESIAN_POINT ( 'NONE',  ( -0.7060721907654576857, 0.4000000000000000222, 2.335392855854358629 ) ) ;
#569 = CARTESIAN_POINT ( 'NONE',  ( -0.2700920907308518304, 0.4000000000000000222, 1.710417165089611169 ) ) ;
#570 = DIRECTION ( 'NONE',  ( 0.000000000000000000, -1.000000000000000000, 0.000000000000000000 ) ) ;
#571 = CARTESIAN_POINT ( 'NONE',  ( -1.322861759940584525, 0.000000000000000000, -1.893995068569755080 ) ) ;
#572 = ORIENTED_EDGE ( 'NONE', *, *, #2881, .F. ) ;
#573 = CARTESIAN_POINT ( 'NONE',  ( -1.503864117086850971, -0.000000000000000000, -1.434689271312190595 ) ) ;
#574 = CARTESIAN_POINT ( 'NONE',  ( 1.107697554256051875, 0.000000000000000000, 0.02605468455225447982 ) ) ;
#575 = CARTESIAN_POINT ( 'NONE',  ( -1.490800343005540984, 0.000000000000000000, -1.211740708135090605 ) ) ;
#576 = ORIENTED_EDGE ( 'NONE', *, *, #975, .F. ) ;
#577 = CARTESIAN_POINT ( 'NONE',  ( 1.133408105016711742, 0.4000000000000000222, 0.8168305160104165630 ) ) ;
#578 = CARTESIAN_POINT ( 'NONE',  ( 0.5409413810442019743, 0.4000000000000000222, 0.3347535470277476222 ) ) ;
#579 = CARTESIAN_POINT ( 'NONE',  ( 0.08555504567204891275, 0.000000000000000000, 2.412534431009430325 ) ) ;
#580 = CARTESIAN_POINT ( 'NONE',  ( -1.021930699909558538, 0.4000000000000000222, 2.222981793775145487 ) ) ;
#581 = CARTESIAN_POINT ( 'NONE',  ( 0.000000000000000000, 2.000000000000000000, 0.000000000000000000 ) ) ;
#582 = EDGE_CURVE ( 'NONE', #543, #3006, #2144, .T. ) ;
#583 = ORIENTED_EDGE ( 'NONE', *, *, #731, .F. ) ;
#584 = CARTESIAN_POINT ( 'NONE',  ( -0.5111137323224418383, 0.4000000000000000222, 2.378232655445215116 ) ) ;
#585 = AXIS2_PLACEMENT_3D ( 'NONE', #2829, #957, #1498 ) ;
#586 = CARTESIAN_POINT ( 'NONE',  ( 0.03587549320808545300, 0.4000000000000000222, -0.1831967979373058664 ) ) ;
#587 = CARTESIAN_POINT ( 'NONE',  ( -0.1781647529843719269, 0.000000000000000000, 1.707690539200168667 ) ) ;
#588 = CARTESIAN_POINT ( 'NONE',  ( -1.375950871885212035, 0.4000000000000000222, 1.709867539748646248 ) ) ;
#589 = CARTESIAN_POINT ( 'NONE',  ( 0.1622923818574629196, 0.000000000000000000, 0.8209928273470561422 ) ) ;
#590 = ORIENTED_EDGE ( 'NONE', *, *, #2755, .T. ) ;
#591 = CARTESIAN_POINT ( 'NONE',  ( -1.258326945222619564, 0.000000000000000000, -1.154567482233160636 ) ) ;
#592 = CARTESIAN_POINT ( 'NONE',  ( 0.05626303550375333362, 0.000000000000000000, 1.628660700081102641 ) ) ;
#593 = DIRECTION ( 'NONE',  ( -0.000000000000000000, -1.000000000000000000, -0.000000000000000000 ) ) ;
#594 = ORIENTED_EDGE ( 'NONE', *, *, #1845, .F. ) ;
#595 = DIRECTION ( 'NONE',  ( 0.000000000000000000, 0.000000000000000000, 1.000000000000000000 ) ) ;
#596 = CARTESIAN_POINT ( 'NONE',  ( -0.1781647529843719269, 0.000000000000000000, 1.707690539200168667 ) ) ;
#597 = CARTESIAN_POINT ( 'NONE',  ( -0.1781647529843719269, 0.000000000000000000, 1.707690539200168667 ) ) ;
#598 = CARTESIAN_POINT ( 'NONE',  ( -1.230548500195294936, 0.000000000000000000, 2.104105439978942726 ) ) ;
#599 = CARTESIAN_POINT ( 'NONE',  ( 1.070303614450996088, 0.4000000000000000222, -1.625217734022309957 ) ) ;
#600 = ORIENTED_EDGE ( 'NONE', *, *, #3304, .T. ) ;
#601 = ADVANCED_FACE ( 'NONE', ( #734 ), #1787, .F. ) ;
#602 = CARTESIAN_POINT ( 'NONE',  ( -1.174574561847825827, 0.4000000000000000222, -1.190364128820155409 ) ) ;
#603 = DIRECTION ( 'NONE',  ( 0.000000000000000000, 0.000000000000000000, 1.000000000000000000 ) ) ;
#604 = VECTOR ( 'NONE', #1216, 1000.000000000000000 ) ;
#605 = CARTESIAN_POINT ( 'NONE',  ( 0.4134699575117723458, 0.000000000000000000, -0.6716960944276232359 ) ) ;
#606 = CARTESIAN_POINT ( 'NONE',  ( -0.3609871110105823400, 0.000000000000000000, -1.360022850285947715 ) ) ;
#607 = ADVANCED_FACE ( 'NONE', ( #1261 ), #3339, .F. ) ;
#608 = CARTESIAN_POINT ( 'NONE',  ( -1.085426830522485453, 0.000000000000000000, -0.01948125284172864957 ) ) ;
#609 = CARTESIAN_POINT ( 'NONE',  ( -0.06599764356426149337, 0.000000000000000000, 2.415842333026959832 ) ) ;
#610 = CARTESIAN_POINT ( 'NONE',  ( 0.2014851085897332306, 0.4000000000000000222, 0.8720796171168641031 ) ) ;
#611 = CARTESIAN_POINT ( 'NONE',  ( 0.4459840762069803843, 0.000000000000000000, 0.3109174890455852491 ) ) ;
#612 = CARTESIAN_POINT ( 'NONE',  ( -1.361186868442736841, 0.4000000000000000222, 1.494621751366744355 ) ) ;
#613 = ORIENTED_EDGE ( 'NONE', *, *, #2899, .T. ) ;
#614 = AXIS2_PLACEMENT_3D ( 'NONE', #2175, #1584, #1655 ) ;
#615 = B_SPLINE_CURVE_WITH_KNOTS ( 'NONE', 3,
 ( #2083, #3136, #3153, #783, #1839, #2895, #3223, #76, #2999, #904, #3261, #2757, #2153, #3206, #3017, #1686, #1945, #2724, #2407 ),
 .UNSPECIFIED., .F., .F.,
 ( 4, 1, 1, 1, 1, 1, 1, 1, 1, 1, 1, 1, 1, 1, 1, 1, 4 ),
 ( 0.000000000000000000, 0.05568104497087090349, 0.1096633112279710442, 0.1612663231561356492, 0.2127653021675542100, 0.2639288510208084304, 0.3159242040629537396, 0.3685240490275151215, 0.4230887997606669892, 0.4801963192449207884, 0.5406788027646574069, 0.6051418040589169323, 0.6740860710511028531, 0.7471874152496615906, 0.8261363578683916797, 0.9098098657221785901, 1.000000000000000000 ),
 .UNSPECIFIED. ) ;
#616 = CARTESIAN_POINT ( 'NONE',  ( -0.5696562972885708120, 0.000000000000000000, -1.351412313627675665 ) ) ;
#617 = CARTESIAN_POINT ( 'NONE',  ( -0.9519660101996524348, 0.000000000000000000, -0.08006855085784347903 ) ) ;
#618 = CARTESIAN_POINT ( 'NONE',  ( -0.9519660101996524348, 0.000000000000000000, -0.08006855085784347903 ) ) ;
#619 = CARTESIAN_POINT ( 'NONE',  ( -1.374976042687165556, 0.4000000000000000222, 1.781851888910888304 ) ) ;
#620 = CARTESIAN_POINT ( 'NONE',  ( 1.435371318658462236, 0.4000000000000000222, -0.8664667666002592306 ) ) ;
#621 = VERTEX_POINT ( 'NONE', #2452 ) ;
#622 = DIRECTION ( 'NONE',  ( 0.000000000000000000, 0.000000000000000000, 1.000000000000000000 ) ) ;
#623 = CARTESIAN_POINT ( 'NONE',  ( -0.5609799702962237067, 0.4000000000000000222, -0.08006855085784347903 ) ) ;
#624 = CARTESIAN_POINT ( 'NONE',  ( -1.469277026343227099, 0.4000000000000000222, -1.740504741256993615 ) ) ;
#625 = CARTESIAN_POINT ( 'NONE',  ( 0.2633878426212414303, 0.000000000000000000, -1.151120844791775122 ) ) ;
#626 = CARTESIAN_POINT ( 'NONE',  ( 0.2852400544197159493, 0.000000000000000000, 1.118592372459015438 ) ) ;
#627 = ORIENTED_EDGE ( 'NONE', *, *, #451, .T. ) ;
#628 = CARTESIAN_POINT ( 'NONE',  ( 0.2320906727471513109, 0.4000000000000000222, 0.9287613780361027027 ) ) ;
#629 = EDGE_CURVE ( 'NONE', #3084, #1505, #326, .T. ) ;
#630 = DIRECTION ( 'NONE',  ( 0.000000000000000000, 0.7071067811865460184, 0.7071067811865490160 ) ) ;
#631 = CARTESIAN_POINT ( 'NONE',  ( -1.258326945222619564, 0.4000000000000000222, -1.154567482233160636 ) ) ;
#632 = ORIENTED_EDGE ( 'NONE', *, *, #196, .F. ) ;
#633 = CARTESIAN_POINT ( 'NONE',  ( 1.247955441942401711, 0.000000000000000000, 1.341880678663065929 ) ) ;
#634 = CARTESIAN_POINT ( 'NONE',  ( 1.091996224425372697, 0.4000000000000000222, 0.7433459834379388953 ) ) ;
#635 = CARTESIAN_POINT ( 'NONE',  ( 1.247955441942401711, 0.4000000000000000222, 1.341880678663065929 ) ) ;
#636 = CARTESIAN_POINT ( 'NONE',  ( -1.261861849454063433, 0.4000000000000000222, 2.084506567540544086 ) ) ;
#637 = CARTESIAN_POINT ( 'NONE',  ( 0.4248092656003793488, 0.4000000000000000222, -1.977699130178057541 ) ) ;
#638 = CARTESIAN_POINT ( 'NONE',  ( -0.06599764356426149337, 0.4000000000000000222, 2.415842333026959832 ) ) ;
#639 = CARTESIAN_POINT ( 'NONE',  ( -0.04448476880532339917, 0.4000000000000000222, -0.1522366818863941651 ) ) ;
#640 = CARTESIAN_POINT ( 'NONE',  ( 0.03587549320808545300, 0.4000000000000000222, -0.1831967979373058664 ) ) ;
#641 = VECTOR ( 'NONE', #1359, 1000.000000000000000 ) ;
#642 = CARTESIAN_POINT ( 'NONE',  ( -1.063053227845252913, 0.4000000000000000222, 0.5286826280446345061 ) ) ;
#643 = CARTESIAN_POINT ( 'NONE',  ( -1.192257132665049069, 0.000000000000000000, 2.130167721417032922 ) ) ;
#644 = CARTESIAN_POINT ( 'NONE',  ( -0.6753624700909997003, 0.000000000000000000, -2.043814476867579444 ) ) ;
#645 = CARTESIAN_POINT ( 'NONE',  ( 0.7928462050426109409, 0.000000000000000000, 0.4485773519596977232 ) ) ;
#646 = CARTESIAN_POINT ( 'NONE',  ( 1.175402009235677170, 0.4000000000000000222, -0.03842915857199984131 ) ) ;
#647 = ORIENTED_EDGE ( 'NONE', *, *, #1336, .F. ) ;
#648 = EDGE_CURVE ( 'NONE', #1389, #733, #475, .T. ) ;
#649 = CARTESIAN_POINT ( 'NONE',  ( 1.145820712240027017, 0.000000000000000000, -0.01077394971955094455 ) ) ;
#650 = VECTOR ( 'NONE', #1947, 1000.000000000000000 ) ;
#651 = CARTESIAN_POINT ( 'NONE',  ( -1.502852247723148738, 0.4000000000000000222, -1.329274706387485461 ) ) ;
#652 = CARTESIAN_POINT ( 'NONE',  ( 0.7215402829363631865, 0.4000000000000000222, 2.256595263262166196 ) ) ;
#653 = CARTESIAN_POINT ( 'NONE',  ( -0.6490899519138492169, 0.4000000000000000222, 1.664916852156784977 ) ) ;
#654 = CARTESIAN_POINT ( 'NONE',  ( -0.4719481731294315474, 0.4000000000000000222, -2.060522523252883431 ) ) ;
#655 = CARTESIAN_POINT ( 'NONE',  ( 0.6124208930908972004, 0.4000000000000000222, 2.304043398272572318 ) ) ;
#656 = CARTESIAN_POINT ( 'NONE',  ( 0.4151381368705048258, 0.4000000000000000222, -0.7203440373491074578 ) ) ;
#657 = CARTESIAN_POINT ( 'NONE',  ( -0.3319640139448504779, 0.4000000000000000222, -0.09083940034360028781 ) ) ;
#658 = CARTESIAN_POINT ( 'NONE',  ( -0.9921693082003996134, 0.4000000000000000222, -0.07799485724063733028 ) ) ;
#659 = EDGE_LOOP ( 'NONE', ( #1288, #329, #825, #2203 ) ) ;
#660 = CARTESIAN_POINT ( 'NONE',  ( -0.3705645338184333504, 0.4000000000000000222, 0.5694945873602379471 ) ) ;
#661 = CIRCLE ( 'NONE', #45, 3.850000000000000977 ) ;
#662 = CARTESIAN_POINT ( 'NONE',  ( 1.439948586856617530, 0.4000000000000000222, -0.7100460576076135233 ) ) ;
#663 = CARTESIAN_POINT ( 'NONE',  ( -0.1855326095670035425, 0.4000000000000000222, -1.350456604315662501 ) ) ;
#664 = VERTEX_POINT ( 'NONE', #2200 ) ;
#665 = DIRECTION ( 'NONE',  ( 0.000000000000000000, -1.000000000000000000, 0.000000000000000000 ) ) ;
#666 = CARTESIAN_POINT ( 'NONE',  ( -0.9659457765179590982, -0.000000000000000000, -0.07934747190099356029 ) ) ;
#667 = CARTESIAN_POINT ( 'NONE',  ( 0.1187804438209357771, 0.000000000000000000, 0.7723295239393488387 ) ) ;
#668 = CARTESIAN_POINT ( 'NONE',  ( -1.493108416383633008, 0.000000000000000000, -1.640278170145210712 ) ) ;
#669 = CARTESIAN_POINT ( 'NONE',  ( 1.435371318658462236, 0.000000000000000000, -0.8664667666002592306 ) ) ;
#670 = CARTESIAN_POINT ( 'NONE',  ( 0.1025998712952996134, 0.000000000000000000, -1.268255015581575940 ) ) ;
#671 = B_SPLINE_SURFACE_WITH_KNOTS ( 'NONE', 3, 1, ( 
 ( #717, #1171 ),
 ( #2237, #3289 ),
 ( #1715, #2769 ),
 ( #1987, #1204 ),
 ( #1767, #680 ),
 ( #1750, #698 ),
 ( #3322, #415 ),
 ( #948, #434 ),
 ( #732, #3424 ),
 ( #792, #1275 ),
 ( #2059, #2334 ),
 ( #1801, #2628 ),
 ( #1833, #506 ),
 ( #227, #3147 ),
 ( #524, #1556 ),
 ( #541, #1523 ),
 ( #2094, #1572 ),
 ( #193, #2370 ),
 ( #2611, #1239 ) ),
 .UNSPECIFIED., .F., .F., .F.,
 ( 4, 1, 1, 1, 1, 1, 1, 1, 1, 1, 1, 1, 1, 1, 1, 1, 4 ),
 ( 2, 2 ),
 ( 0.000000000000000000, 0.08005801231394923945, 0.1562173183688796707, 0.2273717993318709885, 0.2954213627088734251, 0.3603277124659228781, 0.4217353532226664203, 0.4806410846517898405, 0.5374850325469214818, 0.5930221587964947805, 0.6483083758520717943, 0.7030696109480348843, 0.7593023671793133200, 0.8163454354349610753, 0.8751961447630955959, 0.9360384557347473100, 1.000000000000000000 ),
 ( 0.000000000000000000, 1.000000000000000000 ),
 .UNSPECIFIED. ) ;
#672 = CARTESIAN_POINT ( 'NONE',  ( -1.335129294862147820, -5.421010862427522170E-17, 1.422292000333028383 ) ) ;
#673 = CARTESIAN_POINT ( 'NONE',  ( 1.334350834711491851, 0.4000000000000000222, -0.2608023786655740417 ) ) ;
#674 = CARTESIAN_POINT ( 'NONE',  ( -1.119738534930362794, 0.4000000000000000222, 0.2769300272225010406 ) ) ;
#675 = CARTESIAN_POINT ( 'NONE',  ( 0.1994634916215114184, 0.4000000000000000222, -1.208491581162337125 ) ) ;
#676 = CARTESIAN_POINT ( 'NONE',  ( 0.2852400544197159493, 0.000000000000000000, 1.118592372459015438 ) ) ;
#677 = CARTESIAN_POINT ( 'NONE',  ( 1.133408105016711742, 0.000000000000000000, 0.8168305160104165630 ) ) ;
#678 = CARTESIAN_POINT ( 'NONE',  ( 0.5580181988921794067, 0.4000000000000000222, 0.2863514191845139001 ) ) ;
#679 = ORIENTED_EDGE ( 'NONE', *, *, #1910, .F. ) ;
#680 = CARTESIAN_POINT ( 'NONE',  ( 0.3673594929774725570, 0.000000000000000000, 2.376828148973892496 ) ) ;
#681 = PRESENTATION_STYLE_ASSIGNMENT (( #718 ) ) ;
#682 = ORIENTED_EDGE ( 'NONE', *, *, #2987, .T. ) ;
#683 = CARTESIAN_POINT ( 'NONE',  ( -0.05369428141654816744, 0.000000000000000000, 0.6560646933962460681 ) ) ;
#684 = CARTESIAN_POINT ( 'NONE',  ( -1.499974294396947627, 0.4000000000000000222, -1.573513411623822078 ) ) ;
#685 = DIRECTION ( 'NONE',  ( 0.000000000000000000, 0.7071067811865561215, 0.7071067811865390240 ) ) ;
#686 = CARTESIAN_POINT ( 'NONE',  ( -1.462431535963525819, 0.000000000000000000, -1.141616650891171370 ) ) ;
#687 = EDGE_CURVE ( 'NONE', #7, #134, #2218, .T. ) ;
#688 = CARTESIAN_POINT ( 'NONE',  ( -1.322861759940584525, 0.4000000000000000222, -1.893995068569755080 ) ) ;
#689 =( NAMED_UNIT ( * ) SI_UNIT ( $, .STERADIAN. ) SOLID_ANGLE_UNIT ( ) );
#690 = CARTESIAN_POINT ( 'NONE',  ( -1.503712641525055460, 0.4000000000000000222, -1.493056814970816992 ) ) ;
#691 = CARTESIAN_POINT ( 'NONE',  ( 0.4139779349355013349, 0.4000000000000000222, -0.7896511774332908296 ) ) ;
#692 = CARTESIAN_POINT ( 'NONE',  ( -1.288931753400617497, 0.000000000000000000, 2.060859975139671008 ) ) ;
#693 = CARTESIAN_POINT ( 'NONE',  ( 0.4781628588773493282, 0.4000000000000000222, 0.3189949648210524402 ) ) ;
#694 = CARTESIAN_POINT ( 'NONE',  ( 0.2304556422581999775, 0.000000000000000000, -0.3052195560615471037 ) ) ;
#695 = CARTESIAN_POINT ( 'NONE',  ( -0.07803367653717500907, 0.000000000000000000, -2.060123546862718591 ) ) ;
#696 = ORIENTED_EDGE ( 'NONE', *, *, #2393, .T. ) ;
#697 = VECTOR ( 'NONE', #228, 1000.000000000000000 ) ;
#698 = CARTESIAN_POINT ( 'NONE',  ( 0.4946330355156627334, 0.000000000000000000, 2.345365431063553885 ) ) ;
#699 = CARTESIAN_POINT ( 'NONE',  ( -1.267954727870965748, 0.000000000000000000, 1.391878893484476576 ) ) ;
#700 = ORIENTED_EDGE ( 'NONE', *, *, #2035, .F. ) ;
#701 = CARTESIAN_POINT ( 'NONE',  ( 0.2879897173713235614, 0.000000000000000000, 1.186886212716694367 ) ) ;
#702 = AXIS2_PLACEMENT_3D ( 'NONE', #2878, #1331, #3396 ) ;
#703 = CARTESIAN_POINT ( 'NONE',  ( -1.258441831604885541, 0.4000000000000000222, -1.918476493279889894 ) ) ;
#704 = CARTESIAN_POINT ( 'NONE',  ( -0.5619799345926519418, 0.000000000000000000, 0.5599085988562085836 ) ) ;
#705 = CARTESIAN_POINT ( 'NONE',  ( -1.119338016439989980, -1.084202172485504434E-16, 0.3293921495394596111 ) ) ;
#706 = CARTESIAN_POINT ( 'NONE',  ( -1.503946301828022580, 0.4000000000000000222, -1.403021315032360938 ) ) ;
#707 = EDGE_CURVE ( 'NONE', #489, #1100, #3269, .T. ) ;
#708 = CARTESIAN_POINT ( 'NONE',  ( 1.372501360804138315, 0.000000000000000000, -0.3437086213050012384 ) ) ;
#709 = CARTESIAN_POINT ( 'NONE',  ( -0.9994979139597511830, -1.084202172485504434E-16, 0.5591222913259853433 ) ) ;
#710 = CARTESIAN_POINT ( 'NONE',  ( -0.1050647638246545723, 0.4000000000000000222, -1.336164934942370541 ) ) ;
#711 = CARTESIAN_POINT ( 'NONE',  ( -0.9609656888675063291, 0.4000000000000000222, 0.5599085988562085836 ) ) ;
#712 = EDGE_CURVE ( 'NONE', #1956, #346, #741, .T. ) ;
#713 = CARTESIAN_POINT ( 'NONE',  ( 1.107697554256051875, 0.4000000000000000222, 0.02605468455225447982 ) ) ;
#714 = CARTESIAN_POINT ( 'NONE',  ( -1.393950229220919823, 0.4000000000000000222, -1.104031990400327068 ) ) ;
#715 = ORIENTED_EDGE ( 'NONE', *, *, #3158, .T. ) ;
#716 = AXIS2_PLACEMENT_3D ( 'NONE', #726, #171, #943 ) ;
#717 = CARTESIAN_POINT ( 'NONE',  ( -0.06599764356426149337, 0.4000000000000000222, 2.415842333026959832 ) ) ;
#718 = SURFACE_STYLE_USAGE ( .BOTH. , #3323 ) ;
#719 = CARTESIAN_POINT ( 'NONE',  ( 0.009963842536371163294, 0.4000000000000000222, 0.6903829208814694640 ) ) ;
#720 = CARTESIAN_POINT ( 'NONE',  ( -1.242248374516536247, 0.4000000000000000222, 1.394139535156899479 ) ) ;
#721 = CARTESIAN_POINT ( 'NONE',  ( -0.9265818049930745204, 0.000000000000000000, 1.556330466451800065 ) ) ;
#722 = CARTESIAN_POINT ( 'NONE',  ( -0.3609871110105823400, 0.000000000000000000, -1.360022850285947715 ) ) ;
#723 = PLANE ( 'NONE',  #585 ) ;
#724 = CARTESIAN_POINT ( 'NONE',  ( 0.7150942946705695080, 0.4000000000000000222, 0.4039846079477942831 ) ) ;
#725 = CARTESIAN_POINT ( 'NONE',  ( 0.2633878426212414303, 0.4000000000000000222, -1.151120844791775122 ) ) ;
#726 = CARTESIAN_POINT ( 'NONE',  ( -0.5609799702962237067, 0.4000000000000000222, -0.08006855085784347903 ) ) ;
#727 = CARTESIAN_POINT ( 'NONE',  ( 0.4139779349355013349, -0.000000000000000000, -0.7896511774332908296 ) ) ;
#728 = CARTESIAN_POINT ( 'NONE',  ( -0.4438156693288881072, 0.000000000000000000, -0.08158815991571639892 ) ) ;
#729 = CARTESIAN_POINT ( 'NONE',  ( -0.07803367653717500907, 0.4000000000000000222, -2.060123546862718591 ) ) ;
#730 = VERTEX_POINT ( 'NONE', #2038 ) ;
#731 = EDGE_CURVE ( 'NONE', #2708, #3422, #1713, .T. ) ;
#732 = CARTESIAN_POINT ( 'NONE',  ( 0.8200312696362872522, 0.4000000000000000222, 2.199307384119864928 ) ) ;
#733 = VERTEX_POINT ( 'NONE', #961 ) ;
#734 = FACE_OUTER_BOUND ( 'NONE', #2384, .T. ) ;
#735 = CARTESIAN_POINT ( 'NONE',  ( 1.289074159045835666, 0.000000000000000000, -0.1819606552294778246 ) ) ;
#736 = CARTESIAN_POINT ( 'NONE',  ( -0.7955155243421712097, 0.4000000000000000222, 1.613070008554264412 ) ) ;
#737 = CARTESIAN_POINT ( 'NONE',  ( 0.3772029046219545489, 0.000000000000000000, -0.9800462846333741762 ) ) ;
#738 = LINE ( 'NONE', #2809, #1464 ) ;
#739 = CARTESIAN_POINT ( 'NONE',  ( -0.3189886105605978517, 0.4000000000000000222, 1.711867468341502718 ) ) ;
#740 = CARTESIAN_POINT ( 'NONE',  ( -0.06599764356426149337, 0.000000000000000000, 2.415842333026959832 ) ) ;
#741 = LINE ( 'NONE', #711, #3306 ) ;
#742 = CARTESIAN_POINT ( 'NONE',  ( -0.4645158382519345985, 0.4000000000000000222, 0.5618368311571295681 ) ) ;
#743 = CARTESIAN_POINT ( 'NONE',  ( 0.4139779349355013349, 0.4000000000000000222, -0.7896511774332908296 ) ) ;
#744 = LINE ( 'NONE', #1814, #3238 ) ;
#745 = ORIENTED_EDGE ( 'NONE', *, *, #1845, .T. ) ;
#746 = CARTESIAN_POINT ( 'NONE',  ( 1.247955441942401711, 0.4000000000000000222, 1.341880678663065929 ) ) ;
#747 = CARTESIAN_POINT ( 'NONE',  ( 0.2852400544197159493, 0.000000000000000000, 1.118592372459015438 ) ) ;
#748 = EDGE_CURVE ( 'NONE', #621, #2896, #2553, .T. ) ;
#749 = ORIENTED_EDGE ( 'NONE', *, *, #364, .F. ) ;
#750 = CARTESIAN_POINT ( 'NONE',  ( -0.5289691230664353983, 0.000000000000000000, 0.5605616856384626479 ) ) ;
#751 = CARTESIAN_POINT ( 'NONE',  ( -1.242248374516536247, 0.4000000000000000222, 1.394139535156899479 ) ) ;
#752 = CARTESIAN_POINT ( 'NONE',  ( -1.375950871885212035, 0.4000000000000000222, 1.709867539748646248 ) ) ;
#753 = DIRECTION ( 'NONE',  ( 0.000000000000000000, 0.000000000000000000, 1.000000000000000000 ) ) ;
#754 = CARTESIAN_POINT ( 'NONE',  ( 1.246588228140680599, 0.000000000000000000, 1.246626792083971313 ) ) ;
#755 = CARTESIAN_POINT ( 'NONE',  ( 0.5755640433298886416, 0.000000000000000000, -1.927697176441757199 ) ) ;
#756 = CARTESIAN_POINT ( 'NONE',  ( -1.086006624129286280, 0.4000000000000000222, 0.4986312552174472223 ) ) ;
#757 = DIRECTION ( 'NONE',  ( -0.000000000000000000, 1.000000000000000000, -0.000000000000000000 ) ) ;
#758 = CARTESIAN_POINT ( 'NONE',  ( 0.1084473250783352938, 0.4000000000000000222, -0.2190128715447885732 ) ) ;
#759 = CARTESIAN_POINT ( 'NONE',  ( 1.372501360804138315, 0.4000000000000000222, -0.3437086213050012384 ) ) ;
#760 = ORIENTED_EDGE ( 'NONE', *, *, #748, .F. ) ;
#761 = CARTESIAN_POINT ( 'NONE',  ( 0.000000000000000000, 20.00000000000000000, 0.000000000000000000 ) ) ;
#762 = CARTESIAN_POINT ( 'NONE',  ( -1.503946301828022580, 0.000000000000000000, -1.403021315032360938 ) ) ;
#763 = VERTEX_POINT ( 'NONE', #3077 ) ;
#764 = CARTESIAN_POINT ( 'NONE',  ( -1.469277026343227099, 0.000000000000000000, -1.740504741256993615 ) ) ;
#765 = CARTESIAN_POINT ( 'NONE',  ( 0.7667432485812490928, 0.000000000000000000, 0.2269679082492524480 ) ) ;
#766 = CARTESIAN_POINT ( 'NONE',  ( 0.2879897173713235614, 0.4000000000000000222, 1.186886212716694367 ) ) ;
#767 = CARTESIAN_POINT ( 'NONE',  ( 0.8448221134589587455, 0.000000000000000000, -1.796206588951366534 ) ) ;
#768 = EDGE_CURVE ( 'NONE', #1509, #2576, #1517, .T. ) ;
#769 = CARTESIAN_POINT ( 'NONE',  ( 1.133408105016711742, 0.000000000000000000, 0.8168305160104165630 ) ) ;
#770 = CARTESIAN_POINT ( 'NONE',  ( -0.2282998002658689352, 0.4000000000000000222, -0.1052463187147764379 ) ) ;
#771 = CARTESIAN_POINT ( 'NONE',  ( -0.06599764356426149337, 0.000000000000000000, 2.415842333026959832 ) ) ;
#772 = CARTESIAN_POINT ( 'NONE',  ( 0.2320906727471513109, 0.4000000000000000222, 0.9287613780361027027 ) ) ;
#773 = FACE_OUTER_BOUND ( 'NONE', #659, .T. ) ;
#774 = CARTESIAN_POINT ( 'NONE',  ( 1.439238964302066215, 0.4000000000000000222, -0.6780084390527361116 ) ) ;
#775 = ORIENTED_EDGE ( 'NONE', *, *, #2775, .F. ) ;
#776 = UNCERTAINTY_MEASURE_WITH_UNIT (LENGTH_MEASURE( 1.000000000000000082E-05 ), #1194, 'distance_accuracy_value', 'NONE');
#777 = CYLINDRICAL_SURFACE ( 'NONE', #1768, 3.049999999999999822 ) ;
#778 = CARTESIAN_POINT ( 'NONE',  ( -1.483859206809609699, 0.4000000000000000222, -1.695412616650086246 ) ) ;
#779 = ORIENTED_EDGE ( 'NONE', *, *, #1035, .T. ) ;
#780 = CARTESIAN_POINT ( 'NONE',  ( 0.9508127223539419859, 0.000000000000000000, 0.1386931659226298408 ) ) ;
#781 = CARTESIAN_POINT ( 'NONE',  ( 1.116471534784914121, 0.4000000000000000222, 1.891199315431270067 ) ) ;
#782 = CARTESIAN_POINT ( 'NONE',  ( -1.443909815950557451, 0.4000000000000000222, -1.119534366980502682 ) ) ;
#783 = CARTESIAN_POINT ( 'NONE',  ( 0.4026954530456103853, 0.000000000000000000, -0.6007551168600537839 ) ) ;
#784 = ORIENTED_EDGE ( 'NONE', *, *, #2820, .F. ) ;
#785 = EDGE_CURVE ( 'NONE', #1082, #2823, #2754, .T. ) ;
#786 = CARTESIAN_POINT ( 'NONE',  ( 0.4248092656003793488, 0.4000000000000000222, -1.977699130178057541 ) ) ;
#787 = DIRECTION ( 'NONE',  ( -0.000000000000000000, -1.000000000000000000, 0.000000000000000000 ) ) ;
#788 = CARTESIAN_POINT ( 'NONE',  ( 0.1414074722355435632, 0.000000000000000000, 1.562591894141753146 ) ) ;
#789 = CARTESIAN_POINT ( 'NONE',  ( 0.1994634916215114184, 0.4000000000000000222, -1.208491581162337125 ) ) ;
#790 = CARTESIAN_POINT ( 'NONE',  ( 1.334350834711491851, 0.4000000000000000222, -0.2608023786655740417 ) ) ;
#791 = ORIENTED_EDGE ( 'NONE', *, *, #712, .F. ) ;
#792 = CARTESIAN_POINT ( 'NONE',  ( 0.9083630638938935409, 0.4000000000000000222, 2.133687187143369801 ) ) ;
#793 = CARTESIAN_POINT ( 'NONE',  ( -1.022718912617998299, 0.4000000000000000222, -1.985492271711819079 ) ) ;
#794 = VERTEX_POINT ( 'NONE', #2571 ) ;
#795 = CARTESIAN_POINT ( 'NONE',  ( -0.2579907884784772287, 0.000000000000000000, -2.063997714971405273 ) ) ;
#796 = VECTOR ( 'NONE', #207, 1000.000000000000000 ) ;
#797 = CARTESIAN_POINT ( 'NONE',  ( -0.01464650577925186853, -0.000000000000000000, 2.414721504797930240 ) ) ;
#798 = CARTESIAN_POINT ( 'NONE',  ( -0.2700920907308518304, 0.4000000000000000222, 1.710417165089611169 ) ) ;
#799 = CARTESIAN_POINT ( 'NONE',  ( -1.402776497343223294, 0.4000000000000000222, -1.104725389433663274 ) ) ;
#800 = CARTESIAN_POINT ( 'NONE',  ( -0.1972974952187731279, -0.000000000000000000, -2.062691092417723304 ) ) ;
#801 = CARTESIAN_POINT ( 'NONE',  ( 1.164966583656097843, 0.4000000000000000222, -1.523686718360877101 ) ) ;
#802 = CARTESIAN_POINT ( 'NONE',  ( -1.374976042687165556, 0.4000000000000000222, 1.781851888910888304 ) ) ;
#803 = EDGE_CURVE ( 'NONE', #1170, #286, #17, .T. ) ;
#804 = AXIS2_PLACEMENT_3D ( 'NONE', #2871, #2056, #504 ) ;
#805 = CARTESIAN_POINT ( 'NONE',  ( 0.3220978311581393361, 0.4000000000000000222, -0.4108747314189912236 ) ) ;
#806 = CARTESIAN_POINT ( 'NONE',  ( 6.184466335694133068E-16, 0.9999999999999974465, -5.049999999999999822 ) ) ;
#807 = CARTESIAN_POINT ( 'NONE',  ( 0.4837873021403584217, 0.4000000000000000222, 0.2960027549124398250 ) ) ;
#808 = VERTEX_POINT ( 'NONE', #3109 ) ;
#809 = ADVANCED_FACE ( 'NONE', ( #3317 ), #1795, .T. ) ;
#810 = CARTESIAN_POINT ( 'NONE',  ( -1.375491362215881086, -5.421010862427522170E-17, 1.679545651763945768 ) ) ;
#811 = CARTESIAN_POINT ( 'NONE',  ( -1.371655468805057065, 0.4000000000000000222, -1.106896347109793233 ) ) ;
#812 = ORIENTED_EDGE ( 'NONE', *, *, #1888, .F. ) ;
#813 = FACE_OUTER_BOUND ( 'NONE', #1644, .T. ) ;
#814 = CARTESIAN_POINT ( 'NONE',  ( 5.572142936120455355E-16, 0.000000000000000000, -4.049999999999998046 ) ) ;
#815 = CARTESIAN_POINT ( 'NONE',  ( 1.163769461086309187, 0.4000000000000000222, 1.794070544628881159 ) ) ;
#816 = CARTESIAN_POINT ( 'NONE',  ( -1.312797621590742647, 0.4000000000000000222, 2.035417506225935202 ) ) ;
#817 = AXIS2_PLACEMENT_3D ( 'NONE', #472, #3118, #214 ) ;
#818 = CARTESIAN_POINT ( 'NONE',  ( 1.247486351051758424, 0.000000000000000000, -1.412162227334406994 ) ) ;
#819 = ORIENTED_EDGE ( 'NONE', *, *, #343, .F. ) ;
#820 = CARTESIAN_POINT ( 'NONE',  ( 1.438395395124074660, 0.000000000000000000, -0.7631238632961195867 ) ) ;
#821 = CARTESIAN_POINT ( 'NONE',  ( -1.230548500195294936, 0.4000000000000000222, 2.104105439978942726 ) ) ;
#822 = CARTESIAN_POINT ( 'NONE',  ( 0.1414074722355435632, 0.4000000000000000222, 1.562591894141753146 ) ) ;
#823 = LINE ( 'NONE', #2952, #641 ) ;
#824 = CARTESIAN_POINT ( 'NONE',  ( -1.160257551616574068, 0.000000000000000000, -1.949285133478493304 ) ) ;
#825 = ORIENTED_EDGE ( 'NONE', *, *, #179, .T. ) ;
#826 = CARTESIAN_POINT ( 'NONE',  ( -0.6660283190552965804, 0.000000000000000000, -1.338080134695907031 ) ) ;
#827 = EDGE_CURVE ( 'NONE', #2387, #1100, #2662, .T. ) ;
#828 = ADVANCED_BREP_SHAPE_REPRESENTATION ( 'JK-RTF-02-10-01 Knob_3', ( #2910, #1864, #3288 ), #470 ) ;
#829 = CARTESIAN_POINT ( 'NONE',  ( 0.4459840762069803843, 0.000000000000000000, 0.3009178460813030642 ) ) ;
#830 = CARTESIAN_POINT ( 'NONE',  ( -1.498003037442620977, 0.4000000000000000222, -1.264124541255858603 ) ) ;
#831 = ORIENTED_EDGE ( 'NONE', *, *, #1054, .F. ) ;
#832 = ADVANCED_FACE ( 'NONE', ( #2086 ), #2813, .F. ) ;
#833 = CARTESIAN_POINT ( 'NONE',  ( 0.2864694918618325148, 0.4000000000000000222, 1.222107820998032501 ) ) ;
#834 = CARTESIAN_POINT ( 'NONE',  ( -1.393950229220919823, 0.4000000000000000222, -1.104031990400327068 ) ) ;
#835 = DIRECTION ( 'NONE',  ( 0.000000000000000000, -1.000000000000000000, 0.000000000000000000 ) ) ;
#836 = CARTESIAN_POINT ( 'NONE',  ( -1.288931753400617497, 0.000000000000000000, 2.060859975139671008 ) ) ;
#837 = LINE ( 'NONE', #2981, #917 ) ;
#838 = ORIENTED_EDGE ( 'NONE', *, *, #2775, .T. ) ;
#839 = CARTESIAN_POINT ( 'NONE',  ( -0.8765404841809063541, 0.4000000000000000222, 2.281407563360666302 ) ) ;
#840 = CARTESIAN_POINT ( 'NONE',  ( 0.3220978311581393361, 0.4000000000000000222, -0.4108747314189912236 ) ) ;
#841 = CARTESIAN_POINT ( 'NONE',  ( 0.2075605171319163111, 0.4000000000000000222, 1.483771682300988992 ) ) ;
#842 = DIRECTION ( 'NONE',  ( -1.000000000000000000, 0.000000000000000000, 0.000000000000000000 ) ) ;
#843 = CARTESIAN_POINT ( 'NONE',  ( 0.2870625992470807186, -0.000000000000000000, 1.163859224248881663 ) ) ;
#844 = CARTESIAN_POINT ( 'NONE',  ( -1.374306384565631145, 0.000000000000000000, 1.845393725761207859 ) ) ;
#845 = CARTESIAN_POINT ( 'NONE',  ( -1.258441831604885541, 0.000000000000000000, -1.918476493279889894 ) ) ;
#846 = CARTESIAN_POINT ( 'NONE',  ( 1.289074159045835666, 0.000000000000000000, -0.1819606552294778246 ) ) ;
#847 = CARTESIAN_POINT ( 'NONE',  ( -1.393950229220920045, 0.4000000000000000222, -1.104031990400327290 ) ) ;
#848 = ORIENTED_EDGE ( 'NONE', *, *, #1425, .F. ) ;
#849 = CARTESIAN_POINT ( 'NONE',  ( -1.393950229220919823, 0.000000000000000000, -1.104031990400327068 ) ) ;
#850 = EDGE_CURVE ( 'NONE', #60, #3422, #2380, .T. ) ;
#851 = CARTESIAN_POINT ( 'NONE',  ( 0.05626303550375333362, 0.000000000000000000, 1.628660700081102641 ) ) ;
#852 = CARTESIAN_POINT ( 'NONE',  ( -0.05114845285611388515, 0.4000000000000000222, 1.675475913526623062 ) ) ;
#853 = CARTESIAN_POINT ( 'NONE',  ( -1.288931753400617497, 0.4000000000000000222, 2.060859975139671008 ) ) ;
#854 = CARTESIAN_POINT ( 'NONE',  ( -0.3762614420091044409, 0.4000000000000000222, 1.709984747271733774 ) ) ;
#855 = ORIENTED_EDGE ( 'NONE', *, *, #1593, .T. ) ;
#856 = CARTESIAN_POINT ( 'NONE',  ( -1.258326945222619564, 0.4000000000000000222, -1.154567482233160636 ) ) ;
#857 = CARTESIAN_POINT ( 'NONE',  ( -1.119960011999591387, 0.4000000000000000222, 0.2479197383706082947 ) ) ;
#858 = B_SPLINE_SURFACE_WITH_KNOTS ( 'NONE', 3, 1, ( 
 ( #1449, #2795 ),
 ( #674, #3281 ),
 ( #444, #2500 ),
 ( #1691, #2231 ),
 ( #2551, #426 ),
 ( #376, #1499 ),
 ( #642, #1231 ),
 ( #2533, #3075 ),
 ( #1724, #709 ),
 ( #2294, #1179 ),
 ( #909, #1758 ) ),
 .UNSPECIFIED., .F., .F., .F.,
 ( 4, 1, 1, 1, 1, 1, 1, 1, 4 ),
 ( 2, 2 ),
 ( 0.000000000000000000, 0.2177187657018385125, 0.3937219851639574553, 0.5345610084915080051, 0.6423441582960527363, 0.7314326306436624847, 0.8126176821816385454, 0.8996447939029283969, 1.000000000000000000 ),
 ( 0.000000000000000000, 1.000000000000000000 ),
 .UNSPECIFIED. ) ;
#859 = DIRECTION ( 'NONE',  ( -0.000000000000000000, -1.000000000000000000, -0.000000000000000000 ) ) ;
#860 = CARTESIAN_POINT ( 'NONE',  ( 0.4837873021403584217, 0.4000000000000000222, 0.2960027549124398250 ) ) ;
#861 = CARTESIAN_POINT ( 'NONE',  ( 0.1187804438209357771, 0.000000000000000000, 0.7723295239393488387 ) ) ;
#862 = CARTESIAN_POINT ( 'NONE',  ( 0.000000000000000000, 20.00000000000000000, 0.000000000000000000 ) ) ;
#863 = CARTESIAN_POINT ( 'NONE',  ( -1.503946301828022580, 0.000000000000000000, -1.403021315032360938 ) ) ;
#864 = CIRCLE ( 'NONE', #1527, 3.850000000000000977 ) ;
#865 = CARTESIAN_POINT ( 'NONE',  ( 0.4837873021403584217, 0.4000000000000000222, 0.2960027549124398250 ) ) ;
#866 = CARTESIAN_POINT ( 'NONE',  ( -0.7834274058628610815, 0.000000000000000000, -1.316265407590222258 ) ) ;
#867 = ORIENTED_EDGE ( 'NONE', *, *, #2592, .F. ) ;
#868 = CARTESIAN_POINT ( 'NONE',  ( 1.334350834711491851, 0.000000000000000000, -0.2608023786655740417 ) ) ;
#869 = CARTESIAN_POINT ( 'NONE',  ( 0.7928462050426109409, 0.000000000000000000, 0.4485773519596977232 ) ) ;
#870 = CARTESIAN_POINT ( 'NONE',  ( 0.7164563118296204403, 0.000000000000000000, -1.868431480811654888 ) ) ;
#871 = CARTESIAN_POINT ( 'NONE',  ( -1.360439817163654697, 0.000000000000000000, 1.939809241675229057 ) ) ;
#872 = CARTESIAN_POINT ( 'NONE',  ( -0.7955155243421712097, 0.4000000000000000222, 1.613070008554264412 ) ) ;
#873 = VERTEX_POINT ( 'NONE', #2884 ) ;
#874 = CARTESIAN_POINT ( 'NONE',  ( 0.9885921632248367841, 0.4000000000000000222, 2.061674135356157844 ) ) ;
#875 = CARTESIAN_POINT ( 'NONE',  ( -1.119960011999591165, 0.4000000000000000222, 0.2479197383706082392 ) ) ;
#876 = CARTESIAN_POINT ( 'NONE',  ( -1.413473365764365886, 0.4000000000000000222, -1.841643121972665886 ) ) ;
#877 = CARTESIAN_POINT ( 'NONE',  ( -0.2715090270974371833, 0.000000000000000000, -1.358104009735520146 ) ) ;
#878 = CARTESIAN_POINT ( 'NONE',  ( -1.119960011999591387, 0.4000000000000000222, 0.2479197383706082947 ) ) ;
#879 = CARTESIAN_POINT ( 'NONE',  ( -1.267954727870965748, 0.4000000000000000222, 1.391878893484476576 ) ) ;
#880 = CARTESIAN_POINT ( 'NONE',  ( 0.000000000000000000, 20.00000000000000000, 1.649999999999999911 ) ) ;
#881 = CARTESIAN_POINT ( 'NONE',  ( -1.375950871885212035, 0.4000000000000000222, 1.709867539748646248 ) ) ;
#882 = CARTESIAN_POINT ( 'NONE',  ( -1.387257912145851257, 0.4000000000000000222, -1.104891797052575786 ) ) ;
#883 = ORIENTED_EDGE ( 'NONE', *, *, #2759, .F. ) ;
#884 = CIRCLE ( 'NONE', #1317, 5.049999999999999822 ) ;
#885 = CARTESIAN_POINT ( 'NONE',  ( -0.9609656888675064401, 0.4000000000000000222, 0.5599085988562086946 ) ) ;
#886 = CARTESIAN_POINT ( 'NONE',  ( 0.9921736418748809960, 0.4000000000000000222, 0.6096108772329480452 ) ) ;
#887 = DIRECTION ( 'NONE',  ( -0.000000000000000000, -1.000000000000000000, -0.000000000000000000 ) ) ;
#888 = CARTESIAN_POINT ( 'NONE',  ( -0.06599764356426149337, 0.000000000000000000, 2.415842333026959832 ) ) ;
#889 = CARTESIAN_POINT ( 'NONE',  ( 0.09717656723973745747, 0.4000000000000000222, -2.044509234274439979 ) ) ;
#890 = CARTESIAN_POINT ( 'NONE',  ( 0.000000000000000000, 0.9999999999999974465, 0.000000000000000000 ) ) ;
#891 = LINE ( 'NONE', #1962, #650 ) ;
#892 = CARTESIAN_POINT ( 'NONE',  ( 0.1084473250783352938, 0.000000000000000000, -0.2190128715447885732 ) ) ;
#893 = EDGE_CURVE ( 'NONE', #2841, #2576, #518, .T. ) ;
#894 = CARTESIAN_POINT ( 'NONE',  ( 1.235972572812870984, 0.4000000000000000222, -0.1080816756039347376 ) ) ;
#895 = CARTESIAN_POINT ( 'NONE',  ( -1.029740293508941473, 0.000000000000000000, -0.07188760554025622196 ) ) ;
#896 = CARTESIAN_POINT ( 'NONE',  ( -0.1855326095670035425, 0.4000000000000000222, -1.350456604315662501 ) ) ;
#897 = CARTESIAN_POINT ( 'NONE',  ( 0.2320906727471513109, 0.000000000000000000, 0.9287613780361027027 ) ) ;
#898 = CARTESIAN_POINT ( 'NONE',  ( 0.5409413810442019743, 0.000000000000000000, 0.3347535470277476222 ) ) ;
#899 = CARTESIAN_POINT ( 'NONE',  ( 0.3220978311581393361, 0.000000000000000000, -0.4108747314189912236 ) ) ;
#900 = ORIENTED_EDGE ( 'NONE', *, *, #200, .T. ) ;
#901 = FACE_OUTER_BOUND ( 'NONE', #1698, .T. ) ;
#902 = CARTESIAN_POINT ( 'NONE',  ( 1.247495697931354064, -0.000000000000000000, 1.309850279446342913 ) ) ;
#903 = CARTESIAN_POINT ( 'NONE',  ( -0.06599764356426149337, 0.4000000000000000222, 2.415842333026959832 ) ) ;
#904 = CARTESIAN_POINT ( 'NONE',  ( 0.1726652351953421871, 0.000000000000000000, -0.2605553143192271826 ) ) ;
#905 = CARTESIAN_POINT ( 'NONE',  ( -1.230548500195294936, 0.4000000000000000222, 2.104105439978942726 ) ) ;
#906 = DIRECTION ( 'NONE',  ( 0.000000000000000000, 0.000000000000000000, -1.000000000000000000 ) ) ;
#907 = CARTESIAN_POINT ( 'NONE',  ( -1.374662460464895375, -5.421010862427522170E-17, 1.624848508871813424 ) ) ;
#908 = VECTOR ( 'NONE', #1916, 1000.000000000000000 ) ;
#909 = CARTESIAN_POINT ( 'NONE',  ( -0.9609656888675064401, 0.4000000000000000222, 0.5599085988562086946 ) ) ;
#910 = ORIENTED_EDGE ( 'NONE', *, *, #2987, .F. ) ;
#911 = CARTESIAN_POINT ( 'NONE',  ( 0.1622923818574629196, 0.4000000000000000222, 0.8209928273470561422 ) ) ;
#912 = CARTESIAN_POINT ( 'NONE',  ( -1.375950871885212035, 0.000000000000000000, 1.709867539748646248 ) ) ;
#913 = CARTESIAN_POINT ( 'NONE',  ( -0.5209613643118643500, -0.000000000000000000, -0.08058758810413092777 ) ) ;
#914 = EDGE_LOOP ( 'NONE', ( #1274, #1396, #1353, #2355 ) ) ;
#915 = EDGE_CURVE ( 'NONE', #2119, #292, #1302, .T. ) ;
#916 = CARTESIAN_POINT ( 'NONE',  ( 0.6303905994977729854, 0.000000000000000000, 0.3678714770785138644 ) ) ;
#917 = VECTOR ( 'NONE', #1703, 1000.000000000000000 ) ;
#918 = CARTESIAN_POINT ( 'NONE',  ( 0.2879897173713235614, 0.4000000000000000222, 1.186886212716694367 ) ) ;
#919 = CARTESIAN_POINT ( 'NONE',  ( 0.2852400544197159493, 0.4000000000000000222, 1.118592372459015438 ) ) ;
#920 = CARTESIAN_POINT ( 'NONE',  ( -1.483859206809609699, 0.000000000000000000, -1.695412616650086246 ) ) ;
#921 = CARTESIAN_POINT ( 'NONE',  ( -0.5696562972885708120, 0.4000000000000000222, -1.351412313627675665 ) ) ;
#922 = DIRECTION ( 'NONE',  ( 0.000000000000000000, 0.000000000000000000, -1.000000000000000000 ) ) ;
#923 = CARTESIAN_POINT ( 'NONE',  ( -1.352064417149068776, 0.4000000000000000222, 1.451260531807612608 ) ) ;
#924 = CARTESIAN_POINT ( 'NONE',  ( 1.439948586856617530, 0.4000000000000000222, -0.7100460576076135233 ) ) ;
#925 = CARTESIAN_POINT ( 'NONE',  ( -1.114233156060972618, 0.4000000000000000222, 0.08533686398472728474 ) ) ;
#926 = CARTESIAN_POINT ( 'NONE',  ( -0.01464650577925186853, -0.000000000000000000, 2.414721504797930240 ) ) ;
#927 = CARTESIAN_POINT ( 'NONE',  ( -0.05369428141654816744, 0.4000000000000000222, 0.6560646933962460681 ) ) ;
#928 = CIRCLE ( 'NONE', #3030, 5.049999999999999822 ) ;
#929 = CARTESIAN_POINT ( 'NONE',  ( 0.4781628588773493282, -0.000000000000000000, 0.3189949648210524402 ) ) ;
#930 = CARTESIAN_POINT ( 'NONE',  ( -0.4438156693288881072, 0.000000000000000000, -0.08158815991571639892 ) ) ;
#931 = ORIENTED_EDGE ( 'NONE', *, *, #46, .F. ) ;
#932 = CARTESIAN_POINT ( 'NONE',  ( -0.9994979139597511830, 0.000000000000000000, 0.5591222913259853433 ) ) ;
#933 = CARTESIAN_POINT ( 'NONE',  ( 1.247955441942401711, 0.000000000000000000, 1.341880678663065929 ) ) ;
#934 = EDGE_CURVE ( 'NONE', #3338, #1509, #1041, .T. ) ;
#935 = ORIENTED_EDGE ( 'NONE', *, *, #1988, .T. ) ;
#936 = CARTESIAN_POINT ( 'NONE',  ( 0.4159851473141342182, 0.4000000000000000222, -0.7450448079826007541 ) ) ;
#937 = FACE_OUTER_BOUND ( 'NONE', #398, .T. ) ;
#938 = CARTESIAN_POINT ( 'NONE',  ( -0.6660283190552965804, 0.000000000000000000, -1.338080134695907031 ) ) ;
#939 = CARTESIAN_POINT ( 'NONE',  ( -1.503560462938725362, -0.000000000000000000, -1.377013177553416456 ) ) ;
#940 = CARTESIAN_POINT ( 'NONE',  ( -1.160257551616574068, 0.4000000000000000222, -1.949285133478493304 ) ) ;
#941 = CARTESIAN_POINT ( 'NONE',  ( -1.503864117086850971, 0.4000000000000000222, -1.434689271312190595 ) ) ;
#942 = CARTESIAN_POINT ( 'NONE',  ( -0.3306413586189863030, 0.4000000000000000222, -1.359372091377444747 ) ) ;
#943 = DIRECTION ( 'NONE',  ( 1.000000000000000000, 0.000000000000000000, -0.000000000000000000 ) ) ;
#944 = CARTESIAN_POINT ( 'NONE',  ( 1.402127169467813017, 0.4000000000000000222, -0.4305903216940969447 ) ) ;
#945 = CARTESIAN_POINT ( 'NONE',  ( 0.4151381368705048258, -0.000000000000000000, -0.7203440373491074578 ) ) ;
#946 = PLANE ( 'NONE',  #35 ) ;
#947 = ORIENTED_EDGE ( 'NONE', *, *, #520, .T. ) ;
#948 = CARTESIAN_POINT ( 'NONE',  ( 0.7215402829363631865, 0.4000000000000000222, 2.256595263262166196 ) ) ;
#949 =( LENGTH_UNIT ( ) NAMED_UNIT ( * ) SI_UNIT ( .MILLI., .METRE. ) );
#950 = EDGE_LOOP ( 'NONE', ( #1881, #1714, #2283, #2369 ) ) ;
#951 = CARTESIAN_POINT ( 'NONE',  ( 0.1622923818574629196, 0.000000000000000000, 0.8209928273470561422 ) ) ;
#952 = EDGE_CURVE ( 'NONE', #2715, #1434, #548, .T. ) ;
#953 = CARTESIAN_POINT ( 'NONE',  ( 0.5580181988921794067, 0.000000000000000000, 0.2863514191845139001 ) ) ;
#954 = CARTESIAN_POINT ( 'NONE',  ( 1.439948586856617530, 0.000000000000000000, -0.7100460576076135233 ) ) ;
#955 = CARTESIAN_POINT ( 'NONE',  ( -0.1855326095670035425, 0.4000000000000000222, -1.350456604315662501 ) ) ;
#956 = EDGE_CURVE ( 'NONE', #2408, #258, #1636, .T. ) ;
#957 = DIRECTION ( 'NONE',  ( 0.000000000000000000, -1.000000000000000000, -0.000000000000000000 ) ) ;
#958 = APPLICATION_PROTOCOL_DEFINITION ( 'draft international standard', 'automotive_design', 1998, #2067 ) ;
#959 = CARTESIAN_POINT ( 'NONE',  ( -1.413473365764365886, 0.000000000000000000, -1.841643121972665886 ) ) ;
#960 = CARTESIAN_POINT ( 'NONE',  ( -0.2715090270974371833, 0.000000000000000000, -1.358104009735520146 ) ) ;
#961 = CARTESIAN_POINT ( 'NONE',  ( -1.503946301828022580, 0.000000000000000000, -1.403021315032360938 ) ) ;
#962 = CARTESIAN_POINT ( 'NONE',  ( 1.045030366370488961, 0.000000000000000000, 0.6742936175874481020 ) ) ;
#963 = CARTESIAN_POINT ( 'NONE',  ( 0.7667432485812490928, 0.4000000000000000222, 0.2269679082492524480 ) ) ;
#964 = CARTESIAN_POINT ( 'NONE',  ( 1.247486351051758424, 0.4000000000000000222, -1.412162227334406994 ) ) ;
#965 = ORIENTED_EDGE ( 'NONE', *, *, #520, .F. ) ;
#966 = CARTESIAN_POINT ( 'NONE',  ( 0.7150942946705695080, 0.4000000000000000222, 0.4039846079477942831 ) ) ;
#967 = CARTESIAN_POINT ( 'NONE',  ( -1.352064417149068776, 0.000000000000000000, 1.451260531807612608 ) ) ;
#968 = EDGE_LOOP ( 'NONE', ( #2090, #2683, #2959, #2351 ) ) ;
#969 = CARTESIAN_POINT ( 'NONE',  ( -1.393950229220919823, 0.000000000000000000, -1.104031990400327068 ) ) ;
#970 = VECTOR ( 'NONE', #887, 1000.000000000000000 ) ;
#971 = CARTESIAN_POINT ( 'NONE',  ( -0.2579907884784772287, 0.4000000000000000222, -2.063997714971405273 ) ) ;
#972 = CARTESIAN_POINT ( 'NONE',  ( 6.184466335694133068E-16, 0.9999999999999974465, 5.049999999999999822 ) ) ;
#973 = CARTESIAN_POINT ( 'NONE',  ( -0.9994979139597511830, -1.084202172485504434E-16, 0.5591222913259853433 ) ) ;
#974 = CARTESIAN_POINT ( 'NONE',  ( 0.9083630638938935409, 0.000000000000000000, 2.133687187143369801 ) ) ;
#975 = EDGE_CURVE ( 'NONE', #3061, #794, #234, .T. ) ;
#976 = CARTESIAN_POINT ( 'NONE',  ( 1.197192900353171163, 0.000000000000000000, 0.9772144357959040573 ) ) ;
#977 = CARTESIAN_POINT ( 'NONE',  ( 0.7215402829363631865, 0.000000000000000000, 2.256595263262166196 ) ) ;
#978 = CARTESIAN_POINT ( 'NONE',  ( -1.367694155069333561, 0.000000000000000000, 1.897063969759776425 ) ) ;
#979 = CARTESIAN_POINT ( 'NONE',  ( -0.1050647638246545723, 0.000000000000000000, -1.336164934942370541 ) ) ;
#980 = CARTESIAN_POINT ( 'NONE',  ( 0.03587549320808545300, 0.4000000000000000222, -0.1831967979373058664 ) ) ;
#981 = CARTESIAN_POINT ( 'NONE',  ( 0.4248092656003793488, 0.000000000000000000, -1.977699130178057541 ) ) ;
#982 = ORIENTED_EDGE ( 'NONE', *, *, #2943, .T. ) ;
#983 = DIRECTION ( 'NONE',  ( 0.000000000000000000, 0.000000000000000000, 1.000000000000000000 ) ) ;
#984 = CARTESIAN_POINT ( 'NONE',  ( -1.118873814755305229, 0.000000000000000000, 0.1608588267981585218 ) ) ;
#985 = VERTEX_POINT ( 'NONE', #2481 ) ;
#986 = B_SPLINE_CURVE_WITH_KNOTS ( 'NONE', 3,
 ( #2691, #354, #2949, #1652, #3245, #2155, #1946, #2226, #2173, #43, #1409, #905, #2446, #3208, #372, #839, #1912, #584, #2193, #1930, #638 ),
 .UNSPECIFIED., .F., .F.,
 ( 4, 1, 1, 1, 1, 1, 1, 1, 1, 1, 1, 1, 1, 1, 1, 1, 1, 1, 4 ),
 ( 0.000000000000000000, 0.04618021369592312242, 0.08338048637253402118, 0.1141757308677434496, 0.1398156521358968063, 0.1612457443688149750, 0.1805573315818425617, 0.2011923301351904725, 0.2266492575870860948, 0.2432359315937908384, 0.2656903907184886560, 0.2929681590677117864, 0.3265990921177970296, 0.4067921246565798787, 0.5006703359449099500, 0.6082094252650039889, 0.7280894338561564316, 0.8595438823833522202, 1.000000000000000000 ),
 .UNSPECIFIED. ) ;
#987 = CARTESIAN_POINT ( 'NONE',  ( -1.322861759940584525, 0.000000000000000000, -1.893995068569755080 ) ) ;
#988 = CARTESIAN_POINT ( 'NONE',  ( -1.213400838637796353, 0.4000000000000000222, 1.405714249007281813 ) ) ;
#989 = B_SPLINE_SURFACE_WITH_KNOTS ( 'NONE', 3, 1, ( 
 ( #1424, #1370 ),
 ( #2427, #112 ),
 ( #1106, #529 ),
 ( #315, #1837 ),
 ( #1578, #2893 ),
 ( #3221, #2405 ),
 ( #1612, #2169 ),
 ( #852, #3204 ),
 ( #1856, #597 ),
 ( #798, #2668 ),
 ( #2911, #1889 ) ),
 .UNSPECIFIED., .F., .F., .F.,
 ( 4, 1, 1, 1, 1, 1, 1, 1, 4 ),
 ( 2, 2 ),
 ( 0.000000000000000000, 0.1163069737937504206, 0.2312179710123322685, 0.3427674030721790666, 0.4532691418904810088, 0.5689407975750531143, 0.6963573075600631990, 0.8384912334457836902, 1.000000000000000000 ),
 ( 0.000000000000000000, 1.000000000000000000 ),
 .UNSPECIFIED. ) ;
#990 = CARTESIAN_POINT ( 'NONE',  ( 0.000000000000000000, 20.50000000000001066, 4.349999999999999645 ) ) ;
#991 = CARTESIAN_POINT ( 'NONE',  ( -1.063053227845252913, -1.084202172485504434E-16, 0.5286826280446345061 ) ) ;
#992 = CARTESIAN_POINT ( 'NONE',  ( 1.228996100122349944, 0.000000000000000000, 1.579964325699211969 ) ) ;
#993 = CARTESIAN_POINT ( 'NONE',  ( -0.3762614420091044409, 0.4000000000000000222, 1.709984747271733774 ) ) ;
#994 = CARTESIAN_POINT ( 'NONE',  ( 0.1994634916215114184, 0.000000000000000000, -1.208491581162337125 ) ) ;
#995 = CARTESIAN_POINT ( 'NONE',  ( -0.9994979139597511830, 0.4000000000000000222, 0.5591222913259853433 ) ) ;
#996 = ADVANCED_FACE ( 'NONE', ( #1146 ), #2212, .T. ) ;
#997 = CARTESIAN_POINT ( 'NONE',  ( -1.443909815950557451, 0.4000000000000000222, -1.119534366980502682 ) ) ;
#998 = CARTESIAN_POINT ( 'NONE',  ( -1.267954727870965748, 0.000000000000000000, 1.391878893484476576 ) ) ;
#999 = B_SPLINE_SURFACE_WITH_KNOTS ( 'NONE', 3, 1, ( 
 ( #1924, #617 ),
 ( #2238, #178 ),
 ( #435, #140 ),
 ( #1206, #125 ),
 ( #400, #2269 ),
 ( #1507, #2285 ),
 ( #2006, #2560 ),
 ( #1240, #416 ),
 ( #3031, #984 ),
 ( #1187, #3064 ),
 ( #2253, #3341 ) ),
 .UNSPECIFIED., .F., .F., .F.,
 ( 4, 1, 1, 1, 1, 1, 1, 1, 4 ),
 ( 2, 2 ),
 ( 0.000000000000000000, 0.09913581625842535217, 0.1859609924318360030, 0.2643303161733661089, 0.3547825710354106099, 0.4667084306599094123, 0.6038496949404864589, 0.7809922059112461845, 0.9999999999999998890 ),
 ( 0.000000000000000000, 1.000000000000000000 ),
 .UNSPECIFIED. ) ;
#1000 = CARTESIAN_POINT ( 'NONE',  ( 1.372178749343858639, 0.4000000000000000222, -1.158572545125582831 ) ) ;
#1001 = ORIENTED_EDGE ( 'NONE', *, *, #2329, .T. ) ;
#1002 = DIRECTION ( 'NONE',  ( -0.000000000000000000, -1.000000000000000000, -0.000000000000000000 ) ) ;
#1003 = CARTESIAN_POINT ( 'NONE',  ( -1.119960011999591387, 0.4000000000000000222, 0.2479197383706082947 ) ) ;
#1004 = ORIENTED_EDGE ( 'NONE', *, *, #219, .T. ) ;
#1005 = CARTESIAN_POINT ( 'NONE',  ( -0.4719481731294315474, 0.000000000000000000, -2.060522523252883431 ) ) ;
#1006 = CARTESIAN_POINT ( 'NONE',  ( 1.424800915314415883, 0.000000000000000000, -0.5207615537225155355 ) ) ;
#1007 = CARTESIAN_POINT ( 'NONE',  ( -1.242248374516536247, 0.4000000000000000222, 1.394139535156899479 ) ) ;
#1008 = CARTESIAN_POINT ( 'NONE',  ( 0.000000000000000000, 23.00000000000000000, 0.000000000000000000 ) ) ;
#1009 = ORIENTED_EDGE ( 'NONE', *, *, #97, .F. ) ;
#1010 = CARTESIAN_POINT ( 'NONE',  ( -0.7955155243421712097, 0.4000000000000000222, 1.613070008554264412 ) ) ;
#1011 = CARTESIAN_POINT ( 'NONE',  ( 0.3833737943276053772, 0.4000000000000000222, -0.5335975124712912798 ) ) ;
#1012 = DIRECTION ( 'NONE',  ( 0.000000000000000000, 0.000000000000000000, 1.000000000000000000 ) ) ;
#1013 = CARTESIAN_POINT ( 'NONE',  ( -1.393950229220919823, 0.4000000000000000222, -1.104031990400327068 ) ) ;
#1014 = CARTESIAN_POINT ( 'NONE',  ( 0.4134699575117723458, 0.000000000000000000, -0.6716960944276232359 ) ) ;
#1015 = PLANE ( 'NONE',  #2136 ) ;
#1016 = ORIENTED_EDGE ( 'NONE', *, *, #1143, .T. ) ;
#1017 = DIRECTION ( 'NONE',  ( 0.000000000000000000, -1.000000000000000000, 0.000000000000000000 ) ) ;
#1018 = CARTESIAN_POINT ( 'NONE',  ( -0.2824573414518485870, 0.000000000000000000, 0.5837643875079914224 ) ) ;
#1019 = ORIENTED_EDGE ( 'NONE', *, *, #2103, .T. ) ;
#1020 = COLOUR_RGB ( '',0.7921568627450980005, 0.8196078431372548767, 0.9333333333333333481 ) ;
#1021 = CARTESIAN_POINT ( 'NONE',  ( 0.2075605171319163111, 0.4000000000000000222, 1.483771682300988992 ) ) ;
#1022 = CARTESIAN_POINT ( 'NONE',  ( 0.2870625992470807186, 0.4000000000000000222, 1.163859224248881663 ) ) ;
#1023 = CARTESIAN_POINT ( 'NONE',  ( -0.3609871110105823400, 0.4000000000000000222, -1.360022850285947715 ) ) ;
#1024 = CARTESIAN_POINT ( 'NONE',  ( 1.168224431930102281, 0.000000000000000000, 0.8949338593462775604 ) ) ;
#1025 = CARTESIAN_POINT ( 'NONE',  ( 0.3220978311581393361, 0.4000000000000000222, -0.4108747314189912236 ) ) ;
#1026 = CARTESIAN_POINT ( 'NONE',  ( -0.06599764356426149337, 0.000000000000000000, 2.415842333026959832 ) ) ;
#1027 = CARTESIAN_POINT ( 'NONE',  ( -1.402776497343223294, 0.4000000000000000222, -1.104725389433663274 ) ) ;
#1028 = CARTESIAN_POINT ( 'NONE',  ( -0.1325348429984342380, 0.000000000000000000, -0.1266448974004860950 ) ) ;
#1029 = DIRECTION ( 'NONE',  ( 0.000000000000000000, 0.000000000000000000, -1.000000000000000000 ) ) ;
#1030 = ORIENTED_EDGE ( 'NONE', *, *, #2270, .T. ) ;
#1031 = CARTESIAN_POINT ( 'NONE',  ( -1.316786006472197901, 0.4000000000000000222, 1.401309237616946923 ) ) ;
#1032 = CARTESIAN_POINT ( 'NONE',  ( -1.393950229220919823, 0.000000000000000000, -1.104031990400327068 ) ) ;
#1033 = ORIENTED_EDGE ( 'NONE', *, *, #6, .F. ) ;
#1034 = CARTESIAN_POINT ( 'NONE',  ( -0.4888035185822428019, 0.4000000000000000222, 1.706285168720422796 ) ) ;
#1035 = EDGE_CURVE ( 'NONE', #2701, #730, #891, .T. ) ;
#1036 = CARTESIAN_POINT ( 'NONE',  ( 0.9885921632248367841, 0.000000000000000000, 2.061674135356157844 ) ) ;
#1037 = CARTESIAN_POINT ( 'NONE',  ( -1.267954727870965748, 0.000000000000000000, 1.391878893484476576 ) ) ;
#1038 = CARTESIAN_POINT ( 'NONE',  ( -0.7834274058628610815, 0.4000000000000000222, -1.316265407590222258 ) ) ;
#1039 = ORIENTED_EDGE ( 'NONE', *, *, #3074, .T. ) ;
#1040 = CARTESIAN_POINT ( 'NONE',  ( 1.412268352485053668, 0.000000000000000000, -1.017339305123823312 ) ) ;
#1041 = LINE ( 'NONE', #2898, #3086 ) ;
#1042 = LINE ( 'NONE', #463, #165 ) ;
#1043 = CARTESIAN_POINT ( 'NONE',  ( 0.2798303030384997614, 0.4000000000000000222, -0.3559793186574355950 ) ) ;
#1044 = CARTESIAN_POINT ( 'NONE',  ( 1.439948586856617530, 0.4000000000000000222, -0.7100460576076135233 ) ) ;
#1045 = ORIENTED_EDGE ( 'NONE', *, *, #3114, .F. ) ;
#1046 = CARTESIAN_POINT ( 'NONE',  ( -1.267954727870965748, 0.000000000000000000, 1.391878893484476576 ) ) ;
#1047 = CARTESIAN_POINT ( 'NONE',  ( 0.2879897173713235614, 0.000000000000000000, 1.186886212716694367 ) ) ;
#1048 = ORIENTED_EDGE ( 'NONE', *, *, #3094, .T. ) ;
#1049 = CARTESIAN_POINT ( 'NONE',  ( 0.8616450883569798380, 0.000000000000000000, 0.1853906885861230924 ) ) ;
#1050 = CARTESIAN_POINT ( 'NONE',  ( 0.2310703145155794114, 0.000000000000000000, 2.400277275964825652 ) ) ;
#1051 = CARTESIAN_POINT ( 'NONE',  ( 1.202458440759296643, 0.4000000000000000222, 1.690419719360158890 ) ) ;
#1052 = CARTESIAN_POINT ( 'NONE',  ( -1.213400838637796353, 0.000000000000000000, 1.405714249007281813 ) ) ;
#1053 = CARTESIAN_POINT ( 'NONE',  ( 1.412268352485053668, 0.000000000000000000, -1.017339305123823312 ) ) ;
#1054 = EDGE_CURVE ( 'NONE', #2841, #1170, #3376, .T. ) ;
#1055 = ORIENTED_EDGE ( 'NONE', *, *, #1354, .F. ) ;
#1056 = CARTESIAN_POINT ( 'NONE',  ( 1.439948586856617530, 0.4000000000000000222, -0.7100460576076135233 ) ) ;
#1057 = CARTESIAN_POINT ( 'NONE',  ( -0.5111137323224418383, 0.000000000000000000, 2.378232655445215116 ) ) ;
#1058 = CARTESIAN_POINT ( 'NONE',  ( 0.4026954530456103853, 0.000000000000000000, -0.6007551168600537839 ) ) ;
#1059 = CARTESIAN_POINT ( 'NONE',  ( -1.352064417149068776, 0.000000000000000000, 1.451260531807612608 ) ) ;
#1060 = CARTESIAN_POINT ( 'NONE',  ( 1.437828497728758315, 0.4000000000000000222, -0.6143295300746953735 ) ) ;
#1061 = ORIENTED_EDGE ( 'NONE', *, *, #956, .T. ) ;
#1062 = CARTESIAN_POINT ( 'NONE',  ( 0.4459840762069803843, 0.000000000000000000, 0.3009178460813030642 ) ) ;
#1063 = CARTESIAN_POINT ( 'NONE',  ( -1.457027593171545732, 0.4000000000000000222, -1.780919694078401783 ) ) ;
#1064 = VERTEX_POINT ( 'NONE', #1671 ) ;
#1065 = CARTESIAN_POINT ( 'NONE',  ( 0.000000000000000000, 23.00000000000000000, 0.000000000000000000 ) ) ;
#1066 = CARTESIAN_POINT ( 'NONE',  ( 0.4459840762069803843, 0.4000000000000000222, 0.3109174890455852491 ) ) ;
#1067 = CARTESIAN_POINT ( 'NONE',  ( 0.2310703145155794114, 0.4000000000000000222, 2.400277275964825652 ) ) ;
#1068 = CARTESIAN_POINT ( 'NONE',  ( 0.2852400544197159493, 0.4000000000000000222, 1.118592372459015438 ) ) ;
#1069 = CARTESIAN_POINT ( 'NONE',  ( -0.2579907884784772287, 0.000000000000000000, -2.063997714971405273 ) ) ;
#1070 = ORIENTED_EDGE ( 'NONE', *, *, #1610, .T. ) ;
#1071 = CARTESIAN_POINT ( 'NONE',  ( 1.435371318658462236, 0.000000000000000000, -0.8664667666002592306 ) ) ;
#1072 = CARTESIAN_POINT ( 'NONE',  ( -1.374306384565631145, 0.4000000000000000222, 1.845393725761207859 ) ) ;
#1073 = VECTOR ( 'NONE', #371, 1000.000000000000000 ) ;
#1074 = CARTESIAN_POINT ( 'NONE',  ( -0.05114845285611388515, 0.4000000000000000222, 1.675475913526623062 ) ) ;
#1075 = ADVANCED_FACE ( 'NONE', ( #373 ), #2794, .F. ) ;
#1076 = CARTESIAN_POINT ( 'NONE',  ( 0.3772029046219545489, 0.000000000000000000, -0.9800462846333741762 ) ) ;
#1077 = CARTESIAN_POINT ( 'NONE',  ( -0.2579907884784772287, 0.4000000000000000222, -2.063997714971405273 ) ) ;
#1078 = ORIENTED_EDGE ( 'NONE', *, *, #975, .T. ) ;
#1079 = CARTESIAN_POINT ( 'NONE',  ( -1.022718912617998299, 0.000000000000000000, -1.985492271711819079 ) ) ;
#1080 = FACE_OUTER_BOUND ( 'NONE', #1538, .T. ) ;
#1081 = CARTESIAN_POINT ( 'NONE',  ( -1.503560462938725362, 0.000000000000000000, -1.377013177553416456 ) ) ;
#1082 = VERTEX_POINT ( 'NONE', #2195 ) ;
#1083 = CARTESIAN_POINT ( 'NONE',  ( 1.197192900353171163, 0.4000000000000000222, 0.9772144357959040573 ) ) ;
#1084 = CARTESIAN_POINT ( 'NONE',  ( 0.9311402509642339176, 0.4000000000000000222, 0.5517797427800487098 ) ) ;
#1085 = DIRECTION ( 'NONE',  ( 0.000000000000000000, -1.000000000000000000, 0.000000000000000000 ) ) ;
#1086 = CARTESIAN_POINT ( 'NONE',  ( -1.312797621590742647, 0.000000000000000000, 2.035417506225935202 ) ) ;
#1087 = CARTESIAN_POINT ( 'NONE',  ( -1.260217733129085138, 0.4000000000000000222, 1.392559292313966690 ) ) ;
#1088 = ORIENTED_EDGE ( 'NONE', *, *, #2015, .F. ) ;
#1089 = CARTESIAN_POINT ( 'NONE',  ( 0.9083630638938935409, 0.4000000000000000222, 2.133687187143369801 ) ) ;
#1090 = CARTESIAN_POINT ( 'NONE',  ( -1.375603406792332395, 0.4000000000000000222, 1.735525417680131799 ) ) ;
#1091 = CARTESIAN_POINT ( 'NONE',  ( 0.05626303550375333362, 0.4000000000000000222, 1.628660700081102641 ) ) ;
#1092 = DIRECTION ( 'NONE',  ( 0.000000000000000000, 1.000000000000000000, 0.000000000000000000 ) ) ;
#1093 = CARTESIAN_POINT ( 'NONE',  ( -0.5619799345926519418, 0.000000000000000000, 0.5599085988562085836 ) ) ;
#1094 = EDGE_LOOP ( 'NONE', ( #3081, #855, #311, #2618 ) ) ;
#1095 = DIRECTION ( 'NONE',  ( -0.000000000000000000, -1.000000000000000000, -0.000000000000000000 ) ) ;
#1096 = B_SPLINE_CURVE_WITH_KNOTS ( 'NONE', 3,
 ( #2171, #854, #1909, #653, #872, #1960, #1927, #1406, #1159, #96, #1650, #1087, #59 ),
 .UNSPECIFIED., .F., .F.,
 ( 4, 1, 1, 1, 1, 1, 1, 1, 1, 1, 4 ),
 ( 0.000000000000000000, 0.1692851242767529352, 0.3326481149474295740, 0.4875633421225240016, 0.6295533232557261050, 0.7554214610791970541, 0.8637139889813155724, 0.9087961583716734904, 0.9468005231923991571, 0.9770941144196546579, 1.000000000000000000 ),
 .UNSPECIFIED. ) ;
#1097 = ADVANCED_FACE ( 'NONE', ( #3246 ), #1766, .T. ) ;
#1098 = CARTESIAN_POINT ( 'NONE',  ( -1.503946301828022580, 0.4000000000000000222, -1.403021315032360938 ) ) ;
#1099 = CARTESIAN_POINT ( 'NONE',  ( -1.316786006472197901, 0.4000000000000000222, 1.401309237616946923 ) ) ;
#1100 = VERTEX_POINT ( 'NONE', #442 ) ;
#1101 = B_SPLINE_CURVE_WITH_KNOTS ( 'NONE', 3,
 ( #3027, #3042, #1985, #663, #1712, #2767, #1286, #789, #3388, #2870, #2573, #536, #3420, #743, #2608 ),
 .UNSPECIFIED., .F., .F.,
 ( 4, 1, 1, 1, 1, 1, 1, 1, 1, 1, 1, 1, 4 ),
 ( 0.000000000000000000, 0.08137218100060790438, 0.1585634365385522604, 0.2311471217972134451, 0.3002931195026011801, 0.4282472870135871634, 0.5467613473585277717, 0.6030937109463639922, 0.6581642071636577551, 0.7129438616527403738, 0.7673063782428073409, 0.8806531678382968353, 1.000000000000000000 ),
 .UNSPECIFIED. ) ;
#1102 = CARTESIAN_POINT ( 'NONE',  ( 1.439238964302066215, -0.000000000000000000, -0.6780084390527361116 ) ) ;
#1103 = CARTESIAN_POINT ( 'NONE',  ( 0.2864694918618325148, -0.000000000000000000, 1.222107820998032501 ) ) ;
#1104 = CARTESIAN_POINT ( 'NONE',  ( 0.9083630638938935409, 0.000000000000000000, 2.133687187143369801 ) ) ;
#1105 = CARTESIAN_POINT ( 'NONE',  ( -0.7060721907654576857, 0.4000000000000000222, 2.335392855854358629 ) ) ;
#1106 = CARTESIAN_POINT ( 'NONE',  ( 0.2834472873772670987, 0.4000000000000000222, 1.292128289564637544 ) ) ;
#1107 = ORIENTED_EDGE ( 'NONE', *, *, #2288, .T. ) ;
#1108 = CARTESIAN_POINT ( 'NONE',  ( -1.312739772064044130, 0.000000000000000000, -1.127470280671942104 ) ) ;
#1109 = CARTESIAN_POINT ( 'NONE',  ( -0.2282998002658689352, 0.4000000000000000222, -0.1052463187147764379 ) ) ;
#1110 = PLANE ( 'NONE',  #614 ) ;
#1111 = CARTESIAN_POINT ( 'NONE',  ( 0.8616450883569798380, 0.4000000000000000222, 0.1853906885861230924 ) ) ;
#1112 = CARTESIAN_POINT ( 'NONE',  ( -1.258441831604885541, 0.4000000000000000222, -1.918476493279889894 ) ) ;
#1113 = CARTESIAN_POINT ( 'NONE',  ( -0.1441326652218373472, -0.000000000000000000, 2.414277728177937288 ) ) ;
#1114 = CARTESIAN_POINT ( 'NONE',  ( -1.358314509104268319, 0.000000000000000000, -1.875077198622074892 ) ) ;
#1115 = LINE ( 'NONE', #2992, #1205 ) ;
#1116 = CARTESIAN_POINT ( 'NONE',  ( -1.443909815950557451, 0.4000000000000000222, -1.119534366980502682 ) ) ;
#1117 = ORIENTED_EDGE ( 'NONE', *, *, #3262, .T. ) ;
#1118 = CARTESIAN_POINT ( 'NONE',  ( -0.1781647529843719269, 0.4000000000000000222, 1.707690539200168667 ) ) ;
#1119 = CARTESIAN_POINT ( 'NONE',  ( 0.2075605171319163111, 0.000000000000000000, 1.483771682300988992 ) ) ;
#1120 = EDGE_CURVE ( 'NONE', #3149, #3224, #3347, .T. ) ;
#1121 = CARTESIAN_POINT ( 'NONE',  ( 1.372178749343858639, 0.000000000000000000, -1.158572545125582831 ) ) ;
#1122 = CARTESIAN_POINT ( 'NONE',  ( -0.5111137323224418383, 0.4000000000000000222, 2.378232655445215116 ) ) ;
#1123 = FACE_OUTER_BOUND ( 'NONE', #2847, .T. ) ;
#1124 = ORIENTED_EDGE ( 'NONE', *, *, #2627, .T. ) ;
#1125 = CARTESIAN_POINT ( 'NONE',  ( 1.057428056376395364, 0.4000000000000000222, 1.980373981026668950 ) ) ;
#1126 = PRODUCT_DEFINITION_FORMATION_WITH_SPECIFIED_SOURCE ( 'ANY', '', #2791, .NOT_KNOWN. ) ;
#1127 = CARTESIAN_POINT ( 'NONE',  ( -1.174574561847825827, 0.4000000000000000222, -1.190364128820155409 ) ) ;
#1128 = B_SPLINE_SURFACE_WITH_KNOTS ( 'NONE', 3, 1, ( 
 ( #2344, #3122 ),
 ( #1532, #235 ),
 ( #3401, #754 ),
 ( #2036, #3384 ),
 ( #2866, #3139 ),
 ( #1809, #976 ),
 ( #1549, #1024 ),
 ( #499, #769 ),
 ( #460, #2569 ),
 ( #1825, #2604 ),
 ( #2084, #1515 ),
 ( #3091, #251 ),
 ( #1282, #2882 ),
 ( #516, #2326 ),
 ( #724, #1564 ),
 ( #2619, #1300 ),
 ( #1775, #2830 ),
 ( #203, #1250 ),
 ( #2312, #3368 ) ),
 .UNSPECIFIED., .F., .F., .F.,
 ( 4, 1, 1, 1, 1, 1, 1, 1, 1, 1, 1, 1, 1, 1, 1, 1, 4 ),
 ( 2, 2 ),
 ( 0.000000000000000000, 0.06744901029693589622, 0.1331348267394190377, 0.1973284087036006051, 0.2598445306316710113, 0.3209242257037216439, 0.3809615564104816832, 0.4397580467470434962, 0.4983865467678866845, 0.5567410310877607404, 0.6153442910270634503, 0.6752294668786856802, 0.7363898485051636467, 0.7992795564968809829, 0.8637376340819901133, 0.9301551405212739043, 1.000000000000000000 ),
 ( 0.000000000000000000, 1.000000000000000000 ),
 .UNSPECIFIED. ) ;
#1129 = CARTESIAN_POINT ( 'NONE',  ( 0.3833737943276053772, 0.4000000000000000222, -0.5335975124712912798 ) ) ;
#1130 = CARTESIAN_POINT ( 'NONE',  ( -1.370826705767144604, 0.000000000000000000, 1.551120760700289258 ) ) ;
#1131 = CARTESIAN_POINT ( 'NONE',  ( -0.9921693082003996134, 0.4000000000000000222, -0.07799485724063733028 ) ) ;
#1132 = CARTESIAN_POINT ( 'NONE',  ( -1.230548500195294936, 0.000000000000000000, 2.104105439978942726 ) ) ;
#1133 = CARTESIAN_POINT ( 'NONE',  ( -1.499974294396947627, 0.000000000000000000, -1.573513411623822078 ) ) ;
#1134 = STYLED_ITEM ( 'NONE', ( #3103 ), #1864 ) ;
#1135 = CARTESIAN_POINT ( 'NONE',  ( 0.1414074722355435632, 0.000000000000000000, 1.562591894141753146 ) ) ;
#1136 = CARTESIAN_POINT ( 'NONE',  ( -0.5696562972885708120, 0.000000000000000000, -1.351412313627675665 ) ) ;
#1137 = ORIENTED_EDGE ( 'NONE', *, *, #2904, .F. ) ;
#1138 = CARTESIAN_POINT ( 'NONE',  ( -0.05114845285611388515, 0.4000000000000000222, 1.675475913526623062 ) ) ;
#1139 = CARTESIAN_POINT ( 'NONE',  ( 1.235884358546943007, 0.000000000000000000, 1.153465286586176530 ) ) ;
#1140 = CARTESIAN_POINT ( 'NONE',  ( 6.184466335694133068E-16, 20.00000000000000000, 5.049999999999999822 ) ) ;
#1141 = CARTESIAN_POINT ( 'NONE',  ( -0.2953951259468285961, 0.000000000000000000, 2.411248792183492196 ) ) ;
#1142 = CARTESIAN_POINT ( 'NONE',  ( -0.2579907884784772287, 0.4000000000000000222, -2.063997714971405273 ) ) ;
#1143 = EDGE_CURVE ( 'NONE', #30, #77, #2828, .T. ) ;
#1144 = VECTOR ( 'NONE', #2199, 1000.000000000000000 ) ;
#1145 = CARTESIAN_POINT ( 'NONE',  ( 0.2310703145155794114, 0.4000000000000000222, 2.400277275964825652 ) ) ;
#1146 = FACE_OUTER_BOUND ( 'NONE', #1185, .T. ) ;
#1147 = CARTESIAN_POINT ( 'NONE',  ( -1.276295556207331039, -5.421010862427522170E-17, 1.392559663612535026 ) ) ;
#1148 = CARTESIAN_POINT ( 'NONE',  ( 0.9508127223539419859, 0.000000000000000000, 0.1386931659226298408 ) ) ;
#1149 = CARTESIAN_POINT ( 'NONE',  ( -1.119573305455784595, 0.4000000000000000222, 0.2169244247736029363 ) ) ;
#1150 = ORIENTED_EDGE ( 'NONE', *, *, #2393, .F. ) ;
#1151 = CARTESIAN_POINT ( 'NONE',  ( -1.435322581760724470, 0.000000000000000000, -1.814738957236181172 ) ) ;
#1152 = CARTESIAN_POINT ( 'NONE',  ( 1.091996224425372697, 0.000000000000000000, 0.7433459834379388953 ) ) ;
#1153 = CARTESIAN_POINT ( 'NONE',  ( -0.3609871110105823400, 0.4000000000000000222, -1.360022850285947715 ) ) ;
#1154 = ORIENTED_EDGE ( 'NONE', *, *, #2413, .T. ) ;
#1155 = AXIS2_PLACEMENT_3D ( 'NONE', #1380, #1642, #1920 ) ;
#1156 = LINE ( 'NONE', #139, #1694 ) ;
#1157 = CARTESIAN_POINT ( 'NONE',  ( 0.9921736418748809960, 0.000000000000000000, 0.6096108772329480452 ) ) ;
#1158 = CARTESIAN_POINT ( 'NONE',  ( -1.349045568480089941, 0.4000000000000000222, 1.975009731332110441 ) ) ;
#1159 = CARTESIAN_POINT ( 'NONE',  ( -1.178524976958727599, 0.4000000000000000222, 1.421307961209435478 ) ) ;
#1160 = ADVANCED_FACE ( 'NONE', ( #3089 ), #1518, .F. ) ;
#1161 = CARTESIAN_POINT ( 'NONE',  ( 1.247955441942401711, 0.4000000000000000222, 1.341880678663065929 ) ) ;
#1162 = CARTESIAN_POINT ( 'NONE',  ( -1.258326945222619564, 0.4000000000000000222, -1.154567482233160636 ) ) ;
#1163 = CARTESIAN_POINT ( 'NONE',  ( -0.1325348429984342380, 0.4000000000000000222, -0.1266448974004860950 ) ) ;
#1164 = EDGE_CURVE ( 'NONE', #733, #2126, #2420, .T. ) ;
#1165 = CARTESIAN_POINT ( 'NONE',  ( -0.06599764356426149337, 0.000000000000000000, 2.415842333026959832 ) ) ;
#1166 = DIRECTION ( 'NONE',  ( 0.000000000000000000, 0.000000000000000000, 1.000000000000000000 ) ) ;
#1167 = CARTESIAN_POINT ( 'NONE',  ( -1.258441831604885541, 0.000000000000000000, -1.918476493279889894 ) ) ;
#1168 = CARTESIAN_POINT ( 'NONE',  ( 1.437828497728758315, 0.4000000000000000222, -0.6143295300746953735 ) ) ;
#1169 = CARTESIAN_POINT ( 'NONE',  ( 0.3561882628201473722, 0.000000000000000000, -0.4706272906506272502 ) ) ;
#1170 = VERTEX_POINT ( 'NONE', #3398 ) ;
#1171 = CARTESIAN_POINT ( 'NONE',  ( -0.06599764356426149337, 0.000000000000000000, 2.415842333026959832 ) ) ;
#1172 = CARTESIAN_POINT ( 'NONE',  ( -1.361186868442736841, 0.000000000000000000, 1.494621751366744355 ) ) ;
#1173 = CARTESIAN_POINT ( 'NONE',  ( -0.1240576171128980332, 0.4000000000000000222, 0.6277095885751188264 ) ) ;
#1174 = CARTESIAN_POINT ( 'NONE',  ( -1.457027593171545732, 0.000000000000000000, -1.780919694078401783 ) ) ;
#1175 = CARTESIAN_POINT ( 'NONE',  ( 1.164966583656097843, 0.000000000000000000, -1.523686718360877101 ) ) ;
#1176 = CARTESIAN_POINT ( 'NONE',  ( 0.2798303030384997614, 0.4000000000000000222, -0.3559793186574355950 ) ) ;
#1177 = CARTESIAN_POINT ( 'NONE',  ( -0.5609799702962237067, 0.4000000000000000222, -0.08006855085784347903 ) ) ;
#1178 = CARTESIAN_POINT ( 'NONE',  ( 1.439238964302066215, 0.000000000000000000, -0.6780084390527361116 ) ) ;
#1179 = CARTESIAN_POINT ( 'NONE',  ( -0.9744047055723540351, -1.084202172485504434E-16, 0.5596343556738199165 ) ) ;
#1180 = CARTESIAN_POINT ( 'NONE',  ( -0.3609871110105823400, 0.4000000000000000222, -1.360022850285947715 ) ) ;
#1181 = CARTESIAN_POINT ( 'NONE',  ( -1.469277026343227099, 0.000000000000000000, -1.740504741256993615 ) ) ;
#1182 = EDGE_CURVE ( 'NONE', #1853, #1956, #1388, .T. ) ;
#1183 = CARTESIAN_POINT ( 'NONE',  ( -1.502852247723148738, 0.4000000000000000222, -1.329274706387485461 ) ) ;
#1184 = CARTESIAN_POINT ( 'NONE',  ( -1.119738534930362794, -0.000000000000000000, 0.2769300272225010406 ) ) ;
#1185 = EDGE_LOOP ( 'NONE', ( #2672, #1792, #108, #141 ) ) ;
#1186 = CARTESIAN_POINT ( 'NONE',  ( 0.4459840762069803843, 0.4000000000000000222, 0.3109174890455852491 ) ) ;
#1187 = CARTESIAN_POINT ( 'NONE',  ( -1.119573305455784595, 0.4000000000000000222, 0.2169244247736029363 ) ) ;
#1188 = VERTEX_POINT ( 'NONE', #531 ) ;
#1189 = CARTESIAN_POINT ( 'NONE',  ( 1.163769461086309187, 0.4000000000000000222, 1.794070544628881159 ) ) ;
#1190 = CARTESIAN_POINT ( 'NONE',  ( -1.178524976958727599, 0.000000000000000000, 1.421307961209435478 ) ) ;
#1191 = CARTESIAN_POINT ( 'NONE',  ( -1.056351570797827044, 0.4000000000000000222, -1.236040582289562151 ) ) ;
#1192 = CARTESIAN_POINT ( 'NONE',  ( -0.3609871110105823400, 0.4000000000000000222, -1.360022850285947715 ) ) ;
#1193 = CARTESIAN_POINT ( 'NONE',  ( -1.352064417149068776, -5.421010862427522170E-17, 1.451260531807612608 ) ) ;
#1194 =( LENGTH_UNIT ( ) NAMED_UNIT ( * ) SI_UNIT ( .MILLI., .METRE. ) );
#1195 = DIRECTION ( 'NONE',  ( -0.000000000000000000, -1.000000000000000000, -0.000000000000000000 ) ) ;
#1196 = CARTESIAN_POINT ( 'NONE',  ( 0.000000000000000000, 20.00000000000000000, 0.000000000000000000 ) ) ;
#1197 = CARTESIAN_POINT ( 'NONE',  ( -0.5609799702962237067, 0.000000000000000000, -0.08006855085784347903 ) ) ;
#1198 = VECTOR ( 'NONE', #1268, 1000.000000000000000 ) ;
#1199 = CARTESIAN_POINT ( 'NONE',  ( 1.439238964302066215, 0.000000000000000000, -0.6780084390527361116 ) ) ;
#1200 = CARTESIAN_POINT ( 'NONE',  ( -1.393950229220919823, 0.000000000000000000, -1.104031990400327068 ) ) ;
#1201 = CARTESIAN_POINT ( 'NONE',  ( 1.435371318658462236, 0.000000000000000000, -0.8664667666002592306 ) ) ;
#1202 = ORIENTED_EDGE ( 'NONE', *, *, #1681, .F. ) ;
#1203 = EDGE_CURVE ( 'NONE', #1894, #730, #2577, .T. ) ;
#1204 = CARTESIAN_POINT ( 'NONE',  ( 0.2310703145155794114, 0.000000000000000000, 2.400277275964825652 ) ) ;
#1205 = VECTOR ( 'NONE', #2681, 1000.000000000000000 ) ;
#1206 = CARTESIAN_POINT ( 'NONE',  ( -1.029740293508941473, 0.4000000000000000222, -0.07188760554025622196 ) ) ;
#1207 = EDGE_LOOP ( 'NONE', ( #436, #1781 ) ) ;
#1208 = EDGE_CURVE ( 'NONE', #1188, #1835, #154, .T. ) ;
#1209 = CARTESIAN_POINT ( 'NONE',  ( -0.5289691230664353983, 0.000000000000000000, 0.5605616856384626479 ) ) ;
#1210 = CARTESIAN_POINT ( 'NONE',  ( 0.4459840762069803843, 0.000000000000000000, 0.3009178460813030642 ) ) ;
#1211 = FACE_OUTER_BOUND ( 'NONE', #2768, .T. ) ;
#1212 = CARTESIAN_POINT ( 'NONE',  ( -1.119338016439989980, 0.4000000000000000222, 0.3293921495394596111 ) ) ;
#1213 = CARTESIAN_POINT ( 'NONE',  ( -1.119573305455784595, -0.000000000000000000, 0.2169244247736029363 ) ) ;
#1214 = DIRECTION ( 'NONE',  ( -0.000000000000000000, -1.000000000000000000, -0.000000000000000000 ) ) ;
#1215 = CARTESIAN_POINT ( 'NONE',  ( -1.503712641525055460, 0.000000000000000000, -1.493056814970816992 ) ) ;
#1216 = DIRECTION ( 'NONE',  ( 0.000000000000000000, -1.000000000000000000, 0.000000000000000000 ) ) ;
#1217 = CARTESIAN_POINT ( 'NONE',  ( -1.230548500195294936, 0.000000000000000000, 2.104105439978942726 ) ) ;
#1218 = CARTESIAN_POINT ( 'NONE',  ( 1.168224431930102281, 0.000000000000000000, 0.8949338593462775604 ) ) ;
#1219 = CARTESIAN_POINT ( 'NONE',  ( -0.5609799702962237067, 0.000000000000000000, -0.08006855085784347903 ) ) ;
#1220 = CARTESIAN_POINT ( 'NONE',  ( 1.439948586856617530, 0.000000000000000000, -0.7100460576076135233 ) ) ;
#1221 = EDGE_LOOP ( 'NONE', ( #3308, #16, #2422, #471 ) ) ;
#1222 = CARTESIAN_POINT ( 'NONE',  ( 0.9921736418748809960, 0.4000000000000000222, 0.6096108772329480452 ) ) ;
#1223 = PRODUCT_RELATED_PRODUCT_CATEGORY ( 'part', '', ( #2791 ) ) ;
#1224 = CARTESIAN_POINT ( 'NONE',  ( -1.335129294862147820, 0.000000000000000000, 1.422292000333028383 ) ) ;
#1225 = ORIENTED_EDGE ( 'NONE', *, *, #1953, .T. ) ;
#1226 = CARTESIAN_POINT ( 'NONE',  ( 1.116471534784914121, 0.4000000000000000222, 1.891199315431270067 ) ) ;
#1227 = CARTESIAN_POINT ( 'NONE',  ( 0.7667432485812490928, 0.000000000000000000, 0.2269679082492524480 ) ) ;
#1228 = CARTESIAN_POINT ( 'NONE',  ( -0.07803367653717500907, 0.000000000000000000, -2.060123546862718591 ) ) ;
#1229 = CARTESIAN_POINT ( 'NONE',  ( -1.443909815950557451, 0.000000000000000000, -1.119534366980502682 ) ) ;
#1230 = CARTESIAN_POINT ( 'NONE',  ( -0.3609871110105823400, 0.4000000000000000222, -1.360022850285947715 ) ) ;
#1231 = CARTESIAN_POINT ( 'NONE',  ( -1.063053227845252913, -1.084202172485504434E-16, 0.5286826280446345061 ) ) ;
#1232 = CARTESIAN_POINT ( 'NONE',  ( 0.3052277155753202464, 0.000000000000000000, -1.105128643747047779 ) ) ;
#1233 = CARTESIAN_POINT ( 'NONE',  ( -0.8765404841809063541, 0.000000000000000000, 2.281407563360666302 ) ) ;
#1234 = VECTOR ( 'NONE', #1394, 1000.000000000000114 ) ;
#1235 = CARTESIAN_POINT ( 'NONE',  ( -1.479506898153972516, 0.4000000000000000222, -1.171030992831709527 ) ) ;
#1236 = CARTESIAN_POINT ( 'NONE',  ( 0.4134699575117723458, 0.000000000000000000, -0.6716960944276232359 ) ) ;
#1237 = CARTESIAN_POINT ( 'NONE',  ( 1.316930329703709601, 0.4000000000000000222, -1.290456490963138192 ) ) ;
#1238 = ORIENTED_EDGE ( 'NONE', *, *, #2352, .F. ) ;
#1239 = CARTESIAN_POINT ( 'NONE',  ( 1.247955441942401711, 0.000000000000000000, 1.341880678663065929 ) ) ;
#1240 = CARTESIAN_POINT ( 'NONE',  ( -1.114233156060972618, 0.4000000000000000222, 0.08533686398472728474 ) ) ;
#1241 = ORIENTED_EDGE ( 'NONE', *, *, #2820, .T. ) ;
#1242 = CARTESIAN_POINT ( 'NONE',  ( -0.6753624700909997003, 0.000000000000000000, -2.043814476867579444 ) ) ;
#1243 = B_SPLINE_SURFACE_WITH_KNOTS ( 'NONE', 3, 1, ( 
 ( #847, #2181 ),
 ( #882, #2164 ),
 ( #811, #2958 ),
 ( #88, #1643 ),
 ( #2202, #1939 ),
 ( #631, #3253 ),
 ( #294, #1903 ),
 ( #107, #1868 ),
 ( #2699, #2923 ),
 ( #1921, #866 ),
 ( #1345, #363 ),
 ( #3235, #1136 ),
 ( #1399, #557 ),
 ( #2735, #2664 ),
 ( #1153, #328 ) ),
 .UNSPECIFIED., .F., .F., .F.,
 ( 4, 1, 1, 1, 1, 1, 1, 1, 1, 1, 1, 1, 4 ),
 ( 2, 2 ),
 ( 0.000000000000000000, 0.01884756099463848200, 0.04394113417407023020, 0.07699588015202502023, 0.1161822139690416866, 0.2138372565016160853, 0.3315328579219220528, 0.4703561594017290903, 0.6274612503306988831, 0.7128201092224394353, 0.8040276864940395507, 0.8993103697133720820, 1.000000000000000000 ),
 ( 0.000000000000000000, 1.000000000000000000 ),
 .UNSPECIFIED. ) ;
#1244 =( GEOMETRIC_REPRESENTATION_CONTEXT ( 3 ) GLOBAL_UNCERTAINTY_ASSIGNED_CONTEXT ( ( #2091 ) ) GLOBAL_UNIT_ASSIGNED_CONTEXT ( ( #2892, #215, #2650 ) ) REPRESENTATION_CONTEXT ( 'NONE', 'WORKASPACE' ) );
#1245 = CARTESIAN_POINT ( 'NONE',  ( -0.8599829845441595566, 0.4000000000000000222, -2.016386902882134624 ) ) ;
#1246 = CARTESIAN_POINT ( 'NONE',  ( -1.267954727870965748, 0.000000000000000000, 1.391878893484476576 ) ) ;
#1247 = CARTESIAN_POINT ( 'NONE',  ( -1.112864452135039262, 0.4000000000000000222, 0.4004697518324028538 ) ) ;
#1248 = ADVANCED_FACE ( 'NONE', ( #3415 ), #513, .F. ) ;
#1249 = CARTESIAN_POINT ( 'NONE',  ( 1.163769461086309187, 0.000000000000000000, 1.794070544628881159 ) ) ;
#1250 = CARTESIAN_POINT ( 'NONE',  ( 0.4781628588773493282, 0.000000000000000000, 0.3189949648210524402 ) ) ;
#1251 = CARTESIAN_POINT ( 'NONE',  ( -1.503946301828022580, 0.4000000000000000222, -1.403021315032360938 ) ) ;
#1252 = CARTESIAN_POINT ( 'NONE',  ( -1.119960011999591387, 0.4000000000000000222, 0.2479197383706082947 ) ) ;
#1253 = CARTESIAN_POINT ( 'NONE',  ( 0.2572358404020863021, 0.4000000000000000222, 0.9886179828112393597 ) ) ;
#1254 = FACE_OUTER_BOUND ( 'NONE', #123, .T. ) ;
#1255 = CARTESIAN_POINT ( 'NONE',  ( 0.7667432485812490928, 0.4000000000000000222, 0.2269679082492524480 ) ) ;
#1256 = EDGE_LOOP ( 'NONE', ( #3324, #2855, #393, #307 ) ) ;
#1257 = FACE_OUTER_BOUND ( 'NONE', #2509, .T. ) ;
#1258 = B_SPLINE_CURVE_WITH_KNOTS ( 'NONE', 3,
 ( #1, #2615, #1034, #1854, #473, #1528, #1262, #2063, #3119, #1279, #751, #494, #1544 ),
 .UNSPECIFIED., .F., .F.,
 ( 4, 1, 1, 1, 1, 1, 1, 1, 1, 1, 4 ),
 ( 0.000000000000000000, 0.1692851242767529352, 0.3326481149474295740, 0.4875633421225240016, 0.6295533232557261050, 0.7554214610791970541, 0.8637139889813155724, 0.9087961583716734904, 0.9468005231923991571, 0.9770941144196546579, 1.000000000000000000 ),
 .UNSPECIFIED. ) ;
#1259 = CARTESIAN_POINT ( 'NONE',  ( -0.6753624700909997003, 0.4000000000000000222, -2.043814476867579444 ) ) ;
#1260 = ORIENTED_EDGE ( 'NONE', *, *, #582, .T. ) ;
#1261 = FACE_OUTER_BOUND ( 'NONE', #3360, .T. ) ;
#1262 = CARTESIAN_POINT ( 'NONE',  ( -1.040130541250419594, 0.4000000000000000222, 1.499383109729632624 ) ) ;
#1263 = CARTESIAN_POINT ( 'NONE',  ( -0.05369428141654816744, 0.4000000000000000222, 0.6560646933962460681 ) ) ;
#1264 = CARTESIAN_POINT ( 'NONE',  ( 0.4100644207721164114, 0.4000000000000000222, -0.8766213757445209254 ) ) ;
#1265 = B_SPLINE_CURVE_WITH_KNOTS ( 'NONE', 3,
 ( #762, #488, #1541, #2598, #1817, #2875, #2612, #1291, #2354, #3410, #1032 ),
 .UNSPECIFIED., .F., .F.,
 ( 4, 1, 1, 1, 1, 1, 1, 1, 4 ),
 ( 0.000000000000000000, 0.2238460397051433570, 0.4108740089798032513, 0.5618108082611354970, 0.6788736903570112835, 0.7713922287125508648, 0.8526377215546108168, 0.9245316003593340159, 1.000000000000000000 ),
 .UNSPECIFIED. ) ;
#1266 = FACE_OUTER_BOUND ( 'NONE', #2679, .T. ) ;
#1267 = CARTESIAN_POINT ( 'NONE',  ( 0.4248092656003793488, 0.000000000000000000, -1.977699130178057541 ) ) ;
#1268 = DIRECTION ( 'NONE',  ( 0.000000000000000000, -1.000000000000000000, 0.000000000000000000 ) ) ;
#1269 = CARTESIAN_POINT ( 'NONE',  ( -1.420010982066173710, 0.4000000000000000222, -1.106079345021840243 ) ) ;
#1270 = EDGE_CURVE ( 'NONE', #1471, #985, #2009, .T. ) ;
#1271 = CARTESIAN_POINT ( 'NONE',  ( -0.3319640139448504779, 0.4000000000000000222, -0.09083940034360028781 ) ) ;
#1272 = B_SPLINE_SURFACE_WITH_KNOTS ( 'NONE', 3, 1, ( 
 ( #2718, #33 ),
 ( #2438, #1081 ),
 ( #2147, #3200 ),
 ( #830, #1884 ),
 ( #2940, #575 ),
 ( #69, #1624 ),
 ( #310, #53 ),
 ( #1116, #1696 ),
 ( #3010, #1746 ),
 ( #2521, #3271 ),
 ( #381, #1200 ) ),
 .UNSPECIFIED., .F., .F., .F.,
 ( 4, 1, 1, 1, 1, 1, 1, 1, 4 ),
 ( 2, 2 ),
 ( 0.000000000000000000, 0.2238460397051433570, 0.4108740089798032513, 0.5618108082611354970, 0.6788736903570112835, 0.7713922287125508648, 0.8526377215546108168, 0.9245316003593340159, 1.000000000000000000 ),
 ( 0.000000000000000000, 1.000000000000000000 ),
 .UNSPECIFIED. ) ;
#1273 = CARTESIAN_POINT ( 'NONE',  ( 1.107697554256051875, 0.4000000000000000222, 0.02605468455225447982 ) ) ;
#1274 = ORIENTED_EDGE ( 'NONE', *, *, #3008, .T. ) ;
#1275 = CARTESIAN_POINT ( 'NONE',  ( 0.9083630638938935409, 0.000000000000000000, 2.133687187143369801 ) ) ;
#1276 = CARTESIAN_POINT ( 'NONE',  ( -1.102307970140911753, 0.000000000000000000, 0.02606200738766160235 ) ) ;
#1277 = ORIENTED_EDGE ( 'NONE', *, *, #850, .F. ) ;
#1278 = CARTESIAN_POINT ( 'NONE',  ( -1.358314509104268319, 0.000000000000000000, -1.875077198622074892 ) ) ;
#1279 = CARTESIAN_POINT ( 'NONE',  ( -1.213400838637796353, 0.4000000000000000222, 1.405714249007281813 ) ) ;
#1280 = CARTESIAN_POINT ( 'NONE',  ( -1.178524976958727599, 0.4000000000000000222, 1.421307961209435478 ) ) ;
#1281 = CARTESIAN_POINT ( 'NONE',  ( 1.439948586856617530, 0.000000000000000000, -0.7100460576076135233 ) ) ;
#1282 = CARTESIAN_POINT ( 'NONE',  ( 0.8653209759821208769, 0.4000000000000000222, 0.4974310009453534742 ) ) ;
#1283 = FACE_OUTER_BOUND ( 'NONE', #1256, .T. ) ;
#1284 = CARTESIAN_POINT ( 'NONE',  ( -1.312797621590742647, 0.000000000000000000, 2.035417506225935202 ) ) ;
#1285 = CARTESIAN_POINT ( 'NONE',  ( 0.1187804438209357771, 0.4000000000000000222, 0.7723295239393488387 ) ) ;
#1286 = CARTESIAN_POINT ( 'NONE',  ( 0.1025998712952996134, 0.4000000000000000222, -1.268255015581575940 ) ) ;
#1287 = CARTESIAN_POINT ( 'NONE',  ( 0.5755640433298886416, 0.4000000000000000222, -1.927697176441757199 ) ) ;
#1288 = ORIENTED_EDGE ( 'NONE', *, *, #3094, .F. ) ;
#1289 = EDGE_CURVE ( 'NONE', #3011, #3084, #615, .T. ) ;
#1290 = CARTESIAN_POINT ( 'NONE',  ( 5.021051876504148371E-16, 20.00000000000000000, -3.850000000000000977 ) ) ;
#1291 = CARTESIAN_POINT ( 'NONE',  ( -1.443909815950557451, 0.000000000000000000, -1.119534366980502682 ) ) ;
#1292 = ORIENTED_EDGE ( 'NONE', *, *, #2247, .F. ) ;
#1293 = PRESENTATION_LAYER_ASSIGNMENT (  '', '', ( #3399 ) ) ;
#1294 = CARTESIAN_POINT ( 'NONE',  ( -0.2700920907308518304, 0.4000000000000000222, 1.710417165089611169 ) ) ;
#1295 = CARTESIAN_POINT ( 'NONE',  ( 0.9508127223539419859, 0.000000000000000000, 0.1386931659226298408 ) ) ;
#1296 = CARTESIAN_POINT ( 'NONE',  ( -0.1240576171128980332, 0.4000000000000000222, 0.6277095885751188264 ) ) ;
#1297 = CARTESIAN_POINT ( 'NONE',  ( -0.07803367653717500907, 0.000000000000000000, -2.060123546862718591 ) ) ;
#1298 = VECTOR ( 'NONE', #2415, 1000.000000000000000 ) ;
#1299 = B_SPLINE_CURVE_WITH_KNOTS ( 'NONE', 3,
 ( #1870, #833, #2666, #330, #1383, #3218, #313, #1138, #1118, #348, #2440 ),
 .UNSPECIFIED., .F., .F.,
 ( 4, 1, 1, 1, 1, 1, 1, 1, 4 ),
 ( 0.000000000000000000, 0.1163069737937504206, 0.2312179710123322685, 0.3427674030721790666, 0.4532691418904810088, 0.5689407975750531143, 0.6963573075600631990, 0.8384912334457836902, 1.000000000000000000 ),
 .UNSPECIFIED. ) ;
#1300 = CARTESIAN_POINT ( 'NONE',  ( 0.6303905994977729854, 0.000000000000000000, 0.3678714770785138644 ) ) ;
#1301 = CARTESIAN_POINT ( 'NONE',  ( 0.2648509810561558986, 0.000000000000000000, -2.016189535898116336 ) ) ;
#1302 = LINE ( 'NONE', #2365, #2475 ) ;
#1303 = CARTESIAN_POINT ( 'NONE',  ( 0.1025998712952996134, 0.000000000000000000, -1.268255015581575940 ) ) ;
#1304 = LINE ( 'NONE', #1520, #796 ) ;
#1305 = CARTESIAN_POINT ( 'NONE',  ( -0.9659457765179590982, 0.000000000000000000, -0.07934747190099356029 ) ) ;
#1306 = ORIENTED_EDGE ( 'NONE', *, *, #558, .T. ) ;
#1307 = CARTESIAN_POINT ( 'NONE',  ( -1.292390902988446388, 0.4000000000000000222, 1.393873349837385200 ) ) ;
#1308 = CARTESIAN_POINT ( 'NONE',  ( 0.1187804438209357771, 0.000000000000000000, 0.7723295239393488387 ) ) ;
#1309 = EDGE_CURVE ( 'NONE', #664, #1621, #1096, .T. ) ;
#1310 = ORIENTED_EDGE ( 'NONE', *, *, #1828, .T. ) ;
#1311 = FACE_OUTER_BOUND ( 'NONE', #2872, .T. ) ;
#1312 = DIRECTION ( 'NONE',  ( 1.000000000000000000, 0.000000000000000000, 0.000000000000000000 ) ) ;
#1313 = ADVANCED_FACE ( 'NONE', ( #1123 ), #3242, .F. ) ;
#1314 = CARTESIAN_POINT ( 'NONE',  ( 0.9083630638938935409, 0.4000000000000000222, 2.133687187143369801 ) ) ;
#1315 = LINE ( 'NONE', #3169, #2864 ) ;
#1316 = CARTESIAN_POINT ( 'NONE',  ( -1.101301785491259011, 0.4000000000000000222, 0.4559256562003337065 ) ) ;
#1317 = AXIS2_PLACEMENT_3D ( 'NONE', #3405, #757, #2869 ) ;
#1318 = ORIENTED_EDGE ( 'NONE', *, *, #1588, .T. ) ;
#1319 = CARTESIAN_POINT ( 'NONE',  ( -0.3319640139448504779, 0.4000000000000000222, -0.09083940034360028781 ) ) ;
#1320 = CARTESIAN_POINT ( 'NONE',  ( -1.261861849454063433, 0.4000000000000000222, 2.084506567540544086 ) ) ;
#1321 = B_SPLINE_SURFACE_WITH_KNOTS ( 'NONE', 3, 1, ( 
 ( #1056, #2867 ),
 ( #25, #820 ),
 ( #2121, #1071 ),
 ( #221, #1040 ),
 ( #1842, #2105 ),
 ( #3172, #3417 ),
 ( #567, #1616 ),
 ( #801, #1876 ),
 ( #2883, #532 ),
 ( #287, #2138 ),
 ( #1859, #1550 ),
 ( #3191, #2345 ),
 ( #3156, #755 ),
 ( #786, #1267 ),
 ( #1565, #1301 ),
 ( #236, #2932 ),
 ( #2620, #2914 ),
 ( #2327, #252 ),
 ( #1599, #1582 ) ),
 .UNSPECIFIED., .F., .F., .F.,
 ( 4, 1, 1, 1, 1, 1, 1, 1, 1, 1, 1, 1, 1, 1, 1, 1, 4 ),
 ( 2, 2 ),
 ( 0.000000000000000000, 0.06509329881291829600, 0.1267371625053367035, 0.1866634510599753938, 0.2447553091875904474, 0.3017078866895193667, 0.3581340630724227370, 0.4145483870839548057, 0.4716695005592825840, 0.5299595906722391891, 0.5898077156831291745, 0.6520856395206905409, 0.7171224114194230115, 0.7844577398806801272, 0.8536929000030059056, 0.9255443954062780865, 1.000000000000000000 ),
 ( 0.000000000000000000, 1.000000000000000000 ),
 .UNSPECIFIED. ) ;
#1322 = CARTESIAN_POINT ( 'NONE',  ( -1.375950871885212035, 0.4000000000000000222, 1.709867539748646248 ) ) ;
#1323 = LINE ( 'NONE', #2432, #3012 ) ;
#1324 = CARTESIAN_POINT ( 'NONE',  ( 1.247486351051758424, 0.4000000000000000222, -1.412162227334406994 ) ) ;
#1325 = VERTEX_POINT ( 'NONE', #2964 ) ;
#1326 = UNCERTAINTY_MEASURE_WITH_UNIT (LENGTH_MEASURE( 1.000000000000000082E-05 ), #949, 'distance_accuracy_value', 'NONE');
#1327 = CARTESIAN_POINT ( 'NONE',  ( 0.6650495236263295196, 0.4000000000000000222, 0.2593227744884216146 ) ) ;
#1328 = CARTESIAN_POINT ( 'NONE',  ( -0.3705645338184333504, 0.000000000000000000, 0.5694945873602379471 ) ) ;
#1329 = ORIENTED_EDGE ( 'NONE', *, *, #1208, .F. ) ;
#1330 = EDGE_CURVE ( 'NONE', #2599, #3149, #837, .T. ) ;
#1331 = DIRECTION ( 'NONE',  ( -0.000000000000000000, -1.000000000000000000, -0.000000000000000000 ) ) ;
#1332 = LINE ( 'NONE', #2651, #1740 ) ;
#1333 = CARTESIAN_POINT ( 'NONE',  ( -0.06599764356426149337, 0.4000000000000000222, 2.415842333026959832 ) ) ;
#1334 = CARTESIAN_POINT ( 'NONE',  ( 0.2755590180672432554, 0.4000000000000000222, 1.051974094495151224 ) ) ;
#1335 = CARTESIAN_POINT ( 'NONE',  ( -1.387257912145851257, 0.4000000000000000222, -1.104891797052575786 ) ) ;
#1336 = EDGE_CURVE ( 'NONE', #1680, #2321, #2339, .T. ) ;
#1337 = ORIENTED_EDGE ( 'NONE', *, *, #2793, .T. ) ;
#1338 = CARTESIAN_POINT ( 'NONE',  ( -0.5609799702962237067, 0.4000000000000000222, -0.08006855085784347903 ) ) ;
#1339 = CARTESIAN_POINT ( 'NONE',  ( -1.267954727870965748, 0.4000000000000000222, 1.391878893484476576 ) ) ;
#1340 = CARTESIAN_POINT ( 'NONE',  ( 0.2864694918618325148, 0.000000000000000000, 1.222107820998032501 ) ) ;
#1341 = FACE_OUTER_BOUND ( 'NONE', #2473, .T. ) ;
#1342 = CARTESIAN_POINT ( 'NONE',  ( -0.6753624700909997003, 0.000000000000000000, -2.043814476867579444 ) ) ;
#1343 = ORIENTED_EDGE ( 'NONE', *, *, #1567, .T. ) ;
#1344 = CARTESIAN_POINT ( 'NONE',  ( 0.9508127223539419859, 0.000000000000000000, 0.1386931659226298408 ) ) ;
#1345 = CARTESIAN_POINT ( 'NONE',  ( -0.6660283190552965804, 0.4000000000000000222, -1.338080134695907031 ) ) ;
#1346 = EDGE_LOOP ( 'NONE', ( #176, #2416, #2232, #2041 ) ) ;
#1347 = DIRECTION ( 'NONE',  ( 1.000000000000000000, 0.000000000000000000, -0.000000000000000000 ) ) ;
#1348 = AXIS2_PLACEMENT_3D ( 'NONE', #168, #2230, #2777 ) ;
#1349 = CARTESIAN_POINT ( 'NONE',  ( 1.133408105016711742, 0.000000000000000000, 0.8168305160104165630 ) ) ;
#1350 = CARTESIAN_POINT ( 'NONE',  ( 0.7215402829363631865, 0.4000000000000000222, 2.256595263262166196 ) ) ;
#1351 = CARTESIAN_POINT ( 'NONE',  ( -1.261861849454063433, 0.4000000000000000222, 2.084506567540544086 ) ) ;
#1352 = CARTESIAN_POINT ( 'NONE',  ( 1.164966583656097843, 0.4000000000000000222, -1.523686718360877101 ) ) ;
#1353 = ORIENTED_EDGE ( 'NONE', *, *, #2798, .F. ) ;
#1354 = EDGE_CURVE ( 'NONE', #2024, #2271, #2444, .T. ) ;
#1355 = CARTESIAN_POINT ( 'NONE',  ( 0.4459840762069803843, 0.4000000000000000222, 0.3009178460813030642 ) ) ;
#1356 = CARTESIAN_POINT ( 'NONE',  ( -0.8765404841809063541, 0.4000000000000000222, 2.281407563360666302 ) ) ;
#1357 = VECTOR ( 'NONE', #2557, 1000.000000000000000 ) ;
#1358 = CARTESIAN_POINT ( 'NONE',  ( -1.352064417149068776, 0.4000000000000000222, 1.451260531807612608 ) ) ;
#1359 = DIRECTION ( 'NONE',  ( 0.000000000000000000, -1.000000000000000000, 0.000000000000000000 ) ) ;
#1360 = CARTESIAN_POINT ( 'NONE',  ( -1.085426830522485453, 0.4000000000000000222, -0.01948125284172864957 ) ) ;
#1361 = ORIENTED_EDGE ( 'NONE', *, *, #2904, .T. ) ;
#1362 = CARTESIAN_POINT ( 'NONE',  ( -0.2579907884784772287, 0.000000000000000000, -2.063997714971405273 ) ) ;
#1363 = CARTESIAN_POINT ( 'NONE',  ( 1.175402009235677170, 0.000000000000000000, -0.03842915857199984131 ) ) ;
#1364 = CARTESIAN_POINT ( 'NONE',  ( -1.375491362215881086, 0.4000000000000000222, 1.679545651763945768 ) ) ;
#1365 = ORIENTED_EDGE ( 'NONE', *, *, #3304, .F. ) ;
#1366 = CARTESIAN_POINT ( 'NONE',  ( 1.235972572812870984, 0.000000000000000000, -0.1080816756039347376 ) ) ;
#1367 = CARTESIAN_POINT ( 'NONE',  ( 6.184466335694133068E-16, 23.00000000000000000, 5.049999999999999822 ) ) ;
#1368 = CARTESIAN_POINT ( 'NONE',  ( 0.7215402829363631865, 0.000000000000000000, 2.256595263262166196 ) ) ;
#1369 = CARTESIAN_POINT ( 'NONE',  ( -1.349045568480089941, 0.4000000000000000222, 1.975009731332110441 ) ) ;
#1370 = CARTESIAN_POINT ( 'NONE',  ( 0.2879897173713235614, 0.000000000000000000, 1.186886212716694367 ) ) ;
#1371 = EDGE_LOOP ( 'NONE', ( #301, #566, #2165, #3390 ) ) ;
#1372 = CARTESIAN_POINT ( 'NONE',  ( -1.393950229220920045, 0.4000000000000000222, -1.104031990400327290 ) ) ;
#1373 = CARTESIAN_POINT ( 'NONE',  ( -1.371655468805057065, 0.4000000000000000222, -1.106896347109793233 ) ) ;
#1374 = CARTESIAN_POINT ( 'NONE',  ( 0.2834472873772670987, 0.000000000000000000, 1.292128289564637544 ) ) ;
#1375 = CARTESIAN_POINT ( 'NONE',  ( -0.06599764356426149337, 0.4000000000000000222, 2.415842333026959832 ) ) ;
#1376 = CARTESIAN_POINT ( 'NONE',  ( -0.4719481731294315474, 0.000000000000000000, -2.060522523252883431 ) ) ;
#1377 = ORIENTED_EDGE ( 'NONE', *, *, #1782, .T. ) ;
#1378 = CARTESIAN_POINT ( 'NONE',  ( -0.3306853553563391390, -0.000000000000000000, -2.062816977240816474 ) ) ;
#1379 = B_SPLINE_SURFACE_WITH_KNOTS ( 'NONE', 3, 1, ( 
 ( #175, #1220 ),
 ( #2818, #1943 ),
 ( #2282, #1201 ),
 ( #3337, #3356 ),
 ( #2997, #1121 ),
 ( #1237, #2040 ),
 ( #964, #3240 ),
 ( #1684, #2442 ),
 ( #449, #2023 ),
 ( #1504, #2266 ),
 ( #1385, #74 ),
 ( #3259, #870 ),
 ( #2741, #191 ),
 ( #2299, #981 ),
 ( #1422, #369 ),
 ( #3320, #1925 ),
 ( #729, #695 ),
 ( #2979, #1666 ),
 ( #1404, #2460 ) ),
 .UNSPECIFIED., .F., .F., .F.,
 ( 4, 1, 1, 1, 1, 1, 1, 1, 1, 1, 1, 1, 1, 1, 1, 1, 4 ),
 ( 2, 2 ),
 ( 0.000000000000000000, 0.06509329881291829600, 0.1267371625053367035, 0.1866634510599753938, 0.2447553091875904474, 0.3017078866895193667, 0.3581340630724227370, 0.4145483870839548057, 0.4716695005592825840, 0.5299595906722391891, 0.5898077156831291745, 0.6520856395206905409, 0.7171224114194230115, 0.7844577398806801272, 0.8536929000030059056, 0.9255443954062780865, 1.000000000000000000 ),
 ( 0.000000000000000000, 1.000000000000000000 ),
 .UNSPECIFIED. ) ;
#1380 = CARTESIAN_POINT ( 'NONE',  ( 0.4459840762069803843, 0.4000000000000000222, 0.3109174890455852491 ) ) ;
#1381 = CARTESIAN_POINT ( 'NONE',  ( -0.3609871110105823400, 0.000000000000000000, -1.360022850285947715 ) ) ;
#1382 = EDGE_LOOP ( 'NONE', ( #1563, #848, #2501, #1848 ) ) ;
#1383 = CARTESIAN_POINT ( 'NONE',  ( 0.2075605171319163111, 0.4000000000000000222, 1.483771682300988992 ) ) ;
#1384 = CARTESIAN_POINT ( 'NONE',  ( -0.3189886105605977962, 0.000000000000000000, 1.711867468341502496 ) ) ;
#1385 = CARTESIAN_POINT ( 'NONE',  ( 0.8448221134589587455, 0.4000000000000000222, -1.796206588951366534 ) ) ;
#1386 = CARTESIAN_POINT ( 'NONE',  ( -1.375603406792332395, 0.4000000000000000222, 1.735525417680131799 ) ) ;
#1387 = CARTESIAN_POINT ( 'NONE',  ( -0.1972974952187731279, 0.4000000000000000222, -2.062691092417723304 ) ) ;
#1388 = B_SPLINE_CURVE_WITH_KNOTS ( 'NONE', 3,
 ( #2363, #1858, #549, #2654, #1316, #233, #2325, #1580, #2637, #5, #2392 ),
 .UNSPECIFIED., .F., .F.,
 ( 4, 1, 1, 1, 1, 1, 1, 1, 4 ),
 ( 0.000000000000000000, 0.2177187657018385125, 0.3937219851639574553, 0.5345610084915080051, 0.6423441582960527363, 0.7314326306436624847, 0.8126176821816385454, 0.8996447939029283969, 1.000000000000000000 ),
 .UNSPECIFIED. ) ;
#1389 = VERTEX_POINT ( 'NONE', #2743 ) ;
#1390 = CARTESIAN_POINT ( 'NONE',  ( 1.202458440759296643, 0.4000000000000000222, 1.690419719360158890 ) ) ;
#1391 = CARTESIAN_POINT ( 'NONE',  ( -0.3609871110105823400, 0.4000000000000000222, -1.360022850285947715 ) ) ;
#1392 = B_SPLINE_CURVE_WITH_KNOTS ( 'NONE', 3,
 ( #699, #1440, #2508, #3359, #1224, #967, #1172, #2303, #3045, #384, #2770 ),
 .UNSPECIFIED., .F., .F.,
 ( 4, 1, 1, 1, 1, 1, 1, 1, 4 ),
 ( 0.000000000000000000, 0.06811578923826758225, 0.1314434496007181596, 0.2003071993396774442, 0.2875480383758302616, 0.4023846996366317041, 0.5558212035869315448, 0.7537652060441863977, 0.9999999999999998890 ),
 .UNSPECIFIED. ) ;
#1393 = CARTESIAN_POINT ( 'NONE',  ( 0.000000000000000000, 20.00000000000000000, 3.850000000000000977 ) ) ;
#1394 = DIRECTION ( 'NONE',  ( 8.659560562354953812E-17, 0.7071067811865460184, -0.7071067811865490160 ) ) ;
#1395 = CARTESIAN_POINT ( 'NONE',  ( 0.2879897173713235614, 0.000000000000000000, 1.186886212716694367 ) ) ;
#1396 = ORIENTED_EDGE ( 'NONE', *, *, #2145, .F. ) ;
#1397 = CARTESIAN_POINT ( 'NONE',  ( 0.2870625992470807186, 0.000000000000000000, 1.163859224248881663 ) ) ;
#1398 = CARTESIAN_POINT ( 'NONE',  ( 0.7667432485812490928, 0.4000000000000000222, 0.2269679082492524480 ) ) ;
#1399 = CARTESIAN_POINT ( 'NONE',  ( -0.4670683031733415813, 0.4000000000000000222, -1.357839990800208341 ) ) ;
#1400 = ORIENTED_EDGE ( 'NONE', *, *, #2627, .F. ) ;
#1401 = ADVANCED_FACE ( 'NONE', ( #2688 ), #989, .F. ) ;
#1402 = CARTESIAN_POINT ( 'NONE',  ( -1.312739772064044130, 0.000000000000000000, -1.127470280671942104 ) ) ;
#1403 = CARTESIAN_POINT ( 'NONE',  ( 0.6303905994977729854, 0.000000000000000000, 0.3678714770785138644 ) ) ;
#1404 = CARTESIAN_POINT ( 'NONE',  ( -0.2579907884784772287, 0.4000000000000000222, -2.063997714971405273 ) ) ;
#1405 = CARTESIAN_POINT ( 'NONE',  ( -1.334535257882124792, 0.000000000000000000, 2.006058446555353036 ) ) ;
#1406 = CARTESIAN_POINT ( 'NONE',  ( -1.122471793268721374, 0.4000000000000000222, 1.453611026091337077 ) ) ;
#1407 = AXIS2_PLACEMENT_3D ( 'NONE', #2472, #593, #3216 ) ;
#1408 = ORIENTED_EDGE ( 'NONE', *, *, #3048, .T. ) ;
#1409 = CARTESIAN_POINT ( 'NONE',  ( -1.261861849454063433, 0.4000000000000000222, 2.084506567540544086 ) ) ;
#1410 = CARTESIAN_POINT ( 'NONE',  ( -0.4670683031733415813, 0.4000000000000000222, -1.357839990800208341 ) ) ;
#1411 = CARTESIAN_POINT ( 'NONE',  ( -1.483859206809609699, 0.4000000000000000222, -1.695412616650086246 ) ) ;
#1412 = DIRECTION ( 'NONE',  ( 1.000000000000000000, 0.000000000000000000, 0.000000000000000000 ) ) ;
#1413 = CARTESIAN_POINT ( 'NONE',  ( -1.114233156060972618, 0.4000000000000000222, 0.08533686398472728474 ) ) ;
#1414 = CARTESIAN_POINT ( 'NONE',  ( -1.261861849454063433, 0.000000000000000000, 2.084506567540544086 ) ) ;
#1415 = CARTESIAN_POINT ( 'NONE',  ( -1.413473365764365886, 0.000000000000000000, -1.841643121972665886 ) ) ;
#1416 = CARTESIAN_POINT ( 'NONE',  ( 1.247495697931354064, -0.000000000000000000, 1.309850279446342913 ) ) ;
#1417 = CYLINDRICAL_SURFACE ( 'NONE', #1407, 5.049999999999999822 ) ;
#1418 = ORIENTED_EDGE ( 'NONE', *, *, #3411, .F. ) ;
#1419 = CARTESIAN_POINT ( 'NONE',  ( 1.246588228140680599, 0.000000000000000000, 1.246626792083971313 ) ) ;
#1420 = EDGE_CURVE ( 'NONE', #873, #2387, #1595, .T. ) ;
#1421 = CARTESIAN_POINT ( 'NONE',  ( -1.503560462938725362, 0.4000000000000000222, -1.377013177553416456 ) ) ;
#1422 = CARTESIAN_POINT ( 'NONE',  ( 0.2648509810561558986, 0.4000000000000000222, -2.016189535898116336 ) ) ;
#1423 = DIRECTION ( 'NONE',  ( -0.000000000000000000, -1.000000000000000000, -0.000000000000000000 ) ) ;
#1424 = CARTESIAN_POINT ( 'NONE',  ( 0.2879897173713235614, 0.4000000000000000222, 1.186886212716694367 ) ) ;
#1425 = EDGE_CURVE ( 'NONE', #1598, #1188, #1907, .T. ) ;
#1426 = AXIS2_PLACEMENT_3D ( 'NONE', #2395, #787, #2639 ) ;
#1427 = CARTESIAN_POINT ( 'NONE',  ( 1.228996100122349944, 0.4000000000000000222, 1.579964325699211969 ) ) ;
#1428 = CARTESIAN_POINT ( 'NONE',  ( 0.4134699575117723458, 0.4000000000000000222, -0.6716960944276232359 ) ) ;
#1429 = APPLICATION_CONTEXT ( 'automotive_design' ) ;
#1430 = B_SPLINE_CURVE_WITH_KNOTS ( 'NONE', 3,
 ( #2244, #1965, #658, #392, #1708, #2763, #3298, #925, #3038, #2778, #409 ),
 .UNSPECIFIED., .F., .F.,
 ( 4, 1, 1, 1, 1, 1, 1, 1, 4 ),
 ( 0.000000000000000000, 0.09913581625842535217, 0.1859609924318360030, 0.2643303161733661089, 0.3547825710354106099, 0.4667084306599094123, 0.6038496949404864589, 0.7809922059112461845, 0.9999999999999998890 ),
 .UNSPECIFIED. ) ;
#1431 = CARTESIAN_POINT ( 'NONE',  ( -0.4438156693288881072, 0.000000000000000000, -0.08158815991571639892 ) ) ;
#1432 = CARTESIAN_POINT ( 'NONE',  ( 1.033149468946106708, 0.4000000000000000222, 0.08588774054734532593 ) ) ;
#1433 = LINE ( 'NONE', #2484, #2248 ) ;
#1434 = VERTEX_POINT ( 'NONE', #2652 ) ;
#1435 = CARTESIAN_POINT ( 'NONE',  ( -0.8599829845441595566, 0.000000000000000000, -2.016386902882134624 ) ) ;
#1436 = CARTESIAN_POINT ( 'NONE',  ( -1.503560462938725362, 0.4000000000000000222, -1.377013177553416456 ) ) ;
#1437 = CARTESIAN_POINT ( 'NONE',  ( -1.119960011999591387, 0.000000000000000000, 0.2479197383706082947 ) ) ;
#1438 = VERTEX_POINT ( 'NONE', #39 ) ;
#1439 = CARTESIAN_POINT ( 'NONE',  ( -1.033871568434238997, 0.000000000000000000, 0.5475092685017913796 ) ) ;
#1440 = CARTESIAN_POINT ( 'NONE',  ( -1.276295556207331039, -0.000000000000000000, 1.392559663612535026 ) ) ;
#1441 = CARTESIAN_POINT ( 'NONE',  ( 0.08555504567204891275, 0.4000000000000000222, 2.412534431009430325 ) ) ;
#1442 = ADVANCED_FACE ( 'NONE', ( #2635, #1647 ), #2704, .T. ) ;
#1443 = CARTESIAN_POINT ( 'NONE',  ( -1.387466809565713888, 0.000000000000000000, -1.860963292561365057 ) ) ;
#1444 = CARTESIAN_POINT ( 'NONE',  ( -0.9609656888675064401, 0.4000000000000000222, 0.5599085988562086946 ) ) ;
#1445 = CARTESIAN_POINT ( 'NONE',  ( -1.060592912779382058, 0.4000000000000000222, -0.05128525069898701161 ) ) ;
#1446 = ADVANCED_FACE ( 'NONE', ( #283 ), #467, .T. ) ;
#1447 = CARTESIAN_POINT ( 'NONE',  ( -1.022718912617998299, 0.4000000000000000222, -1.985492271711819079 ) ) ;
#1448 = CARTESIAN_POINT ( 'NONE',  ( 1.437828497728758315, 0.000000000000000000, -0.6143295300746953735 ) ) ;
#1449 = CARTESIAN_POINT ( 'NONE',  ( -1.119960011999591165, 0.4000000000000000222, 0.2479197383706082392 ) ) ;
#1450 = ORIENTED_EDGE ( 'NONE', *, *, #1993, .F. ) ;
#1451 = CARTESIAN_POINT ( 'NONE',  ( 0.2879897173713235614, 0.4000000000000000222, 1.186886212716694367 ) ) ;
#1452 = CARTESIAN_POINT ( 'NONE',  ( 0.6303905994977729854, 0.4000000000000000222, 0.3678714770785138644 ) ) ;
#1453 = CARTESIAN_POINT ( 'NONE',  ( 0.03587549320808545300, 0.000000000000000000, -0.1831967979373058664 ) ) ;
#1454 = ORIENTED_EDGE ( 'NONE', *, *, #1289, .F. ) ;
#1455 = CARTESIAN_POINT ( 'NONE',  ( 0.7928462050426109409, 0.4000000000000000222, 0.4485773519596977232 ) ) ;
#1456 = CARTESIAN_POINT ( 'NONE',  ( -1.029740293508941473, 0.000000000000000000, -0.07188760554025622196 ) ) ;
#1457 = CARTESIAN_POINT ( 'NONE',  ( 0.8200312696362872522, 0.4000000000000000222, 2.199307384119864928 ) ) ;
#1458 = CARTESIAN_POINT ( 'NONE',  ( -1.503864117086850971, 0.000000000000000000, -1.434689271312190595 ) ) ;
#1459 = CARTESIAN_POINT ( 'NONE',  ( -0.6660283190552965804, 0.4000000000000000222, -1.338080134695907031 ) ) ;
#1460 = CARTESIAN_POINT ( 'NONE',  ( -1.101301785491259011, 0.4000000000000000222, 0.4559256562003337065 ) ) ;
#1461 = CARTESIAN_POINT ( 'NONE',  ( 0.1726652351953421871, 0.4000000000000000222, -0.2605553143192271826 ) ) ;
#1462 = EDGE_CURVE ( 'NONE', #2143, #2485, #864, .T. ) ;
#1463 = CARTESIAN_POINT ( 'NONE',  ( 1.175402009235677170, 0.4000000000000000222, -0.03842915857199984131 ) ) ;
#1464 = VECTOR ( 'NONE', #2132, 1000.000000000000000 ) ;
#1465 = LINE ( 'NONE', #148, #2356 ) ;
#1466 = CARTESIAN_POINT ( 'NONE',  ( 1.116471534784914121, 0.000000000000000000, 1.891199315431270067 ) ) ;
#1467 = CARTESIAN_POINT ( 'NONE',  ( -1.349045568480089941, 0.000000000000000000, 1.975009731332110441 ) ) ;
#1468 = B_SPLINE_CURVE_WITH_KNOTS ( 'NONE', 3,
 ( #1857, #216, #2894, #2912, #2340, #1579, #1296, #1263, #1596, #2653, #3397, #2324, #2584, #2391, #3120, #1334, #1068, #1022, #766 ),
 .UNSPECIFIED., .F., .F.,
 ( 4, 1, 1, 1, 1, 1, 1, 1, 1, 1, 1, 1, 1, 1, 1, 1, 4 ),
 ( 0.000000000000000000, 0.08330734226424274524, 0.1626567663697705557, 0.2376045901538131333, 0.3084022174589676202, 0.3756956512077376797, 0.4394254502797457773, 0.4996392052106559123, 0.5577300865224228410, 0.6138386023906888811, 0.6686072105248932473, 0.7221015757886788400, 0.7759386881509150458, 0.8306103320164450743, 0.8857201808859531678, 0.9418665099782360661, 1.000000000000000000 ),
 .UNSPECIFIED. ) ;
#1469 = CARTESIAN_POINT ( 'NONE',  ( 1.439948586856617530, 0.000000000000000000, -0.7100460576076135233 ) ) ;
#1470 = CARTESIAN_POINT ( 'NONE',  ( 1.033149468946106708, 0.4000000000000000222, 0.08588774054734532593 ) ) ;
#1471 = VERTEX_POINT ( 'NONE', #714 ) ;
#1472 = CARTESIAN_POINT ( 'NONE',  ( 1.045030366370488961, 0.000000000000000000, 0.6742936175874481020 ) ) ;
#1473 = B_SPLINE_CURVE_WITH_KNOTS ( 'NONE', 3,
 ( #3407, #807, #2073, #3421, #1255, #1586, #12, #3127, #1273, #3374, #2332, #1863, #790, #759, #3161, #2643, #1060, #774, #1044 ),
 .UNSPECIFIED., .F., .F.,
 ( 4, 1, 1, 1, 1, 1, 1, 1, 1, 1, 1, 1, 1, 1, 1, 1, 4 ),
 ( 0.000000000000000000, 0.07327054031221381936, 0.1438749677726260945, 0.2120049119278626937, 0.2783493746696986681, 0.3428844445526303963, 0.4054889888311944413, 0.4661727302502823855, 0.5264895117494928778, 0.5851195494856963331, 0.6434825106193874378, 0.7012222357644417592, 0.7597540186400875140, 0.8187615068694971132, 0.8775456132934722486, 0.9383917376312451708, 1.000000000000000000 ),
 .UNSPECIFIED. ) ;
#1474 = FILL_AREA_STYLE_COLOUR ( '', #1020 ) ;
#1475 = ORIENTED_EDGE ( 'NONE', *, *, #539, .F. ) ;
#1476 = CARTESIAN_POINT ( 'NONE',  ( -0.1240576171128980332, 0.000000000000000000, 0.6277095885751188264 ) ) ;
#1477 = CARTESIAN_POINT ( 'NONE',  ( -1.503946301828022580, 0.000000000000000000, -1.403021315032360938 ) ) ;
#1478 = CARTESIAN_POINT ( 'NONE',  ( -0.3189886105605978517, 0.000000000000000000, 1.711867468341502718 ) ) ;
#1479 = CARTESIAN_POINT ( 'NONE',  ( -0.9609656888675064401, 0.4000000000000000222, 0.5599085988562086946 ) ) ;
#1480 = CARTESIAN_POINT ( 'NONE',  ( -1.387466809565713888, 0.4000000000000000222, -1.860963292561365057 ) ) ;
#1481 = CARTESIAN_POINT ( 'NONE',  ( 1.289074159045835666, 0.000000000000000000, -0.1819606552294778246 ) ) ;
#1482 = CARTESIAN_POINT ( 'NONE',  ( -1.457027593171545732, 0.000000000000000000, -1.780919694078401783 ) ) ;
#1483 = CARTESIAN_POINT ( 'NONE',  ( 0.08555504567204891275, 0.000000000000000000, 2.412534431009430325 ) ) ;
#1484 = CARTESIAN_POINT ( 'NONE',  ( -1.101301785491259011, 0.4000000000000000222, 0.4559256562003337065 ) ) ;
#1485 = CARTESIAN_POINT ( 'NONE',  ( 0.000000000000000000, 23.00000000000000000, -4.349999999999999645 ) ) ;
#1486 = CARTESIAN_POINT ( 'NONE',  ( 0.8616450883569798380, 0.4000000000000000222, 0.1853906885861230924 ) ) ;
#1487 = LINE ( 'NONE', #432, #1357 ) ;
#1488 = ORIENTED_EDGE ( 'NONE', *, *, #1567, .F. ) ;
#1489 = EDGE_CURVE ( 'NONE', #1170, #2644, #1487, .T. ) ;
#1490 = B_SPLINE_SURFACE_WITH_KNOTS ( 'NONE', 3, 1, ( 
 ( #457, #1478 ),
 ( #164, #232 ),
 ( #2082, #2602 ),
 ( #495, #1545 ),
 ( #736, #530 ),
 ( #284, #476 ),
 ( #1789, #2362 ),
 ( #21, #1561 ),
 ( #1280, #2616 ),
 ( #2377, #1052 ),
 ( #1007, #2134 ),
 ( #1529, #2636 ),
 ( #3414, #1037 ) ),
 .UNSPECIFIED., .F., .F., .F.,
 ( 4, 1, 1, 1, 1, 1, 1, 1, 1, 1, 4 ),
 ( 2, 2 ),
 ( 0.000000000000000000, 0.1692851242767529352, 0.3326481149474295740, 0.4875633421225240016, 0.6295533232557261050, 0.7554214610791970541, 0.8637139889813155724, 0.9087961583716734904, 0.9468005231923991571, 0.9770941144196546579, 1.000000000000000000 ),
 ( 0.000000000000000000, 1.000000000000000000 ),
 .UNSPECIFIED. ) ;
#1491 = LINE ( 'NONE', #1186, #202 ) ;
#1492 = CIRCLE ( 'NONE', #1654, 3.049999999999999822 ) ;
#1493 = ORIENTED_EDGE ( 'NONE', *, *, #1761, .T. ) ;
#1494 = CARTESIAN_POINT ( 'NONE',  ( 0.6124208930908972004, 0.4000000000000000222, 2.304043398272572318 ) ) ;
#1495 = CARTESIAN_POINT ( 'NONE',  ( -1.499974294396947627, 0.000000000000000000, -1.573513411623822078 ) ) ;
#1496 = CARTESIAN_POINT ( 'NONE',  ( 1.070303614450996088, 0.000000000000000000, -1.625217734022309957 ) ) ;
#1497 = CARTESIAN_POINT ( 'NONE',  ( -0.1855326095670035425, 0.000000000000000000, -1.350456604315662501 ) ) ;
#1498 = DIRECTION ( 'NONE',  ( 0.000000000000000000, 0.000000000000000000, -1.000000000000000000 ) ) ;
#1499 = CARTESIAN_POINT ( 'NONE',  ( -1.086006624129286280, -1.084202172485504434E-16, 0.4986312552174472223 ) ) ;
#1500 = CARTESIAN_POINT ( 'NONE',  ( -0.007353655231171890398, 0.000000000000000000, -1.311908160093362419 ) ) ;
#1501 = CARTESIAN_POINT ( 'NONE',  ( -1.261861849454063433, 0.000000000000000000, 2.084506567540544086 ) ) ;
#1502 = CARTESIAN_POINT ( 'NONE',  ( -1.462431535963525819, 0.4000000000000000222, -1.141616650891171370 ) ) ;
#1503 = CARTESIAN_POINT ( 'NONE',  ( 0.6650495236263295196, 0.4000000000000000222, 0.2593227744884216146 ) ) ;
#1504 = CARTESIAN_POINT ( 'NONE',  ( 0.9639647542725020557, 0.4000000000000000222, -1.716938718861476199 ) ) ;
#1505 = VERTEX_POINT ( 'NONE', #618 ) ;
#1506 = CARTESIAN_POINT ( 'NONE',  ( -1.119960011999591387, 0.000000000000000000, 0.2479197383706082947 ) ) ;
#1507 = CARTESIAN_POINT ( 'NONE',  ( -1.085426830522485453, 0.4000000000000000222, -0.01948125284172864957 ) ) ;
#1508 = EDGE_CURVE ( 'NONE', #2823, #318, #2539, .T. ) ;
#1509 = VERTEX_POINT ( 'NONE', #153 ) ;
#1510 = CARTESIAN_POINT ( 'NONE',  ( 0.06693563959019110943, 0.000000000000000000, 0.7296425306507628994 ) ) ;
#1511 = CARTESIAN_POINT ( 'NONE',  ( -0.9265818049930745204, 0.000000000000000000, 1.556330466451800065 ) ) ;
#1512 = CARTESIAN_POINT ( 'NONE',  ( -0.9148991748306380956, 0.4000000000000000222, -1.279515456971897169 ) ) ;
#1513 = CARTESIAN_POINT ( 'NONE',  ( -0.1050647638246545723, 0.000000000000000000, -1.336164934942370541 ) ) ;
#1514 = LINE ( 'NONE', #1230, #1575 ) ;
#1515 = CARTESIAN_POINT ( 'NONE',  ( 0.9921736418748809960, 0.000000000000000000, 0.6096108772329480452 ) ) ;
#1516 = CARTESIAN_POINT ( 'NONE',  ( 0.3772029046219545489, 0.000000000000000000, -0.9800462846333741762 ) ) ;
#1517 = LINE ( 'NONE', #1197, #3137 ) ;
#1518 = B_SPLINE_SURFACE_WITH_KNOTS ( 'NONE', 3, 1, ( 
 ( #1192, #722 ),
 ( #423, #2530 ),
 ( #3105, #1773 ),
 ( #955, #1497 ),
 ( #2585, #1513 ),
 ( #2549, #217 ),
 ( #2566, #670 ),
 ( #2844, #166 ),
 ( #145, #1737 ),
 ( #199, #3071 ),
 ( #2048, #1530 ),
 ( #2308, #737 ),
 ( #1264, #3295 ),
 ( #3036, #2291 ),
 ( #2258, #1721 ) ),
 .UNSPECIFIED., .F., .F., .F.,
 ( 4, 1, 1, 1, 1, 1, 1, 1, 1, 1, 1, 1, 4 ),
 ( 2, 2 ),
 ( 0.000000000000000000, 0.08137218100060790438, 0.1585634365385522604, 0.2311471217972134451, 0.3002931195026011801, 0.4282472870135871634, 0.5467613473585277717, 0.6030937109463639922, 0.6581642071636577551, 0.7129438616527403738, 0.7673063782428073409, 0.8806531678382968353, 1.000000000000000000 ),
 ( 0.000000000000000000, 1.000000000000000000 ),
 .UNSPECIFIED. ) ;
#1519 = FACE_OUTER_BOUND ( 'NONE', #1785, .T. ) ;
#1520 = CARTESIAN_POINT ( 'NONE',  ( -0.9519660101996524348, 0.4000000000000000222, -0.08006855085784347903 ) ) ;
#1521 = CARTESIAN_POINT ( 'NONE',  ( 0.000000000000000000, 20.50000000000001066, 0.000000000000000000 ) ) ;
#1522 = ORIENTED_EDGE ( 'NONE', *, *, #2247, .T. ) ;
#1523 = CARTESIAN_POINT ( 'NONE',  ( 1.228996100122349944, 0.000000000000000000, 1.579964325699211969 ) ) ;
#1524 = CARTESIAN_POINT ( 'NONE',  ( -1.118873814755305229, 0.000000000000000000, 0.1608588267981585218 ) ) ;
#1525 = ORIENTED_EDGE ( 'NONE', *, *, #2329, .F. ) ;
#1526 = CARTESIAN_POINT ( 'NONE',  ( -0.3609871110105823400, 0.000000000000000000, -1.360022850285947715 ) ) ;
#1527 = AXIS2_PLACEMENT_3D ( 'NONE', #2187, #3097, #1764 ) ;
#1528 = CARTESIAN_POINT ( 'NONE',  ( -0.9265818049930745204, 0.4000000000000000222, 1.556330466451800065 ) ) ;
#1529 = CARTESIAN_POINT ( 'NONE',  ( -1.260217733129085138, 0.4000000000000000222, 1.392559292313966690 ) ) ;
#1530 = CARTESIAN_POINT ( 'NONE',  ( 0.3387691123487930334, 0.000000000000000000, -1.053637510078761386 ) ) ;
#1531 = ADVANCED_FACE ( 'NONE', ( #3080 ), #1379, .T. ) ;
#1532 = CARTESIAN_POINT ( 'NONE',  ( 1.247495697931354064, 0.4000000000000000222, 1.309850279446342913 ) ) ;
#1533 = FACE_OUTER_BOUND ( 'NONE', #365, .T. ) ;
#1534 = CARTESIAN_POINT ( 'NONE',  ( -1.312797621590742647, 0.000000000000000000, 2.035417506225935202 ) ) ;
#1535 = CARTESIAN_POINT ( 'NONE',  ( -0.3705645338184333504, 0.4000000000000000222, 0.5694945873602379471 ) ) ;
#1536 = CARTESIAN_POINT ( 'NONE',  ( 0.2304556422581999775, 0.000000000000000000, -0.3052195560615471037 ) ) ;
#1537 = CARTESIAN_POINT ( 'NONE',  ( -0.2579907884784772287, 0.4000000000000000222, -2.063997714971405273 ) ) ;
#1538 = EDGE_LOOP ( 'NONE', ( #2580, #466, #2941, #613 ) ) ;
#1539 = AXIS2_PLACEMENT_3D ( 'NONE', #1944, #2998, #1685 ) ;
#1540 = CARTESIAN_POINT ( 'NONE',  ( -1.352064417149068776, 0.4000000000000000222, 1.451260531807612608 ) ) ;
#1541 = CARTESIAN_POINT ( 'NONE',  ( -1.502852247723148738, 0.000000000000000000, -1.329274706387485461 ) ) ;
#1542 = VERTEX_POINT ( 'NONE', #94 ) ;
#1543 = CARTESIAN_POINT ( 'NONE',  ( -0.5289691230664353983, 0.4000000000000000222, 0.5605616856384626479 ) ) ;
#1544 = CARTESIAN_POINT ( 'NONE',  ( -1.267954727870965748, 0.4000000000000000222, 1.391878893484476576 ) ) ;
#1545 = CARTESIAN_POINT ( 'NONE',  ( -0.6490899519138492169, 0.000000000000000000, 1.664916852156784977 ) ) ;
#1546 = CARTESIAN_POINT ( 'NONE',  ( -0.5696562972885708120, 0.4000000000000000222, -1.351412313627675665 ) ) ;
#1547 = ORIENTED_EDGE ( 'NONE', *, *, #2814, .F. ) ;
#1548 = ADVANCED_FACE ( 'NONE', ( #2207, #2522 ), #946, .F. ) ;
#1549 = CARTESIAN_POINT ( 'NONE',  ( 1.168224431930102281, 0.4000000000000000222, 0.8949338593462775604 ) ) ;
#1550 = CARTESIAN_POINT ( 'NONE',  ( 0.8448221134589587455, 0.000000000000000000, -1.796206588951366534 ) ) ;
#1551 = CARTESIAN_POINT ( 'NONE',  ( -1.312797621590742647, 0.4000000000000000222, 2.035417506225935202 ) ) ;
#1552 = CARTESIAN_POINT ( 'NONE',  ( 0.2633878426212414303, 0.000000000000000000, -1.151120844791775122 ) ) ;
#1553 = CARTESIAN_POINT ( 'NONE',  ( 0.3833737943276053772, 0.4000000000000000222, -0.5335975124712912798 ) ) ;
#1554 = CARTESIAN_POINT ( 'NONE',  ( 1.412268352485053668, 0.4000000000000000222, -1.017339305123823312 ) ) ;
#1555 = ORIENTED_EDGE ( 'NONE', *, *, #731, .T. ) ;
#1556 = CARTESIAN_POINT ( 'NONE',  ( 1.202458440759296643, 0.000000000000000000, 1.690419719360158890 ) ) ;
#1557 = CARTESIAN_POINT ( 'NONE',  ( -0.2579907884784772287, 0.4000000000000000222, -2.063997714971405273 ) ) ;
#1558 = ORIENTED_EDGE ( 'NONE', *, *, #24, .F. ) ;
#1559 = CARTESIAN_POINT ( 'NONE',  ( -0.9609656888675064401, 0.000000000000000000, 0.5599085988562086946 ) ) ;
#1560 = CARTESIAN_POINT ( 'NONE',  ( 1.033149468946106708, 0.000000000000000000, 0.08588774054734532593 ) ) ;
#1561 = CARTESIAN_POINT ( 'NONE',  ( -1.122471793268721374, 0.000000000000000000, 1.453611026091337077 ) ) ;
#1562 = CARTESIAN_POINT ( 'NONE',  ( -1.345055777288438392, 0.4000000000000000222, -1.114413488862032064 ) ) ;
#1563 = ORIENTED_EDGE ( 'NONE', *, *, #1888, .T. ) ;
#1564 = CARTESIAN_POINT ( 'NONE',  ( 0.7150942946705695080, 0.000000000000000000, 0.4039846079477942831 ) ) ;
#1565 = CARTESIAN_POINT ( 'NONE',  ( 0.2648509810561558986, 0.4000000000000000222, -2.016189535898116336 ) ) ;
#1566 = CARTESIAN_POINT ( 'NONE',  ( -0.9519660101996524348, 0.4000000000000000222, -0.08006855085784347903 ) ) ;
#1567 = EDGE_CURVE ( 'NONE', #2336, #2701, #2856, .T. ) ;
#1568 = CARTESIAN_POINT ( 'NONE',  ( -1.393950229220919823, 0.000000000000000000, -1.104031990400327068 ) ) ;
#1569 = CARTESIAN_POINT ( 'NONE',  ( 0.1084473250783352938, 0.000000000000000000, -0.2190128715447885732 ) ) ;
#1570 = FACE_OUTER_BOUND ( 'NONE', #2588, .T. ) ;
#1571 = ORIENTED_EDGE ( 'NONE', *, *, #2545, .T. ) ;
#1572 = CARTESIAN_POINT ( 'NONE',  ( 1.245523386198983173, 0.000000000000000000, 1.463046904643027668 ) ) ;
#1573 = CARTESIAN_POINT ( 'NONE',  ( -0.5619799345926519418, 0.000000000000000000, 0.5599085988562085836 ) ) ;
#1574 = ORIENTED_EDGE ( 'NONE', *, *, #91, .F. ) ;
#1575 = VECTOR ( 'NONE', #1594, 1000.000000000000000 ) ;
#1576 = CARTESIAN_POINT ( 'NONE',  ( 1.372501360804138315, 0.000000000000000000, -0.3437086213050012384 ) ) ;
#1577 = CARTESIAN_POINT ( 'NONE',  ( -0.5619799345926519418, 0.4000000000000000222, 0.5599085988562085836 ) ) ;
#1578 = CARTESIAN_POINT ( 'NONE',  ( 0.2075605171319163111, 0.4000000000000000222, 1.483771682300988992 ) ) ;
#1579 = CARTESIAN_POINT ( 'NONE',  ( -0.1999375522468471444, 0.4000000000000000222, 0.6021353911755953359 ) ) ;
#1580 = CARTESIAN_POINT ( 'NONE',  ( -1.033871568434238997, 0.4000000000000000222, 0.5475092685017913796 ) ) ;
#1581 = MECHANICAL_DESIGN_GEOMETRIC_PRESENTATION_REPRESENTATION (  '', ( #1134 ), #1244 ) ;
#1582 = CARTESIAN_POINT ( 'NONE',  ( -0.2579907884784772287, 0.000000000000000000, -2.063997714971405273 ) ) ;
#1583 = CARTESIAN_POINT ( 'NONE',  ( -0.1441326652218373472, 0.4000000000000000222, 2.414277728177937288 ) ) ;
#1584 = DIRECTION ( 'NONE',  ( 0.000000000000000000, 0.000000000000000000, -1.000000000000000000 ) ) ;
#1585 = CARTESIAN_POINT ( 'NONE',  ( 0.3220978311581393361, 0.000000000000000000, -0.4108747314189912236 ) ) ;
#1586 = CARTESIAN_POINT ( 'NONE',  ( 0.8616450883569798380, 0.4000000000000000222, 0.1853906885861230924 ) ) ;
#1587 = ORIENTED_EDGE ( 'NONE', *, *, #2103, .F. ) ;
#1588 = EDGE_CURVE ( 'NONE', #3287, #1680, #1473, .T. ) ;
#1589 = DIRECTION ( 'NONE',  ( -1.000000000000000000, 0.000000000000000000, 0.000000000000000000 ) ) ;
#1590 = CARTESIAN_POINT ( 'NONE',  ( -1.119960011999591387, 0.000000000000000000, 0.2479197383706082947 ) ) ;
#1591 = VECTOR ( 'NONE', #3231, 1000.000000000000000 ) ;
#1592 = ORIENTED_EDGE ( 'NONE', *, *, #263, .F. ) ;
#1593 = EDGE_CURVE ( 'NONE', #2143, #1894, #744, .T. ) ;
#1594 = DIRECTION ( 'NONE',  ( 0.000000000000000000, -1.000000000000000000, 0.000000000000000000 ) ) ;
#1595 = LINE ( 'NONE', #546, #2025 ) ;
#1596 = CARTESIAN_POINT ( 'NONE',  ( 0.009963842536371163294, 0.4000000000000000222, 0.6903829208814694640 ) ) ;
#1597 = CARTESIAN_POINT ( 'NONE',  ( 0.5755640433298886416, 0.000000000000000000, -1.927697176441757199 ) ) ;
#1598 = VERTEX_POINT ( 'NONE', #465 ) ;
#1599 = CARTESIAN_POINT ( 'NONE',  ( -0.2579907884784772287, 0.4000000000000000222, -2.063997714971405273 ) ) ;
#1600 = CARTESIAN_POINT ( 'NONE',  ( -1.230548500195294936, 0.000000000000000000, 2.104105439978942726 ) ) ;
#1601 = B_SPLINE_CURVE_WITH_KNOTS ( 'NONE', 3,
 ( #2458, #93, #2996, #1887, #3274, #2424, #73, #2721, #634, #1958, #886, #1084, #3015, #1700, #3203, #2944, #578, #2441, #2685 ),
 .UNSPECIFIED., .F., .F.,
 ( 4, 1, 1, 1, 1, 1, 1, 1, 1, 1, 1, 1, 1, 1, 1, 1, 4 ),
 ( 0.000000000000000000, 0.06744901029693589622, 0.1331348267394190377, 0.1973284087036006051, 0.2598445306316710113, 0.3209242257037216439, 0.3809615564104816832, 0.4397580467470434962, 0.4983865467678866845, 0.5567410310877607404, 0.6153442910270634503, 0.6752294668786856802, 0.7363898485051636467, 0.7992795564968809829, 0.8637376340819901133, 0.9301551405212739043, 1.000000000000000000 ),
 .UNSPECIFIED. ) ;
#1602 = CARTESIAN_POINT ( 'NONE',  ( 0.2798303030384997614, 0.000000000000000000, -0.3559793186574355950 ) ) ;
#1603 = CARTESIAN_POINT ( 'NONE',  ( -1.361186868442736841, 0.000000000000000000, 1.494621751366744355 ) ) ;
#1604 = CARTESIAN_POINT ( 'NONE',  ( -1.118873814755305229, 0.000000000000000000, 0.1608588267981585218 ) ) ;
#1605 = EDGE_LOOP ( 'NONE', ( #1039, #572, #3303, #682 ) ) ;
#1606 = CARTESIAN_POINT ( 'NONE',  ( 0.2864694918618325148, -0.000000000000000000, 1.222107820998032501 ) ) ;
#1607 = FACE_OUTER_BOUND ( 'NONE', #559, .T. ) ;
#1608 = ORIENTED_EDGE ( 'NONE', *, *, #219, .F. ) ;
#1609 = CARTESIAN_POINT ( 'NONE',  ( 1.235884358546943007, 0.000000000000000000, 1.153465286586176530 ) ) ;
#1610 = EDGE_CURVE ( 'NONE', #730, #1894, #1913, .T. ) ;
#1611 = CARTESIAN_POINT ( 'NONE',  ( -1.060592912779382058, 0.000000000000000000, -0.05128525069898701161 ) ) ;
#1612 = CARTESIAN_POINT ( 'NONE',  ( 0.05626303550375333362, 0.4000000000000000222, 1.628660700081102641 ) ) ;
#1613 = CARTESIAN_POINT ( 'NONE',  ( -1.312797621590742647, 0.4000000000000000222, 2.035417506225935202 ) ) ;
#1614 = CARTESIAN_POINT ( 'NONE',  ( -1.312739772064044130, 0.4000000000000000222, -1.127470280671942104 ) ) ;
#1615 = ORIENTED_EDGE ( 'NONE', *, *, #2541, .F. ) ;
#1616 = CARTESIAN_POINT ( 'NONE',  ( 1.247486351051758424, 0.000000000000000000, -1.412162227334406994 ) ) ;
#1617 = CARTESIAN_POINT ( 'NONE',  ( -0.7060721907654576857, 0.000000000000000000, 2.335392855854358629 ) ) ;
#1618 = CARTESIAN_POINT ( 'NONE',  ( -1.375491362215881086, 0.4000000000000000222, 1.679545651763945768 ) ) ;
#1619 = CARTESIAN_POINT ( 'NONE',  ( 0.4100644207721164114, 0.000000000000000000, -0.8766213757445209254 ) ) ;
#1620 = CARTESIAN_POINT ( 'NONE',  ( -1.358314509104268319, 0.4000000000000000222, -1.875077198622074892 ) ) ;
#1621 = VERTEX_POINT ( 'NONE', #274 ) ;
#1622 = CARTESIAN_POINT ( 'NONE',  ( -0.4670683031733415813, 0.000000000000000000, -1.357839990800208341 ) ) ;
#1623 = CARTESIAN_POINT ( 'NONE',  ( -1.361186868442736841, 0.4000000000000000222, 1.494621751366744355 ) ) ;
#1624 = CARTESIAN_POINT ( 'NONE',  ( -1.479506898153972516, 0.000000000000000000, -1.171030992831709527 ) ) ;
#1625 = ORIENTED_EDGE ( 'NONE', *, *, #3367, .T. ) ;
#1626 = CARTESIAN_POINT ( 'NONE',  ( 1.133408105016711742, 0.000000000000000000, 0.8168305160104165630 ) ) ;
#1627 = CARTESIAN_POINT ( 'NONE',  ( -1.498003037442620977, 0.4000000000000000222, -1.264124541255858603 ) ) ;
#1628 = CARTESIAN_POINT ( 'NONE',  ( 0.6124208930908972004, 0.4000000000000000222, 2.304043398272572318 ) ) ;
#1629 = CARTESIAN_POINT ( 'NONE',  ( -0.8765404841809063541, 0.4000000000000000222, 2.281407563360666302 ) ) ;
#1630 = DIRECTION ( 'NONE',  ( 0.000000000000000000, -1.000000000000000000, 0.000000000000000000 ) ) ;
#1631 = ADVANCED_FACE ( 'NONE', ( #208 ), #1805, .T. ) ;
#1632 = EDGE_LOOP ( 'NONE', ( #1732, #3155, #2561, #1885, #1078, #2837, #1061, #1841, #1493, #417, #194, #89, #3098, #2445, #138, #1875, #50, #1241, #1004 ) ) ;
#1633 = CARTESIAN_POINT ( 'NONE',  ( -1.387257912145851257, 0.000000000000000000, -1.104891797052575786 ) ) ;
#1634 = CARTESIAN_POINT ( 'NONE',  ( -1.029740293508941473, 0.4000000000000000222, -0.07188760554025622196 ) ) ;
#1635 = EDGE_CURVE ( 'NONE', #1598, #2937, #2833, .T. ) ;
#1636 = B_SPLINE_CURVE_WITH_KNOTS ( 'NONE', 3,
 ( #271, #656, #1428, #2950, #1706, #2761, #840, #1176, #2242, #2985, #2495, #586, #639, #320, #1109, #2728, #62, #2174, #623 ),
 .UNSPECIFIED., .F., .F.,
 ( 4, 1, 1, 1, 1, 1, 1, 1, 1, 1, 1, 1, 1, 1, 1, 1, 4 ),
 ( 0.000000000000000000, 0.05568104497087090349, 0.1096633112279710442, 0.1612663231561356492, 0.2127653021675542100, 0.2639288510208084304, 0.3159242040629537396, 0.3685240490275151215, 0.4230887997606669892, 0.4801963192449207884, 0.5406788027646574069, 0.6051418040589169323, 0.6740860710511028531, 0.7471874152496615906, 0.8261363578683916797, 0.9098098657221785901, 1.000000000000000000 ),
 .UNSPECIFIED. ) ;
#1637 = CARTESIAN_POINT ( 'NONE',  ( -0.2700920907308518304, 0.000000000000000000, 1.710417165089611169 ) ) ;
#1638 = CARTESIAN_POINT ( 'NONE',  ( 0.3052277155753202464, 0.000000000000000000, -1.105128643747047779 ) ) ;
#1639 = FACE_OUTER_BOUND ( 'NONE', #1221, .T. ) ;
#1640 = CARTESIAN_POINT ( 'NONE',  ( -1.375950871885212035, 0.000000000000000000, 1.709867539748646248 ) ) ;
#1641 = CARTESIAN_POINT ( 'NONE',  ( -1.457027593171545732, 0.000000000000000000, -1.780919694078401783 ) ) ;
#1642 = DIRECTION ( 'NONE',  ( -1.000000000000000000, 0.000000000000000000, 0.000000000000000000 ) ) ;
#1643 = CARTESIAN_POINT ( 'NONE',  ( -1.345055777288438392, 0.000000000000000000, -1.114413488862032064 ) ) ;
#1644 = EDGE_LOOP ( 'NONE', ( #1238, #760, #1001, #1651 ) ) ;
#1645 = CARTESIAN_POINT ( 'NONE',  ( -0.4670683031733415813, 0.000000000000000000, -1.357839990800208341 ) ) ;
#1646 = CARTESIAN_POINT ( 'NONE',  ( 0.4781628588773493282, -0.000000000000000000, 0.3189949648210524402 ) ) ;
#1647 = FACE_BOUND ( 'NONE', #1918, .T. ) ;
#1648 = CARTESIAN_POINT ( 'NONE',  ( -1.192257132665049069, 0.000000000000000000, 2.130167721417032922 ) ) ;
#1649 = CLOSED_SHELL ( 'NONE', ( #2184, #3177, #429, #1248, #3427, #1548, #1442, #2097, #996, #1313, #3220, #1840, #3013, #1631, #1075, #3391, #1531, #1701, #2357, #259, #131, #3154, #809, #1677, #1097, #2520, #474, #2479, #347, #2586, #403, #1446, #1972, #2229, #281 ) ) ;
#1650 = CARTESIAN_POINT ( 'NONE',  ( -1.242248374516536247, 0.4000000000000000222, 1.394139535156899479 ) ) ;
#1651 = ORIENTED_EDGE ( 'NONE', *, *, #1330, .T. ) ;
#1652 = CARTESIAN_POINT ( 'NONE',  ( -1.374306384565631145, 0.4000000000000000222, 1.845393725761207859 ) ) ;
#1653 = CARTESIAN_POINT ( 'NONE',  ( -1.387257912145851257, 0.4000000000000000222, -1.104891797052575786 ) ) ;
#1654 = AXIS2_PLACEMENT_3D ( 'NONE', #3419, #2330, #2366 ) ;
#1655 = DIRECTION ( 'NONE',  ( -1.000000000000000000, 0.000000000000000000, -0.000000000000000000 ) ) ;
#1656 = ADVANCED_FACE ( 'NONE', ( #2595 ), #1015, .F. ) ;
#1657 = CARTESIAN_POINT ( 'NONE',  ( -1.375950871885212035, 0.4000000000000000222, 1.709867539748646248 ) ) ;
#1658 = CARTESIAN_POINT ( 'NONE',  ( -1.119960011999591387, 0.000000000000000000, 0.2479197383706082947 ) ) ;
#1659 = CARTESIAN_POINT ( 'NONE',  ( 0.2879897173713235614, 0.4000000000000000222, 1.186886212716694367 ) ) ;
#1660 = CARTESIAN_POINT ( 'NONE',  ( -0.4645158382519345985, 0.000000000000000000, 0.5618368311571295681 ) ) ;
#1661 = CARTESIAN_POINT ( 'NONE',  ( 0.5580181988921794067, 0.4000000000000000222, 0.2863514191845139001 ) ) ;
#1662 = FACE_OUTER_BOUND ( 'NONE', #914, .T. ) ;
#1663 = ORIENTED_EDGE ( 'NONE', *, *, #2288, .F. ) ;
#1664 = CARTESIAN_POINT ( 'NONE',  ( -0.9148991748306380956, 0.000000000000000000, -1.279515456971897169 ) ) ;
#1665 = CARTESIAN_POINT ( 'NONE',  ( 0.7150942946705695080, 0.000000000000000000, 0.4039846079477942831 ) ) ;
#1666 = CARTESIAN_POINT ( 'NONE',  ( -0.1972974952187731279, 0.000000000000000000, -2.062691092417723304 ) ) ;
#1667 = CARTESIAN_POINT ( 'NONE',  ( -1.334535257882124792, 0.4000000000000000222, 2.006058446555353036 ) ) ;
#1668 = CARTESIAN_POINT ( 'NONE',  ( 0.5755640433298886416, 0.4000000000000000222, -1.927697176441757199 ) ) ;
#1669 = VERTEX_POINT ( 'NONE', #537 ) ;
#1670 = CARTESIAN_POINT ( 'NONE',  ( -1.371655468805057065, 0.000000000000000000, -1.106896347109793233 ) ) ;
#1671 = CARTESIAN_POINT ( 'NONE',  ( 0.2879897173713235614, 0.000000000000000000, 1.186886212716694367 ) ) ;
#1672 = CARTESIAN_POINT ( 'NONE',  ( -1.435322581760724470, 0.4000000000000000222, -1.814738957236181172 ) ) ;
#1673 = CARTESIAN_POINT ( 'NONE',  ( 0.4139779349355013349, -0.000000000000000000, -0.7896511774332908296 ) ) ;
#1674 = LINE ( 'NONE', #102, #1298 ) ;
#1675 = DIRECTION ( 'NONE',  ( 0.000000000000000000, 1.000000000000000000, -0.000000000000000000 ) ) ;
#1676 = CARTESIAN_POINT ( 'NONE',  ( -1.160257551616574068, 0.000000000000000000, -1.949285133478493304 ) ) ;
#1677 = ADVANCED_FACE ( 'NONE', ( #1570 ), #2188, .T. ) ;
#1678 = CARTESIAN_POINT ( 'NONE',  ( 0.7150942946705695080, 0.4000000000000000222, 0.4039846079477942831 ) ) ;
#1679 = CARTESIAN_POINT ( 'NONE',  ( -1.352064417149068776, 0.4000000000000000222, 1.451260531807612608 ) ) ;
#1680 = VERTEX_POINT ( 'NONE', #2142 ) ;
#1681 = EDGE_CURVE ( 'NONE', #3006, #77, #3327, .T. ) ;
#1682 = CARTESIAN_POINT ( 'NONE',  ( 1.247495697931354064, 0.4000000000000000222, 1.309850279446342913 ) ) ;
#1683 = CARTESIAN_POINT ( 'NONE',  ( -1.462431535963525819, 0.4000000000000000222, -1.141616650891171370 ) ) ;
#1684 = CARTESIAN_POINT ( 'NONE',  ( 1.164966583656097843, 0.4000000000000000222, -1.523686718360877101 ) ) ;
#1685 = DIRECTION ( 'NONE',  ( 0.000000000000000000, 0.000000000000000000, 1.000000000000000000 ) ) ;
#1686 = CARTESIAN_POINT ( 'NONE',  ( -0.3319640139448504779, 0.000000000000000000, -0.09083940034360028781 ) ) ;
#1687 = AXIS2_PLACEMENT_3D ( 'NONE', #425, #1214, #132 ) ;
#1688 = CARTESIAN_POINT ( 'NONE',  ( -1.387257912145851257, 0.4000000000000000222, -1.104891797052575786 ) ) ;
#1689 = CARTESIAN_POINT ( 'NONE',  ( -1.085426830522485453, 0.4000000000000000222, -0.01948125284172864957 ) ) ;
#1690 = CARTESIAN_POINT ( 'NONE',  ( -0.04448476880532339917, 0.4000000000000000222, -0.1522366818863941651 ) ) ;
#1691 = CARTESIAN_POINT ( 'NONE',  ( -1.112864452135039262, 0.4000000000000000222, 0.4004697518324028538 ) ) ;
#1692 = CARTESIAN_POINT ( 'NONE',  ( -1.375603406792332395, -0.000000000000000000, 1.735525417680131799 ) ) ;
#1693 = CARTESIAN_POINT ( 'NONE',  ( -1.387466809565713888, 0.000000000000000000, -1.860963292561365057 ) ) ;
#1694 = VECTOR ( 'NONE', #665, 1000.000000000000000 ) ;
#1695 = FACE_OUTER_BOUND ( 'NONE', #505, .T. ) ;
#1696 = CARTESIAN_POINT ( 'NONE',  ( -1.443909815950557451, 0.000000000000000000, -1.119534366980502682 ) ) ;
#1697 = EDGE_CURVE ( 'NONE', #2336, #1894, #1674, .T. ) ;
#1698 = EDGE_LOOP ( 'NONE', ( #812, #1865, #1547, #1574, #2251, #1137, #1592, #1292, #1202, #1990, #3132, #2523, #2965, #1454, #450, #965, #1709, #1475, #1329 ) ) ;
#1699 = CARTESIAN_POINT ( 'NONE',  ( 0.7928462050426109409, 0.000000000000000000, 0.4485773519596977232 ) ) ;
#1700 = CARTESIAN_POINT ( 'NONE',  ( 0.7928462050426109409, 0.4000000000000000222, 0.4485773519596977232 ) ) ;
#1701 = ADVANCED_FACE ( 'NONE', ( #1639 ), #2157, .T. ) ;
#1702 = CARTESIAN_POINT ( 'NONE',  ( 0.2014851085897332306, 0.000000000000000000, 0.8720796171168641031 ) ) ;
#1703 = DIRECTION ( 'NONE',  ( -0.000000000000000000, -1.000000000000000000, -0.000000000000000000 ) ) ;
#1704 = CARTESIAN_POINT ( 'NONE',  ( -1.160257551616574068, 0.000000000000000000, -1.949285133478493304 ) ) ;
#1705 = CARTESIAN_POINT ( 'NONE',  ( -0.3762614420091044409, -0.000000000000000000, 1.709984747271733774 ) ) ;
#1706 = CARTESIAN_POINT ( 'NONE',  ( 0.3833737943276053772, 0.4000000000000000222, -0.5335975124712912798 ) ) ;
#1707 = CARTESIAN_POINT ( 'NONE',  ( -0.4438156693288881072, 0.4000000000000000222, -0.08158815991571639892 ) ) ;
#1708 = CARTESIAN_POINT ( 'NONE',  ( -1.060592912779382058, 0.4000000000000000222, -0.05128525069898701161 ) ) ;
#1709 = ORIENTED_EDGE ( 'NONE', *, *, #3008, .F. ) ;
#1710 = CARTESIAN_POINT ( 'NONE',  ( 0.2572358404020863021, 0.000000000000000000, 0.9886179828112393597 ) ) ;
#1711 = CARTESIAN_POINT ( 'NONE',  ( 1.168224431930102281, 0.4000000000000000222, 0.8949338593462775604 ) ) ;
#1712 = CARTESIAN_POINT ( 'NONE',  ( -0.1050647638246545723, 0.4000000000000000222, -1.336164934942370541 ) ) ;
#1713 = B_SPLINE_CURVE_WITH_KNOTS ( 'NONE', 3,
 ( #222, #462, #1744, #3093, #2591, #1777, #2328, #205, #3386, #2279, #3124, #2314, #2069 ),
 .UNSPECIFIED., .F., .F.,
 ( 4, 1, 1, 1, 1, 1, 1, 1, 1, 1, 4 ),
 ( 0.000000000000000000, 0.1692851242767529352, 0.3326481149474295740, 0.4875633421225240016, 0.6295533232557261050, 0.7554214610791970541, 0.8637139889813155724, 0.9087961583716734904, 0.9468005231923991571, 0.9770941144196546579, 1.000000000000000000 ),
 .UNSPECIFIED. ) ;
#1714 = ORIENTED_EDGE ( 'NONE', *, *, #2120, .F. ) ;
#1715 = CARTESIAN_POINT ( 'NONE',  ( 0.08555504567204891275, 0.4000000000000000222, 2.412534431009430325 ) ) ;
#1716 = CARTESIAN_POINT ( 'NONE',  ( -0.9921693082003996134, 0.000000000000000000, -0.07799485724063733028 ) ) ;
#1717 = CARTESIAN_POINT ( 'NONE',  ( -0.2824573414518485870, 0.4000000000000000222, 0.5837643875079914224 ) ) ;
#1718 = ADVANCED_FACE ( 'NONE', ( #2810 ), #858, .F. ) ;
#1719 = CARTESIAN_POINT ( 'NONE',  ( -1.503712641525055460, 0.4000000000000000222, -1.493056814970816992 ) ) ;
#1720 = CARTESIAN_POINT ( 'NONE',  ( 1.247486351051758424, 0.000000000000000000, -1.412162227334406994 ) ) ;
#1721 = CARTESIAN_POINT ( 'NONE',  ( 0.4159851473141342182, 0.000000000000000000, -0.7450448079826007541 ) ) ;
#1722 = CARTESIAN_POINT ( 'NONE',  ( -0.04448476880532339917, 0.000000000000000000, -0.1522366818863941651 ) ) ;
#1723 = DIRECTION ( 'NONE',  ( 0.000000000000000000, 0.000000000000000000, 1.000000000000000000 ) ) ;
#1724 = CARTESIAN_POINT ( 'NONE',  ( -0.9994979139597511830, 0.4000000000000000222, 0.5591222913259853433 ) ) ;
#1725 = CARTESIAN_POINT ( 'NONE',  ( 0.4100644207721164114, 0.4000000000000000222, -0.8766213757445209254 ) ) ;
#1726 = CARTESIAN_POINT ( 'NONE',  ( -0.1240576171128980332, 0.4000000000000000222, 0.6277095885751188264 ) ) ;
#1727 = B_SPLINE_CURVE_WITH_KNOTS ( 'NONE', 3,
 ( #430, #1416, #2471, #106, #3335, #172, #1218, #677, #1152, #962, #3301, #2280, #2021, #645, #2219, #3270, #898, #929, #1954 ),
 .UNSPECIFIED., .F., .F.,
 ( 4, 1, 1, 1, 1, 1, 1, 1, 1, 1, 1, 1, 1, 1, 1, 1, 4 ),
 ( 0.000000000000000000, 0.06744901029693589622, 0.1331348267394190377, 0.1973284087036006051, 0.2598445306316710113, 0.3209242257037216439, 0.3809615564104816832, 0.4397580467470434962, 0.4983865467678866845, 0.5567410310877607404, 0.6153442910270634503, 0.6752294668786856802, 0.7363898485051636467, 0.7992795564968809829, 0.8637376340819901133, 0.9301551405212739043, 1.000000000000000000 ),
 .UNSPECIFIED. ) ;
#1728 = CARTESIAN_POINT ( 'NONE',  ( 1.197192900353171163, 0.4000000000000000222, 0.9772144357959040573 ) ) ;
#1729 = CARTESIAN_POINT ( 'NONE',  ( -1.393950229220919823, 0.4000000000000000222, -1.104031990400327068 ) ) ;
#1730 = ORIENTED_EDGE ( 'NONE', *, *, #514, .T. ) ;
#1731 = CARTESIAN_POINT ( 'NONE',  ( 0.9311402509642339176, 0.4000000000000000222, 0.5517797427800487098 ) ) ;
#1732 = ORIENTED_EDGE ( 'NONE', *, *, #3069, .T. ) ;
#1733 = CARTESIAN_POINT ( 'NONE',  ( -0.3705645338184333504, 0.4000000000000000222, 0.5694945873602379471 ) ) ;
#1734 = CARTESIAN_POINT ( 'NONE',  ( -1.503946301828022580, 0.4000000000000000222, -1.403021315032360938 ) ) ;
#1735 = EDGE_CURVE ( 'NONE', #1082, #245, #186, .T. ) ;
#1736 = CARTESIAN_POINT ( 'NONE',  ( 0.9639647542725020557, 0.000000000000000000, -1.716938718861476199 ) ) ;
#1737 = CARTESIAN_POINT ( 'NONE',  ( 0.2633878426212414303, 0.000000000000000000, -1.151120844791775122 ) ) ;
#1738 = CARTESIAN_POINT ( 'NONE',  ( -1.375950871885212035, 0.4000000000000000222, 1.709867539748646248 ) ) ;
#1739 = CARTESIAN_POINT ( 'NONE',  ( 1.107697554256051875, 0.4000000000000000222, 0.02605468455225447982 ) ) ;
#1740 = VECTOR ( 'NONE', #1312, 1000.000000000000000 ) ;
#1741 = EDGE_CURVE ( 'NONE', #258, #3084, #1433, .T. ) ;
#1742 = CARTESIAN_POINT ( 'NONE',  ( -1.503946301828022580, 0.4000000000000000222, -1.403021315032360938 ) ) ;
#1743 = CARTESIAN_POINT ( 'NONE',  ( 0.9885921632248367841, 0.000000000000000000, 2.061674135356157844 ) ) ;
#1744 = CARTESIAN_POINT ( 'NONE',  ( -0.4888035185822428019, 0.000000000000000000, 1.706285168720422796 ) ) ;
#1745 = CARTESIAN_POINT ( 'NONE',  ( 0.9311402509642339176, 0.4000000000000000222, 0.5517797427800487098 ) ) ;
#1746 = CARTESIAN_POINT ( 'NONE',  ( -1.420010982066173710, 0.000000000000000000, -1.106079345021840243 ) ) ;
#1747 = B_SPLINE_SURFACE_WITH_KNOTS ( 'NONE', 3, 1, ( 
 ( #1851, #2319 ),
 ( #2857, #2353 ),
 ( #1307, #3409 ),
 ( #1031, #3377 ),
 ( #2905, #487 ),
 ( #1540, #2453 ),
 ( #1623, #3234 ),
 ( #2128, #327 ),
 ( #2957, #14 ),
 ( #3181, #810 ),
 ( #881, #3252 ) ),
 .UNSPECIFIED., .F., .F., .F.,
 ( 4, 1, 1, 1, 1, 1, 1, 1, 4 ),
 ( 2, 2 ),
 ( 0.000000000000000000, 0.06811578923826758225, 0.1314434496007181596, 0.2003071993396774442, 0.2875480383758302616, 0.4023846996366317041, 0.5558212035869315448, 0.7537652060441863977, 0.9999999999999998890 ),
 ( 0.000000000000000000, 1.000000000000000000 ),
 .UNSPECIFIED. ) ;
#1748 = CARTESIAN_POINT ( 'NONE',  ( 1.247955441942401711, 0.000000000000000000, 1.341880678663065929 ) ) ;
#1749 = VERTEX_POINT ( 'NONE', #1165 ) ;
#1750 = CARTESIAN_POINT ( 'NONE',  ( 0.4946330355156627334, 0.4000000000000000222, 2.345365431063553885 ) ) ;
#1751 = ORIENTED_EDGE ( 'NONE', *, *, #1054, .T. ) ;
#1752 = CARTESIAN_POINT ( 'NONE',  ( 0.06693563959019110943, 0.4000000000000000222, 0.7296425306507628994 ) ) ;
#1753 = CARTESIAN_POINT ( 'NONE',  ( -1.322861759940584525, 0.000000000000000000, -1.893995068569755080 ) ) ;
#1754 = DIRECTION ( 'NONE',  ( 0.000000000000000000, 0.000000000000000000, -1.000000000000000000 ) ) ;
#1755 = CARTESIAN_POINT ( 'NONE',  ( -1.490800343005540984, 0.000000000000000000, -1.211740708135090605 ) ) ;
#1756 = CARTESIAN_POINT ( 'NONE',  ( 5.327213576290986242E-16, 23.00000000000000000, 4.349999999999999645 ) ) ;
#1757 = CIRCLE ( 'NONE', #1539, 5.049999999999999822 ) ;
#1758 = CARTESIAN_POINT ( 'NONE',  ( -0.9609656888675064401, -1.084202172485504434E-16, 0.5599085988562086946 ) ) ;
#1759 = CARTESIAN_POINT ( 'NONE',  ( -0.1050647638246545723, 0.000000000000000000, -1.336164934942370541 ) ) ;
#1760 = CARTESIAN_POINT ( 'NONE',  ( -1.033871568434238997, 0.4000000000000000222, 0.5475092685017913796 ) ) ;
#1761 = EDGE_CURVE ( 'NONE', #2748, #1853, #1430, .T. ) ;
#1762 = CARTESIAN_POINT ( 'NONE',  ( -1.490800343005540984, 0.000000000000000000, -1.211740708135090605 ) ) ;
#1763 = CARTESIAN_POINT ( 'NONE',  ( -1.033871568434238997, 0.000000000000000000, 0.5475092685017913796 ) ) ;
#1764 = DIRECTION ( 'NONE',  ( 0.000000000000000000, 0.000000000000000000, 1.000000000000000000 ) ) ;
#1765 = ORIENTED_EDGE ( 'NONE', *, *, #200, .F. ) ;
#1766 = B_SPLINE_SURFACE_WITH_KNOTS ( 'NONE', 3, 1, ( 
 ( #875, #1931 ),
 ( #355, #2464 ),
 ( #1212, #705 ),
 ( #1247, #3365 ),
 ( #1460, #2808 ),
 ( #2774, #2790 ),
 ( #3329, #991 ),
 ( #2014, #458 ),
 ( #405, #973 ),
 ( #1979, #477 ),
 ( #1479, #2514 ) ),
 .UNSPECIFIED., .F., .F., .F.,
 ( 4, 1, 1, 1, 1, 1, 1, 1, 4 ),
 ( 2, 2 ),
 ( 0.000000000000000000, 0.2177187657018385125, 0.3937219851639574553, 0.5345610084915080051, 0.6423441582960527363, 0.7314326306436624847, 0.8126176821816385454, 0.8996447939029283969, 1.000000000000000000 ),
 ( 0.000000000000000000, 1.000000000000000000 ),
 .UNSPECIFIED. ) ;
#1767 = CARTESIAN_POINT ( 'NONE',  ( 0.3673594929774725570, 0.4000000000000000222, 2.376828148973892496 ) ) ;
#1768 = AXIS2_PLACEMENT_3D ( 'NONE', #761, #1002, #3115 ) ;
#1769 = ORIENTED_EDGE ( 'NONE', *, *, #2759, .T. ) ;
#1770 = CARTESIAN_POINT ( 'NONE',  ( -0.01464650577925186853, 0.4000000000000000222, 2.414721504797930240 ) ) ;
#1771 = CARTESIAN_POINT ( 'NONE',  ( -1.122471793268721374, 0.4000000000000000222, 1.453611026091337077 ) ) ;
#1772 = CARTESIAN_POINT ( 'NONE',  ( -1.178524976958727599, 0.000000000000000000, 1.421307961209435478 ) ) ;
#1773 = CARTESIAN_POINT ( 'NONE',  ( -0.2715090270974371833, 0.000000000000000000, -1.358104009735520146 ) ) ;
#1774 = CARTESIAN_POINT ( 'NONE',  ( -0.9659457765179590982, -0.000000000000000000, -0.07934747190099356029 ) ) ;
#1775 = CARTESIAN_POINT ( 'NONE',  ( 0.5409413810442019743, 0.4000000000000000222, 0.3347535470277476222 ) ) ;
#1776 = CARTESIAN_POINT ( 'NONE',  ( 0.2633878426212414303, 0.000000000000000000, -1.151120844791775122 ) ) ;
#1777 = CARTESIAN_POINT ( 'NONE',  ( -0.9265818049930745204, 0.000000000000000000, 1.556330466451800065 ) ) ;
#1778 = CARTESIAN_POINT ( 'NONE',  ( -0.2824573414518485870, 0.4000000000000000222, 0.5837643875079914224 ) ) ;
#1779 = CARTESIAN_POINT ( 'NONE',  ( -0.5209613643118643500, 0.000000000000000000, -0.08058758810413092777 ) ) ;
#1780 = CARTESIAN_POINT ( 'NONE',  ( 1.245523386198983173, 0.4000000000000000222, 1.463046904643027668 ) ) ;
#1781 = ORIENTED_EDGE ( 'NONE', *, *, #408, .T. ) ;
#1782 = EDGE_CURVE ( 'NONE', #2321, #1389, #1465, .T. ) ;
#1783 = DIRECTION ( 'NONE',  ( -0.000000000000000000, -1.000000000000000000, -0.000000000000000000 ) ) ;
#1784 = CARTESIAN_POINT ( 'NONE',  ( -1.469277026343227099, 0.4000000000000000222, -1.740504741256993615 ) ) ;
#1785 = EDGE_LOOP ( 'NONE', ( #262, #3145, #2859, #3046 ) ) ;
#1786 = ADVANCED_FACE ( 'NONE', ( #1266 ), #1128, .F. ) ;
#1787 = PLANE ( 'NONE',  #817 ) ;
#1788 = CARTESIAN_POINT ( 'NONE',  ( 1.439238964302066215, -0.000000000000000000, -0.6780084390527361116 ) ) ;
#1789 = CARTESIAN_POINT ( 'NONE',  ( -1.040130541250419594, 0.4000000000000000222, 1.499383109729632624 ) ) ;
#1790 = CARTESIAN_POINT ( 'NONE',  ( 0.2879897173713235614, 0.4000000000000000222, 1.186886212716694367 ) ) ;
#1791 = CARTESIAN_POINT ( 'NONE',  ( -0.3609871110105823400, 0.4000000000000000222, -1.360022850285947715 ) ) ;
#1792 = ORIENTED_EDGE ( 'NONE', *, *, #3243, .T. ) ;
#1793 = CARTESIAN_POINT ( 'NONE',  ( -0.3189886105605978517, 0.000000000000000000, 1.711867468341502718 ) ) ;
#1794 = CARTESIAN_POINT ( 'NONE',  ( 0.6124208930908972004, 0.000000000000000000, 2.304043398272572318 ) ) ;
#1795 = PLANE ( 'NONE',  #716 ) ;
#1796 = CARTESIAN_POINT ( 'NONE',  ( -0.1999375522468471444, 0.4000000000000000222, 0.6021353911755953359 ) ) ;
#1797 = DIRECTION ( 'NONE',  ( 0.000000000000000000, 0.000000000000000000, 1.000000000000000000 ) ) ;
#1798 = CARTESIAN_POINT ( 'NONE',  ( 0.2648509810561558986, 0.4000000000000000222, -2.016189535898116336 ) ) ;
#1799 = ORIENTED_EDGE ( 'NONE', *, *, #2413, .F. ) ;
#1800 = B_SPLINE_CURVE_WITH_KNOTS ( 'NONE', 3,
 ( #1362, #2162, #1005, #1242, #3361, #1079, #2581, #845, #987, #1278, #2045, #509, #31, #1641, #764, #2417, #2860, #1819, #1882, #573, #2680 ),
 .UNSPECIFIED., .F., .F.,
 ( 4, 1, 1, 1, 1, 1, 1, 1, 1, 1, 1, 1, 1, 1, 1, 1, 1, 1, 4 ),
 ( 0.000000000000000000, 0.1325257415427738839, 0.2575290077627794827, 0.3717432874816157806, 0.4726868854724723401, 0.5593540911557588480, 0.6308444315745350695, 0.6602968409534745176, 0.6847557356507029125, 0.7040587397599338271, 0.7192508928703537086, 0.7433753431868794781, 0.7668244696531077986, 0.7920049765009365972, 0.8198857854262050493, 0.8532587654585465087, 0.8935909992881692077, 0.9422666199209731586, 1.000000000000000000 ),
 .UNSPECIFIED. ) ;
#1801 = CARTESIAN_POINT ( 'NONE',  ( 1.057428056376395364, 0.4000000000000000222, 1.980373981026668950 ) ) ;
#1802 = CARTESIAN_POINT ( 'NONE',  ( -0.1240576171128980332, 0.000000000000000000, 0.6277095885751188264 ) ) ;
#1803 = ORIENTED_EDGE ( 'NONE', *, *, #71, .T. ) ;
#1804 = CARTESIAN_POINT ( 'NONE',  ( -0.9148991748306380956, 0.000000000000000000, -1.279515456971897169 ) ) ;
#1805 = CONICAL_SURFACE ( 'NONE', #804, 5.049999999999999822, 0.7853981633974504994 ) ;
#1806 = ADVANCED_FACE ( 'NONE', ( #2050 ), #3233, .F. ) ;
#1807 = CARTESIAN_POINT ( 'NONE',  ( -1.375950871885212035, 0.000000000000000000, 1.709867539748646248 ) ) ;
#1808 = CARTESIAN_POINT ( 'NONE',  ( -1.056351570797827044, 0.4000000000000000222, -1.236040582289562151 ) ) ;
#1809 = CARTESIAN_POINT ( 'NONE',  ( 1.197192900353171163, 0.4000000000000000222, 0.9772144357959040573 ) ) ;
#1810 = CARTESIAN_POINT ( 'NONE',  ( 0.2304556422581999775, 0.4000000000000000222, -0.3052195560615471037 ) ) ;
#1811 = CARTESIAN_POINT ( 'NONE',  ( -1.192257132665049069, 0.000000000000000000, 2.130167721417032922 ) ) ;
#1812 = CARTESIAN_POINT ( 'NONE',  ( -1.443909815950557451, 0.000000000000000000, -1.119534366980502682 ) ) ;
#1813 = CARTESIAN_POINT ( 'NONE',  ( 0.2304556422581999775, 0.4000000000000000222, -0.3052195560615471037 ) ) ;
#1814 = CARTESIAN_POINT ( 'NONE',  ( 5.327213576290986242E-16, 20.50000000000001066, -4.349999999999999645 ) ) ;
#1815 = ORIENTED_EDGE ( 'NONE', *, *, #386, .F. ) ;
#1816 = CARTESIAN_POINT ( 'NONE',  ( -0.5619799345926519418, 0.4000000000000000222, 0.5599085988562085836 ) ) ;
#1817 = CARTESIAN_POINT ( 'NONE',  ( -1.490800343005540984, 0.000000000000000000, -1.211740708135090605 ) ) ;
#1818 = ORIENTED_EDGE ( 'NONE', *, *, #687, .F. ) ;
#1819 = CARTESIAN_POINT ( 'NONE',  ( -1.499974294396947627, 0.000000000000000000, -1.573513411623822078 ) ) ;
#1820 = CARTESIAN_POINT ( 'NONE',  ( 1.235972572812870984, 0.000000000000000000, -0.1080816756039347376 ) ) ;
#1821 = CARTESIAN_POINT ( 'NONE',  ( -1.375603406792332395, 0.000000000000000000, 1.735525417680131799 ) ) ;
#1822 = CARTESIAN_POINT ( 'NONE',  ( 1.164966583656097843, 0.000000000000000000, -1.523686718360877101 ) ) ;
#1823 = ADVANCED_FACE ( 'NONE', ( #937 ), #2711, .F. ) ;
#1824 = B_SPLINE_CURVE_WITH_KNOTS ( 'NONE', 3,
 ( #1640, #1692, #2732, #844, #66, #2451, #3250, #3230, #2178, #1900, #1414, #1132, #643, #2954, #2696, #84, #2434, #325, #103, #1113, #609 ),
 .UNSPECIFIED., .F., .F.,
 ( 4, 1, 1, 1, 1, 1, 1, 1, 1, 1, 1, 1, 1, 1, 1, 1, 1, 1, 4 ),
 ( 0.000000000000000000, 0.04618021369592312242, 0.08338048637253402118, 0.1141757308677434496, 0.1398156521358968063, 0.1612457443688149750, 0.1805573315818425617, 0.2011923301351904725, 0.2266492575870860948, 0.2432359315937908384, 0.2656903907184886560, 0.2929681590677117864, 0.3265990921177970296, 0.4067921246565798787, 0.5006703359449099500, 0.6082094252650039889, 0.7280894338561564316, 0.8595438823833522202, 1.000000000000000000 ),
 .UNSPECIFIED. ) ;
#1825 = CARTESIAN_POINT ( 'NONE',  ( 1.045030366370488961, 0.4000000000000000222, 0.6742936175874481020 ) ) ;
#1826 = CARTESIAN_POINT ( 'NONE',  ( -0.5209613643118643500, 0.4000000000000000222, -0.08058758810413092777 ) ) ;
#1827 = DIRECTION ( 'NONE',  ( -0.000000000000000000, -1.000000000000000000, -0.000000000000000000 ) ) ;
#1828 = EDGE_CURVE ( 'NONE', #3224, #3343, #527, .T. ) ;
#1829 = CARTESIAN_POINT ( 'NONE',  ( 0.2755590180672432554, 0.4000000000000000222, 1.051974094495151224 ) ) ;
#1830 = CARTESIAN_POINT ( 'NONE',  ( -0.2282998002658689352, 0.000000000000000000, -0.1052463187147764379 ) ) ;
#1831 = DIRECTION ( 'NONE',  ( 8.659560562354830553E-17, 0.7071067811865561215, -0.7071067811865390240 ) ) ;
#1832 = EDGE_LOOP ( 'NONE', ( #555, #1450, #632, #2057 ) ) ;
#1833 = CARTESIAN_POINT ( 'NONE',  ( 1.116471534784914121, 0.4000000000000000222, 1.891199315431270067 ) ) ;
#1834 = CARTESIAN_POINT ( 'NONE',  ( -1.060592912779382058, 0.000000000000000000, -0.05128525069898701161 ) ) ;
#1835 = VERTEX_POINT ( 'NONE', #795 ) ;
#1836 = SURFACE_STYLE_FILL_AREA ( #2601 ) ;
#1837 = CARTESIAN_POINT ( 'NONE',  ( 0.2529597617289572886, 0.000000000000000000, 1.392012577060246947 ) ) ;
#1838 = CARTESIAN_POINT ( 'NONE',  ( -1.420010982066173710, 0.4000000000000000222, -1.106079345021840243 ) ) ;
#1839 = CARTESIAN_POINT ( 'NONE',  ( 0.3833737943276053772, 0.000000000000000000, -0.5335975124712912798 ) ) ;
#1840 = ADVANCED_FACE ( 'NONE', ( #1311 ), #18, .F. ) ;
#1841 = ORIENTED_EDGE ( 'NONE', *, *, #2459, .T. ) ;
#1842 = CARTESIAN_POINT ( 'NONE',  ( 1.372178749343858639, 0.4000000000000000222, -1.158572545125582831 ) ) ;
#1843 = CARTESIAN_POINT ( 'NONE',  ( -1.374976042687165556, 0.000000000000000000, 1.781851888910888304 ) ) ;
#1844 = CARTESIAN_POINT ( 'NONE',  ( 0.3833737943276053772, 0.000000000000000000, -0.5335975124712912798 ) ) ;
#1845 = EDGE_CURVE ( 'NONE', #2701, #2336, #2194, .T. ) ;
#1846 = DIRECTION ( 'NONE',  ( -0.000000000000000000, -1.000000000000000000, -0.000000000000000000 ) ) ;
#1847 = CARTESIAN_POINT ( 'NONE',  ( 1.439948586856617530, 0.4000000000000000222, -0.7100460576076135233 ) ) ;
#1848 = ORIENTED_EDGE ( 'NONE', *, *, #46, .T. ) ;
#1849 = B_SPLINE_CURVE_WITH_KNOTS ( 'NONE', 3,
 ( #56, #1103, #2168, #1942, #1119, #3219, #851, #2961, #596, #2703, #1384 ),
 .UNSPECIFIED., .F., .F.,
 ( 4, 1, 1, 1, 1, 1, 1, 1, 4 ),
 ( 0.000000000000000000, 0.1163069737937504206, 0.2312179710123322685, 0.3427674030721790666, 0.4532691418904810088, 0.5689407975750531143, 0.6963573075600631990, 0.8384912334457836902, 1.000000000000000000 ),
 .UNSPECIFIED. ) ;
#1850 = AXIS2_PLACEMENT_3D ( 'NONE', #2988, #1092, #305 ) ;
#1851 = CARTESIAN_POINT ( 'NONE',  ( -1.267954727870965748, 0.4000000000000000222, 1.391878893484476576 ) ) ;
#1852 = CARTESIAN_POINT ( 'NONE',  ( -1.503712641525055460, 0.4000000000000000222, -1.493056814970816992 ) ) ;
#1853 = VERTEX_POINT ( 'NONE', #2360 ) ;
#1854 = CARTESIAN_POINT ( 'NONE',  ( -0.6490899519138492169, 0.4000000000000000222, 1.664916852156784977 ) ) ;
#1855 = FACE_OUTER_BOUND ( 'NONE', #1632, .T. ) ;
#1856 = CARTESIAN_POINT ( 'NONE',  ( -0.1781647529843719269, 0.4000000000000000222, 1.707690539200168667 ) ) ;
#1857 = CARTESIAN_POINT ( 'NONE',  ( -0.5619799345926519418, 0.4000000000000000222, 0.5599085988562085836 ) ) ;
#1858 = CARTESIAN_POINT ( 'NONE',  ( -1.119738534930362794, 0.4000000000000000222, 0.2769300272225010406 ) ) ;
#1859 = CARTESIAN_POINT ( 'NONE',  ( 0.8448221134589587455, 0.4000000000000000222, -1.796206588951366534 ) ) ;
#1860 = CARTESIAN_POINT ( 'NONE',  ( -0.1441326652218373472, -0.000000000000000000, 2.414277728177937288 ) ) ;
#1861 = CARTESIAN_POINT ( 'NONE',  ( 0.3220978311581393361, 0.000000000000000000, -0.4108747314189912236 ) ) ;
#1862 = PLANE ( 'NONE',  #1850 ) ;
#1863 = CARTESIAN_POINT ( 'NONE',  ( 1.289074159045835666, 0.4000000000000000222, -0.1819606552294778246 ) ) ;
#1864 = MANIFOLD_SOLID_BREP ( 'Boss-Extrude4', #379 ) ;
#1865 = ORIENTED_EDGE ( 'NONE', *, *, #2270, .F. ) ;
#1866 = EDGE_CURVE ( 'NONE', #1971, #60, #1258, .T. ) ;
#1867 = DIRECTION ( 'NONE',  ( -0.000000000000000000, -1.000000000000000000, -0.000000000000000000 ) ) ;
#1868 = CARTESIAN_POINT ( 'NONE',  ( -1.056351570797827044, 0.000000000000000000, -1.236040582289562151 ) ) ;
#1869 = EDGE_LOOP ( 'NONE', ( #1558, #3357, #627, #600 ) ) ;
#1870 = CARTESIAN_POINT ( 'NONE',  ( 0.2879897173713235614, 0.4000000000000000222, 1.186886212716694367 ) ) ;
#1871 = CARTESIAN_POINT ( 'NONE',  ( -1.119960011999591387, 0.000000000000000000, 0.2479197383706082947 ) ) ;
#1872 = CARTESIAN_POINT ( 'NONE',  ( 0.000000000000000000, 20.00000000000000000, 0.000000000000000000 ) ) ;
#1873 = CARTESIAN_POINT ( 'NONE',  ( -1.375950871885212035, 0.4000000000000000222, 1.709867539748646248 ) ) ;
#1874 = CARTESIAN_POINT ( 'NONE',  ( -1.393950229220919823, 0.4000000000000000222, -1.104031990400327068 ) ) ;
#1875 = ORIENTED_EDGE ( 'NONE', *, *, #238, .T. ) ;
#1876 = CARTESIAN_POINT ( 'NONE',  ( 1.164966583656097843, 0.000000000000000000, -1.523686718360877101 ) ) ;
#1877 = CARTESIAN_POINT ( 'NONE',  ( -1.021930699909558538, 0.4000000000000000222, 2.222981793775145487 ) ) ;
#1878 = CARTESIAN_POINT ( 'NONE',  ( -0.1781647529843719269, 0.4000000000000000222, 1.707690539200168667 ) ) ;
#1879 = CARTESIAN_POINT ( 'NONE',  ( 0.5580181988921794067, 0.4000000000000000222, 0.2863514191845139001 ) ) ;
#1880 = CARTESIAN_POINT ( 'NONE',  ( -1.258441831604885541, 0.000000000000000000, -1.918476493279889894 ) ) ;
#1881 = ORIENTED_EDGE ( 'NONE', *, *, #2943, .F. ) ;
#1882 = CARTESIAN_POINT ( 'NONE',  ( -1.503712641525055460, 0.000000000000000000, -1.493056814970816992 ) ) ;
#1883 = CARTESIAN_POINT ( 'NONE',  ( 1.107697554256051875, 0.4000000000000000222, 0.02605468455225447982 ) ) ;
#1884 = CARTESIAN_POINT ( 'NONE',  ( -1.498003037442620977, 0.000000000000000000, -1.264124541255858603 ) ) ;
#1885 = ORIENTED_EDGE ( 'NONE', *, *, #2798, .T. ) ;
#1886 = CARTESIAN_POINT ( 'NONE',  ( 1.175402009235677170, 0.000000000000000000, -0.03842915857199984131 ) ) ;
#1887 = CARTESIAN_POINT ( 'NONE',  ( 1.235884358546943007, 0.4000000000000000222, 1.153465286586176530 ) ) ;
#1888 = EDGE_CURVE ( 'NONE', #2192, #1188, #2496, .T. ) ;
#1889 = CARTESIAN_POINT ( 'NONE',  ( -0.3189886105605977962, 0.000000000000000000, 1.711867468341502496 ) ) ;
#1890 = CARTESIAN_POINT ( 'NONE',  ( -0.1441326652218373472, 0.000000000000000000, 2.414277728177937288 ) ) ;
#1891 = B_SPLINE_CURVE_WITH_KNOTS ( 'NONE', 3,
 ( #3285, #151, #2264, #396, #3009, #1728, #1711, #362, #2249, #3041, #3318, #1745, #3026, #2001, #1678, #1452, #3058, #693, #136 ),
 .UNSPECIFIED., .F., .F.,
 ( 4, 1, 1, 1, 1, 1, 1, 1, 1, 1, 1, 1, 1, 1, 1, 1, 4 ),
 ( 0.000000000000000000, 0.06744901029693589622, 0.1331348267394190377, 0.1973284087036006051, 0.2598445306316710113, 0.3209242257037216439, 0.3809615564104816832, 0.4397580467470434962, 0.4983865467678866845, 0.5567410310877607404, 0.6153442910270634503, 0.6752294668786856802, 0.7363898485051636467, 0.7992795564968809829, 0.8637376340819901133, 0.9301551405212739043, 1.000000000000000000 ),
 .UNSPECIFIED. ) ;
#1892 = CARTESIAN_POINT ( 'NONE',  ( -0.07803367653717500907, 0.4000000000000000222, -2.060123546862718591 ) ) ;
#1893 = B_SPLINE_CURVE_WITH_KNOTS ( 'NONE', 3,
 ( #1557, #2371, #2112, #1259, #2890, #793, #2095, #2579, #2076, #2320, #3378, #2386, #15, #1063, #1784, #778, #3131, #3148, #1852, #469, #2906 ),
 .UNSPECIFIED., .F., .F.,
 ( 4, 1, 1, 1, 1, 1, 1, 1, 1, 1, 1, 1, 1, 1, 1, 1, 1, 1, 4 ),
 ( 0.000000000000000000, 0.1325257415427738839, 0.2575290077627794827, 0.3717432874816157806, 0.4726868854724723401, 0.5593540911557588480, 0.6308444315745350695, 0.6602968409534745176, 0.6847557356507029125, 0.7040587397599338271, 0.7192508928703537086, 0.7433753431868794781, 0.7668244696531077986, 0.7920049765009365972, 0.8198857854262050493, 0.8532587654585465087, 0.8935909992881692077, 0.9422666199209731586, 1.000000000000000000 ),
 .UNSPECIFIED. ) ;
#1894 = VERTEX_POINT ( 'NONE', #55 ) ;
#1895 = CARTESIAN_POINT ( 'NONE',  ( -0.5609799702962237067, 0.4000000000000000222, -0.08006855085784347903 ) ) ;
#1896 = CARTESIAN_POINT ( 'NONE',  ( -1.312739772064044130, 0.4000000000000000222, -1.127470280671942104 ) ) ;
#1897 = CARTESIAN_POINT ( 'NONE',  ( 0.05626303550375333362, 0.000000000000000000, 1.628660700081102641 ) ) ;
#1898 = LINE ( 'NONE', #806, #1234 ) ;
#1899 = CARTESIAN_POINT ( 'NONE',  ( -0.8599829845441595566, 0.000000000000000000, -2.016386902882134624 ) ) ;
#1900 = CARTESIAN_POINT ( 'NONE',  ( -1.288931753400617497, 0.000000000000000000, 2.060859975139671008 ) ) ;
#1901 = CARTESIAN_POINT ( 'NONE',  ( -0.05114845285611388515, 0.4000000000000000222, 1.675475913526623062 ) ) ;
#1902 = CARTESIAN_POINT ( 'NONE',  ( 0.2834472873772670987, 0.000000000000000000, 1.292128289564637544 ) ) ;
#1903 = CARTESIAN_POINT ( 'NONE',  ( -1.174574561847825827, 0.000000000000000000, -1.190364128820155409 ) ) ;
#1904 = VERTEX_POINT ( 'NONE', #2167 ) ;
#1905 = CARTESIAN_POINT ( 'NONE',  ( -1.387257912145851257, -0.000000000000000000, -1.104891797052575786 ) ) ;
#1906 = CARTESIAN_POINT ( 'NONE',  ( 1.168224431930102281, 0.000000000000000000, 0.8949338593462775604 ) ) ;
#1907 = LINE ( 'NONE', #2962, #3350 ) ;
#1908 = CARTESIAN_POINT ( 'NONE',  ( -1.367694155069333561, 0.4000000000000000222, 1.897063969759776425 ) ) ;
#1909 = CARTESIAN_POINT ( 'NONE',  ( -0.4888035185822428019, 0.4000000000000000222, 1.706285168720422796 ) ) ;
#1910 = EDGE_CURVE ( 'NONE', #1669, #1971, #1299, .T. ) ;
#1911 = ORIENTED_EDGE ( 'NONE', *, *, #3262, .F. ) ;
#1912 = CARTESIAN_POINT ( 'NONE',  ( -0.7060721907654576857, 0.4000000000000000222, 2.335392855854358629 ) ) ;
#1913 = CIRCLE ( 'NONE', #3019, 4.349999999999999645 ) ;
#1914 = CARTESIAN_POINT ( 'NONE',  ( 0.000000000000000000, 20.50000000000001066, 0.000000000000000000 ) ) ;
#1915 = DIRECTION ( 'NONE',  ( -0.000000000000000000, -1.000000000000000000, -0.000000000000000000 ) ) ;
#1916 = DIRECTION ( 'NONE',  ( -0.000000000000000000, -1.000000000000000000, -0.000000000000000000 ) ) ;
#1917 = CARTESIAN_POINT ( 'NONE',  ( -0.4645158382519345985, 0.000000000000000000, 0.5618368311571295681 ) ) ;
#1918 = EDGE_LOOP ( 'NONE', ( #1418, #1818, #3165 ) ) ;
#1919 = CARTESIAN_POINT ( 'NONE',  ( -0.2824573414518485870, 0.000000000000000000, 0.5837643875079914224 ) ) ;
#1920 = DIRECTION ( 'NONE',  ( 0.000000000000000000, 0.000000000000000000, 1.000000000000000000 ) ) ;
#1921 = CARTESIAN_POINT ( 'NONE',  ( -0.7834274058628610815, 0.4000000000000000222, -1.316265407590222258 ) ) ;
#1922 = ORIENTED_EDGE ( 'NONE', *, *, #3348, .F. ) ;
#1923 = CARTESIAN_POINT ( 'NONE',  ( -0.5609799702962237067, 0.4000000000000000222, -0.08006855085784347903 ) ) ;
#1924 = CARTESIAN_POINT ( 'NONE',  ( -0.9519660101996524348, 0.4000000000000000222, -0.08006855085784347903 ) ) ;
#1925 = CARTESIAN_POINT ( 'NONE',  ( 0.09717656723973745747, 0.000000000000000000, -2.044509234274439979 ) ) ;
#1926 = CARTESIAN_POINT ( 'NONE',  ( -0.8765404841809063541, 0.000000000000000000, 2.281407563360666302 ) ) ;
#1927 = CARTESIAN_POINT ( 'NONE',  ( -1.040130541250419594, 0.4000000000000000222, 1.499383109729632624 ) ) ;
#1928 = ORIENTED_EDGE ( 'NONE', *, *, #2166, .F. ) ;
#1929 = ADVANCED_FACE ( 'NONE', ( #2926 ), #90, .F. ) ;
#1930 = CARTESIAN_POINT ( 'NONE',  ( -0.1441326652218373472, 0.4000000000000000222, 2.414277728177937288 ) ) ;
#1931 = CARTESIAN_POINT ( 'NONE',  ( -1.119960011999591165, -1.084202172485504434E-16, 0.2479197383706082392 ) ) ;
#1932 = AXIS2_PLACEMENT_3D ( 'NONE', #2075, #210, #260 ) ;
#1933 = CARTESIAN_POINT ( 'NONE',  ( -1.457027593171545732, 0.4000000000000000222, -1.780919694078401783 ) ) ;
#1934 = CARTESIAN_POINT ( 'NONE',  ( -1.374662460464895375, 0.000000000000000000, 1.624848508871813424 ) ) ;
#1935 = CARTESIAN_POINT ( 'NONE',  ( -0.5289691230664353983, -0.000000000000000000, 0.5605616856384626479 ) ) ;
#1936 = CARTESIAN_POINT ( 'NONE',  ( -0.3609871110105823400, 0.4000000000000000222, -1.360022850285947715 ) ) ;
#1937 = DIRECTION ( 'NONE',  ( 1.000000000000000000, -0.000000000000000000, 0.000000000000000000 ) ) ;
#1938 = CARTESIAN_POINT ( 'NONE',  ( -0.2700920907308518304, -0.000000000000000000, 1.710417165089611169 ) ) ;
#1939 = CARTESIAN_POINT ( 'NONE',  ( -1.312739772064044130, 0.000000000000000000, -1.127470280671942104 ) ) ;
#1940 = ORIENTED_EDGE ( 'NONE', *, *, #368, .T. ) ;
#1941 = CARTESIAN_POINT ( 'NONE',  ( 1.402127169467813017, 0.000000000000000000, -0.4305903216940969447 ) ) ;
#1942 = CARTESIAN_POINT ( 'NONE',  ( 0.2529597617289572886, 0.000000000000000000, 1.392012577060246947 ) ) ;
#1943 = CARTESIAN_POINT ( 'NONE',  ( 1.438395395124074660, 0.000000000000000000, -0.7631238632961195867 ) ) ;
#1944 = CARTESIAN_POINT ( 'NONE',  ( 0.000000000000000000, 23.00000000000000000, 0.000000000000000000 ) ) ;
#1945 = CARTESIAN_POINT ( 'NONE',  ( -0.4438156693288881072, 0.000000000000000000, -0.08158815991571639892 ) ) ;
#1946 = CARTESIAN_POINT ( 'NONE',  ( -1.349045568480089941, 0.4000000000000000222, 1.975009731332110441 ) ) ;
#1947 = DIRECTION ( 'NONE',  ( -0.000000000000000000, -1.000000000000000000, -0.000000000000000000 ) ) ;
#1948 = CARTESIAN_POINT ( 'NONE',  ( -1.503712641525055460, 0.4000000000000000222, -1.493056814970816992 ) ) ;
#1949 = CARTESIAN_POINT ( 'NONE',  ( 1.424800915314415883, 0.4000000000000000222, -0.5207615537225155355 ) ) ;
#1950 = CARTESIAN_POINT ( 'NONE',  ( -1.499974294396947627, 0.000000000000000000, -1.573513411623822078 ) ) ;
#1951 = CARTESIAN_POINT ( 'NONE',  ( -0.1050647638246545723, 0.4000000000000000222, -1.336164934942370541 ) ) ;
#1952 = CARTESIAN_POINT ( 'NONE',  ( -0.06599764356426149337, 0.4000000000000000222, 2.415842333026959832 ) ) ;
#1953 = EDGE_CURVE ( 'NONE', #2126, #2130, #3000, .T. ) ;
#1954 = CARTESIAN_POINT ( 'NONE',  ( 0.4459840762069803843, 0.000000000000000000, 0.3109174890455852491 ) ) ;
#1955 = CARTESIAN_POINT ( 'NONE',  ( 0.2798303030384997614, 0.000000000000000000, -0.3559793186574355950 ) ) ;
#1956 = VERTEX_POINT ( 'NONE', #885 ) ;
#1957 = CARTESIAN_POINT ( 'NONE',  ( 0.4459840762069803843, 0.4000000000000000222, 0.3109174890455852491 ) ) ;
#1958 = CARTESIAN_POINT ( 'NONE',  ( 1.045030366370488961, 0.4000000000000000222, 0.6742936175874481020 ) ) ;
#1959 = CARTESIAN_POINT ( 'NONE',  ( 0.3673594929774725570, 0.4000000000000000222, 2.376828148973892496 ) ) ;
#1960 = CARTESIAN_POINT ( 'NONE',  ( -0.9265818049930745204, 0.4000000000000000222, 1.556330466451800065 ) ) ;
#1961 = CARTESIAN_POINT ( 'NONE',  ( 1.116471534784914121, 0.4000000000000000222, 1.891199315431270067 ) ) ;
#1962 = CARTESIAN_POINT ( 'NONE',  ( 5.327213576290986242E-16, 23.00000000000000000, 4.349999999999999645 ) ) ;
#1963 = CARTESIAN_POINT ( 'NONE',  ( -1.375491362215881086, -5.421010862427522170E-17, 1.679545651763945768 ) ) ;
#1964 = CARTESIAN_POINT ( 'NONE',  ( 1.439238964302066215, 0.4000000000000000222, -0.6780084390527361116 ) ) ;
#1965 = CARTESIAN_POINT ( 'NONE',  ( -0.9659457765179590982, 0.4000000000000000222, -0.07934747190099356029 ) ) ;
#1966 = VERTEX_POINT ( 'NONE', #560 ) ;
#1967 = CARTESIAN_POINT ( 'NONE',  ( -0.3705645338184333504, 0.000000000000000000, 0.5694945873602379471 ) ) ;
#1968 = AXIS2_PLACEMENT_3D ( 'NONE', #3383, #3121, #753 ) ;
#1969 = CARTESIAN_POINT ( 'NONE',  ( -1.502852247723148738, 0.000000000000000000, -1.329274706387485461 ) ) ;
#1970 = CARTESIAN_POINT ( 'NONE',  ( -0.5609799702962237067, 0.000000000000000000, -0.08006855085784347903 ) ) ;
#1971 = VERTEX_POINT ( 'NONE', #109 ) ;
#1972 = ADVANCED_FACE ( 'NONE', ( #813 ), #2853, .T. ) ;
#1973 = CARTESIAN_POINT ( 'NONE',  ( 0.9311402509642339176, 0.000000000000000000, 0.5517797427800487098 ) ) ;
#1974 = DIRECTION ( 'NONE',  ( -0.000000000000000000, -1.000000000000000000, -0.000000000000000000 ) ) ;
#1975 = CARTESIAN_POINT ( 'NONE',  ( 0.2572358404020863021, 0.000000000000000000, 0.9886179828112393597 ) ) ;
#1976 = CARTESIAN_POINT ( 'NONE',  ( -1.469277026343227099, 0.4000000000000000222, -1.740504741256993615 ) ) ;
#1977 = VECTOR ( 'NONE', #1937, 1000.000000000000000 ) ;
#1978 = CARTESIAN_POINT ( 'NONE',  ( 0.2648509810561558986, 0.000000000000000000, -2.016189535898116336 ) ) ;
#1979 = CARTESIAN_POINT ( 'NONE',  ( -0.9744047055723540351, 0.4000000000000000222, 0.5596343556738199165 ) ) ;
#1980 = CARTESIAN_POINT ( 'NONE',  ( -0.1325348429984342380, 0.000000000000000000, -0.1266448974004860950 ) ) ;
#1981 = CARTESIAN_POINT ( 'NONE',  ( -1.457027593171545732, 0.4000000000000000222, -1.780919694078401783 ) ) ;
#1982 = CARTESIAN_POINT ( 'NONE',  ( 0.3052277155753202464, 0.4000000000000000222, -1.105128643747047779 ) ) ;
#1983 = CARTESIAN_POINT ( 'NONE',  ( -1.483859206809609699, 0.000000000000000000, -1.695412616650086246 ) ) ;
#1984 = CARTESIAN_POINT ( 'NONE',  ( 1.437828497728758315, 0.000000000000000000, -0.6143295300746953735 ) ) ;
#1985 = CARTESIAN_POINT ( 'NONE',  ( -0.2715090270974371833, 0.4000000000000000222, -1.358104009735520146 ) ) ;
#1986 = ORIENTED_EDGE ( 'NONE', *, *, #1866, .F. ) ;
#1987 = CARTESIAN_POINT ( 'NONE',  ( 0.2310703145155794114, 0.4000000000000000222, 2.400277275964825652 ) ) ;
#1988 = EDGE_CURVE ( 'NONE', #2644, #2119, #2093, .T. ) ;
#1989 = CARTESIAN_POINT ( 'NONE',  ( 0.4459840762069803843, 0.4000000000000000222, 0.3009178460813030642 ) ) ;
#1990 = ORIENTED_EDGE ( 'NONE', *, *, #582, .F. ) ;
#1991 = CARTESIAN_POINT ( 'NONE',  ( 1.057428056376395364, 0.4000000000000000222, 1.980373981026668950 ) ) ;
#1992 = CARTESIAN_POINT ( 'NONE',  ( -1.469277026343227099, 0.000000000000000000, -1.740504741256993615 ) ) ;
#1993 = EDGE_CURVE ( 'NONE', #2172, #353, #1156, .T. ) ;
#1994 = CARTESIAN_POINT ( 'NONE',  ( 1.412268352485053668, 0.000000000000000000, -1.017339305123823312 ) ) ;
#1995 = CARTESIAN_POINT ( 'NONE',  ( -1.498003037442620977, 0.000000000000000000, -1.264124541255858603 ) ) ;
#1996 = CARTESIAN_POINT ( 'NONE',  ( -1.370826705767144604, -5.421010862427522170E-17, 1.551120760700289258 ) ) ;
#1997 = CARTESIAN_POINT ( 'NONE',  ( 1.334350834711491851, 0.000000000000000000, -0.2608023786655740417 ) ) ;
#1998 = CARTESIAN_POINT ( 'NONE',  ( -1.499974294396947627, 0.4000000000000000222, -1.573513411623822078 ) ) ;
#1999 = CARTESIAN_POINT ( 'NONE',  ( -0.3306413586189863030, 0.000000000000000000, -1.359372091377444747 ) ) ;
#2000 = CARTESIAN_POINT ( 'NONE',  ( 1.247955441942401711, 0.4000000000000000222, 1.341880678663065929 ) ) ;
#2001 = CARTESIAN_POINT ( 'NONE',  ( 0.7928462050426109409, 0.4000000000000000222, 0.4485773519596977232 ) ) ;
#2002 = CARTESIAN_POINT ( 'NONE',  ( 1.372501360804138315, 0.4000000000000000222, -0.3437086213050012384 ) ) ;
#2003 = CARTESIAN_POINT ( 'NONE',  ( 0.000000000000000000, 0.000000000000000000, 0.000000000000000000 ) ) ;
#2004 = EDGE_LOOP ( 'NONE', ( #1260, #1928, #791, #3028 ) ) ;
#2005 = DIRECTION ( 'NONE',  ( 0.000000000000000000, 0.000000000000000000, -1.000000000000000000 ) ) ;
#2006 = CARTESIAN_POINT ( 'NONE',  ( -1.102307970140911753, 0.4000000000000000222, 0.02606200738766160235 ) ) ;
#2007 = ORIENTED_EDGE ( 'NONE', *, *, #3348, .T. ) ;
#2008 = CARTESIAN_POINT ( 'NONE',  ( 0.2870625992470807186, 0.4000000000000000222, 1.163859224248881663 ) ) ;
#2009 = B_SPLINE_CURVE_WITH_KNOTS ( 'NONE', 3,
 ( #1874, #1335, #2930, #1562, #1614, #2065, #249, #1808, #2863, #1038, #497, #1546, #2102, #2341, #1023 ),
 .UNSPECIFIED., .F., .F.,
 ( 4, 1, 1, 1, 1, 1, 1, 1, 1, 1, 1, 1, 4 ),
 ( 0.000000000000000000, 0.01884756099463848200, 0.04394113417407023020, 0.07699588015202502023, 0.1161822139690416866, 0.2138372565016160853, 0.3315328579219220528, 0.4703561594017290903, 0.6274612503306988831, 0.7128201092224394353, 0.8040276864940395507, 0.8993103697133720820, 1.000000000000000000 ),
 .UNSPECIFIED. ) ;
#2010 = CARTESIAN_POINT ( 'NONE',  ( -1.435322581760724470, 0.4000000000000000222, -1.814738957236181172 ) ) ;
#2011 = B_SPLINE_CURVE_WITH_KNOTS ( 'NONE', 3,
 ( #2374, #1774, #2, #2909, #1611, #3167, #2667, #2016, #3072, #1213, #459 ),
 .UNSPECIFIED., .F., .F.,
 ( 4, 1, 1, 1, 1, 1, 1, 1, 4 ),
 ( 0.000000000000000000, 0.09913581625842535217, 0.1859609924318360030, 0.2643303161733661089, 0.3547825710354106099, 0.4667084306599094123, 0.6038496949404864589, 0.7809922059112461845, 0.9999999999999998890 ),
 .UNSPECIFIED. ) ;
#2012 = CARTESIAN_POINT ( 'NONE',  ( -0.7834274058628610815, 0.000000000000000000, -1.316265407590222258 ) ) ;
#2013 = B_SPLINE_CURVE_WITH_KNOTS ( 'NONE', 3,
 ( #2822, #666, #1716, #1456, #1834, #278, #1276, #3393, #1524, #2060, #1590 ),
 .UNSPECIFIED., .F., .F.,
 ( 4, 1, 1, 1, 1, 1, 1, 1, 4 ),
 ( 0.000000000000000000, 0.09913581625842535217, 0.1859609924318360030, 0.2643303161733661089, 0.3547825710354106099, 0.4667084306599094123, 0.6038496949404864589, 0.7809922059112461845, 0.9999999999999998890 ),
 .UNSPECIFIED. ) ;
#2014 = CARTESIAN_POINT ( 'NONE',  ( -1.033871568434238997, 0.4000000000000000222, 0.5475092685017913796 ) ) ;
#2015 = EDGE_CURVE ( 'NONE', #2599, #3287, #1491, .T. ) ;
#2016 = CARTESIAN_POINT ( 'NONE',  ( -1.114233156060972618, 0.000000000000000000, 0.08533686398472728474 ) ) ;
#2017 = CARTESIAN_POINT ( 'NONE',  ( 1.289074159045835666, 0.4000000000000000222, -0.1819606552294778246 ) ) ;
#2018 = CARTESIAN_POINT ( 'NONE',  ( -1.493108416383633008, 0.000000000000000000, -1.640278170145210712 ) ) ;
#2019 = CARTESIAN_POINT ( 'NONE',  ( -0.1855326095670035425, 0.000000000000000000, -1.350456604315662501 ) ) ;
#2020 = CARTESIAN_POINT ( 'NONE',  ( -1.124926501769561105, 0.000000000000000000, 2.170482447494255229 ) ) ;
#2021 = CARTESIAN_POINT ( 'NONE',  ( 0.8653209759821208769, 0.000000000000000000, 0.4974310009453534742 ) ) ;
#2022 = CARTESIAN_POINT ( 'NONE',  ( 1.235972572812870984, 0.4000000000000000222, -0.1080816756039347376 ) ) ;
#2023 = CARTESIAN_POINT ( 'NONE',  ( 1.070303614450996088, 0.000000000000000000, -1.625217734022309957 ) ) ;
#2024 = VERTEX_POINT ( 'NONE', #2784 ) ;
#2025 = VECTOR ( 'NONE', #1085, 1000.000000000000000 ) ;
#2026 = CARTESIAN_POINT ( 'NONE',  ( 0.9921736418748809960, 0.000000000000000000, 0.6096108772329480452 ) ) ;
#2027 = FILL_AREA_STYLE ('',( #1474 ) ) ;
#2028 = ORIENTED_EDGE ( 'NONE', *, *, #539, .T. ) ;
#2029 = CARTESIAN_POINT ( 'NONE',  ( 0.2852400544197159493, 0.000000000000000000, 1.118592372459015438 ) ) ;
#2030 = CARTESIAN_POINT ( 'NONE',  ( -1.260217733129085138, 0.000000000000000000, 1.392559292313966690 ) ) ;
#2031 = FACE_OUTER_BOUND ( 'NONE', #2983, .T. ) ;
#2032 = CARTESIAN_POINT ( 'NONE',  ( 0.4459840762069803843, 0.000000000000000000, 0.3109174890455852491 ) ) ;
#2033 = CARTESIAN_POINT ( 'NONE',  ( 1.057428056376395364, 0.000000000000000000, 1.980373981026668950 ) ) ;
#2034 = AXIS2_PLACEMENT_3D ( 'NONE', #3311, #2807, #1754 ) ;
#2035 = EDGE_CURVE ( 'NONE', #1438, #2665, #3273, .T. ) ;
#2036 = CARTESIAN_POINT ( 'NONE',  ( 1.235884358546943007, 0.4000000000000000222, 1.153465286586176530 ) ) ;
#2037 = CARTESIAN_POINT ( 'NONE',  ( -0.1855326095670035425, 0.4000000000000000222, -1.350456604315662501 ) ) ;
#2038 = CARTESIAN_POINT ( 'NONE',  ( 5.327213576290986242E-16, 20.50000000000001066, 4.349999999999999645 ) ) ;
#2039 = CARTESIAN_POINT ( 'NONE',  ( 0.3833737943276053772, 0.000000000000000000, -0.5335975124712912798 ) ) ;
#2040 = CARTESIAN_POINT ( 'NONE',  ( 1.316930329703709601, 0.000000000000000000, -1.290456490963138192 ) ) ;
#2041 = ORIENTED_EDGE ( 'NONE', *, *, #2210, .F. ) ;
#2042 = B_SPLINE_SURFACE_WITH_KNOTS ( 'NONE', 3, 1, ( 
 ( #1372, #2744 ),
 ( #1688, #1633 ),
 ( #319, #1670 ),
 ( #2727, #2429 ),
 ( #61, #1108 ),
 ( #856, #2966 ),
 ( #602, #2709 ),
 ( #1191, #144 ),
 ( #1512, #3035 ),
 ( #2307, #2012 ),
 ( #1459, #938 ),
 ( #921, #2047 ),
 ( #3364, #183 ),
 ( #2565, #3104 ),
 ( #2529, #128 ) ),
 .UNSPECIFIED., .F., .F., .F.,
 ( 4, 1, 1, 1, 1, 1, 1, 1, 1, 1, 1, 1, 4 ),
 ( 2, 2 ),
 ( 0.000000000000000000, 0.01884756099463848200, 0.04394113417407023020, 0.07699588015202502023, 0.1161822139690416866, 0.2138372565016160853, 0.3315328579219220528, 0.4703561594017290903, 0.6274612503306988831, 0.7128201092224394353, 0.8040276864940395507, 0.8993103697133720820, 1.000000000000000000 ),
 ( 0.000000000000000000, 1.000000000000000000 ),
 .UNSPECIFIED. ) ;
#2043 = CARTESIAN_POINT ( 'NONE',  ( -0.9609656888675064401, 0.000000000000000000, 0.5599085988562086946 ) ) ;
#2044 = EDGE_LOOP ( 'NONE', ( #947, #775, #576, #2254 ) ) ;
#2045 = CARTESIAN_POINT ( 'NONE',  ( -1.387466809565713888, 0.000000000000000000, -1.860963292561365057 ) ) ;
#2046 = CARTESIAN_POINT ( 'NONE',  ( -0.4719481731294315474, 0.000000000000000000, -2.060522523252883431 ) ) ;
#2047 = CARTESIAN_POINT ( 'NONE',  ( -0.5696562972885708120, 0.000000000000000000, -1.351412313627675665 ) ) ;
#2048 = CARTESIAN_POINT ( 'NONE',  ( 0.3387691123487930334, 0.4000000000000000222, -1.053637510078761386 ) ) ;
#2049 = CARTESIAN_POINT ( 'NONE',  ( 1.245523386198983173, 0.000000000000000000, 1.463046904643027668 ) ) ;
#2050 = FACE_OUTER_BOUND ( 'NONE', #414, .T. ) ;
#2051 = CARTESIAN_POINT ( 'NONE',  ( -0.007353655231171890398, 0.4000000000000000222, -1.311908160093362419 ) ) ;
#2052 = CARTESIAN_POINT ( 'NONE',  ( -1.119738534930362794, 0.4000000000000000222, 0.2769300272225010406 ) ) ;
#2053 = ADVANCED_FACE ( 'NONE', ( #901 ), #3014, .T. ) ;
#2054 = CARTESIAN_POINT ( 'NONE',  ( -1.402776497343223294, 0.000000000000000000, -1.104725389433663274 ) ) ;
#2055 = CARTESIAN_POINT ( 'NONE',  ( -0.04448476880532339917, 0.000000000000000000, -0.1522366818863941651 ) ) ;
#2056 = DIRECTION ( 'NONE',  ( -0.000000000000000000, 1.000000000000000000, -0.000000000000000000 ) ) ;
#2057 = ORIENTED_EDGE ( 'NONE', *, *, #707, .T. ) ;
#2058 = ADVANCED_FACE ( 'NONE', ( #3082 ), #671, .F. ) ;
#2059 = CARTESIAN_POINT ( 'NONE',  ( 0.9885921632248367841, 0.4000000000000000222, 2.061674135356157844 ) ) ;
#2060 = CARTESIAN_POINT ( 'NONE',  ( -1.119573305455784595, -0.000000000000000000, 0.2169244247736029363 ) ) ;
#2061 = ORIENTED_EDGE ( 'NONE', *, *, #2671, .T. ) ;
#2062 = DIRECTION ( 'NONE',  ( 1.000000000000000000, 0.000000000000000000, 0.000000000000000000 ) ) ;
#2063 = CARTESIAN_POINT ( 'NONE',  ( -1.122471793268721374, 0.4000000000000000222, 1.453611026091337077 ) ) ;
#2064 = CARTESIAN_POINT ( 'NONE',  ( -1.490800343005540984, 0.4000000000000000222, -1.211740708135090605 ) ) ;
#2065 = CARTESIAN_POINT ( 'NONE',  ( -1.258326945222619564, 0.4000000000000000222, -1.154567482233160636 ) ) ;
#2066 = CARTESIAN_POINT ( 'NONE',  ( -0.7955155243421712097, 0.000000000000000000, 1.613070008554264412 ) ) ;
#2067 = APPLICATION_CONTEXT ( 'automotive_design' ) ;
#2068 = CARTESIAN_POINT ( 'NONE',  ( 0.2798303030384997614, 0.4000000000000000222, -0.3559793186574355950 ) ) ;
#2069 = CARTESIAN_POINT ( 'NONE',  ( -1.267954727870965748, 0.000000000000000000, 1.391878893484476576 ) ) ;
#2070 = CARTESIAN_POINT ( 'NONE',  ( -1.479506898153972516, 0.000000000000000000, -1.171030992831709527 ) ) ;
#2071 = VECTOR ( 'NONE', #1915, 1000.000000000000000 ) ;
#2072 = CARTESIAN_POINT ( 'NONE',  ( 0.3220978311581393361, 0.4000000000000000222, -0.4108747314189912236 ) ) ;
#2073 = CARTESIAN_POINT ( 'NONE',  ( 0.5580181988921794067, 0.4000000000000000222, 0.2863514191845139001 ) ) ;
#2074 = ORIENTED_EDGE ( 'NONE', *, *, #263, .T. ) ;
#2075 = CARTESIAN_POINT ( 'NONE',  ( 0.000000000000000000, 20.50000000000001066, 0.000000000000000000 ) ) ;
#2076 = CARTESIAN_POINT ( 'NONE',  ( -1.322861759940584525, 0.4000000000000000222, -1.893995068569755080 ) ) ;
#2077 = EDGE_CURVE ( 'NONE', #3338, #2841, #2302, .T. ) ;
#2078 = VERTEX_POINT ( 'NONE', #1046 ) ;
#2079 = CARTESIAN_POINT ( 'NONE',  ( -1.174574561847825827, 0.000000000000000000, -1.190364128820155409 ) ) ;
#2080 = B_SPLINE_SURFACE_WITH_KNOTS ( 'NONE', 3, 1, ( 
 ( #2088, #2367 ),
 ( #464, #2331 ),
 ( #2298, #1014 ),
 ( #484, #3126 ),
 ( #1553, #2039 ),
 ( #3355, #2642 ),
 ( #2072, #1585 ),
 ( #1043, #256 ),
 ( #1813, #1536 ),
 ( #3406, #240 ),
 ( #758, #1569 ),
 ( #980, #2901 ),
 ( #3096, #2055 ),
 ( #273, #1028 ),
 ( #2108, #1830 ),
 ( #1271, #2349 ),
 ( #521, #728 ),
 ( #2624, #1779 ),
 ( #3160, #2835 ) ),
 .UNSPECIFIED., .F., .F., .F.,
 ( 4, 1, 1, 1, 1, 1, 1, 1, 1, 1, 1, 1, 1, 1, 1, 1, 4 ),
 ( 2, 2 ),
 ( 0.000000000000000000, 0.05568104497087090349, 0.1096633112279710442, 0.1612663231561356492, 0.2127653021675542100, 0.2639288510208084304, 0.3159242040629537396, 0.3685240490275151215, 0.4230887997606669892, 0.4801963192449207884, 0.5406788027646574069, 0.6051418040589169323, 0.6740860710511028531, 0.7471874152496615906, 0.8261363578683916797, 0.9098098657221785901, 1.000000000000000000 ),
 ( 0.000000000000000000, 1.000000000000000000 ),
 .UNSPECIFIED. ) ;
#2081 = CARTESIAN_POINT ( 'NONE',  ( 0.6650495236263295196, 0.000000000000000000, 0.2593227744884216146 ) ) ;
#2082 = CARTESIAN_POINT ( 'NONE',  ( -0.4888035185822428019, 0.4000000000000000222, 1.706285168720422796 ) ) ;
#2083 = CARTESIAN_POINT ( 'NONE',  ( 0.4159851473141342182, 0.000000000000000000, -0.7450448079826007541 ) ) ;
#2084 = CARTESIAN_POINT ( 'NONE',  ( 0.9921736418748809960, 0.4000000000000000222, 0.6096108772329480452 ) ) ;
#2085 = CARTESIAN_POINT ( 'NONE',  ( -0.04448476880532339917, 0.4000000000000000222, -0.1522366818863941651 ) ) ;
#2086 = FACE_OUTER_BOUND ( 'NONE', #155, .T. ) ;
#2087 = CARTESIAN_POINT ( 'NONE',  ( 0.4159851473141342182, 0.000000000000000000, -0.7450448079826007541 ) ) ;
#2088 = CARTESIAN_POINT ( 'NONE',  ( 0.4159851473141342182, 0.4000000000000000222, -0.7450448079826007541 ) ) ;
#2089 = CARTESIAN_POINT ( 'NONE',  ( -0.9519660101996524348, 0.000000000000000000, -0.08006855085784347903 ) ) ;
#2090 = ORIENTED_EDGE ( 'NONE', *, *, #1988, .F. ) ;
#2091 = UNCERTAINTY_MEASURE_WITH_UNIT (LENGTH_MEASURE( 1.000000000000000082E-05 ), #2892, 'distance_accuracy_value', 'NONE');
#2092 = VECTOR ( 'NONE', #1827, 1000.000000000000000 ) ;
#2093 = B_SPLINE_CURVE_WITH_KNOTS ( 'NONE', 3,
 ( #1506, #2507, #3340, #177, #2268, #3044, #383, #1439, #932, #2222, #2284 ),
 .UNSPECIFIED., .F., .F.,
 ( 4, 1, 1, 1, 1, 1, 1, 1, 4 ),
 ( 0.000000000000000000, 0.2177187657018385125, 0.3937219851639574553, 0.5345610084915080051, 0.6423441582960527363, 0.7314326306436624847, 0.8126176821816385454, 0.8996447939029283969, 1.000000000000000000 ),
 .UNSPECIFIED. ) ;
#2094 = CARTESIAN_POINT ( 'NONE',  ( 1.245523386198983173, 0.4000000000000000222, 1.463046904643027668 ) ) ;
#2095 = CARTESIAN_POINT ( 'NONE',  ( -1.160257551616574068, 0.4000000000000000222, -1.949285133478493304 ) ) ;
#2096 = EDGE_LOOP ( 'NONE', ( #2221, #3196, #1124, #279 ) ) ;
#2097 = ADVANCED_FACE ( 'NONE', ( #3358 ), #777, .F. ) ;
#2098 = CONICAL_SURFACE ( 'NONE', #1932, 4.349999999999999645, 0.7853981633974361776 ) ;
#2099 = CARTESIAN_POINT ( 'NONE',  ( 1.402127169467813017, 0.000000000000000000, -0.4305903216940969447 ) ) ;
#2100 = CARTESIAN_POINT ( 'NONE',  ( 1.057428056376395364, 0.4000000000000000222, 1.980373981026668950 ) ) ;
#2101 = CARTESIAN_POINT ( 'NONE',  ( -1.498003037442620977, 0.4000000000000000222, -1.264124541255858603 ) ) ;
#2102 = CARTESIAN_POINT ( 'NONE',  ( -0.4670683031733415813, 0.4000000000000000222, -1.357839990800208341 ) ) ;
#2103 = EDGE_CURVE ( 'NONE', #1434, #2715, #276, .T. ) ;
#2104 = ORIENTED_EDGE ( 'NONE', *, *, #2755, .F. ) ;
#2105 = CARTESIAN_POINT ( 'NONE',  ( 1.372178749343858639, 0.000000000000000000, -1.158572545125582831 ) ) ;
#2106 = DIRECTION ( 'NONE',  ( -0.000000000000000000, -1.000000000000000000, -0.000000000000000000 ) ) ;
#2107 = DIRECTION ( 'NONE',  ( -1.000000000000000000, 0.000000000000000000, 0.000000000000000000 ) ) ;
#2108 = CARTESIAN_POINT ( 'NONE',  ( -0.2282998002658689352, 0.4000000000000000222, -0.1052463187147764379 ) ) ;
#2109 = CARTESIAN_POINT ( 'NONE',  ( 0.4248092656003793488, 0.4000000000000000222, -1.977699130178057541 ) ) ;
#2110 = ORIENTED_EDGE ( 'NONE', *, *, #1588, .F. ) ;
#2111 = CARTESIAN_POINT ( 'NONE',  ( -0.3609871110105823400, 0.000000000000000000, -1.360022850285947715 ) ) ;
#2112 = CARTESIAN_POINT ( 'NONE',  ( -0.4719481731294315474, 0.4000000000000000222, -2.060522523252883431 ) ) ;
#2113 = ORIENTED_EDGE ( 'NONE', *, *, #2899, .F. ) ;
#2114 = SURFACE_STYLE_USAGE ( .BOTH. , #231 ) ;
#2115 = CARTESIAN_POINT ( 'NONE',  ( 0.4946330355156627334, 0.000000000000000000, 2.345365431063553885 ) ) ;
#2116 = CARTESIAN_POINT ( 'NONE',  ( 1.202458440759296643, 0.000000000000000000, 1.690419719360158890 ) ) ;
#2117 = CARTESIAN_POINT ( 'NONE',  ( -1.502852247723148738, 0.4000000000000000222, -1.329274706387485461 ) ) ;
#2118 = CARTESIAN_POINT ( 'NONE',  ( 0.7164563118296204403, 0.000000000000000000, -1.868431480811654888 ) ) ;
#2119 = VERTEX_POINT ( 'NONE', #2043 ) ;
#2120 = EDGE_CURVE ( 'NONE', #2736, #292, #3099, .T. ) ;
#2121 = CARTESIAN_POINT ( 'NONE',  ( 1.435371318658462236, 0.4000000000000000222, -0.8664667666002592306 ) ) ;
#2122 = CARTESIAN_POINT ( 'NONE',  ( -0.2953951259468285961, 0.000000000000000000, 2.411248792183492196 ) ) ;
#2123 = CARTESIAN_POINT ( 'NONE',  ( 0.3561882628201473722, 0.4000000000000000222, -0.4706272906506272502 ) ) ;
#2124 = LINE ( 'NONE', #1375, #23 ) ;
#2125 = DIRECTION ( 'NONE',  ( 0.000000000000000000, 0.000000000000000000, 1.000000000000000000 ) ) ;
#2126 = VERTEX_POINT ( 'NONE', #2838 ) ;
#2127 = CIRCLE ( 'NONE', #2845, 3.049999999999999822 ) ;
#2128 = CARTESIAN_POINT ( 'NONE',  ( -1.370826705767144604, 0.4000000000000000222, 1.551120760700289258 ) ) ;
#2129 = CARTESIAN_POINT ( 'NONE',  ( 0.2320906727471513109, 0.000000000000000000, 0.9287613780361027027 ) ) ;
#2130 = VERTEX_POINT ( 'NONE', #2111 ) ;
#2131 = CARTESIAN_POINT ( 'NONE',  ( 1.235884358546943007, 0.4000000000000000222, 1.153465286586176530 ) ) ;
#2132 = DIRECTION ( 'NONE',  ( -0.000000000000000000, -1.000000000000000000, -0.000000000000000000 ) ) ;
#2133 = CARTESIAN_POINT ( 'NONE',  ( 0.4946330355156627334, 0.000000000000000000, 2.345365431063553885 ) ) ;
#2134 = CARTESIAN_POINT ( 'NONE',  ( -1.242248374516536247, 0.000000000000000000, 1.394139535156899479 ) ) ;
#2135 = CARTESIAN_POINT ( 'NONE',  ( 1.435371318658462236, 0.000000000000000000, -0.8664667666002592306 ) ) ;
#2136 = AXIS2_PLACEMENT_3D ( 'NONE', #2350, #1029, #522 ) ;
#2137 = EDGE_LOOP ( 'NONE', ( #2764, #2976, #382, #590 ) ) ;
#2138 = CARTESIAN_POINT ( 'NONE',  ( 0.9639647542725020557, 0.000000000000000000, -1.716938718861476199 ) ) ;
#2139 = CARTESIAN_POINT ( 'NONE',  ( -1.374306384565631145, 0.000000000000000000, 1.845393725761207859 ) ) ;
#2140 = CARTESIAN_POINT ( 'NONE',  ( -1.292390902988446388, 0.4000000000000000222, 1.393873349837385200 ) ) ;
#2141 = CARTESIAN_POINT ( 'NONE',  ( 0.4459840762069803843, 0.000000000000000000, 0.3009178460813030642 ) ) ;
#2142 = CARTESIAN_POINT ( 'NONE',  ( 1.439948586856617530, 0.4000000000000000222, -0.7100460576076135233 ) ) ;
#2143 = VERTEX_POINT ( 'NONE', #1290 ) ;
#2144 = LINE ( 'NONE', #2697, #2700 ) ;
#2145 = EDGE_CURVE ( 'NONE', #3061, #763, #2889, .T. ) ;
#2146 = LINE ( 'NONE', #52, #2982 ) ;
#2147 = CARTESIAN_POINT ( 'NONE',  ( -1.502852247723148738, 0.4000000000000000222, -1.329274706387485461 ) ) ;
#2148 = ORIENTED_EDGE ( 'NONE', *, *, #1761, .F. ) ;
#2149 = CARTESIAN_POINT ( 'NONE',  ( 1.197192900353171163, 0.000000000000000000, 0.9772144357959040573 ) ) ;
#2150 = CARTESIAN_POINT ( 'NONE',  ( 1.220539716053172574, 0.000000000000000000, 1.063366132039727630 ) ) ;
#2151 = DIRECTION ( 'NONE',  ( 0.000000000000000000, 1.000000000000000000, -0.000000000000000000 ) ) ;
#2152 = CARTESIAN_POINT ( 'NONE',  ( -1.192257132665049069, 0.4000000000000000222, 2.130167721417032922 ) ) ;
#2153 = CARTESIAN_POINT ( 'NONE',  ( -0.04448476880532339917, 0.000000000000000000, -0.1522366818863941651 ) ) ;
#2154 = ORIENTED_EDGE ( 'NONE', *, *, #1741, .T. ) ;
#2155 = CARTESIAN_POINT ( 'NONE',  ( -1.360439817163654697, 0.4000000000000000222, 1.939809241675229057 ) ) ;
#2156 = CARTESIAN_POINT ( 'NONE',  ( -0.2953951259468285961, 0.000000000000000000, 2.411248792183492196 ) ) ;
#2157 = B_SPLINE_SURFACE_WITH_KNOTS ( 'NONE', 3, 1, ( 
 ( #1077, #2695 ),
 ( #291, #324 ),
 ( #2160, #1376 ),
 ( #2216, #1342 ),
 ( #2398, #1899 ),
 ( #29, #2433 ),
 ( #3195, #824 ),
 ( #1112, #1880 ),
 ( #2936, #571 ),
 ( #1620, #2177 ),
 ( #2678, #306 ),
 ( #133, #959 ),
 ( #169, #2261 ),
 ( #1981, #1482 ),
 ( #2277, #3315 ),
 ( #3005, #2517 ),
 ( #3055, #2018 ),
 ( #1998, #1950 ),
 ( #690, #1215 ),
 ( #941, #3332 ),
 ( #1742, #3023 ) ),
 .UNSPECIFIED., .F., .F., .F.,
 ( 4, 1, 1, 1, 1, 1, 1, 1, 1, 1, 1, 1, 1, 1, 1, 1, 1, 1, 4 ),
 ( 2, 2 ),
 ( 0.000000000000000000, 0.1325257415427738839, 0.2575290077627794827, 0.3717432874816157806, 0.4726868854724723401, 0.5593540911557588480, 0.6308444315745350695, 0.6602968409534745176, 0.6847557356507029125, 0.7040587397599338271, 0.7192508928703537086, 0.7433753431868794781, 0.7668244696531077986, 0.7920049765009365972, 0.8198857854262050493, 0.8532587654585465087, 0.8935909992881692077, 0.9422666199209731586, 1.000000000000000000 ),
 ( 0.000000000000000000, 1.000000000000000000 ),
 .UNSPECIFIED. ) ;
#2158 = CARTESIAN_POINT ( 'NONE',  ( 0.2834472873772670987, 0.4000000000000000222, 1.292128289564637544 ) ) ;
#2159 = CARTESIAN_POINT ( 'NONE',  ( 0.4459840762069803843, 0.000000000000000000, 0.3009178460813030642 ) ) ;
#2160 = CARTESIAN_POINT ( 'NONE',  ( -0.4719481731294315474, 0.4000000000000000222, -2.060522523252883431 ) ) ;
#2161 = ORIENTED_EDGE ( 'NONE', *, *, #827, .T. ) ;
#2162 = CARTESIAN_POINT ( 'NONE',  ( -0.3306853553563391390, -0.000000000000000000, -2.062816977240816474 ) ) ;
#2163 = CARTESIAN_POINT ( 'NONE',  ( 1.289074159045835666, 0.4000000000000000222, -0.1819606552294778246 ) ) ;
#2164 = CARTESIAN_POINT ( 'NONE',  ( -1.387257912145851257, 0.000000000000000000, -1.104891797052575786 ) ) ;
#2165 = ORIENTED_EDGE ( 'NONE', *, *, #2077, .T. ) ;
#2166 = EDGE_CURVE ( 'NONE', #346, #3006, #2874, .T. ) ;
#2167 = CARTESIAN_POINT ( 'NONE',  ( 0.4159851473141342182, 0.4000000000000000222, -0.7450448079826007541 ) ) ;
#2168 = CARTESIAN_POINT ( 'NONE',  ( 0.2834472873772670987, 0.000000000000000000, 1.292128289564637544 ) ) ;
#2169 = CARTESIAN_POINT ( 'NONE',  ( 0.05626303550375333362, 0.000000000000000000, 1.628660700081102641 ) ) ;
#2170 = CARTESIAN_POINT ( 'NONE',  ( -0.5111137323224418383, 0.000000000000000000, 2.378232655445215116 ) ) ;
#2171 = CARTESIAN_POINT ( 'NONE',  ( -0.3189886105605977962, 0.4000000000000000222, 1.711867468341502496 ) ) ;
#2172 = VERTEX_POINT ( 'NONE', #746 ) ;
#2173 = CARTESIAN_POINT ( 'NONE',  ( -1.312797621590742647, 0.4000000000000000222, 2.035417506225935202 ) ) ;
#2174 = CARTESIAN_POINT ( 'NONE',  ( -0.5209613643118643500, 0.4000000000000000222, -0.08058758810413092777 ) ) ;
#2175 = CARTESIAN_POINT ( 'NONE',  ( -0.9609656888675063291, 0.4000000000000000222, 0.5599085988562085836 ) ) ;
#2176 = CARTESIAN_POINT ( 'NONE',  ( -1.375950871885212035, 0.000000000000000000, 1.709867539748646248 ) ) ;
#2177 = CARTESIAN_POINT ( 'NONE',  ( -1.358314509104268319, 0.000000000000000000, -1.875077198622074892 ) ) ;
#2178 = CARTESIAN_POINT ( 'NONE',  ( -1.312797621590742647, 0.000000000000000000, 2.035417506225935202 ) ) ;
#2179 = CARTESIAN_POINT ( 'NONE',  ( -1.503864117086850971, -0.000000000000000000, -1.434689271312190595 ) ) ;
#2180 = FACE_OUTER_BOUND ( 'NONE', #1382, .T. ) ;
#2181 = CARTESIAN_POINT ( 'NONE',  ( -1.393950229220920045, 0.000000000000000000, -1.104031990400327290 ) ) ;
#2182 = ORIENTED_EDGE ( 'NONE', *, *, #1309, .F. ) ;
#2183 = CARTESIAN_POINT ( 'NONE',  ( -1.345055777288438392, 0.000000000000000000, -1.114413488862032064 ) ) ;
#2184 = ADVANCED_FACE ( 'NONE', ( #3130 ), #2098, .F. ) ;
#2185 = CARTESIAN_POINT ( 'NONE',  ( -0.9519660101996524348, 0.4000000000000000222, -0.08006855085784347903 ) ) ;
#2186 = VECTOR ( 'NONE', #2634, 1000.000000000000000 ) ;
#2187 = CARTESIAN_POINT ( 'NONE',  ( 0.000000000000000000, 20.00000000000000000, 0.000000000000000000 ) ) ;
#2188 = B_SPLINE_SURFACE_WITH_KNOTS ( 'NONE', 3, 1, ( 
 ( #2625, #2089 ),
 ( #257, #1305 ),
 ( #1131, #49 ),
 ( #554, #895 ),
 ( #359, #2919 ),
 ( #1360, #608 ),
 ( #2731, #82 ),
 ( #1413, #2468 ),
 ( #3267, #1604 ),
 ( #1149, #3212 ),
 ( #878, #1658 ) ),
 .UNSPECIFIED., .F., .F., .F.,
 ( 4, 1, 1, 1, 1, 1, 1, 1, 4 ),
 ( 2, 2 ),
 ( 0.000000000000000000, 0.09913581625842535217, 0.1859609924318360030, 0.2643303161733661089, 0.3547825710354106099, 0.4667084306599094123, 0.6038496949404864589, 0.7809922059112461845, 0.9999999999999998890 ),
 ( 0.000000000000000000, 1.000000000000000000 ),
 .UNSPECIFIED. ) ;
#2189 = CARTESIAN_POINT ( 'NONE',  ( -0.2953951259468285961, 0.4000000000000000222, 2.411248792183492196 ) ) ;
#2190 = DIRECTION ( 'NONE',  ( 0.000000000000000000, -0.000000000000000000, -1.000000000000000000 ) ) ;
#2191 = ADVANCED_FACE ( 'NONE', ( #1257 ), #1747, .F. ) ;
#2192 = VERTEX_POINT ( 'NONE', #1062 ) ;
#2193 = CARTESIAN_POINT ( 'NONE',  ( -0.2953951259468285961, 0.4000000000000000222, 2.411248792183492196 ) ) ;
#2194 = CIRCLE ( 'NONE', #92, 4.349999999999999645 ) ;
#2195 = CARTESIAN_POINT ( 'NONE',  ( 0.000000000000000000, 23.00000000000000000, -5.049999999999999822 ) ) ;
#2196 = CARTESIAN_POINT ( 'NONE',  ( -0.3319640139448504779, 0.000000000000000000, -0.09083940034360028781 ) ) ;
#2197 = CARTESIAN_POINT ( 'NONE',  ( 0.1025998712952996134, 0.000000000000000000, -1.268255015581575940 ) ) ;
#2198 = CARTESIAN_POINT ( 'NONE',  ( -0.3705645338184333504, 0.000000000000000000, 0.5694945873602379471 ) ) ;
#2199 = DIRECTION ( 'NONE',  ( 0.000000000000000000, -1.000000000000000000, 0.000000000000000000 ) ) ;
#2200 = CARTESIAN_POINT ( 'NONE',  ( -0.3189886105605977962, 0.4000000000000000222, 1.711867468341502496 ) ) ;
#2201 = CARTESIAN_POINT ( 'NONE',  ( 0.8616450883569798380, 0.000000000000000000, 0.1853906885861230924 ) ) ;
#2202 = CARTESIAN_POINT ( 'NONE',  ( -1.312739772064044130, 0.4000000000000000222, -1.127470280671942104 ) ) ;
#2203 = ORIENTED_EDGE ( 'NONE', *, *, #934, .T. ) ;
#2204 = CARTESIAN_POINT ( 'NONE',  ( -1.371655468805057065, 0.000000000000000000, -1.106896347109793233 ) ) ;
#2205 = VECTOR ( 'NONE', #2797, 1000.000000000000000 ) ;
#2206 = CARTESIAN_POINT ( 'NONE',  ( -1.479506898153972516, 0.4000000000000000222, -1.171030992831709527 ) ) ;
#2207 = FACE_OUTER_BOUND ( 'NONE', #3171, .T. ) ;
#2208 = CARTESIAN_POINT ( 'NONE',  ( -0.06599764356426149337, 0.4000000000000000222, 2.415842333026959832 ) ) ;
#2209 = CARTESIAN_POINT ( 'NONE',  ( 1.247486351051758424, 0.4000000000000000222, -1.412162227334406994 ) ) ;
#2210 = EDGE_CURVE ( 'NONE', #134, #1542, #2645, .T. ) ;
#2211 = CARTESIAN_POINT ( 'NONE',  ( 1.163769461086309187, 0.4000000000000000222, 1.794070544628881159 ) ) ;
#2212 = PLANE ( 'NONE',  #3362 ) ;
#2213 = VECTOR ( 'NONE', #2578, 1000.000000000000000 ) ;
#2214 = CARTESIAN_POINT ( 'NONE',  ( -0.8599829845441595566, 0.4000000000000000222, -2.016386902882134624 ) ) ;
#2215 = CARTESIAN_POINT ( 'NONE',  ( 1.439948586856617530, 0.000000000000000000, -0.7100460576076135233 ) ) ;
#2216 = CARTESIAN_POINT ( 'NONE',  ( -0.6753624700909997003, 0.4000000000000000222, -2.043814476867579444 ) ) ;
#2217 = CARTESIAN_POINT ( 'NONE',  ( -2.565151067676131547, 20.00000000000000000, 1.649999999999999911 ) ) ;
#2218 = LINE ( 'NONE', #880, #1977 ) ;
#2219 = CARTESIAN_POINT ( 'NONE',  ( 0.7150942946705695080, 0.000000000000000000, 0.4039846079477942831 ) ) ;
#2220 = CARTESIAN_POINT ( 'NONE',  ( -1.370826705767144604, 0.4000000000000000222, 1.551120760700289258 ) ) ;
#2221 = ORIENTED_EDGE ( 'NONE', *, *, #915, .F. ) ;
#2222 = CARTESIAN_POINT ( 'NONE',  ( -0.9744047055723540351, -0.000000000000000000, 0.5596343556738199165 ) ) ;
#2223 = CARTESIAN_POINT ( 'NONE',  ( 1.197192900353171163, 0.000000000000000000, 0.9772144357959040573 ) ) ;
#2224 = CARTESIAN_POINT ( 'NONE',  ( 0.1622923818574629196, 0.4000000000000000222, 0.8209928273470561422 ) ) ;
#2225 = CARTESIAN_POINT ( 'NONE',  ( 1.412268352485053668, 0.4000000000000000222, -1.017339305123823312 ) ) ;
#2226 = CARTESIAN_POINT ( 'NONE',  ( -1.334535257882124792, 0.4000000000000000222, 2.006058446555353036 ) ) ;
#2227 = CARTESIAN_POINT ( 'NONE',  ( 0.000000000000000000, 20.00000000000000000, 1.649999999999999911 ) ) ;
#2228 = FACE_OUTER_BOUND ( 'NONE', #335, .T. ) ;
#2229 = ADVANCED_FACE ( 'NONE', ( #1080 ), #2698, .T. ) ;
#2230 = DIRECTION ( 'NONE',  ( 0.000000000000000000, -1.000000000000000000, 0.000000000000000000 ) ) ;
#2231 = CARTESIAN_POINT ( 'NONE',  ( -1.112864452135039262, -1.084202172485504434E-16, 0.4004697518324028538 ) ) ;
#2232 = ORIENTED_EDGE ( 'NONE', *, *, #3412, .T. ) ;
#2233 = CARTESIAN_POINT ( 'NONE',  ( 0.2755590180672432554, 0.000000000000000000, 1.051974094495151224 ) ) ;
#2234 = CARTESIAN_POINT ( 'NONE',  ( 1.439238964302066215, 0.4000000000000000222, -0.6780084390527361116 ) ) ;
#2235 = CARTESIAN_POINT ( 'NONE',  ( -0.2282998002658689352, 0.000000000000000000, -0.1052463187147764379 ) ) ;
#2236 = ORIENTED_EDGE ( 'NONE', *, *, #6, .T. ) ;
#2237 = CARTESIAN_POINT ( 'NONE',  ( -0.01464650577925186853, 0.4000000000000000222, 2.414721504797930240 ) ) ;
#2238 = CARTESIAN_POINT ( 'NONE',  ( -0.9659457765179590982, 0.4000000000000000222, -0.07934747190099356029 ) ) ;
#2239 = CARTESIAN_POINT ( 'NONE',  ( 0.2320906727471513109, 0.000000000000000000, 0.9287613780361027027 ) ) ;
#2240 = CARTESIAN_POINT ( 'NONE',  ( -1.483859206809609699, 0.4000000000000000222, -1.695412616650086246 ) ) ;
#2241 = CARTESIAN_POINT ( 'NONE',  ( 0.5755640433298886416, 0.000000000000000000, -1.927697176441757199 ) ) ;
#2242 = CARTESIAN_POINT ( 'NONE',  ( 0.2304556422581999775, 0.4000000000000000222, -0.3052195560615471037 ) ) ;
#2243 = CARTESIAN_POINT ( 'NONE',  ( -0.5209613643118643500, 0.000000000000000000, -0.08058758810413092777 ) ) ;
#2244 = CARTESIAN_POINT ( 'NONE',  ( -0.9519660101996524348, 0.4000000000000000222, -0.08006855085784347903 ) ) ;
#2245 = CARTESIAN_POINT ( 'NONE',  ( 1.247131360614476270, -0.000000000000000000, 1.382936820026422264 ) ) ;
#2246 = CARTESIAN_POINT ( 'NONE',  ( 0.1187804438209357771, 0.4000000000000000222, 0.7723295239393488387 ) ) ;
#2247 = EDGE_CURVE ( 'NONE', #77, #2920, #3254, .T. ) ;
#2248 = VECTOR ( 'NONE', #118, 1000.000000000000000 ) ;
#2249 = CARTESIAN_POINT ( 'NONE',  ( 1.091996224425372697, 0.4000000000000000222, 0.7433459834379388953 ) ) ;
#2250 = CARTESIAN_POINT ( 'NONE',  ( 0.3833737943276053772, 0.000000000000000000, -0.5335975124712912798 ) ) ;
#2251 = ORIENTED_EDGE ( 'NONE', *, *, #827, .F. ) ;
#2252 = CARTESIAN_POINT ( 'NONE',  ( 0.6303905994977729854, 0.4000000000000000222, 0.3678714770785138644 ) ) ;
#2253 = CARTESIAN_POINT ( 'NONE',  ( -1.119960011999591387, 0.4000000000000000222, 0.2479197383706082947 ) ) ;
#2254 = ORIENTED_EDGE ( 'NONE', *, *, #2145, .T. ) ;
#2255 = CARTESIAN_POINT ( 'NONE',  ( 1.245523386198983173, 0.4000000000000000222, 1.463046904643027668 ) ) ;
#2256 = CARTESIAN_POINT ( 'NONE',  ( -1.242248374516536247, 0.000000000000000000, 1.394139535156899479 ) ) ;
#2257 = CARTESIAN_POINT ( 'NONE',  ( -0.4888035185822428019, 0.000000000000000000, 1.706285168720422796 ) ) ;
#2258 = CARTESIAN_POINT ( 'NONE',  ( 0.4159851473141342182, 0.4000000000000000222, -0.7450448079826007541 ) ) ;
#2259 = CARTESIAN_POINT ( 'NONE',  ( -1.316786006472197901, 0.4000000000000000222, 1.401309237616946923 ) ) ;
#2260 =( NAMED_UNIT ( * ) PLANE_ANGLE_UNIT ( ) SI_UNIT ( $, .RADIAN. ) );
#2261 = CARTESIAN_POINT ( 'NONE',  ( -1.435322581760724470, 0.000000000000000000, -1.814738957236181172 ) ) ;
#2262 = CARTESIAN_POINT ( 'NONE',  ( -0.3609871110105823400, 0.000000000000000000, -1.360022850285947715 ) ) ;
#2263 = CARTESIAN_POINT ( 'NONE',  ( -0.9609656888675064401, 0.4000000000000000222, 0.5599085988562086946 ) ) ;
#2264 = CARTESIAN_POINT ( 'NONE',  ( 1.246588228140680599, 0.4000000000000000222, 1.246626792083971313 ) ) ;
#2265 = CARTESIAN_POINT ( 'NONE',  ( -0.9994979139597511830, 0.000000000000000000, 0.5591222913259853433 ) ) ;
#2266 = CARTESIAN_POINT ( 'NONE',  ( 0.9639647542725020557, 0.000000000000000000, -1.716938718861476199 ) ) ;
#2267 = ORIENTED_EDGE ( 'NONE', *, *, #498, .T. ) ;
#2268 = CARTESIAN_POINT ( 'NONE',  ( -1.101301785491259011, 0.000000000000000000, 0.4559256562003337065 ) ) ;
#2269 = CARTESIAN_POINT ( 'NONE',  ( -1.060592912779382058, 0.000000000000000000, -0.05128525069898701161 ) ) ;
#2270 = EDGE_CURVE ( 'NONE', #2271, #2192, #1115, .T. ) ;
#2271 = VERTEX_POINT ( 'NONE', #611 ) ;
#2272 = CARTESIAN_POINT ( 'NONE',  ( -0.1999375522468471444, 0.4000000000000000222, 0.6021353911755953359 ) ) ;
#2273 = CARTESIAN_POINT ( 'NONE',  ( 0.4837873021403584217, -0.000000000000000000, 0.2960027549124398250 ) ) ;
#2274 = CARTESIAN_POINT ( 'NONE',  ( -0.3189886105605977962, 0.000000000000000000, 1.711867468341502496 ) ) ;
#2275 = DIRECTION ( 'NONE',  ( 0.000000000000000000, -1.000000000000000000, 0.000000000000000000 ) ) ;
#2276 = DIRECTION ( 'NONE',  ( -0.000000000000000000, -1.000000000000000000, -0.000000000000000000 ) ) ;
#2277 = CARTESIAN_POINT ( 'NONE',  ( -1.469277026343227099, 0.4000000000000000222, -1.740504741256993615 ) ) ;
#2278 = CARTESIAN_POINT ( 'NONE',  ( 0.4946330355156627334, 0.000000000000000000, 2.345365431063553885 ) ) ;
#2279 = CARTESIAN_POINT ( 'NONE',  ( -1.213400838637796353, 0.000000000000000000, 1.405714249007281813 ) ) ;
#2280 = CARTESIAN_POINT ( 'NONE',  ( 0.9311402509642339176, 0.000000000000000000, 0.5517797427800487098 ) ) ;
#2281 = CARTESIAN_POINT ( 'NONE',  ( -0.04448476880532339917, 0.000000000000000000, -0.1522366818863941651 ) ) ;
#2282 = CARTESIAN_POINT ( 'NONE',  ( 1.435371318658462236, 0.4000000000000000222, -0.8664667666002592306 ) ) ;
#2283 = ORIENTED_EDGE ( 'NONE', *, *, #386, .T. ) ;
#2284 = CARTESIAN_POINT ( 'NONE',  ( -0.9609656888675064401, 0.000000000000000000, 0.5599085988562086946 ) ) ;
#2285 = CARTESIAN_POINT ( 'NONE',  ( -1.085426830522485453, 0.000000000000000000, -0.01948125284172864957 ) ) ;
#2286 = EDGE_LOOP ( 'NONE', ( #1488, #594 ) ) ;
#2287 = CARTESIAN_POINT ( 'NONE',  ( -0.4645158382519345985, 0.4000000000000000222, 0.5618368311571295681 ) ) ;
#2288 = EDGE_CURVE ( 'NONE', #1434, #318, #2146, .T. ) ;
#2289 = CARTESIAN_POINT ( 'NONE',  ( -1.178524976958727599, 0.4000000000000000222, 1.421307961209435478 ) ) ;
#2290 = CARTESIAN_POINT ( 'NONE',  ( 0.09717656723973745747, 0.000000000000000000, -2.044509234274439979 ) ) ;
#2291 = CARTESIAN_POINT ( 'NONE',  ( 0.4139779349355013349, 0.000000000000000000, -0.7896511774332908296 ) ) ;
#2292 = CIRCLE ( 'NONE', #1348, 3.049999999999999822 ) ;
#2293 = CARTESIAN_POINT ( 'NONE',  ( 0.6124208930908972004, 0.000000000000000000, 2.304043398272572318 ) ) ;
#2294 = CARTESIAN_POINT ( 'NONE',  ( -0.9744047055723540351, 0.4000000000000000222, 0.5596343556738199165 ) ) ;
#2295 = CARTESIAN_POINT ( 'NONE',  ( 0.3387691123487930334, 0.4000000000000000222, -1.053637510078761386 ) ) ;
#2296 = CARTESIAN_POINT ( 'NONE',  ( -0.7060721907654576857, 0.000000000000000000, 2.335392855854358629 ) ) ;
#2297 = CARTESIAN_POINT ( 'NONE',  ( -0.1855326095670035425, 0.000000000000000000, -1.350456604315662501 ) ) ;
#2298 = CARTESIAN_POINT ( 'NONE',  ( 0.4134699575117723458, 0.4000000000000000222, -0.6716960944276232359 ) ) ;
#2299 = CARTESIAN_POINT ( 'NONE',  ( 0.4248092656003793488, 0.4000000000000000222, -1.977699130178057541 ) ) ;
#2300 = VERTEX_POINT ( 'NONE', #1098 ) ;
#2301 = AXIS2_PLACEMENT_3D ( 'NONE', #581, #1630, #2190 ) ;
#2302 = LINE ( 'NONE', #2597, #2815 ) ;
#2303 = CARTESIAN_POINT ( 'NONE',  ( -1.370826705767144604, 0.000000000000000000, 1.551120760700289258 ) ) ;
#2304 = ORIENTED_EDGE ( 'NONE', *, *, #1164, .T. ) ;
#2305 = CARTESIAN_POINT ( 'NONE',  ( -1.371655468805057065, 0.000000000000000000, -1.106896347109793233 ) ) ;
#2306 = CARTESIAN_POINT ( 'NONE',  ( -0.6753624700909997003, 0.000000000000000000, -2.043814476867579444 ) ) ;
#2307 = CARTESIAN_POINT ( 'NONE',  ( -0.7834274058628610815, 0.4000000000000000222, -1.316265407590222258 ) ) ;
#2308 = CARTESIAN_POINT ( 'NONE',  ( 0.3772029046219545489, 0.4000000000000000222, -0.9800462846333741762 ) ) ;
#2309 = CARTESIAN_POINT ( 'NONE',  ( 1.202458440759296643, 0.000000000000000000, 1.690419719360158890 ) ) ;
#2310 = AXIS2_PLACEMENT_3D ( 'NONE', #1196, #3299, #3333 ) ;
#2311 = ADVANCED_FACE ( 'NONE', ( #2180 ), #2359, .F. ) ;
#2312 = CARTESIAN_POINT ( 'NONE',  ( 0.4459840762069803843, 0.4000000000000000222, 0.3109174890455852491 ) ) ;
#2313 = CARTESIAN_POINT ( 'NONE',  ( 0.4100644207721164114, 0.4000000000000000222, -0.8766213757445209254 ) ) ;
#2314 = CARTESIAN_POINT ( 'NONE',  ( -1.260217733129085138, -0.000000000000000000, 1.392559292313966690 ) ) ;
#2315 = CARTESIAN_POINT ( 'NONE',  ( -0.2715090270974371833, 0.000000000000000000, -1.358104009735520146 ) ) ;
#2316 = CARTESIAN_POINT ( 'NONE',  ( 0.000000000000000000, 0.9999999999999974465, 0.000000000000000000 ) ) ;
#2317 = CARTESIAN_POINT ( 'NONE',  ( 1.435371318658462236, 0.4000000000000000222, -0.8664667666002592306 ) ) ;
#2318 = ORIENTED_EDGE ( 'NONE', *, *, #2671, .F. ) ;
#2319 = CARTESIAN_POINT ( 'NONE',  ( -1.267954727870965748, -5.421010862427522170E-17, 1.391878893484476576 ) ) ;
#2320 = CARTESIAN_POINT ( 'NONE',  ( -1.358314509104268319, 0.4000000000000000222, -1.875077198622074892 ) ) ;
#2321 = VERTEX_POINT ( 'NONE', #2734 ) ;
#2322 = CARTESIAN_POINT ( 'NONE',  ( -0.5619799345926519418, 0.4000000000000000222, 0.5599085988562085836 ) ) ;
#2323 = CARTESIAN_POINT ( 'NONE',  ( 1.107697554256051875, 0.000000000000000000, 0.02605468455225447982 ) ) ;
#2324 = CARTESIAN_POINT ( 'NONE',  ( 0.1622923818574629196, 0.4000000000000000222, 0.8209928273470561422 ) ) ;
#2325 = CARTESIAN_POINT ( 'NONE',  ( -1.063053227845252913, 0.4000000000000000222, 0.5286826280446345061 ) ) ;
#2326 = CARTESIAN_POINT ( 'NONE',  ( 0.7928462050426109409, 0.000000000000000000, 0.4485773519596977232 ) ) ;
#2327 = CARTESIAN_POINT ( 'NONE',  ( -0.1972974952187731279, 0.4000000000000000222, -2.062691092417723304 ) ) ;
#2328 = CARTESIAN_POINT ( 'NONE',  ( -1.040130541250419594, 0.000000000000000000, 1.499383109729632624 ) ) ;
#2329 = EDGE_CURVE ( 'NONE', #621, #2599, #1891, .T. ) ;
#2330 = DIRECTION ( 'NONE',  ( 0.000000000000000000, -1.000000000000000000, 0.000000000000000000 ) ) ;
#2331 = CARTESIAN_POINT ( 'NONE',  ( 0.4151381368705048258, 0.000000000000000000, -0.7203440373491074578 ) ) ;
#2332 = CARTESIAN_POINT ( 'NONE',  ( 1.235972572812870984, 0.4000000000000000222, -0.1080816756039347376 ) ) ;
#2333 = VERTEX_POINT ( 'NONE', #912 ) ;
#2334 = CARTESIAN_POINT ( 'NONE',  ( 0.9885921632248367841, 0.000000000000000000, 2.061674135356157844 ) ) ;
#2335 = CARTESIAN_POINT ( 'NONE',  ( 0.2755590180672432554, 0.000000000000000000, 1.051974094495151224 ) ) ;
#2336 = VERTEX_POINT ( 'NONE', #1485 ) ;
#2337 = CARTESIAN_POINT ( 'NONE',  ( 0.2864694918618325148, 0.4000000000000000222, 1.222107820998032501 ) ) ;
#2338 = CARTESIAN_POINT ( 'NONE',  ( 0.4459840762069803843, 0.000000000000000000, 0.3009178460813030642 ) ) ;
#2339 = B_SPLINE_CURVE_WITH_KNOTS ( 'NONE', 3,
 ( #2462, #317, #620, #2225, #352, #3276, #2209, #1352, #599, #41, #2478, #2706, #1668, #637, #334, #889, #1892, #1387, #1142 ),
 .UNSPECIFIED., .F., .F.,
 ( 4, 1, 1, 1, 1, 1, 1, 1, 1, 1, 1, 1, 1, 1, 1, 1, 4 ),
 ( 0.000000000000000000, 0.06509329881291829600, 0.1267371625053367035, 0.1866634510599753938, 0.2447553091875904474, 0.3017078866895193667, 0.3581340630724227370, 0.4145483870839548057, 0.4716695005592825840, 0.5299595906722391891, 0.5898077156831291745, 0.6520856395206905409, 0.7171224114194230115, 0.7844577398806801272, 0.8536929000030059056, 0.9255443954062780865, 1.000000000000000000 ),
 .UNSPECIFIED. ) ;
#2340 = CARTESIAN_POINT ( 'NONE',  ( -0.2824573414518485870, 0.4000000000000000222, 0.5837643875079914224 ) ) ;
#2341 = CARTESIAN_POINT ( 'NONE',  ( -0.3969919853894166573, 0.4000000000000000222, -1.359281968891533188 ) ) ;
#2342 = B_SPLINE_CURVE_WITH_KNOTS ( 'NONE', 3,
 ( #2762, #3037, #3313, #390, #2214, #1447, #940, #3247, #688, #424, #1480, #876, #1672, #1933, #624, #1411, #2466, #3265, #1948, #3003, #706 ),
 .UNSPECIFIED., .F., .F.,
 ( 4, 1, 1, 1, 1, 1, 1, 1, 1, 1, 1, 1, 1, 1, 1, 1, 1, 1, 4 ),
 ( 0.000000000000000000, 0.1325257415427738839, 0.2575290077627794827, 0.3717432874816157806, 0.4726868854724723401, 0.5593540911557588480, 0.6308444315745350695, 0.6602968409534745176, 0.6847557356507029125, 0.7040587397599338271, 0.7192508928703537086, 0.7433753431868794781, 0.7668244696531077986, 0.7920049765009365972, 0.8198857854262050493, 0.8532587654585465087, 0.8935909992881692077, 0.9422666199209731586, 1.000000000000000000 ),
 .UNSPECIFIED. ) ;
#2343 = ORIENTED_EDGE ( 'NONE', *, *, #2738, .F. ) ;
#2344 = CARTESIAN_POINT ( 'NONE',  ( 1.247955441942401711, 0.4000000000000000222, 1.341880678663065929 ) ) ;
#2345 = CARTESIAN_POINT ( 'NONE',  ( 0.7164563118296204403, 0.000000000000000000, -1.868431480811654888 ) ) ;
#2346 = CARTESIAN_POINT ( 'NONE',  ( -1.288931753400617497, 0.000000000000000000, 2.060859975139671008 ) ) ;
#2347 = B_SPLINE_CURVE_WITH_KNOTS ( 'NONE', 3,
 ( #478, #1421, #651, #1627, #38, #2206, #1683, #2978, #297, #2476, #834 ),
 .UNSPECIFIED., .F., .F.,
 ( 4, 1, 1, 1, 1, 1, 1, 1, 4 ),
 ( 0.000000000000000000, 0.2238460397051433570, 0.4108740089798032513, 0.5618108082611354970, 0.6788736903570112835, 0.7713922287125508648, 0.8526377215546108168, 0.9245316003593340159, 1.000000000000000000 ),
 .UNSPECIFIED. ) ;
#2348 = CARTESIAN_POINT ( 'NONE',  ( 0.1622923818574629196, 0.4000000000000000222, 0.8209928273470561422 ) ) ;
#2349 = CARTESIAN_POINT ( 'NONE',  ( -0.3319640139448504779, 0.000000000000000000, -0.09083940034360028781 ) ) ;
#2350 = CARTESIAN_POINT ( 'NONE',  ( -0.9609656888675063291, 0.4000000000000000222, 0.5599085988562085836 ) ) ;
#2351 = ORIENTED_EDGE ( 'NONE', *, *, #2647, .T. ) ;
#2352 = EDGE_CURVE ( 'NONE', #2896, #3149, #1727, .T. ) ;
#2353 = CARTESIAN_POINT ( 'NONE',  ( -1.276295556207331039, -5.421010862427522170E-17, 1.392559663612535026 ) ) ;
#2354 = CARTESIAN_POINT ( 'NONE',  ( -1.420010982066173710, 0.000000000000000000, -1.106079345021840243 ) ) ;
#2355 = ORIENTED_EDGE ( 'NONE', *, *, #97, .T. ) ;
#2356 = VECTOR ( 'NONE', #1195, 1000.000000000000000 ) ;
#2357 = ADVANCED_FACE ( 'NONE', ( #1695 ), #2825, .T. ) ;
#2358 = CARTESIAN_POINT ( 'NONE',  ( -1.312739772064044130, 0.000000000000000000, -1.127470280671942104 ) ) ;
#2359 = B_SPLINE_SURFACE_WITH_KNOTS ( 'NONE', 3, 1, ( 
 ( #2939, #829 ),
 ( #865, #2974 ),
 ( #1661, #2717 ),
 ( #1327, #2385 ),
 ( #1398, #556 ),
 ( #2663, #2201 ),
 ( #293, #1344 ),
 ( #2400, #3199 ),
 ( #1883, #574 ),
 ( #309, #1363 ),
 ( #3215, #2418 ),
 ( #2163, #846 ),
 ( #2537, #3078 ),
 ( #121, #2781 ),
 ( #944, #412 ),
 ( #2503, #380 ),
 ( #1168, #1984 ),
 ( #2234, #1199 ),
 ( #662, #1469 ) ),
 .UNSPECIFIED., .F., .F., .F.,
 ( 4, 1, 1, 1, 1, 1, 1, 1, 1, 1, 1, 1, 1, 1, 1, 1, 4 ),
 ( 2, 2 ),
 ( 0.000000000000000000, 0.07327054031221381936, 0.1438749677726260945, 0.2120049119278626937, 0.2783493746696986681, 0.3428844445526303963, 0.4054889888311944413, 0.4661727302502823855, 0.5264895117494928778, 0.5851195494856963331, 0.6434825106193874378, 0.7012222357644417592, 0.7597540186400875140, 0.8187615068694971132, 0.8775456132934722486, 0.9383917376312451708, 1.000000000000000000 ),
 ( 0.000000000000000000, 1.000000000000000000 ),
 .UNSPECIFIED. ) ;
#2360 = CARTESIAN_POINT ( 'NONE',  ( -1.119960011999591387, 0.4000000000000000222, 0.2479197383706082947 ) ) ;
#2361 = CARTESIAN_POINT ( 'NONE',  ( 0.3673594929774725570, 0.000000000000000000, 2.376828148973892496 ) ) ;
#2362 = CARTESIAN_POINT ( 'NONE',  ( -1.040130541250419594, 0.000000000000000000, 1.499383109729632624 ) ) ;
#2363 = CARTESIAN_POINT ( 'NONE',  ( -1.119960011999591387, 0.4000000000000000222, 0.2479197383706082947 ) ) ;
#2364 = CARTESIAN_POINT ( 'NONE',  ( 0.4139779349355013349, 0.000000000000000000, -0.7896511774332908296 ) ) ;
#2365 = CARTESIAN_POINT ( 'NONE',  ( -0.9609656888675063291, 0.000000000000000000, 0.5599085988562085836 ) ) ;
#2366 = DIRECTION ( 'NONE',  ( 0.000000000000000000, 0.000000000000000000, -1.000000000000000000 ) ) ;
#2367 = CARTESIAN_POINT ( 'NONE',  ( 0.4159851473141342182, 0.000000000000000000, -0.7450448079826007541 ) ) ;
#2368 = DIRECTION ( 'NONE',  ( 0.000000000000000000, 0.000000000000000000, 1.000000000000000000 ) ) ;
#2369 = ORIENTED_EDGE ( 'NONE', *, *, #2921, .T. ) ;
#2370 = CARTESIAN_POINT ( 'NONE',  ( 1.247131360614476270, 0.000000000000000000, 1.382936820026422264 ) ) ;
#2371 = CARTESIAN_POINT ( 'NONE',  ( -0.3306853553563391390, 0.4000000000000000222, -2.062816977240816474 ) ) ;
#2372 = EDGE_LOOP ( 'NONE', ( #1922, #1587, #1107, #1150 ) ) ;
#2373 = VECTOR ( 'NONE', #1783, 1000.000000000000000 ) ;
#2374 = CARTESIAN_POINT ( 'NONE',  ( -0.9519660101996524348, 0.000000000000000000, -0.08006855085784347903 ) ) ;
#2375 = CARTESIAN_POINT ( 'NONE',  ( 1.116471534784914121, 0.000000000000000000, 1.891199315431270067 ) ) ;
#2376 = B_SPLINE_SURFACE_WITH_KNOTS ( 'NONE', 3, 1, ( 
 ( #1180, #2262 ),
 ( #942, #1999 ),
 ( #3056, #960 ),
 ( #2037, #2019 ),
 ( #710, #1759 ),
 ( #445, #1500 ),
 ( #2831, #3092 ),
 ( #2552, #994 ),
 ( #725, #1776 ),
 ( #187, #1232 ),
 ( #2295, #3352 ),
 ( #461, #1516 ),
 ( #2313, #3369 ),
 ( #3108, #2364 ),
 ( #550, #517 ) ),
 .UNSPECIFIED., .F., .F., .F.,
 ( 4, 1, 1, 1, 1, 1, 1, 1, 1, 1, 1, 1, 4 ),
 ( 2, 2 ),
 ( 0.000000000000000000, 0.08137218100060790438, 0.1585634365385522604, 0.2311471217972134451, 0.3002931195026011801, 0.4282472870135871634, 0.5467613473585277717, 0.6030937109463639922, 0.6581642071636577551, 0.7129438616527403738, 0.7673063782428073409, 0.8806531678382968353, 1.000000000000000000 ),
 ( 0.000000000000000000, 1.000000000000000000 ),
 .UNSPECIFIED. ) ;
#2377 = CARTESIAN_POINT ( 'NONE',  ( -1.213400838637796353, 0.4000000000000000222, 1.405714249007281813 ) ) ;
#2378 = CARTESIAN_POINT ( 'NONE',  ( 1.438395395124074660, -0.000000000000000000, -0.7631238632961195867 ) ) ;
#2379 = CARTESIAN_POINT ( 'NONE',  ( -0.4438156693288881072, 0.4000000000000000222, -0.08158815991571639892 ) ) ;
#2380 = LINE ( 'NONE', #1339, #2092 ) ;
#2381 = CARTESIAN_POINT ( 'NONE',  ( 0.4134699575117723458, 0.4000000000000000222, -0.6716960944276232359 ) ) ;
#2382 = CARTESIAN_POINT ( 'NONE',  ( 0.1994634916215114184, 0.000000000000000000, -1.208491581162337125 ) ) ;
#2383 = CARTESIAN_POINT ( 'NONE',  ( 0.000000000000000000, 23.00000000000000000, 0.000000000000000000 ) ) ;
#2384 = EDGE_LOOP ( 'NONE', ( #1030, #931, #1608, #360 ) ) ;
#2385 = CARTESIAN_POINT ( 'NONE',  ( 0.6650495236263295196, 0.000000000000000000, 0.2593227744884216146 ) ) ;
#2386 = CARTESIAN_POINT ( 'NONE',  ( -1.413473365764365886, 0.4000000000000000222, -1.841643121972665886 ) ) ;
#2387 = VERTEX_POINT ( 'NONE', #2572 ) ;
#2388 = DIRECTION ( 'NONE',  ( 0.000000000000000000, 0.000000000000000000, 1.000000000000000000 ) ) ;
#2389 = CARTESIAN_POINT ( 'NONE',  ( -0.9519660101996524348, 0.4000000000000000222, -0.08006855085784347903 ) ) ;
#2390 = CARTESIAN_POINT ( 'NONE',  ( -0.01464650577925186853, 0.4000000000000000222, 2.414721504797930240 ) ) ;
#2391 = CARTESIAN_POINT ( 'NONE',  ( 0.2320906727471513109, 0.4000000000000000222, 0.9287613780361027027 ) ) ;
#2392 = CARTESIAN_POINT ( 'NONE',  ( -0.9609656888675064401, 0.4000000000000000222, 0.5599085988562086946 ) ) ;
#2393 = EDGE_CURVE ( 'NONE', #245, #318, #884, .T. ) ;
#2394 = CARTESIAN_POINT ( 'NONE',  ( -0.06599764356426149337, 0.4000000000000000222, 2.415842333026959832 ) ) ;
#2395 = CARTESIAN_POINT ( 'NONE',  ( 0.000000000000000000, 0.000000000000000000, 0.000000000000000000 ) ) ;
#2396 = CARTESIAN_POINT ( 'NONE',  ( -1.503946301828022580, 0.4000000000000000222, -1.403021315032360938 ) ) ;
#2397 = CARTESIAN_POINT ( 'NONE',  ( 0.4459840762069803843, 0.4000000000000000222, 0.3009178460813030642 ) ) ;
#2398 = CARTESIAN_POINT ( 'NONE',  ( -0.8599829845441595566, 0.4000000000000000222, -2.016386902882134624 ) ) ;
#2399 = ORIENTED_EDGE ( 'NONE', *, *, #707, .F. ) ;
#2400 = CARTESIAN_POINT ( 'NONE',  ( 1.033149468946106708, 0.4000000000000000222, 0.08588774054734532593 ) ) ;
#2401 = CARTESIAN_POINT ( 'NONE',  ( -1.375950871885212035, 0.4000000000000000222, 1.709867539748646248 ) ) ;
#2402 = ORIENTED_EDGE ( 'NONE', *, *, #915, .T. ) ;
#2403 = CARTESIAN_POINT ( 'NONE',  ( 1.437828497728758315, 0.000000000000000000, -0.6143295300746953735 ) ) ;
#2404 = CARTESIAN_POINT ( 'NONE',  ( 0.8653209759821208769, 0.000000000000000000, 0.4974310009453534742 ) ) ;
#2405 = CARTESIAN_POINT ( 'NONE',  ( 0.1414074722355435632, 0.000000000000000000, 1.562591894141753146 ) ) ;
#2406 = CARTESIAN_POINT ( 'NONE',  ( -1.230548500195294936, 0.4000000000000000222, 2.104105439978942726 ) ) ;
#2407 = CARTESIAN_POINT ( 'NONE',  ( -0.5609799702962237067, 0.000000000000000000, -0.08006855085784347903 ) ) ;
#2408 = VERTEX_POINT ( 'NONE', #2554 ) ;
#2409 = LINE ( 'NONE', #3225, #492 ) ;
#2410 = CARTESIAN_POINT ( 'NONE',  ( -0.5111137323224418383, 0.000000000000000000, 2.378232655445215116 ) ) ;
#2411 = B_SPLINE_CURVE_WITH_KNOTS ( 'NONE', 3,
 ( #1873, #1386, #619, #2929, #2705, #564, #1369, #1667, #1613, #299, #1351, #2406, #2152, #3205, #580, #1629, #2687, #2426, #2963, #58, #903 ),
 .UNSPECIFIED., .F., .F.,
 ( 4, 1, 1, 1, 1, 1, 1, 1, 1, 1, 1, 1, 1, 1, 1, 1, 1, 1, 4 ),
 ( 0.000000000000000000, 0.04618021369592312242, 0.08338048637253402118, 0.1141757308677434496, 0.1398156521358968063, 0.1612457443688149750, 0.1805573315818425617, 0.2011923301351904725, 0.2266492575870860948, 0.2432359315937908384, 0.2656903907184886560, 0.2929681590677117864, 0.3265990921177970296, 0.4067921246565798787, 0.5006703359449099500, 0.6082094252650039889, 0.7280894338561564316, 0.8595438823833522202, 1.000000000000000000 ),
 .UNSPECIFIED. ) ;
#2412 = CARTESIAN_POINT ( 'NONE',  ( 0.4151381368705048258, 0.4000000000000000222, -0.7203440373491074578 ) ) ;
#2413 = EDGE_CURVE ( 'NONE', #2130, #808, #491, .T. ) ;
#2414 = CARTESIAN_POINT ( 'NONE',  ( 0.7667432485812490928, 0.4000000000000000222, 0.2269679082492524480 ) ) ;
#2415 = DIRECTION ( 'NONE',  ( -0.000000000000000000, -1.000000000000000000, -0.000000000000000000 ) ) ;
#2416 = ORIENTED_EDGE ( 'NONE', *, *, #2035, .T. ) ;
#2417 = CARTESIAN_POINT ( 'NONE',  ( -1.483859206809609699, 0.000000000000000000, -1.695412616650086246 ) ) ;
#2418 = CARTESIAN_POINT ( 'NONE',  ( 1.235972572812870984, 0.000000000000000000, -0.1080816756039347376 ) ) ;
#2419 = CARTESIAN_POINT ( 'NONE',  ( -1.335129294862147820, 0.4000000000000000222, 1.422292000333028383 ) ) ;
#2420 = B_SPLINE_CURVE_WITH_KNOTS ( 'NONE', 3,
 ( #3312, #939, #184, #1995, #1755, #3051, #686, #1229, #269, #2603, #300 ),
 .UNSPECIFIED., .F., .F.,
 ( 4, 1, 1, 1, 1, 1, 1, 1, 4 ),
 ( 0.000000000000000000, 0.2238460397051433570, 0.4108740089798032513, 0.5618108082611354970, 0.6788736903570112835, 0.7713922287125508648, 0.8526377215546108168, 0.9245316003593340159, 1.000000000000000000 ),
 .UNSPECIFIED. ) ;
#2421 = VECTOR ( 'NONE', #685, 1000.000000000000000 ) ;
#2422 = ORIENTED_EDGE ( 'NONE', *, *, #2592, .T. ) ;
#2423 = CARTESIAN_POINT ( 'NONE',  ( 1.372501360804138315, 0.000000000000000000, -0.3437086213050012384 ) ) ;
#2424 = CARTESIAN_POINT ( 'NONE',  ( 1.197192900353171163, 0.4000000000000000222, 0.9772144357959040573 ) ) ;
#2425 = CARTESIAN_POINT ( 'NONE',  ( 0.8200312696362872522, 0.4000000000000000222, 2.199307384119864928 ) ) ;
#2426 = CARTESIAN_POINT ( 'NONE',  ( -0.5111137323224418383, 0.4000000000000000222, 2.378232655445215116 ) ) ;
#2427 = CARTESIAN_POINT ( 'NONE',  ( 0.2864694918618325148, 0.4000000000000000222, 1.222107820998032501 ) ) ;
#2428 = ORIENTED_EDGE ( 'NONE', *, *, #1289, .T. ) ;
#2429 = CARTESIAN_POINT ( 'NONE',  ( -1.345055777288438392, 0.000000000000000000, -1.114413488862032064 ) ) ;
#2430 = CARTESIAN_POINT ( 'NONE',  ( -0.9519660101996524348, 0.4000000000000000222, -0.08006855085784347903 ) ) ;
#2431 = CARTESIAN_POINT ( 'NONE',  ( -1.361186868442736841, 0.4000000000000000222, 1.494621751366744355 ) ) ;
#2432 = CARTESIAN_POINT ( 'NONE',  ( 0.000000000000000000, 1.999999999999998224, 1.649999999999999911 ) ) ;
#2433 = CARTESIAN_POINT ( 'NONE',  ( -1.022718912617998299, 0.000000000000000000, -1.985492271711819079 ) ) ;
#2434 = CARTESIAN_POINT ( 'NONE',  ( -0.7060721907654576857, 0.000000000000000000, 2.335392855854358629 ) ) ;
#2435 = CARTESIAN_POINT ( 'NONE',  ( -1.322861759940584525, 0.000000000000000000, -1.893995068569755080 ) ) ;
#2436 = EDGE_CURVE ( 'NONE', #346, #30, #2506, .T. ) ;
#2437 = CARTESIAN_POINT ( 'NONE',  ( 0.2879897173713235614, 0.000000000000000000, 1.186886212716694367 ) ) ;
#2438 = CARTESIAN_POINT ( 'NONE',  ( -1.503560462938725362, 0.4000000000000000222, -1.377013177553416456 ) ) ;
#2439 = ORIENTED_EDGE ( 'NONE', *, *, #893, .F. ) ;
#2440 = CARTESIAN_POINT ( 'NONE',  ( -0.3189886105605977962, 0.4000000000000000222, 1.711867468341502496 ) ) ;
#2441 = CARTESIAN_POINT ( 'NONE',  ( 0.4781628588773493282, 0.4000000000000000222, 0.3189949648210524402 ) ) ;
#2442 = CARTESIAN_POINT ( 'NONE',  ( 1.164966583656097843, 0.000000000000000000, -1.523686718360877101 ) ) ;
#2443 = CARTESIAN_POINT ( 'NONE',  ( -0.8765404841809063541, 0.4000000000000000222, 2.281407563360666302 ) ) ;
#2444 = LINE ( 'NONE', #2947, #1073 ) ;
#2445 = ORIENTED_EDGE ( 'NONE', *, *, #1309, .T. ) ;
#2446 = CARTESIAN_POINT ( 'NONE',  ( -1.192257132665049069, 0.4000000000000000222, 2.130167721417032922 ) ) ;
#2447 = CARTESIAN_POINT ( 'NONE',  ( -1.102307970140911753, 0.4000000000000000222, 0.02606200738766160235 ) ) ;
#2448 = LINE ( 'NONE', #2396, #2536 ) ;
#2449 = LINE ( 'NONE', #81, #357 ) ;
#2450 = CARTESIAN_POINT ( 'NONE',  ( -0.05369428141654816744, 0.000000000000000000, 0.6560646933962460681 ) ) ;
#2451 = CARTESIAN_POINT ( 'NONE',  ( -1.360439817163654697, 0.000000000000000000, 1.939809241675229057 ) ) ;
#2452 = CARTESIAN_POINT ( 'NONE',  ( 1.247955441942401711, 0.4000000000000000222, 1.341880678663065929 ) ) ;
#2453 = CARTESIAN_POINT ( 'NONE',  ( -1.352064417149068776, -5.421010862427522170E-17, 1.451260531807612608 ) ) ;
#2454 = CARTESIAN_POINT ( 'NONE',  ( -1.374662460464895375, 0.4000000000000000222, 1.624848508871813424 ) ) ;
#2455 = EDGE_CURVE ( 'NONE', #229, #2665, #1492, .T. ) ;
#2456 = ORIENTED_EDGE ( 'NONE', *, *, #1593, .F. ) ;
#2457 = CARTESIAN_POINT ( 'NONE',  ( -0.7834274058628610815, 0.000000000000000000, -1.316265407590222258 ) ) ;
#2458 = CARTESIAN_POINT ( 'NONE',  ( 1.247955441942401711, 0.4000000000000000222, 1.341880678663065929 ) ) ;
#2459 = EDGE_CURVE ( 'NONE', #258, #2748, #1042, .T. ) ;
#2460 = CARTESIAN_POINT ( 'NONE',  ( -0.2579907884784772287, 0.000000000000000000, -2.063997714971405273 ) ) ;
#2461 = CARTESIAN_POINT ( 'NONE',  ( -1.124926501769561105, 0.4000000000000000222, 2.170482447494255229 ) ) ;
#2462 = CARTESIAN_POINT ( 'NONE',  ( 1.439948586856617530, 0.4000000000000000222, -0.7100460576076135233 ) ) ;
#2463 = DIRECTION ( 'NONE',  ( 0.000000000000000000, 0.000000000000000000, -1.000000000000000000 ) ) ;
#2464 = CARTESIAN_POINT ( 'NONE',  ( -1.119738534930362794, -1.084202172485504434E-16, 0.2769300272225010406 ) ) ;
#2465 = B_SPLINE_CURVE_WITH_KNOTS ( 'NONE', 3,
 ( #2641, #2693, #2140, #321, #552, #1358, #2431, #2934, #63, #1618, #1322 ),
 .UNSPECIFIED., .F., .F.,
 ( 4, 1, 1, 1, 1, 1, 1, 1, 4 ),
 ( 0.000000000000000000, 0.06811578923826758225, 0.1314434496007181596, 0.2003071993396774442, 0.2875480383758302616, 0.4023846996366317041, 0.5558212035869315448, 0.7537652060441863977, 0.9999999999999998890 ),
 .UNSPECIFIED. ) ;
#2466 = CARTESIAN_POINT ( 'NONE',  ( -1.493108416383633008, 0.4000000000000000222, -1.640278170145210712 ) ) ;
#2467 = APPLICATION_PROTOCOL_DEFINITION ( 'draft international standard', 'automotive_design', 1998, #1429 ) ;
#2468 = CARTESIAN_POINT ( 'NONE',  ( -1.114233156060972618, 0.000000000000000000, 0.08533686398472728474 ) ) ;
#2469 = LINE ( 'NONE', #341, #1144 ) ;
#2470 = CARTESIAN_POINT ( 'NONE',  ( 0.06693563959019110943, 0.4000000000000000222, 0.7296425306507628994 ) ) ;
#2471 = CARTESIAN_POINT ( 'NONE',  ( 1.246588228140680599, 0.000000000000000000, 1.246626792083971313 ) ) ;
#2472 = CARTESIAN_POINT ( 'NONE',  ( 0.000000000000000000, 20.00000000000000000, 0.000000000000000000 ) ) ;
#2473 = EDGE_LOOP ( 'NONE', ( #3244, #2113, #1318, #1306 ) ) ;
#2474 = CARTESIAN_POINT ( 'NONE',  ( 1.289074159045835666, 0.000000000000000000, -0.1819606552294778246 ) ) ;
#2475 = VECTOR ( 'NONE', #3418, 1000.000000000000000 ) ;
#2476 = CARTESIAN_POINT ( 'NONE',  ( -1.402776497343223294, 0.4000000000000000222, -1.104725389433663274 ) ) ;
#2477 = CARTESIAN_POINT ( 'NONE',  ( -1.230548500195294936, 0.4000000000000000222, 2.104105439978942726 ) ) ;
#2478 = CARTESIAN_POINT ( 'NONE',  ( 0.8448221134589587455, 0.4000000000000000222, -1.796206588951366534 ) ) ;
#2479 = ADVANCED_FACE ( 'NONE', ( #1519 ), #2574, .T. ) ;
#2480 = CARTESIAN_POINT ( 'NONE',  ( -0.01464650577925186853, 0.4000000000000000222, 2.414721504797930240 ) ) ;
#2481 = CARTESIAN_POINT ( 'NONE',  ( -0.3609871110105823400, 0.4000000000000000222, -1.360022850285947715 ) ) ;
#2482 = CARTESIAN_POINT ( 'NONE',  ( -0.9519660101996524348, 0.000000000000000000, -0.08006855085784347903 ) ) ;
#2483 = SHAPE_DEFINITION_REPRESENTATION ( #419, #828 ) ;
#2484 = CARTESIAN_POINT ( 'NONE',  ( -0.5609799702962237067, 0.4000000000000000222, -0.08006855085784347903 ) ) ;
#2485 = VERTEX_POINT ( 'NONE', #1393 ) ;
#2486 = CARTESIAN_POINT ( 'NONE',  ( 0.009963842536371163294, 0.000000000000000000, 0.6903829208814694640 ) ) ;
#2487 = CARTESIAN_POINT ( 'NONE',  ( -1.503560462938725362, 0.000000000000000000, -1.377013177553416456 ) ) ;
#2488 = CARTESIAN_POINT ( 'NONE',  ( -1.119338016439989980, 0.000000000000000000, 0.3293921495394596111 ) ) ;
#2489 = ORIENTED_EDGE ( 'NONE', *, *, #2455, .T. ) ;
#2490 = CARTESIAN_POINT ( 'NONE',  ( 1.091996224425372697, 0.000000000000000000, 0.7433459834379388953 ) ) ;
#2491 = DIRECTION ( 'NONE',  ( 0.000000000000000000, -1.000000000000000000, 0.000000000000000000 ) ) ;
#2492 = CARTESIAN_POINT ( 'NONE',  ( 1.228996100122349944, 0.4000000000000000222, 1.579964325699211969 ) ) ;
#2493 = CARTESIAN_POINT ( 'NONE',  ( -1.435322581760724470, 0.000000000000000000, -1.814738957236181172 ) ) ;
#2494 = CARTESIAN_POINT ( 'NONE',  ( 1.438395395124074660, -0.000000000000000000, -0.7631238632961195867 ) ) ;
#2495 = CARTESIAN_POINT ( 'NONE',  ( 0.1084473250783352938, 0.4000000000000000222, -0.2190128715447885732 ) ) ;
#2496 = B_SPLINE_CURVE_WITH_KNOTS ( 'NONE', 3,
 ( #2338, #2633, #3150, #2081, #765, #247, #1295, #528, #264, #1886, #1366, #2474, #868, #2423, #1941, #3237, #2403, #1102, #2702 ),
 .UNSPECIFIED., .F., .F.,
 ( 4, 1, 1, 1, 1, 1, 1, 1, 1, 1, 1, 1, 1, 1, 1, 1, 4 ),
 ( 0.000000000000000000, 0.07327054031221381936, 0.1438749677726260945, 0.2120049119278626937, 0.2783493746696986681, 0.3428844445526303963, 0.4054889888311944413, 0.4661727302502823855, 0.5264895117494928778, 0.5851195494856963331, 0.6434825106193874378, 0.7012222357644417592, 0.7597540186400875140, 0.8187615068694971132, 0.8775456132934722486, 0.9383917376312451708, 1.000000000000000000 ),
 .UNSPECIFIED. ) ;
#2497 = CARTESIAN_POINT ( 'NONE',  ( 0.03587549320808545300, 0.000000000000000000, -0.1831967979373058664 ) ) ;
#2498 = CYLINDRICAL_SURFACE ( 'NONE', #1687, 3.049999999999999822 ) ;
#2499 = EDGE_CURVE ( 'NONE', #1621, #873, #2465, .T. ) ;
#2500 = CARTESIAN_POINT ( 'NONE',  ( -1.119338016439989980, -1.084202172485504434E-16, 0.3293921495394596111 ) ) ;
#2501 = ORIENTED_EDGE ( 'NONE', *, *, #3069, .F. ) ;
#2502 = CARTESIAN_POINT ( 'NONE',  ( 0.2852400544197159493, 0.4000000000000000222, 1.118592372459015438 ) ) ;
#2503 = CARTESIAN_POINT ( 'NONE',  ( 1.424800915314415883, 0.4000000000000000222, -0.5207615537225155355 ) ) ;
#2504 = CARTESIAN_POINT ( 'NONE',  ( 1.334350834711491851, 0.4000000000000000222, -0.2608023786655740417 ) ) ;
#2505 = ORIENTED_EDGE ( 'NONE', *, *, #3158, .F. ) ;
#2506 = B_SPLINE_CURVE_WITH_KNOTS ( 'NONE', 3,
 ( #3110, #3095, #742, #1535, #1778, #1796, #223, #2851, #2593, #3142, #1285, #2348, #3125, #772, #1253, #1829, #2885, #483, #2834 ),
 .UNSPECIFIED., .F., .F.,
 ( 4, 1, 1, 1, 1, 1, 1, 1, 1, 1, 1, 1, 1, 1, 1, 1, 4 ),
 ( 0.000000000000000000, 0.08330734226424274524, 0.1626567663697705557, 0.2376045901538131333, 0.3084022174589676202, 0.3756956512077376797, 0.4394254502797457773, 0.4996392052106559123, 0.5577300865224228410, 0.6138386023906888811, 0.6686072105248932473, 0.7221015757886788400, 0.7759386881509150458, 0.8306103320164450743, 0.8857201808859531678, 0.9418665099782360661, 1.000000000000000000 ),
 .UNSPECIFIED. ) ;
#2507 = CARTESIAN_POINT ( 'NONE',  ( -1.119738534930362794, -0.000000000000000000, 0.2769300272225010406 ) ) ;
#2508 = CARTESIAN_POINT ( 'NONE',  ( -1.292390902988446388, 0.000000000000000000, 1.393873349837385200 ) ) ;
#2509 = EDGE_LOOP ( 'NONE', ( #1361, #2626, #3394, #2061 ) ) ;
#2510 = CARTESIAN_POINT ( 'NONE',  ( 0.9083630638938935409, 0.4000000000000000222, 2.133687187143369801 ) ) ;
#2511 = CARTESIAN_POINT ( 'NONE',  ( -1.122471793268721374, 0.000000000000000000, 1.453611026091337077 ) ) ;
#2512 = VECTOR ( 'NONE', #453, 1000.000000000000000 ) ;
#2513 = CARTESIAN_POINT ( 'NONE',  ( -1.122471793268721374, 0.000000000000000000, 1.453611026091337077 ) ) ;
#2514 = CARTESIAN_POINT ( 'NONE',  ( -0.9609656888675064401, -1.084202172485504434E-16, 0.5599085988562086946 ) ) ;
#2515 = CARTESIAN_POINT ( 'NONE',  ( -0.5209613643118643500, 0.4000000000000000222, -0.08058758810413092777 ) ) ;
#2516 = CARTESIAN_POINT ( 'NONE',  ( 1.402127169467813017, 0.000000000000000000, -0.4305903216940969447 ) ) ;
#2517 = CARTESIAN_POINT ( 'NONE',  ( -1.483859206809609699, 0.000000000000000000, -1.695412616650086246 ) ) ;
#2518 = CARTESIAN_POINT ( 'NONE',  ( 1.163769461086309187, 0.000000000000000000, 1.794070544628881159 ) ) ;
#2519 = DIRECTION ( 'NONE',  ( 0.000000000000000000, 1.000000000000000000, 0.000000000000000000 ) ) ;
#2520 = ADVANCED_FACE ( 'NONE', ( #80 ), #1110, .T. ) ;
#2521 = CARTESIAN_POINT ( 'NONE',  ( -1.402776497343223294, 0.4000000000000000222, -1.104725389433663274 ) ) ;
#2522 = FACE_BOUND ( 'NONE', #454, .T. ) ;
#2523 = ORIENTED_EDGE ( 'NONE', *, *, #2925, .F. ) ;
#2524 = CARTESIAN_POINT ( 'NONE',  ( 0.8653209759821208769, 0.000000000000000000, 0.4974310009453534742 ) ) ;
#2525 =( NAMED_UNIT ( * ) SI_UNIT ( $, .STERADIAN. ) SOLID_ANGLE_UNIT ( ) );
#2526 = ORIENTED_EDGE ( 'NONE', *, *, #1035, .F. ) ;
#2527 = CARTESIAN_POINT ( 'NONE',  ( -0.4645158382519345985, 0.000000000000000000, 0.5618368311571295681 ) ) ;
#2528 = CARTESIAN_POINT ( 'NONE',  ( -1.022718912617998299, 0.4000000000000000222, -1.985492271711819079 ) ) ;
#2529 = CARTESIAN_POINT ( 'NONE',  ( -0.3609871110105823400, 0.4000000000000000222, -1.360022850285947715 ) ) ;
#2530 = CARTESIAN_POINT ( 'NONE',  ( -0.3306413586189863030, 0.000000000000000000, -1.359372091377444747 ) ) ;
#2531 = CARTESIAN_POINT ( 'NONE',  ( -1.267954727870965748, 0.4000000000000000222, 1.391878893484476576 ) ) ;
#2532 = CARTESIAN_POINT ( 'NONE',  ( 1.033149468946106708, 0.000000000000000000, 0.08588774054734532593 ) ) ;
#2533 = CARTESIAN_POINT ( 'NONE',  ( -1.033871568434238997, 0.4000000000000000222, 0.5475092685017913796 ) ) ;
#2534 = CARTESIAN_POINT ( 'NONE',  ( 0.9083630638938935409, 0.000000000000000000, 2.133687187143369801 ) ) ;
#2535 = CARTESIAN_POINT ( 'NONE',  ( 0.000000000000000000, 23.00000000000000000, 0.000000000000000000 ) ) ;
#2536 = VECTOR ( 'NONE', #859, 1000.000000000000000 ) ;
#2537 = CARTESIAN_POINT ( 'NONE',  ( 1.334350834711491851, 0.4000000000000000222, -0.2608023786655740417 ) ) ;
#2538 = CARTESIAN_POINT ( 'NONE',  ( 0.1726652351953421871, 0.000000000000000000, -0.2605553143192271826 ) ) ;
#2539 = LINE ( 'NONE', #1140, #970 ) ;
#2540 = ORIENTED_EDGE ( 'NONE', *, *, #1336, .T. ) ;
#2541 = EDGE_CURVE ( 'NONE', #2300, #733, #2448, .T. ) ;
#2542 = CARTESIAN_POINT ( 'NONE',  ( 0.8653209759821208769, 0.4000000000000000222, 0.4974310009453534742 ) ) ;
#2543 = LINE ( 'NONE', #918, #250 ) ;
#2544 = ORIENTED_EDGE ( 'NONE', *, *, #368, .F. ) ;
#2545 = EDGE_CURVE ( 'NONE', #7, #229, #2676, .T. ) ;
#2546 = CARTESIAN_POINT ( 'NONE',  ( 0.009963842536371163294, 0.000000000000000000, 0.6903829208814694640 ) ) ;
#2547 = CARTESIAN_POINT ( 'NONE',  ( -1.358314509104268319, 0.000000000000000000, -1.875077198622074892 ) ) ;
#2548 = CARTESIAN_POINT ( 'NONE',  ( 0.8448221134589587455, 0.000000000000000000, -1.796206588951366534 ) ) ;
#2549 = CARTESIAN_POINT ( 'NONE',  ( -0.007353655231171890398, 0.4000000000000000222, -1.311908160093362419 ) ) ;
#2550 = CARTESIAN_POINT ( 'NONE',  ( -0.3189886105605977962, 0.000000000000000000, 1.711867468341502496 ) ) ;
#2551 = CARTESIAN_POINT ( 'NONE',  ( -1.101301785491259011, 0.4000000000000000222, 0.4559256562003337065 ) ) ;
#2552 = CARTESIAN_POINT ( 'NONE',  ( 0.1994634916215114184, 0.4000000000000000222, -1.208491581162337125 ) ) ;
#2553 = LINE ( 'NONE', #2000, #2205 ) ;
#2554 = CARTESIAN_POINT ( 'NONE',  ( 0.4159851473141342182, 0.4000000000000000222, -0.7450448079826007541 ) ) ;
#2555 = B_SPLINE_CURVE_WITH_KNOTS ( 'NONE', 3,
 ( #3140, #3385, #2897, #2656, #1011, #3402, #1025, #2068, #1810, #8, #2605, #500, #2085, #2638, #770, #1319, #2379, #1826, #1338 ),
 .UNSPECIFIED., .F., .F.,
 ( 4, 1, 1, 1, 1, 1, 1, 1, 1, 1, 1, 1, 1, 1, 1, 1, 4 ),
 ( 0.000000000000000000, 0.05568104497087090349, 0.1096633112279710442, 0.1612663231561356492, 0.2127653021675542100, 0.2639288510208084304, 0.3159242040629537396, 0.3685240490275151215, 0.4230887997606669892, 0.4801963192449207884, 0.5406788027646574069, 0.6051418040589169323, 0.6740860710511028531, 0.7471874152496615906, 0.8261363578683916797, 0.9098098657221785901, 1.000000000000000000 ),
 .UNSPECIFIED. ) ;
#2556 = CARTESIAN_POINT ( 'NONE',  ( -1.086006624129286280, 0.000000000000000000, 0.4986312552174472223 ) ) ;
#2557 = DIRECTION ( 'NONE',  ( -0.000000000000000000, -1.000000000000000000, -0.000000000000000000 ) ) ;
#2558 = EDGE_LOOP ( 'NONE', ( #3138, #2505, #3113, #2154 ) ) ;
#2559 = CARTESIAN_POINT ( 'NONE',  ( 0.4781628588773493282, 0.000000000000000000, 0.3189949648210524402 ) ) ;
#2560 = CARTESIAN_POINT ( 'NONE',  ( -1.102307970140911753, 0.000000000000000000, 0.02606200738766160235 ) ) ;
#2561 = ORIENTED_EDGE ( 'NONE', *, *, #2968, .T. ) ;
#2562 = CARTESIAN_POINT ( 'NONE',  ( 0.2572358404020863021, 0.4000000000000000222, 0.9886179828112393597 ) ) ;
#2563 = CARTESIAN_POINT ( 'NONE',  ( -0.2579907884784772287, 0.000000000000000000, -2.063997714971405273 ) ) ;
#2564 = ADVANCED_FACE ( 'NONE', ( #535 ), #510, .F. ) ;
#2565 = CARTESIAN_POINT ( 'NONE',  ( -0.3969919853894166573, 0.4000000000000000222, -1.359281968891533188 ) ) ;
#2566 = CARTESIAN_POINT ( 'NONE',  ( 0.1025998712952996134, 0.4000000000000000222, -1.268255015581575940 ) ) ;
#2567 = AXIS2_PLACEMENT_3D ( 'NONE', #2316, #3373, #1797 ) ;
#2568 = CARTESIAN_POINT ( 'NONE',  ( 0.7215402829363631865, 0.000000000000000000, 2.256595263262166196 ) ) ;
#2569 = CARTESIAN_POINT ( 'NONE',  ( 1.091996224425372697, 0.000000000000000000, 0.7433459834379388953 ) ) ;
#2570 = CARTESIAN_POINT ( 'NONE',  ( 0.3772029046219545489, 0.4000000000000000222, -0.9800462846333741762 ) ) ;
#2571 = CARTESIAN_POINT ( 'NONE',  ( -0.3609871110105823400, 0.4000000000000000222, -1.360022850285947715 ) ) ;
#2572 = CARTESIAN_POINT ( 'NONE',  ( -1.375950871885212035, 0.000000000000000000, 1.709867539748646248 ) ) ;
#2573 = CARTESIAN_POINT ( 'NONE',  ( 0.3387691123487930334, 0.4000000000000000222, -1.053637510078761386 ) ) ;
#2574 = B_SPLINE_SURFACE_WITH_KNOTS ( 'NONE', 3, 1, ( 
 ( #272, #304 ),
 ( #27, #1340 ),
 ( #2158, #1374 ),
 ( #3210, #3193 ),
 ( #841, #338 ),
 ( #822, #788 ),
 ( #1091, #1897 ),
 ( #1074, #2951 ),
 ( #1878, #587 ),
 ( #569, #1637 ),
 ( #3227, #2712 ) ),
 .UNSPECIFIED., .F., .F., .F.,
 ( 4, 1, 1, 1, 1, 1, 1, 1, 4 ),
 ( 2, 2 ),
 ( 0.000000000000000000, 0.1163069737937504206, 0.2312179710123322685, 0.3427674030721790666, 0.4532691418904810088, 0.5689407975750531143, 0.6963573075600631990, 0.8384912334457836902, 1.000000000000000000 ),
 ( 0.000000000000000000, 1.000000000000000000 ),
 .UNSPECIFIED. ) ;
#2575 = CARTESIAN_POINT ( 'NONE',  ( 1.070303614450996088, 0.4000000000000000222, -1.625217734022309957 ) ) ;
#2576 = VERTEX_POINT ( 'NONE', #2482 ) ;
#2577 = CIRCLE ( 'NONE', #1968, 4.349999999999999645 ) ;
#2578 = DIRECTION ( 'NONE',  ( 0.000000000000000000, -1.000000000000000000, 0.000000000000000000 ) ) ;
#2579 = CARTESIAN_POINT ( 'NONE',  ( -1.258441831604885541, 0.4000000000000000222, -1.918476493279889894 ) ) ;
#2580 = ORIENTED_EDGE ( 'NONE', *, *, #1120, .F. ) ;
#2581 = CARTESIAN_POINT ( 'NONE',  ( -1.160257551616574068, 0.000000000000000000, -1.949285133478493304 ) ) ;
#2582 = B_SPLINE_CURVE_WITH_KNOTS ( 'NONE', 3,
 ( #969, #230, #2305, #2877, #2358, #591, #2079, #308, #1804, #3133, #826, #2938, #1622, #2614, #1526 ),
 .UNSPECIFIED., .F., .F.,
 ( 4, 1, 1, 1, 1, 1, 1, 1, 1, 1, 1, 1, 4 ),
 ( 0.000000000000000000, 0.01884756099463848200, 0.04394113417407023020, 0.07699588015202502023, 0.1161822139690416866, 0.2138372565016160853, 0.3315328579219220528, 0.4703561594017290903, 0.6274612503306988831, 0.7128201092224394353, 0.8040276864940395507, 0.8993103697133720820, 1.000000000000000000 ),
 .UNSPECIFIED. ) ;
#2583 = FILL_AREA_STYLE_COLOUR ( '', #2631 ) ;
#2584 = CARTESIAN_POINT ( 'NONE',  ( 0.2014851085897332306, 0.4000000000000000222, 0.8720796171168641031 ) ) ;
#2585 = CARTESIAN_POINT ( 'NONE',  ( -0.1050647638246545723, 0.4000000000000000222, -1.336164934942370541 ) ) ;
#2586 = ADVANCED_FACE ( 'NONE', ( #2228 ), #3291, .T. ) ;
#2587 = VECTOR ( 'NONE', #1095, 1000.000000000000000 ) ;
#2588 = EDGE_LOOP ( 'NONE', ( #883, #2439, #1751, #3400 ) ) ;
#2589 = CARTESIAN_POINT ( 'NONE',  ( -0.4888035185822428019, 0.4000000000000000222, 1.706285168720422796 ) ) ;
#2590 = CARTESIAN_POINT ( 'NONE',  ( 0.2310703145155794114, 0.000000000000000000, 2.400277275964825652 ) ) ;
#2591 = CARTESIAN_POINT ( 'NONE',  ( -0.7955155243421712097, 0.000000000000000000, 1.613070008554264412 ) ) ;
#2592 = EDGE_CURVE ( 'NONE', #2321, #2300, #2342, .T. ) ;
#2593 = CARTESIAN_POINT ( 'NONE',  ( 0.009963842536371163294, 0.4000000000000000222, 0.6903829208814694640 ) ) ;
#2594 = CARTESIAN_POINT ( 'NONE',  ( -1.316786006472197901, 0.000000000000000000, 1.401309237616946923 ) ) ;
#2595 = FACE_OUTER_BOUND ( 'NONE', #2004, .T. ) ;
#2596 = ORIENTED_EDGE ( 'NONE', *, *, #1270, .F. ) ;
#2597 = CARTESIAN_POINT ( 'NONE',  ( -0.5609799702962237067, 0.4000000000000000222, -0.08006855085784347903 ) ) ;
#2598 = CARTESIAN_POINT ( 'NONE',  ( -1.498003037442620977, 0.000000000000000000, -1.264124541255858603 ) ) ;
#2599 = VERTEX_POINT ( 'NONE', #1066 ) ;
#2600 = CARTESIAN_POINT ( 'NONE',  ( -0.4645158382519345985, 0.4000000000000000222, 0.5618368311571295681 ) ) ;
#2601 = FILL_AREA_STYLE ('',( #2583 ) ) ;
#2602 = CARTESIAN_POINT ( 'NONE',  ( -0.4888035185822428019, 0.000000000000000000, 1.706285168720422796 ) ) ;
#2603 = CARTESIAN_POINT ( 'NONE',  ( -1.402776497343223294, -0.000000000000000000, -1.104725389433663274 ) ) ;
#2604 = CARTESIAN_POINT ( 'NONE',  ( 1.045030366370488961, 0.000000000000000000, 0.6742936175874481020 ) ) ;
#2605 = CARTESIAN_POINT ( 'NONE',  ( 0.1084473250783352938, 0.4000000000000000222, -0.2190128715447885732 ) ) ;
#2606 = CARTESIAN_POINT ( 'NONE',  ( -1.288931753400617497, 0.4000000000000000222, 2.060859975139671008 ) ) ;
#2607 = CARTESIAN_POINT ( 'NONE',  ( -1.498003037442620977, 0.000000000000000000, -1.264124541255858603 ) ) ;
#2608 = CARTESIAN_POINT ( 'NONE',  ( 0.4159851473141342182, 0.4000000000000000222, -0.7450448079826007541 ) ) ;
#2609 = DIRECTION ( 'NONE',  ( 0.000000000000000000, -1.000000000000000000, 0.000000000000000000 ) ) ;
#2610 = ORIENTED_EDGE ( 'NONE', *, *, #115, .T. ) ;
#2611 = CARTESIAN_POINT ( 'NONE',  ( 1.247955441942401711, 0.4000000000000000222, 1.341880678663065929 ) ) ;
#2612 = CARTESIAN_POINT ( 'NONE',  ( -1.462431535963525819, 0.000000000000000000, -1.141616650891171370 ) ) ;
#2613 = ORIENTED_EDGE ( 'NONE', *, *, #238, .F. ) ;
#2614 = CARTESIAN_POINT ( 'NONE',  ( -0.3969919853894166573, -0.000000000000000000, -1.359281968891533188 ) ) ;
#2615 = CARTESIAN_POINT ( 'NONE',  ( -0.3762614420091044409, 0.4000000000000000222, 1.709984747271733774 ) ) ;
#2616 = CARTESIAN_POINT ( 'NONE',  ( -1.178524976958727599, 0.000000000000000000, 1.421307961209435478 ) ) ;
#2617 = DIRECTION ( 'NONE',  ( 0.000000000000000000, 0.000000000000000000, -1.000000000000000000 ) ) ;
#2618 = ORIENTED_EDGE ( 'NONE', *, *, #322, .F. ) ;
#2619 = CARTESIAN_POINT ( 'NONE',  ( 0.6303905994977729854, 0.4000000000000000222, 0.3678714770785138644 ) ) ;
#2620 = CARTESIAN_POINT ( 'NONE',  ( -0.07803367653717500907, 0.4000000000000000222, -2.060123546862718591 ) ) ;
#2621 = DIRECTION ( 'NONE',  ( -0.000000000000000000, -1.000000000000000000, -0.000000000000000000 ) ) ;
#2622 = CARTESIAN_POINT ( 'NONE',  ( -0.3609871110105823400, 0.000000000000000000, -1.360022850285947715 ) ) ;
#2623 = VECTOR ( 'NONE', #2491, 1000.000000000000000 ) ;
#2624 = CARTESIAN_POINT ( 'NONE',  ( -0.5209613643118643500, 0.4000000000000000222, -0.08058758810413092777 ) ) ;
#2625 = CARTESIAN_POINT ( 'NONE',  ( -0.9519660101996524348, 0.4000000000000000222, -0.08006855085784347903 ) ) ;
#2626 = ORIENTED_EDGE ( 'NONE', *, *, #1420, .F. ) ;
#2627 = EDGE_CURVE ( 'NONE', #286, #2736, #1332, .T. ) ;
#2628 = CARTESIAN_POINT ( 'NONE',  ( 1.057428056376395364, 0.000000000000000000, 1.980373981026668950 ) ) ;
#2629 = CARTESIAN_POINT ( 'NONE',  ( -0.5289691230664353983, -0.000000000000000000, 0.5605616856384626479 ) ) ;
#2630 = EDGE_LOOP ( 'NONE', ( #819, #486, #2540, #1377 ) ) ;
#2631 = COLOUR_RGB ( '',0.7921568627450980005, 0.8196078431372548767, 0.9333333333333333481 ) ;
#2632 = B_SPLINE_CURVE_WITH_KNOTS ( 'NONE', 3,
 ( #282, #797, #443, #1050, #3186, #2115, #2293, #2568, #3349, #974, #3330, #2033, #201, #1249, #2309, #992, #2049, #3106, #2846 ),
 .UNSPECIFIED., .F., .F.,
 ( 4, 1, 1, 1, 1, 1, 1, 1, 1, 1, 1, 1, 1, 1, 1, 1, 4 ),
 ( 0.000000000000000000, 0.08005801231394923945, 0.1562173183688796707, 0.2273717993318709885, 0.2954213627088734251, 0.3603277124659228781, 0.4217353532226664203, 0.4806410846517898405, 0.5374850325469214818, 0.5930221587964947805, 0.6483083758520717943, 0.7030696109480348843, 0.7593023671793133200, 0.8163454354349610753, 0.8751961447630955959, 0.9360384557347473100, 1.000000000000000000 ),
 .UNSPECIFIED. ) ;
#2633 = CARTESIAN_POINT ( 'NONE',  ( 0.4837873021403584217, -0.000000000000000000, 0.2960027549124398250 ) ) ;
#2634 = DIRECTION ( 'NONE',  ( 0.000000000000000000, -1.000000000000000000, 0.000000000000000000 ) ) ;
#2635 = FACE_OUTER_BOUND ( 'NONE', #2888, .T. ) ;
#2636 = CARTESIAN_POINT ( 'NONE',  ( -1.260217733129085138, 0.000000000000000000, 1.392559292313966690 ) ) ;
#2637 = CARTESIAN_POINT ( 'NONE',  ( -0.9994979139597511830, 0.4000000000000000222, 0.5591222913259853433 ) ) ;
#2638 = CARTESIAN_POINT ( 'NONE',  ( -0.1325348429984342380, 0.4000000000000000222, -0.1266448974004860950 ) ) ;
#2639 = DIRECTION ( 'NONE',  ( 0.000000000000000000, 0.000000000000000000, 1.000000000000000000 ) ) ;
#2640 = VECTOR ( 'NONE', #2621, 1000.000000000000000 ) ;
#2641 = CARTESIAN_POINT ( 'NONE',  ( -1.267954727870965748, 0.4000000000000000222, 1.391878893484476576 ) ) ;
#2642 = CARTESIAN_POINT ( 'NONE',  ( 0.3561882628201473722, 0.000000000000000000, -0.4706272906506272502 ) ) ;
#2643 = CARTESIAN_POINT ( 'NONE',  ( 1.424800915314415883, 0.4000000000000000222, -0.5207615537225155355 ) ) ;
#2644 = VERTEX_POINT ( 'NONE', #1871 ) ;
#2645 = LINE ( 'NONE', #277, #441 ) ;
#2646 = CARTESIAN_POINT ( 'NONE',  ( 0.009963842536371163294, 0.000000000000000000, 0.6903829208814694640 ) ) ;
#2647 = EDGE_CURVE ( 'NONE', #286, #2119, #2927, .T. ) ;
#2648 = ORIENTED_EDGE ( 'NONE', *, *, #2925, .T. ) ;
#2649 = AXIS2_PLACEMENT_3D ( 'NONE', #243, #3392, #983 ) ;
#2650 =( NAMED_UNIT ( * ) SI_UNIT ( $, .STERADIAN. ) SOLID_ANGLE_UNIT ( ) );
#2651 = CARTESIAN_POINT ( 'NONE',  ( -0.9609656888675063291, 0.4000000000000000222, 0.5599085988562085836 ) ) ;
#2652 = CARTESIAN_POINT ( 'NONE',  ( 0.000000000000000000, 0.000000000000000000, 4.049999999999998046 ) ) ;
#2653 = CARTESIAN_POINT ( 'NONE',  ( 0.06693563959019110943, 0.4000000000000000222, 0.7296425306507628994 ) ) ;
#2654 = CARTESIAN_POINT ( 'NONE',  ( -1.112864452135039262, 0.4000000000000000222, 0.4004697518324028538 ) ) ;
#2655 = ORIENTED_EDGE ( 'NONE', *, *, #3134, .T. ) ;
#2656 = CARTESIAN_POINT ( 'NONE',  ( 0.4026954530456103853, 0.4000000000000000222, -0.6007551168600537839 ) ) ;
#2657 = CARTESIAN_POINT ( 'NONE',  ( -1.124926501769561105, 0.000000000000000000, 2.170482447494255229 ) ) ;
#2658 = CARTESIAN_POINT ( 'NONE',  ( 0.2304556422581999775, 0.4000000000000000222, -0.3052195560615471037 ) ) ;
#2659 = CARTESIAN_POINT ( 'NONE',  ( -0.007353655231171890398, 0.000000000000000000, -1.311908160093362419 ) ) ;
#2660 = CARTESIAN_POINT ( 'NONE',  ( 0.2014851085897332306, 0.000000000000000000, 0.8720796171168641031 ) ) ;
#2661 = VERTEX_POINT ( 'NONE', #545 ) ;
#2662 = B_SPLINE_CURVE_WITH_KNOTS ( 'NONE', 3,
 ( #2780, #3057, #2812, #411, #978, #2850, #1467, #482, #1534, #692, #1501, #1217, #3334, #2020, #188, #1233, #2296, #1057, #2122, #1860, #771 ),
 .UNSPECIFIED., .F., .F.,
 ( 4, 1, 1, 1, 1, 1, 1, 1, 1, 1, 1, 1, 1, 1, 1, 1, 1, 1, 4 ),
 ( 0.000000000000000000, 0.04618021369592312242, 0.08338048637253402118, 0.1141757308677434496, 0.1398156521358968063, 0.1612457443688149750, 0.1805573315818425617, 0.2011923301351904725, 0.2266492575870860948, 0.2432359315937908384, 0.2656903907184886560, 0.2929681590677117864, 0.3265990921177970296, 0.4067921246565798787, 0.5006703359449099500, 0.6082094252650039889, 0.7280894338561564316, 0.8595438823833522202, 1.000000000000000000 ),
 .UNSPECIFIED. ) ;
#2663 = CARTESIAN_POINT ( 'NONE',  ( 0.8616450883569798380, 0.4000000000000000222, 0.1853906885861230924 ) ) ;
#2664 = CARTESIAN_POINT ( 'NONE',  ( -0.3969919853894166573, 0.000000000000000000, -1.359281968891533188 ) ) ;
#2665 = VERTEX_POINT ( 'NONE', #561 ) ;
#2666 = CARTESIAN_POINT ( 'NONE',  ( 0.2834472873772670987, 0.4000000000000000222, 1.292128289564637544 ) ) ;
#2667 = CARTESIAN_POINT ( 'NONE',  ( -1.102307970140911753, 0.000000000000000000, 0.02606200738766160235 ) ) ;
#2668 = CARTESIAN_POINT ( 'NONE',  ( -0.2700920907308518304, 0.000000000000000000, 1.710417165089611169 ) ) ;
#2669 = CARTESIAN_POINT ( 'NONE',  ( -1.360439817163654697, 0.4000000000000000222, 1.939809241675229057 ) ) ;
#2670 = CARTESIAN_POINT ( 'NONE',  ( 0.09717656723973745747, 0.000000000000000000, -2.044509234274439979 ) ) ;
#2671 = EDGE_CURVE ( 'NONE', #1621, #2078, #19, .T. ) ;
#2672 = ORIENTED_EDGE ( 'NONE', *, *, #2210, .T. ) ;
#2673 = CARTESIAN_POINT ( 'NONE',  ( 0.7215402829363631865, 0.4000000000000000222, 2.256595263262166196 ) ) ;
#2674 = CARTESIAN_POINT ( 'NONE',  ( -1.334535257882124792, 0.4000000000000000222, 2.006058446555353036 ) ) ;
#2675 = B_SPLINE_CURVE_WITH_KNOTS ( 'NONE', 3,
 ( #998, #3111, #2852, #2594, #224, #1059, #1603, #1130, #1934, #3228, #2176 ),
 .UNSPECIFIED., .F., .F.,
 ( 4, 1, 1, 1, 1, 1, 1, 1, 4 ),
 ( 0.000000000000000000, 0.06811578923826758225, 0.1314434496007181596, 0.2003071993396774442, 0.2875480383758302616, 0.4023846996366317041, 0.5558212035869315448, 0.7537652060441863977, 0.9999999999999998890 ),
 .UNSPECIFIED. ) ;
#2676 = LINE ( 'NONE', #47, #2071 ) ;
#2677 = CARTESIAN_POINT ( 'NONE',  ( 0.6650495236263295196, 0.000000000000000000, 0.2593227744884216146 ) ) ;
#2678 = CARTESIAN_POINT ( 'NONE',  ( -1.387466809565713888, 0.4000000000000000222, -1.860963292561365057 ) ) ;
#2679 = EDGE_LOOP ( 'NONE', ( #3162, #1055, #784, #2948 ) ) ;
#2680 = CARTESIAN_POINT ( 'NONE',  ( -1.503946301828022580, 0.000000000000000000, -1.403021315032360938 ) ) ;
#2681 = DIRECTION ( 'NONE',  ( 0.000000000000000000, 0.000000000000000000, -1.000000000000000000 ) ) ;
#2682 = FACE_OUTER_BOUND ( 'NONE', #2044, .T. ) ;
#2683 = ORIENTED_EDGE ( 'NONE', *, *, #1489, .F. ) ;
#2684 = CARTESIAN_POINT ( 'NONE',  ( 1.091996224425372697, 0.4000000000000000222, 0.7433459834379388953 ) ) ;
#2685 = CARTESIAN_POINT ( 'NONE',  ( 0.4459840762069803843, 0.4000000000000000222, 0.3109174890455852491 ) ) ;
#2686 = CARTESIAN_POINT ( 'NONE',  ( 0.6124208930908972004, 0.000000000000000000, 2.304043398272572318 ) ) ;
#2687 = CARTESIAN_POINT ( 'NONE',  ( -0.7060721907654576857, 0.4000000000000000222, 2.335392855854358629 ) ) ;
#2688 = FACE_OUTER_BOUND ( 'NONE', #538, .T. ) ;
#2689 = ORIENTED_EDGE ( 'NONE', *, *, #71, .F. ) ;
#2690 = ADVANCED_FACE ( 'NONE', ( #1855 ), #723, .F. ) ;
#2691 = CARTESIAN_POINT ( 'NONE',  ( -1.375950871885212035, 0.4000000000000000222, 1.709867539748646248 ) ) ;
#2692 = CARTESIAN_POINT ( 'NONE',  ( -1.119573305455784595, 0.4000000000000000222, 0.2169244247736029363 ) ) ;
#2693 = CARTESIAN_POINT ( 'NONE',  ( -1.276295556207331039, 0.4000000000000000222, 1.392559663612535026 ) ) ;
#2694 = CARTESIAN_POINT ( 'NONE',  ( 0.6650495236263295196, 0.4000000000000000222, 0.2593227744884216146 ) ) ;
#2695 = CARTESIAN_POINT ( 'NONE',  ( -0.2579907884784772287, 0.000000000000000000, -2.063997714971405273 ) ) ;
#2696 = CARTESIAN_POINT ( 'NONE',  ( -1.021930699909558538, 0.000000000000000000, 2.222981793775145487 ) ) ;
#2697 = CARTESIAN_POINT ( 'NONE',  ( -0.9609656888675063291, 0.000000000000000000, 0.5599085988562085836 ) ) ;
#2698 = PLANE ( 'NONE',  #1155 ) ;
#2699 = CARTESIAN_POINT ( 'NONE',  ( -0.9148991748306380956, 0.4000000000000000222, -1.279515456971897169 ) ) ;
#2700 = VECTOR ( 'NONE', #2062, 1000.000000000000000 ) ;
#2701 = VERTEX_POINT ( 'NONE', #1756 ) ;
#2702 = CARTESIAN_POINT ( 'NONE',  ( 1.439948586856617530, 0.000000000000000000, -0.7100460576076135233 ) ) ;
#2703 = CARTESIAN_POINT ( 'NONE',  ( -0.2700920907308518304, -0.000000000000000000, 1.710417165089611169 ) ) ;
#2704 = PLANE ( 'NONE',  #534 ) ;
#2705 = CARTESIAN_POINT ( 'NONE',  ( -1.367694155069333561, 0.4000000000000000222, 1.897063969759776425 ) ) ;
#2706 = CARTESIAN_POINT ( 'NONE',  ( 0.7164563118296204403, 0.4000000000000000222, -1.868431480811654888 ) ) ;
#2707 = VECTOR ( 'NONE', #1017, 1000.000000000000000 ) ;
#2708 = VERTEX_POINT ( 'NONE', #2550 ) ;
#2709 = CARTESIAN_POINT ( 'NONE',  ( -1.174574561847825827, 0.000000000000000000, -1.190364128820155409 ) ) ;
#2710 = CARTESIAN_POINT ( 'NONE',  ( -1.345055777288438392, 0.4000000000000000222, -1.114413488862032064 ) ) ;
#2711 = B_SPLINE_SURFACE_WITH_KNOTS ( 'NONE', 3, 1, ( 
 ( #971, #2563 ),
 ( #2758, #197 ),
 ( #654, #2046 ),
 ( #2788, #2306 ),
 ( #1245, #3087 ),
 ( #2528, #3292 ),
 ( #421, #1704 ),
 ( #703, #3345 ),
 ( #2806, #1753 ),
 ( #387, #2547 ),
 ( #3326, #1443 ),
 ( #438, #3363 ),
 ( #2010, #2493 ),
 ( #127, #1174 ),
 ( #1976, #1992 ),
 ( #2240, #920 ),
 ( #3034, #668 ),
 ( #684, #1495 ),
 ( #1719, #2772 ),
 ( #402, #1458 ),
 ( #1734, #1477 ) ),
 .UNSPECIFIED., .F., .F., .F.,
 ( 4, 1, 1, 1, 1, 1, 1, 1, 1, 1, 1, 1, 1, 1, 1, 1, 1, 1, 4 ),
 ( 2, 2 ),
 ( 0.000000000000000000, 0.1325257415427738839, 0.2575290077627794827, 0.3717432874816157806, 0.4726868854724723401, 0.5593540911557588480, 0.6308444315745350695, 0.6602968409534745176, 0.6847557356507029125, 0.7040587397599338271, 0.7192508928703537086, 0.7433753431868794781, 0.7668244696531077986, 0.7920049765009365972, 0.8198857854262050493, 0.8532587654585465087, 0.8935909992881692077, 0.9422666199209731586, 1.000000000000000000 ),
 ( 0.000000000000000000, 1.000000000000000000 ),
 .UNSPECIFIED. ) ;
#2712 = CARTESIAN_POINT ( 'NONE',  ( -0.3189886105605977962, 0.000000000000000000, 1.711867468341502496 ) ) ;
#2713 = DIRECTION ( 'NONE',  ( -0.000000000000000000, -1.000000000000000000, -0.000000000000000000 ) ) ;
#2714 = CARTESIAN_POINT ( 'NONE',  ( 0.2572358404020863021, 0.000000000000000000, 0.9886179828112393597 ) ) ;
#2715 = VERTEX_POINT ( 'NONE', #814 ) ;
#2716 = CARTESIAN_POINT ( 'NONE',  ( 0.06693563959019110943, 0.000000000000000000, 0.7296425306507628994 ) ) ;
#2717 = CARTESIAN_POINT ( 'NONE',  ( 0.5580181988921794067, 0.000000000000000000, 0.2863514191845139001 ) ) ;
#2718 = CARTESIAN_POINT ( 'NONE',  ( -1.503946301828022580, 0.4000000000000000222, -1.403021315032360938 ) ) ;
#2719 = ORIENTED_EDGE ( 'NONE', *, *, #2968, .F. ) ;
#2720 = CARTESIAN_POINT ( 'NONE',  ( -0.3609871110105823400, 0.000000000000000000, -1.360022850285947715 ) ) ;
#2721 = CARTESIAN_POINT ( 'NONE',  ( 1.133408105016711742, 0.4000000000000000222, 0.8168305160104165630 ) ) ;
#2722 = CARTESIAN_POINT ( 'NONE',  ( 1.247131360614476270, 0.4000000000000000222, 1.382936820026422264 ) ) ;
#2723 = CARTESIAN_POINT ( 'NONE',  ( -1.334535257882124792, 0.4000000000000000222, 2.006058446555353036 ) ) ;
#2724 = CARTESIAN_POINT ( 'NONE',  ( -0.5209613643118643500, -0.000000000000000000, -0.08058758810413092777 ) ) ;
#2725 = B_SPLINE_CURVE_WITH_KNOTS ( 'NONE', 3,
 ( #2394, #2480, #3277, #1145, #98, #113, #655, #2673, #78, #1089, #874, #1125, #1961, #2211, #1390, #1427, #3018, #302, #1161 ),
 .UNSPECIFIED., .F., .F.,
 ( 4, 1, 1, 1, 1, 1, 1, 1, 1, 1, 1, 1, 1, 1, 1, 1, 4 ),
 ( 0.000000000000000000, 0.08005801231394923945, 0.1562173183688796707, 0.2273717993318709885, 0.2954213627088734251, 0.3603277124659228781, 0.4217353532226664203, 0.4806410846517898405, 0.5374850325469214818, 0.5930221587964947805, 0.6483083758520717943, 0.7030696109480348843, 0.7593023671793133200, 0.8163454354349610753, 0.8751961447630955959, 0.9360384557347473100, 1.000000000000000000 ),
 .UNSPECIFIED. ) ;
#2726 = ORIENTED_EDGE ( 'NONE', *, *, #1203, .T. ) ;
#2727 = CARTESIAN_POINT ( 'NONE',  ( -1.345055777288438392, 0.4000000000000000222, -1.114413488862032064 ) ) ;
#2728 = CARTESIAN_POINT ( 'NONE',  ( -0.3319640139448504779, 0.4000000000000000222, -0.09083940034360028781 ) ) ;
#2729 = CARTESIAN_POINT ( 'NONE',  ( -1.370826705767144604, 0.4000000000000000222, 1.551120760700289258 ) ) ;
#2730 = CARTESIAN_POINT ( 'NONE',  ( -0.5609799702962237067, 0.4000000000000000222, -0.08006855085784347903 ) ) ;
#2731 = CARTESIAN_POINT ( 'NONE',  ( -1.102307970140911753, 0.4000000000000000222, 0.02606200738766160235 ) ) ;
#2732 = CARTESIAN_POINT ( 'NONE',  ( -1.374976042687165556, 0.000000000000000000, 1.781851888910888304 ) ) ;
#2733 = CARTESIAN_POINT ( 'NONE',  ( 0.2014851085897332306, 0.000000000000000000, 0.8720796171168641031 ) ) ;
#2734 = CARTESIAN_POINT ( 'NONE',  ( -0.2579907884784772287, 0.4000000000000000222, -2.063997714971405273 ) ) ;
#2735 = CARTESIAN_POINT ( 'NONE',  ( -0.3969919853894166573, 0.4000000000000000222, -1.359281968891533188 ) ) ;
#2736 = VERTEX_POINT ( 'NONE', #1577 ) ;
#2737 = CONICAL_SURFACE ( 'NONE', #2567, 5.049999999999999822, 0.7853981633974504994 ) ;
#2738 = EDGE_CURVE ( 'NONE', #1971, #2708, #738, .T. ) ;
#2739 = CARTESIAN_POINT ( 'NONE',  ( 1.247495697931354064, 0.000000000000000000, 1.309850279446342913 ) ) ;
#2740 = CARTESIAN_POINT ( 'NONE',  ( 1.045030366370488961, 0.000000000000000000, 0.6742936175874481020 ) ) ;
#2741 = CARTESIAN_POINT ( 'NONE',  ( 0.5755640433298886416, 0.4000000000000000222, -1.927697176441757199 ) ) ;
#2742 = CARTESIAN_POINT ( 'NONE',  ( 0.000000000000000000, 20.00000000000000000, 0.000000000000000000 ) ) ;
#2743 = CARTESIAN_POINT ( 'NONE',  ( -0.2579907884784772287, 0.000000000000000000, -2.063997714971405273 ) ) ;
#2744 = CARTESIAN_POINT ( 'NONE',  ( -1.393950229220920045, 0.000000000000000000, -1.104031990400327290 ) ) ;
#2745 = CARTESIAN_POINT ( 'NONE',  ( -0.5696562972885708120, 0.4000000000000000222, -1.351412313627675665 ) ) ;
#2746 = CARTESIAN_POINT ( 'NONE',  ( -1.375491362215881086, 0.4000000000000000222, 1.679545651763945768 ) ) ;
#2747 = DIRECTION ( 'NONE',  ( -0.000000000000000000, -1.000000000000000000, -0.000000000000000000 ) ) ;
#2748 = VERTEX_POINT ( 'NONE', #2389 ) ;
#2749 = CARTESIAN_POINT ( 'NONE',  ( -1.457027593171545732, 0.000000000000000000, -1.780919694078401783 ) ) ;
#2750 = CARTESIAN_POINT ( 'NONE',  ( -1.503946301828022580, 0.4000000000000000222, -1.403021315032360938 ) ) ;
#2751 = CARTESIAN_POINT ( 'NONE',  ( 0.9508127223539419859, 0.4000000000000000222, 0.1386931659226298408 ) ) ;
#2752 = ORIENTED_EDGE ( 'NONE', *, *, #785, .F. ) ;
#2753 = DIRECTION ( 'NONE',  ( 0.000000000000000000, -1.000000000000000000, -0.000000000000000000 ) ) ;
#2754 = CIRCLE ( 'NONE', #158, 5.049999999999999822 ) ;
#2755 = EDGE_CURVE ( 'NONE', #985, #2130, #185, .T. ) ;
#2756 = CARTESIAN_POINT ( 'NONE',  ( 1.247955441942401711, 0.4000000000000000222, 1.341880678663065929 ) ) ;
#2757 = CARTESIAN_POINT ( 'NONE',  ( 0.03587549320808545300, 0.000000000000000000, -0.1831967979373058664 ) ) ;
#2758 = CARTESIAN_POINT ( 'NONE',  ( -0.3306853553563391390, 0.4000000000000000222, -2.062816977240816474 ) ) ;
#2759 = EDGE_CURVE ( 'NONE', #2576, #2644, #2011, .T. ) ;
#2760 = CARTESIAN_POINT ( 'NONE',  ( -1.213400838637796353, 0.000000000000000000, 1.405714249007281813 ) ) ;
#2761 = CARTESIAN_POINT ( 'NONE',  ( 0.3561882628201473722, 0.4000000000000000222, -0.4706272906506272502 ) ) ;
#2762 = CARTESIAN_POINT ( 'NONE',  ( -0.2579907884784772287, 0.4000000000000000222, -2.063997714971405273 ) ) ;
#2763 = CARTESIAN_POINT ( 'NONE',  ( -1.085426830522485453, 0.4000000000000000222, -0.01948125284172864957 ) ) ;
#2764 = ORIENTED_EDGE ( 'NONE', *, *, #1953, .F. ) ;
#2765 = CARTESIAN_POINT ( 'NONE',  ( 0.2755590180672432554, 0.4000000000000000222, 1.051974094495151224 ) ) ;
#2766 = CARTESIAN_POINT ( 'NONE',  ( -1.503946301828022580, 0.000000000000000000, -1.403021315032360938 ) ) ;
#2767 = CARTESIAN_POINT ( 'NONE',  ( -0.007353655231171890398, 0.4000000000000000222, -1.311908160093362419 ) ) ;
#2768 = EDGE_LOOP ( 'NONE', ( #583, #2343, #2994, #3416 ) ) ;
#2769 = CARTESIAN_POINT ( 'NONE',  ( 0.08555504567204891275, 0.000000000000000000, 2.412534431009430325 ) ) ;
#2770 = CARTESIAN_POINT ( 'NONE',  ( -1.375950871885212035, 0.000000000000000000, 1.709867539748646248 ) ) ;
#2771 = CARTESIAN_POINT ( 'NONE',  ( 0.2755590180672432554, 0.000000000000000000, 1.051974094495151224 ) ) ;
#2772 = CARTESIAN_POINT ( 'NONE',  ( -1.503712641525055460, 0.000000000000000000, -1.493056814970816992 ) ) ;
#2773 = CARTESIAN_POINT ( 'NONE',  ( 1.316930329703709601, 0.000000000000000000, -1.290456490963138192 ) ) ;
#2774 = CARTESIAN_POINT ( 'NONE',  ( -1.086006624129286280, 0.4000000000000000222, 0.4986312552174472223 ) ) ;
#2775 = EDGE_CURVE ( 'NONE', #794, #3043, #1514, .T. ) ;
#2776 = CARTESIAN_POINT ( 'NONE',  ( -1.335129294862147820, 0.4000000000000000222, 1.422292000333028383 ) ) ;
#2777 = DIRECTION ( 'NONE',  ( 0.000000000000000000, 0.000000000000000000, -1.000000000000000000 ) ) ;
#2778 = CARTESIAN_POINT ( 'NONE',  ( -1.119573305455784595, 0.4000000000000000222, 0.2169244247736029363 ) ) ;
#2779 = CARTESIAN_POINT ( 'NONE',  ( 0.4159851473141342182, 0.4000000000000000222, -0.7450448079826007541 ) ) ;
#2780 = CARTESIAN_POINT ( 'NONE',  ( -1.375950871885212035, 0.000000000000000000, 1.709867539748646248 ) ) ;
#2781 = CARTESIAN_POINT ( 'NONE',  ( 1.372501360804138315, 0.000000000000000000, -0.3437086213050012384 ) ) ;
#2782 = CARTESIAN_POINT ( 'NONE',  ( 0.4159851473141342182, 0.000000000000000000, -0.7450448079826007541 ) ) ;
#2783 = ORIENTED_EDGE ( 'NONE', *, *, #768, .T. ) ;
#2784 = CARTESIAN_POINT ( 'NONE',  ( 0.4459840762069803843, 0.4000000000000000222, 0.3109174890455852491 ) ) ;
#2785 =( NAMED_UNIT ( * ) PLANE_ANGLE_UNIT ( ) SI_UNIT ( $, .RADIAN. ) );
#2786 = ORIENTED_EDGE ( 'NONE', *, *, #803, .F. ) ;
#2787 = CARTESIAN_POINT ( 'NONE',  ( 1.247131360614476270, 0.4000000000000000222, 1.382936820026422264 ) ) ;
#2788 = CARTESIAN_POINT ( 'NONE',  ( -0.6753624700909997003, 0.4000000000000000222, -2.043814476867579444 ) ) ;
#2789 = CARTESIAN_POINT ( 'NONE',  ( 1.372178749343858639, 0.000000000000000000, -1.158572545125582831 ) ) ;
#2790 = CARTESIAN_POINT ( 'NONE',  ( -1.086006624129286280, -1.084202172485504434E-16, 0.4986312552174472223 ) ) ;
#2791 = PRODUCT ( 'JK-RTF-02-10-01 Knob_3', 'JK-RTF-02-10-01 Knob_3', '', ( #117 ) ) ;
#2792 = CARTESIAN_POINT ( 'NONE',  ( -1.374662460464895375, 0.4000000000000000222, 1.624848508871813424 ) ) ;
#2793 = EDGE_CURVE ( 'NONE', #1749, #2896, #2632, .T. ) ;
#2794 = CONICAL_SURFACE ( 'NONE', #420, 4.349999999999999645, 0.7853981633974361776 ) ;
#2795 = CARTESIAN_POINT ( 'NONE',  ( -1.119960011999591165, -1.084202172485504434E-16, 0.2479197383706082392 ) ) ;
#2796 = CARTESIAN_POINT ( 'NONE',  ( 1.057428056376395364, 0.000000000000000000, 1.980373981026668950 ) ) ;
#2797 = DIRECTION ( 'NONE',  ( -0.000000000000000000, -1.000000000000000000, -0.000000000000000000 ) ) ;
#2798 = EDGE_CURVE ( 'NONE', #1325, #3061, #2347, .T. ) ;
#2799 = CARTESIAN_POINT ( 'NONE',  ( 1.424800915314415883, 0.4000000000000000222, -0.5207615537225155355 ) ) ;
#2800 = DIRECTION ( 'NONE',  ( 0.000000000000000000, 0.000000000000000000, 1.000000000000000000 ) ) ;
#2801 = EDGE_LOOP ( 'NONE', ( #1343, #779, #1070, #34 ) ) ;
#2802 = CARTESIAN_POINT ( 'NONE',  ( 0.5409413810442019743, 0.000000000000000000, 0.3347535470277476222 ) ) ;
#2803 = CARTESIAN_POINT ( 'NONE',  ( -0.3189886105605977962, 0.000000000000000000, 1.711867468341502496 ) ) ;
#2804 = ORIENTED_EDGE ( 'NONE', *, *, #3048, .F. ) ;
#2805 = CARTESIAN_POINT ( 'NONE',  ( -0.06599764356426149337, 0.4000000000000000222, 2.415842333026959832 ) ) ;
#2806 = CARTESIAN_POINT ( 'NONE',  ( -1.322861759940584525, 0.4000000000000000222, -1.893995068569755080 ) ) ;
#2807 = DIRECTION ( 'NONE',  ( 0.000000000000000000, -1.000000000000000000, -0.000000000000000000 ) ) ;
#2808 = CARTESIAN_POINT ( 'NONE',  ( -1.101301785491259011, -1.084202172485504434E-16, 0.4559256562003337065 ) ) ;
#2809 = CARTESIAN_POINT ( 'NONE',  ( -0.3189886105605977962, 0.4000000000000000222, 1.711867468341502496 ) ) ;
#2810 = FACE_OUTER_BOUND ( 'NONE', #1605, .T. ) ;
#2811 = CARTESIAN_POINT ( 'NONE',  ( 1.247955441942401711, 0.000000000000000000, 1.341880678663065929 ) ) ;
#2812 = CARTESIAN_POINT ( 'NONE',  ( -1.374976042687165556, 0.000000000000000000, 1.781851888910888304 ) ) ;
#2813 = B_SPLINE_SURFACE_WITH_KNOTS ( 'NONE', 3, 1, ( 
 ( #2868, #9 ),
 ( #1090, #26 ),
 ( #802, #1843 ),
 ( #1072, #2139 ),
 ( #3141, #3209 ),
 ( #3173, #2915 ),
 ( #3157, #551 ),
 ( #2674, #533 ),
 ( #1551, #1284 ),
 ( #2606, #2346 ),
 ( #1320, #3192 ),
 ( #821, #1600 ),
 ( #303, #1811 ),
 ( #253, #2657 ),
 ( #1877, #2933 ),
 ( #1356, #501 ),
 ( #568, #1617 ),
 ( #237, #2410 ),
 ( #3403, #2156 ),
 ( #1583, #44 ),
 ( #288, #1026 ) ),
 .UNSPECIFIED., .F., .F., .F.,
 ( 4, 1, 1, 1, 1, 1, 1, 1, 1, 1, 1, 1, 1, 1, 1, 1, 1, 1, 4 ),
 ( 2, 2 ),
 ( 0.000000000000000000, 0.04618021369592312242, 0.08338048637253402118, 0.1141757308677434496, 0.1398156521358968063, 0.1612457443688149750, 0.1805573315818425617, 0.2011923301351904725, 0.2266492575870860948, 0.2432359315937908384, 0.2656903907184886560, 0.2929681590677117864, 0.3265990921177970296, 0.4067921246565798787, 0.5006703359449099500, 0.6082094252650039889, 0.7280894338561564316, 0.8595438823833522202, 1.000000000000000000 ),
 ( 0.000000000000000000, 1.000000000000000000 ),
 .UNSPECIFIED. ) ;
#2814 = EDGE_CURVE ( 'NONE', #353, #2271, #3294, .T. ) ;
#2815 = VECTOR ( 'NONE', #1589, 1000.000000000000000 ) ;
#2816 = CARTESIAN_POINT ( 'NONE',  ( 0.4100644207721164114, 0.000000000000000000, -0.8766213757445209254 ) ) ;
#2817 = CARTESIAN_POINT ( 'NONE',  ( 1.289074159045835666, 0.4000000000000000222, -0.1819606552294778246 ) ) ;
#2818 = CARTESIAN_POINT ( 'NONE',  ( 1.438395395124074660, 0.4000000000000000222, -0.7631238632961195867 ) ) ;
#2819 = ORIENTED_EDGE ( 'NONE', *, *, #648, .T. ) ;
#2820 = EDGE_CURVE ( 'NONE', #2172, #2024, #1601, .T. ) ;
#2821 = CARTESIAN_POINT ( 'NONE',  ( 0.7150942946705695080, 0.000000000000000000, 0.4039846079477942831 ) ) ;
#2822 = CARTESIAN_POINT ( 'NONE',  ( -0.9519660101996524348, 0.000000000000000000, -0.08006855085784347903 ) ) ;
#2823 = VERTEX_POINT ( 'NONE', #1367 ) ;
#2824 = CARTESIAN_POINT ( 'NONE',  ( 0.2310703145155794114, 0.4000000000000000222, 2.400277275964825652 ) ) ;
#2825 = B_SPLINE_SURFACE_WITH_KNOTS ( 'NONE', 3, 1, ( 
 ( #2750, #2766 ),
 ( #1436, #2487 ),
 ( #1183, #1969 ),
 ( #447, #2607 ),
 ( #3387, #1762 ),
 ( #1235, #2070 ),
 ( #1502, #189 ),
 ( #997, #1812 ),
 ( #1269, #502 ),
 ( #1027, #2054 ),
 ( #1013, #1568 ) ),
 .UNSPECIFIED., .F., .F., .F.,
 ( 4, 1, 1, 1, 1, 1, 1, 1, 4 ),
 ( 2, 2 ),
 ( 0.000000000000000000, 0.2238460397051433570, 0.4108740089798032513, 0.5618108082611354970, 0.6788736903570112835, 0.7713922287125508648, 0.8526377215546108168, 0.9245316003593340159, 1.000000000000000000 ),
 ( 0.000000000000000000, 1.000000000000000000 ),
 .UNSPECIFIED. ) ;
#2826 = CARTESIAN_POINT ( 'NONE',  ( -1.260217733129085138, 0.4000000000000000222, 1.392559292313966690 ) ) ;
#2827 = CARTESIAN_POINT ( 'NONE',  ( 0.7164563118296204403, 0.000000000000000000, -1.868431480811654888 ) ) ;
#2828 = LINE ( 'NONE', #1790, #3404 ) ;
#2829 = CARTESIAN_POINT ( 'NONE',  ( 1.145820712240027017, 0.4000000000000000222, -0.01077394971955094455 ) ) ;
#2830 = CARTESIAN_POINT ( 'NONE',  ( 0.5409413810442019743, 0.000000000000000000, 0.3347535470277476222 ) ) ;
#2831 = CARTESIAN_POINT ( 'NONE',  ( 0.1025998712952996134, 0.4000000000000000222, -1.268255015581575940 ) ) ;
#2832 = DIRECTION ( 'NONE',  ( 1.000000000000000000, 0.000000000000000000, 0.000000000000000000 ) ) ;
#2833 = B_SPLINE_CURVE_WITH_KNOTS ( 'NONE', 3,
 ( #1847, #2887, #2317, #1554, #1000, #3112, #1324, #3179, #2575, #241, #225, #3389, #1287, #2109, #1798, #2902, #2854, #485, #1537 ),
 .UNSPECIFIED., .F., .F.,
 ( 4, 1, 1, 1, 1, 1, 1, 1, 1, 1, 1, 1, 1, 1, 1, 1, 4 ),
 ( 0.000000000000000000, 0.06509329881291829600, 0.1267371625053367035, 0.1866634510599753938, 0.2447553091875904474, 0.3017078866895193667, 0.3581340630724227370, 0.4145483870839548057, 0.4716695005592825840, 0.5299595906722391891, 0.5898077156831291745, 0.6520856395206905409, 0.7171224114194230115, 0.7844577398806801272, 0.8536929000030059056, 0.9255443954062780865, 1.000000000000000000 ),
 .UNSPECIFIED. ) ;
#2834 = CARTESIAN_POINT ( 'NONE',  ( 0.2879897173713235614, 0.4000000000000000222, 1.186886212716694367 ) ) ;
#2835 = CARTESIAN_POINT ( 'NONE',  ( -0.5609799702962237067, 0.000000000000000000, -0.08006855085784347903 ) ) ;
#2836 = CARTESIAN_POINT ( 'NONE',  ( 1.245523386198983173, 0.000000000000000000, 1.463046904643027668 ) ) ;
#2837 = ORIENTED_EDGE ( 'NONE', *, *, #3114, .T. ) ;
#2838 = CARTESIAN_POINT ( 'NONE',  ( -1.393950229220919823, 0.000000000000000000, -1.104031990400327068 ) ) ;
#2839 = CARTESIAN_POINT ( 'NONE',  ( -0.1999375522468471444, 0.000000000000000000, 0.6021353911755953359 ) ) ;
#2840 = EDGE_CURVE ( 'NONE', #1064, #2708, #1849, .T. ) ;
#2841 = VERTEX_POINT ( 'NONE', #2185 ) ;
#2842 = CARTESIAN_POINT ( 'NONE',  ( 0.2529597617289572886, 0.4000000000000000222, 1.392012577060246947 ) ) ;
#2843 = CARTESIAN_POINT ( 'NONE',  ( -1.479506898153972516, 0.4000000000000000222, -1.171030992831709527 ) ) ;
#2844 = CARTESIAN_POINT ( 'NONE',  ( 0.1994634916215114184, 0.4000000000000000222, -1.208491581162337125 ) ) ;
#2845 = AXIS2_PLACEMENT_3D ( 'NONE', #3054, #3022, #1723 ) ;
#2846 = CARTESIAN_POINT ( 'NONE',  ( 1.247955441942401711, 0.000000000000000000, 1.341880678663065929 ) ) ;
#2847 = EDGE_LOOP ( 'NONE', ( #209, #433, #2891 ) ) ;
#2848 = CARTESIAN_POINT ( 'NONE',  ( -0.4888035185822428019, 0.000000000000000000, 1.706285168720422796 ) ) ;
#2849 = CARTESIAN_POINT ( 'NONE',  ( 0.2633878426212414303, 0.4000000000000000222, -1.151120844791775122 ) ) ;
#2850 = CARTESIAN_POINT ( 'NONE',  ( -1.360439817163654697, 0.000000000000000000, 1.939809241675229057 ) ) ;
#2851 = CARTESIAN_POINT ( 'NONE',  ( -0.05369428141654816744, 0.4000000000000000222, 0.6560646933962460681 ) ) ;
#2852 = CARTESIAN_POINT ( 'NONE',  ( -1.292390902988446388, 0.000000000000000000, 1.393873349837385200 ) ) ;
#2853 = B_SPLINE_SURFACE_WITH_KNOTS ( 'NONE', 3, 1, ( 
 ( #2995, #633 ),
 ( #1682, #2739 ),
 ( #366, #1419 ),
 ( #2131, #1609 ),
 ( #296, #37 ),
 ( #1083, #2149 ),
 ( #3202, #2942 ),
 ( #577, #1626 ),
 ( #2684, #2490 ),
 ( #399, #1472 ),
 ( #1222, #2026 ),
 ( #1731, #1973 ),
 ( #2542, #2524 ),
 ( #1455, #1699 ),
 ( #966, #2821 ),
 ( #2252, #916 ),
 ( #3305, #2802 ),
 ( #3063, #2559 ),
 ( #1957, #452 ) ),
 .UNSPECIFIED., .F., .F., .F.,
 ( 4, 1, 1, 1, 1, 1, 1, 1, 1, 1, 1, 1, 1, 1, 1, 1, 4 ),
 ( 2, 2 ),
 ( 0.000000000000000000, 0.06744901029693589622, 0.1331348267394190377, 0.1973284087036006051, 0.2598445306316710113, 0.3209242257037216439, 0.3809615564104816832, 0.4397580467470434962, 0.4983865467678866845, 0.5567410310877607404, 0.6153442910270634503, 0.6752294668786856802, 0.7363898485051636467, 0.7992795564968809829, 0.8637376340819901133, 0.9301551405212739043, 1.000000000000000000 ),
 ( 0.000000000000000000, 1.000000000000000000 ),
 .UNSPECIFIED. ) ;
#2854 = CARTESIAN_POINT ( 'NONE',  ( -0.07803367653717500907, 0.4000000000000000222, -2.060123546862718591 ) ) ;
#2855 = ORIENTED_EDGE ( 'NONE', *, *, #3367, .F. ) ;
#2856 = CIRCLE ( 'NONE', #479, 4.349999999999999645 ) ;
#2857 = CARTESIAN_POINT ( 'NONE',  ( -1.276295556207331039, 0.4000000000000000222, 1.392559663612535026 ) ) ;
#2858 = CARTESIAN_POINT ( 'NONE',  ( 0.2870625992470807186, -0.000000000000000000, 1.163859224248881663 ) ) ;
#2859 = ORIENTED_EDGE ( 'NONE', *, *, #1910, .T. ) ;
#2860 = CARTESIAN_POINT ( 'NONE',  ( -1.493108416383633008, 0.000000000000000000, -1.640278170145210712 ) ) ;
#2861 = ADVANCED_FACE ( 'NONE', ( #3239 ), #999, .F. ) ;
#2862 = CARTESIAN_POINT ( 'NONE',  ( -1.375603406792332395, 0.4000000000000000222, 1.735525417680131799 ) ) ;
#2863 = CARTESIAN_POINT ( 'NONE',  ( -0.9148991748306380956, 0.4000000000000000222, -1.279515456971897169 ) ) ;
#2864 = VECTOR ( 'NONE', #547, 1000.000000000000000 ) ;
#2865 = ORIENTED_EDGE ( 'NONE', *, *, #3372, .T. ) ;
#2866 = CARTESIAN_POINT ( 'NONE',  ( 1.220539716053172574, 0.4000000000000000222, 1.063366132039727630 ) ) ;
#2867 = CARTESIAN_POINT ( 'NONE',  ( 1.439948586856617530, 0.000000000000000000, -0.7100460576076135233 ) ) ;
#2868 = CARTESIAN_POINT ( 'NONE',  ( -1.375950871885212035, 0.4000000000000000222, 1.709867539748646248 ) ) ;
#2869 = DIRECTION ( 'NONE',  ( 0.000000000000000000, 0.000000000000000000, 1.000000000000000000 ) ) ;
#2870 = CARTESIAN_POINT ( 'NONE',  ( 0.3052277155753202464, 0.4000000000000000222, -1.105128643747047779 ) ) ;
#2871 = CARTESIAN_POINT ( 'NONE',  ( 0.000000000000000000, 0.9999999999999974465, 0.000000000000000000 ) ) ;
#2872 = EDGE_LOOP ( 'NONE', ( #2526, #745, #275, #2726 ) ) ;
#2873 = B_SPLINE_CURVE_WITH_KNOTS ( 'NONE', 3,
 ( #267, #4, #2117, #2101, #2064, #2843, #3152, #782, #1838, #799, #3135 ),
 .UNSPECIFIED., .F., .F.,
 ( 4, 1, 1, 1, 1, 1, 1, 1, 4 ),
 ( 0.000000000000000000, 0.2238460397051433570, 0.4108740089798032513, 0.5618108082611354970, 0.6788736903570112835, 0.7713922287125508648, 0.8526377215546108168, 0.9245316003593340159, 1.000000000000000000 ),
 .UNSPECIFIED. ) ;
#2874 = LINE ( 'NONE', #468, #2213 ) ;
#2875 = CARTESIAN_POINT ( 'NONE',  ( -1.479506898153972516, 0.000000000000000000, -1.171030992831709527 ) ) ;
#2876 = ORIENTED_EDGE ( 'NONE', *, *, #1203, .F. ) ;
#2877 = CARTESIAN_POINT ( 'NONE',  ( -1.345055777288438392, 0.000000000000000000, -1.114413488862032064 ) ) ;
#2878 = CARTESIAN_POINT ( 'NONE',  ( 0.000000000000000000, 23.00000000000000000, 0.000000000000000000 ) ) ;
#2879 = CARTESIAN_POINT ( 'NONE',  ( -1.374976042687165556, 0.4000000000000000222, 1.781851888910888304 ) ) ;
#2880 = CARTESIAN_POINT ( 'NONE',  ( 0.4248092656003793488, 0.000000000000000000, -1.977699130178057541 ) ) ;
#2881 = EDGE_CURVE ( 'NONE', #1956, #543, #3307, .T. ) ;
#2882 = CARTESIAN_POINT ( 'NONE',  ( 0.8653209759821208769, 0.000000000000000000, 0.4974310009453534742 ) ) ;
#2883 = CARTESIAN_POINT ( 'NONE',  ( 1.070303614450996088, 0.4000000000000000222, -1.625217734022309957 ) ) ;
#2884 = CARTESIAN_POINT ( 'NONE',  ( -1.375950871885212035, 0.4000000000000000222, 1.709867539748646248 ) ) ;
#2885 = CARTESIAN_POINT ( 'NONE',  ( 0.2852400544197159493, 0.4000000000000000222, 1.118592372459015438 ) ) ;
#2886 = CARTESIAN_POINT ( 'NONE',  ( 0.4459840762069803843, 0.000000000000000000, 0.3109174890455852491 ) ) ;
#2887 = CARTESIAN_POINT ( 'NONE',  ( 1.438395395124074660, 0.4000000000000000222, -0.7631238632961195867 ) ) ;
#2888 = EDGE_LOOP ( 'NONE', ( #2236, #526 ) ) ;
#2889 = LINE ( 'NONE', #3163, #2707 ) ;
#2890 = CARTESIAN_POINT ( 'NONE',  ( -0.8599829845441595566, 0.4000000000000000222, -2.016386902882134624 ) ) ;
#2891 = ORIENTED_EDGE ( 'NONE', *, *, #3412, .F. ) ;
#2892 =( LENGTH_UNIT ( ) NAMED_UNIT ( * ) SI_UNIT ( .MILLI., .METRE. ) );
#2893 = CARTESIAN_POINT ( 'NONE',  ( 0.2075605171319163111, 0.000000000000000000, 1.483771682300988992 ) ) ;
#2894 = CARTESIAN_POINT ( 'NONE',  ( -0.4645158382519345985, 0.4000000000000000222, 0.5618368311571295681 ) ) ;
#2895 = CARTESIAN_POINT ( 'NONE',  ( 0.3561882628201473722, 0.000000000000000000, -0.4706272906506272502 ) ) ;
#2896 = VERTEX_POINT ( 'NONE', #933 ) ;
#2897 = CARTESIAN_POINT ( 'NONE',  ( 0.4134699575117723458, 0.4000000000000000222, -0.6716960944276232359 ) ) ;
#2898 = CARTESIAN_POINT ( 'NONE',  ( -0.5609799702962237067, 0.4000000000000000222, -0.08006855085784347903 ) ) ;
#2899 = EDGE_CURVE ( 'NONE', #3287, #3224, #159, .T. ) ;
#2900 = CARTESIAN_POINT ( 'NONE',  ( 0.4159851473141342182, 0.4000000000000000222, -0.7450448079826007541 ) ) ;
#2901 = CARTESIAN_POINT ( 'NONE',  ( 0.03587549320808545300, 0.000000000000000000, -0.1831967979373058664 ) ) ;
#2902 = CARTESIAN_POINT ( 'NONE',  ( 0.09717656723973745747, 0.4000000000000000222, -2.044509234274439979 ) ) ;
#2903 = ORIENTED_EDGE ( 'NONE', *, *, #952, .T. ) ;
#2904 = EDGE_CURVE ( 'NONE', #2078, #2387, #1392, .T. ) ;
#2905 = CARTESIAN_POINT ( 'NONE',  ( -1.335129294862147820, 0.4000000000000000222, 1.422292000333028383 ) ) ;
#2906 = CARTESIAN_POINT ( 'NONE',  ( -1.503946301828022580, 0.4000000000000000222, -1.403021315032360938 ) ) ;
#2907 = EDGE_LOOP ( 'NONE', ( #70, #3128, #900, #242 ) ) ;
#2908 = VECTOR ( 'NONE', #922, 1000.000000000000000 ) ;
#2909 = CARTESIAN_POINT ( 'NONE',  ( -1.029740293508941473, 0.000000000000000000, -0.07188760554025622196 ) ) ;
#2910 = MANIFOLD_SOLID_BREP ( 'Cut-Extrude1', #1649 ) ;
#2911 = CARTESIAN_POINT ( 'NONE',  ( -0.3189886105605977962, 0.4000000000000000222, 1.711867468341502496 ) ) ;
#2912 = CARTESIAN_POINT ( 'NONE',  ( -0.3705645338184333504, 0.4000000000000000222, 0.5694945873602379471 ) ) ;
#2913 = CARTESIAN_POINT ( 'NONE',  ( 0.2648509810561558986, 0.000000000000000000, -2.016189535898116336 ) ) ;
#2914 = CARTESIAN_POINT ( 'NONE',  ( -0.07803367653717500907, 0.000000000000000000, -2.060123546862718591 ) ) ;
#2915 = CARTESIAN_POINT ( 'NONE',  ( -1.360439817163654697, 0.000000000000000000, 1.939809241675229057 ) ) ;
#2916 = VECTOR ( 'NONE', #418, 1000.000000000000000 ) ;
#2917 = CARTESIAN_POINT ( 'NONE',  ( 0.2798303030384997614, 0.4000000000000000222, -0.3559793186574355950 ) ) ;
#2918 = FACE_BOUND ( 'NONE', #2286, .T. ) ;
#2919 = CARTESIAN_POINT ( 'NONE',  ( -1.060592912779382058, 0.000000000000000000, -0.05128525069898701161 ) ) ;
#2920 = VERTEX_POINT ( 'NONE', #2803 ) ;
#2921 = EDGE_CURVE ( 'NONE', #1669, #1064, #2543, .T. ) ;
#2922 = CARTESIAN_POINT ( 'NONE',  ( -0.1781647529843719269, 0.000000000000000000, 1.707690539200168667 ) ) ;
#2923 = CARTESIAN_POINT ( 'NONE',  ( -0.9148991748306380956, 0.000000000000000000, -1.279515456971897169 ) ) ;
#2924 = EDGE_LOOP ( 'NONE', ( #2648, #910, #2148, #715 ) ) ;
#2925 = EDGE_CURVE ( 'NONE', #1505, #1966, #2013, .T. ) ;
#2926 = FACE_OUTER_BOUND ( 'NONE', #2558, .T. ) ;
#2927 = LINE ( 'NONE', #265, #3068 ) ;
#2928 = CARTESIAN_POINT ( 'NONE',  ( 0.4946330355156627334, 0.4000000000000000222, 2.345365431063553885 ) ) ;
#2929 = CARTESIAN_POINT ( 'NONE',  ( -1.374306384565631145, 0.4000000000000000222, 1.845393725761207859 ) ) ;
#2930 = CARTESIAN_POINT ( 'NONE',  ( -1.371655468805057065, 0.4000000000000000222, -1.106896347109793233 ) ) ;
#2931 = EDGE_LOOP ( 'NONE', ( #3426, #2544, #1045, #838 ) ) ;
#2932 = CARTESIAN_POINT ( 'NONE',  ( 0.09717656723973745747, 0.000000000000000000, -2.044509234274439979 ) ) ;
#2933 = CARTESIAN_POINT ( 'NONE',  ( -1.021930699909558538, 0.000000000000000000, 2.222981793775145487 ) ) ;
#2934 = CARTESIAN_POINT ( 'NONE',  ( -1.370826705767144604, 0.4000000000000000222, 1.551120760700289258 ) ) ;
#2935 = CARTESIAN_POINT ( 'NONE',  ( 0.5580181988921794067, 0.000000000000000000, 0.2863514191845139001 ) ) ;
#2936 = CARTESIAN_POINT ( 'NONE',  ( -1.322861759940584525, 0.4000000000000000222, -1.893995068569755080 ) ) ;
#2937 = VERTEX_POINT ( 'NONE', #3425 ) ;
#2938 = CARTESIAN_POINT ( 'NONE',  ( -0.5696562972885708120, 0.000000000000000000, -1.351412313627675665 ) ) ;
#2939 = CARTESIAN_POINT ( 'NONE',  ( 0.4459840762069803843, 0.4000000000000000222, 0.3009178460813030642 ) ) ;
#2940 = CARTESIAN_POINT ( 'NONE',  ( -1.490800343005540984, 0.4000000000000000222, -1.211740708135090605 ) ) ;
#2941 = ORIENTED_EDGE ( 'NONE', *, *, #2015, .T. ) ;
#2942 = CARTESIAN_POINT ( 'NONE',  ( 1.168224431930102281, 0.000000000000000000, 0.8949338593462775604 ) ) ;
#2943 = EDGE_CURVE ( 'NONE', #292, #1064, #160, .T. ) ;
#2944 = CARTESIAN_POINT ( 'NONE',  ( 0.6303905994977729854, 0.4000000000000000222, 0.3678714770785138644 ) ) ;
#2945 = CARTESIAN_POINT ( 'NONE',  ( -0.01464650577925186853, 0.000000000000000000, 2.414721504797930240 ) ) ;
#2946 = CYLINDRICAL_SURFACE ( 'NONE', #268, 5.049999999999999822 ) ;
#2947 = CARTESIAN_POINT ( 'NONE',  ( 0.4459840762069803843, 0.4000000000000000222, 0.3109174890455852491 ) ) ;
#2948 = ORIENTED_EDGE ( 'NONE', *, *, #1993, .T. ) ;
#2949 = CARTESIAN_POINT ( 'NONE',  ( -1.374976042687165556, 0.4000000000000000222, 1.781851888910888304 ) ) ;
#2950 = CARTESIAN_POINT ( 'NONE',  ( 0.4026954530456103853, 0.4000000000000000222, -0.6007551168600537839 ) ) ;
#2951 = CARTESIAN_POINT ( 'NONE',  ( -0.05114845285611388515, 0.000000000000000000, 1.675475913526623062 ) ) ;
#2952 = CARTESIAN_POINT ( 'NONE',  ( -0.2579907884784772287, 0.4000000000000000222, -2.063997714971405273 ) ) ;
#2953 = CARTESIAN_POINT ( 'NONE',  ( -0.1240576171128980332, 0.000000000000000000, 0.6277095885751188264 ) ) ;
#2954 = CARTESIAN_POINT ( 'NONE',  ( -1.124926501769561105, 0.000000000000000000, 2.170482447494255229 ) ) ;
#2955 = CARTESIAN_POINT ( 'NONE',  ( 0.2879897173713235614, 0.4000000000000000222, 1.186886212716694367 ) ) ;
#2956 = MECHANICAL_DESIGN_GEOMETRIC_PRESENTATION_REPRESENTATION (  '', ( #3399 ), #3232 ) ;
#2957 = CARTESIAN_POINT ( 'NONE',  ( -1.374662460464895375, 0.4000000000000000222, 1.624848508871813424 ) ) ;
#2958 = CARTESIAN_POINT ( 'NONE',  ( -1.371655468805057065, 0.000000000000000000, -1.106896347109793233 ) ) ;
#2959 = ORIENTED_EDGE ( 'NONE', *, *, #803, .T. ) ;
#2960 = CARTESIAN_POINT ( 'NONE',  ( -1.056351570797827044, 0.000000000000000000, -1.236040582289562151 ) ) ;
#2961 = CARTESIAN_POINT ( 'NONE',  ( -0.05114845285611388515, 0.000000000000000000, 1.675475913526623062 ) ) ;
#2962 = CARTESIAN_POINT ( 'NONE',  ( 1.439948586856617530, 0.4000000000000000222, -0.7100460576076135233 ) ) ;
#2963 = CARTESIAN_POINT ( 'NONE',  ( -0.2953951259468285961, 0.4000000000000000222, 2.411248792183492196 ) ) ;
#2964 = CARTESIAN_POINT ( 'NONE',  ( -1.503946301828022580, 0.4000000000000000222, -1.403021315032360938 ) ) ;
#2965 = ORIENTED_EDGE ( 'NONE', *, *, #629, .F. ) ;
#2966 = CARTESIAN_POINT ( 'NONE',  ( -1.258326945222619564, 0.000000000000000000, -1.154567482233160636 ) ) ;
#2967 = DIRECTION ( 'NONE',  ( -0.000000000000000000, 1.000000000000000000, -0.000000000000000000 ) ) ;
#2968 = EDGE_CURVE ( 'NONE', #2937, #1325, #1893, .T. ) ;
#2969 = CARTESIAN_POINT ( 'NONE',  ( 0.4159851473141342182, 0.000000000000000000, -0.7450448079826007541 ) ) ;
#2970 = CARTESIAN_POINT ( 'NONE',  ( 0.7667432485812490928, 0.000000000000000000, 0.2269679082492524480 ) ) ;
#2971 = CARTESIAN_POINT ( 'NONE',  ( -0.1999375522468471444, 0.000000000000000000, 0.6021353911755953359 ) ) ;
#2972 = EDGE_LOOP ( 'NONE', ( #700, #2610, #1571, #2489 ) ) ;
#2973 = CARTESIAN_POINT ( 'NONE',  ( -0.1240576171128980332, 0.000000000000000000, 0.6277095885751188264 ) ) ;
#2974 = CARTESIAN_POINT ( 'NONE',  ( 0.4837873021403584217, 0.000000000000000000, 0.2960027549124398250 ) ) ;
#2975 = CARTESIAN_POINT ( 'NONE',  ( -1.276295556207331039, 0.4000000000000000222, 1.392559663612535026 ) ) ;
#2976 = ORIENTED_EDGE ( 'NONE', *, *, #3134, .F. ) ;
#2977 = CARTESIAN_POINT ( 'NONE',  ( -1.174574561847825827, 0.000000000000000000, -1.190364128820155409 ) ) ;
#2978 = CARTESIAN_POINT ( 'NONE',  ( -1.443909815950557451, 0.4000000000000000222, -1.119534366980502682 ) ) ;
#2979 = CARTESIAN_POINT ( 'NONE',  ( -0.1972974952187731279, 0.4000000000000000222, -2.062691092417723304 ) ) ;
#2980 = FACE_OUTER_BOUND ( 'NONE', #2907, .T. ) ;
#2981 = CARTESIAN_POINT ( 'NONE',  ( 0.4459840762069803843, 0.4000000000000000222, 0.3109174890455852491 ) ) ;
#2982 = VECTOR ( 'NONE', #630, 1000.000000000000114 ) ;
#2983 = EDGE_LOOP ( 'NONE', ( #2110, #1088, #1525, #3282, #3024, #2804, #1986, #679, #1815, #1400, #2786, #831, #3180, #180, #2689, #2596, #749, #867, #647 ) ) ;
#2984 = FACE_OUTER_BOUND ( 'NONE', #2137, .T. ) ;
#2985 = CARTESIAN_POINT ( 'NONE',  ( 0.1726652351953421871, 0.4000000000000000222, -0.2605553143192271826 ) ) ;
#2986 = CARTESIAN_POINT ( 'NONE',  ( -1.361186868442736841, 0.4000000000000000222, 1.494621751366744355 ) ) ;
#2987 = EDGE_CURVE ( 'NONE', #1853, #1966, #244, .T. ) ;
#2988 = CARTESIAN_POINT ( 'NONE',  ( 0.000000000000000000, 23.00000000000000000, 0.000000000000000000 ) ) ;
#2989 = CARTESIAN_POINT ( 'NONE',  ( 0.06693563959019110943, 0.000000000000000000, 0.7296425306507628994 ) ) ;
#2990 = CARTESIAN_POINT ( 'NONE',  ( -0.3306413586189863030, 0.4000000000000000222, -1.359372091377444747 ) ) ;
#2991 = CARTESIAN_POINT ( 'NONE',  ( 0.2879897173713235614, 0.000000000000000000, 1.186886212716694367 ) ) ;
#2992 = CARTESIAN_POINT ( 'NONE',  ( 0.4459840762069803843, 0.000000000000000000, 0.3109174890455852491 ) ) ;
#2993 = CARTESIAN_POINT ( 'NONE',  ( -1.267954727870965748, 0.4000000000000000222, 1.391878893484476576 ) ) ;
#2994 = ORIENTED_EDGE ( 'NONE', *, *, #1866, .T. ) ;
#2995 = CARTESIAN_POINT ( 'NONE',  ( 1.247955441942401711, 0.4000000000000000222, 1.341880678663065929 ) ) ;
#2996 = CARTESIAN_POINT ( 'NONE',  ( 1.246588228140680599, 0.4000000000000000222, 1.246626792083971313 ) ) ;
#2997 = CARTESIAN_POINT ( 'NONE',  ( 1.372178749343858639, 0.4000000000000000222, -1.158572545125582831 ) ) ;
#2998 = DIRECTION ( 'NONE',  ( 0.000000000000000000, 1.000000000000000000, 0.000000000000000000 ) ) ;
#2999 = CARTESIAN_POINT ( 'NONE',  ( 0.2304556422581999775, 0.000000000000000000, -0.3052195560615471037 ) ) ;
#3000 = B_SPLINE_CURVE_WITH_KNOTS ( 'NONE', 3,
 ( #849, #1905, #2204, #2183, #1402, #72, #2977, #2960, #1664, #2457, #3257, #616, #1645, #3185, #2720 ),
 .UNSPECIFIED., .F., .F.,
 ( 4, 1, 1, 1, 1, 1, 1, 1, 1, 1, 1, 1, 4 ),
 ( 0.000000000000000000, 0.01884756099463848200, 0.04394113417407023020, 0.07699588015202502023, 0.1161822139690416866, 0.2138372565016160853, 0.3315328579219220528, 0.4703561594017290903, 0.6274612503306988831, 0.7128201092224394353, 0.8040276864940395507, 0.8993103697133720820, 1.000000000000000000 ),
 .UNSPECIFIED. ) ;
#3001 = DIRECTION ( 'NONE',  ( -0.000000000000000000, 1.000000000000000000, -0.000000000000000000 ) ) ;
#3002 = CARTESIAN_POINT ( 'NONE',  ( -0.9659457765179590982, 0.4000000000000000222, -0.07934747190099356029 ) ) ;
#3003 = CARTESIAN_POINT ( 'NONE',  ( -1.503864117086850971, 0.4000000000000000222, -1.434689271312190595 ) ) ;
#3004 = CARTESIAN_POINT ( 'NONE',  ( -1.267954727870965748, 0.000000000000000000, 1.391878893484476576 ) ) ;
#3005 = CARTESIAN_POINT ( 'NONE',  ( -1.483859206809609699, 0.4000000000000000222, -1.695412616650086246 ) ) ;
#3006 = VERTEX_POINT ( 'NONE', #1573 ) ;
#3007 = CARTESIAN_POINT ( 'NONE',  ( -0.4719481731294315474, 0.000000000000000000, -2.060522523252883431 ) ) ;
#3008 = EDGE_CURVE ( 'NONE', #161, #763, #1265, .T. ) ;
#3009 = CARTESIAN_POINT ( 'NONE',  ( 1.220539716053172574, 0.4000000000000000222, 1.063366132039727630 ) ) ;
#3010 = CARTESIAN_POINT ( 'NONE',  ( -1.420010982066173710, 0.4000000000000000222, -1.106079345021840243 ) ) ;
#3011 = VERTEX_POINT ( 'NONE', #525 ) ;
#3012 = VECTOR ( 'NONE', #842, 1000.000000000000000 ) ;
#3013 = ADVANCED_FACE ( 'NONE', ( #1607 ), #1417, .T. ) ;
#3014 = PLANE ( 'NONE',  #3423 ) ;
#3015 = CARTESIAN_POINT ( 'NONE',  ( 0.8653209759821208769, 0.4000000000000000222, 0.4974310009453534742 ) ) ;
#3016 = CARTESIAN_POINT ( 'NONE',  ( 0.4946330355156627334, 0.4000000000000000222, 2.345365431063553885 ) ) ;
#3017 = CARTESIAN_POINT ( 'NONE',  ( -0.2282998002658689352, 0.000000000000000000, -0.1052463187147764379 ) ) ;
#3018 = CARTESIAN_POINT ( 'NONE',  ( 1.245523386198983173, 0.4000000000000000222, 1.463046904643027668 ) ) ;
#3019 = AXIS2_PLACEMENT_3D ( 'NONE', #1521, #2609, #2125 ) ;
#3020 = CARTESIAN_POINT ( 'NONE',  ( -0.9148991748306380956, 0.4000000000000000222, -1.279515456971897169 ) ) ;
#3021 = CARTESIAN_POINT ( 'NONE',  ( 0.1084473250783352938, 0.4000000000000000222, -0.2190128715447885732 ) ) ;
#3022 = DIRECTION ( 'NONE',  ( 0.000000000000000000, 1.000000000000000000, -0.000000000000000000 ) ) ;
#3023 = CARTESIAN_POINT ( 'NONE',  ( -1.503946301828022580, 0.000000000000000000, -1.403021315032360938 ) ) ;
#3024 = ORIENTED_EDGE ( 'NONE', *, *, #451, .F. ) ;
#3025 = CARTESIAN_POINT ( 'NONE',  ( 0.1187804438209357771, 0.000000000000000000, 0.7723295239393488387 ) ) ;
#3026 = CARTESIAN_POINT ( 'NONE',  ( 0.8653209759821208769, 0.4000000000000000222, 0.4974310009453534742 ) ) ;
#3027 = CARTESIAN_POINT ( 'NONE',  ( -0.3609871110105823400, 0.4000000000000000222, -1.360022850285947715 ) ) ;
#3028 = ORIENTED_EDGE ( 'NONE', *, *, #2881, .T. ) ;
#3029 = CARTESIAN_POINT ( 'NONE',  ( 0.000000000000000000, 20.00000000000000000, -3.049999999999999822 ) ) ;
#3030 = AXIS2_PLACEMENT_3D ( 'NONE', #890, #3001, #622 ) ;
#3031 = CARTESIAN_POINT ( 'NONE',  ( -1.118873814755305229, 0.4000000000000000222, 0.1608588267981585218 ) ) ;
#3032 = ADVANCED_FACE ( 'NONE', ( #2682 ), #1243, .F. ) ;
#3033 = CARTESIAN_POINT ( 'NONE',  ( 0.2014851085897332306, 0.4000000000000000222, 0.8720796171168641031 ) ) ;
#3034 = CARTESIAN_POINT ( 'NONE',  ( -1.493108416383633008, 0.4000000000000000222, -1.640278170145210712 ) ) ;
#3035 = CARTESIAN_POINT ( 'NONE',  ( -0.9148991748306380956, 0.000000000000000000, -1.279515456971897169 ) ) ;
#3036 = CARTESIAN_POINT ( 'NONE',  ( 0.4139779349355013349, 0.4000000000000000222, -0.7896511774332908296 ) ) ;
#3037 = CARTESIAN_POINT ( 'NONE',  ( -0.3306853553563391390, 0.4000000000000000222, -2.062816977240816474 ) ) ;
#3038 = CARTESIAN_POINT ( 'NONE',  ( -1.118873814755305229, 0.4000000000000000222, 0.1608588267981585218 ) ) ;
#3039 = CARTESIAN_POINT ( 'NONE',  ( 1.228996100122349944, 0.000000000000000000, 1.579964325699211969 ) ) ;
#3040 = CARTESIAN_POINT ( 'NONE',  ( 0.2572358404020863021, 0.4000000000000000222, 0.9886179828112393597 ) ) ;
#3041 = CARTESIAN_POINT ( 'NONE',  ( 1.045030366370488961, 0.4000000000000000222, 0.6742936175874481020 ) ) ;
#3042 = CARTESIAN_POINT ( 'NONE',  ( -0.3306413586189863030, 0.4000000000000000222, -1.359372091377444747 ) ) ;
#3043 = VERTEX_POINT ( 'NONE', #1381 ) ;
#3044 = CARTESIAN_POINT ( 'NONE',  ( -1.086006624129286280, 0.000000000000000000, 0.4986312552174472223 ) ) ;
#3045 = CARTESIAN_POINT ( 'NONE',  ( -1.374662460464895375, 0.000000000000000000, 1.624848508871813424 ) ) ;
#3046 = ORIENTED_EDGE ( 'NONE', *, *, #2738, .T. ) ;
#3047 = CARTESIAN_POINT ( 'NONE',  ( -0.5289691230664353983, 0.4000000000000000222, 0.5605616856384626479 ) ) ;
#3048 = EDGE_CURVE ( 'NONE', #60, #3321, #36, .T. ) ;
#3049 = CARTESIAN_POINT ( 'NONE',  ( -1.213400838637796353, 0.000000000000000000, 1.405714249007281813 ) ) ;
#3050 = CARTESIAN_POINT ( 'NONE',  ( 0.4248092656003793488, 0.000000000000000000, -1.977699130178057541 ) ) ;
#3051 = CARTESIAN_POINT ( 'NONE',  ( -1.479506898153972516, 0.000000000000000000, -1.171030992831709527 ) ) ;
#3052 = ADVANCED_FACE ( 'NONE', ( #1662 ), #1272, .F. ) ;
#3053 = CARTESIAN_POINT ( 'NONE',  ( -1.316786006472197901, -5.421010862427522170E-17, 1.401309237616946923 ) ) ;
#3054 = CARTESIAN_POINT ( 'NONE',  ( 0.000000000000000000, 20.00000000000000000, 0.000000000000000000 ) ) ;
#3055 = CARTESIAN_POINT ( 'NONE',  ( -1.493108416383633008, 0.4000000000000000222, -1.640278170145210712 ) ) ;
#3056 = CARTESIAN_POINT ( 'NONE',  ( -0.2715090270974371833, 0.4000000000000000222, -1.358104009735520146 ) ) ;
#3057 = CARTESIAN_POINT ( 'NONE',  ( -1.375603406792332395, -0.000000000000000000, 1.735525417680131799 ) ) ;
#3058 = CARTESIAN_POINT ( 'NONE',  ( 0.5409413810442019743, 0.4000000000000000222, 0.3347535470277476222 ) ) ;
#3059 = CARTESIAN_POINT ( 'NONE',  ( 0.4026954530456103853, 0.000000000000000000, -0.6007551168600537839 ) ) ;
#3060 = DIRECTION ( 'NONE',  ( 0.000000000000000000, 1.000000000000000000, -0.000000000000000000 ) ) ;
#3061 = VERTEX_POINT ( 'NONE', #1729 ) ;
#3062 = B_SPLINE_CURVE_WITH_KNOTS ( 'NONE', 3,
 ( #1936, #2990, #3268, #896, #1951, #2051, #427, #675, #2849, #1982, #3316, #2570, #1725, #691, #2779 ),
 .UNSPECIFIED., .F., .F.,
 ( 4, 1, 1, 1, 1, 1, 1, 1, 1, 1, 1, 1, 4 ),
 ( 0.000000000000000000, 0.08137218100060790438, 0.1585634365385522604, 0.2311471217972134451, 0.3002931195026011801, 0.4282472870135871634, 0.5467613473585277717, 0.6030937109463639922, 0.6581642071636577551, 0.7129438616527403738, 0.7673063782428073409, 0.8806531678382968353, 1.000000000000000000 ),
 .UNSPECIFIED. ) ;
#3063 = CARTESIAN_POINT ( 'NONE',  ( 0.4781628588773493282, 0.4000000000000000222, 0.3189949648210524402 ) ) ;
#3064 = CARTESIAN_POINT ( 'NONE',  ( -1.119573305455784595, 0.000000000000000000, 0.2169244247736029363 ) ) ;
#3065 = ORIENTED_EDGE ( 'NONE', *, *, #1164, .F. ) ;
#3066 = CARTESIAN_POINT ( 'NONE',  ( 0.2870625992470807186, 0.000000000000000000, 1.163859224248881663 ) ) ;
#3067 = CARTESIAN_POINT ( 'NONE',  ( -0.9265818049930745204, 0.4000000000000000222, 1.556330466451800065 ) ) ;
#3068 = VECTOR ( 'NONE', #3090, 1000.000000000000000 ) ;
#3069 = EDGE_CURVE ( 'NONE', #218, #1598, #493, .T. ) ;
#3070 = CARTESIAN_POINT ( 'NONE',  ( -0.6490899519138492169, 0.000000000000000000, 1.664916852156784977 ) ) ;
#3071 = CARTESIAN_POINT ( 'NONE',  ( 0.3052277155753202464, 0.000000000000000000, -1.105128643747047779 ) ) ;
#3072 = CARTESIAN_POINT ( 'NONE',  ( -1.118873814755305229, 0.000000000000000000, 0.1608588267981585218 ) ) ;
#3073 = PRESENTATION_LAYER_ASSIGNMENT (  '', '', ( #1134 ) ) ;
#3074 = EDGE_CURVE ( 'NONE', #1966, #543, #3129, .T. ) ;
#3075 = CARTESIAN_POINT ( 'NONE',  ( -1.033871568434238997, -1.084202172485504434E-16, 0.5475092685017913796 ) ) ;
#3076 = CARTESIAN_POINT ( 'NONE',  ( 0.2879897173713235614, 0.000000000000000000, 1.186886212716694367 ) ) ;
#3077 = CARTESIAN_POINT ( 'NONE',  ( -1.393950229220919823, 0.000000000000000000, -1.104031990400327068 ) ) ;
#3078 = CARTESIAN_POINT ( 'NONE',  ( 1.334350834711491851, 0.000000000000000000, -0.2608023786655740417 ) ) ;
#3079 = CARTESIAN_POINT ( 'NONE',  ( -1.101301785491259011, 0.000000000000000000, 0.4559256562003337065 ) ) ;
#3080 = FACE_OUTER_BOUND ( 'NONE', #2630, .T. ) ;
#3081 = ORIENTED_EDGE ( 'NONE', *, *, #1462, .F. ) ;
#3082 = FACE_OUTER_BOUND ( 'NONE', #1832, .T. ) ;
#3083 = SURFACE_STYLE_FILL_AREA ( #2027 ) ;
#3084 = VERTEX_POINT ( 'NONE', #1219 ) ;
#3085 = CARTESIAN_POINT ( 'NONE',  ( -0.1999375522468471444, 0.000000000000000000, 0.6021353911755953359 ) ) ;
#3086 = VECTOR ( 'NONE', #2106, 1000.000000000000000 ) ;
#3087 = CARTESIAN_POINT ( 'NONE',  ( -0.8599829845441595566, 0.000000000000000000, -2.016386902882134624 ) ) ;
#3088 = CARTESIAN_POINT ( 'NONE',  ( -1.242248374516536247, 0.000000000000000000, 1.394139535156899479 ) ) ;
#3089 = FACE_OUTER_BOUND ( 'NONE', #2931, .T. ) ;
#3090 = DIRECTION ( 'NONE',  ( -0.000000000000000000, -1.000000000000000000, -0.000000000000000000 ) ) ;
#3091 = CARTESIAN_POINT ( 'NONE',  ( 0.9311402509642339176, 0.4000000000000000222, 0.5517797427800487098 ) ) ;
#3092 = CARTESIAN_POINT ( 'NONE',  ( 0.1025998712952996134, 0.000000000000000000, -1.268255015581575940 ) ) ;
#3093 = CARTESIAN_POINT ( 'NONE',  ( -0.6490899519138492169, 0.000000000000000000, 1.664916852156784977 ) ) ;
#3094 = EDGE_CURVE ( 'NONE', #808, #1509, #3256, .T. ) ;
#3095 = CARTESIAN_POINT ( 'NONE',  ( -0.5289691230664353983, 0.4000000000000000222, 0.5605616856384626479 ) ) ;
#3096 = CARTESIAN_POINT ( 'NONE',  ( -0.04448476880532339917, 0.4000000000000000222, -0.1522366818863941651 ) ) ;
#3097 = DIRECTION ( 'NONE',  ( 0.000000000000000000, 1.000000000000000000, -0.000000000000000000 ) ) ;
#3098 = ORIENTED_EDGE ( 'NONE', *, *, #562, .T. ) ;
#3099 = LINE ( 'NONE', #1816, #2373 ) ;
#3100 = CARTESIAN_POINT ( 'NONE',  ( -0.9609656888675064401, 0.4000000000000000222, 0.5599085988562086946 ) ) ;
#3101 = ORIENTED_EDGE ( 'NONE', *, *, #1735, .T. ) ;
#3102 = CARTESIAN_POINT ( 'NONE',  ( 0.1414074722355435632, 0.4000000000000000222, 1.562591894141753146 ) ) ;
#3103 = PRESENTATION_STYLE_ASSIGNMENT (( #2114 ) ) ;
#3104 = CARTESIAN_POINT ( 'NONE',  ( -0.3969919853894166573, 0.000000000000000000, -1.359281968891533188 ) ) ;
#3105 = CARTESIAN_POINT ( 'NONE',  ( -0.2715090270974371833, 0.4000000000000000222, -1.358104009735520146 ) ) ;
#3106 = CARTESIAN_POINT ( 'NONE',  ( 1.247131360614476270, -0.000000000000000000, 1.382936820026422264 ) ) ;
#3107 = CARTESIAN_POINT ( 'NONE',  ( -0.3762614420091044409, 0.000000000000000000, 1.709984747271733774 ) ) ;
#3108 = CARTESIAN_POINT ( 'NONE',  ( 0.4139779349355013349, 0.4000000000000000222, -0.7896511774332908296 ) ) ;
#3109 = CARTESIAN_POINT ( 'NONE',  ( 0.4159851473141342182, 0.000000000000000000, -0.7450448079826007541 ) ) ;
#3110 = CARTESIAN_POINT ( 'NONE',  ( -0.5619799345926519418, 0.4000000000000000222, 0.5599085988562085836 ) ) ;
#3111 = CARTESIAN_POINT ( 'NONE',  ( -1.276295556207331039, -0.000000000000000000, 1.392559663612535026 ) ) ;
#3112 = CARTESIAN_POINT ( 'NONE',  ( 1.316930329703709601, 0.4000000000000000222, -1.290456490963138192 ) ) ;
#3113 = ORIENTED_EDGE ( 'NONE', *, *, #2459, .F. ) ;
#3114 = EDGE_CURVE ( 'NONE', #794, #2408, #1101, .T. ) ;
#3115 = DIRECTION ( 'NONE',  ( 0.000000000000000000, 0.000000000000000000, -1.000000000000000000 ) ) ;
#3116 = CARTESIAN_POINT ( 'NONE',  ( 0.06693563959019110943, 0.000000000000000000, 0.7296425306507628994 ) ) ;
#3117 = ORIENTED_EDGE ( 'NONE', *, *, #3198, .T. ) ;
#3118 = DIRECTION ( 'NONE',  ( -1.000000000000000000, 0.000000000000000000, -0.000000000000000000 ) ) ;
#3119 = CARTESIAN_POINT ( 'NONE',  ( -1.178524976958727599, 0.4000000000000000222, 1.421307961209435478 ) ) ;
#3120 = CARTESIAN_POINT ( 'NONE',  ( 0.2572358404020863021, 0.4000000000000000222, 0.9886179828112393597 ) ) ;
#3121 = DIRECTION ( 'NONE',  ( 0.000000000000000000, -1.000000000000000000, 0.000000000000000000 ) ) ;
#3122 = CARTESIAN_POINT ( 'NONE',  ( 1.247955441942401711, 0.000000000000000000, 1.341880678663065929 ) ) ;
#3123 = CARTESIAN_POINT ( 'NONE',  ( 2.565151067676131547, 20.00000000000000000, 1.649999999999999911 ) ) ;
#3124 = CARTESIAN_POINT ( 'NONE',  ( -1.242248374516536247, 0.000000000000000000, 1.394139535156899479 ) ) ;
#3125 = CARTESIAN_POINT ( 'NONE',  ( 0.2014851085897332306, 0.4000000000000000222, 0.8720796171168641031 ) ) ;
#3126 = CARTESIAN_POINT ( 'NONE',  ( 0.4026954530456103853, 0.000000000000000000, -0.6007551168600537839 ) ) ;
#3127 = CARTESIAN_POINT ( 'NONE',  ( 1.033149468946106708, 0.4000000000000000222, 0.08588774054734532593 ) ) ;
#3128 = ORIENTED_EDGE ( 'NONE', *, *, #1508, .T. ) ;
#3129 = B_SPLINE_CURVE_WITH_KNOTS ( 'NONE', 3,
 ( #1437, #1184, #2488, #122, #3079, #2556, #448, #1763, #2265, #397, #3319 ),
 .UNSPECIFIED., .F., .F.,
 ( 4, 1, 1, 1, 1, 1, 1, 1, 4 ),
 ( 0.000000000000000000, 0.2177187657018385125, 0.3937219851639574553, 0.5345610084915080051, 0.6423441582960527363, 0.7314326306436624847, 0.8126176821816385454, 0.8996447939029283969, 1.000000000000000000 ),
 .UNSPECIFIED. ) ;
#3130 = FACE_OUTER_BOUND ( 'NONE', #1094, .T. ) ;
#3131 = CARTESIAN_POINT ( 'NONE',  ( -1.493108416383633008, 0.4000000000000000222, -1.640278170145210712 ) ) ;
#3132 = ORIENTED_EDGE ( 'NONE', *, *, #3074, .F. ) ;
#3133 = CARTESIAN_POINT ( 'NONE',  ( -0.7834274058628610815, 0.000000000000000000, -1.316265407590222258 ) ) ;
#3134 = EDGE_CURVE ( 'NONE', #1471, #2126, #3143, .T. ) ;
#3135 = CARTESIAN_POINT ( 'NONE',  ( -1.393950229220919823, 0.4000000000000000222, -1.104031990400327068 ) ) ;
#3136 = CARTESIAN_POINT ( 'NONE',  ( 0.4151381368705048258, -0.000000000000000000, -0.7203440373491074578 ) ) ;
#3137 = VECTOR ( 'NONE', #3370, 1000.000000000000000 ) ;
#3138 = ORIENTED_EDGE ( 'NONE', *, *, #629, .T. ) ;
#3139 = CARTESIAN_POINT ( 'NONE',  ( 1.220539716053172574, 0.000000000000000000, 1.063366132039727630 ) ) ;
#3140 = CARTESIAN_POINT ( 'NONE',  ( 0.4159851473141342182, 0.4000000000000000222, -0.7450448079826007541 ) ) ;
#3141 = CARTESIAN_POINT ( 'NONE',  ( -1.367694155069333561, 0.4000000000000000222, 1.897063969759776425 ) ) ;
#3142 = CARTESIAN_POINT ( 'NONE',  ( 0.06693563959019110943, 0.4000000000000000222, 0.7296425306507628994 ) ) ;
#3143 = LINE ( 'NONE', #503, #3342 ) ;
#3144 = DIRECTION ( 'NONE',  ( 0.000000000000000000, 1.000000000000000000, 0.000000000000000000 ) ) ;
#3145 = ORIENTED_EDGE ( 'NONE', *, *, #2921, .F. ) ;
#3146 = VECTOR ( 'NONE', #124, 1000.000000000000000 ) ;
#3147 = CARTESIAN_POINT ( 'NONE',  ( 1.163769461086309187, 0.000000000000000000, 1.794070544628881159 ) ) ;
#3148 = CARTESIAN_POINT ( 'NONE',  ( -1.499974294396947627, 0.4000000000000000222, -1.573513411623822078 ) ) ;
#3149 = VERTEX_POINT ( 'NONE', #2886 ) ;
#3150 = CARTESIAN_POINT ( 'NONE',  ( 0.5580181988921794067, 0.000000000000000000, 0.2863514191845139001 ) ) ;
#3151 = CARTESIAN_POINT ( 'NONE',  ( 1.057428056376395364, 0.000000000000000000, 1.980373981026668950 ) ) ;
#3152 = CARTESIAN_POINT ( 'NONE',  ( -1.462431535963525819, 0.4000000000000000222, -1.141616650891171370 ) ) ;
#3153 = CARTESIAN_POINT ( 'NONE',  ( 0.4134699575117723458, 0.000000000000000000, -0.6716960944276232359 ) ) ;
#3154 = ADVANCED_FACE ( 'NONE', ( #773 ), #2080, .T. ) ;
#3155 = ORIENTED_EDGE ( 'NONE', *, *, #1635, .T. ) ;
#3156 = CARTESIAN_POINT ( 'NONE',  ( 0.5755640433298886416, 0.4000000000000000222, -1.927697176441757199 ) ) ;
#3157 = CARTESIAN_POINT ( 'NONE',  ( -1.349045568480089941, 0.4000000000000000222, 1.975009731332110441 ) ) ;
#3158 = EDGE_CURVE ( 'NONE', #2748, #1505, #1304, .T. ) ;
#3159 = CARTESIAN_POINT ( 'NONE',  ( 0.4151381368705048258, 0.000000000000000000, -0.7203440373491074578 ) ) ;
#3160 = CARTESIAN_POINT ( 'NONE',  ( -0.5609799702962237067, 0.4000000000000000222, -0.08006855085784347903 ) ) ;
#3161 = CARTESIAN_POINT ( 'NONE',  ( 1.402127169467813017, 0.4000000000000000222, -0.4305903216940969447 ) ) ;
#3162 = ORIENTED_EDGE ( 'NONE', *, *, #2814, .T. ) ;
#3163 = CARTESIAN_POINT ( 'NONE',  ( -1.393950229220919823, 0.4000000000000000222, -1.104031990400327068 ) ) ;
#3164 = CARTESIAN_POINT ( 'NONE',  ( -0.05369428141654816744, 0.000000000000000000, 0.6560646933962460681 ) ) ;
#3165 = ORIENTED_EDGE ( 'NONE', *, *, #115, .F. ) ;
#3166 = CARTESIAN_POINT ( 'NONE',  ( 1.334350834711491851, 0.000000000000000000, -0.2608023786655740417 ) ) ;
#3167 = CARTESIAN_POINT ( 'NONE',  ( -1.085426830522485453, 0.000000000000000000, -0.01948125284172864957 ) ) ;
#3168 = CARTESIAN_POINT ( 'NONE',  ( 1.228996100122349944, 0.4000000000000000222, 1.579964325699211969 ) ) ;
#3169 = CARTESIAN_POINT ( 'NONE',  ( 0.4159851473141342182, 0.4000000000000000222, -0.7450448079826007541 ) ) ;
#3170 = CARTESIAN_POINT ( 'NONE',  ( 1.316930329703709601, 0.000000000000000000, -1.290456490963138192 ) ) ;
#3171 = EDGE_LOOP ( 'NONE', ( #1019, #2903 ) ) ;
#3172 = CARTESIAN_POINT ( 'NONE',  ( 1.316930329703709601, 0.4000000000000000222, -1.290456490963138192 ) ) ;
#3173 = CARTESIAN_POINT ( 'NONE',  ( -1.360439817163654697, 0.4000000000000000222, 1.939809241675229057 ) ) ;
#3174 = B_SPLINE_CURVE_WITH_KNOTS ( 'NONE', 3,
 ( #2274, #1705, #2257, #3070, #198, #721, #3346, #2513, #1772, #2760, #3088, #3328, #1246 ),
 .UNSPECIFIED., .F., .F.,
 ( 4, 1, 1, 1, 1, 1, 1, 1, 1, 1, 4 ),
 ( 0.000000000000000000, 0.1692851242767529352, 0.3326481149474295740, 0.4875633421225240016, 0.6295533232557261050, 0.7554214610791970541, 0.8637139889813155724, 0.9087961583716734904, 0.9468005231923991571, 0.9770941144196546579, 1.000000000000000000 ),
 .UNSPECIFIED. ) ;
#3175 = B_SPLINE_SURFACE_WITH_KNOTS ( 'NONE', 3, 1, ( 
 ( #3275, #162 ),
 ( #3047, #1209 ),
 ( #2287, #2527 ),
 ( #1733, #181 ),
 ( #1717, #385 ),
 ( #2272, #3085 ),
 ( #1173, #1476 ),
 ( #3325, #683 ),
 ( #719, #2546 ),
 ( #1752, #1510 ),
 ( #437, #667 ),
 ( #2224, #951 ),
 ( #3033, #1702 ),
 ( #455, #2239 ),
 ( #2562, #1975 ),
 ( #3290, #2771 ),
 ( #919, #2029 ),
 ( #2008, #3066 ),
 ( #126, #701 ) ),
 .UNSPECIFIED., .F., .F., .F.,
 ( 4, 1, 1, 1, 1, 1, 1, 1, 1, 1, 1, 1, 1, 1, 1, 1, 4 ),
 ( 2, 2 ),
 ( 0.000000000000000000, 0.08330734226424274524, 0.1626567663697705557, 0.2376045901538131333, 0.3084022174589676202, 0.3756956512077376797, 0.4394254502797457773, 0.4996392052106559123, 0.5577300865224228410, 0.6138386023906888811, 0.6686072105248932473, 0.7221015757886788400, 0.7759386881509150458, 0.8306103320164450743, 0.8857201808859531678, 0.9418665099782360661, 1.000000000000000000 ),
 ( 0.000000000000000000, 1.000000000000000000 ),
 .UNSPECIFIED. ) ;
#3176 = CARTESIAN_POINT ( 'NONE',  ( 0.3561882628201473722, 0.000000000000000000, -0.4706272906506272502 ) ) ;
#3177 = ADVANCED_FACE ( 'NONE', ( #1254 ), #2737, .T. ) ;
#3178 = CARTESIAN_POINT ( 'NONE',  ( 1.439948586856617530, 0.000000000000000000, -0.7100460576076135233 ) ) ;
#3179 = CARTESIAN_POINT ( 'NONE',  ( 1.164966583656097843, 0.4000000000000000222, -1.523686718360877101 ) ) ;
#3180 = ORIENTED_EDGE ( 'NONE', *, *, #2077, .F. ) ;
#3181 = CARTESIAN_POINT ( 'NONE',  ( -1.375491362215881086, 0.4000000000000000222, 1.679545651763945768 ) ) ;
#3182 = CARTESIAN_POINT ( 'NONE',  ( 0.2572358404020863021, 0.000000000000000000, 0.9886179828112393597 ) ) ;
#3183 = ORIENTED_EDGE ( 'NONE', *, *, #2436, .F. ) ;
#3184 = AXIS2_PLACEMENT_3D ( 'NONE', #1923, #595, #1347 ) ;
#3185 = CARTESIAN_POINT ( 'NONE',  ( -0.3969919853894166573, -0.000000000000000000, -1.359281968891533188 ) ) ;
#3186 = CARTESIAN_POINT ( 'NONE',  ( 0.3673594929774725570, 0.000000000000000000, 2.376828148973892496 ) ) ;
#3187 = CARTESIAN_POINT ( 'NONE',  ( 0.3673594929774725570, 0.4000000000000000222, 2.376828148973892496 ) ) ;
#3188 = CARTESIAN_POINT ( 'NONE',  ( -1.021930699909558538, 0.000000000000000000, 2.222981793775145487 ) ) ;
#3189 = CARTESIAN_POINT ( 'NONE',  ( 1.372178749343858639, 0.000000000000000000, -1.158572545125582831 ) ) ;
#3190 = ORIENTED_EDGE ( 'NONE', *, *, #322, .T. ) ;
#3191 = CARTESIAN_POINT ( 'NONE',  ( 0.7164563118296204403, 0.4000000000000000222, -1.868431480811654888 ) ) ;
#3192 = CARTESIAN_POINT ( 'NONE',  ( -1.261861849454063433, 0.000000000000000000, 2.084506567540544086 ) ) ;
#3193 = CARTESIAN_POINT ( 'NONE',  ( 0.2529597617289572886, 0.000000000000000000, 1.392012577060246947 ) ) ;
#3194 = CARTESIAN_POINT ( 'NONE',  ( 0.4837873021403584217, 0.000000000000000000, 0.2960027549124398250 ) ) ;
#3195 = CARTESIAN_POINT ( 'NONE',  ( -1.160257551616574068, 0.4000000000000000222, -1.949285133478493304 ) ) ;
#3196 = ORIENTED_EDGE ( 'NONE', *, *, #2647, .F. ) ;
#3197 = CARTESIAN_POINT ( 'NONE',  ( 0.05626303550375333362, 0.4000000000000000222, 1.628660700081102641 ) ) ;
#3198 = EDGE_CURVE ( 'NONE', #3422, #2333, #2675, .T. ) ;
#3199 = CARTESIAN_POINT ( 'NONE',  ( 1.033149468946106708, 0.000000000000000000, 0.08588774054734532593 ) ) ;
#3200 = CARTESIAN_POINT ( 'NONE',  ( -1.502852247723148738, 0.000000000000000000, -1.329274706387485461 ) ) ;
#3201 = ORIENTED_EDGE ( 'NONE', *, *, #1508, .F. ) ;
#3202 = CARTESIAN_POINT ( 'NONE',  ( 1.168224431930102281, 0.4000000000000000222, 0.8949338593462775604 ) ) ;
#3203 = CARTESIAN_POINT ( 'NONE',  ( 0.7150942946705695080, 0.4000000000000000222, 0.4039846079477942831 ) ) ;
#3204 = CARTESIAN_POINT ( 'NONE',  ( -0.05114845285611388515, 0.000000000000000000, 1.675475913526623062 ) ) ;
#3205 = CARTESIAN_POINT ( 'NONE',  ( -1.124926501769561105, 0.4000000000000000222, 2.170482447494255229 ) ) ;
#3206 = CARTESIAN_POINT ( 'NONE',  ( -0.1325348429984342380, 0.000000000000000000, -0.1266448974004860950 ) ) ;
#3207 = ORIENTED_EDGE ( 'NONE', *, *, #748, .T. ) ;
#3208 = CARTESIAN_POINT ( 'NONE',  ( -1.124926501769561105, 0.4000000000000000222, 2.170482447494255229 ) ) ;
#3209 = CARTESIAN_POINT ( 'NONE',  ( -1.367694155069333561, 0.000000000000000000, 1.897063969759776425 ) ) ;
#3210 = CARTESIAN_POINT ( 'NONE',  ( 0.2529597617289572886, 0.4000000000000000222, 1.392012577060246947 ) ) ;
#3211 = CARTESIAN_POINT ( 'NONE',  ( -0.1050647638246545723, 0.000000000000000000, -1.336164934942370541 ) ) ;
#3212 = CARTESIAN_POINT ( 'NONE',  ( -1.119573305455784595, 0.000000000000000000, 0.2169244247736029363 ) ) ;
#3213 = EDGE_LOOP ( 'NONE', ( #3375, #1365, #2267, #3207 ) ) ;
#3214 = LINE ( 'NONE', #51, #2587 ) ;
#3215 = CARTESIAN_POINT ( 'NONE',  ( 1.235972572812870984, 0.4000000000000000222, -0.1080816756039347376 ) ) ;
#3216 = DIRECTION ( 'NONE',  ( 0.000000000000000000, 0.000000000000000000, -1.000000000000000000 ) ) ;
#3217 = PRODUCT_DEFINITION ( 'UNKNOWN', '', #1126, #496 ) ;
#3218 = CARTESIAN_POINT ( 'NONE',  ( 0.1414074722355435632, 0.4000000000000000222, 1.562591894141753146 ) ) ;
#3219 = CARTESIAN_POINT ( 'NONE',  ( 0.1414074722355435632, 0.000000000000000000, 1.562591894141753146 ) ) ;
#3220 = ADVANCED_FACE ( 'NONE', ( #339, #2918 ), #1862, .T. ) ;
#3221 = CARTESIAN_POINT ( 'NONE',  ( 0.1414074722355435632, 0.4000000000000000222, 1.562591894141753146 ) ) ;
#3222 = CARTESIAN_POINT ( 'NONE',  ( -1.374306384565631145, 0.4000000000000000222, 1.845393725761207859 ) ) ;
#3223 = CARTESIAN_POINT ( 'NONE',  ( 0.3220978311581393361, 0.000000000000000000, -0.4108747314189912236 ) ) ;
#3224 = VERTEX_POINT ( 'NONE', #2159 ) ;
#3225 = CARTESIAN_POINT ( 'NONE',  ( 0.4459840762069803843, 0.4000000000000000222, 0.3109174890455852491 ) ) ;
#3226 = CARTESIAN_POINT ( 'NONE',  ( -1.114233156060972618, 0.4000000000000000222, 0.08533686398472728474 ) ) ;
#3227 = CARTESIAN_POINT ( 'NONE',  ( -0.3189886105605977962, 0.4000000000000000222, 1.711867468341502496 ) ) ;
#3228 = CARTESIAN_POINT ( 'NONE',  ( -1.375491362215881086, -0.000000000000000000, 1.679545651763945768 ) ) ;
#3229 = CARTESIAN_POINT ( 'NONE',  ( -0.2824573414518485870, 0.000000000000000000, 0.5837643875079914224 ) ) ;
#3230 = CARTESIAN_POINT ( 'NONE',  ( -1.334535257882124792, 0.000000000000000000, 2.006058446555353036 ) ) ;
#3231 = DIRECTION ( 'NONE',  ( -1.000000000000000000, 0.000000000000000000, 0.000000000000000000 ) ) ;
#3232 =( GEOMETRIC_REPRESENTATION_CONTEXT ( 3 ) GLOBAL_UNCERTAINTY_ASSIGNED_CONTEXT ( ( #1326 ) ) GLOBAL_UNIT_ASSIGNED_CONTEXT ( ( #949, #2785, #2525 ) ) REPRESENTATION_CONTEXT ( 'NONE', 'WORKASPACE' ) );
#3233 = B_SPLINE_SURFACE_WITH_KNOTS ( 'NONE', 3, 1, ( 
 ( #739, #1793 ),
 ( #993, #3107 ),
 ( #2589, #2848 ),
 ( #480, #220 ),
 ( #1010, #2066 ),
 ( #3067, #1511 ),
 ( #456, #143 ),
 ( #1771, #2511 ),
 ( #2289, #1190 ),
 ( #988, #3049 ),
 ( #720, #2256 ),
 ( #2826, #2030 ),
 ( #163, #3310 ) ),
 .UNSPECIFIED., .F., .F., .F.,
 ( 4, 1, 1, 1, 1, 1, 1, 1, 1, 1, 4 ),
 ( 2, 2 ),
 ( 0.000000000000000000, 0.1692851242767529352, 0.3326481149474295740, 0.4875633421225240016, 0.6295533232557261050, 0.7554214610791970541, 0.8637139889813155724, 0.9087961583716734904, 0.9468005231923991571, 0.9770941144196546579, 1.000000000000000000 ),
 ( 0.000000000000000000, 1.000000000000000000 ),
 .UNSPECIFIED. ) ;
#3234 = CARTESIAN_POINT ( 'NONE',  ( -1.361186868442736841, -5.421010862427522170E-17, 1.494621751366744355 ) ) ;
#3235 = CARTESIAN_POINT ( 'NONE',  ( -0.5696562972885708120, 0.4000000000000000222, -1.351412313627675665 ) ) ;
#3236 = ORIENTED_EDGE ( 'NONE', *, *, #1120, .T. ) ;
#3237 = CARTESIAN_POINT ( 'NONE',  ( 1.424800915314415883, 0.000000000000000000, -0.5207615537225155355 ) ) ;
#3238 = VECTOR ( 'NONE', #1831, 1000.000000000000000 ) ;
#3239 = FACE_OUTER_BOUND ( 'NONE', #2924, .T. ) ;
#3240 = CARTESIAN_POINT ( 'NONE',  ( 1.247486351051758424, 0.000000000000000000, -1.412162227334406994 ) ) ;
#3241 = CARTESIAN_POINT ( 'NONE',  ( -0.7060721907654576857, 0.000000000000000000, 2.335392855854358629 ) ) ;
#3242 = PLANE ( 'NONE',  #2301 ) ;
#3243 = EDGE_CURVE ( 'NONE', #1542, #229, #1323, .T. ) ;
#3244 = ORIENTED_EDGE ( 'NONE', *, *, #1828, .F. ) ;
#3245 = CARTESIAN_POINT ( 'NONE',  ( -1.367694155069333561, 0.4000000000000000222, 1.897063969759776425 ) ) ;
#3246 = FACE_OUTER_BOUND ( 'NONE', #968, .T. ) ;
#3247 = CARTESIAN_POINT ( 'NONE',  ( -1.258441831604885541, 0.4000000000000000222, -1.918476493279889894 ) ) ;
#3248 = CARTESIAN_POINT ( 'NONE',  ( 0.4459840762069803843, 0.4000000000000000222, 0.3009178460813030642 ) ) ;
#3249 = CARTESIAN_POINT ( 'NONE',  ( 0.009963842536371163294, 0.000000000000000000, 0.6903829208814694640 ) ) ;
#3250 = CARTESIAN_POINT ( 'NONE',  ( -1.349045568480089941, 0.000000000000000000, 1.975009731332110441 ) ) ;
#3251 = CARTESIAN_POINT ( 'NONE',  ( 0.009963842536371163294, 0.4000000000000000222, 0.6903829208814694640 ) ) ;
#3252 = CARTESIAN_POINT ( 'NONE',  ( -1.375950871885212035, -5.421010862427522170E-17, 1.709867539748646248 ) ) ;
#3253 = CARTESIAN_POINT ( 'NONE',  ( -1.258326945222619564, 0.000000000000000000, -1.154567482233160636 ) ) ;
#3254 = B_SPLINE_CURVE_WITH_KNOTS ( 'NONE', 3,
 ( #2437, #1606, #1902, #87, #68, #1135, #592, #32, #2922, #1938, #344 ),
 .UNSPECIFIED., .F., .F.,
 ( 4, 1, 1, 1, 1, 1, 1, 1, 4 ),
 ( 0.000000000000000000, 0.1163069737937504206, 0.2312179710123322685, 0.3427674030721790666, 0.4532691418904810088, 0.5689407975750531143, 0.6963573075600631990, 0.8384912334457836902, 1.000000000000000000 ),
 .UNSPECIFIED. ) ;
#3255 = ORIENTED_EDGE ( 'NONE', *, *, #2840, .T. ) ;
#3256 = B_SPLINE_CURVE_WITH_KNOTS ( 'NONE', 3,
 ( #2782, #945, #1236, #3059, #2250, #1169, #899, #1955, #694, #2538, #3302, #1453, #2281, #3336, #2235, #3286, #930, #913, #1970 ),
 .UNSPECIFIED., .F., .F.,
 ( 4, 1, 1, 1, 1, 1, 1, 1, 1, 1, 1, 1, 1, 1, 1, 1, 4 ),
 ( 0.000000000000000000, 0.05568104497087090349, 0.1096633112279710442, 0.1612663231561356492, 0.2127653021675542100, 0.2639288510208084304, 0.3159242040629537396, 0.3685240490275151215, 0.4230887997606669892, 0.4801963192449207884, 0.5406788027646574069, 0.6051418040589169323, 0.6740860710511028531, 0.7471874152496615906, 0.8261363578683916797, 0.9098098657221785901, 1.000000000000000000 ),
 .UNSPECIFIED. ) ;
#3257 = CARTESIAN_POINT ( 'NONE',  ( -0.6660283190552965804, 0.000000000000000000, -1.338080134695907031 ) ) ;
#3258 = CARTESIAN_POINT ( 'NONE',  ( 1.246588228140680599, 0.000000000000000000, 1.246626792083971313 ) ) ;
#3259 = CARTESIAN_POINT ( 'NONE',  ( 0.7164563118296204403, 0.4000000000000000222, -1.868431480811654888 ) ) ;
#3260 = CARTESIAN_POINT ( 'NONE',  ( -1.374306384565631145, 0.000000000000000000, 1.845393725761207859 ) ) ;
#3261 = CARTESIAN_POINT ( 'NONE',  ( 0.1084473250783352938, 0.000000000000000000, -0.2190128715447885732 ) ) ;
#3262 = EDGE_CURVE ( 'NONE', #664, #2920, #2449, .T. ) ;
#3263 = CARTESIAN_POINT ( 'NONE',  ( -2.565151067676131547, 1.999999999999998224, 1.649999999999999911 ) ) ;
#3264 = DIRECTION ( 'NONE',  ( -1.000000000000000000, 0.000000000000000000, -0.000000000000000000 ) ) ;
#3265 = CARTESIAN_POINT ( 'NONE',  ( -1.499974294396947627, 0.4000000000000000222, -1.573513411623822078 ) ) ;
#3266 = CARTESIAN_POINT ( 'NONE',  ( 1.107697554256051875, 0.000000000000000000, 0.02605468455225447982 ) ) ;
#3267 = CARTESIAN_POINT ( 'NONE',  ( -1.118873814755305229, 0.4000000000000000222, 0.1608588267981585218 ) ) ;
#3268 = CARTESIAN_POINT ( 'NONE',  ( -0.2715090270974371833, 0.4000000000000000222, -1.358104009735520146 ) ) ;
#3269 = LINE ( 'NONE', #1952, #1198 ) ;
#3270 = CARTESIAN_POINT ( 'NONE',  ( 0.6303905994977729854, 0.000000000000000000, 0.3678714770785138644 ) ) ;
#3271 = CARTESIAN_POINT ( 'NONE',  ( -1.402776497343223294, 0.000000000000000000, -1.104725389433663274 ) ) ;
#3272 = ORIENTED_EDGE ( 'NONE', *, *, #1681, .T. ) ;
#3273 = LINE ( 'NONE', #3029, #3146 ) ;
#3274 = CARTESIAN_POINT ( 'NONE',  ( 1.220539716053172574, 0.4000000000000000222, 1.063366132039727630 ) ) ;
#3275 = CARTESIAN_POINT ( 'NONE',  ( -0.5619799345926519418, 0.4000000000000000222, 0.5599085988562085836 ) ) ;
#3276 = CARTESIAN_POINT ( 'NONE',  ( 1.316930329703709601, 0.4000000000000000222, -1.290456490963138192 ) ) ;
#3277 = CARTESIAN_POINT ( 'NONE',  ( 0.08555504567204891275, 0.4000000000000000222, 2.412534431009430325 ) ) ;
#3278 = CARTESIAN_POINT ( 'NONE',  ( -0.9921693082003996134, 0.4000000000000000222, -0.07799485724063733028 ) ) ;
#3279 = B_SPLINE_CURVE_WITH_KNOTS ( 'NONE', 3,
 ( #2955, #2337, #490, #2842, #1021, #3102, #3197, #1901, #246, #1294, #3395 ),
 .UNSPECIFIED., .F., .F.,
 ( 4, 1, 1, 1, 1, 1, 1, 1, 4 ),
 ( 0.000000000000000000, 0.1163069737937504206, 0.2312179710123322685, 0.3427674030721790666, 0.4532691418904810088, 0.5689407975750531143, 0.6963573075600631990, 0.8384912334457836902, 1.000000000000000000 ),
 .UNSPECIFIED. ) ;
#3280 = CARTESIAN_POINT ( 'NONE',  ( -1.361186868442736841, -5.421010862427522170E-17, 1.494621751366744355 ) ) ;
#3281 = CARTESIAN_POINT ( 'NONE',  ( -1.119738534930362794, -1.084202172485504434E-16, 0.2769300272225010406 ) ) ;
#3282 = ORIENTED_EDGE ( 'NONE', *, *, #498, .F. ) ;
#3283 = CARTESIAN_POINT ( 'NONE',  ( -1.493108416383633008, 0.000000000000000000, -1.640278170145210712 ) ) ;
#3284 = EDGE_CURVE ( 'NONE', #3043, #3011, #212, .T. ) ;
#3285 = CARTESIAN_POINT ( 'NONE',  ( 1.247955441942401711, 0.4000000000000000222, 1.341880678663065929 ) ) ;
#3286 = CARTESIAN_POINT ( 'NONE',  ( -0.3319640139448504779, 0.000000000000000000, -0.09083940034360028781 ) ) ;
#3287 = VERTEX_POINT ( 'NONE', #3248 ) ;
#3288 = AXIS2_PLACEMENT_3D ( 'NONE', #375, #3297, #1412 ) ;
#3289 = CARTESIAN_POINT ( 'NONE',  ( -0.01464650577925186853, 0.000000000000000000, 2.414721504797930240 ) ) ;
#3290 = CARTESIAN_POINT ( 'NONE',  ( 0.2755590180672432554, 0.4000000000000000222, 1.051974094495151224 ) ) ;
#3291 = B_SPLINE_SURFACE_WITH_KNOTS ( 'NONE', 3, 1, ( 
 ( #2531, #167 ),
 ( #100, #1147 ),
 ( #116, #130 ),
 ( #2259, #3053 ),
 ( #2776, #672 ),
 ( #923, #1193 ),
 ( #2986, #3280 ),
 ( #2729, #1996 ),
 ( #2792, #907 ),
 ( #2746, #1963 ),
 ( #1738, #406 ) ),
 .UNSPECIFIED., .F., .F., .F.,
 ( 4, 1, 1, 1, 1, 1, 1, 1, 4 ),
 ( 2, 2 ),
 ( 0.000000000000000000, 0.06811578923826758225, 0.1314434496007181596, 0.2003071993396774442, 0.2875480383758302616, 0.4023846996366317041, 0.5558212035869315448, 0.7537652060441863977, 0.9999999999999998890 ),
 ( 0.000000000000000000, 1.000000000000000000 ),
 .UNSPECIFIED. ) ;
#3292 = CARTESIAN_POINT ( 'NONE',  ( -1.022718912617998299, 0.000000000000000000, -1.985492271711819079 ) ) ;
#3293 = CARTESIAN_POINT ( 'NONE',  ( -0.1972974952187731279, -0.000000000000000000, -2.062691092417723304 ) ) ;
#3294 = B_SPLINE_CURVE_WITH_KNOTS ( 'NONE', 3,
 ( #110, #902, #3258, #1139, #2150, #2223, #1906, #1349, #314, #2740, #1157, #331, #2404, #869, #1665, #1403, #367, #1646, #349 ),
 .UNSPECIFIED., .F., .F.,
 ( 4, 1, 1, 1, 1, 1, 1, 1, 1, 1, 1, 1, 1, 1, 1, 1, 4 ),
 ( 0.000000000000000000, 0.06744901029693589622, 0.1331348267394190377, 0.1973284087036006051, 0.2598445306316710113, 0.3209242257037216439, 0.3809615564104816832, 0.4397580467470434962, 0.4983865467678866845, 0.5567410310877607404, 0.6153442910270634503, 0.6752294668786856802, 0.7363898485051636467, 0.7992795564968809829, 0.8637376340819901133, 0.9301551405212739043, 1.000000000000000000 ),
 .UNSPECIFIED. ) ;
#3295 = CARTESIAN_POINT ( 'NONE',  ( 0.4100644207721164114, 0.000000000000000000, -0.8766213757445209254 ) ) ;
#3296 = CARTESIAN_POINT ( 'NONE',  ( 0.1726652351953421871, 0.000000000000000000, -0.2605553143192271826 ) ) ;
#3297 = DIRECTION ( 'NONE',  ( 0.000000000000000000, 0.000000000000000000, 1.000000000000000000 ) ) ;
#3298 = CARTESIAN_POINT ( 'NONE',  ( -1.102307970140911753, 0.4000000000000000222, 0.02606200738766160235 ) ) ;
#3299 = DIRECTION ( 'NONE',  ( 0.000000000000000000, 1.000000000000000000, -0.000000000000000000 ) ) ;
#3300 = CARTESIAN_POINT ( 'NONE',  ( -0.1999375522468471444, 0.4000000000000000222, 0.6021353911755953359 ) ) ;
#3301 = CARTESIAN_POINT ( 'NONE',  ( 0.9921736418748809960, 0.000000000000000000, 0.6096108772329480452 ) ) ;
#3302 = CARTESIAN_POINT ( 'NONE',  ( 0.1084473250783352938, 0.000000000000000000, -0.2190128715447885732 ) ) ;
#3303 = ORIENTED_EDGE ( 'NONE', *, *, #1182, .F. ) ;
#3304 = EDGE_CURVE ( 'NONE', #2661, #1749, #2124, .T. ) ;
#3305 = CARTESIAN_POINT ( 'NONE',  ( 0.5409413810442019743, 0.4000000000000000222, 0.3347535470277476222 ) ) ;
#3306 = VECTOR ( 'NONE', #2832, 1000.000000000000000 ) ;
#3307 = LINE ( 'NONE', #3100, #2623 ) ;
#3308 = ORIENTED_EDGE ( 'NONE', *, *, #648, .F. ) ;
#3309 = LINE ( 'NONE', #936, #2916 ) ;
#3310 = CARTESIAN_POINT ( 'NONE',  ( -1.267954727870965748, 0.000000000000000000, 1.391878893484476576 ) ) ;
#3311 = CARTESIAN_POINT ( 'NONE',  ( 1.145820712240027017, 0.4000000000000000222, -0.01077394971955094455 ) ) ;
#3312 = CARTESIAN_POINT ( 'NONE',  ( -1.503946301828022580, 0.000000000000000000, -1.403021315032360938 ) ) ;
#3313 = CARTESIAN_POINT ( 'NONE',  ( -0.4719481731294315474, 0.4000000000000000222, -2.060522523252883431 ) ) ;
#3314 = CARTESIAN_POINT ( 'NONE',  ( 1.372501360804138315, 0.4000000000000000222, -0.3437086213050012384 ) ) ;
#3315 = CARTESIAN_POINT ( 'NONE',  ( -1.469277026343227099, 0.000000000000000000, -1.740504741256993615 ) ) ;
#3316 = CARTESIAN_POINT ( 'NONE',  ( 0.3387691123487930334, 0.4000000000000000222, -1.053637510078761386 ) ) ;
#3317 = FACE_OUTER_BOUND ( 'NONE', #1371, .T. ) ;
#3318 = CARTESIAN_POINT ( 'NONE',  ( 0.9921736418748809960, 0.4000000000000000222, 0.6096108772329480452 ) ) ;
#3319 = CARTESIAN_POINT ( 'NONE',  ( -0.9609656888675064401, 0.000000000000000000, 0.5599085988562086946 ) ) ;
#3320 = CARTESIAN_POINT ( 'NONE',  ( 0.09717656723973745747, 0.4000000000000000222, -2.044509234274439979 ) ) ;
#3321 = VERTEX_POINT ( 'NONE', #1657 ) ;
#3322 = CARTESIAN_POINT ( 'NONE',  ( 0.6124208930908972004, 0.4000000000000000222, 2.304043398272572318 ) ) ;
#3323 = SURFACE_SIDE_STYLE ('',( #3083 ) ) ;
#3324 = ORIENTED_EDGE ( 'NONE', *, *, #1208, .T. ) ;
#3325 = CARTESIAN_POINT ( 'NONE',  ( -0.05369428141654816744, 0.4000000000000000222, 0.6560646933962460681 ) ) ;
#3326 = CARTESIAN_POINT ( 'NONE',  ( -1.387466809565713888, 0.4000000000000000222, -1.860963292561365057 ) ) ;
#3327 = B_SPLINE_CURVE_WITH_KNOTS ( 'NONE', 3,
 ( #1093, #1935, #1917, #2198, #3229, #2971, #2953, #2450, #3249, #2989, #861, #589, #2660, #65, #2714, #340, #626, #843, #1395 ),
 .UNSPECIFIED., .F., .F.,
 ( 4, 1, 1, 1, 1, 1, 1, 1, 1, 1, 1, 1, 1, 1, 1, 1, 4 ),
 ( 0.000000000000000000, 0.08330734226424274524, 0.1626567663697705557, 0.2376045901538131333, 0.3084022174589676202, 0.3756956512077376797, 0.4394254502797457773, 0.4996392052106559123, 0.5577300865224228410, 0.6138386023906888811, 0.6686072105248932473, 0.7221015757886788400, 0.7759386881509150458, 0.8306103320164450743, 0.8857201808859531678, 0.9418665099782360661, 1.000000000000000000 ),
 .UNSPECIFIED. ) ;
#3328 = CARTESIAN_POINT ( 'NONE',  ( -1.260217733129085138, -0.000000000000000000, 1.392559292313966690 ) ) ;
#3329 = CARTESIAN_POINT ( 'NONE',  ( -1.063053227845252913, 0.4000000000000000222, 0.5286826280446345061 ) ) ;
#3330 = CARTESIAN_POINT ( 'NONE',  ( 0.9885921632248367841, 0.000000000000000000, 2.061674135356157844 ) ) ;
#3331 = CARTESIAN_POINT ( 'NONE',  ( 1.235972572812870984, 0.000000000000000000, -0.1080816756039347376 ) ) ;
#3332 = CARTESIAN_POINT ( 'NONE',  ( -1.503864117086850971, 0.000000000000000000, -1.434689271312190595 ) ) ;
#3333 = DIRECTION ( 'NONE',  ( 0.000000000000000000, 0.000000000000000000, 1.000000000000000000 ) ) ;
#3334 = CARTESIAN_POINT ( 'NONE',  ( -1.192257132665049069, 0.000000000000000000, 2.130167721417032922 ) ) ;
#3335 = CARTESIAN_POINT ( 'NONE',  ( 1.220539716053172574, 0.000000000000000000, 1.063366132039727630 ) ) ;
#3336 = CARTESIAN_POINT ( 'NONE',  ( -0.1325348429984342380, 0.000000000000000000, -0.1266448974004860950 ) ) ;
#3337 = CARTESIAN_POINT ( 'NONE',  ( 1.412268352485053668, 0.4000000000000000222, -1.017339305123823312 ) ) ;
#3338 = VERTEX_POINT ( 'NONE', #2730 ) ;
#3339 = B_SPLINE_SURFACE_WITH_KNOTS ( 'NONE', 3, 1, ( 
 ( #2322, #3380 ),
 ( #1543, #750 ),
 ( #2600, #1660 ),
 ( #660, #1967 ),
 ( #378, #1919 ),
 ( #3300, #67 ),
 ( #1726, #2973 ),
 ( #927, #120 ),
 ( #3251, #2486 ),
 ( #2470, #2716 ),
 ( #2246, #3025 ),
 ( #911, #342 ),
 ( #610, #2733 ),
 ( #628, #897 ),
 ( #3040, #1710 ),
 ( #2765, #2233 ),
 ( #2502, #676 ),
 ( #394, #1397 ),
 ( #1451, #2991 ) ),
 .UNSPECIFIED., .F., .F., .F.,
 ( 4, 1, 1, 1, 1, 1, 1, 1, 1, 1, 1, 1, 1, 1, 1, 1, 4 ),
 ( 2, 2 ),
 ( 0.000000000000000000, 0.08330734226424274524, 0.1626567663697705557, 0.2376045901538131333, 0.3084022174589676202, 0.3756956512077376797, 0.4394254502797457773, 0.4996392052106559123, 0.5577300865224228410, 0.6138386023906888811, 0.6686072105248932473, 0.7221015757886788400, 0.7759386881509150458, 0.8306103320164450743, 0.8857201808859531678, 0.9418665099782360661, 1.000000000000000000 ),
 ( 0.000000000000000000, 1.000000000000000000 ),
 .UNSPECIFIED. ) ;
#3340 = CARTESIAN_POINT ( 'NONE',  ( -1.119338016439989980, 0.000000000000000000, 0.3293921495394596111 ) ) ;
#3341 = CARTESIAN_POINT ( 'NONE',  ( -1.119960011999591387, 0.000000000000000000, 0.2479197383706082947 ) ) ;
#3342 = VECTOR ( 'NONE', #1846, 1000.000000000000000 ) ;
#3343 = VERTEX_POINT ( 'NONE', #3178 ) ;
#3344 = CARTESIAN_POINT ( 'NONE',  ( 1.202458440759296643, 0.4000000000000000222, 1.690419719360158890 ) ) ;
#3345 = CARTESIAN_POINT ( 'NONE',  ( -1.258441831604885541, 0.000000000000000000, -1.918476493279889894 ) ) ;
#3346 = CARTESIAN_POINT ( 'NONE',  ( -1.040130541250419594, 0.000000000000000000, 1.499383109729632624 ) ) ;
#3347 = LINE ( 'NONE', #2032, #2908 ) ;
#3348 = EDGE_CURVE ( 'NONE', #2715, #245, #1898, .T. ) ;
#3349 = CARTESIAN_POINT ( 'NONE',  ( 0.8200312696362872522, 0.000000000000000000, 2.199307384119864928 ) ) ;
#3350 = VECTOR ( 'NONE', #835, 1000.000000000000000 ) ;
#3351 = CARTESIAN_POINT ( 'NONE',  ( 0.000000000000000000, 20.00000000000000000, -5.049999999999999822 ) ) ;
#3352 = CARTESIAN_POINT ( 'NONE',  ( 0.3387691123487930334, 0.000000000000000000, -1.053637510078761386 ) ) ;
#3353 = CARTESIAN_POINT ( 'NONE',  ( -1.063053227845252913, 0.4000000000000000222, 0.5286826280446345061 ) ) ;
#3354 = CARTESIAN_POINT ( 'NONE',  ( 0.3052277155753202464, 0.000000000000000000, -1.105128643747047779 ) ) ;
#3355 = CARTESIAN_POINT ( 'NONE',  ( 0.3561882628201473722, 0.4000000000000000222, -0.4706272906506272502 ) ) ;
#3356 = CARTESIAN_POINT ( 'NONE',  ( 1.412268352485053668, 0.000000000000000000, -1.017339305123823312 ) ) ;
#3357 = ORIENTED_EDGE ( 'NONE', *, *, #3372, .F. ) ;
#3358 = FACE_OUTER_BOUND ( 'NONE', #2972, .T. ) ;
#3359 = CARTESIAN_POINT ( 'NONE',  ( -1.316786006472197901, 0.000000000000000000, 1.401309237616946923 ) ) ;
#3360 = EDGE_LOOP ( 'NONE', ( #3272, #42, #3183, #192 ) ) ;
#3361 = CARTESIAN_POINT ( 'NONE',  ( -0.8599829845441595566, 0.000000000000000000, -2.016386902882134624 ) ) ;
#3362 = AXIS2_PLACEMENT_3D ( 'NONE', #2227, #906, #3264 ) ;
#3363 = CARTESIAN_POINT ( 'NONE',  ( -1.413473365764365886, 0.000000000000000000, -1.841643121972665886 ) ) ;
#3364 = CARTESIAN_POINT ( 'NONE',  ( -0.4670683031733415813, 0.4000000000000000222, -1.357839990800208341 ) ) ;
#3365 = CARTESIAN_POINT ( 'NONE',  ( -1.112864452135039262, -1.084202172485504434E-16, 0.4004697518324028538 ) ) ;
#3366 = CARTESIAN_POINT ( 'NONE',  ( -1.267954727870965748, 0.4000000000000000222, 1.391878893484476576 ) ) ;
#3367 = EDGE_CURVE ( 'NONE', #2937, #1835, #823, .T. ) ;
#3368 = CARTESIAN_POINT ( 'NONE',  ( 0.4459840762069803843, 0.000000000000000000, 0.3109174890455852491 ) ) ;
#3369 = CARTESIAN_POINT ( 'NONE',  ( 0.4100644207721164114, 0.000000000000000000, -0.8766213757445209254 ) ) ;
#3370 = DIRECTION ( 'NONE',  ( -1.000000000000000000, 0.000000000000000000, 0.000000000000000000 ) ) ;
#3371 = CARTESIAN_POINT ( 'NONE',  ( 0.3772029046219545489, 0.000000000000000000, -0.9800462846333741762 ) ) ;
#3372 = EDGE_CURVE ( 'NONE', #3321, #2333, #290, .T. ) ;
#3373 = DIRECTION ( 'NONE',  ( -0.000000000000000000, 1.000000000000000000, -0.000000000000000000 ) ) ;
#3374 = CARTESIAN_POINT ( 'NONE',  ( 1.175402009235677170, 0.4000000000000000222, -0.03842915857199984131 ) ) ;
#3375 = ORIENTED_EDGE ( 'NONE', *, *, #2793, .F. ) ;
#3376 = B_SPLINE_CURVE_WITH_KNOTS ( 'NONE', 3,
 ( #2430, #3002, #3278, #1634, #1445, #1689, #2447, #3226, #129, #2692, #857 ),
 .UNSPECIFIED., .F., .F.,
 ( 4, 1, 1, 1, 1, 1, 1, 1, 4 ),
 ( 0.000000000000000000, 0.09913581625842535217, 0.1859609924318360030, 0.2643303161733661089, 0.3547825710354106099, 0.4667084306599094123, 0.6038496949404864589, 0.7809922059112461845, 0.9999999999999998890 ),
 .UNSPECIFIED. ) ;
#3377 = CARTESIAN_POINT ( 'NONE',  ( -1.316786006472197901, -5.421010862427522170E-17, 1.401309237616946923 ) ) ;
#3378 = CARTESIAN_POINT ( 'NONE',  ( -1.387466809565713888, 0.4000000000000000222, -1.860963292561365057 ) ) ;
#3379 = ORIENTED_EDGE ( 'NONE', *, *, #2352, .T. ) ;
#3380 = CARTESIAN_POINT ( 'NONE',  ( -0.5619799345926519418, 0.000000000000000000, 0.5599085988562085836 ) ) ;
#3381 = CARTESIAN_POINT ( 'NONE',  ( 1.175402009235677170, 0.000000000000000000, -0.03842915857199984131 ) ) ;
#3382 = FACE_OUTER_BOUND ( 'NONE', #1869, .T. ) ;
#3383 = CARTESIAN_POINT ( 'NONE',  ( 0.000000000000000000, 20.50000000000001066, 0.000000000000000000 ) ) ;
#3384 = CARTESIAN_POINT ( 'NONE',  ( 1.235884358546943007, 0.000000000000000000, 1.153465286586176530 ) ) ;
#3385 = CARTESIAN_POINT ( 'NONE',  ( 0.4151381368705048258, 0.4000000000000000222, -0.7203440373491074578 ) ) ;
#3386 = CARTESIAN_POINT ( 'NONE',  ( -1.178524976958727599, 0.000000000000000000, 1.421307961209435478 ) ) ;
#3387 = CARTESIAN_POINT ( 'NONE',  ( -1.490800343005540984, 0.4000000000000000222, -1.211740708135090605 ) ) ;
#3388 = CARTESIAN_POINT ( 'NONE',  ( 0.2633878426212414303, 0.4000000000000000222, -1.151120844791775122 ) ) ;
#3389 = CARTESIAN_POINT ( 'NONE',  ( 0.7164563118296204403, 0.4000000000000000222, -1.868431480811654888 ) ) ;
#3390 = ORIENTED_EDGE ( 'NONE', *, *, #893, .T. ) ;
#3391 = ADVANCED_FACE ( 'NONE', ( #1341 ), #174, .T. ) ;
#3392 = DIRECTION ( 'NONE',  ( -0.000000000000000000, -1.000000000000000000, 0.000000000000000000 ) ) ;
#3393 = CARTESIAN_POINT ( 'NONE',  ( -1.114233156060972618, 0.000000000000000000, 0.08533686398472728474 ) ) ;
#3394 = ORIENTED_EDGE ( 'NONE', *, *, #2499, .F. ) ;
#3395 = CARTESIAN_POINT ( 'NONE',  ( -0.3189886105605977962, 0.4000000000000000222, 1.711867468341502496 ) ) ;
#3396 = DIRECTION ( 'NONE',  ( 0.000000000000000000, 0.000000000000000000, -1.000000000000000000 ) ) ;
#3397 = CARTESIAN_POINT ( 'NONE',  ( 0.1187804438209357771, 0.4000000000000000222, 0.7723295239393488387 ) ) ;
#3398 = CARTESIAN_POINT ( 'NONE',  ( -1.119960011999591387, 0.4000000000000000222, 0.2479197383706082947 ) ) ;
#3399 = STYLED_ITEM ( 'NONE', ( #681 ), #2910 ) ;
#3400 = ORIENTED_EDGE ( 'NONE', *, *, #1489, .T. ) ;
#3401 = CARTESIAN_POINT ( 'NONE',  ( 1.246588228140680599, 0.4000000000000000222, 1.246626792083971313 ) ) ;
#3402 = CARTESIAN_POINT ( 'NONE',  ( 0.3561882628201473722, 0.4000000000000000222, -0.4706272906506272502 ) ) ;
#3403 = CARTESIAN_POINT ( 'NONE',  ( -0.2953951259468285961, 0.4000000000000000222, 2.411248792183492196 ) ) ;
#3404 = VECTOR ( 'NONE', #2275, 1000.000000000000000 ) ;
#3405 = CARTESIAN_POINT ( 'NONE',  ( 0.000000000000000000, 0.9999999999999974465, 0.000000000000000000 ) ) ;
#3406 = CARTESIAN_POINT ( 'NONE',  ( 0.1726652351953421871, 0.4000000000000000222, -0.2605553143192271826 ) ) ;
#3407 = CARTESIAN_POINT ( 'NONE',  ( 0.4459840762069803843, 0.4000000000000000222, 0.3009178460813030642 ) ) ;
#3408 = ORIENTED_EDGE ( 'NONE', *, *, #24, .T. ) ;
#3409 = CARTESIAN_POINT ( 'NONE',  ( -1.292390902988446388, -5.421010862427522170E-17, 1.393873349837385200 ) ) ;
#3410 = CARTESIAN_POINT ( 'NONE',  ( -1.402776497343223294, -0.000000000000000000, -1.104725389433663274 ) ) ;
#3411 = EDGE_CURVE ( 'NONE', #134, #1438, #2127, .T. ) ;
#3412 = EDGE_CURVE ( 'NONE', #2665, #1542, #2292, .T. ) ;
#3413 = CARTESIAN_POINT ( 'NONE',  ( 0.9885921632248367841, 0.4000000000000000222, 2.061674135356157844 ) ) ;
#3414 = CARTESIAN_POINT ( 'NONE',  ( -1.267954727870965748, 0.4000000000000000222, 1.391878893484476576 ) ) ;
#3415 = FACE_OUTER_BOUND ( 'NONE', #2801, .T. ) ;
#3416 = ORIENTED_EDGE ( 'NONE', *, *, #850, .T. ) ;
#3417 = CARTESIAN_POINT ( 'NONE',  ( 1.316930329703709601, 0.000000000000000000, -1.290456490963138192 ) ) ;
#3418 = DIRECTION ( 'NONE',  ( 1.000000000000000000, 0.000000000000000000, 0.000000000000000000 ) ) ;
#3419 = CARTESIAN_POINT ( 'NONE',  ( 0.000000000000000000, 1.999999999999998224, 0.000000000000000000 ) ) ;
#3420 = CARTESIAN_POINT ( 'NONE',  ( 0.4100644207721164114, 0.4000000000000000222, -0.8766213757445209254 ) ) ;
#3421 = CARTESIAN_POINT ( 'NONE',  ( 0.6650495236263295196, 0.4000000000000000222, 0.2593227744884216146 ) ) ;
#3422 = VERTEX_POINT ( 'NONE', #3004 ) ;
#3423 = AXIS2_PLACEMENT_3D ( 'NONE', #649, #2753, #2005 ) ;
#3424 = CARTESIAN_POINT ( 'NONE',  ( 0.8200312696362872522, 0.000000000000000000, 2.199307384119864928 ) ) ;
#3425 = CARTESIAN_POINT ( 'NONE',  ( -0.2579907884784772287, 0.4000000000000000222, -2.063997714971405273 ) ) ;
#3426 = ORIENTED_EDGE ( 'NONE', *, *, #3284, .T. ) ;
#3427 = ADVANCED_FACE ( 'NONE', ( #147 ), #2498, .F. ) ;
ENDSEC;
END-ISO-10303-21;
